{
  "fio version" : "fio-3.39-26-ga72fe",
  "timestamp" : 1750863623,
  "timestamp_ms" : 1750863623073,
  "time" : "Wed Jun 25 15:00:23 2025",
  "global options" : {
    "ioengine" : "rbd",
    "bs" : "4k",
    "rw" : "randwrite",
    "direct" : "1",
    "runtime" : "5m",
    "time_based" : "",
    "group_reporting" : "",
    "ramp_time" : "30s",
    "thread" : "1",
    "iodepth" : "24",
    "clientname" : "admin",
    "pool" : "rbd"
  },
  "jobs" : [
    {
      "jobname" : "fio_test_0",
      "groupid" : 0,
      "job_start" : 1750863322803,
      "error" : 110,
      "eta" : 0,
      "elapsed" : 331,
      "job options" : {
        "max_latency" : "1s",
        "numjobs" : "1",
        "rbdname" : "fio_test_31"
      },
      "read" : {
        "io_bytes" : 0,
        "io_kbytes" : 0,
        "bw_bytes" : 0,
        "bw" : 0,
        "iops" : 0.000000,
        "runtime" : 0,
        "total_ios" : 0,
        "short_ios" : 0,
        "drop_ios" : 0,
        "slat_ns" : {
          "min" : 0,
          "max" : 0,
          "mean" : 0.000000,
          "stddev" : 0.000000,
          "N" : 0
        },
        "clat_ns" : {
          "min" : 0,
          "max" : 0,
          "mean" : 0.000000,
          "stddev" : 0.000000,
          "N" : 0
        },
        "lat_ns" : {
          "min" : 0,
          "max" : 0,
          "mean" : 0.000000,
          "stddev" : 0.000000,
          "N" : 0
        },
        "bw_min" : 0,
        "bw_max" : 0,
        "bw_agg" : 0.000000,
        "bw_mean" : 0.000000,
        "bw_dev" : 0.000000,
        "bw_samples" : 0,
        "iops_min" : 0,
        "iops_max" : 0,
        "iops_mean" : 0.000000,
        "iops_stddev" : 0.000000,
        "iops_samples" : 0
      },
      "write" : {
        "io_bytes" : 21660577792,
        "io_kbytes" : 21152908,
        "bw_bytes" : 72198075,
        "bw" : 70505,
        "iops" : 17624.030052,
        "runtime" : 300016,
        "total_ios" : 5287491,
        "short_ios" : 0,
        "drop_ios" : 0,
        "slat_ns" : {
          "min" : 921,
          "max" : 440583,
          "mean" : 4692.928294,
          "stddev" : 2875.367381,
          "N" : 5287491
        },
        "clat_ns" : {
          "min" : 262687,
          "max" : 1671279244,
          "mean" : 4187616.552718,
          "stddev" : 10691889.386534,
          "N" : 5288227,
          "percentile" : {
            "1.000000" : 444416,
            "5.000000" : 700416,
            "10.000000" : 970752,
            "20.000000" : 1449984,
            "30.000000" : 1892352,
            "40.000000" : 2342912,
            "50.000000" : 2867200,
            "60.000000" : 3489792,
            "70.000000" : 4423680,
            "80.000000" : 5668864,
            "90.000000" : 8290304,
            "95.000000" : 11337728,
            "99.000000" : 20316160,
            "99.500000" : 25296896,
            "99.900000" : 49020928,
            "99.950000" : 86507520,
            "99.990000" : 476053504
          }
        },
        "lat_ns" : {
          "min" : 264911,
          "max" : 1671282672,
          "mean" : 4192309.750905,
          "stddev" : 10691917.682427,
          "N" : 5288227
        },
        "bw_min" : 45219,
        "bw_max" : 114323,
        "bw_agg" : 100.000000,
        "bw_mean" : 92425.561667,
        "bw_dev" : 2341.609419,
        "bw_samples" : 1819,
        "iops_min" : 11301,
        "iops_max" : 28577,
        "iops_mean" : 23102.366667,
        "iops_stddev" : 585.406280,
        "iops_samples" : 1819
      },
      "trim" : {
        "io_bytes" : 0,
        "io_kbytes" : 0,
        "bw_bytes" : 0,
        "bw" : 0,
        "iops" : 0.000000,
        "runtime" : 0,
        "total_ios" : 0,
        "short_ios" : 0,
        "drop_ios" : 0,
        "slat_ns" : {
          "min" : 0,
          "max" : 0,
          "mean" : 0.000000,
          "stddev" : 0.000000,
          "N" : 0
        },
        "clat_ns" : {
          "min" : 0,
          "max" : 0,
          "mean" : 0.000000,
          "stddev" : 0.000000,
          "N" : 0
        },
        "lat_ns" : {
          "min" : 0,
          "max" : 0,
          "mean" : 0.000000,
          "stddev" : 0.000000,
          "N" : 0
        },
        "bw_min" : 0,
        "bw_max" : 0,
        "bw_agg" : 0.000000,
        "bw_mean" : 0.000000,
        "bw_dev" : 0.000000,
        "bw_samples" : 0,
        "iops_min" : 0,
        "iops_max" : 0,
        "iops_mean" : 0.000000,
        "iops_stddev" : 0.000000,
        "iops_samples" : 0
      },
      "sync" : {
        "total_ios" : 0,
        "lat_ns" : {
          "min" : 0,
          "max" : 0,
          "mean" : 0.000000,
          "stddev" : 0.000000,
          "N" : 0
        }
      },
      "job_runtime" : 913985,
      "usr_cpu" : 3.622160,
      "sys_cpu" : 2.511201,
      "ctx" : 2827956,
      "majf" : 0,
      "minf" : 934,
      "iodepth_level" : {
        "1" : 0.000000,
        "2" : 0.000000,
        "4" : 0.000000,
        "8" : 0.000000,
        "16" : 100.000000,
        "32" : 0.000000,
        ">=64" : 0.000000
      },
      "iodepth_submit" : {
        "0" : 0.000000,
        "4" : 100.000000,
        "8" : 0.000000,
        "16" : 0.000000,
        "32" : 0.000000,
        "64" : 0.000000,
        ">=64" : 0.000000
      },
      "iodepth_complete" : {
        "0" : 0.100000,
        "4" : 99.999423,
        "8" : 0.000000,
        "16" : 0.000000,
        "32" : 0.100000,
        "64" : 0.000000,
        ">=64" : 0.000000
      },
      "latency_ns" : {
        "2" : 0.000000,
        "4" : 0.000000,
        "10" : 0.000000,
        "20" : 0.000000,
        "50" : 0.000000,
        "100" : 0.000000,
        "250" : 0.000000,
        "500" : 0.000000,
        "750" : 0.000000,
        "1000" : 0.000000
      },
      "latency_us" : {
        "2" : 0.000000,
        "4" : 0.000000,
        "10" : 0.000000,
        "20" : 0.000000,
        "50" : 0.000000,
        "100" : 0.000000,
        "250" : 0.000000,
        "500" : 1.932656,
        "750" : 3.889539,
        "1000" : 4.789417
      },
      "latency_ms" : {
        "2" : 22.296341,
        "4" : 33.464454,
        "10" : 27.031308,
        "20" : 5.575310,
        "50" : 0.939028,
        "100" : 0.052974,
        "250" : 0.026364,
        "500" : 0.010000,
        "750" : 0.010000,
        "1000" : 0.010000,
        "2000" : 0.010000,
        ">=2000" : 0.000000
      },
      "latency_depth" : 24,
      "latency_target" : 0,
      "latency_percentile" : 100.000000,
      "latency_window" : 0
    }
  ],
  "disk_util" : [
    {
      "name" : "sda",
      "read_ios" : 0,
      "write_ios" : 6913,
      "read_sectors" : 0,
      "write_sectors" : 189280,
      "read_merges" : 0,
      "write_merges" : 11709,
      "read_ticks" : 0,
      "write_ticks" : 876,
      "in_queue" : 962,
      "util" : 0.146687
    }
  ]
}
