{
  "fio version" : "fio-3.39-26-ga72fe",
  "timestamp" : 1750865706,
  "timestamp_ms" : 1750865706244,
  "time" : "Wed Jun 25 15:35:06 2025",
  "global options" : {
    "ioengine" : "rbd",
    "bs" : "4k",
    "rw" : "randwrite",
    "direct" : "1",
    "runtime" : "5m",
    "time_based" : "",
    "group_reporting" : "",
    "ramp_time" : "30s",
    "thread" : "1",
    "iodepth" : "64",
    "clientname" : "admin",
    "pool" : "rbd"
  },
  "jobs" : [
    {
      "jobname" : "fio_test_0",
      "groupid" : 0,
      "job_start" : 1750865705484,
      "error" : 110,
      "eta" : 0,
      "elapsed" : 31,
      "job options" : {
        "max_latency" : "1s",
        "numjobs" : "1",
        "rbdname" : "fio_test_31"
      },
      "read" : {
        "io_bytes" : 0,
        "io_kbytes" : 0,
        "bw_bytes" : 0,
        "bw" : 0,
        "iops" : 0.000000,
        "runtime" : 0,
        "total_ios" : 0,
        "short_ios" : 0,
        "drop_ios" : 0,
        "slat_ns" : {
          "min" : 0,
          "max" : 0,
          "mean" : 0.000000,
          "stddev" : 0.000000,
          "N" : 0
        },
        "clat_ns" : {
          "min" : 0,
          "max" : 0,
          "mean" : 0.000000,
          "stddev" : 0.000000,
          "N" : 0
        },
        "lat_ns" : {
          "min" : 0,
          "max" : 0,
          "mean" : 0.000000,
          "stddev" : 0.000000,
          "N" : 0
        },
        "bw_min" : 0,
        "bw_max" : 0,
        "bw_agg" : 0.000000,
        "bw_mean" : 0.000000,
        "bw_dev" : 0.000000,
        "bw_samples" : 0,
        "iops_min" : 0,
        "iops_max" : 0,
        "iops_mean" : 0.000000,
        "iops_stddev" : 0.000000,
        "iops_samples" : 0
      },
      "write" : {
        "io_bytes" : 13254656,
        "io_kbytes" : 12944,
        "bw_bytes" : 26777082,
        "bw" : 26149,
        "iops" : 2464.646465,
        "runtime" : 495,
        "total_ios" : 1220,
        "short_ios" : 0,
        "drop_ios" : 0,
        "slat_ns" : {
          "min" : 1292,
          "max" : 31167,
          "mean" : 6918.820492,
          "stddev" : 4611.775377,
          "N" : 1220
        },
        "clat_ns" : {
          "min" : 321380,
          "max" : 3218443285,
          "mean" : 848518849.315513,
          "stddev" : 857302123.923540,
          "N" : 3236,
          "percentile" : {
            "1.000000" : 403456,
            "5.000000" : 610304,
            "10.000000" : 1011712,
            "20.000000" : 3391488,
            "30.000000" : 15794176,
            "40.000000" : 446693376,
            "50.000000" : 599785472,
            "60.000000" : 910163968,
            "70.000000" : 1249902592,
            "80.000000" : 1686110208,
            "90.000000" : 2164260864,
            "95.000000" : 2499805184,
            "99.000000" : 2969567232,
            "99.500000" : 3070230528,
            "99.900000" : 3170893824,
            "99.950000" : 3204448256,
            "99.990000" : 3204448256
          }
        },
        "lat_ns" : {
          "min" : 325032,
          "max" : 3218446657,
          "mean" : 848525826.288628,
          "stddev" : 857302144.968620,
          "N" : 3236
        },
        "bw_min" : 4997,
        "bw_max" : 4997,
        "bw_agg" : 19.109356,
        "bw_mean" : 4997.000000,
        "bw_dev" : 0.000000,
        "bw_samples" : 4,
        "iops_min" : 1249,
        "iops_max" : 1249,
        "iops_mean" : 1249.000000,
        "iops_stddev" : 0.000000,
        "iops_samples" : 4
      },
      "trim" : {
        "io_bytes" : 0,
        "io_kbytes" : 0,
        "bw_bytes" : 0,
        "bw" : 0,
        "iops" : 0.000000,
        "runtime" : 0,
        "total_ios" : 0,
        "short_ios" : 0,
        "drop_ios" : 0,
        "slat_ns" : {
          "min" : 0,
          "max" : 0,
          "mean" : 0.000000,
          "stddev" : 0.000000,
          "N" : 0
        },
        "clat_ns" : {
          "min" : 0,
          "max" : 0,
          "mean" : 0.000000,
          "stddev" : 0.000000,
          "N" : 0
        },
        "lat_ns" : {
          "min" : 0,
          "max" : 0,
          "mean" : 0.000000,
          "stddev" : 0.000000,
          "N" : 0
        },
        "bw_min" : 0,
        "bw_max" : 0,
        "bw_agg" : 0.000000,
        "bw_mean" : 0.000000,
        "bw_dev" : 0.000000,
        "bw_samples" : 0,
        "iops_min" : 0,
        "iops_max" : 0,
        "iops_mean" : 0.000000,
        "iops_stddev" : 0.000000,
        "iops_samples" : 0
      },
      "sync" : {
        "total_ios" : 0,
        "lat_ns" : {
          "min" : 0,
          "max" : 0,
          "mean" : 0.000000,
          "stddev" : 0.000000,
          "N" : 0
        }
      },
      "job_runtime" : 15423,
      "usr_cpu" : 0.097257,
      "sys_cpu" : 0.064838,
      "ctx" : 3070,
      "majf" : 0,
      "minf" : 33,
      "iodepth_level" : {
        "1" : 0.000000,
        "2" : 0.000000,
        "4" : 0.000000,
        "8" : 0.000000,
        "16" : 0.000000,
        "32" : 0.000000,
        ">=64" : 100.000000
      },
      "iodepth_submit" : {
        "0" : 0.000000,
        "4" : 100.000000,
        "8" : 0.000000,
        "16" : 0.000000,
        "32" : 0.000000,
        "64" : 0.000000,
        ">=64" : 0.000000
      },
      "iodepth_complete" : {
        "0" : 1.277955,
        "4" : 97.444089,
        "8" : 0.000000,
        "16" : 0.000000,
        "32" : 0.000000,
        "64" : 1.277955,
        ">=64" : 0.000000
      },
      "latency_ns" : {
        "2" : 0.000000,
        "4" : 0.000000,
        "10" : 0.000000,
        "20" : 0.000000,
        "50" : 0.000000,
        "100" : 0.000000,
        "250" : 0.000000,
        "500" : 0.000000,
        "750" : 0.000000,
        "1000" : 0.000000
      },
      "latency_us" : {
        "2" : 0.000000,
        "4" : 0.000000,
        "10" : 0.000000,
        "20" : 0.000000,
        "50" : 0.000000,
        "100" : 0.000000,
        "250" : 0.000000,
        "500" : 9.426230,
        "750" : 8.934426,
        "1000" : 7.950820
      },
      "latency_ms" : {
        "2" : 16.885246,
        "4" : 13.196721,
        "10" : 16.803279,
        "20" : 9.098361,
        "50" : 5.491803,
        "100" : 5.737705,
        "250" : 2.622951,
        "500" : 24.016393,
        "750" : 24.426230,
        "1000" : 22.131148,
        "2000" : 63.114754,
        ">=2000" : 35.409836
      },
      "latency_depth" : 64,
      "latency_target" : 0,
      "latency_percentile" : 100.000000,
      "latency_window" : 0
    }
  ],
  "disk_util" : [
    {
      "name" : "sda",
      "read_ios" : 0,
      "write_ios" : 731,
      "read_sectors" : 0,
      "write_sectors" : 16480,
      "read_merges" : 0,
      "write_merges" : 1126,
      "read_ticks" : 0,
      "write_ticks" : 121,
      "in_queue" : 129,
      "util" : 0.174606
    }
  ]
}
