{
  "fio version" : "fio-3.39-26-ga72fe",
  "timestamp" : 1750861471,
  "timestamp_ms" : 1750861471510,
  "time" : "Wed Jun 25 14:24:31 2025",
  "global options" : {
    "ioengine" : "rbd",
    "bs" : "4k",
    "rw" : "randwrite",
    "direct" : "1",
    "runtime" : "5m",
    "time_based" : "",
    "group_reporting" : "",
    "ramp_time" : "30s",
    "thread" : "1",
    "iodepth" : "4",
    "clientname" : "admin",
    "pool" : "rbd"
  },
  "jobs" : [
    {
      "jobname" : "fio_test_0",
      "groupid" : 0,
      "job_start" : 1750861171372,
      "error" : 0,
      "eta" : 0,
      "elapsed" : 331,
      "job options" : {
        "max_latency" : "1s",
        "numjobs" : "1",
        "rbdname" : "fio_test_31"
      },
      "read" : {
        "io_bytes" : 0,
        "io_kbytes" : 0,
        "bw_bytes" : 0,
        "bw" : 0,
        "iops" : 0.000000,
        "runtime" : 0,
        "total_ios" : 0,
        "short_ios" : 0,
        "drop_ios" : 0,
        "slat_ns" : {
          "min" : 0,
          "max" : 0,
          "mean" : 0.000000,
          "stddev" : 0.000000,
          "N" : 0
        },
        "clat_ns" : {
          "min" : 0,
          "max" : 0,
          "mean" : 0.000000,
          "stddev" : 0.000000,
          "N" : 0
        },
        "lat_ns" : {
          "min" : 0,
          "max" : 0,
          "mean" : 0.000000,
          "stddev" : 0.000000,
          "N" : 0
        },
        "bw_min" : 0,
        "bw_max" : 0,
        "bw_agg" : 0.000000,
        "bw_mean" : 0.000000,
        "bw_dev" : 0.000000,
        "bw_samples" : 0,
        "iops_min" : 0,
        "iops_max" : 0,
        "iops_mean" : 0.000000,
        "iops_stddev" : 0.000000,
        "iops_samples" : 0
      },
      "write" : {
        "io_bytes" : 22607613952,
        "io_kbytes" : 22077748,
        "bw_bytes" : 75354694,
        "bw" : 73588,
        "iops" : 18396.822169,
        "runtime" : 300016,
        "total_ios" : 5519341,
        "short_ios" : 0,
        "drop_ios" : 0,
        "slat_ns" : {
          "min" : 991,
          "max" : 591717,
          "mean" : 6828.672592,
          "stddev" : 4652.849743,
          "N" : 5519341
        },
        "clat_ns" : {
          "min" : 277884,
          "max" : 162861706,
          "mean" : 6948717.890037,
          "stddev" : 9042859.009088,
          "N" : 5519437,
          "percentile" : {
            "1.000000" : 468992,
            "5.000000" : 815104,
            "10.000000" : 1220608,
            "20.000000" : 1957888,
            "30.000000" : 2605056,
            "40.000000" : 3424256,
            "50.000000" : 4227072,
            "60.000000" : 5341184,
            "70.000000" : 6914048,
            "80.000000" : 9371648,
            "90.000000" : 14614528,
            "95.000000" : 21626880,
            "99.000000" : 49020928,
            "99.500000" : 63176704,
            "99.900000" : 85458944,
            "99.950000" : 93847552,
            "99.990000" : 109576192
          }
        },
        "lat_ns" : {
          "min" : 280028,
          "max" : 162870404,
          "mean" : 6955546.543328,
          "stddev" : 9042894.258880,
          "N" : 5519437
        },
        "bw_min" : 48728,
        "bw_max" : 93183,
        "bw_agg" : 100.000000,
        "bw_mean" : 73623.486419,
        "bw_dev" : 216.807558,
        "bw_samples" : 19177,
        "iops_min" : 12180,
        "iops_max" : 23295,
        "iops_mean" : 18405.633676,
        "iops_stddev" : 54.206897,
        "iops_samples" : 19177
      },
      "trim" : {
        "io_bytes" : 0,
        "io_kbytes" : 0,
        "bw_bytes" : 0,
        "bw" : 0,
        "iops" : 0.000000,
        "runtime" : 0,
        "total_ios" : 0,
        "short_ios" : 0,
        "drop_ios" : 0,
        "slat_ns" : {
          "min" : 0,
          "max" : 0,
          "mean" : 0.000000,
          "stddev" : 0.000000,
          "N" : 0
        },
        "clat_ns" : {
          "min" : 0,
          "max" : 0,
          "mean" : 0.000000,
          "stddev" : 0.000000,
          "N" : 0
        },
        "lat_ns" : {
          "min" : 0,
          "max" : 0,
          "mean" : 0.000000,
          "stddev" : 0.000000,
          "N" : 0
        },
        "bw_min" : 0,
        "bw_max" : 0,
        "bw_agg" : 0.000000,
        "bw_mean" : 0.000000,
        "bw_dev" : 0.000000,
        "bw_samples" : 0,
        "iops_min" : 0,
        "iops_max" : 0,
        "iops_mean" : 0.000000,
        "iops_stddev" : 0.000000,
        "iops_samples" : 0
      },
      "sync" : {
        "total_ios" : 0,
        "lat_ns" : {
          "min" : 0,
          "max" : 0,
          "mean" : 0.000000,
          "stddev" : 0.000000,
          "N" : 0
        }
      },
      "job_runtime" : 9600232,
      "usr_cpu" : 0.592350,
      "sys_cpu" : 0.400657,
      "ctx" : 5067504,
      "majf" : 0,
      "minf" : 1303,
      "iodepth_level" : {
        "1" : 0.000000,
        "2" : 0.000000,
        "4" : 100.000000,
        "8" : 0.000000,
        "16" : 0.000000,
        "32" : 0.000000,
        ">=64" : 0.000000
      },
      "iodepth_submit" : {
        "0" : 0.000000,
        "4" : 100.000000,
        "8" : 0.000000,
        "16" : 0.000000,
        "32" : 0.000000,
        "64" : 0.000000,
        ">=64" : 0.000000
      },
      "iodepth_complete" : {
        "0" : 0.000000,
        "4" : 100.000000,
        "8" : 0.000000,
        "16" : 0.000000,
        "32" : 0.000000,
        "64" : 0.000000,
        ">=64" : 0.000000
      },
      "latency_ns" : {
        "2" : 0.000000,
        "4" : 0.000000,
        "10" : 0.000000,
        "20" : 0.000000,
        "50" : 0.000000,
        "100" : 0.000000,
        "250" : 0.000000,
        "500" : 0.000000,
        "750" : 0.000000,
        "1000" : 0.000000
      },
      "latency_us" : {
        "2" : 0.000000,
        "4" : 0.000000,
        "10" : 0.000000,
        "20" : 0.000000,
        "50" : 0.000000,
        "100" : 0.000000,
        "250" : 0.000000,
        "500" : 1.371994,
        "750" : 2.819177,
        "1000" : 3.151336
      },
      "latency_ms" : {
        "2" : 13.506739,
        "4" : 26.670920,
        "10" : 34.345350,
        "20" : 12.314804,
        "50" : 4.861577,
        "100" : 0.931887,
        "250" : 0.027956,
        "500" : 0.000000,
        "750" : 0.000000,
        "1000" : 0.000000,
        "2000" : 0.000000,
        ">=2000" : 0.000000
      },
      "latency_depth" : 4,
      "latency_target" : 0,
      "latency_percentile" : 100.000000,
      "latency_window" : 0
    }
  ],
  "disk_util" : [
    {
      "name" : "sda",
      "read_ios" : 0,
      "write_ios" : 3947,
      "read_sectors" : 0,
      "write_sectors" : 107024,
      "read_merges" : 0,
      "write_merges" : 5753,
      "read_ticks" : 0,
      "write_ticks" : 703,
      "in_queue" : 741,
      "util" : 0.091525
    }
  ]
}
