{
  "fio version" : "fio-3.39-26-ga72fe",
  "timestamp" : 1750861139,
  "timestamp_ms" : 1750861139223,
  "time" : "Wed Jun 25 14:18:59 2025",
  "global options" : {
    "ioengine" : "rbd",
    "bs" : "4k",
    "rw" : "randwrite",
    "direct" : "1",
    "runtime" : "5m",
    "time_based" : "",
    "group_reporting" : "",
    "ramp_time" : "30s",
    "thread" : "1",
    "iodepth" : "2",
    "clientname" : "admin",
    "pool" : "rbd"
  },
  "jobs" : [
    {
      "jobname" : "fio_test_0",
      "groupid" : 0,
      "job_start" : 1750860839100,
      "error" : 0,
      "eta" : 0,
      "elapsed" : 331,
      "job options" : {
        "max_latency" : "1s",
        "numjobs" : "1",
        "rbdname" : "fio_test_31"
      },
      "read" : {
        "io_bytes" : 0,
        "io_kbytes" : 0,
        "bw_bytes" : 0,
        "bw" : 0,
        "iops" : 0.000000,
        "runtime" : 0,
        "total_ios" : 0,
        "short_ios" : 0,
        "drop_ios" : 0,
        "slat_ns" : {
          "min" : 0,
          "max" : 0,
          "mean" : 0.000000,
          "stddev" : 0.000000,
          "N" : 0
        },
        "clat_ns" : {
          "min" : 0,
          "max" : 0,
          "mean" : 0.000000,
          "stddev" : 0.000000,
          "N" : 0
        },
        "lat_ns" : {
          "min" : 0,
          "max" : 0,
          "mean" : 0.000000,
          "stddev" : 0.000000,
          "N" : 0
        },
        "bw_min" : 0,
        "bw_max" : 0,
        "bw_agg" : 0.000000,
        "bw_mean" : 0.000000,
        "bw_dev" : 0.000000,
        "bw_samples" : 0,
        "iops_min" : 0,
        "iops_max" : 0,
        "iops_mean" : 0.000000,
        "iops_stddev" : 0.000000,
        "iops_samples" : 0
      },
      "write" : {
        "io_bytes" : 20798173184,
        "io_kbytes" : 20310716,
        "bw_bytes" : 69325164,
        "bw" : 67700,
        "iops" : 16924.982251,
        "runtime" : 300009,
        "total_ios" : 5077647,
        "short_ios" : 0,
        "drop_ios" : 0,
        "slat_ns" : {
          "min" : 944,
          "max" : 516978,
          "mean" : 7002.472414,
          "stddev" : 4726.783617,
          "N" : 5077647
        },
        "clat_ns" : {
          "min" : 200143,
          "max" : 104417335,
          "mean" : 3772249.024256,
          "stddev" : 4585609.132665,
          "N" : 5077679,
          "percentile" : {
            "1.000000" : 419840,
            "5.000000" : 593920,
            "10.000000" : 798720,
            "20.000000" : 1187840,
            "30.000000" : 1581056,
            "40.000000" : 2007040,
            "50.000000" : 2473984,
            "60.000000" : 3096576,
            "70.000000" : 3948544,
            "80.000000" : 5210112,
            "90.000000" : 7766016,
            "95.000000" : 10682368,
            "99.000000" : 21102592,
            "99.500000" : 30801920,
            "99.900000" : 53739520,
            "99.950000" : 60030976,
            "99.990000" : 71827456
          }
        },
        "lat_ns" : {
          "min" : 273997,
          "max" : 104426889,
          "mean" : 3779251.481704,
          "stddev" : 4585688.715068,
          "N" : 5077679
        },
        "bw_min" : 48787,
        "bw_max" : 84994,
        "bw_agg" : 100.000000,
        "bw_mean" : 67727.417426,
        "bw_dev" : 181.436332,
        "bw_samples" : 19180,
        "iops_min" : 12196,
        "iops_max" : 21248,
        "iops_mean" : 16931.409341,
        "iops_stddev" : 45.374978,
        "iops_samples" : 19180
      },
      "trim" : {
        "io_bytes" : 0,
        "io_kbytes" : 0,
        "bw_bytes" : 0,
        "bw" : 0,
        "iops" : 0.000000,
        "runtime" : 0,
        "total_ios" : 0,
        "short_ios" : 0,
        "drop_ios" : 0,
        "slat_ns" : {
          "min" : 0,
          "max" : 0,
          "mean" : 0.000000,
          "stddev" : 0.000000,
          "N" : 0
        },
        "clat_ns" : {
          "min" : 0,
          "max" : 0,
          "mean" : 0.000000,
          "stddev" : 0.000000,
          "N" : 0
        },
        "lat_ns" : {
          "min" : 0,
          "max" : 0,
          "mean" : 0.000000,
          "stddev" : 0.000000,
          "N" : 0
        },
        "bw_min" : 0,
        "bw_max" : 0,
        "bw_agg" : 0.000000,
        "bw_mean" : 0.000000,
        "bw_dev" : 0.000000,
        "bw_samples" : 0,
        "iops_min" : 0,
        "iops_max" : 0,
        "iops_mean" : 0.000000,
        "iops_stddev" : 0.000000,
        "iops_samples" : 0
      },
      "sync" : {
        "total_ios" : 0,
        "lat_ns" : {
          "min" : 0,
          "max" : 0,
          "mean" : 0.000000,
          "stddev" : 0.000000,
          "N" : 0
        }
      },
      "job_runtime" : 9600092,
      "usr_cpu" : 0.560755,
      "sys_cpu" : 0.387048,
      "ctx" : 4871658,
      "majf" : 0,
      "minf" : 854,
      "iodepth_level" : {
        "1" : 0.000000,
        "2" : 100.000000,
        "4" : 0.000000,
        "8" : 0.000000,
        "16" : 0.000000,
        "32" : 0.000000,
        ">=64" : 0.000000
      },
      "iodepth_submit" : {
        "0" : 0.000000,
        "4" : 100.000000,
        "8" : 0.000000,
        "16" : 0.000000,
        "32" : 0.000000,
        "64" : 0.000000,
        ">=64" : 0.000000
      },
      "iodepth_complete" : {
        "0" : 0.000000,
        "4" : 100.000000,
        "8" : 0.000000,
        "16" : 0.000000,
        "32" : 0.000000,
        "64" : 0.000000,
        ">=64" : 0.000000
      },
      "latency_ns" : {
        "2" : 0.000000,
        "4" : 0.000000,
        "10" : 0.000000,
        "20" : 0.000000,
        "50" : 0.000000,
        "100" : 0.000000,
        "250" : 0.000000,
        "500" : 0.000000,
        "750" : 0.000000,
        "1000" : 0.000000
      },
      "latency_us" : {
        "2" : 0.000000,
        "4" : 0.000000,
        "10" : 0.000000,
        "20" : 0.000000,
        "50" : 0.000000,
        "100" : 0.000000,
        "250" : 0.010000,
        "500" : 2.959402,
        "750" : 5.909017,
        "1000" : 6.522923
      },
      "latency_ms" : {
        "2" : 24.562046,
        "4" : 30.731183,
        "10" : 23.522254,
        "20" : 4.674862,
        "50" : 0.976614,
        "100" : 0.142251,
        "250" : 0.010000,
        "500" : 0.000000,
        "750" : 0.000000,
        "1000" : 0.000000,
        "2000" : 0.000000,
        ">=2000" : 0.000000
      },
      "latency_depth" : 2,
      "latency_target" : 0,
      "latency_percentile" : 100.000000,
      "latency_window" : 0
    }
  ],
  "disk_util" : [
    {
      "name" : "sda",
      "read_ios" : 0,
      "write_ios" : 3881,
      "read_sectors" : 0,
      "write_sectors" : 101272,
      "read_merges" : 0,
      "write_merges" : 5546,
      "read_ticks" : 0,
      "write_ticks" : 668,
      "in_queue" : 706,
      "util" : 0.091522
    }
  ]
}
