{
  "fio version" : "fio-3.39-26-ga72fe",
  "timestamp" : 1750860806,
  "timestamp_ms" : 1750860806938,
  "time" : "Wed Jun 25 14:13:26 2025",
  "global options" : {
    "ioengine" : "rbd",
    "bs" : "4k",
    "rw" : "randwrite",
    "direct" : "1",
    "runtime" : "5m",
    "time_based" : "",
    "group_reporting" : "",
    "ramp_time" : "30s",
    "thread" : "1",
    "iodepth" : "1",
    "clientname" : "admin",
    "pool" : "rbd"
  },
  "jobs" : [
    {
      "jobname" : "fio_test_0",
      "groupid" : 0,
      "job_start" : 1750860506808,
      "error" : 0,
      "eta" : 0,
      "elapsed" : 331,
      "job options" : {
        "max_latency" : "1s",
        "numjobs" : "1",
        "rbdname" : "fio_test_31"
      },
      "read" : {
        "io_bytes" : 0,
        "io_kbytes" : 0,
        "bw_bytes" : 0,
        "bw" : 0,
        "iops" : 0.000000,
        "runtime" : 0,
        "total_ios" : 0,
        "short_ios" : 0,
        "drop_ios" : 0,
        "slat_ns" : {
          "min" : 0,
          "max" : 0,
          "mean" : 0.000000,
          "stddev" : 0.000000,
          "N" : 0
        },
        "clat_ns" : {
          "min" : 0,
          "max" : 0,
          "mean" : 0.000000,
          "stddev" : 0.000000,
          "N" : 0
        },
        "lat_ns" : {
          "min" : 0,
          "max" : 0,
          "mean" : 0.000000,
          "stddev" : 0.000000,
          "N" : 0
        },
        "bw_min" : 0,
        "bw_max" : 0,
        "bw_agg" : 0.000000,
        "bw_mean" : 0.000000,
        "bw_dev" : 0.000000,
        "bw_samples" : 0,
        "iops_min" : 0,
        "iops_max" : 0,
        "iops_mean" : 0.000000,
        "iops_stddev" : 0.000000,
        "iops_samples" : 0
      },
      "write" : {
        "io_bytes" : 17434337280,
        "io_kbytes" : 17025720,
        "bw_bytes" : 58112133,
        "bw" : 56750,
        "iops" : 14187.529166,
        "runtime" : 300012,
        "total_ios" : 4256429,
        "short_ios" : 0,
        "drop_ios" : 0,
        "slat_ns" : {
          "min" : 1835,
          "max" : 997128,
          "mean" : 7531.522338,
          "stddev" : 5039.907162,
          "N" : 4256430
        },
        "clat_ns" : {
          "min" : 291661,
          "max" : 70629790,
          "mean" : 2245548.937137,
          "stddev" : 2207667.854331,
          "N" : 4256429,
          "percentile" : {
            "1.000000" : 423936,
            "5.000000" : 518144,
            "10.000000" : 643072,
            "20.000000" : 847872,
            "30.000000" : 1073152,
            "40.000000" : 1335296,
            "50.000000" : 1613824,
            "60.000000" : 1925120,
            "70.000000" : 2375680,
            "80.000000" : 3096576,
            "90.000000" : 4554752,
            "95.000000" : 6258688,
            "99.000000" : 10289152,
            "99.500000" : 12648448,
            "99.900000" : 22675456,
            "99.950000" : 28704768,
            "99.990000" : 40108032
          }
        },
        "lat_ns" : {
          "min" : 293914,
          "max" : 70634713,
          "mean" : 2253080.460132,
          "stddev" : 2207826.246420,
          "N" : 4256429
        },
        "bw_min" : 44016,
        "bw_max" : 69000,
        "bw_agg" : 100.000000,
        "bw_mean" : 56776.366814,
        "bw_dev" : 124.326797,
        "bw_samples" : 19177,
        "iops_min" : 11004,
        "iops_max" : 17250,
        "iops_mean" : 14192.727933,
        "iops_stddev" : 31.085663,
        "iops_samples" : 19177
      },
      "trim" : {
        "io_bytes" : 0,
        "io_kbytes" : 0,
        "bw_bytes" : 0,
        "bw" : 0,
        "iops" : 0.000000,
        "runtime" : 0,
        "total_ios" : 0,
        "short_ios" : 0,
        "drop_ios" : 0,
        "slat_ns" : {
          "min" : 0,
          "max" : 0,
          "mean" : 0.000000,
          "stddev" : 0.000000,
          "N" : 0
        },
        "clat_ns" : {
          "min" : 0,
          "max" : 0,
          "mean" : 0.000000,
          "stddev" : 0.000000,
          "N" : 0
        },
        "lat_ns" : {
          "min" : 0,
          "max" : 0,
          "mean" : 0.000000,
          "stddev" : 0.000000,
          "N" : 0
        },
        "bw_min" : 0,
        "bw_max" : 0,
        "bw_agg" : 0.000000,
        "bw_mean" : 0.000000,
        "bw_dev" : 0.000000,
        "bw_samples" : 0,
        "iops_min" : 0,
        "iops_max" : 0,
        "iops_mean" : 0.000000,
        "iops_stddev" : 0.000000,
        "iops_samples" : 0
      },
      "sync" : {
        "total_ios" : 0,
        "lat_ns" : {
          "min" : 0,
          "max" : 0,
          "mean" : 0.000000,
          "stddev" : 0.000000,
          "N" : 0
        }
      },
      "job_runtime" : 9600082,
      "usr_cpu" : 0.518516,
      "sys_cpu" : 0.356028,
      "ctx" : 4257512,
      "majf" : 0,
      "minf" : 2262,
      "iodepth_level" : {
        "1" : 100.000000,
        "2" : 0.000000,
        "4" : 0.000000,
        "8" : 0.000000,
        "16" : 0.000000,
        "32" : 0.000000,
        ">=64" : 0.000000
      },
      "iodepth_submit" : {
        "0" : 0.000000,
        "4" : 100.000000,
        "8" : 0.000000,
        "16" : 0.000000,
        "32" : 0.000000,
        "64" : 0.000000,
        ">=64" : 0.000000
      },
      "iodepth_complete" : {
        "0" : 0.000000,
        "4" : 100.000000,
        "8" : 0.000000,
        "16" : 0.000000,
        "32" : 0.000000,
        "64" : 0.000000,
        ">=64" : 0.000000
      },
      "latency_ns" : {
        "2" : 0.000000,
        "4" : 0.000000,
        "10" : 0.000000,
        "20" : 0.000000,
        "50" : 0.000000,
        "100" : 0.000000,
        "250" : 0.000000,
        "500" : 0.000000,
        "750" : 0.000000,
        "1000" : 0.000000
      },
      "latency_us" : {
        "2" : 0.000000,
        "4" : 0.000000,
        "10" : 0.000000,
        "20" : 0.000000,
        "50" : 0.000000,
        "100" : 0.000000,
        "250" : 0.000000,
        "500" : 4.193656,
        "750" : 11.042613,
        "1000" : 11.786523
      },
      "latency_ms" : {
        "2" : 34.854006,
        "4" : 25.207727,
        "10" : 11.801043,
        "20" : 0.978050,
        "50" : 0.134761,
        "100" : 0.010000,
        "250" : 0.000000,
        "500" : 0.000000,
        "750" : 0.000000,
        "1000" : 0.000000,
        "2000" : 0.000000,
        ">=2000" : 0.000000
      },
      "latency_depth" : 1,
      "latency_target" : 0,
      "latency_percentile" : 100.000000,
      "latency_window" : 0
    }
  ],
  "disk_util" : [
    {
      "name" : "sda",
      "read_ios" : 0,
      "write_ios" : 4064,
      "read_sectors" : 0,
      "write_sectors" : 109944,
      "read_merges" : 0,
      "write_merges" : 5903,
      "read_ticks" : 0,
      "write_ticks" : 702,
      "in_queue" : 741,
      "util" : 0.096675
    }
  ]
}
