[
  {
    "metrics": [
      {
        "reactor_utilization": {
          "shard": "0",
          "value": 91.605774079999989
        }
      },
      {
        "reactor_utilization": {
          "shard": "1",
          "value": 90.516960519999756
        }
      },
      {
        "reactor_utilization": {
          "shard": "2",
          "value": 89.477294159999943
        }
      },
      {
        "reactor_utilization": {
          "shard": "3",
          "value": 92.965517379999923
        }
      },
      {
        "reactor_utilization": {
          "shard": "4",
          "value": 88.004067159999849
        }
      },
      {
        "reactor_utilization": {
          "shard": "5",
          "value": 94.109715320000006
        }
      },
      {
        "reactor_utilization": {
          "shard": "6",
          "value": 92.747965419999929
        }
      },
      {
        "reactor_utilization": {
          "shard": "7",
          "value": 99.998802739999832
        }
      }
    ]
  },
  {
    "metrics": [
      {
        "reactor_utilization": {
          "shard": "0",
          "value": 91.125438259999996
        }
      },
      {
        "reactor_utilization": {
          "shard": "1",
          "value": 80.365194539999763
        }
      },
      {
        "reactor_utilization": {
          "shard": "2",
          "value": 78.327350299999949
        }
      },
      {
        "reactor_utilization": {
          "shard": "3",
          "value": 75.564645919999919
        }
      },
      {
        "reactor_utilization": {
          "shard": "4",
          "value": 91.597460519999856
        }
      },
      {
        "reactor_utilization": {
          "shard": "5",
          "value": 82.843866220000024
        }
      },
      {
        "reactor_utilization": {
          "shard": "6",
          "value": 78.824172379999922
        }
      },
      {
        "reactor_utilization": {
          "shard": "7",
          "value": 93.220650419999828
        }
      }
    ]
  },
  {
    "metrics": [
      {
        "reactor_utilization": {
          "shard": "0",
          "value": 92.869633899999997
        }
      },
      {
        "reactor_utilization": {
          "shard": "1",
          "value": 77.189758999999754
        }
      },
      {
        "reactor_utilization": {
          "shard": "2",
          "value": 73.744137239999958
        }
      },
      {
        "reactor_utilization": {
          "shard": "3",
          "value": 69.813959039999915
        }
      },
      {
        "reactor_utilization": {
          "shard": "4",
          "value": 95.785915779999854
        }
      },
      {
        "reactor_utilization": {
          "shard": "5",
          "value": 79.278345860000016
        }
      },
      {
        "reactor_utilization": {
          "shard": "6",
          "value": 78.110307059999911
        }
      },
      {
        "reactor_utilization": {
          "shard": "7",
          "value": 89.609934679999839
        }
      }
    ]
  },
  {
    "metrics": [
      {
        "reactor_utilization": {
          "shard": "0",
          "value": 79.065003939999997
        }
      },
      {
        "reactor_utilization": {
          "shard": "1",
          "value": 69.939795959999756
        }
      },
      {
        "reactor_utilization": {
          "shard": "2",
          "value": 65.678816099999949
        }
      },
      {
        "reactor_utilization": {
          "shard": "3",
          "value": 56.652271739999925
        }
      },
      {
        "reactor_utilization": {
          "shard": "4",
          "value": 78.112190439999864
        }
      },
      {
        "reactor_utilization": {
          "shard": "5",
          "value": 65.929717820000008
        }
      },
      {
        "reactor_utilization": {
          "shard": "6",
          "value": 61.804153019999916
        }
      },
      {
        "reactor_utilization": {
          "shard": "7",
          "value": 70.708979419999835
        }
      }
    ]
  },
  {
    "metrics": [
      {
        "reactor_utilization": {
          "shard": "0",
          "value": 79.868957500000008
        }
      },
      {
        "reactor_utilization": {
          "shard": "1",
          "value": 65.162738639999773
        }
      },
      {
        "reactor_utilization": {
          "shard": "2",
          "value": 60.521255139999944
        }
      },
      {
        "reactor_utilization": {
          "shard": "3",
          "value": 59.461907339999918
        }
      },
      {
        "reactor_utilization": {
          "shard": "4",
          "value": 83.192009999999854
        }
      },
      {
        "reactor_utilization": {
          "shard": "5",
          "value": 64.402802340000022
        }
      },
      {
        "reactor_utilization": {
          "shard": "6",
          "value": 70.033986219999917
        }
      },
      {
        "reactor_utilization": {
          "shard": "7",
          "value": 72.017800119999833
        }
      }
    ]
  },
  {
    "metrics": [
      {
        "reactor_utilization": {
          "shard": "0",
          "value": 74.452343680000013
        }
      },
      {
        "reactor_utilization": {
          "shard": "1",
          "value": 61.030199679999775
        }
      },
      {
        "reactor_utilization": {
          "shard": "2",
          "value": 57.250242859999936
        }
      },
      {
        "reactor_utilization": {
          "shard": "3",
          "value": 56.711218599999924
        }
      },
      {
        "reactor_utilization": {
          "shard": "4",
          "value": 77.932706159999853
        }
      },
      {
        "reactor_utilization": {
          "shard": "5",
          "value": 75.333521280000014
        }
      },
      {
        "reactor_utilization": {
          "shard": "6",
          "value": 67.659577719999902
        }
      },
      {
        "reactor_utilization": {
          "shard": "7",
          "value": 70.540521839999812
        }
      }
    ]
  },
  {
    "metrics": [
      {
        "reactor_utilization": {
          "shard": "0",
          "value": 88.148535920000015
        }
      },
      {
        "reactor_utilization": {
          "shard": "1",
          "value": 72.741426719999765
        }
      },
      {
        "reactor_utilization": {
          "shard": "2",
          "value": 69.333662779999941
        }
      },
      {
        "reactor_utilization": {
          "shard": "3",
          "value": 64.957359339999925
        }
      },
      {
        "reactor_utilization": {
          "shard": "4",
          "value": 88.559697619999852
        }
      },
      {
        "reactor_utilization": {
          "shard": "5",
          "value": 74.023447200000021
        }
      },
      {
        "reactor_utilization": {
          "shard": "6",
          "value": 73.06436173999991
        }
      },
      {
        "reactor_utilization": {
          "shard": "7",
          "value": 87.405440139999826
        }
      }
    ]
  },
  {
    "metrics": [
      {
        "reactor_utilization": {
          "shard": "0",
          "value": 87.799824900000019
        }
      },
      {
        "reactor_utilization": {
          "shard": "1",
          "value": 72.601072599999767
        }
      },
      {
        "reactor_utilization": {
          "shard": "2",
          "value": 68.865337679999939
        }
      },
      {
        "reactor_utilization": {
          "shard": "3",
          "value": 65.827014079999941
        }
      },
      {
        "reactor_utilization": {
          "shard": "4",
          "value": 89.824838059999863
        }
      },
      {
        "reactor_utilization": {
          "shard": "5",
          "value": 75.006591160000013
        }
      },
      {
        "reactor_utilization": {
          "shard": "6",
          "value": 74.26591777999991
        }
      },
      {
        "reactor_utilization": {
          "shard": "7",
          "value": 91.090525099999823
        }
      }
    ]
  },
  {
    "metrics": [
      {
        "reactor_utilization": {
          "shard": "0",
          "value": 92.35923720000001
        }
      },
      {
        "reactor_utilization": {
          "shard": "1",
          "value": 77.688584279999787
        }
      },
      {
        "reactor_utilization": {
          "shard": "2",
          "value": 73.226866299999941
        }
      },
      {
        "reactor_utilization": {
          "shard": "3",
          "value": 68.99528689999994
        }
      },
      {
        "reactor_utilization": {
          "shard": "4",
          "value": 94.868941759999856
        }
      },
      {
        "reactor_utilization": {
          "shard": "5",
          "value": 79.48432006000003
        }
      },
      {
        "reactor_utilization": {
          "shard": "6",
          "value": 78.299795659999916
        }
      },
      {
        "reactor_utilization": {
          "shard": "7",
          "value": 88.573915979999811
        }
      }
    ]
  },
  {
    "metrics": [
      {
        "reactor_utilization": {
          "shard": "0",
          "value": 93.169641900000016
        }
      },
      {
        "reactor_utilization": {
          "shard": "1",
          "value": 76.773557619999778
        }
      },
      {
        "reactor_utilization": {
          "shard": "2",
          "value": 74.396557239999936
        }
      },
      {
        "reactor_utilization": {
          "shard": "3",
          "value": 70.126723039999945
        }
      },
      {
        "reactor_utilization": {
          "shard": "4",
          "value": 96.216535679999865
        }
      },
      {
        "reactor_utilization": {
          "shard": "5",
          "value": 80.886414600000037
        }
      },
      {
        "reactor_utilization": {
          "shard": "6",
          "value": 78.479048919999926
        }
      },
      {
        "reactor_utilization": {
          "shard": "7",
          "value": 88.213125839999819
        }
      }
    ]
  },
  {
    "metrics": [
      {
        "reactor_utilization": {
          "shard": "0",
          "value": 92.366006800000008
        }
      },
      {
        "reactor_utilization": {
          "shard": "1",
          "value": 79.279392479999771
        }
      },
      {
        "reactor_utilization": {
          "shard": "2",
          "value": 73.322629699999936
        }
      },
      {
        "reactor_utilization": {
          "shard": "3",
          "value": 69.199943839999946
        }
      },
      {
        "reactor_utilization": {
          "shard": "4",
          "value": 94.793189079999863
        }
      },
      {
        "reactor_utilization": {
          "shard": "5",
          "value": 78.054887820000033
        }
      },
      {
        "reactor_utilization": {
          "shard": "6",
          "value": 76.64615393999992
        }
      },
      {
        "reactor_utilization": {
          "shard": "7",
          "value": 86.836838999999827
        }
      }
    ]
  },
  {
    "metrics": [
      {
        "reactor_utilization": {
          "shard": "0",
          "value": 92.135262740000016
        }
      },
      {
        "reactor_utilization": {
          "shard": "1",
          "value": 77.930753819999779
        }
      },
      {
        "reactor_utilization": {
          "shard": "2",
          "value": 72.328724859999923
        }
      },
      {
        "reactor_utilization": {
          "shard": "3",
          "value": 70.13898393999996
        }
      },
      {
        "reactor_utilization": {
          "shard": "4",
          "value": 95.193116099999855
        }
      },
      {
        "reactor_utilization": {
          "shard": "5",
          "value": 79.00817938000003
        }
      },
      {
        "reactor_utilization": {
          "shard": "6",
          "value": 77.384704999999926
        }
      },
      {
        "reactor_utilization": {
          "shard": "7",
          "value": 88.515760379999818
        }
      }
    ]
  },
  {
    "metrics": [
      {
        "reactor_utilization": {
          "shard": "0",
          "value": 92.77642938000001
        }
      },
      {
        "reactor_utilization": {
          "shard": "1",
          "value": 77.657984019999773
        }
      },
      {
        "reactor_utilization": {
          "shard": "2",
          "value": 73.305458519999931
        }
      },
      {
        "reactor_utilization": {
          "shard": "3",
          "value": 69.202790999999948
        }
      },
      {
        "reactor_utilization": {
          "shard": "4",
          "value": 95.490394959999861
        }
      },
      {
        "reactor_utilization": {
          "shard": "5",
          "value": 78.028948720000031
        }
      },
      {
        "reactor_utilization": {
          "shard": "6",
          "value": 78.517892059999923
        }
      },
      {
        "reactor_utilization": {
          "shard": "7",
          "value": 88.942253719999826
        }
      }
    ]
  },
  {
    "metrics": [
      {
        "reactor_utilization": {
          "shard": "0",
          "value": 93.39991194000001
        }
      },
      {
        "reactor_utilization": {
          "shard": "1",
          "value": 78.059868739999771
        }
      },
      {
        "reactor_utilization": {
          "shard": "2",
          "value": 75.746840899999938
        }
      },
      {
        "reactor_utilization": {
          "shard": "3",
          "value": 70.020543439999969
        }
      },
      {
        "reactor_utilization": {
          "shard": "4",
          "value": 95.512861739999849
        }
      },
      {
        "reactor_utilization": {
          "shard": "5",
          "value": 81.266471200000026
        }
      },
      {
        "reactor_utilization": {
          "shard": "6",
          "value": 79.452285519999919
        }
      },
      {
        "reactor_utilization": {
          "shard": "7",
          "value": 88.822116219999828
        }
      }
    ]
  },
  {
    "metrics": [
      {
        "reactor_utilization": {
          "shard": "0",
          "value": 93.162706580000005
        }
      },
      {
        "reactor_utilization": {
          "shard": "1",
          "value": 78.15438141999978
        }
      },
      {
        "reactor_utilization": {
          "shard": "2",
          "value": 74.63643849999994
        }
      },
      {
        "reactor_utilization": {
          "shard": "3",
          "value": 71.170196359999977
        }
      },
      {
        "reactor_utilization": {
          "shard": "4",
          "value": 95.195142459999857
        }
      },
      {
        "reactor_utilization": {
          "shard": "5",
          "value": 78.745860540000024
        }
      },
      {
        "reactor_utilization": {
          "shard": "6",
          "value": 78.956388919999924
        }
      },
      {
        "reactor_utilization": {
          "shard": "7",
          "value": 88.412523799999818
        }
      }
    ]
  },
  {
    "metrics": [
      {
        "reactor_utilization": {
          "shard": "0",
          "value": 92.520466780000007
        }
      },
      {
        "reactor_utilization": {
          "shard": "1",
          "value": 79.306449439999781
        }
      },
      {
        "reactor_utilization": {
          "shard": "2",
          "value": 73.103039999999936
        }
      },
      {
        "reactor_utilization": {
          "shard": "3",
          "value": 69.249412259999971
        }
      },
      {
        "reactor_utilization": {
          "shard": "4",
          "value": 94.793569579999854
        }
      },
      {
        "reactor_utilization": {
          "shard": "5",
          "value": 79.319718600000016
        }
      },
      {
        "reactor_utilization": {
          "shard": "6",
          "value": 78.167719639999916
        }
      },
      {
        "reactor_utilization": {
          "shard": "7",
          "value": 88.337792099999817
        }
      }
    ]
  },
  {
    "metrics": [
      {
        "reactor_utilization": {
          "shard": "0",
          "value": 92.21191140000002
        }
      },
      {
        "reactor_utilization": {
          "shard": "1",
          "value": 77.836209679999797
        }
      },
      {
        "reactor_utilization": {
          "shard": "2",
          "value": 72.601043239999939
        }
      },
      {
        "reactor_utilization": {
          "shard": "3",
          "value": 69.39932629999997
        }
      },
      {
        "reactor_utilization": {
          "shard": "4",
          "value": 94.704028239999857
        }
      },
      {
        "reactor_utilization": {
          "shard": "5",
          "value": 80.486509180000027
        }
      },
      {
        "reactor_utilization": {
          "shard": "6",
          "value": 79.854544979999915
        }
      },
      {
        "reactor_utilization": {
          "shard": "7",
          "value": 89.15749285999982
        }
      }
    ]
  },
  {
    "metrics": [
      {
        "reactor_utilization": {
          "shard": "0",
          "value": 92.016210720000018
        }
      },
      {
        "reactor_utilization": {
          "shard": "1",
          "value": 78.640027199999778
        }
      },
      {
        "reactor_utilization": {
          "shard": "2",
          "value": 73.506773059999944
        }
      },
      {
        "reactor_utilization": {
          "shard": "3",
          "value": 67.118270639999977
        }
      },
      {
        "reactor_utilization": {
          "shard": "4",
          "value": 94.977607659999862
        }
      },
      {
        "reactor_utilization": {
          "shard": "5",
          "value": 80.558032080000018
        }
      },
      {
        "reactor_utilization": {
          "shard": "6",
          "value": 76.560978179999921
        }
      },
      {
        "reactor_utilization": {
          "shard": "7",
          "value": 86.626321019999821
        }
      }
    ]
  },
  {
    "metrics": [
      {
        "reactor_utilization": {
          "shard": "0",
          "value": 93.143286160000017
        }
      },
      {
        "reactor_utilization": {
          "shard": "1",
          "value": 75.493302799999796
        }
      },
      {
        "reactor_utilization": {
          "shard": "2",
          "value": 74.06488503999995
        }
      },
      {
        "reactor_utilization": {
          "shard": "3",
          "value": 66.423698579999964
        }
      },
      {
        "reactor_utilization": {
          "shard": "4",
          "value": 94.121344239999857
        }
      },
      {
        "reactor_utilization": {
          "shard": "5",
          "value": 78.289070540000012
        }
      },
      {
        "reactor_utilization": {
          "shard": "6",
          "value": 81.048467659999915
        }
      },
      {
        "reactor_utilization": {
          "shard": "7",
          "value": 91.503032959999814
        }
      }
    ]
  },
  {
    "metrics": [
      {
        "reactor_utilization": {
          "shard": "0",
          "value": 93.724534920000011
        }
      },
      {
        "reactor_utilization": {
          "shard": "1",
          "value": 77.302188079999794
        }
      },
      {
        "reactor_utilization": {
          "shard": "2",
          "value": 74.402089239999952
        }
      },
      {
        "reactor_utilization": {
          "shard": "3",
          "value": 70.288880999999975
        }
      },
      {
        "reactor_utilization": {
          "shard": "4",
          "value": 93.921658939999858
        }
      },
      {
        "reactor_utilization": {
          "shard": "5",
          "value": 77.940036000000021
        }
      },
      {
        "reactor_utilization": {
          "shard": "6",
          "value": 78.75920655999991
        }
      },
      {
        "reactor_utilization": {
          "shard": "7",
          "value": 88.817318079999822
        }
      }
    ]
  },
  {
    "metrics": [
      {
        "reactor_utilization": {
          "shard": "0",
          "value": 93.043592300000029
        }
      },
      {
        "reactor_utilization": {
          "shard": "1",
          "value": 78.043634699999799
        }
      },
      {
        "reactor_utilization": {
          "shard": "2",
          "value": 74.258448319999943
        }
      },
      {
        "reactor_utilization": {
          "shard": "3",
          "value": 70.384530659999967
        }
      },
      {
        "reactor_utilization": {
          "shard": "4",
          "value": 95.682183039999856
        }
      },
      {
        "reactor_utilization": {
          "shard": "5",
          "value": 80.881966020000021
        }
      },
      {
        "reactor_utilization": {
          "shard": "6",
          "value": 79.294092859999907
        }
      },
      {
        "reactor_utilization": {
          "shard": "7",
          "value": 90.440869859999822
        }
      }
    ]
  },
  {
    "metrics": [
      {
        "reactor_utilization": {
          "shard": "0",
          "value": 93.074385880000023
        }
      },
      {
        "reactor_utilization": {
          "shard": "1",
          "value": 77.495765339999792
        }
      },
      {
        "reactor_utilization": {
          "shard": "2",
          "value": 74.134977819999932
        }
      },
      {
        "reactor_utilization": {
          "shard": "3",
          "value": 69.756527439999985
        }
      },
      {
        "reactor_utilization": {
          "shard": "4",
          "value": 95.781720019999867
        }
      },
      {
        "reactor_utilization": {
          "shard": "5",
          "value": 80.081382620000014
        }
      },
      {
        "reactor_utilization": {
          "shard": "6",
          "value": 78.819546799999912
        }
      },
      {
        "reactor_utilization": {
          "shard": "7",
          "value": 88.155540159999816
        }
      }
    ]
  },
  {
    "metrics": [
      {
        "reactor_utilization": {
          "shard": "0",
          "value": 93.308696480000023
        }
      },
      {
        "reactor_utilization": {
          "shard": "1",
          "value": 78.766898859999785
        }
      },
      {
        "reactor_utilization": {
          "shard": "2",
          "value": 74.051121939999945
        }
      },
      {
        "reactor_utilization": {
          "shard": "3",
          "value": 70.072633379999971
        }
      },
      {
        "reactor_utilization": {
          "shard": "4",
          "value": 94.362249479999861
        }
      },
      {
        "reactor_utilization": {
          "shard": "5",
          "value": 79.740287760000015
        }
      },
      {
        "reactor_utilization": {
          "shard": "6",
          "value": 78.579061359999898
        }
      },
      {
        "reactor_utilization": {
          "shard": "7",
          "value": 88.527719959999814
        }
      }
    ]
  },
  {
    "metrics": [
      {
        "reactor_utilization": {
          "shard": "0",
          "value": 93.855879920000021
        }
      },
      {
        "reactor_utilization": {
          "shard": "1",
          "value": 78.492949659999795
        }
      },
      {
        "reactor_utilization": {
          "shard": "2",
          "value": 72.485370699999947
        }
      },
      {
        "reactor_utilization": {
          "shard": "3",
          "value": 69.330710139999965
        }
      },
      {
        "reactor_utilization": {
          "shard": "4",
          "value": 95.114849679999864
        }
      },
      {
        "reactor_utilization": {
          "shard": "5",
          "value": 77.908323640000006
        }
      },
      {
        "reactor_utilization": {
          "shard": "6",
          "value": 79.90582983999991
        }
      },
      {
        "reactor_utilization": {
          "shard": "7",
          "value": 89.312695579999811
        }
      }
    ]
  }
]
