[
  {
    "metrics": [
      {
        "reactor_utilization": {
          "shard": "0",
          "value": 92.29157837999999
        }
      },
      {
        "reactor_utilization": {
          "shard": "1",
          "value": 91.624185099999778
        }
      },
      {
        "reactor_utilization": {
          "shard": "2",
          "value": 90.074681939999863
        }
      },
      {
        "reactor_utilization": {
          "shard": "3",
          "value": 93.758545439999949
        }
      },
      {
        "reactor_utilization": {
          "shard": "4",
          "value": 88.51955029999985
        }
      },
      {
        "reactor_utilization": {
          "shard": "5",
          "value": 94.618879100000029
        }
      },
      {
        "reactor_utilization": {
          "shard": "6",
          "value": 91.694506299999873
        }
      },
      {
        "reactor_utilization": {
          "shard": "7",
          "value": 99.999332559999814
        }
      }
    ]
  },
  {
    "metrics": [
      {
        "reactor_utilization": {
          "shard": "0",
          "value": 25.229707959999992
        }
      },
      {
        "reactor_utilization": {
          "shard": "1",
          "value": 22.30645229999978
        }
      },
      {
        "reactor_utilization": {
          "shard": "2",
          "value": 17.348185739999867
        }
      },
      {
        "reactor_utilization": {
          "shard": "3",
          "value": 13.931485939999956
        }
      },
      {
        "reactor_utilization": {
          "shard": "4",
          "value": 14.295844939999858
        }
      },
      {
        "reactor_utilization": {
          "shard": "5",
          "value": 15.43067276000003
        }
      },
      {
        "reactor_utilization": {
          "shard": "6",
          "value": 20.309489119999881
        }
      },
      {
        "reactor_utilization": {
          "shard": "7",
          "value": 22.40262419999981
        }
      }
    ]
  },
  {
    "metrics": [
      {
        "reactor_utilization": {
          "shard": "0",
          "value": 0.11349695999999243
        }
      },
      {
        "reactor_utilization": {
          "shard": "1",
          "value": 0.055115379999759462
        }
      },
      {
        "reactor_utilization": {
          "shard": "2",
          "value": 0.043495219999889478
        }
      },
      {
        "reactor_utilization": {
          "shard": "3",
          "value": 0.04489985999995838
        }
      },
      {
        "reactor_utilization": {
          "shard": "4",
          "value": 0.051318519999865586
        }
      },
      {
        "reactor_utilization": {
          "shard": "5",
          "value": 0.047521960000052044
        }
      },
      {
        "reactor_utilization": {
          "shard": "6",
          "value": 0.048933179999888221
        }
      },
      {
        "reactor_utilization": {
          "shard": "7",
          "value": 0.049114859999832561
        }
      }
    ]
  },
  {
    "metrics": [
      {
        "reactor_utilization": {
          "shard": "0",
          "value": 0.11647643999997959
        }
      },
      {
        "reactor_utilization": {
          "shard": "1",
          "value": 0.050024519999758432
        }
      },
      {
        "reactor_utilization": {
          "shard": "2",
          "value": 0.043379399999876611
        }
      },
      {
        "reactor_utilization": {
          "shard": "3",
          "value": 0.041809399999936936
        }
      },
      {
        "reactor_utilization": {
          "shard": "4",
          "value": 0.044066099999851005
        }
      },
      {
        "reactor_utilization": {
          "shard": "5",
          "value": 0.047376500000051447
        }
      },
      {
        "reactor_utilization": {
          "shard": "6",
          "value": 0.045333859999896475
        }
      },
      {
        "reactor_utilization": {
          "shard": "7",
          "value": 0.047298619999813774
        }
      }
    ]
  },
  {
    "metrics": [
      {
        "reactor_utilization": {
          "shard": "0",
          "value": 0.050580799999977444
        }
      },
      {
        "reactor_utilization": {
          "shard": "1",
          "value": 0.030436039999759412
        }
      },
      {
        "reactor_utilization": {
          "shard": "2",
          "value": 0.01866447999987475
        }
      },
      {
        "reactor_utilization": {
          "shard": "3",
          "value": 0.019332099999946895
        }
      },
      {
        "reactor_utilization": {
          "shard": "4",
          "value": 0.019512679999866833
        }
      },
      {
        "reactor_utilization": {
          "shard": "5",
          "value": 0.022098760000055506
        }
      },
      {
        "reactor_utilization": {
          "shard": "6",
          "value": 0.020024659999906547
        }
      },
      {
        "reactor_utilization": {
          "shard": "7",
          "value": 0.02176919999982152
        }
      }
    ]
  },
  {
    "metrics": [
      {
        "reactor_utilization": {
          "shard": "0",
          "value": 0.10448483999996316
        }
      },
      {
        "reactor_utilization": {
          "shard": "1",
          "value": 0.029740579999781858
        }
      },
      {
        "reactor_utilization": {
          "shard": "2",
          "value": 0.034829719999873721
        }
      },
      {
        "reactor_utilization": {
          "shard": "3",
          "value": 0.04033843999994291
        }
      },
      {
        "reactor_utilization": {
          "shard": "4",
          "value": 0.044529359999867513
        }
      },
      {
        "reactor_utilization": {
          "shard": "5",
          "value": 0.043591320000058165
        }
      },
      {
        "reactor_utilization": {
          "shard": "6",
          "value": 0.043049359999924874
        }
      },
      {
        "reactor_utilization": {
          "shard": "7",
          "value": 0.047618419999839734
        }
      }
    ]
  },
  {
    "metrics": [
      {
        "reactor_utilization": {
          "shard": "0",
          "value": 0.10172875999994169
        }
      },
      {
        "reactor_utilization": {
          "shard": "1",
          "value": 0.038939539999782724
        }
      },
      {
        "reactor_utilization": {
          "shard": "2",
          "value": 0.039874859999877721
        }
      },
      {
        "reactor_utilization": {
          "shard": "3",
          "value": 0.043374939999951678
        }
      },
      {
        "reactor_utilization": {
          "shard": "4",
          "value": 0.0390910799998756
        }
      },
      {
        "reactor_utilization": {
          "shard": "5",
          "value": 0.038804300000072622
        }
      },
      {
        "reactor_utilization": {
          "shard": "6",
          "value": 0.04402531999989634
        }
      },
      {
        "reactor_utilization": {
          "shard": "7",
          "value": 0.041505079999826222
        }
      }
    ]
  },
  {
    "metrics": [
      {
        "reactor_utilization": {
          "shard": "0",
          "value": 0.081970659999930362
        }
      },
      {
        "reactor_utilization": {
          "shard": "1",
          "value": 0.029987219999783044
        }
      },
      {
        "reactor_utilization": {
          "shard": "2",
          "value": 0.018661819999865603
        }
      },
      {
        "reactor_utilization": {
          "shard": "3",
          "value": 0.019403379999927139
        }
      },
      {
        "reactor_utilization": {
          "shard": "4",
          "value": 0.017952339999904865
        }
      },
      {
        "reactor_utilization": {
          "shard": "5",
          "value": 0.021146380000058862
        }
      },
      {
        "reactor_utilization": {
          "shard": "6",
          "value": 0.011807359999926881
        }
      },
      {
        "reactor_utilization": {
          "shard": "7",
          "value": 0.024495219999809414
        }
      }
    ]
  },
  {
    "metrics": [
      {
        "reactor_utilization": {
          "shard": "0",
          "value": 0.11122507999994369
        }
      },
      {
        "reactor_utilization": {
          "shard": "1",
          "value": 0.048147139999787925
        }
      },
      {
        "reactor_utilization": {
          "shard": "2",
          "value": 0.031146939999859846
        }
      },
      {
        "reactor_utilization": {
          "shard": "3",
          "value": 0.040961659999949607
        }
      },
      {
        "reactor_utilization": {
          "shard": "4",
          "value": 0.045322939999881129
        }
      },
      {
        "reactor_utilization": {
          "shard": "5",
          "value": 0.04310758000006798
        }
      },
      {
        "reactor_utilization": {
          "shard": "6",
          "value": 0.041926379999923657
        }
      },
      {
        "reactor_utilization": {
          "shard": "7",
          "value": 0.035511499999818508
        }
      }
    ]
  },
  {
    "metrics": [
      {
        "reactor_utilization": {
          "shard": "0",
          "value": 0.082427279999963687
        }
      },
      {
        "reactor_utilization": {
          "shard": "1",
          "value": 0.045370039999781397
        }
      },
      {
        "reactor_utilization": {
          "shard": "2",
          "value": 0.039300259999874854
        }
      },
      {
        "reactor_utilization": {
          "shard": "3",
          "value": 0.021032359999961781
        }
      },
      {
        "reactor_utilization": {
          "shard": "4",
          "value": 0.021536899999885506
        }
      },
      {
        "reactor_utilization": {
          "shard": "5",
          "value": 0.023758940000073725
        }
      },
      {
        "reactor_utilization": {
          "shard": "6",
          "value": 0.044256979999912627
        }
      },
      {
        "reactor_utilization": {
          "shard": "7",
          "value": 0.045245119999814953
        }
      }
    ]
  },
  {
    "metrics": [
      {
        "reactor_utilization": {
          "shard": "0",
          "value": 0.10088283999998282
        }
      },
      {
        "reactor_utilization": {
          "shard": "1",
          "value": 0.027230559999802395
        }
      },
      {
        "reactor_utilization": {
          "shard": "2",
          "value": 0.017888299999868629
        }
      },
      {
        "reactor_utilization": {
          "shard": "3",
          "value": 0.011966959999976101
        }
      },
      {
        "reactor_utilization": {
          "shard": "4",
          "value": 0.011855639999880374
        }
      },
      {
        "reactor_utilization": {
          "shard": "5",
          "value": 0.012986420000071774
        }
      },
      {
        "reactor_utilization": {
          "shard": "6",
          "value": 0.021960139999899209
        }
      },
      {
        "reactor_utilization": {
          "shard": "7",
          "value": 0.02264115999981442
        }
      }
    ]
  },
  {
    "metrics": [
      {
        "reactor_utilization": {
          "shard": "0",
          "value": 0.10994969999996718
        }
      },
      {
        "reactor_utilization": {
          "shard": "1",
          "value": 0.050678759999800427
        }
      },
      {
        "reactor_utilization": {
          "shard": "2",
          "value": 0.03593529999985634
        }
      },
      {
        "reactor_utilization": {
          "shard": "3",
          "value": 0.043747719999975843
        }
      },
      {
        "reactor_utilization": {
          "shard": "4",
          "value": 0.039311419999876751
        }
      },
      {
        "reactor_utilization": {
          "shard": "5",
          "value": 0.042853320000035833
        }
      },
      {
        "reactor_utilization": {
          "shard": "6",
          "value": 0.044939939999877332
        }
      },
      {
        "reactor_utilization": {
          "shard": "7",
          "value": 0.044012299999796056
        }
      }
    ]
  },
  {
    "metrics": [
      {
        "reactor_utilization": {
          "shard": "0",
          "value": 0.076802279999976797
        }
      },
      {
        "reactor_utilization": {
          "shard": "1",
          "value": 0.036216559999802111
        }
      },
      {
        "reactor_utilization": {
          "shard": "2",
          "value": 0.022004359999838741
        }
      },
      {
        "reactor_utilization": {
          "shard": "3",
          "value": 0.020767759999995583
        }
      },
      {
        "reactor_utilization": {
          "shard": "4",
          "value": 0.020225799999862293
        }
      },
      {
        "reactor_utilization": {
          "shard": "5",
          "value": 0.024855820000047046
        }
      },
      {
        "reactor_utilization": {
          "shard": "6",
          "value": 0.02067729999988277
        }
      },
      {
        "reactor_utilization": {
          "shard": "7",
          "value": 0.023333159999816555
        }
      }
    ]
  },
  {
    "metrics": [
      {
        "reactor_utilization": {
          "shard": "0",
          "value": 0.077946379999960236
        }
      },
      {
        "reactor_utilization": {
          "shard": "1",
          "value": 0.04960751999981694
        }
      },
      {
        "reactor_utilization": {
          "shard": "2",
          "value": 0.035955779999830018
        }
      },
      {
        "reactor_utilization": {
          "shard": "3",
          "value": 0.043025539999996809
        }
      },
      {
        "reactor_utilization": {
          "shard": "4",
          "value": 0.043838359999870402
        }
      },
      {
        "reactor_utilization": {
          "shard": "5",
          "value": 0.039540160000073321
        }
      },
      {
        "reactor_utilization": {
          "shard": "6",
          "value": 0.038961379999857826
        }
      },
      {
        "reactor_utilization": {
          "shard": "7",
          "value": 0.043445519999796289
        }
      }
    ]
  },
  {
    "metrics": [
      {
        "reactor_utilization": {
          "shard": "0",
          "value": 0.11205201999996417
        }
      },
      {
        "reactor_utilization": {
          "shard": "1",
          "value": 0.051674359999820396
        }
      },
      {
        "reactor_utilization": {
          "shard": "2",
          "value": 0.042455659999829365
        }
      },
      {
        "reactor_utilization": {
          "shard": "3",
          "value": 0.04340947999996736
        }
      },
      {
        "reactor_utilization": {
          "shard": "4",
          "value": 0.047022759999881814
        }
      },
      {
        "reactor_utilization": {
          "shard": "5",
          "value": 0.044211020000073376
        }
      },
      {
        "reactor_utilization": {
          "shard": "6",
          "value": 0.042171659999867828
        }
      },
      {
        "reactor_utilization": {
          "shard": "7",
          "value": 0.041342139999800409
        }
      }
    ]
  },
  {
    "metrics": [
      {
        "reactor_utilization": {
          "shard": "0",
          "value": 0.072579259999971946
        }
      },
      {
        "reactor_utilization": {
          "shard": "1",
          "value": 0.01571209999979839
        }
      },
      {
        "reactor_utilization": {
          "shard": "2",
          "value": 0.015291439999831624
        }
      },
      {
        "reactor_utilization": {
          "shard": "3",
          "value": 0.017180679999950765
        }
      },
      {
        "reactor_utilization": {
          "shard": "4",
          "value": 0.019544199999876888
        }
      },
      {
        "reactor_utilization": {
          "shard": "5",
          "value": 0.025459100000069235
        }
      },
      {
        "reactor_utilization": {
          "shard": "6",
          "value": 0.01978113999986375
        }
      },
      {
        "reactor_utilization": {
          "shard": "7",
          "value": 0.020699719999783817
        }
      }
    ]
  },
  {
    "metrics": [
      {
        "reactor_utilization": {
          "shard": "0",
          "value": 0.10028627999996154
        }
      },
      {
        "reactor_utilization": {
          "shard": "1",
          "value": 0.044261239999809909
        }
      },
      {
        "reactor_utilization": {
          "shard": "2",
          "value": 0.041159099999854565
        }
      },
      {
        "reactor_utilization": {
          "shard": "3",
          "value": 0.042907499999955689
        }
      },
      {
        "reactor_utilization": {
          "shard": "4",
          "value": 0.043241339999899875
        }
      },
      {
        "reactor_utilization": {
          "shard": "5",
          "value": 0.041728600000046079
        }
      },
      {
        "reactor_utilization": {
          "shard": "6",
          "value": 0.033223439999852111
        }
      },
      {
        "reactor_utilization": {
          "shard": "7",
          "value": 0.045114619999786498
        }
      }
    ]
  },
  {
    "metrics": [
      {
        "reactor_utilization": {
          "shard": "0",
          "value": 0.11849081999997235
        }
      },
      {
        "reactor_utilization": {
          "shard": "1",
          "value": 0.043276839999806249
        }
      },
      {
        "reactor_utilization": {
          "shard": "2",
          "value": 0.027786419999864531
        }
      },
      {
        "reactor_utilization": {
          "shard": "3",
          "value": 0.042066639999960298
        }
      },
      {
        "reactor_utilization": {
          "shard": "4",
          "value": 0.044856499999923471
        }
      },
      {
        "reactor_utilization": {
          "shard": "5",
          "value": 0.044113100000053862
        }
      },
      {
        "reactor_utilization": {
          "shard": "6",
          "value": 0.040035539999849767
        }
      },
      {
        "reactor_utilization": {
          "shard": "7",
          "value": 0.042073939999787147
        }
      }
    ]
  },
  {
    "metrics": [
      {
        "reactor_utilization": {
          "shard": "0",
          "value": 0.077562279999954242
        }
      },
      {
        "reactor_utilization": {
          "shard": "1",
          "value": 0.036491299999807936
        }
      },
      {
        "reactor_utilization": {
          "shard": "2",
          "value": 0.017499699999867779
        }
      },
      {
        "reactor_utilization": {
          "shard": "3",
          "value": 0.019498939999951226
        }
      },
      {
        "reactor_utilization": {
          "shard": "4",
          "value": 0.017763319999941629
        }
      },
      {
        "reactor_utilization": {
          "shard": "5",
          "value": 0.025672420000055762
        }
      },
      {
        "reactor_utilization": {
          "shard": "6",
          "value": 0.020440439999858118
        }
      },
      {
        "reactor_utilization": {
          "shard": "7",
          "value": 0.015614599999802525
        }
      }
    ]
  },
  {
    "metrics": [
      {
        "reactor_utilization": {
          "shard": "0",
          "value": 0.10808221999993872
        }
      },
      {
        "reactor_utilization": {
          "shard": "1",
          "value": 0.048006179999782184
        }
      },
      {
        "reactor_utilization": {
          "shard": "2",
          "value": 0.039860379999878681
        }
      },
      {
        "reactor_utilization": {
          "shard": "3",
          "value": 0.040028719999962714
        }
      },
      {
        "reactor_utilization": {
          "shard": "4",
          "value": 0.036496419999931806
        }
      },
      {
        "reactor_utilization": {
          "shard": "5",
          "value": 0.037370980000051013
        }
      },
      {
        "reactor_utilization": {
          "shard": "6",
          "value": 0.045021839999859203
        }
      },
      {
        "reactor_utilization": {
          "shard": "7",
          "value": 0.044554979999822386
        }
      }
    ]
  },
  {
    "metrics": [
      {
        "reactor_utilization": {
          "shard": "0",
          "value": 0.090574499999940272
        }
      },
      {
        "reactor_utilization": {
          "shard": "1",
          "value": 0.040401059999783939
        }
      },
      {
        "reactor_utilization": {
          "shard": "2",
          "value": 0.034750159999874519
        }
      },
      {
        "reactor_utilization": {
          "shard": "3",
          "value": 0.036235639999970815
        }
      },
      {
        "reactor_utilization": {
          "shard": "4",
          "value": 0.040881439999940206
        }
      },
      {
        "reactor_utilization": {
          "shard": "5",
          "value": 0.044245000000042722
        }
      },
      {
        "reactor_utilization": {
          "shard": "6",
          "value": 0.043970619999877947
        }
      },
      {
        "reactor_utilization": {
          "shard": "7",
          "value": 0.046977279999826926
        }
      }
    ]
  },
  {
    "metrics": [
      {
        "reactor_utilization": {
          "shard": "0",
          "value": 0.10540633999993609
        }
      },
      {
        "reactor_utilization": {
          "shard": "1",
          "value": 0.032716999999815588
        }
      },
      {
        "reactor_utilization": {
          "shard": "2",
          "value": 0.015870379999882722
        }
      },
      {
        "reactor_utilization": {
          "shard": "3",
          "value": 0.022229719999955488
        }
      },
      {
        "reactor_utilization": {
          "shard": "4",
          "value": 0.016380479999966724
        }
      },
      {
        "reactor_utilization": {
          "shard": "5",
          "value": 0.019830320000047141
        }
      },
      {
        "reactor_utilization": {
          "shard": "6",
          "value": 0.017740759999873568
        }
      },
      {
        "reactor_utilization": {
          "shard": "7",
          "value": 0.021224519999807345
        }
      }
    ]
  },
  {
    "metrics": [
      {
        "reactor_utilization": {
          "shard": "0",
          "value": 0.093138899999944957
        }
      },
      {
        "reactor_utilization": {
          "shard": "1",
          "value": 0.050389179999787981
        }
      },
      {
        "reactor_utilization": {
          "shard": "2",
          "value": 0.035606939999888176
        }
      },
      {
        "reactor_utilization": {
          "shard": "3",
          "value": 0.038701799999962816
        }
      },
      {
        "reactor_utilization": {
          "shard": "4",
          "value": 0.037200399999959277
        }
      },
      {
        "reactor_utilization": {
          "shard": "5",
          "value": 0.047730100000065168
        }
      },
      {
        "reactor_utilization": {
          "shard": "6",
          "value": 0.036626299999875656
        }
      },
      {
        "reactor_utilization": {
          "shard": "7",
          "value": 0.045761159999813117
        }
      }
    ]
  },
  {
    "metrics": [
      {
        "reactor_utilization": {
          "shard": "0",
          "value": 0.078109739999943084
        }
      },
      {
        "reactor_utilization": {
          "shard": "1",
          "value": 0.035685799999807255
        }
      },
      {
        "reactor_utilization": {
          "shard": "2",
          "value": 0.021198819999868057
        }
      },
      {
        "reactor_utilization": {
          "shard": "3",
          "value": 0.020939239999973047
        }
      },
      {
        "reactor_utilization": {
          "shard": "4",
          "value": 0.020640659999948685
        }
      },
      {
        "reactor_utilization": {
          "shard": "5",
          "value": 0.026642940000054516
        }
      },
      {
        "reactor_utilization": {
          "shard": "6",
          "value": 0.023236859999853365
        }
      },
      {
        "reactor_utilization": {
          "shard": "7",
          "value": 0.024011379999822058
        }
      }
    ]
  }
]
