[
  {
    "metrics": [
      {
        "reactor_utilization": {
          "shard": "0",
          "value": 94.005848040000018
        }
      },
      {
        "reactor_utilization": {
          "shard": "1",
          "value": 92.888341359999956
        }
      },
      {
        "reactor_utilization": {
          "shard": "2",
          "value": 91.359786739999976
        }
      },
      {
        "reactor_utilization": {
          "shard": "3",
          "value": 92.307415279999915
        }
      },
      {
        "reactor_utilization": {
          "shard": "4",
          "value": 82.451114719999865
        }
      },
      {
        "reactor_utilization": {
          "shard": "5",
          "value": 90.901745579999968
        }
      },
      {
        "reactor_utilization": {
          "shard": "6",
          "value": 91.427183959999951
        }
      },
      {
        "reactor_utilization": {
          "shard": "7",
          "value": 99.999932359999875
        }
      }
    ]
  },
  {
    "metrics": [
      {
        "reactor_utilization": {
          "shard": "0",
          "value": 94.861108640000012
        }
      },
      {
        "reactor_utilization": {
          "shard": "1",
          "value": 92.803492119999959
        }
      },
      {
        "reactor_utilization": {
          "shard": "2",
          "value": 92.791162979999967
        }
      },
      {
        "reactor_utilization": {
          "shard": "3",
          "value": 95.131482759999926
        }
      },
      {
        "reactor_utilization": {
          "shard": "4",
          "value": 84.928030259999872
        }
      },
      {
        "reactor_utilization": {
          "shard": "5",
          "value": 93.18259003999998
        }
      },
      {
        "reactor_utilization": {
          "shard": "6",
          "value": 93.719216719999949
        }
      },
      {
        "reactor_utilization": {
          "shard": "7",
          "value": 99.999777079999873
        }
      }
    ]
  },
  {
    "metrics": [
      {
        "reactor_utilization": {
          "shard": "0",
          "value": 93.195341340000013
        }
      },
      {
        "reactor_utilization": {
          "shard": "1",
          "value": 93.038985699999955
        }
      },
      {
        "reactor_utilization": {
          "shard": "2",
          "value": 91.213151739999972
        }
      },
      {
        "reactor_utilization": {
          "shard": "3",
          "value": 93.671952599999912
        }
      },
      {
        "reactor_utilization": {
          "shard": "4",
          "value": 83.322645839999851
        }
      },
      {
        "reactor_utilization": {
          "shard": "5",
          "value": 91.965469179999971
        }
      },
      {
        "reactor_utilization": {
          "shard": "6",
          "value": 93.692640739999959
        }
      },
      {
        "reactor_utilization": {
          "shard": "7",
          "value": 99.999863179999878
        }
      }
    ]
  },
  {
    "metrics": [
      {
        "reactor_utilization": {
          "shard": "0",
          "value": 95.221748400000024
        }
      },
      {
        "reactor_utilization": {
          "shard": "1",
          "value": 93.543964279999955
        }
      },
      {
        "reactor_utilization": {
          "shard": "2",
          "value": 92.579125699999977
        }
      },
      {
        "reactor_utilization": {
          "shard": "3",
          "value": 95.456849259999927
        }
      },
      {
        "reactor_utilization": {
          "shard": "4",
          "value": 82.222486259999854
        }
      },
      {
        "reactor_utilization": {
          "shard": "5",
          "value": 92.309324459999971
        }
      },
      {
        "reactor_utilization": {
          "shard": "6",
          "value": 92.849513959999953
        }
      },
      {
        "reactor_utilization": {
          "shard": "7",
          "value": 99.999113759999886
        }
      }
    ]
  },
  {
    "metrics": [
      {
        "reactor_utilization": {
          "shard": "0",
          "value": 93.306458920000011
        }
      },
      {
        "reactor_utilization": {
          "shard": "1",
          "value": 92.058078119999948
        }
      },
      {
        "reactor_utilization": {
          "shard": "2",
          "value": 93.615392339999971
        }
      },
      {
        "reactor_utilization": {
          "shard": "3",
          "value": 94.302746739999918
        }
      },
      {
        "reactor_utilization": {
          "shard": "4",
          "value": 83.301706579999859
        }
      },
      {
        "reactor_utilization": {
          "shard": "5",
          "value": 91.455536279999976
        }
      },
      {
        "reactor_utilization": {
          "shard": "6",
          "value": 92.188107659999957
        }
      },
      {
        "reactor_utilization": {
          "shard": "7",
          "value": 99.695874619999884
        }
      }
    ]
  },
  {
    "metrics": [
      {
        "reactor_utilization": {
          "shard": "0",
          "value": 94.53034476000002
        }
      },
      {
        "reactor_utilization": {
          "shard": "1",
          "value": 93.665845699999963
        }
      },
      {
        "reactor_utilization": {
          "shard": "2",
          "value": 92.738529959999966
        }
      },
      {
        "reactor_utilization": {
          "shard": "3",
          "value": 96.46038091999992
        }
      },
      {
        "reactor_utilization": {
          "shard": "4",
          "value": 84.793678179999858
        }
      },
      {
        "reactor_utilization": {
          "shard": "5",
          "value": 93.986266779999966
        }
      },
      {
        "reactor_utilization": {
          "shard": "6",
          "value": 95.279769879999947
        }
      },
      {
        "reactor_utilization": {
          "shard": "7",
          "value": 99.83929981999988
        }
      }
    ]
  },
  {
    "metrics": [
      {
        "reactor_utilization": {
          "shard": "0",
          "value": 93.311879960000013
        }
      },
      {
        "reactor_utilization": {
          "shard": "1",
          "value": 93.069611739999957
        }
      },
      {
        "reactor_utilization": {
          "shard": "2",
          "value": 92.415995699999968
        }
      },
      {
        "reactor_utilization": {
          "shard": "3",
          "value": 94.565972919999922
        }
      },
      {
        "reactor_utilization": {
          "shard": "4",
          "value": 85.500963659999869
        }
      },
      {
        "reactor_utilization": {
          "shard": "5",
          "value": 92.22229609999998
        }
      },
      {
        "reactor_utilization": {
          "shard": "6",
          "value": 92.609982019999947
        }
      },
      {
        "reactor_utilization": {
          "shard": "7",
          "value": 99.999737579999888
        }
      }
    ]
  },
  {
    "metrics": [
      {
        "reactor_utilization": {
          "shard": "0",
          "value": 93.693085900000014
        }
      },
      {
        "reactor_utilization": {
          "shard": "1",
          "value": 93.219884559999954
        }
      },
      {
        "reactor_utilization": {
          "shard": "2",
          "value": 91.980081979999966
        }
      },
      {
        "reactor_utilization": {
          "shard": "3",
          "value": 95.051709859999917
        }
      },
      {
        "reactor_utilization": {
          "shard": "4",
          "value": 82.834811079999866
        }
      },
      {
        "reactor_utilization": {
          "shard": "5",
          "value": 91.568384699999967
        }
      },
      {
        "reactor_utilization": {
          "shard": "6",
          "value": 94.108584479999948
        }
      },
      {
        "reactor_utilization": {
          "shard": "7",
          "value": 99.65589353999988
        }
      }
    ]
  },
  {
    "metrics": [
      {
        "reactor_utilization": {
          "shard": "0",
          "value": 94.066216480000008
        }
      },
      {
        "reactor_utilization": {
          "shard": "1",
          "value": 93.484992839999961
        }
      },
      {
        "reactor_utilization": {
          "shard": "2",
          "value": 91.580813659999976
        }
      },
      {
        "reactor_utilization": {
          "shard": "3",
          "value": 93.854886039999911
        }
      },
      {
        "reactor_utilization": {
          "shard": "4",
          "value": 85.002561979999868
        }
      },
      {
        "reactor_utilization": {
          "shard": "5",
          "value": 94.483112859999977
        }
      },
      {
        "reactor_utilization": {
          "shard": "6",
          "value": 94.501303419999942
        }
      },
      {
        "reactor_utilization": {
          "shard": "7",
          "value": 98.525351159999872
        }
      }
    ]
  },
  {
    "metrics": [
      {
        "reactor_utilization": {
          "shard": "0",
          "value": 93.395640420000021
        }
      },
      {
        "reactor_utilization": {
          "shard": "1",
          "value": 91.96710309999996
        }
      },
      {
        "reactor_utilization": {
          "shard": "2",
          "value": 92.905648059999962
        }
      },
      {
        "reactor_utilization": {
          "shard": "3",
          "value": 96.425879959999918
        }
      },
      {
        "reactor_utilization": {
          "shard": "4",
          "value": 84.279250979999858
        }
      },
      {
        "reactor_utilization": {
          "shard": "5",
          "value": 94.903472659999977
        }
      },
      {
        "reactor_utilization": {
          "shard": "6",
          "value": 94.513926359999957
        }
      },
      {
        "reactor_utilization": {
          "shard": "7",
          "value": 99.947254539999875
        }
      }
    ]
  },
  {
    "metrics": [
      {
        "reactor_utilization": {
          "shard": "0",
          "value": 93.787582020000016
        }
      },
      {
        "reactor_utilization": {
          "shard": "1",
          "value": 93.91475177999996
        }
      },
      {
        "reactor_utilization": {
          "shard": "2",
          "value": 92.947253119999971
        }
      },
      {
        "reactor_utilization": {
          "shard": "3",
          "value": 95.043182859999916
        }
      },
      {
        "reactor_utilization": {
          "shard": "4",
          "value": 84.185941999999855
        }
      },
      {
        "reactor_utilization": {
          "shard": "5",
          "value": 93.747681899999975
        }
      },
      {
        "reactor_utilization": {
          "shard": "6",
          "value": 93.448407759999952
        }
      },
      {
        "reactor_utilization": {
          "shard": "7",
          "value": 99.999221339999878
        }
      }
    ]
  },
  {
    "metrics": [
      {
        "reactor_utilization": {
          "shard": "0",
          "value": 90.737810160000009
        }
      },
      {
        "reactor_utilization": {
          "shard": "1",
          "value": 91.413546519999954
        }
      },
      {
        "reactor_utilization": {
          "shard": "2",
          "value": 90.623872519999964
        }
      },
      {
        "reactor_utilization": {
          "shard": "3",
          "value": 93.954703439999918
        }
      },
      {
        "reactor_utilization": {
          "shard": "4",
          "value": 83.614183479999866
        }
      },
      {
        "reactor_utilization": {
          "shard": "5",
          "value": 90.067554319999971
        }
      },
      {
        "reactor_utilization": {
          "shard": "6",
          "value": 90.770947399999955
        }
      },
      {
        "reactor_utilization": {
          "shard": "7",
          "value": 99.999936639999873
        }
      }
    ]
  },
  {
    "metrics": [
      {
        "reactor_utilization": {
          "shard": "0",
          "value": 92.385850960000013
        }
      },
      {
        "reactor_utilization": {
          "shard": "1",
          "value": 92.033848939999956
        }
      },
      {
        "reactor_utilization": {
          "shard": "2",
          "value": 92.142680919999975
        }
      },
      {
        "reactor_utilization": {
          "shard": "3",
          "value": 93.202713279999912
        }
      },
      {
        "reactor_utilization": {
          "shard": "4",
          "value": 83.173777039999862
        }
      },
      {
        "reactor_utilization": {
          "shard": "5",
          "value": 91.944625839999986
        }
      },
      {
        "reactor_utilization": {
          "shard": "6",
          "value": 91.317960879999944
        }
      },
      {
        "reactor_utilization": {
          "shard": "7",
          "value": 99.999495419999889
        }
      }
    ]
  },
  {
    "metrics": [
      {
        "reactor_utilization": {
          "shard": "0",
          "value": 92.814125120000014
        }
      },
      {
        "reactor_utilization": {
          "shard": "1",
          "value": 93.672475879999965
        }
      },
      {
        "reactor_utilization": {
          "shard": "2",
          "value": 90.819907959999966
        }
      },
      {
        "reactor_utilization": {
          "shard": "3",
          "value": 93.395969439999917
        }
      },
      {
        "reactor_utilization": {
          "shard": "4",
          "value": 82.865708519999856
        }
      },
      {
        "reactor_utilization": {
          "shard": "5",
          "value": 91.562256859999977
        }
      },
      {
        "reactor_utilization": {
          "shard": "6",
          "value": 92.388849139999948
        }
      },
      {
        "reactor_utilization": {
          "shard": "7",
          "value": 99.998497539999875
        }
      }
    ]
  },
  {
    "metrics": [
      {
        "reactor_utilization": {
          "shard": "0",
          "value": 93.355472660000018
        }
      },
      {
        "reactor_utilization": {
          "shard": "1",
          "value": 92.707900699999954
        }
      },
      {
        "reactor_utilization": {
          "shard": "2",
          "value": 91.23184849999997
        }
      },
      {
        "reactor_utilization": {
          "shard": "3",
          "value": 91.990911559999915
        }
      },
      {
        "reactor_utilization": {
          "shard": "4",
          "value": 83.533538219999869
        }
      },
      {
        "reactor_utilization": {
          "shard": "5",
          "value": 91.175589239999979
        }
      },
      {
        "reactor_utilization": {
          "shard": "6",
          "value": 90.73898061999995
        }
      },
      {
        "reactor_utilization": {
          "shard": "7",
          "value": 99.999926079999881
        }
      }
    ]
  },
  {
    "metrics": [
      {
        "reactor_utilization": {
          "shard": "0",
          "value": 94.023302780000023
        }
      },
      {
        "reactor_utilization": {
          "shard": "1",
          "value": 95.126579039999953
        }
      },
      {
        "reactor_utilization": {
          "shard": "2",
          "value": 93.79040317999997
        }
      },
      {
        "reactor_utilization": {
          "shard": "3",
          "value": 95.418815599999917
        }
      },
      {
        "reactor_utilization": {
          "shard": "4",
          "value": 84.724554559999859
        }
      },
      {
        "reactor_utilization": {
          "shard": "5",
          "value": 95.41962651999998
        }
      },
      {
        "reactor_utilization": {
          "shard": "6",
          "value": 94.284025039999946
        }
      },
      {
        "reactor_utilization": {
          "shard": "7",
          "value": 99.999184799999881
        }
      }
    ]
  },
  {
    "metrics": [
      {
        "reactor_utilization": {
          "shard": "0",
          "value": 92.882225420000026
        }
      },
      {
        "reactor_utilization": {
          "shard": "1",
          "value": 91.525442319999954
        }
      },
      {
        "reactor_utilization": {
          "shard": "2",
          "value": 92.206759579999982
        }
      },
      {
        "reactor_utilization": {
          "shard": "3",
          "value": 92.988209359999914
        }
      },
      {
        "reactor_utilization": {
          "shard": "4",
          "value": 81.202482419999868
        }
      },
      {
        "reactor_utilization": {
          "shard": "5",
          "value": 94.036137119999978
        }
      },
      {
        "reactor_utilization": {
          "shard": "6",
          "value": 91.352453919999959
        }
      },
      {
        "reactor_utilization": {
          "shard": "7",
          "value": 99.999697439999878
        }
      }
    ]
  },
  {
    "metrics": [
      {
        "reactor_utilization": {
          "shard": "0",
          "value": 92.510758480000007
        }
      },
      {
        "reactor_utilization": {
          "shard": "1",
          "value": 92.506429839999953
        }
      },
      {
        "reactor_utilization": {
          "shard": "2",
          "value": 93.950607499999975
        }
      },
      {
        "reactor_utilization": {
          "shard": "3",
          "value": 95.257643179999917
        }
      },
      {
        "reactor_utilization": {
          "shard": "4",
          "value": 83.480268939999874
        }
      },
      {
        "reactor_utilization": {
          "shard": "5",
          "value": 93.905682139999968
        }
      },
      {
        "reactor_utilization": {
          "shard": "6",
          "value": 92.812661119999945
        }
      },
      {
        "reactor_utilization": {
          "shard": "7",
          "value": 99.999628799999883
        }
      }
    ]
  },
  {
    "metrics": [
      {
        "reactor_utilization": {
          "shard": "0",
          "value": 92.840540820000015
        }
      },
      {
        "reactor_utilization": {
          "shard": "1",
          "value": 93.391666779999952
        }
      },
      {
        "reactor_utilization": {
          "shard": "2",
          "value": 92.638115119999981
        }
      },
      {
        "reactor_utilization": {
          "shard": "3",
          "value": 94.745158319999916
        }
      },
      {
        "reactor_utilization": {
          "shard": "4",
          "value": 83.514767059999869
        }
      },
      {
        "reactor_utilization": {
          "shard": "5",
          "value": 91.746005299999979
        }
      },
      {
        "reactor_utilization": {
          "shard": "6",
          "value": 92.036341819999947
        }
      },
      {
        "reactor_utilization": {
          "shard": "7",
          "value": 99.999699399999869
        }
      }
    ]
  },
  {
    "metrics": [
      {
        "reactor_utilization": {
          "shard": "0",
          "value": 93.500890200000015
        }
      },
      {
        "reactor_utilization": {
          "shard": "1",
          "value": 93.111139519999952
        }
      },
      {
        "reactor_utilization": {
          "shard": "2",
          "value": 91.002068799999975
        }
      },
      {
        "reactor_utilization": {
          "shard": "3",
          "value": 95.425475359999922
        }
      },
      {
        "reactor_utilization": {
          "shard": "4",
          "value": 83.828255799999866
        }
      },
      {
        "reactor_utilization": {
          "shard": "5",
          "value": 91.680202239999971
        }
      },
      {
        "reactor_utilization": {
          "shard": "6",
          "value": 90.961263059999951
        }
      },
      {
        "reactor_utilization": {
          "shard": "7",
          "value": 99.999973879999885
        }
      }
    ]
  },
  {
    "metrics": [
      {
        "reactor_utilization": {
          "shard": "0",
          "value": 93.238705180000011
        }
      },
      {
        "reactor_utilization": {
          "shard": "1",
          "value": 93.704341319999955
        }
      },
      {
        "reactor_utilization": {
          "shard": "2",
          "value": 93.696544779999968
        }
      },
      {
        "reactor_utilization": {
          "shard": "3",
          "value": 95.757380479999924
        }
      },
      {
        "reactor_utilization": {
          "shard": "4",
          "value": 84.474124539999877
        }
      },
      {
        "reactor_utilization": {
          "shard": "5",
          "value": 93.687912659999967
        }
      },
      {
        "reactor_utilization": {
          "shard": "6",
          "value": 93.499952959999959
        }
      },
      {
        "reactor_utilization": {
          "shard": "7",
          "value": 99.566247359999878
        }
      }
    ]
  },
  {
    "metrics": [
      {
        "reactor_utilization": {
          "shard": "0",
          "value": 94.095039840000013
        }
      },
      {
        "reactor_utilization": {
          "shard": "1",
          "value": 92.645088779999952
        }
      },
      {
        "reactor_utilization": {
          "shard": "2",
          "value": 90.62779541999997
        }
      },
      {
        "reactor_utilization": {
          "shard": "3",
          "value": 94.247069159999924
        }
      },
      {
        "reactor_utilization": {
          "shard": "4",
          "value": 82.192818459999856
        }
      },
      {
        "reactor_utilization": {
          "shard": "5",
          "value": 90.658006799999981
        }
      },
      {
        "reactor_utilization": {
          "shard": "6",
          "value": 93.109708979999951
        }
      },
      {
        "reactor_utilization": {
          "shard": "7",
          "value": 99.997507539999873
        }
      }
    ]
  },
  {
    "metrics": [
      {
        "reactor_utilization": {
          "shard": "0",
          "value": 93.600578700000014
        }
      },
      {
        "reactor_utilization": {
          "shard": "1",
          "value": 92.09552427999995
        }
      },
      {
        "reactor_utilization": {
          "shard": "2",
          "value": 92.698287759999971
        }
      },
      {
        "reactor_utilization": {
          "shard": "3",
          "value": 94.537501379999924
        }
      },
      {
        "reactor_utilization": {
          "shard": "4",
          "value": 82.58946079999987
        }
      },
      {
        "reactor_utilization": {
          "shard": "5",
          "value": 93.909767499999973
        }
      },
      {
        "reactor_utilization": {
          "shard": "6",
          "value": 93.985500559999949
        }
      },
      {
        "reactor_utilization": {
          "shard": "7",
          "value": 99.998323119999881
        }
      }
    ]
  },
  {
    "metrics": [
      {
        "reactor_utilization": {
          "shard": "0",
          "value": 91.778085540000006
        }
      },
      {
        "reactor_utilization": {
          "shard": "1",
          "value": 92.487486359999949
        }
      },
      {
        "reactor_utilization": {
          "shard": "2",
          "value": 92.090927959999973
        }
      },
      {
        "reactor_utilization": {
          "shard": "3",
          "value": 93.037160759999921
        }
      },
      {
        "reactor_utilization": {
          "shard": "4",
          "value": 81.90062765999987
        }
      },
      {
        "reactor_utilization": {
          "shard": "5",
          "value": 93.265322059999974
        }
      },
      {
        "reactor_utilization": {
          "shard": "6",
          "value": 91.994983159999947
        }
      },
      {
        "reactor_utilization": {
          "shard": "7",
          "value": 99.999272999999874
        }
      }
    ]
  }
]
