[
    {
        "FIO": {
            "cpu": {
                "data": [
                    172.37999999999968,
                    197.12000000000245,
                    208.33333333333832,
                    212.42333333333838,
                    212.9966666666713,
                    214.7700000000049,
                    206.27000000000322,
                    126.52333333333335,
                    17.466666666666644,
                    122.01000000000003,
                    9.893333333333324,
                    133.70000000000007,
                    9.789999999999992,
                    120.77333333333354,
                    10.073333333333323,
                    38.50666666666663,
                    4.760000000000001,
                    4.550000000000001,
                    4.343333333333335,
                    5.583333333333332,
                    6.206666666666664,
                    6.203333333333331
                ],
                "index": 22,
                "time": [
                    "14:09:53",
                    "14:15:25",
                    "14:20:58",
                    "14:26:30",
                    "14:32:02",
                    "14:37:35",
                    "14:43:07",
                    "14:48:39",
                    "14:54:14",
                    "14:56:49",
                    "15:02:21",
                    "15:04:55",
                    "15:10:28",
                    "15:13:02",
                    "15:18:34",
                    "15:21:08",
                    "15:23:42",
                    "15:26:16",
                    "15:28:50",
                    "15:31:24",
                    "15:33:58",
                    "15:36:31"
                ],
                "total": 0.0
            },
            "mem": {
                "data": [
                    0.0,
                    0.0,
                    0.0,
                    0.0,
                    0.0,
                    0.0,
                    0.0,
                    0.0,
                    0.0,
                    0.0,
                    0.0,
                    0.0,
                    0.0,
                    0.0,
                    0.0,
                    0.0,
                    0.0,
                    0.0,
                    0.0,
                    0.0,
                    0.0,
                    0.0
                ],
                "index": 22,
                "time": [
                    "14:09:53",
                    "14:15:25",
                    "14:20:58",
                    "14:26:30",
                    "14:32:02",
                    "14:37:35",
                    "14:43:07",
                    "14:48:39",
                    "14:54:14",
                    "14:56:49",
                    "15:02:21",
                    "15:04:55",
                    "15:10:28",
                    "15:13:02",
                    "15:18:34",
                    "15:21:08",
                    "15:23:42",
                    "15:26:16",
                    "15:28:50",
                    "15:31:24",
                    "15:33:58",
                    "15:36:31"
                ],
                "total": 0.0
            }
        },
        "OSD": {
            "cpu": {
                "data": [
                    727.4233333333337,
                    756.4300000000004,
                    765.0666666666668,
                    770.1299999999994,
                    770.8333333333334,
                    770.3633333333329,
                    769.2266666666661,
                    722.7833333333328,
                    117.9633333333338,
                    696.8299999999991,
                    60.87333333333325,
                    708.9966666666662,
                    61.48999999999992,
                    697.7399999999996,
                    61.20999999999994,
                    193.1200000000004,
                    37.40999999999995,
                    37.746666666666584,
                    36.713333333333274,
                    36.83666666666659,
                    37.446666666666594,
                    37.0966666666666
                ],
                "index": 22,
                "time": [
                    "14:09:53",
                    "14:15:25",
                    "14:20:58",
                    "14:26:30",
                    "14:32:02",
                    "14:37:35",
                    "14:43:07",
                    "14:48:39",
                    "14:54:14",
                    "14:56:49",
                    "15:02:21",
                    "15:04:55",
                    "15:10:28",
                    "15:13:02",
                    "15:18:34",
                    "15:21:08",
                    "15:23:42",
                    "15:26:16",
                    "15:28:50",
                    "15:31:24",
                    "15:33:58",
                    "15:36:31"
                ],
                "total": 3.999999999999999
            },
            "mem": {
                "data": [
                    171.67999999999944,
                    177.59999999999914,
                    177.59999999999914,
                    177.59999999999914,
                    177.59999999999914,
                    177.59999999999914,
                    177.59999999999914,
                    177.59999999999914,
                    177.59999999999914,
                    177.59999999999914,
                    177.59999999999914,
                    177.59999999999914,
                    177.59999999999914,
                    177.59999999999914,
                    177.59999999999914,
                    177.59999999999914,
                    177.59999999999914,
                    177.59999999999914,
                    177.59999999999914,
                    177.59999999999914,
                    177.59999999999914,
                    177.59999999999914
                ],
                "index": 22,
                "time": [
                    "14:09:53",
                    "14:15:25",
                    "14:20:58",
                    "14:26:30",
                    "14:32:02",
                    "14:37:35",
                    "14:43:07",
                    "14:48:39",
                    "14:54:14",
                    "14:56:49",
                    "15:02:21",
                    "15:04:55",
                    "15:10:28",
                    "15:13:02",
                    "15:18:34",
                    "15:21:08",
                    "15:23:42",
                    "15:26:16",
                    "15:28:50",
                    "15:31:24",
                    "15:33:58",
                    "15:36:31"
                ],
                "total": 177.60000000000008
            }
        }
    }
]