[
  {
    "metrics": [
      {
        "reactor_utilization": {
          "shard": "0",
          "value": 82.856853459999996
        }
      },
      {
        "reactor_utilization": {
          "shard": "1",
          "value": 83.992079759999939
        }
      },
      {
        "reactor_utilization": {
          "shard": "2",
          "value": 83.619339539999956
        }
      },
      {
        "reactor_utilization": {
          "shard": "3",
          "value": 85.850420279999938
        }
      },
      {
        "reactor_utilization": {
          "shard": "4",
          "value": 73.682995319999932
        }
      },
      {
        "reactor_utilization": {
          "shard": "5",
          "value": 83.098320779999995
        }
      },
      {
        "reactor_utilization": {
          "shard": "6",
          "value": 81.783608599999951
        }
      },
      {
        "reactor_utilization": {
          "shard": "7",
          "value": 84.994086859999868
        }
      }
    ]
  },
  {
    "metrics": [
      {
        "reactor_utilization": {
          "shard": "0",
          "value": 81.993946279999989
        }
      },
      {
        "reactor_utilization": {
          "shard": "1",
          "value": 82.238648259999948
        }
      },
      {
        "reactor_utilization": {
          "shard": "2",
          "value": 82.707810079999959
        }
      },
      {
        "reactor_utilization": {
          "shard": "3",
          "value": 84.347580399999927
        }
      },
      {
        "reactor_utilization": {
          "shard": "4",
          "value": 72.777844599999924
        }
      },
      {
        "reactor_utilization": {
          "shard": "5",
          "value": 82.53427993999999
        }
      },
      {
        "reactor_utilization": {
          "shard": "6",
          "value": 81.169741259999967
        }
      },
      {
        "reactor_utilization": {
          "shard": "7",
          "value": 83.266006519999863
        }
      }
    ]
  },
  {
    "metrics": [
      {
        "reactor_utilization": {
          "shard": "0",
          "value": 81.829628259999993
        }
      },
      {
        "reactor_utilization": {
          "shard": "1",
          "value": 83.216342759999947
        }
      },
      {
        "reactor_utilization": {
          "shard": "2",
          "value": 81.463320959999947
        }
      },
      {
        "reactor_utilization": {
          "shard": "3",
          "value": 84.076287699999938
        }
      },
      {
        "reactor_utilization": {
          "shard": "4",
          "value": 73.51338575999992
        }
      },
      {
        "reactor_utilization": {
          "shard": "5",
          "value": 81.418742919999971
        }
      },
      {
        "reactor_utilization": {
          "shard": "6",
          "value": 82.411052519999956
        }
      },
      {
        "reactor_utilization": {
          "shard": "7",
          "value": 84.496896639999875
        }
      }
    ]
  },
  {
    "metrics": [
      {
        "reactor_utilization": {
          "shard": "0",
          "value": 81.010261039999989
        }
      },
      {
        "reactor_utilization": {
          "shard": "1",
          "value": 83.083082359999949
        }
      },
      {
        "reactor_utilization": {
          "shard": "2",
          "value": 82.786924879999944
        }
      },
      {
        "reactor_utilization": {
          "shard": "3",
          "value": 85.424937899999946
        }
      },
      {
        "reactor_utilization": {
          "shard": "4",
          "value": 74.274664619999925
        }
      },
      {
        "reactor_utilization": {
          "shard": "5",
          "value": 82.700683759999976
        }
      },
      {
        "reactor_utilization": {
          "shard": "6",
          "value": 81.712792779999972
        }
      },
      {
        "reactor_utilization": {
          "shard": "7",
          "value": 83.552418579999866
        }
      }
    ]
  },
  {
    "metrics": [
      {
        "reactor_utilization": {
          "shard": "0",
          "value": 83.65803833999999
        }
      },
      {
        "reactor_utilization": {
          "shard": "1",
          "value": 82.865404519999956
        }
      },
      {
        "reactor_utilization": {
          "shard": "2",
          "value": 82.901931739999952
        }
      },
      {
        "reactor_utilization": {
          "shard": "3",
          "value": 83.549493999999939
        }
      },
      {
        "reactor_utilization": {
          "shard": "4",
          "value": 71.971695819999937
        }
      },
      {
        "reactor_utilization": {
          "shard": "5",
          "value": 82.170193399999974
        }
      },
      {
        "reactor_utilization": {
          "shard": "6",
          "value": 81.870667879999971
        }
      },
      {
        "reactor_utilization": {
          "shard": "7",
          "value": 84.204208239999872
        }
      }
    ]
  },
  {
    "metrics": [
      {
        "reactor_utilization": {
          "shard": "0",
          "value": 81.888824259999993
        }
      },
      {
        "reactor_utilization": {
          "shard": "1",
          "value": 83.031397759999948
        }
      },
      {
        "reactor_utilization": {
          "shard": "2",
          "value": 83.285505579999949
        }
      },
      {
        "reactor_utilization": {
          "shard": "3",
          "value": 84.977665059999936
        }
      },
      {
        "reactor_utilization": {
          "shard": "4",
          "value": 73.692878719999939
        }
      },
      {
        "reactor_utilization": {
          "shard": "5",
          "value": 82.058732019999979
        }
      },
      {
        "reactor_utilization": {
          "shard": "6",
          "value": 81.559259959999963
        }
      },
      {
        "reactor_utilization": {
          "shard": "7",
          "value": 84.463455319999881
        }
      }
    ]
  },
  {
    "metrics": [
      {
        "reactor_utilization": {
          "shard": "0",
          "value": 81.707135419999986
        }
      },
      {
        "reactor_utilization": {
          "shard": "1",
          "value": 81.430820839999953
        }
      },
      {
        "reactor_utilization": {
          "shard": "2",
          "value": 81.061217119999966
        }
      },
      {
        "reactor_utilization": {
          "shard": "3",
          "value": 82.134765399999935
        }
      },
      {
        "reactor_utilization": {
          "shard": "4",
          "value": 73.693503659999948
        }
      },
      {
        "reactor_utilization": {
          "shard": "5",
          "value": 80.716326579999986
        }
      },
      {
        "reactor_utilization": {
          "shard": "6",
          "value": 80.995008019999972
        }
      },
      {
        "reactor_utilization": {
          "shard": "7",
          "value": 82.898291019999874
        }
      }
    ]
  },
  {
    "metrics": [
      {
        "reactor_utilization": {
          "shard": "0",
          "value": 83.072402099999991
        }
      },
      {
        "reactor_utilization": {
          "shard": "1",
          "value": 83.101436399999955
        }
      },
      {
        "reactor_utilization": {
          "shard": "2",
          "value": 83.418224159999951
        }
      },
      {
        "reactor_utilization": {
          "shard": "3",
          "value": 85.158614139999941
        }
      },
      {
        "reactor_utilization": {
          "shard": "4",
          "value": 73.896791079999957
        }
      },
      {
        "reactor_utilization": {
          "shard": "5",
          "value": 82.428511999999984
        }
      },
      {
        "reactor_utilization": {
          "shard": "6",
          "value": 82.437722679999965
        }
      },
      {
        "reactor_utilization": {
          "shard": "7",
          "value": 84.466149239999879
        }
      }
    ]
  },
  {
    "metrics": [
      {
        "reactor_utilization": {
          "shard": "0",
          "value": 83.510720059999983
        }
      },
      {
        "reactor_utilization": {
          "shard": "1",
          "value": 85.515491419999961
        }
      },
      {
        "reactor_utilization": {
          "shard": "2",
          "value": 84.214661059999969
        }
      },
      {
        "reactor_utilization": {
          "shard": "3",
          "value": 84.926809539999937
        }
      },
      {
        "reactor_utilization": {
          "shard": "4",
          "value": 74.872331819999943
        }
      },
      {
        "reactor_utilization": {
          "shard": "5",
          "value": 84.525680779999973
        }
      },
      {
        "reactor_utilization": {
          "shard": "6",
          "value": 82.960059159999972
        }
      },
      {
        "reactor_utilization": {
          "shard": "7",
          "value": 86.710460599999877
        }
      }
    ]
  },
  {
    "metrics": [
      {
        "reactor_utilization": {
          "shard": "0",
          "value": 82.87047007999999
        }
      },
      {
        "reactor_utilization": {
          "shard": "1",
          "value": 84.100266399999953
        }
      },
      {
        "reactor_utilization": {
          "shard": "2",
          "value": 83.169411959999962
        }
      },
      {
        "reactor_utilization": {
          "shard": "3",
          "value": 86.086511919999936
        }
      },
      {
        "reactor_utilization": {
          "shard": "4",
          "value": 75.884394879999945
        }
      },
      {
        "reactor_utilization": {
          "shard": "5",
          "value": 83.376790899999989
        }
      },
      {
        "reactor_utilization": {
          "shard": "6",
          "value": 83.143012939999977
        }
      },
      {
        "reactor_utilization": {
          "shard": "7",
          "value": 85.899059819999877
        }
      }
    ]
  },
  {
    "metrics": [
      {
        "reactor_utilization": {
          "shard": "0",
          "value": 84.040703639999975
        }
      },
      {
        "reactor_utilization": {
          "shard": "1",
          "value": 84.848962699999959
        }
      },
      {
        "reactor_utilization": {
          "shard": "2",
          "value": 83.955986859999967
        }
      },
      {
        "reactor_utilization": {
          "shard": "3",
          "value": 86.256273999999934
        }
      },
      {
        "reactor_utilization": {
          "shard": "4",
          "value": 75.644686739999941
        }
      },
      {
        "reactor_utilization": {
          "shard": "5",
          "value": 84.591630959999989
        }
      },
      {
        "reactor_utilization": {
          "shard": "6",
          "value": 82.96497343999998
        }
      },
      {
        "reactor_utilization": {
          "shard": "7",
          "value": 85.669854859999873
        }
      }
    ]
  },
  {
    "metrics": [
      {
        "reactor_utilization": {
          "shard": "0",
          "value": 84.157407139999975
        }
      },
      {
        "reactor_utilization": {
          "shard": "1",
          "value": 84.306494319999956
        }
      },
      {
        "reactor_utilization": {
          "shard": "2",
          "value": 83.982274379999964
        }
      },
      {
        "reactor_utilization": {
          "shard": "3",
          "value": 86.041749219999929
        }
      },
      {
        "reactor_utilization": {
          "shard": "4",
          "value": 76.287608759999941
        }
      },
      {
        "reactor_utilization": {
          "shard": "5",
          "value": 84.441255179999985
        }
      },
      {
        "reactor_utilization": {
          "shard": "6",
          "value": 84.69095425999997
        }
      },
      {
        "reactor_utilization": {
          "shard": "7",
          "value": 86.054521839999879
        }
      }
    ]
  },
  {
    "metrics": [
      {
        "reactor_utilization": {
          "shard": "0",
          "value": 82.666950479999983
        }
      },
      {
        "reactor_utilization": {
          "shard": "1",
          "value": 83.240017399999957
        }
      },
      {
        "reactor_utilization": {
          "shard": "2",
          "value": 84.768933479999959
        }
      },
      {
        "reactor_utilization": {
          "shard": "3",
          "value": 86.128759179999932
        }
      },
      {
        "reactor_utilization": {
          "shard": "4",
          "value": 74.125857319999938
        }
      },
      {
        "reactor_utilization": {
          "shard": "5",
          "value": 84.151505319999984
        }
      },
      {
        "reactor_utilization": {
          "shard": "6",
          "value": 83.354162699999961
        }
      },
      {
        "reactor_utilization": {
          "shard": "7",
          "value": 85.355552899999878
        }
      }
    ]
  },
  {
    "metrics": [
      {
        "reactor_utilization": {
          "shard": "0",
          "value": 82.146149499999979
        }
      },
      {
        "reactor_utilization": {
          "shard": "1",
          "value": 83.382450959999971
        }
      },
      {
        "reactor_utilization": {
          "shard": "2",
          "value": 82.264451439999959
        }
      },
      {
        "reactor_utilization": {
          "shard": "3",
          "value": 85.012301919999928
        }
      },
      {
        "reactor_utilization": {
          "shard": "4",
          "value": 76.484641039999943
        }
      },
      {
        "reactor_utilization": {
          "shard": "5",
          "value": 83.425889159999983
        }
      },
      {
        "reactor_utilization": {
          "shard": "6",
          "value": 80.575722399999975
        }
      },
      {
        "reactor_utilization": {
          "shard": "7",
          "value": 85.836697659999871
        }
      }
    ]
  },
  {
    "metrics": [
      {
        "reactor_utilization": {
          "shard": "0",
          "value": 83.878368199999983
        }
      },
      {
        "reactor_utilization": {
          "shard": "1",
          "value": 84.43790261999996
        }
      },
      {
        "reactor_utilization": {
          "shard": "2",
          "value": 84.352120839999969
        }
      },
      {
        "reactor_utilization": {
          "shard": "3",
          "value": 85.606163179999925
        }
      },
      {
        "reactor_utilization": {
          "shard": "4",
          "value": 75.239388559999938
        }
      },
      {
        "reactor_utilization": {
          "shard": "5",
          "value": 84.501738279999984
        }
      },
      {
        "reactor_utilization": {
          "shard": "6",
          "value": 82.730670139999972
        }
      },
      {
        "reactor_utilization": {
          "shard": "7",
          "value": 85.995136559999878
        }
      }
    ]
  },
  {
    "metrics": [
      {
        "reactor_utilization": {
          "shard": "0",
          "value": 83.367051219999979
        }
      },
      {
        "reactor_utilization": {
          "shard": "1",
          "value": 83.800956039999946
        }
      },
      {
        "reactor_utilization": {
          "shard": "2",
          "value": 83.116300239999958
        }
      },
      {
        "reactor_utilization": {
          "shard": "3",
          "value": 83.706158759999923
        }
      },
      {
        "reactor_utilization": {
          "shard": "4",
          "value": 75.437560999999945
        }
      },
      {
        "reactor_utilization": {
          "shard": "5",
          "value": 84.15644263999998
        }
      },
      {
        "reactor_utilization": {
          "shard": "6",
          "value": 81.205617859999961
        }
      },
      {
        "reactor_utilization": {
          "shard": "7",
          "value": 85.845111439999883
        }
      }
    ]
  },
  {
    "metrics": [
      {
        "reactor_utilization": {
          "shard": "0",
          "value": 82.487038679999984
        }
      },
      {
        "reactor_utilization": {
          "shard": "1",
          "value": 84.218749699999961
        }
      },
      {
        "reactor_utilization": {
          "shard": "2",
          "value": 84.532878059999959
        }
      },
      {
        "reactor_utilization": {
          "shard": "3",
          "value": 83.183864759999921
        }
      },
      {
        "reactor_utilization": {
          "shard": "4",
          "value": 73.681427699999929
        }
      },
      {
        "reactor_utilization": {
          "shard": "5",
          "value": 84.363593159999994
        }
      },
      {
        "reactor_utilization": {
          "shard": "6",
          "value": 82.473961899999964
        }
      },
      {
        "reactor_utilization": {
          "shard": "7",
          "value": 85.201101479999878
        }
      }
    ]
  },
  {
    "metrics": [
      {
        "reactor_utilization": {
          "shard": "0",
          "value": 81.739860999999976
        }
      },
      {
        "reactor_utilization": {
          "shard": "1",
          "value": 82.470945659999956
        }
      },
      {
        "reactor_utilization": {
          "shard": "2",
          "value": 82.893156639999972
        }
      },
      {
        "reactor_utilization": {
          "shard": "3",
          "value": 84.121959899999922
        }
      },
      {
        "reactor_utilization": {
          "shard": "4",
          "value": 72.551097799999937
        }
      },
      {
        "reactor_utilization": {
          "shard": "5",
          "value": 81.926124259999995
        }
      },
      {
        "reactor_utilization": {
          "shard": "6",
          "value": 80.423438199999978
        }
      },
      {
        "reactor_utilization": {
          "shard": "7",
          "value": 83.54751663999987
        }
      }
    ]
  },
  {
    "metrics": [
      {
        "reactor_utilization": {
          "shard": "0",
          "value": 81.484242059999985
        }
      },
      {
        "reactor_utilization": {
          "shard": "1",
          "value": 83.479648659999953
        }
      },
      {
        "reactor_utilization": {
          "shard": "2",
          "value": 82.768140959999954
        }
      },
      {
        "reactor_utilization": {
          "shard": "3",
          "value": 85.202602219999918
        }
      },
      {
        "reactor_utilization": {
          "shard": "4",
          "value": 74.417313679999936
        }
      },
      {
        "reactor_utilization": {
          "shard": "5",
          "value": 82.698701239999977
        }
      },
      {
        "reactor_utilization": {
          "shard": "6",
          "value": 81.475616099999968
        }
      },
      {
        "reactor_utilization": {
          "shard": "7",
          "value": 85.192916639999865
        }
      }
    ]
  },
  {
    "metrics": [
      {
        "reactor_utilization": {
          "shard": "0",
          "value": 84.025667019999986
        }
      },
      {
        "reactor_utilization": {
          "shard": "1",
          "value": 82.463467239999957
        }
      },
      {
        "reactor_utilization": {
          "shard": "2",
          "value": 84.205623959999954
        }
      },
      {
        "reactor_utilization": {
          "shard": "3",
          "value": 84.134595919999924
        }
      },
      {
        "reactor_utilization": {
          "shard": "4",
          "value": 72.797405919999932
        }
      },
      {
        "reactor_utilization": {
          "shard": "5",
          "value": 84.202024399999985
        }
      },
      {
        "reactor_utilization": {
          "shard": "6",
          "value": 82.174589639999979
        }
      },
      {
        "reactor_utilization": {
          "shard": "7",
          "value": 85.439689619999868
        }
      }
    ]
  },
  {
    "metrics": [
      {
        "reactor_utilization": {
          "shard": "0",
          "value": 83.646359479999987
        }
      },
      {
        "reactor_utilization": {
          "shard": "1",
          "value": 84.428764699999959
        }
      },
      {
        "reactor_utilization": {
          "shard": "2",
          "value": 84.565771879999957
        }
      },
      {
        "reactor_utilization": {
          "shard": "3",
          "value": 85.707079719999911
        }
      },
      {
        "reactor_utilization": {
          "shard": "4",
          "value": 74.423413239999931
        }
      },
      {
        "reactor_utilization": {
          "shard": "5",
          "value": 84.057241059999981
        }
      },
      {
        "reactor_utilization": {
          "shard": "6",
          "value": 83.868036419999967
        }
      },
      {
        "reactor_utilization": {
          "shard": "7",
          "value": 85.742808039999872
        }
      }
    ]
  },
  {
    "metrics": [
      {
        "reactor_utilization": {
          "shard": "0",
          "value": 83.922980039999985
        }
      },
      {
        "reactor_utilization": {
          "shard": "1",
          "value": 85.15077289999995
        }
      },
      {
        "reactor_utilization": {
          "shard": "2",
          "value": 83.47023139999996
        }
      },
      {
        "reactor_utilization": {
          "shard": "3",
          "value": 86.760428099999913
        }
      },
      {
        "reactor_utilization": {
          "shard": "4",
          "value": 76.037711819999927
        }
      },
      {
        "reactor_utilization": {
          "shard": "5",
          "value": 84.586585479999982
        }
      },
      {
        "reactor_utilization": {
          "shard": "6",
          "value": 82.722849219999972
        }
      },
      {
        "reactor_utilization": {
          "shard": "7",
          "value": 84.575543699999869
        }
      }
    ]
  },
  {
    "metrics": [
      {
        "reactor_utilization": {
          "shard": "0",
          "value": 83.956384499999984
        }
      },
      {
        "reactor_utilization": {
          "shard": "1",
          "value": 82.487115079999953
        }
      },
      {
        "reactor_utilization": {
          "shard": "2",
          "value": 83.741587659999951
        }
      },
      {
        "reactor_utilization": {
          "shard": "3",
          "value": 86.974341639999921
        }
      },
      {
        "reactor_utilization": {
          "shard": "4",
          "value": 74.593007279999938
        }
      },
      {
        "reactor_utilization": {
          "shard": "5",
          "value": 82.957288099999985
        }
      },
      {
        "reactor_utilization": {
          "shard": "6",
          "value": 81.565128319999985
        }
      },
      {
        "reactor_utilization": {
          "shard": "7",
          "value": 84.859677019999864
        }
      }
    ]
  },
  {
    "metrics": [
      {
        "reactor_utilization": {
          "shard": "0",
          "value": 83.53891373999997
        }
      },
      {
        "reactor_utilization": {
          "shard": "1",
          "value": 82.626311099999967
        }
      },
      {
        "reactor_utilization": {
          "shard": "2",
          "value": 84.624038839999955
        }
      },
      {
        "reactor_utilization": {
          "shard": "3",
          "value": 85.354288159999925
        }
      },
      {
        "reactor_utilization": {
          "shard": "4",
          "value": 75.171575439999941
        }
      },
      {
        "reactor_utilization": {
          "shard": "5",
          "value": 83.764403879999989
        }
      },
      {
        "reactor_utilization": {
          "shard": "6",
          "value": 82.977806239999964
        }
      },
      {
        "reactor_utilization": {
          "shard": "7",
          "value": 86.444622299999864
        }
      }
    ]
  }
]
