[
  {
    "metrics": [
      {
        "reactor_utilization": {
          "shard": "0",
          "value": 90.854649159999994
        }
      },
      {
        "reactor_utilization": {
          "shard": "1",
          "value": 90.205366599999778
        }
      },
      {
        "reactor_utilization": {
          "shard": "2",
          "value": 88.767301979999928
        }
      },
      {
        "reactor_utilization": {
          "shard": "3",
          "value": 90.872837459999971
        }
      },
      {
        "reactor_utilization": {
          "shard": "4",
          "value": 89.278960219999945
        }
      },
      {
        "reactor_utilization": {
          "shard": "5",
          "value": 90.958571760000041
        }
      },
      {
        "reactor_utilization": {
          "shard": "6",
          "value": 88.69494635999979
        }
      },
      {
        "reactor_utilization": {
          "shard": "7",
          "value": 99.999745439999714
        }
      }
    ]
  },
  {
    "metrics": [
      {
        "reactor_utilization": {
          "shard": "0",
          "value": 97.55444596000001
        }
      },
      {
        "reactor_utilization": {
          "shard": "1",
          "value": 93.398762859999778
        }
      },
      {
        "reactor_utilization": {
          "shard": "2",
          "value": 94.027280379999922
        }
      },
      {
        "reactor_utilization": {
          "shard": "3",
          "value": 93.514275719999986
        }
      },
      {
        "reactor_utilization": {
          "shard": "4",
          "value": 89.026912779999947
        }
      },
      {
        "reactor_utilization": {
          "shard": "5",
          "value": 88.184684000000033
        }
      },
      {
        "reactor_utilization": {
          "shard": "6",
          "value": 89.166576879999795
        }
      },
      {
        "reactor_utilization": {
          "shard": "7",
          "value": 91.890137939999732
        }
      }
    ]
  },
  {
    "metrics": [
      {
        "reactor_utilization": {
          "shard": "0",
          "value": 74.262401079999989
        }
      },
      {
        "reactor_utilization": {
          "shard": "1",
          "value": 77.682735939999773
        }
      },
      {
        "reactor_utilization": {
          "shard": "2",
          "value": 85.957839979999918
        }
      },
      {
        "reactor_utilization": {
          "shard": "3",
          "value": 85.406886399999976
        }
      },
      {
        "reactor_utilization": {
          "shard": "4",
          "value": 72.898934459999936
        }
      },
      {
        "reactor_utilization": {
          "shard": "5",
          "value": 82.270773700000035
        }
      },
      {
        "reactor_utilization": {
          "shard": "6",
          "value": 93.126447139999797
        }
      },
      {
        "reactor_utilization": {
          "shard": "7",
          "value": 91.106004899999732
        }
      }
    ]
  },
  {
    "metrics": [
      {
        "reactor_utilization": {
          "shard": "0",
          "value": 67.592820380000006
        }
      },
      {
        "reactor_utilization": {
          "shard": "1",
          "value": 66.202124139999754
        }
      },
      {
        "reactor_utilization": {
          "shard": "2",
          "value": 83.181551919999919
        }
      },
      {
        "reactor_utilization": {
          "shard": "3",
          "value": 66.930107219999968
        }
      },
      {
        "reactor_utilization": {
          "shard": "4",
          "value": 67.413962099999949
        }
      },
      {
        "reactor_utilization": {
          "shard": "5",
          "value": 74.763128860000023
        }
      },
      {
        "reactor_utilization": {
          "shard": "6",
          "value": 93.914958939999792
        }
      },
      {
        "reactor_utilization": {
          "shard": "7",
          "value": 94.769126099999724
        }
      }
    ]
  },
  {
    "metrics": [
      {
        "reactor_utilization": {
          "shard": "0",
          "value": 63.54966824000001
        }
      },
      {
        "reactor_utilization": {
          "shard": "1",
          "value": 62.329902759999769
        }
      },
      {
        "reactor_utilization": {
          "shard": "2",
          "value": 84.043686839999921
        }
      },
      {
        "reactor_utilization": {
          "shard": "3",
          "value": 63.943165019999967
        }
      },
      {
        "reactor_utilization": {
          "shard": "4",
          "value": 62.313798139999946
        }
      },
      {
        "reactor_utilization": {
          "shard": "5",
          "value": 66.530500160000017
        }
      },
      {
        "reactor_utilization": {
          "shard": "6",
          "value": 87.199777299999795
        }
      },
      {
        "reactor_utilization": {
          "shard": "7",
          "value": 99.751564559999721
        }
      }
    ]
  },
  {
    "metrics": [
      {
        "reactor_utilization": {
          "shard": "0",
          "value": 68.77565220000001
        }
      },
      {
        "reactor_utilization": {
          "shard": "1",
          "value": 68.428487359999764
        }
      },
      {
        "reactor_utilization": {
          "shard": "2",
          "value": 82.729964139999908
        }
      },
      {
        "reactor_utilization": {
          "shard": "3",
          "value": 64.416944499999971
        }
      },
      {
        "reactor_utilization": {
          "shard": "4",
          "value": 64.118240539999945
        }
      },
      {
        "reactor_utilization": {
          "shard": "5",
          "value": 66.273696900000019
        }
      },
      {
        "reactor_utilization": {
          "shard": "6",
          "value": 93.622172499999792
        }
      },
      {
        "reactor_utilization": {
          "shard": "7",
          "value": 99.664375559999726
        }
      }
    ]
  },
  {
    "metrics": [
      {
        "reactor_utilization": {
          "shard": "0",
          "value": 70.058836380000002
        }
      },
      {
        "reactor_utilization": {
          "shard": "1",
          "value": 69.970436079999772
        }
      },
      {
        "reactor_utilization": {
          "shard": "2",
          "value": 84.546570019999919
        }
      },
      {
        "reactor_utilization": {
          "shard": "3",
          "value": 68.169462759999973
        }
      },
      {
        "reactor_utilization": {
          "shard": "4",
          "value": 67.547188679999934
        }
      },
      {
        "reactor_utilization": {
          "shard": "5",
          "value": 71.543623980000021
        }
      },
      {
        "reactor_utilization": {
          "shard": "6",
          "value": 95.430419679999787
        }
      },
      {
        "reactor_utilization": {
          "shard": "7",
          "value": 99.415970179999718
        }
      }
    ]
  },
  {
    "metrics": [
      {
        "reactor_utilization": {
          "shard": "0",
          "value": 70.611935320000001
        }
      },
      {
        "reactor_utilization": {
          "shard": "1",
          "value": 70.12783513999976
        }
      },
      {
        "reactor_utilization": {
          "shard": "2",
          "value": 85.205207859999916
        }
      },
      {
        "reactor_utilization": {
          "shard": "3",
          "value": 69.24354461999998
        }
      },
      {
        "reactor_utilization": {
          "shard": "4",
          "value": 68.595983699999934
        }
      },
      {
        "reactor_utilization": {
          "shard": "5",
          "value": 73.009821760000023
        }
      },
      {
        "reactor_utilization": {
          "shard": "6",
          "value": 95.738167819999788
        }
      },
      {
        "reactor_utilization": {
          "shard": "7",
          "value": 99.994895239999721
        }
      }
    ]
  },
  {
    "metrics": [
      {
        "reactor_utilization": {
          "shard": "0",
          "value": 71.105652499999991
        }
      },
      {
        "reactor_utilization": {
          "shard": "1",
          "value": 70.749733539999767
        }
      },
      {
        "reactor_utilization": {
          "shard": "2",
          "value": 84.898014279999927
        }
      },
      {
        "reactor_utilization": {
          "shard": "3",
          "value": 68.942604959999983
        }
      },
      {
        "reactor_utilization": {
          "shard": "4",
          "value": 69.495895319999946
        }
      },
      {
        "reactor_utilization": {
          "shard": "5",
          "value": 73.509274600000026
        }
      },
      {
        "reactor_utilization": {
          "shard": "6",
          "value": 95.95634887999978
        }
      },
      {
        "reactor_utilization": {
          "shard": "7",
          "value": 99.934984419999722
        }
      }
    ]
  },
  {
    "metrics": [
      {
        "reactor_utilization": {
          "shard": "0",
          "value": 71.725319979999995
        }
      },
      {
        "reactor_utilization": {
          "shard": "1",
          "value": 70.124143679999747
        }
      },
      {
        "reactor_utilization": {
          "shard": "2",
          "value": 85.493505379999917
        }
      },
      {
        "reactor_utilization": {
          "shard": "3",
          "value": 68.743619459999977
        }
      },
      {
        "reactor_utilization": {
          "shard": "4",
          "value": 69.784271759999953
        }
      },
      {
        "reactor_utilization": {
          "shard": "5",
          "value": 73.367222400000017
        }
      },
      {
        "reactor_utilization": {
          "shard": "6",
          "value": 96.139344759999787
        }
      },
      {
        "reactor_utilization": {
          "shard": "7",
          "value": 99.959564179999731
        }
      }
    ]
  },
  {
    "metrics": [
      {
        "reactor_utilization": {
          "shard": "0",
          "value": 72.082784239999981
        }
      },
      {
        "reactor_utilization": {
          "shard": "1",
          "value": 71.107115339999766
        }
      },
      {
        "reactor_utilization": {
          "shard": "2",
          "value": 87.966016979999921
        }
      },
      {
        "reactor_utilization": {
          "shard": "3",
          "value": 70.97246505999999
        }
      },
      {
        "reactor_utilization": {
          "shard": "4",
          "value": 69.268104999999963
        }
      },
      {
        "reactor_utilization": {
          "shard": "5",
          "value": 74.590064600000019
        }
      },
      {
        "reactor_utilization": {
          "shard": "6",
          "value": 95.654817139999793
        }
      },
      {
        "reactor_utilization": {
          "shard": "7",
          "value": 99.941544859999738
        }
      }
    ]
  },
  {
    "metrics": [
      {
        "reactor_utilization": {
          "shard": "0",
          "value": 73.593088059999999
        }
      },
      {
        "reactor_utilization": {
          "shard": "1",
          "value": 72.16960015999976
        }
      },
      {
        "reactor_utilization": {
          "shard": "2",
          "value": 85.506015279999914
        }
      },
      {
        "reactor_utilization": {
          "shard": "3",
          "value": 70.030530719999973
        }
      },
      {
        "reactor_utilization": {
          "shard": "4",
          "value": 69.731674239999947
        }
      },
      {
        "reactor_utilization": {
          "shard": "5",
          "value": 73.880518660000021
        }
      },
      {
        "reactor_utilization": {
          "shard": "6",
          "value": 95.961587479999793
        }
      },
      {
        "reactor_utilization": {
          "shard": "7",
          "value": 99.997530099999736
        }
      }
    ]
  },
  {
    "metrics": [
      {
        "reactor_utilization": {
          "shard": "0",
          "value": 70.499593840000003
        }
      },
      {
        "reactor_utilization": {
          "shard": "1",
          "value": 70.095572719999751
        }
      },
      {
        "reactor_utilization": {
          "shard": "2",
          "value": 82.615550139999911
        }
      },
      {
        "reactor_utilization": {
          "shard": "3",
          "value": 66.209689379999972
        }
      },
      {
        "reactor_utilization": {
          "shard": "4",
          "value": 71.035309419999962
        }
      },
      {
        "reactor_utilization": {
          "shard": "5",
          "value": 69.732138980000016
        }
      },
      {
        "reactor_utilization": {
          "shard": "6",
          "value": 92.84139673999978
        }
      },
      {
        "reactor_utilization": {
          "shard": "7",
          "value": 95.470089699999733
        }
      }
    ]
  },
  {
    "metrics": [
      {
        "reactor_utilization": {
          "shard": "0",
          "value": 68.283119999999997
        }
      },
      {
        "reactor_utilization": {
          "shard": "1",
          "value": 67.679865299999747
        }
      },
      {
        "reactor_utilization": {
          "shard": "2",
          "value": 85.398967219999918
        }
      },
      {
        "reactor_utilization": {
          "shard": "3",
          "value": 69.195040999999975
        }
      },
      {
        "reactor_utilization": {
          "shard": "4",
          "value": 68.531411039999952
        }
      },
      {
        "reactor_utilization": {
          "shard": "5",
          "value": 72.259367660000024
        }
      },
      {
        "reactor_utilization": {
          "shard": "6",
          "value": 93.656418159999788
        }
      },
      {
        "reactor_utilization": {
          "shard": "7",
          "value": 97.605919839999729
        }
      }
    ]
  },
  {
    "metrics": [
      {
        "reactor_utilization": {
          "shard": "0",
          "value": 68.59651144
        }
      },
      {
        "reactor_utilization": {
          "shard": "1",
          "value": 68.974703259999757
        }
      },
      {
        "reactor_utilization": {
          "shard": "2",
          "value": 83.943916259999924
        }
      },
      {
        "reactor_utilization": {
          "shard": "3",
          "value": 70.085791079999964
        }
      },
      {
        "reactor_utilization": {
          "shard": "4",
          "value": 65.448967619999948
        }
      },
      {
        "reactor_utilization": {
          "shard": "5",
          "value": 71.528817280000027
        }
      },
      {
        "reactor_utilization": {
          "shard": "6",
          "value": 95.857061179999789
        }
      },
      {
        "reactor_utilization": {
          "shard": "7",
          "value": 98.238275459999727
        }
      }
    ]
  },
  {
    "metrics": [
      {
        "reactor_utilization": {
          "shard": "0",
          "value": 70.127942399999995
        }
      },
      {
        "reactor_utilization": {
          "shard": "1",
          "value": 69.76387257999977
        }
      },
      {
        "reactor_utilization": {
          "shard": "2",
          "value": 84.858767419999907
        }
      },
      {
        "reactor_utilization": {
          "shard": "3",
          "value": 68.894153639999971
        }
      },
      {
        "reactor_utilization": {
          "shard": "4",
          "value": 67.484186819999948
        }
      },
      {
        "reactor_utilization": {
          "shard": "5",
          "value": 72.260373020000017
        }
      },
      {
        "reactor_utilization": {
          "shard": "6",
          "value": 96.075509859999784
        }
      },
      {
        "reactor_utilization": {
          "shard": "7",
          "value": 99.495057859999719
        }
      }
    ]
  },
  {
    "metrics": [
      {
        "reactor_utilization": {
          "shard": "0",
          "value": 72.231123480000008
        }
      },
      {
        "reactor_utilization": {
          "shard": "1",
          "value": 70.62247937999976
        }
      },
      {
        "reactor_utilization": {
          "shard": "2",
          "value": 85.717907039999915
        }
      },
      {
        "reactor_utilization": {
          "shard": "3",
          "value": 70.079787099999962
        }
      },
      {
        "reactor_utilization": {
          "shard": "4",
          "value": 70.145512459999964
        }
      },
      {
        "reactor_utilization": {
          "shard": "5",
          "value": 74.015409140000017
        }
      },
      {
        "reactor_utilization": {
          "shard": "6",
          "value": 95.974113039999793
        }
      },
      {
        "reactor_utilization": {
          "shard": "7",
          "value": 99.998048679999727
        }
      }
    ]
  },
  {
    "metrics": [
      {
        "reactor_utilization": {
          "shard": "0",
          "value": 71.291500340000013
        }
      },
      {
        "reactor_utilization": {
          "shard": "1",
          "value": 70.697836259999747
        }
      },
      {
        "reactor_utilization": {
          "shard": "2",
          "value": 85.27511099999991
        }
      },
      {
        "reactor_utilization": {
          "shard": "3",
          "value": 69.605557339999962
        }
      },
      {
        "reactor_utilization": {
          "shard": "4",
          "value": 68.598946219999974
        }
      },
      {
        "reactor_utilization": {
          "shard": "5",
          "value": 71.753576080000016
        }
      },
      {
        "reactor_utilization": {
          "shard": "6",
          "value": 96.010889299999789
        }
      },
      {
        "reactor_utilization": {
          "shard": "7",
          "value": 99.998560879999729
        }
      }
    ]
  },
  {
    "metrics": [
      {
        "reactor_utilization": {
          "shard": "0",
          "value": 70.957531220000021
        }
      },
      {
        "reactor_utilization": {
          "shard": "1",
          "value": 69.678402339999749
        }
      },
      {
        "reactor_utilization": {
          "shard": "2",
          "value": 86.171576859999917
        }
      },
      {
        "reactor_utilization": {
          "shard": "3",
          "value": 68.418707199999957
        }
      },
      {
        "reactor_utilization": {
          "shard": "4",
          "value": 69.872031599999971
        }
      },
      {
        "reactor_utilization": {
          "shard": "5",
          "value": 75.23219370000001
        }
      },
      {
        "reactor_utilization": {
          "shard": "6",
          "value": 96.924569919999797
        }
      },
      {
        "reactor_utilization": {
          "shard": "7",
          "value": 99.919787639999726
        }
      }
    ]
  },
  {
    "metrics": [
      {
        "reactor_utilization": {
          "shard": "0",
          "value": 74.736634420000016
        }
      },
      {
        "reactor_utilization": {
          "shard": "1",
          "value": 72.30433729999973
        }
      },
      {
        "reactor_utilization": {
          "shard": "2",
          "value": 84.857059859999922
        }
      },
      {
        "reactor_utilization": {
          "shard": "3",
          "value": 69.903514059999949
        }
      },
      {
        "reactor_utilization": {
          "shard": "4",
          "value": 67.60253241999996
        }
      },
      {
        "reactor_utilization": {
          "shard": "5",
          "value": 73.063732440000024
        }
      },
      {
        "reactor_utilization": {
          "shard": "6",
          "value": 96.499044099999793
        }
      },
      {
        "reactor_utilization": {
          "shard": "7",
          "value": 99.473063579999732
        }
      }
    ]
  },
  {
    "metrics": [
      {
        "reactor_utilization": {
          "shard": "0",
          "value": 72.60631020000001
        }
      },
      {
        "reactor_utilization": {
          "shard": "1",
          "value": 70.709418879999745
        }
      },
      {
        "reactor_utilization": {
          "shard": "2",
          "value": 87.600261699999919
        }
      },
      {
        "reactor_utilization": {
          "shard": "3",
          "value": 70.110650099999958
        }
      },
      {
        "reactor_utilization": {
          "shard": "4",
          "value": 71.534415659999965
        }
      },
      {
        "reactor_utilization": {
          "shard": "5",
          "value": 74.927038700000011
        }
      },
      {
        "reactor_utilization": {
          "shard": "6",
          "value": 95.73217059999979
        }
      },
      {
        "reactor_utilization": {
          "shard": "7",
          "value": 99.815963199999729
        }
      }
    ]
  },
  {
    "metrics": [
      {
        "reactor_utilization": {
          "shard": "0",
          "value": 71.408496020000015
        }
      },
      {
        "reactor_utilization": {
          "shard": "1",
          "value": 72.542523339999747
        }
      },
      {
        "reactor_utilization": {
          "shard": "2",
          "value": 86.964272759999915
        }
      },
      {
        "reactor_utilization": {
          "shard": "3",
          "value": 70.289124079999965
        }
      },
      {
        "reactor_utilization": {
          "shard": "4",
          "value": 68.131692519999959
        }
      },
      {
        "reactor_utilization": {
          "shard": "5",
          "value": 73.744918360000028
        }
      },
      {
        "reactor_utilization": {
          "shard": "6",
          "value": 97.513986059999795
        }
      },
      {
        "reactor_utilization": {
          "shard": "7",
          "value": 97.554482679999737
        }
      }
    ]
  },
  {
    "metrics": [
      {
        "reactor_utilization": {
          "shard": "0",
          "value": 70.253317220000014
        }
      },
      {
        "reactor_utilization": {
          "shard": "1",
          "value": 69.578552199999748
        }
      },
      {
        "reactor_utilization": {
          "shard": "2",
          "value": 85.603898119999926
        }
      },
      {
        "reactor_utilization": {
          "shard": "3",
          "value": 69.231202899999957
        }
      },
      {
        "reactor_utilization": {
          "shard": "4",
          "value": 67.281980579999953
        }
      },
      {
        "reactor_utilization": {
          "shard": "5",
          "value": 71.828005660000031
        }
      },
      {
        "reactor_utilization": {
          "shard": "6",
          "value": 95.831014959999791
        }
      },
      {
        "reactor_utilization": {
          "shard": "7",
          "value": 99.999605179999733
        }
      }
    ]
  },
  {
    "metrics": [
      {
        "reactor_utilization": {
          "shard": "0",
          "value": 72.305396920000021
        }
      },
      {
        "reactor_utilization": {
          "shard": "1",
          "value": 71.329768919999765
        }
      },
      {
        "reactor_utilization": {
          "shard": "2",
          "value": 86.582111619999921
        }
      },
      {
        "reactor_utilization": {
          "shard": "3",
          "value": 68.780499239999955
        }
      },
      {
        "reactor_utilization": {
          "shard": "4",
          "value": 70.251485779999953
        }
      },
      {
        "reactor_utilization": {
          "shard": "5",
          "value": 74.70914666000003
        }
      },
      {
        "reactor_utilization": {
          "shard": "6",
          "value": 97.148166659999788
        }
      },
      {
        "reactor_utilization": {
          "shard": "7",
          "value": 99.87736147999972
        }
      }
    ]
  }
]
