[
  {
    "metrics": [
      {
        "reactor_utilization": {
          "shard": "0",
          "value": 77.125416999999956
        }
      },
      {
        "reactor_utilization": {
          "shard": "1",
          "value": 78.423715799999982
        }
      },
      {
        "reactor_utilization": {
          "shard": "2",
          "value": 78.128112759999951
        }
      },
      {
        "reactor_utilization": {
          "shard": "3",
          "value": 79.604361099999949
        }
      },
      {
        "reactor_utilization": {
          "shard": "4",
          "value": 68.353214419999986
        }
      },
      {
        "reactor_utilization": {
          "shard": "5",
          "value": 76.382167559999985
        }
      },
      {
        "reactor_utilization": {
          "shard": "6",
          "value": 76.233126780000006
        }
      },
      {
        "reactor_utilization": {
          "shard": "7",
          "value": 79.28729221999987
        }
      }
    ]
  },
  {
    "metrics": [
      {
        "reactor_utilization": {
          "shard": "0",
          "value": 78.251460639999948
        }
      },
      {
        "reactor_utilization": {
          "shard": "1",
          "value": 78.469103999999973
        }
      },
      {
        "reactor_utilization": {
          "shard": "2",
          "value": 78.255112879999956
        }
      },
      {
        "reactor_utilization": {
          "shard": "3",
          "value": 79.724621659999968
        }
      },
      {
        "reactor_utilization": {
          "shard": "4",
          "value": 69.680781259999989
        }
      },
      {
        "reactor_utilization": {
          "shard": "5",
          "value": 77.37228275999999
        }
      },
      {
        "reactor_utilization": {
          "shard": "6",
          "value": 76.36100728000001
        }
      },
      {
        "reactor_utilization": {
          "shard": "7",
          "value": 79.13194139999986
        }
      }
    ]
  },
  {
    "metrics": [
      {
        "reactor_utilization": {
          "shard": "0",
          "value": 77.944023119999954
        }
      },
      {
        "reactor_utilization": {
          "shard": "1",
          "value": 76.173494339999976
        }
      },
      {
        "reactor_utilization": {
          "shard": "2",
          "value": 77.077164139999951
        }
      },
      {
        "reactor_utilization": {
          "shard": "3",
          "value": 79.573439659999963
        }
      },
      {
        "reactor_utilization": {
          "shard": "4",
          "value": 68.264270059999987
        }
      },
      {
        "reactor_utilization": {
          "shard": "5",
          "value": 77.226779559999997
        }
      },
      {
        "reactor_utilization": {
          "shard": "6",
          "value": 77.052238439999996
        }
      },
      {
        "reactor_utilization": {
          "shard": "7",
          "value": 79.247282199999873
        }
      }
    ]
  },
  {
    "metrics": [
      {
        "reactor_utilization": {
          "shard": "0",
          "value": 77.192636539999953
        }
      },
      {
        "reactor_utilization": {
          "shard": "1",
          "value": 76.165614979999972
        }
      },
      {
        "reactor_utilization": {
          "shard": "2",
          "value": 76.454663219999958
        }
      },
      {
        "reactor_utilization": {
          "shard": "3",
          "value": 79.468032859999951
        }
      },
      {
        "reactor_utilization": {
          "shard": "4",
          "value": 67.558191599999986
        }
      },
      {
        "reactor_utilization": {
          "shard": "5",
          "value": 75.479476519999992
        }
      },
      {
        "reactor_utilization": {
          "shard": "6",
          "value": 76.306739260000001
        }
      },
      {
        "reactor_utilization": {
          "shard": "7",
          "value": 78.148838459999865
        }
      }
    ]
  },
  {
    "metrics": [
      {
        "reactor_utilization": {
          "shard": "0",
          "value": 74.146384659999953
        }
      },
      {
        "reactor_utilization": {
          "shard": "1",
          "value": 76.168266759999966
        }
      },
      {
        "reactor_utilization": {
          "shard": "2",
          "value": 76.132792859999952
        }
      },
      {
        "reactor_utilization": {
          "shard": "3",
          "value": 77.943173759999951
        }
      },
      {
        "reactor_utilization": {
          "shard": "4",
          "value": 67.293556659999993
        }
      },
      {
        "reactor_utilization": {
          "shard": "5",
          "value": 75.154584659999983
        }
      },
      {
        "reactor_utilization": {
          "shard": "6",
          "value": 74.861645980000006
        }
      },
      {
        "reactor_utilization": {
          "shard": "7",
          "value": 78.149014699999867
        }
      }
    ]
  },
  {
    "metrics": [
      {
        "reactor_utilization": {
          "shard": "0",
          "value": 76.238924779999962
        }
      },
      {
        "reactor_utilization": {
          "shard": "1",
          "value": 76.595194819999961
        }
      },
      {
        "reactor_utilization": {
          "shard": "2",
          "value": 75.467450359999958
        }
      },
      {
        "reactor_utilization": {
          "shard": "3",
          "value": 77.359877759999947
        }
      },
      {
        "reactor_utilization": {
          "shard": "4",
          "value": 66.232154179999995
        }
      },
      {
        "reactor_utilization": {
          "shard": "5",
          "value": 74.607493779999984
        }
      },
      {
        "reactor_utilization": {
          "shard": "6",
          "value": 74.790806439999997
        }
      },
      {
        "reactor_utilization": {
          "shard": "7",
          "value": 77.273293919999858
        }
      }
    ]
  },
  {
    "metrics": [
      {
        "reactor_utilization": {
          "shard": "0",
          "value": 75.776718059999965
        }
      },
      {
        "reactor_utilization": {
          "shard": "1",
          "value": 76.48287883999997
        }
      },
      {
        "reactor_utilization": {
          "shard": "2",
          "value": 77.080132279999958
        }
      },
      {
        "reactor_utilization": {
          "shard": "3",
          "value": 77.44716355999995
        }
      },
      {
        "reactor_utilization": {
          "shard": "4",
          "value": 66.843095259999984
        }
      },
      {
        "reactor_utilization": {
          "shard": "5",
          "value": 75.75873125999999
        }
      },
      {
        "reactor_utilization": {
          "shard": "6",
          "value": 74.900738559999994
        }
      },
      {
        "reactor_utilization": {
          "shard": "7",
          "value": 77.931995579999878
        }
      }
    ]
  },
  {
    "metrics": [
      {
        "reactor_utilization": {
          "shard": "0",
          "value": 75.243770479999952
        }
      },
      {
        "reactor_utilization": {
          "shard": "1",
          "value": 75.26324883999996
        }
      },
      {
        "reactor_utilization": {
          "shard": "2",
          "value": 77.076397999999955
        }
      },
      {
        "reactor_utilization": {
          "shard": "3",
          "value": 77.248525959999952
        }
      },
      {
        "reactor_utilization": {
          "shard": "4",
          "value": 67.147012179999976
        }
      },
      {
        "reactor_utilization": {
          "shard": "5",
          "value": 75.392171819999987
        }
      },
      {
        "reactor_utilization": {
          "shard": "6",
          "value": 75.444303199999993
        }
      },
      {
        "reactor_utilization": {
          "shard": "7",
          "value": 77.88557447999986
        }
      }
    ]
  },
  {
    "metrics": [
      {
        "reactor_utilization": {
          "shard": "0",
          "value": 75.951591699999966
        }
      },
      {
        "reactor_utilization": {
          "shard": "1",
          "value": 76.707962879999968
        }
      },
      {
        "reactor_utilization": {
          "shard": "2",
          "value": 76.07761423999996
        }
      },
      {
        "reactor_utilization": {
          "shard": "3",
          "value": 77.993370419999948
        }
      },
      {
        "reactor_utilization": {
          "shard": "4",
          "value": 67.232482459999972
        }
      },
      {
        "reactor_utilization": {
          "shard": "5",
          "value": 75.248141879999991
        }
      },
      {
        "reactor_utilization": {
          "shard": "6",
          "value": 75.405011580000007
        }
      },
      {
        "reactor_utilization": {
          "shard": "7",
          "value": 76.991476719999866
        }
      }
    ]
  },
  {
    "metrics": [
      {
        "reactor_utilization": {
          "shard": "0",
          "value": 75.793384459999956
        }
      },
      {
        "reactor_utilization": {
          "shard": "1",
          "value": 76.612939859999969
        }
      },
      {
        "reactor_utilization": {
          "shard": "2",
          "value": 76.012204099999963
        }
      },
      {
        "reactor_utilization": {
          "shard": "3",
          "value": 77.866875439999944
        }
      },
      {
        "reactor_utilization": {
          "shard": "4",
          "value": 67.60574303999995
        }
      },
      {
        "reactor_utilization": {
          "shard": "5",
          "value": 75.289018819999981
        }
      },
      {
        "reactor_utilization": {
          "shard": "6",
          "value": 74.553828539999998
        }
      },
      {
        "reactor_utilization": {
          "shard": "7",
          "value": 77.915472779999874
        }
      }
    ]
  },
  {
    "metrics": [
      {
        "reactor_utilization": {
          "shard": "0",
          "value": 76.250173599999954
        }
      },
      {
        "reactor_utilization": {
          "shard": "1",
          "value": 75.763687719999965
        }
      },
      {
        "reactor_utilization": {
          "shard": "2",
          "value": 75.323442819999968
        }
      },
      {
        "reactor_utilization": {
          "shard": "3",
          "value": 77.604943859999949
        }
      },
      {
        "reactor_utilization": {
          "shard": "4",
          "value": 67.882819359999957
        }
      },
      {
        "reactor_utilization": {
          "shard": "5",
          "value": 74.91922255999998
        }
      },
      {
        "reactor_utilization": {
          "shard": "6",
          "value": 75.182150959999987
        }
      },
      {
        "reactor_utilization": {
          "shard": "7",
          "value": 77.196954579999883
        }
      }
    ]
  },
  {
    "metrics": [
      {
        "reactor_utilization": {
          "shard": "0",
          "value": 74.812802159999976
        }
      },
      {
        "reactor_utilization": {
          "shard": "1",
          "value": 76.809246739999963
        }
      },
      {
        "reactor_utilization": {
          "shard": "2",
          "value": 74.984501339999937
        }
      },
      {
        "reactor_utilization": {
          "shard": "3",
          "value": 77.111801039999946
        }
      },
      {
        "reactor_utilization": {
          "shard": "4",
          "value": 67.471361759999965
        }
      },
      {
        "reactor_utilization": {
          "shard": "5",
          "value": 74.267801839999976
        }
      },
      {
        "reactor_utilization": {
          "shard": "6",
          "value": 75.316767119999994
        }
      },
      {
        "reactor_utilization": {
          "shard": "7",
          "value": 77.330386179999877
        }
      }
    ]
  },
  {
    "metrics": [
      {
        "reactor_utilization": {
          "shard": "0",
          "value": 74.883525239999969
        }
      },
      {
        "reactor_utilization": {
          "shard": "1",
          "value": 76.371920759999952
        }
      },
      {
        "reactor_utilization": {
          "shard": "2",
          "value": 76.037523659999948
        }
      },
      {
        "reactor_utilization": {
          "shard": "3",
          "value": 78.288101819999952
        }
      },
      {
        "reactor_utilization": {
          "shard": "4",
          "value": 68.365169419999958
        }
      },
      {
        "reactor_utilization": {
          "shard": "5",
          "value": 76.244144979999987
        }
      },
      {
        "reactor_utilization": {
          "shard": "6",
          "value": 76.18571965999999
        }
      },
      {
        "reactor_utilization": {
          "shard": "7",
          "value": 77.799250819999884
        }
      }
    ]
  },
  {
    "metrics": [
      {
        "reactor_utilization": {
          "shard": "0",
          "value": 75.520431559999963
        }
      },
      {
        "reactor_utilization": {
          "shard": "1",
          "value": 75.315917159999955
        }
      },
      {
        "reactor_utilization": {
          "shard": "2",
          "value": 75.173746279999961
        }
      },
      {
        "reactor_utilization": {
          "shard": "3",
          "value": 77.733316199999948
        }
      },
      {
        "reactor_utilization": {
          "shard": "4",
          "value": 67.122511599999967
        }
      },
      {
        "reactor_utilization": {
          "shard": "5",
          "value": 75.500078999999971
        }
      },
      {
        "reactor_utilization": {
          "shard": "6",
          "value": 74.571765359999986
        }
      },
      {
        "reactor_utilization": {
          "shard": "7",
          "value": 76.530731739999879
        }
      }
    ]
  },
  {
    "metrics": [
      {
        "reactor_utilization": {
          "shard": "0",
          "value": 75.40775337999996
        }
      },
      {
        "reactor_utilization": {
          "shard": "1",
          "value": 75.664243879999972
        }
      },
      {
        "reactor_utilization": {
          "shard": "2",
          "value": 76.127136919999955
        }
      },
      {
        "reactor_utilization": {
          "shard": "3",
          "value": 78.304587719999958
        }
      },
      {
        "reactor_utilization": {
          "shard": "4",
          "value": 67.796102179999977
        }
      },
      {
        "reactor_utilization": {
          "shard": "5",
          "value": 76.296777159999976
        }
      },
      {
        "reactor_utilization": {
          "shard": "6",
          "value": 75.838009879999987
        }
      },
      {
        "reactor_utilization": {
          "shard": "7",
          "value": 76.687890099999876
        }
      }
    ]
  },
  {
    "metrics": [
      {
        "reactor_utilization": {
          "shard": "0",
          "value": 74.45374477999998
        }
      },
      {
        "reactor_utilization": {
          "shard": "1",
          "value": 75.822438079999984
        }
      },
      {
        "reactor_utilization": {
          "shard": "2",
          "value": 75.22114837999996
        }
      },
      {
        "reactor_utilization": {
          "shard": "3",
          "value": 77.172371219999945
        }
      },
      {
        "reactor_utilization": {
          "shard": "4",
          "value": 67.115415419999962
        }
      },
      {
        "reactor_utilization": {
          "shard": "5",
          "value": 75.702375539999977
        }
      },
      {
        "reactor_utilization": {
          "shard": "6",
          "value": 74.534167719999985
        }
      },
      {
        "reactor_utilization": {
          "shard": "7",
          "value": 77.747997179999885
        }
      }
    ]
  },
  {
    "metrics": [
      {
        "reactor_utilization": {
          "shard": "0",
          "value": 75.960164659999975
        }
      },
      {
        "reactor_utilization": {
          "shard": "1",
          "value": 75.103719279999964
        }
      },
      {
        "reactor_utilization": {
          "shard": "2",
          "value": 75.796711079999952
        }
      },
      {
        "reactor_utilization": {
          "shard": "3",
          "value": 77.453586179999945
        }
      },
      {
        "reactor_utilization": {
          "shard": "4",
          "value": 68.945426219999973
        }
      },
      {
        "reactor_utilization": {
          "shard": "5",
          "value": 76.015193519999983
        }
      },
      {
        "reactor_utilization": {
          "shard": "6",
          "value": 72.947437079999986
        }
      },
      {
        "reactor_utilization": {
          "shard": "7",
          "value": 77.502411079999874
        }
      }
    ]
  },
  {
    "metrics": [
      {
        "reactor_utilization": {
          "shard": "0",
          "value": 74.882728239999977
        }
      },
      {
        "reactor_utilization": {
          "shard": "1",
          "value": 75.670393079999968
        }
      },
      {
        "reactor_utilization": {
          "shard": "2",
          "value": 75.144993819999968
        }
      },
      {
        "reactor_utilization": {
          "shard": "3",
          "value": 76.348923119999938
        }
      },
      {
        "reactor_utilization": {
          "shard": "4",
          "value": 66.275897719999975
        }
      },
      {
        "reactor_utilization": {
          "shard": "5",
          "value": 75.691581879999987
        }
      },
      {
        "reactor_utilization": {
          "shard": "6",
          "value": 74.476439919999976
        }
      },
      {
        "reactor_utilization": {
          "shard": "7",
          "value": 77.028361119999872
        }
      }
    ]
  },
  {
    "metrics": [
      {
        "reactor_utilization": {
          "shard": "0",
          "value": 75.433650839999984
        }
      },
      {
        "reactor_utilization": {
          "shard": "1",
          "value": 76.065843419999965
        }
      },
      {
        "reactor_utilization": {
          "shard": "2",
          "value": 75.512235639999957
        }
      },
      {
        "reactor_utilization": {
          "shard": "3",
          "value": 78.103215979999945
        }
      },
      {
        "reactor_utilization": {
          "shard": "4",
          "value": 66.770512219999972
        }
      },
      {
        "reactor_utilization": {
          "shard": "5",
          "value": 75.153191039999982
        }
      },
      {
        "reactor_utilization": {
          "shard": "6",
          "value": 74.291552999999993
        }
      },
      {
        "reactor_utilization": {
          "shard": "7",
          "value": 77.615532459999883
        }
      }
    ]
  },
  {
    "metrics": [
      {
        "reactor_utilization": {
          "shard": "0",
          "value": 75.300844899999973
        }
      },
      {
        "reactor_utilization": {
          "shard": "1",
          "value": 75.717851299999978
        }
      },
      {
        "reactor_utilization": {
          "shard": "2",
          "value": 76.363529519999958
        }
      },
      {
        "reactor_utilization": {
          "shard": "3",
          "value": 75.327985799999951
        }
      },
      {
        "reactor_utilization": {
          "shard": "4",
          "value": 66.435975259999964
        }
      },
      {
        "reactor_utilization": {
          "shard": "5",
          "value": 75.134044459999984
        }
      },
      {
        "reactor_utilization": {
          "shard": "6",
          "value": 73.999596579999988
        }
      },
      {
        "reactor_utilization": {
          "shard": "7",
          "value": 77.423824819999894
        }
      }
    ]
  },
  {
    "metrics": [
      {
        "reactor_utilization": {
          "shard": "0",
          "value": 75.93720519999998
        }
      },
      {
        "reactor_utilization": {
          "shard": "1",
          "value": 76.269258679999979
        }
      },
      {
        "reactor_utilization": {
          "shard": "2",
          "value": 75.782224519999957
        }
      },
      {
        "reactor_utilization": {
          "shard": "3",
          "value": 76.014370999999954
        }
      },
      {
        "reactor_utilization": {
          "shard": "4",
          "value": 66.535072319999955
        }
      },
      {
        "reactor_utilization": {
          "shard": "5",
          "value": 74.706673199999969
        }
      },
      {
        "reactor_utilization": {
          "shard": "6",
          "value": 73.755656999999971
        }
      },
      {
        "reactor_utilization": {
          "shard": "7",
          "value": 77.364311919999878
        }
      }
    ]
  },
  {
    "metrics": [
      {
        "reactor_utilization": {
          "shard": "0",
          "value": 75.292620479999982
        }
      },
      {
        "reactor_utilization": {
          "shard": "1",
          "value": 76.459569659999971
        }
      },
      {
        "reactor_utilization": {
          "shard": "2",
          "value": 76.643472679999959
        }
      },
      {
        "reactor_utilization": {
          "shard": "3",
          "value": 77.456342459999945
        }
      },
      {
        "reactor_utilization": {
          "shard": "4",
          "value": 66.553010959999952
        }
      },
      {
        "reactor_utilization": {
          "shard": "5",
          "value": 75.148152159999967
        }
      },
      {
        "reactor_utilization": {
          "shard": "6",
          "value": 75.103613059999972
        }
      },
      {
        "reactor_utilization": {
          "shard": "7",
          "value": 76.414990439999897
        }
      }
    ]
  },
  {
    "metrics": [
      {
        "reactor_utilization": {
          "shard": "0",
          "value": 73.845433799999967
        }
      },
      {
        "reactor_utilization": {
          "shard": "1",
          "value": 74.187133139999986
        }
      },
      {
        "reactor_utilization": {
          "shard": "2",
          "value": 75.308607279999947
        }
      },
      {
        "reactor_utilization": {
          "shard": "3",
          "value": 76.817606359999942
        }
      },
      {
        "reactor_utilization": {
          "shard": "4",
          "value": 65.831740899999957
        }
      },
      {
        "reactor_utilization": {
          "shard": "5",
          "value": 74.593883919999968
        }
      },
      {
        "reactor_utilization": {
          "shard": "6",
          "value": 74.124504159999987
        }
      },
      {
        "reactor_utilization": {
          "shard": "7",
          "value": 77.474171759999891
        }
      }
    ]
  },
  {
    "metrics": [
      {
        "reactor_utilization": {
          "shard": "0",
          "value": 74.509922719999963
        }
      },
      {
        "reactor_utilization": {
          "shard": "1",
          "value": 75.213730719999973
        }
      },
      {
        "reactor_utilization": {
          "shard": "2",
          "value": 75.380645419999951
        }
      },
      {
        "reactor_utilization": {
          "shard": "3",
          "value": 76.757796559999932
        }
      },
      {
        "reactor_utilization": {
          "shard": "4",
          "value": 65.636836699999961
        }
      },
      {
        "reactor_utilization": {
          "shard": "5",
          "value": 75.341393839999967
        }
      },
      {
        "reactor_utilization": {
          "shard": "6",
          "value": 75.142551499999982
        }
      },
      {
        "reactor_utilization": {
          "shard": "7",
          "value": 76.428225879999886
        }
      }
    ]
  }
]
