[
  {
    "metrics": [
      {
        "reactor_utilization": {
          "shard": "0",
          "value": 81.295944939999984
        }
      },
      {
        "reactor_utilization": {
          "shard": "1",
          "value": 81.144239399999833
        }
      },
      {
        "reactor_utilization": {
          "shard": "2",
          "value": 81.709326579999939
        }
      },
      {
        "reactor_utilization": {
          "shard": "3",
          "value": 84.485413259999945
        }
      },
      {
        "reactor_utilization": {
          "shard": "4",
          "value": 78.775298539999852
        }
      },
      {
        "reactor_utilization": {
          "shard": "5",
          "value": 94.237678139999986
        }
      },
      {
        "reactor_utilization": {
          "shard": "6",
          "value": 87.8139059599999
        }
      },
      {
        "reactor_utilization": {
          "shard": "7",
          "value": 99.999999999999844
        }
      }
    ]
  },
  {
    "metrics": [
      {
        "reactor_utilization": {
          "shard": "0",
          "value": 80.59680603999999
        }
      },
      {
        "reactor_utilization": {
          "shard": "1",
          "value": 81.561877879999841
        }
      },
      {
        "reactor_utilization": {
          "shard": "2",
          "value": 80.562400499999939
        }
      },
      {
        "reactor_utilization": {
          "shard": "3",
          "value": 85.601909119999945
        }
      },
      {
        "reactor_utilization": {
          "shard": "4",
          "value": 78.74267649999986
        }
      },
      {
        "reactor_utilization": {
          "shard": "5",
          "value": 90.259899419999982
        }
      },
      {
        "reactor_utilization": {
          "shard": "6",
          "value": 86.368121159999902
        }
      },
      {
        "reactor_utilization": {
          "shard": "7",
          "value": 99.999999999999844
        }
      }
    ]
  },
  {
    "metrics": [
      {
        "reactor_utilization": {
          "shard": "0",
          "value": 38.062052879999996
        }
      },
      {
        "reactor_utilization": {
          "shard": "1",
          "value": 52.051081199999835
        }
      },
      {
        "reactor_utilization": {
          "shard": "2",
          "value": 47.465006779999939
        }
      },
      {
        "reactor_utilization": {
          "shard": "3",
          "value": 44.498338719999943
        }
      },
      {
        "reactor_utilization": {
          "shard": "4",
          "value": 43.452158119999851
        }
      },
      {
        "reactor_utilization": {
          "shard": "5",
          "value": 45.451478959999967
        }
      },
      {
        "reactor_utilization": {
          "shard": "6",
          "value": 52.429865039999903
        }
      },
      {
        "reactor_utilization": {
          "shard": "7",
          "value": 62.358453419999847
        }
      }
    ]
  },
  {
    "metrics": [
      {
        "reactor_utilization": {
          "shard": "0",
          "value": 0.16042433999998718
        }
      },
      {
        "reactor_utilization": {
          "shard": "1",
          "value": 0.047447999999850055
        }
      },
      {
        "reactor_utilization": {
          "shard": "2",
          "value": 0.086272279999943802
        }
      },
      {
        "reactor_utilization": {
          "shard": "3",
          "value": 0.059942959999936818
        }
      },
      {
        "reactor_utilization": {
          "shard": "4",
          "value": 0.060098099999839061
        }
      },
      {
        "reactor_utilization": {
          "shard": "5",
          "value": 0.059221199999970331
        }
      },
      {
        "reactor_utilization": {
          "shard": "6",
          "value": 0.054062959999900961
        }
      },
      {
        "reactor_utilization": {
          "shard": "7",
          "value": 0.072138719999836898
        }
      }
    ]
  },
  {
    "metrics": [
      {
        "reactor_utilization": {
          "shard": "0",
          "value": 0.10939219999998029
        }
      },
      {
        "reactor_utilization": {
          "shard": "1",
          "value": 0.064415299999842635
        }
      },
      {
        "reactor_utilization": {
          "shard": "2",
          "value": 0.024486979999949199
        }
      },
      {
        "reactor_utilization": {
          "shard": "3",
          "value": 0.041321139999939138
        }
      },
      {
        "reactor_utilization": {
          "shard": "4",
          "value": 0.030613299999826538
        }
      },
      {
        "reactor_utilization": {
          "shard": "5",
          "value": 0.039311019999987984
        }
      },
      {
        "reactor_utilization": {
          "shard": "6",
          "value": 0.074925719999918705
        }
      },
      {
        "reactor_utilization": {
          "shard": "7",
          "value": 0.054061659999826706
        }
      }
    ]
  },
  {
    "metrics": [
      {
        "reactor_utilization": {
          "shard": "0",
          "value": 0.11808633999998985
        }
      },
      {
        "reactor_utilization": {
          "shard": "1",
          "value": 0.032320639999827705
        }
      },
      {
        "reactor_utilization": {
          "shard": "2",
          "value": 0.03945539999994363
        }
      },
      {
        "reactor_utilization": {
          "shard": "3",
          "value": 0.049537519999931501
        }
      },
      {
        "reactor_utilization": {
          "shard": "4",
          "value": 0.010939279999822027
        }
      },
      {
        "reactor_utilization": {
          "shard": "5",
          "value": 0.015891979999982375
        }
      },
      {
        "reactor_utilization": {
          "shard": "6",
          "value": 0.030831059999913979
        }
      },
      {
        "reactor_utilization": {
          "shard": "7",
          "value": 0.039961399999810521
        }
      }
    ]
  },
  {
    "metrics": [
      {
        "reactor_utilization": {
          "shard": "0",
          "value": 0.10318025999997982
        }
      },
      {
        "reactor_utilization": {
          "shard": "1",
          "value": 0.052130599999844485
        }
      },
      {
        "reactor_utilization": {
          "shard": "2",
          "value": 0.060164799999939955
        }
      },
      {
        "reactor_utilization": {
          "shard": "3",
          "value": 0.038639759999936629
        }
      },
      {
        "reactor_utilization": {
          "shard": "4",
          "value": 0.037952679999819772
        }
      },
      {
        "reactor_utilization": {
          "shard": "5",
          "value": 0.041922100000013618
        }
      },
      {
        "reactor_utilization": {
          "shard": "6",
          "value": 0.059783299999938144
        }
      },
      {
        "reactor_utilization": {
          "shard": "7",
          "value": 0.068107559999819323
        }
      }
    ]
  },
  {
    "metrics": [
      {
        "reactor_utilization": {
          "shard": "0",
          "value": 0.071867619999987919
        }
      },
      {
        "reactor_utilization": {
          "shard": "1",
          "value": 0.027097279999821478
        }
      },
      {
        "reactor_utilization": {
          "shard": "2",
          "value": 0.028407819999942685
        }
      },
      {
        "reactor_utilization": {
          "shard": "3",
          "value": 0.019905359999961014
        }
      },
      {
        "reactor_utilization": {
          "shard": "4",
          "value": 0.020100019999824692
        }
      },
      {
        "reactor_utilization": {
          "shard": "5",
          "value": 0.022810880000023737
        }
      },
      {
        "reactor_utilization": {
          "shard": "6",
          "value": 0.03609065999994332
        }
      },
      {
        "reactor_utilization": {
          "shard": "7",
          "value": 0.028690399999842242
        }
      }
    ]
  },
  {
    "metrics": [
      {
        "reactor_utilization": {
          "shard": "0",
          "value": 0.053580159999988552
        }
      },
      {
        "reactor_utilization": {
          "shard": "1",
          "value": 0.034384239999818433
        }
      },
      {
        "reactor_utilization": {
          "shard": "2",
          "value": 0.032890819999920051
        }
      },
      {
        "reactor_utilization": {
          "shard": "3",
          "value": 0.028329899999945951
        }
      },
      {
        "reactor_utilization": {
          "shard": "4",
          "value": 0.031618559999835316
        }
      },
      {
        "reactor_utilization": {
          "shard": "5",
          "value": 0.035543180000019436
        }
      },
      {
        "reactor_utilization": {
          "shard": "6",
          "value": 0.050633559999946343
        }
      },
      {
        "reactor_utilization": {
          "shard": "7",
          "value": 0.055123479999852343
        }
      }
    ]
  },
  {
    "metrics": [
      {
        "reactor_utilization": {
          "shard": "0",
          "value": 0.066663099999997311
        }
      },
      {
        "reactor_utilization": {
          "shard": "1",
          "value": 0.027438439999816211
        }
      },
      {
        "reactor_utilization": {
          "shard": "2",
          "value": 0.033094179999937356
        }
      },
      {
        "reactor_utilization": {
          "shard": "3",
          "value": 0.030132459999931971
        }
      },
      {
        "reactor_utilization": {
          "shard": "4",
          "value": 0.027999579999848923
        }
      },
      {
        "reactor_utilization": {
          "shard": "5",
          "value": 0.032826540000030491
        }
      },
      {
        "reactor_utilization": {
          "shard": "6",
          "value": 0.038958699999946944
        }
      },
      {
        "reactor_utilization": {
          "shard": "7",
          "value": 0.03261825999983925
        }
      }
    ]
  },
  {
    "metrics": [
      {
        "reactor_utilization": {
          "shard": "0",
          "value": 0.049637979999994641
        }
      },
      {
        "reactor_utilization": {
          "shard": "1",
          "value": 0.012272559999815247
        }
      },
      {
        "reactor_utilization": {
          "shard": "2",
          "value": 0.029290499999934383
        }
      },
      {
        "reactor_utilization": {
          "shard": "3",
          "value": 0.019991759999937742
        }
      },
      {
        "reactor_utilization": {
          "shard": "4",
          "value": 0.016101159999859505
        }
      },
      {
        "reactor_utilization": {
          "shard": "5",
          "value": 0.021358140000027337
        }
      },
      {
        "reactor_utilization": {
          "shard": "6",
          "value": 0.021459439999960139
        }
      },
      {
        "reactor_utilization": {
          "shard": "7",
          "value": 0.019383259999850022
        }
      }
    ]
  },
  {
    "metrics": [
      {
        "reactor_utilization": {
          "shard": "0",
          "value": 0.067534200000030076
        }
      },
      {
        "reactor_utilization": {
          "shard": "1",
          "value": 0.027399479999790088
        }
      },
      {
        "reactor_utilization": {
          "shard": "2",
          "value": 0.030037899999935114
        }
      },
      {
        "reactor_utilization": {
          "shard": "3",
          "value": 0.027736679999923464
        }
      },
      {
        "reactor_utilization": {
          "shard": "4",
          "value": 0.030585839999841546
        }
      },
      {
        "reactor_utilization": {
          "shard": "5",
          "value": 0.031285400000014008
        }
      },
      {
        "reactor_utilization": {
          "shard": "6",
          "value": 0.021043019999944512
        }
      },
      {
        "reactor_utilization": {
          "shard": "7",
          "value": 0.0304678599998498
        }
      }
    ]
  },
  {
    "metrics": [
      {
        "reactor_utilization": {
          "shard": "0",
          "value": 0.075225340000018015
        }
      },
      {
        "reactor_utilization": {
          "shard": "1",
          "value": 0.026874499999807178
        }
      },
      {
        "reactor_utilization": {
          "shard": "2",
          "value": 0.018384099999924075
        }
      },
      {
        "reactor_utilization": {
          "shard": "3",
          "value": 0.030559859999912398
        }
      },
      {
        "reactor_utilization": {
          "shard": "4",
          "value": 0.034005619999843972
        }
      },
      {
        "reactor_utilization": {
          "shard": "5",
          "value": 0.034857780000008276
        }
      },
      {
        "reactor_utilization": {
          "shard": "6",
          "value": 0.045059599999952571
        }
      },
      {
        "reactor_utilization": {
          "shard": "7",
          "value": 0.021008519999865527
        }
      }
    ]
  },
  {
    "metrics": [
      {
        "reactor_utilization": {
          "shard": "0",
          "value": 0.053740760000009491
        }
      },
      {
        "reactor_utilization": {
          "shard": "1",
          "value": 0.019094759999793709
        }
      },
      {
        "reactor_utilization": {
          "shard": "2",
          "value": 0.02605773999991845
        }
      },
      {
        "reactor_utilization": {
          "shard": "3",
          "value": 0.014761339999913581
        }
      },
      {
        "reactor_utilization": {
          "shard": "4",
          "value": 0.0052599599998259805
        }
      },
      {
        "reactor_utilization": {
          "shard": "5",
          "value": 0.010272420000012605
        }
      },
      {
        "reactor_utilization": {
          "shard": "6",
          "value": 0.024666419999941347
        }
      },
      {
        "reactor_utilization": {
          "shard": "7",
          "value": 0.023458939999854156
        }
      }
    ]
  },
  {
    "metrics": [
      {
        "reactor_utilization": {
          "shard": "0",
          "value": 0.38379040000000586
        }
      },
      {
        "reactor_utilization": {
          "shard": "1",
          "value": 0.045672159999810003
        }
      },
      {
        "reactor_utilization": {
          "shard": "2",
          "value": 0.046087279999917907
        }
      },
      {
        "reactor_utilization": {
          "shard": "3",
          "value": 0.015711159999920454
        }
      },
      {
        "reactor_utilization": {
          "shard": "4",
          "value": 0.026627719999849919
        }
      },
      {
        "reactor_utilization": {
          "shard": "5",
          "value": 0.043336720000008988
        }
      },
      {
        "reactor_utilization": {
          "shard": "6",
          "value": 0.96151233999993702
        }
      },
      {
        "reactor_utilization": {
          "shard": "7",
          "value": 0.043963139999836365
        }
      }
    ]
  },
  {
    "metrics": [
      {
        "reactor_utilization": {
          "shard": "0",
          "value": 0.077854939999999484
        }
      },
      {
        "reactor_utilization": {
          "shard": "1",
          "value": 0.63726963999980457
        }
      },
      {
        "reactor_utilization": {
          "shard": "2",
          "value": 0.5124014599999227
        }
      },
      {
        "reactor_utilization": {
          "shard": "3",
          "value": 0.044328119999925697
        }
      },
      {
        "reactor_utilization": {
          "shard": "4",
          "value": 0.053255719999834028
        }
      },
      {
        "reactor_utilization": {
          "shard": "5",
          "value": 0.76539200000002028
        }
      },
      {
        "reactor_utilization": {
          "shard": "6",
          "value": 0.049224999999952779
        }
      },
      {
        "reactor_utilization": {
          "shard": "7",
          "value": 0.4359746599998271
        }
      }
    ]
  },
  {
    "metrics": [
      {
        "reactor_utilization": {
          "shard": "0",
          "value": 0.090902839999995599
        }
      },
      {
        "reactor_utilization": {
          "shard": "1",
          "value": 0.021753119999767812
        }
      },
      {
        "reactor_utilization": {
          "shard": "2",
          "value": 0.021490959999903581
        }
      },
      {
        "reactor_utilization": {
          "shard": "3",
          "value": 0.016081699999914711
        }
      },
      {
        "reactor_utilization": {
          "shard": "4",
          "value": 0.016922459999835215
        }
      },
      {
        "reactor_utilization": {
          "shard": "5",
          "value": 0.019144740000021088
        }
      },
      {
        "reactor_utilization": {
          "shard": "6",
          "value": 0.025276159999965131
        }
      },
      {
        "reactor_utilization": {
          "shard": "7",
          "value": 0.019614779999832521
        }
      }
    ]
  },
  {
    "metrics": [
      {
        "reactor_utilization": {
          "shard": "0",
          "value": 0.046661959999994007
        }
      },
      {
        "reactor_utilization": {
          "shard": "1",
          "value": 0.02724141999977947
        }
      },
      {
        "reactor_utilization": {
          "shard": "2",
          "value": 0.0299658999999175
        }
      },
      {
        "reactor_utilization": {
          "shard": "3",
          "value": 0.026213459999913091
        }
      },
      {
        "reactor_utilization": {
          "shard": "4",
          "value": 0.025633899999810694
        }
      },
      {
        "reactor_utilization": {
          "shard": "5",
          "value": 0.029247259999998221
        }
      },
      {
        "reactor_utilization": {
          "shard": "6",
          "value": 0.03296009999995686
        }
      },
      {
        "reactor_utilization": {
          "shard": "7",
          "value": 0.031734079999834464
        }
      }
    ]
  },
  {
    "metrics": [
      {
        "reactor_utilization": {
          "shard": "0",
          "value": 0.063438279999972202
        }
      },
      {
        "reactor_utilization": {
          "shard": "1",
          "value": 0.021332419999753327
        }
      },
      {
        "reactor_utilization": {
          "shard": "2",
          "value": 0.021735619999918576
        }
      },
      {
        "reactor_utilization": {
          "shard": "3",
          "value": 0.017274499999919701
        }
      },
      {
        "reactor_utilization": {
          "shard": "4",
          "value": 0.017247079999815895
        }
      },
      {
        "reactor_utilization": {
          "shard": "5",
          "value": 0.020053980000012128
        }
      },
      {
        "reactor_utilization": {
          "shard": "6",
          "value": 0.019054839999954609
        }
      },
      {
        "reactor_utilization": {
          "shard": "7",
          "value": 0.017741439999841013
        }
      }
    ]
  },
  {
    "metrics": [
      {
        "reactor_utilization": {
          "shard": "0",
          "value": 0.096887459999983605
        }
      },
      {
        "reactor_utilization": {
          "shard": "1",
          "value": 0.027602719999753056
        }
      },
      {
        "reactor_utilization": {
          "shard": "2",
          "value": 0.048044479999909129
        }
      },
      {
        "reactor_utilization": {
          "shard": "3",
          "value": 0.044346279999929461
        }
      },
      {
        "reactor_utilization": {
          "shard": "4",
          "value": 0.044788559999797695
        }
      },
      {
        "reactor_utilization": {
          "shard": "5",
          "value": 0.051011200000006252
        }
      },
      {
        "reactor_utilization": {
          "shard": "6",
          "value": 0.045094579999949147
        }
      },
      {
        "reactor_utilization": {
          "shard": "7",
          "value": 0.047149119999834177
        }
      }
    ]
  },
  {
    "metrics": [
      {
        "reactor_utilization": {
          "shard": "0",
          "value": 0.11016605999998319
        }
      },
      {
        "reactor_utilization": {
          "shard": "1",
          "value": 0.038088139999747916
        }
      },
      {
        "reactor_utilization": {
          "shard": "2",
          "value": 0.050387399999896054
        }
      },
      {
        "reactor_utilization": {
          "shard": "3",
          "value": 0.041620539999920325
        }
      },
      {
        "reactor_utilization": {
          "shard": "4",
          "value": 0.042351879999802389
        }
      },
      {
        "reactor_utilization": {
          "shard": "5",
          "value": 0.048561420000003963
        }
      },
      {
        "reactor_utilization": {
          "shard": "6",
          "value": 0.038205359999954336
        }
      },
      {
        "reactor_utilization": {
          "shard": "7",
          "value": 0.052083059999830095
        }
      }
    ]
  },
  {
    "metrics": [
      {
        "reactor_utilization": {
          "shard": "0",
          "value": 0.069927339999986682
        }
      },
      {
        "reactor_utilization": {
          "shard": "1",
          "value": 0.021429059999733546
        }
      },
      {
        "reactor_utilization": {
          "shard": "2",
          "value": 0.019590419999904185
        }
      },
      {
        "reactor_utilization": {
          "shard": "3",
          "value": 0.0238412199998983
        }
      },
      {
        "reactor_utilization": {
          "shard": "4",
          "value": 0.023350959999801635
        }
      },
      {
        "reactor_utilization": {
          "shard": "5",
          "value": 0.026244659999985487
        }
      },
      {
        "reactor_utilization": {
          "shard": "6",
          "value": 0.030166159999933662
        }
      },
      {
        "reactor_utilization": {
          "shard": "7",
          "value": 0.014084179999829249
        }
      }
    ]
  },
  {
    "metrics": [
      {
        "reactor_utilization": {
          "shard": "0",
          "value": 0.10342087999998251
        }
      },
      {
        "reactor_utilization": {
          "shard": "1",
          "value": 0.041215199999733443
        }
      },
      {
        "reactor_utilization": {
          "shard": "2",
          "value": 0.052521259999893655
        }
      },
      {
        "reactor_utilization": {
          "shard": "3",
          "value": 0.040962839999891809
        }
      },
      {
        "reactor_utilization": {
          "shard": "4",
          "value": 0.033568139999817781
        }
      },
      {
        "reactor_utilization": {
          "shard": "5",
          "value": 0.048296540000003496
        }
      },
      {
        "reactor_utilization": {
          "shard": "6",
          "value": 0.050126019999952032
        }
      },
      {
        "reactor_utilization": {
          "shard": "7",
          "value": 0.050652859999811284
        }
      }
    ]
  },
  {
    "metrics": [
      {
        "reactor_utilization": {
          "shard": "0",
          "value": 0.099814880000015371
        }
      },
      {
        "reactor_utilization": {
          "shard": "1",
          "value": 0.035347459999746089
        }
      },
      {
        "reactor_utilization": {
          "shard": "2",
          "value": 0.048169239999917846
        }
      },
      {
        "reactor_utilization": {
          "shard": "3",
          "value": 0.03698491999989395
        }
      },
      {
        "reactor_utilization": {
          "shard": "4",
          "value": 0.04424927999984174
        }
      },
      {
        "reactor_utilization": {
          "shard": "5",
          "value": 0.039185260000007549
        }
      },
      {
        "reactor_utilization": {
          "shard": "6",
          "value": 0.044447599999930532
        }
      },
      {
        "reactor_utilization": {
          "shard": "7",
          "value": 0.051626759999812144
        }
      }
    ]
  }
]
