[
  {
    "metrics": [
      {
        "reactor_utilization": {
          "shard": "0",
          "value": 90.711458520000093
        }
      },
      {
        "reactor_utilization": {
          "shard": "1",
          "value": 92.684478019999716
        }
      },
      {
        "reactor_utilization": {
          "shard": "2",
          "value": 89.748552039999979
        }
      },
      {
        "reactor_utilization": {
          "shard": "3",
          "value": 92.936714039999828
        }
      },
      {
        "reactor_utilization": {
          "shard": "4",
          "value": 84.663307139999972
        }
      },
      {
        "reactor_utilization": {
          "shard": "5",
          "value": 99.999664020000196
        }
      },
      {
        "reactor_utilization": {
          "shard": "6",
          "value": 93.361432279999818
        }
      },
      {
        "reactor_utilization": {
          "shard": "7",
          "value": 99.999966759999708
        }
      }
    ]
  },
  {
    "metrics": [
      {
        "reactor_utilization": {
          "shard": "0",
          "value": 27.694344500000099
        }
      },
      {
        "reactor_utilization": {
          "shard": "1",
          "value": 24.898872239999715
        }
      },
      {
        "reactor_utilization": {
          "shard": "2",
          "value": 18.890456019999981
        }
      },
      {
        "reactor_utilization": {
          "shard": "3",
          "value": 16.072294399999819
        }
      },
      {
        "reactor_utilization": {
          "shard": "4",
          "value": 15.602968339999968
        }
      },
      {
        "reactor_utilization": {
          "shard": "5",
          "value": 16.303216580000178
        }
      },
      {
        "reactor_utilization": {
          "shard": "6",
          "value": 21.401225779999812
        }
      },
      {
        "reactor_utilization": {
          "shard": "7",
          "value": 26.227652459999707
        }
      }
    ]
  },
  {
    "metrics": [
      {
        "reactor_utilization": {
          "shard": "0",
          "value": 0.065973600000102106
        }
      },
      {
        "reactor_utilization": {
          "shard": "1",
          "value": 0.044987999999723804
        }
      },
      {
        "reactor_utilization": {
          "shard": "2",
          "value": 0.040356199999980191
        }
      },
      {
        "reactor_utilization": {
          "shard": "3",
          "value": 0.061118159999828947
        }
      },
      {
        "reactor_utilization": {
          "shard": "4",
          "value": 0.033206619999959219
        }
      },
      {
        "reactor_utilization": {
          "shard": "5",
          "value": 0.043613560000177465
        }
      },
      {
        "reactor_utilization": {
          "shard": "6",
          "value": 0.049851619999796704
        }
      },
      {
        "reactor_utilization": {
          "shard": "7",
          "value": 0.044534019999709074
        }
      }
    ]
  },
  {
    "metrics": [
      {
        "reactor_utilization": {
          "shard": "0",
          "value": 0.097541060000128077
        }
      },
      {
        "reactor_utilization": {
          "shard": "1",
          "value": 0.035444999999723059
        }
      },
      {
        "reactor_utilization": {
          "shard": "2",
          "value": 0.042098679999980071
        }
      },
      {
        "reactor_utilization": {
          "shard": "3",
          "value": 0.054822239999818834
        }
      },
      {
        "reactor_utilization": {
          "shard": "4",
          "value": 0.043479939999979678
        }
      },
      {
        "reactor_utilization": {
          "shard": "5",
          "value": 0.041948020000170949
        }
      },
      {
        "reactor_utilization": {
          "shard": "6",
          "value": 0.044506159999802009
        }
      },
      {
        "reactor_utilization": {
          "shard": "7",
          "value": 0.039692119999690245
        }
      }
    ]
  },
  {
    "metrics": [
      {
        "reactor_utilization": {
          "shard": "0",
          "value": 0.068174000000120749
        }
      },
      {
        "reactor_utilization": {
          "shard": "1",
          "value": 0.012371179999703941
        }
      },
      {
        "reactor_utilization": {
          "shard": "2",
          "value": 0.021307859999997181
        }
      },
      {
        "reactor_utilization": {
          "shard": "3",
          "value": 0.024375219999828168
        }
      },
      {
        "reactor_utilization": {
          "shard": "4",
          "value": 0.019598679999965896
        }
      },
      {
        "reactor_utilization": {
          "shard": "5",
          "value": 0.02060884000016916
        }
      },
      {
        "reactor_utilization": {
          "shard": "6",
          "value": 0.019503339999804581
        }
      },
      {
        "reactor_utilization": {
          "shard": "7",
          "value": 0.022923699999699565
        }
      }
    ]
  },
  {
    "metrics": [
      {
        "reactor_utilization": {
          "shard": "0",
          "value": 0.10082200000012254
        }
      },
      {
        "reactor_utilization": {
          "shard": "1",
          "value": 0.037610839999713264
        }
      },
      {
        "reactor_utilization": {
          "shard": "2",
          "value": 0.037649180000010052
        }
      },
      {
        "reactor_utilization": {
          "shard": "3",
          "value": 0.057819819999815891
        }
      },
      {
        "reactor_utilization": {
          "shard": "4",
          "value": 0.040818119999985747
        }
      },
      {
        "reactor_utilization": {
          "shard": "5",
          "value": 0.042906840000167534
        }
      },
      {
        "reactor_utilization": {
          "shard": "6",
          "value": 0.040074579999815896
        }
      },
      {
        "reactor_utilization": {
          "shard": "7",
          "value": 0.042523199999700001
        }
      }
    ]
  },
  {
    "metrics": [
      {
        "reactor_utilization": {
          "shard": "0",
          "value": 0.1003476800001124
        }
      },
      {
        "reactor_utilization": {
          "shard": "1",
          "value": 0.039199779999710138
        }
      },
      {
        "reactor_utilization": {
          "shard": "2",
          "value": 0.034103380000005679
        }
      },
      {
        "reactor_utilization": {
          "shard": "3",
          "value": 0.047198939999837375
        }
      },
      {
        "reactor_utilization": {
          "shard": "4",
          "value": 0.039378260000011434
        }
      },
      {
        "reactor_utilization": {
          "shard": "5",
          "value": 0.046251640000161132
        }
      },
      {
        "reactor_utilization": {
          "shard": "6",
          "value": 0.036937559999816738
        }
      },
      {
        "reactor_utilization": {
          "shard": "7",
          "value": 0.039370899999702225
        }
      }
    ]
  },
  {
    "metrics": [
      {
        "reactor_utilization": {
          "shard": "0",
          "value": 0.057440520000118234
        }
      },
      {
        "reactor_utilization": {
          "shard": "1",
          "value": 0.01794929999973105
        }
      },
      {
        "reactor_utilization": {
          "shard": "2",
          "value": 0.013639860000003168
        }
      },
      {
        "reactor_utilization": {
          "shard": "3",
          "value": 0.026382179999839828
        }
      },
      {
        "reactor_utilization": {
          "shard": "4",
          "value": 0.021076119999996479
        }
      },
      {
        "reactor_utilization": {
          "shard": "5",
          "value": 0.021406440000160121
        }
      },
      {
        "reactor_utilization": {
          "shard": "6",
          "value": 0.018043779999810106
        }
      },
      {
        "reactor_utilization": {
          "shard": "7",
          "value": 0.01974461999971755
        }
      }
    ]
  },
  {
    "metrics": [
      {
        "reactor_utilization": {
          "shard": "0",
          "value": 0.10852432000013623
        }
      },
      {
        "reactor_utilization": {
          "shard": "1",
          "value": 0.031881939999733877
        }
      },
      {
        "reactor_utilization": {
          "shard": "2",
          "value": 0.040914979999984169
        }
      },
      {
        "reactor_utilization": {
          "shard": "3",
          "value": 0.057647779999836501
        }
      },
      {
        "reactor_utilization": {
          "shard": "4",
          "value": 0.042738919999996128
        }
      },
      {
        "reactor_utilization": {
          "shard": "5",
          "value": 0.046032780000149209
        }
      },
      {
        "reactor_utilization": {
          "shard": "6",
          "value": 0.042336599999814872
        }
      },
      {
        "reactor_utilization": {
          "shard": "7",
          "value": 0.032768559999696301
        }
      }
    ]
  },
  {
    "metrics": [
      {
        "reactor_utilization": {
          "shard": "0",
          "value": 0.12209388000012922
        }
      },
      {
        "reactor_utilization": {
          "shard": "1",
          "value": 0.033659459999735297
        }
      },
      {
        "reactor_utilization": {
          "shard": "2",
          "value": 0.045450239999988984
        }
      },
      {
        "reactor_utilization": {
          "shard": "3",
          "value": 0.037649719999832687
        }
      },
      {
        "reactor_utilization": {
          "shard": "4",
          "value": 0.054812479999999386
        }
      },
      {
        "reactor_utilization": {
          "shard": "5",
          "value": 0.035238000000159531
        }
      },
      {
        "reactor_utilization": {
          "shard": "6",
          "value": 0.045390079999818589
        }
      },
      {
        "reactor_utilization": {
          "shard": "7",
          "value": 0.046173119999681767
        }
      }
    ]
  },
  {
    "metrics": [
      {
        "reactor_utilization": {
          "shard": "0",
          "value": 0.073830440000144382
        }
      },
      {
        "reactor_utilization": {
          "shard": "1",
          "value": 0.016564559999743267
        }
      },
      {
        "reactor_utilization": {
          "shard": "2",
          "value": 0.019861799999998375
        }
      },
      {
        "reactor_utilization": {
          "shard": "3",
          "value": 0.018526739999824571
        }
      },
      {
        "reactor_utilization": {
          "shard": "4",
          "value": 0.02946589999999194
        }
      },
      {
        "reactor_utilization": {
          "shard": "5",
          "value": 0.020216140000162142
        }
      },
      {
        "reactor_utilization": {
          "shard": "6",
          "value": 0.02021747999980672
        }
      },
      {
        "reactor_utilization": {
          "shard": "7",
          "value": 0.019901719999682044
        }
      }
    ]
  },
  {
    "metrics": [
      {
        "reactor_utilization": {
          "shard": "0",
          "value": 0.093160820000148803
        }
      },
      {
        "reactor_utilization": {
          "shard": "1",
          "value": 0.032525239999725564
        }
      },
      {
        "reactor_utilization": {
          "shard": "2",
          "value": 0.034239160000004709
        }
      },
      {
        "reactor_utilization": {
          "shard": "3",
          "value": 0.041020339999831013
        }
      },
      {
        "reactor_utilization": {
          "shard": "4",
          "value": 0.04670881999998544
        }
      },
      {
        "reactor_utilization": {
          "shard": "5",
          "value": 0.037596800000161412
        }
      },
      {
        "reactor_utilization": {
          "shard": "6",
          "value": 0.042373139999829501
        }
      },
      {
        "reactor_utilization": {
          "shard": "7",
          "value": 0.043772759999693989
        }
      }
    ]
  },
  {
    "metrics": [
      {
        "reactor_utilization": {
          "shard": "0",
          "value": 0.075544440000152591
        }
      },
      {
        "reactor_utilization": {
          "shard": "1",
          "value": 0.017634479999739661
        }
      },
      {
        "reactor_utilization": {
          "shard": "2",
          "value": 0.01817936000000353
        }
      },
      {
        "reactor_utilization": {
          "shard": "3",
          "value": 0.018211179999827465
        }
      },
      {
        "reactor_utilization": {
          "shard": "4",
          "value": 0.041180939999974076
        }
      },
      {
        "reactor_utilization": {
          "shard": "5",
          "value": 0.019848360000174203
        }
      },
      {
        "reactor_utilization": {
          "shard": "6",
          "value": 0.017145479999824964
        }
      },
      {
        "reactor_utilization": {
          "shard": "7",
          "value": 0.020033839999711311
        }
      }
    ]
  },
  {
    "metrics": [
      {
        "reactor_utilization": {
          "shard": "0",
          "value": 0.073619300000138388
        }
      },
      {
        "reactor_utilization": {
          "shard": "1",
          "value": 0.04184369999973292
        }
      },
      {
        "reactor_utilization": {
          "shard": "2",
          "value": 0.036198899999995149
        }
      },
      {
        "reactor_utilization": {
          "shard": "3",
          "value": 0.044634579999813795
        }
      },
      {
        "reactor_utilization": {
          "shard": "4",
          "value": 0.036378819999982603
        }
      },
      {
        "reactor_utilization": {
          "shard": "5",
          "value": 0.045149720000159377
        }
      },
      {
        "reactor_utilization": {
          "shard": "6",
          "value": 0.042589699999839858
        }
      },
      {
        "reactor_utilization": {
          "shard": "7",
          "value": 0.044477419999700007
        }
      }
    ]
  },
  {
    "metrics": [
      {
        "reactor_utilization": {
          "shard": "0",
          "value": 0.10394726000013677
        }
      },
      {
        "reactor_utilization": {
          "shard": "1",
          "value": 0.031212339999731054
        }
      },
      {
        "reactor_utilization": {
          "shard": "2",
          "value": 0.03634581999998332
        }
      },
      {
        "reactor_utilization": {
          "shard": "3",
          "value": 0.043786659999844879
        }
      },
      {
        "reactor_utilization": {
          "shard": "4",
          "value": 0.054514019999973851
        }
      },
      {
        "reactor_utilization": {
          "shard": "5",
          "value": 0.042549320000162538
        }
      },
      {
        "reactor_utilization": {
          "shard": "6",
          "value": 0.044677739999832156
        }
      },
      {
        "reactor_utilization": {
          "shard": "7",
          "value": 0.040799979999706082
        }
      }
    ]
  },
  {
    "metrics": [
      {
        "reactor_utilization": {
          "shard": "0",
          "value": 0.069486360000114988
        }
      },
      {
        "reactor_utilization": {
          "shard": "1",
          "value": 0.01836107999975134
        }
      },
      {
        "reactor_utilization": {
          "shard": "2",
          "value": 0.016825499999995053
        }
      },
      {
        "reactor_utilization": {
          "shard": "3",
          "value": 0.01897663999984589
        }
      },
      {
        "reactor_utilization": {
          "shard": "4",
          "value": 0.02965727999998391
        }
      },
      {
        "reactor_utilization": {
          "shard": "5",
          "value": 0.019862000000170354
        }
      },
      {
        "reactor_utilization": {
          "shard": "6",
          "value": 0.018923379999846723
        }
      },
      {
        "reactor_utilization": {
          "shard": "7",
          "value": 0.0210684399996941
        }
      }
    ]
  },
  {
    "metrics": [
      {
        "reactor_utilization": {
          "shard": "0",
          "value": 0.11048732000011885
        }
      },
      {
        "reactor_utilization": {
          "shard": "1",
          "value": 0.036530179999771928
        }
      },
      {
        "reactor_utilization": {
          "shard": "2",
          "value": 0.035462639999983558
        }
      },
      {
        "reactor_utilization": {
          "shard": "3",
          "value": 0.043419459999860521
        }
      },
      {
        "reactor_utilization": {
          "shard": "4",
          "value": 0.054467139999980763
        }
      },
      {
        "reactor_utilization": {
          "shard": "5",
          "value": 0.04771856000018726
        }
      },
      {
        "reactor_utilization": {
          "shard": "6",
          "value": 0.037019039999841574
        }
      },
      {
        "reactor_utilization": {
          "shard": "7",
          "value": 0.042839139999706344
        }
      }
    ]
  },
  {
    "metrics": [
      {
        "reactor_utilization": {
          "shard": "0",
          "value": 0.096356800000119147
        }
      },
      {
        "reactor_utilization": {
          "shard": "1",
          "value": 0.038331939999780573
        }
      },
      {
        "reactor_utilization": {
          "shard": "2",
          "value": 0.038702919999988872
        }
      },
      {
        "reactor_utilization": {
          "shard": "3",
          "value": 0.039034059999853987
        }
      },
      {
        "reactor_utilization": {
          "shard": "4",
          "value": 0.051133259999991409
        }
      },
      {
        "reactor_utilization": {
          "shard": "5",
          "value": 0.0424289200001704
        }
      },
      {
        "reactor_utilization": {
          "shard": "6",
          "value": 0.041301359999845744
        }
      },
      {
        "reactor_utilization": {
          "shard": "7",
          "value": 0.039956939999707952
        }
      }
    ]
  },
  {
    "metrics": [
      {
        "reactor_utilization": {
          "shard": "0",
          "value": 0.067420420000119385
        }
      },
      {
        "reactor_utilization": {
          "shard": "1",
          "value": 0.019730639999770982
        }
      },
      {
        "reactor_utilization": {
          "shard": "2",
          "value": 0.019770579999989213
        }
      },
      {
        "reactor_utilization": {
          "shard": "3",
          "value": 0.020749939999853417
        }
      },
      {
        "reactor_utilization": {
          "shard": "4",
          "value": 0.015118879999986845
        }
      },
      {
        "reactor_utilization": {
          "shard": "5",
          "value": 0.019924680000171779
        }
      },
      {
        "reactor_utilization": {
          "shard": "6",
          "value": 0.020103959999850929
        }
      },
      {
        "reactor_utilization": {
          "shard": "7",
          "value": 0.012927599999712491
        }
      }
    ]
  },
  {
    "metrics": [
      {
        "reactor_utilization": {
          "shard": "0",
          "value": 0.09503818000013986
        }
      },
      {
        "reactor_utilization": {
          "shard": "1",
          "value": 0.03216589999976982
        }
      },
      {
        "reactor_utilization": {
          "shard": "2",
          "value": 0.039364159999977222
        }
      },
      {
        "reactor_utilization": {
          "shard": "3",
          "value": 0.037277059999851758
        }
      },
      {
        "reactor_utilization": {
          "shard": "4",
          "value": 0.055612599999999013
        }
      },
      {
        "reactor_utilization": {
          "shard": "5",
          "value": 0.03557936000015971
        }
      },
      {
        "reactor_utilization": {
          "shard": "6",
          "value": 0.043640339999828637
        }
      },
      {
        "reactor_utilization": {
          "shard": "7",
          "value": 0.03822301999971689
        }
      }
    ]
  },
  {
    "metrics": [
      {
        "reactor_utilization": {
          "shard": "0",
          "value": 0.10800704000014649
        }
      },
      {
        "reactor_utilization": {
          "shard": "1",
          "value": 0.036490579999770567
        }
      },
      {
        "reactor_utilization": {
          "shard": "2",
          "value": 0.036381519999983958
        }
      },
      {
        "reactor_utilization": {
          "shard": "3",
          "value": 0.041542759999846357
        }
      },
      {
        "reactor_utilization": {
          "shard": "4",
          "value": 0.052369820000008893
        }
      },
      {
        "reactor_utilization": {
          "shard": "5",
          "value": 0.042443920000145852
        }
      },
      {
        "reactor_utilization": {
          "shard": "6",
          "value": 0.041185439999824602
        }
      },
      {
        "reactor_utilization": {
          "shard": "7",
          "value": 0.037639699999703069
        }
      }
    ]
  },
  {
    "metrics": [
      {
        "reactor_utilization": {
          "shard": "0",
          "value": 0.076295000000148328
        }
      },
      {
        "reactor_utilization": {
          "shard": "1",
          "value": 0.017825499999757355
        }
      },
      {
        "reactor_utilization": {
          "shard": "2",
          "value": 0.016419499999975606
        }
      },
      {
        "reactor_utilization": {
          "shard": "3",
          "value": 0.017704139999841217
        }
      },
      {
        "reactor_utilization": {
          "shard": "4",
          "value": 0.030914680000004857
        }
      },
      {
        "reactor_utilization": {
          "shard": "5",
          "value": 0.01967388000015946
        }
      },
      {
        "reactor_utilization": {
          "shard": "6",
          "value": 0.018626139999811109
        }
      },
      {
        "reactor_utilization": {
          "shard": "7",
          "value": 0.020501779999726466
        }
      }
    ]
  },
  {
    "metrics": [
      {
        "reactor_utilization": {
          "shard": "0",
          "value": 0.088659600000162708
        }
      },
      {
        "reactor_utilization": {
          "shard": "1",
          "value": 0.035405119999776247
        }
      },
      {
        "reactor_utilization": {
          "shard": "2",
          "value": 0.040353239999979529
        }
      },
      {
        "reactor_utilization": {
          "shard": "3",
          "value": 0.042117019999865501
        }
      },
      {
        "reactor_utilization": {
          "shard": "4",
          "value": 0.05813665999999662
        }
      },
      {
        "reactor_utilization": {
          "shard": "5",
          "value": 0.045515880000168707
        }
      },
      {
        "reactor_utilization": {
          "shard": "6",
          "value": 0.042729679999831127
        }
      },
      {
        "reactor_utilization": {
          "shard": "7",
          "value": 0.045028279999725918
        }
      }
    ]
  },
  {
    "metrics": [
      {
        "reactor_utilization": {
          "shard": "0",
          "value": 0.10050332000015594
        }
      },
      {
        "reactor_utilization": {
          "shard": "1",
          "value": 0.022245099999773643
        }
      },
      {
        "reactor_utilization": {
          "shard": "2",
          "value": 0.017783199999987787
        }
      },
      {
        "reactor_utilization": {
          "shard": "3",
          "value": 0.017809119999867562
        }
      },
      {
        "reactor_utilization": {
          "shard": "4",
          "value": 0.041362660000010543
        }
      },
      {
        "reactor_utilization": {
          "shard": "5",
          "value": 0.01967220000018699
        }
      },
      {
        "reactor_utilization": {
          "shard": "6",
          "value": 0.018047339999816003
        }
      },
      {
        "reactor_utilization": {
          "shard": "7",
          "value": 0.023554319999741224
        }
      }
    ]
  }
]
