[
  {
    "metrics": [
      {
        "reactor_utilization": {
          "shard": "0",
          "value": 91.43735734000002
        }
      },
      {
        "reactor_utilization": {
          "shard": "1",
          "value": 92.498151959999703
        }
      },
      {
        "reactor_utilization": {
          "shard": "2",
          "value": 91.824667179999906
        }
      },
      {
        "reactor_utilization": {
          "shard": "3",
          "value": 92.099691619999845
        }
      },
      {
        "reactor_utilization": {
          "shard": "4",
          "value": 86.111450440000041
        }
      },
      {
        "reactor_utilization": {
          "shard": "5",
          "value": 92.645871020000087
        }
      },
      {
        "reactor_utilization": {
          "shard": "6",
          "value": 90.250858139999806
        }
      },
      {
        "reactor_utilization": {
          "shard": "7",
          "value": 99.999809179999772
        }
      }
    ]
  },
  {
    "metrics": [
      {
        "reactor_utilization": {
          "shard": "0",
          "value": 31.355785100000034
        }
      },
      {
        "reactor_utilization": {
          "shard": "1",
          "value": 26.567373519999691
        }
      },
      {
        "reactor_utilization": {
          "shard": "2",
          "value": 21.122486279999908
        }
      },
      {
        "reactor_utilization": {
          "shard": "3",
          "value": 17.851135919999862
        }
      },
      {
        "reactor_utilization": {
          "shard": "4",
          "value": 20.398275400000031
        }
      },
      {
        "reactor_utilization": {
          "shard": "5",
          "value": 18.847596300000081
        }
      },
      {
        "reactor_utilization": {
          "shard": "6",
          "value": 25.372295979999805
        }
      },
      {
        "reactor_utilization": {
          "shard": "7",
          "value": 27.050101739999754
        }
      }
    ]
  },
  {
    "metrics": [
      {
        "reactor_utilization": {
          "shard": "0",
          "value": 0.082722440000060349
        }
      },
      {
        "reactor_utilization": {
          "shard": "1",
          "value": 0.036224779999671775
        }
      },
      {
        "reactor_utilization": {
          "shard": "2",
          "value": 0.051369139999923874
        }
      },
      {
        "reactor_utilization": {
          "shard": "3",
          "value": 0.047181119999861743
        }
      },
      {
        "reactor_utilization": {
          "shard": "4",
          "value": 0.051890360000006464
        }
      },
      {
        "reactor_utilization": {
          "shard": "5",
          "value": 0.05201690000007364
        }
      },
      {
        "reactor_utilization": {
          "shard": "6",
          "value": 0.049242859999787392
        }
      },
      {
        "reactor_utilization": {
          "shard": "7",
          "value": 0.04315155999976561
        }
      }
    ]
  },
  {
    "metrics": [
      {
        "reactor_utilization": {
          "shard": "0",
          "value": 0.10429088000007969
        }
      },
      {
        "reactor_utilization": {
          "shard": "1",
          "value": 0.018391039999698933
        }
      },
      {
        "reactor_utilization": {
          "shard": "2",
          "value": 0.028860979999922876
        }
      },
      {
        "reactor_utilization": {
          "shard": "3",
          "value": 0.021513799999861583
        }
      },
      {
        "reactor_utilization": {
          "shard": "4",
          "value": 0.034411379999998992
        }
      },
      {
        "reactor_utilization": {
          "shard": "5",
          "value": 0.023049000000086028
        }
      },
      {
        "reactor_utilization": {
          "shard": "6",
          "value": 0.021541359999788234
        }
      },
      {
        "reactor_utilization": {
          "shard": "7",
          "value": 0.025587799999771121
        }
      }
    ]
  },
  {
    "metrics": [
      {
        "reactor_utilization": {
          "shard": "0",
          "value": 0.077273960000079356
        }
      },
      {
        "reactor_utilization": {
          "shard": "1",
          "value": 0.012572519999698439
        }
      },
      {
        "reactor_utilization": {
          "shard": "2",
          "value": 0.049614039999923421
        }
      },
      {
        "reactor_utilization": {
          "shard": "3",
          "value": 0.039448039999867568
        }
      },
      {
        "reactor_utilization": {
          "shard": "4",
          "value": 0.028970299999997451
        }
      },
      {
        "reactor_utilization": {
          "shard": "5",
          "value": 0.043764340000085333
        }
      },
      {
        "reactor_utilization": {
          "shard": "6",
          "value": 0.042361099999799201
        }
      },
      {
        "reactor_utilization": {
          "shard": "7",
          "value": 0.042921639999771166
        }
      }
    ]
  },
  {
    "metrics": [
      {
        "reactor_utilization": {
          "shard": "0",
          "value": 0.10263546000008894
        }
      },
      {
        "reactor_utilization": {
          "shard": "1",
          "value": 0.037555919999698872
        }
      },
      {
        "reactor_utilization": {
          "shard": "2",
          "value": 0.047528499999927032
        }
      },
      {
        "reactor_utilization": {
          "shard": "3",
          "value": 0.043724639999853654
        }
      },
      {
        "reactor_utilization": {
          "shard": "4",
          "value": 0.038412600000004016
        }
      },
      {
        "reactor_utilization": {
          "shard": "5",
          "value": 0.041721920000092894
        }
      },
      {
        "reactor_utilization": {
          "shard": "6",
          "value": 0.028445919999797731
        }
      },
      {
        "reactor_utilization": {
          "shard": "7",
          "value": 0.041556439999790307
        }
      }
    ]
  },
  {
    "metrics": [
      {
        "reactor_utilization": {
          "shard": "0",
          "value": 0.066474440000074964
        }
      },
      {
        "reactor_utilization": {
          "shard": "1",
          "value": 0.016788499999698114
        }
      },
      {
        "reactor_utilization": {
          "shard": "2",
          "value": 0.012935659999935289
        }
      },
      {
        "reactor_utilization": {
          "shard": "3",
          "value": 0.016462219999846539
        }
      },
      {
        "reactor_utilization": {
          "shard": "4",
          "value": 0.017977179999995041
        }
      },
      {
        "reactor_utilization": {
          "shard": "5",
          "value": 0.023113940000096811
        }
      },
      {
        "reactor_utilization": {
          "shard": "6",
          "value": 0.018687779999815302
        }
      },
      {
        "reactor_utilization": {
          "shard": "7",
          "value": 0.021255439999756653
        }
      }
    ]
  },
  {
    "metrics": [
      {
        "reactor_utilization": {
          "shard": "0",
          "value": 0.10882050000007304
        }
      },
      {
        "reactor_utilization": {
          "shard": "1",
          "value": 0.036272799999714778
        }
      },
      {
        "reactor_utilization": {
          "shard": "2",
          "value": 0.050905239999932128
        }
      },
      {
        "reactor_utilization": {
          "shard": "3",
          "value": 0.044368639999836645
        }
      },
      {
        "reactor_utilization": {
          "shard": "4",
          "value": 0.023257039999979856
        }
      },
      {
        "reactor_utilization": {
          "shard": "5",
          "value": 0.042430680000105081
        }
      },
      {
        "reactor_utilization": {
          "shard": "6",
          "value": 0.040066239999814179
        }
      },
      {
        "reactor_utilization": {
          "shard": "7",
          "value": 0.036294379999768367
        }
      }
    ]
  },
  {
    "metrics": [
      {
        "reactor_utilization": {
          "shard": "0",
          "value": 0.11200818000006718
        }
      },
      {
        "reactor_utilization": {
          "shard": "1",
          "value": 0.042543179999710024
        }
      },
      {
        "reactor_utilization": {
          "shard": "2",
          "value": 0.053922839999942518
        }
      },
      {
        "reactor_utilization": {
          "shard": "3",
          "value": 0.035850819999827532
        }
      },
      {
        "reactor_utilization": {
          "shard": "4",
          "value": 0.039802919999998299
        }
      },
      {
        "reactor_utilization": {
          "shard": "5",
          "value": 0.040291540000114701
        }
      },
      {
        "reactor_utilization": {
          "shard": "6",
          "value": 0.036778419999805578
        }
      },
      {
        "reactor_utilization": {
          "shard": "7",
          "value": 0.041973939999762067
        }
      }
    ]
  },
  {
    "metrics": [
      {
        "reactor_utilization": {
          "shard": "0",
          "value": 0.059371780000061491
        }
      },
      {
        "reactor_utilization": {
          "shard": "1",
          "value": 0.016122259999717947
        }
      },
      {
        "reactor_utilization": {
          "shard": "2",
          "value": 0.027233999999953795
        }
      },
      {
        "reactor_utilization": {
          "shard": "3",
          "value": 0.016974979999839768
        }
      },
      {
        "reactor_utilization": {
          "shard": "4",
          "value": 0.020000179999990486
        }
      },
      {
        "reactor_utilization": {
          "shard": "5",
          "value": 0.02086628000010915
        }
      },
      {
        "reactor_utilization": {
          "shard": "6",
          "value": 0.019694579999818274
        }
      },
      {
        "reactor_utilization": {
          "shard": "7",
          "value": 0.022537459999771858
        }
      }
    ]
  },
  {
    "metrics": [
      {
        "reactor_utilization": {
          "shard": "0",
          "value": 0.10029970000007271
        }
      },
      {
        "reactor_utilization": {
          "shard": "1",
          "value": 0.02920625999971449
        }
      },
      {
        "reactor_utilization": {
          "shard": "2",
          "value": 0.051110619999961138
        }
      },
      {
        "reactor_utilization": {
          "shard": "3",
          "value": 0.041912219999851175
        }
      },
      {
        "reactor_utilization": {
          "shard": "4",
          "value": 0.043216739999984988
        }
      },
      {
        "reactor_utilization": {
          "shard": "5",
          "value": 0.045593740000116068
        }
      },
      {
        "reactor_utilization": {
          "shard": "6",
          "value": 0.046053019999825473
        }
      },
      {
        "reactor_utilization": {
          "shard": "7",
          "value": 0.048043659999763566
        }
      }
    ]
  },
  {
    "metrics": [
      {
        "reactor_utilization": {
          "shard": "0",
          "value": 0.084741520000064519
        }
      },
      {
        "reactor_utilization": {
          "shard": "1",
          "value": 0.035368119999712455
        }
      },
      {
        "reactor_utilization": {
          "shard": "2",
          "value": 0.044786739999969072
        }
      },
      {
        "reactor_utilization": {
          "shard": "3",
          "value": 0.037981139999854197
        }
      },
      {
        "reactor_utilization": {
          "shard": "4",
          "value": 0.039785719999974045
        }
      },
      {
        "reactor_utilization": {
          "shard": "5",
          "value": 0.045881180000129085
        }
      },
      {
        "reactor_utilization": {
          "shard": "6",
          "value": 0.044002219999805803
        }
      },
      {
        "reactor_utilization": {
          "shard": "7",
          "value": 0.042062699999745323
        }
      }
    ]
  },
  {
    "metrics": [
      {
        "reactor_utilization": {
          "shard": "0",
          "value": 0.063502600000076015
        }
      },
      {
        "reactor_utilization": {
          "shard": "1",
          "value": 0.017514699999721106
        }
      },
      {
        "reactor_utilization": {
          "shard": "2",
          "value": 0.024204059999977101
        }
      },
      {
        "reactor_utilization": {
          "shard": "3",
          "value": 0.017510159999845065
        }
      },
      {
        "reactor_utilization": {
          "shard": "4",
          "value": 0.016530879999954173
        }
      },
      {
        "reactor_utilization": {
          "shard": "5",
          "value": 0.021922920000139179
        }
      },
      {
        "reactor_utilization": {
          "shard": "6",
          "value": 0.019540539999829409
        }
      },
      {
        "reactor_utilization": {
          "shard": "7",
          "value": 0.019202299999754313
        }
      }
    ]
  },
  {
    "metrics": [
      {
        "reactor_utilization": {
          "shard": "0",
          "value": 0.10814422000009483
        }
      },
      {
        "reactor_utilization": {
          "shard": "1",
          "value": 0.028563659999703006
        }
      },
      {
        "reactor_utilization": {
          "shard": "2",
          "value": 0.053818559999974092
        }
      },
      {
        "reactor_utilization": {
          "shard": "3",
          "value": 0.041317479999825046
        }
      },
      {
        "reactor_utilization": {
          "shard": "4",
          "value": 0.041905779999962256
        }
      },
      {
        "reactor_utilization": {
          "shard": "5",
          "value": 0.049684720000131577
        }
      },
      {
        "reactor_utilization": {
          "shard": "6",
          "value": 0.041539599999818044
        }
      },
      {
        "reactor_utilization": {
          "shard": "7",
          "value": 0.042818459999738323
        }
      }
    ]
  },
  {
    "metrics": [
      {
        "reactor_utilization": {
          "shard": "0",
          "value": 0.1039400800000867
        }
      },
      {
        "reactor_utilization": {
          "shard": "1",
          "value": 0.034561719999692819
        }
      },
      {
        "reactor_utilization": {
          "shard": "2",
          "value": 0.034530299999968594
        }
      },
      {
        "reactor_utilization": {
          "shard": "3",
          "value": 0.024708699999853589
        }
      },
      {
        "reactor_utilization": {
          "shard": "4",
          "value": 0.034503019999976292
        }
      },
      {
        "reactor_utilization": {
          "shard": "5",
          "value": 0.022637580000139934
        }
      },
      {
        "reactor_utilization": {
          "shard": "6",
          "value": 0.018152679999827726
        }
      },
      {
        "reactor_utilization": {
          "shard": "7",
          "value": 0.024348179999744701
        }
      }
    ]
  },
  {
    "metrics": [
      {
        "reactor_utilization": {
          "shard": "0",
          "value": 0.069886020000076154
        }
      },
      {
        "reactor_utilization": {
          "shard": "1",
          "value": 0.015081199999700257
        }
      },
      {
        "reactor_utilization": {
          "shard": "2",
          "value": 0.015762159999976877
        }
      },
      {
        "reactor_utilization": {
          "shard": "3",
          "value": 0.037275279999837707
        }
      },
      {
        "reactor_utilization": {
          "shard": "4",
          "value": 0.02651033999997443
        }
      },
      {
        "reactor_utilization": {
          "shard": "5",
          "value": 0.04454394000014128
        }
      },
      {
        "reactor_utilization": {
          "shard": "6",
          "value": 0.014674619999843763
        }
      },
      {
        "reactor_utilization": {
          "shard": "7",
          "value": 0.040931439999736252
        }
      }
    ]
  },
  {
    "metrics": [
      {
        "reactor_utilization": {
          "shard": "0",
          "value": 0.11075278000008959
        }
      },
      {
        "reactor_utilization": {
          "shard": "1",
          "value": 0.032452159999718511
        }
      },
      {
        "reactor_utilization": {
          "shard": "2",
          "value": 0.048619879999978188
        }
      },
      {
        "reactor_utilization": {
          "shard": "3",
          "value": 0.046416899999823791
        }
      },
      {
        "reactor_utilization": {
          "shard": "4",
          "value": 0.042585579999987466
        }
      },
      {
        "reactor_utilization": {
          "shard": "5",
          "value": 0.044627260000151825
        }
      },
      {
        "reactor_utilization": {
          "shard": "6",
          "value": 0.044446519999841172
        }
      },
      {
        "reactor_utilization": {
          "shard": "7",
          "value": 0.042230019999722757
        }
      }
    ]
  },
  {
    "metrics": [
      {
        "reactor_utilization": {
          "shard": "0",
          "value": 0.068069280000093713
        }
      },
      {
        "reactor_utilization": {
          "shard": "1",
          "value": 0.02213933999972717
        }
      },
      {
        "reactor_utilization": {
          "shard": "2",
          "value": 0.035400519999984059
        }
      },
      {
        "reactor_utilization": {
          "shard": "3",
          "value": 0.019610339999820425
        }
      },
      {
        "reactor_utilization": {
          "shard": "4",
          "value": 0.026488620000009178
        }
      },
      {
        "reactor_utilization": {
          "shard": "5",
          "value": 0.022487320000164068
        }
      },
      {
        "reactor_utilization": {
          "shard": "6",
          "value": 0.019361239999859947
        }
      },
      {
        "reactor_utilization": {
          "shard": "7",
          "value": 0.01349027999970609
        }
      }
    ]
  },
  {
    "metrics": [
      {
        "reactor_utilization": {
          "shard": "0",
          "value": 0.10965174000008293
        }
      },
      {
        "reactor_utilization": {
          "shard": "1",
          "value": 0.043228079999702018
        }
      },
      {
        "reactor_utilization": {
          "shard": "2",
          "value": 0.049612039999979984
        }
      },
      {
        "reactor_utilization": {
          "shard": "3",
          "value": 0.038840479999813216
        }
      },
      {
        "reactor_utilization": {
          "shard": "4",
          "value": 0.030748999999996585
        }
      },
      {
        "reactor_utilization": {
          "shard": "5",
          "value": 0.039435040000179722
        }
      },
      {
        "reactor_utilization": {
          "shard": "6",
          "value": 0.037857079999858989
        }
      },
      {
        "reactor_utilization": {
          "shard": "7",
          "value": 0.044944119999712484
        }
      }
    ]
  },
  {
    "metrics": [
      {
        "reactor_utilization": {
          "shard": "0",
          "value": 0.10042228000008979
        }
      },
      {
        "reactor_utilization": {
          "shard": "1",
          "value": 0.034755279999698629
        }
      },
      {
        "reactor_utilization": {
          "shard": "2",
          "value": 0.043485539999987832
        }
      },
      {
        "reactor_utilization": {
          "shard": "3",
          "value": 0.044443959999806992
        }
      },
      {
        "reactor_utilization": {
          "shard": "4",
          "value": 0.043149860000002427
        }
      },
      {
        "reactor_utilization": {
          "shard": "5",
          "value": 0.042550680000186247
        }
      },
      {
        "reactor_utilization": {
          "shard": "6",
          "value": 0.043726199999860604
        }
      },
      {
        "reactor_utilization": {
          "shard": "7",
          "value": 0.039812639999714516
        }
      }
    ]
  },
  {
    "metrics": [
      {
        "reactor_utilization": {
          "shard": "0",
          "value": 0.075496080000114762
        }
      },
      {
        "reactor_utilization": {
          "shard": "1",
          "value": 0.021549279999699689
        }
      },
      {
        "reactor_utilization": {
          "shard": "2",
          "value": 0.031507479999970389
        }
      },
      {
        "reactor_utilization": {
          "shard": "3",
          "value": 0.021003219999826683
        }
      },
      {
        "reactor_utilization": {
          "shard": "4",
          "value": 0.018288640000019285
        }
      },
      {
        "reactor_utilization": {
          "shard": "5",
          "value": 0.020566640000185821
        }
      },
      {
        "reactor_utilization": {
          "shard": "6",
          "value": 0.017141399999842655
        }
      },
      {
        "reactor_utilization": {
          "shard": "7",
          "value": 0.022380279999711927
        }
      }
    ]
  },
  {
    "metrics": [
      {
        "reactor_utilization": {
          "shard": "0",
          "value": 0.08350546000011061
        }
      },
      {
        "reactor_utilization": {
          "shard": "1",
          "value": 0.040303019999710088
        }
      },
      {
        "reactor_utilization": {
          "shard": "2",
          "value": 0.04678767999996003
        }
      },
      {
        "reactor_utilization": {
          "shard": "3",
          "value": 0.043753539999824564
        }
      },
      {
        "reactor_utilization": {
          "shard": "4",
          "value": 0.03923236000001884
        }
      },
      {
        "reactor_utilization": {
          "shard": "5",
          "value": 0.044850180000188811
        }
      },
      {
        "reactor_utilization": {
          "shard": "6",
          "value": 0.035026099999857507
        }
      },
      {
        "reactor_utilization": {
          "shard": "7",
          "value": 0.041605239999698007
        }
      }
    ]
  },
  {
    "metrics": [
      {
        "reactor_utilization": {
          "shard": "0",
          "value": 0.10534176000009943
        }
      },
      {
        "reactor_utilization": {
          "shard": "1",
          "value": 0.03686577999972851
        }
      },
      {
        "reactor_utilization": {
          "shard": "2",
          "value": 0.049954099999971469
        }
      },
      {
        "reactor_utilization": {
          "shard": "3",
          "value": 0.043574799999823721
        }
      },
      {
        "reactor_utilization": {
          "shard": "4",
          "value": 0.046513600000008815
        }
      },
      {
        "reactor_utilization": {
          "shard": "5",
          "value": 0.041267100000208501
        }
      },
      {
        "reactor_utilization": {
          "shard": "6",
          "value": 0.04095507999982706
        }
      },
      {
        "reactor_utilization": {
          "shard": "7",
          "value": 0.042740619999714902
        }
      }
    ]
  },
  {
    "metrics": [
      {
        "reactor_utilization": {
          "shard": "0",
          "value": 0.081924400000110698
        }
      },
      {
        "reactor_utilization": {
          "shard": "1",
          "value": 0.012617819999727331
        }
      },
      {
        "reactor_utilization": {
          "shard": "2",
          "value": 0.033228579999966534
        }
      },
      {
        "reactor_utilization": {
          "shard": "3",
          "value": 0.020533919999810024
        }
      },
      {
        "reactor_utilization": {
          "shard": "4",
          "value": 0.017547379999993673
        }
      },
      {
        "reactor_utilization": {
          "shard": "5",
          "value": 0.021186160000197241
        }
      },
      {
        "reactor_utilization": {
          "shard": "6",
          "value": 0.017897799999833097
        }
      },
      {
        "reactor_utilization": {
          "shard": "7",
          "value": 0.021404739999719702
        }
      }
    ]
  }
]
