[
  {
    "metrics": [
      {
        "reactor_utilization": {
          "shard": "0",
          "value": 93.056170659999935
        }
      },
      {
        "reactor_utilization": {
          "shard": "1",
          "value": 92.006858419999816
        }
      },
      {
        "reactor_utilization": {
          "shard": "2",
          "value": 91.986701899999915
        }
      },
      {
        "reactor_utilization": {
          "shard": "3",
          "value": 92.824097879999982
        }
      },
      {
        "reactor_utilization": {
          "shard": "4",
          "value": 85.341125539999908
        }
      },
      {
        "reactor_utilization": {
          "shard": "5",
          "value": 93.588768600000066
        }
      },
      {
        "reactor_utilization": {
          "shard": "6",
          "value": 91.362515779999868
        }
      },
      {
        "reactor_utilization": {
          "shard": "7",
          "value": 99.99997605999981
        }
      }
    ]
  },
  {
    "metrics": [
      {
        "reactor_utilization": {
          "shard": "0",
          "value": 12.811296399999927
        }
      },
      {
        "reactor_utilization": {
          "shard": "1",
          "value": 27.107516179999813
        }
      },
      {
        "reactor_utilization": {
          "shard": "2",
          "value": 23.702007899999909
        }
      },
      {
        "reactor_utilization": {
          "shard": "3",
          "value": 18.873668339999984
        }
      },
      {
        "reactor_utilization": {
          "shard": "4",
          "value": 18.71567823999991
        }
      },
      {
        "reactor_utilization": {
          "shard": "5",
          "value": 19.463306580000072
        }
      },
      {
        "reactor_utilization": {
          "shard": "6",
          "value": 25.635732899999851
        }
      },
      {
        "reactor_utilization": {
          "shard": "7",
          "value": 27.8117357799998
        }
      }
    ]
  },
  {
    "metrics": [
      {
        "reactor_utilization": {
          "shard": "0",
          "value": 0.10436337999993883
        }
      },
      {
        "reactor_utilization": {
          "shard": "1",
          "value": 0.039099099999817533
        }
      },
      {
        "reactor_utilization": {
          "shard": "2",
          "value": 0.057850799999903391
        }
      },
      {
        "reactor_utilization": {
          "shard": "3",
          "value": 0.048482939999994201
        }
      },
      {
        "reactor_utilization": {
          "shard": "4",
          "value": 0.043374799999906788
        }
      },
      {
        "reactor_utilization": {
          "shard": "5",
          "value": 0.047374800000077322
        }
      },
      {
        "reactor_utilization": {
          "shard": "6",
          "value": 0.051270859999830165
        }
      },
      {
        "reactor_utilization": {
          "shard": "7",
          "value": 0.045908919999804176
        }
      }
    ]
  },
  {
    "metrics": [
      {
        "reactor_utilization": {
          "shard": "0",
          "value": 0.085679859999920893
        }
      },
      {
        "reactor_utilization": {
          "shard": "1",
          "value": 0.03272491999981586
        }
      },
      {
        "reactor_utilization": {
          "shard": "2",
          "value": 0.032576539999895626
        }
      },
      {
        "reactor_utilization": {
          "shard": "3",
          "value": 0.02055084000001095
        }
      },
      {
        "reactor_utilization": {
          "shard": "4",
          "value": 0.022314919999910643
        }
      },
      {
        "reactor_utilization": {
          "shard": "5",
          "value": 0.019284120000095939
        }
      },
      {
        "reactor_utilization": {
          "shard": "6",
          "value": 0.019959479999820395
        }
      },
      {
        "reactor_utilization": {
          "shard": "7",
          "value": 0.02558365999979495
        }
      }
    ]
  },
  {
    "metrics": [
      {
        "reactor_utilization": {
          "shard": "0",
          "value": 0.089701779999917797
        }
      },
      {
        "reactor_utilization": {
          "shard": "1",
          "value": 0.018819359999810992
        }
      },
      {
        "reactor_utilization": {
          "shard": "2",
          "value": 0.053406639999908911
        }
      },
      {
        "reactor_utilization": {
          "shard": "3",
          "value": 0.044600620000012636
        }
      },
      {
        "reactor_utilization": {
          "shard": "4",
          "value": 0.04508711999990922
        }
      },
      {
        "reactor_utilization": {
          "shard": "5",
          "value": 0.051633460000100051
        }
      },
      {
        "reactor_utilization": {
          "shard": "6",
          "value": 0.012328799999827833
        }
      },
      {
        "reactor_utilization": {
          "shard": "7",
          "value": 0.046340259999799738
        }
      }
    ]
  },
  {
    "metrics": [
      {
        "reactor_utilization": {
          "shard": "0",
          "value": 0.10102029999989881
        }
      },
      {
        "reactor_utilization": {
          "shard": "1",
          "value": 0.039449379999823009
        }
      },
      {
        "reactor_utilization": {
          "shard": "2",
          "value": 0.040251299999938261
        }
      },
      {
        "reactor_utilization": {
          "shard": "3",
          "value": 0.04426518000000268
        }
      },
      {
        "reactor_utilization": {
          "shard": "4",
          "value": 0.049616659999907053
        }
      },
      {
        "reactor_utilization": {
          "shard": "5",
          "value": 0.046314680000092423
        }
      },
      {
        "reactor_utilization": {
          "shard": "6",
          "value": 0.048045939999818987
        }
      },
      {
        "reactor_utilization": {
          "shard": "7",
          "value": 0.042909139999780521
        }
      }
    ]
  },
  {
    "metrics": [
      {
        "reactor_utilization": {
          "shard": "0",
          "value": 0.067084239999903872
        }
      },
      {
        "reactor_utilization": {
          "shard": "1",
          "value": 0.019590099999799993
        }
      },
      {
        "reactor_utilization": {
          "shard": "2",
          "value": 0.024456059999933277
        }
      },
      {
        "reactor_utilization": {
          "shard": "3",
          "value": 0.021311080000008253
        }
      },
      {
        "reactor_utilization": {
          "shard": "4",
          "value": 0.023666659999910244
        }
      },
      {
        "reactor_utilization": {
          "shard": "5",
          "value": 0.029222440000087335
        }
      },
      {
        "reactor_utilization": {
          "shard": "6",
          "value": 0.023910959999806636
        }
      },
      {
        "reactor_utilization": {
          "shard": "7",
          "value": 0.013819979999785126
        }
      }
    ]
  },
  {
    "metrics": [
      {
        "reactor_utilization": {
          "shard": "0",
          "value": 0.10618017999991514
        }
      },
      {
        "reactor_utilization": {
          "shard": "1",
          "value": 0.032331639999783057
        }
      },
      {
        "reactor_utilization": {
          "shard": "2",
          "value": 0.051767879999942146
        }
      },
      {
        "reactor_utilization": {
          "shard": "3",
          "value": 0.048262519999986431
        }
      },
      {
        "reactor_utilization": {
          "shard": "4",
          "value": 0.041276959999936302
        }
      },
      {
        "reactor_utilization": {
          "shard": "5",
          "value": 0.041872980000090543
        }
      },
      {
        "reactor_utilization": {
          "shard": "6",
          "value": 0.052868419999807514
        }
      },
      {
        "reactor_utilization": {
          "shard": "7",
          "value": 0.044171419999783357
        }
      }
    ]
  },
  {
    "metrics": [
      {
        "reactor_utilization": {
          "shard": "0",
          "value": 0.11619449999991094
        }
      },
      {
        "reactor_utilization": {
          "shard": "1",
          "value": 0.034642339999768623
        }
      },
      {
        "reactor_utilization": {
          "shard": "2",
          "value": 0.049164879999952227
        }
      },
      {
        "reactor_utilization": {
          "shard": "3",
          "value": 0.038006219999975333
        }
      },
      {
        "reactor_utilization": {
          "shard": "4",
          "value": 0.047185139999927905
        }
      },
      {
        "reactor_utilization": {
          "shard": "5",
          "value": 0.051293380000094757
        }
      },
      {
        "reactor_utilization": {
          "shard": "6",
          "value": 0.044295179999798151
        }
      },
      {
        "reactor_utilization": {
          "shard": "7",
          "value": 0.041936179999768619
        }
      }
    ]
  },
  {
    "metrics": [
      {
        "reactor_utilization": {
          "shard": "0",
          "value": 0.079477719999898611
        }
      },
      {
        "reactor_utilization": {
          "shard": "1",
          "value": 0.019822859999774067
        }
      },
      {
        "reactor_utilization": {
          "shard": "2",
          "value": 0.032589799999960256
        }
      },
      {
        "reactor_utilization": {
          "shard": "3",
          "value": 0.01943819999997709
        }
      },
      {
        "reactor_utilization": {
          "shard": "4",
          "value": 0.024656019999946821
        }
      },
      {
        "reactor_utilization": {
          "shard": "5",
          "value": 0.02475936000008172
        }
      },
      {
        "reactor_utilization": {
          "shard": "6",
          "value": 0.021891479999802677
        }
      },
      {
        "reactor_utilization": {
          "shard": "7",
          "value": 0.020052059999775551
        }
      }
    ]
  },
  {
    "metrics": [
      {
        "reactor_utilization": {
          "shard": "0",
          "value": 0.11940165999990704
        }
      },
      {
        "reactor_utilization": {
          "shard": "1",
          "value": 0.03545861999973976
        }
      },
      {
        "reactor_utilization": {
          "shard": "2",
          "value": 0.052148239999949553
        }
      },
      {
        "reactor_utilization": {
          "shard": "3",
          "value": 0.045683919999961464
        }
      },
      {
        "reactor_utilization": {
          "shard": "4",
          "value": 0.049758839999936022
        }
      },
      {
        "reactor_utilization": {
          "shard": "5",
          "value": 0.049188820000078959
        }
      },
      {
        "reactor_utilization": {
          "shard": "6",
          "value": 0.040071259999807651
        }
      },
      {
        "reactor_utilization": {
          "shard": "7",
          "value": 0.040381199999783846
        }
      }
    ]
  },
  {
    "metrics": [
      {
        "reactor_utilization": {
          "shard": "0",
          "value": 0.09215487999992833
        }
      },
      {
        "reactor_utilization": {
          "shard": "1",
          "value": 0.041040419999738287
        }
      },
      {
        "reactor_utilization": {
          "shard": "2",
          "value": 0.048335119999920462
        }
      },
      {
        "reactor_utilization": {
          "shard": "3",
          "value": 0.044406279999964493
        }
      },
      {
        "reactor_utilization": {
          "shard": "4",
          "value": 0.044377859999933378
        }
      },
      {
        "reactor_utilization": {
          "shard": "5",
          "value": 0.050670060000079786
        }
      },
      {
        "reactor_utilization": {
          "shard": "6",
          "value": 0.042366779999813975
        }
      },
      {
        "reactor_utilization": {
          "shard": "7",
          "value": 0.044061019999763751
        }
      }
    ]
  },
  {
    "metrics": [
      {
        "reactor_utilization": {
          "shard": "0",
          "value": 0.075328359999926597
        }
      },
      {
        "reactor_utilization": {
          "shard": "1",
          "value": 0.019278579999759682
        }
      },
      {
        "reactor_utilization": {
          "shard": "2",
          "value": 0.026168479999932881
        }
      },
      {
        "reactor_utilization": {
          "shard": "3",
          "value": 0.021883539999956181
        }
      },
      {
        "reactor_utilization": {
          "shard": "4",
          "value": 0.021482379999959722
        }
      },
      {
        "reactor_utilization": {
          "shard": "5",
          "value": 0.026785540000084929
        }
      },
      {
        "reactor_utilization": {
          "shard": "6",
          "value": 0.017885099999792597
        }
      },
      {
        "reactor_utilization": {
          "shard": "7",
          "value": 0.020950519999773931
        }
      }
    ]
  },
  {
    "metrics": [
      {
        "reactor_utilization": {
          "shard": "0",
          "value": 0.10605439999993305
        }
      },
      {
        "reactor_utilization": {
          "shard": "1",
          "value": 0.029727719999739222
        }
      },
      {
        "reactor_utilization": {
          "shard": "2",
          "value": 0.053919559999915379
        }
      },
      {
        "reactor_utilization": {
          "shard": "3",
          "value": 0.043143799999956212
        }
      },
      {
        "reactor_utilization": {
          "shard": "4",
          "value": 0.047629359999967757
        }
      },
      {
        "reactor_utilization": {
          "shard": "5",
          "value": 0.046360040000059666
        }
      },
      {
        "reactor_utilization": {
          "shard": "6",
          "value": 0.040092939999769595
        }
      },
      {
        "reactor_utilization": {
          "shard": "7",
          "value": 0.042647239999760167
        }
      }
    ]
  },
  {
    "metrics": [
      {
        "reactor_utilization": {
          "shard": "0",
          "value": 0.095936919999939363
        }
      },
      {
        "reactor_utilization": {
          "shard": "1",
          "value": 0.035442579999767077
        }
      },
      {
        "reactor_utilization": {
          "shard": "2",
          "value": 0.028246779999918648
        }
      },
      {
        "reactor_utilization": {
          "shard": "3",
          "value": 0.018585099999945953
        }
      },
      {
        "reactor_utilization": {
          "shard": "4",
          "value": 0.0213884199999681
        }
      },
      {
        "reactor_utilization": {
          "shard": "5",
          "value": 0.024333620000049905
        }
      },
      {
        "reactor_utilization": {
          "shard": "6",
          "value": 0.038280599999795939
        }
      },
      {
        "reactor_utilization": {
          "shard": "7",
          "value": 0.023062819999752904
        }
      }
    ]
  },
  {
    "metrics": [
      {
        "reactor_utilization": {
          "shard": "0",
          "value": 0.077857399999936572
        }
      },
      {
        "reactor_utilization": {
          "shard": "1",
          "value": 0.019358399999758191
        }
      },
      {
        "reactor_utilization": {
          "shard": "2",
          "value": 0.011564199999902769
        }
      },
      {
        "reactor_utilization": {
          "shard": "3",
          "value": 0.039588379999955237
        }
      },
      {
        "reactor_utilization": {
          "shard": "4",
          "value": 0.041702379999963846
        }
      },
      {
        "reactor_utilization": {
          "shard": "5",
          "value": 0.051918400000028342
        }
      },
      {
        "reactor_utilization": {
          "shard": "6",
          "value": 0.02084543999982813
        }
      },
      {
        "reactor_utilization": {
          "shard": "7",
          "value": 0.013072759999732675
        }
      }
    ]
  },
  {
    "metrics": [
      {
        "reactor_utilization": {
          "shard": "0",
          "value": 0.10825301999993764
        }
      },
      {
        "reactor_utilization": {
          "shard": "1",
          "value": 0.045325599999768151
        }
      },
      {
        "reactor_utilization": {
          "shard": "2",
          "value": 0.048322739999917541
        }
      },
      {
        "reactor_utilization": {
          "shard": "3",
          "value": 0.042252599999970109
        }
      },
      {
        "reactor_utilization": {
          "shard": "4",
          "value": 0.044237619999965005
        }
      },
      {
        "reactor_utilization": {
          "shard": "5",
          "value": 0.051988380000045353
        }
      },
      {
        "reactor_utilization": {
          "shard": "6",
          "value": 0.045266459999804276
        }
      },
      {
        "reactor_utilization": {
          "shard": "7",
          "value": 0.036727499999755775
        }
      }
    ]
  },
  {
    "metrics": [
      {
        "reactor_utilization": {
          "shard": "0",
          "value": 0.073734419999937906
        }
      },
      {
        "reactor_utilization": {
          "shard": "1",
          "value": 0.028456159999779018
        }
      },
      {
        "reactor_utilization": {
          "shard": "2",
          "value": 0.030548299999921813
        }
      },
      {
        "reactor_utilization": {
          "shard": "3",
          "value": 0.015201019999944165
        }
      },
      {
        "reactor_utilization": {
          "shard": "4",
          "value": 0.018816079999983693
        }
      },
      {
        "reactor_utilization": {
          "shard": "5",
          "value": 0.018802800000039532
        }
      },
      {
        "reactor_utilization": {
          "shard": "6",
          "value": 0.021139179999796198
        }
      },
      {
        "reactor_utilization": {
          "shard": "7",
          "value": 0.023306319999760738
        }
      }
    ]
  },
  {
    "metrics": [
      {
        "reactor_utilization": {
          "shard": "0",
          "value": 0.10924867999995147
        }
      },
      {
        "reactor_utilization": {
          "shard": "1",
          "value": 0.036936179999758068
        }
      },
      {
        "reactor_utilization": {
          "shard": "2",
          "value": 0.048607979999926165
        }
      },
      {
        "reactor_utilization": {
          "shard": "3",
          "value": 0.035526739999958146
        }
      },
      {
        "reactor_utilization": {
          "shard": "4",
          "value": 0.045668539999987878
        }
      },
      {
        "reactor_utilization": {
          "shard": "5",
          "value": 0.048215160000042445
        }
      },
      {
        "reactor_utilization": {
          "shard": "6",
          "value": 0.044076359999789538
        }
      },
      {
        "reactor_utilization": {
          "shard": "7",
          "value": 0.038281039999743527
        }
      }
    ]
  },
  {
    "metrics": [
      {
        "reactor_utilization": {
          "shard": "0",
          "value": 0.096162119999965157
        }
      },
      {
        "reactor_utilization": {
          "shard": "1",
          "value": 0.039585119999752116
        }
      },
      {
        "reactor_utilization": {
          "shard": "2",
          "value": 0.050441819999935689
        }
      },
      {
        "reactor_utilization": {
          "shard": "3",
          "value": 0.04628855999995185
        }
      },
      {
        "reactor_utilization": {
          "shard": "4",
          "value": 0.043683819999973394
        }
      },
      {
        "reactor_utilization": {
          "shard": "5",
          "value": 0.048123500000052388
        }
      },
      {
        "reactor_utilization": {
          "shard": "6",
          "value": 0.040366999999774666
        }
      },
      {
        "reactor_utilization": {
          "shard": "7",
          "value": 0.04084797999974743
        }
      }
    ]
  },
  {
    "metrics": [
      {
        "reactor_utilization": {
          "shard": "0",
          "value": 0.047951199999951566
        }
      },
      {
        "reactor_utilization": {
          "shard": "1",
          "value": 0.017637499999745287
        }
      },
      {
        "reactor_utilization": {
          "shard": "2",
          "value": 0.02534991999993963
        }
      },
      {
        "reactor_utilization": {
          "shard": "3",
          "value": 0.019096259999973331
        }
      },
      {
        "reactor_utilization": {
          "shard": "4",
          "value": 0.020446379999949915
        }
      },
      {
        "reactor_utilization": {
          "shard": "5",
          "value": 0.02296224000005731
        }
      },
      {
        "reactor_utilization": {
          "shard": "6",
          "value": 0.017216839999789624
        }
      },
      {
        "reactor_utilization": {
          "shard": "7",
          "value": 0.022863459999733493
        }
      }
    ]
  },
  {
    "metrics": [
      {
        "reactor_utilization": {
          "shard": "0",
          "value": 0.10360547999996861
        }
      },
      {
        "reactor_utilization": {
          "shard": "1",
          "value": 0.041649679999755662
        }
      },
      {
        "reactor_utilization": {
          "shard": "2",
          "value": 0.047318159999920617
        }
      },
      {
        "reactor_utilization": {
          "shard": "3",
          "value": 0.045791699999986335
        }
      },
      {
        "reactor_utilization": {
          "shard": "4",
          "value": 0.046766839999956566
        }
      },
      {
        "reactor_utilization": {
          "shard": "5",
          "value": 0.051129520000059436
        }
      },
      {
        "reactor_utilization": {
          "shard": "6",
          "value": 0.045556019999781761
        }
      },
      {
        "reactor_utilization": {
          "shard": "7",
          "value": 0.048389639999713019
        }
      }
    ]
  },
  {
    "metrics": [
      {
        "reactor_utilization": {
          "shard": "0",
          "value": 0.11667843999997318
        }
      },
      {
        "reactor_utilization": {
          "shard": "1",
          "value": 0.031244179999767585
        }
      },
      {
        "reactor_utilization": {
          "shard": "2",
          "value": 0.051968739999930236
        }
      },
      {
        "reactor_utilization": {
          "shard": "3",
          "value": 0.045752839999968486
        }
      },
      {
        "reactor_utilization": {
          "shard": "4",
          "value": 0.047792619999942332
        }
      },
      {
        "reactor_utilization": {
          "shard": "5",
          "value": 0.044976360000026361
        }
      },
      {
        "reactor_utilization": {
          "shard": "6",
          "value": 0.046435699999780589
        }
      },
      {
        "reactor_utilization": {
          "shard": "7",
          "value": 0.047846579999721861
        }
      }
    ]
  },
  {
    "metrics": [
      {
        "reactor_utilization": {
          "shard": "0",
          "value": 0.070438979999987161
        }
      },
      {
        "reactor_utilization": {
          "shard": "1",
          "value": 0.022737919999760159
        }
      },
      {
        "reactor_utilization": {
          "shard": "2",
          "value": 0.025052359999921947
        }
      },
      {
        "reactor_utilization": {
          "shard": "3",
          "value": 0.019706119999973737
        }
      },
      {
        "reactor_utilization": {
          "shard": "4",
          "value": 0.022844099999963507
        }
      },
      {
        "reactor_utilization": {
          "shard": "5",
          "value": 0.024231420000031534
        }
      },
      {
        "reactor_utilization": {
          "shard": "6",
          "value": 0.012028519999796039
        }
      },
      {
        "reactor_utilization": {
          "shard": "7",
          "value": 0.023143559999727614
        }
      }
    ]
  }
]
