[
  {
    "metrics": [
      {
        "reactor_utilization": {
          "shard": "0",
          "value": 94.273776220000002
        }
      },
      {
        "reactor_utilization": {
          "shard": "1",
          "value": 94.237105399999948
        }
      },
      {
        "reactor_utilization": {
          "shard": "2",
          "value": 92.669085559999942
        }
      },
      {
        "reactor_utilization": {
          "shard": "3",
          "value": 94.475456379999926
        }
      },
      {
        "reactor_utilization": {
          "shard": "4",
          "value": 82.926352359999854
        }
      },
      {
        "reactor_utilization": {
          "shard": "5",
          "value": 91.714710759999988
        }
      },
      {
        "reactor_utilization": {
          "shard": "6",
          "value": 91.63314617999994
        }
      },
      {
        "reactor_utilization": {
          "shard": "7",
          "value": 99.999596879999885
        }
      }
    ]
  },
  {
    "metrics": [
      {
        "reactor_utilization": {
          "shard": "0",
          "value": 92.443841600000013
        }
      },
      {
        "reactor_utilization": {
          "shard": "1",
          "value": 91.591164019999951
        }
      },
      {
        "reactor_utilization": {
          "shard": "2",
          "value": 90.695962619999932
        }
      },
      {
        "reactor_utilization": {
          "shard": "3",
          "value": 93.44849375999992
        }
      },
      {
        "reactor_utilization": {
          "shard": "4",
          "value": 82.839611639999873
        }
      },
      {
        "reactor_utilization": {
          "shard": "5",
          "value": 92.226876139999973
        }
      },
      {
        "reactor_utilization": {
          "shard": "6",
          "value": 92.485337619999939
        }
      },
      {
        "reactor_utilization": {
          "shard": "7",
          "value": 99.999999999999886
        }
      }
    ]
  },
  {
    "metrics": [
      {
        "reactor_utilization": {
          "shard": "0",
          "value": 92.942909160000013
        }
      },
      {
        "reactor_utilization": {
          "shard": "1",
          "value": 92.515798499999946
        }
      },
      {
        "reactor_utilization": {
          "shard": "2",
          "value": 92.233341959999933
        }
      },
      {
        "reactor_utilization": {
          "shard": "3",
          "value": 94.491421739999922
        }
      },
      {
        "reactor_utilization": {
          "shard": "4",
          "value": 81.874992419999856
        }
      },
      {
        "reactor_utilization": {
          "shard": "5",
          "value": 89.837633179999983
        }
      },
      {
        "reactor_utilization": {
          "shard": "6",
          "value": 92.270787259999949
        }
      },
      {
        "reactor_utilization": {
          "shard": "7",
          "value": 99.999999999999886
        }
      }
    ]
  },
  {
    "metrics": [
      {
        "reactor_utilization": {
          "shard": "0",
          "value": 94.684418280000003
        }
      },
      {
        "reactor_utilization": {
          "shard": "1",
          "value": 93.163563619999948
        }
      },
      {
        "reactor_utilization": {
          "shard": "2",
          "value": 93.023386519999946
        }
      },
      {
        "reactor_utilization": {
          "shard": "3",
          "value": 94.214942699999924
        }
      },
      {
        "reactor_utilization": {
          "shard": "4",
          "value": 81.510236679999863
        }
      },
      {
        "reactor_utilization": {
          "shard": "5",
          "value": 91.617201059999985
        }
      },
      {
        "reactor_utilization": {
          "shard": "6",
          "value": 90.671730739999944
        }
      },
      {
        "reactor_utilization": {
          "shard": "7",
          "value": 99.999834919999884
        }
      }
    ]
  },
  {
    "metrics": [
      {
        "reactor_utilization": {
          "shard": "0",
          "value": 92.359188700000004
        }
      },
      {
        "reactor_utilization": {
          "shard": "1",
          "value": 91.466488479999938
        }
      },
      {
        "reactor_utilization": {
          "shard": "2",
          "value": 91.170153639999938
        }
      },
      {
        "reactor_utilization": {
          "shard": "3",
          "value": 93.448834679999919
        }
      },
      {
        "reactor_utilization": {
          "shard": "4",
          "value": 81.099207839999863
        }
      },
      {
        "reactor_utilization": {
          "shard": "5",
          "value": 89.722649239999981
        }
      },
      {
        "reactor_utilization": {
          "shard": "6",
          "value": 90.555713779999948
        }
      },
      {
        "reactor_utilization": {
          "shard": "7",
          "value": 99.999614919999885
        }
      }
    ]
  },
  {
    "metrics": [
      {
        "reactor_utilization": {
          "shard": "0",
          "value": 93.59926406000001
        }
      },
      {
        "reactor_utilization": {
          "shard": "1",
          "value": 92.010005299999946
        }
      },
      {
        "reactor_utilization": {
          "shard": "2",
          "value": 92.396734999999936
        }
      },
      {
        "reactor_utilization": {
          "shard": "3",
          "value": 93.399889079999923
        }
      },
      {
        "reactor_utilization": {
          "shard": "4",
          "value": 85.260713899999857
        }
      },
      {
        "reactor_utilization": {
          "shard": "5",
          "value": 90.91270175999999
        }
      },
      {
        "reactor_utilization": {
          "shard": "6",
          "value": 91.644867499999947
        }
      },
      {
        "reactor_utilization": {
          "shard": "7",
          "value": 99.999743079999888
        }
      }
    ]
  },
  {
    "metrics": [
      {
        "reactor_utilization": {
          "shard": "0",
          "value": 92.376172120000007
        }
      },
      {
        "reactor_utilization": {
          "shard": "1",
          "value": 91.753891919999958
        }
      },
      {
        "reactor_utilization": {
          "shard": "2",
          "value": 91.840576939999934
        }
      },
      {
        "reactor_utilization": {
          "shard": "3",
          "value": 92.932707119999918
        }
      },
      {
        "reactor_utilization": {
          "shard": "4",
          "value": 85.701860679999854
        }
      },
      {
        "reactor_utilization": {
          "shard": "5",
          "value": 91.995856259999982
        }
      },
      {
        "reactor_utilization": {
          "shard": "6",
          "value": 91.388951979999959
        }
      },
      {
        "reactor_utilization": {
          "shard": "7",
          "value": 99.999390599999884
        }
      }
    ]
  },
  {
    "metrics": [
      {
        "reactor_utilization": {
          "shard": "0",
          "value": 90.539367160000012
        }
      },
      {
        "reactor_utilization": {
          "shard": "1",
          "value": 90.121424699999949
        }
      },
      {
        "reactor_utilization": {
          "shard": "2",
          "value": 91.421305919999938
        }
      },
      {
        "reactor_utilization": {
          "shard": "3",
          "value": 91.488721739999917
        }
      },
      {
        "reactor_utilization": {
          "shard": "4",
          "value": 80.467996699999858
        }
      },
      {
        "reactor_utilization": {
          "shard": "5",
          "value": 89.983941719999976
        }
      },
      {
        "reactor_utilization": {
          "shard": "6",
          "value": 88.773997659999949
        }
      },
      {
        "reactor_utilization": {
          "shard": "7",
          "value": 92.865259559999885
        }
      }
    ]
  },
  {
    "metrics": [
      {
        "reactor_utilization": {
          "shard": "0",
          "value": 92.140055200000006
        }
      },
      {
        "reactor_utilization": {
          "shard": "1",
          "value": 91.881844399999963
        }
      },
      {
        "reactor_utilization": {
          "shard": "2",
          "value": 90.717961139999943
        }
      },
      {
        "reactor_utilization": {
          "shard": "3",
          "value": 94.840398279999931
        }
      },
      {
        "reactor_utilization": {
          "shard": "4",
          "value": 81.310768219999858
        }
      },
      {
        "reactor_utilization": {
          "shard": "5",
          "value": 91.941691239999983
        }
      },
      {
        "reactor_utilization": {
          "shard": "6",
          "value": 94.324743399999946
        }
      },
      {
        "reactor_utilization": {
          "shard": "7",
          "value": 93.261282379999884
        }
      }
    ]
  },
  {
    "metrics": [
      {
        "reactor_utilization": {
          "shard": "0",
          "value": 93.405376280000013
        }
      },
      {
        "reactor_utilization": {
          "shard": "1",
          "value": 91.509365119999956
        }
      },
      {
        "reactor_utilization": {
          "shard": "2",
          "value": 91.017790119999944
        }
      },
      {
        "reactor_utilization": {
          "shard": "3",
          "value": 96.303961139999927
        }
      },
      {
        "reactor_utilization": {
          "shard": "4",
          "value": 83.375668959999857
        }
      },
      {
        "reactor_utilization": {
          "shard": "5",
          "value": 93.762768559999984
        }
      },
      {
        "reactor_utilization": {
          "shard": "6",
          "value": 93.42833657999995
        }
      },
      {
        "reactor_utilization": {
          "shard": "7",
          "value": 99.732477979999885
        }
      }
    ]
  },
  {
    "metrics": [
      {
        "reactor_utilization": {
          "shard": "0",
          "value": 90.156933280000004
        }
      },
      {
        "reactor_utilization": {
          "shard": "1",
          "value": 90.976196019999961
        }
      },
      {
        "reactor_utilization": {
          "shard": "2",
          "value": 90.744901179999943
        }
      },
      {
        "reactor_utilization": {
          "shard": "3",
          "value": 91.391296299999922
        }
      },
      {
        "reactor_utilization": {
          "shard": "4",
          "value": 80.861875579999847
        }
      },
      {
        "reactor_utilization": {
          "shard": "5",
          "value": 90.246163659999993
        }
      },
      {
        "reactor_utilization": {
          "shard": "6",
          "value": 89.972704499999949
        }
      },
      {
        "reactor_utilization": {
          "shard": "7",
          "value": 99.998592259999882
        }
      }
    ]
  },
  {
    "metrics": [
      {
        "reactor_utilization": {
          "shard": "0",
          "value": 92.264190839999998
        }
      },
      {
        "reactor_utilization": {
          "shard": "1",
          "value": 92.538019199999951
        }
      },
      {
        "reactor_utilization": {
          "shard": "2",
          "value": 89.476250499999949
        }
      },
      {
        "reactor_utilization": {
          "shard": "3",
          "value": 92.168559819999913
        }
      },
      {
        "reactor_utilization": {
          "shard": "4",
          "value": 81.750506499999858
        }
      },
      {
        "reactor_utilization": {
          "shard": "5",
          "value": 91.630641419999975
        }
      },
      {
        "reactor_utilization": {
          "shard": "6",
          "value": 90.734328359999949
        }
      },
      {
        "reactor_utilization": {
          "shard": "7",
          "value": 99.999807399999881
        }
      }
    ]
  },
  {
    "metrics": [
      {
        "reactor_utilization": {
          "shard": "0",
          "value": 91.417970120000007
        }
      },
      {
        "reactor_utilization": {
          "shard": "1",
          "value": 90.518957659999955
        }
      },
      {
        "reactor_utilization": {
          "shard": "2",
          "value": 91.544332319999938
        }
      },
      {
        "reactor_utilization": {
          "shard": "3",
          "value": 93.960927279999922
        }
      },
      {
        "reactor_utilization": {
          "shard": "4",
          "value": 84.578031039999857
        }
      },
      {
        "reactor_utilization": {
          "shard": "5",
          "value": 91.446978839999986
        }
      },
      {
        "reactor_utilization": {
          "shard": "6",
          "value": 89.930673299999953
        }
      },
      {
        "reactor_utilization": {
          "shard": "7",
          "value": 99.999627639999886
        }
      }
    ]
  },
  {
    "metrics": [
      {
        "reactor_utilization": {
          "shard": "0",
          "value": 92.837531780000006
        }
      },
      {
        "reactor_utilization": {
          "shard": "1",
          "value": 92.68520077999996
        }
      },
      {
        "reactor_utilization": {
          "shard": "2",
          "value": 89.981857259999941
        }
      },
      {
        "reactor_utilization": {
          "shard": "3",
          "value": 92.910716759999929
        }
      },
      {
        "reactor_utilization": {
          "shard": "4",
          "value": 81.957614379999853
        }
      },
      {
        "reactor_utilization": {
          "shard": "5",
          "value": 91.299168579999986
        }
      },
      {
        "reactor_utilization": {
          "shard": "6",
          "value": 91.835781599999947
        }
      },
      {
        "reactor_utilization": {
          "shard": "7",
          "value": 99.999999999999886
        }
      }
    ]
  },
  {
    "metrics": [
      {
        "reactor_utilization": {
          "shard": "0",
          "value": 92.034185080000015
        }
      },
      {
        "reactor_utilization": {
          "shard": "1",
          "value": 91.395867919999958
        }
      },
      {
        "reactor_utilization": {
          "shard": "2",
          "value": 92.655551579999937
        }
      },
      {
        "reactor_utilization": {
          "shard": "3",
          "value": 93.859118859999924
        }
      },
      {
        "reactor_utilization": {
          "shard": "4",
          "value": 81.994305339999855
        }
      },
      {
        "reactor_utilization": {
          "shard": "5",
          "value": 90.289983359999979
        }
      },
      {
        "reactor_utilization": {
          "shard": "6",
          "value": 91.272314519999938
        }
      },
      {
        "reactor_utilization": {
          "shard": "7",
          "value": 99.999999999999886
        }
      }
    ]
  },
  {
    "metrics": [
      {
        "reactor_utilization": {
          "shard": "0",
          "value": 93.788433479999995
        }
      },
      {
        "reactor_utilization": {
          "shard": "1",
          "value": 94.326488179999956
        }
      },
      {
        "reactor_utilization": {
          "shard": "2",
          "value": 93.65043059999995
        }
      },
      {
        "reactor_utilization": {
          "shard": "3",
          "value": 93.360949239999925
        }
      },
      {
        "reactor_utilization": {
          "shard": "4",
          "value": 82.999021559999846
        }
      },
      {
        "reactor_utilization": {
          "shard": "5",
          "value": 94.087437799999989
        }
      },
      {
        "reactor_utilization": {
          "shard": "6",
          "value": 93.165040399999938
        }
      },
      {
        "reactor_utilization": {
          "shard": "7",
          "value": 99.998873659999887
        }
      }
    ]
  },
  {
    "metrics": [
      {
        "reactor_utilization": {
          "shard": "0",
          "value": 92.511916140000011
        }
      },
      {
        "reactor_utilization": {
          "shard": "1",
          "value": 92.443555859999947
        }
      },
      {
        "reactor_utilization": {
          "shard": "2",
          "value": 91.645268339999944
        }
      },
      {
        "reactor_utilization": {
          "shard": "3",
          "value": 94.353075479999916
        }
      },
      {
        "reactor_utilization": {
          "shard": "4",
          "value": 83.709440959999853
        }
      },
      {
        "reactor_utilization": {
          "shard": "5",
          "value": 92.500627779999988
        }
      },
      {
        "reactor_utilization": {
          "shard": "6",
          "value": 91.090685979999947
        }
      },
      {
        "reactor_utilization": {
          "shard": "7",
          "value": 99.999999999999886
        }
      }
    ]
  },
  {
    "metrics": [
      {
        "reactor_utilization": {
          "shard": "0",
          "value": 93.803935100000004
        }
      },
      {
        "reactor_utilization": {
          "shard": "1",
          "value": 92.251377739999953
        }
      },
      {
        "reactor_utilization": {
          "shard": "2",
          "value": 93.22356451999994
        }
      },
      {
        "reactor_utilization": {
          "shard": "3",
          "value": 94.077195059999923
        }
      },
      {
        "reactor_utilization": {
          "shard": "4",
          "value": 84.107283219999857
        }
      },
      {
        "reactor_utilization": {
          "shard": "5",
          "value": 94.178691739999991
        }
      },
      {
        "reactor_utilization": {
          "shard": "6",
          "value": 92.375998859999939
        }
      },
      {
        "reactor_utilization": {
          "shard": "7",
          "value": 99.999999999999886
        }
      }
    ]
  },
  {
    "metrics": [
      {
        "reactor_utilization": {
          "shard": "0",
          "value": 93.978242900000012
        }
      },
      {
        "reactor_utilization": {
          "shard": "1",
          "value": 92.815253019999957
        }
      },
      {
        "reactor_utilization": {
          "shard": "2",
          "value": 91.635988719999943
        }
      },
      {
        "reactor_utilization": {
          "shard": "3",
          "value": 93.282807199999922
        }
      },
      {
        "reactor_utilization": {
          "shard": "4",
          "value": 83.05719343999985
        }
      },
      {
        "reactor_utilization": {
          "shard": "5",
          "value": 90.462993039999986
        }
      },
      {
        "reactor_utilization": {
          "shard": "6",
          "value": 89.907523579999946
        }
      },
      {
        "reactor_utilization": {
          "shard": "7",
          "value": 99.999970999999888
        }
      }
    ]
  },
  {
    "metrics": [
      {
        "reactor_utilization": {
          "shard": "0",
          "value": 94.301380100000003
        }
      },
      {
        "reactor_utilization": {
          "shard": "1",
          "value": 91.880480839999947
        }
      },
      {
        "reactor_utilization": {
          "shard": "2",
          "value": 93.631879479999938
        }
      },
      {
        "reactor_utilization": {
          "shard": "3",
          "value": 95.180538099999922
        }
      },
      {
        "reactor_utilization": {
          "shard": "4",
          "value": 86.729238759999859
        }
      },
      {
        "reactor_utilization": {
          "shard": "5",
          "value": 92.204956439999989
        }
      },
      {
        "reactor_utilization": {
          "shard": "6",
          "value": 89.49966315999994
        }
      },
      {
        "reactor_utilization": {
          "shard": "7",
          "value": 99.871934579999888
        }
      }
    ]
  },
  {
    "metrics": [
      {
        "reactor_utilization": {
          "shard": "0",
          "value": 92.912772340000004
        }
      },
      {
        "reactor_utilization": {
          "shard": "1",
          "value": 94.416147099999947
        }
      },
      {
        "reactor_utilization": {
          "shard": "2",
          "value": 94.795295759999945
        }
      },
      {
        "reactor_utilization": {
          "shard": "3",
          "value": 96.562341919999923
        }
      },
      {
        "reactor_utilization": {
          "shard": "4",
          "value": 83.998087859999856
        }
      },
      {
        "reactor_utilization": {
          "shard": "5",
          "value": 94.311006159999991
        }
      },
      {
        "reactor_utilization": {
          "shard": "6",
          "value": 94.791774379999936
        }
      },
      {
        "reactor_utilization": {
          "shard": "7",
          "value": 97.738756019999883
        }
      }
    ]
  },
  {
    "metrics": [
      {
        "reactor_utilization": {
          "shard": "0",
          "value": 93.009743360000002
        }
      },
      {
        "reactor_utilization": {
          "shard": "1",
          "value": 93.537331559999942
        }
      },
      {
        "reactor_utilization": {
          "shard": "2",
          "value": 92.459184759999928
        }
      },
      {
        "reactor_utilization": {
          "shard": "3",
          "value": 94.768041699999912
        }
      },
      {
        "reactor_utilization": {
          "shard": "4",
          "value": 81.675997639999864
        }
      },
      {
        "reactor_utilization": {
          "shard": "5",
          "value": 93.971892819999994
        }
      },
      {
        "reactor_utilization": {
          "shard": "6",
          "value": 94.259313039999938
        }
      },
      {
        "reactor_utilization": {
          "shard": "7",
          "value": 98.810612339999892
        }
      }
    ]
  },
  {
    "metrics": [
      {
        "reactor_utilization": {
          "shard": "0",
          "value": 95.117655780000007
        }
      },
      {
        "reactor_utilization": {
          "shard": "1",
          "value": 91.950912539999948
        }
      },
      {
        "reactor_utilization": {
          "shard": "2",
          "value": 92.874879199999938
        }
      },
      {
        "reactor_utilization": {
          "shard": "3",
          "value": 95.255602219999929
        }
      },
      {
        "reactor_utilization": {
          "shard": "4",
          "value": 83.725644759999852
        }
      },
      {
        "reactor_utilization": {
          "shard": "5",
          "value": 93.10628453999999
        }
      },
      {
        "reactor_utilization": {
          "shard": "6",
          "value": 93.872086279999948
        }
      },
      {
        "reactor_utilization": {
          "shard": "7",
          "value": 99.945033059999886
        }
      }
    ]
  },
  {
    "metrics": [
      {
        "reactor_utilization": {
          "shard": "0",
          "value": 94.220351640000004
        }
      },
      {
        "reactor_utilization": {
          "shard": "1",
          "value": 93.939701519999957
        }
      },
      {
        "reactor_utilization": {
          "shard": "2",
          "value": 93.691121799999948
        }
      },
      {
        "reactor_utilization": {
          "shard": "3",
          "value": 93.956031919999916
        }
      },
      {
        "reactor_utilization": {
          "shard": "4",
          "value": 83.830234339999848
        }
      },
      {
        "reactor_utilization": {
          "shard": "5",
          "value": 94.60246269999999
        }
      },
      {
        "reactor_utilization": {
          "shard": "6",
          "value": 94.636980179999938
        }
      },
      {
        "reactor_utilization": {
          "shard": "7",
          "value": 99.920979219999879
        }
      }
    ]
  }
]
