[
  {
    "metrics": [
      {
        "reactor_utilization": {
          "shard": "0",
          "value": 92.229296480000144
        }
      },
      {
        "reactor_utilization": {
          "shard": "1",
          "value": 92.882807479999769
        }
      },
      {
        "reactor_utilization": {
          "shard": "2",
          "value": 91.86600061999998
        }
      },
      {
        "reactor_utilization": {
          "shard": "3",
          "value": 91.12697117999987
        }
      },
      {
        "reactor_utilization": {
          "shard": "4",
          "value": 88.862491459999987
        }
      },
      {
        "reactor_utilization": {
          "shard": "5",
          "value": 92.883031260000195
        }
      },
      {
        "reactor_utilization": {
          "shard": "6",
          "value": 90.13228201999982
        }
      },
      {
        "reactor_utilization": {
          "shard": "7",
          "value": 99.99977499999973
        }
      }
    ]
  },
  {
    "metrics": [
      {
        "reactor_utilization": {
          "shard": "0",
          "value": 26.953282100000141
        }
      },
      {
        "reactor_utilization": {
          "shard": "1",
          "value": 22.484174239999778
        }
      },
      {
        "reactor_utilization": {
          "shard": "2",
          "value": 17.194167839999984
        }
      },
      {
        "reactor_utilization": {
          "shard": "3",
          "value": 12.122697459999877
        }
      },
      {
        "reactor_utilization": {
          "shard": "4",
          "value": 13.977079059999987
        }
      },
      {
        "reactor_utilization": {
          "shard": "5",
          "value": 13.7866871800002
        }
      },
      {
        "reactor_utilization": {
          "shard": "6",
          "value": 21.116167099999828
        }
      },
      {
        "reactor_utilization": {
          "shard": "7",
          "value": 23.865507279999743
        }
      }
    ]
  },
  {
    "metrics": [
      {
        "reactor_utilization": {
          "shard": "0",
          "value": 0.061503960000119928
        }
      },
      {
        "reactor_utilization": {
          "shard": "1",
          "value": 0.019865359999782228
        }
      },
      {
        "reactor_utilization": {
          "shard": "2",
          "value": 0.032045939999991724
        }
      },
      {
        "reactor_utilization": {
          "shard": "3",
          "value": 0.019521319999893372
        }
      },
      {
        "reactor_utilization": {
          "shard": "4",
          "value": 0.019599519999968784
        }
      },
      {
        "reactor_utilization": {
          "shard": "5",
          "value": 0.02486070000020657
        }
      },
      {
        "reactor_utilization": {
          "shard": "6",
          "value": 0.027851139999823804
        }
      },
      {
        "reactor_utilization": {
          "shard": "7",
          "value": 0.027424819999732897
        }
      }
    ]
  },
  {
    "metrics": [
      {
        "reactor_utilization": {
          "shard": "0",
          "value": 0.11456814000014859
        }
      },
      {
        "reactor_utilization": {
          "shard": "1",
          "value": 0.044390139999772593
        }
      },
      {
        "reactor_utilization": {
          "shard": "2",
          "value": 0.057262280000003329
        }
      },
      {
        "reactor_utilization": {
          "shard": "3",
          "value": 0.046604439999886615
        }
      },
      {
        "reactor_utilization": {
          "shard": "4",
          "value": 0.045416239999984676
        }
      },
      {
        "reactor_utilization": {
          "shard": "5",
          "value": 0.047069900000207276
        }
      },
      {
        "reactor_utilization": {
          "shard": "6",
          "value": 0.043277439999822587
        }
      },
      {
        "reactor_utilization": {
          "shard": "7",
          "value": 0.043971259999742163
        }
      }
    ]
  },
  {
    "metrics": [
      {
        "reactor_utilization": {
          "shard": "0",
          "value": 0.080144300000162261
        }
      },
      {
        "reactor_utilization": {
          "shard": "1",
          "value": 0.041647899999763816
        }
      },
      {
        "reactor_utilization": {
          "shard": "2",
          "value": 0.045636900000001202
        }
      },
      {
        "reactor_utilization": {
          "shard": "3",
          "value": 0.039773039999890791
        }
      },
      {
        "reactor_utilization": {
          "shard": "4",
          "value": 0.045324919999956137
        }
      },
      {
        "reactor_utilization": {
          "shard": "5",
          "value": 0.045266020000200857
        }
      },
      {
        "reactor_utilization": {
          "shard": "6",
          "value": 0.04346177999980938
        }
      },
      {
        "reactor_utilization": {
          "shard": "7",
          "value": 0.04216385999975536
        }
      }
    ]
  },
  {
    "metrics": [
      {
        "reactor_utilization": {
          "shard": "0",
          "value": 0.074935240000151282
        }
      },
      {
        "reactor_utilization": {
          "shard": "1",
          "value": 0.018615199999794108
        }
      },
      {
        "reactor_utilization": {
          "shard": "2",
          "value": 0.032042539999999065
        }
      },
      {
        "reactor_utilization": {
          "shard": "3",
          "value": 0.02035767999990501
        }
      },
      {
        "reactor_utilization": {
          "shard": "4",
          "value": 0.017417419999965489
        }
      },
      {
        "reactor_utilization": {
          "shard": "5",
          "value": 0.021589640000208021
        }
      },
      {
        "reactor_utilization": {
          "shard": "6",
          "value": 0.021545399999811643
        }
      },
      {
        "reactor_utilization": {
          "shard": "7",
          "value": 0.022776719999750838
        }
      }
    ]
  },
  {
    "metrics": [
      {
        "reactor_utilization": {
          "shard": "0",
          "value": 0.10995884000014611
        }
      },
      {
        "reactor_utilization": {
          "shard": "1",
          "value": 0.034959539999790401
        }
      },
      {
        "reactor_utilization": {
          "shard": "2",
          "value": 0.050910860000008551
        }
      },
      {
        "reactor_utilization": {
          "shard": "3",
          "value": 0.038213639999917781
        }
      },
      {
        "reactor_utilization": {
          "shard": "4",
          "value": 0.041823479999969493
        }
      },
      {
        "reactor_utilization": {
          "shard": "5",
          "value": 0.0446579400002034
        }
      },
      {
        "reactor_utilization": {
          "shard": "6",
          "value": 0.042346359999800853
        }
      },
      {
        "reactor_utilization": {
          "shard": "7",
          "value": 0.045569719999738467
        }
      }
    ]
  },
  {
    "metrics": [
      {
        "reactor_utilization": {
          "shard": "0",
          "value": 0.10315332000014887
        }
      },
      {
        "reactor_utilization": {
          "shard": "1",
          "value": 0.032149699999783898
        }
      },
      {
        "reactor_utilization": {
          "shard": "2",
          "value": 0.029835480000017789
        }
      },
      {
        "reactor_utilization": {
          "shard": "3",
          "value": 0.020340459999934613
        }
      },
      {
        "reactor_utilization": {
          "shard": "4",
          "value": 0.036615699999975604
        }
      },
      {
        "reactor_utilization": {
          "shard": "5",
          "value": 0.021873220000201421
        }
      },
      {
        "reactor_utilization": {
          "shard": "6",
          "value": 0.034323439999817129
        }
      },
      {
        "reactor_utilization": {
          "shard": "7",
          "value": 0.022990779999743083
        }
      }
    ]
  },
  {
    "metrics": [
      {
        "reactor_utilization": {
          "shard": "0",
          "value": 0.074552940000149892
        }
      },
      {
        "reactor_utilization": {
          "shard": "1",
          "value": 0.019610259999769397
        }
      },
      {
        "reactor_utilization": {
          "shard": "2",
          "value": 0.012915580000005811
        }
      },
      {
        "reactor_utilization": {
          "shard": "3",
          "value": 0.03791057999991132
        }
      },
      {
        "reactor_utilization": {
          "shard": "4",
          "value": 0.023071059999979493
        }
      },
      {
        "reactor_utilization": {
          "shard": "5",
          "value": 0.045885060000216971
        }
      },
      {
        "reactor_utilization": {
          "shard": "6",
          "value": 0.017075759999807261
        }
      },
      {
        "reactor_utilization": {
          "shard": "7",
          "value": 0.045308799999765892
        }
      }
    ]
  },
  {
    "metrics": [
      {
        "reactor_utilization": {
          "shard": "0",
          "value": 0.10248750000015905
        }
      },
      {
        "reactor_utilization": {
          "shard": "1",
          "value": 0.042960919999779357
        }
      },
      {
        "reactor_utilization": {
          "shard": "2",
          "value": 0.047272380000007441
        }
      },
      {
        "reactor_utilization": {
          "shard": "3",
          "value": 0.039402039999913985
        }
      },
      {
        "reactor_utilization": {
          "shard": "4",
          "value": 0.038720799999980571
        }
      },
      {
        "reactor_utilization": {
          "shard": "5",
          "value": 0.047358120000218218
        }
      },
      {
        "reactor_utilization": {
          "shard": "6",
          "value": 0.045022039999798036
        }
      },
      {
        "reactor_utilization": {
          "shard": "7",
          "value": 0.043110919999755914
        }
      }
    ]
  },
  {
    "metrics": [
      {
        "reactor_utilization": {
          "shard": "0",
          "value": 0.065626640000138181
        }
      },
      {
        "reactor_utilization": {
          "shard": "1",
          "value": 0.021710079999770482
        }
      },
      {
        "reactor_utilization": {
          "shard": "2",
          "value": 0.025545219999978386
        }
      },
      {
        "reactor_utilization": {
          "shard": "3",
          "value": 0.013180259999912014
        }
      },
      {
        "reactor_utilization": {
          "shard": "4",
          "value": 0.033787099999982306
        }
      },
      {
        "reactor_utilization": {
          "shard": "5",
          "value": 0.011660940000224329
        }
      },
      {
        "reactor_utilization": {
          "shard": "6",
          "value": 0.019013379999788249
        }
      },
      {
        "reactor_utilization": {
          "shard": "7",
          "value": 0.012028239999772872
        }
      }
    ]
  },
  {
    "metrics": [
      {
        "reactor_utilization": {
          "shard": "0",
          "value": 0.098308360000154416
        }
      },
      {
        "reactor_utilization": {
          "shard": "1",
          "value": 0.036250799999759664
        }
      },
      {
        "reactor_utilization": {
          "shard": "2",
          "value": 0.043256279999992486
        }
      },
      {
        "reactor_utilization": {
          "shard": "3",
          "value": 0.038162839999933418
        }
      },
      {
        "reactor_utilization": {
          "shard": "4",
          "value": 0.019744879999983311
        }
      },
      {
        "reactor_utilization": {
          "shard": "5",
          "value": 0.045050060000206837
        }
      },
      {
        "reactor_utilization": {
          "shard": "6",
          "value": 0.048862399999782813
        }
      },
      {
        "reactor_utilization": {
          "shard": "7",
          "value": 0.042804179999778036
        }
      }
    ]
  },
  {
    "metrics": [
      {
        "reactor_utilization": {
          "shard": "0",
          "value": 0.10589402000016346
        }
      },
      {
        "reactor_utilization": {
          "shard": "1",
          "value": 0.035880999999760022
        }
      },
      {
        "reactor_utilization": {
          "shard": "2",
          "value": 0.052469499999996394
        }
      },
      {
        "reactor_utilization": {
          "shard": "3",
          "value": 0.041640759999928001
        }
      },
      {
        "reactor_utilization": {
          "shard": "4",
          "value": 0.046128319999971801
        }
      },
      {
        "reactor_utilization": {
          "shard": "5",
          "value": 0.049788440000220202
        }
      },
      {
        "reactor_utilization": {
          "shard": "6",
          "value": 0.044448559999765713
        }
      },
      {
        "reactor_utilization": {
          "shard": "7",
          "value": 0.038528219999789393
        }
      }
    ]
  },
  {
    "metrics": [
      {
        "reactor_utilization": {
          "shard": "0",
          "value": 0.04862994000013332
        }
      },
      {
        "reactor_utilization": {
          "shard": "1",
          "value": 0.0184741799997723
        }
      },
      {
        "reactor_utilization": {
          "shard": "2",
          "value": 0.027634919999985907
        }
      },
      {
        "reactor_utilization": {
          "shard": "3",
          "value": 0.016104299999941674
        }
      },
      {
        "reactor_utilization": {
          "shard": "4",
          "value": 0.019973699999975558
        }
      },
      {
        "reactor_utilization": {
          "shard": "5",
          "value": 0.021241280000217078
        }
      },
      {
        "reactor_utilization": {
          "shard": "6",
          "value": 0.019348119999773594
        }
      },
      {
        "reactor_utilization": {
          "shard": "7",
          "value": 0.021366599999783631
        }
      }
    ]
  },
  {
    "metrics": [
      {
        "reactor_utilization": {
          "shard": "0",
          "value": 0.083702040000133149
        }
      },
      {
        "reactor_utilization": {
          "shard": "1",
          "value": 0.031991459999780592
        }
      },
      {
        "reactor_utilization": {
          "shard": "2",
          "value": 0.045620959999981281
        }
      },
      {
        "reactor_utilization": {
          "shard": "3",
          "value": 0.040373759999945413
        }
      },
      {
        "reactor_utilization": {
          "shard": "4",
          "value": 0.03772397999997068
        }
      },
      {
        "reactor_utilization": {
          "shard": "5",
          "value": 0.04761320000020719
        }
      },
      {
        "reactor_utilization": {
          "shard": "6",
          "value": 0.042808699999774547
        }
      },
      {
        "reactor_utilization": {
          "shard": "7",
          "value": 0.042795619999780321
        }
      }
    ]
  },
  {
    "metrics": [
      {
        "reactor_utilization": {
          "shard": "0",
          "value": 0.11712342000012033
        }
      },
      {
        "reactor_utilization": {
          "shard": "1",
          "value": 0.032331199999779958
        }
      },
      {
        "reactor_utilization": {
          "shard": "2",
          "value": 0.048304899999962458
        }
      },
      {
        "reactor_utilization": {
          "shard": "3",
          "value": 0.043868119999945776
        }
      },
      {
        "reactor_utilization": {
          "shard": "4",
          "value": 0.03921049999997539
        }
      },
      {
        "reactor_utilization": {
          "shard": "5",
          "value": 0.044003620000210297
        }
      },
      {
        "reactor_utilization": {
          "shard": "6",
          "value": 0.04301067999977759
        }
      },
      {
        "reactor_utilization": {
          "shard": "7",
          "value": 0.042688859999784334
        }
      }
    ]
  },
  {
    "metrics": [
      {
        "reactor_utilization": {
          "shard": "0",
          "value": 0.072631540000123174
        }
      },
      {
        "reactor_utilization": {
          "shard": "1",
          "value": 0.018689199999788464
        }
      },
      {
        "reactor_utilization": {
          "shard": "2",
          "value": 0.028481179999950701
        }
      },
      {
        "reactor_utilization": {
          "shard": "3",
          "value": 0.017314899999931743
        }
      },
      {
        "reactor_utilization": {
          "shard": "4",
          "value": 0.019701919999981499
        }
      },
      {
        "reactor_utilization": {
          "shard": "5",
          "value": 0.019155200000220418
        }
      },
      {
        "reactor_utilization": {
          "shard": "6",
          "value": 0.01881181999978665
        }
      },
      {
        "reactor_utilization": {
          "shard": "7",
          "value": 0.021438399999795799
        }
      }
    ]
  },
  {
    "metrics": [
      {
        "reactor_utilization": {
          "shard": "0",
          "value": 0.1067445200001127
        }
      },
      {
        "reactor_utilization": {
          "shard": "1",
          "value": 0.036452259999786296
        }
      },
      {
        "reactor_utilization": {
          "shard": "2",
          "value": 0.044785299999938744
        }
      },
      {
        "reactor_utilization": {
          "shard": "3",
          "value": 0.045795039999951825
        }
      },
      {
        "reactor_utilization": {
          "shard": "4",
          "value": 0.040289319999975426
        }
      },
      {
        "reactor_utilization": {
          "shard": "5",
          "value": 0.042341380000210371
        }
      },
      {
        "reactor_utilization": {
          "shard": "6",
          "value": 0.037537739999760067
        }
      },
      {
        "reactor_utilization": {
          "shard": "7",
          "value": 0.038153659999817791
        }
      }
    ]
  },
  {
    "metrics": [
      {
        "reactor_utilization": {
          "shard": "0",
          "value": 0.09833220000010634
        }
      },
      {
        "reactor_utilization": {
          "shard": "1",
          "value": 0.038175039999799321
        }
      },
      {
        "reactor_utilization": {
          "shard": "2",
          "value": 0.034727759999941821
        }
      },
      {
        "reactor_utilization": {
          "shard": "3",
          "value": 0.020418859999937755
        }
      },
      {
        "reactor_utilization": {
          "shard": "4",
          "value": 0.039097019999989602
        }
      },
      {
        "reactor_utilization": {
          "shard": "5",
          "value": 0.023433780000226001
        }
      },
      {
        "reactor_utilization": {
          "shard": "6",
          "value": 0.043873699999763538
        }
      },
      {
        "reactor_utilization": {
          "shard": "7",
          "value": 0.024033879999807439
        }
      }
    ]
  },
  {
    "metrics": [
      {
        "reactor_utilization": {
          "shard": "0",
          "value": 0.067683860000111729
        }
      },
      {
        "reactor_utilization": {
          "shard": "1",
          "value": 0.02020533999979035
        }
      },
      {
        "reactor_utilization": {
          "shard": "2",
          "value": 0.028108559999939775
        }
      },
      {
        "reactor_utilization": {
          "shard": "3",
          "value": 0.037218319999932081
        }
      },
      {
        "reactor_utilization": {
          "shard": "4",
          "value": 0.012193639999980022
        }
      },
      {
        "reactor_utilization": {
          "shard": "5",
          "value": 0.044633340000244104
        }
      },
      {
        "reactor_utilization": {
          "shard": "6",
          "value": 0.019439039999757934
        }
      },
      {
        "reactor_utilization": {
          "shard": "7",
          "value": 0.012500919999824944
        }
      }
    ]
  },
  {
    "metrics": [
      {
        "reactor_utilization": {
          "shard": "0",
          "value": 0.10519186000012004
        }
      },
      {
        "reactor_utilization": {
          "shard": "1",
          "value": 0.037040159999768285
        }
      },
      {
        "reactor_utilization": {
          "shard": "2",
          "value": 0.047360059999945747
        }
      },
      {
        "reactor_utilization": {
          "shard": "3",
          "value": 0.033964659999918823
        }
      },
      {
        "reactor_utilization": {
          "shard": "4",
          "value": 0.040652639999971818
        }
      },
      {
        "reactor_utilization": {
          "shard": "5",
          "value": 0.036263080000220604
        }
      },
      {
        "reactor_utilization": {
          "shard": "6",
          "value": 0.043026419999780963
        }
      },
      {
        "reactor_utilization": {
          "shard": "7",
          "value": 0.041438339999855245
        }
      }
    ]
  },
  {
    "metrics": [
      {
        "reactor_utilization": {
          "shard": "0",
          "value": 0.078038700000115924
        }
      },
      {
        "reactor_utilization": {
          "shard": "1",
          "value": 0.024013159999758393
        }
      },
      {
        "reactor_utilization": {
          "shard": "2",
          "value": 0.025545259999926184
        }
      },
      {
        "reactor_utilization": {
          "shard": "3",
          "value": 0.01962541999992462
        }
      },
      {
        "reactor_utilization": {
          "shard": "4",
          "value": 0.037646859999984628
        }
      },
      {
        "reactor_utilization": {
          "shard": "5",
          "value": 0.024283840000227652
        }
      },
      {
        "reactor_utilization": {
          "shard": "6",
          "value": 0.018853199999768755
        }
      },
      {
        "reactor_utilization": {
          "shard": "7",
          "value": 0.024881039999824495
        }
      }
    ]
  },
  {
    "metrics": [
      {
        "reactor_utilization": {
          "shard": "0",
          "value": 0.11349092000013661
        }
      },
      {
        "reactor_utilization": {
          "shard": "1",
          "value": 0.03388235999978173
        }
      },
      {
        "reactor_utilization": {
          "shard": "2",
          "value": 0.048019319999936805
        }
      },
      {
        "reactor_utilization": {
          "shard": "3",
          "value": 0.040837699999907162
        }
      },
      {
        "reactor_utilization": {
          "shard": "4",
          "value": 0.021841019999979672
        }
      },
      {
        "reactor_utilization": {
          "shard": "5",
          "value": 0.047426680000217658
        }
      },
      {
        "reactor_utilization": {
          "shard": "6",
          "value": 0.04103829999977382
        }
      },
      {
        "reactor_utilization": {
          "shard": "7",
          "value": 0.042917139999820719
        }
      }
    ]
  },
  {
    "metrics": [
      {
        "reactor_utilization": {
          "shard": "0",
          "value": 0.078334700000126656
        }
      },
      {
        "reactor_utilization": {
          "shard": "1",
          "value": 0.04195211999978854
        }
      },
      {
        "reactor_utilization": {
          "shard": "2",
          "value": 0.04237977999994591
        }
      },
      {
        "reactor_utilization": {
          "shard": "3",
          "value": 0.044491699999893441
        }
      },
      {
        "reactor_utilization": {
          "shard": "4",
          "value": 0.041401579999988947
        }
      },
      {
        "reactor_utilization": {
          "shard": "5",
          "value": 0.044625540000231556
        }
      },
      {
        "reactor_utilization": {
          "shard": "6",
          "value": 0.043046679999769744
        }
      },
      {
        "reactor_utilization": {
          "shard": "7",
          "value": 0.041164539999827277
        }
      }
    ]
  }
]
