[
  {
    "metrics": [
      {
        "reactor_utilization": {
          "shard": "0",
          "value": 91.239285379999885
        }
      },
      {
        "reactor_utilization": {
          "shard": "1",
          "value": 91.897647959999702
        }
      },
      {
        "reactor_utilization": {
          "shard": "2",
          "value": 89.497648619999808
        }
      },
      {
        "reactor_utilization": {
          "shard": "3",
          "value": 91.988283599999917
        }
      },
      {
        "reactor_utilization": {
          "shard": "4",
          "value": 84.252103680000019
        }
      },
      {
        "reactor_utilization": {
          "shard": "5",
          "value": 91.619256600000028
        }
      },
      {
        "reactor_utilization": {
          "shard": "6",
          "value": 90.442973799999692
        }
      },
      {
        "reactor_utilization": {
          "shard": "7",
          "value": 99.999964779999729
        }
      }
    ]
  },
  {
    "metrics": [
      {
        "reactor_utilization": {
          "shard": "0",
          "value": 18.480937399999895
        }
      },
      {
        "reactor_utilization": {
          "shard": "1",
          "value": 13.869964779999687
        }
      },
      {
        "reactor_utilization": {
          "shard": "2",
          "value": 27.876710179999808
        }
      },
      {
        "reactor_utilization": {
          "shard": "3",
          "value": 23.845057079999922
        }
      },
      {
        "reactor_utilization": {
          "shard": "4",
          "value": 23.185035800000019
        }
      },
      {
        "reactor_utilization": {
          "shard": "5",
          "value": 24.308579300000023
        }
      },
      {
        "reactor_utilization": {
          "shard": "6",
          "value": 11.917961079999696
        }
      },
      {
        "reactor_utilization": {
          "shard": "7",
          "value": 34.510277419999724
        }
      }
    ]
  },
  {
    "metrics": [
      {
        "reactor_utilization": {
          "shard": "0",
          "value": 0.083964419999893458
        }
      },
      {
        "reactor_utilization": {
          "shard": "1",
          "value": 0.022522779999678555
        }
      },
      {
        "reactor_utilization": {
          "shard": "2",
          "value": 0.01573965999981386
        }
      },
      {
        "reactor_utilization": {
          "shard": "3",
          "value": 0.046282959999910389
        }
      },
      {
        "reactor_utilization": {
          "shard": "4",
          "value": 0.049550560000022337
        }
      },
      {
        "reactor_utilization": {
          "shard": "5",
          "value": 0.049384020000020623
        }
      },
      {
        "reactor_utilization": {
          "shard": "6",
          "value": 0.02447253999970922
        }
      },
      {
        "reactor_utilization": {
          "shard": "7",
          "value": 0.05929141999970744
        }
      }
    ]
  },
  {
    "metrics": [
      {
        "reactor_utilization": {
          "shard": "0",
          "value": 0.11392011999989959
        }
      },
      {
        "reactor_utilization": {
          "shard": "1",
          "value": 0.042454599999686149
        }
      },
      {
        "reactor_utilization": {
          "shard": "2",
          "value": 0.049483099999814151
        }
      },
      {
        "reactor_utilization": {
          "shard": "3",
          "value": 0.047501139999917008
        }
      },
      {
        "reactor_utilization": {
          "shard": "4",
          "value": 0.043521780000022048
        }
      },
      {
        "reactor_utilization": {
          "shard": "5",
          "value": 0.046218440000000971
        }
      },
      {
        "reactor_utilization": {
          "shard": "6",
          "value": 0.047147939999714339
        }
      },
      {
        "reactor_utilization": {
          "shard": "7",
          "value": 0.056749799999722406
        }
      }
    ]
  },
  {
    "metrics": [
      {
        "reactor_utilization": {
          "shard": "0",
          "value": 0.065929519999918806
        }
      },
      {
        "reactor_utilization": {
          "shard": "1",
          "value": 0.015913059999705936
        }
      },
      {
        "reactor_utilization": {
          "shard": "2",
          "value": 0.023109139999832884
        }
      },
      {
        "reactor_utilization": {
          "shard": "3",
          "value": 0.024925719999924212
        }
      },
      {
        "reactor_utilization": {
          "shard": "4",
          "value": 0.013648160000023779
        }
      },
      {
        "reactor_utilization": {
          "shard": "5",
          "value": 0.018781000000012149
        }
      },
      {
        "reactor_utilization": {
          "shard": "6",
          "value": 0.019400839999728081
        }
      },
      {
        "reactor_utilization": {
          "shard": "7",
          "value": 0.012471739999719844
        }
      }
    ]
  },
  {
    "metrics": [
      {
        "reactor_utilization": {
          "shard": "0",
          "value": 0.11180737999991752
        }
      },
      {
        "reactor_utilization": {
          "shard": "1",
          "value": 0.037242639999690574
        }
      },
      {
        "reactor_utilization": {
          "shard": "2",
          "value": 0.04617281999983458
        }
      },
      {
        "reactor_utilization": {
          "shard": "3",
          "value": 0.043811219999911888
        }
      },
      {
        "reactor_utilization": {
          "shard": "4",
          "value": 0.039806940000031155
        }
      },
      {
        "reactor_utilization": {
          "shard": "5",
          "value": 0.036060639999990762
        }
      },
      {
        "reactor_utilization": {
          "shard": "6",
          "value": 0.045531979999735572
        }
      },
      {
        "reactor_utilization": {
          "shard": "7",
          "value": 0.05847351999973549
        }
      }
    ]
  },
  {
    "metrics": [
      {
        "reactor_utilization": {
          "shard": "0",
          "value": 0.10471579999991043
        }
      },
      {
        "reactor_utilization": {
          "shard": "1",
          "value": 0.039363659999691603
        }
      },
      {
        "reactor_utilization": {
          "shard": "2",
          "value": 0.037940539999814504
        }
      },
      {
        "reactor_utilization": {
          "shard": "3",
          "value": 0.045067999999903741
        }
      },
      {
        "reactor_utilization": {
          "shard": "4",
          "value": 0.04121456000003576
        }
      },
      {
        "reactor_utilization": {
          "shard": "5",
          "value": 0.043430139999989237
        }
      },
      {
        "reactor_utilization": {
          "shard": "6",
          "value": 0.044862859999761362
        }
      },
      {
        "reactor_utilization": {
          "shard": "7",
          "value": 0.049976659999717565
        }
      }
    ]
  },
  {
    "metrics": [
      {
        "reactor_utilization": {
          "shard": "0",
          "value": 0.064714799999920913
        }
      },
      {
        "reactor_utilization": {
          "shard": "1",
          "value": 0.017196179999690031
        }
      },
      {
        "reactor_utilization": {
          "shard": "2",
          "value": 0.02057449999979255
        }
      },
      {
        "reactor_utilization": {
          "shard": "3",
          "value": 0.021768659999898965
        }
      },
      {
        "reactor_utilization": {
          "shard": "4",
          "value": 0.021037440000049035
        }
      },
      {
        "reactor_utilization": {
          "shard": "5",
          "value": 0.024024060000005232
        }
      },
      {
        "reactor_utilization": {
          "shard": "6",
          "value": 0.020475619999782424
        }
      },
      {
        "reactor_utilization": {
          "shard": "7",
          "value": 0.031466999999729683
        }
      }
    ]
  },
  {
    "metrics": [
      {
        "reactor_utilization": {
          "shard": "0",
          "value": 0.084375879999920578
        }
      },
      {
        "reactor_utilization": {
          "shard": "1",
          "value": 0.036493039999696553
        }
      },
      {
        "reactor_utilization": {
          "shard": "2",
          "value": 0.04485631999981976
        }
      },
      {
        "reactor_utilization": {
          "shard": "3",
          "value": 0.042315779999912984
        }
      },
      {
        "reactor_utilization": {
          "shard": "4",
          "value": 0.041903380000052337
        }
      },
      {
        "reactor_utilization": {
          "shard": "5",
          "value": 0.041827560000018416
        }
      },
      {
        "reactor_utilization": {
          "shard": "6",
          "value": 0.042308619999764652
        }
      },
      {
        "reactor_utilization": {
          "shard": "7",
          "value": 0.05048859999970956
        }
      }
    ]
  },
  {
    "metrics": [
      {
        "reactor_utilization": {
          "shard": "0",
          "value": 0.10659981999991963
        }
      },
      {
        "reactor_utilization": {
          "shard": "1",
          "value": 0.037433679999687719
        }
      },
      {
        "reactor_utilization": {
          "shard": "2",
          "value": 0.042251579999807998
        }
      },
      {
        "reactor_utilization": {
          "shard": "3",
          "value": 0.044890439999911713
        }
      },
      {
        "reactor_utilization": {
          "shard": "4",
          "value": 0.03992700000003957
        }
      },
      {
        "reactor_utilization": {
          "shard": "5",
          "value": 0.045615820000000085
        }
      },
      {
        "reactor_utilization": {
          "shard": "6",
          "value": 0.037401659999747316
        }
      },
      {
        "reactor_utilization": {
          "shard": "7",
          "value": 0.051686779999715604
        }
      }
    ]
  },
  {
    "metrics": [
      {
        "reactor_utilization": {
          "shard": "0",
          "value": 0.078451739999907399
        }
      },
      {
        "reactor_utilization": {
          "shard": "1",
          "value": 0.014583219999697583
        }
      },
      {
        "reactor_utilization": {
          "shard": "2",
          "value": 0.02370993999981641
        }
      },
      {
        "reactor_utilization": {
          "shard": "3",
          "value": 0.026301179999910218
        }
      },
      {
        "reactor_utilization": {
          "shard": "4",
          "value": 0.021453800000026391
        }
      },
      {
        "reactor_utilization": {
          "shard": "5",
          "value": 0.021673919999987135
        }
      },
      {
        "reactor_utilization": {
          "shard": "6",
          "value": 0.019887639999749407
        }
      },
      {
        "reactor_utilization": {
          "shard": "7",
          "value": 0.0286753799996875
        }
      }
    ]
  },
  {
    "metrics": [
      {
        "reactor_utilization": {
          "shard": "0",
          "value": 0.10582143999992022
        }
      },
      {
        "reactor_utilization": {
          "shard": "1",
          "value": 0.030848479999701084
        }
      },
      {
        "reactor_utilization": {
          "shard": "2",
          "value": 0.043760279999827123
        }
      },
      {
        "reactor_utilization": {
          "shard": "3",
          "value": 0.044117279999889014
        }
      },
      {
        "reactor_utilization": {
          "shard": "4",
          "value": 0.046408320000035364
        }
      },
      {
        "reactor_utilization": {
          "shard": "5",
          "value": 0.045664240000009571
        }
      },
      {
        "reactor_utilization": {
          "shard": "6",
          "value": 0.033719559999756399
        }
      },
      {
        "reactor_utilization": {
          "shard": "7",
          "value": 0.054274559999700767
        }
      }
    ]
  },
  {
    "metrics": [
      {
        "reactor_utilization": {
          "shard": "0",
          "value": 0.099757879999906596
        }
      },
      {
        "reactor_utilization": {
          "shard": "1",
          "value": 0.039960939999716949
        }
      },
      {
        "reactor_utilization": {
          "shard": "2",
          "value": 0.039235959999828207
        }
      },
      {
        "reactor_utilization": {
          "shard": "3",
          "value": 0.022921079999882465
        }
      },
      {
        "reactor_utilization": {
          "shard": "4",
          "value": 0.021401840000023764
        }
      },
      {
        "reactor_utilization": {
          "shard": "5",
          "value": 0.023512640000000751
        }
      },
      {
        "reactor_utilization": {
          "shard": "6",
          "value": 0.043316979999763472
        }
      },
      {
        "reactor_utilization": {
          "shard": "7",
          "value": 0.028165059999696318
        }
      }
    ]
  },
  {
    "metrics": [
      {
        "reactor_utilization": {
          "shard": "0",
          "value": 0.083694239999920761
        }
      },
      {
        "reactor_utilization": {
          "shard": "1",
          "value": 0.016562759999716459
        }
      },
      {
        "reactor_utilization": {
          "shard": "2",
          "value": 0.021412899999839752
        }
      },
      {
        "reactor_utilization": {
          "shard": "3",
          "value": 0.041682419999888864
        }
      },
      {
        "reactor_utilization": {
          "shard": "4",
          "value": 0.044983440000034847
        }
      },
      {
        "reactor_utilization": {
          "shard": "5",
          "value": 0.043661120000004772
        }
      },
      {
        "reactor_utilization": {
          "shard": "6",
          "value": 0.019381519999739361
        }
      },
      {
        "reactor_utilization": {
          "shard": "7",
          "value": 0.053363819999696638
        }
      }
    ]
  },
  {
    "metrics": [
      {
        "reactor_utilization": {
          "shard": "0",
          "value": 0.10872043999992087
        }
      },
      {
        "reactor_utilization": {
          "shard": "1",
          "value": 0.033679839999734007
        }
      },
      {
        "reactor_utilization": {
          "shard": "2",
          "value": 0.044457119999830041
        }
      },
      {
        "reactor_utilization": {
          "shard": "3",
          "value": 0.036270139999894369
        }
      },
      {
        "reactor_utilization": {
          "shard": "4",
          "value": 0.038330820000020971
        }
      },
      {
        "reactor_utilization": {
          "shard": "5",
          "value": 0.037747980000002457
        }
      },
      {
        "reactor_utilization": {
          "shard": "6",
          "value": 0.040904259999752224
        }
      },
      {
        "reactor_utilization": {
          "shard": "7",
          "value": 0.034105299999698246
        }
      }
    ]
  },
  {
    "metrics": [
      {
        "reactor_utilization": {
          "shard": "0",
          "value": 0.079609559999926915
        }
      },
      {
        "reactor_utilization": {
          "shard": "1",
          "value": 0.021233139999743411
        }
      },
      {
        "reactor_utilization": {
          "shard": "2",
          "value": 0.021834199999848369
        }
      },
      {
        "reactor_utilization": {
          "shard": "3",
          "value": 0.022197139999879933
        }
      },
      {
        "reactor_utilization": {
          "shard": "4",
          "value": 0.019870700000024222
        }
      },
      {
        "reactor_utilization": {
          "shard": "5",
          "value": 0.024353320000025658
        }
      },
      {
        "reactor_utilization": {
          "shard": "6",
          "value": 0.018607479999754872
        }
      },
      {
        "reactor_utilization": {
          "shard": "7",
          "value": 0.032496699999695622
        }
      }
    ]
  },
  {
    "metrics": [
      {
        "reactor_utilization": {
          "shard": "0",
          "value": 0.11401095999994393
        }
      },
      {
        "reactor_utilization": {
          "shard": "1",
          "value": 0.044636759999761022
        }
      },
      {
        "reactor_utilization": {
          "shard": "2",
          "value": 0.044586279999847545
        }
      },
      {
        "reactor_utilization": {
          "shard": "3",
          "value": 0.041480839999896713
        }
      },
      {
        "reactor_utilization": {
          "shard": "4",
          "value": 0.041492040000012942
        }
      },
      {
        "reactor_utilization": {
          "shard": "5",
          "value": 0.045227600000008472
        }
      },
      {
        "reactor_utilization": {
          "shard": "6",
          "value": 0.042386019999751667
        }
      },
      {
        "reactor_utilization": {
          "shard": "7",
          "value": 0.049709459999680572
        }
      }
    ]
  },
  {
    "metrics": [
      {
        "reactor_utilization": {
          "shard": "0",
          "value": 0.082604899999960679
        }
      },
      {
        "reactor_utilization": {
          "shard": "1",
          "value": 0.043649839999759799
        }
      },
      {
        "reactor_utilization": {
          "shard": "2",
          "value": 0.039738979999870416
        }
      },
      {
        "reactor_utilization": {
          "shard": "3",
          "value": 0.046151399999883047
        }
      },
      {
        "reactor_utilization": {
          "shard": "4",
          "value": 0.047277340000007051
        }
      },
      {
        "reactor_utilization": {
          "shard": "5",
          "value": 0.044806139999997718
        }
      },
      {
        "reactor_utilization": {
          "shard": "6",
          "value": 0.040544499999728423
        }
      },
      {
        "reactor_utilization": {
          "shard": "7",
          "value": 0.04240563999966529
        }
      }
    ]
  },
  {
    "metrics": [
      {
        "reactor_utilization": {
          "shard": "0",
          "value": 0.074257519999987309
        }
      },
      {
        "reactor_utilization": {
          "shard": "1",
          "value": 0.017849099999756035
        }
      },
      {
        "reactor_utilization": {
          "shard": "2",
          "value": 0.020222879999876042
        }
      },
      {
        "reactor_utilization": {
          "shard": "3",
          "value": 0.023103279999903137
        }
      },
      {
        "reactor_utilization": {
          "shard": "4",
          "value": 0.016825100000017468
        }
      },
      {
        "reactor_utilization": {
          "shard": "5",
          "value": 0.02101650000000399
        }
      },
      {
        "reactor_utilization": {
          "shard": "6",
          "value": 0.016311219999742832
        }
      },
      {
        "reactor_utilization": {
          "shard": "7",
          "value": 0.034084139999657204
        }
      }
    ]
  },
  {
    "metrics": [
      {
        "reactor_utilization": {
          "shard": "0",
          "value": 0.10599861999998073
        }
      },
      {
        "reactor_utilization": {
          "shard": "1",
          "value": 0.03528585999976741
        }
      },
      {
        "reactor_utilization": {
          "shard": "2",
          "value": 0.044812039999886366
        }
      },
      {
        "reactor_utilization": {
          "shard": "3",
          "value": 0.04868221999989597
        }
      },
      {
        "reactor_utilization": {
          "shard": "4",
          "value": 0.038838480000003006
        }
      },
      {
        "reactor_utilization": {
          "shard": "5",
          "value": 0.04610670000000372
        }
      },
      {
        "reactor_utilization": {
          "shard": "6",
          "value": 0.041342839999747305
        }
      },
      {
        "reactor_utilization": {
          "shard": "7",
          "value": 0.045929559999657865
        }
      }
    ]
  },
  {
    "metrics": [
      {
        "reactor_utilization": {
          "shard": "0",
          "value": 0.11216809999998745
        }
      },
      {
        "reactor_utilization": {
          "shard": "1",
          "value": 0.044555479999752734
        }
      },
      {
        "reactor_utilization": {
          "shard": "2",
          "value": 0.039461059999879033
        }
      },
      {
        "reactor_utilization": {
          "shard": "3",
          "value": 0.046924939999903881
        }
      },
      {
        "reactor_utilization": {
          "shard": "4",
          "value": 0.041882380000002328
        }
      },
      {
        "reactor_utilization": {
          "shard": "5",
          "value": 0.041299780000014774
        }
      },
      {
        "reactor_utilization": {
          "shard": "6",
          "value": 0.046921279999734278
        }
      },
      {
        "reactor_utilization": {
          "shard": "7",
          "value": 0.043602019999644526
        }
      }
    ]
  },
  {
    "metrics": [
      {
        "reactor_utilization": {
          "shard": "0",
          "value": 0.069933319999992971
        }
      },
      {
        "reactor_utilization": {
          "shard": "1",
          "value": 0.016971339999760637
        }
      },
      {
        "reactor_utilization": {
          "shard": "2",
          "value": 0.022671279999864069
        }
      },
      {
        "reactor_utilization": {
          "shard": "3",
          "value": 0.024254419999913956
        }
      },
      {
        "reactor_utilization": {
          "shard": "4",
          "value": 0.019704939999987126
        }
      },
      {
        "reactor_utilization": {
          "shard": "5",
          "value": 0.020259420000023898
        }
      },
      {
        "reactor_utilization": {
          "shard": "6",
          "value": 0.012810119999728808
        }
      },
      {
        "reactor_utilization": {
          "shard": "7",
          "value": 0.026661399999650115
        }
      }
    ]
  },
  {
    "metrics": [
      {
        "reactor_utilization": {
          "shard": "0",
          "value": 0.11035440000000118
        }
      },
      {
        "reactor_utilization": {
          "shard": "1",
          "value": 0.042549999999741406
        }
      },
      {
        "reactor_utilization": {
          "shard": "2",
          "value": 0.042510959999875197
        }
      },
      {
        "reactor_utilization": {
          "shard": "3",
          "value": 0.046450899999894713
        }
      },
      {
        "reactor_utilization": {
          "shard": "4",
          "value": 0.051608619999998773
        }
      },
      {
        "reactor_utilization": {
          "shard": "5",
          "value": 0.045521080000021641
        }
      },
      {
        "reactor_utilization": {
          "shard": "6",
          "value": 0.036751439999727076
        }
      },
      {
        "reactor_utilization": {
          "shard": "7",
          "value": 0.047611739999653402
        }
      }
    ]
  },
  {
    "metrics": [
      {
        "reactor_utilization": {
          "shard": "0",
          "value": 0.097367520000002372
        }
      },
      {
        "reactor_utilization": {
          "shard": "1",
          "value": 0.043341619999748282
        }
      },
      {
        "reactor_utilization": {
          "shard": "2",
          "value": 0.043457499999854932
        }
      },
      {
        "reactor_utilization": {
          "shard": "3",
          "value": 0.025667979999877133
        }
      },
      {
        "reactor_utilization": {
          "shard": "4",
          "value": 0.043656499999988885
        }
      },
      {
        "reactor_utilization": {
          "shard": "5",
          "value": 0.023614280000017196
        }
      },
      {
        "reactor_utilization": {
          "shard": "6",
          "value": 0.043656379999745809
        }
      },
      {
        "reactor_utilization": {
          "shard": "7",
          "value": 0.035374219999639855
        }
      }
    ]
  }
]
