[
  {
    "metrics": [
      {
        "reactor_utilization": {
          "shard": "0",
          "value": 89.568358500000016
        }
      },
      {
        "reactor_utilization": {
          "shard": "1",
          "value": 92.455810499999743
        }
      },
      {
        "reactor_utilization": {
          "shard": "2",
          "value": 88.380883039999858
        }
      },
      {
        "reactor_utilization": {
          "shard": "3",
          "value": 92.450112959999814
        }
      },
      {
        "reactor_utilization": {
          "shard": "4",
          "value": 83.141967519999994
        }
      },
      {
        "reactor_utilization": {
          "shard": "5",
          "value": 92.383381980000053
        }
      },
      {
        "reactor_utilization": {
          "shard": "6",
          "value": 88.868028839999752
        }
      },
      {
        "reactor_utilization": {
          "shard": "7",
          "value": 99.997139399999682
        }
      }
    ]
  },
  {
    "metrics": [
      {
        "reactor_utilization": {
          "shard": "0",
          "value": 14.123522520000019
        }
      },
      {
        "reactor_utilization": {
          "shard": "1",
          "value": 28.259022359999729
        }
      },
      {
        "reactor_utilization": {
          "shard": "2",
          "value": 24.053444199999863
        }
      },
      {
        "reactor_utilization": {
          "shard": "3",
          "value": 19.507218239999812
        }
      },
      {
        "reactor_utilization": {
          "shard": "4",
          "value": 19.667911199999999
        }
      },
      {
        "reactor_utilization": {
          "shard": "5",
          "value": 19.858431280000055
        }
      },
      {
        "reactor_utilization": {
          "shard": "6",
          "value": 26.04695325999975
        }
      },
      {
        "reactor_utilization": {
          "shard": "7",
          "value": 30.458259899999685
        }
      }
    ]
  },
  {
    "metrics": [
      {
        "reactor_utilization": {
          "shard": "0",
          "value": 0.10545012000001686
        }
      },
      {
        "reactor_utilization": {
          "shard": "1",
          "value": 0.029641899999710564
        }
      },
      {
        "reactor_utilization": {
          "shard": "2",
          "value": 0.04822685999987808
        }
      },
      {
        "reactor_utilization": {
          "shard": "3",
          "value": 0.047969819999804653
        }
      },
      {
        "reactor_utilization": {
          "shard": "4",
          "value": 0.045914359999998933
        }
      },
      {
        "reactor_utilization": {
          "shard": "5",
          "value": 0.054631780000047314
        }
      },
      {
        "reactor_utilization": {
          "shard": "6",
          "value": 0.050338959999751687
        }
      },
      {
        "reactor_utilization": {
          "shard": "7",
          "value": 0.051822859999695048
        }
      }
    ]
  },
  {
    "metrics": [
      {
        "reactor_utilization": {
          "shard": "0",
          "value": 0.082296100000012196
        }
      },
      {
        "reactor_utilization": {
          "shard": "1",
          "value": 0.022623439999724937
        }
      },
      {
        "reactor_utilization": {
          "shard": "2",
          "value": 0.028817539999881348
        }
      },
      {
        "reactor_utilization": {
          "shard": "3",
          "value": 0.022237419999815433
        }
      },
      {
        "reactor_utilization": {
          "shard": "4",
          "value": 0.021267799999991066
        }
      },
      {
        "reactor_utilization": {
          "shard": "5",
          "value": 0.0261325000000312
        }
      },
      {
        "reactor_utilization": {
          "shard": "6",
          "value": 0.023458659999775477
        }
      },
      {
        "reactor_utilization": {
          "shard": "7",
          "value": 0.023538719999693924
        }
      }
    ]
  },
  {
    "metrics": [
      {
        "reactor_utilization": {
          "shard": "0",
          "value": 0.11459388000002457
        }
      },
      {
        "reactor_utilization": {
          "shard": "1",
          "value": 0.033861359999709517
        }
      },
      {
        "reactor_utilization": {
          "shard": "2",
          "value": 0.051875999999895228
        }
      },
      {
        "reactor_utilization": {
          "shard": "3",
          "value": 0.045635159999812824
        }
      },
      {
        "reactor_utilization": {
          "shard": "4",
          "value": 0.038822159999996053
        }
      },
      {
        "reactor_utilization": {
          "shard": "5",
          "value": 0.04434640000003931
        }
      },
      {
        "reactor_utilization": {
          "shard": "6",
          "value": 0.03784281999976713
        }
      },
      {
        "reactor_utilization": {
          "shard": "7",
          "value": 0.040930319999699094
        }
      }
    ]
  },
  {
    "metrics": [
      {
        "reactor_utilization": {
          "shard": "0",
          "value": 0.099649520000011371
        }
      },
      {
        "reactor_utilization": {
          "shard": "1",
          "value": 0.035666799999711785
        }
      },
      {
        "reactor_utilization": {
          "shard": "2",
          "value": 0.034885899999881342
        }
      },
      {
        "reactor_utilization": {
          "shard": "3",
          "value": 0.020847719999816938
        }
      },
      {
        "reactor_utilization": {
          "shard": "4",
          "value": 0.022156380000004638
        }
      },
      {
        "reactor_utilization": {
          "shard": "5",
          "value": 0.024567860000046515
        }
      },
      {
        "reactor_utilization": {
          "shard": "6",
          "value": 0.041840619999777839
        }
      },
      {
        "reactor_utilization": {
          "shard": "7",
          "value": 0.019902399999693898
        }
      }
    ]
  },
  {
    "metrics": [
      {
        "reactor_utilization": {
          "shard": "0",
          "value": 0.070967479999994865
        }
      },
      {
        "reactor_utilization": {
          "shard": "1",
          "value": 0.016821819999712773
        }
      },
      {
        "reactor_utilization": {
          "shard": "2",
          "value": 0.027951239999879363
        }
      },
      {
        "reactor_utilization": {
          "shard": "3",
          "value": 0.043689099999810743
        }
      },
      {
        "reactor_utilization": {
          "shard": "4",
          "value": 0.015395559999997754
        }
      },
      {
        "reactor_utilization": {
          "shard": "5",
          "value": 0.040040100000049428
        }
      },
      {
        "reactor_utilization": {
          "shard": "6",
          "value": 0.018030399999768854
        }
      },
      {
        "reactor_utilization": {
          "shard": "7",
          "value": 0.011962499999706999
        }
      }
    ]
  },
  {
    "metrics": [
      {
        "reactor_utilization": {
          "shard": "0",
          "value": 0.10966071999999327
        }
      },
      {
        "reactor_utilization": {
          "shard": "1",
          "value": 0.041950419999703392
        }
      },
      {
        "reactor_utilization": {
          "shard": "2",
          "value": 0.051172479999894716
        }
      },
      {
        "reactor_utilization": {
          "shard": "3",
          "value": 0.037734259999822051
        }
      },
      {
        "reactor_utilization": {
          "shard": "4",
          "value": 0.045162780000007618
        }
      },
      {
        "reactor_utilization": {
          "shard": "5",
          "value": 0.036605660000077478
        }
      },
      {
        "reactor_utilization": {
          "shard": "6",
          "value": 0.044971859999765051
        }
      },
      {
        "reactor_utilization": {
          "shard": "7",
          "value": 0.042909899999687973
        }
      }
    ]
  },
  {
    "metrics": [
      {
        "reactor_utilization": {
          "shard": "0",
          "value": 0.074736259999996779
        }
      },
      {
        "reactor_utilization": {
          "shard": "1",
          "value": 0.016365039999699516
        }
      },
      {
        "reactor_utilization": {
          "shard": "2",
          "value": 0.0292617999998801
        }
      },
      {
        "reactor_utilization": {
          "shard": "3",
          "value": 0.020367119999820105
        }
      },
      {
        "reactor_utilization": {
          "shard": "4",
          "value": 0.028632340000012135
        }
      },
      {
        "reactor_utilization": {
          "shard": "5",
          "value": 0.021553580000088779
        }
      },
      {
        "reactor_utilization": {
          "shard": "6",
          "value": 0.017777339999780484
        }
      },
      {
        "reactor_utilization": {
          "shard": "7",
          "value": 0.021096859999669704
        }
      }
    ]
  },
  {
    "metrics": [
      {
        "reactor_utilization": {
          "shard": "0",
          "value": 0.10465663999998931
        }
      },
      {
        "reactor_utilization": {
          "shard": "1",
          "value": 0.037156439999697088
        }
      },
      {
        "reactor_utilization": {
          "shard": "2",
          "value": 0.04849525999990334
        }
      },
      {
        "reactor_utilization": {
          "shard": "3",
          "value": 0.043920719999834823
        }
      },
      {
        "reactor_utilization": {
          "shard": "4",
          "value": 0.035547820000014774
        }
      },
      {
        "reactor_utilization": {
          "shard": "5",
          "value": 0.043016000000095644
        }
      },
      {
        "reactor_utilization": {
          "shard": "6",
          "value": 0.046368299999777207
        }
      },
      {
        "reactor_utilization": {
          "shard": "7",
          "value": 0.046911859999676508
        }
      }
    ]
  },
  {
    "metrics": [
      {
        "reactor_utilization": {
          "shard": "0",
          "value": 0.089718539999994462
        }
      },
      {
        "reactor_utilization": {
          "shard": "1",
          "value": 0.036575159999685525
        }
      },
      {
        "reactor_utilization": {
          "shard": "2",
          "value": 0.047692159999890293
        }
      },
      {
        "reactor_utilization": {
          "shard": "3",
          "value": 0.042809899999829426
        }
      },
      {
        "reactor_utilization": {
          "shard": "4",
          "value": 0.039980560000030252
        }
      },
      {
        "reactor_utilization": {
          "shard": "5",
          "value": 0.044646760000066621
        }
      },
      {
        "reactor_utilization": {
          "shard": "6",
          "value": 0.044638399999785694
        }
      },
      {
        "reactor_utilization": {
          "shard": "7",
          "value": 0.044503139999707564
        }
      }
    ]
  },
  {
    "metrics": [
      {
        "reactor_utilization": {
          "shard": "0",
          "value": 0.080584659999982655
        }
      },
      {
        "reactor_utilization": {
          "shard": "1",
          "value": 0.019091639999668786
        }
      },
      {
        "reactor_utilization": {
          "shard": "2",
          "value": 0.032152519999895102
        }
      },
      {
        "reactor_utilization": {
          "shard": "3",
          "value": 0.019160799999828892
        }
      },
      {
        "reactor_utilization": {
          "shard": "4",
          "value": 0.019796060000043525
        }
      },
      {
        "reactor_utilization": {
          "shard": "5",
          "value": 0.023521200000076181
        }
      },
      {
        "reactor_utilization": {
          "shard": "6",
          "value": 0.018916499999788172
        }
      },
      {
        "reactor_utilization": {
          "shard": "7",
          "value": 0.023433559999685993
        }
      }
    ]
  },
  {
    "metrics": [
      {
        "reactor_utilization": {
          "shard": "0",
          "value": 0.096588860000001997
        }
      },
      {
        "reactor_utilization": {
          "shard": "1",
          "value": 0.031541459999673283
        }
      },
      {
        "reactor_utilization": {
          "shard": "2",
          "value": 0.044096399999893343
        }
      },
      {
        "reactor_utilization": {
          "shard": "3",
          "value": 0.040422859999833527
        }
      },
      {
        "reactor_utilization": {
          "shard": "4",
          "value": 0.040938920000066492
        }
      },
      {
        "reactor_utilization": {
          "shard": "5",
          "value": 0.046483380000061914
        }
      },
      {
        "reactor_utilization": {
          "shard": "6",
          "value": 0.038822439999797176
        }
      },
      {
        "reactor_utilization": {
          "shard": "7",
          "value": 0.038687339999687875
        }
      }
    ]
  },
  {
    "metrics": [
      {
        "reactor_utilization": {
          "shard": "0",
          "value": 0.10671289999997224
        }
      },
      {
        "reactor_utilization": {
          "shard": "1",
          "value": 0.036304319999680423
        }
      },
      {
        "reactor_utilization": {
          "shard": "2",
          "value": 0.045412899999885958
        }
      },
      {
        "reactor_utilization": {
          "shard": "3",
          "value": 0.047380459999835089
        }
      },
      {
        "reactor_utilization": {
          "shard": "4",
          "value": 0.042747460000047699
        }
      },
      {
        "reactor_utilization": {
          "shard": "5",
          "value": 0.044795940000064149
        }
      },
      {
        "reactor_utilization": {
          "shard": "6",
          "value": 0.035853519999817784
        }
      },
      {
        "reactor_utilization": {
          "shard": "7",
          "value": 0.046315479999692322
        }
      }
    ]
  },
  {
    "metrics": [
      {
        "reactor_utilization": {
          "shard": "0",
          "value": 0.072684399999989324
        }
      },
      {
        "reactor_utilization": {
          "shard": "1",
          "value": 0.019357579999701446
        }
      },
      {
        "reactor_utilization": {
          "shard": "2",
          "value": 0.013127039999893952
        }
      },
      {
        "reactor_utilization": {
          "shard": "3",
          "value": 0.023532499999823209
        }
      },
      {
        "reactor_utilization": {
          "shard": "4",
          "value": 0.018269560000061524
        }
      },
      {
        "reactor_utilization": {
          "shard": "5",
          "value": 0.021229440000070099
        }
      },
      {
        "reactor_utilization": {
          "shard": "6",
          "value": 0.017866759999796145
        }
      },
      {
        "reactor_utilization": {
          "shard": "7",
          "value": 0.021124359999702413
        }
      }
    ]
  },
  {
    "metrics": [
      {
        "reactor_utilization": {
          "shard": "0",
          "value": 0.098067399999990368
        }
      },
      {
        "reactor_utilization": {
          "shard": "1",
          "value": 0.032000759999695205
        }
      },
      {
        "reactor_utilization": {
          "shard": "2",
          "value": 0.044536219999902205
        }
      },
      {
        "reactor_utilization": {
          "shard": "3",
          "value": 0.041600739999836378
        }
      },
      {
        "reactor_utilization": {
          "shard": "4",
          "value": 0.034507960000051963
        }
      },
      {
        "reactor_utilization": {
          "shard": "5",
          "value": 0.043044420000049044
        }
      },
      {
        "reactor_utilization": {
          "shard": "6",
          "value": 0.040815239999791864
        }
      },
      {
        "reactor_utilization": {
          "shard": "7",
          "value": 0.045096799999688741
        }
      }
    ]
  },
  {
    "metrics": [
      {
        "reactor_utilization": {
          "shard": "0",
          "value": 0.10024497999999715
        }
      },
      {
        "reactor_utilization": {
          "shard": "1",
          "value": 0.036688119999706004
        }
      },
      {
        "reactor_utilization": {
          "shard": "2",
          "value": 0.048754679999896133
        }
      },
      {
        "reactor_utilization": {
          "shard": "3",
          "value": 0.020142399999834026
        }
      },
      {
        "reactor_utilization": {
          "shard": "4",
          "value": 0.035598280000037619
        }
      },
      {
        "reactor_utilization": {
          "shard": "5",
          "value": 0.040427180000035534
        }
      },
      {
        "reactor_utilization": {
          "shard": "6",
          "value": 0.035747059999791109
        }
      },
      {
        "reactor_utilization": {
          "shard": "7",
          "value": 0.03291693999969425
        }
      }
    ]
  },
  {
    "metrics": [
      {
        "reactor_utilization": {
          "shard": "0",
          "value": 0.086714680000010702
        }
      },
      {
        "reactor_utilization": {
          "shard": "1",
          "value": 0.020885059999709021
        }
      },
      {
        "reactor_utilization": {
          "shard": "2",
          "value": 0.02888045999990263
        }
      },
      {
        "reactor_utilization": {
          "shard": "3",
          "value": 0.013578199999830787
        }
      },
      {
        "reactor_utilization": {
          "shard": "4",
          "value": 0.018496440000037584
        }
      },
      {
        "reactor_utilization": {
          "shard": "5",
          "value": 0.025689320000044091
        }
      },
      {
        "reactor_utilization": {
          "shard": "6",
          "value": 0.018744719999796988
        }
      },
      {
        "reactor_utilization": {
          "shard": "7",
          "value": 0.021961319999697082
        }
      }
    ]
  },
  {
    "metrics": [
      {
        "reactor_utilization": {
          "shard": "0",
          "value": 0.095855419999990588
        }
      },
      {
        "reactor_utilization": {
          "shard": "1",
          "value": 0.033868379999713039
        }
      },
      {
        "reactor_utilization": {
          "shard": "2",
          "value": 0.045264319999893665
        }
      },
      {
        "reactor_utilization": {
          "shard": "3",
          "value": 0.042844379999817939
        }
      },
      {
        "reactor_utilization": {
          "shard": "4",
          "value": 0.045280080000031919
        }
      },
      {
        "reactor_utilization": {
          "shard": "5",
          "value": 0.046659620000055746
        }
      },
      {
        "reactor_utilization": {
          "shard": "6",
          "value": 0.037692379999787473
        }
      },
      {
        "reactor_utilization": {
          "shard": "7",
          "value": 0.039056339999699041
        }
      }
    ]
  },
  {
    "metrics": [
      {
        "reactor_utilization": {
          "shard": "0",
          "value": 0.084129699999979657
        }
      },
      {
        "reactor_utilization": {
          "shard": "1",
          "value": 0.018555779999707145
        }
      },
      {
        "reactor_utilization": {
          "shard": "2",
          "value": 0.028764839999906311
        }
      },
      {
        "reactor_utilization": {
          "shard": "3",
          "value": 0.019422559999815459
        }
      },
      {
        "reactor_utilization": {
          "shard": "4",
          "value": 0.024248060000042759
        }
      },
      {
        "reactor_utilization": {
          "shard": "5",
          "value": 0.02431982000006272
        }
      },
      {
        "reactor_utilization": {
          "shard": "6",
          "value": 0.021737259999810021
        }
      },
      {
        "reactor_utilization": {
          "shard": "7",
          "value": 0.023228479999715113
        }
      }
    ]
  },
  {
    "metrics": [
      {
        "reactor_utilization": {
          "shard": "0",
          "value": 0.051266059999988123
        }
      },
      {
        "reactor_utilization": {
          "shard": "1",
          "value": 0.040474979999705063
        }
      },
      {
        "reactor_utilization": {
          "shard": "2",
          "value": 0.045766159999893752
        }
      },
      {
        "reactor_utilization": {
          "shard": "3",
          "value": 0.043565239999832084
        }
      },
      {
        "reactor_utilization": {
          "shard": "4",
          "value": 0.040843820000036057
        }
      },
      {
        "reactor_utilization": {
          "shard": "5",
          "value": 0.040616420000072484
        }
      },
      {
        "reactor_utilization": {
          "shard": "6",
          "value": 0.038117419999794677
        }
      },
      {
        "reactor_utilization": {
          "shard": "7",
          "value": 0.041098359999713896
        }
      }
    ]
  },
  {
    "metrics": [
      {
        "reactor_utilization": {
          "shard": "0",
          "value": 0.10244871999999239
        }
      },
      {
        "reactor_utilization": {
          "shard": "1",
          "value": 0.044518519999714457
        }
      },
      {
        "reactor_utilization": {
          "shard": "2",
          "value": 0.046138139999907235
        }
      },
      {
        "reactor_utilization": {
          "shard": "3",
          "value": 0.03959917999983853
        }
      },
      {
        "reactor_utilization": {
          "shard": "4",
          "value": 0.04354678000001444
        }
      },
      {
        "reactor_utilization": {
          "shard": "5",
          "value": 0.044456820000082775
        }
      },
      {
        "reactor_utilization": {
          "shard": "6",
          "value": 0.038658759999798953
        }
      },
      {
        "reactor_utilization": {
          "shard": "7",
          "value": 0.041968199999731226
        }
      }
    ]
  },
  {
    "metrics": [
      {
        "reactor_utilization": {
          "shard": "0",
          "value": 0.076217460000005399
        }
      },
      {
        "reactor_utilization": {
          "shard": "1",
          "value": 0.012927959999708971
        }
      },
      {
        "reactor_utilization": {
          "shard": "2",
          "value": 0.028205799999891923
        }
      },
      {
        "reactor_utilization": {
          "shard": "3",
          "value": 0.017851239999833179
        }
      },
      {
        "reactor_utilization": {
          "shard": "4",
          "value": 0.016583640000022992
        }
      },
      {
        "reactor_utilization": {
          "shard": "5",
          "value": 0.020368120000080481
        }
      },
      {
        "reactor_utilization": {
          "shard": "6",
          "value": 0.017700519999808151
        }
      },
      {
        "reactor_utilization": {
          "shard": "7",
          "value": 0.019841199999715009
        }
      }
    ]
  },
  {
    "metrics": [
      {
        "reactor_utilization": {
          "shard": "0",
          "value": 0.11032234000000196
        }
      },
      {
        "reactor_utilization": {
          "shard": "1",
          "value": 0.035230019999710205
        }
      },
      {
        "reactor_utilization": {
          "shard": "2",
          "value": 0.053185699999902525
        }
      },
      {
        "reactor_utilization": {
          "shard": "3",
          "value": 0.043433319999863773
        }
      },
      {
        "reactor_utilization": {
          "shard": "4",
          "value": 0.040921680000005622
        }
      },
      {
        "reactor_utilization": {
          "shard": "5",
          "value": 0.043215480000091677
        }
      },
      {
        "reactor_utilization": {
          "shard": "6",
          "value": 0.037072379999802951
        }
      },
      {
        "reactor_utilization": {
          "shard": "7",
          "value": 0.042000559999744169
        }
      }
    ]
  }
]
