[
  {
    "metrics": [
      {
        "reactor_utilization": {
          "shard": "0",
          "value": 91.384388959999953
        }
      },
      {
        "reactor_utilization": {
          "shard": "1",
          "value": 89.665529079999828
        }
      },
      {
        "reactor_utilization": {
          "shard": "2",
          "value": 87.624400959999889
        }
      },
      {
        "reactor_utilization": {
          "shard": "3",
          "value": 92.688463779999992
        }
      },
      {
        "reactor_utilization": {
          "shard": "4",
          "value": 88.342620959999948
        }
      },
      {
        "reactor_utilization": {
          "shard": "5",
          "value": 93.880261420000053
        }
      },
      {
        "reactor_utilization": {
          "shard": "6",
          "value": 89.701112399999886
        }
      },
      {
        "reactor_utilization": {
          "shard": "7",
          "value": 99.999999999999801
        }
      }
    ]
  },
  {
    "metrics": [
      {
        "reactor_utilization": {
          "shard": "0",
          "value": 91.943061259999951
        }
      },
      {
        "reactor_utilization": {
          "shard": "1",
          "value": 92.47085625999982
        }
      },
      {
        "reactor_utilization": {
          "shard": "2",
          "value": 91.71634361999989
        }
      },
      {
        "reactor_utilization": {
          "shard": "3",
          "value": 92.560574939999981
        }
      },
      {
        "reactor_utilization": {
          "shard": "4",
          "value": 89.217223019999963
        }
      },
      {
        "reactor_utilization": {
          "shard": "5",
          "value": 87.469816660000049
        }
      },
      {
        "reactor_utilization": {
          "shard": "6",
          "value": 85.831262999999879
        }
      },
      {
        "reactor_utilization": {
          "shard": "7",
          "value": 90.606599899999793
        }
      }
    ]
  },
  {
    "metrics": [
      {
        "reactor_utilization": {
          "shard": "0",
          "value": 87.511347679999957
        }
      },
      {
        "reactor_utilization": {
          "shard": "1",
          "value": 87.985182199999826
        }
      },
      {
        "reactor_utilization": {
          "shard": "2",
          "value": 84.954613859999895
        }
      },
      {
        "reactor_utilization": {
          "shard": "3",
          "value": 94.226882999999987
        }
      },
      {
        "reactor_utilization": {
          "shard": "4",
          "value": 83.406188139999955
        }
      },
      {
        "reactor_utilization": {
          "shard": "5",
          "value": 92.998251320000065
        }
      },
      {
        "reactor_utilization": {
          "shard": "6",
          "value": 96.344121579999879
        }
      },
      {
        "reactor_utilization": {
          "shard": "7",
          "value": 90.168761159999804
        }
      }
    ]
  },
  {
    "metrics": [
      {
        "reactor_utilization": {
          "shard": "0",
          "value": 86.980981099999937
        }
      },
      {
        "reactor_utilization": {
          "shard": "1",
          "value": 88.536845519999829
        }
      },
      {
        "reactor_utilization": {
          "shard": "2",
          "value": 88.078678679999882
        }
      },
      {
        "reactor_utilization": {
          "shard": "3",
          "value": 90.744971219999982
        }
      },
      {
        "reactor_utilization": {
          "shard": "4",
          "value": 84.817687079999942
        }
      },
      {
        "reactor_utilization": {
          "shard": "5",
          "value": 99.665580860000063
        }
      },
      {
        "reactor_utilization": {
          "shard": "6",
          "value": 95.666834759999873
        }
      },
      {
        "reactor_utilization": {
          "shard": "7",
          "value": 94.636185619999807
        }
      }
    ]
  },
  {
    "metrics": [
      {
        "reactor_utilization": {
          "shard": "0",
          "value": 68.077445159999954
        }
      },
      {
        "reactor_utilization": {
          "shard": "1",
          "value": 84.031026239999832
        }
      },
      {
        "reactor_utilization": {
          "shard": "2",
          "value": 67.985838819999884
        }
      },
      {
        "reactor_utilization": {
          "shard": "3",
          "value": 68.292152559999991
        }
      },
      {
        "reactor_utilization": {
          "shard": "4",
          "value": 66.352822439999954
        }
      },
      {
        "reactor_utilization": {
          "shard": "5",
          "value": 86.137697420000052
        }
      },
      {
        "reactor_utilization": {
          "shard": "6",
          "value": 67.509856719999874
        }
      },
      {
        "reactor_utilization": {
          "shard": "7",
          "value": 86.113021179999791
        }
      }
    ]
  },
  {
    "metrics": [
      {
        "reactor_utilization": {
          "shard": "0",
          "value": 74.436801219999936
        }
      },
      {
        "reactor_utilization": {
          "shard": "1",
          "value": 95.416329359999835
        }
      },
      {
        "reactor_utilization": {
          "shard": "2",
          "value": 73.71508209999989
        }
      },
      {
        "reactor_utilization": {
          "shard": "3",
          "value": 74.598045939999977
        }
      },
      {
        "reactor_utilization": {
          "shard": "4",
          "value": 73.042279439999945
        }
      },
      {
        "reactor_utilization": {
          "shard": "5",
          "value": 87.986961260000058
        }
      },
      {
        "reactor_utilization": {
          "shard": "6",
          "value": 71.75144435999988
        }
      },
      {
        "reactor_utilization": {
          "shard": "7",
          "value": 91.423112739999794
        }
      }
    ]
  },
  {
    "metrics": [
      {
        "reactor_utilization": {
          "shard": "0",
          "value": 77.532045339999954
        }
      },
      {
        "reactor_utilization": {
          "shard": "1",
          "value": 98.304577979999834
        }
      },
      {
        "reactor_utilization": {
          "shard": "2",
          "value": 77.035982659999888
        }
      },
      {
        "reactor_utilization": {
          "shard": "3",
          "value": 78.395950439999979
        }
      },
      {
        "reactor_utilization": {
          "shard": "4",
          "value": 76.372894459999955
        }
      },
      {
        "reactor_utilization": {
          "shard": "5",
          "value": 92.894667140000067
        }
      },
      {
        "reactor_utilization": {
          "shard": "6",
          "value": 77.244941459999893
        }
      },
      {
        "reactor_utilization": {
          "shard": "7",
          "value": 90.565773939999801
        }
      }
    ]
  },
  {
    "metrics": [
      {
        "reactor_utilization": {
          "shard": "0",
          "value": 78.674263279999963
        }
      },
      {
        "reactor_utilization": {
          "shard": "1",
          "value": 99.16203055999982
        }
      },
      {
        "reactor_utilization": {
          "shard": "2",
          "value": 76.929025819999893
        }
      },
      {
        "reactor_utilization": {
          "shard": "3",
          "value": 78.242635139999976
        }
      },
      {
        "reactor_utilization": {
          "shard": "4",
          "value": 76.278756679999958
        }
      },
      {
        "reactor_utilization": {
          "shard": "5",
          "value": 92.702424520000065
        }
      },
      {
        "reactor_utilization": {
          "shard": "6",
          "value": 75.921322619999884
        }
      },
      {
        "reactor_utilization": {
          "shard": "7",
          "value": 92.005212019999803
        }
      }
    ]
  },
  {
    "metrics": [
      {
        "reactor_utilization": {
          "shard": "0",
          "value": 79.033694559999958
        }
      },
      {
        "reactor_utilization": {
          "shard": "1",
          "value": 99.315079519999827
        }
      },
      {
        "reactor_utilization": {
          "shard": "2",
          "value": 78.058639379999889
        }
      },
      {
        "reactor_utilization": {
          "shard": "3",
          "value": 79.695671959999984
        }
      },
      {
        "reactor_utilization": {
          "shard": "4",
          "value": 77.324313139999958
        }
      },
      {
        "reactor_utilization": {
          "shard": "5",
          "value": 92.242475880000057
        }
      },
      {
        "reactor_utilization": {
          "shard": "6",
          "value": 77.262865579999897
        }
      },
      {
        "reactor_utilization": {
          "shard": "7",
          "value": 92.314559399999794
        }
      }
    ]
  },
  {
    "metrics": [
      {
        "reactor_utilization": {
          "shard": "0",
          "value": 78.343262179999954
        }
      },
      {
        "reactor_utilization": {
          "shard": "1",
          "value": 99.496473619999819
        }
      },
      {
        "reactor_utilization": {
          "shard": "2",
          "value": 76.766350539999891
        }
      },
      {
        "reactor_utilization": {
          "shard": "3",
          "value": 78.443738599999989
        }
      },
      {
        "reactor_utilization": {
          "shard": "4",
          "value": 77.008909079999952
        }
      },
      {
        "reactor_utilization": {
          "shard": "5",
          "value": 92.168920140000054
        }
      },
      {
        "reactor_utilization": {
          "shard": "6",
          "value": 76.697116719999897
        }
      },
      {
        "reactor_utilization": {
          "shard": "7",
          "value": 91.436098859999788
        }
      }
    ]
  },
  {
    "metrics": [
      {
        "reactor_utilization": {
          "shard": "0",
          "value": 77.378299659999954
        }
      },
      {
        "reactor_utilization": {
          "shard": "1",
          "value": 99.449947499999823
        }
      },
      {
        "reactor_utilization": {
          "shard": "2",
          "value": 78.38756149999989
        }
      },
      {
        "reactor_utilization": {
          "shard": "3",
          "value": 78.756265779999993
        }
      },
      {
        "reactor_utilization": {
          "shard": "4",
          "value": 78.266014499999955
        }
      },
      {
        "reactor_utilization": {
          "shard": "5",
          "value": 93.208217360000063
        }
      },
      {
        "reactor_utilization": {
          "shard": "6",
          "value": 77.456936719999888
        }
      },
      {
        "reactor_utilization": {
          "shard": "7",
          "value": 92.382017839999804
        }
      }
    ]
  },
  {
    "metrics": [
      {
        "reactor_utilization": {
          "shard": "0",
          "value": 79.152106459999942
        }
      },
      {
        "reactor_utilization": {
          "shard": "1",
          "value": 98.016604879999818
        }
      },
      {
        "reactor_utilization": {
          "shard": "2",
          "value": 78.972575239999884
        }
      },
      {
        "reactor_utilization": {
          "shard": "3",
          "value": 79.064489839999979
        }
      },
      {
        "reactor_utilization": {
          "shard": "4",
          "value": 75.452272259999958
        }
      },
      {
        "reactor_utilization": {
          "shard": "5",
          "value": 91.311181140000059
        }
      },
      {
        "reactor_utilization": {
          "shard": "6",
          "value": 76.446481559999896
        }
      },
      {
        "reactor_utilization": {
          "shard": "7",
          "value": 91.137510239999799
        }
      }
    ]
  },
  {
    "metrics": [
      {
        "reactor_utilization": {
          "shard": "0",
          "value": 75.367661079999948
        }
      },
      {
        "reactor_utilization": {
          "shard": "1",
          "value": 92.660258079999821
        }
      },
      {
        "reactor_utilization": {
          "shard": "2",
          "value": 74.548650019999883
        }
      },
      {
        "reactor_utilization": {
          "shard": "3",
          "value": 73.893402819999991
        }
      },
      {
        "reactor_utilization": {
          "shard": "4",
          "value": 72.495400339999946
        }
      },
      {
        "reactor_utilization": {
          "shard": "5",
          "value": 85.091910500000054
        }
      },
      {
        "reactor_utilization": {
          "shard": "6",
          "value": 70.627192079999901
        }
      },
      {
        "reactor_utilization": {
          "shard": "7",
          "value": 84.592956699999803
        }
      }
    ]
  },
  {
    "metrics": [
      {
        "reactor_utilization": {
          "shard": "0",
          "value": 69.963815819999951
        }
      },
      {
        "reactor_utilization": {
          "shard": "1",
          "value": 84.509334519999825
        }
      },
      {
        "reactor_utilization": {
          "shard": "2",
          "value": 71.710441439999897
        }
      },
      {
        "reactor_utilization": {
          "shard": "3",
          "value": 71.114930239999978
        }
      },
      {
        "reactor_utilization": {
          "shard": "4",
          "value": 74.089729399999939
        }
      },
      {
        "reactor_utilization": {
          "shard": "5",
          "value": 80.575953540000057
        }
      },
      {
        "reactor_utilization": {
          "shard": "6",
          "value": 70.539398659999904
        }
      },
      {
        "reactor_utilization": {
          "shard": "7",
          "value": 80.894945479999791
        }
      }
    ]
  },
  {
    "metrics": [
      {
        "reactor_utilization": {
          "shard": "0",
          "value": 73.707298979999948
        }
      },
      {
        "reactor_utilization": {
          "shard": "1",
          "value": 92.892262219999822
        }
      },
      {
        "reactor_utilization": {
          "shard": "2",
          "value": 69.215156019999895
        }
      },
      {
        "reactor_utilization": {
          "shard": "3",
          "value": 71.773980479999977
        }
      },
      {
        "reactor_utilization": {
          "shard": "4",
          "value": 68.524026979999945
        }
      },
      {
        "reactor_utilization": {
          "shard": "5",
          "value": 82.872204540000055
        }
      },
      {
        "reactor_utilization": {
          "shard": "6",
          "value": 73.653954399999904
        }
      },
      {
        "reactor_utilization": {
          "shard": "7",
          "value": 80.880975699999794
        }
      }
    ]
  },
  {
    "metrics": [
      {
        "reactor_utilization": {
          "shard": "0",
          "value": 71.10813387999994
        }
      },
      {
        "reactor_utilization": {
          "shard": "1",
          "value": 97.561137599999824
        }
      },
      {
        "reactor_utilization": {
          "shard": "2",
          "value": 69.4153325999999
        }
      },
      {
        "reactor_utilization": {
          "shard": "3",
          "value": 72.307149559999971
        }
      },
      {
        "reactor_utilization": {
          "shard": "4",
          "value": 70.521495259999938
        }
      },
      {
        "reactor_utilization": {
          "shard": "5",
          "value": 87.78026178000006
        }
      },
      {
        "reactor_utilization": {
          "shard": "6",
          "value": 72.483395059999907
        }
      },
      {
        "reactor_utilization": {
          "shard": "7",
          "value": 84.198523799999791
        }
      }
    ]
  },
  {
    "metrics": [
      {
        "reactor_utilization": {
          "shard": "0",
          "value": 74.271974439999951
        }
      },
      {
        "reactor_utilization": {
          "shard": "1",
          "value": 94.994443799999814
        }
      },
      {
        "reactor_utilization": {
          "shard": "2",
          "value": 72.512378679999884
        }
      },
      {
        "reactor_utilization": {
          "shard": "3",
          "value": 72.56953031999997
        }
      },
      {
        "reactor_utilization": {
          "shard": "4",
          "value": 71.892661499999932
        }
      },
      {
        "reactor_utilization": {
          "shard": "5",
          "value": 91.41464500000005
        }
      },
      {
        "reactor_utilization": {
          "shard": "6",
          "value": 69.810181739999905
        }
      },
      {
        "reactor_utilization": {
          "shard": "7",
          "value": 86.120228479999795
        }
      }
    ]
  },
  {
    "metrics": [
      {
        "reactor_utilization": {
          "shard": "0",
          "value": 77.473285039999951
        }
      },
      {
        "reactor_utilization": {
          "shard": "1",
          "value": 99.168147039999823
        }
      },
      {
        "reactor_utilization": {
          "shard": "2",
          "value": 77.58352785999989
        }
      },
      {
        "reactor_utilization": {
          "shard": "3",
          "value": 79.064549479999968
        }
      },
      {
        "reactor_utilization": {
          "shard": "4",
          "value": 77.401847119999928
        }
      },
      {
        "reactor_utilization": {
          "shard": "5",
          "value": 92.097262520000058
        }
      },
      {
        "reactor_utilization": {
          "shard": "6",
          "value": 77.280180419999894
        }
      },
      {
        "reactor_utilization": {
          "shard": "7",
          "value": 92.182565159999797
        }
      }
    ]
  },
  {
    "metrics": [
      {
        "reactor_utilization": {
          "shard": "0",
          "value": 78.122531199999941
        }
      },
      {
        "reactor_utilization": {
          "shard": "1",
          "value": 99.12961263999982
        }
      },
      {
        "reactor_utilization": {
          "shard": "2",
          "value": 76.859693979999889
        }
      },
      {
        "reactor_utilization": {
          "shard": "3",
          "value": 78.717308779999968
        }
      },
      {
        "reactor_utilization": {
          "shard": "4",
          "value": 77.799163179999937
        }
      },
      {
        "reactor_utilization": {
          "shard": "5",
          "value": 92.491837360000062
        }
      },
      {
        "reactor_utilization": {
          "shard": "6",
          "value": 78.222530419999899
        }
      },
      {
        "reactor_utilization": {
          "shard": "7",
          "value": 91.609540339999796
        }
      }
    ]
  },
  {
    "metrics": [
      {
        "reactor_utilization": {
          "shard": "0",
          "value": 76.439526939999936
        }
      },
      {
        "reactor_utilization": {
          "shard": "1",
          "value": 99.072126719999815
        }
      },
      {
        "reactor_utilization": {
          "shard": "2",
          "value": 77.102936619999895
        }
      },
      {
        "reactor_utilization": {
          "shard": "3",
          "value": 77.21891795999997
        }
      },
      {
        "reactor_utilization": {
          "shard": "4",
          "value": 76.480937059999931
        }
      },
      {
        "reactor_utilization": {
          "shard": "5",
          "value": 92.97478134000005
        }
      },
      {
        "reactor_utilization": {
          "shard": "6",
          "value": 76.021905999999902
        }
      },
      {
        "reactor_utilization": {
          "shard": "7",
          "value": 90.115341819999799
        }
      }
    ]
  },
  {
    "metrics": [
      {
        "reactor_utilization": {
          "shard": "0",
          "value": 78.391143339999942
        }
      },
      {
        "reactor_utilization": {
          "shard": "1",
          "value": 99.233024659999828
        }
      },
      {
        "reactor_utilization": {
          "shard": "2",
          "value": 77.155299699999887
        }
      },
      {
        "reactor_utilization": {
          "shard": "3",
          "value": 80.14591311999996
        }
      },
      {
        "reactor_utilization": {
          "shard": "4",
          "value": 74.714365299999926
        }
      },
      {
        "reactor_utilization": {
          "shard": "5",
          "value": 91.774249140000052
        }
      },
      {
        "reactor_utilization": {
          "shard": "6",
          "value": 75.872144739999897
        }
      },
      {
        "reactor_utilization": {
          "shard": "7",
          "value": 91.459046459999797
        }
      }
    ]
  },
  {
    "metrics": [
      {
        "reactor_utilization": {
          "shard": "0",
          "value": 78.373504799999935
        }
      },
      {
        "reactor_utilization": {
          "shard": "1",
          "value": 97.785882039999834
        }
      },
      {
        "reactor_utilization": {
          "shard": "2",
          "value": 77.893829299999894
        }
      },
      {
        "reactor_utilization": {
          "shard": "3",
          "value": 79.856728859999976
        }
      },
      {
        "reactor_utilization": {
          "shard": "4",
          "value": 76.023644979999943
        }
      },
      {
        "reactor_utilization": {
          "shard": "5",
          "value": 92.049245340000056
        }
      },
      {
        "reactor_utilization": {
          "shard": "6",
          "value": 77.924324359999915
        }
      },
      {
        "reactor_utilization": {
          "shard": "7",
          "value": 91.341045139999792
        }
      }
    ]
  },
  {
    "metrics": [
      {
        "reactor_utilization": {
          "shard": "0",
          "value": 78.668022739999927
        }
      },
      {
        "reactor_utilization": {
          "shard": "1",
          "value": 99.202129979999825
        }
      },
      {
        "reactor_utilization": {
          "shard": "2",
          "value": 77.630253819999908
        }
      },
      {
        "reactor_utilization": {
          "shard": "3",
          "value": 78.31623267999997
        }
      },
      {
        "reactor_utilization": {
          "shard": "4",
          "value": 78.276200459999927
        }
      },
      {
        "reactor_utilization": {
          "shard": "5",
          "value": 92.55812310000006
        }
      },
      {
        "reactor_utilization": {
          "shard": "6",
          "value": 77.609760879999897
        }
      },
      {
        "reactor_utilization": {
          "shard": "7",
          "value": 92.198027779999791
        }
      }
    ]
  },
  {
    "metrics": [
      {
        "reactor_utilization": {
          "shard": "0",
          "value": 78.274490739999933
        }
      },
      {
        "reactor_utilization": {
          "shard": "1",
          "value": 99.073943939999822
        }
      },
      {
        "reactor_utilization": {
          "shard": "2",
          "value": 79.206143899999901
        }
      },
      {
        "reactor_utilization": {
          "shard": "3",
          "value": 80.745439619999956
        }
      },
      {
        "reactor_utilization": {
          "shard": "4",
          "value": 76.776783019999925
        }
      },
      {
        "reactor_utilization": {
          "shard": "5",
          "value": 93.092852660000062
        }
      },
      {
        "reactor_utilization": {
          "shard": "6",
          "value": 76.030116019999909
        }
      },
      {
        "reactor_utilization": {
          "shard": "7",
          "value": 91.903964239999794
        }
      }
    ]
  }
]
