[
  {
    "metrics": [
      {
        "reactor_utilization": {
          "shard": "0",
          "value": 93.967737899999989
        }
      },
      {
        "reactor_utilization": {
          "shard": "1",
          "value": 92.735185599999966
        }
      },
      {
        "reactor_utilization": {
          "shard": "2",
          "value": 91.188577839999937
        }
      },
      {
        "reactor_utilization": {
          "shard": "3",
          "value": 95.027259779999923
        }
      },
      {
        "reactor_utilization": {
          "shard": "4",
          "value": 82.449825079999854
        }
      },
      {
        "reactor_utilization": {
          "shard": "5",
          "value": 92.398295079999997
        }
      },
      {
        "reactor_utilization": {
          "shard": "6",
          "value": 92.809710119999949
        }
      },
      {
        "reactor_utilization": {
          "shard": "7",
          "value": 99.999999999999872
        }
      }
    ]
  },
  {
    "metrics": [
      {
        "reactor_utilization": {
          "shard": "0",
          "value": 76.63932195999999
        }
      },
      {
        "reactor_utilization": {
          "shard": "1",
          "value": 73.690567319999957
        }
      },
      {
        "reactor_utilization": {
          "shard": "2",
          "value": 78.962411339999932
        }
      },
      {
        "reactor_utilization": {
          "shard": "3",
          "value": 91.020535499999923
        }
      },
      {
        "reactor_utilization": {
          "shard": "4",
          "value": 73.800931459999859
        }
      },
      {
        "reactor_utilization": {
          "shard": "5",
          "value": 89.452963199999985
        }
      },
      {
        "reactor_utilization": {
          "shard": "6",
          "value": 77.448919779999954
        }
      },
      {
        "reactor_utilization": {
          "shard": "7",
          "value": 93.130154059999882
        }
      }
    ]
  },
  {
    "metrics": [
      {
        "reactor_utilization": {
          "shard": "0",
          "value": 74.74013321999999
        }
      },
      {
        "reactor_utilization": {
          "shard": "1",
          "value": 71.13193011999995
        }
      },
      {
        "reactor_utilization": {
          "shard": "2",
          "value": 78.19248305999993
        }
      },
      {
        "reactor_utilization": {
          "shard": "3",
          "value": 92.801377559999921
        }
      },
      {
        "reactor_utilization": {
          "shard": "4",
          "value": 73.094990559999857
        }
      },
      {
        "reactor_utilization": {
          "shard": "5",
          "value": 91.39262871999999
        }
      },
      {
        "reactor_utilization": {
          "shard": "6",
          "value": 75.570613139999949
        }
      },
      {
        "reactor_utilization": {
          "shard": "7",
          "value": 92.345620439999877
        }
      }
    ]
  },
  {
    "metrics": [
      {
        "reactor_utilization": {
          "shard": "0",
          "value": 72.680632939999995
        }
      },
      {
        "reactor_utilization": {
          "shard": "1",
          "value": 71.084212019999953
        }
      },
      {
        "reactor_utilization": {
          "shard": "2",
          "value": 77.488987999999949
        }
      },
      {
        "reactor_utilization": {
          "shard": "3",
          "value": 93.143189479999918
        }
      },
      {
        "reactor_utilization": {
          "shard": "4",
          "value": 70.653440779999869
        }
      },
      {
        "reactor_utilization": {
          "shard": "5",
          "value": 90.946508559999998
        }
      },
      {
        "reactor_utilization": {
          "shard": "6",
          "value": 76.057339859999956
        }
      },
      {
        "reactor_utilization": {
          "shard": "7",
          "value": 92.901809239999878
        }
      }
    ]
  },
  {
    "metrics": [
      {
        "reactor_utilization": {
          "shard": "0",
          "value": 72.501576099999994
        }
      },
      {
        "reactor_utilization": {
          "shard": "1",
          "value": 71.258395679999936
        }
      },
      {
        "reactor_utilization": {
          "shard": "2",
          "value": 78.388079719999951
        }
      },
      {
        "reactor_utilization": {
          "shard": "3",
          "value": 93.411268999999919
        }
      },
      {
        "reactor_utilization": {
          "shard": "4",
          "value": 71.758525219999854
        }
      },
      {
        "reactor_utilization": {
          "shard": "5",
          "value": 91.875243420000004
        }
      },
      {
        "reactor_utilization": {
          "shard": "6",
          "value": 77.015687419999949
        }
      },
      {
        "reactor_utilization": {
          "shard": "7",
          "value": 92.450969359999874
        }
      }
    ]
  },
  {
    "metrics": [
      {
        "reactor_utilization": {
          "shard": "0",
          "value": 73.204329559999977
        }
      },
      {
        "reactor_utilization": {
          "shard": "1",
          "value": 71.309577059999938
        }
      },
      {
        "reactor_utilization": {
          "shard": "2",
          "value": 77.25633275999995
        }
      },
      {
        "reactor_utilization": {
          "shard": "3",
          "value": 93.784319719999914
        }
      },
      {
        "reactor_utilization": {
          "shard": "4",
          "value": 71.206481599999876
        }
      },
      {
        "reactor_utilization": {
          "shard": "5",
          "value": 91.407141839999994
        }
      },
      {
        "reactor_utilization": {
          "shard": "6",
          "value": 76.16364607999995
        }
      },
      {
        "reactor_utilization": {
          "shard": "7",
          "value": 92.069967319999876
        }
      }
    ]
  },
  {
    "metrics": [
      {
        "reactor_utilization": {
          "shard": "0",
          "value": 67.658331259999997
        }
      },
      {
        "reactor_utilization": {
          "shard": "1",
          "value": 64.857188659999949
        }
      },
      {
        "reactor_utilization": {
          "shard": "2",
          "value": 72.758195619999938
        }
      },
      {
        "reactor_utilization": {
          "shard": "3",
          "value": 85.951131859999919
        }
      },
      {
        "reactor_utilization": {
          "shard": "4",
          "value": 67.289377319999872
        }
      },
      {
        "reactor_utilization": {
          "shard": "5",
          "value": 83.883690639999983
        }
      },
      {
        "reactor_utilization": {
          "shard": "6",
          "value": 69.200120019999957
        }
      },
      {
        "reactor_utilization": {
          "shard": "7",
          "value": 83.599403699999883
        }
      }
    ]
  },
  {
    "metrics": [
      {
        "reactor_utilization": {
          "shard": "0",
          "value": 60.934960840000009
        }
      },
      {
        "reactor_utilization": {
          "shard": "1",
          "value": 58.522001299999935
        }
      },
      {
        "reactor_utilization": {
          "shard": "2",
          "value": 68.287250499999956
        }
      },
      {
        "reactor_utilization": {
          "shard": "3",
          "value": 81.446015159999916
        }
      },
      {
        "reactor_utilization": {
          "shard": "4",
          "value": 61.810312179999862
        }
      },
      {
        "reactor_utilization": {
          "shard": "5",
          "value": 75.655850839999999
        }
      },
      {
        "reactor_utilization": {
          "shard": "6",
          "value": 65.016267919999947
        }
      },
      {
        "reactor_utilization": {
          "shard": "7",
          "value": 75.414558539999888
        }
      }
    ]
  },
  {
    "metrics": [
      {
        "reactor_utilization": {
          "shard": "0",
          "value": 65.603979080000002
        }
      },
      {
        "reactor_utilization": {
          "shard": "1",
          "value": 66.002055779999935
        }
      },
      {
        "reactor_utilization": {
          "shard": "2",
          "value": 68.699568579999948
        }
      },
      {
        "reactor_utilization": {
          "shard": "3",
          "value": 83.57797563999992
        }
      },
      {
        "reactor_utilization": {
          "shard": "4",
          "value": 63.155502339999856
        }
      },
      {
        "reactor_utilization": {
          "shard": "5",
          "value": 87.968057619999996
        }
      },
      {
        "reactor_utilization": {
          "shard": "6",
          "value": 72.457286079999946
        }
      },
      {
        "reactor_utilization": {
          "shard": "7",
          "value": 83.350010999999881
        }
      }
    ]
  },
  {
    "metrics": [
      {
        "reactor_utilization": {
          "shard": "0",
          "value": 68.646454879999993
        }
      },
      {
        "reactor_utilization": {
          "shard": "1",
          "value": 65.366066219999936
        }
      },
      {
        "reactor_utilization": {
          "shard": "2",
          "value": 74.02768557999994
        }
      },
      {
        "reactor_utilization": {
          "shard": "3",
          "value": 87.979017799999923
        }
      },
      {
        "reactor_utilization": {
          "shard": "4",
          "value": 65.966846739999852
        }
      },
      {
        "reactor_utilization": {
          "shard": "5",
          "value": 84.785251239999994
        }
      },
      {
        "reactor_utilization": {
          "shard": "6",
          "value": 71.388808659999953
        }
      },
      {
        "reactor_utilization": {
          "shard": "7",
          "value": 90.318731259999879
        }
      }
    ]
  },
  {
    "metrics": [
      {
        "reactor_utilization": {
          "shard": "0",
          "value": 69.840292859999991
        }
      },
      {
        "reactor_utilization": {
          "shard": "1",
          "value": 67.081838259999913
        }
      },
      {
        "reactor_utilization": {
          "shard": "2",
          "value": 76.40303813999995
        }
      },
      {
        "reactor_utilization": {
          "shard": "3",
          "value": 91.144831679999925
        }
      },
      {
        "reactor_utilization": {
          "shard": "4",
          "value": 70.405694739999845
        }
      },
      {
        "reactor_utilization": {
          "shard": "5",
          "value": 89.417069499999997
        }
      },
      {
        "reactor_utilization": {
          "shard": "6",
          "value": 72.66525247999995
        }
      },
      {
        "reactor_utilization": {
          "shard": "7",
          "value": 90.902224119999886
        }
      }
    ]
  },
  {
    "metrics": [
      {
        "reactor_utilization": {
          "shard": "0",
          "value": 73.390787760000009
        }
      },
      {
        "reactor_utilization": {
          "shard": "1",
          "value": 71.887057839999912
        }
      },
      {
        "reactor_utilization": {
          "shard": "2",
          "value": 77.406980059999952
        }
      },
      {
        "reactor_utilization": {
          "shard": "3",
          "value": 93.435210839999925
        }
      },
      {
        "reactor_utilization": {
          "shard": "4",
          "value": 71.920987779999848
        }
      },
      {
        "reactor_utilization": {
          "shard": "5",
          "value": 91.915800439999998
        }
      },
      {
        "reactor_utilization": {
          "shard": "6",
          "value": 75.591332019999953
        }
      },
      {
        "reactor_utilization": {
          "shard": "7",
          "value": 91.547805219999873
        }
      }
    ]
  },
  {
    "metrics": [
      {
        "reactor_utilization": {
          "shard": "0",
          "value": 72.871660199999994
        }
      },
      {
        "reactor_utilization": {
          "shard": "1",
          "value": 71.848730999999916
        }
      },
      {
        "reactor_utilization": {
          "shard": "2",
          "value": 78.809237359999955
        }
      },
      {
        "reactor_utilization": {
          "shard": "3",
          "value": 93.326605999999927
        }
      },
      {
        "reactor_utilization": {
          "shard": "4",
          "value": 71.049541119999844
        }
      },
      {
        "reactor_utilization": {
          "shard": "5",
          "value": 91.359166999999999
        }
      },
      {
        "reactor_utilization": {
          "shard": "6",
          "value": 77.791989739999948
        }
      },
      {
        "reactor_utilization": {
          "shard": "7",
          "value": 93.518787459999885
        }
      }
    ]
  },
  {
    "metrics": [
      {
        "reactor_utilization": {
          "shard": "0",
          "value": 74.636681939999988
        }
      },
      {
        "reactor_utilization": {
          "shard": "1",
          "value": 71.02641115999991
        }
      },
      {
        "reactor_utilization": {
          "shard": "2",
          "value": 78.488024539999941
        }
      },
      {
        "reactor_utilization": {
          "shard": "3",
          "value": 94.109502779999914
        }
      },
      {
        "reactor_utilization": {
          "shard": "4",
          "value": 73.890553779999848
        }
      },
      {
        "reactor_utilization": {
          "shard": "5",
          "value": 93.167521359999995
        }
      },
      {
        "reactor_utilization": {
          "shard": "6",
          "value": 78.978582099999954
        }
      },
      {
        "reactor_utilization": {
          "shard": "7",
          "value": 93.007715579999882
        }
      }
    ]
  },
  {
    "metrics": [
      {
        "reactor_utilization": {
          "shard": "0",
          "value": 74.113282920000017
        }
      },
      {
        "reactor_utilization": {
          "shard": "1",
          "value": 72.190119479999908
        }
      },
      {
        "reactor_utilization": {
          "shard": "2",
          "value": 79.066366999999943
        }
      },
      {
        "reactor_utilization": {
          "shard": "3",
          "value": 94.288497439999915
        }
      },
      {
        "reactor_utilization": {
          "shard": "4",
          "value": 73.167230219999851
        }
      },
      {
        "reactor_utilization": {
          "shard": "5",
          "value": 92.544991899999999
        }
      },
      {
        "reactor_utilization": {
          "shard": "6",
          "value": 78.896622019999938
        }
      },
      {
        "reactor_utilization": {
          "shard": "7",
          "value": 92.695618839999881
        }
      }
    ]
  },
  {
    "metrics": [
      {
        "reactor_utilization": {
          "shard": "0",
          "value": 74.785773160000005
        }
      },
      {
        "reactor_utilization": {
          "shard": "1",
          "value": 72.188606379999925
        }
      },
      {
        "reactor_utilization": {
          "shard": "2",
          "value": 78.598752499999947
        }
      },
      {
        "reactor_utilization": {
          "shard": "3",
          "value": 94.394136099999926
        }
      },
      {
        "reactor_utilization": {
          "shard": "4",
          "value": 72.103152979999848
        }
      },
      {
        "reactor_utilization": {
          "shard": "5",
          "value": 94.232953839999993
        }
      },
      {
        "reactor_utilization": {
          "shard": "6",
          "value": 78.791352519999947
        }
      },
      {
        "reactor_utilization": {
          "shard": "7",
          "value": 93.781445319999875
        }
      }
    ]
  },
  {
    "metrics": [
      {
        "reactor_utilization": {
          "shard": "0",
          "value": 72.89122356
        }
      },
      {
        "reactor_utilization": {
          "shard": "1",
          "value": 71.248592139999928
        }
      },
      {
        "reactor_utilization": {
          "shard": "2",
          "value": 78.247806699999927
        }
      },
      {
        "reactor_utilization": {
          "shard": "3",
          "value": 94.619160199999925
        }
      },
      {
        "reactor_utilization": {
          "shard": "4",
          "value": 70.63492775999984
        }
      },
      {
        "reactor_utilization": {
          "shard": "5",
          "value": 92.486767740000005
        }
      },
      {
        "reactor_utilization": {
          "shard": "6",
          "value": 75.186166859999943
        }
      },
      {
        "reactor_utilization": {
          "shard": "7",
          "value": 92.052507519999878
        }
      }
    ]
  },
  {
    "metrics": [
      {
        "reactor_utilization": {
          "shard": "0",
          "value": 75.640859019999994
        }
      },
      {
        "reactor_utilization": {
          "shard": "1",
          "value": 71.707798919999917
        }
      },
      {
        "reactor_utilization": {
          "shard": "2",
          "value": 76.812922339999943
        }
      },
      {
        "reactor_utilization": {
          "shard": "3",
          "value": 94.85631443999992
        }
      },
      {
        "reactor_utilization": {
          "shard": "4",
          "value": 72.796225939999843
        }
      },
      {
        "reactor_utilization": {
          "shard": "5",
          "value": 93.494583979999987
        }
      },
      {
        "reactor_utilization": {
          "shard": "6",
          "value": 76.292658299999943
        }
      },
      {
        "reactor_utilization": {
          "shard": "7",
          "value": 93.001593659999884
        }
      }
    ]
  },
  {
    "metrics": [
      {
        "reactor_utilization": {
          "shard": "0",
          "value": 70.88460388
        }
      },
      {
        "reactor_utilization": {
          "shard": "1",
          "value": 71.691272659999925
        }
      },
      {
        "reactor_utilization": {
          "shard": "2",
          "value": 77.021900779999953
        }
      },
      {
        "reactor_utilization": {
          "shard": "3",
          "value": 90.614497959999923
        }
      },
      {
        "reactor_utilization": {
          "shard": "4",
          "value": 71.371948839999845
        }
      },
      {
        "reactor_utilization": {
          "shard": "5",
          "value": 89.947960080000001
        }
      },
      {
        "reactor_utilization": {
          "shard": "6",
          "value": 75.681847799999929
        }
      },
      {
        "reactor_utilization": {
          "shard": "7",
          "value": 91.951664919999885
        }
      }
    ]
  },
  {
    "metrics": [
      {
        "reactor_utilization": {
          "shard": "0",
          "value": 73.346357879999999
        }
      },
      {
        "reactor_utilization": {
          "shard": "1",
          "value": 71.423489459999928
        }
      },
      {
        "reactor_utilization": {
          "shard": "2",
          "value": 78.031632839999943
        }
      },
      {
        "reactor_utilization": {
          "shard": "3",
          "value": 95.229245519999921
        }
      },
      {
        "reactor_utilization": {
          "shard": "4",
          "value": 72.085050379999842
        }
      },
      {
        "reactor_utilization": {
          "shard": "5",
          "value": 91.861113799999998
        }
      },
      {
        "reactor_utilization": {
          "shard": "6",
          "value": 77.487007719999951
        }
      },
      {
        "reactor_utilization": {
          "shard": "7",
          "value": 92.794835299999889
        }
      }
    ]
  },
  {
    "metrics": [
      {
        "reactor_utilization": {
          "shard": "0",
          "value": 73.295460380000009
        }
      },
      {
        "reactor_utilization": {
          "shard": "1",
          "value": 71.988162439999925
        }
      },
      {
        "reactor_utilization": {
          "shard": "2",
          "value": 79.123100619999946
        }
      },
      {
        "reactor_utilization": {
          "shard": "3",
          "value": 94.320859779999921
        }
      },
      {
        "reactor_utilization": {
          "shard": "4",
          "value": 72.647435899999849
        }
      },
      {
        "reactor_utilization": {
          "shard": "5",
          "value": 93.068317359999995
        }
      },
      {
        "reactor_utilization": {
          "shard": "6",
          "value": 78.08236007999993
        }
      },
      {
        "reactor_utilization": {
          "shard": "7",
          "value": 92.634157379999877
        }
      }
    ]
  },
  {
    "metrics": [
      {
        "reactor_utilization": {
          "shard": "0",
          "value": 73.102962240000011
        }
      },
      {
        "reactor_utilization": {
          "shard": "1",
          "value": 70.938043119999932
        }
      },
      {
        "reactor_utilization": {
          "shard": "2",
          "value": 76.972228879999946
        }
      },
      {
        "reactor_utilization": {
          "shard": "3",
          "value": 93.742237879999919
        }
      },
      {
        "reactor_utilization": {
          "shard": "4",
          "value": 70.962519939999851
        }
      },
      {
        "reactor_utilization": {
          "shard": "5",
          "value": 92.402809419999997
        }
      },
      {
        "reactor_utilization": {
          "shard": "6",
          "value": 77.647995219999927
        }
      },
      {
        "reactor_utilization": {
          "shard": "7",
          "value": 94.107379059999886
        }
      }
    ]
  },
  {
    "metrics": [
      {
        "reactor_utilization": {
          "shard": "0",
          "value": 73.569069680000013
        }
      },
      {
        "reactor_utilization": {
          "shard": "1",
          "value": 71.62742411999993
        }
      },
      {
        "reactor_utilization": {
          "shard": "2",
          "value": 79.207587859999933
        }
      },
      {
        "reactor_utilization": {
          "shard": "3",
          "value": 93.694959359999913
        }
      },
      {
        "reactor_utilization": {
          "shard": "4",
          "value": 72.458249279999848
        }
      },
      {
        "reactor_utilization": {
          "shard": "5",
          "value": 93.196921140000001
        }
      },
      {
        "reactor_utilization": {
          "shard": "6",
          "value": 77.804625879999932
        }
      },
      {
        "reactor_utilization": {
          "shard": "7",
          "value": 93.099853359999884
        }
      }
    ]
  },
  {
    "metrics": [
      {
        "reactor_utilization": {
          "shard": "0",
          "value": 74.340267820000008
        }
      },
      {
        "reactor_utilization": {
          "shard": "1",
          "value": 71.412475439999938
        }
      },
      {
        "reactor_utilization": {
          "shard": "2",
          "value": 78.928422119999937
        }
      },
      {
        "reactor_utilization": {
          "shard": "3",
          "value": 94.424138159999927
        }
      },
      {
        "reactor_utilization": {
          "shard": "4",
          "value": 72.050472539999831
        }
      },
      {
        "reactor_utilization": {
          "shard": "5",
          "value": 92.978420619999994
        }
      },
      {
        "reactor_utilization": {
          "shard": "6",
          "value": 78.757562559999926
        }
      },
      {
        "reactor_utilization": {
          "shard": "7",
          "value": 92.895574639999893
        }
      }
    ]
  }
]
