[
    {
        "FIO": {
            "cpu": {
                "data": [
                    476.41666666667174
                ],
                "index": 1,
                "time": [
                    "10:44:02"
                ],
                "total": 544.8000000000013
            },
            "mem": {
                "data": [
                    37.97333333333531
                ],
                "index": 1,
                "time": [
                    "10:44:02"
                ],
                "total": 39.40000000000029
            }
        },
        "OSD": {
            "cpu": {
                "data": [
                    0.0
                ],
                "index": 1,
                "time": [
                    "10:44:02"
                ],
                "total": 0.0
            },
            "mem": {
                "data": [
                    0.0
                ],
                "index": 1,
                "time": [
                    "10:44:02"
                ],
                "total": 0.0
            }
        }
    }
]