[
  {
    "metrics": [
      {
        "reactor_utilization": {
          "shard": "0",
          "value": 57.191565720000014
        }
      },
      {
        "reactor_utilization": {
          "shard": "1",
          "value": 99.66172171999996
        }
      },
      {
        "reactor_utilization": {
          "shard": "2",
          "value": 97.111258879999994
        }
      },
      {
        "reactor_utilization": {
          "shard": "3",
          "value": 94.602918420000023
        }
      },
      {
        "reactor_utilization": {
          "shard": "4",
          "value": 93.624717900000036
        }
      },
      {
        "reactor_utilization": {
          "shard": "5",
          "value": 99.611452660000026
        }
      },
      {
        "reactor_utilization": {
          "shard": "6",
          "value": 99.391169900000037
        }
      },
      {
        "reactor_utilization": {
          "shard": "7",
          "value": 99.415138180000056
        }
      },
      {
        "reactor_utilization": {
          "shard": "8",
          "value": 95.769760840000018
        }
      },
      {
        "reactor_utilization": {
          "shard": "9",
          "value": 99.285547239999929
        }
      },
      {
        "reactor_utilization": {
          "shard": "10",
          "value": 95.402698499999971
        }
      },
      {
        "reactor_utilization": {
          "shard": "11",
          "value": 99.116213119999955
        }
      },
      {
        "reactor_utilization": {
          "shard": "12",
          "value": 99.532595940000007
        }
      },
      {
        "reactor_utilization": {
          "shard": "13",
          "value": 99.802248860000049
        }
      },
      {
        "reactor_utilization": {
          "shard": "14",
          "value": 95.142046199999925
        }
      },
      {
        "reactor_utilization": {
          "shard": "15",
          "value": 99.709530379999961
        }
      },
      {
        "reactor_utilization": {
          "shard": "16",
          "value": 95.89864886000008
        }
      },
      {
        "reactor_utilization": {
          "shard": "17",
          "value": 59.227021259999944
        }
      },
      {
        "reactor_utilization": {
          "shard": "18",
          "value": 90.670012100000037
        }
      },
      {
        "reactor_utilization": {
          "shard": "19",
          "value": 90.605956439999929
        }
      },
      {
        "reactor_utilization": {
          "shard": "20",
          "value": 89.817396380000048
        }
      },
      {
        "reactor_utilization": {
          "shard": "21",
          "value": 56.357225019999987
        }
      },
      {
        "reactor_utilization": {
          "shard": "22",
          "value": 89.495043619999961
        }
      },
      {
        "reactor_utilization": {
          "shard": "23",
          "value": 89.689835739999992
        }
      },
      {
        "reactor_utilization": {
          "shard": "24",
          "value": 89.582690760000006
        }
      },
      {
        "reactor_utilization": {
          "shard": "25",
          "value": 58.992547960000017
        }
      },
      {
        "reactor_utilization": {
          "shard": "26",
          "value": 89.62332734000006
        }
      },
      {
        "reactor_utilization": {
          "shard": "27",
          "value": 59.895404380000016
        }
      }
    ]
  },
  {
    "metrics": [
      {
        "reactor_utilization": {
          "shard": "0",
          "value": 0.54061541999999019
        }
      },
      {
        "reactor_utilization": {
          "shard": "2",
          "value": 0.47234607999999678
        }
      },
      {
        "reactor_utilization": {
          "shard": "3",
          "value": 0.50758629999998472
        }
      },
      {
        "reactor_utilization": {
          "shard": "4",
          "value": 0.51575566000001682
        }
      },
      {
        "reactor_utilization": {
          "shard": "5",
          "value": 0.52988868000000133
        }
      },
      {
        "reactor_utilization": {
          "shard": "6",
          "value": 0.49541434000002216
        }
      },
      {
        "reactor_utilization": {
          "shard": "7",
          "value": 0.53053767999998724
        }
      },
      {
        "reactor_utilization": {
          "shard": "8",
          "value": 0.54544719999999325
        }
      },
      {
        "reactor_utilization": {
          "shard": "9",
          "value": 0.54305524000002325
        }
      },
      {
        "reactor_utilization": {
          "shard": "10",
          "value": 0.48313854000000545
        }
      },
      {
        "reactor_utilization": {
          "shard": "11",
          "value": 0.5000987800000023
        }
      },
      {
        "reactor_utilization": {
          "shard": "12",
          "value": 0.56235573999998678
        }
      },
      {
        "reactor_utilization": {
          "shard": "13",
          "value": 0.48817103999999611
        }
      },
      {
        "reactor_utilization": {
          "shard": "14",
          "value": 0.51821708000000521
        }
      },
      {
        "reactor_utilization": {
          "shard": "15",
          "value": 0.49532652000000565
        }
      },
      {
        "reactor_utilization": {
          "shard": "16",
          "value": 0.52870475999998723
        }
      },
      {
        "reactor_utilization": {
          "shard": "17",
          "value": 0.43194112000000118
        }
      },
      {
        "reactor_utilization": {
          "shard": "18",
          "value": 0.47864310000000909
        }
      },
      {
        "reactor_utilization": {
          "shard": "19",
          "value": 0.46587680000000908
        }
      },
      {
        "reactor_utilization": {
          "shard": "20",
          "value": 0.47825495999999079
        }
      },
      {
        "reactor_utilization": {
          "shard": "21",
          "value": 0.47509213999999966
        }
      },
      {
        "reactor_utilization": {
          "shard": "22",
          "value": 0.440547240000011
        }
      },
      {
        "reactor_utilization": {
          "shard": "23",
          "value": 0.486878479999997
        }
      },
      {
        "reactor_utilization": {
          "shard": "24",
          "value": 0.47877244000000818
        }
      },
      {
        "reactor_utilization": {
          "shard": "25",
          "value": 0.44795133999999681
        }
      },
      {
        "reactor_utilization": {
          "shard": "26",
          "value": 0.47060703999999287
        }
      },
      {
        "reactor_utilization": {
          "shard": "27",
          "value": 0.43582020000001442
        }
      }
    ]
  },
  {
    "metrics": [
      {
        "reactor_utilization": {
          "shard": "0",
          "value": 0.33597588000000567
        }
      },
      {
        "reactor_utilization": {
          "shard": "1",
          "value": 0.24798724000002492
        }
      },
      {
        "reactor_utilization": {
          "shard": "2",
          "value": 0.041630660000002706
        }
      },
      {
        "reactor_utilization": {
          "shard": "3",
          "value": 0.042598219999989695
        }
      },
      {
        "reactor_utilization": {
          "shard": "4",
          "value": 0.051082780000055727
        }
      },
      {
        "reactor_utilization": {
          "shard": "5",
          "value": 0.029856580000009458
        }
      },
      {
        "reactor_utilization": {
          "shard": "6",
          "value": 0.037369560000033442
        }
      },
      {
        "reactor_utilization": {
          "shard": "7",
          "value": 0.057021859999983882
        }
      },
      {
        "reactor_utilization": {
          "shard": "8",
          "value": 0.031299879999968638
        }
      },
      {
        "reactor_utilization": {
          "shard": "9",
          "value": 0.020134920000014489
        }
      },
      {
        "reactor_utilization": {
          "shard": "10",
          "value": 0.034685519999999581
        }
      },
      {
        "reactor_utilization": {
          "shard": "11",
          "value": 0.040866000000006064
        }
      },
      {
        "reactor_utilization": {
          "shard": "12",
          "value": 0.034437999999981095
        }
      },
      {
        "reactor_utilization": {
          "shard": "13",
          "value": 0.03348499999997756
        }
      },
      {
        "reactor_utilization": {
          "shard": "14",
          "value": 0.040164700000011599
        }
      },
      {
        "reactor_utilization": {
          "shard": "15",
          "value": 0.050590080000012527
        }
      },
      {
        "reactor_utilization": {
          "shard": "16",
          "value": 0.055146879999967702
        }
      },
      {
        "reactor_utilization": {
          "shard": "17",
          "value": 0.05541674000000274
        }
      },
      {
        "reactor_utilization": {
          "shard": "18",
          "value": 0.037708220000021164
        }
      },
      {
        "reactor_utilization": {
          "shard": "19",
          "value": 0.036841700000023181
        }
      },
      {
        "reactor_utilization": {
          "shard": "20",
          "value": 0.039606740000008855
        }
      },
      {
        "reactor_utilization": {
          "shard": "21",
          "value": 0.036190560000004535
        }
      },
      {
        "reactor_utilization": {
          "shard": "22",
          "value": 0.043160120000007574
        }
      },
      {
        "reactor_utilization": {
          "shard": "23",
          "value": 0.048916960000000564
        }
      },
      {
        "reactor_utilization": {
          "shard": "24",
          "value": 0.038997159999987208
        }
      },
      {
        "reactor_utilization": {
          "shard": "25",
          "value": 0.037137439999990196
        }
      },
      {
        "reactor_utilization": {
          "shard": "26",
          "value": 0.036901479999995601
        }
      },
      {
        "reactor_utilization": {
          "shard": "27",
          "value": 0.039050940000029399
        }
      }
    ]
  },
  {
    "metrics": [
      {
        "reactor_utilization": {
          "shard": "0",
          "value": 0.088669840000021871
        }
      },
      {
        "reactor_utilization": {
          "shard": "1",
          "value": 0.022130320000035564
        }
      },
      {
        "reactor_utilization": {
          "shard": "2",
          "value": 0.015650199999983627
        }
      },
      {
        "reactor_utilization": {
          "shard": "3",
          "value": 0.032832459999987407
        }
      },
      {
        "reactor_utilization": {
          "shard": "4",
          "value": 0.02129308000002883
        }
      },
      {
        "reactor_utilization": {
          "shard": "5",
          "value": 0.024954920000008762
        }
      },
      {
        "reactor_utilization": {
          "shard": "6",
          "value": 0.022582840000007209
        }
      },
      {
        "reactor_utilization": {
          "shard": "7",
          "value": 0.021931639999983599
        }
      },
      {
        "reactor_utilization": {
          "shard": "8",
          "value": 0.019674579999962027
        }
      },
      {
        "reactor_utilization": {
          "shard": "9",
          "value": 0.021228400000017356
        }
      },
      {
        "reactor_utilization": {
          "shard": "10",
          "value": 0.021506740000010183
        }
      },
      {
        "reactor_utilization": {
          "shard": "11",
          "value": 0.022883340000001695
        }
      },
      {
        "reactor_utilization": {
          "shard": "12",
          "value": 0.026054619999982265
        }
      },
      {
        "reactor_utilization": {
          "shard": "13",
          "value": 0.022453939999977912
        }
      },
      {
        "reactor_utilization": {
          "shard": "14",
          "value": 0.024047640000013359
        }
      },
      {
        "reactor_utilization": {
          "shard": "15",
          "value": 0.024967220000005064
        }
      },
      {
        "reactor_utilization": {
          "shard": "16",
          "value": 0.023433339999989755
        }
      },
      {
        "reactor_utilization": {
          "shard": "17",
          "value": 0.025278600000000484
        }
      },
      {
        "reactor_utilization": {
          "shard": "18",
          "value": 0.022800960000013415
        }
      },
      {
        "reactor_utilization": {
          "shard": "19",
          "value": 0.023302560000026951
        }
      },
      {
        "reactor_utilization": {
          "shard": "20",
          "value": 0.023930080000023057
        }
      },
      {
        "reactor_utilization": {
          "shard": "21",
          "value": 0.024716899999988051
        }
      },
      {
        "reactor_utilization": {
          "shard": "22",
          "value": 0.021766960000002555
        }
      },
      {
        "reactor_utilization": {
          "shard": "23",
          "value": 0.020976920000004284
        }
      },
      {
        "reactor_utilization": {
          "shard": "24",
          "value": 0.021961479999987876
        }
      },
      {
        "reactor_utilization": {
          "shard": "25",
          "value": 0.023696779999993201
        }
      },
      {
        "reactor_utilization": {
          "shard": "26",
          "value": 0.02018933999998751
        }
      },
      {
        "reactor_utilization": {
          "shard": "27",
          "value": 0.022726580000043128
        }
      }
    ]
  },
  {
    "metrics": [
      {
        "reactor_utilization": {
          "shard": "0",
          "value": 0.11640556000002134
        }
      },
      {
        "reactor_utilization": {
          "shard": "1",
          "value": 0.040230180000033755
        }
      },
      {
        "reactor_utilization": {
          "shard": "2",
          "value": 0.030249039999985516
        }
      },
      {
        "reactor_utilization": {
          "shard": "3",
          "value": 0.052588340000003786
        }
      },
      {
        "reactor_utilization": {
          "shard": "4",
          "value": 0.033989400000034031
        }
      },
      {
        "reactor_utilization": {
          "shard": "5",
          "value": 0.034015720000013516
        }
      },
      {
        "reactor_utilization": {
          "shard": "6",
          "value": 0.037877040000011686
        }
      },
      {
        "reactor_utilization": {
          "shard": "7",
          "value": 0.035278959999995863
        }
      },
      {
        "reactor_utilization": {
          "shard": "8",
          "value": 0.034011679999967903
        }
      },
      {
        "reactor_utilization": {
          "shard": "9",
          "value": 0.034694660000011979
        }
      },
      {
        "reactor_utilization": {
          "shard": "10",
          "value": 0.035947060000018904
        }
      },
      {
        "reactor_utilization": {
          "shard": "11",
          "value": 0.038529539999987428
        }
      },
      {
        "reactor_utilization": {
          "shard": "12",
          "value": 0.036631319999969048
        }
      },
      {
        "reactor_utilization": {
          "shard": "13",
          "value": 0.034747660000000735
        }
      },
      {
        "reactor_utilization": {
          "shard": "14",
          "value": 0.036606100000002861
        }
      },
      {
        "reactor_utilization": {
          "shard": "15",
          "value": 0.037071500000007696
        }
      },
      {
        "reactor_utilization": {
          "shard": "16",
          "value": 0.035139959999996861
        }
      },
      {
        "reactor_utilization": {
          "shard": "17",
          "value": 0.032749579999991063
        }
      },
      {
        "reactor_utilization": {
          "shard": "18",
          "value": 0.028506220000013016
        }
      },
      {
        "reactor_utilization": {
          "shard": "19",
          "value": 0.032420940000021936
        }
      },
      {
        "reactor_utilization": {
          "shard": "20",
          "value": 0.030651140000026444
        }
      },
      {
        "reactor_utilization": {
          "shard": "21",
          "value": 0.033383339999981665
        }
      },
      {
        "reactor_utilization": {
          "shard": "22",
          "value": 0.032915620000006918
        }
      },
      {
        "reactor_utilization": {
          "shard": "23",
          "value": 0.028939940000016762
        }
      },
      {
        "reactor_utilization": {
          "shard": "24",
          "value": 0.028146399999973148
        }
      },
      {
        "reactor_utilization": {
          "shard": "25",
          "value": 0.033256779999990549
        }
      },
      {
        "reactor_utilization": {
          "shard": "26",
          "value": 0.031591439999989479
        }
      },
      {
        "reactor_utilization": {
          "shard": "27",
          "value": 0.029203980000036545
        }
      }
    ]
  },
  {
    "metrics": [
      {
        "reactor_utilization": {
          "shard": "0",
          "value": 0.10588938000001269
        }
      },
      {
        "reactor_utilization": {
          "shard": "1",
          "value": 0.023689100000023888
        }
      },
      {
        "reactor_utilization": {
          "shard": "2",
          "value": 0.020740479999969974
        }
      },
      {
        "reactor_utilization": {
          "shard": "3",
          "value": 0.035443040000004977
        }
      },
      {
        "reactor_utilization": {
          "shard": "4",
          "value": 0.025979500000028466
        }
      },
      {
        "reactor_utilization": {
          "shard": "5",
          "value": 0.02414042000001837
        }
      },
      {
        "reactor_utilization": {
          "shard": "6",
          "value": 0.02289376000002008
        }
      },
      {
        "reactor_utilization": {
          "shard": "7",
          "value": 0.024584959999995881
        }
      },
      {
        "reactor_utilization": {
          "shard": "8",
          "value": 0.019294019999960277
        }
      },
      {
        "reactor_utilization": {
          "shard": "9",
          "value": 0.01845128000004248
        }
      },
      {
        "reactor_utilization": {
          "shard": "10",
          "value": 0.024525100000016842
        }
      },
      {
        "reactor_utilization": {
          "shard": "11",
          "value": 0.023392219999984754
        }
      },
      {
        "reactor_utilization": {
          "shard": "12",
          "value": 0.023183079999988809
        }
      },
      {
        "reactor_utilization": {
          "shard": "13",
          "value": 0.021039399999978059
        }
      },
      {
        "reactor_utilization": {
          "shard": "14",
          "value": 0.021378639999991567
        }
      },
      {
        "reactor_utilization": {
          "shard": "15",
          "value": 0.023246480000016501
        }
      },
      {
        "reactor_utilization": {
          "shard": "16",
          "value": 0.022178699999986229
        }
      },
      {
        "reactor_utilization": {
          "shard": "17",
          "value": 0.021810899999996636
        }
      },
      {
        "reactor_utilization": {
          "shard": "18",
          "value": 0.022659300000016369
        }
      },
      {
        "reactor_utilization": {
          "shard": "19",
          "value": 0.021611760000017632
        }
      },
      {
        "reactor_utilization": {
          "shard": "20",
          "value": 0.022971340000021989
        }
      },
      {
        "reactor_utilization": {
          "shard": "21",
          "value": 0.022518259999981804
        }
      },
      {
        "reactor_utilization": {
          "shard": "22",
          "value": 0.02188286000001094
        }
      },
      {
        "reactor_utilization": {
          "shard": "23",
          "value": 0.020281999999993694
        }
      },
      {
        "reactor_utilization": {
          "shard": "24",
          "value": 0.021320079999975761
        }
      },
      {
        "reactor_utilization": {
          "shard": "25",
          "value": 0.020194399999995394
        }
      },
      {
        "reactor_utilization": {
          "shard": "26",
          "value": 0.020979379999985781
        }
      },
      {
        "reactor_utilization": {
          "shard": "27",
          "value": 0.02046028000002309
        }
      }
    ]
  },
  {
    "metrics": [
      {
        "reactor_utilization": {
          "shard": "0",
          "value": 0.11626028000001343
        }
      },
      {
        "reactor_utilization": {
          "shard": "1",
          "value": 0.030205580000020049
        }
      },
      {
        "reactor_utilization": {
          "shard": "2",
          "value": 0.025204579999948962
        }
      },
      {
        "reactor_utilization": {
          "shard": "3",
          "value": 0.03847532000000875
        }
      },
      {
        "reactor_utilization": {
          "shard": "4",
          "value": 0.024325580000028602
        }
      },
      {
        "reactor_utilization": {
          "shard": "5",
          "value": 0.027044040000012703
        }
      },
      {
        "reactor_utilization": {
          "shard": "6",
          "value": 0.027402320000025071
        }
      },
      {
        "reactor_utilization": {
          "shard": "7",
          "value": 0.028075940000005239
        }
      },
      {
        "reactor_utilization": {
          "shard": "8",
          "value": 0.025173459999972003
        }
      },
      {
        "reactor_utilization": {
          "shard": "9",
          "value": 0.025595020000057644
        }
      },
      {
        "reactor_utilization": {
          "shard": "10",
          "value": 0.024857500000030619
        }
      },
      {
        "reactor_utilization": {
          "shard": "11",
          "value": 0.029209299999988225
        }
      },
      {
        "reactor_utilization": {
          "shard": "12",
          "value": 0.023590899999970105
        }
      },
      {
        "reactor_utilization": {
          "shard": "13",
          "value": 0.022917299999980489
        }
      },
      {
        "reactor_utilization": {
          "shard": "14",
          "value": 0.021266619999993353
        }
      },
      {
        "reactor_utilization": {
          "shard": "15",
          "value": 0.026743880000024145
        }
      },
      {
        "reactor_utilization": {
          "shard": "16",
          "value": 0.022291219999992506
        }
      },
      {
        "reactor_utilization": {
          "shard": "17",
          "value": 0.027495320000003876
        }
      },
      {
        "reactor_utilization": {
          "shard": "18",
          "value": 0.026357160000012314
        }
      },
      {
        "reactor_utilization": {
          "shard": "19",
          "value": 0.028701420000021294
        }
      },
      {
        "reactor_utilization": {
          "shard": "20",
          "value": 0.027862260000022232
        }
      },
      {
        "reactor_utilization": {
          "shard": "21",
          "value": 0.026517039999984782
        }
      },
      {
        "reactor_utilization": {
          "shard": "22",
          "value": 0.026003260000007078
        }
      },
      {
        "reactor_utilization": {
          "shard": "23",
          "value": 0.026853760000000726
        }
      },
      {
        "reactor_utilization": {
          "shard": "24",
          "value": 0.028984139999987946
        }
      },
      {
        "reactor_utilization": {
          "shard": "25",
          "value": 0.026324959999979303
        }
      },
      {
        "reactor_utilization": {
          "shard": "26",
          "value": 0.03059569999998013
        }
      },
      {
        "reactor_utilization": {
          "shard": "27",
          "value": 0.02619814000004439
        }
      }
    ]
  },
  {
    "metrics": [
      {
        "reactor_utilization": {
          "shard": "0",
          "value": 0.10355704000002408
        }
      },
      {
        "reactor_utilization": {
          "shard": "1",
          "value": 0.04042734000003767
        }
      },
      {
        "reactor_utilization": {
          "shard": "2",
          "value": 0.032205059999967922
        }
      },
      {
        "reactor_utilization": {
          "shard": "3",
          "value": 0.044344980000010636
        }
      },
      {
        "reactor_utilization": {
          "shard": "4",
          "value": 0.033032500000018672
        }
      },
      {
        "reactor_utilization": {
          "shard": "5",
          "value": 0.033798559999986821
        }
      },
      {
        "reactor_utilization": {
          "shard": "6",
          "value": 0.03293170000002732
        }
      },
      {
        "reactor_utilization": {
          "shard": "7",
          "value": 0.029606900000000991
        }
      },
      {
        "reactor_utilization": {
          "shard": "8",
          "value": 0.029002099999964059
        }
      },
      {
        "reactor_utilization": {
          "shard": "9",
          "value": 0.029447640000057618
        }
      },
      {
        "reactor_utilization": {
          "shard": "10",
          "value": 0.03218810000003014
        }
      },
      {
        "reactor_utilization": {
          "shard": "11",
          "value": 0.031378420000005569
        }
      },
      {
        "reactor_utilization": {
          "shard": "12",
          "value": 0.027382259999975123
        }
      },
      {
        "reactor_utilization": {
          "shard": "13",
          "value": 0.026841879999972562
        }
      },
      {
        "reactor_utilization": {
          "shard": "14",
          "value": 0.024630979999973324
        }
      },
      {
        "reactor_utilization": {
          "shard": "15",
          "value": 0.02888992000001922
        }
      },
      {
        "reactor_utilization": {
          "shard": "16",
          "value": 0.027377999999989022
        }
      },
      {
        "reactor_utilization": {
          "shard": "17",
          "value": 0.029637319999986644
        }
      },
      {
        "reactor_utilization": {
          "shard": "18",
          "value": 0.027937380000009338
        }
      },
      {
        "reactor_utilization": {
          "shard": "19",
          "value": 0.028346340000018344
        }
      },
      {
        "reactor_utilization": {
          "shard": "20",
          "value": 0.040347140000029924
        }
      },
      {
        "reactor_utilization": {
          "shard": "21",
          "value": 0.031866439999972407
        }
      },
      {
        "reactor_utilization": {
          "shard": "22",
          "value": 0.031779500000006511
        }
      },
      {
        "reactor_utilization": {
          "shard": "23",
          "value": 0.027266919999979766
        }
      },
      {
        "reactor_utilization": {
          "shard": "24",
          "value": 0.025871519999998149
        }
      },
      {
        "reactor_utilization": {
          "shard": "25",
          "value": 0.026800319999986666
        }
      },
      {
        "reactor_utilization": {
          "shard": "26",
          "value": 0.026416179999977363
        }
      },
      {
        "reactor_utilization": {
          "shard": "27",
          "value": 0.024638760000028626
        }
      }
    ]
  },
  {
    "metrics": [
      {
        "reactor_utilization": {
          "shard": "0",
          "value": 0.10178476000000103
        }
      },
      {
        "reactor_utilization": {
          "shard": "1",
          "value": 0.021928260000048105
        }
      },
      {
        "reactor_utilization": {
          "shard": "2",
          "value": 0.014766859999970627
        }
      },
      {
        "reactor_utilization": {
          "shard": "3",
          "value": 0.033982580000013751
        }
      },
      {
        "reactor_utilization": {
          "shard": "4",
          "value": 0.023009780000027291
        }
      },
      {
        "reactor_utilization": {
          "shard": "5",
          "value": 0.022355319999989298
        }
      },
      {
        "reactor_utilization": {
          "shard": "6",
          "value": 0.020391700000033097
        }
      },
      {
        "reactor_utilization": {
          "shard": "7",
          "value": 0.024289460000004315
        }
      },
      {
        "reactor_utilization": {
          "shard": "8",
          "value": 0.018983499999991604
        }
      },
      {
        "reactor_utilization": {
          "shard": "9",
          "value": 0.019682740000037668
        }
      },
      {
        "reactor_utilization": {
          "shard": "10",
          "value": 0.021798240000026059
        }
      },
      {
        "reactor_utilization": {
          "shard": "11",
          "value": 0.021738280000005439
        }
      },
      {
        "reactor_utilization": {
          "shard": "12",
          "value": 0.020707079999948697
        }
      },
      {
        "reactor_utilization": {
          "shard": "13",
          "value": 0.018785999999981762
        }
      },
      {
        "reactor_utilization": {
          "shard": "14",
          "value": 0.021347679999972335
        }
      },
      {
        "reactor_utilization": {
          "shard": "15",
          "value": 0.021931540000041938
        }
      },
      {
        "reactor_utilization": {
          "shard": "16",
          "value": 0.021003339999980941
        }
      },
      {
        "reactor_utilization": {
          "shard": "17",
          "value": 0.023286159999980072
        }
      },
      {
        "reactor_utilization": {
          "shard": "18",
          "value": 0.020852400000004323
        }
      },
      {
        "reactor_utilization": {
          "shard": "19",
          "value": 0.021906960000017683
        }
      },
      {
        "reactor_utilization": {
          "shard": "20",
          "value": 0.020727780000029394
        }
      },
      {
        "reactor_utilization": {
          "shard": "21",
          "value": 0.020956179999964686
        }
      },
      {
        "reactor_utilization": {
          "shard": "22",
          "value": 0.023281980000011693
        }
      },
      {
        "reactor_utilization": {
          "shard": "23",
          "value": 0.020937659999975544
        }
      },
      {
        "reactor_utilization": {
          "shard": "24",
          "value": 0.022482239999976894
        }
      },
      {
        "reactor_utilization": {
          "shard": "25",
          "value": 0.021908699999984016
        }
      },
      {
        "reactor_utilization": {
          "shard": "26",
          "value": 0.022817779999984023
        }
      },
      {
        "reactor_utilization": {
          "shard": "27",
          "value": 0.02276054000001082
        }
      }
    ]
  },
  {
    "metrics": [
      {
        "reactor_utilization": {
          "shard": "0",
          "value": 0.093169580000007635
        }
      },
      {
        "reactor_utilization": {
          "shard": "1",
          "value": 0.025173560000024686
        }
      },
      {
        "reactor_utilization": {
          "shard": "2",
          "value": 0.017372919999947278
        }
      },
      {
        "reactor_utilization": {
          "shard": "3",
          "value": 0.03344684000001763
        }
      },
      {
        "reactor_utilization": {
          "shard": "4",
          "value": 0.025896800000024811
        }
      },
      {
        "reactor_utilization": {
          "shard": "5",
          "value": 0.028542519999974481
        }
      },
      {
        "reactor_utilization": {
          "shard": "6",
          "value": 0.024977900000033859
        }
      },
      {
        "reactor_utilization": {
          "shard": "7",
          "value": 0.028131280000009973
        }
      },
      {
        "reactor_utilization": {
          "shard": "8",
          "value": 0.024410140000008518
        }
      },
      {
        "reactor_utilization": {
          "shard": "9",
          "value": 0.02642296000002764
        }
      },
      {
        "reactor_utilization": {
          "shard": "10",
          "value": 0.024309040000014548
        }
      },
      {
        "reactor_utilization": {
          "shard": "11",
          "value": 0.025492280000005696
        }
      },
      {
        "reactor_utilization": {
          "shard": "12",
          "value": 0.025810759999955746
        }
      },
      {
        "reactor_utilization": {
          "shard": "13",
          "value": 0.0261611399999917
        }
      },
      {
        "reactor_utilization": {
          "shard": "14",
          "value": 0.025186059999970922
        }
      },
      {
        "reactor_utilization": {
          "shard": "15",
          "value": 0.025895620000027098
        }
      },
      {
        "reactor_utilization": {
          "shard": "16",
          "value": 0.025843319999996339
        }
      },
      {
        "reactor_utilization": {
          "shard": "17",
          "value": 0.027932719999990141
        }
      },
      {
        "reactor_utilization": {
          "shard": "18",
          "value": 0.024973679999984455
        }
      },
      {
        "reactor_utilization": {
          "shard": "19",
          "value": 0.028008600000006822
        }
      },
      {
        "reactor_utilization": {
          "shard": "20",
          "value": 0.024608880000043243
        }
      },
      {
        "reactor_utilization": {
          "shard": "21",
          "value": 0.02444815999993466
        }
      },
      {
        "reactor_utilization": {
          "shard": "22",
          "value": 0.024847179999998303
        }
      },
      {
        "reactor_utilization": {
          "shard": "23",
          "value": 0.027646859999985729
        }
      },
      {
        "reactor_utilization": {
          "shard": "24",
          "value": 0.022981519999976108
        }
      },
      {
        "reactor_utilization": {
          "shard": "25",
          "value": 0.026657359999981978
        }
      },
      {
        "reactor_utilization": {
          "shard": "26",
          "value": 0.022416640000000321
        }
      },
      {
        "reactor_utilization": {
          "shard": "27",
          "value": 0.02266842000001601
        }
      }
    ]
  },
  {
    "metrics": [
      {
        "reactor_utilization": {
          "shard": "0",
          "value": 0.092443620000004501
        }
      },
      {
        "reactor_utilization": {
          "shard": "1",
          "value": 0.023996900000011756
        }
      },
      {
        "reactor_utilization": {
          "shard": "2",
          "value": 0.020442559999944709
        }
      },
      {
        "reactor_utilization": {
          "shard": "3",
          "value": 0.046061719999990203
        }
      },
      {
        "reactor_utilization": {
          "shard": "4",
          "value": 0.023479060000031193
        }
      },
      {
        "reactor_utilization": {
          "shard": "5",
          "value": 0.03054451999998653
        }
      },
      {
        "reactor_utilization": {
          "shard": "6",
          "value": 0.025235620000030323
        }
      },
      {
        "reactor_utilization": {
          "shard": "7",
          "value": 0.025519140000007656
        }
      },
      {
        "reactor_utilization": {
          "shard": "8",
          "value": 0.023091560000021438
        }
      },
      {
        "reactor_utilization": {
          "shard": "9",
          "value": 0.025045300000026138
        }
      },
      {
        "reactor_utilization": {
          "shard": "10",
          "value": 0.025668180000026908
        }
      },
      {
        "reactor_utilization": {
          "shard": "11",
          "value": 0.023997420000010372
        }
      },
      {
        "reactor_utilization": {
          "shard": "12",
          "value": 0.022133499999954509
        }
      },
      {
        "reactor_utilization": {
          "shard": "13",
          "value": 0.026176660000010177
        }
      },
      {
        "reactor_utilization": {
          "shard": "14",
          "value": 0.022587499999970895
        }
      },
      {
        "reactor_utilization": {
          "shard": "15",
          "value": 0.023000600000011584
        }
      },
      {
        "reactor_utilization": {
          "shard": "16",
          "value": 0.02382048000000303
        }
      },
      {
        "reactor_utilization": {
          "shard": "17",
          "value": 0.029544319999996738
        }
      },
      {
        "reactor_utilization": {
          "shard": "18",
          "value": 0.027742099999983338
        }
      },
      {
        "reactor_utilization": {
          "shard": "19",
          "value": 0.028743380000029184
        }
      },
      {
        "reactor_utilization": {
          "shard": "20",
          "value": 0.025520460000039158
        }
      },
      {
        "reactor_utilization": {
          "shard": "21",
          "value": 0.023236559999939566
        }
      },
      {
        "reactor_utilization": {
          "shard": "22",
          "value": 0.026057699999992856
        }
      },
      {
        "reactor_utilization": {
          "shard": "23",
          "value": 0.026909719999990145
        }
      },
      {
        "reactor_utilization": {
          "shard": "24",
          "value": 0.026417339999995626
        }
      },
      {
        "reactor_utilization": {
          "shard": "25",
          "value": 0.027271719999988342
        }
      },
      {
        "reactor_utilization": {
          "shard": "26",
          "value": 0.028214439999996177
        }
      },
      {
        "reactor_utilization": {
          "shard": "27",
          "value": 0.025960360000021332
        }
      }
    ]
  },
  {
    "metrics": [
      {
        "reactor_utilization": {
          "shard": "0",
          "value": 0.091460300000023587
        }
      },
      {
        "reactor_utilization": {
          "shard": "1",
          "value": 0.015857539999997172
        }
      },
      {
        "reactor_utilization": {
          "shard": "2",
          "value": 0.013702579999919084
        }
      },
      {
        "reactor_utilization": {
          "shard": "3",
          "value": 0.012658079999972038
        }
      },
      {
        "reactor_utilization": {
          "shard": "4",
          "value": 0.017399160000020064
        }
      },
      {
        "reactor_utilization": {
          "shard": "5",
          "value": 0.018470439999973554
        }
      },
      {
        "reactor_utilization": {
          "shard": "6",
          "value": 0.015982480000031885
        }
      },
      {
        "reactor_utilization": {
          "shard": "7",
          "value": 0.016320539999992167
        }
      },
      {
        "reactor_utilization": {
          "shard": "8",
          "value": 0.01307574000002365
        }
      },
      {
        "reactor_utilization": {
          "shard": "9",
          "value": 0.014023660000028748
        }
      },
      {
        "reactor_utilization": {
          "shard": "10",
          "value": 0.014984820000019106
        }
      },
      {
        "reactor_utilization": {
          "shard": "11",
          "value": 0.015795300000032153
        }
      },
      {
        "reactor_utilization": {
          "shard": "12",
          "value": 0.013928179999944668
        }
      },
      {
        "reactor_utilization": {
          "shard": "13",
          "value": 0.015826699999998972
        }
      },
      {
        "reactor_utilization": {
          "shard": "14",
          "value": 0.014086139999969216
        }
      },
      {
        "reactor_utilization": {
          "shard": "15",
          "value": 0.014509399999995676
        }
      },
      {
        "reactor_utilization": {
          "shard": "16",
          "value": 0.015129420000004057
        }
      },
      {
        "reactor_utilization": {
          "shard": "17",
          "value": 0.016292540000006905
        }
      },
      {
        "reactor_utilization": {
          "shard": "18",
          "value": 0.014550359999998541
        }
      },
      {
        "reactor_utilization": {
          "shard": "19",
          "value": 0.015259320000038379
        }
      },
      {
        "reactor_utilization": {
          "shard": "20",
          "value": 0.014474860000024403
        }
      },
      {
        "reactor_utilization": {
          "shard": "21",
          "value": 0.014457919999943947
        }
      },
      {
        "reactor_utilization": {
          "shard": "22",
          "value": 0.015304140000005351
        }
      },
      {
        "reactor_utilization": {
          "shard": "23",
          "value": 0.013107079999985505
        }
      },
      {
        "reactor_utilization": {
          "shard": "24",
          "value": 0.014847500000003677
        }
      },
      {
        "reactor_utilization": {
          "shard": "25",
          "value": 0.015087499999999476
        }
      },
      {
        "reactor_utilization": {
          "shard": "26",
          "value": 0.017444659999976686
        }
      },
      {
        "reactor_utilization": {
          "shard": "27",
          "value": 0.014778860000030924
        }
      }
    ]
  },
  {
    "metrics": [
      {
        "reactor_utilization": {
          "shard": "0",
          "value": 0.10862094000001488
        }
      },
      {
        "reactor_utilization": {
          "shard": "1",
          "value": 0.02899268000000621
        }
      },
      {
        "reactor_utilization": {
          "shard": "2",
          "value": 0.029765639999923543
        }
      },
      {
        "reactor_utilization": {
          "shard": "3",
          "value": 0.026869059999978795
        }
      },
      {
        "reactor_utilization": {
          "shard": "4",
          "value": 0.042635040000038593
        }
      },
      {
        "reactor_utilization": {
          "shard": "5",
          "value": 0.031381839999966576
        }
      },
      {
        "reactor_utilization": {
          "shard": "6",
          "value": 0.029320340000016376
        }
      },
      {
        "reactor_utilization": {
          "shard": "7",
          "value": 0.026823819999977072
        }
      },
      {
        "reactor_utilization": {
          "shard": "8",
          "value": 0.026139480000031412
        }
      },
      {
        "reactor_utilization": {
          "shard": "9",
          "value": 0.023766540000014214
        }
      },
      {
        "reactor_utilization": {
          "shard": "10",
          "value": 0.028900580000046361
        }
      },
      {
        "reactor_utilization": {
          "shard": "11",
          "value": 0.025366980000041117
        }
      },
      {
        "reactor_utilization": {
          "shard": "12",
          "value": 0.025295919999934746
        }
      },
      {
        "reactor_utilization": {
          "shard": "13",
          "value": 0.027456240000001131
        }
      },
      {
        "reactor_utilization": {
          "shard": "14",
          "value": 0.024584299999974579
        }
      },
      {
        "reactor_utilization": {
          "shard": "15",
          "value": 0.023798119999984824
        }
      },
      {
        "reactor_utilization": {
          "shard": "16",
          "value": 0.029266720000009627
        }
      },
      {
        "reactor_utilization": {
          "shard": "17",
          "value": 0.029926580000017022
        }
      },
      {
        "reactor_utilization": {
          "shard": "18",
          "value": 0.028902839999989105
        }
      },
      {
        "reactor_utilization": {
          "shard": "19",
          "value": 0.030553600000038372
        }
      },
      {
        "reactor_utilization": {
          "shard": "20",
          "value": 0.029053440000026409
        }
      },
      {
        "reactor_utilization": {
          "shard": "21",
          "value": 0.027501679999963891
        }
      },
      {
        "reactor_utilization": {
          "shard": "22",
          "value": 0.030167780000001088
        }
      },
      {
        "reactor_utilization": {
          "shard": "23",
          "value": 0.028633559999979852
        }
      },
      {
        "reactor_utilization": {
          "shard": "24",
          "value": 0.028241600000000755
        }
      },
      {
        "reactor_utilization": {
          "shard": "25",
          "value": 0.02705731999999017
        }
      },
      {
        "reactor_utilization": {
          "shard": "26",
          "value": 0.031101239999975494
        }
      },
      {
        "reactor_utilization": {
          "shard": "27",
          "value": 0.027829260000034051
        }
      }
    ]
  },
  {
    "metrics": [
      {
        "reactor_utilization": {
          "shard": "0",
          "value": 0.094362100000000559
        }
      },
      {
        "reactor_utilization": {
          "shard": "1",
          "value": 0.027551340000009361
        }
      },
      {
        "reactor_utilization": {
          "shard": "2",
          "value": 0.036540099999926579
        }
      },
      {
        "reactor_utilization": {
          "shard": "3",
          "value": 0.027725239999976115
        }
      },
      {
        "reactor_utilization": {
          "shard": "4",
          "value": 0.047123560000028597
        }
      },
      {
        "reactor_utilization": {
          "shard": "5",
          "value": 0.029043739999967677
        }
      },
      {
        "reactor_utilization": {
          "shard": "6",
          "value": 0.034946499999999325
        }
      },
      {
        "reactor_utilization": {
          "shard": "7",
          "value": 0.036355399999954408
        }
      },
      {
        "reactor_utilization": {
          "shard": "8",
          "value": 0.034386360000038252
        }
      },
      {
        "reactor_utilization": {
          "shard": "9",
          "value": 0.037541539999996765
        }
      },
      {
        "reactor_utilization": {
          "shard": "10",
          "value": 0.037247840000032006
        }
      },
      {
        "reactor_utilization": {
          "shard": "11",
          "value": 0.038965580000049904
        }
      },
      {
        "reactor_utilization": {
          "shard": "12",
          "value": 0.033478739999937002
        }
      },
      {
        "reactor_utilization": {
          "shard": "13",
          "value": 0.032029119999976707
        }
      },
      {
        "reactor_utilization": {
          "shard": "14",
          "value": 0.032553759999964793
        }
      },
      {
        "reactor_utilization": {
          "shard": "15",
          "value": 0.037593339999986153
        }
      },
      {
        "reactor_utilization": {
          "shard": "16",
          "value": 0.034701000000003646
        }
      },
      {
        "reactor_utilization": {
          "shard": "17",
          "value": 0.026848420000002982
        }
      },
      {
        "reactor_utilization": {
          "shard": "18",
          "value": 0.026738779999990747
        }
      },
      {
        "reactor_utilization": {
          "shard": "19",
          "value": 0.030415780000048187
        }
      },
      {
        "reactor_utilization": {
          "shard": "20",
          "value": 0.026375920000032416
        }
      },
      {
        "reactor_utilization": {
          "shard": "21",
          "value": 0.034291959999954713
        }
      },
      {
        "reactor_utilization": {
          "shard": "22",
          "value": 0.031720080000008366
        }
      },
      {
        "reactor_utilization": {
          "shard": "23",
          "value": 0.022478179999974035
        }
      },
      {
        "reactor_utilization": {
          "shard": "24",
          "value": 0.027581320000003018
        }
      },
      {
        "reactor_utilization": {
          "shard": "25",
          "value": 0.026725259999993423
        }
      },
      {
        "reactor_utilization": {
          "shard": "26",
          "value": 0.026847739999968923
        }
      },
      {
        "reactor_utilization": {
          "shard": "27",
          "value": 0.027772920000057599
        }
      }
    ]
  },
  {
    "metrics": [
      {
        "reactor_utilization": {
          "shard": "0",
          "value": 0.094242459999993589
        }
      },
      {
        "reactor_utilization": {
          "shard": "1",
          "value": 0.021868460000007417
        }
      },
      {
        "reactor_utilization": {
          "shard": "2",
          "value": 0.021499059999907644
        }
      },
      {
        "reactor_utilization": {
          "shard": "3",
          "value": 0.02326139999997423
        }
      },
      {
        "reactor_utilization": {
          "shard": "4",
          "value": 0.042175100000019228
        }
      },
      {
        "reactor_utilization": {
          "shard": "5",
          "value": 0.02822173999994515
        }
      },
      {
        "reactor_utilization": {
          "shard": "6",
          "value": 0.018616399999993316
        }
      },
      {
        "reactor_utilization": {
          "shard": "7",
          "value": 0.018713039999973535
        }
      },
      {
        "reactor_utilization": {
          "shard": "8",
          "value": 0.02074302000005801
        }
      },
      {
        "reactor_utilization": {
          "shard": "9",
          "value": 0.023008840000016129
        }
      },
      {
        "reactor_utilization": {
          "shard": "10",
          "value": 0.022791060000038055
        }
      },
      {
        "reactor_utilization": {
          "shard": "11",
          "value": 0.023606840000045537
        }
      },
      {
        "reactor_utilization": {
          "shard": "12",
          "value": 0.020595019999947173
        }
      },
      {
        "reactor_utilization": {
          "shard": "13",
          "value": 0.021139359999988727
        }
      },
      {
        "reactor_utilization": {
          "shard": "14",
          "value": 0.021401399999954052
        }
      },
      {
        "reactor_utilization": {
          "shard": "15",
          "value": 0.020672459999993009
        }
      },
      {
        "reactor_utilization": {
          "shard": "16",
          "value": 0.022449160000004298
        }
      },
      {
        "reactor_utilization": {
          "shard": "17",
          "value": 0.022851979999982674
        }
      },
      {
        "reactor_utilization": {
          "shard": "18",
          "value": 0.023218000000002625
        }
      },
      {
        "reactor_utilization": {
          "shard": "19",
          "value": 0.023415240000046467
        }
      },
      {
        "reactor_utilization": {
          "shard": "20",
          "value": 0.023839840000039469
        }
      },
      {
        "reactor_utilization": {
          "shard": "21",
          "value": 0.021500919999939416
        }
      },
      {
        "reactor_utilization": {
          "shard": "22",
          "value": 0.019414080000035305
        }
      },
      {
        "reactor_utilization": {
          "shard": "23",
          "value": 0.018962719999970901
        }
      },
      {
        "reactor_utilization": {
          "shard": "24",
          "value": 0.020789479999994143
        }
      },
      {
        "reactor_utilization": {
          "shard": "25",
          "value": 0.017955519999968139
        }
      },
      {
        "reactor_utilization": {
          "shard": "26",
          "value": 0.020784679999974465
        }
      },
      {
        "reactor_utilization": {
          "shard": "27",
          "value": 0.019318960000047625
        }
      }
    ]
  },
  {
    "metrics": [
      {
        "reactor_utilization": {
          "shard": "0",
          "value": 0.091520459999983039
        }
      },
      {
        "reactor_utilization": {
          "shard": "1",
          "value": 0.022938080000001193
        }
      },
      {
        "reactor_utilization": {
          "shard": "2",
          "value": 0.026832739999904653
        }
      },
      {
        "reactor_utilization": {
          "shard": "3",
          "value": 0.023957119999962195
        }
      },
      {
        "reactor_utilization": {
          "shard": "4",
          "value": 0.036457760000041528
        }
      },
      {
        "reactor_utilization": {
          "shard": "5",
          "value": 0.025210159999944359
        }
      },
      {
        "reactor_utilization": {
          "shard": "6",
          "value": 0.022117219999984172
        }
      },
      {
        "reactor_utilization": {
          "shard": "7",
          "value": 0.024090939999965588
        }
      },
      {
        "reactor_utilization": {
          "shard": "8",
          "value": 0.024482240000078814
        }
      },
      {
        "reactor_utilization": {
          "shard": "9",
          "value": 0.024447320000042794
        }
      },
      {
        "reactor_utilization": {
          "shard": "10",
          "value": 0.025304120000035901
        }
      },
      {
        "reactor_utilization": {
          "shard": "11",
          "value": 0.025879240000059589
        }
      },
      {
        "reactor_utilization": {
          "shard": "12",
          "value": 0.024854239999938521
        }
      },
      {
        "reactor_utilization": {
          "shard": "13",
          "value": 0.023230659999984304
        }
      },
      {
        "reactor_utilization": {
          "shard": "14",
          "value": 0.026155359999946448
        }
      },
      {
        "reactor_utilization": {
          "shard": "15",
          "value": 0.025911379999987716
        }
      },
      {
        "reactor_utilization": {
          "shard": "16",
          "value": 0.02415594000000354
        }
      },
      {
        "reactor_utilization": {
          "shard": "17",
          "value": 0.021294279999972687
        }
      },
      {
        "reactor_utilization": {
          "shard": "18",
          "value": 0.026009099999990681
        }
      },
      {
        "reactor_utilization": {
          "shard": "19",
          "value": 0.023389440000043393
        }
      },
      {
        "reactor_utilization": {
          "shard": "20",
          "value": 0.022916280000040423
        }
      },
      {
        "reactor_utilization": {
          "shard": "21",
          "value": 0.022322919999928637
        }
      },
      {
        "reactor_utilization": {
          "shard": "22",
          "value": 0.02379542000003898
        }
      },
      {
        "reactor_utilization": {
          "shard": "23",
          "value": 0.024864359999965391
        }
      },
      {
        "reactor_utilization": {
          "shard": "24",
          "value": 0.021921020000004177
        }
      },
      {
        "reactor_utilization": {
          "shard": "25",
          "value": 0.026023079999970555
        }
      },
      {
        "reactor_utilization": {
          "shard": "26",
          "value": 0.025531179999971343
        }
      },
      {
        "reactor_utilization": {
          "shard": "27",
          "value": 0.025632060000035928
        }
      }
    ]
  },
  {
    "metrics": [
      {
        "reactor_utilization": {
          "shard": "0",
          "value": 0.089373319999985767
        }
      },
      {
        "reactor_utilization": {
          "shard": "1",
          "value": 0.021448800000001267
        }
      },
      {
        "reactor_utilization": {
          "shard": "2",
          "value": 0.022240119999894503
        }
      },
      {
        "reactor_utilization": {
          "shard": "3",
          "value": 0.02219167999997218
        }
      },
      {
        "reactor_utilization": {
          "shard": "4",
          "value": 0.034528740000028257
        }
      },
      {
        "reactor_utilization": {
          "shard": "5",
          "value": 0.0234757999999613
        }
      },
      {
        "reactor_utilization": {
          "shard": "6",
          "value": 0.020888880000002885
        }
      },
      {
        "reactor_utilization": {
          "shard": "7",
          "value": 0.021020719999953474
        }
      },
      {
        "reactor_utilization": {
          "shard": "8",
          "value": 0.019645020000091939
        }
      },
      {
        "reactor_utilization": {
          "shard": "9",
          "value": 0.021223600000042087
        }
      },
      {
        "reactor_utilization": {
          "shard": "10",
          "value": 0.023310040000046328
        }
      },
      {
        "reactor_utilization": {
          "shard": "11",
          "value": 0.020222680000048232
        }
      },
      {
        "reactor_utilization": {
          "shard": "12",
          "value": 0.020571739999897254
        }
      },
      {
        "reactor_utilization": {
          "shard": "13",
          "value": 0.020144139999966892
        }
      },
      {
        "reactor_utilization": {
          "shard": "14",
          "value": 0.021637479999969678
        }
      },
      {
        "reactor_utilization": {
          "shard": "15",
          "value": 0.019835879999985373
        }
      },
      {
        "reactor_utilization": {
          "shard": "16",
          "value": 0.02317351999998607
        }
      },
      {
        "reactor_utilization": {
          "shard": "17",
          "value": 0.020941399999974131
        }
      },
      {
        "reactor_utilization": {
          "shard": "18",
          "value": 0.022796859999996144
        }
      },
      {
        "reactor_utilization": {
          "shard": "19",
          "value": 0.020892320000054365
        }
      },
      {
        "reactor_utilization": {
          "shard": "20",
          "value": 0.023635580000025413
        }
      },
      {
        "reactor_utilization": {
          "shard": "21",
          "value": 0.020135299999912704
        }
      },
      {
        "reactor_utilization": {
          "shard": "22",
          "value": 0.019724000000032049
        }
      },
      {
        "reactor_utilization": {
          "shard": "23",
          "value": 0.019007379999969043
        }
      },
      {
        "reactor_utilization": {
          "shard": "24",
          "value": 0.020719380000000509
        }
      },
      {
        "reactor_utilization": {
          "shard": "25",
          "value": 0.020463979999973958
        }
      },
      {
        "reactor_utilization": {
          "shard": "26",
          "value": 0.022536079999979641
        }
      },
      {
        "reactor_utilization": {
          "shard": "27",
          "value": 0.019735600000048148
        }
      }
    ]
  },
  {
    "metrics": [
      {
        "reactor_utilization": {
          "shard": "0",
          "value": 0.11608199999998403
        }
      },
      {
        "reactor_utilization": {
          "shard": "1",
          "value": 0.028753339999987304
        }
      },
      {
        "reactor_utilization": {
          "shard": "2",
          "value": 0.027527099999913318
        }
      },
      {
        "reactor_utilization": {
          "shard": "3",
          "value": 0.026991419999977673
        }
      },
      {
        "reactor_utilization": {
          "shard": "4",
          "value": 0.044922260000024306
        }
      },
      {
        "reactor_utilization": {
          "shard": "5",
          "value": 0.030608479999982841
        }
      },
      {
        "reactor_utilization": {
          "shard": "6",
          "value": 0.025976659999993323
        }
      },
      {
        "reactor_utilization": {
          "shard": "7",
          "value": 0.025899819999963825
        }
      },
      {
        "reactor_utilization": {
          "shard": "8",
          "value": 0.025522120000087689
        }
      },
      {
        "reactor_utilization": {
          "shard": "9",
          "value": 0.025368080000043314
        }
      },
      {
        "reactor_utilization": {
          "shard": "10",
          "value": 0.025222960000048644
        }
      },
      {
        "reactor_utilization": {
          "shard": "11",
          "value": 0.029938720000044494
        }
      },
      {
        "reactor_utilization": {
          "shard": "12",
          "value": 0.028557959999919724
        }
      },
      {
        "reactor_utilization": {
          "shard": "13",
          "value": 0.026617359999980827
        }
      },
      {
        "reactor_utilization": {
          "shard": "14",
          "value": 0.025187119999980911
        }
      },
      {
        "reactor_utilization": {
          "shard": "15",
          "value": 0.028276299999985266
        }
      },
      {
        "reactor_utilization": {
          "shard": "16",
          "value": 0.023532499999956435
        }
      },
      {
        "reactor_utilization": {
          "shard": "17",
          "value": 0.026803959999965876
        }
      },
      {
        "reactor_utilization": {
          "shard": "18",
          "value": 0.025596840000008392
        }
      },
      {
        "reactor_utilization": {
          "shard": "19",
          "value": 0.025412360000065526
        }
      },
      {
        "reactor_utilization": {
          "shard": "20",
          "value": 0.025062040000034536
        }
      },
      {
        "reactor_utilization": {
          "shard": "21",
          "value": 0.022134639999915606
        }
      },
      {
        "reactor_utilization": {
          "shard": "22",
          "value": 0.02359824000003341
        }
      },
      {
        "reactor_utilization": {
          "shard": "23",
          "value": 0.026341919999961494
        }
      },
      {
        "reactor_utilization": {
          "shard": "24",
          "value": 0.024353280000000144
        }
      },
      {
        "reactor_utilization": {
          "shard": "25",
          "value": 0.026895739999976964
        }
      },
      {
        "reactor_utilization": {
          "shard": "26",
          "value": 0.028140719999980579
        }
      },
      {
        "reactor_utilization": {
          "shard": "27",
          "value": 0.02441752000006403
        }
      }
    ]
  },
  {
    "metrics": [
      {
        "reactor_utilization": {
          "shard": "0",
          "value": 0.10410993999997453
        }
      },
      {
        "reactor_utilization": {
          "shard": "1",
          "value": 0.027643060000004382
        }
      },
      {
        "reactor_utilization": {
          "shard": "2",
          "value": 0.025450359999945604
        }
      },
      {
        "reactor_utilization": {
          "shard": "3",
          "value": 0.031045599999979245
        }
      },
      {
        "reactor_utilization": {
          "shard": "4",
          "value": 0.038457220000032155
        }
      },
      {
        "reactor_utilization": {
          "shard": "5",
          "value": 0.030229599999997969
        }
      },
      {
        "reactor_utilization": {
          "shard": "6",
          "value": 0.024112699999989662
        }
      },
      {
        "reactor_utilization": {
          "shard": "7",
          "value": 0.025205219999979711
        }
      },
      {
        "reactor_utilization": {
          "shard": "8",
          "value": 0.027022500000073446
        }
      },
      {
        "reactor_utilization": {
          "shard": "9",
          "value": 0.024749860000028434
        }
      },
      {
        "reactor_utilization": {
          "shard": "10",
          "value": 0.024163400000054569
        }
      },
      {
        "reactor_utilization": {
          "shard": "11",
          "value": 0.023866440000042122
        }
      },
      {
        "reactor_utilization": {
          "shard": "12",
          "value": 0.028626919999896749
        }
      },
      {
        "reactor_utilization": {
          "shard": "13",
          "value": 0.024539120000000025
        }
      },
      {
        "reactor_utilization": {
          "shard": "14",
          "value": 0.025502619999973053
        }
      },
      {
        "reactor_utilization": {
          "shard": "15",
          "value": 0.023633040000003991
        }
      },
      {
        "reactor_utilization": {
          "shard": "16",
          "value": 0.024848359999984915
        }
      },
      {
        "reactor_utilization": {
          "shard": "17",
          "value": 0.026653159999967535
        }
      },
      {
        "reactor_utilization": {
          "shard": "18",
          "value": 0.030644780000010918
        }
      },
      {
        "reactor_utilization": {
          "shard": "19",
          "value": 0.029977440000061861
        }
      },
      {
        "reactor_utilization": {
          "shard": "20",
          "value": 0.029859360000028534
        }
      },
      {
        "reactor_utilization": {
          "shard": "21",
          "value": 0.022778319999905428
        }
      },
      {
        "reactor_utilization": {
          "shard": "22",
          "value": 0.024212760000041911
        }
      },
      {
        "reactor_utilization": {
          "shard": "23",
          "value": 0.02277223999996858
        }
      },
      {
        "reactor_utilization": {
          "shard": "24",
          "value": 0.027432420000006452
        }
      },
      {
        "reactor_utilization": {
          "shard": "25",
          "value": 0.027771199999970797
        }
      },
      {
        "reactor_utilization": {
          "shard": "26",
          "value": 0.028415019999983304
        }
      },
      {
        "reactor_utilization": {
          "shard": "27",
          "value": 0.02779674000006338
        }
      }
    ]
  },
  {
    "metrics": [
      {
        "reactor_utilization": {
          "shard": "0",
          "value": 0.083187939999984639
        }
      },
      {
        "reactor_utilization": {
          "shard": "1",
          "value": 0.026738540000015298
        }
      },
      {
        "reactor_utilization": {
          "shard": "2",
          "value": 0.022806599999913857
        }
      },
      {
        "reactor_utilization": {
          "shard": "3",
          "value": 0.023953539999987949
        }
      },
      {
        "reactor_utilization": {
          "shard": "4",
          "value": 0.033300320000018147
        }
      },
      {
        "reactor_utilization": {
          "shard": "5",
          "value": 0.024784859999993358
        }
      },
      {
        "reactor_utilization": {
          "shard": "6",
          "value": 0.02132014000000293
        }
      },
      {
        "reactor_utilization": {
          "shard": "7",
          "value": 0.021315159999990563
        }
      },
      {
        "reactor_utilization": {
          "shard": "8",
          "value": 0.022283020000068987
        }
      },
      {
        "reactor_utilization": {
          "shard": "9",
          "value": 0.019642380000051141
        }
      },
      {
        "reactor_utilization": {
          "shard": "10",
          "value": 0.023337640000054005
        }
      },
      {
        "reactor_utilization": {
          "shard": "11",
          "value": 0.022650080000041761
        }
      },
      {
        "reactor_utilization": {
          "shard": "12",
          "value": 0.02152381999989128
        }
      },
      {
        "reactor_utilization": {
          "shard": "13",
          "value": 0.021499020000004254
        }
      },
      {
        "reactor_utilization": {
          "shard": "14",
          "value": 0.02299067999999016
        }
      },
      {
        "reactor_utilization": {
          "shard": "15",
          "value": 0.021235520000006947
        }
      },
      {
        "reactor_utilization": {
          "shard": "16",
          "value": 0.022866939999999225
        }
      },
      {
        "reactor_utilization": {
          "shard": "17",
          "value": 0.022621879999962236
        }
      },
      {
        "reactor_utilization": {
          "shard": "18",
          "value": 0.022382620000027664
        }
      },
      {
        "reactor_utilization": {
          "shard": "19",
          "value": 0.022665980000069474
        }
      },
      {
        "reactor_utilization": {
          "shard": "20",
          "value": 0.022328120000036922
        }
      },
      {
        "reactor_utilization": {
          "shard": "21",
          "value": 0.018486299999920242
        }
      },
      {
        "reactor_utilization": {
          "shard": "22",
          "value": 0.021898600000036517
        }
      },
      {
        "reactor_utilization": {
          "shard": "23",
          "value": 0.020148439999967405
        }
      },
      {
        "reactor_utilization": {
          "shard": "24",
          "value": 0.021749020000028096
        }
      },
      {
        "reactor_utilization": {
          "shard": "25",
          "value": 0.019537839999972384
        }
      },
      {
        "reactor_utilization": {
          "shard": "26",
          "value": 0.019804619999985729
        }
      },
      {
        "reactor_utilization": {
          "shard": "27",
          "value": 0.019021000000052357
        }
      }
    ]
  },
  {
    "metrics": [
      {
        "reactor_utilization": {
          "shard": "0",
          "value": 0.10274949999998784
        }
      },
      {
        "reactor_utilization": {
          "shard": "1",
          "value": 0.021646839999989176
        }
      },
      {
        "reactor_utilization": {
          "shard": "2",
          "value": 0.02209283999989875
        }
      },
      {
        "reactor_utilization": {
          "shard": "3",
          "value": 0.022655500000001716
        }
      },
      {
        "reactor_utilization": {
          "shard": "4",
          "value": 0.021142699999998626
        }
      },
      {
        "reactor_utilization": {
          "shard": "5",
          "value": 0.021684419999989935
        }
      },
      {
        "reactor_utilization": {
          "shard": "6",
          "value": 0.017958980000032376
        }
      },
      {
        "reactor_utilization": {
          "shard": "7",
          "value": 0.017591319999976651
        }
      },
      {
        "reactor_utilization": {
          "shard": "8",
          "value": 0.018180500000064548
        }
      },
      {
        "reactor_utilization": {
          "shard": "9",
          "value": 0.021462960000029341
        }
      },
      {
        "reactor_utilization": {
          "shard": "10",
          "value": 0.018839980000051604
        }
      },
      {
        "reactor_utilization": {
          "shard": "11",
          "value": 0.017780640000042425
        }
      },
      {
        "reactor_utilization": {
          "shard": "12",
          "value": 0.021666919999885348
        }
      },
      {
        "reactor_utilization": {
          "shard": "13",
          "value": 0.019948060000007928
        }
      },
      {
        "reactor_utilization": {
          "shard": "14",
          "value": 0.018675359999997809
        }
      },
      {
        "reactor_utilization": {
          "shard": "15",
          "value": 0.018769479999991567
        }
      },
      {
        "reactor_utilization": {
          "shard": "16",
          "value": 0.01885775999999062
        }
      },
      {
        "reactor_utilization": {
          "shard": "17",
          "value": 0.02355549999994988
        }
      },
      {
        "reactor_utilization": {
          "shard": "18",
          "value": 0.021091480000001717
        }
      },
      {
        "reactor_utilization": {
          "shard": "19",
          "value": 0.022872800000062199
        }
      },
      {
        "reactor_utilization": {
          "shard": "20",
          "value": 0.025424360000037005
        }
      },
      {
        "reactor_utilization": {
          "shard": "21",
          "value": 0.015561739999891966
        }
      },
      {
        "reactor_utilization": {
          "shard": "22",
          "value": 0.018626420000045218
        }
      },
      {
        "reactor_utilization": {
          "shard": "23",
          "value": 0.019800779999967766
        }
      },
      {
        "reactor_utilization": {
          "shard": "24",
          "value": 0.022396500000021469
        }
      },
      {
        "reactor_utilization": {
          "shard": "25",
          "value": 0.019263399999958075
        }
      },
      {
        "reactor_utilization": {
          "shard": "26",
          "value": 0.022275260000004238
        }
      },
      {
        "reactor_utilization": {
          "shard": "27",
          "value": 0.020849820000057306
        }
      }
    ]
  },
  {
    "metrics": [
      {
        "reactor_utilization": {
          "shard": "0",
          "value": 0.088446359999994062
        }
      },
      {
        "reactor_utilization": {
          "shard": "1",
          "value": 0.023728179999982224
        }
      },
      {
        "reactor_utilization": {
          "shard": "2",
          "value": 0.022379999999877498
        }
      },
      {
        "reactor_utilization": {
          "shard": "3",
          "value": 0.031001420000009716
        }
      },
      {
        "reactor_utilization": {
          "shard": "4",
          "value": 0.037757619999978509
        }
      },
      {
        "reactor_utilization": {
          "shard": "5",
          "value": 0.029575579999974178
        }
      },
      {
        "reactor_utilization": {
          "shard": "6",
          "value": 0.024063540000041073
        }
      },
      {
        "reactor_utilization": {
          "shard": "7",
          "value": 0.022956279999952756
        }
      },
      {
        "reactor_utilization": {
          "shard": "8",
          "value": 0.02239480000008065
        }
      },
      {
        "reactor_utilization": {
          "shard": "9",
          "value": 0.022582880000032723
        }
      },
      {
        "reactor_utilization": {
          "shard": "10",
          "value": 0.024886600000040282
        }
      },
      {
        "reactor_utilization": {
          "shard": "11",
          "value": 0.023640780000078188
        }
      },
      {
        "reactor_utilization": {
          "shard": "12",
          "value": 0.02491367999988281
        }
      },
      {
        "reactor_utilization": {
          "shard": "13",
          "value": 0.025301320000004068
        }
      },
      {
        "reactor_utilization": {
          "shard": "14",
          "value": 0.02583594000000744
        }
      },
      {
        "reactor_utilization": {
          "shard": "15",
          "value": 0.022546039999993273
        }
      },
      {
        "reactor_utilization": {
          "shard": "16",
          "value": 0.024800919999989901
        }
      },
      {
        "reactor_utilization": {
          "shard": "17",
          "value": 0.028393959999939433
        }
      },
      {
        "reactor_utilization": {
          "shard": "18",
          "value": 0.027483959999996532
        }
      },
      {
        "reactor_utilization": {
          "shard": "19",
          "value": 0.026594240000066272
        }
      },
      {
        "reactor_utilization": {
          "shard": "20",
          "value": 0.033439300000059902
        }
      },
      {
        "reactor_utilization": {
          "shard": "21",
          "value": 0.022530119999886189
        }
      },
      {
        "reactor_utilization": {
          "shard": "22",
          "value": 0.027305400000043889
        }
      },
      {
        "reactor_utilization": {
          "shard": "23",
          "value": 0.027418739999962582
        }
      },
      {
        "reactor_utilization": {
          "shard": "24",
          "value": 0.028134000000035186
        }
      },
      {
        "reactor_utilization": {
          "shard": "25",
          "value": 0.029267379999975418
        }
      },
      {
        "reactor_utilization": {
          "shard": "26",
          "value": 0.02951702000000278
        }
      },
      {
        "reactor_utilization": {
          "shard": "27",
          "value": 0.025133660000042912
        }
      }
    ]
  },
  {
    "metrics": [
      {
        "reactor_utilization": {
          "shard": "0",
          "value": 0.088302379999993796
        }
      },
      {
        "reactor_utilization": {
          "shard": "1",
          "value": 0.020344199999977608
        }
      },
      {
        "reactor_utilization": {
          "shard": "2",
          "value": 0.020663619999872207
        }
      },
      {
        "reactor_utilization": {
          "shard": "3",
          "value": 0.027012060000008997
        }
      },
      {
        "reactor_utilization": {
          "shard": "4",
          "value": 0.035668959999979322
        }
      },
      {
        "reactor_utilization": {
          "shard": "5",
          "value": 0.028824499999979825
        }
      },
      {
        "reactor_utilization": {
          "shard": "6",
          "value": 0.024548620000064414
        }
      },
      {
        "reactor_utilization": {
          "shard": "7",
          "value": 0.023305959999952996
        }
      },
      {
        "reactor_utilization": {
          "shard": "8",
          "value": 0.019481480000083096
        }
      },
      {
        "reactor_utilization": {
          "shard": "9",
          "value": 0.021274840000029549
        }
      },
      {
        "reactor_utilization": {
          "shard": "10",
          "value": 0.022794240000023613
        }
      },
      {
        "reactor_utilization": {
          "shard": "11",
          "value": 0.021029100000080625
        }
      },
      {
        "reactor_utilization": {
          "shard": "12",
          "value": 0.022500939999892111
        }
      },
      {
        "reactor_utilization": {
          "shard": "13",
          "value": 0.023219180000011441
        }
      },
      {
        "reactor_utilization": {
          "shard": "14",
          "value": 0.022224539999982085
        }
      },
      {
        "reactor_utilization": {
          "shard": "15",
          "value": 0.021392859999991298
        }
      },
      {
        "reactor_utilization": {
          "shard": "16",
          "value": 0.023919579999986951
        }
      },
      {
        "reactor_utilization": {
          "shard": "17",
          "value": 0.02380165999995576
        }
      },
      {
        "reactor_utilization": {
          "shard": "18",
          "value": 0.025820679999988272
        }
      },
      {
        "reactor_utilization": {
          "shard": "19",
          "value": 0.02293922000006221
        }
      },
      {
        "reactor_utilization": {
          "shard": "20",
          "value": 0.024037700000067996
        }
      },
      {
        "reactor_utilization": {
          "shard": "21",
          "value": 0.021456279999876315
        }
      },
      {
        "reactor_utilization": {
          "shard": "22",
          "value": 0.022769720000026528
        }
      },
      {
        "reactor_utilization": {
          "shard": "23",
          "value": 0.021448999999940099
        }
      },
      {
        "reactor_utilization": {
          "shard": "24",
          "value": 0.023024500000023984
        }
      },
      {
        "reactor_utilization": {
          "shard": "25",
          "value": 0.023171639999985949
        }
      },
      {
        "reactor_utilization": {
          "shard": "26",
          "value": 0.022416840000016869
        }
      },
      {
        "reactor_utilization": {
          "shard": "27",
          "value": 0.021807000000051424
        }
      }
    ]
  }
]
