{
    "0": {
        "reactor_utilization": 8.416772155385035
    },
    "1": {
        "reactor_utilization": 7.002882434006242
    },
    "2": {
        "reactor_utilization": 10.390733484034971
    },
    "3": {
        "reactor_utilization": 9.405078844453111
    },
    "4": {
        "reactor_utilization": 8.731557931016619
    },
    "5": {
        "reactor_utilization": 11.28150813473755
    },
    "6": {
        "reactor_utilization": 10.905721448797143
    },
    "7": {
        "reactor_utilization": 9.803178564625298
    },
    "8": {
        "reactor_utilization": 10.890293467176114
    },
    "9": {
        "reactor_utilization": 10.683348901226504
    },
    "10": {
        "reactor_utilization": 9.44437816044198
    },
    "11": {
        "reactor_utilization": 9.295415389929202
    },
    "12": {
        "reactor_utilization": 9.438276856337962
    },
    "13": {
        "reactor_utilization": 10.304488152837681
    },
    "14": {
        "reactor_utilization": 9.859981410706034
    },
    "15": {
        "reactor_utilization": 10.14129790425419
    },
    "16": {
        "reactor_utilization": 9.789815699522961
    },
    "17": {
        "reactor_utilization": 8.755116696512168
    },
    "18": {
        "reactor_utilization": 8.747711568516133
    },
    "19": {
        "reactor_utilization": 8.946279677431786
    },
    "20": {
        "reactor_utilization": 8.076602429372588
    },
    "21": {
        "reactor_utilization": 8.235584807305376
    },
    "22": {
        "reactor_utilization": 7.833800320159784
    },
    "23": {
        "reactor_utilization": 7.810469804853017
    },
    "24": {
        "reactor_utilization": 8.628209784521193
    },
    "25": {
        "reactor_utilization": 8.503400011740197
    },
    "26": {
        "reactor_utilization": 8.004907723584209
    },
    "27": {
        "reactor_utilization": 8.556111252866497
    }
}