[
  {
    "metrics": [
      {
        "reactor_utilization": {
          "shard": "0",
          "value": 53.980635520000007
        }
      },
      {
        "reactor_utilization": {
          "shard": "2",
          "value": 64.843321120000013
        }
      },
      {
        "reactor_utilization": {
          "shard": "3",
          "value": 59.013061320000006
        }
      },
      {
        "reactor_utilization": {
          "shard": "4",
          "value": 58.142367779999994
        }
      },
      {
        "reactor_utilization": {
          "shard": "5",
          "value": 72.678710240000015
        }
      },
      {
        "reactor_utilization": {
          "shard": "6",
          "value": 70.376445920000037
        }
      },
      {
        "reactor_utilization": {
          "shard": "7",
          "value": 59.77667752
        }
      },
      {
        "reactor_utilization": {
          "shard": "8",
          "value": 72.248308140000049
        }
      },
      {
        "reactor_utilization": {
          "shard": "9",
          "value": 70.952222680000006
        }
      },
      {
        "reactor_utilization": {
          "shard": "10",
          "value": 55.92861520000001
        }
      },
      {
        "reactor_utilization": {
          "shard": "11",
          "value": 54.824015939999995
        }
      },
      {
        "reactor_utilization": {
          "shard": "12",
          "value": 58.412970080000079
        }
      },
      {
        "reactor_utilization": {
          "shard": "13",
          "value": 63.175206839999973
        }
      },
      {
        "reactor_utilization": {
          "shard": "14",
          "value": 60.05260307999999
        }
      },
      {
        "reactor_utilization": {
          "shard": "15",
          "value": 65.07153533999994
        }
      },
      {
        "reactor_utilization": {
          "shard": "16",
          "value": 61.924487259999928
        }
      },
      {
        "reactor_utilization": {
          "shard": "17",
          "value": 54.819692720000035
        }
      },
      {
        "reactor_utilization": {
          "shard": "18",
          "value": 54.072453999999993
        }
      },
      {
        "reactor_utilization": {
          "shard": "19",
          "value": 54.098372139999995
        }
      },
      {
        "reactor_utilization": {
          "shard": "20",
          "value": 53.247247739999978
        }
      },
      {
        "reactor_utilization": {
          "shard": "21",
          "value": 53.780421360000098
        }
      },
      {
        "reactor_utilization": {
          "shard": "22",
          "value": 53.748474299999941
        }
      },
      {
        "reactor_utilization": {
          "shard": "23",
          "value": 53.019426500000044
        }
      },
      {
        "reactor_utilization": {
          "shard": "24",
          "value": 53.420282019999945
        }
      },
      {
        "reactor_utilization": {
          "shard": "25",
          "value": 55.568477399999971
        }
      },
      {
        "reactor_utilization": {
          "shard": "26",
          "value": 52.844975320000067
        }
      },
      {
        "reactor_utilization": {
          "shard": "27",
          "value": 55.979571700000008
        }
      }
    ]
  },
  {
    "metrics": [
      {
        "reactor_utilization": {
          "shard": "0",
          "value": 53.950707380000004
        }
      },
      {
        "reactor_utilization": {
          "shard": "2",
          "value": 64.854419000000021
        }
      },
      {
        "reactor_utilization": {
          "shard": "3",
          "value": 58.676452339999997
        }
      },
      {
        "reactor_utilization": {
          "shard": "4",
          "value": 57.664961240000004
        }
      },
      {
        "reactor_utilization": {
          "shard": "5",
          "value": 72.725358200000016
        }
      },
      {
        "reactor_utilization": {
          "shard": "6",
          "value": 69.695593200000033
        }
      },
      {
        "reactor_utilization": {
          "shard": "7",
          "value": 59.086230200000003
        }
      },
      {
        "reactor_utilization": {
          "shard": "8",
          "value": 72.49682748000005
        }
      },
      {
        "reactor_utilization": {
          "shard": "9",
          "value": 70.389306039999994
        }
      },
      {
        "reactor_utilization": {
          "shard": "10",
          "value": 55.611117139999998
        }
      },
      {
        "reactor_utilization": {
          "shard": "11",
          "value": 54.284244559999998
        }
      },
      {
        "reactor_utilization": {
          "shard": "12",
          "value": 58.598184680000074
        }
      },
      {
        "reactor_utilization": {
          "shard": "13",
          "value": 63.182225019999962
        }
      },
      {
        "reactor_utilization": {
          "shard": "14",
          "value": 59.796145279999976
        }
      },
      {
        "reactor_utilization": {
          "shard": "15",
          "value": 64.990213139999952
        }
      },
      {
        "reactor_utilization": {
          "shard": "16",
          "value": 62.029303799999923
        }
      },
      {
        "reactor_utilization": {
          "shard": "17",
          "value": 54.57187318000004
        }
      },
      {
        "reactor_utilization": {
          "shard": "18",
          "value": 53.882082999999994
        }
      },
      {
        "reactor_utilization": {
          "shard": "19",
          "value": 54.306305259999988
        }
      },
      {
        "reactor_utilization": {
          "shard": "20",
          "value": 52.999048899999977
        }
      },
      {
        "reactor_utilization": {
          "shard": "21",
          "value": 53.290376020000096
        }
      },
      {
        "reactor_utilization": {
          "shard": "22",
          "value": 53.042425779999945
        }
      },
      {
        "reactor_utilization": {
          "shard": "23",
          "value": 53.00088856000005
        }
      },
      {
        "reactor_utilization": {
          "shard": "24",
          "value": 53.356279199999932
        }
      },
      {
        "reactor_utilization": {
          "shard": "25",
          "value": 55.261483979999973
        }
      },
      {
        "reactor_utilization": {
          "shard": "26",
          "value": 52.322681160000059
        }
      },
      {
        "reactor_utilization": {
          "shard": "27",
          "value": 55.832340339999995
        }
      }
    ]
  },
  {
    "metrics": [
      {
        "reactor_utilization": {
          "shard": "0",
          "value": 54.295567459999994
        }
      },
      {
        "reactor_utilization": {
          "shard": "1",
          "value": 63.646676060000004
        }
      },
      {
        "reactor_utilization": {
          "shard": "2",
          "value": 64.890897060000015
        }
      },
      {
        "reactor_utilization": {
          "shard": "3",
          "value": 58.518778239999989
        }
      },
      {
        "reactor_utilization": {
          "shard": "4",
          "value": 58.058199860000002
        }
      },
      {
        "reactor_utilization": {
          "shard": "5",
          "value": 72.743163280000005
        }
      },
      {
        "reactor_utilization": {
          "shard": "6",
          "value": 70.048102180000043
        }
      },
      {
        "reactor_utilization": {
          "shard": "7",
          "value": 59.434706779999999
        }
      },
      {
        "reactor_utilization": {
          "shard": "8",
          "value": 72.470637580000059
        }
      },
      {
        "reactor_utilization": {
          "shard": "9",
          "value": 70.526977399999993
        }
      },
      {
        "reactor_utilization": {
          "shard": "10",
          "value": 55.636727199999989
        }
      },
      {
        "reactor_utilization": {
          "shard": "11",
          "value": 54.503933159999995
        }
      },
      {
        "reactor_utilization": {
          "shard": "12",
          "value": 58.708214800000071
        }
      },
      {
        "reactor_utilization": {
          "shard": "13",
          "value": 63.249517519999962
        }
      },
      {
        "reactor_utilization": {
          "shard": "14",
          "value": 59.608858899999987
        }
      },
      {
        "reactor_utilization": {
          "shard": "15",
          "value": 64.877939399999946
        }
      },
      {
        "reactor_utilization": {
          "shard": "16",
          "value": 61.549405499999921
        }
      },
      {
        "reactor_utilization": {
          "shard": "17",
          "value": 54.317166680000042
        }
      },
      {
        "reactor_utilization": {
          "shard": "18",
          "value": 53.751404580000006
        }
      },
      {
        "reactor_utilization": {
          "shard": "19",
          "value": 53.889142199999981
        }
      },
      {
        "reactor_utilization": {
          "shard": "20",
          "value": 52.845955079999982
        }
      },
      {
        "reactor_utilization": {
          "shard": "21",
          "value": 53.321368700000093
        }
      },
      {
        "reactor_utilization": {
          "shard": "22",
          "value": 53.117658659999947
        }
      },
      {
        "reactor_utilization": {
          "shard": "23",
          "value": 52.940781380000047
        }
      },
      {
        "reactor_utilization": {
          "shard": "24",
          "value": 53.209505419999928
        }
      },
      {
        "reactor_utilization": {
          "shard": "25",
          "value": 55.037326679999964
        }
      },
      {
        "reactor_utilization": {
          "shard": "26",
          "value": 52.41351558000008
        }
      },
      {
        "reactor_utilization": {
          "shard": "27",
          "value": 55.934610259999992
        }
      }
    ]
  },
  {
    "metrics": [
      {
        "reactor_utilization": {
          "shard": "0",
          "value": 53.622893559999994
        }
      },
      {
        "reactor_utilization": {
          "shard": "1",
          "value": 63.957466620000005
        }
      },
      {
        "reactor_utilization": {
          "shard": "2",
          "value": 64.776891700000007
        }
      },
      {
        "reactor_utilization": {
          "shard": "3",
          "value": 58.660652179999985
        }
      },
      {
        "reactor_utilization": {
          "shard": "4",
          "value": 57.763913559999992
        }
      },
      {
        "reactor_utilization": {
          "shard": "5",
          "value": 72.685873980000011
        }
      },
      {
        "reactor_utilization": {
          "shard": "6",
          "value": 69.695104260000036
        }
      },
      {
        "reactor_utilization": {
          "shard": "7",
          "value": 59.138008020000001
        }
      },
      {
        "reactor_utilization": {
          "shard": "8",
          "value": 72.495619580000053
        }
      },
      {
        "reactor_utilization": {
          "shard": "9",
          "value": 70.837753679999977
        }
      },
      {
        "reactor_utilization": {
          "shard": "10",
          "value": 55.950032579999998
        }
      },
      {
        "reactor_utilization": {
          "shard": "11",
          "value": 54.520478999999987
        }
      },
      {
        "reactor_utilization": {
          "shard": "12",
          "value": 58.294404040000082
        }
      },
      {
        "reactor_utilization": {
          "shard": "13",
          "value": 63.370161779999954
        }
      },
      {
        "reactor_utilization": {
          "shard": "14",
          "value": 59.747178899999987
        }
      },
      {
        "reactor_utilization": {
          "shard": "15",
          "value": 64.631989779999955
        }
      },
      {
        "reactor_utilization": {
          "shard": "16",
          "value": 62.114295239999919
        }
      },
      {
        "reactor_utilization": {
          "shard": "17",
          "value": 54.10317002000005
        }
      },
      {
        "reactor_utilization": {
          "shard": "18",
          "value": 53.690922780000008
        }
      },
      {
        "reactor_utilization": {
          "shard": "19",
          "value": 53.795008119999977
        }
      },
      {
        "reactor_utilization": {
          "shard": "20",
          "value": 53.179713379999981
        }
      },
      {
        "reactor_utilization": {
          "shard": "21",
          "value": 53.344397860000093
        }
      },
      {
        "reactor_utilization": {
          "shard": "22",
          "value": 53.01682799999994
        }
      },
      {
        "reactor_utilization": {
          "shard": "23",
          "value": 52.360644620000038
        }
      },
      {
        "reactor_utilization": {
          "shard": "24",
          "value": 52.996860779999913
        }
      },
      {
        "reactor_utilization": {
          "shard": "25",
          "value": 54.85407607999997
        }
      },
      {
        "reactor_utilization": {
          "shard": "26",
          "value": 52.130805360000096
        }
      },
      {
        "reactor_utilization": {
          "shard": "27",
          "value": 55.962277639999989
        }
      }
    ]
  },
  {
    "metrics": [
      {
        "reactor_utilization": {
          "shard": "0",
          "value": 53.591495999999992
        }
      },
      {
        "reactor_utilization": {
          "shard": "1",
          "value": 63.565774400000009
        }
      },
      {
        "reactor_utilization": {
          "shard": "2",
          "value": 64.759933200000006
        }
      },
      {
        "reactor_utilization": {
          "shard": "3",
          "value": 58.781831019999984
        }
      },
      {
        "reactor_utilization": {
          "shard": "4",
          "value": 57.882861259999999
        }
      },
      {
        "reactor_utilization": {
          "shard": "5",
          "value": 72.597991320000006
        }
      },
      {
        "reactor_utilization": {
          "shard": "6",
          "value": 70.143618800000041
        }
      },
      {
        "reactor_utilization": {
          "shard": "7",
          "value": 59.094090280000003
        }
      },
      {
        "reactor_utilization": {
          "shard": "8",
          "value": 72.24841968000004
        }
      },
      {
        "reactor_utilization": {
          "shard": "9",
          "value": 70.653611259999977
        }
      },
      {
        "reactor_utilization": {
          "shard": "10",
          "value": 55.57314576000001
        }
      },
      {
        "reactor_utilization": {
          "shard": "11",
          "value": 54.515843139999987
        }
      },
      {
        "reactor_utilization": {
          "shard": "12",
          "value": 58.427072320000072
        }
      },
      {
        "reactor_utilization": {
          "shard": "13",
          "value": 63.609573899999972
        }
      },
      {
        "reactor_utilization": {
          "shard": "14",
          "value": 59.678133619999997
        }
      },
      {
        "reactor_utilization": {
          "shard": "15",
          "value": 64.975313279999966
        }
      },
      {
        "reactor_utilization": {
          "shard": "16",
          "value": 62.138059379999923
        }
      },
      {
        "reactor_utilization": {
          "shard": "17",
          "value": 54.32248320000005
        }
      },
      {
        "reactor_utilization": {
          "shard": "18",
          "value": 53.473228520000013
        }
      },
      {
        "reactor_utilization": {
          "shard": "19",
          "value": 53.889714619999985
        }
      },
      {
        "reactor_utilization": {
          "shard": "20",
          "value": 52.611890139999986
        }
      },
      {
        "reactor_utilization": {
          "shard": "21",
          "value": 53.020738320000092
        }
      },
      {
        "reactor_utilization": {
          "shard": "22",
          "value": 53.114572519999939
        }
      },
      {
        "reactor_utilization": {
          "shard": "23",
          "value": 52.312038940000036
        }
      },
      {
        "reactor_utilization": {
          "shard": "24",
          "value": 52.992045559999909
        }
      },
      {
        "reactor_utilization": {
          "shard": "25",
          "value": 54.992861059999974
        }
      },
      {
        "reactor_utilization": {
          "shard": "26",
          "value": 52.378050900000098
        }
      },
      {
        "reactor_utilization": {
          "shard": "27",
          "value": 55.385079220000001
        }
      }
    ]
  },
  {
    "metrics": [
      {
        "reactor_utilization": {
          "shard": "0",
          "value": 2.1593519799999905
        }
      },
      {
        "reactor_utilization": {
          "shard": "1",
          "value": 1.9797558200000065
        }
      },
      {
        "reactor_utilization": {
          "shard": "2",
          "value": 2.5915019400000072
        }
      },
      {
        "reactor_utilization": {
          "shard": "3",
          "value": 2.3004396799999882
        }
      },
      {
        "reactor_utilization": {
          "shard": "4",
          "value": 2.1633008599999948
        }
      },
      {
        "reactor_utilization": {
          "shard": "5",
          "value": 1.735340520000006
        }
      },
      {
        "reactor_utilization": {
          "shard": "6",
          "value": 3.6193454199999975
        }
      },
      {
        "reactor_utilization": {
          "shard": "7",
          "value": 3.0999483399999916
        }
      },
      {
        "reactor_utilization": {
          "shard": "8",
          "value": 1.8040635600000021
        }
      },
      {
        "reactor_utilization": {
          "shard": "9",
          "value": 1.9626726600000088
        }
      },
      {
        "reactor_utilization": {
          "shard": "10",
          "value": 2.2543947399999986
        }
      },
      {
        "reactor_utilization": {
          "shard": "11",
          "value": 1.3878153399999871
        }
      },
      {
        "reactor_utilization": {
          "shard": "12",
          "value": 2.9709656999999945
        }
      },
      {
        "reactor_utilization": {
          "shard": "13",
          "value": 2.8442803000000016
        }
      },
      {
        "reactor_utilization": {
          "shard": "14",
          "value": 1.6134271200000105
        }
      },
      {
        "reactor_utilization": {
          "shard": "15",
          "value": 1.2017112800000063
        }
      },
      {
        "reactor_utilization": {
          "shard": "16",
          "value": 2.1866899999999911
        }
      },
      {
        "reactor_utilization": {
          "shard": "17",
          "value": 2.2733618800000022
        }
      },
      {
        "reactor_utilization": {
          "shard": "18",
          "value": 2.7637893599999908
        }
      },
      {
        "reactor_utilization": {
          "shard": "19",
          "value": 1.0983098400000113
        }
      },
      {
        "reactor_utilization": {
          "shard": "20",
          "value": 1.1129567399999929
        }
      },
      {
        "reactor_utilization": {
          "shard": "21",
          "value": 1.9082771000000109
        }
      },
      {
        "reactor_utilization": {
          "shard": "22",
          "value": 1.277546460000023
        }
      },
      {
        "reactor_utilization": {
          "shard": "23",
          "value": 1.8679965200000037
        }
      },
      {
        "reactor_utilization": {
          "shard": "24",
          "value": 2.4549692199999917
        }
      },
      {
        "reactor_utilization": {
          "shard": "25",
          "value": 1.2054447199999929
        }
      },
      {
        "reactor_utilization": {
          "shard": "26",
          "value": 0.67619521999999765
        }
      },
      {
        "reactor_utilization": {
          "shard": "27",
          "value": 2.4956223599999827
        }
      }
    ]
  },
  {
    "metrics": [
      {
        "reactor_utilization": {
          "shard": "0",
          "value": 0.49660509999999158
        }
      },
      {
        "reactor_utilization": {
          "shard": "1",
          "value": 0.092697920000017753
        }
      },
      {
        "reactor_utilization": {
          "shard": "2",
          "value": 0.060132220000008729
        }
      },
      {
        "reactor_utilization": {
          "shard": "3",
          "value": 0.04690603999999432
        }
      },
      {
        "reactor_utilization": {
          "shard": "4",
          "value": 0.066912339999991577
        }
      },
      {
        "reactor_utilization": {
          "shard": "5",
          "value": 0.033334680000030037
        }
      },
      {
        "reactor_utilization": {
          "shard": "6",
          "value": 0.036575959999973762
        }
      },
      {
        "reactor_utilization": {
          "shard": "7",
          "value": 0.062205079999988477
        }
      },
      {
        "reactor_utilization": {
          "shard": "8",
          "value": 0.042180060000007735
        }
      },
      {
        "reactor_utilization": {
          "shard": "9",
          "value": 0.024268279999994924
        }
      },
      {
        "reactor_utilization": {
          "shard": "10",
          "value": 0.035686459999983988
        }
      },
      {
        "reactor_utilization": {
          "shard": "11",
          "value": 0.053562339999979613
        }
      },
      {
        "reactor_utilization": {
          "shard": "12",
          "value": 0.056258019999999576
        }
      },
      {
        "reactor_utilization": {
          "shard": "13",
          "value": 0.02324207999998551
        }
      },
      {
        "reactor_utilization": {
          "shard": "14",
          "value": 0.024755940000020793
        }
      },
      {
        "reactor_utilization": {
          "shard": "15",
          "value": 0.034648019999994339
        }
      },
      {
        "reactor_utilization": {
          "shard": "16",
          "value": 0.048721819999986149
        }
      },
      {
        "reactor_utilization": {
          "shard": "17",
          "value": 0.043296640000001219
        }
      },
      {
        "reactor_utilization": {
          "shard": "18",
          "value": 0.036744079999995183
        }
      },
      {
        "reactor_utilization": {
          "shard": "19",
          "value": 0.039150380000019247
        }
      },
      {
        "reactor_utilization": {
          "shard": "20",
          "value": 0.048507199999980877
        }
      },
      {
        "reactor_utilization": {
          "shard": "21",
          "value": 0.034654940000000689
        }
      },
      {
        "reactor_utilization": {
          "shard": "22",
          "value": 0.047907900000021542
        }
      },
      {
        "reactor_utilization": {
          "shard": "23",
          "value": 0.042991420000015879
        }
      },
      {
        "reactor_utilization": {
          "shard": "24",
          "value": 0.046758119999990022
        }
      },
      {
        "reactor_utilization": {
          "shard": "25",
          "value": 0.033173880000014755
        }
      },
      {
        "reactor_utilization": {
          "shard": "26",
          "value": 0.033245900000011819
        }
      },
      {
        "reactor_utilization": {
          "shard": "27",
          "value": 0.033294800000005509
        }
      }
    ]
  },
  {
    "metrics": [
      {
        "reactor_utilization": {
          "shard": "0",
          "value": 0.097763039999998469
        }
      },
      {
        "reactor_utilization": {
          "shard": "1",
          "value": 0.035165540000026141
        }
      },
      {
        "reactor_utilization": {
          "shard": "2",
          "value": 0.033121000000002621
        }
      },
      {
        "reactor_utilization": {
          "shard": "3",
          "value": 0.036346779999996137
        }
      },
      {
        "reactor_utilization": {
          "shard": "4",
          "value": 0.039451319999983525
        }
      },
      {
        "reactor_utilization": {
          "shard": "5",
          "value": 0.032407440000037369
        }
      },
      {
        "reactor_utilization": {
          "shard": "6",
          "value": 0.034081479999970021
        }
      },
      {
        "reactor_utilization": {
          "shard": "7",
          "value": 0.036305079999998657
        }
      },
      {
        "reactor_utilization": {
          "shard": "8",
          "value": 0.039799299999998539
        }
      },
      {
        "reactor_utilization": {
          "shard": "9",
          "value": 0.035269160000017674
        }
      },
      {
        "reactor_utilization": {
          "shard": "10",
          "value": 0.036186380000002849
        }
      },
      {
        "reactor_utilization": {
          "shard": "11",
          "value": 0.031481599999960697
        }
      },
      {
        "reactor_utilization": {
          "shard": "12",
          "value": 0.031315060000003392
        }
      },
      {
        "reactor_utilization": {
          "shard": "13",
          "value": 0.033710679999998661
        }
      },
      {
        "reactor_utilization": {
          "shard": "14",
          "value": 0.027727520000020434
        }
      },
      {
        "reactor_utilization": {
          "shard": "15",
          "value": 0.036525680000010219
        }
      },
      {
        "reactor_utilization": {
          "shard": "16",
          "value": 0.025118519999978162
        }
      },
      {
        "reactor_utilization": {
          "shard": "17",
          "value": 0.029609060000002074
        }
      },
      {
        "reactor_utilization": {
          "shard": "18",
          "value": 0.035186059999992025
        }
      },
      {
        "reactor_utilization": {
          "shard": "19",
          "value": 0.034133460000040916
        }
      },
      {
        "reactor_utilization": {
          "shard": "20",
          "value": 0.036629859999992576
        }
      },
      {
        "reactor_utilization": {
          "shard": "21",
          "value": 0.032681739999995685
        }
      },
      {
        "reactor_utilization": {
          "shard": "22",
          "value": 0.038148880000044016
        }
      },
      {
        "reactor_utilization": {
          "shard": "23",
          "value": 0.031062900000011773
        }
      },
      {
        "reactor_utilization": {
          "shard": "24",
          "value": 0.030957080000004744
        }
      },
      {
        "reactor_utilization": {
          "shard": "25",
          "value": 0.035303400000008534
        }
      },
      {
        "reactor_utilization": {
          "shard": "26",
          "value": 0.031965760000018939
        }
      },
      {
        "reactor_utilization": {
          "shard": "27",
          "value": 0.034861679999997897
        }
      }
    ]
  },
  {
    "metrics": [
      {
        "reactor_utilization": {
          "shard": "0",
          "value": 0.090087719999987215
        }
      },
      {
        "reactor_utilization": {
          "shard": "1",
          "value": 0.019747440000017491
        }
      },
      {
        "reactor_utilization": {
          "shard": "2",
          "value": 0.025749080000014857
        }
      },
      {
        "reactor_utilization": {
          "shard": "3",
          "value": 0.020430699999995916
        }
      },
      {
        "reactor_utilization": {
          "shard": "4",
          "value": 0.034723159999971998
        }
      },
      {
        "reactor_utilization": {
          "shard": "5",
          "value": 0.023933460000047369
        }
      },
      {
        "reactor_utilization": {
          "shard": "6",
          "value": 0.023269319999974503
        }
      },
      {
        "reactor_utilization": {
          "shard": "7",
          "value": 0.020026279999985075
        }
      },
      {
        "reactor_utilization": {
          "shard": "8",
          "value": 0.021828720000005575
        }
      },
      {
        "reactor_utilization": {
          "shard": "9",
          "value": 0.021532420000014429
        }
      },
      {
        "reactor_utilization": {
          "shard": "10",
          "value": 0.022866720000003227
        }
      },
      {
        "reactor_utilization": {
          "shard": "11",
          "value": 0.021342419999959006
        }
      },
      {
        "reactor_utilization": {
          "shard": "12",
          "value": 0.021482259999994202
        }
      },
      {
        "reactor_utilization": {
          "shard": "13",
          "value": 0.022710599999986592
        }
      },
      {
        "reactor_utilization": {
          "shard": "14",
          "value": 0.023824740000011335
        }
      },
      {
        "reactor_utilization": {
          "shard": "15",
          "value": 0.023356099999993774
        }
      },
      {
        "reactor_utilization": {
          "shard": "16",
          "value": 0.023330700000001592
        }
      },
      {
        "reactor_utilization": {
          "shard": "17",
          "value": 0.019689379999976442
        }
      },
      {
        "reactor_utilization": {
          "shard": "18",
          "value": 0.019896860000023775
        }
      },
      {
        "reactor_utilization": {
          "shard": "19",
          "value": 0.021677360000049717
        }
      },
      {
        "reactor_utilization": {
          "shard": "20",
          "value": 0.019701379999959023
        }
      },
      {
        "reactor_utilization": {
          "shard": "21",
          "value": 0.023610339999979857
        }
      },
      {
        "reactor_utilization": {
          "shard": "22",
          "value": 0.022276740000015671
        }
      },
      {
        "reactor_utilization": {
          "shard": "23",
          "value": 0.022327960000012581
        }
      },
      {
        "reactor_utilization": {
          "shard": "24",
          "value": 0.021475780000002054
        }
      },
      {
        "reactor_utilization": {
          "shard": "25",
          "value": 0.021357940000021891
        }
      },
      {
        "reactor_utilization": {
          "shard": "26",
          "value": 0.0220623400000175
        }
      },
      {
        "reactor_utilization": {
          "shard": "27",
          "value": 0.022168159999991222
        }
      }
    ]
  },
  {
    "metrics": [
      {
        "reactor_utilization": {
          "shard": "0",
          "value": 0.094599379999982247
        }
      },
      {
        "reactor_utilization": {
          "shard": "1",
          "value": 0.0298891600000184
        }
      },
      {
        "reactor_utilization": {
          "shard": "2",
          "value": 0.030607580000019396
        }
      },
      {
        "reactor_utilization": {
          "shard": "3",
          "value": 0.030205759999990534
        }
      },
      {
        "reactor_utilization": {
          "shard": "4",
          "value": 0.039227319999979304
        }
      },
      {
        "reactor_utilization": {
          "shard": "5",
          "value": 0.029539560000069187
        }
      },
      {
        "reactor_utilization": {
          "shard": "6",
          "value": 0.032673259999971282
        }
      },
      {
        "reactor_utilization": {
          "shard": "7",
          "value": 0.029654479999996486
        }
      },
      {
        "reactor_utilization": {
          "shard": "8",
          "value": 0.031159319999995994
        }
      },
      {
        "reactor_utilization": {
          "shard": "9",
          "value": 0.031164800000005322
        }
      },
      {
        "reactor_utilization": {
          "shard": "10",
          "value": 0.029373499999985064
        }
      },
      {
        "reactor_utilization": {
          "shard": "11",
          "value": 0.030158299999938354
        }
      },
      {
        "reactor_utilization": {
          "shard": "12",
          "value": 0.034168200000006532
        }
      },
      {
        "reactor_utilization": {
          "shard": "13",
          "value": 0.032030359999979385
        }
      },
      {
        "reactor_utilization": {
          "shard": "14",
          "value": 0.028096500000018843
        }
      },
      {
        "reactor_utilization": {
          "shard": "15",
          "value": 0.028385279999998403
        }
      },
      {
        "reactor_utilization": {
          "shard": "16",
          "value": 0.028129239999996614
        }
      },
      {
        "reactor_utilization": {
          "shard": "17",
          "value": 0.02685133999997813
        }
      },
      {
        "reactor_utilization": {
          "shard": "18",
          "value": 0.02809944000001785
        }
      },
      {
        "reactor_utilization": {
          "shard": "19",
          "value": 0.028499300000028871
        }
      },
      {
        "reactor_utilization": {
          "shard": "20",
          "value": 0.030514659999969496
        }
      },
      {
        "reactor_utilization": {
          "shard": "21",
          "value": 0.030930079999980098
        }
      },
      {
        "reactor_utilization": {
          "shard": "22",
          "value": 0.030152060000032677
        }
      },
      {
        "reactor_utilization": {
          "shard": "23",
          "value": 0.028415960000005569
        }
      },
      {
        "reactor_utilization": {
          "shard": "24",
          "value": 0.02760992000001572
        }
      },
      {
        "reactor_utilization": {
          "shard": "25",
          "value": 0.029320160000023687
        }
      },
      {
        "reactor_utilization": {
          "shard": "26",
          "value": 0.029253280000030024
        }
      },
      {
        "reactor_utilization": {
          "shard": "27",
          "value": 0.030933459999971102
        }
      }
    ]
  },
  {
    "metrics": [
      {
        "reactor_utilization": {
          "shard": "0",
          "value": 0.082885899999984858
        }
      },
      {
        "reactor_utilization": {
          "shard": "1",
          "value": 0.030179660000029251
        }
      },
      {
        "reactor_utilization": {
          "shard": "2",
          "value": 0.028537220000024455
        }
      },
      {
        "reactor_utilization": {
          "shard": "3",
          "value": 0.031701419999974334
        }
      },
      {
        "reactor_utilization": {
          "shard": "4",
          "value": 0.041629759999972649
        }
      },
      {
        "reactor_utilization": {
          "shard": "5",
          "value": 0.029112220000060418
        }
      },
      {
        "reactor_utilization": {
          "shard": "6",
          "value": 0.032451119999987732
        }
      },
      {
        "reactor_utilization": {
          "shard": "7",
          "value": 0.031028199999982853
        }
      },
      {
        "reactor_utilization": {
          "shard": "8",
          "value": 0.029636099999996723
        }
      },
      {
        "reactor_utilization": {
          "shard": "9",
          "value": 0.030418020000011481
        }
      },
      {
        "reactor_utilization": {
          "shard": "10",
          "value": 0.033722919999989998
        }
      },
      {
        "reactor_utilization": {
          "shard": "11",
          "value": 0.03302053999993948
        }
      },
      {
        "reactor_utilization": {
          "shard": "12",
          "value": 0.032179060000003812
        }
      },
      {
        "reactor_utilization": {
          "shard": "13",
          "value": 0.031723839999986403
        }
      },
      {
        "reactor_utilization": {
          "shard": "14",
          "value": 0.030316600000035443
        }
      },
      {
        "reactor_utilization": {
          "shard": "15",
          "value": 0.033236540000003423
        }
      },
      {
        "reactor_utilization": {
          "shard": "16",
          "value": 0.029715340000002755
        }
      },
      {
        "reactor_utilization": {
          "shard": "17",
          "value": 0.030361959999958277
        }
      },
      {
        "reactor_utilization": {
          "shard": "18",
          "value": 0.029538859999989064
        }
      },
      {
        "reactor_utilization": {
          "shard": "19",
          "value": 0.029683100000021945
        }
      },
      {
        "reactor_utilization": {
          "shard": "20",
          "value": 0.028296259999960327
        }
      },
      {
        "reactor_utilization": {
          "shard": "21",
          "value": 0.032773059999979814
        }
      },
      {
        "reactor_utilization": {
          "shard": "22",
          "value": 0.029271380000017722
        }
      },
      {
        "reactor_utilization": {
          "shard": "23",
          "value": 0.028561819999994853
        }
      },
      {
        "reactor_utilization": {
          "shard": "24",
          "value": 0.029773360000007187
        }
      },
      {
        "reactor_utilization": {
          "shard": "25",
          "value": 0.028914580000016787
        }
      },
      {
        "reactor_utilization": {
          "shard": "26",
          "value": 0.028728800000044075
        }
      },
      {
        "reactor_utilization": {
          "shard": "27",
          "value": 0.029693019999976755
        }
      }
    ]
  },
  {
    "metrics": [
      {
        "reactor_utilization": {
          "shard": "0",
          "value": 0.095986299999972768
        }
      },
      {
        "reactor_utilization": {
          "shard": "1",
          "value": 0.015095040000057125
        }
      },
      {
        "reactor_utilization": {
          "shard": "2",
          "value": 0.019978160000033718
        }
      },
      {
        "reactor_utilization": {
          "shard": "3",
          "value": 0.016284559999968362
        }
      },
      {
        "reactor_utilization": {
          "shard": "4",
          "value": 0.020605780000004792
        }
      },
      {
        "reactor_utilization": {
          "shard": "5",
          "value": 0.021307180000063042
        }
      },
      {
        "reactor_utilization": {
          "shard": "6",
          "value": 0.020952000000007409
        }
      },
      {
        "reactor_utilization": {
          "shard": "7",
          "value": 0.014129379999983094
        }
      },
      {
        "reactor_utilization": {
          "shard": "8",
          "value": 0.013497380000004888
        }
      },
      {
        "reactor_utilization": {
          "shard": "9",
          "value": 0.016240180000004489
        }
      },
      {
        "reactor_utilization": {
          "shard": "10",
          "value": 0.01413905999998466
        }
      },
      {
        "reactor_utilization": {
          "shard": "11",
          "value": 0.019156119999941268
        }
      },
      {
        "reactor_utilization": {
          "shard": "12",
          "value": 0.018736860000001521
        }
      },
      {
        "reactor_utilization": {
          "shard": "13",
          "value": 0.016228979999999282
        }
      },
      {
        "reactor_utilization": {
          "shard": "14",
          "value": 0.014385600000033083
        }
      },
      {
        "reactor_utilization": {
          "shard": "15",
          "value": 0.012921220000006173
        }
      },
      {
        "reactor_utilization": {
          "shard": "16",
          "value": 0.01525735999998723
        }
      },
      {
        "reactor_utilization": {
          "shard": "17",
          "value": 0.016014739999958838
        }
      },
      {
        "reactor_utilization": {
          "shard": "18",
          "value": 0.016841599999994905
        }
      },
      {
        "reactor_utilization": {
          "shard": "19",
          "value": 0.016405960000009934
        }
      },
      {
        "reactor_utilization": {
          "shard": "20",
          "value": 0.014794839999965337
        }
      },
      {
        "reactor_utilization": {
          "shard": "21",
          "value": 0.014019439999990446
        }
      },
      {
        "reactor_utilization": {
          "shard": "22",
          "value": 0.016223520000013814
        }
      },
      {
        "reactor_utilization": {
          "shard": "23",
          "value": 0.015753860000011777
        }
      },
      {
        "reactor_utilization": {
          "shard": "24",
          "value": 0.014215020000007961
        }
      },
      {
        "reactor_utilization": {
          "shard": "25",
          "value": 0.014813260000012818
        }
      },
      {
        "reactor_utilization": {
          "shard": "26",
          "value": 0.015843600000042812
        }
      },
      {
        "reactor_utilization": {
          "shard": "27",
          "value": 0.01612367999999087
        }
      }
    ]
  },
  {
    "metrics": [
      {
        "reactor_utilization": {
          "shard": "0",
          "value": 0.094253259999976802
        }
      },
      {
        "reactor_utilization": {
          "shard": "1",
          "value": 0.032198240000047562
        }
      },
      {
        "reactor_utilization": {
          "shard": "2",
          "value": 0.034001380000014958
        }
      },
      {
        "reactor_utilization": {
          "shard": "3",
          "value": 0.032762459999990945
        }
      },
      {
        "reactor_utilization": {
          "shard": "4",
          "value": 0.040259840000000935
        }
      },
      {
        "reactor_utilization": {
          "shard": "5",
          "value": 0.031154320000048585
        }
      },
      {
        "reactor_utilization": {
          "shard": "6",
          "value": 0.031284540000009464
        }
      },
      {
        "reactor_utilization": {
          "shard": "7",
          "value": 0.031666299999966174
        }
      },
      {
        "reactor_utilization": {
          "shard": "8",
          "value": 0.032070840000031353
        }
      },
      {
        "reactor_utilization": {
          "shard": "9",
          "value": 0.035022500000025936
        }
      },
      {
        "reactor_utilization": {
          "shard": "10",
          "value": 0.032548939999976767
        }
      },
      {
        "reactor_utilization": {
          "shard": "11",
          "value": 0.034620939999951972
        }
      },
      {
        "reactor_utilization": {
          "shard": "12",
          "value": 0.030953960000013048
        }
      },
      {
        "reactor_utilization": {
          "shard": "13",
          "value": 0.03281789999999285
        }
      },
      {
        "reactor_utilization": {
          "shard": "14",
          "value": 0.026593060000046354
        }
      },
      {
        "reactor_utilization": {
          "shard": "15",
          "value": 0.032306780000002089
        }
      },
      {
        "reactor_utilization": {
          "shard": "16",
          "value": 0.031664399999997705
        }
      },
      {
        "reactor_utilization": {
          "shard": "17",
          "value": 0.025591539999969548
        }
      },
      {
        "reactor_utilization": {
          "shard": "18",
          "value": 0.026363879999991013
        }
      },
      {
        "reactor_utilization": {
          "shard": "19",
          "value": 0.028767139999996694
        }
      },
      {
        "reactor_utilization": {
          "shard": "20",
          "value": 0.029360379999965325
        }
      },
      {
        "reactor_utilization": {
          "shard": "21",
          "value": 0.027378239999953369
        }
      },
      {
        "reactor_utilization": {
          "shard": "22",
          "value": 0.027482460000038955
        }
      },
      {
        "reactor_utilization": {
          "shard": "23",
          "value": 0.030598540000015273
        }
      },
      {
        "reactor_utilization": {
          "shard": "24",
          "value": 0.028973440000001904
        }
      },
      {
        "reactor_utilization": {
          "shard": "25",
          "value": 0.0289946599999924
        }
      },
      {
        "reactor_utilization": {
          "shard": "26",
          "value": 0.030952780000026436
        }
      },
      {
        "reactor_utilization": {
          "shard": "27",
          "value": 0.029266039999997773
        }
      }
    ]
  },
  {
    "metrics": [
      {
        "reactor_utilization": {
          "shard": "0",
          "value": 0.10669417999996655
        }
      },
      {
        "reactor_utilization": {
          "shard": "1",
          "value": 0.023455260000027067
        }
      },
      {
        "reactor_utilization": {
          "shard": "2",
          "value": 0.022366920000016499
        }
      },
      {
        "reactor_utilization": {
          "shard": "3",
          "value": 0.026780179999974507
        }
      },
      {
        "reactor_utilization": {
          "shard": "4",
          "value": 0.038106559999984135
        }
      },
      {
        "reactor_utilization": {
          "shard": "5",
          "value": 0.024618780000074114
        }
      },
      {
        "reactor_utilization": {
          "shard": "6",
          "value": 0.028140260000020234
        }
      },
      {
        "reactor_utilization": {
          "shard": "7",
          "value": 0.023974999999976099
        }
      },
      {
        "reactor_utilization": {
          "shard": "8",
          "value": 0.028267700000006446
        }
      },
      {
        "reactor_utilization": {
          "shard": "9",
          "value": 0.023577540000030428
        }
      },
      {
        "reactor_utilization": {
          "shard": "10",
          "value": 0.026918279999965655
        }
      },
      {
        "reactor_utilization": {
          "shard": "11",
          "value": 0.023417279999937701
        }
      },
      {
        "reactor_utilization": {
          "shard": "12",
          "value": 0.025939980000022622
        }
      },
      {
        "reactor_utilization": {
          "shard": "13",
          "value": 0.029331299999979521
        }
      },
      {
        "reactor_utilization": {
          "shard": "14",
          "value": 0.024185120000053129
        }
      },
      {
        "reactor_utilization": {
          "shard": "15",
          "value": 0.025088999999989259
        }
      },
      {
        "reactor_utilization": {
          "shard": "16",
          "value": 0.025438019999990402
        }
      },
      {
        "reactor_utilization": {
          "shard": "17",
          "value": 0.019972599999973362
        }
      },
      {
        "reactor_utilization": {
          "shard": "18",
          "value": 0.024056920000004034
        }
      },
      {
        "reactor_utilization": {
          "shard": "19",
          "value": 0.023346520000000481
        }
      },
      {
        "reactor_utilization": {
          "shard": "20",
          "value": 0.024831719999940383
        }
      },
      {
        "reactor_utilization": {
          "shard": "21",
          "value": 0.028236459999930741
        }
      },
      {
        "reactor_utilization": {
          "shard": "22",
          "value": 0.024590380000033552
        }
      },
      {
        "reactor_utilization": {
          "shard": "23",
          "value": 0.022202400000004285
        }
      },
      {
        "reactor_utilization": {
          "shard": "24",
          "value": 0.02935236000001229
        }
      },
      {
        "reactor_utilization": {
          "shard": "25",
          "value": 0.027413199999970495
        }
      },
      {
        "reactor_utilization": {
          "shard": "26",
          "value": 0.028786680000014719
        }
      },
      {
        "reactor_utilization": {
          "shard": "27",
          "value": 0.027895100000008277
        }
      }
    ]
  },
  {
    "metrics": [
      {
        "reactor_utilization": {
          "shard": "0",
          "value": 0.10530809999995672
        }
      },
      {
        "reactor_utilization": {
          "shard": "1",
          "value": 0.019975420000029054
        }
      },
      {
        "reactor_utilization": {
          "shard": "2",
          "value": 0.021075860000019375
        }
      },
      {
        "reactor_utilization": {
          "shard": "3",
          "value": 0.02149369999998596
        }
      },
      {
        "reactor_utilization": {
          "shard": "4",
          "value": 0.039740799999976595
        }
      },
      {
        "reactor_utilization": {
          "shard": "5",
          "value": 0.027442780000075384
        }
      },
      {
        "reactor_utilization": {
          "shard": "6",
          "value": 0.026289520000033484
        }
      },
      {
        "reactor_utilization": {
          "shard": "7",
          "value": 0.020014939999957182
        }
      },
      {
        "reactor_utilization": {
          "shard": "8",
          "value": 0.021894980000025654
        }
      },
      {
        "reactor_utilization": {
          "shard": "9",
          "value": 0.020459460000021856
        }
      },
      {
        "reactor_utilization": {
          "shard": "10",
          "value": 0.022264379999947792
        }
      },
      {
        "reactor_utilization": {
          "shard": "11",
          "value": 0.02068757999993398
        }
      },
      {
        "reactor_utilization": {
          "shard": "12",
          "value": 0.018576740000020298
        }
      },
      {
        "reactor_utilization": {
          "shard": "13",
          "value": 0.021058819999975054
        }
      },
      {
        "reactor_utilization": {
          "shard": "14",
          "value": 0.019264180000055919
        }
      },
      {
        "reactor_utilization": {
          "shard": "15",
          "value": 0.019275159999987412
        }
      },
      {
        "reactor_utilization": {
          "shard": "16",
          "value": 0.020956879999967093
        }
      },
      {
        "reactor_utilization": {
          "shard": "17",
          "value": 0.020361519999967381
        }
      },
      {
        "reactor_utilization": {
          "shard": "18",
          "value": 0.019858179999987513
        }
      },
      {
        "reactor_utilization": {
          "shard": "19",
          "value": 0.020355440000008329
        }
      },
      {
        "reactor_utilization": {
          "shard": "20",
          "value": 0.018537499999948803
        }
      },
      {
        "reactor_utilization": {
          "shard": "21",
          "value": 0.0250020799999362
        }
      },
      {
        "reactor_utilization": {
          "shard": "22",
          "value": 0.022414900000033988
        }
      },
      {
        "reactor_utilization": {
          "shard": "23",
          "value": 0.019393159999991916
        }
      },
      {
        "reactor_utilization": {
          "shard": "24",
          "value": 0.021166920000004197
        }
      },
      {
        "reactor_utilization": {
          "shard": "25",
          "value": 0.020216060000000091
        }
      },
      {
        "reactor_utilization": {
          "shard": "26",
          "value": 0.019253260000029471
        }
      },
      {
        "reactor_utilization": {
          "shard": "27",
          "value": 0.020575540000000725
        }
      }
    ]
  },
  {
    "metrics": [
      {
        "reactor_utilization": {
          "shard": "0",
          "value": 0.10143101999997572
        }
      },
      {
        "reactor_utilization": {
          "shard": "1",
          "value": 0.026470080000051688
        }
      },
      {
        "reactor_utilization": {
          "shard": "2",
          "value": 0.028388100000020788
        }
      },
      {
        "reactor_utilization": {
          "shard": "3",
          "value": 0.029141279999977954
        }
      },
      {
        "reactor_utilization": {
          "shard": "4",
          "value": 0.038863719999993052
        }
      },
      {
        "reactor_utilization": {
          "shard": "5",
          "value": 0.025633040000072604
        }
      },
      {
        "reactor_utilization": {
          "shard": "6",
          "value": 0.032316760000017375
        }
      },
      {
        "reactor_utilization": {
          "shard": "7",
          "value": 0.028260819999958997
        }
      },
      {
        "reactor_utilization": {
          "shard": "8",
          "value": 0.027414680000004132
        }
      },
      {
        "reactor_utilization": {
          "shard": "9",
          "value": 0.029843600000023507
        }
      },
      {
        "reactor_utilization": {
          "shard": "10",
          "value": 0.031376999999954691
        }
      },
      {
        "reactor_utilization": {
          "shard": "11",
          "value": 0.024794159999919074
        }
      },
      {
        "reactor_utilization": {
          "shard": "12",
          "value": 0.029897240000031911
        }
      },
      {
        "reactor_utilization": {
          "shard": "13",
          "value": 0.028764059999963898
        }
      },
      {
        "reactor_utilization": {
          "shard": "14",
          "value": 0.023142220000060831
        }
      },
      {
        "reactor_utilization": {
          "shard": "15",
          "value": 0.026360479999998354
        }
      },
      {
        "reactor_utilization": {
          "shard": "16",
          "value": 0.029119979999980838
        }
      },
      {
        "reactor_utilization": {
          "shard": "17",
          "value": 0.025501779999970164
        }
      },
      {
        "reactor_utilization": {
          "shard": "18",
          "value": 0.025614740000001746
        }
      },
      {
        "reactor_utilization": {
          "shard": "19",
          "value": 0.028695540000023279
        }
      },
      {
        "reactor_utilization": {
          "shard": "20",
          "value": 0.029423659999949781
        }
      },
      {
        "reactor_utilization": {
          "shard": "21",
          "value": 0.029425819999950864
        }
      },
      {
        "reactor_utilization": {
          "shard": "22",
          "value": 0.028284980000048421
        }
      },
      {
        "reactor_utilization": {
          "shard": "23",
          "value": 0.027961219999994569
        }
      },
      {
        "reactor_utilization": {
          "shard": "24",
          "value": 0.026922399999995683
        }
      },
      {
        "reactor_utilization": {
          "shard": "25",
          "value": 0.028624119999998143
        }
      },
      {
        "reactor_utilization": {
          "shard": "26",
          "value": 0.025887860000028962
        }
      },
      {
        "reactor_utilization": {
          "shard": "27",
          "value": 0.030805880000017716
        }
      }
    ]
  },
  {
    "metrics": [
      {
        "reactor_utilization": {
          "shard": "0",
          "value": 0.069672879999971293
        }
      },
      {
        "reactor_utilization": {
          "shard": "1",
          "value": 0.027730860000052537
        }
      },
      {
        "reactor_utilization": {
          "shard": "2",
          "value": 0.029516060000012168
        }
      },
      {
        "reactor_utilization": {
          "shard": "3",
          "value": 0.02926183999998333
        }
      },
      {
        "reactor_utilization": {
          "shard": "4",
          "value": 0.043204299999977103
        }
      },
      {
        "reactor_utilization": {
          "shard": "5",
          "value": 0.028349520000081618
        }
      },
      {
        "reactor_utilization": {
          "shard": "6",
          "value": 0.030738500000015989
        }
      },
      {
        "reactor_utilization": {
          "shard": "7",
          "value": 0.03123213999995933
        }
      },
      {
        "reactor_utilization": {
          "shard": "8",
          "value": 0.028191580000003214
        }
      },
      {
        "reactor_utilization": {
          "shard": "9",
          "value": 0.030041400000024865
        }
      },
      {
        "reactor_utilization": {
          "shard": "10",
          "value": 0.030410539999969899
        }
      },
      {
        "reactor_utilization": {
          "shard": "11",
          "value": 0.029238459999902933
        }
      },
      {
        "reactor_utilization": {
          "shard": "12",
          "value": 0.029859060000037019
        }
      },
      {
        "reactor_utilization": {
          "shard": "13",
          "value": 0.030632099999960971
        }
      },
      {
        "reactor_utilization": {
          "shard": "14",
          "value": 0.025564260000054961
        }
      },
      {
        "reactor_utilization": {
          "shard": "15",
          "value": 0.027265160000000677
        }
      },
      {
        "reactor_utilization": {
          "shard": "16",
          "value": 0.030753799999982956
        }
      },
      {
        "reactor_utilization": {
          "shard": "17",
          "value": 0.02921947999997565
        }
      },
      {
        "reactor_utilization": {
          "shard": "18",
          "value": 0.027008680000006891
        }
      },
      {
        "reactor_utilization": {
          "shard": "19",
          "value": 0.027037880000024828
        }
      },
      {
        "reactor_utilization": {
          "shard": "20",
          "value": 0.027542499999966275
        }
      },
      {
        "reactor_utilization": {
          "shard": "21",
          "value": 0.02970951999994309
        }
      },
      {
        "reactor_utilization": {
          "shard": "22",
          "value": 0.030511920000031445
        }
      },
      {
        "reactor_utilization": {
          "shard": "23",
          "value": 0.029747859999984527
        }
      },
      {
        "reactor_utilization": {
          "shard": "24",
          "value": 0.027173560000015584
        }
      },
      {
        "reactor_utilization": {
          "shard": "25",
          "value": 0.027035520000007196
        }
      },
      {
        "reactor_utilization": {
          "shard": "26",
          "value": 0.027169100000024038
        }
      },
      {
        "reactor_utilization": {
          "shard": "27",
          "value": 0.027669340000013865
        }
      }
    ]
  },
  {
    "metrics": [
      {
        "reactor_utilization": {
          "shard": "0",
          "value": 0.10207959999996019
        }
      },
      {
        "reactor_utilization": {
          "shard": "1",
          "value": 0.017410160000053132
        }
      },
      {
        "reactor_utilization": {
          "shard": "2",
          "value": 0.017397180000022772
        }
      },
      {
        "reactor_utilization": {
          "shard": "3",
          "value": 0.026068279999980071
        }
      },
      {
        "reactor_utilization": {
          "shard": "4",
          "value": 0.02497427999998969
        }
      },
      {
        "reactor_utilization": {
          "shard": "5",
          "value": 0.035235300000091563
        }
      },
      {
        "reactor_utilization": {
          "shard": "6",
          "value": 0.028153640000028179
        }
      },
      {
        "reactor_utilization": {
          "shard": "7",
          "value": 0.019051679999959603
        }
      },
      {
        "reactor_utilization": {
          "shard": "8",
          "value": 0.018552099999991079
        }
      },
      {
        "reactor_utilization": {
          "shard": "9",
          "value": 0.020695840000017895
        }
      },
      {
        "reactor_utilization": {
          "shard": "10",
          "value": 0.021256799999957998
        }
      },
      {
        "reactor_utilization": {
          "shard": "11",
          "value": 0.019802659999923478
        }
      },
      {
        "reactor_utilization": {
          "shard": "12",
          "value": 0.023431820000041625
        }
      },
      {
        "reactor_utilization": {
          "shard": "13",
          "value": 0.023364019999960739
        }
      },
      {
        "reactor_utilization": {
          "shard": "14",
          "value": 0.020673140000049273
        }
      },
      {
        "reactor_utilization": {
          "shard": "15",
          "value": 0.020110340000023541
        }
      },
      {
        "reactor_utilization": {
          "shard": "16",
          "value": 0.021153819999986112
        }
      },
      {
        "reactor_utilization": {
          "shard": "17",
          "value": 0.017994319999969921
        }
      },
      {
        "reactor_utilization": {
          "shard": "18",
          "value": 0.023054540000000401
        }
      },
      {
        "reactor_utilization": {
          "shard": "19",
          "value": 0.021593880000014831
        }
      },
      {
        "reactor_utilization": {
          "shard": "20",
          "value": 0.019490599999960612
        }
      },
      {
        "reactor_utilization": {
          "shard": "21",
          "value": 0.021404599999941265
        }
      },
      {
        "reactor_utilization": {
          "shard": "22",
          "value": 0.021143400000012136
        }
      },
      {
        "reactor_utilization": {
          "shard": "23",
          "value": 0.019445839999965298
        }
      },
      {
        "reactor_utilization": {
          "shard": "24",
          "value": 0.01777286000002043
        }
      },
      {
        "reactor_utilization": {
          "shard": "25",
          "value": 0.021883799999999898
        }
      },
      {
        "reactor_utilization": {
          "shard": "26",
          "value": 0.019993040000010343
        }
      },
      {
        "reactor_utilization": {
          "shard": "27",
          "value": 0.021647240000000068
        }
      }
    ]
  },
  {
    "metrics": [
      {
        "reactor_utilization": {
          "shard": "0",
          "value": 0.098800959999978399
        }
      },
      {
        "reactor_utilization": {
          "shard": "1",
          "value": 0.025931380000043802
        }
      },
      {
        "reactor_utilization": {
          "shard": "2",
          "value": 0.021647840000005303
        }
      },
      {
        "reactor_utilization": {
          "shard": "3",
          "value": 0.025301539999977862
        }
      },
      {
        "reactor_utilization": {
          "shard": "4",
          "value": 0.023254139999984158
        }
      },
      {
        "reactor_utilization": {
          "shard": "5",
          "value": 0.034040780000088589
        }
      },
      {
        "reactor_utilization": {
          "shard": "6",
          "value": 0.025337020000015809
        }
      },
      {
        "reactor_utilization": {
          "shard": "7",
          "value": 0.023487699999957812
        }
      },
      {
        "reactor_utilization": {
          "shard": "8",
          "value": 0.024060440000006622
        }
      },
      {
        "reactor_utilization": {
          "shard": "9",
          "value": 0.023345560000009868
        }
      },
      {
        "reactor_utilization": {
          "shard": "10",
          "value": 0.025778539999954386
        }
      },
      {
        "reactor_utilization": {
          "shard": "11",
          "value": 0.024157519999912225
        }
      },
      {
        "reactor_utilization": {
          "shard": "12",
          "value": 0.023281520000018041
        }
      },
      {
        "reactor_utilization": {
          "shard": "13",
          "value": 0.026735979999970017
        }
      },
      {
        "reactor_utilization": {
          "shard": "14",
          "value": 0.022527660000060123
        }
      },
      {
        "reactor_utilization": {
          "shard": "15",
          "value": 0.023569860000027809
        }
      },
      {
        "reactor_utilization": {
          "shard": "16",
          "value": 0.022602019999995449
        }
      },
      {
        "reactor_utilization": {
          "shard": "17",
          "value": 0.022928459999971285
        }
      },
      {
        "reactor_utilization": {
          "shard": "18",
          "value": 0.02525640000001772
        }
      },
      {
        "reactor_utilization": {
          "shard": "19",
          "value": 0.024378240000011431
        }
      },
      {
        "reactor_utilization": {
          "shard": "20",
          "value": 0.027027199999962725
        }
      },
      {
        "reactor_utilization": {
          "shard": "21",
          "value": 0.026045119999951183
        }
      },
      {
        "reactor_utilization": {
          "shard": "22",
          "value": 0.025471960000000848
        }
      },
      {
        "reactor_utilization": {
          "shard": "23",
          "value": 0.022790199999978
        }
      },
      {
        "reactor_utilization": {
          "shard": "24",
          "value": 0.028820260000017583
        }
      },
      {
        "reactor_utilization": {
          "shard": "25",
          "value": 0.026469279999985496
        }
      },
      {
        "reactor_utilization": {
          "shard": "26",
          "value": 0.02244693999999825
        }
      },
      {
        "reactor_utilization": {
          "shard": "27",
          "value": 0.027562819999993327
        }
      }
    ]
  },
  {
    "metrics": [
      {
        "reactor_utilization": {
          "shard": "0",
          "value": 0.055145659999988883
        }
      },
      {
        "reactor_utilization": {
          "shard": "1",
          "value": 0.022302520000061499
        }
      },
      {
        "reactor_utilization": {
          "shard": "2",
          "value": 0.018970740000012754
        }
      },
      {
        "reactor_utilization": {
          "shard": "3",
          "value": 0.020922299999992511
        }
      },
      {
        "reactor_utilization": {
          "shard": "4",
          "value": 0.021584839999999605
        }
      },
      {
        "reactor_utilization": {
          "shard": "5",
          "value": 0.032055280000098385
        }
      },
      {
        "reactor_utilization": {
          "shard": "6",
          "value": 0.023554820000026844
        }
      },
      {
        "reactor_utilization": {
          "shard": "7",
          "value": 0.020798679999955993
        }
      },
      {
        "reactor_utilization": {
          "shard": "8",
          "value": 0.020845440000005766
        }
      },
      {
        "reactor_utilization": {
          "shard": "9",
          "value": 0.02016930000000583
        }
      },
      {
        "reactor_utilization": {
          "shard": "10",
          "value": 0.022849519999934564
        }
      },
      {
        "reactor_utilization": {
          "shard": "11",
          "value": 0.019927059999924612
        }
      },
      {
        "reactor_utilization": {
          "shard": "12",
          "value": 0.020696080000015549
        }
      },
      {
        "reactor_utilization": {
          "shard": "13",
          "value": 0.021242659999964886
        }
      },
      {
        "reactor_utilization": {
          "shard": "14",
          "value": 0.018095840000043051
        }
      },
      {
        "reactor_utilization": {
          "shard": "15",
          "value": 0.019113300000039857
        }
      },
      {
        "reactor_utilization": {
          "shard": "16",
          "value": 0.021314479999978708
        }
      },
      {
        "reactor_utilization": {
          "shard": "17",
          "value": 0.020240439999974491
        }
      },
      {
        "reactor_utilization": {
          "shard": "18",
          "value": 0.021241880000011371
        }
      },
      {
        "reactor_utilization": {
          "shard": "19",
          "value": 0.020803400000024563
        }
      },
      {
        "reactor_utilization": {
          "shard": "20",
          "value": 0.020064399999952798
        }
      },
      {
        "reactor_utilization": {
          "shard": "21",
          "value": 0.02292975999994562
        }
      },
      {
        "reactor_utilization": {
          "shard": "22",
          "value": 0.023566999999991012
        }
      },
      {
        "reactor_utilization": {
          "shard": "23",
          "value": 0.023355479999986883
        }
      },
      {
        "reactor_utilization": {
          "shard": "24",
          "value": 0.021708460000002816
        }
      },
      {
        "reactor_utilization": {
          "shard": "25",
          "value": 0.023809239999983411
        }
      },
      {
        "reactor_utilization": {
          "shard": "26",
          "value": 0.022048119999995563
        }
      },
      {
        "reactor_utilization": {
          "shard": "27",
          "value": 0.023591859999982923
        }
      }
    ]
  },
  {
    "metrics": [
      {
        "reactor_utilization": {
          "shard": "0",
          "value": 0.10737449999996818
        }
      },
      {
        "reactor_utilization": {
          "shard": "1",
          "value": 0.014581380000056043
        }
      },
      {
        "reactor_utilization": {
          "shard": "2",
          "value": 0.014582420000031071
        }
      },
      {
        "reactor_utilization": {
          "shard": "3",
          "value": 0.015855639999973192
        }
      },
      {
        "reactor_utilization": {
          "shard": "4",
          "value": 0.017716000000000953
        }
      },
      {
        "reactor_utilization": {
          "shard": "5",
          "value": 0.020023840000082949
        }
      },
      {
        "reactor_utilization": {
          "shard": "6",
          "value": 0.022906080000018036
        }
      },
      {
        "reactor_utilization": {
          "shard": "7",
          "value": 0.014832819999943681
        }
      },
      {
        "reactor_utilization": {
          "shard": "8",
          "value": 0.013628080000005482
        }
      },
      {
        "reactor_utilization": {
          "shard": "9",
          "value": 0.014567100000006938
        }
      },
      {
        "reactor_utilization": {
          "shard": "10",
          "value": 0.019567559999944528
        }
      },
      {
        "reactor_utilization": {
          "shard": "11",
          "value": 0.014449539999961125
        }
      },
      {
        "reactor_utilization": {
          "shard": "12",
          "value": 0.014177400000026097
        }
      },
      {
        "reactor_utilization": {
          "shard": "13",
          "value": 0.018490059999964892
        }
      },
      {
        "reactor_utilization": {
          "shard": "14",
          "value": 0.014147000000042098
        }
      },
      {
        "reactor_utilization": {
          "shard": "15",
          "value": 0.015061760000034674
        }
      },
      {
        "reactor_utilization": {
          "shard": "16",
          "value": 0.017630539999957673
        }
      },
      {
        "reactor_utilization": {
          "shard": "17",
          "value": 0.01529349999995766
        }
      },
      {
        "reactor_utilization": {
          "shard": "18",
          "value": 0.016080060000012164
        }
      },
      {
        "reactor_utilization": {
          "shard": "19",
          "value": 0.01419142000000928
        }
      },
      {
        "reactor_utilization": {
          "shard": "20",
          "value": 0.015168639999951772
        }
      },
      {
        "reactor_utilization": {
          "shard": "21",
          "value": 0.014994419999947439
        }
      },
      {
        "reactor_utilization": {
          "shard": "22",
          "value": 0.016976320000006151
        }
      },
      {
        "reactor_utilization": {
          "shard": "23",
          "value": 0.01546539999999208
        }
      },
      {
        "reactor_utilization": {
          "shard": "24",
          "value": 0.014781220000004147
        }
      },
      {
        "reactor_utilization": {
          "shard": "25",
          "value": 0.015494099999979749
        }
      },
      {
        "reactor_utilization": {
          "shard": "26",
          "value": 0.016512799999968131
        }
      },
      {
        "reactor_utilization": {
          "shard": "27",
          "value": 0.016525679999968013
        }
      }
    ]
  },
  {
    "metrics": [
      {
        "reactor_utilization": {
          "shard": "0",
          "value": 0.10231321999994991
        }
      },
      {
        "reactor_utilization": {
          "shard": "1",
          "value": 0.027967340000034646
        }
      },
      {
        "reactor_utilization": {
          "shard": "2",
          "value": 0.024804600000039034
        }
      },
      {
        "reactor_utilization": {
          "shard": "3",
          "value": 0.024213599999978186
        }
      },
      {
        "reactor_utilization": {
          "shard": "4",
          "value": 0.024469260000004045
        }
      },
      {
        "reactor_utilization": {
          "shard": "5",
          "value": 0.037262240000079938
        }
      },
      {
        "reactor_utilization": {
          "shard": "6",
          "value": 0.024149080000035461
        }
      },
      {
        "reactor_utilization": {
          "shard": "7",
          "value": 0.024262339999958638
        }
      },
      {
        "reactor_utilization": {
          "shard": "8",
          "value": 0.025297460000006655
        }
      },
      {
        "reactor_utilization": {
          "shard": "9",
          "value": 0.022708519999992127
        }
      },
      {
        "reactor_utilization": {
          "shard": "10",
          "value": 0.021117659999969618
        }
      },
      {
        "reactor_utilization": {
          "shard": "11",
          "value": 0.021487579999956985
        }
      },
      {
        "reactor_utilization": {
          "shard": "12",
          "value": 0.026624820000031857
        }
      },
      {
        "reactor_utilization": {
          "shard": "13",
          "value": 0.027451779999976278
        }
      },
      {
        "reactor_utilization": {
          "shard": "14",
          "value": 0.024373260000032371
        }
      },
      {
        "reactor_utilization": {
          "shard": "15",
          "value": 0.023849040000034627
        }
      },
      {
        "reactor_utilization": {
          "shard": "16",
          "value": 0.023763039999979974
        }
      },
      {
        "reactor_utilization": {
          "shard": "17",
          "value": 0.023430659999945647
        }
      },
      {
        "reactor_utilization": {
          "shard": "18",
          "value": 0.027516800000015884
        }
      },
      {
        "reactor_utilization": {
          "shard": "19",
          "value": 0.022861159999998382
        }
      },
      {
        "reactor_utilization": {
          "shard": "20",
          "value": 0.025433699999943826
        }
      },
      {
        "reactor_utilization": {
          "shard": "21",
          "value": 0.023258739999931777
        }
      },
      {
        "reactor_utilization": {
          "shard": "22",
          "value": 0.024348899999993012
        }
      },
      {
        "reactor_utilization": {
          "shard": "23",
          "value": 0.024538399999984861
        }
      },
      {
        "reactor_utilization": {
          "shard": "24",
          "value": 0.028709700000018046
        }
      },
      {
        "reactor_utilization": {
          "shard": "25",
          "value": 0.024567519999973975
        }
      },
      {
        "reactor_utilization": {
          "shard": "26",
          "value": 0.023438899999983498
        }
      },
      {
        "reactor_utilization": {
          "shard": "27",
          "value": 0.027330199999986426
        }
      }
    ]
  },
  {
    "metrics": [
      {
        "reactor_utilization": {
          "shard": "0",
          "value": 0.096442219999959278
        }
      },
      {
        "reactor_utilization": {
          "shard": "1",
          "value": 0.017472540000040837
        }
      },
      {
        "reactor_utilization": {
          "shard": "2",
          "value": 0.02248986000003006
        }
      },
      {
        "reactor_utilization": {
          "shard": "3",
          "value": 0.019821679999976194
        }
      },
      {
        "reactor_utilization": {
          "shard": "4",
          "value": 0.023910000000004761
        }
      },
      {
        "reactor_utilization": {
          "shard": "5",
          "value": 0.035333180000085562
        }
      },
      {
        "reactor_utilization": {
          "shard": "6",
          "value": 0.020682240000047258
        }
      },
      {
        "reactor_utilization": {
          "shard": "7",
          "value": 0.021264059999936968
        }
      },
      {
        "reactor_utilization": {
          "shard": "8",
          "value": 0.020768220000011439
        }
      },
      {
        "reactor_utilization": {
          "shard": "9",
          "value": 0.021791679999993985
        }
      },
      {
        "reactor_utilization": {
          "shard": "10",
          "value": 0.022454959999973489
        }
      },
      {
        "reactor_utilization": {
          "shard": "11",
          "value": 0.022005479999953614
        }
      },
      {
        "reactor_utilization": {
          "shard": "12",
          "value": 0.024226020000028825
        }
      },
      {
        "reactor_utilization": {
          "shard": "13",
          "value": 0.020520899999987297
        }
      },
      {
        "reactor_utilization": {
          "shard": "14",
          "value": 0.021098100000027653
        }
      },
      {
        "reactor_utilization": {
          "shard": "15",
          "value": 0.019759200000035726
        }
      },
      {
        "reactor_utilization": {
          "shard": "16",
          "value": 0.023694899999959773
        }
      },
      {
        "reactor_utilization": {
          "shard": "17",
          "value": 0.02195287999997575
        }
      },
      {
        "reactor_utilization": {
          "shard": "18",
          "value": 0.022166120000033374
        }
      },
      {
        "reactor_utilization": {
          "shard": "19",
          "value": 0.020996660000016654
        }
      },
      {
        "reactor_utilization": {
          "shard": "20",
          "value": 0.019665759999953902
        }
      },
      {
        "reactor_utilization": {
          "shard": "21",
          "value": 0.023220319999950334
        }
      },
      {
        "reactor_utilization": {
          "shard": "22",
          "value": 0.021964759999992811
        }
      },
      {
        "reactor_utilization": {
          "shard": "23",
          "value": 0.021112359999986285
        }
      },
      {
        "reactor_utilization": {
          "shard": "24",
          "value": 0.020420940000032139
        }
      },
      {
        "reactor_utilization": {
          "shard": "25",
          "value": 0.020738199999981166
        }
      },
      {
        "reactor_utilization": {
          "shard": "26",
          "value": 0.022057479999970653
        }
      },
      {
        "reactor_utilization": {
          "shard": "27",
          "value": 0.023259799999986175
        }
      }
    ]
  },
  {
    "metrics": [
      {
        "reactor_utilization": {
          "shard": "0",
          "value": 0.099245839999939633
        }
      },
      {
        "reactor_utilization": {
          "shard": "1",
          "value": 0.022725440000037622
        }
      },
      {
        "reactor_utilization": {
          "shard": "2",
          "value": 0.028655180000036751
        }
      },
      {
        "reactor_utilization": {
          "shard": "3",
          "value": 0.032001659999991716
        }
      },
      {
        "reactor_utilization": {
          "shard": "4",
          "value": 0.024670380000002545
        }
      },
      {
        "reactor_utilization": {
          "shard": "5",
          "value": 0.038876500000095682
        }
      },
      {
        "reactor_utilization": {
          "shard": "6",
          "value": 0.035835420000041029
        }
      },
      {
        "reactor_utilization": {
          "shard": "7",
          "value": 0.022231119999938098
        }
      },
      {
        "reactor_utilization": {
          "shard": "8",
          "value": 0.021754560000009082
        }
      },
      {
        "reactor_utilization": {
          "shard": "9",
          "value": 0.029896939999995986
        }
      },
      {
        "reactor_utilization": {
          "shard": "10",
          "value": 0.023564959999944346
        }
      },
      {
        "reactor_utilization": {
          "shard": "11",
          "value": 0.024050079999926588
        }
      },
      {
        "reactor_utilization": {
          "shard": "12",
          "value": 0.031201540000025396
        }
      },
      {
        "reactor_utilization": {
          "shard": "13",
          "value": 0.025661619999972629
        }
      },
      {
        "reactor_utilization": {
          "shard": "14",
          "value": 0.021585720000016906
        }
      },
      {
        "reactor_utilization": {
          "shard": "15",
          "value": 0.026179400000003739
        }
      },
      {
        "reactor_utilization": {
          "shard": "16",
          "value": 0.027878039999962301
        }
      },
      {
        "reactor_utilization": {
          "shard": "17",
          "value": 0.031491639999958743
        }
      },
      {
        "reactor_utilization": {
          "shard": "18",
          "value": 0.031374200000033881
        }
      },
      {
        "reactor_utilization": {
          "shard": "19",
          "value": 0.026920019999998601
        }
      },
      {
        "reactor_utilization": {
          "shard": "20",
          "value": 0.031247379999954639
        }
      },
      {
        "reactor_utilization": {
          "shard": "21",
          "value": 0.034290679999948726
        }
      },
      {
        "reactor_utilization": {
          "shard": "22",
          "value": 0.034146739999996178
        }
      },
      {
        "reactor_utilization": {
          "shard": "23",
          "value": 0.031788619999983947
        }
      },
      {
        "reactor_utilization": {
          "shard": "24",
          "value": 0.024837760000040454
        }
      },
      {
        "reactor_utilization": {
          "shard": "25",
          "value": 0.031922899999980991
        }
      },
      {
        "reactor_utilization": {
          "shard": "26",
          "value": 0.026177899999968446
        }
      },
      {
        "reactor_utilization": {
          "shard": "27",
          "value": 0.024139099999997971
        }
      }
    ]
  }
]
