{
    "0": {
        "memory_allocated_memory": -2163052544.0,
        "memory_cross_cpu_free_operations": -12464.0,
        "memory_free_memory": 2163052544.0,
        "memory_free_operations": -702027.0,
        "memory_malloc_failed": 0.0,
        "memory_malloc_live_objects": -15927.0,
        "memory_malloc_operations": -717954.0,
        "memory_reclaims_operations": 0.0,
        "memory_total_memory": 0.0,
        "reactor_cpu_busy_ms": -1284.0,
        "reactor_cpu_steal_time_ms": -113.0,
        "reactor_cpu_used_time_ms": -1919.0,
        "reactor_polls": -487318.0,
        "reactor_sleep_time_ms_total": -21197.0,
        "reactor_utilization": -0.6766117000000293
    },
    "1": {
        "memory_allocated_memory": -2167848960.0,
        "memory_cross_cpu_free_operations": -2833.0,
        "memory_free_memory": 2167848960.0,
        "memory_free_operations": 4227917.0,
        "memory_malloc_failed": 0.0,
        "memory_malloc_live_objects": -5436.0,
        "memory_malloc_operations": 4222481.0,
        "memory_reclaims_operations": 0.0,
        "memory_total_memory": 0.0,
        "reactor_cpu_busy_ms": -1150.0,
        "reactor_cpu_steal_time_ms": -131.0,
        "reactor_cpu_used_time_ms": -2004.0,
        "reactor_polls": -724314.0,
        "reactor_sleep_time_ms_total": -21104.0,
        "reactor_utilization": -0.7972859200000126
    },
    "2": {
        "memory_allocated_memory": -2179854336.0,
        "memory_cross_cpu_free_operations": -20377.0,
        "memory_free_memory": 2179854336.0,
        "memory_free_operations": -1317830.0,
        "memory_malloc_failed": 0.0,
        "memory_malloc_live_objects": -19973.0,
        "memory_malloc_operations": -1337803.0,
        "memory_reclaims_operations": 0.0,
        "memory_total_memory": 0.0,
        "reactor_cpu_busy_ms": -1863.0,
        "reactor_cpu_steal_time_ms": -139.0,
        "reactor_cpu_used_time_ms": -2841.0,
        "reactor_polls": -749154.0,
        "reactor_sleep_time_ms_total": -20259.0,
        "reactor_utilization": -0.7611251200000502
    },
    "3": {
        "memory_allocated_memory": -2182987776.0,
        "memory_cross_cpu_free_operations": -20551.0,
        "memory_free_memory": 2182987776.0,
        "memory_free_operations": -1256067.0,
        "memory_malloc_failed": 0.0,
        "memory_malloc_live_objects": -19063.0,
        "memory_malloc_operations": -1275130.0,
        "memory_reclaims_operations": 0.0,
        "memory_total_memory": 0.0,
        "reactor_cpu_busy_ms": -1723.0,
        "reactor_cpu_steal_time_ms": -121.0,
        "reactor_cpu_used_time_ms": -2912.0,
        "reactor_polls": -1002427.0,
        "reactor_sleep_time_ms_total": -20196.0,
        "reactor_utilization": -0.8077148200000162
    },
    "4": {
        "memory_allocated_memory": -2179719168.0,
        "memory_cross_cpu_free_operations": -18437.0,
        "memory_free_memory": 2179719168.0,
        "memory_free_operations": -1209967.0,
        "memory_malloc_failed": 0.0,
        "memory_malloc_live_objects": -18261.0,
        "memory_malloc_operations": -1228228.0,
        "memory_reclaims_operations": 0.0,
        "memory_total_memory": 0.0,
        "reactor_cpu_busy_ms": -1657.0,
        "reactor_cpu_steal_time_ms": -122.0,
        "reactor_cpu_used_time_ms": -2540.0,
        "reactor_polls": -780414.0,
        "reactor_sleep_time_ms_total": -20566.0,
        "reactor_utilization": -0.5505684200000527
    },
    "5": {
        "memory_allocated_memory": -2186440704.0,
        "memory_cross_cpu_free_operations": -14702.0,
        "memory_free_memory": 2186440704.0,
        "memory_free_operations": 4858116.0,
        "memory_malloc_failed": 0.0,
        "memory_malloc_live_objects": -15286.0,
        "memory_malloc_operations": 4842830.0,
        "memory_reclaims_operations": 0.0,
        "memory_total_memory": 0.0,
        "reactor_cpu_busy_ms": -1131.0,
        "reactor_cpu_steal_time_ms": -123.0,
        "reactor_cpu_used_time_ms": -2128.0,
        "reactor_polls": -843525.0,
        "reactor_sleep_time_ms_total": -20992.0,
        "reactor_utilization": -0.5690537999999967
    },
    "6": {
        "memory_allocated_memory": -2183622656.0,
        "memory_cross_cpu_free_operations": -33058.0,
        "memory_free_memory": 2183622656.0,
        "memory_free_operations": -2985055.0,
        "memory_malloc_failed": 0.0,
        "memory_malloc_live_objects": -29879.0,
        "memory_malloc_operations": -3014934.0,
        "memory_reclaims_operations": 0.0,
        "memory_total_memory": 0.0,
        "reactor_cpu_busy_ms": -3466.0,
        "reactor_cpu_steal_time_ms": -234.0,
        "reactor_cpu_used_time_ms": -5348.0,
        "reactor_polls": -1423068.0,
        "reactor_sleep_time_ms_total": -17653.0,
        "reactor_utilization": -0.7996762800000057
    },
    "7": {
        "memory_allocated_memory": -3298365440.0,
        "memory_cross_cpu_free_operations": -17950.0,
        "memory_free_memory": 3298365440.0,
        "memory_free_operations": -3819899.0,
        "memory_malloc_failed": 0.0,
        "memory_malloc_live_objects": -27922.0,
        "memory_malloc_operations": -3847821.0,
        "memory_reclaims_operations": 0.0,
        "memory_total_memory": 0.0,
        "reactor_cpu_busy_ms": -15708.0,
        "reactor_cpu_steal_time_ms": -744.0,
        "reactor_cpu_used_time_ms": -18910.0,
        "reactor_polls": -3610844.0,
        "reactor_sleep_time_ms_total": -3578.0,
        "reactor_utilization": -16.757685940000002
    },
    "8": {
        "memory_allocated_memory": -2189922304.0,
        "memory_cross_cpu_free_operations": -10060.0,
        "memory_free_memory": 2189922304.0,
        "memory_free_operations": -1958273.0,
        "memory_malloc_failed": 0.0,
        "memory_malloc_live_objects": -16087.0,
        "memory_malloc_operations": -1974360.0,
        "memory_reclaims_operations": 0.0,
        "memory_total_memory": 0.0,
        "reactor_cpu_busy_ms": -11263.0,
        "reactor_cpu_steal_time_ms": -548.0,
        "reactor_cpu_used_time_ms": -13507.0,
        "reactor_polls": -2706489.0,
        "reactor_sleep_time_ms_total": -9174.0,
        "reactor_utilization": -0.9862439800001122
    },
    "9": {
        "memory_allocated_memory": -2182742016.0,
        "memory_cross_cpu_free_operations": -9741.0,
        "memory_free_memory": 2182742016.0,
        "memory_free_operations": 3289237.0,
        "memory_malloc_failed": 0.0,
        "memory_malloc_live_objects": -16725.0,
        "memory_malloc_operations": 3272512.0,
        "memory_reclaims_operations": 0.0,
        "memory_total_memory": 0.0,
        "reactor_cpu_busy_ms": -7189.0,
        "reactor_cpu_steal_time_ms": -365.0,
        "reactor_cpu_used_time_ms": -8712.0,
        "reactor_polls": -1924024.0,
        "reactor_sleep_time_ms_total": -14157.0,
        "reactor_utilization": -0.7433206200000098
    },
    "10": {
        "memory_allocated_memory": -2181722112.0,
        "memory_cross_cpu_free_operations": -17326.0,
        "memory_free_memory": 2181722112.0,
        "memory_free_operations": 3099303.0,
        "memory_malloc_failed": 0.0,
        "memory_malloc_live_objects": -18176.0,
        "memory_malloc_operations": 3081127.0,
        "memory_reclaims_operations": 0.0,
        "memory_total_memory": 0.0,
        "reactor_cpu_busy_ms": -2312.0,
        "reactor_cpu_steal_time_ms": -168.0,
        "reactor_cpu_used_time_ms": -3379.0,
        "reactor_polls": -966396.0,
        "reactor_sleep_time_ms_total": -19687.0,
        "reactor_utilization": -0.5711338600000282
    },
    "11": {
        "memory_allocated_memory": -2180374528.0,
        "memory_cross_cpu_free_operations": -12593.0,
        "memory_free_memory": 2180374528.0,
        "memory_free_operations": -613609.0,
        "memory_malloc_failed": 0.0,
        "memory_malloc_live_objects": -13719.0,
        "memory_malloc_operations": -627328.0,
        "memory_reclaims_operations": 0.0,
        "memory_total_memory": 0.0,
        "reactor_cpu_busy_ms": -1454.0,
        "reactor_cpu_steal_time_ms": -109.0,
        "reactor_cpu_used_time_ms": -2160.0,
        "reactor_polls": -622861.0,
        "reactor_sleep_time_ms_total": -20959.0,
        "reactor_utilization": -0.835413560000009
    },
    "12": {
        "memory_allocated_memory": -2184740864.0,
        "memory_cross_cpu_free_operations": -26160.0,
        "memory_free_memory": 2184740864.0,
        "memory_free_operations": -273770.0,
        "memory_malloc_failed": 0.0,
        "memory_malloc_live_objects": -23273.0,
        "memory_malloc_operations": -297043.0,
        "memory_reclaims_operations": 0.0,
        "memory_total_memory": 0.0,
        "reactor_cpu_busy_ms": -1968.0,
        "reactor_cpu_steal_time_ms": -159.0,
        "reactor_cpu_used_time_ms": -3483.0,
        "reactor_polls": -1110153.0,
        "reactor_sleep_time_ms_total": -19598.0,
        "reactor_utilization": -0.7963821200000387
    },
    "13": {
        "memory_allocated_memory": -2183880704.0,
        "memory_cross_cpu_free_operations": -21976.0,
        "memory_free_memory": 2183880704.0,
        "memory_free_operations": 1317913.0,
        "memory_malloc_failed": 0.0,
        "memory_malloc_live_objects": -22507.0,
        "memory_malloc_operations": 1295406.0,
        "memory_reclaims_operations": 0.0,
        "memory_total_memory": 0.0,
        "reactor_cpu_busy_ms": -1674.0,
        "reactor_cpu_steal_time_ms": -151.0,
        "reactor_cpu_used_time_ms": -2766.0,
        "reactor_polls": -750580.0,
        "reactor_sleep_time_ms_total": -20323.0,
        "reactor_utilization": -0.7150666599999411
    },
    "14": {
        "memory_allocated_memory": -2184765440.0,
        "memory_cross_cpu_free_operations": -13402.0,
        "memory_free_memory": 2184765440.0,
        "memory_free_operations": 5258375.0,
        "memory_malloc_failed": 0.0,
        "memory_malloc_live_objects": -15433.0,
        "memory_malloc_operations": 5242942.0,
        "memory_reclaims_operations": 0.0,
        "memory_total_memory": 0.0,
        "reactor_cpu_busy_ms": -1028.0,
        "reactor_cpu_steal_time_ms": -123.0,
        "reactor_cpu_used_time_ms": -1785.0,
        "reactor_polls": -597104.0,
        "reactor_sleep_time_ms_total": -21333.0,
        "reactor_utilization": -0.71931151999991
    },
    "15": {
        "memory_allocated_memory": -2181984256.0,
        "memory_cross_cpu_free_operations": -34580.0,
        "memory_free_memory": 2181984256.0,
        "memory_free_operations": -3009595.0,
        "memory_malloc_failed": 0.0,
        "memory_malloc_live_objects": -30036.0,
        "memory_malloc_operations": -3039631.0,
        "memory_reclaims_operations": 0.0,
        "memory_total_memory": 0.0,
        "reactor_cpu_busy_ms": -2642.0,
        "reactor_cpu_steal_time_ms": -208.0,
        "reactor_cpu_used_time_ms": -4763.0,
        "reactor_polls": -1515419.0,
        "reactor_sleep_time_ms_total": -18261.0,
        "reactor_utilization": -0.8577861400000275
    },
    "16": {
        "memory_allocated_memory": -2183217152.0,
        "memory_cross_cpu_free_operations": -18129.0,
        "memory_free_memory": 2183217152.0,
        "memory_free_operations": -1165769.0,
        "memory_malloc_failed": 0.0,
        "memory_malloc_live_objects": -17647.0,
        "memory_malloc_operations": -1183416.0,
        "memory_reclaims_operations": 0.0,
        "memory_total_memory": 0.0,
        "reactor_cpu_busy_ms": -1734.0,
        "reactor_cpu_steal_time_ms": -134.0,
        "reactor_cpu_used_time_ms": -2705.0,
        "reactor_polls": -779969.0,
        "reactor_sleep_time_ms_total": -20402.0,
        "reactor_utilization": -0.5470521999999867
    },
    "17": {
        "memory_allocated_memory": -2184675328.0,
        "memory_cross_cpu_free_operations": -19912.0,
        "memory_free_memory": 2184675328.0,
        "memory_free_operations": -1538284.0,
        "memory_malloc_failed": 0.0,
        "memory_malloc_live_objects": -19014.0,
        "memory_malloc_operations": -1557298.0,
        "memory_reclaims_operations": 0.0,
        "memory_total_memory": 0.0,
        "reactor_cpu_busy_ms": -1715.0,
        "reactor_cpu_steal_time_ms": -127.0,
        "reactor_cpu_used_time_ms": -2795.0,
        "reactor_polls": -895784.0,
        "reactor_sleep_time_ms_total": -20314.0,
        "reactor_utilization": -0.31060140000003233
    },
    "18": {
        "memory_allocated_memory": -2183069696.0,
        "memory_cross_cpu_free_operations": -26972.0,
        "memory_free_memory": 2183069696.0,
        "memory_free_operations": 280549.0,
        "memory_malloc_failed": 0.0,
        "memory_malloc_live_objects": -25037.0,
        "memory_malloc_operations": 255512.0,
        "memory_reclaims_operations": 0.0,
        "memory_total_memory": 0.0,
        "reactor_cpu_busy_ms": -1789.0,
        "reactor_cpu_steal_time_ms": -145.0,
        "reactor_cpu_used_time_ms": -3072.0,
        "reactor_polls": -998879.0,
        "reactor_sleep_time_ms_total": -20025.0,
        "reactor_utilization": -0.49850463999999706
    },
    "19": {
        "memory_allocated_memory": -2185138176.0,
        "memory_cross_cpu_free_operations": -11864.0,
        "memory_free_memory": 2185138176.0,
        "memory_free_operations": 6929701.0,
        "memory_malloc_failed": 0.0,
        "memory_malloc_live_objects": -14211.0,
        "memory_malloc_operations": 6915490.0,
        "memory_reclaims_operations": 0.0,
        "memory_total_memory": 0.0,
        "reactor_cpu_busy_ms": -667.0,
        "reactor_cpu_steal_time_ms": -101.0,
        "reactor_cpu_used_time_ms": -1342.0,
        "reactor_polls": -575457.0,
        "reactor_sleep_time_ms_total": -21799.0,
        "reactor_utilization": -0.6150507400000227
    },
    "20": {
        "memory_allocated_memory": -2146189312.0,
        "memory_cross_cpu_free_operations": -12819.0,
        "memory_free_memory": 2146189312.0,
        "memory_free_operations": 6443308.0,
        "memory_malloc_failed": 0.0,
        "memory_malloc_live_objects": -14597.0,
        "memory_malloc_operations": 6428711.0,
        "memory_reclaims_operations": 0.0,
        "memory_total_memory": 0.0,
        "reactor_cpu_busy_ms": -699.0,
        "reactor_cpu_steal_time_ms": -103.0,
        "reactor_cpu_used_time_ms": -1299.0,
        "reactor_polls": -518101.0,
        "reactor_sleep_time_ms_total": -21838.0,
        "reactor_utilization": -0.7108752999999579
    },
    "21": {
        "memory_allocated_memory": -2134315008.0,
        "memory_cross_cpu_free_operations": -17433.0,
        "memory_free_memory": 2134315008.0,
        "memory_free_operations": 4435140.0,
        "memory_malloc_failed": 0.0,
        "memory_malloc_live_objects": -18365.0,
        "memory_malloc_operations": 4416775.0,
        "memory_reclaims_operations": 0.0,
        "memory_total_memory": 0.0,
        "reactor_cpu_busy_ms": -1081.0,
        "reactor_cpu_steal_time_ms": -117.0,
        "reactor_cpu_used_time_ms": -1816.0,
        "reactor_polls": -592564.0,
        "reactor_sleep_time_ms_total": -21309.0,
        "reactor_utilization": -0.4723238800000251
    },
    "22": {
        "memory_allocated_memory": -2179235840.0,
        "memory_cross_cpu_free_operations": -13448.0,
        "memory_free_memory": 2179235840.0,
        "memory_free_operations": -730565.0,
        "memory_malloc_failed": 0.0,
        "memory_malloc_live_objects": -15136.0,
        "memory_malloc_operations": -745701.0,
        "memory_reclaims_operations": 0.0,
        "memory_total_memory": 0.0,
        "reactor_cpu_busy_ms": -1566.0,
        "reactor_cpu_steal_time_ms": -137.0,
        "reactor_cpu_used_time_ms": -2260.0,
        "reactor_polls": -378502.0,
        "reactor_sleep_time_ms_total": -20840.0,
        "reactor_utilization": -0.7795446399999628
    },
    "23": {
        "memory_allocated_memory": -2158538752.0,
        "memory_cross_cpu_free_operations": -16746.0,
        "memory_free_memory": 2158538752.0,
        "memory_free_operations": 4393911.0,
        "memory_malloc_failed": 0.0,
        "memory_malloc_live_objects": -17403.0,
        "memory_malloc_operations": 4376508.0,
        "memory_reclaims_operations": 0.0,
        "memory_total_memory": 0.0,
        "reactor_cpu_busy_ms": -1014.0,
        "reactor_cpu_steal_time_ms": -116.0,
        "reactor_cpu_used_time_ms": -1852.0,
        "reactor_polls": -691279.0,
        "reactor_sleep_time_ms_total": -21277.0,
        "reactor_utilization": -4.696714439999983
    },
    "24": {
        "memory_allocated_memory": -2184065024.0,
        "memory_cross_cpu_free_operations": -22468.0,
        "memory_free_memory": 2184065024.0,
        "memory_free_operations": 2010908.0,
        "memory_malloc_failed": 0.0,
        "memory_malloc_live_objects": -21695.0,
        "memory_malloc_operations": 1989213.0,
        "memory_reclaims_operations": 0.0,
        "memory_total_memory": 0.0,
        "reactor_cpu_busy_ms": -1438.0,
        "reactor_cpu_steal_time_ms": -137.0,
        "reactor_cpu_used_time_ms": -2387.0,
        "reactor_polls": -747818.0,
        "reactor_sleep_time_ms_total": -20722.0,
        "reactor_utilization": -0.6503735199999583
    },
    "25": {
        "memory_allocated_memory": -2184355840.0,
        "memory_cross_cpu_free_operations": -12868.0,
        "memory_free_memory": 2184355840.0,
        "memory_free_operations": 6379088.0,
        "memory_malloc_failed": 0.0,
        "memory_malloc_live_objects": -14813.0,
        "memory_malloc_operations": 6364275.0,
        "memory_reclaims_operations": 0.0,
        "memory_total_memory": 0.0,
        "reactor_cpu_busy_ms": -771.0,
        "reactor_cpu_steal_time_ms": -112.0,
        "reactor_cpu_used_time_ms": -1497.0,
        "reactor_polls": -606046.0,
        "reactor_sleep_time_ms_total": -21636.0,
        "reactor_utilization": -0.5268586199999703
    },
    "26": {
        "memory_allocated_memory": -2126450688.0,
        "memory_cross_cpu_free_operations": -9019.0,
        "memory_free_memory": 2126450688.0,
        "memory_free_operations": 8447050.0,
        "memory_malloc_failed": 0.0,
        "memory_malloc_live_objects": -11380.0,
        "memory_malloc_operations": 8435670.0,
        "memory_reclaims_operations": 0.0,
        "memory_total_memory": 0.0,
        "reactor_cpu_busy_ms": -437.0,
        "reactor_cpu_steal_time_ms": -94.0,
        "reactor_cpu_used_time_ms": -1133.0,
        "reactor_polls": -553926.0,
        "reactor_sleep_time_ms_total": -22016.0,
        "reactor_utilization": -0.5887848400000228
    },
    "27": {
        "memory_allocated_memory": -2184351744.0,
        "memory_cross_cpu_free_operations": -22066.0,
        "memory_free_memory": 2184351744.0,
        "memory_free_operations": 2206810.0,
        "memory_malloc_failed": 0.0,
        "memory_malloc_live_objects": -21497.0,
        "memory_malloc_operations": 2185313.0,
        "memory_reclaims_operations": 0.0,
        "memory_total_memory": 0.0,
        "reactor_cpu_busy_ms": -1500.0,
        "reactor_cpu_steal_time_ms": -140.0,
        "reactor_cpu_used_time_ms": -2572.0,
        "reactor_polls": -764573.0,
        "reactor_sleep_time_ms_total": -20536.0,
        "reactor_utilization": -0.4710802599999453
    }
}