[
  {
    "metrics": [
      {
        "reactor_utilization": {
          "shard": "0",
          "value": 48.838672640000034
        }
      },
      {
        "reactor_utilization": {
          "shard": "1",
          "value": 96.711071099999941
        }
      },
      {
        "reactor_utilization": {
          "shard": "2",
          "value": 89.799997859999962
        }
      },
      {
        "reactor_utilization": {
          "shard": "3",
          "value": 85.138733419999895
        }
      },
      {
        "reactor_utilization": {
          "shard": "4",
          "value": 84.397352840000011
        }
      },
      {
        "reactor_utilization": {
          "shard": "5",
          "value": 96.656373119999898
        }
      },
      {
        "reactor_utilization": {
          "shard": "6",
          "value": 95.487123300000036
        }
      },
      {
        "reactor_utilization": {
          "shard": "7",
          "value": 95.300540500000011
        }
      },
      {
        "reactor_utilization": {
          "shard": "8",
          "value": 86.926751860000024
        }
      },
      {
        "reactor_utilization": {
          "shard": "9",
          "value": 85.919279619999998
        }
      },
      {
        "reactor_utilization": {
          "shard": "10",
          "value": 95.603078359999941
        }
      },
      {
        "reactor_utilization": {
          "shard": "11",
          "value": 94.763154239999906
        }
      },
      {
        "reactor_utilization": {
          "shard": "12",
          "value": 87.036416659999915
        }
      },
      {
        "reactor_utilization": {
          "shard": "13",
          "value": 97.24370728000001
        }
      },
      {
        "reactor_utilization": {
          "shard": "14",
          "value": 95.303098799999958
        }
      },
      {
        "reactor_utilization": {
          "shard": "15",
          "value": 96.829846639999957
        }
      },
      {
        "reactor_utilization": {
          "shard": "16",
          "value": 87.192863200000062
        }
      },
      {
        "reactor_utilization": {
          "shard": "17",
          "value": 81.334500739999967
        }
      },
      {
        "reactor_utilization": {
          "shard": "18",
          "value": 92.384486780000046
        }
      },
      {
        "reactor_utilization": {
          "shard": "19",
          "value": 80.934732799999992
        }
      },
      {
        "reactor_utilization": {
          "shard": "20",
          "value": 80.031019260000008
        }
      },
      {
        "reactor_utilization": {
          "shard": "21",
          "value": 48.668612379999928
        }
      },
      {
        "reactor_utilization": {
          "shard": "22",
          "value": 48.456834960000016
        }
      },
      {
        "reactor_utilization": {
          "shard": "23",
          "value": 48.732754360000015
        }
      },
      {
        "reactor_utilization": {
          "shard": "24",
          "value": 79.587399619999971
        }
      },
      {
        "reactor_utilization": {
          "shard": "25",
          "value": 50.934108240000064
        }
      },
      {
        "reactor_utilization": {
          "shard": "26",
          "value": 79.832015799999979
        }
      },
      {
        "reactor_utilization": {
          "shard": "27",
          "value": 51.76595824000001
        }
      }
    ]
  },
  {
    "metrics": [
      {
        "reactor_utilization": {
          "shard": "0",
          "value": 0.53047814000000137
        }
      },
      {
        "reactor_utilization": {
          "shard": "1",
          "value": 0.45646774000001056
        }
      },
      {
        "reactor_utilization": {
          "shard": "2",
          "value": 0.46688290000000965
        }
      },
      {
        "reactor_utilization": {
          "shard": "3",
          "value": 0.50132005999998785
        }
      },
      {
        "reactor_utilization": {
          "shard": "4",
          "value": 0.51855791999999568
        }
      },
      {
        "reactor_utilization": {
          "shard": "5",
          "value": 0.48314205999997473
        }
      },
      {
        "reactor_utilization": {
          "shard": "6",
          "value": 0.49269863999999997
        }
      },
      {
        "reactor_utilization": {
          "shard": "7",
          "value": 0.51180558000001319
        }
      },
      {
        "reactor_utilization": {
          "shard": "8",
          "value": 0.50771312000000846
        }
      },
      {
        "reactor_utilization": {
          "shard": "9",
          "value": 0.50619219999998855
        }
      },
      {
        "reactor_utilization": {
          "shard": "10",
          "value": 0.51075715999999716
        }
      },
      {
        "reactor_utilization": {
          "shard": "11",
          "value": 0.49100248000000235
        }
      },
      {
        "reactor_utilization": {
          "shard": "12",
          "value": 0.50396705999999902
        }
      },
      {
        "reactor_utilization": {
          "shard": "13",
          "value": 0.48937778000001098
        }
      },
      {
        "reactor_utilization": {
          "shard": "14",
          "value": 0.50604395999999108
        }
      },
      {
        "reactor_utilization": {
          "shard": "15",
          "value": 0.48555023999998781
        }
      },
      {
        "reactor_utilization": {
          "shard": "16",
          "value": 0.49395631999998857
        }
      },
      {
        "reactor_utilization": {
          "shard": "17",
          "value": 0.43034809999999979
        }
      },
      {
        "reactor_utilization": {
          "shard": "18",
          "value": 0.42246103999998841
        }
      },
      {
        "reactor_utilization": {
          "shard": "19",
          "value": 0.42662682000000895
        }
      },
      {
        "reactor_utilization": {
          "shard": "20",
          "value": 0.43234191999999005
        }
      },
      {
        "reactor_utilization": {
          "shard": "21",
          "value": 0.42428373999998659
        }
      },
      {
        "reactor_utilization": {
          "shard": "22",
          "value": 0.42802956000002057
        }
      },
      {
        "reactor_utilization": {
          "shard": "23",
          "value": 0.42843949999999964
        }
      },
      {
        "reactor_utilization": {
          "shard": "24",
          "value": 0.42510175999999067
        }
      },
      {
        "reactor_utilization": {
          "shard": "25",
          "value": 0.4381546199999975
        }
      },
      {
        "reactor_utilization": {
          "shard": "26",
          "value": 0.45081281999999057
        }
      },
      {
        "reactor_utilization": {
          "shard": "27",
          "value": 0.43143721999999718
        }
      }
    ]
  },
  {
    "metrics": [
      {
        "reactor_utilization": {
          "shard": "0",
          "value": 0.38785248000001715
        }
      },
      {
        "reactor_utilization": {
          "shard": "1",
          "value": 0.29862444000001709
        }
      },
      {
        "reactor_utilization": {
          "shard": "2",
          "value": 0.075599059999975626
        }
      },
      {
        "reactor_utilization": {
          "shard": "3",
          "value": 0.044303959999991704
        }
      },
      {
        "reactor_utilization": {
          "shard": "4",
          "value": 0.078347020000002487
        }
      },
      {
        "reactor_utilization": {
          "shard": "5",
          "value": 0.037080039999970449
        }
      },
      {
        "reactor_utilization": {
          "shard": "6",
          "value": 0.039395180000001417
        }
      },
      {
        "reactor_utilization": {
          "shard": "7",
          "value": 0.068089620000022499
        }
      },
      {
        "reactor_utilization": {
          "shard": "8",
          "value": 0.053282859999992382
        }
      },
      {
        "reactor_utilization": {
          "shard": "9",
          "value": 0.031611399999975642
        }
      },
      {
        "reactor_utilization": {
          "shard": "10",
          "value": 0.057531180000003346
        }
      },
      {
        "reactor_utilization": {
          "shard": "11",
          "value": 0.046277139999983952
        }
      },
      {
        "reactor_utilization": {
          "shard": "12",
          "value": 0.071037999999989943
        }
      },
      {
        "reactor_utilization": {
          "shard": "13",
          "value": 0.036593740000034902
        }
      },
      {
        "reactor_utilization": {
          "shard": "14",
          "value": 0.034765199999986507
        }
      },
      {
        "reactor_utilization": {
          "shard": "15",
          "value": 0.054229519999993148
        }
      },
      {
        "reactor_utilization": {
          "shard": "16",
          "value": 0.079079820000005352
        }
      },
      {
        "reactor_utilization": {
          "shard": "17",
          "value": 0.061017079999992063
        }
      },
      {
        "reactor_utilization": {
          "shard": "18",
          "value": 0.047612620000014871
        }
      },
      {
        "reactor_utilization": {
          "shard": "19",
          "value": 0.030009800000008191
        }
      },
      {
        "reactor_utilization": {
          "shard": "20",
          "value": 0.050117519999992588
        }
      },
      {
        "reactor_utilization": {
          "shard": "21",
          "value": 0.035361599999972348
        }
      },
      {
        "reactor_utilization": {
          "shard": "22",
          "value": 0.053619640000013291
        }
      },
      {
        "reactor_utilization": {
          "shard": "23",
          "value": 0.043632759999989723
        }
      },
      {
        "reactor_utilization": {
          "shard": "24",
          "value": 0.043666539999998033
        }
      },
      {
        "reactor_utilization": {
          "shard": "25",
          "value": 0.034503960000009659
        }
      },
      {
        "reactor_utilization": {
          "shard": "26",
          "value": 0.038473079999989945
        }
      },
      {
        "reactor_utilization": {
          "shard": "27",
          "value": 0.038764640000010786
        }
      }
    ]
  },
  {
    "metrics": [
      {
        "reactor_utilization": {
          "shard": "0",
          "value": 0.091450900000022983
        }
      },
      {
        "reactor_utilization": {
          "shard": "1",
          "value": 0.025938180000018018
        }
      },
      {
        "reactor_utilization": {
          "shard": "2",
          "value": 0.025762979999977009
        }
      },
      {
        "reactor_utilization": {
          "shard": "3",
          "value": 0.036040679999982395
        }
      },
      {
        "reactor_utilization": {
          "shard": "4",
          "value": 0.025806559999996814
        }
      },
      {
        "reactor_utilization": {
          "shard": "5",
          "value": 0.026683619999978703
        }
      },
      {
        "reactor_utilization": {
          "shard": "6",
          "value": 0.027245919999985269
        }
      },
      {
        "reactor_utilization": {
          "shard": "7",
          "value": 0.028905740000029212
        }
      },
      {
        "reactor_utilization": {
          "shard": "8",
          "value": 0.026940779999984343
        }
      },
      {
        "reactor_utilization": {
          "shard": "9",
          "value": 0.025700479999979375
        }
      },
      {
        "reactor_utilization": {
          "shard": "10",
          "value": 0.028305140000006723
        }
      },
      {
        "reactor_utilization": {
          "shard": "11",
          "value": 0.022135919999977105
        }
      },
      {
        "reactor_utilization": {
          "shard": "12",
          "value": 0.028539420000006643
        }
      },
      {
        "reactor_utilization": {
          "shard": "13",
          "value": 0.023591340000028715
        }
      },
      {
        "reactor_utilization": {
          "shard": "14",
          "value": 0.026044039999983948
        }
      },
      {
        "reactor_utilization": {
          "shard": "15",
          "value": 0.02554915999999352
        }
      },
      {
        "reactor_utilization": {
          "shard": "16",
          "value": 0.025331360000024894
        }
      },
      {
        "reactor_utilization": {
          "shard": "17",
          "value": 0.026724719999993152
        }
      },
      {
        "reactor_utilization": {
          "shard": "18",
          "value": 0.02791120000000813
        }
      },
      {
        "reactor_utilization": {
          "shard": "19",
          "value": 0.025201960000009738
        }
      },
      {
        "reactor_utilization": {
          "shard": "20",
          "value": 0.024545840000000929
        }
      },
      {
        "reactor_utilization": {
          "shard": "21",
          "value": 0.025325159999978197
        }
      },
      {
        "reactor_utilization": {
          "shard": "22",
          "value": 0.025785140000000872
        }
      },
      {
        "reactor_utilization": {
          "shard": "23",
          "value": 0.027480899999976494
        }
      },
      {
        "reactor_utilization": {
          "shard": "24",
          "value": 0.028784279999982676
        }
      },
      {
        "reactor_utilization": {
          "shard": "25",
          "value": 0.027147600000010375
        }
      },
      {
        "reactor_utilization": {
          "shard": "26",
          "value": 0.029628799999970035
        }
      },
      {
        "reactor_utilization": {
          "shard": "27",
          "value": 0.025421440000017448
        }
      }
    ]
  },
  {
    "metrics": [
      {
        "reactor_utilization": {
          "shard": "0",
          "value": 0.087890820000013914
        }
      },
      {
        "reactor_utilization": {
          "shard": "1",
          "value": 0.027839800000006854
        }
      },
      {
        "reactor_utilization": {
          "shard": "2",
          "value": 0.028000239999981247
        }
      },
      {
        "reactor_utilization": {
          "shard": "3",
          "value": 0.036776480000000333
        }
      },
      {
        "reactor_utilization": {
          "shard": "4",
          "value": 0.026483140000022054
        }
      },
      {
        "reactor_utilization": {
          "shard": "5",
          "value": 0.024213879999979149
        }
      },
      {
        "reactor_utilization": {
          "shard": "6",
          "value": 0.02646581999997677
        }
      },
      {
        "reactor_utilization": {
          "shard": "7",
          "value": 0.024809200000042164
        }
      },
      {
        "reactor_utilization": {
          "shard": "8",
          "value": 0.023938419999991467
        }
      },
      {
        "reactor_utilization": {
          "shard": "9",
          "value": 0.024754359999978881
        }
      },
      {
        "reactor_utilization": {
          "shard": "10",
          "value": 0.024028480000004571
        }
      },
      {
        "reactor_utilization": {
          "shard": "11",
          "value": 0.024342739999982932
        }
      },
      {
        "reactor_utilization": {
          "shard": "12",
          "value": 0.025190960000009976
        }
      },
      {
        "reactor_utilization": {
          "shard": "13",
          "value": 0.024636000000033409
        }
      },
      {
        "reactor_utilization": {
          "shard": "14",
          "value": 0.025778799999964797
        }
      },
      {
        "reactor_utilization": {
          "shard": "15",
          "value": 0.026713119999988155
        }
      },
      {
        "reactor_utilization": {
          "shard": "16",
          "value": 0.024054720000021845
        }
      },
      {
        "reactor_utilization": {
          "shard": "17",
          "value": 0.026348999999981082
        }
      },
      {
        "reactor_utilization": {
          "shard": "18",
          "value": 0.028124639999993484
        }
      },
      {
        "reactor_utilization": {
          "shard": "19",
          "value": 0.025852919999991286
        }
      },
      {
        "reactor_utilization": {
          "shard": "20",
          "value": 0.023156839999982637
        }
      },
      {
        "reactor_utilization": {
          "shard": "21",
          "value": 0.023176120000001355
        }
      },
      {
        "reactor_utilization": {
          "shard": "22",
          "value": 0.027395500000015893
        }
      },
      {
        "reactor_utilization": {
          "shard": "23",
          "value": 0.0266357799999839
        }
      },
      {
        "reactor_utilization": {
          "shard": "24",
          "value": 0.029033199999983772
        }
      },
      {
        "reactor_utilization": {
          "shard": "25",
          "value": 0.028301400000030341
        }
      },
      {
        "reactor_utilization": {
          "shard": "26",
          "value": 0.028142619999982355
        }
      },
      {
        "reactor_utilization": {
          "shard": "27",
          "value": 0.031608860000020833
        }
      }
    ]
  },
  {
    "metrics": [
      {
        "reactor_utilization": {
          "shard": "0",
          "value": 0.092623040000028301
        }
      },
      {
        "reactor_utilization": {
          "shard": "1",
          "value": 0.020364640000014589
        }
      },
      {
        "reactor_utilization": {
          "shard": "2",
          "value": 0.021620420000001417
        }
      },
      {
        "reactor_utilization": {
          "shard": "3",
          "value": 0.042127640000011457
        }
      },
      {
        "reactor_utilization": {
          "shard": "4",
          "value": 0.025384100000014342
        }
      },
      {
        "reactor_utilization": {
          "shard": "5",
          "value": 0.013709859999988527
        }
      },
      {
        "reactor_utilization": {
          "shard": "6",
          "value": 0.015112100000003181
        }
      },
      {
        "reactor_utilization": {
          "shard": "7",
          "value": 0.013087500000041885
        }
      },
      {
        "reactor_utilization": {
          "shard": "8",
          "value": 0.014949379999995571
        }
      },
      {
        "reactor_utilization": {
          "shard": "9",
          "value": 0.019633799999962953
        }
      },
      {
        "reactor_utilization": {
          "shard": "10",
          "value": 0.015371060000002323
        }
      },
      {
        "reactor_utilization": {
          "shard": "11",
          "value": 0.016040079999979362
        }
      },
      {
        "reactor_utilization": {
          "shard": "12",
          "value": 0.016669020000015244
        }
      },
      {
        "reactor_utilization": {
          "shard": "13",
          "value": 0.017871040000039251
        }
      },
      {
        "reactor_utilization": {
          "shard": "14",
          "value": 0.020045379999977797
        }
      },
      {
        "reactor_utilization": {
          "shard": "15",
          "value": 0.017337459999988702
        }
      },
      {
        "reactor_utilization": {
          "shard": "16",
          "value": 0.020305660000019543
        }
      },
      {
        "reactor_utilization": {
          "shard": "17",
          "value": 0.013032079999941715
        }
      },
      {
        "reactor_utilization": {
          "shard": "18",
          "value": 0.023170620000023678
        }
      },
      {
        "reactor_utilization": {
          "shard": "19",
          "value": 0.022304819999963144
        }
      },
      {
        "reactor_utilization": {
          "shard": "20",
          "value": 0.018501820000005331
        }
      },
      {
        "reactor_utilization": {
          "shard": "21",
          "value": 0.020157740000004143
        }
      },
      {
        "reactor_utilization": {
          "shard": "22",
          "value": 0.022396100000010577
        }
      },
      {
        "reactor_utilization": {
          "shard": "23",
          "value": 0.02061785999998289
        }
      },
      {
        "reactor_utilization": {
          "shard": "24",
          "value": 0.022012179999963966
        }
      },
      {
        "reactor_utilization": {
          "shard": "25",
          "value": 0.022288940000048107
        }
      },
      {
        "reactor_utilization": {
          "shard": "26",
          "value": 0.019644280000008507
        }
      },
      {
        "reactor_utilization": {
          "shard": "27",
          "value": 0.029216940000020841
        }
      }
    ]
  },
  {
    "metrics": [
      {
        "reactor_utilization": {
          "shard": "0",
          "value": 0.083252720000026592
        }
      },
      {
        "reactor_utilization": {
          "shard": "1",
          "value": 0.018194639999991047
        }
      },
      {
        "reactor_utilization": {
          "shard": "2",
          "value": 0.02033130000002048
        }
      },
      {
        "reactor_utilization": {
          "shard": "3",
          "value": 0.024103700000011052
        }
      },
      {
        "reactor_utilization": {
          "shard": "4",
          "value": 0.025516760000032779
        }
      },
      {
        "reactor_utilization": {
          "shard": "5",
          "value": 0.023870240000001264
        }
      },
      {
        "reactor_utilization": {
          "shard": "6",
          "value": 0.023946119999984639
        }
      },
      {
        "reactor_utilization": {
          "shard": "7",
          "value": 0.023603380000047913
        }
      },
      {
        "reactor_utilization": {
          "shard": "8",
          "value": 0.02247647999999991
        }
      },
      {
        "reactor_utilization": {
          "shard": "9",
          "value": 0.020175119999943369
        }
      },
      {
        "reactor_utilization": {
          "shard": "10",
          "value": 0.020421920000002203
        }
      },
      {
        "reactor_utilization": {
          "shard": "11",
          "value": 0.024360479999996354
        }
      },
      {
        "reactor_utilization": {
          "shard": "12",
          "value": 0.023744640000022965
        }
      },
      {
        "reactor_utilization": {
          "shard": "13",
          "value": 0.023852700000026594
        }
      },
      {
        "reactor_utilization": {
          "shard": "14",
          "value": 0.017284759999980359
        }
      },
      {
        "reactor_utilization": {
          "shard": "15",
          "value": 0.025828999999988334
        }
      },
      {
        "reactor_utilization": {
          "shard": "16",
          "value": 0.015829720000026803
        }
      },
      {
        "reactor_utilization": {
          "shard": "17",
          "value": 0.026078239999949293
        }
      },
      {
        "reactor_utilization": {
          "shard": "18",
          "value": 0.021653020000000911
        }
      },
      {
        "reactor_utilization": {
          "shard": "19",
          "value": 0.020913119999965701
        }
      },
      {
        "reactor_utilization": {
          "shard": "20",
          "value": 0.030376420000011173
        }
      },
      {
        "reactor_utilization": {
          "shard": "21",
          "value": 0.01721601999998823
        }
      },
      {
        "reactor_utilization": {
          "shard": "22",
          "value": 0.017552780000018586
        }
      },
      {
        "reactor_utilization": {
          "shard": "23",
          "value": 0.01996457999998702
        }
      },
      {
        "reactor_utilization": {
          "shard": "24",
          "value": 0.020911879999974126
        }
      },
      {
        "reactor_utilization": {
          "shard": "25",
          "value": 0.020888380000039231
        }
      },
      {
        "reactor_utilization": {
          "shard": "26",
          "value": 0.022758579999992978
        }
      },
      {
        "reactor_utilization": {
          "shard": "27",
          "value": 0.024342200000004866
        }
      }
    ]
  },
  {
    "metrics": [
      {
        "reactor_utilization": {
          "shard": "0",
          "value": 0.089169980000014526
        }
      },
      {
        "reactor_utilization": {
          "shard": "1",
          "value": 0.023038920000006957
        }
      },
      {
        "reactor_utilization": {
          "shard": "2",
          "value": 0.023035120000014508
        }
      },
      {
        "reactor_utilization": {
          "shard": "3",
          "value": 0.04354870000001787
        }
      },
      {
        "reactor_utilization": {
          "shard": "4",
          "value": 0.029446080000039565
        }
      },
      {
        "reactor_utilization": {
          "shard": "5",
          "value": 0.025381060000007061
        }
      },
      {
        "reactor_utilization": {
          "shard": "6",
          "value": 0.025244739999985555
        }
      },
      {
        "reactor_utilization": {
          "shard": "7",
          "value": 0.029415920000031015
        }
      },
      {
        "reactor_utilization": {
          "shard": "8",
          "value": 0.024063440000010594
        }
      },
      {
        "reactor_utilization": {
          "shard": "9",
          "value": 0.028093459999933845
        }
      },
      {
        "reactor_utilization": {
          "shard": "10",
          "value": 0.025579119999985522
        }
      },
      {
        "reactor_utilization": {
          "shard": "11",
          "value": 0.028564099999972559
        }
      },
      {
        "reactor_utilization": {
          "shard": "12",
          "value": 0.033573860000002398
        }
      },
      {
        "reactor_utilization": {
          "shard": "13",
          "value": 0.028030240000020967
        }
      },
      {
        "reactor_utilization": {
          "shard": "14",
          "value": 0.025121379999981652
        }
      },
      {
        "reactor_utilization": {
          "shard": "15",
          "value": 0.029440099999977765
        }
      },
      {
        "reactor_utilization": {
          "shard": "16",
          "value": 0.024921420000034722
        }
      },
      {
        "reactor_utilization": {
          "shard": "17",
          "value": 0.022852199999967571
        }
      },
      {
        "reactor_utilization": {
          "shard": "18",
          "value": 0.027408360000025223
        }
      },
      {
        "reactor_utilization": {
          "shard": "19",
          "value": 0.0261707599999772
        }
      },
      {
        "reactor_utilization": {
          "shard": "20",
          "value": 0.025593300000026353
        }
      },
      {
        "reactor_utilization": {
          "shard": "21",
          "value": 0.029009299999993576
        }
      },
      {
        "reactor_utilization": {
          "shard": "22",
          "value": 0.024036080000011673
        }
      },
      {
        "reactor_utilization": {
          "shard": "23",
          "value": 0.026490980000004605
        }
      },
      {
        "reactor_utilization": {
          "shard": "24",
          "value": 0.027211759999978824
        }
      },
      {
        "reactor_utilization": {
          "shard": "25",
          "value": 0.029214160000035072
        }
      },
      {
        "reactor_utilization": {
          "shard": "26",
          "value": 0.028658640000001068
        }
      },
      {
        "reactor_utilization": {
          "shard": "27",
          "value": 0.031731000000023712
        }
      }
    ]
  },
  {
    "metrics": [
      {
        "reactor_utilization": {
          "shard": "0",
          "value": 0.083135300000014567
        }
      },
      {
        "reactor_utilization": {
          "shard": "1",
          "value": 0.019621840000016988
        }
      },
      {
        "reactor_utilization": {
          "shard": "2",
          "value": 0.022743680000014699
        }
      },
      {
        "reactor_utilization": {
          "shard": "3",
          "value": 0.042198160000017637
        }
      },
      {
        "reactor_utilization": {
          "shard": "4",
          "value": 0.02442290000004288
        }
      },
      {
        "reactor_utilization": {
          "shard": "5",
          "value": 0.020677580000005857
        }
      },
      {
        "reactor_utilization": {
          "shard": "6",
          "value": 0.020767239999985865
        }
      },
      {
        "reactor_utilization": {
          "shard": "7",
          "value": 0.020648220000052397
        }
      },
      {
        "reactor_utilization": {
          "shard": "8",
          "value": 0.021618159999992059
        }
      },
      {
        "reactor_utilization": {
          "shard": "9",
          "value": 0.022755459999923566
        }
      },
      {
        "reactor_utilization": {
          "shard": "10",
          "value": 0.020375899999980351
        }
      },
      {
        "reactor_utilization": {
          "shard": "11",
          "value": 0.020228279999967569
        }
      },
      {
        "reactor_utilization": {
          "shard": "12",
          "value": 0.021460419999996816
        }
      },
      {
        "reactor_utilization": {
          "shard": "13",
          "value": 0.021835440000039785
        }
      },
      {
        "reactor_utilization": {
          "shard": "14",
          "value": 0.019659559999973819
        }
      },
      {
        "reactor_utilization": {
          "shard": "15",
          "value": 0.021457959999993115
        }
      },
      {
        "reactor_utilization": {
          "shard": "16",
          "value": 0.021623240000034905
        }
      },
      {
        "reactor_utilization": {
          "shard": "17",
          "value": 0.020129719999983919
        }
      },
      {
        "reactor_utilization": {
          "shard": "18",
          "value": 0.0251007600000408
        }
      },
      {
        "reactor_utilization": {
          "shard": "19",
          "value": 0.022116839999952731
        }
      },
      {
        "reactor_utilization": {
          "shard": "20",
          "value": 0.019737480000026064
        }
      },
      {
        "reactor_utilization": {
          "shard": "21",
          "value": 0.021322200000006841
        }
      },
      {
        "reactor_utilization": {
          "shard": "22",
          "value": 0.019546300000006234
        }
      },
      {
        "reactor_utilization": {
          "shard": "23",
          "value": 0.020219579999980475
        }
      },
      {
        "reactor_utilization": {
          "shard": "24",
          "value": 0.020329839999999599
        }
      },
      {
        "reactor_utilization": {
          "shard": "25",
          "value": 0.020152700000020118
        }
      },
      {
        "reactor_utilization": {
          "shard": "26",
          "value": 0.019723120000003647
        }
      },
      {
        "reactor_utilization": {
          "shard": "27",
          "value": 0.024685840000027159
        }
      }
    ]
  },
  {
    "metrics": [
      {
        "reactor_utilization": {
          "shard": "0",
          "value": 0.097677740000001734
        }
      },
      {
        "reactor_utilization": {
          "shard": "1",
          "value": 0.020559500000016939
        }
      },
      {
        "reactor_utilization": {
          "shard": "2",
          "value": 0.025417000000005352
        }
      },
      {
        "reactor_utilization": {
          "shard": "3",
          "value": 0.027367300000014083
        }
      },
      {
        "reactor_utilization": {
          "shard": "4",
          "value": 0.03378778000003857
        }
      },
      {
        "reactor_utilization": {
          "shard": "5",
          "value": 0.028370639999997227
        }
      },
      {
        "reactor_utilization": {
          "shard": "6",
          "value": 0.028533259999974359
        }
      },
      {
        "reactor_utilization": {
          "shard": "7",
          "value": 0.027354460000050818
        }
      },
      {
        "reactor_utilization": {
          "shard": "8",
          "value": 0.024794039999975759
        }
      },
      {
        "reactor_utilization": {
          "shard": "9",
          "value": 0.02758037999991414
        }
      },
      {
        "reactor_utilization": {
          "shard": "10",
          "value": 0.025127199999996908
        }
      },
      {
        "reactor_utilization": {
          "shard": "11",
          "value": 0.022853159999969286
        }
      },
      {
        "reactor_utilization": {
          "shard": "12",
          "value": 0.028875500000014043
        }
      },
      {
        "reactor_utilization": {
          "shard": "13",
          "value": 0.02667074000002323
        }
      },
      {
        "reactor_utilization": {
          "shard": "14",
          "value": 0.026584039999977271
        }
      },
      {
        "reactor_utilization": {
          "shard": "15",
          "value": 0.029892119999974653
        }
      },
      {
        "reactor_utilization": {
          "shard": "16",
          "value": 0.026708380000051157
        }
      },
      {
        "reactor_utilization": {
          "shard": "17",
          "value": 0.024621479999975548
        }
      },
      {
        "reactor_utilization": {
          "shard": "18",
          "value": 0.025958400000014592
        }
      },
      {
        "reactor_utilization": {
          "shard": "19",
          "value": 0.026443659999930702
        }
      },
      {
        "reactor_utilization": {
          "shard": "20",
          "value": 0.023750920000031872
        }
      },
      {
        "reactor_utilization": {
          "shard": "21",
          "value": 0.028126920000004496
        }
      },
      {
        "reactor_utilization": {
          "shard": "22",
          "value": 0.024145580000012323
        }
      },
      {
        "reactor_utilization": {
          "shard": "23",
          "value": 0.023883899999976865
        }
      },
      {
        "reactor_utilization": {
          "shard": "24",
          "value": 0.027206379999999974
        }
      },
      {
        "reactor_utilization": {
          "shard": "25",
          "value": 0.02697300000001901
        }
      },
      {
        "reactor_utilization": {
          "shard": "26",
          "value": 0.027133999999995329
        }
      },
      {
        "reactor_utilization": {
          "shard": "27",
          "value": 0.029292800000013663
        }
      }
    ]
  },
  {
    "metrics": [
      {
        "reactor_utilization": {
          "shard": "0",
          "value": 0.10253754000000281
        }
      },
      {
        "reactor_utilization": {
          "shard": "1",
          "value": 0.021995700000032592
        }
      },
      {
        "reactor_utilization": {
          "shard": "2",
          "value": 0.02144728000001983
        }
      },
      {
        "reactor_utilization": {
          "shard": "3",
          "value": 0.025272700000034121
        }
      },
      {
        "reactor_utilization": {
          "shard": "4",
          "value": 0.03544258000003353
        }
      },
      {
        "reactor_utilization": {
          "shard": "5",
          "value": 0.022549399999982622
        }
      },
      {
        "reactor_utilization": {
          "shard": "6",
          "value": 0.025169039999983767
        }
      },
      {
        "reactor_utilization": {
          "shard": "7",
          "value": 0.020665420000054446
        }
      },
      {
        "reactor_utilization": {
          "shard": "8",
          "value": 0.024256639999986618
        }
      },
      {
        "reactor_utilization": {
          "shard": "9",
          "value": 0.024655979999910205
        }
      },
      {
        "reactor_utilization": {
          "shard": "10",
          "value": 0.022646079999999458
        }
      },
      {
        "reactor_utilization": {
          "shard": "11",
          "value": 0.023615819999989185
        }
      },
      {
        "reactor_utilization": {
          "shard": "12",
          "value": 0.025216880000011876
        }
      },
      {
        "reactor_utilization": {
          "shard": "13",
          "value": 0.025063580000017627
        }
      },
      {
        "reactor_utilization": {
          "shard": "14",
          "value": 0.025028899999990362
        }
      },
      {
        "reactor_utilization": {
          "shard": "15",
          "value": 0.026412139999987261
        }
      },
      {
        "reactor_utilization": {
          "shard": "16",
          "value": 0.02380002000004211
        }
      },
      {
        "reactor_utilization": {
          "shard": "17",
          "value": 0.022478199999964588
        }
      },
      {
        "reactor_utilization": {
          "shard": "18",
          "value": 0.024356380000023492
        }
      },
      {
        "reactor_utilization": {
          "shard": "19",
          "value": 0.025070399999926885
        }
      },
      {
        "reactor_utilization": {
          "shard": "20",
          "value": 0.020567020000039626
        }
      },
      {
        "reactor_utilization": {
          "shard": "21",
          "value": 0.027151860000007577
        }
      },
      {
        "reactor_utilization": {
          "shard": "22",
          "value": 0.024353020000000836
        }
      },
      {
        "reactor_utilization": {
          "shard": "23",
          "value": 0.022901879999970287
        }
      },
      {
        "reactor_utilization": {
          "shard": "24",
          "value": 0.027085759999989634
        }
      },
      {
        "reactor_utilization": {
          "shard": "25",
          "value": 0.024578600000024764
        }
      },
      {
        "reactor_utilization": {
          "shard": "26",
          "value": 0.025510899999992009
        }
      },
      {
        "reactor_utilization": {
          "shard": "27",
          "value": 0.031506560000038597
        }
      }
    ]
  },
  {
    "metrics": [
      {
        "reactor_utilization": {
          "shard": "0",
          "value": 0.090590500000020668
        }
      },
      {
        "reactor_utilization": {
          "shard": "1",
          "value": 0.01682174000003922
        }
      },
      {
        "reactor_utilization": {
          "shard": "2",
          "value": 0.02166296000002399
        }
      },
      {
        "reactor_utilization": {
          "shard": "3",
          "value": 0.022153560000037764
        }
      },
      {
        "reactor_utilization": {
          "shard": "4",
          "value": 0.038857520000046275
        }
      },
      {
        "reactor_utilization": {
          "shard": "5",
          "value": 0.024981560000014724
        }
      },
      {
        "reactor_utilization": {
          "shard": "6",
          "value": 0.021585159999992776
        }
      },
      {
        "reactor_utilization": {
          "shard": "7",
          "value": 0.020364620000068445
        }
      },
      {
        "reactor_utilization": {
          "shard": "8",
          "value": 0.021741039999989553
        }
      },
      {
        "reactor_utilization": {
          "shard": "9",
          "value": 0.022187019999919677
        }
      },
      {
        "reactor_utilization": {
          "shard": "10",
          "value": 0.019487319999988983
        }
      },
      {
        "reactor_utilization": {
          "shard": "11",
          "value": 0.023337399999978636
        }
      },
      {
        "reactor_utilization": {
          "shard": "12",
          "value": 0.019992840000015999
        }
      },
      {
        "reactor_utilization": {
          "shard": "13",
          "value": 0.024632920000022818
        }
      },
      {
        "reactor_utilization": {
          "shard": "14",
          "value": 0.021510659999957049
        }
      },
      {
        "reactor_utilization": {
          "shard": "15",
          "value": 0.019509359999991815
        }
      },
      {
        "reactor_utilization": {
          "shard": "16",
          "value": 0.01840284000003134
        }
      },
      {
        "reactor_utilization": {
          "shard": "17",
          "value": 0.020751159999954361
        }
      },
      {
        "reactor_utilization": {
          "shard": "18",
          "value": 0.022542800000024954
        }
      },
      {
        "reactor_utilization": {
          "shard": "19",
          "value": 0.023631459999928772
        }
      },
      {
        "reactor_utilization": {
          "shard": "20",
          "value": 0.021875940000048999
        }
      },
      {
        "reactor_utilization": {
          "shard": "21",
          "value": 0.022364000000008044
        }
      },
      {
        "reactor_utilization": {
          "shard": "22",
          "value": 0.02313605999999524
        }
      },
      {
        "reactor_utilization": {
          "shard": "23",
          "value": 0.019367139999981742
        }
      },
      {
        "reactor_utilization": {
          "shard": "24",
          "value": 0.023482499999993856
        }
      },
      {
        "reactor_utilization": {
          "shard": "25",
          "value": 0.024121440000013372
        }
      },
      {
        "reactor_utilization": {
          "shard": "26",
          "value": 0.021633239999996334
        }
      },
      {
        "reactor_utilization": {
          "shard": "27",
          "value": 0.024995080000034253
        }
      }
    ]
  },
  {
    "metrics": [
      {
        "reactor_utilization": {
          "shard": "0",
          "value": 0.088971340000043586
        }
      },
      {
        "reactor_utilization": {
          "shard": "1",
          "value": 0.023966980000023064
        }
      },
      {
        "reactor_utilization": {
          "shard": "2",
          "value": 0.023518680000012004
        }
      },
      {
        "reactor_utilization": {
          "shard": "3",
          "value": 0.027438720000017014
        }
      },
      {
        "reactor_utilization": {
          "shard": "4",
          "value": 0.041496220000047934
        }
      },
      {
        "reactor_utilization": {
          "shard": "5",
          "value": 0.021100580000010805
        }
      },
      {
        "reactor_utilization": {
          "shard": "6",
          "value": 0.027341659999979839
        }
      },
      {
        "reactor_utilization": {
          "shard": "7",
          "value": 0.022576920000061396
        }
      },
      {
        "reactor_utilization": {
          "shard": "8",
          "value": 0.025324599999976272
        }
      },
      {
        "reactor_utilization": {
          "shard": "9",
          "value": 0.027267039999911979
        }
      },
      {
        "reactor_utilization": {
          "shard": "10",
          "value": 0.022272260000000266
        }
      },
      {
        "reactor_utilization": {
          "shard": "11",
          "value": 0.026417159999958528
        }
      },
      {
        "reactor_utilization": {
          "shard": "12",
          "value": 0.022584060000041539
        }
      },
      {
        "reactor_utilization": {
          "shard": "13",
          "value": 0.022104200000028218
        }
      },
      {
        "reactor_utilization": {
          "shard": "14",
          "value": 0.024774599999966007
        }
      },
      {
        "reactor_utilization": {
          "shard": "15",
          "value": 0.02513383999998009
        }
      },
      {
        "reactor_utilization": {
          "shard": "16",
          "value": 0.023817060000042023
        }
      },
      {
        "reactor_utilization": {
          "shard": "17",
          "value": 0.026640919999953994
        }
      },
      {
        "reactor_utilization": {
          "shard": "18",
          "value": 0.024622500000026637
        }
      },
      {
        "reactor_utilization": {
          "shard": "19",
          "value": 0.027880079999931251
        }
      },
      {
        "reactor_utilization": {
          "shard": "20",
          "value": 0.023772240000052847
        }
      },
      {
        "reactor_utilization": {
          "shard": "21",
          "value": 0.023227760000010811
        }
      },
      {
        "reactor_utilization": {
          "shard": "22",
          "value": 0.02436503999997397
        }
      },
      {
        "reactor_utilization": {
          "shard": "23",
          "value": 0.025662540000004341
        }
      },
      {
        "reactor_utilization": {
          "shard": "24",
          "value": 0.028110979999973473
        }
      },
      {
        "reactor_utilization": {
          "shard": "25",
          "value": 0.023826459999998217
        }
      },
      {
        "reactor_utilization": {
          "shard": "26",
          "value": 0.031181100000021722
        }
      },
      {
        "reactor_utilization": {
          "shard": "27",
          "value": 0.03099530000002515
        }
      }
    ]
  },
  {
    "metrics": [
      {
        "reactor_utilization": {
          "shard": "0",
          "value": 0.079125100000054793
        }
      },
      {
        "reactor_utilization": {
          "shard": "1",
          "value": 0.023156120000011882
        }
      },
      {
        "reactor_utilization": {
          "shard": "2",
          "value": 0.02248822000001649
        }
      },
      {
        "reactor_utilization": {
          "shard": "3",
          "value": 0.023568660000017339
        }
      },
      {
        "reactor_utilization": {
          "shard": "4",
          "value": 0.036668980000054141
        }
      },
      {
        "reactor_utilization": {
          "shard": "5",
          "value": 0.021134100000019806
        }
      },
      {
        "reactor_utilization": {
          "shard": "6",
          "value": 0.023568879999991132
        }
      },
      {
        "reactor_utilization": {
          "shard": "7",
          "value": 0.019246140000073186
        }
      },
      {
        "reactor_utilization": {
          "shard": "8",
          "value": 0.021683499999980427
        }
      },
      {
        "reactor_utilization": {
          "shard": "9",
          "value": 0.021766919999910428
        }
      },
      {
        "reactor_utilization": {
          "shard": "10",
          "value": 0.019696900000010231
        }
      },
      {
        "reactor_utilization": {
          "shard": "11",
          "value": 0.019974379999954106
        }
      },
      {
        "reactor_utilization": {
          "shard": "12",
          "value": 0.020666260000024028
        }
      },
      {
        "reactor_utilization": {
          "shard": "13",
          "value": 0.021043220000027674
        }
      },
      {
        "reactor_utilization": {
          "shard": "14",
          "value": 0.021021599999981877
        }
      },
      {
        "reactor_utilization": {
          "shard": "15",
          "value": 0.022812119999993108
        }
      },
      {
        "reactor_utilization": {
          "shard": "16",
          "value": 0.021159060000042196
        }
      },
      {
        "reactor_utilization": {
          "shard": "17",
          "value": 0.020575179999959836
        }
      },
      {
        "reactor_utilization": {
          "shard": "18",
          "value": 0.022644840000030086
        }
      },
      {
        "reactor_utilization": {
          "shard": "19",
          "value": 0.023708059999949516
        }
      },
      {
        "reactor_utilization": {
          "shard": "20",
          "value": 0.021309860000040537
        }
      },
      {
        "reactor_utilization": {
          "shard": "21",
          "value": 0.022859180000023294
        }
      },
      {
        "reactor_utilization": {
          "shard": "22",
          "value": 0.022808799999962659
        }
      },
      {
        "reactor_utilization": {
          "shard": "23",
          "value": 0.018903179999996134
        }
      },
      {
        "reactor_utilization": {
          "shard": "24",
          "value": 0.023445379999964544
        }
      },
      {
        "reactor_utilization": {
          "shard": "25",
          "value": 0.024102020000005275
        }
      },
      {
        "reactor_utilization": {
          "shard": "26",
          "value": 0.022575520000023275
        }
      },
      {
        "reactor_utilization": {
          "shard": "27",
          "value": 0.024967120000018994
        }
      }
    ]
  },
  {
    "metrics": [
      {
        "reactor_utilization": {
          "shard": "0",
          "value": 0.095897120000043579
        }
      },
      {
        "reactor_utilization": {
          "shard": "1",
          "value": 0.029337520000005668
        }
      },
      {
        "reactor_utilization": {
          "shard": "2",
          "value": 0.026074700000000561
        }
      },
      {
        "reactor_utilization": {
          "shard": "3",
          "value": 0.031000840000006136
        }
      },
      {
        "reactor_utilization": {
          "shard": "4",
          "value": 0.020340560000053909
        }
      },
      {
        "reactor_utilization": {
          "shard": "5",
          "value": 0.018665620000035688
        }
      },
      {
        "reactor_utilization": {
          "shard": "6",
          "value": 0.01645703999999526
        }
      },
      {
        "reactor_utilization": {
          "shard": "7",
          "value": 0.018396680000076771
        }
      },
      {
        "reactor_utilization": {
          "shard": "8",
          "value": 0.016563099999977737
        }
      },
      {
        "reactor_utilization": {
          "shard": "9",
          "value": 0.031339559999910005
        }
      },
      {
        "reactor_utilization": {
          "shard": "10",
          "value": 0.017572499999995994
        }
      },
      {
        "reactor_utilization": {
          "shard": "11",
          "value": 0.013479399999960506
        }
      },
      {
        "reactor_utilization": {
          "shard": "12",
          "value": 0.018328560000013816
        }
      },
      {
        "reactor_utilization": {
          "shard": "13",
          "value": 0.014543840000047492
        }
      },
      {
        "reactor_utilization": {
          "shard": "14",
          "value": 0.027105039999963942
        }
      },
      {
        "reactor_utilization": {
          "shard": "15",
          "value": 0.018845479999973769
        }
      },
      {
        "reactor_utilization": {
          "shard": "16",
          "value": 0.023976080000043254
        }
      },
      {
        "reactor_utilization": {
          "shard": "17",
          "value": 0.016081519999955329
        }
      },
      {
        "reactor_utilization": {
          "shard": "18",
          "value": 0.029088720000036705
        }
      },
      {
        "reactor_utilization": {
          "shard": "19",
          "value": 0.030547419999948922
        }
      },
      {
        "reactor_utilization": {
          "shard": "20",
          "value": 0.0279657800000499
        }
      },
      {
        "reactor_utilization": {
          "shard": "21",
          "value": 0.027175100000043084
        }
      },
      {
        "reactor_utilization": {
          "shard": "22",
          "value": 0.029034839999986239
        }
      },
      {
        "reactor_utilization": {
          "shard": "23",
          "value": 0.026661480000012006
        }
      },
      {
        "reactor_utilization": {
          "shard": "24",
          "value": 0.026781899999983594
        }
      },
      {
        "reactor_utilization": {
          "shard": "25",
          "value": 0.028363400000031014
        }
      },
      {
        "reactor_utilization": {
          "shard": "26",
          "value": 0.031951660000018034
        }
      },
      {
        "reactor_utilization": {
          "shard": "27",
          "value": 0.028106260000027028
        }
      }
    ]
  },
  {
    "metrics": [
      {
        "reactor_utilization": {
          "shard": "0",
          "value": 0.088531620000042999
        }
      },
      {
        "reactor_utilization": {
          "shard": "1",
          "value": 0.016671580000005015
        }
      },
      {
        "reactor_utilization": {
          "shard": "2",
          "value": 0.018462719999989829
        }
      },
      {
        "reactor_utilization": {
          "shard": "3",
          "value": 0.017697880000011601
        }
      },
      {
        "reactor_utilization": {
          "shard": "4",
          "value": 0.024264880000057776
        }
      },
      {
        "reactor_utilization": {
          "shard": "5",
          "value": 0.023048780000034519
        }
      },
      {
        "reactor_utilization": {
          "shard": "6",
          "value": 0.024938540000007947
        }
      },
      {
        "reactor_utilization": {
          "shard": "7",
          "value": 0.021857300000083235
        }
      },
      {
        "reactor_utilization": {
          "shard": "8",
          "value": 0.024054619999980265
        }
      },
      {
        "reactor_utilization": {
          "shard": "9",
          "value": 0.025599999999903478
        }
      },
      {
        "reactor_utilization": {
          "shard": "10",
          "value": 0.024128479999985242
        }
      },
      {
        "reactor_utilization": {
          "shard": "11",
          "value": 0.021771879999943344
        }
      },
      {
        "reactor_utilization": {
          "shard": "12",
          "value": 0.024976600000026217
        }
      },
      {
        "reactor_utilization": {
          "shard": "13",
          "value": 0.022685380000031508
        }
      },
      {
        "reactor_utilization": {
          "shard": "14",
          "value": 0.01959515999997441
        }
      },
      {
        "reactor_utilization": {
          "shard": "15",
          "value": 0.026183939999990802
        }
      },
      {
        "reactor_utilization": {
          "shard": "16",
          "value": 0.020399980000040951
        }
      },
      {
        "reactor_utilization": {
          "shard": "17",
          "value": 0.022218939999962828
        }
      },
      {
        "reactor_utilization": {
          "shard": "18",
          "value": 0.018324920000023504
        }
      },
      {
        "reactor_utilization": {
          "shard": "19",
          "value": 0.017348099999936473
        }
      },
      {
        "reactor_utilization": {
          "shard": "20",
          "value": 0.017384540000064952
        }
      },
      {
        "reactor_utilization": {
          "shard": "21",
          "value": 0.017007520000023035
        }
      },
      {
        "reactor_utilization": {
          "shard": "22",
          "value": 0.017925900000004269
        }
      },
      {
        "reactor_utilization": {
          "shard": "23",
          "value": 0.01520474000000771
        }
      },
      {
        "reactor_utilization": {
          "shard": "24",
          "value": 0.016682759999975261
        }
      },
      {
        "reactor_utilization": {
          "shard": "25",
          "value": 0.019430460000013916
        }
      },
      {
        "reactor_utilization": {
          "shard": "26",
          "value": 0.029313380000017819
        }
      },
      {
        "reactor_utilization": {
          "shard": "27",
          "value": 0.024489100000013586
        }
      }
    ]
  },
  {
    "metrics": [
      {
        "reactor_utilization": {
          "shard": "0",
          "value": 0.096913920000030185
        }
      },
      {
        "reactor_utilization": {
          "shard": "1",
          "value": 0.017230559999992234
        }
      },
      {
        "reactor_utilization": {
          "shard": "2",
          "value": 0.02116885999999818
        }
      },
      {
        "reactor_utilization": {
          "shard": "3",
          "value": 0.021320760000020922
        }
      },
      {
        "reactor_utilization": {
          "shard": "4",
          "value": 0.035571960000058134
        }
      },
      {
        "reactor_utilization": {
          "shard": "5",
          "value": 0.026376020000029587
        }
      },
      {
        "reactor_utilization": {
          "shard": "6",
          "value": 0.022993480000010891
        }
      },
      {
        "reactor_utilization": {
          "shard": "7",
          "value": 0.018304120000078861
        }
      },
      {
        "reactor_utilization": {
          "shard": "8",
          "value": 0.018533479999982561
        }
      },
      {
        "reactor_utilization": {
          "shard": "9",
          "value": 0.023182479999905858
        }
      },
      {
        "reactor_utilization": {
          "shard": "10",
          "value": 0.0227256199999748
        }
      },
      {
        "reactor_utilization": {
          "shard": "11",
          "value": 0.020552659999950595
        }
      },
      {
        "reactor_utilization": {
          "shard": "12",
          "value": 0.018872740000008825
        }
      },
      {
        "reactor_utilization": {
          "shard": "13",
          "value": 0.020468180000055014
        }
      },
      {
        "reactor_utilization": {
          "shard": "14",
          "value": 0.020047059999983574
        }
      },
      {
        "reactor_utilization": {
          "shard": "15",
          "value": 0.022642179999987633
        }
      },
      {
        "reactor_utilization": {
          "shard": "16",
          "value": 0.019378400000036322
        }
      },
      {
        "reactor_utilization": {
          "shard": "17",
          "value": 0.018373959999984368
        }
      },
      {
        "reactor_utilization": {
          "shard": "18",
          "value": 0.021363620000025563
        }
      },
      {
        "reactor_utilization": {
          "shard": "19",
          "value": 0.021816439999933213
        }
      },
      {
        "reactor_utilization": {
          "shard": "20",
          "value": 0.022997180000072781
        }
      },
      {
        "reactor_utilization": {
          "shard": "21",
          "value": 0.020767260000009724
        }
      },
      {
        "reactor_utilization": {
          "shard": "22",
          "value": 0.018809159999999547
        }
      },
      {
        "reactor_utilization": {
          "shard": "23",
          "value": 0.017861320000001069
        }
      },
      {
        "reactor_utilization": {
          "shard": "24",
          "value": 0.018141579999997326
        }
      },
      {
        "reactor_utilization": {
          "shard": "25",
          "value": 0.022129619999988748
        }
      },
      {
        "reactor_utilization": {
          "shard": "26",
          "value": 0.021942980000022594
        }
      },
      {
        "reactor_utilization": {
          "shard": "27",
          "value": 0.02210430000002539
        }
      }
    ]
  },
  {
    "metrics": [
      {
        "reactor_utilization": {
          "shard": "0",
          "value": 0.086872900000045661
        }
      },
      {
        "reactor_utilization": {
          "shard": "1",
          "value": 0.021519539999981241
        }
      },
      {
        "reactor_utilization": {
          "shard": "2",
          "value": 0.023735920000012012
        }
      },
      {
        "reactor_utilization": {
          "shard": "3",
          "value": 0.025096540000024703
        }
      },
      {
        "reactor_utilization": {
          "shard": "4",
          "value": 0.033213560000056042
        }
      },
      {
        "reactor_utilization": {
          "shard": "5",
          "value": 0.021272240000036469
        }
      },
      {
        "reactor_utilization": {
          "shard": "6",
          "value": 0.030120620000029241
        }
      },
      {
        "reactor_utilization": {
          "shard": "7",
          "value": 0.021281740000089755
        }
      },
      {
        "reactor_utilization": {
          "shard": "8",
          "value": 0.028943779999990316
        }
      },
      {
        "reactor_utilization": {
          "shard": "9",
          "value": 0.027802699999912583
        }
      },
      {
        "reactor_utilization": {
          "shard": "10",
          "value": 0.022142219999987667
        }
      },
      {
        "reactor_utilization": {
          "shard": "11",
          "value": 0.024004639999941624
        }
      },
      {
        "reactor_utilization": {
          "shard": "12",
          "value": 0.027130800000019217
        }
      },
      {
        "reactor_utilization": {
          "shard": "13",
          "value": 0.025332180000048332
        }
      },
      {
        "reactor_utilization": {
          "shard": "14",
          "value": 0.027197479999996332
        }
      },
      {
        "reactor_utilization": {
          "shard": "15",
          "value": 0.029359539999984641
        }
      },
      {
        "reactor_utilization": {
          "shard": "16",
          "value": 0.029773480000061525
        }
      },
      {
        "reactor_utilization": {
          "shard": "17",
          "value": 0.022552899999983556
        }
      },
      {
        "reactor_utilization": {
          "shard": "18",
          "value": 0.022896820000006812
        }
      },
      {
        "reactor_utilization": {
          "shard": "19",
          "value": 0.021234139999926072
        }
      },
      {
        "reactor_utilization": {
          "shard": "20",
          "value": 0.023109060000070514
        }
      },
      {
        "reactor_utilization": {
          "shard": "21",
          "value": 0.023266799999999144
        }
      },
      {
        "reactor_utilization": {
          "shard": "22",
          "value": 0.021421759999995515
        }
      },
      {
        "reactor_utilization": {
          "shard": "23",
          "value": 0.023105899999975588
        }
      },
      {
        "reactor_utilization": {
          "shard": "24",
          "value": 0.02379490000001816
        }
      },
      {
        "reactor_utilization": {
          "shard": "25",
          "value": 0.026039340000005851
        }
      },
      {
        "reactor_utilization": {
          "shard": "26",
          "value": 0.028463120000021824
        }
      },
      {
        "reactor_utilization": {
          "shard": "27",
          "value": 0.029462280000003283
        }
      }
    ]
  },
  {
    "metrics": [
      {
        "reactor_utilization": {
          "shard": "0",
          "value": 0.094507860000037081
        }
      },
      {
        "reactor_utilization": {
          "shard": "1",
          "value": 0.028971959999979369
        }
      },
      {
        "reactor_utilization": {
          "shard": "2",
          "value": 0.028968219999991884
        }
      },
      {
        "reactor_utilization": {
          "shard": "3",
          "value": 0.024944540000015891
        }
      },
      {
        "reactor_utilization": {
          "shard": "4",
          "value": 0.040085360000052805
        }
      },
      {
        "reactor_utilization": {
          "shard": "5",
          "value": 0.022128600000037579
        }
      },
      {
        "reactor_utilization": {
          "shard": "6",
          "value": 0.027814600000009015
        }
      },
      {
        "reactor_utilization": {
          "shard": "7",
          "value": 0.022458260000079999
        }
      },
      {
        "reactor_utilization": {
          "shard": "8",
          "value": 0.022774199999986422
        }
      },
      {
        "reactor_utilization": {
          "shard": "9",
          "value": 0.022258319999912679
        }
      },
      {
        "reactor_utilization": {
          "shard": "10",
          "value": 0.023000960000008064
        }
      },
      {
        "reactor_utilization": {
          "shard": "11",
          "value": 0.030020519999940376
        }
      },
      {
        "reactor_utilization": {
          "shard": "12",
          "value": 0.024926700000027502
        }
      },
      {
        "reactor_utilization": {
          "shard": "13",
          "value": 0.026123220000040526
        }
      },
      {
        "reactor_utilization": {
          "shard": "14",
          "value": 0.023526699999965039
        }
      },
      {
        "reactor_utilization": {
          "shard": "15",
          "value": 0.026170419999971273
        }
      },
      {
        "reactor_utilization": {
          "shard": "16",
          "value": 0.026854680000054643
        }
      },
      {
        "reactor_utilization": {
          "shard": "17",
          "value": 0.027746419999985505
        }
      },
      {
        "reactor_utilization": {
          "shard": "18",
          "value": 0.026912780000010184
        }
      },
      {
        "reactor_utilization": {
          "shard": "19",
          "value": 0.029649099999917716
        }
      },
      {
        "reactor_utilization": {
          "shard": "20",
          "value": 0.025380240000083543
        }
      },
      {
        "reactor_utilization": {
          "shard": "21",
          "value": 0.023467020000000893
        }
      },
      {
        "reactor_utilization": {
          "shard": "22",
          "value": 0.025222019999981971
        }
      },
      {
        "reactor_utilization": {
          "shard": "23",
          "value": 0.029749639999987476
        }
      },
      {
        "reactor_utilization": {
          "shard": "24",
          "value": 0.024690680000005738
        }
      },
      {
        "reactor_utilization": {
          "shard": "25",
          "value": 0.027242940000005156
        }
      },
      {
        "reactor_utilization": {
          "shard": "26",
          "value": 0.027489480000031374
        }
      },
      {
        "reactor_utilization": {
          "shard": "27",
          "value": 0.02029462000000537
        }
      }
    ]
  },
  {
    "metrics": [
      {
        "reactor_utilization": {
          "shard": "0",
          "value": 0.092005360000035896
        }
      },
      {
        "reactor_utilization": {
          "shard": "1",
          "value": 0.01929415999997186
        }
      },
      {
        "reactor_utilization": {
          "shard": "2",
          "value": 0.023136379999999512
        }
      },
      {
        "reactor_utilization": {
          "shard": "3",
          "value": 0.022871080000008703
        }
      },
      {
        "reactor_utilization": {
          "shard": "4",
          "value": 0.032166380000053785
        }
      },
      {
        "reactor_utilization": {
          "shard": "5",
          "value": 0.023137060000055776
        }
      },
      {
        "reactor_utilization": {
          "shard": "6",
          "value": 0.021588940000027979
        }
      },
      {
        "reactor_utilization": {
          "shard": "7",
          "value": 0.019258220000084592
        }
      },
      {
        "reactor_utilization": {
          "shard": "8",
          "value": 0.021456699999999884
        }
      },
      {
        "reactor_utilization": {
          "shard": "9",
          "value": 0.019063699999921635
        }
      },
      {
        "reactor_utilization": {
          "shard": "10",
          "value": 0.019693340000004333
        }
      },
      {
        "reactor_utilization": {
          "shard": "11",
          "value": 0.020765939999933813
        }
      },
      {
        "reactor_utilization": {
          "shard": "12",
          "value": 0.022886680000011594
        }
      },
      {
        "reactor_utilization": {
          "shard": "13",
          "value": 0.021030300000035584
        }
      },
      {
        "reactor_utilization": {
          "shard": "14",
          "value": 0.023455859999965689
        }
      },
      {
        "reactor_utilization": {
          "shard": "15",
          "value": 0.022805659999947103
        }
      },
      {
        "reactor_utilization": {
          "shard": "16",
          "value": 0.022592740000049183
        }
      },
      {
        "reactor_utilization": {
          "shard": "17",
          "value": 0.020285559999999592
        }
      },
      {
        "reactor_utilization": {
          "shard": "18",
          "value": 0.02264116000001426
        }
      },
      {
        "reactor_utilization": {
          "shard": "19",
          "value": 0.019008099999917594
        }
      },
      {
        "reactor_utilization": {
          "shard": "20",
          "value": 0.020119840000065725
        }
      },
      {
        "reactor_utilization": {
          "shard": "21",
          "value": 0.021609540000011584
        }
      },
      {
        "reactor_utilization": {
          "shard": "22",
          "value": 0.019661739999976557
        }
      },
      {
        "reactor_utilization": {
          "shard": "23",
          "value": 0.020976420000007323
        }
      },
      {
        "reactor_utilization": {
          "shard": "24",
          "value": 0.018576580000029264
        }
      },
      {
        "reactor_utilization": {
          "shard": "25",
          "value": 0.022874600000011291
        }
      },
      {
        "reactor_utilization": {
          "shard": "26",
          "value": 0.019867080000057769
        }
      },
      {
        "reactor_utilization": {
          "shard": "27",
          "value": 0.019259700000007207
        }
      }
    ]
  },
  {
    "metrics": [
      {
        "reactor_utilization": {
          "shard": "0",
          "value": 0.079984960000045735
        }
      },
      {
        "reactor_utilization": {
          "shard": "1",
          "value": 0.021384539999969032
        }
      },
      {
        "reactor_utilization": {
          "shard": "2",
          "value": 0.026874799999987431
        }
      },
      {
        "reactor_utilization": {
          "shard": "3",
          "value": 0.02792662000000723
        }
      },
      {
        "reactor_utilization": {
          "shard": "4",
          "value": 0.027610480000050952
        }
      },
      {
        "reactor_utilization": {
          "shard": "5",
          "value": 0.023739280000034668
        }
      },
      {
        "reactor_utilization": {
          "shard": "6",
          "value": 0.02628968000003562
        }
      },
      {
        "reactor_utilization": {
          "shard": "7",
          "value": 0.024078600000065897
        }
      },
      {
        "reactor_utilization": {
          "shard": "8",
          "value": 0.025015999999999927
        }
      },
      {
        "reactor_utilization": {
          "shard": "9",
          "value": 0.025140059999917419
        }
      },
      {
        "reactor_utilization": {
          "shard": "10",
          "value": 0.023558619999997088
        }
      },
      {
        "reactor_utilization": {
          "shard": "11",
          "value": 0.021105119999942357
        }
      },
      {
        "reactor_utilization": {
          "shard": "12",
          "value": 0.02486200000000327
        }
      },
      {
        "reactor_utilization": {
          "shard": "13",
          "value": 0.023195260000019591
        }
      },
      {
        "reactor_utilization": {
          "shard": "14",
          "value": 0.026093339999955223
        }
      },
      {
        "reactor_utilization": {
          "shard": "15",
          "value": 0.024593559999941395
        }
      },
      {
        "reactor_utilization": {
          "shard": "16",
          "value": 0.02436102000007434
        }
      },
      {
        "reactor_utilization": {
          "shard": "17",
          "value": 0.023680240000001351
        }
      },
      {
        "reactor_utilization": {
          "shard": "18",
          "value": 0.027951700000028445
        }
      },
      {
        "reactor_utilization": {
          "shard": "19",
          "value": 0.025632639999928486
        }
      },
      {
        "reactor_utilization": {
          "shard": "20",
          "value": 0.025844200000035844
        }
      },
      {
        "reactor_utilization": {
          "shard": "21",
          "value": 0.02136931999998648
        }
      },
      {
        "reactor_utilization": {
          "shard": "22",
          "value": 0.019215859999954787
        }
      },
      {
        "reactor_utilization": {
          "shard": "23",
          "value": 0.02318976000001971
        }
      },
      {
        "reactor_utilization": {
          "shard": "24",
          "value": 0.02400092000003351
        }
      },
      {
        "reactor_utilization": {
          "shard": "25",
          "value": 0.024890360000018319
        }
      },
      {
        "reactor_utilization": {
          "shard": "26",
          "value": 0.025271600000031924
        }
      },
      {
        "reactor_utilization": {
          "shard": "27",
          "value": 0.026518980000023173
        }
      }
    ]
  },
  {
    "metrics": [
      {
        "reactor_utilization": {
          "shard": "0",
          "value": 0.095350340000044387
        }
      },
      {
        "reactor_utilization": {
          "shard": "1",
          "value": 0.025957099999973643
        }
      },
      {
        "reactor_utilization": {
          "shard": "2",
          "value": 0.029121520000008339
        }
      },
      {
        "reactor_utilization": {
          "shard": "3",
          "value": 0.032013020000010162
        }
      },
      {
        "reactor_utilization": {
          "shard": "4",
          "value": 0.040164260000052909
        }
      },
      {
        "reactor_utilization": {
          "shard": "5",
          "value": 0.025713020000051046
        }
      },
      {
        "reactor_utilization": {
          "shard": "6",
          "value": 0.029117040000059546
        }
      },
      {
        "reactor_utilization": {
          "shard": "7",
          "value": 0.025909080000063867
        }
      },
      {
        "reactor_utilization": {
          "shard": "8",
          "value": 0.023138260000010735
        }
      },
      {
        "reactor_utilization": {
          "shard": "9",
          "value": 0.027673699999930523
        }
      },
      {
        "reactor_utilization": {
          "shard": "10",
          "value": 0.025526960000010757
        }
      },
      {
        "reactor_utilization": {
          "shard": "11",
          "value": 0.025715499999956482
        }
      },
      {
        "reactor_utilization": {
          "shard": "12",
          "value": 0.023789259999995593
        }
      },
      {
        "reactor_utilization": {
          "shard": "13",
          "value": 0.030526020000043452
        }
      },
      {
        "reactor_utilization": {
          "shard": "14",
          "value": 0.025385179999948271
        }
      },
      {
        "reactor_utilization": {
          "shard": "15",
          "value": 0.024567379999951289
        }
      },
      {
        "reactor_utilization": {
          "shard": "16",
          "value": 0.025577760000061733
        }
      },
      {
        "reactor_utilization": {
          "shard": "17",
          "value": 0.024560900000003549
        }
      },
      {
        "reactor_utilization": {
          "shard": "18",
          "value": 0.030527180000028409
        }
      },
      {
        "reactor_utilization": {
          "shard": "19",
          "value": 0.028033959999906877
        }
      },
      {
        "reactor_utilization": {
          "shard": "20",
          "value": 0.023726360000042579
        }
      },
      {
        "reactor_utilization": {
          "shard": "21",
          "value": 0.031013659999978849
        }
      },
      {
        "reactor_utilization": {
          "shard": "22",
          "value": 0.025719679999958167
        }
      },
      {
        "reactor_utilization": {
          "shard": "23",
          "value": 0.027518820000016486
        }
      },
      {
        "reactor_utilization": {
          "shard": "24",
          "value": 0.02664768000002482
        }
      },
      {
        "reactor_utilization": {
          "shard": "25",
          "value": 0.025247340000023044
        }
      },
      {
        "reactor_utilization": {
          "shard": "26",
          "value": 0.028926840000054188
        }
      },
      {
        "reactor_utilization": {
          "shard": "27",
          "value": 0.028092420000025431
        }
      }
    ]
  },
  {
    "metrics": [
      {
        "reactor_utilization": {
          "shard": "0",
          "value": 0.072601560000062904
        }
      },
      {
        "reactor_utilization": {
          "shard": "1",
          "value": 0.022263259999966145
        }
      },
      {
        "reactor_utilization": {
          "shard": "2",
          "value": 0.02338400000001517
        }
      },
      {
        "reactor_utilization": {
          "shard": "3",
          "value": 0.021258899999998526
        }
      },
      {
        "reactor_utilization": {
          "shard": "4",
          "value": 0.034078780000057485
        }
      },
      {
        "reactor_utilization": {
          "shard": "5",
          "value": 0.024706520000050691
        }
      },
      {
        "reactor_utilization": {
          "shard": "6",
          "value": 0.021415200000041157
        }
      },
      {
        "reactor_utilization": {
          "shard": "7",
          "value": 0.01872956000006365
        }
      },
      {
        "reactor_utilization": {
          "shard": "8",
          "value": 0.018431220000014736
        }
      },
      {
        "reactor_utilization": {
          "shard": "9",
          "value": 0.022077959999922125
        }
      },
      {
        "reactor_utilization": {
          "shard": "10",
          "value": 0.018875320000000251
        }
      },
      {
        "reactor_utilization": {
          "shard": "11",
          "value": 0.019043059999956924
        }
      },
      {
        "reactor_utilization": {
          "shard": "12",
          "value": 0.020927300000006532
        }
      },
      {
        "reactor_utilization": {
          "shard": "13",
          "value": 0.021594980000039232
        }
      },
      {
        "reactor_utilization": {
          "shard": "14",
          "value": 0.020703619999928868
        }
      },
      {
        "reactor_utilization": {
          "shard": "15",
          "value": 0.020258939999961978
        }
      },
      {
        "reactor_utilization": {
          "shard": "16",
          "value": 0.024617540000071436
        }
      },
      {
        "reactor_utilization": {
          "shard": "17",
          "value": 0.018598719999984858
        }
      },
      {
        "reactor_utilization": {
          "shard": "18",
          "value": 0.023267400000037686
        }
      },
      {
        "reactor_utilization": {
          "shard": "19",
          "value": 0.020983259999907133
        }
      },
      {
        "reactor_utilization": {
          "shard": "20",
          "value": 0.020123260000048937
        }
      },
      {
        "reactor_utilization": {
          "shard": "21",
          "value": 0.02152945999998046
        }
      },
      {
        "reactor_utilization": {
          "shard": "22",
          "value": 0.020014139999946501
        }
      },
      {
        "reactor_utilization": {
          "shard": "23",
          "value": 0.023222500000019686
        }
      },
      {
        "reactor_utilization": {
          "shard": "24",
          "value": 0.020936979999996996
        }
      },
      {
        "reactor_utilization": {
          "shard": "25",
          "value": 0.021577740000022771
        }
      },
      {
        "reactor_utilization": {
          "shard": "26",
          "value": 0.02244618000004639
        }
      },
      {
        "reactor_utilization": {
          "shard": "27",
          "value": 0.022464500000030085
        }
      }
    ]
  }
]
