[
    {
        "FIO": {
            "cpu": {
                "data": [
                    412.6466666666686,
                    436.95999999999697,
                    491.3299999999969,
                    414.7499999999994,
                    360.97666666667186,
                    291.32000000000374,
                    298.22666666667084,
                    268.30666666666934,
                    268.3200000000019,
                    222.01666666666787
                ],
                "index": 10,
                "time": [
                    "07:25:18",
                    "07:30:52",
                    "07:36:27",
                    "07:42:03",
                    "07:47:38",
                    "07:53:13",
                    "07:58:48",
                    "08:04:23",
                    "08:09:58",
                    "08:15:33"
                ],
                "total": 207.20000000000005
            },
            "mem": {
                "data": [
                    68.99999999999862,
                    62.99999999999978,
                    90.00000000001769,
                    79.50000000001587,
                    81.00000000001735,
                    82.50000000001883,
                    82.70000000001636,
                    57.073333333344095,
                    39.3900000000056,
                    27.43333333333585
                ],
                "index": 10,
                "time": [
                    "07:25:18",
                    "07:30:52",
                    "07:36:27",
                    "07:42:03",
                    "07:47:38",
                    "07:53:13",
                    "07:58:48",
                    "08:04:23",
                    "08:09:58",
                    "08:15:33"
                ],
                "total": 28.39999999999993
            }
        },
        "OSD": {
            "cpu": {
                "data": [
                    567.8533333333334,
                    534.3233333333334,
                    611.4266666666663,
                    528.7400000000004,
                    531.2200000000006,
                    510.6066666666668,
                    561.7566666666663,
                    491.526666666666,
                    467.7966666666667,
                    441.14999999999975
                ],
                "index": 10,
                "time": [
                    "07:25:18",
                    "07:30:52",
                    "07:36:27",
                    "07:42:03",
                    "07:47:38",
                    "07:53:13",
                    "07:58:48",
                    "08:04:23",
                    "08:09:58",
                    "08:15:33"
                ],
                "total": 436.30000000000007
            },
            "mem": {
                "data": [
                    39.149999999999864,
                    44.39999999999973,
                    48.59333333333425,
                    51.306666666668384,
                    52.29333333333495,
                    53.28000000000102,
                    54.760000000000474,
                    54.76000000000035,
                    55.006666666666646,
                    53.7733333333347
                ],
                "index": 10,
                "time": [
                    "07:25:18",
                    "07:30:52",
                    "07:36:27",
                    "07:42:03",
                    "07:47:38",
                    "07:53:13",
                    "07:58:48",
                    "08:04:23",
                    "08:09:58",
                    "08:15:33"
                ],
                "total": 51.80000000000006
            }
        }
    }
]