{
  "fio version" : "fio-3.39-26-ga72fe",
  "timestamp" : 1747207733,
  "timestamp_ms" : 1747207733347,
  "time" : "Wed May 14 07:28:53 2025",
  "global options" : {
    "write_iops_log" : "classic_1osd_32fio_rc_1procs_seqwrite",
    "write_bw_log" : "classic_1osd_32fio_rc_1procs_seqwrite",
    "write_lat_log" : "classic_1osd_32fio_rc_1procs_seqwrite",
    "ioengine" : "rbd",
    "bs" : "64k",
    "rw" : "write",
    "direct" : "1",
    "runtime" : "5m",
    "time_based" : "",
    "group_reporting" : "",
    "ramp_time" : "30s",
    "thread" : "1",
    "iodepth" : "1",
    "clientname" : "admin",
    "pool" : "rbd"
  },
  "jobs" : [
    {
      "jobname" : "fio_test_0",
      "groupid" : 0,
      "job_start" : 1747207432094,
      "error" : 0,
      "eta" : 0,
      "elapsed" : 332,
      "job options" : {
        "max_latency" : "1s",
        "numjobs" : "1",
        "rbdname" : "fio_test_31"
      },
      "read" : {
        "io_bytes" : 0,
        "io_kbytes" : 0,
        "bw_bytes" : 0,
        "bw" : 0,
        "iops" : 0.000000,
        "runtime" : 0,
        "total_ios" : 0,
        "short_ios" : 0,
        "drop_ios" : 0,
        "slat_ns" : {
          "min" : 0,
          "max" : 0,
          "mean" : 0.000000,
          "stddev" : 0.000000,
          "N" : 0
        },
        "clat_ns" : {
          "min" : 0,
          "max" : 0,
          "mean" : 0.000000,
          "stddev" : 0.000000,
          "N" : 0
        },
        "lat_ns" : {
          "min" : 0,
          "max" : 0,
          "mean" : 0.000000,
          "stddev" : 0.000000,
          "N" : 0
        },
        "bw_min" : 0,
        "bw_max" : 0,
        "bw_agg" : 0.000000,
        "bw_mean" : 0.000000,
        "bw_dev" : 0.000000,
        "bw_samples" : 0,
        "iops_min" : 0,
        "iops_max" : 0,
        "iops_mean" : 0.000000,
        "iops_stddev" : 0.000000,
        "iops_samples" : 0
      },
      "write" : {
        "io_bytes" : 664227348480,
        "io_kbytes" : 648659520,
        "bw_bytes" : 2214076401,
        "bw" : 2162183,
        "iops" : 33784.121439,
        "runtime" : 300002,
        "total_ios" : 10135304,
        "short_ios" : 0,
        "drop_ios" : 0,
        "slat_ns" : {
          "min" : 3720,
          "max" : 1458687,
          "mean" : 12917.370607,
          "stddev" : 7167.219222,
          "N" : 10135305
        },
        "clat_ns" : {
          "min" : 246974,
          "max" : 36219065,
          "mean" : 932309.447328,
          "stddev" : 410124.370971,
          "N" : 10135304,
          "percentile" : {
            "1.000000" : 464896,
            "5.000000" : 561152,
            "10.000000" : 626688,
            "20.000000" : 700416,
            "30.000000" : 757760,
            "40.000000" : 806912,
            "50.000000" : 856064,
            "60.000000" : 913408,
            "70.000000" : 987136,
            "80.000000" : 1089536,
            "90.000000" : 1286144,
            "95.000000" : 1613824,
            "99.000000" : 2179072,
            "99.500000" : 2473984,
            "99.900000" : 3293184,
            "99.950000" : 3817472,
            "99.990000" : 8978432
          }
        },
        "lat_ns" : {
          "min" : 250896,
          "max" : 36228949,
          "mean" : 945226.817517,
          "stddev" : 410490.643145,
          "N" : 10135304
        },
        "bw_min" : 58421,
        "bw_max" : 7768338,
        "bw_agg" : 100.000000,
        "bw_mean" : 2480658.522371,
        "bw_dev" : 22262.579997,
        "bw_samples" : 10135304,
        "iops_min" : 32,
        "iops_max" : 32,
        "iops_mean" : 32.000000,
        "iops_stddev" : 0.000000,
        "iops_samples" : 10135304
      },
      "trim" : {
        "io_bytes" : 0,
        "io_kbytes" : 0,
        "bw_bytes" : 0,
        "bw" : 0,
        "iops" : 0.000000,
        "runtime" : 0,
        "total_ios" : 0,
        "short_ios" : 0,
        "drop_ios" : 0,
        "slat_ns" : {
          "min" : 0,
          "max" : 0,
          "mean" : 0.000000,
          "stddev" : 0.000000,
          "N" : 0
        },
        "clat_ns" : {
          "min" : 0,
          "max" : 0,
          "mean" : 0.000000,
          "stddev" : 0.000000,
          "N" : 0
        },
        "lat_ns" : {
          "min" : 0,
          "max" : 0,
          "mean" : 0.000000,
          "stddev" : 0.000000,
          "N" : 0
        },
        "bw_min" : 0,
        "bw_max" : 0,
        "bw_agg" : 0.000000,
        "bw_mean" : 0.000000,
        "bw_dev" : 0.000000,
        "bw_samples" : 0,
        "iops_min" : 0,
        "iops_max" : 0,
        "iops_mean" : 0.000000,
        "iops_stddev" : 0.000000,
        "iops_samples" : 0
      },
      "sync" : {
        "total_ios" : 0,
        "lat_ns" : {
          "min" : 0,
          "max" : 0,
          "mean" : 0.000000,
          "stddev" : 0.000000,
          "N" : 0
        }
      },
      "job_runtime" : 9600006,
      "usr_cpu" : 1.699311,
      "sys_cpu" : 0.581291,
      "ctx" : 10140362,
      "majf" : 0,
      "minf" : 505756,
      "iodepth_level" : {
        "1" : 100.000000,
        "2" : 0.000000,
        "4" : 0.000000,
        "8" : 0.000000,
        "16" : 0.000000,
        "32" : 0.000000,
        ">=64" : 0.000000
      },
      "iodepth_submit" : {
        "0" : 0.000000,
        "4" : 100.000000,
        "8" : 0.000000,
        "16" : 0.000000,
        "32" : 0.000000,
        "64" : 0.000000,
        ">=64" : 0.000000
      },
      "iodepth_complete" : {
        "0" : 0.000000,
        "4" : 100.000000,
        "8" : 0.000000,
        "16" : 0.000000,
        "32" : 0.000000,
        "64" : 0.000000,
        ">=64" : 0.000000
      },
      "latency_ns" : {
        "2" : 0.000000,
        "4" : 0.000000,
        "10" : 0.000000,
        "20" : 0.000000,
        "50" : 0.000000,
        "100" : 0.000000,
        "250" : 0.000000,
        "500" : 0.000000,
        "750" : 0.000000,
        "1000" : 0.000000
      },
      "latency_us" : {
        "2" : 0.000000,
        "4" : 0.000000,
        "10" : 0.000000,
        "20" : 0.000000,
        "50" : 0.000000,
        "100" : 0.000000,
        "250" : 0.010000,
        "500" : 1.891399,
        "750" : 27.204492,
        "1000" : 42.785120
      },
      "latency_ms" : {
        "2" : 26.414077,
        "4" : 1.661608,
        "10" : 0.035144,
        "20" : 0.010000,
        "50" : 0.010000,
        "100" : 0.000000,
        "250" : 0.000000,
        "500" : 0.000000,
        "750" : 0.000000,
        "1000" : 0.000000,
        "2000" : 0.000000,
        ">=2000" : 0.000000
      },
      "latency_depth" : 1,
      "latency_target" : 0,
      "latency_percentile" : 100.000000,
      "latency_window" : 0
    }
  ],
  "disk_util" : [
    {
      "name" : "sda",
      "read_ios" : 16506,
      "write_ios" : 25287,
      "read_sectors" : 370680,
      "write_sectors" : 6501192,
      "read_merges" : 0,
      "write_merges" : 6970,
      "read_ticks" : 6798,
      "write_ticks" : 43705,
      "in_queue" : 50658,
      "util" : 2.303490
    }
  ]
}
