{
  "fio version" : "fio-3.39-26-ga72fe",
  "timestamp" : 1747209744,
  "timestamp_ms" : 1747209744699,
  "time" : "Wed May 14 08:02:24 2025",
  "global options" : {
    "write_iops_log" : "classic_1osd_32fio_rc_1procs_seqwrite",
    "write_bw_log" : "classic_1osd_32fio_rc_1procs_seqwrite",
    "write_lat_log" : "classic_1osd_32fio_rc_1procs_seqwrite",
    "ioengine" : "rbd",
    "bs" : "64k",
    "rw" : "write",
    "direct" : "1",
    "runtime" : "5m",
    "time_based" : "",
    "group_reporting" : "",
    "ramp_time" : "30s",
    "thread" : "1",
    "iodepth" : "32",
    "clientname" : "admin",
    "pool" : "rbd"
  },
  "jobs" : [
    {
      "jobname" : "fio_test_0",
      "groupid" : 0,
      "job_start" : 1747209441488,
      "error" : 110,
      "eta" : 0,
      "elapsed" : 334,
      "job options" : {
        "max_latency" : "1s",
        "numjobs" : "1",
        "rbdname" : "fio_test_31"
      },
      "read" : {
        "io_bytes" : 0,
        "io_kbytes" : 0,
        "bw_bytes" : 0,
        "bw" : 0,
        "iops" : 0.000000,
        "runtime" : 0,
        "total_ios" : 0,
        "short_ios" : 0,
        "drop_ios" : 0,
        "slat_ns" : {
          "min" : 0,
          "max" : 0,
          "mean" : 0.000000,
          "stddev" : 0.000000,
          "N" : 0
        },
        "clat_ns" : {
          "min" : 0,
          "max" : 0,
          "mean" : 0.000000,
          "stddev" : 0.000000,
          "N" : 0
        },
        "lat_ns" : {
          "min" : 0,
          "max" : 0,
          "mean" : 0.000000,
          "stddev" : 0.000000,
          "N" : 0
        },
        "bw_min" : 0,
        "bw_max" : 0,
        "bw_agg" : 0.000000,
        "bw_mean" : 0.000000,
        "bw_dev" : 0.000000,
        "bw_samples" : 0,
        "iops_min" : 0,
        "iops_max" : 0,
        "iops_mean" : 0.000000,
        "iops_stddev" : 0.000000,
        "iops_samples" : 0
      },
      "write" : {
        "io_bytes" : 660133838848,
        "io_kbytes" : 644661952,
        "bw_bytes" : 2199888824,
        "bw" : 2148328,
        "iops" : 33564.333702,
        "runtime" : 300076,
        "total_ios" : 10071851,
        "short_ios" : 0,
        "drop_ios" : 0,
        "slat_ns" : {
          "min" : 4325,
          "max" : 912207,
          "mean" : 18829.339982,
          "stddev" : 6054.365384,
          "N" : 10071851
        },
        "clat_ns" : {
          "min" : 354235,
          "max" : 1210582852,
          "mean" : 28823774.239822,
          "stddev" : 60606248.784560,
          "N" : 10072843,
          "percentile" : {
            "1.000000" : 3424256,
            "5.000000" : 4816896,
            "10.000000" : 5799936,
            "20.000000" : 7372800,
            "30.000000" : 8847360,
            "40.000000" : 10289152,
            "50.000000" : 12124160,
            "60.000000" : 14352384,
            "70.000000" : 17432576,
            "80.000000" : 23461888,
            "90.000000" : 47448064,
            "95.000000" : 126353408,
            "99.000000" : 341835776,
            "99.500000" : 413138944,
            "99.900000" : 557842432,
            "99.950000" : 616562688,
            "99.990000" : 767557632
          }
        },
        "lat_ns" : {
          "min" : 360279,
          "max" : 1210601109,
          "mean" : 28842603.709599,
          "stddev" : 60606581.893757,
          "N" : 10072843
        },
        "bw_min" : 2476,
        "bw_max" : 3734536,
        "bw_agg" : 9.022175,
        "bw_mean" : 193826.481804,
        "bw_dev" : 4186.865800,
        "bw_samples" : 10072843,
        "iops_min" : 32,
        "iops_max" : 32,
        "iops_mean" : 32.000000,
        "iops_stddev" : 0.000000,
        "iops_samples" : 10072843
      },
      "trim" : {
        "io_bytes" : 0,
        "io_kbytes" : 0,
        "bw_bytes" : 0,
        "bw" : 0,
        "iops" : 0.000000,
        "runtime" : 0,
        "total_ios" : 0,
        "short_ios" : 0,
        "drop_ios" : 0,
        "slat_ns" : {
          "min" : 0,
          "max" : 0,
          "mean" : 0.000000,
          "stddev" : 0.000000,
          "N" : 0
        },
        "clat_ns" : {
          "min" : 0,
          "max" : 0,
          "mean" : 0.000000,
          "stddev" : 0.000000,
          "N" : 0
        },
        "lat_ns" : {
          "min" : 0,
          "max" : 0,
          "mean" : 0.000000,
          "stddev" : 0.000000,
          "N" : 0
        },
        "bw_min" : 0,
        "bw_max" : 0,
        "bw_agg" : 0.000000,
        "bw_mean" : 0.000000,
        "bw_dev" : 0.000000,
        "bw_samples" : 0,
        "iops_min" : 0,
        "iops_max" : 0,
        "iops_mean" : 0.000000,
        "iops_stddev" : 0.000000,
        "iops_samples" : 0
      },
      "sync" : {
        "total_ios" : 0,
        "lat_ns" : {
          "min" : 0,
          "max" : 0,
          "mean" : 0.000000,
          "stddev" : 0.000000,
          "N" : 0
        }
      },
      "job_runtime" : 9090405,
      "usr_cpu" : 2.262242,
      "sys_cpu" : 0.310613,
      "ctx" : 3657036,
      "majf" : 0,
      "minf" : 481605,
      "iodepth_level" : {
        "1" : 0.100000,
        "2" : 0.100000,
        "4" : 0.100000,
        "8" : 0.100000,
        "16" : 0.100000,
        "32" : 99.923053,
        ">=64" : 0.000000
      },
      "iodepth_submit" : {
        "0" : 0.000000,
        "4" : 100.000000,
        "8" : 0.000000,
        "16" : 0.000000,
        "32" : 0.000000,
        "64" : 0.000000,
        ">=64" : 0.000000
      },
      "iodepth_complete" : {
        "0" : 0.100000,
        "4" : 99.999826,
        "8" : 0.000000,
        "16" : 0.000000,
        "32" : 0.100000,
        "64" : 0.000000,
        ">=64" : 0.000000
      },
      "latency_ns" : {
        "2" : 0.000000,
        "4" : 0.000000,
        "10" : 0.000000,
        "20" : 0.000000,
        "50" : 0.000000,
        "100" : 0.000000,
        "250" : 0.000000,
        "500" : 0.000000,
        "750" : 0.000000,
        "1000" : 0.000000
      },
      "latency_us" : {
        "2" : 0.000000,
        "4" : 0.000000,
        "10" : 0.000000,
        "20" : 0.000000,
        "50" : 0.000000,
        "100" : 0.000000,
        "250" : 0.000000,
        "500" : 0.010000,
        "750" : 0.010000,
        "1000" : 0.010000
      },
      "latency_ms" : {
        "2" : 0.062044,
        "4" : 2.096477,
        "10" : 35.642356,
        "20" : 37.437438,
        "50" : 15.117311,
        "100" : 3.684933,
        "250" : 3.788857,
        "500" : 1.986517,
        "750" : 0.174218,
        "1000" : 0.011190,
        "2000" : 0.010000,
        ">=2000" : 0.000000
      },
      "latency_depth" : 32,
      "latency_target" : 0,
      "latency_percentile" : 100.000000,
      "latency_window" : 0
    }
  ],
  "disk_util" : [
    {
      "name" : "sda",
      "read_ios" : 15,
      "write_ios" : 29947,
      "read_sectors" : 776,
      "write_sectors" : 5428944,
      "read_merges" : 0,
      "write_merges" : 20158,
      "read_ticks" : 17,
      "write_ticks" : 38958,
      "in_queue" : 39383,
      "util" : 1.795410
    }
  ]
}
