{
  "fio version" : "fio-3.39-26-ga72fe",
  "timestamp" : 1747208068,
  "timestamp_ms" : 1747208068618,
  "time" : "Wed May 14 07:34:28 2025",
  "global options" : {
    "write_iops_log" : "classic_1osd_32fio_rc_1procs_seqwrite",
    "write_bw_log" : "classic_1osd_32fio_rc_1procs_seqwrite",
    "write_lat_log" : "classic_1osd_32fio_rc_1procs_seqwrite",
    "ioengine" : "rbd",
    "bs" : "64k",
    "rw" : "write",
    "direct" : "1",
    "runtime" : "5m",
    "time_based" : "",
    "group_reporting" : "",
    "ramp_time" : "30s",
    "thread" : "1",
    "iodepth" : "2",
    "clientname" : "admin",
    "pool" : "rbd"
  },
  "jobs" : [
    {
      "jobname" : "fio_test_0",
      "groupid" : 0,
      "job_start" : 1747207765615,
      "error" : 0,
      "eta" : 0,
      "elapsed" : 334,
      "job options" : {
        "max_latency" : "1s",
        "numjobs" : "1",
        "rbdname" : "fio_test_31"
      },
      "read" : {
        "io_bytes" : 0,
        "io_kbytes" : 0,
        "bw_bytes" : 0,
        "bw" : 0,
        "iops" : 0.000000,
        "runtime" : 0,
        "total_ios" : 0,
        "short_ios" : 0,
        "drop_ios" : 0,
        "slat_ns" : {
          "min" : 0,
          "max" : 0,
          "mean" : 0.000000,
          "stddev" : 0.000000,
          "N" : 0
        },
        "clat_ns" : {
          "min" : 0,
          "max" : 0,
          "mean" : 0.000000,
          "stddev" : 0.000000,
          "N" : 0
        },
        "lat_ns" : {
          "min" : 0,
          "max" : 0,
          "mean" : 0.000000,
          "stddev" : 0.000000,
          "N" : 0
        },
        "bw_min" : 0,
        "bw_max" : 0,
        "bw_agg" : 0.000000,
        "bw_mean" : 0.000000,
        "bw_dev" : 0.000000,
        "bw_samples" : 0,
        "iops_min" : 0,
        "iops_max" : 0,
        "iops_mean" : 0.000000,
        "iops_stddev" : 0.000000,
        "iops_samples" : 0
      },
      "write" : {
        "io_bytes" : 639687852032,
        "io_kbytes" : 624695168,
        "bw_bytes" : 2132278624,
        "bw" : 2082303,
        "iops" : 32535.879761,
        "runtime" : 300002,
        "total_ios" : 9760829,
        "short_ios" : 0,
        "drop_ios" : 0,
        "slat_ns" : {
          "min" : 3815,
          "max" : 632933,
          "mean" : 12604.623522,
          "stddev" : 7127.791375,
          "N" : 9760830
        },
        "clat_ns" : {
          "min" : 259580,
          "max" : 34775066,
          "mean" : 1952224.642045,
          "stddev" : 854072.940126,
          "N" : 9760861,
          "percentile" : {
            "1.000000" : 733184,
            "5.000000" : 937984,
            "10.000000" : 1089536,
            "20.000000" : 1286144,
            "30.000000" : 1449984,
            "40.000000" : 1613824,
            "50.000000" : 1777664,
            "60.000000" : 1990656,
            "70.000000" : 2244608,
            "80.000000" : 2572288,
            "90.000000" : 3031040,
            "95.000000" : 3457024,
            "99.000000" : 4423680,
            "99.500000" : 4816896,
            "99.900000" : 6127616,
            "99.950000" : 7241728,
            "99.990000" : 25559040
          }
        },
        "lat_ns" : {
          "min" : 268094,
          "max" : 34799712,
          "mean" : 1964829.276702,
          "stddev" : 853403.830636,
          "N" : 9760861
        },
        "bw_min" : 62689,
        "bw_max" : 7050888,
        "bw_agg" : 60.445804,
        "bw_mean" : 1258665.526571,
        "bw_dev" : 16044.594004,
        "bw_samples" : 9760861,
        "iops_min" : 32,
        "iops_max" : 32,
        "iops_mean" : 32.000000,
        "iops_stddev" : 0.000000,
        "iops_samples" : 9760861
      },
      "trim" : {
        "io_bytes" : 0,
        "io_kbytes" : 0,
        "bw_bytes" : 0,
        "bw" : 0,
        "iops" : 0.000000,
        "runtime" : 0,
        "total_ios" : 0,
        "short_ios" : 0,
        "drop_ios" : 0,
        "slat_ns" : {
          "min" : 0,
          "max" : 0,
          "mean" : 0.000000,
          "stddev" : 0.000000,
          "N" : 0
        },
        "clat_ns" : {
          "min" : 0,
          "max" : 0,
          "mean" : 0.000000,
          "stddev" : 0.000000,
          "N" : 0
        },
        "lat_ns" : {
          "min" : 0,
          "max" : 0,
          "mean" : 0.000000,
          "stddev" : 0.000000,
          "N" : 0
        },
        "bw_min" : 0,
        "bw_max" : 0,
        "bw_agg" : 0.000000,
        "bw_mean" : 0.000000,
        "bw_dev" : 0.000000,
        "bw_samples" : 0,
        "iops_min" : 0,
        "iops_max" : 0,
        "iops_mean" : 0.000000,
        "iops_stddev" : 0.000000,
        "iops_samples" : 0
      },
      "sync" : {
        "total_ios" : 0,
        "lat_ns" : {
          "min" : 0,
          "max" : 0,
          "mean" : 0.000000,
          "stddev" : 0.000000,
          "N" : 0
        }
      },
      "job_runtime" : 9600002,
      "usr_cpu" : 1.606229,
      "sys_cpu" : 0.575146,
      "ctx" : 8560885,
      "majf" : 0,
      "minf" : 436211,
      "iodepth_level" : {
        "1" : 0.100000,
        "2" : 99.997377,
        "4" : 0.000000,
        "8" : 0.000000,
        "16" : 0.000000,
        "32" : 0.000000,
        ">=64" : 0.000000
      },
      "iodepth_submit" : {
        "0" : 0.000000,
        "4" : 100.000000,
        "8" : 0.000000,
        "16" : 0.000000,
        "32" : 0.000000,
        "64" : 0.000000,
        ">=64" : 0.000000
      },
      "iodepth_complete" : {
        "0" : 0.000000,
        "4" : 100.000000,
        "8" : 0.000000,
        "16" : 0.000000,
        "32" : 0.000000,
        "64" : 0.000000,
        ">=64" : 0.000000
      },
      "latency_ns" : {
        "2" : 0.000000,
        "4" : 0.000000,
        "10" : 0.000000,
        "20" : 0.000000,
        "50" : 0.000000,
        "100" : 0.000000,
        "250" : 0.000000,
        "500" : 0.000000,
        "750" : 0.000000,
        "1000" : 0.000000
      },
      "latency_us" : {
        "2" : 0.000000,
        "4" : 0.000000,
        "10" : 0.000000,
        "20" : 0.000000,
        "50" : 0.000000,
        "100" : 0.000000,
        "250" : 0.000000,
        "500" : 0.026903,
        "750" : 1.178537,
        "1000" : 5.666445
      },
      "latency_ms" : {
        "2" : 53.732700,
        "4" : 37.515441,
        "10" : 1.861532,
        "20" : 0.010000,
        "50" : 0.012171,
        "100" : 0.000000,
        "250" : 0.000000,
        "500" : 0.000000,
        "750" : 0.000000,
        "1000" : 0.000000,
        "2000" : 0.000000,
        ">=2000" : 0.000000
      },
      "latency_depth" : 2,
      "latency_target" : 0,
      "latency_percentile" : 100.000000,
      "latency_window" : 0
    }
  ],
  "disk_util" : [
    {
      "name" : "sda",
      "read_ios" : 182,
      "write_ios" : 13837,
      "read_sectors" : 12296,
      "write_sectors" : 6721768,
      "read_merges" : 0,
      "write_merges" : 6100,
      "read_ticks" : 86,
      "write_ticks" : 44389,
      "in_queue" : 44702,
      "util" : 2.056820
    }
  ]
}
