{
  "fio version" : "fio-3.39-26-ga72fe",
  "timestamp" : 1747208404,
  "timestamp_ms" : 1747208404116,
  "time" : "Wed May 14 07:40:04 2025",
  "global options" : {
    "write_iops_log" : "classic_1osd_32fio_rc_1procs_seqwrite",
    "write_bw_log" : "classic_1osd_32fio_rc_1procs_seqwrite",
    "write_lat_log" : "classic_1osd_32fio_rc_1procs_seqwrite",
    "ioengine" : "rbd",
    "bs" : "64k",
    "rw" : "write",
    "direct" : "1",
    "runtime" : "5m",
    "time_based" : "",
    "group_reporting" : "",
    "ramp_time" : "30s",
    "thread" : "1",
    "iodepth" : "4",
    "clientname" : "admin",
    "pool" : "rbd"
  },
  "jobs" : [
    {
      "jobname" : "fio_test_0",
      "groupid" : 0,
      "job_start" : 1747208100862,
      "error" : 0,
      "eta" : 0,
      "elapsed" : 334,
      "job options" : {
        "max_latency" : "1s",
        "numjobs" : "1",
        "rbdname" : "fio_test_31"
      },
      "read" : {
        "io_bytes" : 0,
        "io_kbytes" : 0,
        "bw_bytes" : 0,
        "bw" : 0,
        "iops" : 0.000000,
        "runtime" : 0,
        "total_ios" : 0,
        "short_ios" : 0,
        "drop_ios" : 0,
        "slat_ns" : {
          "min" : 0,
          "max" : 0,
          "mean" : 0.000000,
          "stddev" : 0.000000,
          "N" : 0
        },
        "clat_ns" : {
          "min" : 0,
          "max" : 0,
          "mean" : 0.000000,
          "stddev" : 0.000000,
          "N" : 0
        },
        "lat_ns" : {
          "min" : 0,
          "max" : 0,
          "mean" : 0.000000,
          "stddev" : 0.000000,
          "N" : 0
        },
        "bw_min" : 0,
        "bw_max" : 0,
        "bw_agg" : 0.000000,
        "bw_mean" : 0.000000,
        "bw_dev" : 0.000000,
        "bw_samples" : 0,
        "iops_min" : 0,
        "iops_max" : 0,
        "iops_mean" : 0.000000,
        "iops_stddev" : 0.000000,
        "iops_samples" : 0
      },
      "write" : {
        "io_bytes" : 678590021632,
        "io_kbytes" : 662685568,
        "bw_bytes" : 2261921500,
        "bw" : 2208907,
        "iops" : 34513.859723,
        "runtime" : 300006,
        "total_ios" : 10354365,
        "short_ios" : 0,
        "drop_ios" : 0,
        "slat_ns" : {
          "min" : 4265,
          "max" : 405530,
          "mean" : 14995.582865,
          "stddev" : 8195.812000,
          "N" : 10354366
        },
        "clat_ns" : {
          "min" : 276128,
          "max" : 40056348,
          "mean" : 3690862.992702,
          "stddev" : 1425157.033212,
          "N" : 10354461,
          "percentile" : {
            "1.000000" : 1597440,
            "5.000000" : 1957888,
            "10.000000" : 2211840,
            "20.000000" : 2539520,
            "30.000000" : 2834432,
            "40.000000" : 3129344,
            "50.000000" : 3424256,
            "60.000000" : 3784704,
            "70.000000" : 4177920,
            "80.000000" : 4685824,
            "90.000000" : 5537792,
            "95.000000" : 6258688,
            "99.000000" : 7831552,
            "99.500000" : 8454144,
            "99.900000" : 10158080,
            "99.950000" : 11468800,
            "99.990000" : 31850496
          }
        },
        "lat_ns" : {
          "min" : 284379,
          "max" : 40065753,
          "mean" : 3705858.551059,
          "stddev" : 1424494.578523,
          "N" : 10354461
        },
        "bw_min" : 53597,
        "bw_max" : 4176678,
        "bw_agg" : 29.196150,
        "bw_mean" : 644916.608628,
        "bw_dev" : 7210.565228,
        "bw_samples" : 10354461,
        "iops_min" : 32,
        "iops_max" : 32,
        "iops_mean" : 32.000000,
        "iops_stddev" : 0.000000,
        "iops_samples" : 10354461
      },
      "trim" : {
        "io_bytes" : 0,
        "io_kbytes" : 0,
        "bw_bytes" : 0,
        "bw" : 0,
        "iops" : 0.000000,
        "runtime" : 0,
        "total_ios" : 0,
        "short_ios" : 0,
        "drop_ios" : 0,
        "slat_ns" : {
          "min" : 0,
          "max" : 0,
          "mean" : 0.000000,
          "stddev" : 0.000000,
          "N" : 0
        },
        "clat_ns" : {
          "min" : 0,
          "max" : 0,
          "mean" : 0.000000,
          "stddev" : 0.000000,
          "N" : 0
        },
        "lat_ns" : {
          "min" : 0,
          "max" : 0,
          "mean" : 0.000000,
          "stddev" : 0.000000,
          "N" : 0
        },
        "bw_min" : 0,
        "bw_max" : 0,
        "bw_agg" : 0.000000,
        "bw_mean" : 0.000000,
        "bw_dev" : 0.000000,
        "bw_samples" : 0,
        "iops_min" : 0,
        "iops_max" : 0,
        "iops_mean" : 0.000000,
        "iops_stddev" : 0.000000,
        "iops_samples" : 0
      },
      "sync" : {
        "total_ios" : 0,
        "lat_ns" : {
          "min" : 0,
          "max" : 0,
          "mean" : 0.000000,
          "stddev" : 0.000000,
          "N" : 0
        }
      },
      "job_runtime" : 9600127,
      "usr_cpu" : 1.977245,
      "sys_cpu" : 0.699168,
      "ctx" : 7490365,
      "majf" : 0,
      "minf" : 402792,
      "iodepth_level" : {
        "1" : 0.100000,
        "2" : 0.100000,
        "4" : 99.992583,
        "8" : 0.000000,
        "16" : 0.000000,
        "32" : 0.000000,
        ">=64" : 0.000000
      },
      "iodepth_submit" : {
        "0" : 0.000000,
        "4" : 100.000000,
        "8" : 0.000000,
        "16" : 0.000000,
        "32" : 0.000000,
        "64" : 0.000000,
        ">=64" : 0.000000
      },
      "iodepth_complete" : {
        "0" : 0.000000,
        "4" : 100.000000,
        "8" : 0.000000,
        "16" : 0.000000,
        "32" : 0.000000,
        "64" : 0.000000,
        ">=64" : 0.000000
      },
      "latency_ns" : {
        "2" : 0.000000,
        "4" : 0.000000,
        "10" : 0.000000,
        "20" : 0.000000,
        "50" : 0.000000,
        "100" : 0.000000,
        "250" : 0.000000,
        "500" : 0.000000,
        "750" : 0.000000,
        "1000" : 0.000000
      },
      "latency_us" : {
        "2" : 0.000000,
        "4" : 0.000000,
        "10" : 0.000000,
        "20" : 0.000000,
        "50" : 0.000000,
        "100" : 0.000000,
        "250" : 0.000000,
        "500" : 0.010000,
        "750" : 0.010000,
        "1000" : 0.010000
      },
      "latency_ms" : {
        "2" : 5.601483,
        "4" : 60.491059,
        "10" : 33.778073,
        "20" : 0.090966,
        "50" : 0.026057,
        "100" : 0.000000,
        "250" : 0.000000,
        "500" : 0.000000,
        "750" : 0.000000,
        "1000" : 0.000000,
        "2000" : 0.000000,
        ">=2000" : 0.000000
      },
      "latency_depth" : 4,
      "latency_target" : 0,
      "latency_percentile" : 100.000000,
      "latency_window" : 0
    }
  ],
  "disk_util" : [
    {
      "name" : "sda",
      "read_ios" : 0,
      "write_ios" : 5658,
      "read_sectors" : 0,
      "write_sectors" : 2775904,
      "read_merges" : 0,
      "write_merges" : 5688,
      "read_ticks" : 0,
      "write_ticks" : 19389,
      "in_queue" : 19499,
      "util" : 0.886692
    }
  ]
}
