{
  "fio version" : "fio-3.39-26-ga72fe",
  "timestamp" : 1747209409,
  "timestamp_ms" : 1747209409184,
  "time" : "Wed May 14 07:56:49 2025",
  "global options" : {
    "write_iops_log" : "classic_1osd_32fio_rc_1procs_seqwrite",
    "write_bw_log" : "classic_1osd_32fio_rc_1procs_seqwrite",
    "write_lat_log" : "classic_1osd_32fio_rc_1procs_seqwrite",
    "ioengine" : "rbd",
    "bs" : "64k",
    "rw" : "write",
    "direct" : "1",
    "runtime" : "5m",
    "time_based" : "",
    "group_reporting" : "",
    "ramp_time" : "30s",
    "thread" : "1",
    "iodepth" : "24",
    "clientname" : "admin",
    "pool" : "rbd"
  },
  "jobs" : [
    {
      "jobname" : "fio_test_0",
      "groupid" : 0,
      "job_start" : 1747209106471,
      "error" : 0,
      "eta" : 0,
      "elapsed" : 333,
      "job options" : {
        "max_latency" : "1s",
        "numjobs" : "1",
        "rbdname" : "fio_test_31"
      },
      "read" : {
        "io_bytes" : 0,
        "io_kbytes" : 0,
        "bw_bytes" : 0,
        "bw" : 0,
        "iops" : 0.000000,
        "runtime" : 0,
        "total_ios" : 0,
        "short_ios" : 0,
        "drop_ios" : 0,
        "slat_ns" : {
          "min" : 0,
          "max" : 0,
          "mean" : 0.000000,
          "stddev" : 0.000000,
          "N" : 0
        },
        "clat_ns" : {
          "min" : 0,
          "max" : 0,
          "mean" : 0.000000,
          "stddev" : 0.000000,
          "N" : 0
        },
        "lat_ns" : {
          "min" : 0,
          "max" : 0,
          "mean" : 0.000000,
          "stddev" : 0.000000,
          "N" : 0
        },
        "bw_min" : 0,
        "bw_max" : 0,
        "bw_agg" : 0.000000,
        "bw_mean" : 0.000000,
        "bw_dev" : 0.000000,
        "bw_samples" : 0,
        "iops_min" : 0,
        "iops_max" : 0,
        "iops_mean" : 0.000000,
        "iops_stddev" : 0.000000,
        "iops_samples" : 0
      },
      "write" : {
        "io_bytes" : 587775672320,
        "io_kbytes" : 573999680,
        "bw_bytes" : 1958893110,
        "bw" : 1912981,
        "iops" : 29887.883888,
        "runtime" : 300055,
        "total_ios" : 8968009,
        "short_ios" : 0,
        "drop_ios" : 0,
        "slat_ns" : {
          "min" : 4692,
          "max" : 3663965,
          "mean" : 19114.952091,
          "stddev" : 7871.221373,
          "N" : 8968009
        },
        "clat_ns" : {
          "min" : 332799,
          "max" : 641245736,
          "mean" : 25647650.684324,
          "stddev" : 43545087.562576,
          "N" : 8968745,
          "percentile" : {
            "1.000000" : 3620864,
            "5.000000" : 5079040,
            "10.000000" : 6127616,
            "20.000000" : 7766016,
            "30.000000" : 9371648,
            "40.000000" : 10944512,
            "50.000000" : 12779520,
            "60.000000" : 15007744,
            "70.000000" : 18481152,
            "80.000000" : 24510464,
            "90.000000" : 47448064,
            "95.000000" : 106430464,
            "99.000000" : 242221056,
            "99.500000" : 287309824,
            "99.900000" : 383778816,
            "99.950000" : 421527552,
            "99.990000" : 497025024
          }
        },
        "lat_ns" : {
          "min" : 342621,
          "max" : 641263868,
          "mean" : 25666765.661670,
          "stddev" : 43545386.207443,
          "N" : 8968745
        },
        "bw_min" : 3825,
        "bw_max" : 2528203,
        "bw_agg" : 9.653726,
        "bw_mean" : 184674.603580,
        "bw_dev" : 3845.939239,
        "bw_samples" : 8968745,
        "iops_min" : 32,
        "iops_max" : 32,
        "iops_mean" : 32.000000,
        "iops_stddev" : 0.000000,
        "iops_samples" : 8968745
      },
      "trim" : {
        "io_bytes" : 0,
        "io_kbytes" : 0,
        "bw_bytes" : 0,
        "bw" : 0,
        "iops" : 0.000000,
        "runtime" : 0,
        "total_ios" : 0,
        "short_ios" : 0,
        "drop_ios" : 0,
        "slat_ns" : {
          "min" : 0,
          "max" : 0,
          "mean" : 0.000000,
          "stddev" : 0.000000,
          "N" : 0
        },
        "clat_ns" : {
          "min" : 0,
          "max" : 0,
          "mean" : 0.000000,
          "stddev" : 0.000000,
          "N" : 0
        },
        "lat_ns" : {
          "min" : 0,
          "max" : 0,
          "mean" : 0.000000,
          "stddev" : 0.000000,
          "N" : 0
        },
        "bw_min" : 0,
        "bw_max" : 0,
        "bw_agg" : 0.000000,
        "bw_mean" : 0.000000,
        "bw_dev" : 0.000000,
        "bw_samples" : 0,
        "iops_min" : 0,
        "iops_max" : 0,
        "iops_mean" : 0.000000,
        "iops_stddev" : 0.000000,
        "iops_samples" : 0
      },
      "sync" : {
        "total_ios" : 0,
        "lat_ns" : {
          "min" : 0,
          "max" : 0,
          "mean" : 0.000000,
          "stddev" : 0.000000,
          "N" : 0
        }
      },
      "job_runtime" : 9600745,
      "usr_cpu" : 1.964723,
      "sys_cpu" : 0.290269,
      "ctx" : 3416904,
      "majf" : 0,
      "minf" : 536955,
      "iodepth_level" : {
        "1" : 0.100000,
        "2" : 0.100000,
        "4" : 0.100000,
        "8" : 0.100000,
        "16" : 99.957348,
        "32" : 0.000000,
        ">=64" : 0.000000
      },
      "iodepth_submit" : {
        "0" : 0.000000,
        "4" : 100.000000,
        "8" : 0.000000,
        "16" : 0.000000,
        "32" : 0.000000,
        "64" : 0.000000,
        ">=64" : 0.000000
      },
      "iodepth_complete" : {
        "0" : 0.000000,
        "4" : 99.999822,
        "8" : 0.000000,
        "16" : 0.000000,
        "32" : 0.100000,
        "64" : 0.000000,
        ">=64" : 0.000000
      },
      "latency_ns" : {
        "2" : 0.000000,
        "4" : 0.000000,
        "10" : 0.000000,
        "20" : 0.000000,
        "50" : 0.000000,
        "100" : 0.000000,
        "250" : 0.000000,
        "500" : 0.000000,
        "750" : 0.000000,
        "1000" : 0.000000
      },
      "latency_us" : {
        "2" : 0.000000,
        "4" : 0.000000,
        "10" : 0.000000,
        "20" : 0.000000,
        "50" : 0.000000,
        "100" : 0.000000,
        "250" : 0.000000,
        "500" : 0.010000,
        "750" : 0.010000,
        "1000" : 0.010000
      },
      "latency_ms" : {
        "2" : 0.017116,
        "4" : 1.697902,
        "10" : 32.620306,
        "20" : 39.127938,
        "50" : 16.966586,
        "100" : 4.237618,
        "250" : 4.459139,
        "500" : 0.870684,
        "750" : 0.010000,
        "1000" : 0.000000,
        "2000" : 0.000000,
        ">=2000" : 0.000000
      },
      "latency_depth" : 24,
      "latency_target" : 0,
      "latency_percentile" : 100.000000,
      "latency_window" : 0
    }
  ],
  "disk_util" : [
    {
      "name" : "sda",
      "read_ios" : 539,
      "write_ios" : 50287,
      "read_sectors" : 57304,
      "write_sectors" : 11896504,
      "read_merges" : 137,
      "write_merges" : 40375,
      "read_ticks" : 645,
      "write_ticks" : 112260,
      "in_queue" : 114534,
      "util" : 3.741922
    }
  ]
}
