{
  "fio version" : "fio-3.39-26-ga72fe",
  "timestamp" : 1747210414,
  "timestamp_ms" : 1747210414638,
  "time" : "Wed May 14 08:13:34 2025",
  "global options" : {
    "write_iops_log" : "classic_1osd_32fio_rc_1procs_seqwrite",
    "write_bw_log" : "classic_1osd_32fio_rc_1procs_seqwrite",
    "write_lat_log" : "classic_1osd_32fio_rc_1procs_seqwrite",
    "ioengine" : "rbd",
    "bs" : "64k",
    "rw" : "write",
    "direct" : "1",
    "runtime" : "5m",
    "time_based" : "",
    "group_reporting" : "",
    "ramp_time" : "30s",
    "thread" : "1",
    "iodepth" : "52",
    "clientname" : "admin",
    "pool" : "rbd"
  },
  "jobs" : [
    {
      "jobname" : "fio_test_0",
      "groupid" : 0,
      "job_start" : 1747210111993,
      "error" : 110,
      "eta" : 0,
      "elapsed" : 333,
      "job options" : {
        "max_latency" : "1s",
        "numjobs" : "1",
        "rbdname" : "fio_test_31"
      },
      "read" : {
        "io_bytes" : 0,
        "io_kbytes" : 0,
        "bw_bytes" : 0,
        "bw" : 0,
        "iops" : 0.000000,
        "runtime" : 0,
        "total_ios" : 0,
        "short_ios" : 0,
        "drop_ios" : 0,
        "slat_ns" : {
          "min" : 0,
          "max" : 0,
          "mean" : 0.000000,
          "stddev" : 0.000000,
          "N" : 0
        },
        "clat_ns" : {
          "min" : 0,
          "max" : 0,
          "mean" : 0.000000,
          "stddev" : 0.000000,
          "N" : 0
        },
        "lat_ns" : {
          "min" : 0,
          "max" : 0,
          "mean" : 0.000000,
          "stddev" : 0.000000,
          "N" : 0
        },
        "bw_min" : 0,
        "bw_max" : 0,
        "bw_agg" : 0.000000,
        "bw_mean" : 0.000000,
        "bw_dev" : 0.000000,
        "bw_samples" : 0,
        "iops_min" : 0,
        "iops_max" : 0,
        "iops_mean" : 0.000000,
        "iops_stddev" : 0.000000,
        "iops_samples" : 0
      },
      "write" : {
        "io_bytes" : 547778658304,
        "io_kbytes" : 534940096,
        "bw_bytes" : 1825223108,
        "bw" : 1782444,
        "iops" : 27845.256501,
        "runtime" : 300116,
        "total_ios" : 8356807,
        "short_ios" : 0,
        "drop_ios" : 0,
        "slat_ns" : {
          "min" : 4832,
          "max" : 2937109,
          "mean" : 19354.295273,
          "stddev" : 6370.981875,
          "N" : 8356807
        },
        "clat_ns" : {
          "min" : 291471,
          "max" : 1413963585,
          "mean" : 29657010.043570,
          "stddev" : 58835980.274507,
          "N" : 8358439,
          "percentile" : {
            "1.000000" : 4358144,
            "5.000000" : 6389760,
            "10.000000" : 7700480,
            "20.000000" : 9764864,
            "30.000000" : 11468800,
            "40.000000" : 13041664,
            "50.000000" : 15007744,
            "60.000000" : 17432576,
            "70.000000" : 20840448,
            "80.000000" : 26345472,
            "90.000000" : 44826624,
            "95.000000" : 102236160,
            "99.000000" : 325058560,
            "99.500000" : 413138944,
            "99.900000" : 624951296,
            "99.950000" : 717225984,
            "99.990000" : 952107008
          }
        },
        "lat_ns" : {
          "min" : 299190,
          "max" : 1413983797,
          "mean" : 29676364.600817,
          "stddev" : 58836358.402014,
          "N" : 8358439
        },
        "bw_min" : 2023,
        "bw_max" : 2512877,
        "bw_agg" : 7.499476,
        "bw_mean" : 133674.103007,
        "bw_dev" : 3120.517223,
        "bw_samples" : 8358439,
        "iops_min" : 32,
        "iops_max" : 32,
        "iops_mean" : 32.000000,
        "iops_stddev" : 0.000000,
        "iops_samples" : 8358439
      },
      "trim" : {
        "io_bytes" : 0,
        "io_kbytes" : 0,
        "bw_bytes" : 0,
        "bw" : 0,
        "iops" : 0.000000,
        "runtime" : 0,
        "total_ios" : 0,
        "short_ios" : 0,
        "drop_ios" : 0,
        "slat_ns" : {
          "min" : 0,
          "max" : 0,
          "mean" : 0.000000,
          "stddev" : 0.000000,
          "N" : 0
        },
        "clat_ns" : {
          "min" : 0,
          "max" : 0,
          "mean" : 0.000000,
          "stddev" : 0.000000,
          "N" : 0
        },
        "lat_ns" : {
          "min" : 0,
          "max" : 0,
          "mean" : 0.000000,
          "stddev" : 0.000000,
          "N" : 0
        },
        "bw_min" : 0,
        "bw_max" : 0,
        "bw_agg" : 0.000000,
        "bw_mean" : 0.000000,
        "bw_dev" : 0.000000,
        "bw_samples" : 0,
        "iops_min" : 0,
        "iops_max" : 0,
        "iops_mean" : 0.000000,
        "iops_stddev" : 0.000000,
        "iops_samples" : 0
      },
      "sync" : {
        "total_ios" : 0,
        "lat_ns" : {
          "min" : 0,
          "max" : 0,
          "mean" : 0.000000,
          "stddev" : 0.000000,
          "N" : 0
        }
      },
      "job_runtime" : 4776358,
      "usr_cpu" : 3.646293,
      "sys_cpu" : 0.469312,
      "ctx" : 2538154,
      "majf" : 0,
      "minf" : 250059,
      "iodepth_level" : {
        "1" : 0.100000,
        "2" : 0.100000,
        "4" : 0.100000,
        "8" : 0.100000,
        "16" : 0.100000,
        "32" : 99.935442,
        ">=64" : 0.000000
      },
      "iodepth_submit" : {
        "0" : 0.000000,
        "4" : 100.000000,
        "8" : 0.000000,
        "16" : 0.000000,
        "32" : 0.000000,
        "64" : 0.000000,
        ">=64" : 0.000000
      },
      "iodepth_complete" : {
        "0" : 0.100000,
        "4" : 99.999713,
        "8" : 0.000000,
        "16" : 0.000000,
        "32" : 0.000000,
        "64" : 0.100000,
        ">=64" : 0.000000
      },
      "latency_ns" : {
        "2" : 0.000000,
        "4" : 0.000000,
        "10" : 0.000000,
        "20" : 0.000000,
        "50" : 0.000000,
        "100" : 0.000000,
        "250" : 0.000000,
        "500" : 0.000000,
        "750" : 0.000000,
        "1000" : 0.000000
      },
      "latency_us" : {
        "2" : 0.000000,
        "4" : 0.000000,
        "10" : 0.000000,
        "20" : 0.000000,
        "50" : 0.000000,
        "100" : 0.000000,
        "250" : 0.000000,
        "500" : 0.010000,
        "750" : 0.010000,
        "1000" : 0.010000
      },
      "latency_ms" : {
        "2" : 0.025249,
        "4" : 0.644505,
        "10" : 21.021665,
        "20" : 46.502390,
        "50" : 22.861794,
        "100" : 3.889404,
        "250" : 3.257728,
        "500" : 1.548151,
        "750" : 0.226953,
        "1000" : 0.033542,
        "2000" : 0.010000,
        ">=2000" : 0.000000
      },
      "latency_depth" : 52,
      "latency_target" : 0,
      "latency_percentile" : 100.000000,
      "latency_window" : 0
    }
  ],
  "disk_util" : [
    {
      "name" : "sda",
      "read_ios" : 34,
      "write_ios" : 34415,
      "read_sectors" : 2144,
      "write_sectors" : 6533800,
      "read_merges" : 0,
      "write_merges" : 28169,
      "read_ticks" : 312,
      "write_ticks" : 44573,
      "in_queue" : 45175,
      "util" : 2.068582
    }
  ]
}
