{
  "fio version" : "fio-3.39-26-ga72fe",
  "timestamp" : 1747210749,
  "timestamp_ms" : 1747210749372,
  "time" : "Wed May 14 08:19:09 2025",
  "global options" : {
    "write_iops_log" : "classic_1osd_32fio_rc_1procs_seqwrite",
    "write_bw_log" : "classic_1osd_32fio_rc_1procs_seqwrite",
    "write_lat_log" : "classic_1osd_32fio_rc_1procs_seqwrite",
    "ioengine" : "rbd",
    "bs" : "64k",
    "rw" : "write",
    "direct" : "1",
    "runtime" : "5m",
    "time_based" : "",
    "group_reporting" : "",
    "ramp_time" : "30s",
    "thread" : "1",
    "iodepth" : "64",
    "clientname" : "admin",
    "pool" : "rbd"
  },
  "jobs" : [
    {
      "jobname" : "fio_test_0",
      "groupid" : 0,
      "job_start" : 1747210446981,
      "error" : 110,
      "eta" : 0,
      "elapsed" : 333,
      "job options" : {
        "max_latency" : "1s",
        "numjobs" : "1",
        "rbdname" : "fio_test_31"
      },
      "read" : {
        "io_bytes" : 0,
        "io_kbytes" : 0,
        "bw_bytes" : 0,
        "bw" : 0,
        "iops" : 0.000000,
        "runtime" : 0,
        "total_ios" : 0,
        "short_ios" : 0,
        "drop_ios" : 0,
        "slat_ns" : {
          "min" : 0,
          "max" : 0,
          "mean" : 0.000000,
          "stddev" : 0.000000,
          "N" : 0
        },
        "clat_ns" : {
          "min" : 0,
          "max" : 0,
          "mean" : 0.000000,
          "stddev" : 0.000000,
          "N" : 0
        },
        "lat_ns" : {
          "min" : 0,
          "max" : 0,
          "mean" : 0.000000,
          "stddev" : 0.000000,
          "N" : 0
        },
        "bw_min" : 0,
        "bw_max" : 0,
        "bw_agg" : 0.000000,
        "bw_mean" : 0.000000,
        "bw_dev" : 0.000000,
        "bw_samples" : 0,
        "iops_min" : 0,
        "iops_max" : 0,
        "iops_mean" : 0.000000,
        "iops_stddev" : 0.000000,
        "iops_samples" : 0
      },
      "write" : {
        "io_bytes" : 502201712640,
        "io_kbytes" : 490431360,
        "bw_bytes" : 1673420011,
        "bw" : 1634199,
        "iops" : 25527.641992,
        "runtime" : 300105,
        "total_ios" : 7660973,
        "short_ios" : 0,
        "drop_ios" : 0,
        "slat_ns" : {
          "min" : 4626,
          "max" : 1825675,
          "mean" : 19098.016685,
          "stddev" : 5896.775698,
          "N" : 7660974
        },
        "clat_ns" : {
          "min" : 302525,
          "max" : 2560690788,
          "mean" : 26046431.608933,
          "stddev" : 46428765.537915,
          "N" : 7662989,
          "percentile" : {
            "1.000000" : 4816896,
            "5.000000" : 7045120,
            "10.000000" : 8585216,
            "20.000000" : 10682368,
            "30.000000" : 12517376,
            "40.000000" : 14221312,
            "50.000000" : 16187392,
            "60.000000" : 18481152,
            "70.000000" : 21626880,
            "80.000000" : 26869760,
            "90.000000" : 40108032,
            "95.000000" : 68681728,
            "99.000000" : 227540992,
            "99.500000" : 320864256,
            "99.900000" : 574619648,
            "99.950000" : 717225984,
            "99.990000" : 1216348160
          }
        },
        "lat_ns" : {
          "min" : 312165,
          "max" : 2560709027,
          "mean" : 26065530.115539,
          "stddev" : 46429132.278260,
          "N" : 7662989
        },
        "bw_min" : 1740,
        "bw_max" : 1619801,
        "bw_agg" : 5.995352,
        "bw_mean" : 97976.989451,
        "bw_dev" : 2800.738741,
        "bw_samples" : 7662989,
        "iops_min" : 32,
        "iops_max" : 32,
        "iops_mean" : 32.000000,
        "iops_stddev" : 0.000000,
        "iops_samples" : 7662989
      },
      "trim" : {
        "io_bytes" : 0,
        "io_kbytes" : 0,
        "bw_bytes" : 0,
        "bw" : 0,
        "iops" : 0.000000,
        "runtime" : 0,
        "total_ios" : 0,
        "short_ios" : 0,
        "drop_ios" : 0,
        "slat_ns" : {
          "min" : 0,
          "max" : 0,
          "mean" : 0.000000,
          "stddev" : 0.000000,
          "N" : 0
        },
        "clat_ns" : {
          "min" : 0,
          "max" : 0,
          "mean" : 0.000000,
          "stddev" : 0.000000,
          "N" : 0
        },
        "lat_ns" : {
          "min" : 0,
          "max" : 0,
          "mean" : 0.000000,
          "stddev" : 0.000000,
          "N" : 0
        },
        "bw_min" : 0,
        "bw_max" : 0,
        "bw_agg" : 0.000000,
        "bw_mean" : 0.000000,
        "bw_dev" : 0.000000,
        "bw_samples" : 0,
        "iops_min" : 0,
        "iops_max" : 0,
        "iops_mean" : 0.000000,
        "iops_stddev" : 0.000000,
        "iops_samples" : 0
      },
      "sync" : {
        "total_ios" : 0,
        "lat_ns" : {
          "min" : 0,
          "max" : 0,
          "mean" : 0.000000,
          "stddev" : 0.000000,
          "N" : 0
        }
      },
      "job_runtime" : 3119841,
      "usr_cpu" : 4.995094,
      "sys_cpu" : 0.629327,
      "ctx" : 2158978,
      "majf" : 0,
      "minf" : 154017,
      "iodepth_level" : {
        "1" : 0.100000,
        "2" : 0.100000,
        "4" : 0.100000,
        "8" : 0.100000,
        "16" : 0.100000,
        "32" : 0.100000,
        ">=64" : 99.896345
      },
      "iodepth_submit" : {
        "0" : 0.000000,
        "4" : 100.000000,
        "8" : 0.000000,
        "16" : 0.000000,
        "32" : 0.000000,
        "64" : 0.000000,
        ">=64" : 0.000000
      },
      "iodepth_complete" : {
        "0" : 0.100000,
        "4" : 99.999661,
        "8" : 0.000000,
        "16" : 0.000000,
        "32" : 0.000000,
        "64" : 0.100000,
        ">=64" : 0.000000
      },
      "latency_ns" : {
        "2" : 0.000000,
        "4" : 0.000000,
        "10" : 0.000000,
        "20" : 0.000000,
        "50" : 0.000000,
        "100" : 0.000000,
        "250" : 0.000000,
        "500" : 0.000000,
        "750" : 0.000000,
        "1000" : 0.000000
      },
      "latency_us" : {
        "2" : 0.000000,
        "4" : 0.000000,
        "10" : 0.000000,
        "20" : 0.000000,
        "50" : 0.000000,
        "100" : 0.000000,
        "250" : 0.000000,
        "500" : 0.010000,
        "750" : 0.010000,
        "1000" : 0.010000
      },
      "latency_ms" : {
        "2" : 0.026694,
        "4" : 0.395720,
        "10" : 16.033368,
        "20" : 48.636094,
        "50" : 27.593049,
        "100" : 4.113903,
        "250" : 2.385480,
        "500" : 0.684548,
        "750" : 0.112205,
        "1000" : 0.027177,
        "2000" : 0.012361,
        ">=2000" : 0.010000
      },
      "latency_depth" : 64,
      "latency_target" : 0,
      "latency_percentile" : 100.000000,
      "latency_window" : 0
    }
  ],
  "disk_util" : [
    {
      "name" : "sda",
      "read_ios" : 10,
      "write_ios" : 64262,
      "read_sectors" : 496,
      "write_sectors" : 10545304,
      "read_merges" : 0,
      "write_merges" : 17033,
      "read_ticks" : 5,
      "write_ticks" : 71909,
      "in_queue" : 72587,
      "util" : 3.258468
    }
  ]
}
