{
  "fio version" : "fio-3.39-26-ga72fe",
  "timestamp" : 1747210079,
  "timestamp_ms" : 1747210079563,
  "time" : "Wed May 14 08:07:59 2025",
  "global options" : {
    "write_iops_log" : "classic_1osd_32fio_rc_1procs_seqwrite",
    "write_bw_log" : "classic_1osd_32fio_rc_1procs_seqwrite",
    "write_lat_log" : "classic_1osd_32fio_rc_1procs_seqwrite",
    "ioengine" : "rbd",
    "bs" : "64k",
    "rw" : "write",
    "direct" : "1",
    "runtime" : "5m",
    "time_based" : "",
    "group_reporting" : "",
    "ramp_time" : "30s",
    "thread" : "1",
    "iodepth" : "40",
    "clientname" : "admin",
    "pool" : "rbd"
  },
  "jobs" : [
    {
      "jobname" : "fio_test_0",
      "groupid" : 0,
      "job_start" : 1747209777041,
      "error" : 110,
      "eta" : 0,
      "elapsed" : 333,
      "job options" : {
        "max_latency" : "1s",
        "numjobs" : "1",
        "rbdname" : "fio_test_31"
      },
      "read" : {
        "io_bytes" : 0,
        "io_kbytes" : 0,
        "bw_bytes" : 0,
        "bw" : 0,
        "iops" : 0.000000,
        "runtime" : 0,
        "total_ios" : 0,
        "short_ios" : 0,
        "drop_ios" : 0,
        "slat_ns" : {
          "min" : 0,
          "max" : 0,
          "mean" : 0.000000,
          "stddev" : 0.000000,
          "N" : 0
        },
        "clat_ns" : {
          "min" : 0,
          "max" : 0,
          "mean" : 0.000000,
          "stddev" : 0.000000,
          "N" : 0
        },
        "lat_ns" : {
          "min" : 0,
          "max" : 0,
          "mean" : 0.000000,
          "stddev" : 0.000000,
          "N" : 0
        },
        "bw_min" : 0,
        "bw_max" : 0,
        "bw_agg" : 0.000000,
        "bw_mean" : 0.000000,
        "bw_dev" : 0.000000,
        "bw_samples" : 0,
        "iops_min" : 0,
        "iops_max" : 0,
        "iops_mean" : 0.000000,
        "iops_stddev" : 0.000000,
        "iops_samples" : 0
      },
      "write" : {
        "io_bytes" : 562974490624,
        "io_kbytes" : 549779776,
        "bw_bytes" : 1875775052,
        "bw" : 1831811,
        "iops" : 28617.894305,
        "runtime" : 300129,
        "total_ios" : 8589060,
        "short_ios" : 0,
        "drop_ios" : 0,
        "slat_ns" : {
          "min" : 4793,
          "max" : 2590600,
          "mean" : 19765.237632,
          "stddev" : 6611.605495,
          "N" : 8589061
        },
        "clat_ns" : {
          "min" : 339967,
          "max" : 1607679781,
          "mean" : 31244779.167182,
          "stddev" : 63439782.803352,
          "N" : 8590308,
          "percentile" : {
            "1.000000" : 4227072,
            "5.000000" : 6062080,
            "10.000000" : 7241728,
            "20.000000" : 9109504,
            "30.000000" : 10813440,
            "40.000000" : 12517376,
            "50.000000" : 14352384,
            "60.000000" : 16711680,
            "70.000000" : 20054016,
            "80.000000" : 26083328,
            "90.000000" : 48496640,
            "95.000000" : 128450560,
            "99.000000" : 354418688,
            "99.500000" : 434110464,
            "99.900000" : 616562688,
            "99.950000" : 692060160,
            "99.990000" : 876609536
          }
        },
        "lat_ns" : {
          "min" : 351129,
          "max" : 1607694984,
          "mean" : 31264544.563680,
          "stddev" : 63440116.862012,
          "N" : 8590308
        },
        "bw_min" : 2195,
        "bw_max" : 2659538,
        "bw_agg" : 8.344636,
        "bw_mean" : 152858.846239,
        "bw_dev" : 3284.241432,
        "bw_samples" : 8590308,
        "iops_min" : 32,
        "iops_max" : 32,
        "iops_mean" : 32.000000,
        "iops_stddev" : 0.000000,
        "iops_samples" : 8590308
      },
      "trim" : {
        "io_bytes" : 0,
        "io_kbytes" : 0,
        "bw_bytes" : 0,
        "bw" : 0,
        "iops" : 0.000000,
        "runtime" : 0,
        "total_ios" : 0,
        "short_ios" : 0,
        "drop_ios" : 0,
        "slat_ns" : {
          "min" : 0,
          "max" : 0,
          "mean" : 0.000000,
          "stddev" : 0.000000,
          "N" : 0
        },
        "clat_ns" : {
          "min" : 0,
          "max" : 0,
          "mean" : 0.000000,
          "stddev" : 0.000000,
          "N" : 0
        },
        "lat_ns" : {
          "min" : 0,
          "max" : 0,
          "mean" : 0.000000,
          "stddev" : 0.000000,
          "N" : 0
        },
        "bw_min" : 0,
        "bw_max" : 0,
        "bw_agg" : 0.000000,
        "bw_mean" : 0.000000,
        "bw_dev" : 0.000000,
        "bw_samples" : 0,
        "iops_min" : 0,
        "iops_max" : 0,
        "iops_mean" : 0.000000,
        "iops_stddev" : 0.000000,
        "iops_samples" : 0
      },
      "sync" : {
        "total_ios" : 0,
        "lat_ns" : {
          "min" : 0,
          "max" : 0,
          "mean" : 0.000000,
          "stddev" : 0.000000,
          "N" : 0
        }
      },
      "job_runtime" : 6727594,
      "usr_cpu" : 2.762488,
      "sys_cpu" : 0.361140,
      "ctx" : 2811652,
      "majf" : 0,
      "minf" : 413039,
      "iodepth_level" : {
        "1" : 0.100000,
        "2" : 0.100000,
        "4" : 0.100000,
        "8" : 0.100000,
        "16" : 0.100000,
        "32" : 99.924567,
        ">=64" : 0.000000
      },
      "iodepth_submit" : {
        "0" : 0.000000,
        "4" : 100.000000,
        "8" : 0.000000,
        "16" : 0.000000,
        "32" : 0.000000,
        "64" : 0.000000,
        ">=64" : 0.000000
      },
      "iodepth_complete" : {
        "0" : 0.100000,
        "4" : 99.999750,
        "8" : 0.000000,
        "16" : 0.000000,
        "32" : 0.000000,
        "64" : 0.100000,
        ">=64" : 0.000000
      },
      "latency_ns" : {
        "2" : 0.000000,
        "4" : 0.000000,
        "10" : 0.000000,
        "20" : 0.000000,
        "50" : 0.000000,
        "100" : 0.000000,
        "250" : 0.000000,
        "500" : 0.000000,
        "750" : 0.000000,
        "1000" : 0.000000
      },
      "latency_us" : {
        "2" : 0.000000,
        "4" : 0.000000,
        "10" : 0.000000,
        "20" : 0.000000,
        "50" : 0.000000,
        "100" : 0.000000,
        "250" : 0.000000,
        "500" : 0.010000,
        "750" : 0.010000,
        "1000" : 0.010000
      },
      "latency_ms" : {
        "2" : 0.021842,
        "4" : 0.732478,
        "10" : 24.533989,
        "20" : 44.427178,
        "50" : 20.504619,
        "100" : 3.824772,
        "250" : 3.681567,
        "500" : 2.014935,
        "750" : 0.238583,
        "1000" : 0.027663,
        "2000" : 0.010000,
        ">=2000" : 0.000000
      },
      "latency_depth" : 40,
      "latency_target" : 0,
      "latency_percentile" : 100.000000,
      "latency_window" : 0
    }
  ],
  "disk_util" : [
    {
      "name" : "sda",
      "read_ios" : 2,
      "write_ios" : 31591,
      "read_sectors" : 16,
      "write_sectors" : 5682032,
      "read_merges" : 0,
      "write_merges" : 17007,
      "read_ticks" : 0,
      "write_ticks" : 39223,
      "in_queue" : 39709,
      "util" : 1.823775
    }
  ]
}
