{
  "fio version" : "fio-3.39-26-ga72fe",
  "timestamp" : 1747737615,
  "timestamp_ms" : 1747737615017,
  "time" : "Tue May 20 10:40:15 2025",
  "global options" : {
    "ioengine" : "rbd",
    "bs" : "4k",
    "rw" : "randwrite",
    "direct" : "1",
    "runtime" : "5m",
    "time_based" : "",
    "group_reporting" : "",
    "ramp_time" : "30s",
    "thread" : "1",
    "iodepth" : "128",
    "latency_target" : "10000",
    "latency_window" : "5m",
    "latency_percentile" : "99.9",
    "random_generator" : "lfsr",
    "clientname" : "admin",
    "pool" : "rbd"
  },
  "jobs" : [
    {
      "jobname" : "fio_test_0",
      "groupid" : 0,
      "job_start" : 1747737560003,
      "error" : 110,
      "eta" : 0,
      "elapsed" : 86,
      "job options" : {
        "max_latency" : "1s",
        "rbdname" : "fio_test_27"
      },
      "read" : {
        "io_bytes" : 0,
        "io_kbytes" : 0,
        "bw_bytes" : 0,
        "bw" : 0,
        "iops" : 0.000000,
        "runtime" : 0,
        "total_ios" : 0,
        "short_ios" : 0,
        "drop_ios" : 0,
        "slat_ns" : {
          "min" : 0,
          "max" : 0,
          "mean" : 0.000000,
          "stddev" : 0.000000,
          "N" : 0
        },
        "clat_ns" : {
          "min" : 0,
          "max" : 0,
          "mean" : 0.000000,
          "stddev" : 0.000000,
          "N" : 0
        },
        "lat_ns" : {
          "min" : 0,
          "max" : 0,
          "mean" : 0.000000,
          "stddev" : 0.000000,
          "N" : 0
        },
        "bw_min" : 0,
        "bw_max" : 0,
        "bw_agg" : 0.000000,
        "bw_mean" : 0.000000,
        "bw_dev" : 0.000000,
        "bw_samples" : 0,
        "iops_min" : 0,
        "iops_max" : 0,
        "iops_mean" : 0.000000,
        "iops_stddev" : 0.000000,
        "iops_samples" : 0
      },
      "write" : {
        "io_bytes" : 2208919552,
        "io_kbytes" : 2157148,
        "bw_bytes" : 40260996,
        "bw" : 39317,
        "iops" : 9829.344755,
        "runtime" : 54865,
        "total_ios" : 539287,
        "short_ios" : 0,
        "drop_ios" : 0,
        "slat_ns" : {
          "min" : 2068,
          "max" : 102029,
          "mean" : 4966.208047,
          "stddev" : 2959.051531,
          "N" : 539287
        },
        "clat_ns" : {
          "min" : 398058,
          "max" : 34728995917,
          "mean" : 2831329.101236,
          "stddev" : 248045122.088752,
          "N" : 539287,
          "percentile" : {
            "1.000000" : 473088,
            "5.000000" : 528384,
            "10.000000" : 569344,
            "20.000000" : 618496,
            "30.000000" : 667648,
            "40.000000" : 716800,
            "50.000000" : 790528,
            "60.000000" : 897024,
            "70.000000" : 1019904,
            "80.000000" : 1187840,
            "90.000000" : 1531904,
            "95.000000" : 2146304,
            "99.000000" : 5472256,
            "99.500000" : 6455296,
            "99.900000" : 8978432,
            "99.950000" : 10682368,
            "99.990000" : 64225280
          }
        },
        "lat_ns" : {
          "min" : 402033,
          "max" : 34729015158,
          "mean" : 2836295.309282,
          "stddev" : 248045162.702743,
          "N" : 539287
        },
        "bw_min" : 11384,
        "bw_max" : 116312,
        "bw_agg" : 100.000000,
        "bw_mean" : 104953.099884,
        "bw_dev" : 569.268137,
        "bw_samples" : 1151,
        "iops_min" : 2846,
        "iops_max" : 29078,
        "iops_mean" : 26238.037166,
        "iops_stddev" : 142.315494,
        "iops_samples" : 1151
      },
      "trim" : {
        "io_bytes" : 0,
        "io_kbytes" : 0,
        "bw_bytes" : 0,
        "bw" : 0,
        "iops" : 0.000000,
        "runtime" : 0,
        "total_ios" : 0,
        "short_ios" : 0,
        "drop_ios" : 0,
        "slat_ns" : {
          "min" : 0,
          "max" : 0,
          "mean" : 0.000000,
          "stddev" : 0.000000,
          "N" : 0
        },
        "clat_ns" : {
          "min" : 0,
          "max" : 0,
          "mean" : 0.000000,
          "stddev" : 0.000000,
          "N" : 0
        },
        "lat_ns" : {
          "min" : 0,
          "max" : 0,
          "mean" : 0.000000,
          "stddev" : 0.000000,
          "N" : 0
        },
        "bw_min" : 0,
        "bw_max" : 0,
        "bw_agg" : 0.000000,
        "bw_mean" : 0.000000,
        "bw_dev" : 0.000000,
        "bw_samples" : 0,
        "iops_min" : 0,
        "iops_max" : 0,
        "iops_mean" : 0.000000,
        "iops_stddev" : 0.000000,
        "iops_samples" : 0
      },
      "sync" : {
        "total_ios" : 0,
        "lat_ns" : {
          "min" : 0,
          "max" : 0,
          "mean" : 0.000000,
          "stddev" : 0.000000,
          "N" : 0
        }
      },
      "job_runtime" : 1530263,
      "usr_cpu" : 0.251917,
      "sys_cpu" : 0.193235,
      "ctx" : 539376,
      "majf" : 0,
      "minf" : 52,
      "iodepth_level" : {
        "1" : 100.000000,
        "2" : 0.000000,
        "4" : 0.000000,
        "8" : 0.000000,
        "16" : 0.000000,
        "32" : 0.000000,
        ">=64" : 0.000000
      },
      "iodepth_submit" : {
        "0" : 0.000000,
        "4" : 100.000000,
        "8" : 0.000000,
        "16" : 0.000000,
        "32" : 0.000000,
        "64" : 0.000000,
        ">=64" : 0.000000
      },
      "iodepth_complete" : {
        "0" : 0.100000,
        "4" : 99.997404,
        "8" : 0.000000,
        "16" : 0.000000,
        "32" : 0.000000,
        "64" : 0.000000,
        ">=64" : 0.000000
      },
      "latency_ns" : {
        "2" : 0.000000,
        "4" : 0.000000,
        "10" : 0.000000,
        "20" : 0.000000,
        "50" : 0.000000,
        "100" : 0.000000,
        "250" : 0.000000,
        "500" : 0.000000,
        "750" : 0.000000,
        "1000" : 0.000000
      },
      "latency_us" : {
        "2" : 0.000000,
        "4" : 0.000000,
        "10" : 0.000000,
        "20" : 0.000000,
        "50" : 0.000000,
        "100" : 0.000000,
        "250" : 0.000000,
        "500" : 2.715066,
        "750" : 42.409886,
        "1000" : 23.127574
      },
      "latency_ms" : {
        "2" : 26.093156,
        "4" : 3.392442,
        "10" : 2.196233,
        "20" : 0.050437,
        "50" : 0.010000,
        "100" : 0.010000,
        "250" : 0.000000,
        "500" : 0.000000,
        "750" : 0.000000,
        "1000" : 0.000000,
        "2000" : 0.000000,
        ">=2000" : 0.010000
      },
      "latency_depth" : 1,
      "latency_target" : 10000000,
      "latency_percentile" : 99.900000,
      "latency_window" : 300000000
    }
  ],
  "disk_util" : [
    {
      "name" : "sda",
      "read_ios" : 6,
      "write_ios" : 1257,
      "read_sectors" : 64,
      "write_sectors" : 88752,
      "read_merges" : 0,
      "write_merges" : 1521,
      "read_ticks" : 1,
      "write_ticks" : 555,
      "in_queue" : 569,
      "util" : 0.175747
    }
  ]
}
