[
    {
        "FIO": {
            "cpu": {
                "data": [
                    52.28666666666644
                ],
                "index": 1,
                "time": [
                    "10:40:46"
                ],
                "total": 0.0
            },
            "mem": {
                "data": [
                    0.0
                ],
                "index": 1,
                "time": [
                    "10:40:46"
                ],
                "total": 0.0
            }
        },
        "OSD": {
            "cpu": {
                "data": [
                    0.0
                ],
                "index": 1,
                "time": [
                    "10:40:46"
                ],
                "total": 0.0
            },
            "mem": {
                "data": [
                    0.0
                ],
                "index": 1,
                "time": [
                    "10:40:46"
                ],
                "total": 0.0
            }
        }
    }
]