[
    {
        "FIO": {
            "cpu": {
                "data": [
                    427.3799999999971,
                    578.0499999999873,
                    689.2366666666486,
                    838.6199999999806,
                    708.3166666666506,
                    653.7699999999833,
                    622.3066666666564,
                    601.0566666666581,
                    571.4599999999969,
                    557.5833333333306
                ],
                "index": 10,
                "time": [
                    "05:25:30",
                    "05:31:07",
                    "05:36:49",
                    "05:42:33",
                    "05:48:17",
                    "05:54:02",
                    "05:59:48",
                    "06:05:33",
                    "06:11:18",
                    "06:17:03"
                ],
                "total": 545.2000000000002
            },
            "mem": {
                "data": [
                    116.99999999999403,
                    145.49999999999696,
                    154.49999999999733,
                    179.99999999999173,
                    181.49999999999716,
                    183.00000000000094,
                    181.50000000001083,
                    173.64666666667605,
                    143.71999999999642,
                    128.18666666666073
                ],
                "index": 10,
                "time": [
                    "05:25:30",
                    "05:31:07",
                    "05:36:49",
                    "05:42:33",
                    "05:48:17",
                    "05:54:02",
                    "05:59:48",
                    "06:05:33",
                    "06:11:18",
                    "06:17:03"
                ],
                "total": 207.19999999999908
            }
        },
        "OSD": {
            "cpu": {
                "data": [
                    744.0933333333354,
                    1004.0766666666647,
                    1155.326666666662,
                    1238.7133333333352,
                    1246.0800000000002,
                    1245.0399999999988,
                    1241.2033333333322,
                    1229.1866666666654,
                    1225.2433333333315,
                    1209.3366666666639
                ],
                "index": 10,
                "time": [
                    "05:25:30",
                    "05:31:07",
                    "05:36:49",
                    "05:42:33",
                    "05:48:17",
                    "05:54:02",
                    "05:59:48",
                    "06:05:33",
                    "06:11:18",
                    "06:17:03"
                ],
                "total": 1180.9999999999998
            },
            "mem": {
                "data": [
                    70.41000000000001,
                    50.073333333334986,
                    62.16000000000038,
                    73.25999999999961,
                    76.46666666666559,
                    75.72666666666558,
                    75.97333333333219,
                    75.47999999999921,
                    76.4666666666657,
                    74.73999999999981
                ],
                "index": 10,
                "time": [
                    "05:25:30",
                    "05:31:07",
                    "05:36:49",
                    "05:42:33",
                    "05:48:17",
                    "05:54:02",
                    "05:59:48",
                    "06:05:33",
                    "06:11:18",
                    "06:17:03"
                ],
                "total": 74.0
            }
        }
    }
]