{
  "fio version" : "fio-3.39-26-ga72fe",
  "timestamp" : 1747203648,
  "timestamp_ms" : 1747203648071,
  "time" : "Wed May 14 06:20:48 2025",
  "global options" : {
    "write_iops_log" : "classic_1osd_32fio_rc_1procs_randwrite",
    "write_bw_log" : "classic_1osd_32fio_rc_1procs_randwrite",
    "write_lat_log" : "classic_1osd_32fio_rc_1procs_randwrite",
    "ioengine" : "rbd",
    "bs" : "4k",
    "rw" : "randwrite",
    "direct" : "1",
    "runtime" : "5m",
    "time_based" : "",
    "group_reporting" : "",
    "ramp_time" : "30s",
    "thread" : "1",
    "iodepth" : "64",
    "clientname" : "admin",
    "pool" : "rbd"
  },
  "jobs" : [
    {
      "jobname" : "fio_test_0",
      "groupid" : 0,
      "job_start" : 1747203336703,
      "error" : 110,
      "eta" : 0,
      "elapsed" : 342,
      "job options" : {
        "max_latency" : "1s",
        "numjobs" : "1",
        "rbdname" : "fio_test_31"
      },
      "read" : {
        "io_bytes" : 0,
        "io_kbytes" : 0,
        "bw_bytes" : 0,
        "bw" : 0,
        "iops" : 0.000000,
        "runtime" : 0,
        "total_ios" : 0,
        "short_ios" : 0,
        "drop_ios" : 0,
        "slat_ns" : {
          "min" : 0,
          "max" : 0,
          "mean" : 0.000000,
          "stddev" : 0.000000,
          "N" : 0
        },
        "clat_ns" : {
          "min" : 0,
          "max" : 0,
          "mean" : 0.000000,
          "stddev" : 0.000000,
          "N" : 0
        },
        "lat_ns" : {
          "min" : 0,
          "max" : 0,
          "mean" : 0.000000,
          "stddev" : 0.000000,
          "N" : 0
        },
        "bw_min" : 0,
        "bw_max" : 0,
        "bw_agg" : 0.000000,
        "bw_mean" : 0.000000,
        "bw_dev" : 0.000000,
        "bw_samples" : 0,
        "iops_min" : 0,
        "iops_max" : 0,
        "iops_mean" : 0.000000,
        "iops_stddev" : 0.000000,
        "iops_samples" : 0
      },
      "write" : {
        "io_bytes" : 133535203328,
        "io_kbytes" : 130405472,
        "bw_bytes" : 445014990,
        "bw" : 434584,
        "iops" : 108639.519577,
        "runtime" : 300069,
        "total_ios" : 32599352,
        "short_ios" : 0,
        "drop_ios" : 0,
        "slat_ns" : {
          "min" : 990,
          "max" : 1493236,
          "mean" : 3482.325512,
          "stddev" : 2712.929778,
          "N" : 32599352
        },
        "clat_ns" : {
          "min" : 229452,
          "max" : 1970336616,
          "mean" : 11763377.061196,
          "stddev" : 38184948.602152,
          "N" : 32601368,
          "percentile" : {
            "1.000000" : 1531904,
            "5.000000" : 2113536,
            "10.000000" : 2473984,
            "20.000000" : 3031040,
            "30.000000" : 3522560,
            "40.000000" : 3981312,
            "50.000000" : 4554752,
            "60.000000" : 5210112,
            "70.000000" : 6127616,
            "80.000000" : 7634944,
            "90.000000" : 12386304,
            "95.000000" : 34340864,
            "99.000000" : 193986560,
            "99.500000" : 287309824,
            "99.900000" : 488636416,
            "99.950000" : 574619648,
            "99.990000" : 775946240
          }
        },
        "lat_ns" : {
          "min" : 230883,
          "max" : 1970338240,
          "mean" : 11766859.469405,
          "stddev" : 38185094.979183,
          "N" : 32601368
        },
        "bw_min" : 111,
        "bw_max" : 336695,
        "bw_agg" : 6.892553,
        "bw_mean" : 29954.807010,
        "bw_dev" : 553.182625,
        "bw_samples" : 32601368,
        "iops_min" : 32,
        "iops_max" : 32,
        "iops_mean" : 32.000000,
        "iops_stddev" : 0.000000,
        "iops_samples" : 32601368
      },
      "trim" : {
        "io_bytes" : 0,
        "io_kbytes" : 0,
        "bw_bytes" : 0,
        "bw" : 0,
        "iops" : 0.000000,
        "runtime" : 0,
        "total_ios" : 0,
        "short_ios" : 0,
        "drop_ios" : 0,
        "slat_ns" : {
          "min" : 0,
          "max" : 0,
          "mean" : 0.000000,
          "stddev" : 0.000000,
          "N" : 0
        },
        "clat_ns" : {
          "min" : 0,
          "max" : 0,
          "mean" : 0.000000,
          "stddev" : 0.000000,
          "N" : 0
        },
        "lat_ns" : {
          "min" : 0,
          "max" : 0,
          "mean" : 0.000000,
          "stddev" : 0.000000,
          "N" : 0
        },
        "bw_min" : 0,
        "bw_max" : 0,
        "bw_agg" : 0.000000,
        "bw_mean" : 0.000000,
        "bw_dev" : 0.000000,
        "bw_samples" : 0,
        "iops_min" : 0,
        "iops_max" : 0,
        "iops_mean" : 0.000000,
        "iops_stddev" : 0.000000,
        "iops_samples" : 0
      },
      "sync" : {
        "total_ios" : 0,
        "lat_ns" : {
          "min" : 0,
          "max" : 0,
          "mean" : 0.000000,
          "stddev" : 0.000000,
          "N" : 0
        }
      },
      "job_runtime" : 6026754,
      "usr_cpu" : 2.738423,
      "sys_cpu" : 1.600862,
      "ctx" : 18063721,
      "majf" : 0,
      "minf" : 419076,
      "iodepth_level" : {
        "1" : 0.100000,
        "2" : 0.100000,
        "4" : 0.100000,
        "8" : 0.100000,
        "16" : 0.100000,
        "32" : 0.100000,
        ">=64" : 99.950321
      },
      "iodepth_submit" : {
        "0" : 0.000000,
        "4" : 100.000000,
        "8" : 0.000000,
        "16" : 0.000000,
        "32" : 0.000000,
        "64" : 0.000000,
        ">=64" : 0.000000
      },
      "iodepth_complete" : {
        "0" : 0.100000,
        "4" : 99.999934,
        "8" : 0.000000,
        "16" : 0.000000,
        "32" : 0.000000,
        "64" : 0.100000,
        ">=64" : 0.000000
      },
      "latency_ns" : {
        "2" : 0.000000,
        "4" : 0.000000,
        "10" : 0.000000,
        "20" : 0.000000,
        "50" : 0.000000,
        "100" : 0.000000,
        "250" : 0.000000,
        "500" : 0.000000,
        "750" : 0.000000,
        "1000" : 0.000000
      },
      "latency_us" : {
        "2" : 0.000000,
        "4" : 0.000000,
        "10" : 0.000000,
        "20" : 0.000000,
        "50" : 0.000000,
        "100" : 0.000000,
        "250" : 0.010000,
        "500" : 0.010000,
        "750" : 0.012516,
        "1000" : 0.069765
      },
      "latency_ms" : {
        "2" : 3.801950,
        "4" : 36.226576,
        "10" : 46.738300,
        "20" : 6.297561,
        "50" : 3.021560,
        "100" : 1.693494,
        "250" : 1.489275,
        "500" : 0.563002,
        "750" : 0.078940,
        "1000" : 0.010878,
        "2000" : 0.010000,
        ">=2000" : 0.000000
      },
      "latency_depth" : 64,
      "latency_target" : 0,
      "latency_percentile" : 100.000000,
      "latency_window" : 0
    }
  ],
  "disk_util" : [
    {
      "name" : "sda",
      "read_ios" : 0,
      "write_ios" : 8898,
      "read_sectors" : 0,
      "write_sectors" : 8055920,
      "read_merges" : 0,
      "write_merges" : 6989,
      "read_ticks" : 0,
      "write_ticks" : 54120,
      "in_queue" : 54456,
      "util" : 2.414136
    }
  ]
}
