{
  "fio version" : "fio-3.39-26-ga72fe",
  "timestamp" : 1747200548,
  "timestamp_ms" : 1747200548191,
  "time" : "Wed May 14 05:29:08 2025",
  "global options" : {
    "write_iops_log" : "classic_1osd_32fio_rc_1procs_randwrite",
    "write_bw_log" : "classic_1osd_32fio_rc_1procs_randwrite",
    "write_lat_log" : "classic_1osd_32fio_rc_1procs_randwrite",
    "ioengine" : "rbd",
    "bs" : "4k",
    "rw" : "randwrite",
    "direct" : "1",
    "runtime" : "5m",
    "time_based" : "",
    "group_reporting" : "",
    "ramp_time" : "30s",
    "thread" : "1",
    "iodepth" : "1",
    "clientname" : "admin",
    "pool" : "rbd"
  },
  "jobs" : [
    {
      "jobname" : "fio_test_0",
      "groupid" : 0,
      "job_start" : 1747200244188,
      "error" : 0,
      "eta" : 0,
      "elapsed" : 335,
      "job options" : {
        "max_latency" : "1s",
        "numjobs" : "1",
        "rbdname" : "fio_test_31"
      },
      "read" : {
        "io_bytes" : 0,
        "io_kbytes" : 0,
        "bw_bytes" : 0,
        "bw" : 0,
        "iops" : 0.000000,
        "runtime" : 0,
        "total_ios" : 0,
        "short_ios" : 0,
        "drop_ios" : 0,
        "slat_ns" : {
          "min" : 0,
          "max" : 0,
          "mean" : 0.000000,
          "stddev" : 0.000000,
          "N" : 0
        },
        "clat_ns" : {
          "min" : 0,
          "max" : 0,
          "mean" : 0.000000,
          "stddev" : 0.000000,
          "N" : 0
        },
        "lat_ns" : {
          "min" : 0,
          "max" : 0,
          "mean" : 0.000000,
          "stddev" : 0.000000,
          "N" : 0
        },
        "bw_min" : 0,
        "bw_max" : 0,
        "bw_agg" : 0.000000,
        "bw_mean" : 0.000000,
        "bw_dev" : 0.000000,
        "bw_samples" : 0,
        "iops_min" : 0,
        "iops_max" : 0,
        "iops_mean" : 0.000000,
        "iops_stddev" : 0.000000,
        "iops_samples" : 0
      },
      "write" : {
        "io_bytes" : 74599272448,
        "io_kbytes" : 72850852,
        "bw_bytes" : 248662583,
        "bw" : 242834,
        "iops" : 60708.635276,
        "runtime" : 300002,
        "total_ios" : 18212712,
        "short_ios" : 0,
        "drop_ios" : 0,
        "slat_ns" : {
          "min" : 1954,
          "max" : 723057,
          "mean" : 4169.200811,
          "stddev" : 2667.858345,
          "N" : 18212713
        },
        "clat_ns" : {
          "min" : 78415,
          "max" : 208904907,
          "mean" : 521257.085556,
          "stddev" : 1021539.582279,
          "N" : 18212712,
          "percentile" : {
            "1.000000" : 220160,
            "5.000000" : 250880,
            "10.000000" : 268288,
            "20.000000" : 296960,
            "30.000000" : 321536,
            "40.000000" : 346112,
            "50.000000" : 374784,
            "60.000000" : 407552,
            "70.000000" : 448512,
            "80.000000" : 536576,
            "90.000000" : 1003520,
            "95.000000" : 1433600,
            "99.000000" : 2056192,
            "99.500000" : 2473984,
            "99.900000" : 4423680,
            "99.950000" : 8716288,
            "99.990000" : 43253760
          }
        },
        "lat_ns" : {
          "min" : 169374,
          "max" : 208914888,
          "mean" : 525426.286349,
          "stddev" : 1021596.027382,
          "N" : 18212712
        },
        "bw_min" : 608,
        "bw_max" : 781552,
        "bw_agg" : 100.000000,
        "bw_mean" : 338291.791348,
        "bw_dev" : 3905.843098,
        "bw_samples" : 18212712,
        "iops_min" : 32,
        "iops_max" : 32,
        "iops_mean" : 32.000000,
        "iops_stddev" : 0.000000,
        "iops_samples" : 18212712
      },
      "trim" : {
        "io_bytes" : 0,
        "io_kbytes" : 0,
        "bw_bytes" : 0,
        "bw" : 0,
        "iops" : 0.000000,
        "runtime" : 0,
        "total_ios" : 0,
        "short_ios" : 0,
        "drop_ios" : 0,
        "slat_ns" : {
          "min" : 0,
          "max" : 0,
          "mean" : 0.000000,
          "stddev" : 0.000000,
          "N" : 0
        },
        "clat_ns" : {
          "min" : 0,
          "max" : 0,
          "mean" : 0.000000,
          "stddev" : 0.000000,
          "N" : 0
        },
        "lat_ns" : {
          "min" : 0,
          "max" : 0,
          "mean" : 0.000000,
          "stddev" : 0.000000,
          "N" : 0
        },
        "bw_min" : 0,
        "bw_max" : 0,
        "bw_agg" : 0.000000,
        "bw_mean" : 0.000000,
        "bw_dev" : 0.000000,
        "bw_samples" : 0,
        "iops_min" : 0,
        "iops_max" : 0,
        "iops_mean" : 0.000000,
        "iops_stddev" : 0.000000,
        "iops_samples" : 0
      },
      "sync" : {
        "total_ios" : 0,
        "lat_ns" : {
          "min" : 0,
          "max" : 0,
          "mean" : 0.000000,
          "stddev" : 0.000000,
          "N" : 0
        }
      },
      "job_runtime" : 9600004,
      "usr_cpu" : 1.252510,
      "sys_cpu" : 0.876948,
      "ctx" : 18216496,
      "majf" : 0,
      "minf" : 448636,
      "iodepth_level" : {
        "1" : 100.000000,
        "2" : 0.000000,
        "4" : 0.000000,
        "8" : 0.000000,
        "16" : 0.000000,
        "32" : 0.000000,
        ">=64" : 0.000000
      },
      "iodepth_submit" : {
        "0" : 0.000000,
        "4" : 100.000000,
        "8" : 0.000000,
        "16" : 0.000000,
        "32" : 0.000000,
        "64" : 0.000000,
        ">=64" : 0.000000
      },
      "iodepth_complete" : {
        "0" : 0.000000,
        "4" : 100.000000,
        "8" : 0.000000,
        "16" : 0.000000,
        "32" : 0.000000,
        "64" : 0.000000,
        ">=64" : 0.000000
      },
      "latency_ns" : {
        "2" : 0.000000,
        "4" : 0.000000,
        "10" : 0.000000,
        "20" : 0.000000,
        "50" : 0.000000,
        "100" : 0.000000,
        "250" : 0.000000,
        "500" : 0.000000,
        "750" : 0.000000,
        "1000" : 0.000000
      },
      "latency_us" : {
        "2" : 0.000000,
        "4" : 0.000000,
        "10" : 0.000000,
        "20" : 0.000000,
        "50" : 0.000000,
        "100" : 0.010000,
        "250" : 4.984991,
        "500" : 71.958234,
        "750" : 9.980309,
        "1000" : 3.019627
      },
      "latency_ms" : {
        "2" : 8.973095,
        "4" : 0.965458,
        "10" : 0.070275,
        "20" : 0.013886,
        "50" : 0.024983,
        "100" : 0.010000,
        "250" : 0.010000,
        "500" : 0.000000,
        "750" : 0.000000,
        "1000" : 0.000000,
        "2000" : 0.000000,
        ">=2000" : 0.000000
      },
      "latency_depth" : 1,
      "latency_target" : 0,
      "latency_percentile" : 100.000000,
      "latency_window" : 0
    }
  ],
  "disk_util" : [
    {
      "name" : "sda",
      "read_ios" : 0,
      "write_ios" : 4324,
      "read_sectors" : 0,
      "write_sectors" : 106776,
      "read_merges" : 0,
      "write_merges" : 5363,
      "read_ticks" : 0,
      "write_ticks" : 695,
      "in_queue" : 737,
      "util" : 0.089888
    }
  ]
}
