{
  "fio version" : "fio-3.39-26-ga72fe",
  "timestamp" : 1747202268,
  "timestamp_ms" : 1747202268981,
  "time" : "Wed May 14 05:57:48 2025",
  "global options" : {
    "write_iops_log" : "classic_1osd_32fio_rc_1procs_randwrite",
    "write_bw_log" : "classic_1osd_32fio_rc_1procs_randwrite",
    "write_lat_log" : "classic_1osd_32fio_rc_1procs_randwrite",
    "ioengine" : "rbd",
    "bs" : "4k",
    "rw" : "randwrite",
    "direct" : "1",
    "runtime" : "5m",
    "time_based" : "",
    "group_reporting" : "",
    "ramp_time" : "30s",
    "thread" : "1",
    "iodepth" : "24",
    "clientname" : "admin",
    "pool" : "rbd"
  },
  "jobs" : [
    {
      "jobname" : "fio_test_0",
      "groupid" : 0,
      "job_start" : 1747201955951,
      "error" : 0,
      "eta" : 0,
      "elapsed" : 344,
      "job options" : {
        "max_latency" : "1s",
        "numjobs" : "1",
        "rbdname" : "fio_test_31"
      },
      "read" : {
        "io_bytes" : 0,
        "io_kbytes" : 0,
        "bw_bytes" : 0,
        "bw" : 0,
        "iops" : 0.000000,
        "runtime" : 0,
        "total_ios" : 0,
        "short_ios" : 0,
        "drop_ios" : 0,
        "slat_ns" : {
          "min" : 0,
          "max" : 0,
          "mean" : 0.000000,
          "stddev" : 0.000000,
          "N" : 0
        },
        "clat_ns" : {
          "min" : 0,
          "max" : 0,
          "mean" : 0.000000,
          "stddev" : 0.000000,
          "N" : 0
        },
        "lat_ns" : {
          "min" : 0,
          "max" : 0,
          "mean" : 0.000000,
          "stddev" : 0.000000,
          "N" : 0
        },
        "bw_min" : 0,
        "bw_max" : 0,
        "bw_agg" : 0.000000,
        "bw_mean" : 0.000000,
        "bw_dev" : 0.000000,
        "bw_samples" : 0,
        "iops_min" : 0,
        "iops_max" : 0,
        "iops_mean" : 0.000000,
        "iops_stddev" : 0.000000,
        "iops_samples" : 0
      },
      "write" : {
        "io_bytes" : 133602852864,
        "io_kbytes" : 130471536,
        "bw_bytes" : 445307218,
        "bw" : 434870,
        "iops" : 108715.129456,
        "runtime" : 300024,
        "total_ios" : 32617148,
        "short_ios" : 0,
        "drop_ios" : 0,
        "slat_ns" : {
          "min" : 960,
          "max" : 2570394,
          "mean" : 3803.295968,
          "stddev" : 3003.303203,
          "N" : 32617148
        },
        "clat_ns" : {
          "min" : 189024,
          "max" : 463013398,
          "mean" : 7050370.894360,
          "stddev" : 17024974.052237,
          "N" : 32617884,
          "percentile" : {
            "1.000000" : 1073152,
            "5.000000" : 1548288,
            "10.000000" : 1859584,
            "20.000000" : 2277376,
            "30.000000" : 2637824,
            "40.000000" : 2998272,
            "50.000000" : 3358720,
            "60.000000" : 3817472,
            "70.000000" : 4423680,
            "80.000000" : 5341184,
            "90.000000" : 8454144,
            "95.000000" : 23199744,
            "99.000000" : 93847552,
            "99.500000" : 127401984,
            "99.900000" : 196083712,
            "99.950000" : 223346688,
            "99.990000" : 287309824
          }
        },
        "lat_ns" : {
          "min" : 191776,
          "max" : 463020142,
          "mean" : 7054174.189185,
          "stddev" : 17025069.585006,
          "N" : 32617884
        },
        "bw_min" : 325,
        "bw_max" : 560964,
        "bw_agg" : 9.655522,
        "bw_mean" : 41989.627890,
        "bw_dev" : 763.951992,
        "bw_samples" : 32617884,
        "iops_min" : 32,
        "iops_max" : 32,
        "iops_mean" : 32.000000,
        "iops_stddev" : 0.000000,
        "iops_samples" : 32617884
      },
      "trim" : {
        "io_bytes" : 0,
        "io_kbytes" : 0,
        "bw_bytes" : 0,
        "bw" : 0,
        "iops" : 0.000000,
        "runtime" : 0,
        "total_ios" : 0,
        "short_ios" : 0,
        "drop_ios" : 0,
        "slat_ns" : {
          "min" : 0,
          "max" : 0,
          "mean" : 0.000000,
          "stddev" : 0.000000,
          "N" : 0
        },
        "clat_ns" : {
          "min" : 0,
          "max" : 0,
          "mean" : 0.000000,
          "stddev" : 0.000000,
          "N" : 0
        },
        "lat_ns" : {
          "min" : 0,
          "max" : 0,
          "mean" : 0.000000,
          "stddev" : 0.000000,
          "N" : 0
        },
        "bw_min" : 0,
        "bw_max" : 0,
        "bw_agg" : 0.000000,
        "bw_mean" : 0.000000,
        "bw_dev" : 0.000000,
        "bw_samples" : 0,
        "iops_min" : 0,
        "iops_max" : 0,
        "iops_mean" : 0.000000,
        "iops_stddev" : 0.000000,
        "iops_samples" : 0
      },
      "sync" : {
        "total_ios" : 0,
        "lat_ns" : {
          "min" : 0,
          "max" : 0,
          "mean" : 0.000000,
          "stddev" : 0.000000,
          "N" : 0
        }
      },
      "job_runtime" : 9600289,
      "usr_cpu" : 1.902161,
      "sys_cpu" : 1.207682,
      "ctx" : 21289322,
      "majf" : 0,
      "minf" : 492395,
      "iodepth_level" : {
        "1" : 0.100000,
        "2" : 0.100000,
        "4" : 0.100000,
        "8" : 0.100000,
        "16" : 99.986296,
        "32" : 0.000000,
        ">=64" : 0.000000
      },
      "iodepth_submit" : {
        "0" : 0.000000,
        "4" : 100.000000,
        "8" : 0.000000,
        "16" : 0.000000,
        "32" : 0.000000,
        "64" : 0.000000,
        ">=64" : 0.000000
      },
      "iodepth_complete" : {
        "0" : 0.000000,
        "4" : 99.999951,
        "8" : 0.000000,
        "16" : 0.000000,
        "32" : 0.100000,
        "64" : 0.000000,
        ">=64" : 0.000000
      },
      "latency_ns" : {
        "2" : 0.000000,
        "4" : 0.000000,
        "10" : 0.000000,
        "20" : 0.000000,
        "50" : 0.000000,
        "100" : 0.000000,
        "250" : 0.000000,
        "500" : 0.000000,
        "750" : 0.000000,
        "1000" : 0.000000
      },
      "latency_us" : {
        "2" : 0.000000,
        "4" : 0.000000,
        "10" : 0.000000,
        "20" : 0.000000,
        "50" : 0.000000,
        "100" : 0.000000,
        "250" : 0.010000,
        "500" : 0.025851,
        "750" : 0.161403,
        "1000" : 0.529743
      },
      "latency_ms" : {
        "2" : 12.165690,
        "4" : 50.767691,
        "10" : 27.877557,
        "20" : 3.014595,
        "50" : 2.913639,
        "100" : 1.662684,
        "250" : 0.859208,
        "500" : 0.024052,
        "750" : 0.000000,
        "1000" : 0.000000,
        "2000" : 0.000000,
        ">=2000" : 0.000000
      },
      "latency_depth" : 24,
      "latency_target" : 0,
      "latency_percentile" : 100.000000,
      "latency_window" : 0
    }
  ],
  "disk_util" : [
    {
      "name" : "sda",
      "read_ios" : 0,
      "write_ios" : 8848,
      "read_sectors" : 0,
      "write_sectors" : 8020240,
      "read_merges" : 0,
      "write_merges" : 6574,
      "read_ticks" : 0,
      "write_ticks" : 55423,
      "in_queue" : 55712,
      "util" : 2.382974
    }
  ]
}
