{
  "fio version" : "fio-3.39-26-ga72fe",
  "timestamp" : 1747203304,
  "timestamp_ms" : 1747203304416,
  "time" : "Wed May 14 06:15:04 2025",
  "global options" : {
    "write_iops_log" : "classic_1osd_32fio_rc_1procs_randwrite",
    "write_bw_log" : "classic_1osd_32fio_rc_1procs_randwrite",
    "write_lat_log" : "classic_1osd_32fio_rc_1procs_randwrite",
    "ioengine" : "rbd",
    "bs" : "4k",
    "rw" : "randwrite",
    "direct" : "1",
    "runtime" : "5m",
    "time_based" : "",
    "group_reporting" : "",
    "ramp_time" : "30s",
    "thread" : "1",
    "iodepth" : "52",
    "clientname" : "admin",
    "pool" : "rbd"
  },
  "jobs" : [
    {
      "jobname" : "fio_test_0",
      "groupid" : 0,
      "job_start" : 1747202991860,
      "error" : 110,
      "eta" : 0,
      "elapsed" : 343,
      "job options" : {
        "max_latency" : "1s",
        "numjobs" : "1",
        "rbdname" : "fio_test_31"
      },
      "read" : {
        "io_bytes" : 0,
        "io_kbytes" : 0,
        "bw_bytes" : 0,
        "bw" : 0,
        "iops" : 0.000000,
        "runtime" : 0,
        "total_ios" : 0,
        "short_ios" : 0,
        "drop_ios" : 0,
        "slat_ns" : {
          "min" : 0,
          "max" : 0,
          "mean" : 0.000000,
          "stddev" : 0.000000,
          "N" : 0
        },
        "clat_ns" : {
          "min" : 0,
          "max" : 0,
          "mean" : 0.000000,
          "stddev" : 0.000000,
          "N" : 0
        },
        "lat_ns" : {
          "min" : 0,
          "max" : 0,
          "mean" : 0.000000,
          "stddev" : 0.000000,
          "N" : 0
        },
        "bw_min" : 0,
        "bw_max" : 0,
        "bw_agg" : 0.000000,
        "bw_mean" : 0.000000,
        "bw_dev" : 0.000000,
        "bw_samples" : 0,
        "iops_min" : 0,
        "iops_max" : 0,
        "iops_mean" : 0.000000,
        "iops_stddev" : 0.000000,
        "iops_samples" : 0
      },
      "write" : {
        "io_bytes" : 134407757824,
        "io_kbytes" : 131257576,
        "bw_bytes" : 447928808,
        "bw" : 437430,
        "iops" : 109352.180361,
        "runtime" : 300065,
        "total_ios" : 32812762,
        "short_ios" : 0,
        "drop_ios" : 0,
        "slat_ns" : {
          "min" : 1048,
          "max" : 863245,
          "mean" : 3508.644137,
          "stddev" : 2343.719243,
          "N" : 32812762
        },
        "clat_ns" : {
          "min" : 211889,
          "max" : 1672834671,
          "mean" : 11459078.458239,
          "stddev" : 36693532.786045,
          "N" : 32814394,
          "percentile" : {
            "1.000000" : 1351680,
            "5.000000" : 1908736,
            "10.000000" : 2244608,
            "20.000000" : 2768896,
            "30.000000" : 3227648,
            "40.000000" : 3653632,
            "50.000000" : 4177920,
            "60.000000" : 4751360,
            "70.000000" : 5668864,
            "80.000000" : 7176192,
            "90.000000" : 12124160,
            "95.000000" : 36962304,
            "99.000000" : 191889408,
            "99.500000" : 274726912,
            "99.900000" : 455081984,
            "99.950000" : 530579456,
            "99.990000" : 700448768
          }
        },
        "lat_ns" : {
          "min" : 214820,
          "max" : 1672837096,
          "mean" : 11462587.126784,
          "stddev" : 36693667.694199,
          "N" : 32814394
        },
        "bw_min" : 122,
        "bw_max" : 421828,
        "bw_agg" : 7.636642,
        "bw_mean" : 33405.030925,
        "bw_dev" : 629.723369,
        "bw_samples" : 32814394,
        "iops_min" : 32,
        "iops_max" : 32,
        "iops_mean" : 32.000000,
        "iops_stddev" : 0.000000,
        "iops_samples" : 32814394
      },
      "trim" : {
        "io_bytes" : 0,
        "io_kbytes" : 0,
        "bw_bytes" : 0,
        "bw" : 0,
        "iops" : 0.000000,
        "runtime" : 0,
        "total_ios" : 0,
        "short_ios" : 0,
        "drop_ios" : 0,
        "slat_ns" : {
          "min" : 0,
          "max" : 0,
          "mean" : 0.000000,
          "stddev" : 0.000000,
          "N" : 0
        },
        "clat_ns" : {
          "min" : 0,
          "max" : 0,
          "mean" : 0.000000,
          "stddev" : 0.000000,
          "N" : 0
        },
        "lat_ns" : {
          "min" : 0,
          "max" : 0,
          "mean" : 0.000000,
          "stddev" : 0.000000,
          "N" : 0
        },
        "bw_min" : 0,
        "bw_max" : 0,
        "bw_agg" : 0.000000,
        "bw_mean" : 0.000000,
        "bw_dev" : 0.000000,
        "bw_samples" : 0,
        "iops_min" : 0,
        "iops_max" : 0,
        "iops_mean" : 0.000000,
        "iops_stddev" : 0.000000,
        "iops_samples" : 0
      },
      "sync" : {
        "total_ios" : 0,
        "lat_ns" : {
          "min" : 0,
          "max" : 0,
          "mean" : 0.000000,
          "stddev" : 0.000000,
          "N" : 0
        }
      },
      "job_runtime" : 7261871,
      "usr_cpu" : 2.290787,
      "sys_cpu" : 1.401485,
      "ctx" : 18897297,
      "majf" : 0,
      "minf" : 512316,
      "iodepth_level" : {
        "1" : 0.100000,
        "2" : 0.100000,
        "4" : 0.100000,
        "8" : 0.100000,
        "16" : 0.100000,
        "32" : 99.973163,
        ">=64" : 0.000000
      },
      "iodepth_submit" : {
        "0" : 0.000000,
        "4" : 100.000000,
        "8" : 0.000000,
        "16" : 0.000000,
        "32" : 0.000000,
        "64" : 0.000000,
        ">=64" : 0.000000
      },
      "iodepth_complete" : {
        "0" : 0.100000,
        "4" : 99.999939,
        "8" : 0.000000,
        "16" : 0.000000,
        "32" : 0.000000,
        "64" : 0.100000,
        ">=64" : 0.000000
      },
      "latency_ns" : {
        "2" : 0.000000,
        "4" : 0.000000,
        "10" : 0.000000,
        "20" : 0.000000,
        "50" : 0.000000,
        "100" : 0.000000,
        "250" : 0.000000,
        "500" : 0.000000,
        "750" : 0.000000,
        "1000" : 0.000000
      },
      "latency_us" : {
        "2" : 0.000000,
        "4" : 0.000000,
        "10" : 0.000000,
        "20" : 0.000000,
        "50" : 0.000000,
        "100" : 0.000000,
        "250" : 0.010000,
        "500" : 0.010000,
        "750" : 0.044190,
        "1000" : 0.166274
      },
      "latency_ms" : {
        "2" : 5.940289,
        "4" : 40.754725,
        "10" : 40.774428,
        "20" : 5.249357,
        "50" : 3.025107,
        "100" : 1.808946,
        "250" : 1.618748,
        "500" : 0.551791,
        "750" : 0.059846,
        "1000" : 0.010000,
        "2000" : 0.010000,
        ">=2000" : 0.000000
      },
      "latency_depth" : 52,
      "latency_target" : 0,
      "latency_percentile" : 100.000000,
      "latency_window" : 0
    }
  ],
  "disk_util" : [
    {
      "name" : "sda",
      "read_ios" : 0,
      "write_ios" : 8830,
      "read_sectors" : 0,
      "write_sectors" : 8115176,
      "read_merges" : 0,
      "write_merges" : 6793,
      "read_ticks" : 0,
      "write_ticks" : 55488,
      "in_queue" : 55807,
      "util" : 2.417814
    }
  ]
}
