{
  "fio version" : "fio-3.39-26-ga72fe",
  "timestamp" : 1747202959,
  "timestamp_ms" : 1747202959603,
  "time" : "Wed May 14 06:09:19 2025",
  "global options" : {
    "write_iops_log" : "classic_1osd_32fio_rc_1procs_randwrite",
    "write_bw_log" : "classic_1osd_32fio_rc_1procs_randwrite",
    "write_lat_log" : "classic_1osd_32fio_rc_1procs_randwrite",
    "ioengine" : "rbd",
    "bs" : "4k",
    "rw" : "randwrite",
    "direct" : "1",
    "runtime" : "5m",
    "time_based" : "",
    "group_reporting" : "",
    "ramp_time" : "30s",
    "thread" : "1",
    "iodepth" : "40",
    "clientname" : "admin",
    "pool" : "rbd"
  },
  "jobs" : [
    {
      "jobname" : "fio_test_0",
      "groupid" : 0,
      "job_start" : 1747202646618,
      "error" : 110,
      "eta" : 0,
      "elapsed" : 344,
      "job options" : {
        "max_latency" : "1s",
        "numjobs" : "1",
        "rbdname" : "fio_test_31"
      },
      "read" : {
        "io_bytes" : 0,
        "io_kbytes" : 0,
        "bw_bytes" : 0,
        "bw" : 0,
        "iops" : 0.000000,
        "runtime" : 0,
        "total_ios" : 0,
        "short_ios" : 0,
        "drop_ios" : 0,
        "slat_ns" : {
          "min" : 0,
          "max" : 0,
          "mean" : 0.000000,
          "stddev" : 0.000000,
          "N" : 0
        },
        "clat_ns" : {
          "min" : 0,
          "max" : 0,
          "mean" : 0.000000,
          "stddev" : 0.000000,
          "N" : 0
        },
        "lat_ns" : {
          "min" : 0,
          "max" : 0,
          "mean" : 0.000000,
          "stddev" : 0.000000,
          "N" : 0
        },
        "bw_min" : 0,
        "bw_max" : 0,
        "bw_agg" : 0.000000,
        "bw_mean" : 0.000000,
        "bw_dev" : 0.000000,
        "bw_samples" : 0,
        "iops_min" : 0,
        "iops_max" : 0,
        "iops_mean" : 0.000000,
        "iops_stddev" : 0.000000,
        "iops_samples" : 0
      },
      "write" : {
        "io_bytes" : 133737275392,
        "io_kbytes" : 130602808,
        "bw_bytes" : 445679498,
        "bw" : 435233,
        "iops" : 108804.312255,
        "runtime" : 300075,
        "total_ios" : 32649454,
        "short_ios" : 0,
        "drop_ios" : 0,
        "slat_ns" : {
          "min" : 951,
          "max" : 6887774,
          "mean" : 3596.785566,
          "stddev" : 3033.511945,
          "N" : 32649454
        },
        "clat_ns" : {
          "min" : 217985,
          "max" : 1320438097,
          "mean" : 11371264.042026,
          "stddev" : 35166691.753524,
          "N" : 32650702,
          "percentile" : {
            "1.000000" : 1236992,
            "5.000000" : 1777664,
            "10.000000" : 2113536,
            "20.000000" : 2605056,
            "30.000000" : 3031040,
            "40.000000" : 3424256,
            "50.000000" : 3915776,
            "60.000000" : 4489216,
            "70.000000" : 5275648,
            "80.000000" : 6717440,
            "90.000000" : 12255232,
            "95.000000" : 41680896,
            "99.000000" : 189792256,
            "99.500000" : 263192576,
            "99.900000" : 417333248,
            "99.950000" : 476053504,
            "99.990000" : 616562688
          }
        },
        "lat_ns" : {
          "min" : 221339,
          "max" : 1320439679,
          "mean" : 11374860.828829,
          "stddev" : 35166822.909740,
          "N" : 32650702
        },
        "bw_min" : 152,
        "bw_max" : 459472,
        "bw_agg" : 8.267279,
        "bw_mean" : 35982.038133,
        "bw_dev" : 684.370683,
        "bw_samples" : 32650702,
        "iops_min" : 32,
        "iops_max" : 32,
        "iops_mean" : 32.000000,
        "iops_stddev" : 0.000000,
        "iops_samples" : 32650702
      },
      "trim" : {
        "io_bytes" : 0,
        "io_kbytes" : 0,
        "bw_bytes" : 0,
        "bw" : 0,
        "iops" : 0.000000,
        "runtime" : 0,
        "total_ios" : 0,
        "short_ios" : 0,
        "drop_ios" : 0,
        "slat_ns" : {
          "min" : 0,
          "max" : 0,
          "mean" : 0.000000,
          "stddev" : 0.000000,
          "N" : 0
        },
        "clat_ns" : {
          "min" : 0,
          "max" : 0,
          "mean" : 0.000000,
          "stddev" : 0.000000,
          "N" : 0
        },
        "lat_ns" : {
          "min" : 0,
          "max" : 0,
          "mean" : 0.000000,
          "stddev" : 0.000000,
          "N" : 0
        },
        "bw_min" : 0,
        "bw_max" : 0,
        "bw_agg" : 0.000000,
        "bw_mean" : 0.000000,
        "bw_dev" : 0.000000,
        "bw_samples" : 0,
        "iops_min" : 0,
        "iops_max" : 0,
        "iops_mean" : 0.000000,
        "iops_stddev" : 0.000000,
        "iops_samples" : 0
      },
      "sync" : {
        "total_ios" : 0,
        "lat_ns" : {
          "min" : 0,
          "max" : 0,
          "mean" : 0.000000,
          "stddev" : 0.000000,
          "N" : 0
        }
      },
      "job_runtime" : 9304912,
      "usr_cpu" : 1.859158,
      "sys_cpu" : 1.135572,
      "ctx" : 19679553,
      "majf" : 0,
      "minf" : 428862,
      "iodepth_level" : {
        "1" : 0.100000,
        "2" : 0.100000,
        "4" : 0.100000,
        "8" : 0.100000,
        "16" : 0.100000,
        "32" : 99.971421,
        ">=64" : 0.000000
      },
      "iodepth_submit" : {
        "0" : 0.000000,
        "4" : 100.000000,
        "8" : 0.000000,
        "16" : 0.000000,
        "32" : 0.000000,
        "64" : 0.000000,
        ">=64" : 0.000000
      },
      "iodepth_complete" : {
        "0" : 0.100000,
        "4" : 99.999948,
        "8" : 0.000000,
        "16" : 0.000000,
        "32" : 0.000000,
        "64" : 0.100000,
        ">=64" : 0.000000
      },
      "latency_ns" : {
        "2" : 0.000000,
        "4" : 0.000000,
        "10" : 0.000000,
        "20" : 0.000000,
        "50" : 0.000000,
        "100" : 0.000000,
        "250" : 0.000000,
        "500" : 0.000000,
        "750" : 0.000000,
        "1000" : 0.000000
      },
      "latency_us" : {
        "2" : 0.000000,
        "4" : 0.000000,
        "10" : 0.000000,
        "20" : 0.000000,
        "50" : 0.000000,
        "100" : 0.000000,
        "250" : 0.010000,
        "500" : 0.010000,
        "750" : 0.069386,
        "1000" : 0.267383
      },
      "latency_ms" : {
        "2" : 7.796544,
        "4" : 43.684136,
        "10" : 36.157401,
        "20" : 4.432310,
        "50" : 3.202133,
        "100" : 2.020548,
        "250" : 1.801537,
        "500" : 0.524490,
        "750" : 0.037005,
        "1000" : 0.010000,
        "2000" : 0.010000,
        ">=2000" : 0.000000
      },
      "latency_depth" : 40,
      "latency_target" : 0,
      "latency_percentile" : 100.000000,
      "latency_window" : 0
    }
  ],
  "disk_util" : [
    {
      "name" : "sda",
      "read_ios" : 0,
      "write_ios" : 8959,
      "read_sectors" : 0,
      "write_sectors" : 8036720,
      "read_merges" : 0,
      "write_merges" : 6812,
      "read_ticks" : 0,
      "write_ticks" : 54984,
      "in_queue" : 55171,
      "util" : 2.388573
    }
  ]
}
