{
  "fio version" : "fio-3.39-26-ga72fe",
  "timestamp" : 1747202614,
  "timestamp_ms" : 1747202614353,
  "time" : "Wed May 14 06:03:34 2025",
  "global options" : {
    "write_iops_log" : "classic_1osd_32fio_rc_1procs_randwrite",
    "write_bw_log" : "classic_1osd_32fio_rc_1procs_randwrite",
    "write_lat_log" : "classic_1osd_32fio_rc_1procs_randwrite",
    "ioengine" : "rbd",
    "bs" : "4k",
    "rw" : "randwrite",
    "direct" : "1",
    "runtime" : "5m",
    "time_based" : "",
    "group_reporting" : "",
    "ramp_time" : "30s",
    "thread" : "1",
    "iodepth" : "32",
    "clientname" : "admin",
    "pool" : "rbd"
  },
  "jobs" : [
    {
      "jobname" : "fio_test_0",
      "groupid" : 0,
      "job_start" : 1747202301223,
      "error" : 0,
      "eta" : 0,
      "elapsed" : 344,
      "job options" : {
        "max_latency" : "1s",
        "numjobs" : "1",
        "rbdname" : "fio_test_31"
      },
      "read" : {
        "io_bytes" : 0,
        "io_kbytes" : 0,
        "bw_bytes" : 0,
        "bw" : 0,
        "iops" : 0.000000,
        "runtime" : 0,
        "total_ios" : 0,
        "short_ios" : 0,
        "drop_ios" : 0,
        "slat_ns" : {
          "min" : 0,
          "max" : 0,
          "mean" : 0.000000,
          "stddev" : 0.000000,
          "N" : 0
        },
        "clat_ns" : {
          "min" : 0,
          "max" : 0,
          "mean" : 0.000000,
          "stddev" : 0.000000,
          "N" : 0
        },
        "lat_ns" : {
          "min" : 0,
          "max" : 0,
          "mean" : 0.000000,
          "stddev" : 0.000000,
          "N" : 0
        },
        "bw_min" : 0,
        "bw_max" : 0,
        "bw_agg" : 0.000000,
        "bw_mean" : 0.000000,
        "bw_dev" : 0.000000,
        "bw_samples" : 0,
        "iops_min" : 0,
        "iops_max" : 0,
        "iops_mean" : 0.000000,
        "iops_stddev" : 0.000000,
        "iops_samples" : 0
      },
      "write" : {
        "io_bytes" : 133488697344,
        "io_kbytes" : 130360056,
        "bw_bytes" : 444925247,
        "bw" : 434497,
        "iops" : 108621.021582,
        "runtime" : 300025,
        "total_ios" : 32589022,
        "short_ios" : 0,
        "drop_ios" : 0,
        "slat_ns" : {
          "min" : 1024,
          "max" : 1530100,
          "mean" : 3726.858406,
          "stddev" : 2970.508079,
          "N" : 32589022
        },
        "clat_ns" : {
          "min" : 183513,
          "max" : 661238886,
          "mean" : 9405716.992850,
          "stddev" : 26701688.981075,
          "N" : 32590014,
          "percentile" : {
            "1.000000" : 1155072,
            "5.000000" : 1662976,
            "10.000000" : 1990656,
            "20.000000" : 2441216,
            "30.000000" : 2834432,
            "40.000000" : 3227648,
            "50.000000" : 3653632,
            "60.000000" : 4145152,
            "70.000000" : 4882432,
            "80.000000" : 6127616,
            "90.000000" : 10682368,
            "95.000000" : 33816576,
            "99.000000" : 145752064,
            "99.500000" : 200278016,
            "99.900000" : 312475648,
            "99.950000" : 358612992,
            "99.990000" : 450887680
          }
        },
        "lat_ns" : {
          "min" : 186105,
          "max" : 661245963,
          "mean" : 9409443.843787,
          "stddev" : 26701805.193329,
          "N" : 32590014
        },
        "bw_min" : 210,
        "bw_max" : 510191,
        "bw_agg" : 8.889353,
        "bw_mean" : 38624.019009,
        "bw_dev" : 725.373331,
        "bw_samples" : 32590014,
        "iops_min" : 32,
        "iops_max" : 32,
        "iops_mean" : 32.000000,
        "iops_stddev" : 0.000000,
        "iops_samples" : 32590014
      },
      "trim" : {
        "io_bytes" : 0,
        "io_kbytes" : 0,
        "bw_bytes" : 0,
        "bw" : 0,
        "iops" : 0.000000,
        "runtime" : 0,
        "total_ios" : 0,
        "short_ios" : 0,
        "drop_ios" : 0,
        "slat_ns" : {
          "min" : 0,
          "max" : 0,
          "mean" : 0.000000,
          "stddev" : 0.000000,
          "N" : 0
        },
        "clat_ns" : {
          "min" : 0,
          "max" : 0,
          "mean" : 0.000000,
          "stddev" : 0.000000,
          "N" : 0
        },
        "lat_ns" : {
          "min" : 0,
          "max" : 0,
          "mean" : 0.000000,
          "stddev" : 0.000000,
          "N" : 0
        },
        "bw_min" : 0,
        "bw_max" : 0,
        "bw_agg" : 0.000000,
        "bw_mean" : 0.000000,
        "bw_dev" : 0.000000,
        "bw_samples" : 0,
        "iops_min" : 0,
        "iops_max" : 0,
        "iops_mean" : 0.000000,
        "iops_stddev" : 0.000000,
        "iops_samples" : 0
      },
      "sync" : {
        "total_ios" : 0,
        "lat_ns" : {
          "min" : 0,
          "max" : 0,
          "mean" : 0.000000,
          "stddev" : 0.000000,
          "N" : 0
        }
      },
      "job_runtime" : 9600364,
      "usr_cpu" : 1.863148,
      "sys_cpu" : 1.138217,
      "ctx" : 20271509,
      "majf" : 0,
      "minf" : 509845,
      "iodepth_level" : {
        "1" : 0.100000,
        "2" : 0.100000,
        "4" : 0.100000,
        "8" : 0.100000,
        "16" : 0.100000,
        "32" : 99.971653,
        ">=64" : 0.000000
      },
      "iodepth_submit" : {
        "0" : 0.000000,
        "4" : 100.000000,
        "8" : 0.000000,
        "16" : 0.000000,
        "32" : 0.000000,
        "64" : 0.000000,
        ">=64" : 0.000000
      },
      "iodepth_complete" : {
        "0" : 0.000000,
        "4" : 99.999951,
        "8" : 0.000000,
        "16" : 0.000000,
        "32" : 0.100000,
        "64" : 0.000000,
        ">=64" : 0.000000
      },
      "latency_ns" : {
        "2" : 0.000000,
        "4" : 0.000000,
        "10" : 0.000000,
        "20" : 0.000000,
        "50" : 0.000000,
        "100" : 0.000000,
        "250" : 0.000000,
        "500" : 0.000000,
        "750" : 0.000000,
        "1000" : 0.000000
      },
      "latency_us" : {
        "2" : 0.000000,
        "4" : 0.000000,
        "10" : 0.000000,
        "20" : 0.000000,
        "50" : 0.000000,
        "100" : 0.000000,
        "250" : 0.010000,
        "500" : 0.018773,
        "750" : 0.100626,
        "1000" : 0.363426
      },
      "latency_ms" : {
        "2" : 9.747279,
        "4" : 47.019582,
        "10" : 32.150962,
        "20" : 3.745626,
        "50" : 3.161884,
        "100" : 1.911042,
        "250" : 1.531074,
        "500" : 0.248651,
        "750" : 0.010000,
        "1000" : 0.000000,
        "2000" : 0.000000,
        ">=2000" : 0.000000
      },
      "latency_depth" : 32,
      "latency_target" : 0,
      "latency_percentile" : 100.000000,
      "latency_window" : 0
    }
  ],
  "disk_util" : [
    {
      "name" : "sda",
      "read_ios" : 0,
      "write_ios" : 9012,
      "read_sectors" : 0,
      "write_sectors" : 8103752,
      "read_merges" : 0,
      "write_merges" : 6764,
      "read_ticks" : 0,
      "write_ticks" : 56091,
      "in_queue" : 56338,
      "util" : 2.408489
    }
  ]
}
