{
  "fio version" : "fio-3.39-26-ga72fe",
  "timestamp" : 1747201923,
  "timestamp_ms" : 1747201923667,
  "time" : "Wed May 14 05:52:03 2025",
  "global options" : {
    "write_iops_log" : "classic_1osd_32fio_rc_1procs_randwrite",
    "write_bw_log" : "classic_1osd_32fio_rc_1procs_randwrite",
    "write_lat_log" : "classic_1osd_32fio_rc_1procs_randwrite",
    "ioengine" : "rbd",
    "bs" : "4k",
    "rw" : "randwrite",
    "direct" : "1",
    "runtime" : "5m",
    "time_based" : "",
    "group_reporting" : "",
    "ramp_time" : "30s",
    "thread" : "1",
    "iodepth" : "16",
    "clientname" : "admin",
    "pool" : "rbd"
  },
  "jobs" : [
    {
      "jobname" : "fio_test_0",
      "groupid" : 0,
      "job_start" : 1747201611114,
      "error" : 0,
      "eta" : 0,
      "elapsed" : 343,
      "job options" : {
        "max_latency" : "1s",
        "numjobs" : "1",
        "rbdname" : "fio_test_31"
      },
      "read" : {
        "io_bytes" : 0,
        "io_kbytes" : 0,
        "bw_bytes" : 0,
        "bw" : 0,
        "iops" : 0.000000,
        "runtime" : 0,
        "total_ios" : 0,
        "short_ios" : 0,
        "drop_ios" : 0,
        "slat_ns" : {
          "min" : 0,
          "max" : 0,
          "mean" : 0.000000,
          "stddev" : 0.000000,
          "N" : 0
        },
        "clat_ns" : {
          "min" : 0,
          "max" : 0,
          "mean" : 0.000000,
          "stddev" : 0.000000,
          "N" : 0
        },
        "lat_ns" : {
          "min" : 0,
          "max" : 0,
          "mean" : 0.000000,
          "stddev" : 0.000000,
          "N" : 0
        },
        "bw_min" : 0,
        "bw_max" : 0,
        "bw_agg" : 0.000000,
        "bw_mean" : 0.000000,
        "bw_dev" : 0.000000,
        "bw_samples" : 0,
        "iops_min" : 0,
        "iops_max" : 0,
        "iops_mean" : 0.000000,
        "iops_stddev" : 0.000000,
        "iops_samples" : 0
      },
      "write" : {
        "io_bytes" : 132940967936,
        "io_kbytes" : 129825164,
        "bw_bytes" : 443121789,
        "bw" : 432736,
        "iops" : 108182.427252,
        "runtime" : 300010,
        "total_ios" : 32455810,
        "short_ios" : 0,
        "drop_ios" : 0,
        "slat_ns" : {
          "min" : 977,
          "max" : 4944823,
          "mean" : 4052.994519,
          "stddev" : 3226.441699,
          "N" : 32455811
        },
        "clat_ns" : {
          "min" : 193190,
          "max" : 233630699,
          "mean" : 4723944.431433,
          "stddev" : 7939891.665719,
          "N" : 32456290,
          "percentile" : {
            "1.000000" : 995328,
            "5.000000" : 1449984,
            "10.000000" : 1728512,
            "20.000000" : 2113536,
            "30.000000" : 2441216,
            "40.000000" : 2768896,
            "50.000000" : 3096576,
            "60.000000" : 3457024,
            "70.000000" : 3915776,
            "80.000000" : 4620288,
            "90.000000" : 6258688,
            "95.000000" : 11206656,
            "99.000000" : 44302336,
            "99.500000" : 60030976,
            "99.900000" : 94896128,
            "99.950000" : 108527616,
            "99.990000" : 141557760
          }
        },
        "lat_ns" : {
          "min" : 195574,
          "max" : 233634481,
          "mean" : 4727997.429503,
          "stddev" : 7939944.523642,
          "N" : 32456290
        },
        "bw_min" : 672,
        "bw_max" : 573534,
        "bw_agg" : 10.704907,
        "bw_mean" : 46324.304135,
        "bw_dev" : 793.542973,
        "bw_samples" : 32456290,
        "iops_min" : 32,
        "iops_max" : 32,
        "iops_mean" : 32.000000,
        "iops_stddev" : 0.000000,
        "iops_samples" : 32456290
      },
      "trim" : {
        "io_bytes" : 0,
        "io_kbytes" : 0,
        "bw_bytes" : 0,
        "bw" : 0,
        "iops" : 0.000000,
        "runtime" : 0,
        "total_ios" : 0,
        "short_ios" : 0,
        "drop_ios" : 0,
        "slat_ns" : {
          "min" : 0,
          "max" : 0,
          "mean" : 0.000000,
          "stddev" : 0.000000,
          "N" : 0
        },
        "clat_ns" : {
          "min" : 0,
          "max" : 0,
          "mean" : 0.000000,
          "stddev" : 0.000000,
          "N" : 0
        },
        "lat_ns" : {
          "min" : 0,
          "max" : 0,
          "mean" : 0.000000,
          "stddev" : 0.000000,
          "N" : 0
        },
        "bw_min" : 0,
        "bw_max" : 0,
        "bw_agg" : 0.000000,
        "bw_mean" : 0.000000,
        "bw_dev" : 0.000000,
        "bw_samples" : 0,
        "iops_min" : 0,
        "iops_max" : 0,
        "iops_mean" : 0.000000,
        "iops_stddev" : 0.000000,
        "iops_samples" : 0
      },
      "sync" : {
        "total_ios" : 0,
        "lat_ns" : {
          "min" : 0,
          "max" : 0,
          "mean" : 0.000000,
          "stddev" : 0.000000,
          "N" : 0
        }
      },
      "job_runtime" : 9600149,
      "usr_cpu" : 2.053854,
      "sys_cpu" : 1.302136,
      "ctx" : 22774917,
      "majf" : 0,
      "minf" : 433269,
      "iodepth_level" : {
        "1" : 0.100000,
        "2" : 0.100000,
        "4" : 0.100000,
        "8" : 0.100000,
        "16" : 99.986227,
        "32" : 0.000000,
        ">=64" : 0.000000
      },
      "iodepth_submit" : {
        "0" : 0.000000,
        "4" : 100.000000,
        "8" : 0.000000,
        "16" : 0.000000,
        "32" : 0.000000,
        "64" : 0.000000,
        ">=64" : 0.000000
      },
      "iodepth_complete" : {
        "0" : 0.000000,
        "4" : 99.999951,
        "8" : 0.000000,
        "16" : 0.100000,
        "32" : 0.000000,
        "64" : 0.000000,
        ">=64" : 0.000000
      },
      "latency_ns" : {
        "2" : 0.000000,
        "4" : 0.000000,
        "10" : 0.000000,
        "20" : 0.000000,
        "50" : 0.000000,
        "100" : 0.000000,
        "250" : 0.000000,
        "500" : 0.000000,
        "750" : 0.000000,
        "1000" : 0.000000
      },
      "latency_us" : {
        "2" : 0.000000,
        "4" : 0.000000,
        "10" : 0.000000,
        "20" : 0.000000,
        "50" : 0.000000,
        "100" : 0.000000,
        "250" : 0.010000,
        "500" : 0.041127,
        "750" : 0.236506,
        "1000" : 0.735822
      },
      "latency_ms" : {
        "2" : 15.378168,
        "4" : 55.165334,
        "10" : 22.905538,
        "20" : 2.459738,
        "50" : 2.295013,
        "100" : 0.706647,
        "250" : 0.077173,
        "500" : 0.000000,
        "750" : 0.000000,
        "1000" : 0.000000,
        "2000" : 0.000000,
        ">=2000" : 0.000000
      },
      "latency_depth" : 16,
      "latency_target" : 0,
      "latency_percentile" : 100.000000,
      "latency_window" : 0
    }
  ],
  "disk_util" : [
    {
      "name" : "sda",
      "read_ios" : 0,
      "write_ios" : 8894,
      "read_sectors" : 0,
      "write_sectors" : 8062680,
      "read_merges" : 0,
      "write_merges" : 6573,
      "read_ticks" : 0,
      "write_ticks" : 55772,
      "in_queue" : 56003,
      "util" : 2.401919
    }
  ]
}
