{
  "fio version" : "fio-3.39-26-ga72fe",
  "timestamp" : 1747200890,
  "timestamp_ms" : 1747200890185,
  "time" : "Wed May 14 05:34:50 2025",
  "global options" : {
    "write_iops_log" : "classic_1osd_32fio_rc_1procs_randwrite",
    "write_bw_log" : "classic_1osd_32fio_rc_1procs_randwrite",
    "write_lat_log" : "classic_1osd_32fio_rc_1procs_randwrite",
    "ioengine" : "rbd",
    "bs" : "4k",
    "rw" : "randwrite",
    "direct" : "1",
    "runtime" : "5m",
    "time_based" : "",
    "group_reporting" : "",
    "ramp_time" : "30s",
    "thread" : "1",
    "iodepth" : "2",
    "clientname" : "admin",
    "pool" : "rbd"
  },
  "jobs" : [
    {
      "jobname" : "fio_test_0",
      "groupid" : 0,
      "job_start" : 1747200580433,
      "error" : 0,
      "eta" : 0,
      "elapsed" : 340,
      "job options" : {
        "max_latency" : "1s",
        "numjobs" : "1",
        "rbdname" : "fio_test_31"
      },
      "read" : {
        "io_bytes" : 0,
        "io_kbytes" : 0,
        "bw_bytes" : 0,
        "bw" : 0,
        "iops" : 0.000000,
        "runtime" : 0,
        "total_ios" : 0,
        "short_ios" : 0,
        "drop_ios" : 0,
        "slat_ns" : {
          "min" : 0,
          "max" : 0,
          "mean" : 0.000000,
          "stddev" : 0.000000,
          "N" : 0
        },
        "clat_ns" : {
          "min" : 0,
          "max" : 0,
          "mean" : 0.000000,
          "stddev" : 0.000000,
          "N" : 0
        },
        "lat_ns" : {
          "min" : 0,
          "max" : 0,
          "mean" : 0.000000,
          "stddev" : 0.000000,
          "N" : 0
        },
        "bw_min" : 0,
        "bw_max" : 0,
        "bw_agg" : 0.000000,
        "bw_mean" : 0.000000,
        "bw_dev" : 0.000000,
        "bw_samples" : 0,
        "iops_min" : 0,
        "iops_max" : 0,
        "iops_mean" : 0.000000,
        "iops_stddev" : 0.000000,
        "iops_samples" : 0
      },
      "write" : {
        "io_bytes" : 103088144384,
        "io_kbytes" : 100672016,
        "bw_bytes" : 343626002,
        "bw" : 335572,
        "iops" : 83892.960357,
        "runtime" : 300001,
        "total_ios" : 25167972,
        "short_ios" : 0,
        "drop_ios" : 0,
        "slat_ns" : {
          "min" : 1057,
          "max" : 1102133,
          "mean" : 4102.694870,
          "stddev" : 2544.019862,
          "N" : 25167972
        },
        "clat_ns" : {
          "min" : 169666,
          "max" : 41024137,
          "mean" : 757138.277816,
          "stddev" : 601487.190762,
          "N" : 25168004,
          "percentile" : {
            "1.000000" : 264192,
            "5.000000" : 317440,
            "10.000000" : 358400,
            "20.000000" : 415744,
            "30.000000" : 464896,
            "40.000000" : 514048,
            "50.000000" : 569344,
            "60.000000" : 643072,
            "70.000000" : 757760,
            "80.000000" : 1019904,
            "90.000000" : 1515520,
            "95.000000" : 1761280,
            "99.000000" : 2473984,
            "99.500000" : 2768896,
            "99.900000" : 4685824,
            "99.950000" : 8716288,
            "99.990000" : 21102592
          }
        },
        "lat_ns" : {
          "min" : 171854,
          "max" : 41026673,
          "mean" : 761240.975077,
          "stddev" : 601523.101954,
          "N" : 25168004
        },
        "bw_min" : 3222,
        "bw_max" : 728282,
        "bw_agg" : 68.884417,
        "bw_mean" : 231157.094432,
        "bw_dev" : 3262.912432,
        "bw_samples" : 25168004,
        "iops_min" : 32,
        "iops_max" : 32,
        "iops_mean" : 32.000000,
        "iops_stddev" : 0.000000,
        "iops_samples" : 25168004
      },
      "trim" : {
        "io_bytes" : 0,
        "io_kbytes" : 0,
        "bw_bytes" : 0,
        "bw" : 0,
        "iops" : 0.000000,
        "runtime" : 0,
        "total_ios" : 0,
        "short_ios" : 0,
        "drop_ios" : 0,
        "slat_ns" : {
          "min" : 0,
          "max" : 0,
          "mean" : 0.000000,
          "stddev" : 0.000000,
          "N" : 0
        },
        "clat_ns" : {
          "min" : 0,
          "max" : 0,
          "mean" : 0.000000,
          "stddev" : 0.000000,
          "N" : 0
        },
        "lat_ns" : {
          "min" : 0,
          "max" : 0,
          "mean" : 0.000000,
          "stddev" : 0.000000,
          "N" : 0
        },
        "bw_min" : 0,
        "bw_max" : 0,
        "bw_agg" : 0.000000,
        "bw_mean" : 0.000000,
        "bw_dev" : 0.000000,
        "bw_samples" : 0,
        "iops_min" : 0,
        "iops_max" : 0,
        "iops_mean" : 0.000000,
        "iops_stddev" : 0.000000,
        "iops_samples" : 0
      },
      "sync" : {
        "total_ios" : 0,
        "lat_ns" : {
          "min" : 0,
          "max" : 0,
          "mean" : 0.000000,
          "stddev" : 0.000000,
          "N" : 0
        }
      },
      "job_runtime" : 9600000,
      "usr_cpu" : 1.654552,
      "sys_cpu" : 1.142531,
      "ctx" : 24071137,
      "majf" : 0,
      "minf" : 258782,
      "iodepth_level" : {
        "1" : 0.100000,
        "2" : 99.998856,
        "4" : 0.000000,
        "8" : 0.000000,
        "16" : 0.000000,
        "32" : 0.000000,
        ">=64" : 0.000000
      },
      "iodepth_submit" : {
        "0" : 0.000000,
        "4" : 100.000000,
        "8" : 0.000000,
        "16" : 0.000000,
        "32" : 0.000000,
        "64" : 0.000000,
        ">=64" : 0.000000
      },
      "iodepth_complete" : {
        "0" : 0.000000,
        "4" : 100.000000,
        "8" : 0.000000,
        "16" : 0.000000,
        "32" : 0.000000,
        "64" : 0.000000,
        ">=64" : 0.000000
      },
      "latency_ns" : {
        "2" : 0.000000,
        "4" : 0.000000,
        "10" : 0.000000,
        "20" : 0.000000,
        "50" : 0.000000,
        "100" : 0.000000,
        "250" : 0.000000,
        "500" : 0.000000,
        "750" : 0.000000,
        "1000" : 0.000000
      },
      "latency_us" : {
        "2" : 0.000000,
        "4" : 0.000000,
        "10" : 0.000000,
        "20" : 0.000000,
        "50" : 0.000000,
        "100" : 0.000000,
        "250" : 0.565032,
        "500" : 37.014917,
        "750" : 32.002181,
        "1000" : 9.925067
      },
      "latency_ms" : {
        "2" : 17.889316,
        "4" : 2.486609,
        "10" : 0.079418,
        "20" : 0.026585,
        "50" : 0.011002,
        "100" : 0.000000,
        "250" : 0.000000,
        "500" : 0.000000,
        "750" : 0.000000,
        "1000" : 0.000000,
        "2000" : 0.000000,
        ">=2000" : 0.000000
      },
      "latency_depth" : 2,
      "latency_target" : 0,
      "latency_percentile" : 100.000000,
      "latency_window" : 0
    }
  ],
  "disk_util" : [
    {
      "name" : "sda",
      "read_ios" : 0,
      "write_ios" : 9967,
      "read_sectors" : 0,
      "write_sectors" : 10497464,
      "read_merges" : 0,
      "write_merges" : 6449,
      "read_ticks" : 0,
      "write_ticks" : 69904,
      "in_queue" : 70217,
      "util" : 3.074843
    }
  ]
}
