{
  "fio version" : "fio-3.39-26-ga72fe",
  "timestamp" : 1747201233,
  "timestamp_ms" : 1747201233908,
  "time" : "Wed May 14 05:40:33 2025",
  "global options" : {
    "write_iops_log" : "classic_1osd_32fio_rc_1procs_randwrite",
    "write_bw_log" : "classic_1osd_32fio_rc_1procs_randwrite",
    "write_lat_log" : "classic_1osd_32fio_rc_1procs_randwrite",
    "ioengine" : "rbd",
    "bs" : "4k",
    "rw" : "randwrite",
    "direct" : "1",
    "runtime" : "5m",
    "time_based" : "",
    "group_reporting" : "",
    "ramp_time" : "30s",
    "thread" : "1",
    "iodepth" : "4",
    "clientname" : "admin",
    "pool" : "rbd"
  },
  "jobs" : [
    {
      "jobname" : "fio_test_0",
      "groupid" : 0,
      "job_start" : 1747200922406,
      "error" : 0,
      "eta" : 0,
      "elapsed" : 342,
      "job options" : {
        "max_latency" : "1s",
        "numjobs" : "1",
        "rbdname" : "fio_test_31"
      },
      "read" : {
        "io_bytes" : 0,
        "io_kbytes" : 0,
        "bw_bytes" : 0,
        "bw" : 0,
        "iops" : 0.000000,
        "runtime" : 0,
        "total_ios" : 0,
        "short_ios" : 0,
        "drop_ios" : 0,
        "slat_ns" : {
          "min" : 0,
          "max" : 0,
          "mean" : 0.000000,
          "stddev" : 0.000000,
          "N" : 0
        },
        "clat_ns" : {
          "min" : 0,
          "max" : 0,
          "mean" : 0.000000,
          "stddev" : 0.000000,
          "N" : 0
        },
        "lat_ns" : {
          "min" : 0,
          "max" : 0,
          "mean" : 0.000000,
          "stddev" : 0.000000,
          "N" : 0
        },
        "bw_min" : 0,
        "bw_max" : 0,
        "bw_agg" : 0.000000,
        "bw_mean" : 0.000000,
        "bw_dev" : 0.000000,
        "bw_samples" : 0,
        "iops_min" : 0,
        "iops_max" : 0,
        "iops_mean" : 0.000000,
        "iops_stddev" : 0.000000,
        "iops_samples" : 0
      },
      "write" : {
        "io_bytes" : 120659795968,
        "io_kbytes" : 117831832,
        "bw_bytes" : 402195297,
        "bw" : 392768,
        "iops" : 98191.891414,
        "runtime" : 300003,
        "total_ios" : 29457862,
        "short_ios" : 0,
        "drop_ios" : 0,
        "slat_ns" : {
          "min" : 1025,
          "max" : 2170748,
          "mean" : 4238.280282,
          "stddev" : 3018.834033,
          "N" : 29457862
        },
        "clat_ns" : {
          "min" : 179673,
          "max" : 36352658,
          "mean" : 1297528.996552,
          "stddev" : 803567.026354,
          "N" : 29457958,
          "percentile" : {
            "1.000000" : 382976,
            "5.000000" : 522240,
            "10.000000" : 610304,
            "20.000000" : 741376,
            "30.000000" : 847872,
            "40.000000" : 962560,
            "50.000000" : 1089536,
            "60.000000" : 1269760,
            "70.000000" : 1531904,
            "80.000000" : 1810432,
            "90.000000" : 2211840,
            "95.000000" : 2572288,
            "99.000000" : 3391488,
            "99.500000" : 3751936,
            "99.900000" : 6586368,
            "99.950000" : 10682368,
            "99.990000" : 25559040
          }
        },
        "lat_ns" : {
          "min" : 182198,
          "max" : 36355644,
          "mean" : 1301767.284513,
          "stddev" : 803576.198085,
          "N" : 29457958
        },
        "bw_min" : 3656,
        "bw_max" : 689483,
        "bw_agg" : 33.087400,
        "bw_mean" : 129957.550140,
        "bw_dev" : 2048.546994,
        "bw_samples" : 29457958,
        "iops_min" : 32,
        "iops_max" : 32,
        "iops_mean" : 32.000000,
        "iops_stddev" : 0.000000,
        "iops_samples" : 29457958
      },
      "trim" : {
        "io_bytes" : 0,
        "io_kbytes" : 0,
        "bw_bytes" : 0,
        "bw" : 0,
        "iops" : 0.000000,
        "runtime" : 0,
        "total_ios" : 0,
        "short_ios" : 0,
        "drop_ios" : 0,
        "slat_ns" : {
          "min" : 0,
          "max" : 0,
          "mean" : 0.000000,
          "stddev" : 0.000000,
          "N" : 0
        },
        "clat_ns" : {
          "min" : 0,
          "max" : 0,
          "mean" : 0.000000,
          "stddev" : 0.000000,
          "N" : 0
        },
        "lat_ns" : {
          "min" : 0,
          "max" : 0,
          "mean" : 0.000000,
          "stddev" : 0.000000,
          "N" : 0
        },
        "bw_min" : 0,
        "bw_max" : 0,
        "bw_agg" : 0.000000,
        "bw_mean" : 0.000000,
        "bw_dev" : 0.000000,
        "bw_samples" : 0,
        "iops_min" : 0,
        "iops_max" : 0,
        "iops_mean" : 0.000000,
        "iops_stddev" : 0.000000,
        "iops_samples" : 0
      },
      "sync" : {
        "total_ios" : 0,
        "lat_ns" : {
          "min" : 0,
          "max" : 0,
          "mean" : 0.000000,
          "stddev" : 0.000000,
          "N" : 0
        }
      },
      "job_runtime" : 9600034,
      "usr_cpu" : 1.978295,
      "sys_cpu" : 1.363172,
      "ctx" : 26772373,
      "majf" : 0,
      "minf" : 334992,
      "iodepth_level" : {
        "1" : 0.100000,
        "2" : 0.100000,
        "4" : 99.997067,
        "8" : 0.000000,
        "16" : 0.000000,
        "32" : 0.000000,
        ">=64" : 0.000000
      },
      "iodepth_submit" : {
        "0" : 0.000000,
        "4" : 100.000000,
        "8" : 0.000000,
        "16" : 0.000000,
        "32" : 0.000000,
        "64" : 0.000000,
        ">=64" : 0.000000
      },
      "iodepth_complete" : {
        "0" : 0.000000,
        "4" : 100.000000,
        "8" : 0.000000,
        "16" : 0.000000,
        "32" : 0.000000,
        "64" : 0.000000,
        ">=64" : 0.000000
      },
      "latency_ns" : {
        "2" : 0.000000,
        "4" : 0.000000,
        "10" : 0.000000,
        "20" : 0.000000,
        "50" : 0.000000,
        "100" : 0.000000,
        "250" : 0.000000,
        "500" : 0.000000,
        "750" : 0.000000,
        "1000" : 0.000000
      },
      "latency_us" : {
        "2" : 0.000000,
        "4" : 0.000000,
        "10" : 0.000000,
        "20" : 0.000000,
        "50" : 0.000000,
        "100" : 0.000000,
        "250" : 0.026200,
        "500" : 4.089268,
        "750" : 16.846684,
        "1000" : 22.185449
      },
      "latency_ms" : {
        "2" : 42.413027,
        "4" : 14.090344,
        "10" : 0.294750,
        "20" : 0.032698,
        "50" : 0.021906,
        "100" : 0.000000,
        "250" : 0.000000,
        "500" : 0.000000,
        "750" : 0.000000,
        "1000" : 0.000000,
        "2000" : 0.000000,
        ">=2000" : 0.000000
      },
      "latency_depth" : 4,
      "latency_target" : 0,
      "latency_percentile" : 100.000000,
      "latency_window" : 0
    }
  ],
  "disk_util" : [
    {
      "name" : "sda",
      "read_ios" : 0,
      "write_ios" : 8489,
      "read_sectors" : 0,
      "write_sectors" : 7239360,
      "read_merges" : 0,
      "write_merges" : 6431,
      "read_ticks" : 0,
      "write_ticks" : 49684,
      "in_queue" : 49988,
      "util" : 2.169734
    }
  ]
}
