{
  "fio version" : "fio-3.39-26-ga72fe",
  "timestamp" : 1747201578,
  "timestamp_ms" : 1747201578879,
  "time" : "Wed May 14 05:46:18 2025",
  "global options" : {
    "write_iops_log" : "classic_1osd_32fio_rc_1procs_randwrite",
    "write_bw_log" : "classic_1osd_32fio_rc_1procs_randwrite",
    "write_lat_log" : "classic_1osd_32fio_rc_1procs_randwrite",
    "ioengine" : "rbd",
    "bs" : "4k",
    "rw" : "randwrite",
    "direct" : "1",
    "runtime" : "5m",
    "time_based" : "",
    "group_reporting" : "",
    "ramp_time" : "30s",
    "thread" : "1",
    "iodepth" : "8",
    "clientname" : "admin",
    "pool" : "rbd"
  },
  "jobs" : [
    {
      "jobname" : "fio_test_0",
      "groupid" : 0,
      "job_start" : 1747201266126,
      "error" : 0,
      "eta" : 0,
      "elapsed" : 343,
      "job options" : {
        "max_latency" : "1s",
        "numjobs" : "1",
        "rbdname" : "fio_test_31"
      },
      "read" : {
        "io_bytes" : 0,
        "io_kbytes" : 0,
        "bw_bytes" : 0,
        "bw" : 0,
        "iops" : 0.000000,
        "runtime" : 0,
        "total_ios" : 0,
        "short_ios" : 0,
        "drop_ios" : 0,
        "slat_ns" : {
          "min" : 0,
          "max" : 0,
          "mean" : 0.000000,
          "stddev" : 0.000000,
          "N" : 0
        },
        "clat_ns" : {
          "min" : 0,
          "max" : 0,
          "mean" : 0.000000,
          "stddev" : 0.000000,
          "N" : 0
        },
        "lat_ns" : {
          "min" : 0,
          "max" : 0,
          "mean" : 0.000000,
          "stddev" : 0.000000,
          "N" : 0
        },
        "bw_min" : 0,
        "bw_max" : 0,
        "bw_agg" : 0.000000,
        "bw_mean" : 0.000000,
        "bw_dev" : 0.000000,
        "bw_samples" : 0,
        "iops_min" : 0,
        "iops_max" : 0,
        "iops_mean" : 0.000000,
        "iops_stddev" : 0.000000,
        "iops_samples" : 0
      },
      "write" : {
        "io_bytes" : 131951034368,
        "io_kbytes" : 128858432,
        "bw_bytes" : 439830916,
        "bw" : 429522,
        "iops" : 107379.844935,
        "runtime" : 300004,
        "total_ios" : 32214383,
        "short_ios" : 0,
        "drop_ios" : 0,
        "slat_ns" : {
          "min" : 1037,
          "max" : 669197,
          "mean" : 4884.240539,
          "stddev" : 3914.598520,
          "N" : 32214384
        },
        "clat_ns" : {
          "min" : 195817,
          "max" : 45213253,
          "mean" : 2376847.614927,
          "stddev" : 1187895.862595,
          "N" : 32214607,
          "percentile" : {
            "1.000000" : 774144,
            "5.000000" : 1089536,
            "10.000000" : 1286144,
            "20.000000" : 1564672,
            "30.000000" : 1794048,
            "40.000000" : 1990656,
            "50.000000" : 2211840,
            "60.000000" : 2441216,
            "70.000000" : 2703360,
            "80.000000" : 3031040,
            "90.000000" : 3555328,
            "95.000000" : 4046848,
            "99.000000" : 5734400,
            "99.500000" : 7307264,
            "99.900000" : 11730944,
            "99.950000" : 17956864,
            "99.990000" : 31064064
          }
        },
        "lat_ns" : {
          "min" : 199914,
          "max" : 45216513,
          "mean" : 2381731.855875,
          "stddev" : 1187884.774392,
          "N" : 32214607
        },
        "bw_min" : 2988,
        "bw_max" : 610088,
        "bw_agg" : 15.283721,
        "bw_mean" : 65647.516611,
        "bw_dev" : 932.371447,
        "bw_samples" : 32214607,
        "iops_min" : 32,
        "iops_max" : 32,
        "iops_mean" : 32.000000,
        "iops_stddev" : 0.000000,
        "iops_samples" : 32214607
      },
      "trim" : {
        "io_bytes" : 0,
        "io_kbytes" : 0,
        "bw_bytes" : 0,
        "bw" : 0,
        "iops" : 0.000000,
        "runtime" : 0,
        "total_ios" : 0,
        "short_ios" : 0,
        "drop_ios" : 0,
        "slat_ns" : {
          "min" : 0,
          "max" : 0,
          "mean" : 0.000000,
          "stddev" : 0.000000,
          "N" : 0
        },
        "clat_ns" : {
          "min" : 0,
          "max" : 0,
          "mean" : 0.000000,
          "stddev" : 0.000000,
          "N" : 0
        },
        "lat_ns" : {
          "min" : 0,
          "max" : 0,
          "mean" : 0.000000,
          "stddev" : 0.000000,
          "N" : 0
        },
        "bw_min" : 0,
        "bw_max" : 0,
        "bw_agg" : 0.000000,
        "bw_mean" : 0.000000,
        "bw_dev" : 0.000000,
        "bw_samples" : 0,
        "iops_min" : 0,
        "iops_max" : 0,
        "iops_mean" : 0.000000,
        "iops_stddev" : 0.000000,
        "iops_samples" : 0
      },
      "sync" : {
        "total_ios" : 0,
        "lat_ns" : {
          "min" : 0,
          "max" : 0,
          "mean" : 0.000000,
          "stddev" : 0.000000,
          "N" : 0
        }
      },
      "job_runtime" : 9600048,
      "usr_cpu" : 2.461956,
      "sys_cpu" : 1.668148,
      "ctx" : 27191766,
      "majf" : 0,
      "minf" : 362485,
      "iodepth_level" : {
        "1" : 0.100000,
        "2" : 0.100000,
        "4" : 0.100000,
        "8" : 99.993742,
        "16" : 0.000000,
        "32" : 0.000000,
        ">=64" : 0.000000
      },
      "iodepth_submit" : {
        "0" : 0.000000,
        "4" : 100.000000,
        "8" : 0.000000,
        "16" : 0.000000,
        "32" : 0.000000,
        "64" : 0.000000,
        ">=64" : 0.000000
      },
      "iodepth_complete" : {
        "0" : 0.000000,
        "4" : 99.999950,
        "8" : 0.100000,
        "16" : 0.000000,
        "32" : 0.000000,
        "64" : 0.000000,
        ">=64" : 0.000000
      },
      "latency_ns" : {
        "2" : 0.000000,
        "4" : 0.000000,
        "10" : 0.000000,
        "20" : 0.000000,
        "50" : 0.000000,
        "100" : 0.000000,
        "250" : 0.000000,
        "500" : 0.000000,
        "750" : 0.000000,
        "1000" : 0.000000
      },
      "latency_us" : {
        "2" : 0.000000,
        "4" : 0.000000,
        "10" : 0.000000,
        "20" : 0.000000,
        "50" : 0.000000,
        "100" : 0.000000,
        "250" : 0.010000,
        "500" : 0.109044,
        "750" : 0.755510,
        "1000" : 2.471632
      },
      "latency_ms" : {
        "2" : 36.776747,
        "4" : 54.506470,
        "10" : 5.197061,
        "20" : 0.135731,
        "50" : 0.047920,
        "100" : 0.000000,
        "250" : 0.000000,
        "500" : 0.000000,
        "750" : 0.000000,
        "1000" : 0.000000,
        "2000" : 0.000000,
        ">=2000" : 0.000000
      },
      "latency_depth" : 8,
      "latency_target" : 0,
      "latency_percentile" : 100.000000,
      "latency_window" : 0
    }
  ],
  "disk_util" : [
    {
      "name" : "sda",
      "read_ios" : 0,
      "write_ios" : 8799,
      "read_sectors" : 0,
      "write_sectors" : 8001776,
      "read_merges" : 0,
      "write_merges" : 6734,
      "read_ticks" : 0,
      "write_ticks" : 55387,
      "in_queue" : 55682,
      "util" : 2.383226
    }
  ]
}
