{
  "fio version" : "fio-3.39-26-ga72fe",
  "timestamp" : 1747738238,
  "timestamp_ms" : 1747738238412,
  "time" : "Tue May 20 10:50:38 2025",
  "global options" : {
    "ioengine" : "rbd",
    "bs" : "64k",
    "rw" : "write",
    "direct" : "1",
    "runtime" : "5m",
    "time_based" : "",
    "group_reporting" : "",
    "ramp_time" : "30s",
    "thread" : "1",
    "iodepth" : "128",
    "latency_target" : "10000",
    "latency_window" : "5m",
    "latency_percentile" : "99.9",
    "random_generator" : "lfsr",
    "clientname" : "admin",
    "pool" : "rbd"
  },
  "jobs" : [
    {
      "jobname" : "fio_test_0",
      "groupid" : 0,
      "job_start" : 1747738093408,
      "error" : 110,
      "eta" : 0,
      "elapsed" : 176,
      "job options" : {
        "max_latency" : "1s",
        "rbdname" : "fio_test_27"
      },
      "read" : {
        "io_bytes" : 0,
        "io_kbytes" : 0,
        "bw_bytes" : 0,
        "bw" : 0,
        "iops" : 0.000000,
        "runtime" : 0,
        "total_ios" : 0,
        "short_ios" : 0,
        "drop_ios" : 0,
        "slat_ns" : {
          "min" : 0,
          "max" : 0,
          "mean" : 0.000000,
          "stddev" : 0.000000,
          "N" : 0
        },
        "clat_ns" : {
          "min" : 0,
          "max" : 0,
          "mean" : 0.000000,
          "stddev" : 0.000000,
          "N" : 0
        },
        "lat_ns" : {
          "min" : 0,
          "max" : 0,
          "mean" : 0.000000,
          "stddev" : 0.000000,
          "N" : 0
        },
        "bw_min" : 0,
        "bw_max" : 0,
        "bw_agg" : 0.000000,
        "bw_mean" : 0.000000,
        "bw_dev" : 0.000000,
        "bw_samples" : 0,
        "iops_min" : 0,
        "iops_max" : 0,
        "iops_mean" : 0.000000,
        "iops_stddev" : 0.000000,
        "iops_samples" : 0
      },
      "write" : {
        "io_bytes" : 116092305408,
        "io_kbytes" : 113371392,
        "bw_bytes" : 801421429,
        "bw" : 782638,
        "iops" : 12228.720540,
        "runtime" : 144858,
        "total_ios" : 1771428,
        "short_ios" : 0,
        "drop_ios" : 0,
        "slat_ns" : {
          "min" : 4525,
          "max" : 548120,
          "mean" : 12618.622168,
          "stddev" : 6666.109119,
          "N" : 1771428
        },
        "clat_ns" : {
          "min" : 366280,
          "max" : 62279216498,
          "mean" : 2272492.711201,
          "stddev" : 233970643.781353,
          "N" : 1771428,
          "percentile" : {
            "1.000000" : 528384,
            "5.000000" : 602112,
            "10.000000" : 651264,
            "20.000000" : 733184,
            "30.000000" : 806912,
            "40.000000" : 897024,
            "50.000000" : 1011712,
            "60.000000" : 1155072,
            "70.000000" : 1351680,
            "80.000000" : 1679360,
            "90.000000" : 2375680,
            "95.000000" : 3227648,
            "99.000000" : 5275648,
            "99.500000" : 6127616,
            "99.900000" : 8585216,
            "99.950000" : 10158080,
            "99.990000" : 50593792
          }
        },
        "lat_ns" : {
          "min" : 378985,
          "max" : 62279226418,
          "mean" : 2285111.333369,
          "stddev" : 233970669.783694,
          "N" : 1771428
        },
        "bw_min" : 360969,
        "bw_max" : 2177589,
        "bw_agg" : 100.000000,
        "bw_mean" : 1316877.764653,
        "bw_dev" : 14022.111226,
        "bw_samples" : 4821,
        "iops_min" : 5639,
        "iops_max" : 34024,
        "iops_mean" : 20575.975726,
        "iops_stddev" : 219.098189,
        "iops_samples" : 4821
      },
      "trim" : {
        "io_bytes" : 0,
        "io_kbytes" : 0,
        "bw_bytes" : 0,
        "bw" : 0,
        "iops" : 0.000000,
        "runtime" : 0,
        "total_ios" : 0,
        "short_ios" : 0,
        "drop_ios" : 0,
        "slat_ns" : {
          "min" : 0,
          "max" : 0,
          "mean" : 0.000000,
          "stddev" : 0.000000,
          "N" : 0
        },
        "clat_ns" : {
          "min" : 0,
          "max" : 0,
          "mean" : 0.000000,
          "stddev" : 0.000000,
          "N" : 0
        },
        "lat_ns" : {
          "min" : 0,
          "max" : 0,
          "mean" : 0.000000,
          "stddev" : 0.000000,
          "N" : 0
        },
        "bw_min" : 0,
        "bw_max" : 0,
        "bw_agg" : 0.000000,
        "bw_mean" : 0.000000,
        "bw_dev" : 0.000000,
        "bw_samples" : 0,
        "iops_min" : 0,
        "iops_max" : 0,
        "iops_mean" : 0.000000,
        "iops_stddev" : 0.000000,
        "iops_samples" : 0
      },
      "sync" : {
        "total_ios" : 0,
        "lat_ns" : {
          "min" : 0,
          "max" : 0,
          "mean" : 0.000000,
          "stddev" : 0.000000,
          "N" : 0
        }
      },
      "job_runtime" : 4050455,
      "usr_cpu" : 0.677233,
      "sys_cpu" : 0.244269,
      "ctx" : 1772005,
      "majf" : 0,
      "minf" : 17400,
      "iodepth_level" : {
        "1" : 100.000000,
        "2" : 0.000000,
        "4" : 0.000000,
        "8" : 0.000000,
        "16" : 0.000000,
        "32" : 0.000000,
        ">=64" : 0.000000
      },
      "iodepth_submit" : {
        "0" : 0.000000,
        "4" : 100.000000,
        "8" : 0.000000,
        "16" : 0.000000,
        "32" : 0.000000,
        "64" : 0.000000,
        ">=64" : 0.000000
      },
      "iodepth_complete" : {
        "0" : 0.100000,
        "4" : 99.999210,
        "8" : 0.000000,
        "16" : 0.000000,
        "32" : 0.000000,
        "64" : 0.000000,
        ">=64" : 0.000000
      },
      "latency_ns" : {
        "2" : 0.000000,
        "4" : 0.000000,
        "10" : 0.000000,
        "20" : 0.000000,
        "50" : 0.000000,
        "100" : 0.000000,
        "250" : 0.000000,
        "500" : 0.000000,
        "750" : 0.000000,
        "1000" : 0.000000
      },
      "latency_us" : {
        "2" : 0.000000,
        "4" : 0.000000,
        "10" : 0.000000,
        "20" : 0.000000,
        "50" : 0.000000,
        "100" : 0.000000,
        "250" : 0.000000,
        "500" : 0.274355,
        "750" : 22.039507,
        "1000" : 27.025259
      },
      "latency_ms" : {
        "2" : 36.361060,
        "4" : 11.546673,
        "10" : 2.700533,
        "20" : 0.039177,
        "50" : 0.010000,
        "100" : 0.010000,
        "250" : 0.010000,
        "500" : 0.010000,
        "750" : 0.000000,
        "1000" : 0.000000,
        "2000" : 0.000000,
        ">=2000" : 0.010000
      },
      "latency_depth" : 1,
      "latency_target" : 10000000,
      "latency_percentile" : 99.900000,
      "latency_window" : 300000000
    }
  ],
  "disk_util" : [
    {
      "name" : "sda",
      "read_ios" : 6,
      "write_ios" : 2605,
      "read_sectors" : 64,
      "write_sectors" : 536736,
      "read_merges" : 0,
      "write_merges" : 3151,
      "read_ticks" : 5,
      "write_ticks" : 5629,
      "in_queue" : 5713,
      "util" : 0.370928
    }
  ]
}
