{
  "fio version" : "fio-3.39-26-ga72fe",
  "timestamp" : 1750948402,
  "timestamp_ms" : 1750948402386,
  "time" : "Thu Jun 26 14:33:22 2025",
  "global options" : {
    "ioengine" : "rbd",
    "bs" : "64k",
    "rw" : "write",
    "direct" : "1",
    "runtime" : "5m",
    "time_based" : "",
    "group_reporting" : "",
    "ramp_time" : "30s",
    "thread" : "1",
    "iodepth" : "1",
    "clientname" : "admin",
    "pool" : "rbd"
  },
  "jobs" : [
    {
      "jobname" : "fio_test_0",
      "groupid" : 0,
      "job_start" : 1750948102261,
      "error" : 0,
      "eta" : 0,
      "elapsed" : 331,
      "job options" : {
        "max_latency" : "1s",
        "numjobs" : "1",
        "rbdname" : "fio_test_31"
      },
      "read" : {
        "io_bytes" : 0,
        "io_kbytes" : 0,
        "bw_bytes" : 0,
        "bw" : 0,
        "iops" : 0.000000,
        "runtime" : 0,
        "total_ios" : 0,
        "short_ios" : 0,
        "drop_ios" : 0,
        "slat_ns" : {
          "min" : 0,
          "max" : 0,
          "mean" : 0.000000,
          "stddev" : 0.000000,
          "N" : 0
        },
        "clat_ns" : {
          "min" : 0,
          "max" : 0,
          "mean" : 0.000000,
          "stddev" : 0.000000,
          "N" : 0
        },
        "lat_ns" : {
          "min" : 0,
          "max" : 0,
          "mean" : 0.000000,
          "stddev" : 0.000000,
          "N" : 0
        },
        "bw_min" : 0,
        "bw_max" : 0,
        "bw_agg" : 0.000000,
        "bw_mean" : 0.000000,
        "bw_dev" : 0.000000,
        "bw_samples" : 0,
        "iops_min" : 0,
        "iops_max" : 0,
        "iops_mean" : 0.000000,
        "iops_stddev" : 0.000000,
        "iops_samples" : 0
      },
      "write" : {
        "io_bytes" : 315982282752,
        "io_kbytes" : 308576448,
        "bw_bytes" : 1053256721,
        "bw" : 1028571,
        "iops" : 16071.422143,
        "runtime" : 300005,
        "total_ios" : 4821507,
        "short_ios" : 0,
        "drop_ios" : 0,
        "slat_ns" : {
          "min" : 3874,
          "max" : 881399,
          "mean" : 15365.969712,
          "stddev" : 8724.512428,
          "N" : 4821507
        },
        "clat_ns" : {
          "min" : 421063,
          "max" : 351811933,
          "mean" : 1973847.121751,
          "stddev" : 1420838.998659,
          "N" : 4821507,
          "percentile" : {
            "1.000000" : 593920,
            "5.000000" : 716800,
            "10.000000" : 806912,
            "20.000000" : 970752,
            "30.000000" : 1138688,
            "40.000000" : 1368064,
            "50.000000" : 1613824,
            "60.000000" : 1925120,
            "70.000000" : 2310144,
            "80.000000" : 2768896,
            "90.000000" : 3489792,
            "95.000000" : 4358144,
            "99.000000" : 6717440,
            "99.500000" : 7766016,
            "99.900000" : 10551296,
            "99.950000" : 12255232,
            "99.990000" : 21889024
          }
        },
        "lat_ns" : {
          "min" : 433370,
          "max" : 351823233,
          "mean" : 1989213.091464,
          "stddev" : 1421421.478312,
          "N" : 4821507
        },
        "bw_min" : 408757,
        "bw_max" : 1899630,
        "bw_agg" : 100.000000,
        "bw_mean" : 1029091.393033,
        "bw_dev" : 6865.323456,
        "bw_samples" : 19179,
        "iops_min" : 6386,
        "iops_max" : 29681,
        "iops_mean" : 16078.415064,
        "iops_stddev" : 107.286183,
        "iops_samples" : 19179
      },
      "trim" : {
        "io_bytes" : 0,
        "io_kbytes" : 0,
        "bw_bytes" : 0,
        "bw" : 0,
        "iops" : 0.000000,
        "runtime" : 0,
        "total_ios" : 0,
        "short_ios" : 0,
        "drop_ios" : 0,
        "slat_ns" : {
          "min" : 0,
          "max" : 0,
          "mean" : 0.000000,
          "stddev" : 0.000000,
          "N" : 0
        },
        "clat_ns" : {
          "min" : 0,
          "max" : 0,
          "mean" : 0.000000,
          "stddev" : 0.000000,
          "N" : 0
        },
        "lat_ns" : {
          "min" : 0,
          "max" : 0,
          "mean" : 0.000000,
          "stddev" : 0.000000,
          "N" : 0
        },
        "bw_min" : 0,
        "bw_max" : 0,
        "bw_agg" : 0.000000,
        "bw_mean" : 0.000000,
        "bw_dev" : 0.000000,
        "bw_samples" : 0,
        "iops_min" : 0,
        "iops_max" : 0,
        "iops_mean" : 0.000000,
        "iops_stddev" : 0.000000,
        "iops_samples" : 0
      },
      "sync" : {
        "total_ios" : 0,
        "lat_ns" : {
          "min" : 0,
          "max" : 0,
          "mean" : 0.000000,
          "stddev" : 0.000000,
          "N" : 0
        }
      },
      "job_runtime" : 9600040,
      "usr_cpu" : 0.960788,
      "sys_cpu" : 0.367426,
      "ctx" : 4824087,
      "majf" : 0,
      "minf" : 58509,
      "iodepth_level" : {
        "1" : 100.000000,
        "2" : 0.000000,
        "4" : 0.000000,
        "8" : 0.000000,
        "16" : 0.000000,
        "32" : 0.000000,
        ">=64" : 0.000000
      },
      "iodepth_submit" : {
        "0" : 0.000000,
        "4" : 100.000000,
        "8" : 0.000000,
        "16" : 0.000000,
        "32" : 0.000000,
        "64" : 0.000000,
        ">=64" : 0.000000
      },
      "iodepth_complete" : {
        "0" : 0.000000,
        "4" : 100.000000,
        "8" : 0.000000,
        "16" : 0.000000,
        "32" : 0.000000,
        "64" : 0.000000,
        ">=64" : 0.000000
      },
      "latency_ns" : {
        "2" : 0.000000,
        "4" : 0.000000,
        "10" : 0.000000,
        "20" : 0.000000,
        "50" : 0.000000,
        "100" : 0.000000,
        "250" : 0.000000,
        "500" : 0.000000,
        "750" : 0.000000,
        "1000" : 0.000000
      },
      "latency_us" : {
        "2" : 0.000000,
        "4" : 0.000000,
        "10" : 0.000000,
        "20" : 0.000000,
        "50" : 0.000000,
        "100" : 0.000000,
        "250" : 0.000000,
        "500" : 0.064503,
        "750" : 6.807768,
        "1000" : 15.113656
      },
      "latency_ms" : {
        "2" : 40.210291,
        "4" : 31.263275,
        "10" : 6.407831,
        "20" : 0.120813,
        "50" : 0.010000,
        "100" : 0.010000,
        "250" : 0.010000,
        "500" : 0.010000,
        "750" : 0.000000,
        "1000" : 0.000000,
        "2000" : 0.000000,
        ">=2000" : 0.000000
      },
      "latency_depth" : 1,
      "latency_target" : 0,
      "latency_percentile" : 100.000000,
      "latency_window" : 0
    }
  ],
  "disk_util" : [
    {
      "name" : "sda",
      "read_ios" : 2,
      "write_ios" : 4335,
      "read_sectors" : 16,
      "write_sectors" : 196312,
      "read_merges" : 0,
      "write_merges" : 5256,
      "read_ticks" : 1,
      "write_ticks" : 1436,
      "in_queue" : 1480,
      "util" : 0.132735
    }
  ]
}
