{
  "fio version" : "fio-3.39-26-ga72fe",
  "timestamp" : 1750953389,
  "timestamp_ms" : 1750953389068,
  "time" : "Thu Jun 26 15:56:29 2025",
  "global options" : {
    "ioengine" : "rbd",
    "bs" : "64k",
    "rw" : "write",
    "direct" : "1",
    "runtime" : "5m",
    "time_based" : "",
    "group_reporting" : "",
    "ramp_time" : "30s",
    "thread" : "1",
    "iodepth" : "40",
    "clientname" : "admin",
    "pool" : "rbd"
  },
  "jobs" : [
    {
      "jobname" : "fio_test_0",
      "groupid" : 0,
      "job_start" : 1750953088748,
      "error" : 110,
      "eta" : 0,
      "elapsed" : 331,
      "job options" : {
        "max_latency" : "1s",
        "numjobs" : "1",
        "rbdname" : "fio_test_31"
      },
      "read" : {
        "io_bytes" : 0,
        "io_kbytes" : 0,
        "bw_bytes" : 0,
        "bw" : 0,
        "iops" : 0.000000,
        "runtime" : 0,
        "total_ios" : 0,
        "short_ios" : 0,
        "drop_ios" : 0,
        "slat_ns" : {
          "min" : 0,
          "max" : 0,
          "mean" : 0.000000,
          "stddev" : 0.000000,
          "N" : 0
        },
        "clat_ns" : {
          "min" : 0,
          "max" : 0,
          "mean" : 0.000000,
          "stddev" : 0.000000,
          "N" : 0
        },
        "lat_ns" : {
          "min" : 0,
          "max" : 0,
          "mean" : 0.000000,
          "stddev" : 0.000000,
          "N" : 0
        },
        "bw_min" : 0,
        "bw_max" : 0,
        "bw_agg" : 0.000000,
        "bw_mean" : 0.000000,
        "bw_dev" : 0.000000,
        "bw_samples" : 0,
        "iops_min" : 0,
        "iops_max" : 0,
        "iops_mean" : 0.000000,
        "iops_stddev" : 0.000000,
        "iops_samples" : 0
      },
      "write" : {
        "io_bytes" : 389248843776,
        "io_kbytes" : 380125824,
        "bw_bytes" : 1297249668,
        "bw" : 1266845,
        "iops" : 19790.299843,
        "runtime" : 300057,
        "total_ios" : 5938218,
        "short_ios" : 0,
        "drop_ios" : 0,
        "slat_ns" : {
          "min" : 5285,
          "max" : 2963196,
          "mean" : 21773.223411,
          "stddev" : 7572.911913,
          "N" : 5938218
        },
        "clat_ns" : {
          "min" : 510277,
          "max" : 1650212253,
          "mean" : 55909271.000026,
          "stddev" : 56503437.783697,
          "N" : 5939466,
          "percentile" : {
            "1.000000" : 2007040,
            "5.000000" : 4947968,
            "10.000000" : 8978432,
            "20.000000" : 16908288,
            "30.000000" : 24510464,
            "40.000000" : 32112640,
            "50.000000" : 40108032,
            "60.000000" : 50069504,
            "70.000000" : 62652416,
            "80.000000" : 82313216,
            "90.000000" : 119013376,
            "95.000000" : 160432128,
            "99.000000" : 274726912,
            "99.500000" : 333447168,
            "99.900000" : 484442112,
            "99.950000" : 549453824,
            "99.990000" : 775946240
          }
        },
        "lat_ns" : {
          "min" : 529897,
          "max" : 1650253020,
          "mean" : 55931045.161979,
          "stddev" : 56505179.815630,
          "N" : 5939466
        },
        "bw_min" : 139918,
        "bw_max" : 2897806,
        "bw_agg" : 100.000000,
        "bw_mean" : 1361069.654600,
        "bw_dev" : 18448.696469,
        "bw_samples" : 16570,
        "iops_min" : 2186,
        "iops_max" : 45278,
        "iops_mean" : 21265.940610,
        "iops_stddev" : 288.259531,
        "iops_samples" : 16570
      },
      "trim" : {
        "io_bytes" : 0,
        "io_kbytes" : 0,
        "bw_bytes" : 0,
        "bw" : 0,
        "iops" : 0.000000,
        "runtime" : 0,
        "total_ios" : 0,
        "short_ios" : 0,
        "drop_ios" : 0,
        "slat_ns" : {
          "min" : 0,
          "max" : 0,
          "mean" : 0.000000,
          "stddev" : 0.000000,
          "N" : 0
        },
        "clat_ns" : {
          "min" : 0,
          "max" : 0,
          "mean" : 0.000000,
          "stddev" : 0.000000,
          "N" : 0
        },
        "lat_ns" : {
          "min" : 0,
          "max" : 0,
          "mean" : 0.000000,
          "stddev" : 0.000000,
          "N" : 0
        },
        "bw_min" : 0,
        "bw_max" : 0,
        "bw_agg" : 0.000000,
        "bw_mean" : 0.000000,
        "bw_dev" : 0.000000,
        "bw_samples" : 0,
        "iops_min" : 0,
        "iops_max" : 0,
        "iops_mean" : 0.000000,
        "iops_stddev" : 0.000000,
        "iops_samples" : 0
      },
      "sync" : {
        "total_ios" : 0,
        "lat_ns" : {
          "min" : 0,
          "max" : 0,
          "mean" : 0.000000,
          "stddev" : 0.000000,
          "N" : 0
        }
      },
      "job_runtime" : 8302693,
      "usr_cpu" : 1.761850,
      "sys_cpu" : 0.405989,
      "ctx" : 5654266,
      "majf" : 0,
      "minf" : 62676,
      "iodepth_level" : {
        "1" : 0.000000,
        "2" : 0.000000,
        "4" : 0.000000,
        "8" : 0.000000,
        "16" : 0.000000,
        "32" : 100.000000,
        ">=64" : 0.000000
      },
      "iodepth_submit" : {
        "0" : 0.000000,
        "4" : 100.000000,
        "8" : 0.000000,
        "16" : 0.000000,
        "32" : 0.000000,
        "64" : 0.000000,
        ">=64" : 0.000000
      },
      "iodepth_complete" : {
        "0" : 0.100000,
        "4" : 99.999688,
        "8" : 0.000000,
        "16" : 0.000000,
        "32" : 0.000000,
        "64" : 0.100000,
        ">=64" : 0.000000
      },
      "latency_ns" : {
        "2" : 0.000000,
        "4" : 0.000000,
        "10" : 0.000000,
        "20" : 0.000000,
        "50" : 0.000000,
        "100" : 0.000000,
        "250" : 0.000000,
        "500" : 0.000000,
        "750" : 0.000000,
        "1000" : 0.000000
      },
      "latency_us" : {
        "2" : 0.000000,
        "4" : 0.000000,
        "10" : 0.000000,
        "20" : 0.000000,
        "50" : 0.000000,
        "100" : 0.000000,
        "250" : 0.000000,
        "500" : 0.000000,
        "750" : 0.010828,
        "1000" : 0.058637
      },
      "latency_ms" : {
        "2" : 0.914668,
        "4" : 2.746161,
        "10" : 7.600277,
        "20" : 12.776291,
        "50" : 35.915202,
        "100" : 25.858667,
        "250" : 12.759552,
        "500" : 1.294378,
        "750" : 0.074888,
        "1000" : 0.010340,
        "2000" : 0.010000,
        ">=2000" : 0.000000
      },
      "latency_depth" : 40,
      "latency_target" : 0,
      "latency_percentile" : 100.000000,
      "latency_window" : 0
    }
  ],
  "disk_util" : [
    {
      "name" : "sda",
      "read_ios" : 2,
      "write_ios" : 4262,
      "read_sectors" : 16,
      "write_sectors" : 156344,
      "read_merges" : 0,
      "write_merges" : 5187,
      "read_ticks" : 0,
      "write_ticks" : 1518,
      "in_queue" : 1565,
      "util" : 0.124873
    }
  ]
}
