[
    {
        "FIO": {
            "cpu": {
                "data": [
                    227.3200000000047,
                    214.62000000000447,
                    216.56666666667053,
                    245.68000000000433,
                    218.81666666667013,
                    224.87000000000367,
                    160.89333333333286,
                    163.79999999999976,
                    250.18000000000345,
                    245.15000000000404,
                    264.7166666666718,
                    275.0533333333375,
                    243.15333333333692,
                    236.68000000000313,
                    206.5800000000023,
                    221.29000000000363,
                    294.92666666667174,
                    302.12333333333754,
                    308.88666666667143,
                    269.04666666667015,
                    285.2500000000043,
                    313.78333333333467
                ],
                "index": 22,
                "time": [
                    "14:29:49",
                    "14:35:21",
                    "14:40:53",
                    "14:46:26",
                    "14:51:58",
                    "14:57:30",
                    "15:03:03",
                    "15:08:35",
                    "15:14:08",
                    "15:19:40",
                    "15:25:13",
                    "15:30:45",
                    "15:36:18",
                    "15:41:50",
                    "15:47:23",
                    "15:52:55",
                    "15:58:28",
                    "16:04:00",
                    "16:09:33",
                    "16:15:05",
                    "16:20:38",
                    "16:26:10"
                ],
                "total": 323.4000000000001
            },
            "mem": {
                "data": [
                    0.0,
                    0.0,
                    0.0,
                    8.999999999999764,
                    44.99999999999559,
                    44.99999999999559,
                    44.99999999999559,
                    44.99999999999559,
                    44.99999999999559,
                    44.99999999999559,
                    44.99999999999559,
                    44.99999999999559,
                    44.99999999999559,
                    44.99999999999559,
                    44.99999999999559,
                    41.49999999999877,
                    44.766666666662466,
                    44.99999999999559,
                    44.99999999999559,
                    36.18000000000361,
                    41.12666666666578,
                    37.16000000000272
                ],
                "index": 22,
                "time": [
                    "14:29:49",
                    "14:35:21",
                    "14:40:53",
                    "14:46:26",
                    "14:51:58",
                    "14:57:30",
                    "15:03:03",
                    "15:08:35",
                    "15:14:08",
                    "15:19:40",
                    "15:25:13",
                    "15:30:45",
                    "15:36:18",
                    "15:41:50",
                    "15:47:23",
                    "15:52:55",
                    "15:58:28",
                    "16:04:00",
                    "16:09:33",
                    "16:15:05",
                    "16:20:38",
                    "16:26:10"
                ],
                "total": 28.20000000000013
            }
        },
        "OSD": {
            "cpu": {
                "data": [
                    2943.880000000045,
                    2747.2133333333823,
                    2902.9566666667147,
                    2895.95666666671,
                    3201.000000000045,
                    3103.9366666667142,
                    3193.4833333333695,
                    3288.3166666667175,
                    3536.9933333333897,
                    3344.6666666667174,
                    3735.9766666667247,
                    3619.526666666724,
                    3655.7800000000593,
                    3788.420000000068,
                    3829.0866666667253,
                    3620.7433333333847,
                    4051.5266666667185,
                    3952.5666666667153,
                    4069.4300000000394,
                    3841.043333333395,
                    4065.240000000051,
                    3825.5866666666916
                ],
                "index": 22,
                "time": [
                    "14:29:49",
                    "14:35:21",
                    "14:40:53",
                    "14:46:26",
                    "14:51:58",
                    "14:57:30",
                    "15:03:03",
                    "15:08:35",
                    "15:14:08",
                    "15:19:40",
                    "15:25:13",
                    "15:30:45",
                    "15:36:18",
                    "15:41:50",
                    "15:47:23",
                    "15:52:55",
                    "15:58:28",
                    "16:04:00",
                    "16:09:33",
                    "16:15:05",
                    "16:20:38",
                    "16:26:10"
                ],
                "total": 3476.8000000000025
            },
            "mem": {
                "data": [
                    6038.509999999457,
                    6283.199999999423,
                    6283.199999999423,
                    6283.199999999423,
                    6283.199999999423,
                    6283.199999999423,
                    6283.199999999423,
                    6283.199999999423,
                    6283.199999999423,
                    6283.199999999423,
                    6283.199999999423,
                    6283.199999999423,
                    6283.199999999423,
                    6283.199999999423,
                    6283.199999999423,
                    6283.199999999423,
                    6283.199999999423,
                    6283.199999999423,
                    6283.199999999423,
                    6283.199999999423,
                    6283.199999999423,
                    6283.199999999423
                ],
                "index": 22,
                "time": [
                    "14:29:49",
                    "14:35:21",
                    "14:40:53",
                    "14:46:26",
                    "14:51:58",
                    "14:57:30",
                    "15:03:03",
                    "15:08:35",
                    "15:14:08",
                    "15:19:40",
                    "15:25:13",
                    "15:30:45",
                    "15:36:18",
                    "15:41:50",
                    "15:47:23",
                    "15:52:55",
                    "15:58:28",
                    "16:04:00",
                    "16:09:33",
                    "16:15:05",
                    "16:20:38",
                    "16:26:10"
                ],
                "total": 6283.199999999985
            }
        }
    }
]