{
    "0": {
        "reactor_utilization": 1.6829354652245399
    },
    "1": {
        "reactor_utilization": 1.879489030141806
    },
    "2": {
        "reactor_utilization": 2.0173727854102768
    },
    "3": {
        "reactor_utilization": 2.114405334897535
    },
    "4": {
        "reactor_utilization": 1.8661265662956557
    },
    "5": {
        "reactor_utilization": 2.0081199098566977
    },
    "6": {
        "reactor_utilization": 1.9905560685154262
    },
    "7": {
        "reactor_utilization": 1.91534235074948
    },
    "8": {
        "reactor_utilization": 1.7910713405765226
    },
    "9": {
        "reactor_utilization": 1.929601062803667
    },
    "10": {
        "reactor_utilization": 2.029532414874735
    },
    "11": {
        "reactor_utilization": 2.0999571572145093
    },
    "12": {
        "reactor_utilization": 1.908635408977931
    },
    "13": {
        "reactor_utilization": 2.3334216522841524
    },
    "14": {
        "reactor_utilization": 2.3797756176393974
    },
    "15": {
        "reactor_utilization": 2.2849576088988583
    },
    "16": {
        "reactor_utilization": 1.904403436750783
    },
    "17": {
        "reactor_utilization": 1.5748046709562715
    },
    "18": {
        "reactor_utilization": 1.5469183795954213
    },
    "19": {
        "reactor_utilization": 1.6332198941126777
    },
    "20": {
        "reactor_utilization": 1.5266062795741029
    },
    "21": {
        "reactor_utilization": 1.7247116854520135
    },
    "22": {
        "reactor_utilization": 2.0414169634543287
    },
    "23": {
        "reactor_utilization": 1.5772180421038042
    },
    "24": {
        "reactor_utilization": 1.826580863277096
    },
    "25": {
        "reactor_utilization": 1.9471398557442456
    },
    "26": {
        "reactor_utilization": 1.3791057607772024
    },
    "27": {
        "reactor_utilization": 1.729277656636238
    }
}