[
  {
    "metrics": [
      {
        "reactor_utilization": {
          "shard": "0",
          "value": 30.861242259999976
        }
      },
      {
        "reactor_utilization": {
          "shard": "1",
          "value": 42.998323120000116
        }
      },
      {
        "reactor_utilization": {
          "shard": "2",
          "value": 42.920052600000112
        }
      },
      {
        "reactor_utilization": {
          "shard": "3",
          "value": 48.996163319999994
        }
      },
      {
        "reactor_utilization": {
          "shard": "4",
          "value": 39.771576059999902
        }
      },
      {
        "reactor_utilization": {
          "shard": "5",
          "value": 38.542086940000011
        }
      },
      {
        "reactor_utilization": {
          "shard": "6",
          "value": 50.135879400000213
        }
      },
      {
        "reactor_utilization": {
          "shard": "7",
          "value": 39.403177959999901
        }
      },
      {
        "reactor_utilization": {
          "shard": "8",
          "value": 32.900903340000006
        }
      },
      {
        "reactor_utilization": {
          "shard": "9",
          "value": 42.980162099999873
        }
      },
      {
        "reactor_utilization": {
          "shard": "10",
          "value": 38.426460480000067
        }
      },
      {
        "reactor_utilization": {
          "shard": "11",
          "value": 46.434806119999962
        }
      },
      {
        "reactor_utilization": {
          "shard": "12",
          "value": 42.734842519999894
        }
      },
      {
        "reactor_utilization": {
          "shard": "13",
          "value": 54.608150719999983
        }
      },
      {
        "reactor_utilization": {
          "shard": "14",
          "value": 57.004017659999896
        }
      },
      {
        "reactor_utilization": {
          "shard": "15",
          "value": 47.851670960000106
        }
      },
      {
        "reactor_utilization": {
          "shard": "16",
          "value": 36.974632199999945
        }
      },
      {
        "reactor_utilization": {
          "shard": "17",
          "value": 35.557463899999888
        }
      },
      {
        "reactor_utilization": {
          "shard": "18",
          "value": 31.540894080000115
        }
      },
      {
        "reactor_utilization": {
          "shard": "19",
          "value": 33.453141839999944
        }
      },
      {
        "reactor_utilization": {
          "shard": "20",
          "value": 33.782337379999916
        }
      },
      {
        "reactor_utilization": {
          "shard": "21",
          "value": 34.330096540000184
        }
      },
      {
        "reactor_utilization": {
          "shard": "22",
          "value": 48.381742440000167
        }
      },
      {
        "reactor_utilization": {
          "shard": "23",
          "value": 33.55885272000021
        }
      },
      {
        "reactor_utilization": {
          "shard": "24",
          "value": 39.243350939999956
        }
      },
      {
        "reactor_utilization": {
          "shard": "25",
          "value": 50.382033499999949
        }
      },
      {
        "reactor_utilization": {
          "shard": "26",
          "value": 30.121311559999995
        }
      },
      {
        "reactor_utilization": {
          "shard": "27",
          "value": 34.521635539999892
        }
      }
    ]
  },
  {
    "metrics": [
      {
        "reactor_utilization": {
          "shard": "0",
          "value": 6.2899204999999903
        }
      },
      {
        "reactor_utilization": {
          "shard": "1",
          "value": 3.0736029600000325
        }
      },
      {
        "reactor_utilization": {
          "shard": "2",
          "value": 2.9450933800000079
        }
      },
      {
        "reactor_utilization": {
          "shard": "3",
          "value": 9.6465558600000065
        }
      },
      {
        "reactor_utilization": {
          "shard": "4",
          "value": 2.8991951600000121
        }
      },
      {
        "reactor_utilization": {
          "shard": "5",
          "value": 2.883870739999983
        }
      },
      {
        "reactor_utilization": {
          "shard": "6",
          "value": 2.9505956000000055
        }
      },
      {
        "reactor_utilization": {
          "shard": "7",
          "value": 6.6103709200000083
        }
      },
      {
        "reactor_utilization": {
          "shard": "8",
          "value": 2.9899340000000052
        }
      },
      {
        "reactor_utilization": {
          "shard": "9",
          "value": 2.9285898999999893
        }
      },
      {
        "reactor_utilization": {
          "shard": "10",
          "value": 4.6097973799999803
        }
      },
      {
        "reactor_utilization": {
          "shard": "11",
          "value": 9.7306641599999679
        }
      },
      {
        "reactor_utilization": {
          "shard": "12",
          "value": 3.0159081999999837
        }
      },
      {
        "reactor_utilization": {
          "shard": "13",
          "value": 2.9455756000000166
        }
      },
      {
        "reactor_utilization": {
          "shard": "14",
          "value": 2.9409504800000041
        }
      },
      {
        "reactor_utilization": {
          "shard": "15",
          "value": 9.4121324600000111
        }
      },
      {
        "reactor_utilization": {
          "shard": "16",
          "value": 7.1234143000000749
        }
      },
      {
        "reactor_utilization": {
          "shard": "17",
          "value": 3.2143907600000077
        }
      },
      {
        "reactor_utilization": {
          "shard": "18",
          "value": 7.6264878200000163
        }
      },
      {
        "reactor_utilization": {
          "shard": "19",
          "value": 6.322971239999986
        }
      },
      {
        "reactor_utilization": {
          "shard": "20",
          "value": 2.8681963599999971
        }
      },
      {
        "reactor_utilization": {
          "shard": "21",
          "value": 2.7077129999999672
        }
      },
      {
        "reactor_utilization": {
          "shard": "22",
          "value": 9.5865320799999765
        }
      },
      {
        "reactor_utilization": {
          "shard": "23",
          "value": 6.9237455000000114
        }
      },
      {
        "reactor_utilization": {
          "shard": "24",
          "value": 3.1607398400000264
        }
      },
      {
        "reactor_utilization": {
          "shard": "25",
          "value": 4.389076360000022
        }
      },
      {
        "reactor_utilization": {
          "shard": "26",
          "value": 2.735173099999999
        }
      },
      {
        "reactor_utilization": {
          "shard": "27",
          "value": 6.3779717600000225
        }
      }
    ]
  },
  {
    "metrics": [
      {
        "reactor_utilization": {
          "shard": "0",
          "value": 0.44197417999998212
        }
      },
      {
        "reactor_utilization": {
          "shard": "1",
          "value": 0.22477426000003797
        }
      },
      {
        "reactor_utilization": {
          "shard": "2",
          "value": 0.064812300000016698
        }
      },
      {
        "reactor_utilization": {
          "shard": "3",
          "value": 0.079945859999996927
        }
      },
      {
        "reactor_utilization": {
          "shard": "4",
          "value": 0.084210859999989118
        }
      },
      {
        "reactor_utilization": {
          "shard": "5",
          "value": 0.058744319999992634
        }
      },
      {
        "reactor_utilization": {
          "shard": "6",
          "value": 0.093344959999996924
        }
      },
      {
        "reactor_utilization": {
          "shard": "7",
          "value": 0.078077160000011858
        }
      },
      {
        "reactor_utilization": {
          "shard": "8",
          "value": 0.054341059999996055
        }
      },
      {
        "reactor_utilization": {
          "shard": "9",
          "value": 0.035500859999992862
        }
      },
      {
        "reactor_utilization": {
          "shard": "10",
          "value": 0.045785039999990396
        }
      },
      {
        "reactor_utilization": {
          "shard": "11",
          "value": 0.054502819999990848
        }
      },
      {
        "reactor_utilization": {
          "shard": "12",
          "value": 0.079300139999993746
        }
      },
      {
        "reactor_utilization": {
          "shard": "13",
          "value": 0.041675780000016704
        }
      },
      {
        "reactor_utilization": {
          "shard": "14",
          "value": 0.034495960000002768
        }
      },
      {
        "reactor_utilization": {
          "shard": "15",
          "value": 0.04767874000003447
        }
      },
      {
        "reactor_utilization": {
          "shard": "16",
          "value": 0.096103100000077823
        }
      },
      {
        "reactor_utilization": {
          "shard": "17",
          "value": 0.080041340000014394
        }
      },
      {
        "reactor_utilization": {
          "shard": "18",
          "value": 0.063111940000026845
        }
      },
      {
        "reactor_utilization": {
          "shard": "19",
          "value": 0.030364479999989147
        }
      },
      {
        "reactor_utilization": {
          "shard": "20",
          "value": 0.053536279999999437
        }
      },
      {
        "reactor_utilization": {
          "shard": "21",
          "value": 0.027281619999974804
        }
      },
      {
        "reactor_utilization": {
          "shard": "22",
          "value": 0.059837439999987918
        }
      },
      {
        "reactor_utilization": {
          "shard": "23",
          "value": 0.053349280000025701
        }
      },
      {
        "reactor_utilization": {
          "shard": "24",
          "value": 0.048280800000044533
        }
      },
      {
        "reactor_utilization": {
          "shard": "25",
          "value": 0.039583760000017065
        }
      },
      {
        "reactor_utilization": {
          "shard": "26",
          "value": 0.032460500000008885
        }
      },
      {
        "reactor_utilization": {
          "shard": "27",
          "value": 0.049910460000024415
        }
      }
    ]
  },
  {
    "metrics": [
      {
        "reactor_utilization": {
          "shard": "0",
          "value": 0.11530697999999617
        }
      },
      {
        "reactor_utilization": {
          "shard": "1",
          "value": 0.027700180000034269
        }
      },
      {
        "reactor_utilization": {
          "shard": "2",
          "value": 0.019012839999987818
        }
      },
      {
        "reactor_utilization": {
          "shard": "3",
          "value": 0.025623300000010563
        }
      },
      {
        "reactor_utilization": {
          "shard": "4",
          "value": 0.03258852000000978
        }
      },
      {
        "reactor_utilization": {
          "shard": "5",
          "value": 0.028622099999975337
        }
      },
      {
        "reactor_utilization": {
          "shard": "6",
          "value": 0.029797639999995518
        }
      },
      {
        "reactor_utilization": {
          "shard": "7",
          "value": 0.031166860000009233
        }
      },
      {
        "reactor_utilization": {
          "shard": "8",
          "value": 0.028703839999999481
        }
      },
      {
        "reactor_utilization": {
          "shard": "9",
          "value": 0.028991579999992911
        }
      },
      {
        "reactor_utilization": {
          "shard": "10",
          "value": 0.029043539999973333
        }
      },
      {
        "reactor_utilization": {
          "shard": "11",
          "value": 0.03013669999998303
        }
      },
      {
        "reactor_utilization": {
          "shard": "12",
          "value": 0.029424119999976739
        }
      },
      {
        "reactor_utilization": {
          "shard": "13",
          "value": 0.02952874000003991
        }
      },
      {
        "reactor_utilization": {
          "shard": "14",
          "value": 0.029315399999996217
        }
      },
      {
        "reactor_utilization": {
          "shard": "15",
          "value": 0.029484300000037766
        }
      },
      {
        "reactor_utilization": {
          "shard": "16",
          "value": 0.025581860000067902
        }
      },
      {
        "reactor_utilization": {
          "shard": "17",
          "value": 0.025962120000011524
        }
      },
      {
        "reactor_utilization": {
          "shard": "18",
          "value": 0.025592040000033123
        }
      },
      {
        "reactor_utilization": {
          "shard": "19",
          "value": 0.023192739999988721
        }
      },
      {
        "reactor_utilization": {
          "shard": "20",
          "value": 0.025569059999974719
        }
      },
      {
        "reactor_utilization": {
          "shard": "21",
          "value": 0.023938179999971609
        }
      },
      {
        "reactor_utilization": {
          "shard": "22",
          "value": 0.021959099999979692
        }
      },
      {
        "reactor_utilization": {
          "shard": "23",
          "value": 0.026936360000007209
        }
      },
      {
        "reactor_utilization": {
          "shard": "24",
          "value": 0.028543580000039981
        }
      },
      {
        "reactor_utilization": {
          "shard": "25",
          "value": 0.026063660000019695
        }
      },
      {
        "reactor_utilization": {
          "shard": "26",
          "value": 0.023544920000007075
        }
      },
      {
        "reactor_utilization": {
          "shard": "27",
          "value": 0.027252179999992521
        }
      }
    ]
  },
  {
    "metrics": [
      {
        "reactor_utilization": {
          "shard": "0",
          "value": 0.084903000000002837
        }
      },
      {
        "reactor_utilization": {
          "shard": "1",
          "value": 0.018461200000019495
        }
      },
      {
        "reactor_utilization": {
          "shard": "2",
          "value": 0.020183239999982394
        }
      },
      {
        "reactor_utilization": {
          "shard": "3",
          "value": 0.019717980000000246
        }
      },
      {
        "reactor_utilization": {
          "shard": "4",
          "value": 0.03552564000001146
        }
      },
      {
        "reactor_utilization": {
          "shard": "5",
          "value": 0.019456439999965269
        }
      },
      {
        "reactor_utilization": {
          "shard": "6",
          "value": 0.021993839999978615
        }
      },
      {
        "reactor_utilization": {
          "shard": "7",
          "value": 0.020930340000036018
        }
      },
      {
        "reactor_utilization": {
          "shard": "8",
          "value": 0.01997730000000697
        }
      },
      {
        "reactor_utilization": {
          "shard": "9",
          "value": 0.018556399999991591
        }
      },
      {
        "reactor_utilization": {
          "shard": "10",
          "value": 0.019848459999982637
        }
      },
      {
        "reactor_utilization": {
          "shard": "11",
          "value": 0.019874939999975361
        }
      },
      {
        "reactor_utilization": {
          "shard": "12",
          "value": 0.023005759999961128
        }
      },
      {
        "reactor_utilization": {
          "shard": "13",
          "value": 0.01908788000004602
        }
      },
      {
        "reactor_utilization": {
          "shard": "14",
          "value": 0.022119359999994703
        }
      },
      {
        "reactor_utilization": {
          "shard": "15",
          "value": 0.024476380000038045
        }
      },
      {
        "reactor_utilization": {
          "shard": "16",
          "value": 0.0210770400000726
        }
      },
      {
        "reactor_utilization": {
          "shard": "17",
          "value": 0.020524220000006643
        }
      },
      {
        "reactor_utilization": {
          "shard": "18",
          "value": 0.020101080000012317
        }
      },
      {
        "reactor_utilization": {
          "shard": "19",
          "value": 0.019670939999982817
        }
      },
      {
        "reactor_utilization": {
          "shard": "20",
          "value": 0.021399559999979445
        }
      },
      {
        "reactor_utilization": {
          "shard": "21",
          "value": 0.019503099999962359
        }
      },
      {
        "reactor_utilization": {
          "shard": "22",
          "value": 0.018291079999976922
        }
      },
      {
        "reactor_utilization": {
          "shard": "23",
          "value": 0.021702820000002454
        }
      },
      {
        "reactor_utilization": {
          "shard": "24",
          "value": 0.02094786000004234
        }
      },
      {
        "reactor_utilization": {
          "shard": "25",
          "value": 0.018724059999997156
        }
      },
      {
        "reactor_utilization": {
          "shard": "26",
          "value": 0.019108880000007211
        }
      },
      {
        "reactor_utilization": {
          "shard": "27",
          "value": 0.021184780000016445
        }
      }
    ]
  },
  {
    "metrics": [
      {
        "reactor_utilization": {
          "shard": "0",
          "value": 0.11071040000000254
        }
      },
      {
        "reactor_utilization": {
          "shard": "1",
          "value": 0.02304994000004168
        }
      },
      {
        "reactor_utilization": {
          "shard": "2",
          "value": 0.025691340000000285
        }
      },
      {
        "reactor_utilization": {
          "shard": "3",
          "value": 0.02540945999998101
        }
      },
      {
        "reactor_utilization": {
          "shard": "4",
          "value": 0.039508080000016932
        }
      },
      {
        "reactor_utilization": {
          "shard": "5",
          "value": 0.025751739999968493
        }
      },
      {
        "reactor_utilization": {
          "shard": "6",
          "value": 0.027014699999983183
        }
      },
      {
        "reactor_utilization": {
          "shard": "7",
          "value": 0.027540920000024283
        }
      },
      {
        "reactor_utilization": {
          "shard": "8",
          "value": 0.025435259999995186
        }
      },
      {
        "reactor_utilization": {
          "shard": "9",
          "value": 0.026458360000014558
        }
      },
      {
        "reactor_utilization": {
          "shard": "10",
          "value": 0.025840139999988576
        }
      },
      {
        "reactor_utilization": {
          "shard": "11",
          "value": 0.026392559999977028
        }
      },
      {
        "reactor_utilization": {
          "shard": "12",
          "value": 0.024721479999967322
        }
      },
      {
        "reactor_utilization": {
          "shard": "13",
          "value": 0.025985960000052266
        }
      },
      {
        "reactor_utilization": {
          "shard": "14",
          "value": 0.02677181999999334
        }
      },
      {
        "reactor_utilization": {
          "shard": "15",
          "value": 0.02951368000003729
        }
      },
      {
        "reactor_utilization": {
          "shard": "16",
          "value": 0.025328640000066294
        }
      },
      {
        "reactor_utilization": {
          "shard": "17",
          "value": 0.025312860000026305
        }
      },
      {
        "reactor_utilization": {
          "shard": "18",
          "value": 0.024845260000017078
        }
      },
      {
        "reactor_utilization": {
          "shard": "19",
          "value": 0.025256999999967444
        }
      },
      {
        "reactor_utilization": {
          "shard": "20",
          "value": 0.027924659999956081
        }
      },
      {
        "reactor_utilization": {
          "shard": "21",
          "value": 0.024426699999968715
        }
      },
      {
        "reactor_utilization": {
          "shard": "22",
          "value": 0.023778259999962525
        }
      },
      {
        "reactor_utilization": {
          "shard": "23",
          "value": 0.024324300000000409
        }
      },
      {
        "reactor_utilization": {
          "shard": "24",
          "value": 0.0252245600000367
        }
      },
      {
        "reactor_utilization": {
          "shard": "25",
          "value": 0.024643660000012169
        }
      },
      {
        "reactor_utilization": {
          "shard": "26",
          "value": 0.022452059999999996
        }
      },
      {
        "reactor_utilization": {
          "shard": "27",
          "value": 0.027390480000022421
        }
      }
    ]
  },
  {
    "metrics": [
      {
        "reactor_utilization": {
          "shard": "0",
          "value": 0.10070239999999675
        }
      },
      {
        "reactor_utilization": {
          "shard": "1",
          "value": 0.022400760000051978
        }
      },
      {
        "reactor_utilization": {
          "shard": "2",
          "value": 0.026056039999988734
        }
      },
      {
        "reactor_utilization": {
          "shard": "3",
          "value": 0.029075400000000418
        }
      },
      {
        "reactor_utilization": {
          "shard": "4",
          "value": 0.032177600000016238
        }
      },
      {
        "reactor_utilization": {
          "shard": "5",
          "value": 0.025155179999969413
        }
      },
      {
        "reactor_utilization": {
          "shard": "6",
          "value": 0.023627780000001763
        }
      },
      {
        "reactor_utilization": {
          "shard": "7",
          "value": 0.023889860000037011
        }
      },
      {
        "reactor_utilization": {
          "shard": "8",
          "value": 0.028387340000002315
        }
      },
      {
        "reactor_utilization": {
          "shard": "9",
          "value": 0.024528920000022048
        }
      },
      {
        "reactor_utilization": {
          "shard": "10",
          "value": 0.027150019999955255
        }
      },
      {
        "reactor_utilization": {
          "shard": "11",
          "value": 0.02632441999996793
        }
      },
      {
        "reactor_utilization": {
          "shard": "12",
          "value": 0.02601553999997952
        }
      },
      {
        "reactor_utilization": {
          "shard": "13",
          "value": 0.026150620000031655
        }
      },
      {
        "reactor_utilization": {
          "shard": "14",
          "value": 0.026921120000000798
        }
      },
      {
        "reactor_utilization": {
          "shard": "15",
          "value": 0.031914460000048717
        }
      },
      {
        "reactor_utilization": {
          "shard": "16",
          "value": 0.026251100000074246
        }
      },
      {
        "reactor_utilization": {
          "shard": "17",
          "value": 0.025888140000041027
        }
      },
      {
        "reactor_utilization": {
          "shard": "18",
          "value": 0.024998300000023121
        }
      },
      {
        "reactor_utilization": {
          "shard": "19",
          "value": 0.02258611999998994
        }
      },
      {
        "reactor_utilization": {
          "shard": "20",
          "value": 0.025019899999945139
        }
      },
      {
        "reactor_utilization": {
          "shard": "21",
          "value": 0.026460059999977581
        }
      },
      {
        "reactor_utilization": {
          "shard": "22",
          "value": 0.022607319999967679
        }
      },
      {
        "reactor_utilization": {
          "shard": "23",
          "value": 0.026197120000004404
        }
      },
      {
        "reactor_utilization": {
          "shard": "24",
          "value": 0.025534840000029924
        }
      },
      {
        "reactor_utilization": {
          "shard": "25",
          "value": 0.020790060000008825
        }
      },
      {
        "reactor_utilization": {
          "shard": "26",
          "value": 0.021510040000016772
        }
      },
      {
        "reactor_utilization": {
          "shard": "27",
          "value": 0.027753060000001994
        }
      }
    ]
  },
  {
    "metrics": [
      {
        "reactor_utilization": {
          "shard": "0",
          "value": 0.091256419999996563
        }
      },
      {
        "reactor_utilization": {
          "shard": "1",
          "value": 0.017765180000028913
        }
      },
      {
        "reactor_utilization": {
          "shard": "2",
          "value": 0.019306599999979746
        }
      },
      {
        "reactor_utilization": {
          "shard": "3",
          "value": 0.020470619999990447
        }
      },
      {
        "reactor_utilization": {
          "shard": "4",
          "value": 0.038509940000019949
        }
      },
      {
        "reactor_utilization": {
          "shard": "5",
          "value": 0.020782179999989658
        }
      },
      {
        "reactor_utilization": {
          "shard": "6",
          "value": 0.023553080000005
        }
      },
      {
        "reactor_utilization": {
          "shard": "7",
          "value": 0.022735260000050772
        }
      },
      {
        "reactor_utilization": {
          "shard": "8",
          "value": 0.021268699999998919
        }
      },
      {
        "reactor_utilization": {
          "shard": "9",
          "value": 0.019074780000027936
        }
      },
      {
        "reactor_utilization": {
          "shard": "10",
          "value": 0.022548499999963667
        }
      },
      {
        "reactor_utilization": {
          "shard": "11",
          "value": 0.020213739999963565
        }
      },
      {
        "reactor_utilization": {
          "shard": "12",
          "value": 0.021344039999993125
        }
      },
      {
        "reactor_utilization": {
          "shard": "13",
          "value": 0.022002280000021912
        }
      },
      {
        "reactor_utilization": {
          "shard": "14",
          "value": 0.021985299999971453
        }
      },
      {
        "reactor_utilization": {
          "shard": "15",
          "value": 0.023453080000057636
        }
      },
      {
        "reactor_utilization": {
          "shard": "16",
          "value": 0.021473480000089307
        }
      },
      {
        "reactor_utilization": {
          "shard": "17",
          "value": 0.021419840000058699
        }
      },
      {
        "reactor_utilization": {
          "shard": "18",
          "value": 0.020597880000028379
        }
      },
      {
        "reactor_utilization": {
          "shard": "19",
          "value": 0.020438860000004944
        }
      },
      {
        "reactor_utilization": {
          "shard": "20",
          "value": 0.022732139999948053
        }
      },
      {
        "reactor_utilization": {
          "shard": "21",
          "value": 0.021477759999954937
        }
      },
      {
        "reactor_utilization": {
          "shard": "22",
          "value": 0.021991819999966911
        }
      },
      {
        "reactor_utilization": {
          "shard": "23",
          "value": 0.020490520000004953
        }
      },
      {
        "reactor_utilization": {
          "shard": "24",
          "value": 0.022676400000032348
        }
      },
      {
        "reactor_utilization": {
          "shard": "25",
          "value": 0.023636460000009407
        }
      },
      {
        "reactor_utilization": {
          "shard": "26",
          "value": 0.020879779999982695
        }
      },
      {
        "reactor_utilization": {
          "shard": "27",
          "value": 0.022495739999994768
        }
      }
    ]
  },
  {
    "metrics": [
      {
        "reactor_utilization": {
          "shard": "0",
          "value": 0.081828379999970835
        }
      },
      {
        "reactor_utilization": {
          "shard": "1",
          "value": 0.030284060000007607
        }
      },
      {
        "reactor_utilization": {
          "shard": "2",
          "value": 0.03024841999994532
        }
      },
      {
        "reactor_utilization": {
          "shard": "3",
          "value": 0.031383599999967871
        }
      },
      {
        "reactor_utilization": {
          "shard": "4",
          "value": 0.04391784000004062
        }
      },
      {
        "reactor_utilization": {
          "shard": "5",
          "value": 0.027298619999993612
        }
      },
      {
        "reactor_utilization": {
          "shard": "6",
          "value": 0.031587659999998685
        }
      },
      {
        "reactor_utilization": {
          "shard": "7",
          "value": 0.028895340000034686
        }
      },
      {
        "reactor_utilization": {
          "shard": "8",
          "value": 0.029970500000009448
        }
      },
      {
        "reactor_utilization": {
          "shard": "9",
          "value": 0.027152300000010676
        }
      },
      {
        "reactor_utilization": {
          "shard": "10",
          "value": 0.031484919999980043
        }
      },
      {
        "reactor_utilization": {
          "shard": "11",
          "value": 0.028633659999977024
        }
      },
      {
        "reactor_utilization": {
          "shard": "12",
          "value": 0.030396819999989333
        }
      },
      {
        "reactor_utilization": {
          "shard": "13",
          "value": 0.025642400000003285
        }
      },
      {
        "reactor_utilization": {
          "shard": "14",
          "value": 0.029409039999983566
        }
      },
      {
        "reactor_utilization": {
          "shard": "15",
          "value": 0.03067464000006126
        }
      },
      {
        "reactor_utilization": {
          "shard": "16",
          "value": 0.030131940000099888
        }
      },
      {
        "reactor_utilization": {
          "shard": "17",
          "value": 0.02977910000004913
        }
      },
      {
        "reactor_utilization": {
          "shard": "18",
          "value": 0.031340640000010467
        }
      },
      {
        "reactor_utilization": {
          "shard": "19",
          "value": 0.025993779999977651
        }
      },
      {
        "reactor_utilization": {
          "shard": "20",
          "value": 0.030196039999963453
        }
      },
      {
        "reactor_utilization": {
          "shard": "21",
          "value": 0.030921559999952386
        }
      },
      {
        "reactor_utilization": {
          "shard": "22",
          "value": 0.028403159999967897
        }
      },
      {
        "reactor_utilization": {
          "shard": "23",
          "value": 0.029766020000021598
        }
      },
      {
        "reactor_utilization": {
          "shard": "24",
          "value": 0.031183540000023768
        }
      },
      {
        "reactor_utilization": {
          "shard": "25",
          "value": 0.028534580000016962
        }
      },
      {
        "reactor_utilization": {
          "shard": "26",
          "value": 0.028707259999993795
        }
      },
      {
        "reactor_utilization": {
          "shard": "27",
          "value": 0.031981359999999626
        }
      }
    ]
  },
  {
    "metrics": [
      {
        "reactor_utilization": {
          "shard": "0",
          "value": 0.095986939999959109
        }
      },
      {
        "reactor_utilization": {
          "shard": "1",
          "value": 0.016356740000011971
        }
      },
      {
        "reactor_utilization": {
          "shard": "2",
          "value": 0.018950199999945294
        }
      },
      {
        "reactor_utilization": {
          "shard": "3",
          "value": 0.026031379999968962
        }
      },
      {
        "reactor_utilization": {
          "shard": "4",
          "value": 0.020265000000074807
        }
      },
      {
        "reactor_utilization": {
          "shard": "5",
          "value": 0.019255639999982144
        }
      },
      {
        "reactor_utilization": {
          "shard": "6",
          "value": 0.020969540000004283
        }
      },
      {
        "reactor_utilization": {
          "shard": "7",
          "value": 0.019808160000045483
        }
      },
      {
        "reactor_utilization": {
          "shard": "8",
          "value": 0.018127440000026418
        }
      },
      {
        "reactor_utilization": {
          "shard": "9",
          "value": 0.019414720000021646
        }
      },
      {
        "reactor_utilization": {
          "shard": "10",
          "value": 0.019178219999971269
        }
      },
      {
        "reactor_utilization": {
          "shard": "11",
          "value": 0.018858099999974343
        }
      },
      {
        "reactor_utilization": {
          "shard": "12",
          "value": 0.021370599999981366
        }
      },
      {
        "reactor_utilization": {
          "shard": "13",
          "value": 0.018460980000012395
        }
      },
      {
        "reactor_utilization": {
          "shard": "14",
          "value": 0.019189419999965374
        }
      },
      {
        "reactor_utilization": {
          "shard": "15",
          "value": 0.029063160000075694
        }
      },
      {
        "reactor_utilization": {
          "shard": "16",
          "value": 0.017816740000098363
        }
      },
      {
        "reactor_utilization": {
          "shard": "17",
          "value": 0.021971840000045706
        }
      },
      {
        "reactor_utilization": {
          "shard": "18",
          "value": 0.020490880000012535
        }
      },
      {
        "reactor_utilization": {
          "shard": "19",
          "value": 0.023954279999971462
        }
      },
      {
        "reactor_utilization": {
          "shard": "20",
          "value": 0.022631439999953873
        }
      },
      {
        "reactor_utilization": {
          "shard": "21",
          "value": 0.019410579999934452
        }
      },
      {
        "reactor_utilization": {
          "shard": "22",
          "value": 0.020128119999962557
        }
      },
      {
        "reactor_utilization": {
          "shard": "23",
          "value": 0.016118900000028358
        }
      },
      {
        "reactor_utilization": {
          "shard": "24",
          "value": 0.019642760000027071
        }
      },
      {
        "reactor_utilization": {
          "shard": "25",
          "value": 0.021971840000012399
        }
      },
      {
        "reactor_utilization": {
          "shard": "26",
          "value": 0.017940459999954417
        }
      },
      {
        "reactor_utilization": {
          "shard": "27",
          "value": 0.023370700000002742
        }
      }
    ]
  },
  {
    "metrics": [
      {
        "reactor_utilization": {
          "shard": "0",
          "value": 0.079352259999976305
        }
      },
      {
        "reactor_utilization": {
          "shard": "1",
          "value": 0.02028148000000618
        }
      },
      {
        "reactor_utilization": {
          "shard": "2",
          "value": 0.019981719999950798
        }
      },
      {
        "reactor_utilization": {
          "shard": "3",
          "value": 0.015288239999966535
        }
      },
      {
        "reactor_utilization": {
          "shard": "4",
          "value": 0.031566780000069627
        }
      },
      {
        "reactor_utilization": {
          "shard": "5",
          "value": 0.021984219999970911
        }
      },
      {
        "reactor_utilization": {
          "shard": "6",
          "value": 0.023120539999998968
        }
      },
      {
        "reactor_utilization": {
          "shard": "7",
          "value": 0.020526920000041304
        }
      },
      {
        "reactor_utilization": {
          "shard": "8",
          "value": 0.020145280000016808
        }
      },
      {
        "reactor_utilization": {
          "shard": "9",
          "value": 0.017177620000030647
        }
      },
      {
        "reactor_utilization": {
          "shard": "10",
          "value": 0.020157559999978147
        }
      },
      {
        "reactor_utilization": {
          "shard": "11",
          "value": 0.02094805999997007
        }
      },
      {
        "reactor_utilization": {
          "shard": "12",
          "value": 0.021865079999994208
        }
      },
      {
        "reactor_utilization": {
          "shard": "13",
          "value": 0.022176480000013488
        }
      },
      {
        "reactor_utilization": {
          "shard": "14",
          "value": 0.022728479999956086
        }
      },
      {
        "reactor_utilization": {
          "shard": "15",
          "value": 0.018682840000072698
        }
      },
      {
        "reactor_utilization": {
          "shard": "16",
          "value": 0.021847760000093253
        }
      },
      {
        "reactor_utilization": {
          "shard": "17",
          "value": 0.020049340000038995
        }
      },
      {
        "reactor_utilization": {
          "shard": "18",
          "value": 0.021342260000012381
        }
      },
      {
        "reactor_utilization": {
          "shard": "19",
          "value": 0.018265479999968193
        }
      },
      {
        "reactor_utilization": {
          "shard": "20",
          "value": 0.023427399999953469
        }
      },
      {
        "reactor_utilization": {
          "shard": "21",
          "value": 0.021087819999932034
        }
      },
      {
        "reactor_utilization": {
          "shard": "22",
          "value": 0.021392199999947792
        }
      },
      {
        "reactor_utilization": {
          "shard": "23",
          "value": 0.020413260000007316
        }
      },
      {
        "reactor_utilization": {
          "shard": "24",
          "value": 0.020841100000024149
        }
      },
      {
        "reactor_utilization": {
          "shard": "25",
          "value": 0.021905980000003211
        }
      },
      {
        "reactor_utilization": {
          "shard": "26",
          "value": 0.021280579999971572
        }
      },
      {
        "reactor_utilization": {
          "shard": "27",
          "value": 0.020917979999990344
        }
      }
    ]
  },
  {
    "metrics": [
      {
        "reactor_utilization": {
          "shard": "0",
          "value": 0.10474395999997554
        }
      },
      {
        "reactor_utilization": {
          "shard": "1",
          "value": 0.020907579999995818
        }
      },
      {
        "reactor_utilization": {
          "shard": "2",
          "value": 0.021965639999965703
        }
      },
      {
        "reactor_utilization": {
          "shard": "3",
          "value": 0.024449779999979881
        }
      },
      {
        "reactor_utilization": {
          "shard": "4",
          "value": 0.040143900000066957
        }
      },
      {
        "reactor_utilization": {
          "shard": "5",
          "value": 0.025898879999952662
        }
      },
      {
        "reactor_utilization": {
          "shard": "6",
          "value": 0.02262683999998405
        }
      },
      {
        "reactor_utilization": {
          "shard": "7",
          "value": 0.024758200000041253
        }
      },
      {
        "reactor_utilization": {
          "shard": "8",
          "value": 0.02146123999999805
        }
      },
      {
        "reactor_utilization": {
          "shard": "9",
          "value": 0.02222898000003859
        }
      },
      {
        "reactor_utilization": {
          "shard": "10",
          "value": 0.023603339999955786
        }
      },
      {
        "reactor_utilization": {
          "shard": "11",
          "value": 0.022091899999965303
        }
      },
      {
        "reactor_utilization": {
          "shard": "12",
          "value": 0.02427433999999673
        }
      },
      {
        "reactor_utilization": {
          "shard": "13",
          "value": 0.022350140000004792
        }
      },
      {
        "reactor_utilization": {
          "shard": "14",
          "value": 0.026311979999960045
        }
      },
      {
        "reactor_utilization": {
          "shard": "15",
          "value": 0.025503480000066414
        }
      },
      {
        "reactor_utilization": {
          "shard": "16",
          "value": 0.021591200000092847
        }
      },
      {
        "reactor_utilization": {
          "shard": "17",
          "value": 0.025982740000052296
        }
      },
      {
        "reactor_utilization": {
          "shard": "18",
          "value": 0.023150200000010557
        }
      },
      {
        "reactor_utilization": {
          "shard": "19",
          "value": 0.025129579999971785
        }
      },
      {
        "reactor_utilization": {
          "shard": "20",
          "value": 0.026539179999940377
        }
      },
      {
        "reactor_utilization": {
          "shard": "21",
          "value": 0.023271359999932351
        }
      },
      {
        "reactor_utilization": {
          "shard": "22",
          "value": 0.021422139999938139
        }
      },
      {
        "reactor_utilization": {
          "shard": "23",
          "value": 0.024530200000016933
        }
      },
      {
        "reactor_utilization": {
          "shard": "24",
          "value": 0.025137500000016466
        }
      },
      {
        "reactor_utilization": {
          "shard": "25",
          "value": 0.024764620000006232
        }
      },
      {
        "reactor_utilization": {
          "shard": "26",
          "value": 0.023916619999952982
        }
      },
      {
        "reactor_utilization": {
          "shard": "27",
          "value": 0.024522539999982662
        }
      }
    ]
  },
  {
    "metrics": [
      {
        "reactor_utilization": {
          "shard": "0",
          "value": 0.10246405999998487
        }
      },
      {
        "reactor_utilization": {
          "shard": "1",
          "value": 0.027805039999995174
        }
      },
      {
        "reactor_utilization": {
          "shard": "2",
          "value": 0.028155859999956512
        }
      },
      {
        "reactor_utilization": {
          "shard": "3",
          "value": 0.027889839999994948
        }
      },
      {
        "reactor_utilization": {
          "shard": "4",
          "value": 0.035139540000062031
        }
      },
      {
        "reactor_utilization": {
          "shard": "5",
          "value": 0.021601639999957456
        }
      },
      {
        "reactor_utilization": {
          "shard": "6",
          "value": 0.026559960000005489
        }
      },
      {
        "reactor_utilization": {
          "shard": "7",
          "value": 0.025078440000048108
        }
      },
      {
        "reactor_utilization": {
          "shard": "8",
          "value": 0.024076340000023233
        }
      },
      {
        "reactor_utilization": {
          "shard": "9",
          "value": 0.022207100000026792
        }
      },
      {
        "reactor_utilization": {
          "shard": "10",
          "value": 0.027005799999968438
        }
      },
      {
        "reactor_utilization": {
          "shard": "11",
          "value": 0.025029379999985668
        }
      },
      {
        "reactor_utilization": {
          "shard": "12",
          "value": 0.025433019999998585
        }
      },
      {
        "reactor_utilization": {
          "shard": "13",
          "value": 0.023219480000014059
        }
      },
      {
        "reactor_utilization": {
          "shard": "14",
          "value": 0.025547139999959612
        }
      },
      {
        "reactor_utilization": {
          "shard": "15",
          "value": 0.028916660000066763
        }
      },
      {
        "reactor_utilization": {
          "shard": "16",
          "value": 0.026083280000110953
        }
      },
      {
        "reactor_utilization": {
          "shard": "17",
          "value": 0.02871568000004654
        }
      },
      {
        "reactor_utilization": {
          "shard": "18",
          "value": 0.029786000000009416
        }
      },
      {
        "reactor_utilization": {
          "shard": "19",
          "value": 0.024535539999970268
        }
      },
      {
        "reactor_utilization": {
          "shard": "20",
          "value": 0.028777319999917506
        }
      },
      {
        "reactor_utilization": {
          "shard": "21",
          "value": 0.026080279999929346
        }
      },
      {
        "reactor_utilization": {
          "shard": "22",
          "value": 0.026117739999920175
        }
      },
      {
        "reactor_utilization": {
          "shard": "23",
          "value": 0.026282119999998521
        }
      },
      {
        "reactor_utilization": {
          "shard": "24",
          "value": 0.025277320000016701
        }
      },
      {
        "reactor_utilization": {
          "shard": "25",
          "value": 0.028811819999996491
        }
      },
      {
        "reactor_utilization": {
          "shard": "26",
          "value": 0.027263259999954492
        }
      },
      {
        "reactor_utilization": {
          "shard": "27",
          "value": 0.026968339999955404
        }
      }
    ]
  },
  {
    "metrics": [
      {
        "reactor_utilization": {
          "shard": "0",
          "value": 0.095882679999970133
        }
      },
      {
        "reactor_utilization": {
          "shard": "1",
          "value": 0.02172775999997878
        }
      },
      {
        "reactor_utilization": {
          "shard": "2",
          "value": 0.022192219999972451
        }
      },
      {
        "reactor_utilization": {
          "shard": "3",
          "value": 0.020265439999989088
        }
      },
      {
        "reactor_utilization": {
          "shard": "4",
          "value": 0.038492100000064866
        }
      },
      {
        "reactor_utilization": {
          "shard": "5",
          "value": 0.020985659999972484
        }
      },
      {
        "reactor_utilization": {
          "shard": "6",
          "value": 0.021674599999998989
        }
      },
      {
        "reactor_utilization": {
          "shard": "7",
          "value": 0.020663740000059772
        }
      },
      {
        "reactor_utilization": {
          "shard": "8",
          "value": 0.021352280000008772
        }
      },
      {
        "reactor_utilization": {
          "shard": "9",
          "value": 0.020201000000052982
        }
      },
      {
        "reactor_utilization": {
          "shard": "10",
          "value": 0.020760599999958274
        }
      },
      {
        "reactor_utilization": {
          "shard": "11",
          "value": 0.018412539999990152
        }
      },
      {
        "reactor_utilization": {
          "shard": "12",
          "value": 0.019388099999995134
        }
      },
      {
        "reactor_utilization": {
          "shard": "13",
          "value": 0.02054562000000093
        }
      },
      {
        "reactor_utilization": {
          "shard": "14",
          "value": 0.022449299999971473
        }
      },
      {
        "reactor_utilization": {
          "shard": "15",
          "value": 0.023560020000057413
        }
      },
      {
        "reactor_utilization": {
          "shard": "16",
          "value": 0.018487460000138345
        }
      },
      {
        "reactor_utilization": {
          "shard": "17",
          "value": 0.021468200000074322
        }
      },
      {
        "reactor_utilization": {
          "shard": "18",
          "value": 0.023706919999977316
        }
      },
      {
        "reactor_utilization": {
          "shard": "19",
          "value": 0.019397139999965951
        }
      },
      {
        "reactor_utilization": {
          "shard": "20",
          "value": 0.019505579999923306
        }
      },
      {
        "reactor_utilization": {
          "shard": "21",
          "value": 0.020869099999920593
        }
      },
      {
        "reactor_utilization": {
          "shard": "22",
          "value": 0.020980679999937912
        }
      },
      {
        "reactor_utilization": {
          "shard": "23",
          "value": 0.020035860000011674
        }
      },
      {
        "reactor_utilization": {
          "shard": "24",
          "value": 0.018887980000015236
        }
      },
      {
        "reactor_utilization": {
          "shard": "25",
          "value": 0.020162580000016028
        }
      },
      {
        "reactor_utilization": {
          "shard": "26",
          "value": 0.021481299999948078
        }
      },
      {
        "reactor_utilization": {
          "shard": "27",
          "value": 0.021039959999968882
        }
      }
    ]
  },
  {
    "metrics": [
      {
        "reactor_utilization": {
          "shard": "0",
          "value": 0.10540487999998183
        }
      },
      {
        "reactor_utilization": {
          "shard": "1",
          "value": 0.027443179999986356
        }
      },
      {
        "reactor_utilization": {
          "shard": "2",
          "value": 0.028747459999967084
        }
      },
      {
        "reactor_utilization": {
          "shard": "3",
          "value": 0.023479140000004506
        }
      },
      {
        "reactor_utilization": {
          "shard": "4",
          "value": 0.041496300000076758
        }
      },
      {
        "reactor_utilization": {
          "shard": "5",
          "value": 0.023024159999973648
        }
      },
      {
        "reactor_utilization": {
          "shard": "6",
          "value": 0.025558940000003361
        }
      },
      {
        "reactor_utilization": {
          "shard": "7",
          "value": 0.024603320000060602
        }
      },
      {
        "reactor_utilization": {
          "shard": "8",
          "value": 0.027962500000022761
        }
      },
      {
        "reactor_utilization": {
          "shard": "9",
          "value": 0.023227580000062531
        }
      },
      {
        "reactor_utilization": {
          "shard": "10",
          "value": 0.026829859999966121
        }
      },
      {
        "reactor_utilization": {
          "shard": "11",
          "value": 0.024561959999980232
        }
      },
      {
        "reactor_utilization": {
          "shard": "12",
          "value": 0.024753240000008336
        }
      },
      {
        "reactor_utilization": {
          "shard": "13",
          "value": 0.025069840000002674
        }
      },
      {
        "reactor_utilization": {
          "shard": "14",
          "value": 0.026534839999969861
        }
      },
      {
        "reactor_utilization": {
          "shard": "15",
          "value": 0.02721918000005985
        }
      },
      {
        "reactor_utilization": {
          "shard": "16",
          "value": 0.026685820000138527
        }
      },
      {
        "reactor_utilization": {
          "shard": "17",
          "value": 0.027795700000066148
        }
      },
      {
        "reactor_utilization": {
          "shard": "18",
          "value": 0.028049579999966934
        }
      },
      {
        "reactor_utilization": {
          "shard": "19",
          "value": 0.025021719999973602
        }
      },
      {
        "reactor_utilization": {
          "shard": "20",
          "value": 0.029952899999929894
        }
      },
      {
        "reactor_utilization": {
          "shard": "21",
          "value": 0.027893079999907755
        }
      },
      {
        "reactor_utilization": {
          "shard": "22",
          "value": 0.026616139999924293
        }
      },
      {
        "reactor_utilization": {
          "shard": "23",
          "value": 0.026598579999992378
        }
      },
      {
        "reactor_utilization": {
          "shard": "24",
          "value": 0.02417234000000601
        }
      },
      {
        "reactor_utilization": {
          "shard": "25",
          "value": 0.026543740000017912
        }
      },
      {
        "reactor_utilization": {
          "shard": "26",
          "value": 0.024623279999957948
        }
      },
      {
        "reactor_utilization": {
          "shard": "27",
          "value": 0.026781579999957117
        }
      }
    ]
  },
  {
    "metrics": [
      {
        "reactor_utilization": {
          "shard": "0",
          "value": 0.092456519999983833
        }
      },
      {
        "reactor_utilization": {
          "shard": "1",
          "value": 0.01859753999996494
        }
      },
      {
        "reactor_utilization": {
          "shard": "2",
          "value": 0.021231359999973609
        }
      },
      {
        "reactor_utilization": {
          "shard": "3",
          "value": 0.020182279999991781
        }
      },
      {
        "reactor_utilization": {
          "shard": "4",
          "value": 0.028355220000075843
        }
      },
      {
        "reactor_utilization": {
          "shard": "5",
          "value": 0.020760859999957582
        }
      },
      {
        "reactor_utilization": {
          "shard": "6",
          "value": 0.021830920000032172
        }
      },
      {
        "reactor_utilization": {
          "shard": "7",
          "value": 0.024846120000043825
        }
      },
      {
        "reactor_utilization": {
          "shard": "8",
          "value": 0.019836120000027435
        }
      },
      {
        "reactor_utilization": {
          "shard": "9",
          "value": 0.020799000000049084
        }
      },
      {
        "reactor_utilization": {
          "shard": "10",
          "value": 0.02077349999995981
        }
      },
      {
        "reactor_utilization": {
          "shard": "11",
          "value": 0.020466559999987588
        }
      },
      {
        "reactor_utilization": {
          "shard": "12",
          "value": 0.020304220000022521
        }
      },
      {
        "reactor_utilization": {
          "shard": "13",
          "value": 0.020797979999997995
        }
      },
      {
        "reactor_utilization": {
          "shard": "14",
          "value": 0.022253019999984858
        }
      },
      {
        "reactor_utilization": {
          "shard": "15",
          "value": 0.02422158000007224
        }
      },
      {
        "reactor_utilization": {
          "shard": "16",
          "value": 0.018615280000144896
        }
      },
      {
        "reactor_utilization": {
          "shard": "17",
          "value": 0.020195900000063993
        }
      },
      {
        "reactor_utilization": {
          "shard": "18",
          "value": 0.022301999999974065
        }
      },
      {
        "reactor_utilization": {
          "shard": "19",
          "value": 0.019482999999986816
        }
      },
      {
        "reactor_utilization": {
          "shard": "20",
          "value": 0.021931519999918159
        }
      },
      {
        "reactor_utilization": {
          "shard": "21",
          "value": 0.021145679999889921
        }
      },
      {
        "reactor_utilization": {
          "shard": "22",
          "value": 0.022629959999931337
        }
      },
      {
        "reactor_utilization": {
          "shard": "23",
          "value": 0.023142680000010074
        }
      },
      {
        "reactor_utilization": {
          "shard": "24",
          "value": 0.01766753999999926
        }
      },
      {
        "reactor_utilization": {
          "shard": "25",
          "value": 0.023256340000021858
        }
      },
      {
        "reactor_utilization": {
          "shard": "26",
          "value": 0.023584199999948652
        }
      },
      {
        "reactor_utilization": {
          "shard": "27",
          "value": 0.022141339999981469
        }
      }
    ]
  },
  {
    "metrics": [
      {
        "reactor_utilization": {
          "shard": "0",
          "value": 0.093998339999989966
        }
      },
      {
        "reactor_utilization": {
          "shard": "1",
          "value": 0.025225439999965182
        }
      },
      {
        "reactor_utilization": {
          "shard": "2",
          "value": 0.023828159999972343
        }
      },
      {
        "reactor_utilization": {
          "shard": "3",
          "value": 0.024184619999978452
        }
      },
      {
        "reactor_utilization": {
          "shard": "4",
          "value": 0.037986240000087435
        }
      },
      {
        "reactor_utilization": {
          "shard": "5",
          "value": 0.023077139999994056
        }
      },
      {
        "reactor_utilization": {
          "shard": "6",
          "value": 0.025978280000027443
        }
      },
      {
        "reactor_utilization": {
          "shard": "7",
          "value": 0.024694400000035976
        }
      },
      {
        "reactor_utilization": {
          "shard": "8",
          "value": 0.022307220000028494
        }
      },
      {
        "reactor_utilization": {
          "shard": "9",
          "value": 0.024357220000070789
        }
      },
      {
        "reactor_utilization": {
          "shard": "10",
          "value": 0.023947839999949316
        }
      },
      {
        "reactor_utilization": {
          "shard": "11",
          "value": 0.02356359999998725
        }
      },
      {
        "reactor_utilization": {
          "shard": "12",
          "value": 0.02429630000002625
        }
      },
      {
        "reactor_utilization": {
          "shard": "13",
          "value": 0.023325059999967923
        }
      },
      {
        "reactor_utilization": {
          "shard": "14",
          "value": 0.02414477999999054
        }
      },
      {
        "reactor_utilization": {
          "shard": "15",
          "value": 0.026654780000068268
        }
      },
      {
        "reactor_utilization": {
          "shard": "16",
          "value": 0.023459780000145702
        }
      },
      {
        "reactor_utilization": {
          "shard": "17",
          "value": 0.027048100000059971
        }
      },
      {
        "reactor_utilization": {
          "shard": "18",
          "value": 0.02445127999999297
        }
      },
      {
        "reactor_utilization": {
          "shard": "19",
          "value": 0.026492659999988177
        }
      },
      {
        "reactor_utilization": {
          "shard": "20",
          "value": 0.025579999999925107
        }
      },
      {
        "reactor_utilization": {
          "shard": "21",
          "value": 0.025000099999894498
        }
      },
      {
        "reactor_utilization": {
          "shard": "22",
          "value": 0.025310979999937366
        }
      },
      {
        "reactor_utilization": {
          "shard": "23",
          "value": 0.02364986000003011
        }
      },
      {
        "reactor_utilization": {
          "shard": "24",
          "value": 0.023389139999996367
        }
      },
      {
        "reactor_utilization": {
          "shard": "25",
          "value": 0.025662260000025583
        }
      },
      {
        "reactor_utilization": {
          "shard": "26",
          "value": 0.024448379999975067
        }
      },
      {
        "reactor_utilization": {
          "shard": "27",
          "value": 0.028535339999979925
        }
      }
    ]
  },
  {
    "metrics": [
      {
        "reactor_utilization": {
          "shard": "0",
          "value": 0.085501119999986663
        }
      },
      {
        "reactor_utilization": {
          "shard": "1",
          "value": 0.028864399999961599
        }
      },
      {
        "reactor_utilization": {
          "shard": "2",
          "value": 0.025457179999976987
        }
      },
      {
        "reactor_utilization": {
          "shard": "3",
          "value": 0.028142919999996074
        }
      },
      {
        "reactor_utilization": {
          "shard": "4",
          "value": 0.046639360000078067
        }
      },
      {
        "reactor_utilization": {
          "shard": "5",
          "value": 0.024149259999961536
        }
      },
      {
        "reactor_utilization": {
          "shard": "6",
          "value": 0.026421900000017651
        }
      },
      {
        "reactor_utilization": {
          "shard": "7",
          "value": 0.023238160000027541
        }
      },
      {
        "reactor_utilization": {
          "shard": "8",
          "value": 0.026330439999999733
        }
      },
      {
        "reactor_utilization": {
          "shard": "9",
          "value": 0.026438120000060739
        }
      },
      {
        "reactor_utilization": {
          "shard": "10",
          "value": 0.026088739999963195
        }
      },
      {
        "reactor_utilization": {
          "shard": "11",
          "value": 0.021744659999956006
        }
      },
      {
        "reactor_utilization": {
          "shard": "12",
          "value": 0.021227660000022741
        }
      },
      {
        "reactor_utilization": {
          "shard": "13",
          "value": 0.027238179999955481
        }
      },
      {
        "reactor_utilization": {
          "shard": "14",
          "value": 0.026232519999980219
        }
      },
      {
        "reactor_utilization": {
          "shard": "15",
          "value": 0.026461120000054184
        }
      },
      {
        "reactor_utilization": {
          "shard": "16",
          "value": 0.024111640000146206
        }
      },
      {
        "reactor_utilization": {
          "shard": "17",
          "value": 0.025354800000076949
        }
      },
      {
        "reactor_utilization": {
          "shard": "18",
          "value": 0.027005239999988717
        }
      },
      {
        "reactor_utilization": {
          "shard": "19",
          "value": 0.024755779999996452
        }
      },
      {
        "reactor_utilization": {
          "shard": "20",
          "value": 0.028740199999910399
        }
      },
      {
        "reactor_utilization": {
          "shard": "21",
          "value": 0.027986219999887041
        }
      },
      {
        "reactor_utilization": {
          "shard": "22",
          "value": 0.027368319999931945
        }
      },
      {
        "reactor_utilization": {
          "shard": "23",
          "value": 0.025540099999998844
        }
      },
      {
        "reactor_utilization": {
          "shard": "24",
          "value": 0.02575000000000216
        }
      },
      {
        "reactor_utilization": {
          "shard": "25",
          "value": 0.026162220000025549
        }
      },
      {
        "reactor_utilization": {
          "shard": "26",
          "value": 0.026608579999998216
        }
      },
      {
        "reactor_utilization": {
          "shard": "27",
          "value": 0.027627839999966319
        }
      }
    ]
  },
  {
    "metrics": [
      {
        "reactor_utilization": {
          "shard": "0",
          "value": 0.097396379999969973
        }
      },
      {
        "reactor_utilization": {
          "shard": "1",
          "value": 0.017839599999969202
        }
      },
      {
        "reactor_utilization": {
          "shard": "2",
          "value": 0.017129759999956473
        }
      },
      {
        "reactor_utilization": {
          "shard": "3",
          "value": 0.02524337999998405
        }
      },
      {
        "reactor_utilization": {
          "shard": "4",
          "value": 0.015127680000059929
        }
      },
      {
        "reactor_utilization": {
          "shard": "5",
          "value": 0.015689439999966304
        }
      },
      {
        "reactor_utilization": {
          "shard": "6",
          "value": 0.014231220000016087
        }
      },
      {
        "reactor_utilization": {
          "shard": "7",
          "value": 0.01449858000002191
        }
      },
      {
        "reactor_utilization": {
          "shard": "8",
          "value": 0.016793440000006932
        }
      },
      {
        "reactor_utilization": {
          "shard": "9",
          "value": 0.021092680000078801
        }
      },
      {
        "reactor_utilization": {
          "shard": "10",
          "value": 0.017216839999978362
        }
      },
      {
        "reactor_utilization": {
          "shard": "11",
          "value": 0.016316259999948901
        }
      },
      {
        "reactor_utilization": {
          "shard": "12",
          "value": 0.017305040000015204
        }
      },
      {
        "reactor_utilization": {
          "shard": "13",
          "value": 0.015727539999965678
        }
      },
      {
        "reactor_utilization": {
          "shard": "14",
          "value": 0.021924099999981461
        }
      },
      {
        "reactor_utilization": {
          "shard": "15",
          "value": 0.025019420000060855
        }
      },
      {
        "reactor_utilization": {
          "shard": "16",
          "value": 0.015508080000148361
        }
      },
      {
        "reactor_utilization": {
          "shard": "17",
          "value": 0.01505558000007845
        }
      },
      {
        "reactor_utilization": {
          "shard": "18",
          "value": 0.014078539999973216
        }
      },
      {
        "reactor_utilization": {
          "shard": "19",
          "value": 0.024394679999995006
        }
      },
      {
        "reactor_utilization": {
          "shard": "20",
          "value": 0.022894519999905327
        }
      },
      {
        "reactor_utilization": {
          "shard": "21",
          "value": 0.016080699999865278
        }
      },
      {
        "reactor_utilization": {
          "shard": "22",
          "value": 0.015322319999921952
        }
      },
      {
        "reactor_utilization": {
          "shard": "23",
          "value": 0.021817400000034848
        }
      },
      {
        "reactor_utilization": {
          "shard": "24",
          "value": 0.023360060000010563
        }
      },
      {
        "reactor_utilization": {
          "shard": "25",
          "value": 0.022947660000027792
        }
      },
      {
        "reactor_utilization": {
          "shard": "26",
          "value": 0.017240060000012214
        }
      },
      {
        "reactor_utilization": {
          "shard": "27",
          "value": 0.02265613999995475
        }
      }
    ]
  },
  {
    "metrics": [
      {
        "reactor_utilization": {
          "shard": "0",
          "value": 0.10328179999996578
        }
      },
      {
        "reactor_utilization": {
          "shard": "1",
          "value": 0.025760359999971172
        }
      },
      {
        "reactor_utilization": {
          "shard": "2",
          "value": 0.024310859999943091
        }
      },
      {
        "reactor_utilization": {
          "shard": "3",
          "value": 0.020393419999986673
        }
      },
      {
        "reactor_utilization": {
          "shard": "4",
          "value": 0.041772140000051472
        }
      },
      {
        "reactor_utilization": {
          "shard": "5",
          "value": 0.025644999999974161
        }
      },
      {
        "reactor_utilization": {
          "shard": "6",
          "value": 0.02789998000001237
        }
      },
      {
        "reactor_utilization": {
          "shard": "7",
          "value": 0.026547500000018154
        }
      },
      {
        "reactor_utilization": {
          "shard": "8",
          "value": 0.027306100000012989
        }
      },
      {
        "reactor_utilization": {
          "shard": "9",
          "value": 0.017864920000087992
        }
      },
      {
        "reactor_utilization": {
          "shard": "10",
          "value": 0.027616159999954704
        }
      },
      {
        "reactor_utilization": {
          "shard": "11",
          "value": 0.025280519999948403
        }
      },
      {
        "reactor_utilization": {
          "shard": "12",
          "value": 0.022764920000017952
        }
      },
      {
        "reactor_utilization": {
          "shard": "13",
          "value": 0.025730119999956003
        }
      },
      {
        "reactor_utilization": {
          "shard": "14",
          "value": 0.016896719999992538
        }
      },
      {
        "reactor_utilization": {
          "shard": "15",
          "value": 0.021467980000056119
        }
      },
      {
        "reactor_utilization": {
          "shard": "16",
          "value": 0.026557440000152255
        }
      },
      {
        "reactor_utilization": {
          "shard": "17",
          "value": 0.026702080000051698
        }
      },
      {
        "reactor_utilization": {
          "shard": "18",
          "value": 0.023765399999975401
        }
      },
      {
        "reactor_utilization": {
          "shard": "19",
          "value": 0.018665039999987698
        }
      },
      {
        "reactor_utilization": {
          "shard": "20",
          "value": 0.01995799999989778
        }
      },
      {
        "reactor_utilization": {
          "shard": "21",
          "value": 0.025759199999875193
        }
      },
      {
        "reactor_utilization": {
          "shard": "22",
          "value": 0.025304919999924458
        }
      },
      {
        "reactor_utilization": {
          "shard": "23",
          "value": 0.019448240000019545
        }
      },
      {
        "reactor_utilization": {
          "shard": "24",
          "value": 0.019432060000013074
        }
      },
      {
        "reactor_utilization": {
          "shard": "25",
          "value": 0.018461560000027077
        }
      },
      {
        "reactor_utilization": {
          "shard": "26",
          "value": 0.023855020000029814
        }
      },
      {
        "reactor_utilization": {
          "shard": "27",
          "value": 0.020601199999947806
        }
      }
    ]
  },
  {
    "metrics": [
      {
        "reactor_utilization": {
          "shard": "0",
          "value": 0.094501039999972392
        }
      },
      {
        "reactor_utilization": {
          "shard": "1",
          "value": 0.02260195999996828
        }
      },
      {
        "reactor_utilization": {
          "shard": "2",
          "value": 0.025347119999941103
        }
      },
      {
        "reactor_utilization": {
          "shard": "3",
          "value": 0.022947279999996351
        }
      },
      {
        "reactor_utilization": {
          "shard": "4",
          "value": 0.041349280000035904
        }
      },
      {
        "reactor_utilization": {
          "shard": "5",
          "value": 0.032106079999960624
        }
      },
      {
        "reactor_utilization": {
          "shard": "6",
          "value": 0.029412880000001529
        }
      },
      {
        "reactor_utilization": {
          "shard": "7",
          "value": 0.027280500000026464
        }
      },
      {
        "reactor_utilization": {
          "shard": "8",
          "value": 0.03132804000002265
        }
      },
      {
        "reactor_utilization": {
          "shard": "9",
          "value": 0.021841240000064488
        }
      },
      {
        "reactor_utilization": {
          "shard": "10",
          "value": 0.03007405999996271
        }
      },
      {
        "reactor_utilization": {
          "shard": "11",
          "value": 0.032673459999932319
        }
      },
      {
        "reactor_utilization": {
          "shard": "12",
          "value": 0.027637740000008293
        }
      },
      {
        "reactor_utilization": {
          "shard": "13",
          "value": 0.023421259999967248
        }
      },
      {
        "reactor_utilization": {
          "shard": "14",
          "value": 0.028314419999997398
        }
      },
      {
        "reactor_utilization": {
          "shard": "15",
          "value": 0.030870340000066498
        }
      },
      {
        "reactor_utilization": {
          "shard": "16",
          "value": 0.028368500000164332
        }
      },
      {
        "reactor_utilization": {
          "shard": "17",
          "value": 0.022351040000057054
        }
      },
      {
        "reactor_utilization": {
          "shard": "18",
          "value": 0.026410459999992586
        }
      },
      {
        "reactor_utilization": {
          "shard": "19",
          "value": 0.020810179999997125
        }
      },
      {
        "reactor_utilization": {
          "shard": "20",
          "value": 0.023280499999889237
        }
      },
      {
        "reactor_utilization": {
          "shard": "21",
          "value": 0.02484807999987293
        }
      },
      {
        "reactor_utilization": {
          "shard": "22",
          "value": 0.025979739999915097
        }
      },
      {
        "reactor_utilization": {
          "shard": "23",
          "value": 0.022902980000016893
        }
      },
      {
        "reactor_utilization": {
          "shard": "24",
          "value": 0.02056664000003039
        }
      },
      {
        "reactor_utilization": {
          "shard": "25",
          "value": 0.023242420000024744
        }
      },
      {
        "reactor_utilization": {
          "shard": "26",
          "value": 0.024039560000033156
        }
      },
      {
        "reactor_utilization": {
          "shard": "27",
          "value": 0.022601639999952905
        }
      }
    ]
  },
  {
    "metrics": [
      {
        "reactor_utilization": {
          "shard": "0",
          "value": 0.074523359999956185
        }
      },
      {
        "reactor_utilization": {
          "shard": "1",
          "value": 0.024110359999962583
        }
      },
      {
        "reactor_utilization": {
          "shard": "2",
          "value": 0.02125239999993811
        }
      },
      {
        "reactor_utilization": {
          "shard": "3",
          "value": 0.018423160000002881
        }
      },
      {
        "reactor_utilization": {
          "shard": "4",
          "value": 0.028378920000038388
        }
      },
      {
        "reactor_utilization": {
          "shard": "5",
          "value": 0.020067659999978282
        }
      },
      {
        "reactor_utilization": {
          "shard": "6",
          "value": 0.020878839999993737
        }
      },
      {
        "reactor_utilization": {
          "shard": "7",
          "value": 0.020186940000033182
        }
      },
      {
        "reactor_utilization": {
          "shard": "8",
          "value": 0.021262360000018354
        }
      },
      {
        "reactor_utilization": {
          "shard": "9",
          "value": 0.019184320000076305
        }
      },
      {
        "reactor_utilization": {
          "shard": "10",
          "value": 0.020578899999956768
        }
      },
      {
        "reactor_utilization": {
          "shard": "11",
          "value": 0.017874819999919023
        }
      },
      {
        "reactor_utilization": {
          "shard": "12",
          "value": 0.022124060000028312
        }
      },
      {
        "reactor_utilization": {
          "shard": "13",
          "value": 0.020442619999960776
        }
      },
      {
        "reactor_utilization": {
          "shard": "14",
          "value": 0.020456879999997124
        }
      },
      {
        "reactor_utilization": {
          "shard": "15",
          "value": 0.024641020000060188
        }
      },
      {
        "reactor_utilization": {
          "shard": "16",
          "value": 0.020205300000153414
        }
      },
      {
        "reactor_utilization": {
          "shard": "17",
          "value": 0.021887940000042683
        }
      },
      {
        "reactor_utilization": {
          "shard": "18",
          "value": 0.020645159999999052
        }
      },
      {
        "reactor_utilization": {
          "shard": "19",
          "value": 0.020978859999987165
        }
      },
      {
        "reactor_utilization": {
          "shard": "20",
          "value": 0.023679799999898332
        }
      },
      {
        "reactor_utilization": {
          "shard": "21",
          "value": 0.020011419999876878
        }
      },
      {
        "reactor_utilization": {
          "shard": "22",
          "value": 0.020086419999909566
        }
      },
      {
        "reactor_utilization": {
          "shard": "23",
          "value": 0.021496220000027932
        }
      },
      {
        "reactor_utilization": {
          "shard": "24",
          "value": 0.018933560000022887
        }
      },
      {
        "reactor_utilization": {
          "shard": "25",
          "value": 0.019815980000037481
        }
      },
      {
        "reactor_utilization": {
          "shard": "26",
          "value": 0.02023770000003644
        }
      },
      {
        "reactor_utilization": {
          "shard": "27",
          "value": 0.025030879999943245
        }
      }
    ]
  },
  {
    "metrics": [
      {
        "reactor_utilization": {
          "shard": "0",
          "value": 0.10313037999996055
        }
      },
      {
        "reactor_utilization": {
          "shard": "1",
          "value": 0.0293852999999622
        }
      },
      {
        "reactor_utilization": {
          "shard": "2",
          "value": 0.03331969999995632
        }
      },
      {
        "reactor_utilization": {
          "shard": "3",
          "value": 0.028498279999999987
        }
      },
      {
        "reactor_utilization": {
          "shard": "4",
          "value": 0.040851420000043159
        }
      },
      {
        "reactor_utilization": {
          "shard": "5",
          "value": 0.028861239999988797
        }
      },
      {
        "reactor_utilization": {
          "shard": "6",
          "value": 0.028446279999982949
        }
      },
      {
        "reactor_utilization": {
          "shard": "7",
          "value": 0.027657480000031764
        }
      },
      {
        "reactor_utilization": {
          "shard": "8",
          "value": 0.029695000000018457
        }
      },
      {
        "reactor_utilization": {
          "shard": "9",
          "value": 0.029491220000077423
        }
      },
      {
        "reactor_utilization": {
          "shard": "10",
          "value": 0.030433099999949143
        }
      },
      {
        "reactor_utilization": {
          "shard": "11",
          "value": 0.028202639999919121
        }
      },
      {
        "reactor_utilization": {
          "shard": "12",
          "value": 0.028784140000026603
        }
      },
      {
        "reactor_utilization": {
          "shard": "13",
          "value": 0.031804179999972426
        }
      },
      {
        "reactor_utilization": {
          "shard": "14",
          "value": 0.02743572000000194
        }
      },
      {
        "reactor_utilization": {
          "shard": "15",
          "value": 0.031778120000069965
        }
      },
      {
        "reactor_utilization": {
          "shard": "16",
          "value": 0.028140900000162006
        }
      },
      {
        "reactor_utilization": {
          "shard": "17",
          "value": 0.026672720000053829
        }
      },
      {
        "reactor_utilization": {
          "shard": "18",
          "value": 0.025355960000017497
        }
      },
      {
        "reactor_utilization": {
          "shard": "19",
          "value": 0.025562239999987746
        }
      },
      {
        "reactor_utilization": {
          "shard": "20",
          "value": 0.02700577999990017
        }
      },
      {
        "reactor_utilization": {
          "shard": "21",
          "value": 0.025946239999874443
        }
      },
      {
        "reactor_utilization": {
          "shard": "22",
          "value": 0.026313359999918795
        }
      },
      {
        "reactor_utilization": {
          "shard": "23",
          "value": 0.030261940000031462
        }
      },
      {
        "reactor_utilization": {
          "shard": "24",
          "value": 0.025870999999999533
        }
      },
      {
        "reactor_utilization": {
          "shard": "25",
          "value": 0.024939980000038275
        }
      },
      {
        "reactor_utilization": {
          "shard": "26",
          "value": 0.028943900000033551
        }
      },
      {
        "reactor_utilization": {
          "shard": "27",
          "value": 0.027911719999962337
        }
      }
    ]
  },
  {
    "metrics": [
      {
        "reactor_utilization": {
          "shard": "0",
          "value": 0.092100839999964546
        }
      },
      {
        "reactor_utilization": {
          "shard": "1",
          "value": 0.023959139999951695
        }
      },
      {
        "reactor_utilization": {
          "shard": "2",
          "value": 0.023819839999950077
        }
      },
      {
        "reactor_utilization": {
          "shard": "3",
          "value": 0.024675220000003328
        }
      },
      {
        "reactor_utilization": {
          "shard": "4",
          "value": 0.038316600000043444
        }
      },
      {
        "reactor_utilization": {
          "shard": "5",
          "value": 0.024843259999984824
        }
      },
      {
        "reactor_utilization": {
          "shard": "6",
          "value": 0.02558205999998453
        }
      },
      {
        "reactor_utilization": {
          "shard": "7",
          "value": 0.025373280000029474
        }
      },
      {
        "reactor_utilization": {
          "shard": "8",
          "value": 0.026723140000006751
        }
      },
      {
        "reactor_utilization": {
          "shard": "9",
          "value": 0.025287500000081842
        }
      },
      {
        "reactor_utilization": {
          "shard": "10",
          "value": 0.026017659999955089
        }
      },
      {
        "reactor_utilization": {
          "shard": "11",
          "value": 0.023648399999909309
        }
      },
      {
        "reactor_utilization": {
          "shard": "12",
          "value": 0.028996220000032658
        }
      },
      {
        "reactor_utilization": {
          "shard": "13",
          "value": 0.027299399999969332
        }
      },
      {
        "reactor_utilization": {
          "shard": "14",
          "value": 0.025167500000011778
        }
      },
      {
        "reactor_utilization": {
          "shard": "15",
          "value": 0.029525840000077519
        }
      },
      {
        "reactor_utilization": {
          "shard": "16",
          "value": 0.028993720000147771
        }
      },
      {
        "reactor_utilization": {
          "shard": "17",
          "value": 0.02722420000004222
        }
      },
      {
        "reactor_utilization": {
          "shard": "18",
          "value": 0.026218080000017796
        }
      },
      {
        "reactor_utilization": {
          "shard": "19",
          "value": 0.025056799999989554
        }
      },
      {
        "reactor_utilization": {
          "shard": "20",
          "value": 0.02578781999988955
        }
      },
      {
        "reactor_utilization": {
          "shard": "21",
          "value": 0.027029179999882302
        }
      },
      {
        "reactor_utilization": {
          "shard": "22",
          "value": 0.025394659999911084
        }
      },
      {
        "reactor_utilization": {
          "shard": "23",
          "value": 0.028085940000033283
        }
      },
      {
        "reactor_utilization": {
          "shard": "24",
          "value": 0.02471272000000857
        }
      },
      {
        "reactor_utilization": {
          "shard": "25",
          "value": 0.029124520000045617
        }
      },
      {
        "reactor_utilization": {
          "shard": "26",
          "value": 0.025908560000020842
        }
      },
      {
        "reactor_utilization": {
          "shard": "27",
          "value": 0.026187699999957736
        }
      }
    ]
  }
]
