{
    "0": {
        "memory_allocated_memory": -298225664.0,
        "memory_cross_cpu_free_operations": -870628.0,
        "memory_free_memory": 298225664.0,
        "memory_free_operations": -107095129.0,
        "memory_malloc_failed": 0.0,
        "memory_malloc_live_objects": -260091.0,
        "memory_malloc_operations": -107355220.0,
        "memory_reclaims_operations": 0.0,
        "memory_total_memory": 0.0,
        "reactor_cpu_busy_ms": -48387.0,
        "reactor_cpu_steal_time_ms": -1974.0,
        "reactor_cpu_used_time_ms": -67390.0,
        "reactor_polls": -13930595.0,
        "reactor_sleep_time_ms_total": -299591.0,
        "reactor_utilization": 0.006238740000019671
    },
    "1": {
        "memory_allocated_memory": -233639936.0,
        "memory_cross_cpu_free_operations": -1098084.0,
        "memory_free_memory": 233639936.0,
        "memory_free_operations": -142352285.0,
        "memory_malloc_failed": 0.0,
        "memory_malloc_live_objects": -285315.0,
        "memory_malloc_operations": -142637600.0,
        "memory_reclaims_operations": 0.0,
        "memory_total_memory": 0.0,
        "reactor_cpu_busy_ms": -61893.0,
        "reactor_cpu_steal_time_ms": -2242.0,
        "reactor_cpu_used_time_ms": -66767.0,
        "reactor_polls": -3862734.0,
        "reactor_sleep_time_ms_total": -299941.0,
        "reactor_utilization": 0.002116659999829018
    },
    "2": {
        "memory_allocated_memory": -454909952.0,
        "memory_cross_cpu_free_operations": -1104603.0,
        "memory_free_memory": 454909952.0,
        "memory_free_operations": -143271403.0,
        "memory_malloc_failed": 0.0,
        "memory_malloc_live_objects": -330304.0,
        "memory_malloc_operations": -143601707.0,
        "memory_reclaims_operations": 0.0,
        "memory_total_memory": 0.0,
        "reactor_cpu_busy_ms": -62668.0,
        "reactor_cpu_steal_time_ms": -2383.0,
        "reactor_cpu_used_time_ms": -69294.0,
        "reactor_polls": -5015205.0,
        "reactor_sleep_time_ms_total": -297283.0,
        "reactor_utilization": -0.0007675000001650112
    },
    "3": {
        "memory_allocated_memory": -377782272.0,
        "memory_cross_cpu_free_operations": -985147.0,
        "memory_free_memory": 377782272.0,
        "memory_free_operations": -129331443.0,
        "memory_malloc_failed": 0.0,
        "memory_malloc_live_objects": -309629.0,
        "memory_malloc_operations": -129641072.0,
        "memory_reclaims_operations": 0.0,
        "memory_total_memory": 0.0,
        "reactor_cpu_busy_ms": -55411.0,
        "reactor_cpu_steal_time_ms": -2048.0,
        "reactor_cpu_used_time_ms": -67912.0,
        "reactor_polls": -9428366.0,
        "reactor_sleep_time_ms_total": -299004.0,
        "reactor_utilization": -6.282000002411081e-05
    },
    "4": {
        "memory_allocated_memory": -371544064.0,
        "memory_cross_cpu_free_operations": -986227.0,
        "memory_free_memory": 371544064.0,
        "memory_free_operations": -126816959.0,
        "memory_malloc_failed": 0.0,
        "memory_malloc_live_objects": -300420.0,
        "memory_malloc_operations": -127117379.0,
        "memory_reclaims_operations": 0.0,
        "memory_total_memory": 0.0,
        "reactor_cpu_busy_ms": -55231.0,
        "reactor_cpu_steal_time_ms": -2094.0,
        "reactor_cpu_used_time_ms": -68608.0,
        "reactor_polls": -10321755.0,
        "reactor_sleep_time_ms_total": -298248.0,
        "reactor_utilization": 0.0017021200001354764
    },
    "5": {
        "memory_allocated_memory": -407134208.0,
        "memory_cross_cpu_free_operations": -1100606.0,
        "memory_free_memory": 407134208.0,
        "memory_free_operations": -139984736.0,
        "memory_malloc_failed": 0.0,
        "memory_malloc_live_objects": -324289.0,
        "memory_malloc_operations": -140309025.0,
        "memory_reclaims_operations": 0.0,
        "memory_total_memory": 0.0,
        "reactor_cpu_busy_ms": -61222.0,
        "reactor_cpu_steal_time_ms": -2303.0,
        "reactor_cpu_used_time_ms": -69583.0,
        "reactor_polls": -6250046.0,
        "reactor_sleep_time_ms_total": -297067.0,
        "reactor_utilization": -0.0026310200000212447
    },
    "6": {
        "memory_allocated_memory": -351379456.0,
        "memory_cross_cpu_free_operations": -981874.0,
        "memory_free_memory": 351379456.0,
        "memory_free_operations": -126889366.0,
        "memory_malloc_failed": 0.0,
        "memory_malloc_live_objects": -289938.0,
        "memory_malloc_operations": -127179304.0,
        "memory_reclaims_operations": 0.0,
        "memory_total_memory": 0.0,
        "reactor_cpu_busy_ms": -54503.0,
        "reactor_cpu_steal_time_ms": -1915.0,
        "reactor_cpu_used_time_ms": -67889.0,
        "reactor_polls": -8982823.0,
        "reactor_sleep_time_ms_total": -299139.0,
        "reactor_utilization": -0.0021557400002425453
    },
    "7": {
        "memory_allocated_memory": -368279552.0,
        "memory_cross_cpu_free_operations": -1003020.0,
        "memory_free_memory": 368279552.0,
        "memory_free_operations": -125176947.0,
        "memory_malloc_failed": 0.0,
        "memory_malloc_live_objects": -299458.0,
        "memory_malloc_operations": -125476405.0,
        "memory_reclaims_operations": 0.0,
        "memory_total_memory": 0.0,
        "reactor_cpu_busy_ms": -54119.0,
        "reactor_cpu_steal_time_ms": -1907.0,
        "reactor_cpu_used_time_ms": -67696.0,
        "reactor_polls": -9575641.0,
        "reactor_sleep_time_ms_total": -299343.0,
        "reactor_utilization": 0.0012926400000834448
    },
    "8": {
        "memory_allocated_memory": -394104832.0,
        "memory_cross_cpu_free_operations": -1074858.0,
        "memory_free_memory": 394104832.0,
        "memory_free_operations": -136813797.0,
        "memory_malloc_failed": 0.0,
        "memory_malloc_live_objects": -320504.0,
        "memory_malloc_operations": -137134301.0,
        "memory_reclaims_operations": 0.0,
        "memory_total_memory": 0.0,
        "reactor_cpu_busy_ms": -58946.0,
        "reactor_cpu_steal_time_ms": -2175.0,
        "reactor_cpu_used_time_ms": -68699.0,
        "reactor_polls": -7270811.0,
        "reactor_sleep_time_ms_total": -298062.0,
        "reactor_utilization": -0.0009992799999469781
    },
    "9": {
        "memory_allocated_memory": -381702144.0,
        "memory_cross_cpu_free_operations": -1048464.0,
        "memory_free_memory": 381702144.0,
        "memory_free_operations": -130180838.0,
        "memory_malloc_failed": 0.0,
        "memory_malloc_live_objects": -305513.0,
        "memory_malloc_operations": -130486351.0,
        "memory_reclaims_operations": 0.0,
        "memory_total_memory": 0.0,
        "reactor_cpu_busy_ms": -54883.0,
        "reactor_cpu_steal_time_ms": -1845.0,
        "reactor_cpu_used_time_ms": -68553.0,
        "reactor_polls": -10324207.0,
        "reactor_sleep_time_ms_total": -298558.0,
        "reactor_utilization": 0.00012334000019098568
    },
    "10": {
        "memory_allocated_memory": -371044352.0,
        "memory_cross_cpu_free_operations": -1027615.0,
        "memory_free_memory": 371044352.0,
        "memory_free_operations": -128505245.0,
        "memory_malloc_failed": 0.0,
        "memory_malloc_live_objects": -302031.0,
        "memory_malloc_operations": -128807276.0,
        "memory_reclaims_operations": 0.0,
        "memory_total_memory": 0.0,
        "reactor_cpu_busy_ms": -55204.0,
        "reactor_cpu_steal_time_ms": -1971.0,
        "reactor_cpu_used_time_ms": -66627.0,
        "reactor_polls": -8570868.0,
        "reactor_sleep_time_ms_total": -300352.0,
        "reactor_utilization": 0.00020669999997169342
    },
    "11": {
        "memory_allocated_memory": -343617536.0,
        "memory_cross_cpu_free_operations": -991503.0,
        "memory_free_memory": 343617536.0,
        "memory_free_operations": -121215406.0,
        "memory_malloc_failed": 0.0,
        "memory_malloc_live_objects": -291984.0,
        "memory_malloc_operations": -121507390.0,
        "memory_reclaims_operations": 0.0,
        "memory_total_memory": 0.0,
        "reactor_cpu_busy_ms": -51660.0,
        "reactor_cpu_steal_time_ms": -1803.0,
        "reactor_cpu_used_time_ms": -65574.0,
        "reactor_polls": -9753789.0,
        "reactor_sleep_time_ms_total": -301583.0,
        "reactor_utilization": -0.00516395999992092
    },
    "12": {
        "memory_allocated_memory": -384937984.0,
        "memory_cross_cpu_free_operations": -1076481.0,
        "memory_free_memory": 384937984.0,
        "memory_free_operations": -132170366.0,
        "memory_malloc_failed": 0.0,
        "memory_malloc_live_objects": -312837.0,
        "memory_malloc_operations": -132483203.0,
        "memory_reclaims_operations": 0.0,
        "memory_total_memory": 0.0,
        "reactor_cpu_busy_ms": -55622.0,
        "reactor_cpu_steal_time_ms": -1848.0,
        "reactor_cpu_used_time_ms": -65103.0,
        "reactor_polls": -6787737.0,
        "reactor_sleep_time_ms_total": -301996.0,
        "reactor_utilization": -0.00016071999983102714
    },
    "13": {
        "memory_allocated_memory": -415997952.0,
        "memory_cross_cpu_free_operations": -1158779.0,
        "memory_free_memory": 415997952.0,
        "memory_free_operations": -141749045.0,
        "memory_malloc_failed": 0.0,
        "memory_malloc_live_objects": -330170.0,
        "memory_malloc_operations": -142079215.0,
        "memory_reclaims_operations": 0.0,
        "memory_total_memory": 0.0,
        "reactor_cpu_busy_ms": -60936.0,
        "reactor_cpu_steal_time_ms": -2070.0,
        "reactor_cpu_used_time_ms": -68989.0,
        "reactor_polls": -5512190.0,
        "reactor_sleep_time_ms_total": -297894.0,
        "reactor_utilization": -0.001433420000007679
    },
    "14": {
        "memory_allocated_memory": -372760576.0,
        "memory_cross_cpu_free_operations": -1030874.0,
        "memory_free_memory": 372760576.0,
        "memory_free_operations": -129179824.0,
        "memory_malloc_failed": 0.0,
        "memory_malloc_live_objects": -304207.0,
        "memory_malloc_operations": -129484031.0,
        "memory_reclaims_operations": 0.0,
        "memory_total_memory": 0.0,
        "reactor_cpu_busy_ms": -54699.0,
        "reactor_cpu_steal_time_ms": -1874.0,
        "reactor_cpu_used_time_ms": -66982.0,
        "reactor_polls": -8503839.0,
        "reactor_sleep_time_ms_total": -300085.0,
        "reactor_utilization": -0.00137683999991145
    },
    "15": {
        "memory_allocated_memory": -422592512.0,
        "memory_cross_cpu_free_operations": -1175140.0,
        "memory_free_memory": 422592512.0,
        "memory_free_operations": -142084720.0,
        "memory_malloc_failed": 0.0,
        "memory_malloc_live_objects": -331846.0,
        "memory_malloc_operations": -142416566.0,
        "memory_reclaims_operations": 0.0,
        "memory_total_memory": 0.0,
        "reactor_cpu_busy_ms": -60253.0,
        "reactor_cpu_steal_time_ms": -1982.0,
        "reactor_cpu_used_time_ms": -67766.0,
        "reactor_polls": -5199642.0,
        "reactor_sleep_time_ms_total": -299215.0,
        "reactor_utilization": 0.0005455999999015582
    },
    "16": {
        "memory_allocated_memory": -389636096.0,
        "memory_cross_cpu_free_operations": -1083210.0,
        "memory_free_memory": 389636096.0,
        "memory_free_operations": -133889388.0,
        "memory_malloc_failed": 0.0,
        "memory_malloc_live_objects": -316223.0,
        "memory_malloc_operations": -134205611.0,
        "memory_reclaims_operations": 0.0,
        "memory_total_memory": 0.0,
        "reactor_cpu_busy_ms": -57929.0,
        "reactor_cpu_steal_time_ms": -2057.0,
        "reactor_cpu_used_time_ms": -67885.0,
        "reactor_polls": -7271629.0,
        "reactor_sleep_time_ms_total": -299030.0,
        "reactor_utilization": -0.0017022599999583221
    },
    "17": {
        "memory_allocated_memory": -312348672.0,
        "memory_cross_cpu_free_operations": -884747.0,
        "memory_free_memory": 312348672.0,
        "memory_free_operations": -114069752.0,
        "memory_malloc_failed": 0.0,
        "memory_malloc_live_objects": -264497.0,
        "memory_malloc_operations": -114334249.0,
        "memory_reclaims_operations": 0.0,
        "memory_total_memory": 0.0,
        "reactor_cpu_busy_ms": -49496.0,
        "reactor_cpu_steal_time_ms": -1885.0,
        "reactor_cpu_used_time_ms": -68132.0,
        "reactor_polls": -14099825.0,
        "reactor_sleep_time_ms_total": -298928.0,
        "reactor_utilization": 7.452000017060811e-05
    },
    "18": {
        "memory_allocated_memory": -312827904.0,
        "memory_cross_cpu_free_operations": -847383.0,
        "memory_free_memory": 312827904.0,
        "memory_free_operations": -109596971.0,
        "memory_malloc_failed": 0.0,
        "memory_malloc_live_objects": -261705.0,
        "memory_malloc_operations": -109858676.0,
        "memory_reclaims_operations": 0.0,
        "memory_total_memory": 0.0,
        "reactor_cpu_busy_ms": -48158.0,
        "reactor_cpu_steal_time_ms": -1901.0,
        "reactor_cpu_used_time_ms": -68333.0,
        "reactor_polls": -15341005.0,
        "reactor_sleep_time_ms_total": -298729.0,
        "reactor_utilization": -1.5800000086052535e-05
    },
    "19": {
        "memory_allocated_memory": -310665216.0,
        "memory_cross_cpu_free_operations": -840034.0,
        "memory_free_memory": 310665216.0,
        "memory_free_operations": -111479404.0,
        "memory_malloc_failed": 0.0,
        "memory_malloc_live_objects": -261052.0,
        "memory_malloc_operations": -111740456.0,
        "memory_reclaims_operations": 0.0,
        "memory_total_memory": 0.0,
        "reactor_cpu_busy_ms": -48826.0,
        "reactor_cpu_steal_time_ms": -1943.0,
        "reactor_cpu_used_time_ms": -69189.0,
        "reactor_polls": -15567595.0,
        "reactor_sleep_time_ms_total": -297832.0,
        "reactor_utilization": 0.0031501200000061402
    },
    "20": {
        "memory_allocated_memory": -279642112.0,
        "memory_cross_cpu_free_operations": -811793.0,
        "memory_free_memory": 279642112.0,
        "memory_free_operations": -108353868.0,
        "memory_malloc_failed": 0.0,
        "memory_malloc_live_objects": -253736.0,
        "memory_malloc_operations": -108607604.0,
        "memory_reclaims_operations": 0.0,
        "memory_total_memory": 0.0,
        "reactor_cpu_busy_ms": -49459.0,
        "reactor_cpu_steal_time_ms": -2161.0,
        "reactor_cpu_used_time_ms": -67664.0,
        "reactor_polls": -14054010.0,
        "reactor_sleep_time_ms_total": -299113.0,
        "reactor_utilization": 0.0008055600001610763
    },
    "21": {
        "memory_allocated_memory": -271220736.0,
        "memory_cross_cpu_free_operations": -825839.0,
        "memory_free_memory": 271220736.0,
        "memory_free_operations": -108000729.0,
        "memory_malloc_failed": 0.0,
        "memory_malloc_live_objects": -256347.0,
        "memory_malloc_operations": -108257076.0,
        "memory_reclaims_operations": 0.0,
        "memory_total_memory": 0.0,
        "reactor_cpu_busy_ms": -48209.0,
        "reactor_cpu_steal_time_ms": -1914.0,
        "reactor_cpu_used_time_ms": -67140.0,
        "reactor_polls": -13725505.0,
        "reactor_sleep_time_ms_total": -299894.0,
        "reactor_utilization": 0.002175239999757661
    },
    "22": {
        "memory_allocated_memory": -279789568.0,
        "memory_cross_cpu_free_operations": -822291.0,
        "memory_free_memory": 279789568.0,
        "memory_free_operations": -107714080.0,
        "memory_malloc_failed": 0.0,
        "memory_malloc_live_objects": -257831.0,
        "memory_malloc_operations": -107971911.0,
        "memory_reclaims_operations": 0.0,
        "memory_total_memory": 0.0,
        "reactor_cpu_busy_ms": -46245.0,
        "reactor_cpu_steal_time_ms": -1728.0,
        "reactor_cpu_used_time_ms": -63780.0,
        "reactor_polls": -12646156.0,
        "reactor_sleep_time_ms_total": -303457.0,
        "reactor_utilization": 0.0020642799998360495
    },
    "23": {
        "memory_allocated_memory": -275202048.0,
        "memory_cross_cpu_free_operations": -825774.0,
        "memory_free_memory": 275202048.0,
        "memory_free_operations": -107371138.0,
        "memory_malloc_failed": 0.0,
        "memory_malloc_live_objects": -258055.0,
        "memory_malloc_operations": -107629193.0,
        "memory_reclaims_operations": 0.0,
        "memory_total_memory": 0.0,
        "reactor_cpu_busy_ms": -46904.0,
        "reactor_cpu_steal_time_ms": -1815.0,
        "reactor_cpu_used_time_ms": -66858.0,
        "reactor_polls": -14699222.0,
        "reactor_sleep_time_ms_total": -300269.0,
        "reactor_utilization": 0.00036241999985531237
    },
    "24": {
        "memory_allocated_memory": -304603136.0,
        "memory_cross_cpu_free_operations": -840470.0,
        "memory_free_memory": 304603136.0,
        "memory_free_operations": -108668474.0,
        "memory_malloc_failed": 0.0,
        "memory_malloc_live_objects": -258614.0,
        "memory_malloc_operations": -108927088.0,
        "memory_reclaims_operations": 0.0,
        "memory_total_memory": 0.0,
        "reactor_cpu_busy_ms": -47397.0,
        "reactor_cpu_steal_time_ms": -1904.0,
        "reactor_cpu_used_time_ms": -68663.0,
        "reactor_polls": -15873678.0,
        "reactor_sleep_time_ms_total": -298382.0,
        "reactor_utilization": -0.0004063600000492329
    },
    "25": {
        "memory_allocated_memory": -313192448.0,
        "memory_cross_cpu_free_operations": -895813.0,
        "memory_free_memory": 313192448.0,
        "memory_free_operations": -114916423.0,
        "memory_malloc_failed": 0.0,
        "memory_malloc_live_objects": -266147.0,
        "memory_malloc_operations": -115182570.0,
        "memory_reclaims_operations": 0.0,
        "memory_total_memory": 0.0,
        "reactor_cpu_busy_ms": -50286.0,
        "reactor_cpu_steal_time_ms": -1974.0,
        "reactor_cpu_used_time_ms": -68447.0,
        "reactor_polls": -13484367.0,
        "reactor_sleep_time_ms_total": -298536.0,
        "reactor_utilization": 0.0002354600001197582
    },
    "26": {
        "memory_allocated_memory": -272244736.0,
        "memory_cross_cpu_free_operations": -801293.0,
        "memory_free_memory": 272244736.0,
        "memory_free_operations": -106503433.0,
        "memory_malloc_failed": 0.0,
        "memory_malloc_live_objects": -252257.0,
        "memory_malloc_operations": -106755690.0,
        "memory_reclaims_operations": 0.0,
        "memory_total_memory": 0.0,
        "reactor_cpu_busy_ms": -47296.0,
        "reactor_cpu_steal_time_ms": -1916.0,
        "reactor_cpu_used_time_ms": -67027.0,
        "reactor_polls": -14594895.0,
        "reactor_sleep_time_ms_total": -300012.0,
        "reactor_utilization": 0.002762079999929501
    },
    "27": {
        "memory_allocated_memory": -323252224.0,
        "memory_cross_cpu_free_operations": -880244.0,
        "memory_free_memory": 323252224.0,
        "memory_free_operations": -112884071.0,
        "memory_malloc_failed": 0.0,
        "memory_malloc_live_objects": -269358.0,
        "memory_malloc_operations": -113153429.0,
        "memory_reclaims_operations": 0.0,
        "memory_total_memory": 0.0,
        "reactor_cpu_busy_ms": -50427.0,
        "reactor_cpu_steal_time_ms": -1978.0,
        "reactor_cpu_used_time_ms": -68561.0,
        "reactor_polls": -12988791.0,
        "reactor_sleep_time_ms_total": -298412.0,
        "reactor_utilization": -0.0015129599999497145
    }
}