[
  {
    "metrics": [
      {
        "reactor_utilization": {
          "shard": "0",
          "value": 2.4720389000000065
        }
      },
      {
        "reactor_utilization": {
          "shard": "1",
          "value": 2.6886095799999898
        }
      },
      {
        "reactor_utilization": {
          "shard": "2",
          "value": 6.967518000000017
        }
      },
      {
        "reactor_utilization": {
          "shard": "3",
          "value": 12.217443059999988
        }
      },
      {
        "reactor_utilization": {
          "shard": "4",
          "value": 2.725235820000016
        }
      },
      {
        "reactor_utilization": {
          "shard": "5",
          "value": 4.6476841800000113
        }
      },
      {
        "reactor_utilization": {
          "shard": "6",
          "value": 2.7329876799999653
        }
      },
      {
        "reactor_utilization": {
          "shard": "7",
          "value": 8.6463439999999956
        }
      },
      {
        "reactor_utilization": {
          "shard": "8",
          "value": 2.7516861599999887
        }
      },
      {
        "reactor_utilization": {
          "shard": "9",
          "value": 2.6868347200000198
        }
      },
      {
        "reactor_utilization": {
          "shard": "10",
          "value": 7.153475620000016
        }
      },
      {
        "reactor_utilization": {
          "shard": "11",
          "value": 12.130089720000004
        }
      },
      {
        "reactor_utilization": {
          "shard": "12",
          "value": 6.1513915200000042
        }
      },
      {
        "reactor_utilization": {
          "shard": "13",
          "value": 2.7769596400000096
        }
      },
      {
        "reactor_utilization": {
          "shard": "14",
          "value": 4.4259586999999883
        }
      },
      {
        "reactor_utilization": {
          "shard": "15",
          "value": 11.362659360000027
        }
      },
      {
        "reactor_utilization": {
          "shard": "16",
          "value": 8.9094979000000407
        }
      },
      {
        "reactor_utilization": {
          "shard": "17",
          "value": 5.2762157399999454
        }
      },
      {
        "reactor_utilization": {
          "shard": "18",
          "value": 7.8888633199999614
        }
      },
      {
        "reactor_utilization": {
          "shard": "19",
          "value": 6.6475107800000099
        }
      },
      {
        "reactor_utilization": {
          "shard": "20",
          "value": 2.5648874799999888
        }
      },
      {
        "reactor_utilization": {
          "shard": "21",
          "value": 3.7425979800000064
        }
      },
      {
        "reactor_utilization": {
          "shard": "22",
          "value": 9.8212344000000016
        }
      },
      {
        "reactor_utilization": {
          "shard": "23",
          "value": 7.4653644199999754
        }
      },
      {
        "reactor_utilization": {
          "shard": "24",
          "value": 4.6311631800000423
        }
      },
      {
        "reactor_utilization": {
          "shard": "25",
          "value": 5.4844794800000152
        }
      },
      {
        "reactor_utilization": {
          "shard": "26",
          "value": 2.5630829599999849
        }
      },
      {
        "reactor_utilization": {
          "shard": "27",
          "value": 6.3360887199999993
        }
      }
    ]
  },
  {
    "metrics": [
      {
        "reactor_utilization": {
          "shard": "0",
          "value": 0.52306904000001264
        }
      },
      {
        "reactor_utilization": {
          "shard": "1",
          "value": 6.6127964399999906
        }
      },
      {
        "reactor_utilization": {
          "shard": "2",
          "value": 0.12686160000001667
        }
      },
      {
        "reactor_utilization": {
          "shard": "3",
          "value": 0.11230433999998013
        }
      },
      {
        "reactor_utilization": {
          "shard": "4",
          "value": 0.07918413999998819
        }
      },
      {
        "reactor_utilization": {
          "shard": "5",
          "value": 0.064718059999990807
        }
      },
      {
        "reactor_utilization": {
          "shard": "6",
          "value": 0.068659139999982521
        }
      },
      {
        "reactor_utilization": {
          "shard": "7",
          "value": 0.083989840000009419
        }
      },
      {
        "reactor_utilization": {
          "shard": "8",
          "value": 0.07756013999998812
        }
      },
      {
        "reactor_utilization": {
          "shard": "9",
          "value": 0.052776840000001712
        }
      },
      {
        "reactor_utilization": {
          "shard": "10",
          "value": 0.06226764000001328
        }
      },
      {
        "reactor_utilization": {
          "shard": "11",
          "value": 0.070766820000001118
        }
      },
      {
        "reactor_utilization": {
          "shard": "12",
          "value": 0.089331400000014494
        }
      },
      {
        "reactor_utilization": {
          "shard": "13",
          "value": 0.057576100000011898
        }
      },
      {
        "reactor_utilization": {
          "shard": "14",
          "value": 0.066599499999964173
        }
      },
      {
        "reactor_utilization": {
          "shard": "15",
          "value": 0.064967860000009203
        }
      },
      {
        "reactor_utilization": {
          "shard": "16",
          "value": 0.10279800000002615
        }
      },
      {
        "reactor_utilization": {
          "shard": "17",
          "value": 0.07843941999994275
        }
      },
      {
        "reactor_utilization": {
          "shard": "18",
          "value": 0.17980089999994897
        }
      },
      {
        "reactor_utilization": {
          "shard": "19",
          "value": 0.067849220000015809
        }
      },
      {
        "reactor_utilization": {
          "shard": "20",
          "value": 0.068193699999996582
        }
      },
      {
        "reactor_utilization": {
          "shard": "21",
          "value": 0.055162919999984794
        }
      },
      {
        "reactor_utilization": {
          "shard": "22",
          "value": 0.068863859999990229
        }
      },
      {
        "reactor_utilization": {
          "shard": "23",
          "value": 0.065087339999958527
        }
      },
      {
        "reactor_utilization": {
          "shard": "24",
          "value": 0.062071800000040867
        }
      },
      {
        "reactor_utilization": {
          "shard": "25",
          "value": 0.053571060000034976
        }
      },
      {
        "reactor_utilization": {
          "shard": "26",
          "value": 0.055398519999982909
        }
      },
      {
        "reactor_utilization": {
          "shard": "27",
          "value": 0.055711000000002731
        }
      }
    ]
  },
  {
    "metrics": [
      {
        "reactor_utilization": {
          "shard": "0",
          "value": 0.10589655999999614
        }
      },
      {
        "reactor_utilization": {
          "shard": "1",
          "value": 0.024340979999970536
        }
      },
      {
        "reactor_utilization": {
          "shard": "2",
          "value": 0.027957079999985091
        }
      },
      {
        "reactor_utilization": {
          "shard": "3",
          "value": 0.035013139999973131
        }
      },
      {
        "reactor_utilization": {
          "shard": "4",
          "value": 0.040854119999989003
        }
      },
      {
        "reactor_utilization": {
          "shard": "5",
          "value": 0.025163719999987677
        }
      },
      {
        "reactor_utilization": {
          "shard": "6",
          "value": 0.022967839999987749
        }
      },
      {
        "reactor_utilization": {
          "shard": "7",
          "value": 0.02467602000001401
        }
      },
      {
        "reactor_utilization": {
          "shard": "8",
          "value": 0.021687379999979495
        }
      },
      {
        "reactor_utilization": {
          "shard": "9",
          "value": 0.025035680000007332
        }
      },
      {
        "reactor_utilization": {
          "shard": "10",
          "value": 0.035996760000034378
        }
      },
      {
        "reactor_utilization": {
          "shard": "11",
          "value": 0.025619840000001837
        }
      },
      {
        "reactor_utilization": {
          "shard": "12",
          "value": 0.026543300000025916
        }
      },
      {
        "reactor_utilization": {
          "shard": "13",
          "value": 0.031237300000019896
        }
      },
      {
        "reactor_utilization": {
          "shard": "14",
          "value": 0.026607559999947128
        }
      },
      {
        "reactor_utilization": {
          "shard": "15",
          "value": 0.027162619999998583
        }
      },
      {
        "reactor_utilization": {
          "shard": "16",
          "value": 0.033726980000026163
        }
      },
      {
        "reactor_utilization": {
          "shard": "17",
          "value": 0.022303059999950747
        }
      },
      {
        "reactor_utilization": {
          "shard": "18",
          "value": 0.024880839999963378
        }
      },
      {
        "reactor_utilization": {
          "shard": "19",
          "value": 0.026489540000018685
        }
      },
      {
        "reactor_utilization": {
          "shard": "20",
          "value": 0.029400739999996262
        }
      },
      {
        "reactor_utilization": {
          "shard": "21",
          "value": 0.028392999999993229
        }
      },
      {
        "reactor_utilization": {
          "shard": "22",
          "value": 0.025739600000007634
        }
      },
      {
        "reactor_utilization": {
          "shard": "23",
          "value": 0.037414199999974418
        }
      },
      {
        "reactor_utilization": {
          "shard": "24",
          "value": 0.026533220000035662
        }
      },
      {
        "reactor_utilization": {
          "shard": "25",
          "value": 0.026954980000026829
        }
      },
      {
        "reactor_utilization": {
          "shard": "26",
          "value": 0.02525523999996615
        }
      },
      {
        "reactor_utilization": {
          "shard": "27",
          "value": 0.029973119999993081
        }
      }
    ]
  },
  {
    "metrics": [
      {
        "reactor_utilization": {
          "shard": "0",
          "value": 0.089534840000005111
        }
      },
      {
        "reactor_utilization": {
          "shard": "1",
          "value": 0.022456979999974092
        }
      },
      {
        "reactor_utilization": {
          "shard": "2",
          "value": 0.021954179999994494
        }
      },
      {
        "reactor_utilization": {
          "shard": "3",
          "value": 0.018539859999977537
        }
      },
      {
        "reactor_utilization": {
          "shard": "4",
          "value": 0.032078900000009902
        }
      },
      {
        "reactor_utilization": {
          "shard": "5",
          "value": 0.021463499999985203
        }
      },
      {
        "reactor_utilization": {
          "shard": "6",
          "value": 0.020486219999993338
        }
      },
      {
        "reactor_utilization": {
          "shard": "7",
          "value": 0.020752900000009511
        }
      },
      {
        "reactor_utilization": {
          "shard": "8",
          "value": 0.02002205999998008
        }
      },
      {
        "reactor_utilization": {
          "shard": "9",
          "value": 0.019937980000017674
        }
      },
      {
        "reactor_utilization": {
          "shard": "10",
          "value": 0.020864020000010974
        }
      },
      {
        "reactor_utilization": {
          "shard": "11",
          "value": 0.019857180000004693
        }
      },
      {
        "reactor_utilization": {
          "shard": "12",
          "value": 0.022637100000011401
        }
      },
      {
        "reactor_utilization": {
          "shard": "13",
          "value": 0.023065820000023329
        }
      },
      {
        "reactor_utilization": {
          "shard": "14",
          "value": 0.020199199999948458
        }
      },
      {
        "reactor_utilization": {
          "shard": "15",
          "value": 0.023194680000004908
        }
      },
      {
        "reactor_utilization": {
          "shard": "16",
          "value": 0.021309760000032263
        }
      },
      {
        "reactor_utilization": {
          "shard": "17",
          "value": 0.022334219999931015
        }
      },
      {
        "reactor_utilization": {
          "shard": "18",
          "value": 0.021589979999947495
        }
      },
      {
        "reactor_utilization": {
          "shard": "19",
          "value": 0.023130780000013562
        }
      },
      {
        "reactor_utilization": {
          "shard": "20",
          "value": 0.026323819999996001
        }
      },
      {
        "reactor_utilization": {
          "shard": "21",
          "value": 0.022311820000009419
        }
      },
      {
        "reactor_utilization": {
          "shard": "22",
          "value": 0.023205540000004188
        }
      },
      {
        "reactor_utilization": {
          "shard": "23",
          "value": 0.023534399999980415
        }
      },
      {
        "reactor_utilization": {
          "shard": "24",
          "value": 0.020971340000031091
        }
      },
      {
        "reactor_utilization": {
          "shard": "25",
          "value": 0.022187880000057447
        }
      },
      {
        "reactor_utilization": {
          "shard": "26",
          "value": 0.022432199999966596
        }
      },
      {
        "reactor_utilization": {
          "shard": "27",
          "value": 0.023213979999980872
        }
      }
    ]
  },
  {
    "metrics": [
      {
        "reactor_utilization": {
          "shard": "0",
          "value": 0.10213403999999038
        }
      },
      {
        "reactor_utilization": {
          "shard": "1",
          "value": 0.035856299999981189
        }
      },
      {
        "reactor_utilization": {
          "shard": "2",
          "value": 0.032685960000011782
        }
      },
      {
        "reactor_utilization": {
          "shard": "3",
          "value": 0.035908119999983334
        }
      },
      {
        "reactor_utilization": {
          "shard": "4",
          "value": 0.044797240000005178
        }
      },
      {
        "reactor_utilization": {
          "shard": "5",
          "value": 0.036612440000016733
        }
      },
      {
        "reactor_utilization": {
          "shard": "6",
          "value": 0.038771040000007417
        }
      },
      {
        "reactor_utilization": {
          "shard": "7",
          "value": 0.037085080000021087
        }
      },
      {
        "reactor_utilization": {
          "shard": "8",
          "value": 0.034053819999990687
        }
      },
      {
        "reactor_utilization": {
          "shard": "9",
          "value": 0.03466754000001071
        }
      },
      {
        "reactor_utilization": {
          "shard": "10",
          "value": 0.031263360000011176
        }
      },
      {
        "reactor_utilization": {
          "shard": "11",
          "value": 0.030041540000003142
        }
      },
      {
        "reactor_utilization": {
          "shard": "12",
          "value": 0.034579200000006693
        }
      },
      {
        "reactor_utilization": {
          "shard": "13",
          "value": 0.034894460000023386
        }
      },
      {
        "reactor_utilization": {
          "shard": "14",
          "value": 0.03447087999997045
        }
      },
      {
        "reactor_utilization": {
          "shard": "15",
          "value": 0.035978359999999654
        }
      },
      {
        "reactor_utilization": {
          "shard": "16",
          "value": 0.032743540000046423
        }
      },
      {
        "reactor_utilization": {
          "shard": "17",
          "value": 0.031701319999921651
        }
      },
      {
        "reactor_utilization": {
          "shard": "18",
          "value": 0.032126719999947539
        }
      },
      {
        "reactor_utilization": {
          "shard": "19",
          "value": 0.035526159999998974
        }
      },
      {
        "reactor_utilization": {
          "shard": "20",
          "value": 0.035773999999988426
        }
      },
      {
        "reactor_utilization": {
          "shard": "21",
          "value": 0.034929859999999202
        }
      },
      {
        "reactor_utilization": {
          "shard": "22",
          "value": 0.031140240000016028
        }
      },
      {
        "reactor_utilization": {
          "shard": "23",
          "value": 0.036680779999975766
        }
      },
      {
        "reactor_utilization": {
          "shard": "24",
          "value": 0.030549700000026547
        }
      },
      {
        "reactor_utilization": {
          "shard": "25",
          "value": 0.035829020000066603
        }
      },
      {
        "reactor_utilization": {
          "shard": "26",
          "value": 0.033866079999977927
        }
      },
      {
        "reactor_utilization": {
          "shard": "27",
          "value": 0.034636739999982513
        }
      }
    ]
  },
  {
    "metrics": [
      {
        "reactor_utilization": {
          "shard": "0",
          "value": 0.094903359999976011
        }
      },
      {
        "reactor_utilization": {
          "shard": "1",
          "value": 0.028795899999978225
        }
      },
      {
        "reactor_utilization": {
          "shard": "2",
          "value": 0.032519300000011242
        }
      },
      {
        "reactor_utilization": {
          "shard": "3",
          "value": 0.033568599999989068
        }
      },
      {
        "reactor_utilization": {
          "shard": "4",
          "value": 0.047442720000012706
        }
      },
      {
        "reactor_utilization": {
          "shard": "5",
          "value": 0.02980456000001297
        }
      },
      {
        "reactor_utilization": {
          "shard": "6",
          "value": 0.0336949800000097
        }
      },
      {
        "reactor_utilization": {
          "shard": "7",
          "value": 0.033169760000029136
        }
      },
      {
        "reactor_utilization": {
          "shard": "8",
          "value": 0.029420019999992775
        }
      },
      {
        "reactor_utilization": {
          "shard": "9",
          "value": 0.030836779999998676
        }
      },
      {
        "reactor_utilization": {
          "shard": "10",
          "value": 0.031417799999999829
        }
      },
      {
        "reactor_utilization": {
          "shard": "11",
          "value": 0.031798840000007988
        }
      },
      {
        "reactor_utilization": {
          "shard": "12",
          "value": 0.033884579999998721
        }
      },
      {
        "reactor_utilization": {
          "shard": "13",
          "value": 0.034303560000048527
        }
      },
      {
        "reactor_utilization": {
          "shard": "14",
          "value": 0.035160759999963709
        }
      },
      {
        "reactor_utilization": {
          "shard": "15",
          "value": 0.032295299999995919
        }
      },
      {
        "reactor_utilization": {
          "shard": "16",
          "value": 0.034001300000041645
        }
      },
      {
        "reactor_utilization": {
          "shard": "17",
          "value": 0.025526039999923533
        }
      },
      {
        "reactor_utilization": {
          "shard": "18",
          "value": 0.029348239999948955
        }
      },
      {
        "reactor_utilization": {
          "shard": "19",
          "value": 0.029043379999982299
        }
      },
      {
        "reactor_utilization": {
          "shard": "20",
          "value": 0.031704659999998164
        }
      },
      {
        "reactor_utilization": {
          "shard": "21",
          "value": 0.031160219999992744
        }
      },
      {
        "reactor_utilization": {
          "shard": "22",
          "value": 0.029758280000014015
        }
      },
      {
        "reactor_utilization": {
          "shard": "23",
          "value": 0.031075679999970074
        }
      },
      {
        "reactor_utilization": {
          "shard": "24",
          "value": 0.025497360000037439
        }
      },
      {
        "reactor_utilization": {
          "shard": "25",
          "value": 0.028082100000070831
        }
      },
      {
        "reactor_utilization": {
          "shard": "26",
          "value": 0.025261219999961337
        }
      },
      {
        "reactor_utilization": {
          "shard": "27",
          "value": 0.030808359999967561
        }
      }
    ]
  },
  {
    "metrics": [
      {
        "reactor_utilization": {
          "shard": "0",
          "value": 0.10553611999999379
        }
      },
      {
        "reactor_utilization": {
          "shard": "1",
          "value": 0.021048960000003003
        }
      },
      {
        "reactor_utilization": {
          "shard": "2",
          "value": 0.021695380000019693
        }
      },
      {
        "reactor_utilization": {
          "shard": "3",
          "value": 0.019530979999982101
        }
      },
      {
        "reactor_utilization": {
          "shard": "4",
          "value": 0.03598014000003591
        }
      },
      {
        "reactor_utilization": {
          "shard": "5",
          "value": 0.022070680000008114
        }
      },
      {
        "reactor_utilization": {
          "shard": "6",
          "value": 0.021811939999993868
        }
      },
      {
        "reactor_utilization": {
          "shard": "7",
          "value": 0.019671060000026053
        }
      },
      {
        "reactor_utilization": {
          "shard": "8",
          "value": 0.020663919999974745
        }
      },
      {
        "reactor_utilization": {
          "shard": "9",
          "value": 0.020137260000008261
        }
      },
      {
        "reactor_utilization": {
          "shard": "10",
          "value": 0.023429260000007446
        }
      },
      {
        "reactor_utilization": {
          "shard": "11",
          "value": 0.022337500000013666
        }
      },
      {
        "reactor_utilization": {
          "shard": "12",
          "value": 0.020859960000008115
        }
      },
      {
        "reactor_utilization": {
          "shard": "13",
          "value": 0.02318448000002693
        }
      },
      {
        "reactor_utilization": {
          "shard": "14",
          "value": 0.02238407999997083
        }
      },
      {
        "reactor_utilization": {
          "shard": "15",
          "value": 0.021209420000001256
        }
      },
      {
        "reactor_utilization": {
          "shard": "16",
          "value": 0.02243568000004359
        }
      },
      {
        "reactor_utilization": {
          "shard": "17",
          "value": 0.020701139999934615
        }
      },
      {
        "reactor_utilization": {
          "shard": "18",
          "value": 0.02166749999994444
        }
      },
      {
        "reactor_utilization": {
          "shard": "19",
          "value": 0.022573039999995714
        }
      },
      {
        "reactor_utilization": {
          "shard": "20",
          "value": 0.02322364000001409
        }
      },
      {
        "reactor_utilization": {
          "shard": "21",
          "value": 0.022963720000013232
        }
      },
      {
        "reactor_utilization": {
          "shard": "22",
          "value": 0.023819160000004835
        }
      },
      {
        "reactor_utilization": {
          "shard": "23",
          "value": 0.024634779999965772
        }
      },
      {
        "reactor_utilization": {
          "shard": "24",
          "value": 0.020103200000032295
        }
      },
      {
        "reactor_utilization": {
          "shard": "25",
          "value": 0.021845760000083203
        }
      },
      {
        "reactor_utilization": {
          "shard": "26",
          "value": 0.020992459999957802
        }
      },
      {
        "reactor_utilization": {
          "shard": "27",
          "value": 0.02352789999997551
        }
      }
    ]
  },
  {
    "metrics": [
      {
        "reactor_utilization": {
          "shard": "0",
          "value": 0.099983019999982936
        }
      },
      {
        "reactor_utilization": {
          "shard": "1",
          "value": 0.031039959999989986
        }
      },
      {
        "reactor_utilization": {
          "shard": "2",
          "value": 0.032137960000000465
        }
      },
      {
        "reactor_utilization": {
          "shard": "3",
          "value": 0.030665439999966182
        }
      },
      {
        "reactor_utilization": {
          "shard": "4",
          "value": 0.039338540000033451
        }
      },
      {
        "reactor_utilization": {
          "shard": "5",
          "value": 0.031308000000007663
        }
      },
      {
        "reactor_utilization": {
          "shard": "6",
          "value": 0.030213039999993363
        }
      },
      {
        "reactor_utilization": {
          "shard": "7",
          "value": 0.032382300000044495
        }
      },
      {
        "reactor_utilization": {
          "shard": "8",
          "value": 0.029879399999965806
        }
      },
      {
        "reactor_utilization": {
          "shard": "9",
          "value": 0.031155960000006644
        }
      },
      {
        "reactor_utilization": {
          "shard": "10",
          "value": 0.03310696000000668
        }
      },
      {
        "reactor_utilization": {
          "shard": "11",
          "value": 0.032347480000005646
        }
      },
      {
        "reactor_utilization": {
          "shard": "12",
          "value": 0.033061560000013923
        }
      },
      {
        "reactor_utilization": {
          "shard": "13",
          "value": 0.033805460000024823
        }
      },
      {
        "reactor_utilization": {
          "shard": "14",
          "value": 0.028727859999966299
        }
      },
      {
        "reactor_utilization": {
          "shard": "15",
          "value": 0.031198879999994045
        }
      },
      {
        "reactor_utilization": {
          "shard": "16",
          "value": 0.036918080000036824
        }
      },
      {
        "reactor_utilization": {
          "shard": "17",
          "value": 0.026736579999919741
        }
      },
      {
        "reactor_utilization": {
          "shard": "18",
          "value": 0.026168539999948948
        }
      },
      {
        "reactor_utilization": {
          "shard": "19",
          "value": 0.028273700000003288
        }
      },
      {
        "reactor_utilization": {
          "shard": "20",
          "value": 0.030537840000022243
        }
      },
      {
        "reactor_utilization": {
          "shard": "21",
          "value": 0.026339160000021788
        }
      },
      {
        "reactor_utilization": {
          "shard": "22",
          "value": 0.027180260000003731
        }
      },
      {
        "reactor_utilization": {
          "shard": "23",
          "value": 0.027027399999945967
        }
      },
      {
        "reactor_utilization": {
          "shard": "24",
          "value": 0.024966840000006929
        }
      },
      {
        "reactor_utilization": {
          "shard": "25",
          "value": 0.027387260000077962
        }
      },
      {
        "reactor_utilization": {
          "shard": "26",
          "value": 0.028850499999955037
        }
      },
      {
        "reactor_utilization": {
          "shard": "27",
          "value": 0.027815139999942673
        }
      }
    ]
  },
  {
    "metrics": [
      {
        "reactor_utilization": {
          "shard": "0",
          "value": 0.099806059999985042
        }
      },
      {
        "reactor_utilization": {
          "shard": "1",
          "value": 0.033227719999984195
        }
      },
      {
        "reactor_utilization": {
          "shard": "2",
          "value": 0.030030100000000282
        }
      },
      {
        "reactor_utilization": {
          "shard": "3",
          "value": 0.030453239999983506
        }
      },
      {
        "reactor_utilization": {
          "shard": "4",
          "value": 0.042207480000033826
        }
      },
      {
        "reactor_utilization": {
          "shard": "5",
          "value": 0.030938840000005463
        }
      },
      {
        "reactor_utilization": {
          "shard": "6",
          "value": 0.032062419999978609
        }
      },
      {
        "reactor_utilization": {
          "shard": "7",
          "value": 0.032180700000017382
        }
      },
      {
        "reactor_utilization": {
          "shard": "8",
          "value": 0.031123959999967976
        }
      },
      {
        "reactor_utilization": {
          "shard": "9",
          "value": 0.033807840000021905
        }
      },
      {
        "reactor_utilization": {
          "shard": "10",
          "value": 0.03326844000000051
        }
      },
      {
        "reactor_utilization": {
          "shard": "11",
          "value": 0.034833379999987812
        }
      },
      {
        "reactor_utilization": {
          "shard": "12",
          "value": 0.033498679999999226
        }
      },
      {
        "reactor_utilization": {
          "shard": "13",
          "value": 0.033337240000019808
        }
      },
      {
        "reactor_utilization": {
          "shard": "14",
          "value": 0.03048123999997987
        }
      },
      {
        "reactor_utilization": {
          "shard": "15",
          "value": 0.030976539999993946
        }
      },
      {
        "reactor_utilization": {
          "shard": "16",
          "value": 0.033222300000046445
        }
      },
      {
        "reactor_utilization": {
          "shard": "17",
          "value": 0.026716159999928824
        }
      },
      {
        "reactor_utilization": {
          "shard": "18",
          "value": 0.029396719999941201
        }
      },
      {
        "reactor_utilization": {
          "shard": "19",
          "value": 0.030410839999994721
        }
      },
      {
        "reactor_utilization": {
          "shard": "20",
          "value": 0.027866219999994613
        }
      },
      {
        "reactor_utilization": {
          "shard": "21",
          "value": 0.027096460000020084
        }
      },
      {
        "reactor_utilization": {
          "shard": "22",
          "value": 0.029408279999998399
        }
      },
      {
        "reactor_utilization": {
          "shard": "23",
          "value": 0.031270079999945466
        }
      },
      {
        "reactor_utilization": {
          "shard": "24",
          "value": 0.029138540000017699
        }
      },
      {
        "reactor_utilization": {
          "shard": "25",
          "value": 0.028348320000093352
        }
      },
      {
        "reactor_utilization": {
          "shard": "26",
          "value": 0.026974259999956729
        }
      },
      {
        "reactor_utilization": {
          "shard": "27",
          "value": 0.028404259999958992
        }
      }
    ]
  },
  {
    "metrics": [
      {
        "reactor_utilization": {
          "shard": "0",
          "value": 0.073956519999973658
        }
      },
      {
        "reactor_utilization": {
          "shard": "1",
          "value": 0.018553699999968032
        }
      },
      {
        "reactor_utilization": {
          "shard": "2",
          "value": 0.018999400000008215
        }
      },
      {
        "reactor_utilization": {
          "shard": "3",
          "value": 0.018678559999985023
        }
      },
      {
        "reactor_utilization": {
          "shard": "4",
          "value": 0.037461580000042183
        }
      },
      {
        "reactor_utilization": {
          "shard": "5",
          "value": 0.020154640000025204
        }
      },
      {
        "reactor_utilization": {
          "shard": "6",
          "value": 0.020800679999977145
        }
      },
      {
        "reactor_utilization": {
          "shard": "7",
          "value": 0.021086160000005627
        }
      },
      {
        "reactor_utilization": {
          "shard": "8",
          "value": 0.020182239999977369
        }
      },
      {
        "reactor_utilization": {
          "shard": "9",
          "value": 0.023621100000026374
        }
      },
      {
        "reactor_utilization": {
          "shard": "10",
          "value": 0.019748819999998446
        }
      },
      {
        "reactor_utilization": {
          "shard": "11",
          "value": 0.023286300000002758
        }
      },
      {
        "reactor_utilization": {
          "shard": "12",
          "value": 0.021808539999979004
        }
      },
      {
        "reactor_utilization": {
          "shard": "13",
          "value": 0.021310360000026396
        }
      },
      {
        "reactor_utilization": {
          "shard": "14",
          "value": 0.019264099999971585
        }
      },
      {
        "reactor_utilization": {
          "shard": "15",
          "value": 0.022858360000010958
        }
      },
      {
        "reactor_utilization": {
          "shard": "16",
          "value": 0.019437780000020055
        }
      },
      {
        "reactor_utilization": {
          "shard": "17",
          "value": 0.021088859999940368
        }
      },
      {
        "reactor_utilization": {
          "shard": "18",
          "value": 0.021002439999950884
        }
      },
      {
        "reactor_utilization": {
          "shard": "19",
          "value": 0.020826779999993938
        }
      },
      {
        "reactor_utilization": {
          "shard": "20",
          "value": 0.020772060000007198
        }
      },
      {
        "reactor_utilization": {
          "shard": "21",
          "value": 0.021720700000016357
        }
      },
      {
        "reactor_utilization": {
          "shard": "22",
          "value": 0.020528139999997919
        }
      },
      {
        "reactor_utilization": {
          "shard": "23",
          "value": 0.021232739999965666
        }
      },
      {
        "reactor_utilization": {
          "shard": "24",
          "value": 0.019877980000004847
        }
      },
      {
        "reactor_utilization": {
          "shard": "25",
          "value": 0.021124240000081063
        }
      },
      {
        "reactor_utilization": {
          "shard": "26",
          "value": 0.02142189999996269
        }
      },
      {
        "reactor_utilization": {
          "shard": "27",
          "value": 0.021739659999953087
        }
      }
    ]
  },
  {
    "metrics": [
      {
        "reactor_utilization": {
          "shard": "0",
          "value": 0.098062399999976346
        }
      },
      {
        "reactor_utilization": {
          "shard": "1",
          "value": 0.02320107999995713
        }
      },
      {
        "reactor_utilization": {
          "shard": "2",
          "value": 0.024403140000028856
        }
      },
      {
        "reactor_utilization": {
          "shard": "3",
          "value": 0.023561540000005543
        }
      },
      {
        "reactor_utilization": {
          "shard": "4",
          "value": 0.02411924000006449
        }
      },
      {
        "reactor_utilization": {
          "shard": "5",
          "value": 0.026303340000022324
        }
      },
      {
        "reactor_utilization": {
          "shard": "6",
          "value": 0.027159019999989376
        }
      },
      {
        "reactor_utilization": {
          "shard": "7",
          "value": 0.019534600000015168
        }
      },
      {
        "reactor_utilization": {
          "shard": "8",
          "value": 0.025455060000001417
        }
      },
      {
        "reactor_utilization": {
          "shard": "9",
          "value": 0.024898240000026384
        }
      },
      {
        "reactor_utilization": {
          "shard": "10",
          "value": 0.022166539999968204
        }
      },
      {
        "reactor_utilization": {
          "shard": "11",
          "value": 0.025881640000002815
        }
      },
      {
        "reactor_utilization": {
          "shard": "12",
          "value": 0.026351999999985054
        }
      },
      {
        "reactor_utilization": {
          "shard": "13",
          "value": 0.02372034000003298
        }
      },
      {
        "reactor_utilization": {
          "shard": "14",
          "value": 0.025312179999981144
        }
      },
      {
        "reactor_utilization": {
          "shard": "15",
          "value": 0.023162919999986098
        }
      },
      {
        "reactor_utilization": {
          "shard": "16",
          "value": 0.025665600000013278
        }
      },
      {
        "reactor_utilization": {
          "shard": "17",
          "value": 0.021572099999933592
        }
      },
      {
        "reactor_utilization": {
          "shard": "18",
          "value": 0.019939659999945736
        }
      },
      {
        "reactor_utilization": {
          "shard": "19",
          "value": 0.021011500000012173
        }
      },
      {
        "reactor_utilization": {
          "shard": "20",
          "value": 0.02358852000000633
        }
      },
      {
        "reactor_utilization": {
          "shard": "21",
          "value": 0.023871300000000151
        }
      },
      {
        "reactor_utilization": {
          "shard": "22",
          "value": 0.018882120000007774
        }
      },
      {
        "reactor_utilization": {
          "shard": "23",
          "value": 0.022130119999963505
        }
      },
      {
        "reactor_utilization": {
          "shard": "24",
          "value": 0.019669560000012964
        }
      },
      {
        "reactor_utilization": {
          "shard": "25",
          "value": 0.022542460000096742
        }
      },
      {
        "reactor_utilization": {
          "shard": "26",
          "value": 0.021703919999960242
        }
      },
      {
        "reactor_utilization": {
          "shard": "27",
          "value": 0.021193259999963132
        }
      }
    ]
  },
  {
    "metrics": [
      {
        "reactor_utilization": {
          "shard": "0",
          "value": 0.10862977999998025
        }
      },
      {
        "reactor_utilization": {
          "shard": "1",
          "value": 0.033059039999983053
        }
      },
      {
        "reactor_utilization": {
          "shard": "2",
          "value": 0.033583900000022648
        }
      },
      {
        "reactor_utilization": {
          "shard": "3",
          "value": 0.033246279999998851
        }
      },
      {
        "reactor_utilization": {
          "shard": "4",
          "value": 0.04179134000006357
        }
      },
      {
        "reactor_utilization": {
          "shard": "5",
          "value": 0.027764300000010511
        }
      },
      {
        "reactor_utilization": {
          "shard": "6",
          "value": 0.027142979999983385
        }
      },
      {
        "reactor_utilization": {
          "shard": "7",
          "value": 0.029030440000021862
        }
      },
      {
        "reactor_utilization": {
          "shard": "8",
          "value": 0.030235639999975916
        }
      },
      {
        "reactor_utilization": {
          "shard": "9",
          "value": 0.032616340000024557
        }
      },
      {
        "reactor_utilization": {
          "shard": "10",
          "value": 0.029155819999981958
        }
      },
      {
        "reactor_utilization": {
          "shard": "11",
          "value": 0.032610379999997718
        }
      },
      {
        "reactor_utilization": {
          "shard": "12",
          "value": 0.030176559999972596
        }
      },
      {
        "reactor_utilization": {
          "shard": "13",
          "value": 0.02971066000001521
        }
      },
      {
        "reactor_utilization": {
          "shard": "14",
          "value": 0.027367639999975601
        }
      },
      {
        "reactor_utilization": {
          "shard": "15",
          "value": 0.029840119999990922
        }
      },
      {
        "reactor_utilization": {
          "shard": "16",
          "value": 0.030458320000015249
        }
      },
      {
        "reactor_utilization": {
          "shard": "17",
          "value": 0.026093579999930672
        }
      },
      {
        "reactor_utilization": {
          "shard": "18",
          "value": 0.027097279999943602
        }
      },
      {
        "reactor_utilization": {
          "shard": "19",
          "value": 0.025320979999998716
        }
      },
      {
        "reactor_utilization": {
          "shard": "20",
          "value": 0.025859640000003292
        }
      },
      {
        "reactor_utilization": {
          "shard": "21",
          "value": 0.028557960000008542
        }
      },
      {
        "reactor_utilization": {
          "shard": "22",
          "value": 0.028245059999998379
        }
      },
      {
        "reactor_utilization": {
          "shard": "23",
          "value": 0.029002419999946127
        }
      },
      {
        "reactor_utilization": {
          "shard": "24",
          "value": 0.026553440000010031
        }
      },
      {
        "reactor_utilization": {
          "shard": "25",
          "value": 0.025692440000091299
        }
      },
      {
        "reactor_utilization": {
          "shard": "26",
          "value": 0.029576859999957961
        }
      },
      {
        "reactor_utilization": {
          "shard": "27",
          "value": 0.028830479999975012
        }
      }
    ]
  },
  {
    "metrics": [
      {
        "reactor_utilization": {
          "shard": "0",
          "value": 0.10916307999997432
        }
      },
      {
        "reactor_utilization": {
          "shard": "1",
          "value": 0.023867099999985708
        }
      },
      {
        "reactor_utilization": {
          "shard": "2",
          "value": 0.020868220000025417
        }
      },
      {
        "reactor_utilization": {
          "shard": "3",
          "value": 0.021463859999992785
        }
      },
      {
        "reactor_utilization": {
          "shard": "4",
          "value": 0.034320800000053886
        }
      },
      {
        "reactor_utilization": {
          "shard": "5",
          "value": 0.021390100000018286
        }
      },
      {
        "reactor_utilization": {
          "shard": "6",
          "value": 0.020825899999965536
        }
      },
      {
        "reactor_utilization": {
          "shard": "7",
          "value": 0.019428679999999865
        }
      },
      {
        "reactor_utilization": {
          "shard": "8",
          "value": 0.020244959999971002
        }
      },
      {
        "reactor_utilization": {
          "shard": "9",
          "value": 0.020863100000034773
        }
      },
      {
        "reactor_utilization": {
          "shard": "10",
          "value": 0.021481779999987793
        }
      },
      {
        "reactor_utilization": {
          "shard": "11",
          "value": 0.021494800000010361
        }
      },
      {
        "reactor_utilization": {
          "shard": "12",
          "value": 0.021624299999967178
        }
      },
      {
        "reactor_utilization": {
          "shard": "13",
          "value": 0.021610040000008546
        }
      },
      {
        "reactor_utilization": {
          "shard": "14",
          "value": 0.02189717999994123
        }
      },
      {
        "reactor_utilization": {
          "shard": "15",
          "value": 0.022781539999994216
        }
      },
      {
        "reactor_utilization": {
          "shard": "16",
          "value": 0.021084560000028674
        }
      },
      {
        "reactor_utilization": {
          "shard": "17",
          "value": 0.021564179999944422
        }
      },
      {
        "reactor_utilization": {
          "shard": "18",
          "value": 0.022938099999958439
        }
      },
      {
        "reactor_utilization": {
          "shard": "19",
          "value": 0.023729760000013034
        }
      },
      {
        "reactor_utilization": {
          "shard": "20",
          "value": 0.02434128000000646
        }
      },
      {
        "reactor_utilization": {
          "shard": "21",
          "value": 0.020888780000016816
        }
      },
      {
        "reactor_utilization": {
          "shard": "22",
          "value": 0.022049359999998241
        }
      },
      {
        "reactor_utilization": {
          "shard": "23",
          "value": 0.02351611999995562
        }
      },
      {
        "reactor_utilization": {
          "shard": "24",
          "value": 0.02149529999999622
        }
      },
      {
        "reactor_utilization": {
          "shard": "25",
          "value": 0.022207340000091058
        }
      },
      {
        "reactor_utilization": {
          "shard": "26",
          "value": 0.022951819999961209
        }
      },
      {
        "reactor_utilization": {
          "shard": "27",
          "value": 0.021115159999984812
        }
      }
    ]
  },
  {
    "metrics": [
      {
        "reactor_utilization": {
          "shard": "0",
          "value": 0.087040739999955097
        }
      },
      {
        "reactor_utilization": {
          "shard": "1",
          "value": 0.02511707999998114
        }
      },
      {
        "reactor_utilization": {
          "shard": "2",
          "value": 0.026794580000033541
        }
      },
      {
        "reactor_utilization": {
          "shard": "3",
          "value": 0.028650059999990596
        }
      },
      {
        "reactor_utilization": {
          "shard": "4",
          "value": 0.037178980000063255
        }
      },
      {
        "reactor_utilization": {
          "shard": "5",
          "value": 0.029635939999994587
        }
      },
      {
        "reactor_utilization": {
          "shard": "6",
          "value": 0.026770479999993491
        }
      },
      {
        "reactor_utilization": {
          "shard": "7",
          "value": 0.025439439999996871
        }
      },
      {
        "reactor_utilization": {
          "shard": "8",
          "value": 0.028704639999976855
        }
      },
      {
        "reactor_utilization": {
          "shard": "9",
          "value": 0.028092180000049982
        }
      },
      {
        "reactor_utilization": {
          "shard": "10",
          "value": 0.031127019999976913
        }
      },
      {
        "reactor_utilization": {
          "shard": "11",
          "value": 0.030316780000028132
        }
      },
      {
        "reactor_utilization": {
          "shard": "12",
          "value": 0.02944695999997915
        }
      },
      {
        "reactor_utilization": {
          "shard": "13",
          "value": 0.029139240000031208
        }
      },
      {
        "reactor_utilization": {
          "shard": "14",
          "value": 0.026773719999950707
        }
      },
      {
        "reactor_utilization": {
          "shard": "15",
          "value": 0.028150280000005523
        }
      },
      {
        "reactor_utilization": {
          "shard": "16",
          "value": 0.03096540000002701
        }
      },
      {
        "reactor_utilization": {
          "shard": "17",
          "value": 0.025208319999936446
        }
      },
      {
        "reactor_utilization": {
          "shard": "18",
          "value": 0.025259219999951288
        }
      },
      {
        "reactor_utilization": {
          "shard": "19",
          "value": 0.027822060000015636
        }
      },
      {
        "reactor_utilization": {
          "shard": "20",
          "value": 0.02628094000001191
        }
      },
      {
        "reactor_utilization": {
          "shard": "21",
          "value": 0.028708780000030742
        }
      },
      {
        "reactor_utilization": {
          "shard": "22",
          "value": 0.024886499999998701
        }
      },
      {
        "reactor_utilization": {
          "shard": "23",
          "value": 0.026754719999966259
        }
      },
      {
        "reactor_utilization": {
          "shard": "24",
          "value": 0.023832499999998369
        }
      },
      {
        "reactor_utilization": {
          "shard": "25",
          "value": 0.023202460000093517
        }
      },
      {
        "reactor_utilization": {
          "shard": "26",
          "value": 0.02631725999993062
        }
      },
      {
        "reactor_utilization": {
          "shard": "27",
          "value": 0.026112079999984772
        }
      }
    ]
  },
  {
    "metrics": [
      {
        "reactor_utilization": {
          "shard": "0",
          "value": 0.088038619999930567
        }
      },
      {
        "reactor_utilization": {
          "shard": "1",
          "value": 0.021414559999999305
        }
      },
      {
        "reactor_utilization": {
          "shard": "2",
          "value": 0.022504220000030273
        }
      },
      {
        "reactor_utilization": {
          "shard": "3",
          "value": 0.021624419999999311
        }
      },
      {
        "reactor_utilization": {
          "shard": "4",
          "value": 0.03130128000006227
        }
      },
      {
        "reactor_utilization": {
          "shard": "5",
          "value": 0.020963679999985718
        }
      },
      {
        "reactor_utilization": {
          "shard": "6",
          "value": 0.021678339999986473
        }
      },
      {
        "reactor_utilization": {
          "shard": "7",
          "value": 0.020454799999980455
        }
      },
      {
        "reactor_utilization": {
          "shard": "8",
          "value": 0.018931839999991595
        }
      },
      {
        "reactor_utilization": {
          "shard": "9",
          "value": 0.019104140000036907
        }
      },
      {
        "reactor_utilization": {
          "shard": "10",
          "value": 0.020188999999959378
        }
      },
      {
        "reactor_utilization": {
          "shard": "11",
          "value": 0.023225340000032624
        }
      },
      {
        "reactor_utilization": {
          "shard": "12",
          "value": 0.02150389999997504
        }
      },
      {
        "reactor_utilization": {
          "shard": "13",
          "value": 0.020868480000024725
        }
      },
      {
        "reactor_utilization": {
          "shard": "14",
          "value": 0.022042719999948446
        }
      },
      {
        "reactor_utilization": {
          "shard": "15",
          "value": 0.02220475999998861
        }
      },
      {
        "reactor_utilization": {
          "shard": "16",
          "value": 0.021740000000014525
        }
      },
      {
        "reactor_utilization": {
          "shard": "17",
          "value": 0.022936439999932112
        }
      },
      {
        "reactor_utilization": {
          "shard": "18",
          "value": 0.020148859999968849
        }
      },
      {
        "reactor_utilization": {
          "shard": "19",
          "value": 0.021796580000010835
        }
      },
      {
        "reactor_utilization": {
          "shard": "20",
          "value": 0.023845160000035559
        }
      },
      {
        "reactor_utilization": {
          "shard": "21",
          "value": 0.023731060000020676
        }
      },
      {
        "reactor_utilization": {
          "shard": "22",
          "value": 0.020109419999991829
        }
      },
      {
        "reactor_utilization": {
          "shard": "23",
          "value": 0.02329393999996876
        }
      },
      {
        "reactor_utilization": {
          "shard": "24",
          "value": 0.021532140000002364
        }
      },
      {
        "reactor_utilization": {
          "shard": "25",
          "value": 0.020945560000096286
        }
      },
      {
        "reactor_utilization": {
          "shard": "26",
          "value": 0.024891019999917496
        }
      },
      {
        "reactor_utilization": {
          "shard": "27",
          "value": 0.021801679999988721
        }
      }
    ]
  },
  {
    "metrics": [
      {
        "reactor_utilization": {
          "shard": "0",
          "value": 0.10581291999995912
        }
      },
      {
        "reactor_utilization": {
          "shard": "1",
          "value": 0.022246119999969061
        }
      },
      {
        "reactor_utilization": {
          "shard": "2",
          "value": 0.02412822000001924
        }
      },
      {
        "reactor_utilization": {
          "shard": "3",
          "value": 0.023896599999995161
        }
      },
      {
        "reactor_utilization": {
          "shard": "4",
          "value": 0.039779160000041891
        }
      },
      {
        "reactor_utilization": {
          "shard": "5",
          "value": 0.024410100000005208
        }
      },
      {
        "reactor_utilization": {
          "shard": "6",
          "value": 0.026426859999961749
        }
      },
      {
        "reactor_utilization": {
          "shard": "7",
          "value": 0.023779439999960239
        }
      },
      {
        "reactor_utilization": {
          "shard": "8",
          "value": 0.023255659999998901
        }
      },
      {
        "reactor_utilization": {
          "shard": "9",
          "value": 0.025812520000045858
        }
      },
      {
        "reactor_utilization": {
          "shard": "10",
          "value": 0.023120259999964698
        }
      },
      {
        "reactor_utilization": {
          "shard": "11",
          "value": 0.025036280000012567
        }
      },
      {
        "reactor_utilization": {
          "shard": "12",
          "value": 0.023462839999965901
        }
      },
      {
        "reactor_utilization": {
          "shard": "13",
          "value": 0.023035600000032019
        }
      },
      {
        "reactor_utilization": {
          "shard": "14",
          "value": 0.023021879999940431
        }
      },
      {
        "reactor_utilization": {
          "shard": "15",
          "value": 0.025405960000002281
        }
      },
      {
        "reactor_utilization": {
          "shard": "16",
          "value": 0.024896680000008331
        }
      },
      {
        "reactor_utilization": {
          "shard": "17",
          "value": 0.022741179999941075
        }
      },
      {
        "reactor_utilization": {
          "shard": "18",
          "value": 0.022913939999968935
        }
      },
      {
        "reactor_utilization": {
          "shard": "19",
          "value": 0.0250733000000114
        }
      },
      {
        "reactor_utilization": {
          "shard": "20",
          "value": 0.024470200000048514
        }
      },
      {
        "reactor_utilization": {
          "shard": "21",
          "value": 0.026158580000013032
        }
      },
      {
        "reactor_utilization": {
          "shard": "22",
          "value": 0.02395541999998807
        }
      },
      {
        "reactor_utilization": {
          "shard": "23",
          "value": 0.023459099999956212
        }
      },
      {
        "reactor_utilization": {
          "shard": "24",
          "value": 0.022290899999988234
        }
      },
      {
        "reactor_utilization": {
          "shard": "25",
          "value": 0.023271820000103638
        }
      },
      {
        "reactor_utilization": {
          "shard": "26",
          "value": 0.023559899999936462
        }
      },
      {
        "reactor_utilization": {
          "shard": "27",
          "value": 0.024008179999990276
        }
      }
    ]
  },
  {
    "metrics": [
      {
        "reactor_utilization": {
          "shard": "0",
          "value": 0.10263151999994058
        }
      },
      {
        "reactor_utilization": {
          "shard": "1",
          "value": 0.02351873999997256
        }
      },
      {
        "reactor_utilization": {
          "shard": "2",
          "value": 0.026801600000014858
        }
      },
      {
        "reactor_utilization": {
          "shard": "3",
          "value": 0.023427300000000706
        }
      },
      {
        "reactor_utilization": {
          "shard": "4",
          "value": 0.036826960000069242
        }
      },
      {
        "reactor_utilization": {
          "shard": "5",
          "value": 0.027888999999992059
        }
      },
      {
        "reactor_utilization": {
          "shard": "6",
          "value": 0.02233543999998755
        }
      },
      {
        "reactor_utilization": {
          "shard": "7",
          "value": 0.023177299999976864
        }
      },
      {
        "reactor_utilization": {
          "shard": "8",
          "value": 0.020826920000016624
        }
      },
      {
        "reactor_utilization": {
          "shard": "9",
          "value": 0.022160280000038668
        }
      },
      {
        "reactor_utilization": {
          "shard": "10",
          "value": 0.020953359999953403
        }
      },
      {
        "reactor_utilization": {
          "shard": "11",
          "value": 0.026512880000006955
        }
      },
      {
        "reactor_utilization": {
          "shard": "12",
          "value": 0.022827939999947588
        }
      },
      {
        "reactor_utilization": {
          "shard": "13",
          "value": 0.02378498000001894
        }
      },
      {
        "reactor_utilization": {
          "shard": "14",
          "value": 0.024797139999943596
        }
      },
      {
        "reactor_utilization": {
          "shard": "15",
          "value": 0.026139920000001204
        }
      },
      {
        "reactor_utilization": {
          "shard": "16",
          "value": 0.024344480000015878
        }
      },
      {
        "reactor_utilization": {
          "shard": "17",
          "value": 0.024607079999927617
        }
      },
      {
        "reactor_utilization": {
          "shard": "18",
          "value": 0.025576519999970238
        }
      },
      {
        "reactor_utilization": {
          "shard": "19",
          "value": 0.024728860000011732
        }
      },
      {
        "reactor_utilization": {
          "shard": "20",
          "value": 0.029031300000070814
        }
      },
      {
        "reactor_utilization": {
          "shard": "21",
          "value": 0.025284720000018357
        }
      },
      {
        "reactor_utilization": {
          "shard": "22",
          "value": 0.024579799999979723
        }
      },
      {
        "reactor_utilization": {
          "shard": "23",
          "value": 0.023061659999967787
        }
      },
      {
        "reactor_utilization": {
          "shard": "24",
          "value": 0.021928239999979837
        }
      },
      {
        "reactor_utilization": {
          "shard": "25",
          "value": 0.025628840000091468
        }
      },
      {
        "reactor_utilization": {
          "shard": "26",
          "value": 0.027840379999943821
        }
      },
      {
        "reactor_utilization": {
          "shard": "27",
          "value": 0.025273119999980054
        }
      }
    ]
  },
  {
    "metrics": [
      {
        "reactor_utilization": {
          "shard": "0",
          "value": 0.095141679999910522
        }
      },
      {
        "reactor_utilization": {
          "shard": "1",
          "value": 0.022882379999966673
        }
      },
      {
        "reactor_utilization": {
          "shard": "2",
          "value": 0.021494660000043186
        }
      },
      {
        "reactor_utilization": {
          "shard": "3",
          "value": 0.022445079999999784
        }
      },
      {
        "reactor_utilization": {
          "shard": "4",
          "value": 0.036566480000077561
        }
      },
      {
        "reactor_utilization": {
          "shard": "5",
          "value": 0.022198699999986804
        }
      },
      {
        "reactor_utilization": {
          "shard": "6",
          "value": 0.02060223999995614
        }
      },
      {
        "reactor_utilization": {
          "shard": "7",
          "value": 0.021245359999977342
        }
      },
      {
        "reactor_utilization": {
          "shard": "8",
          "value": 0.021279239999993926
        }
      },
      {
        "reactor_utilization": {
          "shard": "9",
          "value": 0.022731000000031365
        }
      },
      {
        "reactor_utilization": {
          "shard": "10",
          "value": 0.021151399999941312
        }
      },
      {
        "reactor_utilization": {
          "shard": "11",
          "value": 0.02471379999999801
        }
      },
      {
        "reactor_utilization": {
          "shard": "12",
          "value": 0.022208459999939478
        }
      },
      {
        "reactor_utilization": {
          "shard": "13",
          "value": 0.021407760000013987
        }
      },
      {
        "reactor_utilization": {
          "shard": "14",
          "value": 0.022708439999941099
        }
      },
      {
        "reactor_utilization": {
          "shard": "15",
          "value": 0.024985020000001246
        }
      },
      {
        "reactor_utilization": {
          "shard": "16",
          "value": 0.020796620000007593
        }
      },
      {
        "reactor_utilization": {
          "shard": "17",
          "value": 0.021036159999932025
        }
      },
      {
        "reactor_utilization": {
          "shard": "18",
          "value": 0.021344099999964783
        }
      },
      {
        "reactor_utilization": {
          "shard": "19",
          "value": 0.022616340000003454
        }
      },
      {
        "reactor_utilization": {
          "shard": "20",
          "value": 0.023121580000040609
        }
      },
      {
        "reactor_utilization": {
          "shard": "21",
          "value": 0.024016900000012331
        }
      },
      {
        "reactor_utilization": {
          "shard": "22",
          "value": 0.023987219999987985
        }
      },
      {
        "reactor_utilization": {
          "shard": "23",
          "value": 0.022244639999979832
        }
      },
      {
        "reactor_utilization": {
          "shard": "24",
          "value": 0.02168305999998843
        }
      },
      {
        "reactor_utilization": {
          "shard": "25",
          "value": 0.023553560000100227
        }
      },
      {
        "reactor_utilization": {
          "shard": "26",
          "value": 0.023325199999957302
        }
      },
      {
        "reactor_utilization": {
          "shard": "27",
          "value": 0.022394559999971975
        }
      }
    ]
  },
  {
    "metrics": [
      {
        "reactor_utilization": {
          "shard": "0",
          "value": 0.072041539999900817
        }
      },
      {
        "reactor_utilization": {
          "shard": "1",
          "value": 0.02223377999996945
        }
      },
      {
        "reactor_utilization": {
          "shard": "2",
          "value": 0.024091060000053233
        }
      },
      {
        "reactor_utilization": {
          "shard": "3",
          "value": 0.023600399999978983
        }
      },
      {
        "reactor_utilization": {
          "shard": "4",
          "value": 0.034361320000064755
        }
      },
      {
        "reactor_utilization": {
          "shard": "5",
          "value": 0.02336175999999579
        }
      },
      {
        "reactor_utilization": {
          "shard": "6",
          "value": 0.022437579999956547
        }
      },
      {
        "reactor_utilization": {
          "shard": "7",
          "value": 0.022278359999960973
        }
      },
      {
        "reactor_utilization": {
          "shard": "8",
          "value": 0.021408920000010045
        }
      },
      {
        "reactor_utilization": {
          "shard": "9",
          "value": 0.023291800000058149
        }
      },
      {
        "reactor_utilization": {
          "shard": "10",
          "value": 0.024145099999939301
        }
      },
      {
        "reactor_utilization": {
          "shard": "11",
          "value": 0.024589819999976115
        }
      },
      {
        "reactor_utilization": {
          "shard": "12",
          "value": 0.022504459999939108
        }
      },
      {
        "reactor_utilization": {
          "shard": "13",
          "value": 0.023090260000024898
        }
      },
      {
        "reactor_utilization": {
          "shard": "14",
          "value": 0.023663199999945927
        }
      },
      {
        "reactor_utilization": {
          "shard": "15",
          "value": 0.025221400000008387
        }
      },
      {
        "reactor_utilization": {
          "shard": "16",
          "value": 0.02442762000001153
        }
      },
      {
        "reactor_utilization": {
          "shard": "17",
          "value": 0.020861219999912528
        }
      },
      {
        "reactor_utilization": {
          "shard": "18",
          "value": 0.024636819999956927
        }
      },
      {
        "reactor_utilization": {
          "shard": "19",
          "value": 0.025897199999991294
        }
      },
      {
        "reactor_utilization": {
          "shard": "20",
          "value": 0.024809160000038855
        }
      },
      {
        "reactor_utilization": {
          "shard": "21",
          "value": 0.023527640000009509
        }
      },
      {
        "reactor_utilization": {
          "shard": "22",
          "value": 0.021630620000001599
        }
      },
      {
        "reactor_utilization": {
          "shard": "23",
          "value": 0.023596619999999291
        }
      },
      {
        "reactor_utilization": {
          "shard": "24",
          "value": 0.022630199999995604
        }
      },
      {
        "reactor_utilization": {
          "shard": "25",
          "value": 0.023113840000088537
        }
      },
      {
        "reactor_utilization": {
          "shard": "26",
          "value": 0.024983439999926027
        }
      },
      {
        "reactor_utilization": {
          "shard": "27",
          "value": 0.022282339999990519
        }
      }
    ]
  },
  {
    "metrics": [
      {
        "reactor_utilization": {
          "shard": "0",
          "value": 0.099390699999901688
        }
      },
      {
        "reactor_utilization": {
          "shard": "1",
          "value": 0.020435039999999738
        }
      },
      {
        "reactor_utilization": {
          "shard": "2",
          "value": 0.024898940000050995
        }
      },
      {
        "reactor_utilization": {
          "shard": "3",
          "value": 0.024954879999983248
        }
      },
      {
        "reactor_utilization": {
          "shard": "4",
          "value": 0.026959400000048372
        }
      },
      {
        "reactor_utilization": {
          "shard": "5",
          "value": 0.01656497999998896
        }
      },
      {
        "reactor_utilization": {
          "shard": "6",
          "value": 0.019461699999967497
        }
      },
      {
        "reactor_utilization": {
          "shard": "7",
          "value": 0.017269099999961401
        }
      },
      {
        "reactor_utilization": {
          "shard": "8",
          "value": 0.02185100000000606
        }
      },
      {
        "reactor_utilization": {
          "shard": "9",
          "value": 0.022721380000056968
        }
      },
      {
        "reactor_utilization": {
          "shard": "10",
          "value": 0.021277639999917053
        }
      },
      {
        "reactor_utilization": {
          "shard": "11",
          "value": 0.023832619999974991
        }
      },
      {
        "reactor_utilization": {
          "shard": "12",
          "value": 0.024277939999939324
        }
      },
      {
        "reactor_utilization": {
          "shard": "13",
          "value": 0.023644200000016991
        }
      },
      {
        "reactor_utilization": {
          "shard": "14",
          "value": 0.021870979999927265
        }
      },
      {
        "reactor_utilization": {
          "shard": "15",
          "value": 0.020007940000010827
        }
      },
      {
        "reactor_utilization": {
          "shard": "16",
          "value": 0.022582859999997762
        }
      },
      {
        "reactor_utilization": {
          "shard": "17",
          "value": 0.02242153999991725
        }
      },
      {
        "reactor_utilization": {
          "shard": "18",
          "value": 0.020483379999958196
        }
      },
      {
        "reactor_utilization": {
          "shard": "19",
          "value": 0.024491479999977361
        }
      },
      {
        "reactor_utilization": {
          "shard": "20",
          "value": 0.021133000000050917
        }
      },
      {
        "reactor_utilization": {
          "shard": "21",
          "value": 0.022011320000014933
        }
      },
      {
        "reactor_utilization": {
          "shard": "22",
          "value": 0.018507020000013696
        }
      },
      {
        "reactor_utilization": {
          "shard": "23",
          "value": 0.021412879999971324
        }
      },
      {
        "reactor_utilization": {
          "shard": "24",
          "value": 0.020115059999992191
        }
      },
      {
        "reactor_utilization": {
          "shard": "25",
          "value": 0.018745140000098193
        }
      },
      {
        "reactor_utilization": {
          "shard": "26",
          "value": 0.022343439999950032
        }
      },
      {
        "reactor_utilization": {
          "shard": "27",
          "value": 0.018797639999967863
        }
      }
    ]
  },
  {
    "metrics": [
      {
        "reactor_utilization": {
          "shard": "0",
          "value": 0.085744819999911126
        }
      },
      {
        "reactor_utilization": {
          "shard": "1",
          "value": 0.022133559999981678
        }
      },
      {
        "reactor_utilization": {
          "shard": "2",
          "value": 0.020939680000053862
        }
      },
      {
        "reactor_utilization": {
          "shard": "3",
          "value": 0.021442379999991878
        }
      },
      {
        "reactor_utilization": {
          "shard": "4",
          "value": 0.028023340000049579
        }
      },
      {
        "reactor_utilization": {
          "shard": "5",
          "value": 0.02151764000000167
        }
      },
      {
        "reactor_utilization": {
          "shard": "6",
          "value": 0.020615139999957677
        }
      },
      {
        "reactor_utilization": {
          "shard": "7",
          "value": 0.021089379999961189
        }
      },
      {
        "reactor_utilization": {
          "shard": "8",
          "value": 0.020752580000005239
        }
      },
      {
        "reactor_utilization": {
          "shard": "9",
          "value": 0.022028640000049116
        }
      },
      {
        "reactor_utilization": {
          "shard": "10",
          "value": 0.020447579999927079
        }
      },
      {
        "reactor_utilization": {
          "shard": "11",
          "value": 0.021363859999978807
        }
      },
      {
        "reactor_utilization": {
          "shard": "12",
          "value": 0.019849679999928149
        }
      },
      {
        "reactor_utilization": {
          "shard": "13",
          "value": 0.019438280000017016
        }
      },
      {
        "reactor_utilization": {
          "shard": "14",
          "value": 0.019793119999933495
        }
      },
      {
        "reactor_utilization": {
          "shard": "15",
          "value": 0.023389860000011531
        }
      },
      {
        "reactor_utilization": {
          "shard": "16",
          "value": 0.019183720000004456
        }
      },
      {
        "reactor_utilization": {
          "shard": "17",
          "value": 0.018967859999929892
        }
      },
      {
        "reactor_utilization": {
          "shard": "18",
          "value": 0.020219919999964198
        }
      },
      {
        "reactor_utilization": {
          "shard": "19",
          "value": 0.0211957799999829
        }
      },
      {
        "reactor_utilization": {
          "shard": "20",
          "value": 0.02344372000004924
        }
      },
      {
        "reactor_utilization": {
          "shard": "21",
          "value": 0.019213220000025011
        }
      },
      {
        "reactor_utilization": {
          "shard": "22",
          "value": 0.020367180000024909
        }
      },
      {
        "reactor_utilization": {
          "shard": "23",
          "value": 0.021548219999978357
        }
      },
      {
        "reactor_utilization": {
          "shard": "24",
          "value": 0.021646399999986077
        }
      },
      {
        "reactor_utilization": {
          "shard": "25",
          "value": 0.020326220000099759
        }
      },
      {
        "reactor_utilization": {
          "shard": "26",
          "value": 0.021900439999966714
        }
      },
      {
        "reactor_utilization": {
          "shard": "27",
          "value": 0.020265219999937578
        }
      }
    ]
  },
  {
    "metrics": [
      {
        "reactor_utilization": {
          "shard": "0",
          "value": 0.10218993999990822
        }
      },
      {
        "reactor_utilization": {
          "shard": "1",
          "value": 0.025676379999972632
        }
      },
      {
        "reactor_utilization": {
          "shard": "2",
          "value": 0.026665740000064719
        }
      },
      {
        "reactor_utilization": {
          "shard": "3",
          "value": 0.025249900000001713
        }
      },
      {
        "reactor_utilization": {
          "shard": "4",
          "value": 0.039578480000035388
        }
      },
      {
        "reactor_utilization": {
          "shard": "5",
          "value": 0.021616960000003793
        }
      },
      {
        "reactor_utilization": {
          "shard": "6",
          "value": 0.025346159999961593
        }
      },
      {
        "reactor_utilization": {
          "shard": "7",
          "value": 0.024402219999974939
        }
      },
      {
        "reactor_utilization": {
          "shard": "8",
          "value": 0.021072080000017479
        }
      },
      {
        "reactor_utilization": {
          "shard": "9",
          "value": 0.026168320000041767
        }
      },
      {
        "reactor_utilization": {
          "shard": "10",
          "value": 0.025443799999935734
        }
      },
      {
        "reactor_utilization": {
          "shard": "11",
          "value": 0.026342659999956108
        }
      },
      {
        "reactor_utilization": {
          "shard": "12",
          "value": 0.022438439999916682
        }
      },
      {
        "reactor_utilization": {
          "shard": "13",
          "value": 0.025411140000008992
        }
      },
      {
        "reactor_utilization": {
          "shard": "14",
          "value": 0.026090199999917463
        }
      },
      {
        "reactor_utilization": {
          "shard": "15",
          "value": 0.024640100000028475
        }
      },
      {
        "reactor_utilization": {
          "shard": "16",
          "value": 0.021871060000022702
        }
      },
      {
        "reactor_utilization": {
          "shard": "17",
          "value": 0.021098399999930351
        }
      },
      {
        "reactor_utilization": {
          "shard": "18",
          "value": 0.022099599999958475
        }
      },
      {
        "reactor_utilization": {
          "shard": "19",
          "value": 0.024482999999997368
        }
      },
      {
        "reactor_utilization": {
          "shard": "20",
          "value": 0.024723100000056952
        }
      },
      {
        "reactor_utilization": {
          "shard": "21",
          "value": 0.028104860000022214
        }
      },
      {
        "reactor_utilization": {
          "shard": "22",
          "value": 0.023094620000041477
        }
      },
      {
        "reactor_utilization": {
          "shard": "23",
          "value": 0.02398537999996897
        }
      },
      {
        "reactor_utilization": {
          "shard": "24",
          "value": 0.022389159999969266
        }
      },
      {
        "reactor_utilization": {
          "shard": "25",
          "value": 0.023119920000091998
        }
      },
      {
        "reactor_utilization": {
          "shard": "26",
          "value": 0.025465479999964291
        }
      },
      {
        "reactor_utilization": {
          "shard": "27",
          "value": 0.023461459999962742
        }
      }
    ]
  },
  {
    "metrics": [
      {
        "reactor_utilization": {
          "shard": "0",
          "value": 0.11614505999990588
        }
      },
      {
        "reactor_utilization": {
          "shard": "1",
          "value": 0.026863019999967541
        }
      },
      {
        "reactor_utilization": {
          "shard": "2",
          "value": 0.026955420000063235
        }
      },
      {
        "reactor_utilization": {
          "shard": "3",
          "value": 0.026689960000003676
        }
      },
      {
        "reactor_utilization": {
          "shard": "4",
          "value": 0.040906280000041484
        }
      },
      {
        "reactor_utilization": {
          "shard": "5",
          "value": 0.024817800000009882
        }
      },
      {
        "reactor_utilization": {
          "shard": "6",
          "value": 0.024013199999961543
        }
      },
      {
        "reactor_utilization": {
          "shard": "7",
          "value": 0.022779179999976584
        }
      },
      {
        "reactor_utilization": {
          "shard": "8",
          "value": 0.020572659999984477
        }
      },
      {
        "reactor_utilization": {
          "shard": "9",
          "value": 0.023406160000061238
        }
      },
      {
        "reactor_utilization": {
          "shard": "10",
          "value": 0.028734619999937205
        }
      },
      {
        "reactor_utilization": {
          "shard": "11",
          "value": 0.028277579999969049
        }
      },
      {
        "reactor_utilization": {
          "shard": "12",
          "value": 0.024113919999924072
        }
      },
      {
        "reactor_utilization": {
          "shard": "13",
          "value": 0.025955880000017029
        }
      },
      {
        "reactor_utilization": {
          "shard": "14",
          "value": 0.027330519999912983
        }
      },
      {
        "reactor_utilization": {
          "shard": "15",
          "value": 0.026977620000034896
        }
      },
      {
        "reactor_utilization": {
          "shard": "16",
          "value": 0.023311960000016452
        }
      },
      {
        "reactor_utilization": {
          "shard": "17",
          "value": 0.023475399999939306
        }
      },
      {
        "reactor_utilization": {
          "shard": "18",
          "value": 0.026563179999961051
        }
      },
      {
        "reactor_utilization": {
          "shard": "19",
          "value": 0.02502725999996569
        }
      },
      {
        "reactor_utilization": {
          "shard": "20",
          "value": 0.028383680000076961
        }
      },
      {
        "reactor_utilization": {
          "shard": "21",
          "value": 0.024406920000008547
        }
      },
      {
        "reactor_utilization": {
          "shard": "22",
          "value": 0.026882520000037768
        }
      },
      {
        "reactor_utilization": {
          "shard": "23",
          "value": 0.02372363999993965
        }
      },
      {
        "reactor_utilization": {
          "shard": "24",
          "value": 0.022044039999968845
        }
      },
      {
        "reactor_utilization": {
          "shard": "25",
          "value": 0.024058600000098629
        }
      },
      {
        "reactor_utilization": {
          "shard": "26",
          "value": 0.027351379999962511
        }
      },
      {
        "reactor_utilization": {
          "shard": "27",
          "value": 0.02457153999995132
        }
      }
    ]
  },
  {
    "metrics": [
      {
        "reactor_utilization": {
          "shard": "0",
          "value": 0.087505059999892776
        }
      },
      {
        "reactor_utilization": {
          "shard": "1",
          "value": 0.023327499999981072
        }
      },
      {
        "reactor_utilization": {
          "shard": "2",
          "value": 0.020108920000061481
        }
      },
      {
        "reactor_utilization": {
          "shard": "3",
          "value": 0.021921799999990998
        }
      },
      {
        "reactor_utilization": {
          "shard": "4",
          "value": 0.034851880000053015
        }
      },
      {
        "reactor_utilization": {
          "shard": "5",
          "value": 0.019891699999996515
        }
      },
      {
        "reactor_utilization": {
          "shard": "6",
          "value": 0.021867739999981151
        }
      },
      {
        "reactor_utilization": {
          "shard": "7",
          "value": 0.021641999999966188
        }
      },
      {
        "reactor_utilization": {
          "shard": "8",
          "value": 0.019204800000005573
        }
      },
      {
        "reactor_utilization": {
          "shard": "9",
          "value": 0.019693700000056324
        }
      },
      {
        "reactor_utilization": {
          "shard": "10",
          "value": 0.024530079999929288
        }
      },
      {
        "reactor_utilization": {
          "shard": "11",
          "value": 0.022435319999969394
        }
      },
      {
        "reactor_utilization": {
          "shard": "12",
          "value": 0.019199039999917566
        }
      },
      {
        "reactor_utilization": {
          "shard": "13",
          "value": 0.022278000000008902
        }
      },
      {
        "reactor_utilization": {
          "shard": "14",
          "value": 0.02051177999990994
        }
      },
      {
        "reactor_utilization": {
          "shard": "15",
          "value": 0.022288380000023977
        }
      },
      {
        "reactor_utilization": {
          "shard": "16",
          "value": 0.020721920000021932
        }
      },
      {
        "reactor_utilization": {
          "shard": "17",
          "value": 0.019190399999957641
        }
      },
      {
        "reactor_utilization": {
          "shard": "18",
          "value": 0.020979599999959575
        }
      },
      {
        "reactor_utilization": {
          "shard": "19",
          "value": 0.021681659999972513
        }
      },
      {
        "reactor_utilization": {
          "shard": "20",
          "value": 0.023145120000078734
        }
      },
      {
        "reactor_utilization": {
          "shard": "21",
          "value": 0.019001820000008607
        }
      },
      {
        "reactor_utilization": {
          "shard": "22",
          "value": 0.019391680000047096
        }
      },
      {
        "reactor_utilization": {
          "shard": "23",
          "value": 0.021506879999932949
        }
      },
      {
        "reactor_utilization": {
          "shard": "24",
          "value": 0.02077023999995653
        }
      },
      {
        "reactor_utilization": {
          "shard": "25",
          "value": 0.021104920000092342
        }
      },
      {
        "reactor_utilization": {
          "shard": "26",
          "value": 0.022218419999964212
        }
      },
      {
        "reactor_utilization": {
          "shard": "27",
          "value": 0.020412799999935949
        }
      }
    ]
  }
]
