[
  {
    "metrics": [
      {
        "reactor_utilization": {
          "shard": "0",
          "value": 0.68868735999999542
        }
      },
      {
        "reactor_utilization": {
          "shard": "1",
          "value": 0.70388105999996675
        }
      },
      {
        "reactor_utilization": {
          "shard": "2",
          "value": 0.55780574000001693
        }
      },
      {
        "reactor_utilization": {
          "shard": "3",
          "value": 0.54189633999999209
        }
      },
      {
        "reactor_utilization": {
          "shard": "4",
          "value": 0.56228033999998761
        }
      },
      {
        "reactor_utilization": {
          "shard": "5",
          "value": 0.54724794000002852
        }
      },
      {
        "reactor_utilization": {
          "shard": "6",
          "value": 0.56641360000002638
        }
      },
      {
        "reactor_utilization": {
          "shard": "7",
          "value": 0.54068955999995172
        }
      },
      {
        "reactor_utilization": {
          "shard": "8",
          "value": 0.52972245999999279
        }
      },
      {
        "reactor_utilization": {
          "shard": "9",
          "value": 0.55849141999999574
        }
      },
      {
        "reactor_utilization": {
          "shard": "10",
          "value": 0.59117368000005666
        }
      },
      {
        "reactor_utilization": {
          "shard": "11",
          "value": 0.59633168000000625
        }
      },
      {
        "reactor_utilization": {
          "shard": "12",
          "value": 0.58544109999998373
        }
      },
      {
        "reactor_utilization": {
          "shard": "13",
          "value": 0.54517601999997112
        }
      },
      {
        "reactor_utilization": {
          "shard": "14",
          "value": 0.55138388000000038
        }
      },
      {
        "reactor_utilization": {
          "shard": "15",
          "value": 0.56664680000004797
        }
      },
      {
        "reactor_utilization": {
          "shard": "16",
          "value": 0.6061064599999999
        }
      },
      {
        "reactor_utilization": {
          "shard": "17",
          "value": 0.48919097999998717
        }
      },
      {
        "reactor_utilization": {
          "shard": "18",
          "value": 0.5106038599999474
        }
      },
      {
        "reactor_utilization": {
          "shard": "19",
          "value": 0.49724571999999467
        }
      },
      {
        "reactor_utilization": {
          "shard": "20",
          "value": 0.49159555999995774
        }
      },
      {
        "reactor_utilization": {
          "shard": "21",
          "value": 0.48393397999995091
        }
      },
      {
        "reactor_utilization": {
          "shard": "22",
          "value": 0.5172916600000077
        }
      },
      {
        "reactor_utilization": {
          "shard": "23",
          "value": 0.50726670000000862
        }
      },
      {
        "reactor_utilization": {
          "shard": "24",
          "value": 0.52105470000003429
        }
      },
      {
        "reactor_utilization": {
          "shard": "25",
          "value": 0.51043999999998979
        }
      },
      {
        "reactor_utilization": {
          "shard": "26",
          "value": 0.49130088000000072
        }
      },
      {
        "reactor_utilization": {
          "shard": "27",
          "value": 0.51259267999999025
        }
      }
    ]
  },
  {
    "metrics": [
      {
        "reactor_utilization": {
          "shard": "0",
          "value": 0.28179134000001493
        }
      },
      {
        "reactor_utilization": {
          "shard": "1",
          "value": 0.043680239999943637
        }
      },
      {
        "reactor_utilization": {
          "shard": "2",
          "value": 0.050098819999999655
        }
      },
      {
        "reactor_utilization": {
          "shard": "3",
          "value": 0.053425119999994664
        }
      },
      {
        "reactor_utilization": {
          "shard": "4",
          "value": 0.020572819999964409
        }
      },
      {
        "reactor_utilization": {
          "shard": "5",
          "value": 0.025150940000018274
        }
      },
      {
        "reactor_utilization": {
          "shard": "6",
          "value": 0.023618940000014188
        }
      },
      {
        "reactor_utilization": {
          "shard": "7",
          "value": 0.030896379999978407
        }
      },
      {
        "reactor_utilization": {
          "shard": "8",
          "value": 0.042595679999979374
        }
      },
      {
        "reactor_utilization": {
          "shard": "9",
          "value": 0.023331759999989377
        }
      },
      {
        "reactor_utilization": {
          "shard": "10",
          "value": 0.023805420000055921
        }
      },
      {
        "reactor_utilization": {
          "shard": "11",
          "value": 0.022793460000003485
        }
      },
      {
        "reactor_utilization": {
          "shard": "12",
          "value": 0.023593099999996703
        }
      },
      {
        "reactor_utilization": {
          "shard": "13",
          "value": 0.021468679999947504
        }
      },
      {
        "reactor_utilization": {
          "shard": "14",
          "value": 0.022815519999996869
        }
      },
      {
        "reactor_utilization": {
          "shard": "15",
          "value": 0.024657720000031969
        }
      },
      {
        "reactor_utilization": {
          "shard": "16",
          "value": 0.052022619999991804
        }
      },
      {
        "reactor_utilization": {
          "shard": "17",
          "value": 0.020748659999969554
        }
      },
      {
        "reactor_utilization": {
          "shard": "18",
          "value": 0.024589759999948946
        }
      },
      {
        "reactor_utilization": {
          "shard": "19",
          "value": 0.019885839999989052
        }
      },
      {
        "reactor_utilization": {
          "shard": "20",
          "value": 0.022787139999969064
        }
      },
      {
        "reactor_utilization": {
          "shard": "21",
          "value": 0.022921719999957624
        }
      },
      {
        "reactor_utilization": {
          "shard": "22",
          "value": 0.023722740000020615
        }
      },
      {
        "reactor_utilization": {
          "shard": "23",
          "value": 0.023703200000002589
        }
      },
      {
        "reactor_utilization": {
          "shard": "24",
          "value": 0.021977920000004758
        }
      },
      {
        "reactor_utilization": {
          "shard": "25",
          "value": 0.019670920000003367
        }
      },
      {
        "reactor_utilization": {
          "shard": "26",
          "value": 0.022301319999984415
        }
      },
      {
        "reactor_utilization": {
          "shard": "27",
          "value": 0.056054800000016058
        }
      }
    ]
  },
  {
    "metrics": [
      {
        "reactor_utilization": {
          "shard": "0",
          "value": 0.1074976800000238
        }
      },
      {
        "reactor_utilization": {
          "shard": "1",
          "value": 0.03951909999992953
        }
      },
      {
        "reactor_utilization": {
          "shard": "2",
          "value": 0.038294299999996895
        }
      },
      {
        "reactor_utilization": {
          "shard": "3",
          "value": 0.038925300000003382
        }
      },
      {
        "reactor_utilization": {
          "shard": "4",
          "value": 0.047643139999975492
        }
      },
      {
        "reactor_utilization": {
          "shard": "5",
          "value": 0.038839680000024579
        }
      },
      {
        "reactor_utilization": {
          "shard": "6",
          "value": 0.037769100000017986
        }
      },
      {
        "reactor_utilization": {
          "shard": "7",
          "value": 0.034160919999992601
        }
      },
      {
        "reactor_utilization": {
          "shard": "8",
          "value": 0.036024439999993163
        }
      },
      {
        "reactor_utilization": {
          "shard": "9",
          "value": 0.037142879999985112
        }
      },
      {
        "reactor_utilization": {
          "shard": "10",
          "value": 0.037137220000049709
        }
      },
      {
        "reactor_utilization": {
          "shard": "11",
          "value": 0.037931600000007393
        }
      },
      {
        "reactor_utilization": {
          "shard": "12",
          "value": 0.035726119999979211
        }
      },
      {
        "reactor_utilization": {
          "shard": "13",
          "value": 0.037299259999945544
        }
      },
      {
        "reactor_utilization": {
          "shard": "14",
          "value": 0.03404157999999935
        }
      },
      {
        "reactor_utilization": {
          "shard": "15",
          "value": 0.038815420000015699
        }
      },
      {
        "reactor_utilization": {
          "shard": "16",
          "value": 0.042576979999986442
        }
      },
      {
        "reactor_utilization": {
          "shard": "17",
          "value": 0.02978527999998315
        }
      },
      {
        "reactor_utilization": {
          "shard": "18",
          "value": 0.029526619999942216
        }
      },
      {
        "reactor_utilization": {
          "shard": "19",
          "value": 0.028907860000015884
        }
      },
      {
        "reactor_utilization": {
          "shard": "20",
          "value": 0.034080659999968788
        }
      },
      {
        "reactor_utilization": {
          "shard": "21",
          "value": 0.028308979999958073
        }
      },
      {
        "reactor_utilization": {
          "shard": "22",
          "value": 0.031096040000033742
        }
      },
      {
        "reactor_utilization": {
          "shard": "23",
          "value": 0.032153260000000738
        }
      },
      {
        "reactor_utilization": {
          "shard": "24",
          "value": 0.031707820000004272
        }
      },
      {
        "reactor_utilization": {
          "shard": "25",
          "value": 0.031520320000000268
        }
      },
      {
        "reactor_utilization": {
          "shard": "26",
          "value": 0.031397319999992845
        }
      },
      {
        "reactor_utilization": {
          "shard": "27",
          "value": 0.032813039999990412
        }
      }
    ]
  },
  {
    "metrics": [
      {
        "reactor_utilization": {
          "shard": "0",
          "value": 0.10250390000002829
        }
      },
      {
        "reactor_utilization": {
          "shard": "1",
          "value": 0.029427539999926644
        }
      },
      {
        "reactor_utilization": {
          "shard": "2",
          "value": 0.02703366000000873
        }
      },
      {
        "reactor_utilization": {
          "shard": "3",
          "value": 0.025614600000012366
        }
      },
      {
        "reactor_utilization": {
          "shard": "4",
          "value": 0.033390419999967946
        }
      },
      {
        "reactor_utilization": {
          "shard": "5",
          "value": 0.029482220000043302
        }
      },
      {
        "reactor_utilization": {
          "shard": "6",
          "value": 0.028382080000000087
        }
      },
      {
        "reactor_utilization": {
          "shard": "7",
          "value": 0.024205539999999637
        }
      },
      {
        "reactor_utilization": {
          "shard": "8",
          "value": 0.024551959999974393
        }
      },
      {
        "reactor_utilization": {
          "shard": "9",
          "value": 0.02698848000000087
        }
      },
      {
        "reactor_utilization": {
          "shard": "10",
          "value": 0.027568400000055338
        }
      },
      {
        "reactor_utilization": {
          "shard": "11",
          "value": 0.026138100000028253
        }
      },
      {
        "reactor_utilization": {
          "shard": "12",
          "value": 0.026081980000003391
        }
      },
      {
        "reactor_utilization": {
          "shard": "13",
          "value": 0.027040139999967572
        }
      },
      {
        "reactor_utilization": {
          "shard": "14",
          "value": 0.024408200000003433
        }
      },
      {
        "reactor_utilization": {
          "shard": "15",
          "value": 0.027698740000037247
        }
      },
      {
        "reactor_utilization": {
          "shard": "16",
          "value": 0.02494875999998758
        }
      },
      {
        "reactor_utilization": {
          "shard": "17",
          "value": 0.029029279999992497
        }
      },
      {
        "reactor_utilization": {
          "shard": "18",
          "value": 0.028044179999953123
        }
      },
      {
        "reactor_utilization": {
          "shard": "19",
          "value": 0.028142819999998903
        }
      },
      {
        "reactor_utilization": {
          "shard": "20",
          "value": 0.029693919999962404
        }
      },
      {
        "reactor_utilization": {
          "shard": "21",
          "value": 0.029182699999952266
        }
      },
      {
        "reactor_utilization": {
          "shard": "22",
          "value": 0.027627960000042862
        }
      },
      {
        "reactor_utilization": {
          "shard": "23",
          "value": 0.031191580000000663
        }
      },
      {
        "reactor_utilization": {
          "shard": "24",
          "value": 0.030767320000002485
        }
      },
      {
        "reactor_utilization": {
          "shard": "25",
          "value": 0.026323179999998558
        }
      },
      {
        "reactor_utilization": {
          "shard": "26",
          "value": 0.029237339999999001
        }
      },
      {
        "reactor_utilization": {
          "shard": "27",
          "value": 0.028374460000002433
        }
      }
    ]
  },
  {
    "metrics": [
      {
        "reactor_utilization": {
          "shard": "0",
          "value": 0.081224560000026091
        }
      },
      {
        "reactor_utilization": {
          "shard": "1",
          "value": 0.021322379999921814
        }
      },
      {
        "reactor_utilization": {
          "shard": "2",
          "value": 0.020444079999981657
        }
      },
      {
        "reactor_utilization": {
          "shard": "3",
          "value": 0.021467420000031989
        }
      },
      {
        "reactor_utilization": {
          "shard": "4",
          "value": 0.027078479999975702
        }
      },
      {
        "reactor_utilization": {
          "shard": "5",
          "value": 0.019247120000032147
        }
      },
      {
        "reactor_utilization": {
          "shard": "6",
          "value": 0.021550259999991717
        }
      },
      {
        "reactor_utilization": {
          "shard": "7",
          "value": 0.021325799999982742
        }
      },
      {
        "reactor_utilization": {
          "shard": "8",
          "value": 0.018934239999968128
        }
      },
      {
        "reactor_utilization": {
          "shard": "9",
          "value": 0.024879500000019039
        }
      },
      {
        "reactor_utilization": {
          "shard": "10",
          "value": 0.022069520000056464
        }
      },
      {
        "reactor_utilization": {
          "shard": "11",
          "value": 0.021003440000000317
        }
      },
      {
        "reactor_utilization": {
          "shard": "12",
          "value": 0.021677719999990686
        }
      },
      {
        "reactor_utilization": {
          "shard": "13",
          "value": 0.018741059999971554
        }
      },
      {
        "reactor_utilization": {
          "shard": "14",
          "value": 0.018878259999988156
        }
      },
      {
        "reactor_utilization": {
          "shard": "15",
          "value": 0.024043500000026086
        }
      },
      {
        "reactor_utilization": {
          "shard": "16",
          "value": 0.024180999999978692
        }
      },
      {
        "reactor_utilization": {
          "shard": "17",
          "value": 0.020054720000006743
        }
      },
      {
        "reactor_utilization": {
          "shard": "18",
          "value": 0.021154739999929006
        }
      },
      {
        "reactor_utilization": {
          "shard": "19",
          "value": 0.020547679999982638
        }
      },
      {
        "reactor_utilization": {
          "shard": "20",
          "value": 0.021033899999989281
        }
      },
      {
        "reactor_utilization": {
          "shard": "21",
          "value": 0.019215999999944167
        }
      },
      {
        "reactor_utilization": {
          "shard": "22",
          "value": 0.019708680000052325
        }
      },
      {
        "reactor_utilization": {
          "shard": "23",
          "value": 0.021138780000007351
        }
      },
      {
        "reactor_utilization": {
          "shard": "24",
          "value": 0.022370560000006812
        }
      },
      {
        "reactor_utilization": {
          "shard": "25",
          "value": 0.020584899999964712
        }
      },
      {
        "reactor_utilization": {
          "shard": "26",
          "value": 0.020329239999983262
        }
      },
      {
        "reactor_utilization": {
          "shard": "27",
          "value": 0.024983420000002088
        }
      }
    ]
  },
  {
    "metrics": [
      {
        "reactor_utilization": {
          "shard": "0",
          "value": 0.12839866000002864
        }
      },
      {
        "reactor_utilization": {
          "shard": "1",
          "value": 0.026104919999925258
        }
      },
      {
        "reactor_utilization": {
          "shard": "2",
          "value": 0.024407419999983304
        }
      },
      {
        "reactor_utilization": {
          "shard": "3",
          "value": 0.027412200000043185
        }
      },
      {
        "reactor_utilization": {
          "shard": "4",
          "value": 0.045914739999974863
        }
      },
      {
        "reactor_utilization": {
          "shard": "5",
          "value": 0.024896760000026052
        }
      },
      {
        "reactor_utilization": {
          "shard": "6",
          "value": 0.02464547999998512
        }
      },
      {
        "reactor_utilization": {
          "shard": "7",
          "value": 0.024929379999982793
        }
      },
      {
        "reactor_utilization": {
          "shard": "8",
          "value": 0.025080379999975477
        }
      },
      {
        "reactor_utilization": {
          "shard": "9",
          "value": 0.025105840000017032
        }
      },
      {
        "reactor_utilization": {
          "shard": "10",
          "value": 0.026479880000040978
        }
      },
      {
        "reactor_utilization": {
          "shard": "11",
          "value": 0.024084860000017638
        }
      },
      {
        "reactor_utilization": {
          "shard": "12",
          "value": 0.026494420000000574
        }
      },
      {
        "reactor_utilization": {
          "shard": "13",
          "value": 0.024228139999948883
        }
      },
      {
        "reactor_utilization": {
          "shard": "14",
          "value": 0.023708360000007644
        }
      },
      {
        "reactor_utilization": {
          "shard": "15",
          "value": 0.026699400000040896
        }
      },
      {
        "reactor_utilization": {
          "shard": "16",
          "value": 0.028584619999993954
        }
      },
      {
        "reactor_utilization": {
          "shard": "17",
          "value": 0.027520619999998885
        }
      },
      {
        "reactor_utilization": {
          "shard": "18",
          "value": 0.025887199999929944
        }
      },
      {
        "reactor_utilization": {
          "shard": "19",
          "value": 0.028208039999988443
        }
      },
      {
        "reactor_utilization": {
          "shard": "20",
          "value": 0.032177960000001615
        }
      },
      {
        "reactor_utilization": {
          "shard": "21",
          "value": 0.028247139999937332
        }
      },
      {
        "reactor_utilization": {
          "shard": "22",
          "value": 0.031155460000054092
        }
      },
      {
        "reactor_utilization": {
          "shard": "23",
          "value": 0.027557340000006203
        }
      },
      {
        "reactor_utilization": {
          "shard": "24",
          "value": 0.030596739999988465
        }
      },
      {
        "reactor_utilization": {
          "shard": "25",
          "value": 0.026718659999991345
        }
      },
      {
        "reactor_utilization": {
          "shard": "26",
          "value": 0.025345239999974289
        }
      },
      {
        "reactor_utilization": {
          "shard": "27",
          "value": 0.026159660000013574
        }
      }
    ]
  },
  {
    "metrics": [
      {
        "reactor_utilization": {
          "shard": "0",
          "value": 0.078288300000051159
        }
      },
      {
        "reactor_utilization": {
          "shard": "1",
          "value": 0.028524239999927481
        }
      },
      {
        "reactor_utilization": {
          "shard": "2",
          "value": 0.027920279999971154
        }
      },
      {
        "reactor_utilization": {
          "shard": "3",
          "value": 0.029222040000032035
        }
      },
      {
        "reactor_utilization": {
          "shard": "4",
          "value": 0.038358919999947894
        }
      },
      {
        "reactor_utilization": {
          "shard": "5",
          "value": 0.024767440000017515
        }
      },
      {
        "reactor_utilization": {
          "shard": "6",
          "value": 0.024651620000004648
        }
      },
      {
        "reactor_utilization": {
          "shard": "7",
          "value": 0.026736979999986143
        }
      },
      {
        "reactor_utilization": {
          "shard": "8",
          "value": 0.026701539999984814
        }
      },
      {
        "reactor_utilization": {
          "shard": "9",
          "value": 0.02759080000001024
        }
      },
      {
        "reactor_utilization": {
          "shard": "10",
          "value": 0.027993320000041511
        }
      },
      {
        "reactor_utilization": {
          "shard": "11",
          "value": 0.027638580000011181
        }
      },
      {
        "reactor_utilization": {
          "shard": "12",
          "value": 0.026059539999978565
        }
      },
      {
        "reactor_utilization": {
          "shard": "13",
          "value": 0.025899279999952451
        }
      },
      {
        "reactor_utilization": {
          "shard": "14",
          "value": 0.027758680000011804
        }
      },
      {
        "reactor_utilization": {
          "shard": "15",
          "value": 0.028751920000069653
        }
      },
      {
        "reactor_utilization": {
          "shard": "16",
          "value": 0.025341739999984458
        }
      },
      {
        "reactor_utilization": {
          "shard": "17",
          "value": 0.028092799999990259
        }
      },
      {
        "reactor_utilization": {
          "shard": "18",
          "value": 0.028955819999931798
        }
      },
      {
        "reactor_utilization": {
          "shard": "19",
          "value": 0.026558199999993093
        }
      },
      {
        "reactor_utilization": {
          "shard": "20",
          "value": 0.027890780000028315
        }
      },
      {
        "reactor_utilization": {
          "shard": "21",
          "value": 0.027878979999951259
        }
      },
      {
        "reactor_utilization": {
          "shard": "22",
          "value": 0.029839860000047125
        }
      },
      {
        "reactor_utilization": {
          "shard": "23",
          "value": 0.029683640000022216
        }
      },
      {
        "reactor_utilization": {
          "shard": "24",
          "value": 0.030079680000016928
        }
      },
      {
        "reactor_utilization": {
          "shard": "25",
          "value": 0.02824063999999904
        }
      },
      {
        "reactor_utilization": {
          "shard": "26",
          "value": 0.02678145999995829
        }
      },
      {
        "reactor_utilization": {
          "shard": "27",
          "value": 0.028413700000018416
        }
      }
    ]
  },
  {
    "metrics": [
      {
        "reactor_utilization": {
          "shard": "0",
          "value": 0.098866780000050891
        }
      },
      {
        "reactor_utilization": {
          "shard": "1",
          "value": 0.021652739999944437
        }
      },
      {
        "reactor_utilization": {
          "shard": "2",
          "value": 0.024352339999988981
        }
      },
      {
        "reactor_utilization": {
          "shard": "3",
          "value": 0.022817560000021331
        }
      },
      {
        "reactor_utilization": {
          "shard": "4",
          "value": 0.029733439999946043
        }
      },
      {
        "reactor_utilization": {
          "shard": "5",
          "value": 0.014221400000025142
        }
      },
      {
        "reactor_utilization": {
          "shard": "6",
          "value": 0.020679200000017772
        }
      },
      {
        "reactor_utilization": {
          "shard": "7",
          "value": 0.013682599999964573
        }
      },
      {
        "reactor_utilization": {
          "shard": "8",
          "value": 0.018501779999979817
        }
      },
      {
        "reactor_utilization": {
          "shard": "9",
          "value": 0.021932520000000899
        }
      },
      {
        "reactor_utilization": {
          "shard": "10",
          "value": 0.018842320000045376
        }
      },
      {
        "reactor_utilization": {
          "shard": "11",
          "value": 0.024632800000023991
        }
      },
      {
        "reactor_utilization": {
          "shard": "12",
          "value": 0.01972073999998436
        }
      },
      {
        "reactor_utilization": {
          "shard": "13",
          "value": 0.020643959999944173
        }
      },
      {
        "reactor_utilization": {
          "shard": "14",
          "value": 0.023410559999992309
        }
      },
      {
        "reactor_utilization": {
          "shard": "15",
          "value": 0.021586620000046963
        }
      },
      {
        "reactor_utilization": {
          "shard": "16",
          "value": 0.022619259999978603
        }
      },
      {
        "reactor_utilization": {
          "shard": "17",
          "value": 0.019801279999998034
        }
      },
      {
        "reactor_utilization": {
          "shard": "18",
          "value": 0.02168655999992275
        }
      },
      {
        "reactor_utilization": {
          "shard": "19",
          "value": 0.017810580000010567
        }
      },
      {
        "reactor_utilization": {
          "shard": "20",
          "value": 0.021685460000020473
        }
      },
      {
        "reactor_utilization": {
          "shard": "21",
          "value": 0.022815359999950324
        }
      },
      {
        "reactor_utilization": {
          "shard": "22",
          "value": 0.023840040000044915
        }
      },
      {
        "reactor_utilization": {
          "shard": "23",
          "value": 0.024819200000036901
        }
      },
      {
        "reactor_utilization": {
          "shard": "24",
          "value": 0.022277780000012903
        }
      },
      {
        "reactor_utilization": {
          "shard": "25",
          "value": 0.020802340000014574
        }
      },
      {
        "reactor_utilization": {
          "shard": "26",
          "value": 0.022578159999964154
        }
      },
      {
        "reactor_utilization": {
          "shard": "27",
          "value": 0.021770920000030447
        }
      }
    ]
  },
  {
    "metrics": [
      {
        "reactor_utilization": {
          "shard": "0",
          "value": 0.095293340000057736
        }
      },
      {
        "reactor_utilization": {
          "shard": "1",
          "value": 0.027400119999954065
        }
      },
      {
        "reactor_utilization": {
          "shard": "2",
          "value": 0.027611899999990808
        }
      },
      {
        "reactor_utilization": {
          "shard": "3",
          "value": 0.029314940000035872
        }
      },
      {
        "reactor_utilization": {
          "shard": "4",
          "value": 0.030791479999958682
        }
      },
      {
        "reactor_utilization": {
          "shard": "5",
          "value": 0.027944180000016861
        }
      },
      {
        "reactor_utilization": {
          "shard": "6",
          "value": 0.029019160000021138
        }
      },
      {
        "reactor_utilization": {
          "shard": "7",
          "value": 0.031239019999973472
        }
      },
      {
        "reactor_utilization": {
          "shard": "8",
          "value": 0.027342519999984383
        }
      },
      {
        "reactor_utilization": {
          "shard": "9",
          "value": 0.028432320000004729
        }
      },
      {
        "reactor_utilization": {
          "shard": "10",
          "value": 0.025725980000035342
        }
      },
      {
        "reactor_utilization": {
          "shard": "11",
          "value": 0.023747080000036114
        }
      },
      {
        "reactor_utilization": {
          "shard": "12",
          "value": 0.02251809999999077
        }
      },
      {
        "reactor_utilization": {
          "shard": "13",
          "value": 0.022410319999932593
        }
      },
      {
        "reactor_utilization": {
          "shard": "14",
          "value": 0.024675000000029534
        }
      },
      {
        "reactor_utilization": {
          "shard": "15",
          "value": 0.02484942000007262
        }
      },
      {
        "reactor_utilization": {
          "shard": "16",
          "value": 0.02487121999998898
        }
      },
      {
        "reactor_utilization": {
          "shard": "17",
          "value": 0.023120679999977245
        }
      },
      {
        "reactor_utilization": {
          "shard": "18",
          "value": 0.019130719999926882
        }
      },
      {
        "reactor_utilization": {
          "shard": "19",
          "value": 0.021477780000012103
        }
      },
      {
        "reactor_utilization": {
          "shard": "20",
          "value": 0.020815700000031967
        }
      },
      {
        "reactor_utilization": {
          "shard": "21",
          "value": 0.025116519999968112
        }
      },
      {
        "reactor_utilization": {
          "shard": "22",
          "value": 0.028243340000055905
        }
      },
      {
        "reactor_utilization": {
          "shard": "23",
          "value": 0.030260440000040578
        }
      },
      {
        "reactor_utilization": {
          "shard": "24",
          "value": 0.025904940000032184
        }
      },
      {
        "reactor_utilization": {
          "shard": "25",
          "value": 0.022672080000019079
        }
      },
      {
        "reactor_utilization": {
          "shard": "26",
          "value": 0.02613103999996591
        }
      },
      {
        "reactor_utilization": {
          "shard": "27",
          "value": 0.026369040000040478
        }
      }
    ]
  },
  {
    "metrics": [
      {
        "reactor_utilization": {
          "shard": "0",
          "value": 0.099027380000049625
        }
      },
      {
        "reactor_utilization": {
          "shard": "1",
          "value": 0.031233299999944286
        }
      },
      {
        "reactor_utilization": {
          "shard": "2",
          "value": 0.025913899999985279
        }
      },
      {
        "reactor_utilization": {
          "shard": "3",
          "value": 0.027297580000040789
        }
      },
      {
        "reactor_utilization": {
          "shard": "4",
          "value": 0.033802979999975058
        }
      },
      {
        "reactor_utilization": {
          "shard": "5",
          "value": 0.024582560000008247
        }
      },
      {
        "reactor_utilization": {
          "shard": "6",
          "value": 0.025084060000013508
        }
      },
      {
        "reactor_utilization": {
          "shard": "7",
          "value": 0.023876559999957969
        }
      },
      {
        "reactor_utilization": {
          "shard": "8",
          "value": 0.027114559999974475
        }
      },
      {
        "reactor_utilization": {
          "shard": "9",
          "value": 0.031160860000012391
        }
      },
      {
        "reactor_utilization": {
          "shard": "10",
          "value": 0.026011000000014661
        }
      },
      {
        "reactor_utilization": {
          "shard": "11",
          "value": 0.024503500000028211
        }
      },
      {
        "reactor_utilization": {
          "shard": "12",
          "value": 0.026683739999966427
        }
      },
      {
        "reactor_utilization": {
          "shard": "13",
          "value": 0.024485079999925219
        }
      },
      {
        "reactor_utilization": {
          "shard": "14",
          "value": 0.027039320000010747
        }
      },
      {
        "reactor_utilization": {
          "shard": "15",
          "value": 0.025757800000070219
        }
      },
      {
        "reactor_utilization": {
          "shard": "16",
          "value": 0.02830143999997814
        }
      },
      {
        "reactor_utilization": {
          "shard": "17",
          "value": 0.027188079999973525
        }
      },
      {
        "reactor_utilization": {
          "shard": "18",
          "value": 0.024215199999921833
        }
      },
      {
        "reactor_utilization": {
          "shard": "19",
          "value": 0.028703260000007003
        }
      },
      {
        "reactor_utilization": {
          "shard": "20",
          "value": 0.026783600000024332
        }
      },
      {
        "reactor_utilization": {
          "shard": "21",
          "value": 0.024062139999969645
        }
      },
      {
        "reactor_utilization": {
          "shard": "22",
          "value": 0.026000720000074473
        }
      },
      {
        "reactor_utilization": {
          "shard": "23",
          "value": 0.026614080000031404
        }
      },
      {
        "reactor_utilization": {
          "shard": "24",
          "value": 0.027551880000031836
        }
      },
      {
        "reactor_utilization": {
          "shard": "25",
          "value": 0.025283740000014987
        }
      },
      {
        "reactor_utilization": {
          "shard": "26",
          "value": 0.025524859999959126
        }
      },
      {
        "reactor_utilization": {
          "shard": "27",
          "value": 0.026491680000040319
        }
      }
    ]
  },
  {
    "metrics": [
      {
        "reactor_utilization": {
          "shard": "0",
          "value": 0.084943140000048878
        }
      },
      {
        "reactor_utilization": {
          "shard": "1",
          "value": 0.021275399999942657
        }
      },
      {
        "reactor_utilization": {
          "shard": "2",
          "value": 0.021503339999973115
        }
      },
      {
        "reactor_utilization": {
          "shard": "3",
          "value": 0.022228780000044246
        }
      },
      {
        "reactor_utilization": {
          "shard": "4",
          "value": 0.034406179999968423
        }
      },
      {
        "reactor_utilization": {
          "shard": "5",
          "value": 0.021115820000017216
        }
      },
      {
        "reactor_utilization": {
          "shard": "6",
          "value": 0.020309880000035641
        }
      },
      {
        "reactor_utilization": {
          "shard": "7",
          "value": 0.021350279999943211
        }
      },
      {
        "reactor_utilization": {
          "shard": "8",
          "value": 0.020741959999970305
        }
      },
      {
        "reactor_utilization": {
          "shard": "9",
          "value": 0.021560779999996171
        }
      },
      {
        "reactor_utilization": {
          "shard": "10",
          "value": 0.022669800000008067
        }
      },
      {
        "reactor_utilization": {
          "shard": "11",
          "value": 0.021116740000026724
        }
      },
      {
        "reactor_utilization": {
          "shard": "12",
          "value": 0.023124359999959765
        }
      },
      {
        "reactor_utilization": {
          "shard": "13",
          "value": 0.023189839999937512
        }
      },
      {
        "reactor_utilization": {
          "shard": "14",
          "value": 0.020574680000007284
        }
      },
      {
        "reactor_utilization": {
          "shard": "15",
          "value": 0.025817460000066017
        }
      },
      {
        "reactor_utilization": {
          "shard": "16",
          "value": 0.024059079999982913
        }
      },
      {
        "reactor_utilization": {
          "shard": "17",
          "value": 0.023754179999979641
        }
      },
      {
        "reactor_utilization": {
          "shard": "18",
          "value": 0.021529359999927777
        }
      },
      {
        "reactor_utilization": {
          "shard": "19",
          "value": 0.02025088000003894
        }
      },
      {
        "reactor_utilization": {
          "shard": "20",
          "value": 0.021086540000025966
        }
      },
      {
        "reactor_utilization": {
          "shard": "21",
          "value": 0.020968699999968088
        }
      },
      {
        "reactor_utilization": {
          "shard": "22",
          "value": 0.024023860000066399
        }
      },
      {
        "reactor_utilization": {
          "shard": "23",
          "value": 0.021197280000029295
        }
      },
      {
        "reactor_utilization": {
          "shard": "24",
          "value": 0.023142680000021176
        }
      },
      {
        "reactor_utilization": {
          "shard": "25",
          "value": 0.018717480000018938
        }
      },
      {
        "reactor_utilization": {
          "shard": "26",
          "value": 0.021442479999977948
        }
      },
      {
        "reactor_utilization": {
          "shard": "27",
          "value": 0.021989260000032651
        }
      }
    ]
  },
  {
    "metrics": [
      {
        "reactor_utilization": {
          "shard": "0",
          "value": 0.10556720000005626
        }
      },
      {
        "reactor_utilization": {
          "shard": "1",
          "value": 0.024791459999939924
        }
      },
      {
        "reactor_utilization": {
          "shard": "2",
          "value": 0.021653479999961256
        }
      },
      {
        "reactor_utilization": {
          "shard": "3",
          "value": 0.026458640000048828
        }
      },
      {
        "reactor_utilization": {
          "shard": "4",
          "value": 0.039670739999975169
        }
      },
      {
        "reactor_utilization": {
          "shard": "5",
          "value": 0.023587620000009579
        }
      },
      {
        "reactor_utilization": {
          "shard": "6",
          "value": 0.0244239000000257
        }
      },
      {
        "reactor_utilization": {
          "shard": "7",
          "value": 0.018844819999941365
        }
      },
      {
        "reactor_utilization": {
          "shard": "8",
          "value": 0.023817179999974236
        }
      },
      {
        "reactor_utilization": {
          "shard": "9",
          "value": 0.02675808000001112
        }
      },
      {
        "reactor_utilization": {
          "shard": "10",
          "value": 0.026180160000000008
        }
      },
      {
        "reactor_utilization": {
          "shard": "11",
          "value": 0.025570020000031946
        }
      },
      {
        "reactor_utilization": {
          "shard": "12",
          "value": 0.028421179999948976
        }
      },
      {
        "reactor_utilization": {
          "shard": "13",
          "value": 0.026129739999913859
        }
      },
      {
        "reactor_utilization": {
          "shard": "14",
          "value": 0.022616100000005801
        }
      },
      {
        "reactor_utilization": {
          "shard": "15",
          "value": 0.026169440000045618
        }
      },
      {
        "reactor_utilization": {
          "shard": "16",
          "value": 0.026382039999972573
        }
      },
      {
        "reactor_utilization": {
          "shard": "17",
          "value": 0.023251359999976184
        }
      },
      {
        "reactor_utilization": {
          "shard": "18",
          "value": 0.027300519999950978
        }
      },
      {
        "reactor_utilization": {
          "shard": "19",
          "value": 0.025101700000029759
        }
      },
      {
        "reactor_utilization": {
          "shard": "20",
          "value": 0.028566280000030808
        }
      },
      {
        "reactor_utilization": {
          "shard": "21",
          "value": 0.022292639999965669
        }
      },
      {
        "reactor_utilization": {
          "shard": "22",
          "value": 0.025376620000061578
        }
      },
      {
        "reactor_utilization": {
          "shard": "23",
          "value": 0.026688000000030243
        }
      },
      {
        "reactor_utilization": {
          "shard": "24",
          "value": 0.024653139999997187
        }
      },
      {
        "reactor_utilization": {
          "shard": "25",
          "value": 0.027848260000040703
        }
      },
      {
        "reactor_utilization": {
          "shard": "26",
          "value": 0.023095099999981272
        }
      },
      {
        "reactor_utilization": {
          "shard": "27",
          "value": 0.024252620000031477
        }
      }
    ]
  },
  {
    "metrics": [
      {
        "reactor_utilization": {
          "shard": "0",
          "value": 0.081242920000046404
        }
      },
      {
        "reactor_utilization": {
          "shard": "1",
          "value": 0.019955639999935659
        }
      },
      {
        "reactor_utilization": {
          "shard": "2",
          "value": 0.019437419999990269
        }
      },
      {
        "reactor_utilization": {
          "shard": "3",
          "value": 0.020729880000047718
        }
      },
      {
        "reactor_utilization": {
          "shard": "4",
          "value": 0.031987399999977573
        }
      },
      {
        "reactor_utilization": {
          "shard": "5",
          "value": 0.021820579999998202
        }
      },
      {
        "reactor_utilization": {
          "shard": "6",
          "value": 0.020924240000030903
        }
      },
      {
        "reactor_utilization": {
          "shard": "7",
          "value": 0.020577799999910162
        }
      },
      {
        "reactor_utilization": {
          "shard": "8",
          "value": 0.021646039999967392
        }
      },
      {
        "reactor_utilization": {
          "shard": "9",
          "value": 0.022948919999998818
        }
      },
      {
        "reactor_utilization": {
          "shard": "10",
          "value": 0.022631559999997108
        }
      },
      {
        "reactor_utilization": {
          "shard": "11",
          "value": 0.020780080000015744
        }
      },
      {
        "reactor_utilization": {
          "shard": "12",
          "value": 0.021858939999952476
        }
      },
      {
        "reactor_utilization": {
          "shard": "13",
          "value": 0.021436179999900773
        }
      },
      {
        "reactor_utilization": {
          "shard": "14",
          "value": 0.020860379999998457
        }
      },
      {
        "reactor_utilization": {
          "shard": "15",
          "value": 0.023537400000028796
        }
      },
      {
        "reactor_utilization": {
          "shard": "16",
          "value": 0.020023959999981855
        }
      },
      {
        "reactor_utilization": {
          "shard": "17",
          "value": 0.020676399999963735
        }
      },
      {
        "reactor_utilization": {
          "shard": "18",
          "value": 0.022642619999957425
        }
      },
      {
        "reactor_utilization": {
          "shard": "19",
          "value": 0.020005520000032639
        }
      },
      {
        "reactor_utilization": {
          "shard": "20",
          "value": 0.021665860000041892
        }
      },
      {
        "reactor_utilization": {
          "shard": "21",
          "value": 0.019211979999966822
        }
      },
      {
        "reactor_utilization": {
          "shard": "22",
          "value": 0.020747000000065352
        }
      },
      {
        "reactor_utilization": {
          "shard": "23",
          "value": 0.020223200000013541
        }
      },
      {
        "reactor_utilization": {
          "shard": "24",
          "value": 0.02064742000000841
        }
      },
      {
        "reactor_utilization": {
          "shard": "25",
          "value": 0.018767960000043438
        }
      },
      {
        "reactor_utilization": {
          "shard": "26",
          "value": 0.018727579999966437
        }
      },
      {
        "reactor_utilization": {
          "shard": "27",
          "value": 0.022111200000041187
        }
      }
    ]
  },
  {
    "metrics": [
      {
        "reactor_utilization": {
          "shard": "0",
          "value": 0.10530520000002763
        }
      },
      {
        "reactor_utilization": {
          "shard": "1",
          "value": 0.023329759999934918
        }
      },
      {
        "reactor_utilization": {
          "shard": "2",
          "value": 0.024190419999969848
        }
      },
      {
        "reactor_utilization": {
          "shard": "3",
          "value": 0.025539720000056221
        }
      },
      {
        "reactor_utilization": {
          "shard": "4",
          "value": 0.038087779999984583
        }
      },
      {
        "reactor_utilization": {
          "shard": "5",
          "value": 0.022663460000005298
        }
      },
      {
        "reactor_utilization": {
          "shard": "6",
          "value": 0.027426480000025677
        }
      },
      {
        "reactor_utilization": {
          "shard": "7",
          "value": 0.022249179999933588
        }
      },
      {
        "reactor_utilization": {
          "shard": "8",
          "value": 0.027120259999957597
        }
      },
      {
        "reactor_utilization": {
          "shard": "9",
          "value": 0.02694374000000721
        }
      },
      {
        "reactor_utilization": {
          "shard": "10",
          "value": 0.024289839999980245
        }
      },
      {
        "reactor_utilization": {
          "shard": "11",
          "value": 0.024926199999986132
        }
      },
      {
        "reactor_utilization": {
          "shard": "12",
          "value": 0.027497219999972344
        }
      },
      {
        "reactor_utilization": {
          "shard": "13",
          "value": 0.024457459999915887
        }
      },
      {
        "reactor_utilization": {
          "shard": "14",
          "value": 0.022191559999973354
        }
      },
      {
        "reactor_utilization": {
          "shard": "15",
          "value": 0.025815760000014176
        }
      },
      {
        "reactor_utilization": {
          "shard": "16",
          "value": 0.026957819999984256
        }
      },
      {
        "reactor_utilization": {
          "shard": "17",
          "value": 0.02515939999998551
        }
      },
      {
        "reactor_utilization": {
          "shard": "18",
          "value": 0.025841799999959392
        }
      },
      {
        "reactor_utilization": {
          "shard": "19",
          "value": 0.023907040000015201
        }
      },
      {
        "reactor_utilization": {
          "shard": "20",
          "value": 0.023489880000027163
        }
      },
      {
        "reactor_utilization": {
          "shard": "21",
          "value": 0.02405041999995472
        }
      },
      {
        "reactor_utilization": {
          "shard": "22",
          "value": 0.028212220000067845
        }
      },
      {
        "reactor_utilization": {
          "shard": "23",
          "value": 0.024873900000021987
        }
      },
      {
        "reactor_utilization": {
          "shard": "24",
          "value": 0.027149639999990427
        }
      },
      {
        "reactor_utilization": {
          "shard": "25",
          "value": 0.020783880000041499
        }
      },
      {
        "reactor_utilization": {
          "shard": "26",
          "value": 0.023288799999976462
        }
      },
      {
        "reactor_utilization": {
          "shard": "27",
          "value": 0.027085300000018186
        }
      }
    ]
  },
  {
    "metrics": [
      {
        "reactor_utilization": {
          "shard": "0",
          "value": 0.11307518000003292
        }
      },
      {
        "reactor_utilization": {
          "shard": "1",
          "value": 0.025520399999956478
        }
      },
      {
        "reactor_utilization": {
          "shard": "2",
          "value": 0.02662229999996768
        }
      },
      {
        "reactor_utilization": {
          "shard": "3",
          "value": 0.025984200000073177
        }
      },
      {
        "reactor_utilization": {
          "shard": "4",
          "value": 0.041463439999978036
        }
      },
      {
        "reactor_utilization": {
          "shard": "5",
          "value": 0.026314520000003672
        }
      },
      {
        "reactor_utilization": {
          "shard": "6",
          "value": 0.024895940000013717
        }
      },
      {
        "reactor_utilization": {
          "shard": "7",
          "value": 0.029383319999920499
        }
      },
      {
        "reactor_utilization": {
          "shard": "8",
          "value": 0.022242999999966262
        }
      },
      {
        "reactor_utilization": {
          "shard": "9",
          "value": 0.027866060000025783
        }
      },
      {
        "reactor_utilization": {
          "shard": "10",
          "value": 0.024133999999975675
        }
      },
      {
        "reactor_utilization": {
          "shard": "11",
          "value": 0.023361319999981589
        }
      },
      {
        "reactor_utilization": {
          "shard": "12",
          "value": 0.0267864199999579
        }
      },
      {
        "reactor_utilization": {
          "shard": "13",
          "value": 0.023591259999911074
        }
      },
      {
        "reactor_utilization": {
          "shard": "14",
          "value": 0.026304699999990522
        }
      },
      {
        "reactor_utilization": {
          "shard": "15",
          "value": 0.028103080000019265
        }
      },
      {
        "reactor_utilization": {
          "shard": "16",
          "value": 0.026558460000003503
        }
      },
      {
        "reactor_utilization": {
          "shard": "17",
          "value": 0.026340019999959718
        }
      },
      {
        "reactor_utilization": {
          "shard": "18",
          "value": 0.025093639999951289
        }
      },
      {
        "reactor_utilization": {
          "shard": "19",
          "value": 0.025071620000027828
        }
      },
      {
        "reactor_utilization": {
          "shard": "20",
          "value": 0.025411580000023193
        }
      },
      {
        "reactor_utilization": {
          "shard": "21",
          "value": 0.028847919999952509
        }
      },
      {
        "reactor_utilization": {
          "shard": "22",
          "value": 0.025025020000057907
        }
      },
      {
        "reactor_utilization": {
          "shard": "23",
          "value": 0.025668520000010631
        }
      },
      {
        "reactor_utilization": {
          "shard": "24",
          "value": 0.029045600000010552
        }
      },
      {
        "reactor_utilization": {
          "shard": "25",
          "value": 0.029091220000021512
        }
      },
      {
        "reactor_utilization": {
          "shard": "26",
          "value": 0.028435139999971604
        }
      },
      {
        "reactor_utilization": {
          "shard": "27",
          "value": 0.027292000000000982
        }
      }
    ]
  },
  {
    "metrics": [
      {
        "reactor_utilization": {
          "shard": "0",
          "value": 0.066461860000055495
        }
      },
      {
        "reactor_utilization": {
          "shard": "1",
          "value": 0.019843079999959379
        }
      },
      {
        "reactor_utilization": {
          "shard": "2",
          "value": 0.018377659999968543
        }
      },
      {
        "reactor_utilization": {
          "shard": "3",
          "value": 0.020345520000097927
        }
      },
      {
        "reactor_utilization": {
          "shard": "4",
          "value": 0.031895679999949245
        }
      },
      {
        "reactor_utilization": {
          "shard": "5",
          "value": 0.021398959999996414
        }
      },
      {
        "reactor_utilization": {
          "shard": "6",
          "value": 0.025140920000021882
        }
      },
      {
        "reactor_utilization": {
          "shard": "7",
          "value": 0.021338159999917394
        }
      },
      {
        "reactor_utilization": {
          "shard": "8",
          "value": 0.022518799999948769
        }
      },
      {
        "reactor_utilization": {
          "shard": "9",
          "value": 0.021981860000019893
        }
      },
      {
        "reactor_utilization": {
          "shard": "10",
          "value": 0.019888039999971241
        }
      },
      {
        "reactor_utilization": {
          "shard": "11",
          "value": 0.019406499999985449
        }
      },
      {
        "reactor_utilization": {
          "shard": "12",
          "value": 0.022080419999959133
        }
      },
      {
        "reactor_utilization": {
          "shard": "13",
          "value": 0.020362279999919242
        }
      },
      {
        "reactor_utilization": {
          "shard": "14",
          "value": 0.021104539999972083
        }
      },
      {
        "reactor_utilization": {
          "shard": "15",
          "value": 0.022897920000020111
        }
      },
      {
        "reactor_utilization": {
          "shard": "16",
          "value": 0.021743579999999874
        }
      },
      {
        "reactor_utilization": {
          "shard": "17",
          "value": 0.021580839999968404
        }
      },
      {
        "reactor_utilization": {
          "shard": "18",
          "value": 0.020184699999958866
        }
      },
      {
        "reactor_utilization": {
          "shard": "19",
          "value": 0.022281940000035139
        }
      },
      {
        "reactor_utilization": {
          "shard": "20",
          "value": 0.022353560000021311
        }
      },
      {
        "reactor_utilization": {
          "shard": "21",
          "value": 0.02183021999995205
        }
      },
      {
        "reactor_utilization": {
          "shard": "22",
          "value": 0.020438140000056393
        }
      },
      {
        "reactor_utilization": {
          "shard": "23",
          "value": 0.020636600000023542
        }
      },
      {
        "reactor_utilization": {
          "shard": "24",
          "value": 0.021778060000032795
        }
      },
      {
        "reactor_utilization": {
          "shard": "25",
          "value": 0.018485400000023411
        }
      },
      {
        "reactor_utilization": {
          "shard": "26",
          "value": 0.021983779999978914
        }
      },
      {
        "reactor_utilization": {
          "shard": "27",
          "value": 0.021774420000020278
        }
      }
    ]
  },
  {
    "metrics": [
      {
        "reactor_utilization": {
          "shard": "0",
          "value": 0.10597890000006993
        }
      },
      {
        "reactor_utilization": {
          "shard": "1",
          "value": 0.024927219999948402
        }
      },
      {
        "reactor_utilization": {
          "shard": "2",
          "value": 0.026324639999941724
        }
      },
      {
        "reactor_utilization": {
          "shard": "3",
          "value": 0.028034820000089056
        }
      },
      {
        "reactor_utilization": {
          "shard": "4",
          "value": 0.037217759999963462
        }
      },
      {
        "reactor_utilization": {
          "shard": "5",
          "value": 0.02455942000001432
        }
      },
      {
        "reactor_utilization": {
          "shard": "6",
          "value": 0.023283260000028783
        }
      },
      {
        "reactor_utilization": {
          "shard": "7",
          "value": 0.019934559999934542
        }
      },
      {
        "reactor_utilization": {
          "shard": "8",
          "value": 0.017345619999964423
        }
      },
      {
        "reactor_utilization": {
          "shard": "9",
          "value": 0.023958960000014518
        }
      },
      {
        "reactor_utilization": {
          "shard": "10",
          "value": 0.024311899999951425
        }
      },
      {
        "reactor_utilization": {
          "shard": "11",
          "value": 0.021464139999971543
        }
      },
      {
        "reactor_utilization": {
          "shard": "12",
          "value": 0.026212699999983435
        }
      },
      {
        "reactor_utilization": {
          "shard": "13",
          "value": 0.025314119999919615
        }
      },
      {
        "reactor_utilization": {
          "shard": "14",
          "value": 0.028009319999966475
        }
      },
      {
        "reactor_utilization": {
          "shard": "15",
          "value": 0.024589340000014115
        }
      },
      {
        "reactor_utilization": {
          "shard": "16",
          "value": 0.022927080000001432
        }
      },
      {
        "reactor_utilization": {
          "shard": "17",
          "value": 0.02590889999998236
        }
      },
      {
        "reactor_utilization": {
          "shard": "18",
          "value": 0.025161699999953768
        }
      },
      {
        "reactor_utilization": {
          "shard": "19",
          "value": 0.024026180000036312
        }
      },
      {
        "reactor_utilization": {
          "shard": "20",
          "value": 0.026916000000010154
        }
      },
      {
        "reactor_utilization": {
          "shard": "21",
          "value": 0.024686759999958952
        }
      },
      {
        "reactor_utilization": {
          "shard": "22",
          "value": 0.022706200000055521
        }
      },
      {
        "reactor_utilization": {
          "shard": "23",
          "value": 0.023771640000025407
        }
      },
      {
        "reactor_utilization": {
          "shard": "24",
          "value": 0.02465790000003576
        }
      },
      {
        "reactor_utilization": {
          "shard": "25",
          "value": 0.023412100000008707
        }
      },
      {
        "reactor_utilization": {
          "shard": "26",
          "value": 0.025082300000001112
        }
      },
      {
        "reactor_utilization": {
          "shard": "27",
          "value": 0.027727840000013604
        }
      }
    ]
  },
  {
    "metrics": [
      {
        "reactor_utilization": {
          "shard": "0",
          "value": 0.099564620000092141
        }
      },
      {
        "reactor_utilization": {
          "shard": "1",
          "value": 0.018521279999950124
        }
      },
      {
        "reactor_utilization": {
          "shard": "2",
          "value": 0.016494919999932023
        }
      },
      {
        "reactor_utilization": {
          "shard": "3",
          "value": 0.017976580000089726
        }
      },
      {
        "reactor_utilization": {
          "shard": "4",
          "value": 0.025631259999980838
        }
      },
      {
        "reactor_utilization": {
          "shard": "5",
          "value": 0.018634060000011221
        }
      },
      {
        "reactor_utilization": {
          "shard": "6",
          "value": 0.018843000000012822
        }
      },
      {
        "reactor_utilization": {
          "shard": "7",
          "value": 0.021906499999946316
        }
      },
      {
        "reactor_utilization": {
          "shard": "8",
          "value": 0.023229019999959633
        }
      },
      {
        "reactor_utilization": {
          "shard": "9",
          "value": 0.017169920000004169
        }
      },
      {
        "reactor_utilization": {
          "shard": "10",
          "value": 0.019167399999964196
        }
      },
      {
        "reactor_utilization": {
          "shard": "11",
          "value": 0.017798199999985442
        }
      },
      {
        "reactor_utilization": {
          "shard": "12",
          "value": 0.018527979999971578
        }
      },
      {
        "reactor_utilization": {
          "shard": "13",
          "value": 0.01838085999992245
        }
      },
      {
        "reactor_utilization": {
          "shard": "14",
          "value": 0.018513179999968266
        }
      },
      {
        "reactor_utilization": {
          "shard": "15",
          "value": 0.018261120000040432
        }
      },
      {
        "reactor_utilization": {
          "shard": "16",
          "value": 0.020289600000000796
        }
      },
      {
        "reactor_utilization": {
          "shard": "17",
          "value": 0.017299240000001603
        }
      },
      {
        "reactor_utilization": {
          "shard": "18",
          "value": 0.016657339999948118
        }
      },
      {
        "reactor_utilization": {
          "shard": "19",
          "value": 0.018688720000059611
        }
      },
      {
        "reactor_utilization": {
          "shard": "20",
          "value": 0.018318800000005631
        }
      },
      {
        "reactor_utilization": {
          "shard": "21",
          "value": 0.019485939999919211
        }
      },
      {
        "reactor_utilization": {
          "shard": "22",
          "value": 0.016077100000044808
        }
      },
      {
        "reactor_utilization": {
          "shard": "23",
          "value": 0.017563860000002762
        }
      },
      {
        "reactor_utilization": {
          "shard": "24",
          "value": 0.017730200000043439
        }
      },
      {
        "reactor_utilization": {
          "shard": "25",
          "value": 0.018907300000003957
        }
      },
      {
        "reactor_utilization": {
          "shard": "26",
          "value": 0.019785219999979287
        }
      },
      {
        "reactor_utilization": {
          "shard": "27",
          "value": 0.017209160000031254
        }
      }
    ]
  },
  {
    "metrics": [
      {
        "reactor_utilization": {
          "shard": "0",
          "value": 0.090772520000115264
        }
      },
      {
        "reactor_utilization": {
          "shard": "1",
          "value": 0.020981679999931835
        }
      },
      {
        "reactor_utilization": {
          "shard": "2",
          "value": 0.02038233999996919
        }
      },
      {
        "reactor_utilization": {
          "shard": "3",
          "value": 0.02495566000006999
        }
      },
      {
        "reactor_utilization": {
          "shard": "4",
          "value": 0.031631619999972216
        }
      },
      {
        "reactor_utilization": {
          "shard": "5",
          "value": 0.020143719999987653
        }
      },
      {
        "reactor_utilization": {
          "shard": "6",
          "value": 0.021996339999996728
        }
      },
      {
        "reactor_utilization": {
          "shard": "7",
          "value": 0.022471339999929896
        }
      },
      {
        "reactor_utilization": {
          "shard": "8",
          "value": 0.023491679999954052
        }
      },
      {
        "reactor_utilization": {
          "shard": "9",
          "value": 0.022750280000016776
        }
      },
      {
        "reactor_utilization": {
          "shard": "10",
          "value": 0.023032979999948466
        }
      },
      {
        "reactor_utilization": {
          "shard": "11",
          "value": 0.020291779999992432
        }
      },
      {
        "reactor_utilization": {
          "shard": "12",
          "value": 0.024885939999974571
        }
      },
      {
        "reactor_utilization": {
          "shard": "13",
          "value": 0.023022179999931947
        }
      },
      {
        "reactor_utilization": {
          "shard": "14",
          "value": 0.021731919999967708
        }
      },
      {
        "reactor_utilization": {
          "shard": "15",
          "value": 0.021068780000033094
        }
      },
      {
        "reactor_utilization": {
          "shard": "16",
          "value": 0.022422459999993372
        }
      },
      {
        "reactor_utilization": {
          "shard": "17",
          "value": 0.020491400000011151
        }
      },
      {
        "reactor_utilization": {
          "shard": "18",
          "value": 0.020674219999949894
        }
      },
      {
        "reactor_utilization": {
          "shard": "19",
          "value": 0.021894860000049032
        }
      },
      {
        "reactor_utilization": {
          "shard": "20",
          "value": 0.019438480000000258
        }
      },
      {
        "reactor_utilization": {
          "shard": "21",
          "value": 0.023747819999919706
        }
      },
      {
        "reactor_utilization": {
          "shard": "22",
          "value": 0.021274820000038996
        }
      },
      {
        "reactor_utilization": {
          "shard": "23",
          "value": 0.023530959999973344
        }
      },
      {
        "reactor_utilization": {
          "shard": "24",
          "value": 0.022350660000047817
        }
      },
      {
        "reactor_utilization": {
          "shard": "25",
          "value": 0.023471860000001676
        }
      },
      {
        "reactor_utilization": {
          "shard": "26",
          "value": 0.023813659999993853
        }
      },
      {
        "reactor_utilization": {
          "shard": "27",
          "value": 0.022519140000043514
        }
      }
    ]
  },
  {
    "metrics": [
      {
        "reactor_utilization": {
          "shard": "0",
          "value": 0.10336214000009614
        }
      },
      {
        "reactor_utilization": {
          "shard": "1",
          "value": 0.023709699999918676
        }
      },
      {
        "reactor_utilization": {
          "shard": "2",
          "value": 0.025309759999947445
        }
      },
      {
        "reactor_utilization": {
          "shard": "3",
          "value": 0.024631780000072823
        }
      },
      {
        "reactor_utilization": {
          "shard": "4",
          "value": 0.041885919999973265
        }
      },
      {
        "reactor_utilization": {
          "shard": "5",
          "value": 0.02485216000001067
        }
      },
      {
        "reactor_utilization": {
          "shard": "6",
          "value": 0.025271260000003792
        }
      },
      {
        "reactor_utilization": {
          "shard": "7",
          "value": 0.020530179999933562
        }
      },
      {
        "reactor_utilization": {
          "shard": "8",
          "value": 0.026070019999946403
        }
      },
      {
        "reactor_utilization": {
          "shard": "9",
          "value": 0.025077960000019495
        }
      },
      {
        "reactor_utilization": {
          "shard": "10",
          "value": 0.022905299999953499
        }
      },
      {
        "reactor_utilization": {
          "shard": "11",
          "value": 0.024026499999973971
        }
      },
      {
        "reactor_utilization": {
          "shard": "12",
          "value": 0.025757899999967471
        }
      },
      {
        "reactor_utilization": {
          "shard": "13",
          "value": 0.022802599999915962
        }
      },
      {
        "reactor_utilization": {
          "shard": "14",
          "value": 0.025390199999941743
        }
      },
      {
        "reactor_utilization": {
          "shard": "15",
          "value": 0.021545400000033688
        }
      },
      {
        "reactor_utilization": {
          "shard": "16",
          "value": 0.023287559999984886
        }
      },
      {
        "reactor_utilization": {
          "shard": "17",
          "value": 0.019942000000028326
        }
      },
      {
        "reactor_utilization": {
          "shard": "18",
          "value": 0.022005139999947687
        }
      },
      {
        "reactor_utilization": {
          "shard": "19",
          "value": 0.021722540000046475
        }
      },
      {
        "reactor_utilization": {
          "shard": "20",
          "value": 0.02165078000000431
        }
      },
      {
        "reactor_utilization": {
          "shard": "21",
          "value": 0.024063059999912539
        }
      },
      {
        "reactor_utilization": {
          "shard": "22",
          "value": 0.024358080000042026
        }
      },
      {
        "reactor_utilization": {
          "shard": "23",
          "value": 0.024239499999978431
        }
      },
      {
        "reactor_utilization": {
          "shard": "24",
          "value": 0.025342400000050169
        }
      },
      {
        "reactor_utilization": {
          "shard": "25",
          "value": 0.022282859999989135
        }
      },
      {
        "reactor_utilization": {
          "shard": "26",
          "value": 0.023555080000003947
        }
      },
      {
        "reactor_utilization": {
          "shard": "27",
          "value": 0.022823600000054789
        }
      }
    ]
  },
  {
    "metrics": [
      {
        "reactor_utilization": {
          "shard": "0",
          "value": 0.091655600000084547
        }
      },
      {
        "reactor_utilization": {
          "shard": "1",
          "value": 0.019298299999914725
        }
      },
      {
        "reactor_utilization": {
          "shard": "2",
          "value": 0.0211184999999392
        }
      },
      {
        "reactor_utilization": {
          "shard": "3",
          "value": 0.024704840000067119
        }
      },
      {
        "reactor_utilization": {
          "shard": "4",
          "value": 0.040035959999951132
        }
      },
      {
        "reactor_utilization": {
          "shard": "5",
          "value": 0.026473419999994974
        }
      },
      {
        "reactor_utilization": {
          "shard": "6",
          "value": 0.024823139999985422
        }
      },
      {
        "reactor_utilization": {
          "shard": "7",
          "value": 0.021220719999925919
        }
      },
      {
        "reactor_utilization": {
          "shard": "8",
          "value": 0.025091439999957998
        }
      },
      {
        "reactor_utilization": {
          "shard": "9",
          "value": 0.025687159999998599
        }
      },
      {
        "reactor_utilization": {
          "shard": "10",
          "value": 0.022826619999949394
        }
      },
      {
        "reactor_utilization": {
          "shard": "11",
          "value": 0.025562379999977125
        }
      },
      {
        "reactor_utilization": {
          "shard": "12",
          "value": 0.024420099999966638
        }
      },
      {
        "reactor_utilization": {
          "shard": "13",
          "value": 0.025284159999916511
        }
      },
      {
        "reactor_utilization": {
          "shard": "14",
          "value": 0.023175539999953365
        }
      },
      {
        "reactor_utilization": {
          "shard": "15",
          "value": 0.022410940000039403
        }
      },
      {
        "reactor_utilization": {
          "shard": "16",
          "value": 0.022863959999974703
        }
      },
      {
        "reactor_utilization": {
          "shard": "17",
          "value": 0.020194040000032221
        }
      },
      {
        "reactor_utilization": {
          "shard": "18",
          "value": 0.022911159999938757
        }
      },
      {
        "reactor_utilization": {
          "shard": "19",
          "value": 0.02296520000004687
        }
      },
      {
        "reactor_utilization": {
          "shard": "20",
          "value": 0.023566019999998744
        }
      },
      {
        "reactor_utilization": {
          "shard": "21",
          "value": 0.02468875999991349
        }
      },
      {
        "reactor_utilization": {
          "shard": "22",
          "value": 0.02247434000004489
        }
      },
      {
        "reactor_utilization": {
          "shard": "23",
          "value": 0.024307099999987258
        }
      },
      {
        "reactor_utilization": {
          "shard": "24",
          "value": 0.024049460000041822
        }
      },
      {
        "reactor_utilization": {
          "shard": "25",
          "value": 0.021535679999984403
        }
      },
      {
        "reactor_utilization": {
          "shard": "26",
          "value": 0.024677819999996409
        }
      },
      {
        "reactor_utilization": {
          "shard": "27",
          "value": 0.025000680000042408
        }
      }
    ]
  },
  {
    "metrics": [
      {
        "reactor_utilization": {
          "shard": "0",
          "value": 0.087968940000082707
        }
      },
      {
        "reactor_utilization": {
          "shard": "1",
          "value": 0.019715099999928487
        }
      },
      {
        "reactor_utilization": {
          "shard": "2",
          "value": 0.02230627999996182
        }
      },
      {
        "reactor_utilization": {
          "shard": "3",
          "value": 0.021552040000050177
        }
      },
      {
        "reactor_utilization": {
          "shard": "4",
          "value": 0.037570059999958438
        }
      },
      {
        "reactor_utilization": {
          "shard": "5",
          "value": 0.021892160000014371
        }
      },
      {
        "reactor_utilization": {
          "shard": "6",
          "value": 0.021689199999985753
        }
      },
      {
        "reactor_utilization": {
          "shard": "7",
          "value": 0.018831039999911425
        }
      },
      {
        "reactor_utilization": {
          "shard": "8",
          "value": 0.019690999999932846
        }
      },
      {
        "reactor_utilization": {
          "shard": "9",
          "value": 0.02078397999998316
        }
      },
      {
        "reactor_utilization": {
          "shard": "10",
          "value": 0.021374279999952783
        }
      },
      {
        "reactor_utilization": {
          "shard": "11",
          "value": 0.022830339999979632
        }
      },
      {
        "reactor_utilization": {
          "shard": "12",
          "value": 0.023427759999961051
        }
      },
      {
        "reactor_utilization": {
          "shard": "13",
          "value": 0.023473179999911054
        }
      },
      {
        "reactor_utilization": {
          "shard": "14",
          "value": 0.019952039999959759
        }
      },
      {
        "reactor_utilization": {
          "shard": "15",
          "value": 0.019974080000040306
        }
      },
      {
        "reactor_utilization": {
          "shard": "16",
          "value": 0.022349739999971696
        }
      },
      {
        "reactor_utilization": {
          "shard": "17",
          "value": 0.020066320000022841
        }
      },
      {
        "reactor_utilization": {
          "shard": "18",
          "value": 0.021934459999950473
        }
      },
      {
        "reactor_utilization": {
          "shard": "19",
          "value": 0.021913240000070999
        }
      },
      {
        "reactor_utilization": {
          "shard": "20",
          "value": 0.023289700000006519
        }
      },
      {
        "reactor_utilization": {
          "shard": "21",
          "value": 0.021545539999934249
        }
      },
      {
        "reactor_utilization": {
          "shard": "22",
          "value": 0.023188360000025998
        }
      },
      {
        "reactor_utilization": {
          "shard": "23",
          "value": 0.02098339999998533
        }
      },
      {
        "reactor_utilization": {
          "shard": "24",
          "value": 0.022726700000041955
        }
      },
      {
        "reactor_utilization": {
          "shard": "25",
          "value": 0.022496559999973798
        }
      },
      {
        "reactor_utilization": {
          "shard": "26",
          "value": 0.020825079999997609
        }
      },
      {
        "reactor_utilization": {
          "shard": "27",
          "value": 0.024939640000054553
        }
      }
    ]
  },
  {
    "metrics": [
      {
        "reactor_utilization": {
          "shard": "0",
          "value": 0.099299200000091403
        }
      },
      {
        "reactor_utilization": {
          "shard": "1",
          "value": 0.022863159999930716
        }
      },
      {
        "reactor_utilization": {
          "shard": "2",
          "value": 0.023279999999969991
        }
      },
      {
        "reactor_utilization": {
          "shard": "3",
          "value": 0.025343940000088772
        }
      },
      {
        "reactor_utilization": {
          "shard": "4",
          "value": 0.046248119999947601
        }
      },
      {
        "reactor_utilization": {
          "shard": "5",
          "value": 0.024940100000026
        }
      },
      {
        "reactor_utilization": {
          "shard": "6",
          "value": 0.025267859999988929
        }
      },
      {
        "reactor_utilization": {
          "shard": "7",
          "value": 0.024709219999907717
        }
      },
      {
        "reactor_utilization": {
          "shard": "8",
          "value": 0.023852999999940394
        }
      },
      {
        "reactor_utilization": {
          "shard": "9",
          "value": 0.024196640000007097
        }
      },
      {
        "reactor_utilization": {
          "shard": "10",
          "value": 0.028010259999966536
        }
      },
      {
        "reactor_utilization": {
          "shard": "11",
          "value": 0.024070159999978191
        }
      },
      {
        "reactor_utilization": {
          "shard": "12",
          "value": 0.027478399999958381
        }
      },
      {
        "reactor_utilization": {
          "shard": "13",
          "value": 0.029213059999944058
        }
      },
      {
        "reactor_utilization": {
          "shard": "14",
          "value": 0.022956099999960067
        }
      },
      {
        "reactor_utilization": {
          "shard": "15",
          "value": 0.022621880000028849
        }
      },
      {
        "reactor_utilization": {
          "shard": "16",
          "value": 0.02518432000000459
        }
      },
      {
        "reactor_utilization": {
          "shard": "17",
          "value": 0.020944900000041677
        }
      },
      {
        "reactor_utilization": {
          "shard": "18",
          "value": 0.025290319999959898
        }
      },
      {
        "reactor_utilization": {
          "shard": "19",
          "value": 0.026095340000065192
        }
      },
      {
        "reactor_utilization": {
          "shard": "20",
          "value": 0.026652240000024641
        }
      },
      {
        "reactor_utilization": {
          "shard": "21",
          "value": 0.023087579999936381
        }
      },
      {
        "reactor_utilization": {
          "shard": "22",
          "value": 0.022824760000017541
        }
      },
      {
        "reactor_utilization": {
          "shard": "23",
          "value": 0.02075245999999531
        }
      },
      {
        "reactor_utilization": {
          "shard": "24",
          "value": 0.023762200000032596
        }
      },
      {
        "reactor_utilization": {
          "shard": "25",
          "value": 0.024243499999965223
        }
      },
      {
        "reactor_utilization": {
          "shard": "26",
          "value": 0.022430900000003362
        }
      },
      {
        "reactor_utilization": {
          "shard": "27",
          "value": 0.022810400000083941
        }
      }
    ]
  }
]
