{
  "fio version" : "fio-3.39-26-ga72fe",
  "timestamp" : 1751305440,
  "timestamp_ms" : 1751305440841,
  "time" : "Mon Jun 30 17:44:00 2025",
  "global options" : {
    "ioengine" : "rbd",
    "bs" : "64k",
    "rw" : "write",
    "direct" : "1",
    "runtime" : "5m",
    "time_based" : "",
    "group_reporting" : "",
    "ramp_time" : "30s",
    "thread" : "1",
    "iodepth" : "128",
    "latency_target" : "10000",
    "latency_window" : "5m",
    "latency_percentile" : "99.9",
    "random_generator" : "lfsr",
    "clientname" : "admin",
    "pool" : "rbd"
  },
  "jobs" : [
    {
      "jobname" : "fio_test_0",
      "groupid" : 0,
      "job_start" : 1751305140608,
      "error" : 0,
      "eta" : 0,
      "elapsed" : 331,
      "job options" : {
        "max_latency" : "1s",
        "rbdname" : "fio_test_27"
      },
      "read" : {
        "io_bytes" : 0,
        "io_kbytes" : 0,
        "bw_bytes" : 0,
        "bw" : 0,
        "iops" : 0.000000,
        "runtime" : 0,
        "total_ios" : 0,
        "short_ios" : 0,
        "drop_ios" : 0,
        "slat_ns" : {
          "min" : 0,
          "max" : 0,
          "mean" : 0.000000,
          "stddev" : 0.000000,
          "N" : 0
        },
        "clat_ns" : {
          "min" : 0,
          "max" : 0,
          "mean" : 0.000000,
          "stddev" : 0.000000,
          "N" : 0
        },
        "lat_ns" : {
          "min" : 0,
          "max" : 0,
          "mean" : 0.000000,
          "stddev" : 0.000000,
          "N" : 0
        },
        "bw_min" : 0,
        "bw_max" : 0,
        "bw_agg" : 0.000000,
        "bw_mean" : 0.000000,
        "bw_dev" : 0.000000,
        "bw_samples" : 0,
        "iops_min" : 0,
        "iops_max" : 0,
        "iops_mean" : 0.000000,
        "iops_stddev" : 0.000000,
        "iops_samples" : 0
      },
      "write" : {
        "io_bytes" : 143521873920,
        "io_kbytes" : 140158080,
        "bw_bytes" : 478396678,
        "bw" : 467184,
        "iops" : 7299.754005,
        "runtime" : 300006,
        "total_ios" : 2189970,
        "short_ios" : 0,
        "drop_ios" : 0,
        "slat_ns" : {
          "min" : 3874,
          "max" : 502683,
          "mean" : 20647.864227,
          "stddev" : 9894.355463,
          "N" : 2189970
        },
        "clat_ns" : {
          "min" : 369216,
          "max" : 401347648,
          "mean" : 3811816.174152,
          "stddev" : 2770890.005956,
          "N" : 2189970,
          "percentile" : {
            "1.000000" : 610304,
            "5.000000" : 962560,
            "10.000000" : 1384448,
            "20.000000" : 1941504,
            "30.000000" : 2441216,
            "40.000000" : 2899968,
            "50.000000" : 3358720,
            "60.000000" : 3850240,
            "70.000000" : 4358144,
            "80.000000" : 5144576,
            "90.000000" : 6520832,
            "95.000000" : 8159232,
            "99.000000" : 13041664,
            "99.500000" : 15663104,
            "99.900000" : 22937600,
            "99.950000" : 27918336,
            "99.990000" : 57933824
          }
        },
        "lat_ns" : {
          "min" : 377380,
          "max" : 401376701,
          "mean" : 3832464.038379,
          "stddev" : 2771537.171210,
          "N" : 2189970
        },
        "bw_min" : 92800,
        "bw_max" : 1195089,
        "bw_agg" : 100.000000,
        "bw_mean" : 467493.776032,
        "bw_dev" : 5615.133593,
        "bw_samples" : 16773,
        "iops_min" : 1450,
        "iops_max" : 18673,
        "iops_mean" : 7304.381397,
        "iops_stddev" : 87.735070,
        "iops_samples" : 16773
      },
      "trim" : {
        "io_bytes" : 0,
        "io_kbytes" : 0,
        "bw_bytes" : 0,
        "bw" : 0,
        "iops" : 0.000000,
        "runtime" : 0,
        "total_ios" : 0,
        "short_ios" : 0,
        "drop_ios" : 0,
        "slat_ns" : {
          "min" : 0,
          "max" : 0,
          "mean" : 0.000000,
          "stddev" : 0.000000,
          "N" : 0
        },
        "clat_ns" : {
          "min" : 0,
          "max" : 0,
          "mean" : 0.000000,
          "stddev" : 0.000000,
          "N" : 0
        },
        "lat_ns" : {
          "min" : 0,
          "max" : 0,
          "mean" : 0.000000,
          "stddev" : 0.000000,
          "N" : 0
        },
        "bw_min" : 0,
        "bw_max" : 0,
        "bw_agg" : 0.000000,
        "bw_mean" : 0.000000,
        "bw_dev" : 0.000000,
        "bw_samples" : 0,
        "iops_min" : 0,
        "iops_max" : 0,
        "iops_mean" : 0.000000,
        "iops_stddev" : 0.000000,
        "iops_samples" : 0
      },
      "sync" : {
        "total_ios" : 0,
        "lat_ns" : {
          "min" : 0,
          "max" : 0,
          "mean" : 0.000000,
          "stddev" : 0.000000,
          "N" : 0
        }
      },
      "job_runtime" : 8400035,
      "usr_cpu" : 0.712640,
      "sys_cpu" : 0.285427,
      "ctx" : 2192063,
      "majf" : 0,
      "minf" : 21506,
      "iodepth_level" : {
        "1" : 100.000000,
        "2" : 0.000000,
        "4" : 0.000000,
        "8" : 0.000000,
        "16" : 0.000000,
        "32" : 0.000000,
        ">=64" : 0.000000
      },
      "iodepth_submit" : {
        "0" : 0.000000,
        "4" : 100.000000,
        "8" : 0.000000,
        "16" : 0.000000,
        "32" : 0.000000,
        "64" : 0.000000,
        ">=64" : 0.000000
      },
      "iodepth_complete" : {
        "0" : 0.000000,
        "4" : 100.000000,
        "8" : 0.000000,
        "16" : 0.000000,
        "32" : 0.000000,
        "64" : 0.000000,
        ">=64" : 0.000000
      },
      "latency_ns" : {
        "2" : 0.000000,
        "4" : 0.000000,
        "10" : 0.000000,
        "20" : 0.000000,
        "50" : 0.000000,
        "100" : 0.000000,
        "250" : 0.000000,
        "500" : 0.000000,
        "750" : 0.000000,
        "1000" : 0.000000
      },
      "latency_us" : {
        "2" : 0.000000,
        "4" : 0.000000,
        "10" : 0.000000,
        "20" : 0.000000,
        "50" : 0.000000,
        "100" : 0.000000,
        "250" : 0.000000,
        "500" : 0.139043,
        "750" : 2.245602,
        "1000" : 3.158262
      },
      "latency_ms" : {
        "2" : 15.489071,
        "4" : 42.522089,
        "10" : 33.859733,
        "20" : 2.409439,
        "50" : 0.164066,
        "100" : 0.010000,
        "250" : 0.010000,
        "500" : 0.010000,
        "750" : 0.000000,
        "1000" : 0.000000,
        "2000" : 0.000000,
        ">=2000" : 0.000000
      },
      "latency_depth" : 1,
      "latency_target" : 10000000,
      "latency_percentile" : 99.900000,
      "latency_window" : 300000000
    }
  ],
  "disk_util" : [
    {
      "name" : "sda",
      "read_ios" : 0,
      "write_ios" : 6863,
      "read_sectors" : 0,
      "write_sectors" : 2804792,
      "read_merges" : 0,
      "write_merges" : 5569,
      "read_ticks" : 0,
      "write_ticks" : 17893,
      "in_queue" : 17965,
      "util" : 0.870620
    }
  ]
}
