[
    {
        "FIO": {
            "cpu": {
                "data": [
                    128.0166666666658
                ],
                "index": 1,
                "time": [
                    "17:40:38"
                ],
                "total": 133.1000000000001
            },
            "mem": {
                "data": [
                    38.010000000001945
                ],
                "index": 1,
                "time": [
                    "17:40:38"
                ],
                "total": 39.40000000000029
            }
        },
        "OSD": {
            "cpu": {
                "data": [
                    365.8733333333332
                ],
                "index": 1,
                "time": [
                    "17:40:38"
                ],
                "total": 381.5
            },
            "mem": {
                "data": [
                    65.93000000000036
                ],
                "index": 1,
                "time": [
                    "17:40:38"
                ],
                "total": 68.40000000000002
            }
        }
    }
]