{
  "fio version" : "fio-3.39-26-ga72fe",
  "timestamp" : 1750935740,
  "timestamp_ms" : 1750935740420,
  "time" : "Thu Jun 26 11:02:20 2025",
  "global options" : {
    "ioengine" : "rbd",
    "bs" : "4k",
    "rw" : "randread",
    "direct" : "1",
    "runtime" : "5m",
    "time_based" : "",
    "group_reporting" : "",
    "ramp_time" : "30s",
    "thread" : "1",
    "iodepth" : "24",
    "clientname" : "admin",
    "pool" : "rbd"
  },
  "jobs" : [
    {
      "jobname" : "fio_test_0",
      "groupid" : 0,
      "job_start" : 1750935440292,
      "error" : 0,
      "eta" : 0,
      "elapsed" : 331,
      "job options" : {
        "max_latency" : "1s",
        "numjobs" : "1",
        "rbdname" : "fio_test_31"
      },
      "read" : {
        "io_bytes" : 413004513280,
        "io_kbytes" : 403324720,
        "bw_bytes" : 1376594526,
        "bw" : 1344330,
        "iops" : 336080.188255,
        "runtime" : 300019,
        "total_ios" : 100830442,
        "short_ios" : 0,
        "drop_ios" : 0,
        "slat_ns" : {
          "min" : 424,
          "max" : 830415,
          "mean" : 2129.560510,
          "stddev" : 1233.114930,
          "N" : 100830444
        },
        "clat_ns" : {
          "min" : 141342,
          "max" : 135476888,
          "mean" : 2282455.320225,
          "stddev" : 8975679.899709,
          "N" : 100831178,
          "percentile" : {
            "1.000000" : 232448,
            "5.000000" : 325632,
            "10.000000" : 407552,
            "20.000000" : 544768,
            "30.000000" : 684032,
            "40.000000" : 847872,
            "50.000000" : 1036288,
            "60.000000" : 1302528,
            "70.000000" : 1646592,
            "80.000000" : 2244608,
            "90.000000" : 3129344,
            "95.000000" : 3981312,
            "99.000000" : 12386304,
            "99.500000" : 94896128,
            "99.900000" : 108527616,
            "99.950000" : 111673344,
            "99.990000" : 119013376
          }
        },
        "lat_ns" : {
          "min" : 143392,
          "max" : 135477492,
          "mean" : 2284584.880069,
          "stddev" : 8975670.997602,
          "N" : 100831178
        },
        "bw_min" : 703445,
        "bw_max" : 1652856,
        "bw_agg" : 100.000000,
        "bw_mean" : 1344955.038965,
        "bw_dev" : 3031.866051,
        "bw_samples" : 19185,
        "iops_min" : 175861,
        "iops_max" : 413213,
        "iops_mean" : 336237.508072,
        "iops_stddev" : 757.965441,
        "iops_samples" : 19185
      },
      "write" : {
        "io_bytes" : 0,
        "io_kbytes" : 0,
        "bw_bytes" : 0,
        "bw" : 0,
        "iops" : 0.000000,
        "runtime" : 0,
        "total_ios" : 0,
        "short_ios" : 0,
        "drop_ios" : 0,
        "slat_ns" : {
          "min" : 0,
          "max" : 0,
          "mean" : 0.000000,
          "stddev" : 0.000000,
          "N" : 0
        },
        "clat_ns" : {
          "min" : 0,
          "max" : 0,
          "mean" : 0.000000,
          "stddev" : 0.000000,
          "N" : 0
        },
        "lat_ns" : {
          "min" : 0,
          "max" : 0,
          "mean" : 0.000000,
          "stddev" : 0.000000,
          "N" : 0
        },
        "bw_min" : 0,
        "bw_max" : 0,
        "bw_agg" : 0.000000,
        "bw_mean" : 0.000000,
        "bw_dev" : 0.000000,
        "bw_samples" : 0,
        "iops_min" : 0,
        "iops_max" : 0,
        "iops_mean" : 0.000000,
        "iops_stddev" : 0.000000,
        "iops_samples" : 0
      },
      "trim" : {
        "io_bytes" : 0,
        "io_kbytes" : 0,
        "bw_bytes" : 0,
        "bw" : 0,
        "iops" : 0.000000,
        "runtime" : 0,
        "total_ios" : 0,
        "short_ios" : 0,
        "drop_ios" : 0,
        "slat_ns" : {
          "min" : 0,
          "max" : 0,
          "mean" : 0.000000,
          "stddev" : 0.000000,
          "N" : 0
        },
        "clat_ns" : {
          "min" : 0,
          "max" : 0,
          "mean" : 0.000000,
          "stddev" : 0.000000,
          "N" : 0
        },
        "lat_ns" : {
          "min" : 0,
          "max" : 0,
          "mean" : 0.000000,
          "stddev" : 0.000000,
          "N" : 0
        },
        "bw_min" : 0,
        "bw_max" : 0,
        "bw_agg" : 0.000000,
        "bw_mean" : 0.000000,
        "bw_dev" : 0.000000,
        "bw_samples" : 0,
        "iops_min" : 0,
        "iops_max" : 0,
        "iops_mean" : 0.000000,
        "iops_stddev" : 0.000000,
        "iops_samples" : 0
      },
      "sync" : {
        "total_ios" : 0,
        "lat_ns" : {
          "min" : 0,
          "max" : 0,
          "mean" : 0.000000,
          "stddev" : 0.000000,
          "N" : 0
        }
      },
      "job_runtime" : 9600502,
      "usr_cpu" : 3.495671,
      "sys_cpu" : 2.711442,
      "ctx" : 56793429,
      "majf" : 0,
      "minf" : 657,
      "iodepth_level" : {
        "1" : 0.000000,
        "2" : 0.000000,
        "4" : 0.000000,
        "8" : 0.000000,
        "16" : 100.000000,
        "32" : 0.000000,
        ">=64" : 0.000000
      },
      "iodepth_submit" : {
        "0" : 0.000000,
        "4" : 100.000000,
        "8" : 0.000000,
        "16" : 0.000000,
        "32" : 0.000000,
        "64" : 0.000000,
        ">=64" : 0.000000
      },
      "iodepth_complete" : {
        "0" : 0.000000,
        "4" : 99.999984,
        "8" : 0.000000,
        "16" : 0.000000,
        "32" : 0.100000,
        "64" : 0.000000,
        ">=64" : 0.000000
      },
      "latency_ns" : {
        "2" : 0.000000,
        "4" : 0.000000,
        "10" : 0.000000,
        "20" : 0.000000,
        "50" : 0.000000,
        "100" : 0.000000,
        "250" : 0.000000,
        "500" : 0.000000,
        "750" : 0.000000,
        "1000" : 0.000000
      },
      "latency_us" : {
        "2" : 0.000000,
        "4" : 0.000000,
        "10" : 0.000000,
        "20" : 0.000000,
        "50" : 0.000000,
        "100" : 0.000000,
        "250" : 1.594357,
        "500" : 15.034584,
        "750" : 17.377179,
        "1000" : 14.079079
      },
      "latency_ms" : {
        "2" : 28.164240,
        "4" : 19.009236,
        "10" : 3.675179,
        "20" : 0.149605,
        "50" : 0.028337,
        "100" : 0.581076,
        "250" : 0.307857,
        "500" : 0.000000,
        "750" : 0.000000,
        "1000" : 0.000000,
        "2000" : 0.000000,
        ">=2000" : 0.000000
      },
      "latency_depth" : 24,
      "latency_target" : 0,
      "latency_percentile" : 100.000000,
      "latency_window" : 0
    }
  ],
  "disk_util" : [
    {
      "name" : "sda",
      "read_ios" : 0,
      "write_ios" : 4632,
      "read_sectors" : 0,
      "write_sectors" : 110736,
      "read_merges" : 0,
      "write_merges" : 6483,
      "read_ticks" : 0,
      "write_ticks" : 892,
      "in_queue" : 941,
      "util" : 0.108190
    }
  ]
}
