{
  "fio version" : "fio-3.39-26-ga72fe",
  "timestamp" : 1750937069,
  "timestamp_ms" : 1750937069485,
  "time" : "Thu Jun 26 11:24:29 2025",
  "global options" : {
    "ioengine" : "rbd",
    "bs" : "4k",
    "rw" : "randread",
    "direct" : "1",
    "runtime" : "5m",
    "time_based" : "",
    "group_reporting" : "",
    "ramp_time" : "30s",
    "thread" : "1",
    "iodepth" : "64",
    "clientname" : "admin",
    "pool" : "rbd"
  },
  "jobs" : [
    {
      "jobname" : "fio_test_0",
      "groupid" : 0,
      "job_start" : 1750936769351,
      "error" : 0,
      "eta" : 0,
      "elapsed" : 331,
      "job options" : {
        "max_latency" : "1s",
        "numjobs" : "1",
        "rbdname" : "fio_test_31"
      },
      "read" : {
        "io_bytes" : 373525487616,
        "io_kbytes" : 364770984,
        "bw_bytes" : 1244802803,
        "bw" : 1215627,
        "iops" : 303900.212618,
        "runtime" : 300068,
        "total_ios" : 91190729,
        "short_ios" : 0,
        "drop_ios" : 0,
        "slat_ns" : {
          "min" : 420,
          "max" : 1099268,
          "mean" : 2219.948287,
          "stddev" : 1272.286614,
          "N" : 91190730
        },
        "clat_ns" : {
          "min" : 140530,
          "max" : 738942234,
          "mean" : 6738305.646952,
          "stddev" : 54241037.518169,
          "N" : 91192745,
          "percentile" : {
            "1.000000" : 207872,
            "5.000000" : 268288,
            "10.000000" : 329728,
            "20.000000" : 448512,
            "30.000000" : 577536,
            "40.000000" : 749568,
            "50.000000" : 1003520,
            "60.000000" : 1433600,
            "70.000000" : 2023424,
            "80.000000" : 2932736,
            "90.000000" : 3948544,
            "95.000000" : 4554752,
            "99.000000" : 41156608,
            "99.500000" : 599785472,
            "99.900000" : 641728512,
            "99.950000" : 650117120,
            "99.990000" : 666894336
          }
        },
        "lat_ns" : {
          "min" : 142438,
          "max" : 738944058,
          "mean" : 6740525.594435,
          "stddev" : 54241038.763087,
          "N" : 91192745
        },
        "bw_min" : 364696,
        "bw_max" : 1979208,
        "bw_agg" : 100.000000,
        "bw_mean" : 1216393.797312,
        "bw_dev" : 5915.882966,
        "bw_samples" : 19179,
        "iops_min" : 91174,
        "iops_max" : 494802,
        "iops_mean" : 304097.623945,
        "iops_stddev" : 1478.970999,
        "iops_samples" : 19179
      },
      "write" : {
        "io_bytes" : 0,
        "io_kbytes" : 0,
        "bw_bytes" : 0,
        "bw" : 0,
        "iops" : 0.000000,
        "runtime" : 0,
        "total_ios" : 0,
        "short_ios" : 0,
        "drop_ios" : 0,
        "slat_ns" : {
          "min" : 0,
          "max" : 0,
          "mean" : 0.000000,
          "stddev" : 0.000000,
          "N" : 0
        },
        "clat_ns" : {
          "min" : 0,
          "max" : 0,
          "mean" : 0.000000,
          "stddev" : 0.000000,
          "N" : 0
        },
        "lat_ns" : {
          "min" : 0,
          "max" : 0,
          "mean" : 0.000000,
          "stddev" : 0.000000,
          "N" : 0
        },
        "bw_min" : 0,
        "bw_max" : 0,
        "bw_agg" : 0.000000,
        "bw_mean" : 0.000000,
        "bw_dev" : 0.000000,
        "bw_samples" : 0,
        "iops_min" : 0,
        "iops_max" : 0,
        "iops_mean" : 0.000000,
        "iops_stddev" : 0.000000,
        "iops_samples" : 0
      },
      "trim" : {
        "io_bytes" : 0,
        "io_kbytes" : 0,
        "bw_bytes" : 0,
        "bw" : 0,
        "iops" : 0.000000,
        "runtime" : 0,
        "total_ios" : 0,
        "short_ios" : 0,
        "drop_ios" : 0,
        "slat_ns" : {
          "min" : 0,
          "max" : 0,
          "mean" : 0.000000,
          "stddev" : 0.000000,
          "N" : 0
        },
        "clat_ns" : {
          "min" : 0,
          "max" : 0,
          "mean" : 0.000000,
          "stddev" : 0.000000,
          "N" : 0
        },
        "lat_ns" : {
          "min" : 0,
          "max" : 0,
          "mean" : 0.000000,
          "stddev" : 0.000000,
          "N" : 0
        },
        "bw_min" : 0,
        "bw_max" : 0,
        "bw_agg" : 0.000000,
        "bw_mean" : 0.000000,
        "bw_dev" : 0.000000,
        "bw_samples" : 0,
        "iops_min" : 0,
        "iops_max" : 0,
        "iops_mean" : 0.000000,
        "iops_stddev" : 0.000000,
        "iops_samples" : 0
      },
      "sync" : {
        "total_ios" : 0,
        "lat_ns" : {
          "min" : 0,
          "max" : 0,
          "mean" : 0.000000,
          "stddev" : 0.000000,
          "N" : 0
        }
      },
      "job_runtime" : 9602037,
      "usr_cpu" : 3.338000,
      "sys_cpu" : 2.580536,
      "ctx" : 55359053,
      "majf" : 0,
      "minf" : 1390,
      "iodepth_level" : {
        "1" : 0.000000,
        "2" : 0.000000,
        "4" : 0.000000,
        "8" : 0.000000,
        "16" : 0.000000,
        "32" : 0.000000,
        ">=64" : 100.000000
      },
      "iodepth_submit" : {
        "0" : 0.000000,
        "4" : 100.000000,
        "8" : 0.000000,
        "16" : 0.000000,
        "32" : 0.000000,
        "64" : 0.000000,
        ">=64" : 0.000000
      },
      "iodepth_complete" : {
        "0" : 0.000000,
        "4" : 99.999982,
        "8" : 0.000000,
        "16" : 0.000000,
        "32" : 0.000000,
        "64" : 0.100000,
        ">=64" : 0.000000
      },
      "latency_ns" : {
        "2" : 0.000000,
        "4" : 0.000000,
        "10" : 0.000000,
        "20" : 0.000000,
        "50" : 0.000000,
        "100" : 0.000000,
        "250" : 0.000000,
        "500" : 0.000000,
        "750" : 0.000000,
        "1000" : 0.000000
      },
      "latency_us" : {
        "2" : 0.000000,
        "4" : 0.000000,
        "10" : 0.000000,
        "20" : 0.000000,
        "50" : 0.000000,
        "100" : 0.000000,
        "250" : 3.824781,
        "500" : 20.418732,
        "750" : 15.742873,
        "1000" : 10.004995
      },
      "latency_ms" : {
        "2" : 19.458838,
        "4" : 21.615826,
        "10" : 7.243755,
        "20" : 0.420973,
        "50" : 0.306952,
        "100" : 0.087795,
        "250" : 0.052002,
        "500" : 0.055533,
        "750" : 0.769155,
        "1000" : 0.000000,
        "2000" : 0.000000,
        ">=2000" : 0.000000
      },
      "latency_depth" : 64,
      "latency_target" : 0,
      "latency_percentile" : 100.000000,
      "latency_window" : 0
    }
  ],
  "disk_util" : [
    {
      "name" : "sda",
      "read_ios" : 1904,
      "write_ios" : 23158,
      "read_sectors" : 21312,
      "write_sectors" : 2049456,
      "read_merges" : 317,
      "write_merges" : 35250,
      "read_ticks" : 296,
      "write_ticks" : 13855,
      "in_queue" : 14246,
      "util" : 0.825229
    }
  ]
}
