{
  "fio version" : "fio-3.39-26-ga72fe",
  "timestamp" : 1750934743,
  "timestamp_ms" : 1750934743627,
  "time" : "Thu Jun 26 10:45:43 2025",
  "global options" : {
    "ioengine" : "rbd",
    "bs" : "4k",
    "rw" : "randread",
    "direct" : "1",
    "runtime" : "5m",
    "time_based" : "",
    "group_reporting" : "",
    "ramp_time" : "30s",
    "thread" : "1",
    "iodepth" : "4",
    "clientname" : "admin",
    "pool" : "rbd"
  },
  "jobs" : [
    {
      "jobname" : "fio_test_0",
      "groupid" : 0,
      "job_start" : 1750934443529,
      "error" : 0,
      "eta" : 0,
      "elapsed" : 331,
      "job options" : {
        "max_latency" : "1s",
        "numjobs" : "1",
        "rbdname" : "fio_test_31"
      },
      "read" : {
        "io_bytes" : 337945296896,
        "io_kbytes" : 330024704,
        "bw_bytes" : 1126476813,
        "bw" : 1100075,
        "iops" : 275018.433210,
        "runtime" : 300002,
        "total_ios" : 82506080,
        "short_ios" : 0,
        "drop_ios" : 0,
        "slat_ns" : {
          "min" : 441,
          "max" : 212133,
          "mean" : 2900.364674,
          "stddev" : 1208.020076,
          "N" : 82506080
        },
        "clat_ns" : {
          "min" : 137633,
          "max" : 14172790,
          "mean" : 461626.760593,
          "stddev" : 202857.382945,
          "N" : 82506176,
          "percentile" : {
            "1.000000" : 193536,
            "5.000000" : 218112,
            "10.000000" : 242688,
            "20.000000" : 292864,
            "30.000000" : 333824,
            "40.000000" : 374784,
            "50.000000" : 419840,
            "60.000000" : 468992,
            "70.000000" : 528384,
            "80.000000" : 602112,
            "90.000000" : 724992,
            "95.000000" : 847872,
            "99.000000" : 1105920,
            "99.500000" : 1220608,
            "99.900000" : 1531904,
            "99.950000" : 1695744,
            "99.990000" : 2179072
          }
        },
        "lat_ns" : {
          "min" : 140457,
          "max" : 14174975,
          "mean" : 464527.125215,
          "stddev" : 202857.996432,
          "N" : 82506176
        },
        "bw_min" : 1001954,
        "bw_max" : 1148083,
        "bw_agg" : 100.000000,
        "bw_mean" : 1100423.371491,
        "bw_dev" : 486.926451,
        "bw_samples" : 19190,
        "iops_min" : 250488,
        "iops_max" : 287018,
        "iops_mean" : 275104.482034,
        "iops_stddev" : 121.729066,
        "iops_samples" : 19190
      },
      "write" : {
        "io_bytes" : 0,
        "io_kbytes" : 0,
        "bw_bytes" : 0,
        "bw" : 0,
        "iops" : 0.000000,
        "runtime" : 0,
        "total_ios" : 0,
        "short_ios" : 0,
        "drop_ios" : 0,
        "slat_ns" : {
          "min" : 0,
          "max" : 0,
          "mean" : 0.000000,
          "stddev" : 0.000000,
          "N" : 0
        },
        "clat_ns" : {
          "min" : 0,
          "max" : 0,
          "mean" : 0.000000,
          "stddev" : 0.000000,
          "N" : 0
        },
        "lat_ns" : {
          "min" : 0,
          "max" : 0,
          "mean" : 0.000000,
          "stddev" : 0.000000,
          "N" : 0
        },
        "bw_min" : 0,
        "bw_max" : 0,
        "bw_agg" : 0.000000,
        "bw_mean" : 0.000000,
        "bw_dev" : 0.000000,
        "bw_samples" : 0,
        "iops_min" : 0,
        "iops_max" : 0,
        "iops_mean" : 0.000000,
        "iops_stddev" : 0.000000,
        "iops_samples" : 0
      },
      "trim" : {
        "io_bytes" : 0,
        "io_kbytes" : 0,
        "bw_bytes" : 0,
        "bw" : 0,
        "iops" : 0.000000,
        "runtime" : 0,
        "total_ios" : 0,
        "short_ios" : 0,
        "drop_ios" : 0,
        "slat_ns" : {
          "min" : 0,
          "max" : 0,
          "mean" : 0.000000,
          "stddev" : 0.000000,
          "N" : 0
        },
        "clat_ns" : {
          "min" : 0,
          "max" : 0,
          "mean" : 0.000000,
          "stddev" : 0.000000,
          "N" : 0
        },
        "lat_ns" : {
          "min" : 0,
          "max" : 0,
          "mean" : 0.000000,
          "stddev" : 0.000000,
          "N" : 0
        },
        "bw_min" : 0,
        "bw_max" : 0,
        "bw_agg" : 0.000000,
        "bw_mean" : 0.000000,
        "bw_dev" : 0.000000,
        "bw_samples" : 0,
        "iops_min" : 0,
        "iops_max" : 0,
        "iops_mean" : 0.000000,
        "iops_stddev" : 0.000000,
        "iops_samples" : 0
      },
      "sync" : {
        "total_ios" : 0,
        "lat_ns" : {
          "min" : 0,
          "max" : 0,
          "mean" : 0.000000,
          "stddev" : 0.000000,
          "N" : 0
        }
      },
      "job_runtime" : 9600001,
      "usr_cpu" : 3.657989,
      "sys_cpu" : 3.205739,
      "ctx" : 66205235,
      "majf" : 0,
      "minf" : 470,
      "iodepth_level" : {
        "1" : 0.000000,
        "2" : 0.000000,
        "4" : 100.000000,
        "8" : 0.000000,
        "16" : 0.000000,
        "32" : 0.000000,
        ">=64" : 0.000000
      },
      "iodepth_submit" : {
        "0" : 0.000000,
        "4" : 100.000000,
        "8" : 0.000000,
        "16" : 0.000000,
        "32" : 0.000000,
        "64" : 0.000000,
        ">=64" : 0.000000
      },
      "iodepth_complete" : {
        "0" : 0.000000,
        "4" : 100.000000,
        "8" : 0.000000,
        "16" : 0.000000,
        "32" : 0.000000,
        "64" : 0.000000,
        ">=64" : 0.000000
      },
      "latency_ns" : {
        "2" : 0.000000,
        "4" : 0.000000,
        "10" : 0.000000,
        "20" : 0.000000,
        "50" : 0.000000,
        "100" : 0.000000,
        "250" : 0.000000,
        "500" : 0.000000,
        "750" : 0.000000,
        "1000" : 0.000000
      },
      "latency_us" : {
        "2" : 0.000000,
        "4" : 0.000000,
        "10" : 0.000000,
        "20" : 0.000000,
        "50" : 0.000000,
        "100" : 0.000000,
        "250" : 11.367103,
        "500" : 54.028605,
        "750" : 25.804340,
        "1000" : 6.848307
      },
      "latency_ms" : {
        "2" : 1.935706,
        "4" : 0.015411,
        "10" : 0.010000,
        "20" : 0.010000,
        "50" : 0.000000,
        "100" : 0.000000,
        "250" : 0.000000,
        "500" : 0.000000,
        "750" : 0.000000,
        "1000" : 0.000000,
        "2000" : 0.000000,
        ">=2000" : 0.000000
      },
      "latency_depth" : 4,
      "latency_target" : 0,
      "latency_percentile" : 100.000000,
      "latency_window" : 0
    }
  ],
  "disk_util" : [
    {
      "name" : "sda",
      "read_ios" : 0,
      "write_ios" : 4558,
      "read_sectors" : 0,
      "write_sectors" : 107696,
      "read_merges" : 0,
      "write_merges" : 6347,
      "read_ticks" : 0,
      "write_ticks" : 956,
      "in_queue" : 1008,
      "util" : 0.121211
    }
  ]
}
