{
    "nvme0n1p2": {
        "read_time_ms": 0,
        "reads_completed": 0,
        "write_time_ms": 103443315,
        "writes_completed": 20156405
    },
    "nvme1n1p2": {
        "read_time_ms": 0,
        "reads_completed": 0,
        "write_time_ms": 0,
        "writes_completed": 0
    },
    "nvme2n1p2": {
        "read_time_ms": 0,
        "reads_completed": 0,
        "write_time_ms": 103444931,
        "writes_completed": 20161334
    },
    "nvme3n1p2": {
        "read_time_ms": 0,
        "reads_completed": 0,
        "write_time_ms": 103312358,
        "writes_completed": 20042396
    },
    "nvme4n1p2": {
        "read_time_ms": 0,
        "reads_completed": 0,
        "write_time_ms": 103444779,
        "writes_completed": 20157557
    },
    "nvme5n1p2": {
        "read_time_ms": 0,
        "reads_completed": 0,
        "write_time_ms": 103431900,
        "writes_completed": 20138289
    },
    "nvme6n1p2": {
        "read_time_ms": 0,
        "reads_completed": 0,
        "write_time_ms": 103440886,
        "writes_completed": 20134600
    },
    "nvme7n1p2": {
        "read_time_ms": 0,
        "reads_completed": 0,
        "write_time_ms": 0,
        "writes_completed": 0
    },
    "nvme8n1p2": {
        "read_time_ms": 0,
        "reads_completed": 0,
        "write_time_ms": 103442843,
        "writes_completed": 20165348
    },
    "nvme9n1p2": {
        "read_time_ms": 0,
        "reads_completed": 0,
        "write_time_ms": 103536131,
        "writes_completed": 10104868
    }
}