{
    "osd_0": {
        "0": {
            "reactor": [
                "637928",
                "637990",
                "638046"
            ]
        },
        "1": {
            "reactor": [
                "637936",
                "638000",
                "638047"
            ]
        },
        "2": {
            "reactor": [
                "637938",
                "637993",
                "638059"
            ]
        },
        "3": {
            "reactor": [
                "637940",
                "638014",
                "638077"
            ]
        },
        "4": {
            "reactor": [
                "637942",
                "638015",
                "638067"
            ]
        },
        "5": {
            "reactor": [
                "637944",
                "638010",
                "638055"
            ]
        },
        "6": {
            "reactor": [
                "637946",
                "638016",
                "638049"
            ]
        },
        "7": {
            "reactor": [
                "637948",
                "638005",
                "638083"
            ]
        },
        "8": {
            "reactor": [
                "637950",
                "638020",
                "638068"
            ]
        },
        "9": {
            "reactor": [
                "637952",
                "637999",
                "638072"
            ]
        },
        "10": {
            "reactor": [
                "637954",
                "638003",
                "638070"
            ]
        },
        "11": {
            "reactor": [
                "637956",
                "638025",
                "638071"
            ]
        },
        "12": {
            "reactor": [
                "637958",
                "638028",
                "638075"
            ]
        },
        "13": {
            "reactor": [
                "637960",
                "638007",
                "638054"
            ]
        },
        "14": {
            "reactor": [
                "637962",
                "638027",
                "638100"
            ]
        },
        "15": {
            "reactor": [
                "637964",
                "638008",
                "638098"
            ]
        },
        "16": {
            "reactor": [
                "637966",
                "638009",
                "638086"
            ]
        },
        "17": {
            "reactor": [
                "637968",
                "637992",
                "638080"
            ]
        },
        "18": {
            "reactor": [
                "637970",
                "638032",
                "638061"
            ]
        },
        "19": {
            "reactor": [
                "637972",
                "638031",
                "638079"
            ]
        },
        "20": {
            "reactor": [
                "637974",
                "638036",
                "638052"
            ]
        },
        "21": {
            "reactor": [
                "637976",
                "638024",
                "638097"
            ]
        },
        "22": {
            "reactor": [
                "637978",
                "637996",
                "638060"
            ]
        },
        "23": {
            "reactor": [
                "637980",
                "638041",
                "638048"
            ]
        },
        "24": {
            "reactor": [
                "637982",
                "638042",
                "638087"
            ]
        },
        "25": {
            "reactor": [
                "637984",
                "638038",
                "638090"
            ]
        },
        "26": {
            "reactor": [
                "637986",
                "638039",
                "638085"
            ]
        },
        "27": {
            "reactor": [
                "637988",
                "638045",
                "638096"
            ]
        },
        "56": {
            "reactor": [
                "637935",
                "637998",
                "638058"
            ]
        },
        "57": {
            "reactor": [
                "637937",
                "638006",
                "638057"
            ]
        },
        "58": {
            "reactor": [
                "637939",
                "637997",
                "638063"
            ]
        },
        "59": {
            "reactor": [
                "637941",
                "638019",
                "638078"
            ]
        },
        "60": {
            "reactor": [
                "637943",
                "638022",
                "638066"
            ]
        },
        "61": {
            "reactor": [
                "637945",
                "638026",
                "638064"
            ]
        },
        "62": {
            "reactor": [
                "637947",
                "638017",
                "638050"
            ]
        },
        "63": {
            "reactor": [
                "637949",
                "638021",
                "638082"
            ]
        },
        "64": {
            "reactor": [
                "637951",
                "638012",
                "638069"
            ]
        },
        "65": {
            "reactor": [
                "637953",
                "638011",
                "638073"
            ]
        },
        "66": {
            "reactor": [
                "637955",
                "638001",
                "638089"
            ]
        },
        "67": {
            "reactor": [
                "637957",
                "638018",
                "638051"
            ]
        },
        "68": {
            "reactor": [
                "637959",
                "638002",
                "638074"
            ]
        },
        "69": {
            "reactor": [
                "637961",
                "638029",
                "638053"
            ]
        },
        "70": {
            "reactor": [
                "637963",
                "638013",
                "638091"
            ]
        },
        "71": {
            "reactor": [
                "637965",
                "638033",
                "638099"
            ]
        },
        "72": {
            "reactor": [
                "637967",
                "637991",
                "638081"
            ]
        },
        "73": {
            "reactor": [
                "637969",
                "637994",
                "638056"
            ]
        },
        "74": {
            "reactor": [
                "637971",
                "638037",
                "638101"
            ]
        },
        "75": {
            "reactor": [
                "637973",
                "638004",
                "638093"
            ]
        },
        "76": {
            "reactor": [
                "637975",
                "638035",
                "638062"
            ]
        },
        "77": {
            "reactor": [
                "637977",
                "638034",
                "638094"
            ]
        },
        "78": {
            "reactor": [
                "637979",
                "638030",
                "638076"
            ]
        },
        "79": {
            "reactor": [
                "637981",
                "638023",
                "638065"
            ]
        },
        "80": {
            "reactor": [
                "637983",
                "638043",
                "638088"
            ]
        },
        "81": {
            "reactor": [
                "637985",
                "638040",
                "638092"
            ]
        },
        "82": {
            "reactor": [
                "637987",
                "637995",
                "638084"
            ]
        },
        "83": {
            "reactor": [
                "637989",
                "638044",
                "638095"
            ]
        }
    }
}