{
  "fio version" : "fio-3.39-26-ga72fe",
  "timestamp" : 1747130504,
  "timestamp_ms" : 1747130504995,
  "time" : "Tue May 13 10:01:44 2025",
  "global options" : {
    "write_iops_log" : "sea_1osd_28reactor_32fio_bal_osd_rc_1procs_randread",
    "write_bw_log" : "sea_1osd_28reactor_32fio_bal_osd_rc_1procs_randread",
    "write_lat_log" : "sea_1osd_28reactor_32fio_bal_osd_rc_1procs_randread",
    "ioengine" : "rbd",
    "bs" : "4k",
    "rw" : "randread",
    "direct" : "1",
    "runtime" : "5m",
    "time_based" : "",
    "group_reporting" : "",
    "ramp_time" : "30s",
    "thread" : "1",
    "iodepth" : "24",
    "clientname" : "admin",
    "pool" : "rbd"
  },
  "jobs" : [
    {
      "jobname" : "fio_test_0",
      "groupid" : 0,
      "job_start" : 1747130464490,
      "error" : 110,
      "eta" : 0,
      "elapsed" : 71,
      "job options" : {
        "max_latency" : "1s",
        "numjobs" : "1",
        "rbdname" : "fio_test_31"
      },
      "read" : {
        "io_bytes" : 11354345472,
        "io_kbytes" : 11088228,
        "bw_bytes" : 284819903,
        "bw" : 278144,
        "iops" : 69517.647059,
        "runtime" : 39865,
        "total_ios" : 2771321,
        "short_ios" : 0,
        "drop_ios" : 0,
        "slat_ns" : {
          "min" : 440,
          "max" : 319808,
          "mean" : 2183.294107,
          "stddev" : 1156.685023,
          "N" : 2771321
        },
        "clat_ns" : {
          "min" : 199585,
          "max" : 30156257470,
          "mean" : 10942832.361374,
          "stddev" : 494880485.934049,
          "N" : 2772057,
          "percentile" : {
            "1.000000" : 456704,
            "5.000000" : 724992,
            "10.000000" : 913408,
            "20.000000" : 1171456,
            "30.000000" : 1400832,
            "40.000000" : 1597440,
            "50.000000" : 1843200,
            "60.000000" : 2056192,
            "70.000000" : 2408448,
            "80.000000" : 2899968,
            "90.000000" : 3686400,
            "95.000000" : 5013504,
            "99.000000" : 25559040,
            "99.500000" : 35389440,
            "99.900000" : 70778880,
            "99.950000" : 90701824,
            "99.990000" : 17112760320
          }
        },
        "lat_ns" : {
          "min" : 202283,
          "max" : 30156262697,
          "mean" : 10945015.662816,
          "stddev" : 494880492.226725,
          "N" : 2772057
        },
        "bw_min" : 0,
        "bw_max" : 591194,
        "bw_agg" : 28.953302,
        "bw_mean" : 80532.365060,
        "bw_dev" : 1574.627013,
        "bw_samples" : 2772057,
        "iops_min" : 32,
        "iops_max" : 32,
        "iops_mean" : 32.000000,
        "iops_stddev" : 0.000000,
        "iops_samples" : 2772057
      },
      "write" : {
        "io_bytes" : 0,
        "io_kbytes" : 0,
        "bw_bytes" : 0,
        "bw" : 0,
        "iops" : 0.000000,
        "runtime" : 0,
        "total_ios" : 0,
        "short_ios" : 0,
        "drop_ios" : 0,
        "slat_ns" : {
          "min" : 0,
          "max" : 0,
          "mean" : 0.000000,
          "stddev" : 0.000000,
          "N" : 0
        },
        "clat_ns" : {
          "min" : 0,
          "max" : 0,
          "mean" : 0.000000,
          "stddev" : 0.000000,
          "N" : 0
        },
        "lat_ns" : {
          "min" : 0,
          "max" : 0,
          "mean" : 0.000000,
          "stddev" : 0.000000,
          "N" : 0
        },
        "bw_min" : 0,
        "bw_max" : 0,
        "bw_agg" : 0.000000,
        "bw_mean" : 0.000000,
        "bw_dev" : 0.000000,
        "bw_samples" : 0,
        "iops_min" : 0,
        "iops_max" : 0,
        "iops_mean" : 0.000000,
        "iops_stddev" : 0.000000,
        "iops_samples" : 0
      },
      "trim" : {
        "io_bytes" : 0,
        "io_kbytes" : 0,
        "bw_bytes" : 0,
        "bw" : 0,
        "iops" : 0.000000,
        "runtime" : 0,
        "total_ios" : 0,
        "short_ios" : 0,
        "drop_ios" : 0,
        "slat_ns" : {
          "min" : 0,
          "max" : 0,
          "mean" : 0.000000,
          "stddev" : 0.000000,
          "N" : 0
        },
        "clat_ns" : {
          "min" : 0,
          "max" : 0,
          "mean" : 0.000000,
          "stddev" : 0.000000,
          "N" : 0
        },
        "lat_ns" : {
          "min" : 0,
          "max" : 0,
          "mean" : 0.000000,
          "stddev" : 0.000000,
          "N" : 0
        },
        "bw_min" : 0,
        "bw_max" : 0,
        "bw_agg" : 0.000000,
        "bw_mean" : 0.000000,
        "bw_dev" : 0.000000,
        "bw_samples" : 0,
        "iops_min" : 0,
        "iops_max" : 0,
        "iops_mean" : 0.000000,
        "iops_stddev" : 0.000000,
        "iops_samples" : 0
      },
      "sync" : {
        "total_ios" : 0,
        "lat_ns" : {
          "min" : 0,
          "max" : 0,
          "mean" : 0.000000,
          "stddev" : 0.000000,
          "N" : 0
        }
      },
      "job_runtime" : 1267929,
      "usr_cpu" : 0.823153,
      "sys_cpu" : 0.606422,
      "ctx" : 1536179,
      "majf" : 0,
      "minf" : 161087,
      "iodepth_level" : {
        "1" : 0.100000,
        "2" : 0.100000,
        "4" : 0.100000,
        "8" : 0.100000,
        "16" : 99.897161,
        "32" : 0.000000,
        ">=64" : 0.000000
      },
      "iodepth_submit" : {
        "0" : 0.000000,
        "4" : 100.000000,
        "8" : 0.000000,
        "16" : 0.000000,
        "32" : 0.000000,
        "64" : 0.000000,
        ">=64" : 0.000000
      },
      "iodepth_complete" : {
        "0" : 0.100000,
        "4" : 99.998845,
        "8" : 0.000000,
        "16" : 0.000000,
        "32" : 0.100000,
        "64" : 0.000000,
        ">=64" : 0.000000
      },
      "latency_ns" : {
        "2" : 0.000000,
        "4" : 0.000000,
        "10" : 0.000000,
        "20" : 0.000000,
        "50" : 0.000000,
        "100" : 0.000000,
        "250" : 0.000000,
        "500" : 0.000000,
        "750" : 0.000000,
        "1000" : 0.000000
      },
      "latency_us" : {
        "2" : 0.000000,
        "4" : 0.000000,
        "10" : 0.000000,
        "20" : 0.000000,
        "50" : 0.000000,
        "100" : 0.000000,
        "250" : 0.019088,
        "500" : 1.375986,
        "750" : 4.081988,
        "1000" : 7.627301
      },
      "latency_ms" : {
        "2" : 43.920679,
        "4" : 34.884627,
        "10" : 5.152380,
        "20" : 1.423725,
        "50" : 1.307427,
        "100" : 0.190884,
        "250" : 0.014758,
        "500" : 0.000000,
        "750" : 0.000000,
        "1000" : 0.000000,
        "2000" : 0.000000,
        ">=2000" : 0.027712
      },
      "latency_depth" : 24,
      "latency_target" : 0,
      "latency_percentile" : 100.000000,
      "latency_window" : 0
    }
  ],
  "disk_util" : [
    {
      "name" : "sda",
      "read_ios" : 8,
      "write_ios" : 2544,
      "read_sectors" : 80,
      "write_sectors" : 661312,
      "read_merges" : 0,
      "write_merges" : 2689,
      "read_ticks" : 4,
      "write_ticks" : 3462,
      "in_queue" : 3501,
      "util" : 1.023949
    }
  ]
}
