{
  "fio version" : "fio-3.39-26-ga72fe",
  "timestamp" : 1747131059,
  "timestamp_ms" : 1747131059080,
  "time" : "Tue May 13 10:10:59 2025",
  "global options" : {
    "write_iops_log" : "sea_1osd_28reactor_32fio_bal_osd_rc_1procs_randread",
    "write_bw_log" : "sea_1osd_28reactor_32fio_bal_osd_rc_1procs_randread",
    "write_lat_log" : "sea_1osd_28reactor_32fio_bal_osd_rc_1procs_randread",
    "ioengine" : "rbd",
    "bs" : "4k",
    "rw" : "randread",
    "direct" : "1",
    "runtime" : "5m",
    "time_based" : "",
    "group_reporting" : "",
    "ramp_time" : "30s",
    "thread" : "1",
    "iodepth" : "52",
    "clientname" : "admin",
    "pool" : "rbd"
  },
  "jobs" : [
    {
      "jobname" : "fio_test_0",
      "groupid" : 0,
      "job_start" : 1747131024074,
      "error" : 110,
      "eta" : 0,
      "elapsed" : 66,
      "job options" : {
        "max_latency" : "1s",
        "numjobs" : "1",
        "rbdname" : "fio_test_31"
      },
      "read" : {
        "io_bytes" : 5003350016,
        "io_kbytes" : 4886084,
        "bw_bytes" : 143489919,
        "bw" : 140126,
        "iops" : 34984.857610,
        "runtime" : 34869,
        "total_ios" : 1219887,
        "short_ios" : 0,
        "drop_ios" : 0,
        "slat_ns" : {
          "min" : 448,
          "max" : 91646,
          "mean" : 2044.051721,
          "stddev" : 1130.446669,
          "N" : 1219889
        },
        "clat_ns" : {
          "min" : 187862,
          "max" : 30526502121,
          "mean" : 46357168.904090,
          "stddev" : 1097899447.473102,
          "N" : 1221519,
          "percentile" : {
            "1.000000" : 346112,
            "5.000000" : 561152,
            "10.000000" : 757760,
            "20.000000" : 1073152,
            "30.000000" : 1400832,
            "40.000000" : 1695744,
            "50.000000" : 2023424,
            "60.000000" : 2473984,
            "70.000000" : 2998272,
            "80.000000" : 3784704,
            "90.000000" : 5275648,
            "95.000000" : 10158080,
            "99.000000" : 156237824,
            "99.500000" : 200278016,
            "99.900000" : 17112760320,
            "99.950000" : 17112760320,
            "99.990000" : 17112760320
          }
        },
        "lat_ns" : {
          "min" : 189216,
          "max" : 30526504639,
          "mean" : 46359213.132285,
          "stddev" : 1097899460.449500,
          "N" : 1221519
        },
        "bw_min" : 0,
        "bw_max" : 618933,
        "bw_agg" : 59.899288,
        "bw_mean" : 83935.105301,
        "bw_dev" : 2161.299070,
        "bw_samples" : 1221519,
        "iops_min" : 32,
        "iops_max" : 32,
        "iops_mean" : 32.000000,
        "iops_stddev" : 0.000000,
        "iops_samples" : 1221519
      },
      "write" : {
        "io_bytes" : 0,
        "io_kbytes" : 0,
        "bw_bytes" : 0,
        "bw" : 0,
        "iops" : 0.000000,
        "runtime" : 0,
        "total_ios" : 0,
        "short_ios" : 0,
        "drop_ios" : 0,
        "slat_ns" : {
          "min" : 0,
          "max" : 0,
          "mean" : 0.000000,
          "stddev" : 0.000000,
          "N" : 0
        },
        "clat_ns" : {
          "min" : 0,
          "max" : 0,
          "mean" : 0.000000,
          "stddev" : 0.000000,
          "N" : 0
        },
        "lat_ns" : {
          "min" : 0,
          "max" : 0,
          "mean" : 0.000000,
          "stddev" : 0.000000,
          "N" : 0
        },
        "bw_min" : 0,
        "bw_max" : 0,
        "bw_agg" : 0.000000,
        "bw_mean" : 0.000000,
        "bw_dev" : 0.000000,
        "bw_samples" : 0,
        "iops_min" : 0,
        "iops_max" : 0,
        "iops_mean" : 0.000000,
        "iops_stddev" : 0.000000,
        "iops_samples" : 0
      },
      "trim" : {
        "io_bytes" : 0,
        "io_kbytes" : 0,
        "bw_bytes" : 0,
        "bw" : 0,
        "iops" : 0.000000,
        "runtime" : 0,
        "total_ios" : 0,
        "short_ios" : 0,
        "drop_ios" : 0,
        "slat_ns" : {
          "min" : 0,
          "max" : 0,
          "mean" : 0.000000,
          "stddev" : 0.000000,
          "N" : 0
        },
        "clat_ns" : {
          "min" : 0,
          "max" : 0,
          "mean" : 0.000000,
          "stddev" : 0.000000,
          "N" : 0
        },
        "lat_ns" : {
          "min" : 0,
          "max" : 0,
          "mean" : 0.000000,
          "stddev" : 0.000000,
          "N" : 0
        },
        "bw_min" : 0,
        "bw_max" : 0,
        "bw_agg" : 0.000000,
        "bw_mean" : 0.000000,
        "bw_dev" : 0.000000,
        "bw_samples" : 0,
        "iops_min" : 0,
        "iops_max" : 0,
        "iops_mean" : 0.000000,
        "iops_stddev" : 0.000000,
        "iops_samples" : 0
      },
      "sync" : {
        "total_ios" : 0,
        "lat_ns" : {
          "min" : 0,
          "max" : 0,
          "mean" : 0.000000,
          "stddev" : 0.000000,
          "N" : 0
        }
      },
      "job_runtime" : 1108066,
      "usr_cpu" : 0.400518,
      "sys_cpu" : 0.283467,
      "ctx" : 657269,
      "majf" : 0,
      "minf" : 97984,
      "iodepth_level" : {
        "1" : 0.100000,
        "2" : 0.100000,
        "4" : 0.100000,
        "8" : 0.102960,
        "16" : 0.205921,
        "32" : 99.600947,
        ">=64" : 0.000000
      },
      "iodepth_submit" : {
        "0" : 0.000000,
        "4" : 100.000000,
        "8" : 0.000000,
        "16" : 0.000000,
        "32" : 0.000000,
        "64" : 0.000000,
        ">=64" : 0.000000
      },
      "iodepth_complete" : {
        "0" : 0.100000,
        "4" : 99.997418,
        "8" : 0.000000,
        "16" : 0.000000,
        "32" : 0.000000,
        "64" : 0.100000,
        ">=64" : 0.000000
      },
      "latency_ns" : {
        "2" : 0.000000,
        "4" : 0.000000,
        "10" : 0.000000,
        "20" : 0.000000,
        "50" : 0.000000,
        "100" : 0.000000,
        "250" : 0.000000,
        "500" : 0.000000,
        "750" : 0.000000,
        "1000" : 0.000000
      },
      "latency_us" : {
        "2" : 0.000000,
        "4" : 0.000000,
        "10" : 0.000000,
        "20" : 0.000000,
        "50" : 0.000000,
        "100" : 0.000000,
        "250" : 0.107469,
        "500" : 3.616564,
        "750" : 6.172211,
        "1000" : 7.768424
      },
      "latency_ms" : {
        "2" : 31.330935,
        "4" : 33.624016,
        "10" : 12.436152,
        "20" : 1.594820,
        "50" : 0.935906,
        "100" : 0.946153,
        "250" : 1.341600,
        "500" : 0.124520,
        "750" : 0.000000,
        "1000" : 0.000000,
        "2000" : 0.000000,
        ">=2000" : 0.135013
      },
      "latency_depth" : 52,
      "latency_target" : 0,
      "latency_percentile" : 100.000000,
      "latency_window" : 0
    }
  ],
  "disk_util" : [
    {
      "name" : "sda",
      "read_ios" : 7,
      "write_ios" : 1881,
      "read_sectors" : 72,
      "write_sectors" : 244680,
      "read_merges" : 0,
      "write_merges" : 2434,
      "read_ticks" : 2,
      "write_ticks" : 908,
      "in_queue" : 929,
      "util" : 0.513746
    }
  ]
}
