[
    {
        "FIO": {
            "cpu": {
                "data": [
                    247.00000000000225,
                    127.0333333333332,
                    101.70000000000022,
                    109.96000000000036,
                    111.47666666666696,
                    197.18000000000066,
                    854.0233333333163,
                    434.9266666666651,
                    110.94333333333365,
                    632.249999999993
                ],
                "index": 10,
                "time": [
                    "09:47:15",
                    "09:50:14",
                    "09:53:13",
                    "09:56:12",
                    "09:59:11",
                    "10:02:31",
                    "10:05:31",
                    "10:08:36",
                    "10:11:50",
                    "10:14:50"
                ],
                "total": 0.0
            },
            "mem": {
                "data": [
                    42.02000000000484,
                    16.500000000001467,
                    16.500000000001467,
                    16.500000000001467,
                    19.486666666668814,
                    36.00000000000356,
                    322.50000000002336,
                    190.72000000002345,
                    16.500000000001467,
                    265.49999999995424
                ],
                "index": 10,
                "time": [
                    "09:47:15",
                    "09:50:14",
                    "09:53:13",
                    "09:56:12",
                    "09:59:11",
                    "10:02:31",
                    "10:05:31",
                    "10:08:36",
                    "10:11:50",
                    "10:14:50"
                ],
                "total": 0.0
            }
        },
        "OSD": {
            "cpu": {
                "data": [
                    850.0266666666696,
                    0.0,
                    0.0,
                    0.0,
                    0.0,
                    0.0,
                    0.0,
                    0.0,
                    0.0,
                    0.0
                ],
                "index": 10,
                "time": [
                    "09:47:15",
                    "09:50:14",
                    "09:53:13",
                    "09:56:12",
                    "09:59:11",
                    "10:02:31",
                    "10:05:31",
                    "10:08:36",
                    "10:11:50",
                    "10:14:50"
                ],
                "total": 0.0
            },
            "mem": {
                "data": [
                    632.7799999999992,
                    0.0,
                    0.0,
                    0.0,
                    0.0,
                    0.0,
                    0.0,
                    0.0,
                    0.0,
                    0.0
                ],
                "index": 10,
                "time": [
                    "09:47:15",
                    "09:50:14",
                    "09:53:13",
                    "09:56:12",
                    "09:59:11",
                    "10:02:31",
                    "10:05:31",
                    "10:08:36",
                    "10:11:50",
                    "10:14:50"
                ],
                "total": 0.0
            }
        }
    }
]