{
    "metrics": [
        {
            "reactor_utilization": {
                "shard": "0",
                "value": 93.644061020000109
            }
        },
        {
            "reactor_utilization": {
                "shard": "1",
                "value": 99.994269239999994
            }
        },
        {
            "reactor_utilization": {
                "shard": "2",
                "value": 98.978357940000009
            }
        },
        {
            "reactor_utilization": {
                "shard": "3",
                "value": 98.452212259999996
            }
        },
        {
            "reactor_utilization": {
                "shard": "4",
                "value": 98.063974920000078
            }
        },
        {
            "reactor_utilization": {
                "shard": "5",
                "value": 99.994476320000061
            }
        },
        {
            "reactor_utilization": {
                "shard": "6",
                "value": 99.939532959999909
            }
        },
        {
            "reactor_utilization": {
                "shard": "7",
                "value": 99.988610980000018
            }
        },
        {
            "reactor_utilization": {
                "shard": "8",
                "value": 99.303756719999996
            }
        },
        {
            "reactor_utilization": {
                "shard": "9",
                "value": 97.753142760000031
            }
        },
        {
            "reactor_utilization": {
                "shard": "10",
                "value": 99.977316519999917
            }
        },
        {
            "reactor_utilization": {
                "shard": "11",
                "value": 95.712035199999974
            }
        },
        {
            "reactor_utilization": {
                "shard": "12",
                "value": 99.999999999999972
            }
        },
        {
            "reactor_utilization": {
                "shard": "13",
                "value": 99.999999999999972
            }
        },
        {
            "reactor_utilization": {
                "shard": "14",
                "value": 99.116540900000132
            }
        },
        {
            "reactor_utilization": {
                "shard": "15",
                "value": 99.555012099999942
            }
        },
        {
            "reactor_utilization": {
                "shard": "16",
                "value": 99.100855219999985
            }
        },
        {
            "reactor_utilization": {
                "shard": "17",
                "value": 99.839720660000012
            }
        },
        {
            "reactor_utilization": {
                "shard": "18",
                "value": 91.280103419999989
            }
        },
        {
            "reactor_utilization": {
                "shard": "19",
                "value": 63.911811920000005
            }
        },
        {
            "reactor_utilization": {
                "shard": "20",
                "value": 94.699436700000035
            }
        },
        {
            "reactor_utilization": {
                "shard": "21",
                "value": 63.04682468
            }
        },
        {
            "reactor_utilization": {
                "shard": "22",
                "value": 91.771703499999973
            }
        },
        {
            "reactor_utilization": {
                "shard": "23",
                "value": 90.684812980000089
            }
        },
        {
            "reactor_utilization": {
                "shard": "24",
                "value": 96.282882620000066
            }
        },
        {
            "reactor_utilization": {
                "shard": "25",
                "value": 66.151610280000114
            }
        },
        {
            "reactor_utilization": {
                "shard": "26",
                "value": 95.117198940000009
            }
        },
        {
            "reactor_utilization": {
                "shard": "27",
                "value": 65.651105880000031
            }
        }
    ]
}
{
    "metrics": [
        {
            "reactor_utilization": {
                "shard": "0",
                "value": 93.142007500000119
            }
        },
        {
            "reactor_utilization": {
                "shard": "1",
                "value": 99.525855879999995
            }
        },
        {
            "reactor_utilization": {
                "shard": "2",
                "value": 98.187245220000008
            }
        },
        {
            "reactor_utilization": {
                "shard": "3",
                "value": 96.930512780000001
            }
        },
        {
            "reactor_utilization": {
                "shard": "4",
                "value": 97.195417160000076
            }
        },
        {
            "reactor_utilization": {
                "shard": "5",
                "value": 99.414897180000068
            }
        },
        {
            "reactor_utilization": {
                "shard": "6",
                "value": 98.80407101999991
            }
        },
        {
            "reactor_utilization": {
                "shard": "7",
                "value": 99.308412640000014
            }
        },
        {
            "reactor_utilization": {
                "shard": "8",
                "value": 97.72355838
            }
        },
        {
            "reactor_utilization": {
                "shard": "9",
                "value": 96.70050356000003
            }
        },
        {
            "reactor_utilization": {
                "shard": "10",
                "value": 99.152547539999929
            }
        },
        {
            "reactor_utilization": {
                "shard": "11",
                "value": 95.556930439999974
            }
        },
        {
            "reactor_utilization": {
                "shard": "12",
                "value": 99.303602299999966
            }
        },
        {
            "reactor_utilization": {
                "shard": "13",
                "value": 99.999666559999966
            }
        },
        {
            "reactor_utilization": {
                "shard": "14",
                "value": 97.824936600000129
            }
        },
        {
            "reactor_utilization": {
                "shard": "15",
                "value": 98.208616099999929
            }
        },
        {
            "reactor_utilization": {
                "shard": "16",
                "value": 97.510121739999974
            }
        },
        {
            "reactor_utilization": {
                "shard": "17",
                "value": 98.414499400000011
            }
        },
        {
            "reactor_utilization": {
                "shard": "18",
                "value": 91.335033399999986
            }
        },
        {
            "reactor_utilization": {
                "shard": "19",
                "value": 64.12790124
            }
        },
        {
            "reactor_utilization": {
                "shard": "20",
                "value": 92.41616300000004
            }
        },
        {
            "reactor_utilization": {
                "shard": "21",
                "value": 63.84598605999998
            }
        },
        {
            "reactor_utilization": {
                "shard": "22",
                "value": 92.295780679999979
            }
        },
        {
            "reactor_utilization": {
                "shard": "23",
                "value": 90.260796280000079
            }
        },
        {
            "reactor_utilization": {
                "shard": "24",
                "value": 94.127698700000067
            }
        },
        {
            "reactor_utilization": {
                "shard": "25",
                "value": 66.342705240000114
            }
        },
        {
            "reactor_utilization": {
                "shard": "26",
                "value": 93.137922340000003
            }
        },
        {
            "reactor_utilization": {
                "shard": "27",
                "value": 65.051228920000042
            }
        }
    ]
}
{
    "metrics": [
        {
            "reactor_utilization": {
                "shard": "0",
                "value": 93.451164960000128
            }
        },
        {
            "reactor_utilization": {
                "shard": "2",
                "value": 98.41577134000002
            }
        },
        {
            "reactor_utilization": {
                "shard": "3",
                "value": 97.850204959999999
            }
        },
        {
            "reactor_utilization": {
                "shard": "4",
                "value": 97.950616940000074
            }
        },
        {
            "reactor_utilization": {
                "shard": "5",
                "value": 99.97415646000006
            }
        },
        {
            "reactor_utilization": {
                "shard": "6",
                "value": 99.775347459999907
            }
        },
        {
            "reactor_utilization": {
                "shard": "7",
                "value": 99.909784320000014
            }
        },
        {
            "reactor_utilization": {
                "shard": "8",
                "value": 98.783838520000003
            }
        },
        {
            "reactor_utilization": {
                "shard": "9",
                "value": 97.092719280000026
            }
        },
        {
            "reactor_utilization": {
                "shard": "10",
                "value": 99.896609159999912
            }
        },
        {
            "reactor_utilization": {
                "shard": "11",
                "value": 95.650831559999986
            }
        },
        {
            "reactor_utilization": {
                "shard": "12",
                "value": 99.98226637999997
            }
        },
        {
            "reactor_utilization": {
                "shard": "13",
                "value": 99.999999999999972
            }
        },
        {
            "reactor_utilization": {
                "shard": "14",
                "value": 98.892947520000135
            }
        },
        {
            "reactor_utilization": {
                "shard": "15",
                "value": 99.09726435999994
            }
        },
        {
            "reactor_utilization": {
                "shard": "16",
                "value": 98.524857779999991
            }
        },
        {
            "reactor_utilization": {
                "shard": "17",
                "value": 99.555545320000007
            }
        },
        {
            "reactor_utilization": {
                "shard": "18",
                "value": 91.50335797999999
            }
        },
        {
            "reactor_utilization": {
                "shard": "19",
                "value": 64.720141159999997
            }
        },
        {
            "reactor_utilization": {
                "shard": "20",
                "value": 93.718158240000037
            }
        },
        {
            "reactor_utilization": {
                "shard": "21",
                "value": 63.799287279999994
            }
        },
        {
            "reactor_utilization": {
                "shard": "22",
                "value": 91.689735699999986
            }
        },
        {
            "reactor_utilization": {
                "shard": "23",
                "value": 90.004210660000084
            }
        },
        {
            "reactor_utilization": {
                "shard": "24",
                "value": 95.762642440000064
            }
        },
        {
            "reactor_utilization": {
                "shard": "25",
                "value": 66.705839940000104
            }
        },
        {
            "reactor_utilization": {
                "shard": "26",
                "value": 94.523461740000002
            }
        },
        {
            "reactor_utilization": {
                "shard": "27",
                "value": 65.964318500000047
            }
        }
    ]
}
{
    "metrics": [
        {
            "reactor_utilization": {
                "shard": "0",
                "value": 93.620373400000119
            }
        },
        {
            "reactor_utilization": {
                "shard": "1",
                "value": 99.98352002
            }
        },
        {
            "reactor_utilization": {
                "shard": "2",
                "value": 99.021519940000019
            }
        },
        {
            "reactor_utilization": {
                "shard": "3",
                "value": 97.669305039999998
            }
        },
        {
            "reactor_utilization": {
                "shard": "4",
                "value": 97.567922340000067
            }
        },
        {
            "reactor_utilization": {
                "shard": "5",
                "value": 99.95631666000007
            }
        },
        {
            "reactor_utilization": {
                "shard": "6",
                "value": 99.956105099999903
            }
        },
        {
            "reactor_utilization": {
                "shard": "7",
                "value": 99.972951620000018
            }
        },
        {
            "reactor_utilization": {
                "shard": "8",
                "value": 98.648917959999991
            }
        },
        {
            "reactor_utilization": {
                "shard": "9",
                "value": 97.757231660000031
            }
        },
        {
            "reactor_utilization": {
                "shard": "10",
                "value": 99.980903339999912
            }
        },
        {
            "reactor_utilization": {
                "shard": "11",
                "value": 96.315741199999977
            }
        },
        {
            "reactor_utilization": {
                "shard": "12",
                "value": 99.996665299999975
            }
        },
        {
            "reactor_utilization": {
                "shard": "13",
                "value": 99.999999999999972
            }
        },
        {
            "reactor_utilization": {
                "shard": "14",
                "value": 98.127215160000134
            }
        },
        {
            "reactor_utilization": {
                "shard": "15",
                "value": 99.517584959999937
            }
        },
        {
            "reactor_utilization": {
                "shard": "16",
                "value": 98.789520799999991
            }
        },
        {
            "reactor_utilization": {
                "shard": "17",
                "value": 99.849628280000019
            }
        },
        {
            "reactor_utilization": {
                "shard": "18",
                "value": 92.176756779999991
            }
        },
        {
            "reactor_utilization": {
                "shard": "19",
                "value": 64.020691060000004
            }
        },
        {
            "reactor_utilization": {
                "shard": "20",
                "value": 93.88200214000004
            }
        },
        {
            "reactor_utilization": {
                "shard": "21",
                "value": 63.185992299999995
            }
        },
        {
            "reactor_utilization": {
                "shard": "22",
                "value": 91.785481119999986
            }
        },
        {
            "reactor_utilization": {
                "shard": "23",
                "value": 91.618575060000069
            }
        },
        {
            "reactor_utilization": {
                "shard": "24",
                "value": 92.89266150000006
            }
        },
        {
            "reactor_utilization": {
                "shard": "25",
                "value": 65.862155900000104
            }
        },
        {
            "reactor_utilization": {
                "shard": "26",
                "value": 93.930783399999996
            }
        },
        {
            "reactor_utilization": {
                "shard": "27",
                "value": 66.131822900000031
            }
        }
    ]
}
{
    "metrics": [
        {
            "reactor_utilization": {
                "shard": "0",
                "value": 93.537221900000105
            }
        },
        {
            "reactor_utilization": {
                "shard": "1",
                "value": 99.998098499999998
            }
        },
        {
            "reactor_utilization": {
                "shard": "2",
                "value": 98.426243159999999
            }
        },
        {
            "reactor_utilization": {
                "shard": "3",
                "value": 97.428734399999996
            }
        },
        {
            "reactor_utilization": {
                "shard": "4",
                "value": 97.372278420000072
            }
        },
        {
            "reactor_utilization": {
                "shard": "5",
                "value": 99.948810000000066
            }
        },
        {
            "reactor_utilization": {
                "shard": "6",
                "value": 99.707169639999904
            }
        },
        {
            "reactor_utilization": {
                "shard": "7",
                "value": 99.927497280000026
            }
        },
        {
            "reactor_utilization": {
                "shard": "8",
                "value": 98.726006439999992
            }
        },
        {
            "reactor_utilization": {
                "shard": "9",
                "value": 96.879949900000028
            }
        },
        {
            "reactor_utilization": {
                "shard": "10",
                "value": 99.856588739999921
            }
        },
        {
            "reactor_utilization": {
                "shard": "11",
                "value": 94.724692879999978
            }
        },
        {
            "reactor_utilization": {
                "shard": "12",
                "value": 99.978476419999978
            }
        },
        {
            "reactor_utilization": {
                "shard": "13",
                "value": 99.999999999999972
            }
        },
        {
            "reactor_utilization": {
                "shard": "14",
                "value": 96.730489200000136
            }
        },
        {
            "reactor_utilization": {
                "shard": "15",
                "value": 98.788770699999944
            }
        },
        {
            "reactor_utilization": {
                "shard": "16",
                "value": 98.637380259999986
            }
        },
        {
            "reactor_utilization": {
                "shard": "17",
                "value": 99.658112860000017
            }
        },
        {
            "reactor_utilization": {
                "shard": "18",
                "value": 91.68167957999998
            }
        },
        {
            "reactor_utilization": {
                "shard": "19",
                "value": 62.896888520000005
            }
        },
        {
            "reactor_utilization": {
                "shard": "20",
                "value": 93.120370340000036
            }
        },
        {
            "reactor_utilization": {
                "shard": "21",
                "value": 63.814658339999994
            }
        },
        {
            "reactor_utilization": {
                "shard": "22",
                "value": 91.542676159999985
            }
        },
        {
            "reactor_utilization": {
                "shard": "23",
                "value": 89.699236100000078
            }
        },
        {
            "reactor_utilization": {
                "shard": "24",
                "value": 97.078663360000064
            }
        },
        {
            "reactor_utilization": {
                "shard": "25",
                "value": 66.028613460000102
            }
        },
        {
            "reactor_utilization": {
                "shard": "26",
                "value": 93.324952539999998
            }
        },
        {
            "reactor_utilization": {
                "shard": "27",
                "value": 64.614206300000035
            }
        }
    ]
}
{
    "metrics": [
        {
            "reactor_utilization": {
                "shard": "0",
                "value": 91.300169720000113
            }
        },
        {
            "reactor_utilization": {
                "shard": "1",
                "value": 99.835316980000002
            }
        },
        {
            "reactor_utilization": {
                "shard": "2",
                "value": 98.287415400000015
            }
        },
        {
            "reactor_utilization": {
                "shard": "3",
                "value": 95.630705460000001
            }
        },
        {
            "reactor_utilization": {
                "shard": "4",
                "value": 97.745434380000077
            }
        },
        {
            "reactor_utilization": {
                "shard": "5",
                "value": 99.870466320000062
            }
        },
        {
            "reactor_utilization": {
                "shard": "6",
                "value": 99.818996999999911
            }
        },
        {
            "reactor_utilization": {
                "shard": "7",
                "value": 99.801540800000026
            }
        },
        {
            "reactor_utilization": {
                "shard": "8",
                "value": 97.113388499999999
            }
        },
        {
            "reactor_utilization": {
                "shard": "9",
                "value": 95.810705160000026
            }
        },
        {
            "reactor_utilization": {
                "shard": "10",
                "value": 99.870798419999915
            }
        },
        {
            "reactor_utilization": {
                "shard": "11",
                "value": 94.222174619999976
            }
        },
        {
            "reactor_utilization": {
                "shard": "12",
                "value": 99.962841379999972
            }
        },
        {
            "reactor_utilization": {
                "shard": "13",
                "value": 99.999999999999972
            }
        },
        {
            "reactor_utilization": {
                "shard": "14",
                "value": 97.997399900000133
            }
        },
        {
            "reactor_utilization": {
                "shard": "15",
                "value": 98.777826099999942
            }
        },
        {
            "reactor_utilization": {
                "shard": "16",
                "value": 98.210348379999985
            }
        },
        {
            "reactor_utilization": {
                "shard": "17",
                "value": 99.422557560000016
            }
        },
        {
            "reactor_utilization": {
                "shard": "18",
                "value": 90.229144559999995
            }
        },
        {
            "reactor_utilization": {
                "shard": "19",
                "value": 63.413594100000005
            }
        },
        {
            "reactor_utilization": {
                "shard": "20",
                "value": 87.620252800000046
            }
        },
        {
            "reactor_utilization": {
                "shard": "21",
                "value": 62.321472079999985
            }
        },
        {
            "reactor_utilization": {
                "shard": "22",
                "value": 89.710876699999986
            }
        },
        {
            "reactor_utilization": {
                "shard": "23",
                "value": 88.690890980000063
            }
        },
        {
            "reactor_utilization": {
                "shard": "24",
                "value": 94.697873060000063
            }
        },
        {
            "reactor_utilization": {
                "shard": "25",
                "value": 64.277653160000085
            }
        },
        {
            "reactor_utilization": {
                "shard": "26",
                "value": 90.050610300000002
            }
        },
        {
            "reactor_utilization": {
                "shard": "27",
                "value": 64.627487500000029
            }
        }
    ]
}
{
    "metrics": [
        {
            "reactor_utilization": {
                "shard": "0",
                "value": 87.89343654000011
            }
        },
        {
            "reactor_utilization": {
                "shard": "1",
                "value": 99.995269440000001
            }
        },
        {
            "reactor_utilization": {
                "shard": "2",
                "value": 97.98890944
            }
        },
        {
            "reactor_utilization": {
                "shard": "3",
                "value": 96.428375779999996
            }
        },
        {
            "reactor_utilization": {
                "shard": "4",
                "value": 97.505442020000061
            }
        },
        {
            "reactor_utilization": {
                "shard": "5",
                "value": 99.905705920000059
            }
        },
        {
            "reactor_utilization": {
                "shard": "6",
                "value": 99.720758199999906
            }
        },
        {
            "reactor_utilization": {
                "shard": "7",
                "value": 99.244571240000013
            }
        },
        {
            "reactor_utilization": {
                "shard": "8",
                "value": 97.429127539999996
            }
        },
        {
            "reactor_utilization": {
                "shard": "9",
                "value": 94.568869480000032
            }
        },
        {
            "reactor_utilization": {
                "shard": "10",
                "value": 99.730687119999914
            }
        },
        {
            "reactor_utilization": {
                "shard": "11",
                "value": 95.137943079999971
            }
        },
        {
            "reactor_utilization": {
                "shard": "12",
                "value": 99.859995919999974
            }
        },
        {
            "reactor_utilization": {
                "shard": "13",
                "value": 99.999999999999972
            }
        },
        {
            "reactor_utilization": {
                "shard": "14",
                "value": 96.432763940000129
            }
        },
        {
            "reactor_utilization": {
                "shard": "15",
                "value": 98.75132073999994
            }
        },
        {
            "reactor_utilization": {
                "shard": "16",
                "value": 96.504749339999989
            }
        },
        {
            "reactor_utilization": {
                "shard": "17",
                "value": 97.685726500000015
            }
        },
        {
            "reactor_utilization": {
                "shard": "18",
                "value": 90.47138627999999
            }
        },
        {
            "reactor_utilization": {
                "shard": "19",
                "value": 61.574484240000004
            }
        },
        {
            "reactor_utilization": {
                "shard": "20",
                "value": 90.272224960000045
            }
        },
        {
            "reactor_utilization": {
                "shard": "21",
                "value": 61.370625139999987
            }
        },
        {
            "reactor_utilization": {
                "shard": "22",
                "value": 88.243083019999986
            }
        },
        {
            "reactor_utilization": {
                "shard": "23",
                "value": 88.545081000000067
            }
        },
        {
            "reactor_utilization": {
                "shard": "24",
                "value": 92.502753400000074
            }
        },
        {
            "reactor_utilization": {
                "shard": "25",
                "value": 64.719582920000093
            }
        },
        {
            "reactor_utilization": {
                "shard": "26",
                "value": 91.940210640000004
            }
        },
        {
            "reactor_utilization": {
                "shard": "27",
                "value": 64.261993620000041
            }
        }
    ]
}
{
    "metrics": [
        {
            "reactor_utilization": {
                "shard": "0",
                "value": 89.97034038000011
            }
        },
        {
            "reactor_utilization": {
                "shard": "1",
                "value": 99.923003379999997
            }
        },
        {
            "reactor_utilization": {
                "shard": "2",
                "value": 97.731548820000015
            }
        },
        {
            "reactor_utilization": {
                "shard": "3",
                "value": 97.713526040000005
            }
        },
        {
            "reactor_utilization": {
                "shard": "4",
                "value": 97.740933380000072
            }
        },
        {
            "reactor_utilization": {
                "shard": "5",
                "value": 99.878096820000067
            }
        },
        {
            "reactor_utilization": {
                "shard": "6",
                "value": 99.518872819999899
            }
        },
        {
            "reactor_utilization": {
                "shard": "7",
                "value": 99.427758560000015
            }
        },
        {
            "reactor_utilization": {
                "shard": "8",
                "value": 98.517784199999994
            }
        },
        {
            "reactor_utilization": {
                "shard": "9",
                "value": 94.898688820000032
            }
        },
        {
            "reactor_utilization": {
                "shard": "10",
                "value": 99.678896199999926
            }
        },
        {
            "reactor_utilization": {
                "shard": "11",
                "value": 91.323491779999983
            }
        },
        {
            "reactor_utilization": {
                "shard": "12",
                "value": 99.944432859999978
            }
        },
        {
            "reactor_utilization": {
                "shard": "13",
                "value": 99.999999999999972
            }
        },
        {
            "reactor_utilization": {
                "shard": "14",
                "value": 98.538405620000134
            }
        },
        {
            "reactor_utilization": {
                "shard": "15",
                "value": 97.038442999999944
            }
        },
        {
            "reactor_utilization": {
                "shard": "16",
                "value": 98.337246759999985
            }
        },
        {
            "reactor_utilization": {
                "shard": "17",
                "value": 99.219277440000013
            }
        },
        {
            "reactor_utilization": {
                "shard": "18",
                "value": 86.133885759999998
            }
        },
        {
            "reactor_utilization": {
                "shard": "19",
                "value": 59.976954460000009
            }
        },
        {
            "reactor_utilization": {
                "shard": "20",
                "value": 88.894984340000036
            }
        },
        {
            "reactor_utilization": {
                "shard": "21",
                "value": 57.857437519999998
            }
        },
        {
            "reactor_utilization": {
                "shard": "22",
                "value": 84.205498119999973
            }
        },
        {
            "reactor_utilization": {
                "shard": "23",
                "value": 82.344357380000076
            }
        },
        {
            "reactor_utilization": {
                "shard": "24",
                "value": 93.712860420000069
            }
        },
        {
            "reactor_utilization": {
                "shard": "25",
                "value": 61.715025240000102
            }
        },
        {
            "reactor_utilization": {
                "shard": "26",
                "value": 90.918318040000003
            }
        },
        {
            "reactor_utilization": {
                "shard": "27",
                "value": 61.186526520000029
            }
        }
    ]
}
{
    "metrics": [
        {
            "reactor_utilization": {
                "shard": "0",
                "value": 86.931288260000116
            }
        },
        {
            "reactor_utilization": {
                "shard": "2",
                "value": 94.76876012000001
            }
        },
        {
            "reactor_utilization": {
                "shard": "3",
                "value": 92.828040679999987
            }
        },
        {
            "reactor_utilization": {
                "shard": "4",
                "value": 92.099026100000074
            }
        },
        {
            "reactor_utilization": {
                "shard": "5",
                "value": 98.645003380000063
            }
        },
        {
            "reactor_utilization": {
                "shard": "6",
                "value": 96.59287777999991
            }
        },
        {
            "reactor_utilization": {
                "shard": "7",
                "value": 97.820697920000015
            }
        },
        {
            "reactor_utilization": {
                "shard": "8",
                "value": 94.801157099999998
            }
        },
        {
            "reactor_utilization": {
                "shard": "9",
                "value": 92.319822240000022
            }
        },
        {
            "reactor_utilization": {
                "shard": "10",
                "value": 96.127167099999923
            }
        },
        {
            "reactor_utilization": {
                "shard": "11",
                "value": 86.254470279999978
            }
        },
        {
            "reactor_utilization": {
                "shard": "12",
                "value": 96.752809179999971
            }
        },
        {
            "reactor_utilization": {
                "shard": "13",
                "value": 99.307642019999975
            }
        },
        {
            "reactor_utilization": {
                "shard": "14",
                "value": 92.562679880000132
            }
        },
        {
            "reactor_utilization": {
                "shard": "15",
                "value": 96.003492799999933
            }
        },
        {
            "reactor_utilization": {
                "shard": "16",
                "value": 94.165064079999979
            }
        },
        {
            "reactor_utilization": {
                "shard": "17",
                "value": 96.620192900000006
            }
        },
        {
            "reactor_utilization": {
                "shard": "18",
                "value": 80.611581739999991
            }
        },
        {
            "reactor_utilization": {
                "shard": "19",
                "value": 63.027690380000024
            }
        },
        {
            "reactor_utilization": {
                "shard": "20",
                "value": 84.998001060000036
            }
        },
        {
            "reactor_utilization": {
                "shard": "21",
                "value": 56.647087460000002
            }
        },
        {
            "reactor_utilization": {
                "shard": "22",
                "value": 84.135330959999976
            }
        },
        {
            "reactor_utilization": {
                "shard": "23",
                "value": 78.417754240000065
            }
        },
        {
            "reactor_utilization": {
                "shard": "24",
                "value": 85.542722900000072
            }
        },
        {
            "reactor_utilization": {
                "shard": "25",
                "value": 61.364747440000109
            }
        },
        {
            "reactor_utilization": {
                "shard": "26",
                "value": 86.467862019999998
            }
        },
        {
            "reactor_utilization": {
                "shard": "27",
                "value": 58.98826796000003
            }
        }
    ]
}
{
    "metrics": [
        {
            "reactor_utilization": {
                "shard": "0",
                "value": 88.348791240000125
            }
        },
        {
            "reactor_utilization": {
                "shard": "1",
                "value": 99.679363559999999
            }
        },
        {
            "reactor_utilization": {
                "shard": "2",
                "value": 95.917062000000016
            }
        },
        {
            "reactor_utilization": {
                "shard": "3",
                "value": 95.68267582
            }
        },
        {
            "reactor_utilization": {
                "shard": "4",
                "value": 94.688088160000078
            }
        },
        {
            "reactor_utilization": {
                "shard": "5",
                "value": 98.98968494000006
            }
        },
        {
            "reactor_utilization": {
                "shard": "6",
                "value": 97.535229639999912
            }
        },
        {
            "reactor_utilization": {
                "shard": "7",
                "value": 98.870328900000018
            }
        },
        {
            "reactor_utilization": {
                "shard": "8",
                "value": 96.46856523999999
            }
        },
        {
            "reactor_utilization": {
                "shard": "9",
                "value": 94.529702300000025
            }
        },
        {
            "reactor_utilization": {
                "shard": "10",
                "value": 98.918603139999917
            }
        },
        {
            "reactor_utilization": {
                "shard": "11",
                "value": 90.508186079999973
            }
        },
        {
            "reactor_utilization": {
                "shard": "12",
                "value": 99.425638239999984
            }
        },
        {
            "reactor_utilization": {
                "shard": "13",
                "value": 99.811543219999976
            }
        },
        {
            "reactor_utilization": {
                "shard": "14",
                "value": 95.581849940000126
            }
        },
        {
            "reactor_utilization": {
                "shard": "15",
                "value": 96.687747539999933
            }
        },
        {
            "reactor_utilization": {
                "shard": "16",
                "value": 95.891484599999984
            }
        },
        {
            "reactor_utilization": {
                "shard": "17",
                "value": 98.019438900000011
            }
        },
        {
            "reactor_utilization": {
                "shard": "18",
                "value": 87.147285159999981
            }
        },
        {
            "reactor_utilization": {
                "shard": "19",
                "value": 56.011085520000023
            }
        },
        {
            "reactor_utilization": {
                "shard": "20",
                "value": 87.999160080000038
            }
        },
        {
            "reactor_utilization": {
                "shard": "21",
                "value": 55.656412159999988
            }
        },
        {
            "reactor_utilization": {
                "shard": "22",
                "value": 88.376062959999985
            }
        },
        {
            "reactor_utilization": {
                "shard": "23",
                "value": 84.625812760000073
            }
        },
        {
            "reactor_utilization": {
                "shard": "24",
                "value": 90.785427700000071
            }
        },
        {
            "reactor_utilization": {
                "shard": "25",
                "value": 59.79325244000011
            }
        },
        {
            "reactor_utilization": {
                "shard": "26",
                "value": 87.724335799999992
            }
        },
        {
            "reactor_utilization": {
                "shard": "27",
                "value": 60.858428860000025
            }
        }
    ]
}
{
    "metrics": [
        {
            "reactor_utilization": {
                "shard": "0",
                "value": 88.449138860000119
            }
        },
        {
            "reactor_utilization": {
                "shard": "1",
                "value": 99.50647266
            }
        },
        {
            "reactor_utilization": {
                "shard": "2",
                "value": 94.863515300000017
            }
        },
        {
            "reactor_utilization": {
                "shard": "3",
                "value": 94.766182919999991
            }
        },
        {
            "reactor_utilization": {
                "shard": "4",
                "value": 92.780258520000075
            }
        },
        {
            "reactor_utilization": {
                "shard": "5",
                "value": 98.422396460000058
            }
        },
        {
            "reactor_utilization": {
                "shard": "6",
                "value": 97.448208319999907
            }
        },
        {
            "reactor_utilization": {
                "shard": "7",
                "value": 97.84931468000002
            }
        },
        {
            "reactor_utilization": {
                "shard": "8",
                "value": 93.379378000000003
            }
        },
        {
            "reactor_utilization": {
                "shard": "9",
                "value": 93.622103940000031
            }
        },
        {
            "reactor_utilization": {
                "shard": "10",
                "value": 98.25343063999992
            }
        },
        {
            "reactor_utilization": {
                "shard": "11",
                "value": 91.349316019999975
            }
        },
        {
            "reactor_utilization": {
                "shard": "12",
                "value": 98.128758099999985
            }
        },
        {
            "reactor_utilization": {
                "shard": "13",
                "value": 99.061926179999972
            }
        },
        {
            "reactor_utilization": {
                "shard": "14",
                "value": 93.735803160000131
            }
        },
        {
            "reactor_utilization": {
                "shard": "15",
                "value": 96.000747619999942
            }
        },
        {
            "reactor_utilization": {
                "shard": "16",
                "value": 94.106404499999982
            }
        },
        {
            "reactor_utilization": {
                "shard": "17",
                "value": 96.05948964000001
            }
        },
        {
            "reactor_utilization": {
                "shard": "18",
                "value": 86.689764919999988
            }
        },
        {
            "reactor_utilization": {
                "shard": "19",
                "value": 59.151291280000017
            }
        },
        {
            "reactor_utilization": {
                "shard": "20",
                "value": 85.840410560000038
            }
        },
        {
            "reactor_utilization": {
                "shard": "21",
                "value": 54.207531299999992
            }
        },
        {
            "reactor_utilization": {
                "shard": "22",
                "value": 83.832724859999971
            }
        },
        {
            "reactor_utilization": {
                "shard": "23",
                "value": 85.000166380000081
            }
        },
        {
            "reactor_utilization": {
                "shard": "24",
                "value": 86.005511600000062
            }
        },
        {
            "reactor_utilization": {
                "shard": "25",
                "value": 57.917002080000103
            }
        },
        {
            "reactor_utilization": {
                "shard": "26",
                "value": 86.292572820000004
            }
        },
        {
            "reactor_utilization": {
                "shard": "27",
                "value": 61.41987888000002
            }
        }
    ]
}
{
    "metrics": [
        {
            "reactor_utilization": {
                "shard": "0",
                "value": 89.290436520000128
            }
        },
        {
            "reactor_utilization": {
                "shard": "1",
                "value": 99.911561340000006
            }
        },
        {
            "reactor_utilization": {
                "shard": "2",
                "value": 99.333955520000004
            }
        },
        {
            "reactor_utilization": {
                "shard": "3",
                "value": 97.183280359999998
            }
        },
        {
            "reactor_utilization": {
                "shard": "4",
                "value": 97.770607000000069
            }
        },
        {
            "reactor_utilization": {
                "shard": "5",
                "value": 99.995380260000061
            }
        },
        {
            "reactor_utilization": {
                "shard": "6",
                "value": 99.907416279999907
            }
        },
        {
            "reactor_utilization": {
                "shard": "7",
                "value": 99.994844400000019
            }
        },
        {
            "reactor_utilization": {
                "shard": "8",
                "value": 98.772820159999995
            }
        },
        {
            "reactor_utilization": {
                "shard": "9",
                "value": 96.927592020000034
            }
        },
        {
            "reactor_utilization": {
                "shard": "10",
                "value": 99.960974519999922
            }
        },
        {
            "reactor_utilization": {
                "shard": "11",
                "value": 94.143056199999975
            }
        },
        {
            "reactor_utilization": {
                "shard": "12",
                "value": 99.998019859999971
            }
        },
        {
            "reactor_utilization": {
                "shard": "13",
                "value": 99.999999999999972
            }
        },
        {
            "reactor_utilization": {
                "shard": "14",
                "value": 97.663457980000132
            }
        },
        {
            "reactor_utilization": {
                "shard": "15",
                "value": 99.658916879999936
            }
        },
        {
            "reactor_utilization": {
                "shard": "16",
                "value": 98.597597319999991
            }
        },
        {
            "reactor_utilization": {
                "shard": "17",
                "value": 99.660991719999998
            }
        },
        {
            "reactor_utilization": {
                "shard": "18",
                "value": 87.339361239999988
            }
        },
        {
            "reactor_utilization": {
                "shard": "19",
                "value": 57.441571920000023
            }
        },
        {
            "reactor_utilization": {
                "shard": "20",
                "value": 89.346181480000041
            }
        },
        {
            "reactor_utilization": {
                "shard": "21",
                "value": 56.009748359999989
            }
        },
        {
            "reactor_utilization": {
                "shard": "22",
                "value": 87.625441559999985
            }
        },
        {
            "reactor_utilization": {
                "shard": "23",
                "value": 85.508560780000082
            }
        },
        {
            "reactor_utilization": {
                "shard": "24",
                "value": 93.950806640000067
            }
        },
        {
            "reactor_utilization": {
                "shard": "25",
                "value": 59.503127180000106
            }
        },
        {
            "reactor_utilization": {
                "shard": "26",
                "value": 89.949742040000004
            }
        },
        {
            "reactor_utilization": {
                "shard": "27",
                "value": 60.04948892000003
            }
        }
    ]
}
{
    "metrics": [
        {
            "reactor_utilization": {
                "shard": "0",
                "value": 7.7971298200000039
            }
        },
        {
            "reactor_utilization": {
                "shard": "1",
                "value": 3.7683198000000084
            }
        },
        {
            "reactor_utilization": {
                "shard": "2",
                "value": 10.668816240000002
            }
        },
        {
            "reactor_utilization": {
                "shard": "3",
                "value": 12.187911520000005
            }
        },
        {
            "reactor_utilization": {
                "shard": "4",
                "value": 11.961786839999998
            }
        },
        {
            "reactor_utilization": {
                "shard": "5",
                "value": 14.231594619999999
            }
        },
        {
            "reactor_utilization": {
                "shard": "6",
                "value": 7.3426809400000126
            }
        },
        {
            "reactor_utilization": {
                "shard": "7",
                "value": 9.4301414999999995
            }
        },
        {
            "reactor_utilization": {
                "shard": "8",
                "value": 14.119012900000005
            }
        },
        {
            "reactor_utilization": {
                "shard": "9",
                "value": 12.724750240000004
            }
        },
        {
            "reactor_utilization": {
                "shard": "10",
                "value": 12.573019919999995
            }
        },
        {
            "reactor_utilization": {
                "shard": "11",
                "value": 15.460426080000001
            }
        },
        {
            "reactor_utilization": {
                "shard": "12",
                "value": 8.6695725000000117
            }
        },
        {
            "reactor_utilization": {
                "shard": "13",
                "value": 9.9710241999999898
            }
        },
        {
            "reactor_utilization": {
                "shard": "14",
                "value": 14.122369560000003
            }
        },
        {
            "reactor_utilization": {
                "shard": "15",
                "value": 14.774107959999993
            }
        },
        {
            "reactor_utilization": {
                "shard": "16",
                "value": 4.5555870799999898
            }
        },
        {
            "reactor_utilization": {
                "shard": "17",
                "value": 11.863508179999993
            }
        },
        {
            "reactor_utilization": {
                "shard": "18",
                "value": 9.8141217000000012
            }
        },
        {
            "reactor_utilization": {
                "shard": "19",
                "value": 16.359764320000004
            }
        },
        {
            "reactor_utilization": {
                "shard": "20",
                "value": 16.460518280000002
            }
        },
        {
            "reactor_utilization": {
                "shard": "21",
                "value": 13.895103540000008
            }
        },
        {
            "reactor_utilization": {
                "shard": "22",
                "value": 15.689943680000006
            }
        },
        {
            "reactor_utilization": {
                "shard": "23",
                "value": 13.163566879999999
            }
        },
        {
            "reactor_utilization": {
                "shard": "24",
                "value": 10.910879500000004
            }
        },
        {
            "reactor_utilization": {
                "shard": "25",
                "value": 15.552204739999997
            }
        },
        {
            "reactor_utilization": {
                "shard": "26",
                "value": 18.631252340000003
            }
        },
        {
            "reactor_utilization": {
                "shard": "27",
                "value": 10.944758359999994
            }
        }
    ]
}
{
    "metrics": [
        {
            "reactor_utilization": {
                "shard": "0",
                "value": 0.50800349999999828
            }
        },
        {
            "reactor_utilization": {
                "shard": "1",
                "value": 1.3891784200000146
            }
        },
        {
            "reactor_utilization": {
                "shard": "2",
                "value": 0.21350676000000401
            }
        },
        {
            "reactor_utilization": {
                "shard": "3",
                "value": 0.23086640000000713
            }
        },
        {
            "reactor_utilization": {
                "shard": "4",
                "value": 0.1998738599999772
            }
        },
        {
            "reactor_utilization": {
                "shard": "5",
                "value": 0.19779925999999781
            }
        },
        {
            "reactor_utilization": {
                "shard": "6",
                "value": 0.21523904000001481
            }
        },
        {
            "reactor_utilization": {
                "shard": "7",
                "value": 0.2017451400000092
            }
        },
        {
            "reactor_utilization": {
                "shard": "8",
                "value": 0.20550852000001951
            }
        },
        {
            "reactor_utilization": {
                "shard": "9",
                "value": 0.20139703999998426
            }
        },
        {
            "reactor_utilization": {
                "shard": "10",
                "value": 0.20662696000002256
            }
        },
        {
            "reactor_utilization": {
                "shard": "11",
                "value": 0.19678134000000735
            }
        },
        {
            "reactor_utilization": {
                "shard": "12",
                "value": 0.2018888000000163
            }
        },
        {
            "reactor_utilization": {
                "shard": "13",
                "value": 0.19383037999997077
            }
        },
        {
            "reactor_utilization": {
                "shard": "14",
                "value": 0.20061990000000973
            }
        },
        {
            "reactor_utilization": {
                "shard": "15",
                "value": 0.2039712600000132
            }
        },
        {
            "reactor_utilization": {
                "shard": "16",
                "value": 0.20218199999997299
            }
        },
        {
            "reactor_utilization": {
                "shard": "17",
                "value": 0.18195796000000097
            }
        },
        {
            "reactor_utilization": {
                "shard": "18",
                "value": 0.18367990000001111
            }
        },
        {
            "reactor_utilization": {
                "shard": "19",
                "value": 0.17594245999998925
            }
        },
        {
            "reactor_utilization": {
                "shard": "20",
                "value": 0.18895394000000287
            }
        },
        {
            "reactor_utilization": {
                "shard": "21",
                "value": 0.17451952000000492
            }
        },
        {
            "reactor_utilization": {
                "shard": "22",
                "value": 0.17781856000000928
            }
        },
        {
            "reactor_utilization": {
                "shard": "23",
                "value": 0.18226022000000786
            }
        },
        {
            "reactor_utilization": {
                "shard": "24",
                "value": 0.18286908000000324
            }
        },
        {
            "reactor_utilization": {
                "shard": "25",
                "value": 0.18517223999999777
            }
        },
        {
            "reactor_utilization": {
                "shard": "26",
                "value": 0.1699924800000141
            }
        },
        {
            "reactor_utilization": {
                "shard": "27",
                "value": 0.17365916000000592
            }
        }
    ]
}
{
    "metrics": [
        {
            "reactor_utilization": {
                "shard": "0",
                "value": 0.18323291999997604
            }
        },
        {
            "reactor_utilization": {
                "shard": "1",
                "value": 0.073561760000018239
            }
        },
        {
            "reactor_utilization": {
                "shard": "2",
                "value": 0.053032939999997364
            }
        },
        {
            "reactor_utilization": {
                "shard": "3",
                "value": 0.11520293999998099
            }
        },
        {
            "reactor_utilization": {
                "shard": "4",
                "value": 0.064751579999988707
            }
        },
        {
            "reactor_utilization": {
                "shard": "5",
                "value": 0.041444559999992414
            }
        },
        {
            "reactor_utilization": {
                "shard": "6",
                "value": 0.043071280000006595
            }
        },
        {
            "reactor_utilization": {
                "shard": "7",
                "value": 0.20662873999999221
            }
        },
        {
            "reactor_utilization": {
                "shard": "8",
                "value": 0.042303300000035016
            }
        },
        {
            "reactor_utilization": {
                "shard": "9",
                "value": 0.029245759999985133
            }
        },
        {
            "reactor_utilization": {
                "shard": "10",
                "value": 0.039183160000000328
            }
        },
        {
            "reactor_utilization": {
                "shard": "11",
                "value": 0.052675180000005817
            }
        },
        {
            "reactor_utilization": {
                "shard": "12",
                "value": 0.060985800000035173
            }
        },
        {
            "reactor_utilization": {
                "shard": "13",
                "value": 0.034271859999979171
            }
        },
        {
            "reactor_utilization": {
                "shard": "14",
                "value": 0.032165679999995866
            }
        },
        {
            "reactor_utilization": {
                "shard": "15",
                "value": 0.035374100000018505
            }
        },
        {
            "reactor_utilization": {
                "shard": "16",
                "value": 0.069786899999979557
            }
        },
        {
            "reactor_utilization": {
                "shard": "17",
                "value": 0.055118440000012647
            }
        },
        {
            "reactor_utilization": {
                "shard": "18",
                "value": 0.038159819999994404
            }
        },
        {
            "reactor_utilization": {
                "shard": "19",
                "value": 0.032833199999982021
            }
        },
        {
            "reactor_utilization": {
                "shard": "20",
                "value": 0.040887360000008144
            }
        },
        {
            "reactor_utilization": {
                "shard": "21",
                "value": 0.030800060000024665
            }
        },
        {
            "reactor_utilization": {
                "shard": "22",
                "value": 0.040769900000015014
            }
        },
        {
            "reactor_utilization": {
                "shard": "23",
                "value": 0.040054520000010196
            }
        },
        {
            "reactor_utilization": {
                "shard": "24",
                "value": 0.039061640000015441
            }
        },
        {
            "reactor_utilization": {
                "shard": "25",
                "value": 0.033235360000016811
            }
        },
        {
            "reactor_utilization": {
                "shard": "26",
                "value": 0.027146160000024455
            }
        },
        {
            "reactor_utilization": {
                "shard": "27",
                "value": 0.034473000000012632
            }
        }
    ]
}
{
    "metrics": [
        {
            "reactor_utilization": {
                "shard": "0",
                "value": 0.089408399999979515
            }
        },
        {
            "reactor_utilization": {
                "shard": "1",
                "value": 0.018211560000014337
            }
        },
        {
            "reactor_utilization": {
                "shard": "2",
                "value": 0.022136780000014955
            }
        },
        {
            "reactor_utilization": {
                "shard": "3",
                "value": 0.024076159999986135
            }
        },
        {
            "reactor_utilization": {
                "shard": "4",
                "value": 0.03492235999997817
            }
        },
        {
            "reactor_utilization": {
                "shard": "5",
                "value": 0.022390799999993938
            }
        },
        {
            "reactor_utilization": {
                "shard": "6",
                "value": 0.022293400000006347
            }
        },
        {
            "reactor_utilization": {
                "shard": "7",
                "value": 0.021548500000001525
            }
        },
        {
            "reactor_utilization": {
                "shard": "8",
                "value": 0.025311660000026937
            }
        },
        {
            "reactor_utilization": {
                "shard": "9",
                "value": 0.025509479999974438
            }
        },
        {
            "reactor_utilization": {
                "shard": "10",
                "value": 0.02225466000000953
            }
        },
        {
            "reactor_utilization": {
                "shard": "11",
                "value": 0.021771920000013267
            }
        },
        {
            "reactor_utilization": {
                "shard": "12",
                "value": 0.020911260000033849
            }
        },
        {
            "reactor_utilization": {
                "shard": "13",
                "value": 0.0246469799999538
            }
        },
        {
            "reactor_utilization": {
                "shard": "14",
                "value": 0.024920039999998256
            }
        },
        {
            "reactor_utilization": {
                "shard": "15",
                "value": 0.022766220000025594
            }
        },
        {
            "reactor_utilization": {
                "shard": "16",
                "value": 0.02624979999999999
            }
        },
        {
            "reactor_utilization": {
                "shard": "17",
                "value": 0.025536140000004259
            }
        },
        {
            "reactor_utilization": {
                "shard": "18",
                "value": 0.023518799999999729
            }
        },
        {
            "reactor_utilization": {
                "shard": "19",
                "value": 0.02107005999998357
            }
        },
        {
            "reactor_utilization": {
                "shard": "20",
                "value": 0.022724400000018186
            }
        },
        {
            "reactor_utilization": {
                "shard": "21",
                "value": 0.021766620000041037
            }
        },
        {
            "reactor_utilization": {
                "shard": "22",
                "value": 0.019195680000017035
            }
        },
        {
            "reactor_utilization": {
                "shard": "23",
                "value": 0.021238180000016094
            }
        },
        {
            "reactor_utilization": {
                "shard": "24",
                "value": 0.021799600000038666
            }
        },
        {
            "reactor_utilization": {
                "shard": "25",
                "value": 0.022392299999984822
            }
        },
        {
            "reactor_utilization": {
                "shard": "26",
                "value": 0.021624620000038064
            }
        },
        {
            "reactor_utilization": {
                "shard": "27",
                "value": 0.022953520000024152
            }
        }
    ]
}
{
    "metrics": [
        {
            "reactor_utilization": {
                "shard": "0",
                "value": 0.11741123999997605
            }
        },
        {
            "reactor_utilization": {
                "shard": "1",
                "value": 0.034930920000020294
            }
        },
        {
            "reactor_utilization": {
                "shard": "2",
                "value": 0.034728819999996219
            }
        },
        {
            "reactor_utilization": {
                "shard": "3",
                "value": 0.039959139999989901
            }
        },
        {
            "reactor_utilization": {
                "shard": "4",
                "value": 0.050653119999988228
            }
        },
        {
            "reactor_utilization": {
                "shard": "5",
                "value": 0.04010837999997019
            }
        },
        {
            "reactor_utilization": {
                "shard": "6",
                "value": 0.036205320000015639
            }
        },
        {
            "reactor_utilization": {
                "shard": "7",
                "value": 0.031568739999976447
            }
        },
        {
            "reactor_utilization": {
                "shard": "8",
                "value": 0.033782800000015101
            }
        },
        {
            "reactor_utilization": {
                "shard": "9",
                "value": 0.037805939999979721
            }
        },
        {
            "reactor_utilization": {
                "shard": "10",
                "value": 0.034388499999993272
            }
        },
        {
            "reactor_utilization": {
                "shard": "11",
                "value": 0.033544500000015631
            }
        },
        {
            "reactor_utilization": {
                "shard": "12",
                "value": 0.034519640000041374
            }
        },
        {
            "reactor_utilization": {
                "shard": "13",
                "value": 0.034581639999986535
            }
        },
        {
            "reactor_utilization": {
                "shard": "14",
                "value": 0.037430299999996475
            }
        },
        {
            "reactor_utilization": {
                "shard": "15",
                "value": 0.034770320000032662
            }
        },
        {
            "reactor_utilization": {
                "shard": "16",
                "value": 0.035877539999995545
            }
        },
        {
            "reactor_utilization": {
                "shard": "17",
                "value": 0.027192700000000514
            }
        },
        {
            "reactor_utilization": {
                "shard": "18",
                "value": 0.029007640000000556
            }
        },
        {
            "reactor_utilization": {
                "shard": "19",
                "value": 0.027915379999987611
            }
        },
        {
            "reactor_utilization": {
                "shard": "20",
                "value": 0.027153840000027074
            }
        },
        {
            "reactor_utilization": {
                "shard": "21",
                "value": 0.027630100000053393
            }
        },
        {
            "reactor_utilization": {
                "shard": "22",
                "value": 0.026699080000014419
            }
        },
        {
            "reactor_utilization": {
                "shard": "23",
                "value": 0.028042160000008032
            }
        },
        {
            "reactor_utilization": {
                "shard": "24",
                "value": 0.029963780000052953
            }
        },
        {
            "reactor_utilization": {
                "shard": "25",
                "value": 0.029322059999992156
            }
        },
        {
            "reactor_utilization": {
                "shard": "26",
                "value": 0.028922700000033608
            }
        },
        {
            "reactor_utilization": {
                "shard": "27",
                "value": 0.03043574000003435
            }
        }
    ]
}
{
    "metrics": [
        {
            "reactor_utilization": {
                "shard": "0",
                "value": 0.1021993999999915
            }
        },
        {
            "reactor_utilization": {
                "shard": "1",
                "value": 0.030668620000018354
            }
        },
        {
            "reactor_utilization": {
                "shard": "2",
                "value": 0.032059519999994013
            }
        },
        {
            "reactor_utilization": {
                "shard": "3",
                "value": 0.032420239999997325
            }
        },
        {
            "reactor_utilization": {
                "shard": "4",
                "value": 0.032100759999975637
            }
        },
        {
            "reactor_utilization": {
                "shard": "5",
                "value": 0.042732179999971365
            }
        },
        {
            "reactor_utilization": {
                "shard": "6",
                "value": 0.034342320000013693
            }
        },
        {
            "reactor_utilization": {
                "shard": "7",
                "value": 0.034269439999989881
            }
        },
        {
            "reactor_utilization": {
                "shard": "8",
                "value": 0.030944320000003689
            }
        },
        {
            "reactor_utilization": {
                "shard": "9",
                "value": 0.034533739999975666
            }
        },
        {
            "reactor_utilization": {
                "shard": "10",
                "value": 0.031318240000000053
            }
        },
        {
            "reactor_utilization": {
                "shard": "11",
                "value": 0.032235480000009087
            }
        },
        {
            "reactor_utilization": {
                "shard": "12",
                "value": 0.0346183000000444
            }
        },
        {
            "reactor_utilization": {
                "shard": "13",
                "value": 0.033867979999979703
            }
        },
        {
            "reactor_utilization": {
                "shard": "14",
                "value": 0.036036220000001951
            }
        },
        {
            "reactor_utilization": {
                "shard": "15",
                "value": 0.033123800000012249
            }
        },
        {
            "reactor_utilization": {
                "shard": "16",
                "value": 0.033986059999990825
            }
        },
        {
            "reactor_utilization": {
                "shard": "17",
                "value": 0.028430140000001991
            }
        },
        {
            "reactor_utilization": {
                "shard": "18",
                "value": 0.027557879999995372
            }
        },
        {
            "reactor_utilization": {
                "shard": "19",
                "value": 0.028355299999993644
            }
        },
        {
            "reactor_utilization": {
                "shard": "20",
                "value": 0.029704860000034916
            }
        },
        {
            "reactor_utilization": {
                "shard": "21",
                "value": 0.029110500000029127
            }
        },
        {
            "reactor_utilization": {
                "shard": "22",
                "value": 0.025700340000023303
            }
        },
        {
            "reactor_utilization": {
                "shard": "23",
                "value": 0.026990540000004781
            }
        },
        {
            "reactor_utilization": {
                "shard": "24",
                "value": 0.029207940000053334
            }
        },
        {
            "reactor_utilization": {
                "shard": "25",
                "value": 0.029856419999985118
            }
        },
        {
            "reactor_utilization": {
                "shard": "26",
                "value": 0.024718420000024999
            }
        },
        {
            "reactor_utilization": {
                "shard": "27",
                "value": 0.028552600000031347
            }
        }
    ]
}
{
    "metrics": [
        {
            "reactor_utilization": {
                "shard": "0",
                "value": 0.081410999999986799
            }
        },
        {
            "reactor_utilization": {
                "shard": "1",
                "value": 0.024090520000008553
            }
        },
        {
            "reactor_utilization": {
                "shard": "2",
                "value": 0.022330179999996425
            }
        },
        {
            "reactor_utilization": {
                "shard": "3",
                "value": 0.017435340000004906
            }
        },
        {
            "reactor_utilization": {
                "shard": "4",
                "value": 0.020882199999960882
            }
        },
        {
            "reactor_utilization": {
                "shard": "5",
                "value": 0.034060119999979044
            }
        },
        {
            "reactor_utilization": {
                "shard": "6",
                "value": 0.023220840000004461
            }
        },
        {
            "reactor_utilization": {
                "shard": "7",
                "value": 0.022013960000011323
            }
        },
        {
            "reactor_utilization": {
                "shard": "8",
                "value": 0.020395260000016791
            }
        },
        {
            "reactor_utilization": {
                "shard": "9",
                "value": 0.022005619999954096
            }
        },
        {
            "reactor_utilization": {
                "shard": "10",
                "value": 0.023409479999991767
            }
        },
        {
            "reactor_utilization": {
                "shard": "11",
                "value": 0.020143400000027789
            }
        },
        {
            "reactor_utilization": {
                "shard": "12",
                "value": 0.022564800000024476
            }
        },
        {
            "reactor_utilization": {
                "shard": "13",
                "value": 0.02145731999998457
            }
        },
        {
            "reactor_utilization": {
                "shard": "14",
                "value": 0.023001700000002678
            }
        },
        {
            "reactor_utilization": {
                "shard": "15",
                "value": 0.020579840000001237
            }
        },
        {
            "reactor_utilization": {
                "shard": "16",
                "value": 0.020020599999981403
            }
        },
        {
            "reactor_utilization": {
                "shard": "17",
                "value": 0.021511320000011658
            }
        },
        {
            "reactor_utilization": {
                "shard": "18",
                "value": 0.024391659999989379
            }
        },
        {
            "reactor_utilization": {
                "shard": "19",
                "value": 0.021094860000014926
            }
        },
        {
            "reactor_utilization": {
                "shard": "20",
                "value": 0.019169800000029547
            }
        },
        {
            "reactor_utilization": {
                "shard": "21",
                "value": 0.020486900000027397
            }
        },
        {
            "reactor_utilization": {
                "shard": "22",
                "value": 0.02130096000001469
            }
        },
        {
            "reactor_utilization": {
                "shard": "23",
                "value": 0.019111000000016087
            }
        },
        {
            "reactor_utilization": {
                "shard": "24",
                "value": 0.023621720000066571
            }
        },
        {
            "reactor_utilization": {
                "shard": "25",
                "value": 0.022700579999967996
            }
        },
        {
            "reactor_utilization": {
                "shard": "26",
                "value": 0.020992820000031998
            }
        },
        {
            "reactor_utilization": {
                "shard": "27",
                "value": 0.021857040000039518
            }
        }
    ]
}
{
    "metrics": [
        {
            "reactor_utilization": {
                "shard": "0",
                "value": 0.075525019999989063
            }
        },
        {
            "reactor_utilization": {
                "shard": "1",
                "value": 0.028979699999998054
            }
        },
        {
            "reactor_utilization": {
                "shard": "2",
                "value": 0.021175279999996466
            }
        },
        {
            "reactor_utilization": {
                "shard": "3",
                "value": 0.021749780000013264
            }
        },
        {
            "reactor_utilization": {
                "shard": "4",
                "value": 0.024216119999975749
            }
        },
        {
            "reactor_utilization": {
                "shard": "5",
                "value": 0.03790609999997363
            }
        },
        {
            "reactor_utilization": {
                "shard": "6",
                "value": 0.028321019999999475
            }
        },
        {
            "reactor_utilization": {
                "shard": "7",
                "value": 0.025140040000026787
            }
        },
        {
            "reactor_utilization": {
                "shard": "8",
                "value": 0.026010960000011352
            }
        },
        {
            "reactor_utilization": {
                "shard": "9",
                "value": 0.025391259999962834
            }
        },
        {
            "reactor_utilization": {
                "shard": "10",
                "value": 0.023531699999967959
            }
        },
        {
            "reactor_utilization": {
                "shard": "11",
                "value": 0.023132879999998579
            }
        },
        {
            "reactor_utilization": {
                "shard": "12",
                "value": 0.025207380000047408
            }
        },
        {
            "reactor_utilization": {
                "shard": "13",
                "value": 0.02419567999999428
            }
        },
        {
            "reactor_utilization": {
                "shard": "14",
                "value": 0.025752359999986485
            }
        },
        {
            "reactor_utilization": {
                "shard": "15",
                "value": 0.023797800000002756
            }
        },
        {
            "reactor_utilization": {
                "shard": "16",
                "value": 0.024038319999974966
            }
        },
        {
            "reactor_utilization": {
                "shard": "17",
                "value": 0.024493439999995203
            }
        },
        {
            "reactor_utilization": {
                "shard": "18",
                "value": 0.021360539999992767
            }
        },
        {
            "reactor_utilization": {
                "shard": "19",
                "value": 0.023062680000007774
            }
        },
        {
            "reactor_utilization": {
                "shard": "20",
                "value": 0.023159400000039021
            }
        },
        {
            "reactor_utilization": {
                "shard": "21",
                "value": 0.02494264000003632
            }
        },
        {
            "reactor_utilization": {
                "shard": "22",
                "value": 0.021223940000014707
            }
        },
        {
            "reactor_utilization": {
                "shard": "23",
                "value": 0.023106520000004682
            }
        },
        {
            "reactor_utilization": {
                "shard": "24",
                "value": 0.024876720000055474
            }
        },
        {
            "reactor_utilization": {
                "shard": "25",
                "value": 0.025075619999959109
            }
        },
        {
            "reactor_utilization": {
                "shard": "26",
                "value": 0.023036400000031598
            }
        },
        {
            "reactor_utilization": {
                "shard": "27",
                "value": 0.025096800000024011
            }
        }
    ]
}
{
    "metrics": [
        {
            "reactor_utilization": {
                "shard": "0",
                "value": 0.089547219999985828
            }
        },
        {
            "reactor_utilization": {
                "shard": "1",
                "value": 0.02051486000000935
            }
        },
        {
            "reactor_utilization": {
                "shard": "2",
                "value": 0.026880100000026275
            }
        },
        {
            "reactor_utilization": {
                "shard": "3",
                "value": 0.025424579999988595
            }
        },
        {
            "reactor_utilization": {
                "shard": "4",
                "value": 0.026019199999971487
            }
        },
        {
            "reactor_utilization": {
                "shard": "5",
                "value": 0.027786439999966106
            }
        },
        {
            "reactor_utilization": {
                "shard": "6",
                "value": 0.030187079999999256
            }
        },
        {
            "reactor_utilization": {
                "shard": "7",
                "value": 0.026334540000017004
            }
        },
        {
            "reactor_utilization": {
                "shard": "8",
                "value": 0.023369400000006202
            }
        },
        {
            "reactor_utilization": {
                "shard": "9",
                "value": 0.031052499999972838
            }
        },
        {
            "reactor_utilization": {
                "shard": "10",
                "value": 0.027172399999964014
            }
        },
        {
            "reactor_utilization": {
                "shard": "11",
                "value": 0.02779889999999785
            }
        },
        {
            "reactor_utilization": {
                "shard": "12",
                "value": 0.02355000000004992
            }
        },
        {
            "reactor_utilization": {
                "shard": "13",
                "value": 0.030818519999975535
            }
        },
        {
            "reactor_utilization": {
                "shard": "14",
                "value": 0.031695119999985977
            }
        },
        {
            "reactor_utilization": {
                "shard": "15",
                "value": 0.028411300000008577
            }
        },
        {
            "reactor_utilization": {
                "shard": "16",
                "value": 0.031913079999967842
            }
        },
        {
            "reactor_utilization": {
                "shard": "17",
                "value": 0.024301039999996554
            }
        },
        {
            "reactor_utilization": {
                "shard": "18",
                "value": 0.021108699999994318
            }
        },
        {
            "reactor_utilization": {
                "shard": "19",
                "value": 0.025775939999994613
            }
        },
        {
            "reactor_utilization": {
                "shard": "20",
                "value": 0.024135320000029381
            }
        },
        {
            "reactor_utilization": {
                "shard": "21",
                "value": 0.026148580000029398
            }
        },
        {
            "reactor_utilization": {
                "shard": "22",
                "value": 0.022722199999991588
            }
        },
        {
            "reactor_utilization": {
                "shard": "23",
                "value": 0.022844980000014115
            }
        },
        {
            "reactor_utilization": {
                "shard": "24",
                "value": 0.022537840000058651
            }
        },
        {
            "reactor_utilization": {
                "shard": "25",
                "value": 0.0255680999999508
            }
        },
        {
            "reactor_utilization": {
                "shard": "26",
                "value": 0.020783820000036535
            }
        },
        {
            "reactor_utilization": {
                "shard": "27",
                "value": 0.020962420000025794
            }
        }
    ]
}
{
    "metrics": [
        {
            "reactor_utilization": {
                "shard": "0",
                "value": 0.080340759999986133
            }
        },
        {
            "reactor_utilization": {
                "shard": "1",
                "value": 0.013848739999999804
            }
        },
        {
            "reactor_utilization": {
                "shard": "2",
                "value": 0.019994600000039497
            }
        },
        {
            "reactor_utilization": {
                "shard": "3",
                "value": 0.025777159999984534
            }
        },
        {
            "reactor_utilization": {
                "shard": "4",
                "value": 0.022500839999972655
            }
        },
        {
            "reactor_utilization": {
                "shard": "5",
                "value": 0.036700719999971376
            }
        },
        {
            "reactor_utilization": {
                "shard": "6",
                "value": 0.02187536000000101
            }
        },
        {
            "reactor_utilization": {
                "shard": "7",
                "value": 0.020403900000021125
            }
        },
        {
            "reactor_utilization": {
                "shard": "8",
                "value": 0.019475859999995571
            }
        },
        {
            "reactor_utilization": {
                "shard": "9",
                "value": 0.02344843999997348
            }
        },
        {
            "reactor_utilization": {
                "shard": "10",
                "value": 0.018641079999981436
            }
        },
        {
            "reactor_utilization": {
                "shard": "11",
                "value": 0.01907624000001551
            }
        },
        {
            "reactor_utilization": {
                "shard": "12",
                "value": 0.021068140000046753
            }
        },
        {
            "reactor_utilization": {
                "shard": "13",
                "value": 0.020104399999976152
            }
        },
        {
            "reactor_utilization": {
                "shard": "14",
                "value": 0.022199719999971279
            }
        },
        {
            "reactor_utilization": {
                "shard": "15",
                "value": 0.020650500000019001
            }
        },
        {
            "reactor_utilization": {
                "shard": "16",
                "value": 0.020908779999984084
            }
        },
        {
            "reactor_utilization": {
                "shard": "17",
                "value": 0.020062999999970188
            }
        },
        {
            "reactor_utilization": {
                "shard": "18",
                "value": 0.021112479999985112
            }
        },
        {
            "reactor_utilization": {
                "shard": "19",
                "value": 0.020825080000008711
            }
        },
        {
            "reactor_utilization": {
                "shard": "20",
                "value": 0.019458640000025174
            }
        },
        {
            "reactor_utilization": {
                "shard": "21",
                "value": 0.020856320000028905
            }
        },
        {
            "reactor_utilization": {
                "shard": "22",
                "value": 0.016999820000007659
            }
        },
        {
            "reactor_utilization": {
                "shard": "23",
                "value": 0.019371280000002322
            }
        },
        {
            "reactor_utilization": {
                "shard": "24",
                "value": 0.022464320000037397
            }
        },
        {
            "reactor_utilization": {
                "shard": "25",
                "value": 0.022312079999964318
            }
        },
        {
            "reactor_utilization": {
                "shard": "26",
                "value": 0.021631100000041315
            }
        },
        {
            "reactor_utilization": {
                "shard": "27",
                "value": 0.021405460000034626
            }
        }
    ]
}
{
    "metrics": [
        {
            "reactor_utilization": {
                "shard": "0",
                "value": 0.12317723999999419
            }
        },
        {
            "reactor_utilization": {
                "shard": "1",
                "value": 0.031477120000000802
            }
        },
        {
            "reactor_utilization": {
                "shard": "2",
                "value": 0.032400040000013508
            }
        },
        {
            "reactor_utilization": {
                "shard": "3",
                "value": 0.030400820000009432
            }
        },
        {
            "reactor_utilization": {
                "shard": "4",
                "value": 0.028008879999963376
            }
        },
        {
            "reactor_utilization": {
                "shard": "5",
                "value": 0.047502879999972158
            }
        },
        {
            "reactor_utilization": {
                "shard": "6",
                "value": 0.034395599999981208
            }
        },
        {
            "reactor_utilization": {
                "shard": "7",
                "value": 0.029186840000006153
            }
        },
        {
            "reactor_utilization": {
                "shard": "8",
                "value": 0.030870400000015952
            }
        },
        {
            "reactor_utilization": {
                "shard": "9",
                "value": 0.030226219999995863
            }
        },
        {
            "reactor_utilization": {
                "shard": "10",
                "value": 0.029152839999957436
            }
        },
        {
            "reactor_utilization": {
                "shard": "11",
                "value": 0.025615860000005597
            }
        },
        {
            "reactor_utilization": {
                "shard": "12",
                "value": 0.02859288000003346
            }
        },
        {
            "reactor_utilization": {
                "shard": "13",
                "value": 0.029060239999978421
            }
        },
        {
            "reactor_utilization": {
                "shard": "14",
                "value": 0.028950779999958876
            }
        },
        {
            "reactor_utilization": {
                "shard": "15",
                "value": 0.028665580000009072
            }
        },
        {
            "reactor_utilization": {
                "shard": "16",
                "value": 0.027863239999970091
            }
        },
        {
            "reactor_utilization": {
                "shard": "17",
                "value": 0.026662939999966273
            }
        },
        {
            "reactor_utilization": {
                "shard": "18",
                "value": 0.028137819999973779
            }
        },
        {
            "reactor_utilization": {
                "shard": "19",
                "value": 0.028150699999995865
            }
        },
        {
            "reactor_utilization": {
                "shard": "20",
                "value": 0.029678940000010812
            }
        },
        {
            "reactor_utilization": {
                "shard": "21",
                "value": 0.030267640000036788
            }
        },
        {
            "reactor_utilization": {
                "shard": "22",
                "value": 0.024592840000015048
            }
        },
        {
            "reactor_utilization": {
                "shard": "23",
                "value": 0.026166400000016132
            }
        },
        {
            "reactor_utilization": {
                "shard": "24",
                "value": 0.029674260000023267
            }
        },
        {
            "reactor_utilization": {
                "shard": "25",
                "value": 0.026402159999971975
            }
        },
        {
            "reactor_utilization": {
                "shard": "26",
                "value": 0.025042060000024513
            }
        },
        {
            "reactor_utilization": {
                "shard": "27",
                "value": 0.02938212000002105
            }
        }
    ]
}
{
    "metrics": [
        {
            "reactor_utilization": {
                "shard": "0",
                "value": 0.083471480000008036
            }
        },
        {
            "reactor_utilization": {
                "shard": "1",
                "value": 0.020645279999986776
            }
        },
        {
            "reactor_utilization": {
                "shard": "2",
                "value": 0.019220260000007983
            }
        },
        {
            "reactor_utilization": {
                "shard": "3",
                "value": 0.021180720000013586
            }
        },
        {
            "reactor_utilization": {
                "shard": "4",
                "value": 0.017718319999948662
            }
        },
        {
            "reactor_utilization": {
                "shard": "5",
                "value": 0.036114639999973441
            }
        },
        {
            "reactor_utilization": {
                "shard": "6",
                "value": 0.022434619999978089
            }
        },
        {
            "reactor_utilization": {
                "shard": "7",
                "value": 0.018390480000018972
            }
        },
        {
            "reactor_utilization": {
                "shard": "8",
                "value": 0.018789100000038417
            }
        },
        {
            "reactor_utilization": {
                "shard": "9",
                "value": 0.020844059999980402
            }
        },
        {
            "reactor_utilization": {
                "shard": "10",
                "value": 0.022434819999950228
            }
        },
        {
            "reactor_utilization": {
                "shard": "11",
                "value": 0.021154040000004315
            }
        },
        {
            "reactor_utilization": {
                "shard": "12",
                "value": 0.020972040000022396
            }
        },
        {
            "reactor_utilization": {
                "shard": "13",
                "value": 0.020260879999978165
            }
        },
        {
            "reactor_utilization": {
                "shard": "14",
                "value": 0.020724719999964947
            }
        },
        {
            "reactor_utilization": {
                "shard": "15",
                "value": 0.02176675999999711
            }
        },
        {
            "reactor_utilization": {
                "shard": "16",
                "value": 0.02055747999998303
            }
        },
        {
            "reactor_utilization": {
                "shard": "17",
                "value": 0.020432719999963211
            }
        },
        {
            "reactor_utilization": {
                "shard": "18",
                "value": 0.023792279999979016
            }
        },
        {
            "reactor_utilization": {
                "shard": "19",
                "value": 0.02061757999999303
            }
        },
        {
            "reactor_utilization": {
                "shard": "20",
                "value": 0.020871680000023041
            }
        },
        {
            "reactor_utilization": {
                "shard": "21",
                "value": 0.021189300000046263
            }
        },
        {
            "reactor_utilization": {
                "shard": "22",
                "value": 0.019486900000020846
            }
        },
        {
            "reactor_utilization": {
                "shard": "23",
                "value": 0.019429760000011509
            }
        },
        {
            "reactor_utilization": {
                "shard": "24",
                "value": 0.02095250000000437
            }
        },
        {
            "reactor_utilization": {
                "shard": "25",
                "value": 0.020636159999987136
            }
        },
        {
            "reactor_utilization": {
                "shard": "26",
                "value": 0.019868960000035685
            }
        },
        {
            "reactor_utilization": {
                "shard": "27",
                "value": 0.023165660000024069
            }
        }
    ]
}
