{
    "metrics": [
        {
            "reactor_utilization": {
                "shard": "0",
                "value": 95.144035699999989
            }
        },
        {
            "reactor_utilization": {
                "shard": "2",
                "value": 99.95557217999999
            }
        },
        {
            "reactor_utilization": {
                "shard": "3",
                "value": 99.427196280000004
            }
        },
        {
            "reactor_utilization": {
                "shard": "4",
                "value": 73.486651919999957
            }
        },
        {
            "reactor_utilization": {
                "shard": "5",
                "value": 99.999999999999957
            }
        },
        {
            "reactor_utilization": {
                "shard": "6",
                "value": 99.996128519999985
            }
        },
        {
            "reactor_utilization": {
                "shard": "7",
                "value": 99.965408080000017
            }
        },
        {
            "reactor_utilization": {
                "shard": "8",
                "value": 99.821567460000011
            }
        },
        {
            "reactor_utilization": {
                "shard": "9",
                "value": 99.196211539999979
            }
        },
        {
            "reactor_utilization": {
                "shard": "10",
                "value": 99.99247715999995
            }
        },
        {
            "reactor_utilization": {
                "shard": "11",
                "value": 99.991307620000015
            }
        },
        {
            "reactor_utilization": {
                "shard": "12",
                "value": 99.591839240000027
            }
        },
        {
            "reactor_utilization": {
                "shard": "13",
                "value": 99.743908179999991
            }
        },
        {
            "reactor_utilization": {
                "shard": "14",
                "value": 99.999999999999957
            }
        },
        {
            "reactor_utilization": {
                "shard": "15",
                "value": 99.936021439999976
            }
        },
        {
            "reactor_utilization": {
                "shard": "16",
                "value": 99.38873891999998
            }
        },
        {
            "reactor_utilization": {
                "shard": "17",
                "value": 96.778739919999992
            }
        },
        {
            "reactor_utilization": {
                "shard": "18",
                "value": 94.493966319999984
            }
        },
        {
            "reactor_utilization": {
                "shard": "19",
                "value": 99.905008359999982
            }
        },
        {
            "reactor_utilization": {
                "shard": "20",
                "value": 99.909110080000048
            }
        },
        {
            "reactor_utilization": {
                "shard": "21",
                "value": 96.130276420000058
            }
        },
        {
            "reactor_utilization": {
                "shard": "22",
                "value": 64.984578620000008
            }
        },
        {
            "reactor_utilization": {
                "shard": "23",
                "value": 64.379422900000009
            }
        },
        {
            "reactor_utilization": {
                "shard": "24",
                "value": 95.860812340000024
            }
        },
        {
            "reactor_utilization": {
                "shard": "25",
                "value": 97.693490519999997
            }
        },
        {
            "reactor_utilization": {
                "shard": "26",
                "value": 64.113340400000055
            }
        },
        {
            "reactor_utilization": {
                "shard": "27",
                "value": 97.472604860000033
            }
        }
    ]
}
{
    "metrics": [
        {
            "reactor_utilization": {
                "shard": "0",
                "value": 94.686434140000003
            }
        },
        {
            "reactor_utilization": {
                "shard": "2",
                "value": 98.532826679999999
            }
        },
        {
            "reactor_utilization": {
                "shard": "3",
                "value": 97.727012600000009
            }
        },
        {
            "reactor_utilization": {
                "shard": "4",
                "value": 73.229652099999967
            }
        },
        {
            "reactor_utilization": {
                "shard": "5",
                "value": 99.997505919999952
            }
        },
        {
            "reactor_utilization": {
                "shard": "6",
                "value": 99.343582359999985
            }
        },
        {
            "reactor_utilization": {
                "shard": "7",
                "value": 99.075462000000016
            }
        },
        {
            "reactor_utilization": {
                "shard": "8",
                "value": 98.382607460000017
            }
        },
        {
            "reactor_utilization": {
                "shard": "9",
                "value": 97.627951919999973
            }
        },
        {
            "reactor_utilization": {
                "shard": "10",
                "value": 98.915109819999941
            }
        },
        {
            "reactor_utilization": {
                "shard": "11",
                "value": 99.390529380000018
            }
        },
        {
            "reactor_utilization": {
                "shard": "12",
                "value": 98.30746824000002
            }
        },
        {
            "reactor_utilization": {
                "shard": "13",
                "value": 98.654981859999978
            }
        },
        {
            "reactor_utilization": {
                "shard": "14",
                "value": 99.20078249999996
            }
        },
        {
            "reactor_utilization": {
                "shard": "15",
                "value": 98.667931539999969
            }
        },
        {
            "reactor_utilization": {
                "shard": "16",
                "value": 98.074933419999994
            }
        },
        {
            "reactor_utilization": {
                "shard": "17",
                "value": 95.563833479999985
            }
        },
        {
            "reactor_utilization": {
                "shard": "18",
                "value": 93.822688099999979
            }
        },
        {
            "reactor_utilization": {
                "shard": "19",
                "value": 98.697021699999979
            }
        },
        {
            "reactor_utilization": {
                "shard": "20",
                "value": 98.970529340000041
            }
        },
        {
            "reactor_utilization": {
                "shard": "21",
                "value": 95.268703540000061
            }
        },
        {
            "reactor_utilization": {
                "shard": "22",
                "value": 64.728226000000006
            }
        },
        {
            "reactor_utilization": {
                "shard": "23",
                "value": 64.517702700000001
            }
        },
        {
            "reactor_utilization": {
                "shard": "24",
                "value": 94.86141428000002
            }
        },
        {
            "reactor_utilization": {
                "shard": "25",
                "value": 96.277464080000001
            }
        },
        {
            "reactor_utilization": {
                "shard": "26",
                "value": 63.723393180000052
            }
        },
        {
            "reactor_utilization": {
                "shard": "27",
                "value": 95.849334600000034
            }
        }
    ]
}
{
    "metrics": [
        {
            "reactor_utilization": {
                "shard": "0",
                "value": 94.854516339999989
            }
        },
        {
            "reactor_utilization": {
                "shard": "1",
                "value": 99.266778919999979
            }
        },
        {
            "reactor_utilization": {
                "shard": "2",
                "value": 99.431536479999991
            }
        },
        {
            "reactor_utilization": {
                "shard": "3",
                "value": 98.719198040000009
            }
        },
        {
            "reactor_utilization": {
                "shard": "4",
                "value": 73.574416239999948
            }
        },
        {
            "reactor_utilization": {
                "shard": "5",
                "value": 99.999999999999957
            }
        },
        {
            "reactor_utilization": {
                "shard": "6",
                "value": 99.954334659999972
            }
        },
        {
            "reactor_utilization": {
                "shard": "7",
                "value": 99.943867020000013
            }
        },
        {
            "reactor_utilization": {
                "shard": "8",
                "value": 99.175683820000017
            }
        },
        {
            "reactor_utilization": {
                "shard": "9",
                "value": 98.384144219999968
            }
        },
        {
            "reactor_utilization": {
                "shard": "10",
                "value": 99.730586659999958
            }
        },
        {
            "reactor_utilization": {
                "shard": "11",
                "value": 99.87375092000002
            }
        },
        {
            "reactor_utilization": {
                "shard": "12",
                "value": 98.748691480000019
            }
        },
        {
            "reactor_utilization": {
                "shard": "13",
                "value": 99.116679159999975
            }
        },
        {
            "reactor_utilization": {
                "shard": "14",
                "value": 99.940096559999958
            }
        },
        {
            "reactor_utilization": {
                "shard": "15",
                "value": 99.304761519999971
            }
        },
        {
            "reactor_utilization": {
                "shard": "16",
                "value": 98.731758539999987
            }
        },
        {
            "reactor_utilization": {
                "shard": "17",
                "value": 95.800813239999982
            }
        },
        {
            "reactor_utilization": {
                "shard": "18",
                "value": 94.241143579999971
            }
        },
        {
            "reactor_utilization": {
                "shard": "19",
                "value": 99.742936079999978
            }
        },
        {
            "reactor_utilization": {
                "shard": "20",
                "value": 99.508491340000049
            }
        },
        {
            "reactor_utilization": {
                "shard": "21",
                "value": 95.516483880000067
            }
        },
        {
            "reactor_utilization": {
                "shard": "22",
                "value": 65.438439100000011
            }
        },
        {
            "reactor_utilization": {
                "shard": "23",
                "value": 64.139317860000006
            }
        },
        {
            "reactor_utilization": {
                "shard": "24",
                "value": 94.782323620000014
            }
        },
        {
            "reactor_utilization": {
                "shard": "25",
                "value": 97.051203560000005
            }
        },
        {
            "reactor_utilization": {
                "shard": "26",
                "value": 63.908198840000061
            }
        },
        {
            "reactor_utilization": {
                "shard": "27",
                "value": 96.506730120000043
            }
        }
    ]
}
{
    "metrics": [
        {
            "reactor_utilization": {
                "shard": "0",
                "value": 95.011065859999988
            }
        },
        {
            "reactor_utilization": {
                "shard": "1",
                "value": 99.731220959999973
            }
        },
        {
            "reactor_utilization": {
                "shard": "2",
                "value": 99.503892839999992
            }
        },
        {
            "reactor_utilization": {
                "shard": "3",
                "value": 98.727526380000015
            }
        },
        {
            "reactor_utilization": {
                "shard": "4",
                "value": 73.511311799999945
            }
        },
        {
            "reactor_utilization": {
                "shard": "5",
                "value": 99.999999999999957
            }
        },
        {
            "reactor_utilization": {
                "shard": "6",
                "value": 99.999147559999983
            }
        },
        {
            "reactor_utilization": {
                "shard": "7",
                "value": 99.926262120000004
            }
        },
        {
            "reactor_utilization": {
                "shard": "8",
                "value": 99.291016280000022
            }
        },
        {
            "reactor_utilization": {
                "shard": "9",
                "value": 98.402324259999972
            }
        },
        {
            "reactor_utilization": {
                "shard": "10",
                "value": 99.993138779999953
            }
        },
        {
            "reactor_utilization": {
                "shard": "11",
                "value": 99.984639460000025
            }
        },
        {
            "reactor_utilization": {
                "shard": "12",
                "value": 98.980045660000016
            }
        },
        {
            "reactor_utilization": {
                "shard": "13",
                "value": 99.73093661999998
            }
        },
        {
            "reactor_utilization": {
                "shard": "14",
                "value": 99.99876409999996
            }
        },
        {
            "reactor_utilization": {
                "shard": "15",
                "value": 99.449672579999984
            }
        },
        {
            "reactor_utilization": {
                "shard": "16",
                "value": 98.868849719999986
            }
        },
        {
            "reactor_utilization": {
                "shard": "17",
                "value": 95.64027741999999
            }
        },
        {
            "reactor_utilization": {
                "shard": "18",
                "value": 94.606848939999978
            }
        },
        {
            "reactor_utilization": {
                "shard": "19",
                "value": 99.763692879999979
            }
        },
        {
            "reactor_utilization": {
                "shard": "20",
                "value": 99.73084712000005
            }
        },
        {
            "reactor_utilization": {
                "shard": "21",
                "value": 95.53777148000006
            }
        },
        {
            "reactor_utilization": {
                "shard": "22",
                "value": 64.502892360000004
            }
        },
        {
            "reactor_utilization": {
                "shard": "23",
                "value": 64.871716759999998
            }
        },
        {
            "reactor_utilization": {
                "shard": "24",
                "value": 94.846707560000027
            }
        },
        {
            "reactor_utilization": {
                "shard": "25",
                "value": 96.447320399999995
            }
        },
        {
            "reactor_utilization": {
                "shard": "26",
                "value": 63.514989000000064
            }
        },
        {
            "reactor_utilization": {
                "shard": "27",
                "value": 96.373943360000041
            }
        }
    ]
}
{
    "metrics": [
        {
            "reactor_utilization": {
                "shard": "0",
                "value": 94.188959139999994
            }
        },
        {
            "reactor_utilization": {
                "shard": "1",
                "value": 98.961899599999981
            }
        },
        {
            "reactor_utilization": {
                "shard": "2",
                "value": 99.640984039999992
            }
        },
        {
            "reactor_utilization": {
                "shard": "3",
                "value": 97.485586360000013
            }
        },
        {
            "reactor_utilization": {
                "shard": "4",
                "value": 73.679424979999951
            }
        },
        {
            "reactor_utilization": {
                "shard": "5",
                "value": 99.995144279999948
            }
        },
        {
            "reactor_utilization": {
                "shard": "6",
                "value": 99.839945399999976
            }
        },
        {
            "reactor_utilization": {
                "shard": "7",
                "value": 99.943960120000014
            }
        },
        {
            "reactor_utilization": {
                "shard": "8",
                "value": 99.288431180000018
            }
        },
        {
            "reactor_utilization": {
                "shard": "9",
                "value": 98.130553359999979
            }
        },
        {
            "reactor_utilization": {
                "shard": "10",
                "value": 99.969721439999944
            }
        },
        {
            "reactor_utilization": {
                "shard": "11",
                "value": 99.953640900000025
            }
        },
        {
            "reactor_utilization": {
                "shard": "12",
                "value": 98.782032100000023
            }
        },
        {
            "reactor_utilization": {
                "shard": "13",
                "value": 99.555264839999978
            }
        },
        {
            "reactor_utilization": {
                "shard": "14",
                "value": 99.89818183999995
            }
        },
        {
            "reactor_utilization": {
                "shard": "15",
                "value": 99.800303539999973
            }
        },
        {
            "reactor_utilization": {
                "shard": "16",
                "value": 98.614074519999988
            }
        },
        {
            "reactor_utilization": {
                "shard": "17",
                "value": 95.285361639999991
            }
        },
        {
            "reactor_utilization": {
                "shard": "18",
                "value": 92.375158919999976
            }
        },
        {
            "reactor_utilization": {
                "shard": "19",
                "value": 99.559012099999975
            }
        },
        {
            "reactor_utilization": {
                "shard": "20",
                "value": 99.272710800000041
            }
        },
        {
            "reactor_utilization": {
                "shard": "21",
                "value": 91.605339780000065
            }
        },
        {
            "reactor_utilization": {
                "shard": "22",
                "value": 63.621813700000004
            }
        },
        {
            "reactor_utilization": {
                "shard": "23",
                "value": 64.426595059999997
            }
        },
        {
            "reactor_utilization": {
                "shard": "24",
                "value": 93.575663080000027
            }
        },
        {
            "reactor_utilization": {
                "shard": "25",
                "value": 93.114488879999996
            }
        },
        {
            "reactor_utilization": {
                "shard": "26",
                "value": 63.724284180000048
            }
        },
        {
            "reactor_utilization": {
                "shard": "27",
                "value": 95.595535360000042
            }
        }
    ]
}
{
    "metrics": [
        {
            "reactor_utilization": {
                "shard": "0",
                "value": 89.473966579999995
            }
        },
        {
            "reactor_utilization": {
                "shard": "1",
                "value": 99.144111579999986
            }
        },
        {
            "reactor_utilization": {
                "shard": "2",
                "value": 99.527897179999997
            }
        },
        {
            "reactor_utilization": {
                "shard": "3",
                "value": 98.797202340000013
            }
        },
        {
            "reactor_utilization": {
                "shard": "4",
                "value": 72.31153357999996
            }
        },
        {
            "reactor_utilization": {
                "shard": "5",
                "value": 99.999625499999951
            }
        },
        {
            "reactor_utilization": {
                "shard": "6",
                "value": 99.937321679999982
            }
        },
        {
            "reactor_utilization": {
                "shard": "7",
                "value": 99.819994660000006
            }
        },
        {
            "reactor_utilization": {
                "shard": "8",
                "value": 99.057842060000013
            }
        },
        {
            "reactor_utilization": {
                "shard": "9",
                "value": 96.66068371999998
            }
        },
        {
            "reactor_utilization": {
                "shard": "10",
                "value": 99.937279959999941
            }
        },
        {
            "reactor_utilization": {
                "shard": "11",
                "value": 99.777260060000017
            }
        },
        {
            "reactor_utilization": {
                "shard": "12",
                "value": 98.113897020000024
            }
        },
        {
            "reactor_utilization": {
                "shard": "13",
                "value": 99.581690599999988
            }
        },
        {
            "reactor_utilization": {
                "shard": "14",
                "value": 99.995301719999958
            }
        },
        {
            "reactor_utilization": {
                "shard": "15",
                "value": 99.480851839999985
            }
        },
        {
            "reactor_utilization": {
                "shard": "16",
                "value": 97.820017979999989
            }
        },
        {
            "reactor_utilization": {
                "shard": "17",
                "value": 91.703463699999986
            }
        },
        {
            "reactor_utilization": {
                "shard": "18",
                "value": 92.590115939999976
            }
        },
        {
            "reactor_utilization": {
                "shard": "19",
                "value": 99.324145019999975
            }
        },
        {
            "reactor_utilization": {
                "shard": "20",
                "value": 98.499469340000047
            }
        },
        {
            "reactor_utilization": {
                "shard": "21",
                "value": 95.543531200000061
            }
        },
        {
            "reactor_utilization": {
                "shard": "22",
                "value": 64.942055760000002
            }
        },
        {
            "reactor_utilization": {
                "shard": "23",
                "value": 61.890547139999995
            }
        },
        {
            "reactor_utilization": {
                "shard": "24",
                "value": 90.969945700000025
            }
        },
        {
            "reactor_utilization": {
                "shard": "25",
                "value": 96.74917026
            }
        },
        {
            "reactor_utilization": {
                "shard": "26",
                "value": 61.675707880000054
            }
        },
        {
            "reactor_utilization": {
                "shard": "27",
                "value": 92.895477100000036
            }
        }
    ]
}
{
    "metrics": [
        {
            "reactor_utilization": {
                "shard": "0",
                "value": 0.87181615999998296
            }
        },
        {
            "reactor_utilization": {
                "shard": "1",
                "value": 2.0131556200000067
            }
        },
        {
            "reactor_utilization": {
                "shard": "2",
                "value": 0.56714187999999943
            }
        },
        {
            "reactor_utilization": {
                "shard": "3",
                "value": 0.5633792600000076
            }
        },
        {
            "reactor_utilization": {
                "shard": "4",
                "value": 0.53237866000001022
            }
        },
        {
            "reactor_utilization": {
                "shard": "5",
                "value": 0.56170343999999428
            }
        },
        {
            "reactor_utilization": {
                "shard": "6",
                "value": 0.54558780000000251
            }
        },
        {
            "reactor_utilization": {
                "shard": "7",
                "value": 0.54450158000000082
            }
        },
        {
            "reactor_utilization": {
                "shard": "8",
                "value": 0.53533608000000399
            }
        },
        {
            "reactor_utilization": {
                "shard": "9",
                "value": 0.53853463999999907
            }
        },
        {
            "reactor_utilization": {
                "shard": "10",
                "value": 0.53931863999998608
            }
        },
        {
            "reactor_utilization": {
                "shard": "11",
                "value": 0.55329914000000757
            }
        },
        {
            "reactor_utilization": {
                "shard": "12",
                "value": 0.54695112000000545
            }
        },
        {
            "reactor_utilization": {
                "shard": "13",
                "value": 0.54085301999999835
            }
        },
        {
            "reactor_utilization": {
                "shard": "14",
                "value": 0.5450581600000115
            }
        },
        {
            "reactor_utilization": {
                "shard": "15",
                "value": 0.54638298000000418
            }
        },
        {
            "reactor_utilization": {
                "shard": "16",
                "value": 0.55302737999999296
            }
        },
        {
            "reactor_utilization": {
                "shard": "17",
                "value": 0.48932522000000311
            }
        },
        {
            "reactor_utilization": {
                "shard": "18",
                "value": 0.48787216000000244
            }
        },
        {
            "reactor_utilization": {
                "shard": "19",
                "value": 0.48477127999999592
            }
        },
        {
            "reactor_utilization": {
                "shard": "20",
                "value": 0.48343538000000796
            }
        },
        {
            "reactor_utilization": {
                "shard": "21",
                "value": 0.48305278000000396
            }
        },
        {
            "reactor_utilization": {
                "shard": "22",
                "value": 0.49226532000000711
            }
        },
        {
            "reactor_utilization": {
                "shard": "23",
                "value": 0.48507720000000587
            }
        },
        {
            "reactor_utilization": {
                "shard": "24",
                "value": 0.49014201999999507
            }
        },
        {
            "reactor_utilization": {
                "shard": "25",
                "value": 0.48521563999999184
            }
        },
        {
            "reactor_utilization": {
                "shard": "26",
                "value": 0.48261255999999531
            }
        },
        {
            "reactor_utilization": {
                "shard": "27",
                "value": 0.48189035999998131
            }
        }
    ]
}
{
    "metrics": [
        {
            "reactor_utilization": {
                "shard": "0",
                "value": 0.17379935999999319
            }
        },
        {
            "reactor_utilization": {
                "shard": "1",
                "value": 0.041001979999988336
            }
        },
        {
            "reactor_utilization": {
                "shard": "2",
                "value": 0.042193579999982855
            }
        },
        {
            "reactor_utilization": {
                "shard": "3",
                "value": 0.050269759999987951
            }
        },
        {
            "reactor_utilization": {
                "shard": "4",
                "value": 0.08286024000000447
            }
        },
        {
            "reactor_utilization": {
                "shard": "5",
                "value": 0.051471379999978861
            }
        },
        {
            "reactor_utilization": {
                "shard": "6",
                "value": 0.034283200000007064
            }
        },
        {
            "reactor_utilization": {
                "shard": "7",
                "value": 0.070572839999993864
            }
        },
        {
            "reactor_utilization": {
                "shard": "8",
                "value": 0.03311813999999913
            }
        },
        {
            "reactor_utilization": {
                "shard": "9",
                "value": 0.0255577799999962
            }
        },
        {
            "reactor_utilization": {
                "shard": "10",
                "value": 0.033908279999972368
            }
        },
        {
            "reactor_utilization": {
                "shard": "11",
                "value": 0.047829999999993156
            }
        },
        {
            "reactor_utilization": {
                "shard": "12",
                "value": 0.050108260000003568
            }
        },
        {
            "reactor_utilization": {
                "shard": "13",
                "value": 0.026487540000008636
            }
        },
        {
            "reactor_utilization": {
                "shard": "14",
                "value": 0.026668860000000905
            }
        },
        {
            "reactor_utilization": {
                "shard": "15",
                "value": 0.0406292800000152
            }
        },
        {
            "reactor_utilization": {
                "shard": "16",
                "value": 0.061405240000000916
            }
        },
        {
            "reactor_utilization": {
                "shard": "17",
                "value": 0.038164499999981949
            }
        },
        {
            "reactor_utilization": {
                "shard": "18",
                "value": 0.032184880000030169
            }
        },
        {
            "reactor_utilization": {
                "shard": "19",
                "value": 0.029213379999992739
            }
        },
        {
            "reactor_utilization": {
                "shard": "20",
                "value": 0.036242200000025093
            }
        },
        {
            "reactor_utilization": {
                "shard": "21",
                "value": 0.02507324000002864
            }
        },
        {
            "reactor_utilization": {
                "shard": "22",
                "value": 0.034351040000013544
            }
        },
        {
            "reactor_utilization": {
                "shard": "23",
                "value": 0.03162638000000495
            }
        },
        {
            "reactor_utilization": {
                "shard": "24",
                "value": 0.031907039999978792
            }
        },
        {
            "reactor_utilization": {
                "shard": "25",
                "value": 0.024570520000000151
            }
        },
        {
            "reactor_utilization": {
                "shard": "26",
                "value": 0.027503319999988562
            }
        },
        {
            "reactor_utilization": {
                "shard": "27",
                "value": 0.028209439999993258
            }
        }
    ]
}
{
    "metrics": [
        {
            "reactor_utilization": {
                "shard": "0",
                "value": 0.10719787999997621
            }
        },
        {
            "reactor_utilization": {
                "shard": "1",
                "value": 0.044380339999994245
            }
        },
        {
            "reactor_utilization": {
                "shard": "2",
                "value": 0.035796619999983736
            }
        },
        {
            "reactor_utilization": {
                "shard": "3",
                "value": 0.036339139999996828
            }
        },
        {
            "reactor_utilization": {
                "shard": "4",
                "value": 0.040453080000002473
            }
        },
        {
            "reactor_utilization": {
                "shard": "5",
                "value": 0.037970379999996418
            }
        },
        {
            "reactor_utilization": {
                "shard": "6",
                "value": 0.035977519999996765
            }
        },
        {
            "reactor_utilization": {
                "shard": "7",
                "value": 0.039871059999985192
            }
        },
        {
            "reactor_utilization": {
                "shard": "8",
                "value": 0.037486019999999343
            }
        },
        {
            "reactor_utilization": {
                "shard": "9",
                "value": 0.035036579999991879
            }
        },
        {
            "reactor_utilization": {
                "shard": "10",
                "value": 0.039463239999981692
            }
        },
        {
            "reactor_utilization": {
                "shard": "11",
                "value": 0.037301099999986764
            }
        },
        {
            "reactor_utilization": {
                "shard": "12",
                "value": 0.033036340000003328
            }
        },
        {
            "reactor_utilization": {
                "shard": "13",
                "value": 0.0322169800000216
            }
        },
        {
            "reactor_utilization": {
                "shard": "14",
                "value": 0.034078200000009495
            }
        },
        {
            "reactor_utilization": {
                "shard": "15",
                "value": 0.036055240000032462
            }
        },
        {
            "reactor_utilization": {
                "shard": "16",
                "value": 0.029274160000003491
            }
        },
        {
            "reactor_utilization": {
                "shard": "17",
                "value": 0.029210419999992077
            }
        },
        {
            "reactor_utilization": {
                "shard": "18",
                "value": 0.028611800000011289
            }
        },
        {
            "reactor_utilization": {
                "shard": "19",
                "value": 0.032931839999994494
            }
        },
        {
            "reactor_utilization": {
                "shard": "20",
                "value": 0.028573780000029636
            }
        },
        {
            "reactor_utilization": {
                "shard": "21",
                "value": 0.035299240000019605
            }
        },
        {
            "reactor_utilization": {
                "shard": "22",
                "value": 0.030118140000012783
            }
        },
        {
            "reactor_utilization": {
                "shard": "23",
                "value": 0.031160279999986606
            }
        },
        {
            "reactor_utilization": {
                "shard": "24",
                "value": 0.031622379999973749
            }
        },
        {
            "reactor_utilization": {
                "shard": "25",
                "value": 0.030472419999982847
            }
        },
        {
            "reactor_utilization": {
                "shard": "26",
                "value": 0.033280199999985438
            }
        },
        {
            "reactor_utilization": {
                "shard": "27",
                "value": 0.03380659999998592
            }
        }
    ]
}
{
    "metrics": [
        {
            "reactor_utilization": {
                "shard": "0",
                "value": 0.1093160599999754
            }
        },
        {
            "reactor_utilization": {
                "shard": "1",
                "value": 0.032218539999995244
            }
        },
        {
            "reactor_utilization": {
                "shard": "2",
                "value": 0.029192019999979557
            }
        },
        {
            "reactor_utilization": {
                "shard": "3",
                "value": 0.030316299999999519
            }
        },
        {
            "reactor_utilization": {
                "shard": "4",
                "value": 0.042939220000004497
            }
        },
        {
            "reactor_utilization": {
                "shard": "5",
                "value": 0.032531099999988378
            }
        },
        {
            "reactor_utilization": {
                "shard": "6",
                "value": 0.032339899999989097
            }
        },
        {
            "reactor_utilization": {
                "shard": "7",
                "value": 0.033200119999998723
            }
        },
        {
            "reactor_utilization": {
                "shard": "8",
                "value": 0.031409019999983911
            }
        },
        {
            "reactor_utilization": {
                "shard": "9",
                "value": 0.033495419999995946
            }
        },
        {
            "reactor_utilization": {
                "shard": "10",
                "value": 0.033160339999993571
            }
        },
        {
            "reactor_utilization": {
                "shard": "11",
                "value": 0.035467939999977993
            }
        },
        {
            "reactor_utilization": {
                "shard": "12",
                "value": 0.027954700000021315
            }
        },
        {
            "reactor_utilization": {
                "shard": "13",
                "value": 0.030534900000023235
            }
        },
        {
            "reactor_utilization": {
                "shard": "14",
                "value": 0.031875300000017148
            }
        },
        {
            "reactor_utilization": {
                "shard": "15",
                "value": 0.03486744000001929
            }
        },
        {
            "reactor_utilization": {
                "shard": "16",
                "value": 0.032566200000005985
            }
        },
        {
            "reactor_utilization": {
                "shard": "17",
                "value": 0.027110419999987201
            }
        },
        {
            "reactor_utilization": {
                "shard": "18",
                "value": 0.027665780000007967
            }
        },
        {
            "reactor_utilization": {
                "shard": "19",
                "value": 0.028084059999988753
            }
        },
        {
            "reactor_utilization": {
                "shard": "20",
                "value": 0.026306200000048019
            }
        },
        {
            "reactor_utilization": {
                "shard": "21",
                "value": 0.030188400000030757
            }
        },
        {
            "reactor_utilization": {
                "shard": "22",
                "value": 0.030566260000020051
            }
        },
        {
            "reactor_utilization": {
                "shard": "23",
                "value": 0.031696339999987
            }
        },
        {
            "reactor_utilization": {
                "shard": "24",
                "value": 0.027904059999972475
            }
        },
        {
            "reactor_utilization": {
                "shard": "25",
                "value": 0.026287759999976679
            }
        },
        {
            "reactor_utilization": {
                "shard": "26",
                "value": 0.029356520000001218
            }
        },
        {
            "reactor_utilization": {
                "shard": "27",
                "value": 0.028735459999984503
            }
        }
    ]
}
{
    "metrics": [
        {
            "reactor_utilization": {
                "shard": "0",
                "value": 0.09304171999997557
            }
        },
        {
            "reactor_utilization": {
                "shard": "1",
                "value": 0.021202940000009107
            }
        },
        {
            "reactor_utilization": {
                "shard": "2",
                "value": 0.018766099999978358
            }
        },
        {
            "reactor_utilization": {
                "shard": "3",
                "value": 0.022534780000016408
            }
        },
        {
            "reactor_utilization": {
                "shard": "4",
                "value": 0.034330100000001806
            }
        },
        {
            "reactor_utilization": {
                "shard": "5",
                "value": 0.025055799999984529
            }
        },
        {
            "reactor_utilization": {
                "shard": "6",
                "value": 0.022781839999996834
            }
        },
        {
            "reactor_utilization": {
                "shard": "7",
                "value": 0.021231339999983057
            }
        },
        {
            "reactor_utilization": {
                "shard": "8",
                "value": 0.02086541999997138
            }
        },
        {
            "reactor_utilization": {
                "shard": "9",
                "value": 0.022687860000003557
            }
        },
        {
            "reactor_utilization": {
                "shard": "10",
                "value": 0.021464339999976989
            }
        },
        {
            "reactor_utilization": {
                "shard": "11",
                "value": 0.022352059999986018
            }
        },
        {
            "reactor_utilization": {
                "shard": "12",
                "value": 0.021134660000021732
            }
        },
        {
            "reactor_utilization": {
                "shard": "13",
                "value": 0.020864000000042626
            }
        },
        {
            "reactor_utilization": {
                "shard": "14",
                "value": 0.020974460000044992
            }
        },
        {
            "reactor_utilization": {
                "shard": "15",
                "value": 0.023591880000006782
            }
        },
        {
            "reactor_utilization": {
                "shard": "16",
                "value": 0.020341260000034111
            }
        },
        {
            "reactor_utilization": {
                "shard": "17",
                "value": 0.020527700000005922
            }
        },
        {
            "reactor_utilization": {
                "shard": "18",
                "value": 0.01990870000000422
            }
        },
        {
            "reactor_utilization": {
                "shard": "19",
                "value": 0.021075979999962691
            }
        },
        {
            "reactor_utilization": {
                "shard": "20",
                "value": 0.024258400000043423
            }
        },
        {
            "reactor_utilization": {
                "shard": "21",
                "value": 0.022517320000026153
            }
        },
        {
            "reactor_utilization": {
                "shard": "22",
                "value": 0.022973459999997559
            }
        },
        {
            "reactor_utilization": {
                "shard": "23",
                "value": 0.023232679999996009
            }
        },
        {
            "reactor_utilization": {
                "shard": "24",
                "value": 0.022116759999990521
            }
        },
        {
            "reactor_utilization": {
                "shard": "25",
                "value": 0.021264599999970546
            }
        },
        {
            "reactor_utilization": {
                "shard": "26",
                "value": 0.023965519999991081
            }
        },
        {
            "reactor_utilization": {
                "shard": "27",
                "value": 0.021430299999991576
            }
        }
    ]
}
{
    "metrics": [
        {
            "reactor_utilization": {
                "shard": "0",
                "value": 0.10159445999996519
            }
        },
        {
            "reactor_utilization": {
                "shard": "1",
                "value": 0.032066399999985951
            }
        },
        {
            "reactor_utilization": {
                "shard": "2",
                "value": 0.033085299999979778
            }
        },
        {
            "reactor_utilization": {
                "shard": "3",
                "value": 0.034834000000005805
            }
        },
        {
            "reactor_utilization": {
                "shard": "4",
                "value": 0.041766620000005528
            }
        },
        {
            "reactor_utilization": {
                "shard": "5",
                "value": 0.034807379999990395
            }
        },
        {
            "reactor_utilization": {
                "shard": "6",
                "value": 0.034514159999976535
            }
        },
        {
            "reactor_utilization": {
                "shard": "7",
                "value": 0.034538819999996306
            }
        },
        {
            "reactor_utilization": {
                "shard": "8",
                "value": 0.029815359999973978
            }
        },
        {
            "reactor_utilization": {
                "shard": "9",
                "value": 0.031635220000003628
            }
        },
        {
            "reactor_utilization": {
                "shard": "10",
                "value": 0.036282079999971906
            }
        },
        {
            "reactor_utilization": {
                "shard": "11",
                "value": 0.03767009999999793
            }
        },
        {
            "reactor_utilization": {
                "shard": "12",
                "value": 0.033680560000004522
            }
        },
        {
            "reactor_utilization": {
                "shard": "13",
                "value": 0.03213956000003293
            }
        },
        {
            "reactor_utilization": {
                "shard": "14",
                "value": 0.034324420000042544
            }
        },
        {
            "reactor_utilization": {
                "shard": "15",
                "value": 0.037084580000035228
            }
        },
        {
            "reactor_utilization": {
                "shard": "16",
                "value": 0.033340220000044329
            }
        },
        {
            "reactor_utilization": {
                "shard": "17",
                "value": 0.0288929600000154
            }
        },
        {
            "reactor_utilization": {
                "shard": "18",
                "value": 0.031517480000009535
            }
        },
        {
            "reactor_utilization": {
                "shard": "19",
                "value": 0.031202519999973255
            }
        },
        {
            "reactor_utilization": {
                "shard": "20",
                "value": 0.028199580000043412
            }
        },
        {
            "reactor_utilization": {
                "shard": "21",
                "value": 0.033748200000061068
            }
        },
        {
            "reactor_utilization": {
                "shard": "22",
                "value": 0.029444100000008966
            }
        },
        {
            "reactor_utilization": {
                "shard": "23",
                "value": 0.03592314000000485
            }
        },
        {
            "reactor_utilization": {
                "shard": "24",
                "value": 0.032631979999986349
            }
        },
        {
            "reactor_utilization": {
                "shard": "25",
                "value": 0.033646859999958423
            }
        },
        {
            "reactor_utilization": {
                "shard": "26",
                "value": 0.031557679999982824
            }
        },
        {
            "reactor_utilization": {
                "shard": "27",
                "value": 0.032770759999989352
            }
        }
    ]
}
{
    "metrics": [
        {
            "reactor_utilization": {
                "shard": "0",
                "value": 0.084919619999979101
            }
        },
        {
            "reactor_utilization": {
                "shard": "1",
                "value": 0.024286479999990895
            }
        },
        {
            "reactor_utilization": {
                "shard": "2",
                "value": 0.020595099999964894
            }
        },
        {
            "reactor_utilization": {
                "shard": "3",
                "value": 0.021705360000001672
            }
        },
        {
            "reactor_utilization": {
                "shard": "4",
                "value": 0.039037000000019528
            }
        },
        {
            "reactor_utilization": {
                "shard": "5",
                "value": 0.02158133999998757
            }
        },
        {
            "reactor_utilization": {
                "shard": "6",
                "value": 0.021342539999957832
            }
        },
        {
            "reactor_utilization": {
                "shard": "7",
                "value": 0.021969399999999251
            }
        },
        {
            "reactor_utilization": {
                "shard": "8",
                "value": 0.022689659999985956
            }
        },
        {
            "reactor_utilization": {
                "shard": "9",
                "value": 0.022295640000002948
            }
        },
        {
            "reactor_utilization": {
                "shard": "10",
                "value": 0.02093159999998484
            }
        },
        {
            "reactor_utilization": {
                "shard": "11",
                "value": 0.021645620000021459
            }
        },
        {
            "reactor_utilization": {
                "shard": "12",
                "value": 0.020793000000018935
            }
        },
        {
            "reactor_utilization": {
                "shard": "13",
                "value": 0.021811880000044415
            }
        },
        {
            "reactor_utilization": {
                "shard": "14",
                "value": 0.02293482000003122
            }
        },
        {
            "reactor_utilization": {
                "shard": "15",
                "value": 0.022771940000043678
            }
        },
        {
            "reactor_utilization": {
                "shard": "16",
                "value": 0.020001160000049367
            }
        },
        {
            "reactor_utilization": {
                "shard": "17",
                "value": 0.020214660000006379
            }
        },
        {
            "reactor_utilization": {
                "shard": "18",
                "value": 0.02186202000002968
            }
        },
        {
            "reactor_utilization": {
                "shard": "19",
                "value": 0.021283179999986857
            }
        },
        {
            "reactor_utilization": {
                "shard": "20",
                "value": 0.018337720000038971
            }
        },
        {
            "reactor_utilization": {
                "shard": "21",
                "value": 0.022718220000050859
            }
        },
        {
            "reactor_utilization": {
                "shard": "22",
                "value": 0.021924220000002492
            }
        },
        {
            "reactor_utilization": {
                "shard": "23",
                "value": 0.017525200000001462
            }
        },
        {
            "reactor_utilization": {
                "shard": "24",
                "value": 0.021046480000008749
            }
        },
        {
            "reactor_utilization": {
                "shard": "25",
                "value": 0.018476739999950809
            }
        },
        {
            "reactor_utilization": {
                "shard": "26",
                "value": 0.023793379999959008
            }
        },
        {
            "reactor_utilization": {
                "shard": "27",
                "value": 0.022819939999985106
            }
        }
    ]
}
{
    "metrics": [
        {
            "reactor_utilization": {
                "shard": "0",
                "value": 0.084210339999968298
            }
        },
        {
            "reactor_utilization": {
                "shard": "1",
                "value": 0.027771899999984306
            }
        },
        {
            "reactor_utilization": {
                "shard": "2",
                "value": 0.015642219999956186
            }
        },
        {
            "reactor_utilization": {
                "shard": "3",
                "value": 0.013398920000018411
            }
        },
        {
            "reactor_utilization": {
                "shard": "4",
                "value": 0.023319120000020455
            }
        },
        {
            "reactor_utilization": {
                "shard": "5",
                "value": 0.022014999999986351
            }
        },
        {
            "reactor_utilization": {
                "shard": "6",
                "value": 0.017078279999971357
            }
        },
        {
            "reactor_utilization": {
                "shard": "7",
                "value": 0.014874879999993151
            }
        },
        {
            "reactor_utilization": {
                "shard": "8",
                "value": 0.015391739999959242
            }
        },
        {
            "reactor_utilization": {
                "shard": "9",
                "value": 0.031534400000010621
            }
        },
        {
            "reactor_utilization": {
                "shard": "10",
                "value": 0.014615199999967743
            }
        },
        {
            "reactor_utilization": {
                "shard": "11",
                "value": 0.016974100000011205
            }
        },
        {
            "reactor_utilization": {
                "shard": "12",
                "value": 0.013256680000028886
            }
        },
        {
            "reactor_utilization": {
                "shard": "13",
                "value": 0.013860560000067412
            }
        },
        {
            "reactor_utilization": {
                "shard": "14",
                "value": 0.034106720000037782
            }
        },
        {
            "reactor_utilization": {
                "shard": "15",
                "value": 0.016483340000028601
            }
        },
        {
            "reactor_utilization": {
                "shard": "16",
                "value": 0.032704940000072291
            }
        },
        {
            "reactor_utilization": {
                "shard": "17",
                "value": 0.027997180000016719
            }
        },
        {
            "reactor_utilization": {
                "shard": "18",
                "value": 0.01632442000001344
            }
        },
        {
            "reactor_utilization": {
                "shard": "19",
                "value": 0.029132799999986858
            }
        },
        {
            "reactor_utilization": {
                "shard": "20",
                "value": 0.025341360000041835
            }
        },
        {
            "reactor_utilization": {
                "shard": "21",
                "value": 0.015353480000079855
            }
        },
        {
            "reactor_utilization": {
                "shard": "22",
                "value": 0.018466060000010831
            }
        },
        {
            "reactor_utilization": {
                "shard": "23",
                "value": 0.02647678000001763
            }
        },
        {
            "reactor_utilization": {
                "shard": "24",
                "value": 0.014511419999996278
            }
        },
        {
            "reactor_utilization": {
                "shard": "25",
                "value": 0.029609899999938349
            }
        },
        {
            "reactor_utilization": {
                "shard": "26",
                "value": 0.032943779999961009
            }
        },
        {
            "reactor_utilization": {
                "shard": "27",
                "value": 0.019831259999980588
            }
        }
    ]
}
{
    "metrics": [
        {
            "reactor_utilization": {
                "shard": "0",
                "value": 0.088891819999981081
            }
        },
        {
            "reactor_utilization": {
                "shard": "1",
                "value": 0.018957359999993706
            }
        },
        {
            "reactor_utilization": {
                "shard": "2",
                "value": 0.024171299999975471
            }
        },
        {
            "reactor_utilization": {
                "shard": "3",
                "value": 0.024996939999999412
            }
        },
        {
            "reactor_utilization": {
                "shard": "4",
                "value": 0.031951060000012799
            }
        },
        {
            "reactor_utilization": {
                "shard": "5",
                "value": 0.021940279999987933
            }
        },
        {
            "reactor_utilization": {
                "shard": "6",
                "value": 0.025447219999996662
            }
        },
        {
            "reactor_utilization": {
                "shard": "7",
                "value": 0.027213759999999976
            }
        },
        {
            "reactor_utilization": {
                "shard": "8",
                "value": 0.025541219999958287
            }
        },
        {
            "reactor_utilization": {
                "shard": "9",
                "value": 0.019834900000004207
            }
        },
        {
            "reactor_utilization": {
                "shard": "10",
                "value": 0.02418787999997063
            }
        },
        {
            "reactor_utilization": {
                "shard": "11",
                "value": 0.024491279999983018
            }
        },
        {
            "reactor_utilization": {
                "shard": "12",
                "value": 0.02463356000002026
            }
        },
        {
            "reactor_utilization": {
                "shard": "13",
                "value": 0.027340940000053493
            }
        },
        {
            "reactor_utilization": {
                "shard": "14",
                "value": 0.021343740000023814
            }
        },
        {
            "reactor_utilization": {
                "shard": "15",
                "value": 0.025628820000056507
            }
        },
        {
            "reactor_utilization": {
                "shard": "16",
                "value": 0.018018300000066656
            }
        },
        {
            "reactor_utilization": {
                "shard": "17",
                "value": 0.018677780000020405
            }
        },
        {
            "reactor_utilization": {
                "shard": "18",
                "value": 0.024874140000030742
            }
        },
        {
            "reactor_utilization": {
                "shard": "19",
                "value": 0.014825059999967749
            }
        },
        {
            "reactor_utilization": {
                "shard": "20",
                "value": 0.015477260000040793
            }
        },
        {
            "reactor_utilization": {
                "shard": "21",
                "value": 0.023760420000074056
            }
        },
        {
            "reactor_utilization": {
                "shard": "22",
                "value": 0.021063359999984321
            }
        },
        {
            "reactor_utilization": {
                "shard": "23",
                "value": 0.01983160000000872
            }
        },
        {
            "reactor_utilization": {
                "shard": "24",
                "value": 0.021581079999999364
            }
        },
        {
            "reactor_utilization": {
                "shard": "25",
                "value": 0.022195759999943387
            }
        },
        {
            "reactor_utilization": {
                "shard": "26",
                "value": 0.021000559999961865
            }
        },
        {
            "reactor_utilization": {
                "shard": "27",
                "value": 0.025185219999979136
            }
        }
    ]
}
{
    "metrics": [
        {
            "reactor_utilization": {
                "shard": "0",
                "value": 0.099742819999981691
            }
        },
        {
            "reactor_utilization": {
                "shard": "1",
                "value": 0.020101599999988728
            }
        },
        {
            "reactor_utilization": {
                "shard": "2",
                "value": 0.019887579999977589
            }
        },
        {
            "reactor_utilization": {
                "shard": "3",
                "value": 0.022452900000002884
            }
        },
        {
            "reactor_utilization": {
                "shard": "4",
                "value": 0.030644480000008301
            }
        },
        {
            "reactor_utilization": {
                "shard": "5",
                "value": 0.019855039999994162
            }
        },
        {
            "reactor_utilization": {
                "shard": "6",
                "value": 0.020278819999997033
            }
        },
        {
            "reactor_utilization": {
                "shard": "7",
                "value": 0.019204419999985234
            }
        },
        {
            "reactor_utilization": {
                "shard": "8",
                "value": 0.020535699999968404
            }
        },
        {
            "reactor_utilization": {
                "shard": "9",
                "value": 0.023003219999995217
            }
        },
        {
            "reactor_utilization": {
                "shard": "10",
                "value": 0.020791779999984605
            }
        },
        {
            "reactor_utilization": {
                "shard": "11",
                "value": 0.019042319999984514
            }
        },
        {
            "reactor_utilization": {
                "shard": "12",
                "value": 0.023002080000011915
            }
        },
        {
            "reactor_utilization": {
                "shard": "13",
                "value": 0.022636800000064294
            }
        },
        {
            "reactor_utilization": {
                "shard": "14",
                "value": 0.02414886000002836
            }
        },
        {
            "reactor_utilization": {
                "shard": "15",
                "value": 0.022591360000046024
            }
        },
        {
            "reactor_utilization": {
                "shard": "16",
                "value": 0.018567640000055619
            }
        },
        {
            "reactor_utilization": {
                "shard": "17",
                "value": 0.021157020000028837
            }
        },
        {
            "reactor_utilization": {
                "shard": "18",
                "value": 0.022998160000009538
            }
        },
        {
            "reactor_utilization": {
                "shard": "19",
                "value": 0.022597419999959012
            }
        },
        {
            "reactor_utilization": {
                "shard": "20",
                "value": 0.02241044000003134
            }
        },
        {
            "reactor_utilization": {
                "shard": "21",
                "value": 0.022076020000083574
            }
        },
        {
            "reactor_utilization": {
                "shard": "22",
                "value": 0.022701199999985988
            }
        },
        {
            "reactor_utilization": {
                "shard": "23",
                "value": 0.020728420000026837
            }
        },
        {
            "reactor_utilization": {
                "shard": "24",
                "value": 0.020693219999989854
            }
        },
        {
            "reactor_utilization": {
                "shard": "25",
                "value": 0.020171199999940992
            }
        },
        {
            "reactor_utilization": {
                "shard": "26",
                "value": 0.024126139999958163
            }
        },
        {
            "reactor_utilization": {
                "shard": "27",
                "value": 0.024192639999975896
            }
        }
    ]
}
{
    "metrics": [
        {
            "reactor_utilization": {
                "shard": "0",
                "value": 0.10500999999998317
            }
        },
        {
            "reactor_utilization": {
                "shard": "1",
                "value": 0.025607300000007882
            }
        },
        {
            "reactor_utilization": {
                "shard": "2",
                "value": 0.031384979999993234
            }
        },
        {
            "reactor_utilization": {
                "shard": "3",
                "value": 0.028978180000005516
            }
        },
        {
            "reactor_utilization": {
                "shard": "4",
                "value": 0.045459960000027166
            }
        },
        {
            "reactor_utilization": {
                "shard": "5",
                "value": 0.034190799999989085
            }
        },
        {
            "reactor_utilization": {
                "shard": "6",
                "value": 0.026328719999990646
            }
        },
        {
            "reactor_utilization": {
                "shard": "7",
                "value": 0.030985919999992895
            }
        },
        {
            "reactor_utilization": {
                "shard": "8",
                "value": 0.02726421999996731
            }
        },
        {
            "reactor_utilization": {
                "shard": "9",
                "value": 0.03109346000000901
            }
        },
        {
            "reactor_utilization": {
                "shard": "10",
                "value": 0.03082679999998339
            }
        },
        {
            "reactor_utilization": {
                "shard": "11",
                "value": 0.026395039999982384
            }
        },
        {
            "reactor_utilization": {
                "shard": "12",
                "value": 0.029199580000016656
            }
        },
        {
            "reactor_utilization": {
                "shard": "13",
                "value": 0.026853920000080578
            }
        },
        {
            "reactor_utilization": {
                "shard": "14",
                "value": 0.030041820000026309
            }
        },
        {
            "reactor_utilization": {
                "shard": "15",
                "value": 0.030721680000045382
            }
        },
        {
            "reactor_utilization": {
                "shard": "16",
                "value": 0.02750348000004621
            }
        },
        {
            "reactor_utilization": {
                "shard": "17",
                "value": 0.027095000000021408
            }
        },
        {
            "reactor_utilization": {
                "shard": "18",
                "value": 0.029076260000027165
            }
        },
        {
            "reactor_utilization": {
                "shard": "19",
                "value": 0.027252819999978861
            }
        },
        {
            "reactor_utilization": {
                "shard": "20",
                "value": 0.024696280000036097
            }
        },
        {
            "reactor_utilization": {
                "shard": "21",
                "value": 0.028883760000075753
            }
        },
        {
            "reactor_utilization": {
                "shard": "22",
                "value": 0.023801159999981003
            }
        },
        {
            "reactor_utilization": {
                "shard": "23",
                "value": 0.025842760000016618
            }
        },
        {
            "reactor_utilization": {
                "shard": "24",
                "value": 0.028777899999998802
            }
        },
        {
            "reactor_utilization": {
                "shard": "25",
                "value": 0.028655739999927654
            }
        },
        {
            "reactor_utilization": {
                "shard": "26",
                "value": 0.033066979999962776
            }
        },
        {
            "reactor_utilization": {
                "shard": "27",
                "value": 0.028058299999988989
            }
        }
    ]
}
{
    "metrics": [
        {
            "reactor_utilization": {
                "shard": "0",
                "value": 0.091842499999972294
            }
        },
        {
            "reactor_utilization": {
                "shard": "1",
                "value": 0.031122080000023367
            }
        },
        {
            "reactor_utilization": {
                "shard": "2",
                "value": 0.029029640000000079
            }
        },
        {
            "reactor_utilization": {
                "shard": "3",
                "value": 0.029137040000015713
            }
        },
        {
            "reactor_utilization": {
                "shard": "4",
                "value": 0.028131160000022248
            }
        },
        {
            "reactor_utilization": {
                "shard": "5",
                "value": 0.040484399999984877
            }
        },
        {
            "reactor_utilization": {
                "shard": "6",
                "value": 0.028455659999981897
            }
        },
        {
            "reactor_utilization": {
                "shard": "7",
                "value": 0.030642739999997559
            }
        },
        {
            "reactor_utilization": {
                "shard": "8",
                "value": 0.030023179999960625
            }
        },
        {
            "reactor_utilization": {
                "shard": "9",
                "value": 0.033871159999998568
            }
        },
        {
            "reactor_utilization": {
                "shard": "10",
                "value": 0.028976039999994985
            }
        },
        {
            "reactor_utilization": {
                "shard": "11",
                "value": 0.031933839999975788
            }
        },
        {
            "reactor_utilization": {
                "shard": "12",
                "value": 0.032353540000018555
            }
        },
        {
            "reactor_utilization": {
                "shard": "13",
                "value": 0.029937000000068714
            }
        },
        {
            "reactor_utilization": {
                "shard": "14",
                "value": 0.031592400000024501
            }
        },
        {
            "reactor_utilization": {
                "shard": "15",
                "value": 0.033899960000061125
            }
        },
        {
            "reactor_utilization": {
                "shard": "16",
                "value": 0.027893460000039116
            }
        },
        {
            "reactor_utilization": {
                "shard": "17",
                "value": 0.029356080000009221
            }
        },
        {
            "reactor_utilization": {
                "shard": "18",
                "value": 0.028974680000026787
            }
        },
        {
            "reactor_utilization": {
                "shard": "19",
                "value": 0.022715999999967096
            }
        },
        {
            "reactor_utilization": {
                "shard": "20",
                "value": 0.022583100000039824
            }
        },
        {
            "reactor_utilization": {
                "shard": "21",
                "value": 0.026628720000076989
            }
        },
        {
            "reactor_utilization": {
                "shard": "22",
                "value": 0.026292059999988293
            }
        },
        {
            "reactor_utilization": {
                "shard": "23",
                "value": 0.023263140000029381
            }
        },
        {
            "reactor_utilization": {
                "shard": "24",
                "value": 0.027333139999985434
            }
        },
        {
            "reactor_utilization": {
                "shard": "25",
                "value": 0.022056039999929222
            }
        },
        {
            "reactor_utilization": {
                "shard": "26",
                "value": 0.032921259999951769
            }
        },
        {
            "reactor_utilization": {
                "shard": "27",
                "value": 0.02701741999997509
            }
        }
    ]
}
{
    "metrics": [
        {
            "reactor_utilization": {
                "shard": "0",
                "value": 0.076658059999978878
            }
        },
        {
            "reactor_utilization": {
                "shard": "1",
                "value": 0.021756620000012994
            }
        },
        {
            "reactor_utilization": {
                "shard": "2",
                "value": 0.021653459999992908
            }
        },
        {
            "reactor_utilization": {
                "shard": "3",
                "value": 0.021246120000006918
            }
        },
        {
            "reactor_utilization": {
                "shard": "4",
                "value": 0.023226600000025854
            }
        },
        {
            "reactor_utilization": {
                "shard": "5",
                "value": 0.030100839999991358
            }
        },
        {
            "reactor_utilization": {
                "shard": "6",
                "value": 0.021367259999971466
            }
        },
        {
            "reactor_utilization": {
                "shard": "7",
                "value": 0.019312940000015821
            }
        },
        {
            "reactor_utilization": {
                "shard": "8",
                "value": 0.021116899999973349
            }
        },
        {
            "reactor_utilization": {
                "shard": "9",
                "value": 0.021122979999987912
            }
        },
        {
            "reactor_utilization": {
                "shard": "10",
                "value": 0.021332659999995229
            }
        },
        {
            "reactor_utilization": {
                "shard": "11",
                "value": 0.023540979999969736
            }
        },
        {
            "reactor_utilization": {
                "shard": "12",
                "value": 0.02095244000002161
            }
        },
        {
            "reactor_utilization": {
                "shard": "13",
                "value": 0.02190660000005451
            }
        },
        {
            "reactor_utilization": {
                "shard": "14",
                "value": 0.022788620000024906
            }
        },
        {
            "reactor_utilization": {
                "shard": "15",
                "value": 0.021205140000057909
            }
        },
        {
            "reactor_utilization": {
                "shard": "16",
                "value": 0.019396740000032775
            }
        },
        {
            "reactor_utilization": {
                "shard": "17",
                "value": 0.020141840000009736
            }
        },
        {
            "reactor_utilization": {
                "shard": "18",
                "value": 0.018635460000027138
            }
        },
        {
            "reactor_utilization": {
                "shard": "19",
                "value": 0.019379339999958667
            }
        },
        {
            "reactor_utilization": {
                "shard": "20",
                "value": 0.020320480000057817
            }
        },
        {
            "reactor_utilization": {
                "shard": "21",
                "value": 0.022974720000101811
            }
        },
        {
            "reactor_utilization": {
                "shard": "22",
                "value": 0.021108219999987909
            }
        },
        {
            "reactor_utilization": {
                "shard": "23",
                "value": 0.022926320000027367
            }
        },
        {
            "reactor_utilization": {
                "shard": "24",
                "value": 0.021654399999992968
            }
        },
        {
            "reactor_utilization": {
                "shard": "25",
                "value": 0.02313621999991966
            }
        },
        {
            "reactor_utilization": {
                "shard": "26",
                "value": 0.022315519999938083
            }
        },
        {
            "reactor_utilization": {
                "shard": "27",
                "value": 0.021851759999969023
            }
        }
    ]
}
{
    "metrics": [
        {
            "reactor_utilization": {
                "shard": "0",
                "value": 0.10580345999995355
            }
        },
        {
            "reactor_utilization": {
                "shard": "1",
                "value": 0.025406980000020063
            }
        },
        {
            "reactor_utilization": {
                "shard": "2",
                "value": 0.027018660000011074
            }
        },
        {
            "reactor_utilization": {
                "shard": "3",
                "value": 0.026486420000004784
            }
        },
        {
            "reactor_utilization": {
                "shard": "4",
                "value": 0.027778240000031484
            }
        },
        {
            "reactor_utilization": {
                "shard": "5",
                "value": 0.036571499999971113
            }
        },
        {
            "reactor_utilization": {
                "shard": "6",
                "value": 0.026959659999958863
            }
        },
        {
            "reactor_utilization": {
                "shard": "7",
                "value": 0.022141440000023049
            }
        },
        {
            "reactor_utilization": {
                "shard": "8",
                "value": 0.022904219999964059
            }
        },
        {
            "reactor_utilization": {
                "shard": "9",
                "value": 0.025304260000014178
            }
        },
        {
            "reactor_utilization": {
                "shard": "10",
                "value": 0.025949719999984744
            }
        },
        {
            "reactor_utilization": {
                "shard": "11",
                "value": 0.025517459999968573
            }
        },
        {
            "reactor_utilization": {
                "shard": "12",
                "value": 0.024498760000035702
            }
        },
        {
            "reactor_utilization": {
                "shard": "13",
                "value": 0.024917660000067787
            }
        },
        {
            "reactor_utilization": {
                "shard": "14",
                "value": 0.0255720600000231
            }
        },
        {
            "reactor_utilization": {
                "shard": "15",
                "value": 0.024517320000039255
            }
        },
        {
            "reactor_utilization": {
                "shard": "16",
                "value": 0.020473580000013314
            }
        },
        {
            "reactor_utilization": {
                "shard": "17",
                "value": 0.027867839999995425
            }
        },
        {
            "reactor_utilization": {
                "shard": "18",
                "value": 0.025091740000027229
            }
        },
        {
            "reactor_utilization": {
                "shard": "19",
                "value": 0.023830599999985491
            }
        },
        {
            "reactor_utilization": {
                "shard": "20",
                "value": 0.026866500000055638
            }
        },
        {
            "reactor_utilization": {
                "shard": "21",
                "value": 0.026224640000083177
            }
        },
        {
            "reactor_utilization": {
                "shard": "22",
                "value": 0.026940499999972278
            }
        },
        {
            "reactor_utilization": {
                "shard": "23",
                "value": 0.027541460000013451
            }
        },
        {
            "reactor_utilization": {
                "shard": "24",
                "value": 0.027051159999991192
            }
        },
        {
            "reactor_utilization": {
                "shard": "25",
                "value": 0.024201319999928028
            }
        },
        {
            "reactor_utilization": {
                "shard": "26",
                "value": 0.026912319999938816
            }
        },
        {
            "reactor_utilization": {
                "shard": "27",
                "value": 0.028397019999970574
            }
        }
    ]
}
{
    "metrics": [
        {
            "reactor_utilization": {
                "shard": "0",
                "value": 0.099686199999948766
            }
        },
        {
            "reactor_utilization": {
                "shard": "1",
                "value": 0.025131999999994381
            }
        },
        {
            "reactor_utilization": {
                "shard": "2",
                "value": 0.02405024000000644
            }
        },
        {
            "reactor_utilization": {
                "shard": "3",
                "value": 0.02384814000000457
            }
        },
        {
            "reactor_utilization": {
                "shard": "4",
                "value": 0.027438800000034735
            }
        },
        {
            "reactor_utilization": {
                "shard": "5",
                "value": 0.031138199999969363
            }
        },
        {
            "reactor_utilization": {
                "shard": "6",
                "value": 0.02526087999995541
            }
        },
        {
            "reactor_utilization": {
                "shard": "7",
                "value": 0.025389800000041873
            }
        },
        {
            "reactor_utilization": {
                "shard": "8",
                "value": 0.026165519999965525
            }
        },
        {
            "reactor_utilization": {
                "shard": "9",
                "value": 0.02628518000001856
            }
        },
        {
            "reactor_utilization": {
                "shard": "10",
                "value": 0.020925359999990345
            }
        },
        {
            "reactor_utilization": {
                "shard": "11",
                "value": 0.02283849999998866
            }
        },
        {
            "reactor_utilization": {
                "shard": "12",
                "value": 0.02710412000003215
            }
        },
        {
            "reactor_utilization": {
                "shard": "13",
                "value": 0.025080900000062911
            }
        },
        {
            "reactor_utilization": {
                "shard": "14",
                "value": 0.02595990000002768
            }
        },
        {
            "reactor_utilization": {
                "shard": "15",
                "value": 0.024725920000034929
            }
        },
        {
            "reactor_utilization": {
                "shard": "16",
                "value": 0.025713320000020357
            }
        },
        {
            "reactor_utilization": {
                "shard": "17",
                "value": 0.031074180000001395
            }
        },
        {
            "reactor_utilization": {
                "shard": "18",
                "value": 0.023542280000010685
            }
        },
        {
            "reactor_utilization": {
                "shard": "19",
                "value": 0.027263979999980759
            }
        },
        {
            "reactor_utilization": {
                "shard": "20",
                "value": 0.025955640000074887
            }
        },
        {
            "reactor_utilization": {
                "shard": "21",
                "value": 0.029169380000104717
            }
        },
        {
            "reactor_utilization": {
                "shard": "22",
                "value": 0.029155439999983823
            }
        },
        {
            "reactor_utilization": {
                "shard": "23",
                "value": 0.028956100000010476
            }
        },
        {
            "reactor_utilization": {
                "shard": "24",
                "value": 0.022794679999982304
            }
        },
        {
            "reactor_utilization": {
                "shard": "25",
                "value": 0.027251019999940951
            }
        },
        {
            "reactor_utilization": {
                "shard": "26",
                "value": 0.024756079999943559
            }
        },
        {
            "reactor_utilization": {
                "shard": "27",
                "value": 0.024972739999973292
            }
        }
    ]
}
{
    "metrics": [
        {
            "reactor_utilization": {
                "shard": "0",
                "value": 0.07440201999993068
            }
        },
        {
            "reactor_utilization": {
                "shard": "1",
                "value": 0.021266040000000874
            }
        },
        {
            "reactor_utilization": {
                "shard": "2",
                "value": 0.019922160000007683
            }
        },
        {
            "reactor_utilization": {
                "shard": "3",
                "value": 0.023714340000013934
            }
        },
        {
            "reactor_utilization": {
                "shard": "4",
                "value": 0.019122840000029839
            }
        },
        {
            "reactor_utilization": {
                "shard": "5",
                "value": 0.025107239999977438
            }
        },
        {
            "reactor_utilization": {
                "shard": "6",
                "value": 0.020020659999930857
            }
        },
        {
            "reactor_utilization": {
                "shard": "7",
                "value": 0.018428940000037031
            }
        },
        {
            "reactor_utilization": {
                "shard": "8",
                "value": 0.021279979999988541
            }
        },
        {
            "reactor_utilization": {
                "shard": "9",
                "value": 0.022600600000011184
            }
        },
        {
            "reactor_utilization": {
                "shard": "10",
                "value": 0.02003871999999296
            }
        },
        {
            "reactor_utilization": {
                "shard": "11",
                "value": 0.02042175999996676
            }
        },
        {
            "reactor_utilization": {
                "shard": "12",
                "value": 0.020089520000055039
            }
        },
        {
            "reactor_utilization": {
                "shard": "13",
                "value": 0.020131380000065757
            }
        },
        {
            "reactor_utilization": {
                "shard": "14",
                "value": 0.02212318000005542
            }
        },
        {
            "reactor_utilization": {
                "shard": "15",
                "value": 0.019383840000042341
            }
        },
        {
            "reactor_utilization": {
                "shard": "16",
                "value": 0.019817040000014163
            }
        },
        {
            "reactor_utilization": {
                "shard": "17",
                "value": 0.022155840000026572
            }
        },
        {
            "reactor_utilization": {
                "shard": "18",
                "value": 0.021155199999989271
            }
        },
        {
            "reactor_utilization": {
                "shard": "19",
                "value": 0.021411559999973129
            }
        },
        {
            "reactor_utilization": {
                "shard": "20",
                "value": 0.020685560000066605
            }
        },
        {
            "reactor_utilization": {
                "shard": "21",
                "value": 0.023303580000100244
            }
        },
        {
            "reactor_utilization": {
                "shard": "22",
                "value": 0.0220545599999733
            }
        },
        {
            "reactor_utilization": {
                "shard": "23",
                "value": 0.022773500000017322
            }
        },
        {
            "reactor_utilization": {
                "shard": "24",
                "value": 0.020758139999987879
            }
        },
        {
            "reactor_utilization": {
                "shard": "25",
                "value": 0.021770799999920598
            }
        },
        {
            "reactor_utilization": {
                "shard": "26",
                "value": 0.02190803999994051
            }
        },
        {
            "reactor_utilization": {
                "shard": "27",
                "value": 0.021414619999982065
            }
        }
    ]
}
{
    "metrics": [
        {
            "reactor_utilization": {
                "shard": "0",
                "value": 0.10128041999991622
            }
        },
        {
            "reactor_utilization": {
                "shard": "1",
                "value": 0.020297819999992583
            }
        },
        {
            "reactor_utilization": {
                "shard": "2",
                "value": 0.024979880000008947
            }
        },
        {
            "reactor_utilization": {
                "shard": "3",
                "value": 0.024083900000015923
            }
        },
        {
            "reactor_utilization": {
                "shard": "4",
                "value": 0.024720740000017116
            }
        },
        {
            "reactor_utilization": {
                "shard": "5",
                "value": 0.026504139999983245
            }
        },
        {
            "reactor_utilization": {
                "shard": "6",
                "value": 0.027597739999918325
            }
        },
        {
            "reactor_utilization": {
                "shard": "7",
                "value": 0.018173920000053023
            }
        },
        {
            "reactor_utilization": {
                "shard": "8",
                "value": 0.017407140000003096
            }
        },
        {
            "reactor_utilization": {
                "shard": "9",
                "value": 0.021109339999991761
            }
        },
        {
            "reactor_utilization": {
                "shard": "10",
                "value": 0.022199859999982863
            }
        },
        {
            "reactor_utilization": {
                "shard": "11",
                "value": 0.023642299999970806
            }
        },
        {
            "reactor_utilization": {
                "shard": "12",
                "value": 0.018033620000035278
            }
        },
        {
            "reactor_utilization": {
                "shard": "13",
                "value": 0.018749100000070573
            }
        },
        {
            "reactor_utilization": {
                "shard": "14",
                "value": 0.024921440000047479
            }
        },
        {
            "reactor_utilization": {
                "shard": "15",
                "value": 0.023150600000054755
            }
        },
        {
            "reactor_utilization": {
                "shard": "16",
                "value": 0.01925728000002902
            }
        },
        {
            "reactor_utilization": {
                "shard": "17",
                "value": 0.021482179999998685
            }
        },
        {
            "reactor_utilization": {
                "shard": "18",
                "value": 0.020768179999985925
            }
        },
        {
            "reactor_utilization": {
                "shard": "19",
                "value": 0.022008259999961588
            }
        },
        {
            "reactor_utilization": {
                "shard": "20",
                "value": 0.021822080000055699
            }
        },
        {
            "reactor_utilization": {
                "shard": "21",
                "value": 0.023652640000115799
            }
        },
        {
            "reactor_utilization": {
                "shard": "22",
                "value": 0.023925519999967726
            }
        },
        {
            "reactor_utilization": {
                "shard": "23",
                "value": 0.023745360000015925
            }
        },
        {
            "reactor_utilization": {
                "shard": "24",
                "value": 0.02294809999997538
            }
        },
        {
            "reactor_utilization": {
                "shard": "25",
                "value": 0.02206291999992116
            }
        },
        {
            "reactor_utilization": {
                "shard": "26",
                "value": 0.021944839999954446
            }
        },
        {
            "reactor_utilization": {
                "shard": "27",
                "value": 0.023299679999988498
            }
        }
    ]
}
{
    "metrics": [
        {
            "reactor_utilization": {
                "shard": "0",
                "value": 0.093443279999916307
            }
        },
        {
            "reactor_utilization": {
                "shard": "1",
                "value": 0.022355139999996609
            }
        },
        {
            "reactor_utilization": {
                "shard": "2",
                "value": 0.025965800000005146
            }
        },
        {
            "reactor_utilization": {
                "shard": "3",
                "value": 0.022382240000007325
            }
        },
        {
            "reactor_utilization": {
                "shard": "4",
                "value": 0.023940680000000825
            }
        },
        {
            "reactor_utilization": {
                "shard": "5",
                "value": 0.035191639999987423
            }
        },
        {
            "reactor_utilization": {
                "shard": "6",
                "value": 0.025273579999907092
            }
        },
        {
            "reactor_utilization": {
                "shard": "7",
                "value": 0.024834780000038137
            }
        },
        {
            "reactor_utilization": {
                "shard": "8",
                "value": 0.024439479999982527
            }
        },
        {
            "reactor_utilization": {
                "shard": "9",
                "value": 0.0259633600000031
            }
        },
        {
            "reactor_utilization": {
                "shard": "10",
                "value": 0.025182659999978263
            }
        },
        {
            "reactor_utilization": {
                "shard": "11",
                "value": 0.024269199999960023
            }
        },
        {
            "reactor_utilization": {
                "shard": "12",
                "value": 0.024634080000029979
            }
        },
        {
            "reactor_utilization": {
                "shard": "13",
                "value": 0.024334280000071207
            }
        },
        {
            "reactor_utilization": {
                "shard": "14",
                "value": 0.027704680000040227
            }
        },
        {
            "reactor_utilization": {
                "shard": "15",
                "value": 0.022953320000040911
            }
        },
        {
            "reactor_utilization": {
                "shard": "16",
                "value": 0.023822840000042866
            }
        },
        {
            "reactor_utilization": {
                "shard": "17",
                "value": 0.022316680000022959
            }
        },
        {
            "reactor_utilization": {
                "shard": "18",
                "value": 0.025737499999989311
            }
        },
        {
            "reactor_utilization": {
                "shard": "19",
                "value": 0.026461599999971774
            }
        },
        {
            "reactor_utilization": {
                "shard": "20",
                "value": 0.027148100000062847
            }
        },
        {
            "reactor_utilization": {
                "shard": "21",
                "value": 0.024128780000109984
            }
        },
        {
            "reactor_utilization": {
                "shard": "22",
                "value": 0.026324699999991097
            }
        },
        {
            "reactor_utilization": {
                "shard": "23",
                "value": 0.026064740000020237
            }
        },
        {
            "reactor_utilization": {
                "shard": "24",
                "value": 0.02255829999996406
            }
        },
        {
            "reactor_utilization": {
                "shard": "25",
                "value": 0.027850779999916142
            }
        },
        {
            "reactor_utilization": {
                "shard": "26",
                "value": 0.022960059999965754
            }
        },
        {
            "reactor_utilization": {
                "shard": "27",
                "value": 0.027587859999989028
            }
        }
    ]
}
