{
    "osd_0": {
        "0": {
            "reactor": [
                "2057509",
                "2057542",
                "2057570"
            ]
        },
        "1": {
            "reactor": [
                "2057515",
                "2057551",
                "2057580"
            ]
        },
        "2": {
            "reactor": [
                "2057516",
                "2057557",
                "2057595"
            ]
        },
        "3": {
            "reactor": [
                "2057517",
                "2057554",
                "2057572"
            ]
        },
        "4": {
            "reactor": [
                "2057518",
                "2057544",
                "2057591"
            ]
        },
        "5": {
            "reactor": [
                "2057519",
                "2057546",
                "2057590"
            ]
        },
        "6": {
            "reactor": [
                "2057520",
                "2057545",
                "2057573"
            ]
        },
        "7": {
            "reactor": [
                "2057521",
                "2057543",
                "2057574"
            ]
        },
        "8": {
            "reactor": [
                "2057522",
                "2057548",
                "2057596"
            ]
        },
        "9": {
            "reactor": [
                "2057523",
                "2057547",
                "2057597"
            ]
        },
        "10": {
            "reactor": [
                "2057524",
                "2057552",
                "2057571"
            ]
        },
        "11": {
            "reactor": [
                "2057525",
                "2057550",
                "2057585"
            ]
        },
        "12": {
            "reactor": [
                "2057526",
                "2057556",
                "2057584"
            ]
        },
        "13": {
            "reactor": [
                "2057527",
                "2057562",
                "2057586"
            ]
        },
        "14": {
            "reactor": [
                "2057528",
                "2057549",
                "2057576"
            ]
        },
        "15": {
            "reactor": [
                "2057529",
                "2057561",
                "2057577"
            ]
        },
        "16": {
            "reactor": [
                "2057530",
                "2057555",
                "2057587"
            ]
        },
        "17": {
            "reactor": [
                "2057531",
                "2057558",
                "2057581"
            ]
        },
        "18": {
            "reactor": [
                "2057532",
                "2057553",
                "2057579"
            ]
        },
        "19": {
            "reactor": [
                "2057533",
                "2057560",
                "2057578"
            ]
        },
        "20": {
            "reactor": [
                "2057534",
                "2057564",
                "2057589"
            ]
        },
        "21": {
            "reactor": [
                "2057535",
                "2057559",
                "2057588"
            ]
        },
        "22": {
            "reactor": [
                "2057536",
                "2057567",
                "2057592"
            ]
        },
        "23": {
            "reactor": [
                "2057537",
                "2057566",
                "2057582"
            ]
        },
        "24": {
            "reactor": [
                "2057538",
                "2057563",
                "2057593"
            ]
        },
        "25": {
            "reactor": [
                "2057539",
                "2057568",
                "2057583"
            ]
        },
        "26": {
            "reactor": [
                "2057540",
                "2057569",
                "2057575"
            ]
        },
        "27": {
            "reactor": [
                "2057541",
                "2057565",
                "2057594"
            ]
        }
    }
}