{
    "nvme0n1p2": {
        "read_time_ms": 0,
        "reads_completed": 0,
        "write_time_ms": 0,
        "writes_completed": 0
    },
    "nvme1n1p2": {
        "read_time_ms": 0,
        "reads_completed": 0,
        "write_time_ms": 0,
        "writes_completed": 0
    },
    "nvme2n1p2": {
        "read_time_ms": 0,
        "reads_completed": 0,
        "write_time_ms": 0,
        "writes_completed": 0
    },
    "nvme3n1p2": {
        "read_time_ms": 0,
        "reads_completed": 0,
        "write_time_ms": 0,
        "writes_completed": 0
    },
    "nvme4n1p2": {
        "read_time_ms": 0,
        "reads_completed": 0,
        "write_time_ms": 0,
        "writes_completed": 0
    },
    "nvme5n1p2": {
        "read_time_ms": 0,
        "reads_completed": 0,
        "write_time_ms": 0,
        "writes_completed": 0
    },
    "nvme6n1p2": {
        "read_time_ms": 0,
        "reads_completed": 0,
        "write_time_ms": 0,
        "writes_completed": 0
    },
    "nvme7n1p2": {
        "read_time_ms": 0,
        "reads_completed": 0,
        "write_time_ms": 0,
        "writes_completed": 0
    },
    "nvme8n1p2": {
        "read_time_ms": 0,
        "reads_completed": 0,
        "write_time_ms": 0,
        "writes_completed": 0
    },
    "nvme9n1p2": {
        "read_time_ms": 1551212,
        "reads_completed": 16901161,
        "write_time_ms": 13,
        "writes_completed": 1048
    }
}