{
    "metrics": [
        {
            "reactor_utilization": {
                "shard": "0",
                "value": 62.546728900000005
            }
        },
        {
            "reactor_utilization": {
                "shard": "1",
                "value": 99.990117199999958
            }
        },
        {
            "reactor_utilization": {
                "shard": "2",
                "value": 99.574218599999853
            }
        },
        {
            "reactor_utilization": {
                "shard": "3",
                "value": 98.396428820000011
            }
        },
        {
            "reactor_utilization": {
                "shard": "4",
                "value": 97.974147419999952
            }
        },
        {
            "reactor_utilization": {
                "shard": "5",
                "value": 99.993107719999983
            }
        },
        {
            "reactor_utilization": {
                "shard": "6",
                "value": 99.971692560000037
            }
        },
        {
            "reactor_utilization": {
                "shard": "7",
                "value": 99.966836739999948
            }
        },
        {
            "reactor_utilization": {
                "shard": "8",
                "value": 99.009206880000079
            }
        },
        {
            "reactor_utilization": {
                "shard": "9",
                "value": 99.966450060000028
            }
        },
        {
            "reactor_utilization": {
                "shard": "10",
                "value": 98.72237416000003
            }
        },
        {
            "reactor_utilization": {
                "shard": "11",
                "value": 99.963666320000058
            }
        },
        {
            "reactor_utilization": {
                "shard": "12",
                "value": 99.977977179999883
            }
        },
        {
            "reactor_utilization": {
                "shard": "13",
                "value": 99.999709780000018
            }
        },
        {
            "reactor_utilization": {
                "shard": "14",
                "value": 98.172274300000012
            }
        },
        {
            "reactor_utilization": {
                "shard": "15",
                "value": 99.996648939999986
            }
        },
        {
            "reactor_utilization": {
                "shard": "16",
                "value": 98.808807999999999
            }
        },
        {
            "reactor_utilization": {
                "shard": "17",
                "value": 95.925612659999942
            }
        },
        {
            "reactor_utilization": {
                "shard": "18",
                "value": 95.709075339999998
            }
        },
        {
            "reactor_utilization": {
                "shard": "19",
                "value": 95.88489572000006
            }
        },
        {
            "reactor_utilization": {
                "shard": "20",
                "value": 95.066251220000069
            }
        },
        {
            "reactor_utilization": {
                "shard": "21",
                "value": 62.459757859999876
            }
        },
        {
            "reactor_utilization": {
                "shard": "22",
                "value": 61.770034700000018
            }
        },
        {
            "reactor_utilization": {
                "shard": "23",
                "value": 94.516584419999944
            }
        },
        {
            "reactor_utilization": {
                "shard": "24",
                "value": 94.79697280000002
            }
        },
        {
            "reactor_utilization": {
                "shard": "25",
                "value": 65.418544280000006
            }
        },
        {
            "reactor_utilization": {
                "shard": "26",
                "value": 95.510730119999991
            }
        },
        {
            "reactor_utilization": {
                "shard": "27",
                "value": 65.670315840000072
            }
        }
    ]
}
{
    "metrics": [
        {
            "reactor_utilization": {
                "shard": "0",
                "value": 27.420893460000006
            }
        },
        {
            "reactor_utilization": {
                "shard": "1",
                "value": 43.706698460000005
            }
        },
        {
            "reactor_utilization": {
                "shard": "2",
                "value": 49.369068480000003
            }
        },
        {
            "reactor_utilization": {
                "shard": "3",
                "value": 51.318630139999996
            }
        },
        {
            "reactor_utilization": {
                "shard": "4",
                "value": 51.610718540000001
            }
        },
        {
            "reactor_utilization": {
                "shard": "5",
                "value": 53.207652080000003
            }
        },
        {
            "reactor_utilization": {
                "shard": "6",
                "value": 46.504857300000005
            }
        },
        {
            "reactor_utilization": {
                "shard": "7",
                "value": 47.935668460000002
            }
        },
        {
            "reactor_utilization": {
                "shard": "8",
                "value": 52.678310600000003
            }
        },
        {
            "reactor_utilization": {
                "shard": "9",
                "value": 52.367361180000003
            }
        },
        {
            "reactor_utilization": {
                "shard": "10",
                "value": 51.666332679999996
            }
        },
        {
            "reactor_utilization": {
                "shard": "11",
                "value": 54.903363220000003
            }
        },
        {
            "reactor_utilization": {
                "shard": "12",
                "value": 44.779532359999997
            }
        },
        {
            "reactor_utilization": {
                "shard": "13",
                "value": 49.330147860000004
            }
        },
        {
            "reactor_utilization": {
                "shard": "14",
                "value": 53.590012379999997
            }
        },
        {
            "reactor_utilization": {
                "shard": "15",
                "value": 53.584129040000008
            }
        },
        {
            "reactor_utilization": {
                "shard": "16",
                "value": 43.682600039999997
            }
        },
        {
            "reactor_utilization": {
                "shard": "17",
                "value": 51.343366199999998
            }
        },
        {
            "reactor_utilization": {
                "shard": "18",
                "value": 48.677544680000004
            }
        },
        {
            "reactor_utilization": {
                "shard": "19",
                "value": 55.862367160000005
            }
        },
        {
            "reactor_utilization": {
                "shard": "20",
                "value": 55.11204438
            }
        },
        {
            "reactor_utilization": {
                "shard": "21",
                "value": 53.1324872
            }
        },
        {
            "reactor_utilization": {
                "shard": "22",
                "value": 55.381895559999997
            }
        },
        {
            "reactor_utilization": {
                "shard": "23",
                "value": 52.465391619999998
            }
        },
        {
            "reactor_utilization": {
                "shard": "24",
                "value": 50.596914039999994
            }
        },
        {
            "reactor_utilization": {
                "shard": "25",
                "value": 54.811651139999995
            }
        },
        {
            "reactor_utilization": {
                "shard": "26",
                "value": 57.704033039999999
            }
        },
        {
            "reactor_utilization": {
                "shard": "27",
                "value": 50.404390299999989
            }
        }
    ]
}
{
    "metrics": [
        {
            "reactor_utilization": {
                "shard": "0",
                "value": 0.59151877999998881
            }
        },
        {
            "reactor_utilization": {
                "shard": "1",
                "value": 0.33636952000001274
            }
        },
        {
            "reactor_utilization": {
                "shard": "2",
                "value": 0.1797875800000126
            }
        },
        {
            "reactor_utilization": {
                "shard": "3",
                "value": 0.1700143999999959
            }
        },
        {
            "reactor_utilization": {
                "shard": "4",
                "value": 0.17810005999999712
            }
        },
        {
            "reactor_utilization": {
                "shard": "5",
                "value": 0.18042252000001202
            }
        },
        {
            "reactor_utilization": {
                "shard": "6",
                "value": 0.17752328000000261
            }
        },
        {
            "reactor_utilization": {
                "shard": "7",
                "value": 0.19969992000001824
            }
        },
        {
            "reactor_utilization": {
                "shard": "8",
                "value": 0.18171021999999759
            }
        },
        {
            "reactor_utilization": {
                "shard": "9",
                "value": 0.17086457999999638
            }
        },
        {
            "reactor_utilization": {
                "shard": "10",
                "value": 0.15946163999998042
            }
        },
        {
            "reactor_utilization": {
                "shard": "11",
                "value": 0.15802805999999281
            }
        },
        {
            "reactor_utilization": {
                "shard": "12",
                "value": 0.17259801999999214
            }
        },
        {
            "reactor_utilization": {
                "shard": "13",
                "value": 0.16173286000000786
            }
        },
        {
            "reactor_utilization": {
                "shard": "14",
                "value": 0.15971651999999725
            }
        },
        {
            "reactor_utilization": {
                "shard": "15",
                "value": 0.15898206000000137
            }
        },
        {
            "reactor_utilization": {
                "shard": "16",
                "value": 0.17354411999999098
            }
        },
        {
            "reactor_utilization": {
                "shard": "17",
                "value": 0.16020237999997411
            }
        },
        {
            "reactor_utilization": {
                "shard": "18",
                "value": 0.13173708000000506
            }
        },
        {
            "reactor_utilization": {
                "shard": "19",
                "value": 0.13747108000001784
            }
        },
        {
            "reactor_utilization": {
                "shard": "20",
                "value": 0.13432238000002927
            }
        },
        {
            "reactor_utilization": {
                "shard": "21",
                "value": 0.14345204000001388
            }
        },
        {
            "reactor_utilization": {
                "shard": "22",
                "value": 0.13960353999999953
            }
        },
        {
            "reactor_utilization": {
                "shard": "23",
                "value": 0.13798701999997443
            }
        },
        {
            "reactor_utilization": {
                "shard": "24",
                "value": 0.14276569999999156
            }
        },
        {
            "reactor_utilization": {
                "shard": "25",
                "value": 0.13559091999999495
            }
        },
        {
            "reactor_utilization": {
                "shard": "26",
                "value": 0.138920099999984
            }
        },
        {
            "reactor_utilization": {
                "shard": "27",
                "value": 0.1414566399999817
            }
        }
    ]
}
{
    "metrics": [
        {
            "reactor_utilization": {
                "shard": "0",
                "value": 0.10999709999999219
            }
        },
        {
            "reactor_utilization": {
                "shard": "1",
                "value": 0.034194820000021942
            }
        },
        {
            "reactor_utilization": {
                "shard": "2",
                "value": 0.03113680000002006
            }
        },
        {
            "reactor_utilization": {
                "shard": "3",
                "value": 0.03602714000000562
            }
        },
        {
            "reactor_utilization": {
                "shard": "4",
                "value": 0.034508280000000724
            }
        },
        {
            "reactor_utilization": {
                "shard": "5",
                "value": 0.031485940000008927
            }
        },
        {
            "reactor_utilization": {
                "shard": "6",
                "value": 0.03357266000000303
            }
        },
        {
            "reactor_utilization": {
                "shard": "7",
                "value": 0.034537240000021008
            }
        },
        {
            "reactor_utilization": {
                "shard": "8",
                "value": 0.031941680000002748
            }
        },
        {
            "reactor_utilization": {
                "shard": "9",
                "value": 0.040106900000003165
            }
        },
        {
            "reactor_utilization": {
                "shard": "10",
                "value": 0.030341279999968052
            }
        },
        {
            "reactor_utilization": {
                "shard": "11",
                "value": 0.033759699999980075
            }
        },
        {
            "reactor_utilization": {
                "shard": "12",
                "value": 0.027792299999984671
            }
        },
        {
            "reactor_utilization": {
                "shard": "13",
                "value": 0.035902300000001386
            }
        },
        {
            "reactor_utilization": {
                "shard": "14",
                "value": 0.035983780000004018
            }
        },
        {
            "reactor_utilization": {
                "shard": "15",
                "value": 0.028983699999995949
            }
        },
        {
            "reactor_utilization": {
                "shard": "16",
                "value": 0.035221339999991219
            }
        },
        {
            "reactor_utilization": {
                "shard": "17",
                "value": 0.035789379999995319
            }
        },
        {
            "reactor_utilization": {
                "shard": "18",
                "value": 0.034274020000002459
            }
        },
        {
            "reactor_utilization": {
                "shard": "19",
                "value": 0.036964000000005992
            }
        },
        {
            "reactor_utilization": {
                "shard": "20",
                "value": 0.033722900000032752
            }
        },
        {
            "reactor_utilization": {
                "shard": "21",
                "value": 0.031529180000000601
            }
        },
        {
            "reactor_utilization": {
                "shard": "22",
                "value": 0.032433080000004999
            }
        },
        {
            "reactor_utilization": {
                "shard": "23",
                "value": 0.032490659999973026
            }
        },
        {
            "reactor_utilization": {
                "shard": "24",
                "value": 0.040206479999993494
            }
        },
        {
            "reactor_utilization": {
                "shard": "25",
                "value": 0.033530419999983074
            }
        },
        {
            "reactor_utilization": {
                "shard": "26",
                "value": 0.035756379999973831
            }
        },
        {
            "reactor_utilization": {
                "shard": "27",
                "value": 0.03661910000000157
            }
        }
    ]
}
{
    "metrics": [
        {
            "reactor_utilization": {
                "shard": "0",
                "value": 0.064158059999996908
            }
        },
        {
            "reactor_utilization": {
                "shard": "1",
                "value": 0.022647140000020549
            }
        },
        {
            "reactor_utilization": {
                "shard": "2",
                "value": 0.026054300000022401
            }
        },
        {
            "reactor_utilization": {
                "shard": "3",
                "value": 0.029152300000001574
            }
        },
        {
            "reactor_utilization": {
                "shard": "4",
                "value": 0.020353280000007246
            }
        },
        {
            "reactor_utilization": {
                "shard": "5",
                "value": 0.022770400000005075
            }
        },
        {
            "reactor_utilization": {
                "shard": "6",
                "value": 0.0229792399999873
            }
        },
        {
            "reactor_utilization": {
                "shard": "7",
                "value": 0.023680640000023345
            }
        },
        {
            "reactor_utilization": {
                "shard": "8",
                "value": 0.024909719999999247
            }
        },
        {
            "reactor_utilization": {
                "shard": "9",
                "value": 0.035926580000011921
            }
        },
        {
            "reactor_utilization": {
                "shard": "10",
                "value": 0.03037615999998966
            }
        },
        {
            "reactor_utilization": {
                "shard": "11",
                "value": 0.020228319999981981
            }
        },
        {
            "reactor_utilization": {
                "shard": "12",
                "value": 0.024287559999991437
            }
        },
        {
            "reactor_utilization": {
                "shard": "13",
                "value": 0.019973620000002246
            }
        },
        {
            "reactor_utilization": {
                "shard": "14",
                "value": 0.027024580000001297
            }
        },
        {
            "reactor_utilization": {
                "shard": "15",
                "value": 0.020054399999991368
            }
        },
        {
            "reactor_utilization": {
                "shard": "16",
                "value": 0.022663499999975301
            }
        },
        {
            "reactor_utilization": {
                "shard": "17",
                "value": 0.023951919999987137
            }
        },
        {
            "reactor_utilization": {
                "shard": "18",
                "value": 0.021575360000003485
            }
        },
        {
            "reactor_utilization": {
                "shard": "19",
                "value": 0.022150780000007586
            }
        },
        {
            "reactor_utilization": {
                "shard": "20",
                "value": 0.019259500000035068
            }
        },
        {
            "reactor_utilization": {
                "shard": "21",
                "value": 0.020330059999962291
            }
        },
        {
            "reactor_utilization": {
                "shard": "22",
                "value": 0.01981516000000294
            }
        },
        {
            "reactor_utilization": {
                "shard": "23",
                "value": 0.023145339999985914
            }
        },
        {
            "reactor_utilization": {
                "shard": "24",
                "value": 0.022746699999998121
            }
        },
        {
            "reactor_utilization": {
                "shard": "25",
                "value": 0.028687019999984464
            }
        },
        {
            "reactor_utilization": {
                "shard": "26",
                "value": 0.021428039999960014
            }
        },
        {
            "reactor_utilization": {
                "shard": "27",
                "value": 0.023386700000005423
            }
        }
    ]
}
{
    "metrics": [
        {
            "reactor_utilization": {
                "shard": "0",
                "value": 0.079196940000003657
            }
        },
        {
            "reactor_utilization": {
                "shard": "1",
                "value": 0.037960780000045879
            }
        },
        {
            "reactor_utilization": {
                "shard": "2",
                "value": 0.028297680000011205
            }
        },
        {
            "reactor_utilization": {
                "shard": "3",
                "value": 0.03775876000000622
            }
        },
        {
            "reactor_utilization": {
                "shard": "4",
                "value": 0.031792799999996735
            }
        },
        {
            "reactor_utilization": {
                "shard": "5",
                "value": 0.036530619999997072
            }
        },
        {
            "reactor_utilization": {
                "shard": "6",
                "value": 0.036007379999980493
            }
        },
        {
            "reactor_utilization": {
                "shard": "7",
                "value": 0.038662880000028821
            }
        },
        {
            "reactor_utilization": {
                "shard": "8",
                "value": 0.036640760000006267
            }
        },
        {
            "reactor_utilization": {
                "shard": "9",
                "value": 0.04433864000001897
            }
        },
        {
            "reactor_utilization": {
                "shard": "10",
                "value": 0.035987899999967432
            }
        },
        {
            "reactor_utilization": {
                "shard": "11",
                "value": 0.037889259999979163
            }
        },
        {
            "reactor_utilization": {
                "shard": "12",
                "value": 0.032622359999989747
            }
        },
        {
            "reactor_utilization": {
                "shard": "13",
                "value": 0.035856200000017324
            }
        },
        {
            "reactor_utilization": {
                "shard": "14",
                "value": 0.035077540000005847
            }
        },
        {
            "reactor_utilization": {
                "shard": "15",
                "value": 0.03733776000000022
            }
        },
        {
            "reactor_utilization": {
                "shard": "16",
                "value": 0.03465523999997
            }
        },
        {
            "reactor_utilization": {
                "shard": "17",
                "value": 0.037689560000009337
            }
        },
        {
            "reactor_utilization": {
                "shard": "18",
                "value": 0.028110240000023268
            }
        },
        {
            "reactor_utilization": {
                "shard": "19",
                "value": 0.032296720000002388
            }
        },
        {
            "reactor_utilization": {
                "shard": "20",
                "value": 0.028914900000032162
            }
        },
        {
            "reactor_utilization": {
                "shard": "21",
                "value": 0.030232819999975735
            }
        },
        {
            "reactor_utilization": {
                "shard": "22",
                "value": 0.026869900000003888
            }
        },
        {
            "reactor_utilization": {
                "shard": "23",
                "value": 0.028135299999987318
            }
        },
        {
            "reactor_utilization": {
                "shard": "24",
                "value": 0.033835399999992966
            }
        },
        {
            "reactor_utilization": {
                "shard": "25",
                "value": 0.02863507999997239
            }
        },
        {
            "reactor_utilization": {
                "shard": "26",
                "value": 0.02848419999996743
            }
        },
        {
            "reactor_utilization": {
                "shard": "27",
                "value": 0.031969880000004558
            }
        }
    ]
}
{
    "metrics": [
        {
            "reactor_utilization": {
                "shard": "0",
                "value": 0.073113260000012836
            }
        },
        {
            "reactor_utilization": {
                "shard": "1",
                "value": 0.033342620000020862
            }
        },
        {
            "reactor_utilization": {
                "shard": "2",
                "value": 0.02750978000000126
            }
        },
        {
            "reactor_utilization": {
                "shard": "3",
                "value": 0.027035880000014778
            }
        },
        {
            "reactor_utilization": {
                "shard": "4",
                "value": 0.032297300000017071
            }
        },
        {
            "reactor_utilization": {
                "shard": "5",
                "value": 0.022988739999996177
            }
        },
        {
            "reactor_utilization": {
                "shard": "6",
                "value": 0.032484399999965774
            }
        },
        {
            "reactor_utilization": {
                "shard": "7",
                "value": 0.030506300000032738
            }
        },
        {
            "reactor_utilization": {
                "shard": "8",
                "value": 0.030874940000003015
            }
        },
        {
            "reactor_utilization": {
                "shard": "9",
                "value": 0.043649140000012743
            }
        },
        {
            "reactor_utilization": {
                "shard": "10",
                "value": 0.025078239999976049
            }
        },
        {
            "reactor_utilization": {
                "shard": "11",
                "value": 0.021730499999983444
            }
        },
        {
            "reactor_utilization": {
                "shard": "12",
                "value": 0.035257199999982891
            }
        },
        {
            "reactor_utilization": {
                "shard": "13",
                "value": 0.026277760000004147
            }
        },
        {
            "reactor_utilization": {
                "shard": "14",
                "value": 0.028909560000001111
            }
        },
        {
            "reactor_utilization": {
                "shard": "15",
                "value": 0.032978779999992547
            }
        },
        {
            "reactor_utilization": {
                "shard": "16",
                "value": 0.026660499999964227
            }
        },
        {
            "reactor_utilization": {
                "shard": "17",
                "value": 0.031699340000002074
            }
        },
        {
            "reactor_utilization": {
                "shard": "18",
                "value": 0.030289120000026593
            }
        },
        {
            "reactor_utilization": {
                "shard": "19",
                "value": 0.033257340000014679
            }
        },
        {
            "reactor_utilization": {
                "shard": "20",
                "value": 0.029408060000024605
            }
        },
        {
            "reactor_utilization": {
                "shard": "21",
                "value": 0.029666379999970793
            }
        },
        {
            "reactor_utilization": {
                "shard": "22",
                "value": 0.030794140000001136
            }
        },
        {
            "reactor_utilization": {
                "shard": "23",
                "value": 0.028296979999997696
            }
        },
        {
            "reactor_utilization": {
                "shard": "24",
                "value": 0.030331159999996693
            }
        },
        {
            "reactor_utilization": {
                "shard": "25",
                "value": 0.028979299999964958
            }
        },
        {
            "reactor_utilization": {
                "shard": "26",
                "value": 0.030851499999973164
            }
        },
        {
            "reactor_utilization": {
                "shard": "27",
                "value": 0.033695699999991557
            }
        }
    ]
}
{
    "metrics": [
        {
            "reactor_utilization": {
                "shard": "0",
                "value": 0.1075504400000149
            }
        },
        {
            "reactor_utilization": {
                "shard": "1",
                "value": 0.026970700000028547
            }
        },
        {
            "reactor_utilization": {
                "shard": "2",
                "value": 0.025735199999998848
            }
        },
        {
            "reactor_utilization": {
                "shard": "3",
                "value": 0.022522680000025552
            }
        },
        {
            "reactor_utilization": {
                "shard": "4",
                "value": 0.022641300000025844
            }
        },
        {
            "reactor_utilization": {
                "shard": "5",
                "value": 0.022470920000006167
            }
        },
        {
            "reactor_utilization": {
                "shard": "6",
                "value": 0.02120405999996855
            }
        },
        {
            "reactor_utilization": {
                "shard": "7",
                "value": 0.023817660000013952
            }
        },
        {
            "reactor_utilization": {
                "shard": "8",
                "value": 0.0207658200000016
            }
        },
        {
            "reactor_utilization": {
                "shard": "9",
                "value": 0.036725220000000114
            }
        },
        {
            "reactor_utilization": {
                "shard": "10",
                "value": 0.02651917999998421
            }
        },
        {
            "reactor_utilization": {
                "shard": "11",
                "value": 0.021002319999974262
            }
        },
        {
            "reactor_utilization": {
                "shard": "12",
                "value": 0.023515199999990521
            }
        },
        {
            "reactor_utilization": {
                "shard": "13",
                "value": 0.021911080000003302
            }
        },
        {
            "reactor_utilization": {
                "shard": "14",
                "value": 0.019477739999995691
            }
        },
        {
            "reactor_utilization": {
                "shard": "15",
                "value": 0.022804599999992625
            }
        },
        {
            "reactor_utilization": {
                "shard": "16",
                "value": 0.022714559999970074
            }
        },
        {
            "reactor_utilization": {
                "shard": "17",
                "value": 0.022506759999996184
            }
        },
        {
            "reactor_utilization": {
                "shard": "18",
                "value": 0.020655420000004199
            }
        },
        {
            "reactor_utilization": {
                "shard": "19",
                "value": 0.021291400000034155
            }
        },
        {
            "reactor_utilization": {
                "shard": "20",
                "value": 0.02280586000000806
            }
        },
        {
            "reactor_utilization": {
                "shard": "21",
                "value": 0.021248119999961457
            }
        },
        {
            "reactor_utilization": {
                "shard": "22",
                "value": 0.021512640000020955
            }
        },
        {
            "reactor_utilization": {
                "shard": "23",
                "value": 0.019304859999991208
            }
        },
        {
            "reactor_utilization": {
                "shard": "24",
                "value": 0.020183679999985493
            }
        },
        {
            "reactor_utilization": {
                "shard": "25",
                "value": 0.022774859999974417
            }
        },
        {
            "reactor_utilization": {
                "shard": "26",
                "value": 0.02240659999998007
            }
        },
        {
            "reactor_utilization": {
                "shard": "27",
                "value": 0.023248899999983585
            }
        }
    ]
}
{
    "metrics": [
        {
            "reactor_utilization": {
                "shard": "0",
                "value": 0.084365980000022933
            }
        },
        {
            "reactor_utilization": {
                "shard": "1",
                "value": 0.036593480000024492
            }
        },
        {
            "reactor_utilization": {
                "shard": "2",
                "value": 0.050116919999987353
            }
        },
        {
            "reactor_utilization": {
                "shard": "3",
                "value": 0.035355040000029092
            }
        },
        {
            "reactor_utilization": {
                "shard": "4",
                "value": 0.047338220000026077
            }
        },
        {
            "reactor_utilization": {
                "shard": "5",
                "value": 0.028983279999983402
            }
        },
        {
            "reactor_utilization": {
                "shard": "6",
                "value": 0.047067919999965735
            }
        },
        {
            "reactor_utilization": {
                "shard": "7",
                "value": 0.036970660000024136
            }
        },
        {
            "reactor_utilization": {
                "shard": "8",
                "value": 0.042283460000014372
            }
        },
        {
            "reactor_utilization": {
                "shard": "9",
                "value": 0.062385060000003101
            }
        },
        {
            "reactor_utilization": {
                "shard": "10",
                "value": 0.029758579999972223
            }
        },
        {
            "reactor_utilization": {
                "shard": "11",
                "value": 0.025693379999980337
            }
        },
        {
            "reactor_utilization": {
                "shard": "12",
                "value": 0.047087119999988936
            }
        },
        {
            "reactor_utilization": {
                "shard": "13",
                "value": 0.041955400000004417
            }
        },
        {
            "reactor_utilization": {
                "shard": "14",
                "value": 0.038798139999973724
            }
        },
        {
            "reactor_utilization": {
                "shard": "15",
                "value": 0.052571059999972913
            }
        },
        {
            "reactor_utilization": {
                "shard": "16",
                "value": 0.031393579999960952
            }
        },
        {
            "reactor_utilization": {
                "shard": "17",
                "value": 0.042889460000006263
            }
        },
        {
            "reactor_utilization": {
                "shard": "18",
                "value": 0.030006240000024498
            }
        },
        {
            "reactor_utilization": {
                "shard": "19",
                "value": 0.040301980000023718
            }
        },
        {
            "reactor_utilization": {
                "shard": "20",
                "value": 0.034406860000024686
            }
        },
        {
            "reactor_utilization": {
                "shard": "21",
                "value": 0.027051939999989116
            }
        },
        {
            "reactor_utilization": {
                "shard": "22",
                "value": 0.028636520000013821
            }
        },
        {
            "reactor_utilization": {
                "shard": "23",
                "value": 0.028033719999986939
            }
        },
        {
            "reactor_utilization": {
                "shard": "24",
                "value": 0.030564859999993033
            }
        },
        {
            "reactor_utilization": {
                "shard": "25",
                "value": 0.036084039999961792
            }
        },
        {
            "reactor_utilization": {
                "shard": "26",
                "value": 0.024988279999993424
            }
        },
        {
            "reactor_utilization": {
                "shard": "27",
                "value": 0.046378379999989505
            }
        }
    ]
}
{
    "metrics": [
        {
            "reactor_utilization": {
                "shard": "0",
                "value": 0.082765720000010923
            }
        },
        {
            "reactor_utilization": {
                "shard": "1",
                "value": 0.020946880000027868
            }
        },
        {
            "reactor_utilization": {
                "shard": "2",
                "value": 0.021223539999981611
            }
        },
        {
            "reactor_utilization": {
                "shard": "3",
                "value": 0.017100820000026662
            }
        },
        {
            "reactor_utilization": {
                "shard": "4",
                "value": 0.022673660000038787
            }
        },
        {
            "reactor_utilization": {
                "shard": "5",
                "value": 0.019232339999986081
            }
        },
        {
            "reactor_utilization": {
                "shard": "6",
                "value": 0.021752039999944905
            }
        },
        {
            "reactor_utilization": {
                "shard": "7",
                "value": 0.022308700000017723
            }
        },
        {
            "reactor_utilization": {
                "shard": "8",
                "value": 0.020998720000009463
            }
        },
        {
            "reactor_utilization": {
                "shard": "9",
                "value": 0.033314319999999675
            }
        },
        {
            "reactor_utilization": {
                "shard": "10",
                "value": 0.019294439999983926
            }
        },
        {
            "reactor_utilization": {
                "shard": "11",
                "value": 0.021088299999971749
            }
        },
        {
            "reactor_utilization": {
                "shard": "12",
                "value": 0.0220771000000064
            }
        },
        {
            "reactor_utilization": {
                "shard": "13",
                "value": 0.019367279999993325
            }
        },
        {
            "reactor_utilization": {
                "shard": "14",
                "value": 0.021314599999988637
            }
        },
        {
            "reactor_utilization": {
                "shard": "15",
                "value": 0.022416679999970324
            }
        },
        {
            "reactor_utilization": {
                "shard": "16",
                "value": 0.018513499999950334
            }
        },
        {
            "reactor_utilization": {
                "shard": "17",
                "value": 0.020638540000017525
            }
        },
        {
            "reactor_utilization": {
                "shard": "18",
                "value": 0.01995360000002222
            }
        },
        {
            "reactor_utilization": {
                "shard": "19",
                "value": 0.023594040000007865
            }
        },
        {
            "reactor_utilization": {
                "shard": "20",
                "value": 0.02242194000001696
            }
        },
        {
            "reactor_utilization": {
                "shard": "21",
                "value": 0.019504539999970483
            }
        },
        {
            "reactor_utilization": {
                "shard": "22",
                "value": 0.018752619999995446
            }
        },
        {
            "reactor_utilization": {
                "shard": "23",
                "value": 0.02240985999998335
            }
        },
        {
            "reactor_utilization": {
                "shard": "24",
                "value": 0.018194939999993665
            }
        },
        {
            "reactor_utilization": {
                "shard": "25",
                "value": 0.022133039999960857
            }
        },
        {
            "reactor_utilization": {
                "shard": "26",
                "value": 0.019057579999981478
            }
        },
        {
            "reactor_utilization": {
                "shard": "27",
                "value": 0.023241060000012137
            }
        }
    ]
}
{
    "metrics": [
        {
            "reactor_utilization": {
                "shard": "0",
                "value": 0.097464620000031754
            }
        },
        {
            "reactor_utilization": {
                "shard": "1",
                "value": 0.030423420000036394
            }
        },
        {
            "reactor_utilization": {
                "shard": "2",
                "value": 0.025803179999983605
            }
        },
        {
            "reactor_utilization": {
                "shard": "3",
                "value": 0.028049700000032374
            }
        },
        {
            "reactor_utilization": {
                "shard": "4",
                "value": 0.025060740000015791
            }
        },
        {
            "reactor_utilization": {
                "shard": "5",
                "value": 0.023806859999997432
            }
        },
        {
            "reactor_utilization": {
                "shard": "6",
                "value": 0.026389139999938305
            }
        },
        {
            "reactor_utilization": {
                "shard": "7",
                "value": 0.028948340000034545
            }
        },
        {
            "reactor_utilization": {
                "shard": "8",
                "value": 0.026364079999985357
            }
        },
        {
            "reactor_utilization": {
                "shard": "9",
                "value": 0.047611900000010809
            }
        },
        {
            "reactor_utilization": {
                "shard": "10",
                "value": 0.028584499999984025
            }
        },
        {
            "reactor_utilization": {
                "shard": "11",
                "value": 0.02210335999998092
            }
        },
        {
            "reactor_utilization": {
                "shard": "12",
                "value": 0.02795384000000567
            }
        },
        {
            "reactor_utilization": {
                "shard": "13",
                "value": 0.024336479999986782
            }
        },
        {
            "reactor_utilization": {
                "shard": "14",
                "value": 0.024477239999987077
            }
        },
        {
            "reactor_utilization": {
                "shard": "15",
                "value": 0.025736459999969874
            }
        },
        {
            "reactor_utilization": {
                "shard": "16",
                "value": 0.023574659999958669
            }
        },
        {
            "reactor_utilization": {
                "shard": "17",
                "value": 0.02748742000001636
            }
        },
        {
            "reactor_utilization": {
                "shard": "18",
                "value": 0.026174080000029853
            }
        },
        {
            "reactor_utilization": {
                "shard": "19",
                "value": 0.030896879999997573
            }
        },
        {
            "reactor_utilization": {
                "shard": "20",
                "value": 0.030220240000033982
            }
        },
        {
            "reactor_utilization": {
                "shard": "21",
                "value": 0.02800641999998188
            }
        },
        {
            "reactor_utilization": {
                "shard": "22",
                "value": 0.028765939999986223
            }
        },
        {
            "reactor_utilization": {
                "shard": "23",
                "value": 0.026512019999969105
            }
        },
        {
            "reactor_utilization": {
                "shard": "24",
                "value": 0.027538759999989892
            }
        },
        {
            "reactor_utilization": {
                "shard": "25",
                "value": 0.028081659999967812
            }
        },
        {
            "reactor_utilization": {
                "shard": "26",
                "value": 0.02718889999998586
            }
        },
        {
            "reactor_utilization": {
                "shard": "27",
                "value": 0.026562540000019119
            }
        }
    ]
}
{
    "metrics": [
        {
            "reactor_utilization": {
                "shard": "0",
                "value": 0.10378290000003787
            }
        },
        {
            "reactor_utilization": {
                "shard": "1",
                "value": 0.032324320000032269
            }
        },
        {
            "reactor_utilization": {
                "shard": "2",
                "value": 0.022852919999982735
            }
        },
        {
            "reactor_utilization": {
                "shard": "3",
                "value": 0.026777760000029627
            }
        },
        {
            "reactor_utilization": {
                "shard": "4",
                "value": 0.024891800000004238
            }
        },
        {
            "reactor_utilization": {
                "shard": "5",
                "value": 0.018723319999991439
            }
        },
        {
            "reactor_utilization": {
                "shard": "6",
                "value": 0.020988799999932528
            }
        },
        {
            "reactor_utilization": {
                "shard": "7",
                "value": 0.025858940000034192
            }
        },
        {
            "reactor_utilization": {
                "shard": "8",
                "value": 0.020046819999985921
            }
        },
        {
            "reactor_utilization": {
                "shard": "9",
                "value": 0.022803460000031528
            }
        },
        {
            "reactor_utilization": {
                "shard": "10",
                "value": 0.016846679999982239
            }
        },
        {
            "reactor_utilization": {
                "shard": "11",
                "value": 0.017703479999986449
            }
        },
        {
            "reactor_utilization": {
                "shard": "12",
                "value": 0.023921920000002928
            }
        },
        {
            "reactor_utilization": {
                "shard": "13",
                "value": 0.020817699999997608
            }
        },
        {
            "reactor_utilization": {
                "shard": "14",
                "value": 0.020502420000001464
            }
        },
        {
            "reactor_utilization": {
                "shard": "15",
                "value": 0.024207219999949903
            }
        },
        {
            "reactor_utilization": {
                "shard": "16",
                "value": 0.020055159999943228
            }
        },
        {
            "reactor_utilization": {
                "shard": "17",
                "value": 0.027985020000009797
            }
        },
        {
            "reactor_utilization": {
                "shard": "18",
                "value": 0.023529399999988598
            }
        },
        {
            "reactor_utilization": {
                "shard": "19",
                "value": 0.022799260000017085
            }
        },
        {
            "reactor_utilization": {
                "shard": "20",
                "value": 0.023424640000058172
            }
        },
        {
            "reactor_utilization": {
                "shard": "21",
                "value": 0.02574453999996118
            }
        },
        {
            "reactor_utilization": {
                "shard": "22",
                "value": 0.023413660000004555
            }
        },
        {
            "reactor_utilization": {
                "shard": "23",
                "value": 0.024139539999989967
            }
        },
        {
            "reactor_utilization": {
                "shard": "24",
                "value": 0.021785859999989832
            }
        },
        {
            "reactor_utilization": {
                "shard": "25",
                "value": 0.022859439999955988
            }
        },
        {
            "reactor_utilization": {
                "shard": "26",
                "value": 0.02369817999997581
            }
        },
        {
            "reactor_utilization": {
                "shard": "27",
                "value": 0.02498140000002369
            }
        }
    ]
}
{
    "metrics": [
        {
            "reactor_utilization": {
                "shard": "0",
                "value": 0.080344920000041675
            }
        },
        {
            "reactor_utilization": {
                "shard": "1",
                "value": 0.02657954000000462
            }
        },
        {
            "reactor_utilization": {
                "shard": "2",
                "value": 0.02030741999998753
            }
        },
        {
            "reactor_utilization": {
                "shard": "3",
                "value": 0.021224400000030563
            }
        },
        {
            "reactor_utilization": {
                "shard": "4",
                "value": 0.020805660000022819
            }
        },
        {
            "reactor_utilization": {
                "shard": "5",
                "value": 0.020164379999987325
            }
        },
        {
            "reactor_utilization": {
                "shard": "6",
                "value": 0.021057939999935549
            }
        },
        {
            "reactor_utilization": {
                "shard": "7",
                "value": 0.021265200000031292
            }
        },
        {
            "reactor_utilization": {
                "shard": "8",
                "value": 0.02146123999999805
            }
        },
        {
            "reactor_utilization": {
                "shard": "9",
                "value": 0.019527240000027923
            }
        },
        {
            "reactor_utilization": {
                "shard": "10",
                "value": 0.035567599999986044
            }
        },
        {
            "reactor_utilization": {
                "shard": "11",
                "value": 0.018397539999970292
            }
        },
        {
            "reactor_utilization": {
                "shard": "12",
                "value": 0.02150678000000239
            }
        },
        {
            "reactor_utilization": {
                "shard": "13",
                "value": 0.018599699999988228
            }
        },
        {
            "reactor_utilization": {
                "shard": "14",
                "value": 0.021073780000002706
            }
        },
        {
            "reactor_utilization": {
                "shard": "15",
                "value": 0.021311239999932674
            }
        },
        {
            "reactor_utilization": {
                "shard": "16",
                "value": 0.018432879999963347
            }
        },
        {
            "reactor_utilization": {
                "shard": "17",
                "value": 0.020025780000010318
            }
        },
        {
            "reactor_utilization": {
                "shard": "18",
                "value": 0.018713179999996221
            }
        },
        {
            "reactor_utilization": {
                "shard": "19",
                "value": 0.022581880000016596
            }
        },
        {
            "reactor_utilization": {
                "shard": "20",
                "value": 0.021772600000069531
            }
        },
        {
            "reactor_utilization": {
                "shard": "21",
                "value": 0.019542419999973859
            }
        },
        {
            "reactor_utilization": {
                "shard": "22",
                "value": 0.020048519999993353
            }
        },
        {
            "reactor_utilization": {
                "shard": "23",
                "value": 0.01996054000000802
            }
        },
        {
            "reactor_utilization": {
                "shard": "24",
                "value": 0.019767259999992071
            }
        },
        {
            "reactor_utilization": {
                "shard": "25",
                "value": 0.021929659999975204
            }
        },
        {
            "reactor_utilization": {
                "shard": "26",
                "value": 0.019012299999976445
            }
        },
        {
            "reactor_utilization": {
                "shard": "27",
                "value": 0.022638200000013597
            }
        }
    ]
}
{
    "metrics": [
        {
            "reactor_utilization": {
                "shard": "0",
                "value": 0.10032752000005418
            }
        },
        {
            "reactor_utilization": {
                "shard": "1",
                "value": 0.025623120000017874
            }
        },
        {
            "reactor_utilization": {
                "shard": "2",
                "value": 0.027810579999987262
            }
        },
        {
            "reactor_utilization": {
                "shard": "3",
                "value": 0.026831220000023137
            }
        },
        {
            "reactor_utilization": {
                "shard": "4",
                "value": 0.022530960000022304
            }
        },
        {
            "reactor_utilization": {
                "shard": "5",
                "value": 0.02542776000000746
            }
        },
        {
            "reactor_utilization": {
                "shard": "6",
                "value": 0.024361439999942558
            }
        },
        {
            "reactor_utilization": {
                "shard": "7",
                "value": 0.026304680000044378
            }
        },
        {
            "reactor_utilization": {
                "shard": "8",
                "value": 0.025347399999997577
            }
        },
        {
            "reactor_utilization": {
                "shard": "9",
                "value": 0.022497360000017785
            }
        },
        {
            "reactor_utilization": {
                "shard": "10",
                "value": 0.038770279999988944
            }
        },
        {
            "reactor_utilization": {
                "shard": "11",
                "value": 0.024820479999976275
            }
        },
        {
            "reactor_utilization": {
                "shard": "12",
                "value": 0.026329980000006081
            }
        },
        {
            "reactor_utilization": {
                "shard": "13",
                "value": 0.023673099999976799
            }
        },
        {
            "reactor_utilization": {
                "shard": "14",
                "value": 0.023118160000012988
            }
        },
        {
            "reactor_utilization": {
                "shard": "15",
                "value": 0.02073815999994455
            }
        },
        {
            "reactor_utilization": {
                "shard": "16",
                "value": 0.024630439999939746
            }
        },
        {
            "reactor_utilization": {
                "shard": "17",
                "value": 0.026853720000008519
            }
        },
        {
            "reactor_utilization": {
                "shard": "18",
                "value": 0.023636499999990512
            }
        },
        {
            "reactor_utilization": {
                "shard": "19",
                "value": 0.023965580000007147
            }
        },
        {
            "reactor_utilization": {
                "shard": "20",
                "value": 0.024817360000073396
            }
        },
        {
            "reactor_utilization": {
                "shard": "21",
                "value": 0.022574239999972878
            }
        },
        {
            "reactor_utilization": {
                "shard": "22",
                "value": 0.023528660000016188
            }
        },
        {
            "reactor_utilization": {
                "shard": "23",
                "value": 0.024260099999984241
            }
        },
        {
            "reactor_utilization": {
                "shard": "24",
                "value": 0.022618839999999363
            }
        },
        {
            "reactor_utilization": {
                "shard": "25",
                "value": 0.025047379999976194
            }
        },
        {
            "reactor_utilization": {
                "shard": "26",
                "value": 0.023698839999974908
            }
        },
        {
            "reactor_utilization": {
                "shard": "27",
                "value": 0.026169020000010867
            }
        }
    ]
}
{
    "metrics": [
        {
            "reactor_utilization": {
                "shard": "0",
                "value": 0.10494406000004508
            }
        },
        {
            "reactor_utilization": {
                "shard": "1",
                "value": 0.031432320000024383
            }
        },
        {
            "reactor_utilization": {
                "shard": "2",
                "value": 0.026623759999988561
            }
        },
        {
            "reactor_utilization": {
                "shard": "3",
                "value": 0.021973980000034032
            }
        },
        {
            "reactor_utilization": {
                "shard": "4",
                "value": 0.020850000000005586
            }
        },
        {
            "reactor_utilization": {
                "shard": "5",
                "value": 0.025070480000000117
            }
        },
        {
            "reactor_utilization": {
                "shard": "6",
                "value": 0.023978459999940416
            }
        },
        {
            "reactor_utilization": {
                "shard": "7",
                "value": 0.026635980000033754
            }
        },
        {
            "reactor_utilization": {
                "shard": "8",
                "value": 0.027014780000012006
            }
        },
        {
            "reactor_utilization": {
                "shard": "9",
                "value": 0.021712380000016296
            }
        },
        {
            "reactor_utilization": {
                "shard": "10",
                "value": 0.038603219999988614
            }
        },
        {
            "reactor_utilization": {
                "shard": "11",
                "value": 0.021270499999981318
            }
        },
        {
            "reactor_utilization": {
                "shard": "12",
                "value": 0.021166519999993305
            }
        },
        {
            "reactor_utilization": {
                "shard": "13",
                "value": 0.023926139999996821
            }
        },
        {
            "reactor_utilization": {
                "shard": "14",
                "value": 0.024366120000007818
            }
        },
        {
            "reactor_utilization": {
                "shard": "15",
                "value": 0.023347919999949784
            }
        },
        {
            "reactor_utilization": {
                "shard": "16",
                "value": 0.025702459999932259
            }
        },
        {
            "reactor_utilization": {
                "shard": "17",
                "value": 0.024265100000020468
            }
        },
        {
            "reactor_utilization": {
                "shard": "18",
                "value": 0.022462619999963351
            }
        },
        {
            "reactor_utilization": {
                "shard": "19",
                "value": 0.024913260000025694
            }
        },
        {
            "reactor_utilization": {
                "shard": "20",
                "value": 0.027052240000080552
            }
        },
        {
            "reactor_utilization": {
                "shard": "21",
                "value": 0.02279159999996061
            }
        },
        {
            "reactor_utilization": {
                "shard": "22",
                "value": 0.023665660000027344
            }
        },
        {
            "reactor_utilization": {
                "shard": "23",
                "value": 0.022073180000004022
            }
        },
        {
            "reactor_utilization": {
                "shard": "24",
                "value": 0.021692960000008199
            }
        },
        {
            "reactor_utilization": {
                "shard": "25",
                "value": 0.027203059999969526
            }
        },
        {
            "reactor_utilization": {
                "shard": "26",
                "value": 0.022223919999975195
            }
        },
        {
            "reactor_utilization": {
                "shard": "27",
                "value": 0.025909520000011454
            }
        }
    ]
}
{
    "metrics": [
        {
            "reactor_utilization": {
                "shard": "0",
                "value": 0.095317220000024072
            }
        },
        {
            "reactor_utilization": {
                "shard": "1",
                "value": 0.024684580000022827
            }
        },
        {
            "reactor_utilization": {
                "shard": "2",
                "value": 0.021541319999984765
            }
        },
        {
            "reactor_utilization": {
                "shard": "3",
                "value": 0.019235460000033289
            }
        },
        {
            "reactor_utilization": {
                "shard": "4",
                "value": 0.019208900000000639
            }
        },
        {
            "reactor_utilization": {
                "shard": "5",
                "value": 0.019428320000003385
            }
        },
        {
            "reactor_utilization": {
                "shard": "6",
                "value": 0.022388119999916523
            }
        },
        {
            "reactor_utilization": {
                "shard": "7",
                "value": 0.021495580000041592
            }
        },
        {
            "reactor_utilization": {
                "shard": "8",
                "value": 0.021365880000001614
            }
        },
        {
            "reactor_utilization": {
                "shard": "9",
                "value": 0.020539180000012092
            }
        },
        {
            "reactor_utilization": {
                "shard": "10",
                "value": 0.029409619999998249
            }
        },
        {
            "reactor_utilization": {
                "shard": "11",
                "value": 0.019612439999971976
            }
        },
        {
            "reactor_utilization": {
                "shard": "12",
                "value": 0.023932279999994144
            }
        },
        {
            "reactor_utilization": {
                "shard": "13",
                "value": 0.020637239999987678
            }
        },
        {
            "reactor_utilization": {
                "shard": "14",
                "value": 0.020387379999986521
            }
        },
        {
            "reactor_utilization": {
                "shard": "15",
                "value": 0.021112659999944494
            }
        },
        {
            "reactor_utilization": {
                "shard": "16",
                "value": 0.02070925999992923
            }
        },
        {
            "reactor_utilization": {
                "shard": "17",
                "value": 0.020139940000007961
            }
        },
        {
            "reactor_utilization": {
                "shard": "18",
                "value": 0.021036299999965813
            }
        },
        {
            "reactor_utilization": {
                "shard": "19",
                "value": 0.02231436000001974
            }
        },
        {
            "reactor_utilization": {
                "shard": "20",
                "value": 0.024047800000071007
            }
        },
        {
            "reactor_utilization": {
                "shard": "21",
                "value": 0.021592999999975326
            }
        },
        {
            "reactor_utilization": {
                "shard": "22",
                "value": 0.020305760000027817
            }
        },
        {
            "reactor_utilization": {
                "shard": "23",
                "value": 0.021135199999999799
            }
        },
        {
            "reactor_utilization": {
                "shard": "24",
                "value": 0.022666740000021335
            }
        },
        {
            "reactor_utilization": {
                "shard": "25",
                "value": 0.023301279999976554
            }
        },
        {
            "reactor_utilization": {
                "shard": "26",
                "value": 0.020784220000003018
            }
        },
        {
            "reactor_utilization": {
                "shard": "27",
                "value": 0.020891500000019825
            }
        }
    ]
}
{
    "metrics": [
        {
            "reactor_utilization": {
                "shard": "0",
                "value": 0.10206716000003002
            }
        },
        {
            "reactor_utilization": {
                "shard": "1",
                "value": 0.023489219999994759
            }
        },
        {
            "reactor_utilization": {
                "shard": "2",
                "value": 0.024148939999979468
            }
        },
        {
            "reactor_utilization": {
                "shard": "3",
                "value": 0.020722820000051989
            }
        },
        {
            "reactor_utilization": {
                "shard": "4",
                "value": 0.020513159999990815
            }
        },
        {
            "reactor_utilization": {
                "shard": "5",
                "value": 0.021725659999993763
            }
        },
        {
            "reactor_utilization": {
                "shard": "6",
                "value": 0.022243259999932263
            }
        },
        {
            "reactor_utilization": {
                "shard": "7",
                "value": 0.024953720000042701
            }
        },
        {
            "reactor_utilization": {
                "shard": "8",
                "value": 0.025423759999987361
            }
        },
        {
            "reactor_utilization": {
                "shard": "9",
                "value": 0.022332800000013364
            }
        },
        {
            "reactor_utilization": {
                "shard": "10",
                "value": 0.032165700000008624
            }
        },
        {
            "reactor_utilization": {
                "shard": "11",
                "value": 0.023486719999965544
            }
        },
        {
            "reactor_utilization": {
                "shard": "12",
                "value": 0.020534420000006826
            }
        },
        {
            "reactor_utilization": {
                "shard": "13",
                "value": 0.02138903999997499
            }
        },
        {
            "reactor_utilization": {
                "shard": "14",
                "value": 0.02314159999999843
            }
        },
        {
            "reactor_utilization": {
                "shard": "15",
                "value": 0.022100559999937985
            }
        },
        {
            "reactor_utilization": {
                "shard": "16",
                "value": 0.021421559999934559
            }
        },
        {
            "reactor_utilization": {
                "shard": "17",
                "value": 0.024999300000028146
            }
        },
        {
            "reactor_utilization": {
                "shard": "18",
                "value": 0.023445219999951306
            }
        },
        {
            "reactor_utilization": {
                "shard": "19",
                "value": 0.02370362000003734
            }
        },
        {
            "reactor_utilization": {
                "shard": "20",
                "value": 0.023555400000052629
            }
        },
        {
            "reactor_utilization": {
                "shard": "21",
                "value": 0.022132719999978789
            }
        },
        {
            "reactor_utilization": {
                "shard": "22",
                "value": 0.023931200000038011
            }
        },
        {
            "reactor_utilization": {
                "shard": "23",
                "value": 0.021915500000013743
            }
        },
        {
            "reactor_utilization": {
                "shard": "24",
                "value": 0.023961920000037384
            }
        },
        {
            "reactor_utilization": {
                "shard": "25",
                "value": 0.027634739999982116
            }
        },
        {
            "reactor_utilization": {
                "shard": "26",
                "value": 0.022872039999999316
            }
        },
        {
            "reactor_utilization": {
                "shard": "27",
                "value": 0.024429000000014689
            }
        }
    ]
}
{
    "metrics": [
        {
            "reactor_utilization": {
                "shard": "0",
                "value": 0.095230760000031278
            }
        },
        {
            "reactor_utilization": {
                "shard": "1",
                "value": 0.025003940000001279
            }
        },
        {
            "reactor_utilization": {
                "shard": "2",
                "value": 0.026036959999953257
            }
        },
        {
            "reactor_utilization": {
                "shard": "3",
                "value": 0.026654380000046274
            }
        },
        {
            "reactor_utilization": {
                "shard": "4",
                "value": 0.022084739999983505
            }
        },
        {
            "reactor_utilization": {
                "shard": "5",
                "value": 0.022372719999985691
            }
        },
        {
            "reactor_utilization": {
                "shard": "6",
                "value": 0.027824579999924381
            }
        },
        {
            "reactor_utilization": {
                "shard": "7",
                "value": 0.025457040000043119
            }
        },
        {
            "reactor_utilization": {
                "shard": "8",
                "value": 0.023445620000006606
            }
        },
        {
            "reactor_utilization": {
                "shard": "9",
                "value": 0.022751359999984011
            }
        },
        {
            "reactor_utilization": {
                "shard": "10",
                "value": 0.037386439999997911
            }
        },
        {
            "reactor_utilization": {
                "shard": "11",
                "value": 0.022176699999965077
            }
        },
        {
            "reactor_utilization": {
                "shard": "12",
                "value": 0.024017320000002673
            }
        },
        {
            "reactor_utilization": {
                "shard": "13",
                "value": 0.022116920000003759
            }
        },
        {
            "reactor_utilization": {
                "shard": "14",
                "value": 0.022022960000012137
            }
        },
        {
            "reactor_utilization": {
                "shard": "15",
                "value": 0.026117299999939281
            }
        },
        {
            "reactor_utilization": {
                "shard": "16",
                "value": 0.02264471999993134
            }
        },
        {
            "reactor_utilization": {
                "shard": "17",
                "value": 0.027050720000043604
            }
        },
        {
            "reactor_utilization": {
                "shard": "18",
                "value": 0.024741419999974035
            }
        },
        {
            "reactor_utilization": {
                "shard": "19",
                "value": 0.024720500000041667
            }
        },
        {
            "reactor_utilization": {
                "shard": "20",
                "value": 0.027224120000035601
            }
        },
        {
            "reactor_utilization": {
                "shard": "21",
                "value": 0.025374279999967886
            }
        },
        {
            "reactor_utilization": {
                "shard": "22",
                "value": 0.02216322000005988
            }
        },
        {
            "reactor_utilization": {
                "shard": "23",
                "value": 0.025364580000020176
            }
        },
        {
            "reactor_utilization": {
                "shard": "24",
                "value": 0.025795540000050909
            }
        },
        {
            "reactor_utilization": {
                "shard": "25",
                "value": 0.028661039999988702
            }
        },
        {
            "reactor_utilization": {
                "shard": "26",
                "value": 0.027009260000010471
            }
        },
        {
            "reactor_utilization": {
                "shard": "27",
                "value": 0.022266780000013142
            }
        }
    ]
}
{
    "metrics": [
        {
            "reactor_utilization": {
                "shard": "0",
                "value": 0.090436680000027803
            }
        },
        {
            "reactor_utilization": {
                "shard": "1",
                "value": 0.024534500000017445
            }
        },
        {
            "reactor_utilization": {
                "shard": "2",
                "value": 0.025273959999949636
            }
        },
        {
            "reactor_utilization": {
                "shard": "3",
                "value": 0.02136462000004169
            }
        },
        {
            "reactor_utilization": {
                "shard": "4",
                "value": 0.023446279999994601
            }
        },
        {
            "reactor_utilization": {
                "shard": "5",
                "value": 0.021091599999978339
            }
        },
        {
            "reactor_utilization": {
                "shard": "6",
                "value": 0.022491399999935435
            }
        },
        {
            "reactor_utilization": {
                "shard": "7",
                "value": 0.01976908000005384
            }
        },
        {
            "reactor_utilization": {
                "shard": "8",
                "value": 0.022068860000001855
            }
        },
        {
            "reactor_utilization": {
                "shard": "9",
                "value": 0.018383380000008831
            }
        },
        {
            "reactor_utilization": {
                "shard": "10",
                "value": 0.031162940000006856
            }
        },
        {
            "reactor_utilization": {
                "shard": "11",
                "value": 0.022397399999962708
            }
        },
        {
            "reactor_utilization": {
                "shard": "12",
                "value": 0.017846159999990174
            }
        },
        {
            "reactor_utilization": {
                "shard": "13",
                "value": 0.022746040000010126
            }
        },
        {
            "reactor_utilization": {
                "shard": "14",
                "value": 0.020875060000002943
            }
        },
        {
            "reactor_utilization": {
                "shard": "15",
                "value": 0.02003563999993796
            }
        },
        {
            "reactor_utilization": {
                "shard": "16",
                "value": 0.022469499999955289
            }
        },
        {
            "reactor_utilization": {
                "shard": "17",
                "value": 0.025196180000031099
            }
        },
        {
            "reactor_utilization": {
                "shard": "18",
                "value": 0.018449259999964163
            }
        },
        {
            "reactor_utilization": {
                "shard": "19",
                "value": 0.020536320000041908
            }
        },
        {
            "reactor_utilization": {
                "shard": "20",
                "value": 0.019758340000053387
            }
        },
        {
            "reactor_utilization": {
                "shard": "21",
                "value": 0.01901531999997097
            }
        },
        {
            "reactor_utilization": {
                "shard": "22",
                "value": 0.018600840000049246
            }
        },
        {
            "reactor_utilization": {
                "shard": "23",
                "value": 0.022406720000001101
            }
        },
        {
            "reactor_utilization": {
                "shard": "24",
                "value": 0.019388220000049472
            }
        },
        {
            "reactor_utilization": {
                "shard": "25",
                "value": 0.022843939999983576
            }
        },
        {
            "reactor_utilization": {
                "shard": "26",
                "value": 0.024714220000010556
            }
        },
        {
            "reactor_utilization": {
                "shard": "27",
                "value": 0.020011720000034927
            }
        }
    ]
}
{
    "metrics": [
        {
            "reactor_utilization": {
                "shard": "0",
                "value": 0.085442720000017403
            }
        },
        {
            "reactor_utilization": {
                "shard": "1",
                "value": 0.030692720000025098
            }
        },
        {
            "reactor_utilization": {
                "shard": "2",
                "value": 0.026829279999962541
            }
        },
        {
            "reactor_utilization": {
                "shard": "3",
                "value": 0.024415280000034123
            }
        },
        {
            "reactor_utilization": {
                "shard": "4",
                "value": 0.02248367999999612
            }
        },
        {
            "reactor_utilization": {
                "shard": "5",
                "value": 0.0251640599999714
            }
        },
        {
            "reactor_utilization": {
                "shard": "6",
                "value": 0.02584011999993141
            }
        },
        {
            "reactor_utilization": {
                "shard": "7",
                "value": 0.022891040000050378
            }
        },
        {
            "reactor_utilization": {
                "shard": "8",
                "value": 0.02281833999999705
            }
        },
        {
            "reactor_utilization": {
                "shard": "9",
                "value": 0.024013099999997678
            }
        },
        {
            "reactor_utilization": {
                "shard": "10",
                "value": 0.043858640000005167
            }
        },
        {
            "reactor_utilization": {
                "shard": "11",
                "value": 0.026964219999969785
            }
        },
        {
            "reactor_utilization": {
                "shard": "12",
                "value": 0.023650099999983354
            }
        },
        {
            "reactor_utilization": {
                "shard": "13",
                "value": 0.022983440000023947
            }
        },
        {
            "reactor_utilization": {
                "shard": "14",
                "value": 0.024564559999995517
            }
        },
        {
            "reactor_utilization": {
                "shard": "15",
                "value": 0.026763979999966381
            }
        },
        {
            "reactor_utilization": {
                "shard": "16",
                "value": 0.023644579999948512
            }
        },
        {
            "reactor_utilization": {
                "shard": "17",
                "value": 0.02330300000003005
            }
        },
        {
            "reactor_utilization": {
                "shard": "18",
                "value": 0.022545679999952384
            }
        },
        {
            "reactor_utilization": {
                "shard": "19",
                "value": 0.024948700000049229
            }
        },
        {
            "reactor_utilization": {
                "shard": "20",
                "value": 0.02385682000004552
            }
        },
        {
            "reactor_utilization": {
                "shard": "21",
                "value": 0.021848699999960086
            }
        },
        {
            "reactor_utilization": {
                "shard": "22",
                "value": 0.024162260000049063
            }
        },
        {
            "reactor_utilization": {
                "shard": "23",
                "value": 0.022461419999975085
            }
        },
        {
            "reactor_utilization": {
                "shard": "24",
                "value": 0.021515280000039549
            }
        },
        {
            "reactor_utilization": {
                "shard": "25",
                "value": 0.025706219999976909
            }
        },
        {
            "reactor_utilization": {
                "shard": "26",
                "value": 0.021867060000013705
            }
        },
        {
            "reactor_utilization": {
                "shard": "27",
                "value": 0.024348420000031012
            }
        }
    ]
}
{
    "metrics": [
        {
            "reactor_utilization": {
                "shard": "0",
                "value": 0.090744260000019672
            }
        },
        {
            "reactor_utilization": {
                "shard": "1",
                "value": 0.017659680000015054
            }
        },
        {
            "reactor_utilization": {
                "shard": "2",
                "value": 0.020977939999955453
            }
        },
        {
            "reactor_utilization": {
                "shard": "3",
                "value": 0.019361560000041855
            }
        },
        {
            "reactor_utilization": {
                "shard": "4",
                "value": 0.019509700000008845
            }
        },
        {
            "reactor_utilization": {
                "shard": "5",
                "value": 0.018485839999993203
            }
        },
        {
            "reactor_utilization": {
                "shard": "6",
                "value": 0.021833559999939745
            }
        },
        {
            "reactor_utilization": {
                "shard": "7",
                "value": 0.015628860000060918
            }
        },
        {
            "reactor_utilization": {
                "shard": "8",
                "value": 0.016742199999997265
            }
        },
        {
            "reactor_utilization": {
                "shard": "9",
                "value": 0.020217420000001596
            }
        },
        {
            "reactor_utilization": {
                "shard": "10",
                "value": 0.018443659999989315
            }
        },
        {
            "reactor_utilization": {
                "shard": "11",
                "value": 0.01635067999998796
            }
        },
        {
            "reactor_utilization": {
                "shard": "12",
                "value": 0.01886759999998322
            }
        },
        {
            "reactor_utilization": {
                "shard": "13",
                "value": 0.016119700000016834
            }
        },
        {
            "reactor_utilization": {
                "shard": "14",
                "value": 0.018094700000004238
            }
        },
        {
            "reactor_utilization": {
                "shard": "15",
                "value": 0.018314759999960017
            }
        },
        {
            "reactor_utilization": {
                "shard": "16",
                "value": 0.018213259999955156
            }
        },
        {
            "reactor_utilization": {
                "shard": "17",
                "value": 0.018471000000053195
            }
        },
        {
            "reactor_utilization": {
                "shard": "18",
                "value": 0.017035639999951613
            }
        },
        {
            "reactor_utilization": {
                "shard": "19",
                "value": 0.02198246000003623
            }
        },
        {
            "reactor_utilization": {
                "shard": "20",
                "value": 0.021862300000030643
            }
        },
        {
            "reactor_utilization": {
                "shard": "21",
                "value": 0.017523999999979889
            }
        },
        {
            "reactor_utilization": {
                "shard": "22",
                "value": 0.019082340000053932
            }
        },
        {
            "reactor_utilization": {
                "shard": "23",
                "value": 0.018628459999980862
            }
        },
        {
            "reactor_utilization": {
                "shard": "24",
                "value": 0.018310640000041012
            }
        },
        {
            "reactor_utilization": {
                "shard": "25",
                "value": 0.021490279999980544
            }
        },
        {
            "reactor_utilization": {
                "shard": "26",
                "value": 0.017786439999989412
            }
        },
        {
            "reactor_utilization": {
                "shard": "27",
                "value": 0.019935620000033349
            }
        }
    ]
}
{
    "metrics": [
        {
            "reactor_utilization": {
                "shard": "0",
                "value": 0.095459100000017116
            }
        },
        {
            "reactor_utilization": {
                "shard": "1",
                "value": 0.022875560000024109
            }
        },
        {
            "reactor_utilization": {
                "shard": "2",
                "value": 0.021464359999934235
            }
        },
        {
            "reactor_utilization": {
                "shard": "3",
                "value": 0.019931760000035936
            }
        },
        {
            "reactor_utilization": {
                "shard": "4",
                "value": 0.020890060000033905
            }
        },
        {
            "reactor_utilization": {
                "shard": "5",
                "value": 0.018909299999991802
            }
        },
        {
            "reactor_utilization": {
                "shard": "6",
                "value": 0.021081539999945331
            }
        },
        {
            "reactor_utilization": {
                "shard": "7",
                "value": 0.020968380000052633
            }
        },
        {
            "reactor_utilization": {
                "shard": "8",
                "value": 0.01945597999998272
            }
        },
        {
            "reactor_utilization": {
                "shard": "9",
                "value": 0.020250860000015081
            }
        },
        {
            "reactor_utilization": {
                "shard": "10",
                "value": 0.034761240000014126
            }
        },
        {
            "reactor_utilization": {
                "shard": "11",
                "value": 0.018696659999983822
            }
        },
        {
            "reactor_utilization": {
                "shard": "12",
                "value": 0.021171919999973809
            }
        },
        {
            "reactor_utilization": {
                "shard": "13",
                "value": 0.020076120000034336
            }
        },
        {
            "reactor_utilization": {
                "shard": "14",
                "value": 0.023023239999986345
            }
        },
        {
            "reactor_utilization": {
                "shard": "15",
                "value": 0.022356779999954668
            }
        },
        {
            "reactor_utilization": {
                "shard": "16",
                "value": 0.021357419999923355
            }
        },
        {
            "reactor_utilization": {
                "shard": "17",
                "value": 0.022221260000043763
            }
        },
        {
            "reactor_utilization": {
                "shard": "18",
                "value": 0.020372759999942591
            }
        },
        {
            "reactor_utilization": {
                "shard": "19",
                "value": 0.021637100000060361
            }
        },
        {
            "reactor_utilization": {
                "shard": "20",
                "value": 0.019252060000007898
            }
        },
        {
            "reactor_utilization": {
                "shard": "21",
                "value": 0.020800859999969834
            }
        },
        {
            "reactor_utilization": {
                "shard": "22",
                "value": 0.01878592000006396
            }
        },
        {
            "reactor_utilization": {
                "shard": "23",
                "value": 0.020440559999967967
            }
        },
        {
            "reactor_utilization": {
                "shard": "24",
                "value": 0.020387780000041822
            }
        },
        {
            "reactor_utilization": {
                "shard": "25",
                "value": 0.019219479999976752
            }
        },
        {
            "reactor_utilization": {
                "shard": "26",
                "value": 0.021020660000004021
            }
        },
        {
            "reactor_utilization": {
                "shard": "27",
                "value": 0.023808100000022314
            }
        }
    ]
}
{
    "metrics": [
        {
            "reactor_utilization": {
                "shard": "0",
                "value": 0.11171142000002687
            }
        },
        {
            "reactor_utilization": {
                "shard": "1",
                "value": 0.026376920000048543
            }
        },
        {
            "reactor_utilization": {
                "shard": "2",
                "value": 0.024325919999945711
            }
        },
        {
            "reactor_utilization": {
                "shard": "3",
                "value": 0.022930920000052701
            }
        },
        {
            "reactor_utilization": {
                "shard": "4",
                "value": 0.021526740000044065
            }
        },
        {
            "reactor_utilization": {
                "shard": "5",
                "value": 0.022363559999971638
            }
        },
        {
            "reactor_utilization": {
                "shard": "6",
                "value": 0.028913119999929293
            }
        },
        {
            "reactor_utilization": {
                "shard": "7",
                "value": 0.024645200000050771
            }
        },
        {
            "reactor_utilization": {
                "shard": "8",
                "value": 0.024153199999976671
            }
        },
        {
            "reactor_utilization": {
                "shard": "9",
                "value": 0.023547820000036079
            }
        },
        {
            "reactor_utilization": {
                "shard": "10",
                "value": 0.038571680000021313
            }
        },
        {
            "reactor_utilization": {
                "shard": "11",
                "value": 0.027764880000002989
            }
        },
        {
            "reactor_utilization": {
                "shard": "12",
                "value": 0.023081059999974229
            }
        },
        {
            "reactor_utilization": {
                "shard": "13",
                "value": 0.022750520000025531
            }
        },
        {
            "reactor_utilization": {
                "shard": "14",
                "value": 0.023499979999985765
            }
        },
        {
            "reactor_utilization": {
                "shard": "15",
                "value": 0.022021059999943748
            }
        },
        {
            "reactor_utilization": {
                "shard": "16",
                "value": 0.023772959999923682
            }
        },
        {
            "reactor_utilization": {
                "shard": "17",
                "value": 0.031986180000065367
            }
        },
        {
            "reactor_utilization": {
                "shard": "18",
                "value": 0.024178459999957269
            }
        },
        {
            "reactor_utilization": {
                "shard": "19",
                "value": 0.02509124000004137
            }
        },
        {
            "reactor_utilization": {
                "shard": "20",
                "value": 0.025808319999998108
            }
        },
        {
            "reactor_utilization": {
                "shard": "21",
                "value": 0.025689779999960027
            }
        },
        {
            "reactor_utilization": {
                "shard": "22",
                "value": 0.024382860000060624
            }
        },
        {
            "reactor_utilization": {
                "shard": "23",
                "value": 0.02916741999996475
            }
        },
        {
            "reactor_utilization": {
                "shard": "24",
                "value": 0.024821180000023091
            }
        },
        {
            "reactor_utilization": {
                "shard": "25",
                "value": 0.025837899999969771
            }
        },
        {
            "reactor_utilization": {
                "shard": "26",
                "value": 0.028921360000000451
            }
        },
        {
            "reactor_utilization": {
                "shard": "27",
                "value": 0.021519640000045026
            }
        }
    ]
}
