{
  "fio version" : "fio-3.39-26-ga72fe",
  "timestamp" : 1747135677,
  "timestamp_ms" : 1747135677077,
  "time" : "Tue May 13 11:27:57 2025",
  "global options" : {
    "write_iops_log" : "sea_1osd_28reactor_32fio_bal_osd_rc_1procs_seqwrite",
    "write_bw_log" : "sea_1osd_28reactor_32fio_bal_osd_rc_1procs_seqwrite",
    "write_lat_log" : "sea_1osd_28reactor_32fio_bal_osd_rc_1procs_seqwrite",
    "ioengine" : "rbd",
    "bs" : "64k",
    "rw" : "write",
    "direct" : "1",
    "runtime" : "5m",
    "time_based" : "",
    "group_reporting" : "",
    "ramp_time" : "30s",
    "thread" : "1",
    "iodepth" : "2",
    "clientname" : "admin",
    "pool" : "rbd"
  },
  "jobs" : [
    {
      "jobname" : "fio_test_0",
      "groupid" : 0,
      "job_start" : 1747135626958,
      "error" : 110,
      "eta" : 0,
      "elapsed" : 81,
      "job options" : {
        "max_latency" : "1s",
        "numjobs" : "1",
        "rbdname" : "fio_test_31"
      },
      "read" : {
        "io_bytes" : 0,
        "io_kbytes" : 0,
        "bw_bytes" : 0,
        "bw" : 0,
        "iops" : 0.000000,
        "runtime" : 0,
        "total_ios" : 0,
        "short_ios" : 0,
        "drop_ios" : 0,
        "slat_ns" : {
          "min" : 0,
          "max" : 0,
          "mean" : 0.000000,
          "stddev" : 0.000000,
          "N" : 0
        },
        "clat_ns" : {
          "min" : 0,
          "max" : 0,
          "mean" : 0.000000,
          "stddev" : 0.000000,
          "N" : 0
        },
        "lat_ns" : {
          "min" : 0,
          "max" : 0,
          "mean" : 0.000000,
          "stddev" : 0.000000,
          "N" : 0
        },
        "bw_min" : 0,
        "bw_max" : 0,
        "bw_agg" : 0.000000,
        "bw_mean" : 0.000000,
        "bw_dev" : 0.000000,
        "bw_samples" : 0,
        "iops_min" : 0,
        "iops_max" : 0,
        "iops_mean" : 0.000000,
        "iops_stddev" : 0.000000,
        "iops_samples" : 0
      },
      "write" : {
        "io_bytes" : 2415067136,
        "io_kbytes" : 2358464,
        "bw_bytes" : 48461264,
        "bw" : 47325,
        "iops" : 738.818100,
        "runtime" : 49835,
        "total_ios" : 36819,
        "short_ios" : 0,
        "drop_ios" : 0,
        "slat_ns" : {
          "min" : 4200,
          "max" : 168398,
          "mean" : 13891.664494,
          "stddev" : 6810.393847,
          "N" : 36819
        },
        "clat_ns" : {
          "min" : 396043,
          "max" : 50574857039,
          "mean" : 71467906.496187,
          "stddev" : 1841484345.801952,
          "N" : 36851,
          "percentile" : {
            "1.000000" : 505856,
            "5.000000" : 585728,
            "10.000000" : 643072,
            "20.000000" : 716800,
            "30.000000" : 790528,
            "40.000000" : 888832,
            "50.000000" : 995328,
            "60.000000" : 1138688,
            "70.000000" : 1368064,
            "80.000000" : 1712128,
            "90.000000" : 2408448,
            "95.000000" : 3358720,
            "99.000000" : 6848512,
            "99.500000" : 9895936,
            "99.900000" : 17112760320,
            "99.950000" : 17112760320,
            "99.990000" : 17112760320
          }
        },
        "lat_ns" : {
          "min" : 404131,
          "max" : 50574867972,
          "mean" : 71481795.233291,
          "stddev" : 1841484310.048945,
          "N" : 36851
        },
        "bw_min" : 32,
        "bw_max" : 3957945,
        "bw_agg" : 100.000000,
        "bw_mean" : 1736147.373473,
        "bw_dev" : 26197.873724,
        "bw_samples" : 36851,
        "iops_min" : 32,
        "iops_max" : 32,
        "iops_mean" : 32.000000,
        "iops_stddev" : 0.000000,
        "iops_samples" : 36851
      },
      "trim" : {
        "io_bytes" : 0,
        "io_kbytes" : 0,
        "bw_bytes" : 0,
        "bw" : 0,
        "iops" : 0.000000,
        "runtime" : 0,
        "total_ios" : 0,
        "short_ios" : 0,
        "drop_ios" : 0,
        "slat_ns" : {
          "min" : 0,
          "max" : 0,
          "mean" : 0.000000,
          "stddev" : 0.000000,
          "N" : 0
        },
        "clat_ns" : {
          "min" : 0,
          "max" : 0,
          "mean" : 0.000000,
          "stddev" : 0.000000,
          "N" : 0
        },
        "lat_ns" : {
          "min" : 0,
          "max" : 0,
          "mean" : 0.000000,
          "stddev" : 0.000000,
          "N" : 0
        },
        "bw_min" : 0,
        "bw_max" : 0,
        "bw_agg" : 0.000000,
        "bw_mean" : 0.000000,
        "bw_dev" : 0.000000,
        "bw_samples" : 0,
        "iops_min" : 0,
        "iops_max" : 0,
        "iops_mean" : 0.000000,
        "iops_stddev" : 0.000000,
        "iops_samples" : 0
      },
      "sync" : {
        "total_ios" : 0,
        "lat_ns" : {
          "min" : 0,
          "max" : 0,
          "mean" : 0.000000,
          "stddev" : 0.000000,
          "N" : 0
        }
      },
      "job_runtime" : 1041871,
      "usr_cpu" : 0.058453,
      "sys_cpu" : 0.020156,
      "ctx" : 36428,
      "majf" : 0,
      "minf" : 3353,
      "iodepth_level" : {
        "1" : 0.100000,
        "2" : 99.961976,
        "4" : 0.000000,
        "8" : 0.000000,
        "16" : 0.000000,
        "32" : 0.000000,
        ">=64" : 0.000000
      },
      "iodepth_submit" : {
        "0" : 0.000000,
        "4" : 100.000000,
        "8" : 0.000000,
        "16" : 0.000000,
        "32" : 0.000000,
        "64" : 0.000000,
        ">=64" : 0.000000
      },
      "iodepth_complete" : {
        "0" : 0.100000,
        "4" : 99.956582,
        "8" : 0.000000,
        "16" : 0.000000,
        "32" : 0.000000,
        "64" : 0.000000,
        ">=64" : 0.000000
      },
      "latency_ns" : {
        "2" : 0.000000,
        "4" : 0.000000,
        "10" : 0.000000,
        "20" : 0.000000,
        "50" : 0.000000,
        "100" : 0.000000,
        "250" : 0.000000,
        "500" : 0.000000,
        "750" : 0.000000,
        "1000" : 0.000000
      },
      "latency_us" : {
        "2" : 0.000000,
        "4" : 0.000000,
        "10" : 0.000000,
        "20" : 0.000000,
        "50" : 0.000000,
        "100" : 0.000000,
        "250" : 0.000000,
        "500" : 0.879980,
        "750" : 24.142426,
        "1000" : 25.839920
      },
      "latency_ms" : {
        "2" : 34.870583,
        "4" : 10.967164,
        "10" : 2.895244,
        "20" : 0.111356,
        "50" : 0.010000,
        "100" : 0.000000,
        "250" : 0.233575,
        "500" : 0.000000,
        "750" : 0.000000,
        "1000" : 0.000000,
        "2000" : 0.000000,
        ">=2000" : 0.143947
      },
      "latency_depth" : 2,
      "latency_target" : 0,
      "latency_percentile" : 100.000000,
      "latency_window" : 0
    }
  ],
  "disk_util" : [
    {
      "name" : "sda",
      "read_ios" : 9,
      "write_ios" : 2038,
      "read_sectors" : 88,
      "write_sectors" : 177376,
      "read_merges" : 0,
      "write_merges" : 2677,
      "read_ticks" : 2,
      "write_ticks" : 1881,
      "in_queue" : 1905,
      "util" : 0.345584
    }
  ]
}
