{
  "fio version" : "fio-3.39-26-ga72fe",
  "timestamp" : 1747137555,
  "timestamp_ms" : 1747137555617,
  "time" : "Tue May 13 11:59:15 2025",
  "global options" : {
    "write_iops_log" : "sea_1osd_28reactor_32fio_bal_osd_rc_1procs_seqwrite",
    "write_bw_log" : "sea_1osd_28reactor_32fio_bal_osd_rc_1procs_seqwrite",
    "write_lat_log" : "sea_1osd_28reactor_32fio_bal_osd_rc_1procs_seqwrite",
    "ioengine" : "rbd",
    "bs" : "64k",
    "rw" : "write",
    "direct" : "1",
    "runtime" : "5m",
    "time_based" : "",
    "group_reporting" : "",
    "ramp_time" : "30s",
    "thread" : "1",
    "iodepth" : "64",
    "clientname" : "admin",
    "pool" : "rbd"
  },
  "jobs" : [
    {
      "jobname" : "fio_test_0",
      "groupid" : 0,
      "job_start" : 1747137370451,
      "error" : 110,
      "eta" : 0,
      "elapsed" : 216,
      "job options" : {
        "max_latency" : "1s",
        "numjobs" : "1",
        "rbdname" : "fio_test_31"
      },
      "read" : {
        "io_bytes" : 0,
        "io_kbytes" : 0,
        "bw_bytes" : 0,
        "bw" : 0,
        "iops" : 0.000000,
        "runtime" : 0,
        "total_ios" : 0,
        "short_ios" : 0,
        "drop_ios" : 0,
        "slat_ns" : {
          "min" : 0,
          "max" : 0,
          "mean" : 0.000000,
          "stddev" : 0.000000,
          "N" : 0
        },
        "clat_ns" : {
          "min" : 0,
          "max" : 0,
          "mean" : 0.000000,
          "stddev" : 0.000000,
          "N" : 0
        },
        "lat_ns" : {
          "min" : 0,
          "max" : 0,
          "mean" : 0.000000,
          "stddev" : 0.000000,
          "N" : 0
        },
        "bw_min" : 0,
        "bw_max" : 0,
        "bw_agg" : 0.000000,
        "bw_mean" : 0.000000,
        "bw_dev" : 0.000000,
        "bw_samples" : 0,
        "iops_min" : 0,
        "iops_max" : 0,
        "iops_mean" : 0.000000,
        "iops_stddev" : 0.000000,
        "iops_samples" : 0
      },
      "write" : {
        "io_bytes" : 113528143872,
        "io_kbytes" : 110867328,
        "bw_bytes" : 614093848,
        "bw" : 599701,
        "iops" : 9359.418189,
        "runtime" : 184871,
        "total_ios" : 1730285,
        "short_ios" : 0,
        "drop_ios" : 0,
        "slat_ns" : {
          "min" : 5071,
          "max" : 1136241,
          "mean" : 23670.217611,
          "stddev" : 8246.123954,
          "N" : 1730286
        },
        "clat_ns" : {
          "min" : 535175,
          "max" : 72707457490,
          "mean" : 170899212.348122,
          "stddev" : 2095503986.073297,
          "N" : 1732301,
          "percentile" : {
            "1.000000" : 3653632,
            "5.000000" : 9895936,
            "10.000000" : 18219008,
            "20.000000" : 33816576,
            "30.000000" : 49545216,
            "40.000000" : 64749568,
            "50.000000" : 81264640,
            "60.000000" : 100139008,
            "70.000000" : 123207680,
            "80.000000" : 160432128,
            "90.000000" : 231735296,
            "95.000000" : 308281344,
            "99.000000" : 509607936,
            "99.500000" : 616562688,
            "99.900000" : 1199570944,
            "99.950000" : 17112760320,
            "99.990000" : 17112760320
          }
        },
        "lat_ns" : {
          "min" : 563615,
          "max" : 72707475810,
          "mean" : 170922882.358777,
          "stddev" : 2095504003.050412,
          "N" : 1732301
        },
        "bw_min" : 415,
        "bw_max" : 3059287,
        "bw_agg" : 9.363499,
        "bw_mean" : 56153.268298,
        "bw_dev" : 3637.625134,
        "bw_samples" : 1732301,
        "iops_min" : 32,
        "iops_max" : 32,
        "iops_mean" : 32.000000,
        "iops_stddev" : 0.000000,
        "iops_samples" : 1732301
      },
      "trim" : {
        "io_bytes" : 0,
        "io_kbytes" : 0,
        "bw_bytes" : 0,
        "bw" : 0,
        "iops" : 0.000000,
        "runtime" : 0,
        "total_ios" : 0,
        "short_ios" : 0,
        "drop_ios" : 0,
        "slat_ns" : {
          "min" : 0,
          "max" : 0,
          "mean" : 0.000000,
          "stddev" : 0.000000,
          "N" : 0
        },
        "clat_ns" : {
          "min" : 0,
          "max" : 0,
          "mean" : 0.000000,
          "stddev" : 0.000000,
          "N" : 0
        },
        "lat_ns" : {
          "min" : 0,
          "max" : 0,
          "mean" : 0.000000,
          "stddev" : 0.000000,
          "N" : 0
        },
        "bw_min" : 0,
        "bw_max" : 0,
        "bw_agg" : 0.000000,
        "bw_mean" : 0.000000,
        "bw_dev" : 0.000000,
        "bw_samples" : 0,
        "iops_min" : 0,
        "iops_max" : 0,
        "iops_mean" : 0.000000,
        "iops_stddev" : 0.000000,
        "iops_samples" : 0
      },
      "sync" : {
        "total_ios" : 0,
        "lat_ns" : {
          "min" : 0,
          "max" : 0,
          "mean" : 0.000000,
          "stddev" : 0.000000,
          "N" : 0
        }
      },
      "job_runtime" : 4640248,
      "usr_cpu" : 1.034018,
      "sys_cpu" : 0.255590,
      "ctx" : 1625871,
      "majf" : 0,
      "minf" : 164350,
      "iodepth_level" : {
        "1" : 0.100000,
        "2" : 0.100000,
        "4" : 0.100000,
        "8" : 0.100000,
        "16" : 0.152576,
        "32" : 0.305152,
        ">=64" : 99.399232
      },
      "iodepth_submit" : {
        "0" : 0.000000,
        "4" : 100.000000,
        "8" : 0.000000,
        "16" : 0.000000,
        "32" : 0.000000,
        "64" : 0.000000,
        ">=64" : 0.000000
      },
      "iodepth_complete" : {
        "0" : 0.100000,
        "4" : 99.998151,
        "8" : 0.000000,
        "16" : 0.000000,
        "32" : 0.000000,
        "64" : 0.100000,
        ">=64" : 0.000000
      },
      "latency_ns" : {
        "2" : 0.000000,
        "4" : 0.000000,
        "10" : 0.000000,
        "20" : 0.000000,
        "50" : 0.000000,
        "100" : 0.000000,
        "250" : 0.000000,
        "500" : 0.000000,
        "750" : 0.000000,
        "1000" : 0.000000
      },
      "latency_us" : {
        "2" : 0.000000,
        "4" : 0.000000,
        "10" : 0.000000,
        "20" : 0.000000,
        "50" : 0.000000,
        "100" : 0.000000,
        "250" : 0.000000,
        "500" : 0.000000,
        "750" : 0.010000,
        "1000" : 0.020517
      },
      "latency_ms" : {
        "2" : 0.164019,
        "4" : 1.033760,
        "10" : 3.832952,
        "20" : 6.046518,
        "50" : 19.376057,
        "100" : 29.765443,
        "250" : 31.394944,
        "500" : 7.388436,
        "750" : 0.859280,
        "1000" : 0.122061,
        "2000" : 0.018147,
        ">=2000" : 0.088772
      },
      "latency_depth" : 64,
      "latency_target" : 0,
      "latency_percentile" : 100.000000,
      "latency_window" : 0
    }
  ],
  "disk_util" : [
    {
      "name" : "sda",
      "read_ios" : 6,
      "write_ios" : 6910,
      "read_sectors" : 64,
      "write_sectors" : 2373152,
      "read_merges" : 0,
      "write_merges" : 7916,
      "read_ticks" : 4,
      "write_ticks" : 19064,
      "in_queue" : 19402,
      "util" : 1.201708
    }
  ]
}
