{
  "fio version" : "fio-3.39-26-ga72fe",
  "timestamp" : 1747136593,
  "timestamp_ms" : 1747136593357,
  "time" : "Tue May 13 11:43:13 2025",
  "global options" : {
    "write_iops_log" : "sea_1osd_28reactor_32fio_bal_osd_rc_1procs_seqwrite",
    "write_bw_log" : "sea_1osd_28reactor_32fio_bal_osd_rc_1procs_seqwrite",
    "write_lat_log" : "sea_1osd_28reactor_32fio_bal_osd_rc_1procs_seqwrite",
    "ioengine" : "rbd",
    "bs" : "64k",
    "rw" : "write",
    "direct" : "1",
    "runtime" : "5m",
    "time_based" : "",
    "group_reporting" : "",
    "ramp_time" : "30s",
    "thread" : "1",
    "iodepth" : "24",
    "clientname" : "admin",
    "pool" : "rbd"
  },
  "jobs" : [
    {
      "jobname" : "fio_test_0",
      "groupid" : 0,
      "job_start" : 1747136508315,
      "error" : 110,
      "eta" : 0,
      "elapsed" : 116,
      "job options" : {
        "max_latency" : "1s",
        "numjobs" : "1",
        "rbdname" : "fio_test_31"
      },
      "read" : {
        "io_bytes" : 0,
        "io_kbytes" : 0,
        "bw_bytes" : 0,
        "bw" : 0,
        "iops" : 0.000000,
        "runtime" : 0,
        "total_ios" : 0,
        "short_ios" : 0,
        "drop_ios" : 0,
        "slat_ns" : {
          "min" : 0,
          "max" : 0,
          "mean" : 0.000000,
          "stddev" : 0.000000,
          "N" : 0
        },
        "clat_ns" : {
          "min" : 0,
          "max" : 0,
          "mean" : 0.000000,
          "stddev" : 0.000000,
          "N" : 0
        },
        "lat_ns" : {
          "min" : 0,
          "max" : 0,
          "mean" : 0.000000,
          "stddev" : 0.000000,
          "N" : 0
        },
        "bw_min" : 0,
        "bw_max" : 0,
        "bw_agg" : 0.000000,
        "bw_mean" : 0.000000,
        "bw_dev" : 0.000000,
        "bw_samples" : 0,
        "iops_min" : 0,
        "iops_max" : 0,
        "iops_mean" : 0.000000,
        "iops_stddev" : 0.000000,
        "iops_samples" : 0
      },
      "write" : {
        "io_bytes" : 26296254464,
        "io_kbytes" : 25679936,
        "bw_bytes" : 309859829,
        "bw" : 302597,
        "iops" : 4719.413186,
        "runtime" : 84865,
        "total_ios" : 400513,
        "short_ios" : 0,
        "drop_ios" : 0,
        "slat_ns" : {
          "min" : 4472,
          "max" : 567445,
          "mean" : 21518.898415,
          "stddev" : 8506.229349,
          "N" : 400513
        },
        "clat_ns" : {
          "min" : 450554,
          "max" : 64996702745,
          "mean" : 161873487.761475,
          "stddev" : 2717949556.945015,
          "N" : 401249,
          "percentile" : {
            "1.000000" : 2039808,
            "5.000000" : 4620288,
            "10.000000" : 7766016,
            "20.000000" : 13828096,
            "30.000000" : 20578304,
            "40.000000" : 27656192,
            "50.000000" : 34865152,
            "60.000000" : 42729472,
            "70.000000" : 51642368,
            "80.000000" : 63700992,
            "90.000000" : 86507520,
            "95.000000" : 114819072,
            "99.000000" : 191889408,
            "99.500000" : 231735296,
            "99.900000" : 17112760320,
            "99.950000" : 17112760320,
            "99.990000" : 17112760320
          }
        },
        "lat_ns" : {
          "min" : 460259,
          "max" : 64996720202,
          "mean" : 161895015.599737,
          "stddev" : 2717949450.321718,
          "N" : 401249
        },
        "bw_min" : 32,
        "bw_max" : 3354753,
        "bw_agg" : 40.126903,
        "bw_mean" : 121423.340388,
        "bw_dev" : 6238.181823,
        "bw_samples" : 401249,
        "iops_min" : 32,
        "iops_max" : 32,
        "iops_mean" : 32.000000,
        "iops_stddev" : 0.000000,
        "iops_samples" : 401249
      },
      "trim" : {
        "io_bytes" : 0,
        "io_kbytes" : 0,
        "bw_bytes" : 0,
        "bw" : 0,
        "iops" : 0.000000,
        "runtime" : 0,
        "total_ios" : 0,
        "short_ios" : 0,
        "drop_ios" : 0,
        "slat_ns" : {
          "min" : 0,
          "max" : 0,
          "mean" : 0.000000,
          "stddev" : 0.000000,
          "N" : 0
        },
        "clat_ns" : {
          "min" : 0,
          "max" : 0,
          "mean" : 0.000000,
          "stddev" : 0.000000,
          "N" : 0
        },
        "lat_ns" : {
          "min" : 0,
          "max" : 0,
          "mean" : 0.000000,
          "stddev" : 0.000000,
          "N" : 0
        },
        "bw_min" : 0,
        "bw_max" : 0,
        "bw_agg" : 0.000000,
        "bw_mean" : 0.000000,
        "bw_dev" : 0.000000,
        "bw_samples" : 0,
        "iops_min" : 0,
        "iops_max" : 0,
        "iops_mean" : 0.000000,
        "iops_stddev" : 0.000000,
        "iops_samples" : 0
      },
      "sync" : {
        "total_ios" : 0,
        "lat_ns" : {
          "min" : 0,
          "max" : 0,
          "mean" : 0.000000,
          "stddev" : 0.000000,
          "N" : 0
        }
      },
      "job_runtime" : 2707896,
      "usr_cpu" : 0.377932,
      "sys_cpu" : 0.100669,
      "ctx" : 384080,
      "majf" : 0,
      "minf" : 27235,
      "iodepth_level" : {
        "1" : 0.100000,
        "2" : 0.100000,
        "4" : 0.100000,
        "8" : 0.197746,
        "16" : 99.629226,
        "32" : 0.000000,
        ">=64" : 0.000000
      },
      "iodepth_submit" : {
        "0" : 0.000000,
        "4" : 100.000000,
        "8" : 0.000000,
        "16" : 0.000000,
        "32" : 0.000000,
        "64" : 0.000000,
        ">=64" : 0.000000
      },
      "iodepth_complete" : {
        "0" : 0.100000,
        "4" : 99.992011,
        "8" : 0.000000,
        "16" : 0.000000,
        "32" : 0.100000,
        "64" : 0.000000,
        ">=64" : 0.000000
      },
      "latency_ns" : {
        "2" : 0.000000,
        "4" : 0.000000,
        "10" : 0.000000,
        "20" : 0.000000,
        "50" : 0.000000,
        "100" : 0.000000,
        "250" : 0.000000,
        "500" : 0.000000,
        "750" : 0.000000,
        "1000" : 0.000000
      },
      "latency_us" : {
        "2" : 0.000000,
        "4" : 0.000000,
        "10" : 0.000000,
        "20" : 0.000000,
        "50" : 0.000000,
        "100" : 0.000000,
        "250" : 0.000000,
        "500" : 0.010000,
        "750" : 0.022971,
        "1000" : 0.075653
      },
      "latency_ms" : {
        "2" : 0.849411,
        "4" : 3.051586,
        "10" : 9.850367,
        "20" : 15.391760,
        "50" : 39.424438,
        "100" : 24.571487,
        "250" : 6.552097,
        "500" : 0.201492,
        "750" : 0.000000,
        "1000" : 0.000000,
        "2000" : 0.000000,
        ">=2000" : 0.191754
      },
      "latency_depth" : 24,
      "latency_target" : 0,
      "latency_percentile" : 100.000000,
      "latency_window" : 0
    }
  ],
  "disk_util" : [
    {
      "name" : "sda",
      "read_ios" : 44,
      "write_ios" : 3693,
      "read_sectors" : 368,
      "write_sectors" : 1479936,
      "read_merges" : 0,
      "write_merges" : 4179,
      "read_ticks" : 10,
      "write_ticks" : 15721,
      "in_queue" : 16023,
      "util" : 1.356942
    }
  ]
}
