{
  "fio version" : "fio-3.39-26-ga72fe",
  "timestamp" : 1747135891,
  "timestamp_ms" : 1747135891019,
  "time" : "Tue May 13 11:31:31 2025",
  "global options" : {
    "write_iops_log" : "sea_1osd_28reactor_32fio_bal_osd_rc_1procs_seqwrite",
    "write_bw_log" : "sea_1osd_28reactor_32fio_bal_osd_rc_1procs_seqwrite",
    "write_lat_log" : "sea_1osd_28reactor_32fio_bal_osd_rc_1procs_seqwrite",
    "ioengine" : "rbd",
    "bs" : "64k",
    "rw" : "write",
    "direct" : "1",
    "runtime" : "5m",
    "time_based" : "",
    "group_reporting" : "",
    "ramp_time" : "30s",
    "thread" : "1",
    "iodepth" : "4",
    "clientname" : "admin",
    "pool" : "rbd"
  },
  "jobs" : [
    {
      "jobname" : "fio_test_0",
      "groupid" : 0,
      "job_start" : 1747135831004,
      "error" : 110,
      "eta" : 0,
      "elapsed" : 91,
      "job options" : {
        "max_latency" : "1s",
        "numjobs" : "1",
        "rbdname" : "fio_test_31"
      },
      "read" : {
        "io_bytes" : 0,
        "io_kbytes" : 0,
        "bw_bytes" : 0,
        "bw" : 0,
        "iops" : 0.000000,
        "runtime" : 0,
        "total_ios" : 0,
        "short_ios" : 0,
        "drop_ios" : 0,
        "slat_ns" : {
          "min" : 0,
          "max" : 0,
          "mean" : 0.000000,
          "stddev" : 0.000000,
          "N" : 0
        },
        "clat_ns" : {
          "min" : 0,
          "max" : 0,
          "mean" : 0.000000,
          "stddev" : 0.000000,
          "N" : 0
        },
        "lat_ns" : {
          "min" : 0,
          "max" : 0,
          "mean" : 0.000000,
          "stddev" : 0.000000,
          "N" : 0
        },
        "bw_min" : 0,
        "bw_max" : 0,
        "bw_agg" : 0.000000,
        "bw_mean" : 0.000000,
        "bw_dev" : 0.000000,
        "bw_samples" : 0,
        "iops_min" : 0,
        "iops_max" : 0,
        "iops_mean" : 0.000000,
        "iops_stddev" : 0.000000,
        "iops_samples" : 0
      },
      "write" : {
        "io_bytes" : 11617828864,
        "io_kbytes" : 11345536,
        "bw_bytes" : 194070373,
        "bw" : 189521,
        "iops" : 2959.675264,
        "runtime" : 59864,
        "total_ios" : 177178,
        "short_ios" : 0,
        "drop_ios" : 0,
        "slat_ns" : {
          "min" : 4852,
          "max" : 105464,
          "mean" : 10391.395049,
          "stddev" : 4997.603304,
          "N" : 177178
        },
        "clat_ns" : {
          "min" : 461332,
          "max" : 55350917895,
          "mean" : 43029455.833348,
          "stddev" : 1418214661.555565,
          "N" : 177274,
          "percentile" : {
            "1.000000" : 1089536,
            "5.000000" : 1400832,
            "10.000000" : 1613824,
            "20.000000" : 1941504,
            "30.000000" : 2277376,
            "40.000000" : 2703360,
            "50.000000" : 3260416,
            "60.000000" : 3850240,
            "70.000000" : 4685824,
            "80.000000" : 5996544,
            "90.000000" : 8454144,
            "95.000000" : 11468800,
            "99.000000" : 23199744,
            "99.500000" : 88604672,
            "99.900000" : 166723584,
            "99.950000" : 17112760320,
            "99.990000" : 17112760320
          }
        },
        "lat_ns" : {
          "min" : 471150,
          "max" : 55350927759,
          "mean" : 43039847.524939,
          "stddev" : 1418214701.854176,
          "N" : 177274
        },
        "bw_min" : 32,
        "bw_max" : 3466511,
        "bw_agg" : 100.000000,
        "bw_mean" : 702864.757742,
        "bw_dev" : 12811.559746,
        "bw_samples" : 177274,
        "iops_min" : 32,
        "iops_max" : 32,
        "iops_mean" : 32.000000,
        "iops_stddev" : 0.000000,
        "iops_samples" : 177274
      },
      "trim" : {
        "io_bytes" : 0,
        "io_kbytes" : 0,
        "bw_bytes" : 0,
        "bw" : 0,
        "iops" : 0.000000,
        "runtime" : 0,
        "total_ios" : 0,
        "short_ios" : 0,
        "drop_ios" : 0,
        "slat_ns" : {
          "min" : 0,
          "max" : 0,
          "mean" : 0.000000,
          "stddev" : 0.000000,
          "N" : 0
        },
        "clat_ns" : {
          "min" : 0,
          "max" : 0,
          "mean" : 0.000000,
          "stddev" : 0.000000,
          "N" : 0
        },
        "lat_ns" : {
          "min" : 0,
          "max" : 0,
          "mean" : 0.000000,
          "stddev" : 0.000000,
          "N" : 0
        },
        "bw_min" : 0,
        "bw_max" : 0,
        "bw_agg" : 0.000000,
        "bw_mean" : 0.000000,
        "bw_dev" : 0.000000,
        "bw_samples" : 0,
        "iops_min" : 0,
        "iops_max" : 0,
        "iops_mean" : 0.000000,
        "iops_stddev" : 0.000000,
        "iops_samples" : 0
      },
      "sync" : {
        "total_ios" : 0,
        "lat_ns" : {
          "min" : 0,
          "max" : 0,
          "mean" : 0.000000,
          "stddev" : 0.000000,
          "N" : 0
        }
      },
      "job_runtime" : 1907546,
      "usr_cpu" : 0.119316,
      "sys_cpu" : 0.047391,
      "ctx" : 174946,
      "majf" : 0,
      "minf" : 13783,
      "iodepth_level" : {
        "1" : 0.100000,
        "2" : 0.100000,
        "4" : 99.883168,
        "8" : 0.000000,
        "16" : 0.000000,
        "32" : 0.000000,
        ">=64" : 0.000000
      },
      "iodepth_submit" : {
        "0" : 0.000000,
        "4" : 100.000000,
        "8" : 0.000000,
        "16" : 0.000000,
        "32" : 0.000000,
        "64" : 0.000000,
        ">=64" : 0.000000
      },
      "iodepth_complete" : {
        "0" : 0.100000,
        "4" : 99.990971,
        "8" : 0.000000,
        "16" : 0.000000,
        "32" : 0.000000,
        "64" : 0.000000,
        ">=64" : 0.000000
      },
      "latency_ns" : {
        "2" : 0.000000,
        "4" : 0.000000,
        "10" : 0.000000,
        "20" : 0.000000,
        "50" : 0.000000,
        "100" : 0.000000,
        "250" : 0.000000,
        "500" : 0.000000,
        "750" : 0.000000,
        "1000" : 0.000000
      },
      "latency_us" : {
        "2" : 0.000000,
        "4" : 0.000000,
        "10" : 0.000000,
        "20" : 0.000000,
        "50" : 0.000000,
        "100" : 0.000000,
        "250" : 0.000000,
        "500" : 0.010000,
        "750" : 0.099900,
        "1000" : 0.463940
      },
      "latency_ms" : {
        "2" : 21.699647,
        "4" : 40.023028,
        "10" : 30.848638,
        "20" : 5.503505,
        "50" : 0.883857,
        "100" : 0.053618,
        "250" : 0.404678,
        "500" : 0.000000,
        "750" : 0.000000,
        "1000" : 0.000000,
        "2000" : 0.000000,
        ">=2000" : 0.072244
      },
      "latency_depth" : 4,
      "latency_target" : 0,
      "latency_percentile" : 100.000000,
      "latency_window" : 0
    }
  ],
  "disk_util" : [
    {
      "name" : "sda",
      "read_ios" : 11,
      "write_ios" : 2459,
      "read_sectors" : 104,
      "write_sectors" : 281640,
      "read_merges" : 0,
      "write_merges" : 3301,
      "read_ticks" : 5,
      "write_ticks" : 2348,
      "in_queue" : 2418,
      "util" : 0.444276
    }
  ]
}
