{
  "fio version" : "fio-3.39-26-ga72fe",
  "timestamp" : 1747137052,
  "timestamp_ms" : 1747137052004,
  "time" : "Tue May 13 11:50:52 2025",
  "global options" : {
    "write_iops_log" : "sea_1osd_28reactor_32fio_bal_osd_rc_1procs_seqwrite",
    "write_bw_log" : "sea_1osd_28reactor_32fio_bal_osd_rc_1procs_seqwrite",
    "write_lat_log" : "sea_1osd_28reactor_32fio_bal_osd_rc_1procs_seqwrite",
    "ioengine" : "rbd",
    "bs" : "64k",
    "rw" : "write",
    "direct" : "1",
    "runtime" : "5m",
    "time_based" : "",
    "group_reporting" : "",
    "ramp_time" : "30s",
    "thread" : "1",
    "iodepth" : "40",
    "clientname" : "admin",
    "pool" : "rbd"
  },
  "jobs" : [
    {
      "jobname" : "fio_test_0",
      "groupid" : 0,
      "job_start" : 1747136936944,
      "error" : 110,
      "eta" : 0,
      "elapsed" : 146,
      "job options" : {
        "max_latency" : "1s",
        "numjobs" : "1",
        "rbdname" : "fio_test_31"
      },
      "read" : {
        "io_bytes" : 0,
        "io_kbytes" : 0,
        "bw_bytes" : 0,
        "bw" : 0,
        "iops" : 0.000000,
        "runtime" : 0,
        "total_ios" : 0,
        "short_ios" : 0,
        "drop_ios" : 0,
        "slat_ns" : {
          "min" : 0,
          "max" : 0,
          "mean" : 0.000000,
          "stddev" : 0.000000,
          "N" : 0
        },
        "clat_ns" : {
          "min" : 0,
          "max" : 0,
          "mean" : 0.000000,
          "stddev" : 0.000000,
          "N" : 0
        },
        "lat_ns" : {
          "min" : 0,
          "max" : 0,
          "mean" : 0.000000,
          "stddev" : 0.000000,
          "N" : 0
        },
        "bw_min" : 0,
        "bw_max" : 0,
        "bw_agg" : 0.000000,
        "bw_mean" : 0.000000,
        "bw_dev" : 0.000000,
        "bw_samples" : 0,
        "iops_min" : 0,
        "iops_max" : 0,
        "iops_mean" : 0.000000,
        "iops_stddev" : 0.000000,
        "iops_samples" : 0
      },
      "write" : {
        "io_bytes" : 54473523200,
        "io_kbytes" : 53196800,
        "bw_bytes" : 474231269,
        "bw" : 463116,
        "iops" : 7225.330164,
        "runtime" : 114867,
        "total_ios" : 829952,
        "short_ios" : 0,
        "drop_ios" : 0,
        "slat_ns" : {
          "min" : 5082,
          "max" : 529338,
          "mean" : 22457.266497,
          "stddev" : 7536.176065,
          "N" : 829952
        },
        "clat_ns" : {
          "min" : 507385,
          "max" : 69361085326,
          "mean" : 176289715.699504,
          "stddev" : 2642059483.422159,
          "N" : 831200,
          "percentile" : {
            "1.000000" : 2539520,
            "5.000000" : 6651904,
            "10.000000" : 12255232,
            "20.000000" : 22937600,
            "30.000000" : 33161216,
            "40.000000" : 43778048,
            "50.000000" : 55312384,
            "60.000000" : 68681728,
            "70.000000" : 85458944,
            "80.000000" : 108527616,
            "90.000000" : 154140672,
            "95.000000" : 204472320,
            "99.000000" : 320864256,
            "99.500000" : 387973120,
            "99.900000" : 17112760320,
            "99.950000" : 17112760320,
            "99.990000" : 17112760320
          }
        },
        "lat_ns" : {
          "min" : 525899,
          "max" : 69361104575,
          "mean" : 176312175.288506,
          "stddev" : 2642059477.987714,
          "N" : 831200
        },
        "bw_min" : 0,
        "bw_max" : 3119379,
        "bw_agg" : 17.922489,
        "bw_mean" : 83002.007384,
        "bw_dev" : 4795.768544,
        "bw_samples" : 831200,
        "iops_min" : 32,
        "iops_max" : 32,
        "iops_mean" : 32.000000,
        "iops_stddev" : 0.000000,
        "iops_samples" : 831200
      },
      "trim" : {
        "io_bytes" : 0,
        "io_kbytes" : 0,
        "bw_bytes" : 0,
        "bw" : 0,
        "iops" : 0.000000,
        "runtime" : 0,
        "total_ios" : 0,
        "short_ios" : 0,
        "drop_ios" : 0,
        "slat_ns" : {
          "min" : 0,
          "max" : 0,
          "mean" : 0.000000,
          "stddev" : 0.000000,
          "N" : 0
        },
        "clat_ns" : {
          "min" : 0,
          "max" : 0,
          "mean" : 0.000000,
          "stddev" : 0.000000,
          "N" : 0
        },
        "lat_ns" : {
          "min" : 0,
          "max" : 0,
          "mean" : 0.000000,
          "stddev" : 0.000000,
          "N" : 0
        },
        "bw_min" : 0,
        "bw_max" : 0,
        "bw_agg" : 0.000000,
        "bw_mean" : 0.000000,
        "bw_dev" : 0.000000,
        "bw_samples" : 0,
        "iops_min" : 0,
        "iops_max" : 0,
        "iops_mean" : 0.000000,
        "iops_stddev" : 0.000000,
        "iops_samples" : 0
      },
      "sync" : {
        "total_ios" : 0,
        "lat_ns" : {
          "min" : 0,
          "max" : 0,
          "mean" : 0.000000,
          "stddev" : 0.000000,
          "N" : 0
        }
      },
      "job_runtime" : 3667960,
      "usr_cpu" : 0.597226,
      "sys_cpu" : 0.139205,
      "ctx" : 792951,
      "majf" : 0,
      "minf" : 51653,
      "iodepth_level" : {
        "1" : 0.100000,
        "2" : 0.100000,
        "4" : 0.100000,
        "8" : 0.123381,
        "16" : 0.246761,
        "32" : 99.521900,
        ">=64" : 0.000000
      },
      "iodepth_submit" : {
        "0" : 0.000000,
        "4" : 100.000000,
        "8" : 0.000000,
        "16" : 0.000000,
        "32" : 0.000000,
        "64" : 0.000000,
        ">=64" : 0.000000
      },
      "iodepth_complete" : {
        "0" : 0.100000,
        "4" : 99.996145,
        "8" : 0.000000,
        "16" : 0.000000,
        "32" : 0.000000,
        "64" : 0.100000,
        ">=64" : 0.000000
      },
      "latency_ns" : {
        "2" : 0.000000,
        "4" : 0.000000,
        "10" : 0.000000,
        "20" : 0.000000,
        "50" : 0.000000,
        "100" : 0.000000,
        "250" : 0.000000,
        "500" : 0.000000,
        "750" : 0.000000,
        "1000" : 0.000000
      },
      "latency_us" : {
        "2" : 0.000000,
        "4" : 0.000000,
        "10" : 0.000000,
        "20" : 0.000000,
        "50" : 0.000000,
        "100" : 0.000000,
        "250" : 0.000000,
        "500" : 0.000000,
        "750" : 0.010000,
        "1000" : 0.021568
      },
      "latency_ms" : {
        "2" : 0.506656,
        "4" : 1.889266,
        "10" : 5.574057,
        "20" : 9.150650,
        "50" : 28.288262,
        "100" : 31.642914,
        "250" : 20.347562,
        "500" : 2.509061,
        "750" : 0.059762,
        "1000" : 0.000000,
        "2000" : 0.000000,
        ">=2000" : 0.154226
      },
      "latency_depth" : 40,
      "latency_target" : 0,
      "latency_percentile" : 100.000000,
      "latency_window" : 0
    }
  ],
  "disk_util" : [
    {
      "name" : "sda",
      "read_ios" : 47,
      "write_ios" : 4744,
      "read_sectors" : 392,
      "write_sectors" : 1841776,
      "read_merges" : 0,
      "write_merges" : 5452,
      "read_ticks" : 10,
      "write_ticks" : 18038,
      "in_queue" : 18314,
      "util" : 1.343084
    }
  ]
}
