{
  "fio version" : "fio-3.39-26-ga72fe",
  "timestamp" : 1747136797,
  "timestamp_ms" : 1747136797520,
  "time" : "Tue May 13 11:46:37 2025",
  "global options" : {
    "write_iops_log" : "sea_1osd_28reactor_32fio_bal_osd_rc_1procs_seqwrite",
    "write_bw_log" : "sea_1osd_28reactor_32fio_bal_osd_rc_1procs_seqwrite",
    "write_lat_log" : "sea_1osd_28reactor_32fio_bal_osd_rc_1procs_seqwrite",
    "ioengine" : "rbd",
    "bs" : "64k",
    "rw" : "write",
    "direct" : "1",
    "runtime" : "5m",
    "time_based" : "",
    "group_reporting" : "",
    "ramp_time" : "30s",
    "thread" : "1",
    "iodepth" : "32",
    "clientname" : "admin",
    "pool" : "rbd"
  },
  "jobs" : [
    {
      "jobname" : "fio_test_0",
      "groupid" : 0,
      "job_start" : 1747136722490,
      "error" : 110,
      "eta" : 0,
      "elapsed" : 106,
      "job options" : {
        "max_latency" : "1s",
        "numjobs" : "1",
        "rbdname" : "fio_test_31"
      },
      "read" : {
        "io_bytes" : 0,
        "io_kbytes" : 0,
        "bw_bytes" : 0,
        "bw" : 0,
        "iops" : 0.000000,
        "runtime" : 0,
        "total_ios" : 0,
        "short_ios" : 0,
        "drop_ios" : 0,
        "slat_ns" : {
          "min" : 0,
          "max" : 0,
          "mean" : 0.000000,
          "stddev" : 0.000000,
          "N" : 0
        },
        "clat_ns" : {
          "min" : 0,
          "max" : 0,
          "mean" : 0.000000,
          "stddev" : 0.000000,
          "N" : 0
        },
        "lat_ns" : {
          "min" : 0,
          "max" : 0,
          "mean" : 0.000000,
          "stddev" : 0.000000,
          "N" : 0
        },
        "bw_min" : 0,
        "bw_max" : 0,
        "bw_agg" : 0.000000,
        "bw_mean" : 0.000000,
        "bw_dev" : 0.000000,
        "bw_samples" : 0,
        "iops_min" : 0,
        "iops_max" : 0,
        "iops_mean" : 0.000000,
        "iops_stddev" : 0.000000,
        "iops_samples" : 0
      },
      "write" : {
        "io_bytes" : 14306508800,
        "io_kbytes" : 13971200,
        "bw_bytes" : 191074455,
        "bw" : 186596,
        "iops" : 2902.315891,
        "runtime" : 74874,
        "total_ios" : 217308,
        "short_ios" : 0,
        "drop_ios" : 0,
        "slat_ns" : {
          "min" : 5113,
          "max" : 242408,
          "mean" : 20526.788365,
          "stddev" : 7259.861249,
          "N" : 217308
        },
        "clat_ns" : {
          "min" : 523918,
          "max" : 65269952397,
          "mean" : 343569104.594530,
          "stddev" : 4303430599.451515,
          "N" : 218300,
          "percentile" : {
            "1.000000" : 2146304,
            "5.000000" : 4685824,
            "10.000000" : 8028160,
            "20.000000" : 14876672,
            "30.000000" : 22413312,
            "40.000000" : 30015488,
            "50.000000" : 38010880,
            "60.000000" : 47448064,
            "70.000000" : 58982400,
            "80.000000" : 76021760,
            "90.000000" : 111673344,
            "95.000000" : 156237824,
            "99.000000" : 291504128,
            "99.500000" : 522190848,
            "99.900000" : 17112760320,
            "99.950000" : 17112760320,
            "99.990000" : 17112760320
          }
        },
        "lat_ns" : {
          "min" : 537633,
          "max" : 65269994533,
          "mean" : 343589637.141237,
          "stddev" : 4303430597.314092,
          "N" : 218300
        },
        "bw_min" : 32,
        "bw_max" : 2652004,
        "bw_agg" : 60.759025,
        "bw_mean" : 113374.052645,
        "bw_dev" : 5861.803224,
        "bw_samples" : 218300,
        "iops_min" : 32,
        "iops_max" : 32,
        "iops_mean" : 32.000000,
        "iops_stddev" : 0.000000,
        "iops_samples" : 218300
      },
      "trim" : {
        "io_bytes" : 0,
        "io_kbytes" : 0,
        "bw_bytes" : 0,
        "bw" : 0,
        "iops" : 0.000000,
        "runtime" : 0,
        "total_ios" : 0,
        "short_ios" : 0,
        "drop_ios" : 0,
        "slat_ns" : {
          "min" : 0,
          "max" : 0,
          "mean" : 0.000000,
          "stddev" : 0.000000,
          "N" : 0
        },
        "clat_ns" : {
          "min" : 0,
          "max" : 0,
          "mean" : 0.000000,
          "stddev" : 0.000000,
          "N" : 0
        },
        "lat_ns" : {
          "min" : 0,
          "max" : 0,
          "mean" : 0.000000,
          "stddev" : 0.000000,
          "N" : 0
        },
        "bw_min" : 0,
        "bw_max" : 0,
        "bw_agg" : 0.000000,
        "bw_mean" : 0.000000,
        "bw_dev" : 0.000000,
        "bw_samples" : 0,
        "iops_min" : 0,
        "iops_max" : 0,
        "iops_mean" : 0.000000,
        "iops_stddev" : 0.000000,
        "iops_samples" : 0
      },
      "sync" : {
        "total_ios" : 0,
        "lat_ns" : {
          "min" : 0,
          "max" : 0,
          "mean" : 0.000000,
          "stddev" : 0.000000,
          "N" : 0
        }
      },
      "job_runtime" : 2387966,
      "usr_cpu" : 0.216167,
      "sys_cpu" : 0.052890,
      "ctx" : 207668,
      "majf" : 0,
      "minf" : 13867,
      "iodepth_level" : {
        "1" : 0.100000,
        "2" : 0.100000,
        "4" : 0.125168,
        "8" : 0.250336,
        "16" : 0.500672,
        "32" : 99.029488,
        ">=64" : 0.000000
      },
      "iodepth_submit" : {
        "0" : 0.000000,
        "4" : 100.000000,
        "8" : 0.000000,
        "16" : 0.000000,
        "32" : 0.000000,
        "64" : 0.000000,
        ">=64" : 0.000000
      },
      "iodepth_complete" : {
        "0" : 0.100000,
        "4" : 99.985508,
        "8" : 0.000000,
        "16" : 0.000000,
        "32" : 0.100000,
        "64" : 0.000000,
        ">=64" : 0.000000
      },
      "latency_ns" : {
        "2" : 0.000000,
        "4" : 0.000000,
        "10" : 0.000000,
        "20" : 0.000000,
        "50" : 0.000000,
        "100" : 0.000000,
        "250" : 0.000000,
        "500" : 0.000000,
        "750" : 0.000000,
        "1000" : 0.000000
      },
      "latency_us" : {
        "2" : 0.000000,
        "4" : 0.000000,
        "10" : 0.000000,
        "20" : 0.000000,
        "50" : 0.000000,
        "100" : 0.000000,
        "250" : 0.000000,
        "500" : 0.000000,
        "750" : 0.010584,
        "1000" : 0.040035
      },
      "latency_ms" : {
        "2" : 0.774477,
        "4" : 3.090544,
        "10" : 9.147385,
        "20" : 13.882600,
        "50" : 35.778250,
        "100" : 25.436707,
        "250" : 10.869825,
        "500" : 0.914831,
        "750" : 0.050159,
        "1000" : 0.000000,
        "2000" : 0.000000,
        ">=2000" : 0.461097
      },
      "latency_depth" : 32,
      "latency_target" : 0,
      "latency_percentile" : 100.000000,
      "latency_window" : 0
    }
  ],
  "disk_util" : [
    {
      "name" : "sda",
      "read_ios" : 50,
      "write_ios" : 3403,
      "read_sectors" : 416,
      "write_sectors" : 1376920,
      "read_merges" : 0,
      "write_merges" : 3786,
      "read_ticks" : 6,
      "write_ticks" : 15053,
      "in_queue" : 15364,
      "util" : 1.389180
    }
  ]
}
