{
  "fio version" : "fio-3.39-26-ga72fe",
  "timestamp" : 1747136354,
  "timestamp_ms" : 1747136354392,
  "time" : "Tue May 13 11:39:14 2025",
  "global options" : {
    "write_iops_log" : "sea_1osd_28reactor_32fio_bal_osd_rc_1procs_seqwrite",
    "write_bw_log" : "sea_1osd_28reactor_32fio_bal_osd_rc_1procs_seqwrite",
    "write_lat_log" : "sea_1osd_28reactor_32fio_bal_osd_rc_1procs_seqwrite",
    "ioengine" : "rbd",
    "bs" : "64k",
    "rw" : "write",
    "direct" : "1",
    "runtime" : "5m",
    "time_based" : "",
    "group_reporting" : "",
    "ramp_time" : "30s",
    "thread" : "1",
    "iodepth" : "16",
    "clientname" : "admin",
    "pool" : "rbd"
  },
  "jobs" : [
    {
      "jobname" : "fio_test_0",
      "groupid" : 0,
      "job_start" : 1747136353658,
      "error" : 110,
      "eta" : 0,
      "elapsed" : 91,
      "job options" : {
        "max_latency" : "1s",
        "numjobs" : "1",
        "rbdname" : "fio_test_31"
      },
      "read" : {
        "io_bytes" : 0,
        "io_kbytes" : 0,
        "bw_bytes" : 0,
        "bw" : 0,
        "iops" : 0.000000,
        "runtime" : 0,
        "total_ios" : 0,
        "short_ios" : 0,
        "drop_ios" : 0,
        "slat_ns" : {
          "min" : 0,
          "max" : 0,
          "mean" : 0.000000,
          "stddev" : 0.000000,
          "N" : 0
        },
        "clat_ns" : {
          "min" : 0,
          "max" : 0,
          "mean" : 0.000000,
          "stddev" : 0.000000,
          "N" : 0
        },
        "lat_ns" : {
          "min" : 0,
          "max" : 0,
          "mean" : 0.000000,
          "stddev" : 0.000000,
          "N" : 0
        },
        "bw_min" : 0,
        "bw_max" : 0,
        "bw_agg" : 0.000000,
        "bw_mean" : 0.000000,
        "bw_dev" : 0.000000,
        "bw_samples" : 0,
        "iops_min" : 0,
        "iops_max" : 0,
        "iops_mean" : 0.000000,
        "iops_stddev" : 0.000000,
        "iops_samples" : 0
      },
      "write" : {
        "io_bytes" : 1001127936,
        "io_kbytes" : 977664,
        "bw_bytes" : 16722813,
        "bw" : 16330,
        "iops" : 247.151973,
        "runtime" : 59866,
        "total_ios" : 14796,
        "short_ios" : 0,
        "drop_ios" : 0,
        "slat_ns" : {
          "min" : 4224,
          "max" : 94086,
          "mean" : 13031.932414,
          "stddev" : 6743.623315,
          "N" : 14796
        },
        "clat_ns" : {
          "min" : 512519,
          "max" : 60625572610,
          "mean" : 1922680195.068081,
          "stddev" : 10488426627.617996,
          "N" : 15276,
          "percentile" : {
            "1.000000" : 995328,
            "5.000000" : 1466368,
            "10.000000" : 2113536,
            "20.000000" : 4227072,
            "30.000000" : 5472256,
            "40.000000" : 6324224,
            "50.000000" : 7438336,
            "60.000000" : 8716288,
            "70.000000" : 10813440,
            "80.000000" : 14483456,
            "90.000000" : 22937600,
            "95.000000" : 115867648,
            "99.000000" : 17112760320,
            "99.500000" : 17112760320,
            "99.900000" : 17112760320,
            "99.950000" : 17112760320,
            "99.990000" : 17112760320
          }
        },
        "lat_ns" : {
          "min" : 543645,
          "max" : 60625595931,
          "mean" : 1922693264.323252,
          "stddev" : 10488426817.527441,
          "N" : 15276
        },
        "bw_min" : 32,
        "bw_max" : 1603907,
        "bw_agg" : 100.000000,
        "bw_mean" : 185885.944215,
        "bw_dev" : 11126.753505,
        "bw_samples" : 15276,
        "iops_min" : 32,
        "iops_max" : 32,
        "iops_mean" : 32.000000,
        "iops_stddev" : 0.000000,
        "iops_samples" : 15276
      },
      "trim" : {
        "io_bytes" : 0,
        "io_kbytes" : 0,
        "bw_bytes" : 0,
        "bw" : 0,
        "iops" : 0.000000,
        "runtime" : 0,
        "total_ios" : 0,
        "short_ios" : 0,
        "drop_ios" : 0,
        "slat_ns" : {
          "min" : 0,
          "max" : 0,
          "mean" : 0.000000,
          "stddev" : 0.000000,
          "N" : 0
        },
        "clat_ns" : {
          "min" : 0,
          "max" : 0,
          "mean" : 0.000000,
          "stddev" : 0.000000,
          "N" : 0
        },
        "lat_ns" : {
          "min" : 0,
          "max" : 0,
          "mean" : 0.000000,
          "stddev" : 0.000000,
          "N" : 0
        },
        "bw_min" : 0,
        "bw_max" : 0,
        "bw_agg" : 0.000000,
        "bw_mean" : 0.000000,
        "bw_dev" : 0.000000,
        "bw_samples" : 0,
        "iops_min" : 0,
        "iops_max" : 0,
        "iops_mean" : 0.000000,
        "iops_stddev" : 0.000000,
        "iops_samples" : 0
      },
      "sync" : {
        "total_ios" : 0,
        "lat_ns" : {
          "min" : 0,
          "max" : 0,
          "mean" : 0.000000,
          "stddev" : 0.000000,
          "N" : 0
        }
      },
      "job_runtime" : 835670,
      "usr_cpu" : 0.026925,
      "sys_cpu" : 0.010530,
      "ctx" : 14687,
      "majf" : 0,
      "minf" : 1643,
      "iodepth_level" : {
        "1" : 0.100000,
        "2" : 0.100000,
        "4" : 0.162206,
        "8" : 0.324412,
        "16" : 99.384969,
        "32" : 0.000000,
        ">=64" : 0.000000
      },
      "iodepth_submit" : {
        "0" : 0.000000,
        "4" : 100.000000,
        "8" : 0.000000,
        "16" : 0.000000,
        "32" : 0.000000,
        "64" : 0.000000,
        ">=64" : 0.000000
      },
      "iodepth_complete" : {
        "0" : 0.107853,
        "4" : 99.787664,
        "8" : 0.000000,
        "16" : 0.104483,
        "32" : 0.000000,
        "64" : 0.000000,
        ">=64" : 0.000000
      },
      "latency_ns" : {
        "2" : 0.000000,
        "4" : 0.000000,
        "10" : 0.000000,
        "20" : 0.000000,
        "50" : 0.000000,
        "100" : 0.000000,
        "250" : 0.000000,
        "500" : 0.000000,
        "750" : 0.000000,
        "1000" : 0.000000
      },
      "latency_us" : {
        "2" : 0.000000,
        "4" : 0.000000,
        "10" : 0.000000,
        "20" : 0.000000,
        "50" : 0.000000,
        "100" : 0.000000,
        "250" : 0.000000,
        "500" : 0.000000,
        "750" : 0.135172,
        "1000" : 0.939443
      },
      "latency_ms" : {
        "2" : 8.454988,
        "4" : 10.022979,
        "10" : 49.499865,
        "20" : 21.390916,
        "50" : 7.049202,
        "100" : 0.560962,
        "250" : 1.872128,
        "500" : 0.000000,
        "750" : 0.000000,
        "1000" : 0.000000,
        "2000" : 0.000000,
        ">=2000" : 3.318464
      },
      "latency_depth" : 16,
      "latency_target" : 0,
      "latency_percentile" : 100.000000,
      "latency_window" : 0
    }
  ],
  "disk_util" : [
    {
      "name" : "sda",
      "read_ios" : 7,
      "write_ios" : 2796,
      "read_sectors" : 72,
      "write_sectors" : 1182480,
      "read_merges" : 0,
      "write_merges" : 3319,
      "read_ticks" : 4,
      "write_ticks" : 12705,
      "in_queue" : 12899,
      "util" : 1.387955
    }
  ]
}
