{
    "metrics": [
        {
            "reactor_utilization": {
                "shard": "0",
                "value": 26.536018240000004
            }
        },
        {
            "reactor_utilization": {
                "shard": "1",
                "value": 47.469420439999929
            }
        },
        {
            "reactor_utilization": {
                "shard": "2",
                "value": 43.46533765999996
            }
        },
        {
            "reactor_utilization": {
                "shard": "3",
                "value": 34.806308239999908
            }
        },
        {
            "reactor_utilization": {
                "shard": "4",
                "value": 57.731657080000019
            }
        },
        {
            "reactor_utilization": {
                "shard": "5",
                "value": 38.517130620000017
            }
        },
        {
            "reactor_utilization": {
                "shard": "6",
                "value": 46.963013780000004
            }
        },
        {
            "reactor_utilization": {
                "shard": "7",
                "value": 42.344541480000018
            }
        },
        {
            "reactor_utilization": {
                "shard": "8",
                "value": 44.41986749999991
            }
        },
        {
            "reactor_utilization": {
                "shard": "9",
                "value": 47.900967780000002
            }
        },
        {
            "reactor_utilization": {
                "shard": "10",
                "value": 44.196182719999953
            }
        },
        {
            "reactor_utilization": {
                "shard": "11",
                "value": 49.935463619999965
            }
        },
        {
            "reactor_utilization": {
                "shard": "12",
                "value": 55.452985120000001
            }
        },
        {
            "reactor_utilization": {
                "shard": "13",
                "value": 59.609795300000087
            }
        },
        {
            "reactor_utilization": {
                "shard": "14",
                "value": 58.181588440000013
            }
        },
        {
            "reactor_utilization": {
                "shard": "15",
                "value": 46.900614700000034
            }
        },
        {
            "reactor_utilization": {
                "shard": "16",
                "value": 55.402771560000055
            }
        },
        {
            "reactor_utilization": {
                "shard": "17",
                "value": 31.459138499999952
            }
        },
        {
            "reactor_utilization": {
                "shard": "18",
                "value": 38.940229779999981
            }
        },
        {
            "reactor_utilization": {
                "shard": "19",
                "value": 34.464897400000041
            }
        },
        {
            "reactor_utilization": {
                "shard": "20",
                "value": 35.524841739999992
            }
        },
        {
            "reactor_utilization": {
                "shard": "21",
                "value": 34.891461599999964
            }
        },
        {
            "reactor_utilization": {
                "shard": "22",
                "value": 47.187889340000034
            }
        },
        {
            "reactor_utilization": {
                "shard": "23",
                "value": 42.13146183999995
            }
        },
        {
            "reactor_utilization": {
                "shard": "24",
                "value": 33.067821080000016
            }
        },
        {
            "reactor_utilization": {
                "shard": "25",
                "value": 44.120669779999929
            }
        },
        {
            "reactor_utilization": {
                "shard": "26",
                "value": 35.707306520000117
            }
        },
        {
            "reactor_utilization": {
                "shard": "27",
                "value": 43.94504687999995
            }
        }
    ]
}
{
    "metrics": [
        {
            "reactor_utilization": {
                "shard": "0",
                "value": 26.293029619999974
            }
        },
        {
            "reactor_utilization": {
                "shard": "1",
                "value": 37.46473933999993
            }
        },
        {
            "reactor_utilization": {
                "shard": "2",
                "value": 50.424579779999959
            }
        },
        {
            "reactor_utilization": {
                "shard": "3",
                "value": 38.511702679999892
            }
        },
        {
            "reactor_utilization": {
                "shard": "4",
                "value": 46.091614200000016
            }
        },
        {
            "reactor_utilization": {
                "shard": "5",
                "value": 38.637659140000004
            }
        },
        {
            "reactor_utilization": {
                "shard": "6",
                "value": 44.377561619999994
            }
        },
        {
            "reactor_utilization": {
                "shard": "7",
                "value": 47.050843980000025
            }
        },
        {
            "reactor_utilization": {
                "shard": "8",
                "value": 41.804628699999903
            }
        },
        {
            "reactor_utilization": {
                "shard": "9",
                "value": 48.468154100000014
            }
        },
        {
            "reactor_utilization": {
                "shard": "10",
                "value": 53.106815319999967
            }
        },
        {
            "reactor_utilization": {
                "shard": "11",
                "value": 48.892483259999963
            }
        },
        {
            "reactor_utilization": {
                "shard": "12",
                "value": 51.26026988000001
            }
        },
        {
            "reactor_utilization": {
                "shard": "13",
                "value": 58.232701580000089
            }
        },
        {
            "reactor_utilization": {
                "shard": "14",
                "value": 47.394987680000014
            }
        },
        {
            "reactor_utilization": {
                "shard": "15",
                "value": 47.999213780000026
            }
        },
        {
            "reactor_utilization": {
                "shard": "16",
                "value": 46.576830820000062
            }
        },
        {
            "reactor_utilization": {
                "shard": "17",
                "value": 40.181550499999943
            }
        },
        {
            "reactor_utilization": {
                "shard": "18",
                "value": 34.397443679999981
            }
        },
        {
            "reactor_utilization": {
                "shard": "19",
                "value": 42.507783300000042
            }
        },
        {
            "reactor_utilization": {
                "shard": "20",
                "value": 39.215921619999996
            }
        },
        {
            "reactor_utilization": {
                "shard": "21",
                "value": 36.993878639999963
            }
        },
        {
            "reactor_utilization": {
                "shard": "22",
                "value": 43.495696900000027
            }
        },
        {
            "reactor_utilization": {
                "shard": "23",
                "value": 34.692442059999948
            }
        },
        {
            "reactor_utilization": {
                "shard": "24",
                "value": 36.638903140000025
            }
        },
        {
            "reactor_utilization": {
                "shard": "25",
                "value": 45.294026559999921
            }
        },
        {
            "reactor_utilization": {
                "shard": "26",
                "value": 37.889337900000129
            }
        },
        {
            "reactor_utilization": {
                "shard": "27",
                "value": 39.563891179999956
            }
        }
    ]
}
{
    "metrics": [
        {
            "reactor_utilization": {
                "shard": "0",
                "value": 0.77133427999998005
            }
        },
        {
            "reactor_utilization": {
                "shard": "1",
                "value": 6.3240110199999533
            }
        },
        {
            "reactor_utilization": {
                "shard": "2",
                "value": 0.52381487999998422
            }
        },
        {
            "reactor_utilization": {
                "shard": "3",
                "value": 0.52039395999996518
            }
        },
        {
            "reactor_utilization": {
                "shard": "4",
                "value": 0.54791780000000845
            }
        },
        {
            "reactor_utilization": {
                "shard": "5",
                "value": 0.45181468000001779
            }
        },
        {
            "reactor_utilization": {
                "shard": "6",
                "value": 0.49320782000000785
            }
        },
        {
            "reactor_utilization": {
                "shard": "7",
                "value": 0.638476539999977
            }
        },
        {
            "reactor_utilization": {
                "shard": "8",
                "value": 0.5793676600000075
            }
        },
        {
            "reactor_utilization": {
                "shard": "9",
                "value": 0.43942889999999402
            }
        },
        {
            "reactor_utilization": {
                "shard": "10",
                "value": 0.60991084000004969
            }
        },
        {
            "reactor_utilization": {
                "shard": "11",
                "value": 0.48262987999997398
            }
        },
        {
            "reactor_utilization": {
                "shard": "12",
                "value": 0.54497681999994274
            }
        },
        {
            "reactor_utilization": {
                "shard": "13",
                "value": 0.45979092000001387
            }
        },
        {
            "reactor_utilization": {
                "shard": "14",
                "value": 0.45979942000000662
            }
        },
        {
            "reactor_utilization": {
                "shard": "15",
                "value": 0.4856945200000129
            }
        },
        {
            "reactor_utilization": {
                "shard": "16",
                "value": 0.63756712000000437
            }
        },
        {
            "reactor_utilization": {
                "shard": "17",
                "value": 0.43373153999999303
            }
        },
        {
            "reactor_utilization": {
                "shard": "18",
                "value": 0.45132298000003512
            }
        },
        {
            "reactor_utilization": {
                "shard": "19",
                "value": 0.40278695999999004
            }
        },
        {
            "reactor_utilization": {
                "shard": "20",
                "value": 0.4075175199999781
            }
        },
        {
            "reactor_utilization": {
                "shard": "21",
                "value": 0.4138768400000159
            }
        },
        {
            "reactor_utilization": {
                "shard": "22",
                "value": 0.43294337999999488
            }
        },
        {
            "reactor_utilization": {
                "shard": "23",
                "value": 0.42546217999999136
            }
        },
        {
            "reactor_utilization": {
                "shard": "24",
                "value": 0.43309858000001311
            }
        },
        {
            "reactor_utilization": {
                "shard": "25",
                "value": 0.39906798000000077
            }
        },
        {
            "reactor_utilization": {
                "shard": "26",
                "value": 0.4006124800000177
            }
        },
        {
            "reactor_utilization": {
                "shard": "27",
                "value": 0.4228839800000106
            }
        }
    ]
}
{
    "metrics": [
        {
            "reactor_utilization": {
                "shard": "0",
                "value": 0.19095917999997214
            }
        },
        {
            "reactor_utilization": {
                "shard": "1",
                "value": 0.039585559999955056
            }
        },
        {
            "reactor_utilization": {
                "shard": "2",
                "value": 0.034562240000002298
            }
        },
        {
            "reactor_utilization": {
                "shard": "3",
                "value": 0.03606037999996925
            }
        },
        {
            "reactor_utilization": {
                "shard": "4",
                "value": 0.037277840000005114
            }
        },
        {
            "reactor_utilization": {
                "shard": "5",
                "value": 0.042629060000010099
            }
        },
        {
            "reactor_utilization": {
                "shard": "6",
                "value": 0.038282699999991898
            }
        },
        {
            "reactor_utilization": {
                "shard": "7",
                "value": 0.031458239999981874
            }
        },
        {
            "reactor_utilization": {
                "shard": "8",
                "value": 0.026741360000004377
            }
        },
        {
            "reactor_utilization": {
                "shard": "9",
                "value": 0.025045999999995239
            }
        },
        {
            "reactor_utilization": {
                "shard": "10",
                "value": 0.027051980000036835
            }
        },
        {
            "reactor_utilization": {
                "shard": "11",
                "value": 0.033984379999962844
            }
        },
        {
            "reactor_utilization": {
                "shard": "12",
                "value": 0.033533219999970498
            }
        },
        {
            "reactor_utilization": {
                "shard": "13",
                "value": 0.037074480000010013
            }
        },
        {
            "reactor_utilization": {
                "shard": "14",
                "value": 0.035564480000016552
            }
        },
        {
            "reactor_utilization": {
                "shard": "15",
                "value": 0.037597840000014315
            }
        },
        {
            "reactor_utilization": {
                "shard": "16",
                "value": 0.025192980000010579
            }
        },
        {
            "reactor_utilization": {
                "shard": "17",
                "value": 0.037866339999981236
            }
        },
        {
            "reactor_utilization": {
                "shard": "18",
                "value": 0.035118100000042229
            }
        },
        {
            "reactor_utilization": {
                "shard": "19",
                "value": 0.036191239999994185
            }
        },
        {
            "reactor_utilization": {
                "shard": "20",
                "value": 0.033397499999976432
            }
        },
        {
            "reactor_utilization": {
                "shard": "21",
                "value": 0.037379620000033142
            }
        },
        {
            "reactor_utilization": {
                "shard": "22",
                "value": 0.032677699999983378
            }
        },
        {
            "reactor_utilization": {
                "shard": "23",
                "value": 0.036746459999981163
            }
        },
        {
            "reactor_utilization": {
                "shard": "24",
                "value": 0.035924499999995252
            }
        },
        {
            "reactor_utilization": {
                "shard": "25",
                "value": 0.034182040000008129
            }
        },
        {
            "reactor_utilization": {
                "shard": "26",
                "value": 0.03540186000003942
            }
        },
        {
            "reactor_utilization": {
                "shard": "27",
                "value": 0.033979839999997985
            }
        }
    ]
}
{
    "metrics": [
        {
            "reactor_utilization": {
                "shard": "0",
                "value": 0.10376481999997411
            }
        },
        {
            "reactor_utilization": {
                "shard": "1",
                "value": 0.022265039999935787
            }
        },
        {
            "reactor_utilization": {
                "shard": "2",
                "value": 0.024990019999970858
            }
        },
        {
            "reactor_utilization": {
                "shard": "3",
                "value": 0.022537319999960115
            }
        },
        {
            "reactor_utilization": {
                "shard": "4",
                "value": 0.020772800000012914
            }
        },
        {
            "reactor_utilization": {
                "shard": "5",
                "value": 0.048258919999999428
            }
        },
        {
            "reactor_utilization": {
                "shard": "6",
                "value": 0.021551319999979501
            }
        },
        {
            "reactor_utilization": {
                "shard": "7",
                "value": 0.042430439999974201
            }
        },
        {
            "reactor_utilization": {
                "shard": "8",
                "value": 0.037646820000003522
            }
        },
        {
            "reactor_utilization": {
                "shard": "9",
                "value": 0.033309539999981652
            }
        },
        {
            "reactor_utilization": {
                "shard": "10",
                "value": 0.030996400000016244
            }
        },
        {
            "reactor_utilization": {
                "shard": "11",
                "value": 0.024170519999966444
            }
        },
        {
            "reactor_utilization": {
                "shard": "12",
                "value": 0.024699479999967799
            }
        },
        {
            "reactor_utilization": {
                "shard": "13",
                "value": 0.023236599999998386
            }
        },
        {
            "reactor_utilization": {
                "shard": "14",
                "value": 0.022205540000030943
            }
        },
        {
            "reactor_utilization": {
                "shard": "15",
                "value": 0.02042977999999751
            }
        },
        {
            "reactor_utilization": {
                "shard": "16",
                "value": 0.033411520000026229
            }
        },
        {
            "reactor_utilization": {
                "shard": "17",
                "value": 0.024553239999991483
            }
        },
        {
            "reactor_utilization": {
                "shard": "18",
                "value": 0.022095320000026231
            }
        },
        {
            "reactor_utilization": {
                "shard": "19",
                "value": 0.02610766000001874
            }
        },
        {
            "reactor_utilization": {
                "shard": "20",
                "value": 0.021138879999993421
            }
        },
        {
            "reactor_utilization": {
                "shard": "21",
                "value": 0.021131220000025763
            }
        },
        {
            "reactor_utilization": {
                "shard": "22",
                "value": 0.023021739999984359
            }
        },
        {
            "reactor_utilization": {
                "shard": "23",
                "value": 0.021538660000008925
            }
        },
        {
            "reactor_utilization": {
                "shard": "24",
                "value": 0.022815799999997832
            }
        },
        {
            "reactor_utilization": {
                "shard": "25",
                "value": 0.023321019999988923
            }
        },
        {
            "reactor_utilization": {
                "shard": "26",
                "value": 0.023128100000047169
            }
        },
        {
            "reactor_utilization": {
                "shard": "27",
                "value": 0.024439199999970462
            }
        }
    ]
}
{
    "metrics": [
        {
            "reactor_utilization": {
                "shard": "0",
                "value": 0.11838485999997594
            }
        },
        {
            "reactor_utilization": {
                "shard": "1",
                "value": 0.033020119999949138
            }
        },
        {
            "reactor_utilization": {
                "shard": "2",
                "value": 0.032584859999973403
            }
        },
        {
            "reactor_utilization": {
                "shard": "3",
                "value": 0.036200859999968582
            }
        },
        {
            "reactor_utilization": {
                "shard": "4",
                "value": 0.03167816000002599
            }
        },
        {
            "reactor_utilization": {
                "shard": "5",
                "value": 0.046961899999997669
            }
        },
        {
            "reactor_utilization": {
                "shard": "6",
                "value": 0.031802699999983197
            }
        },
        {
            "reactor_utilization": {
                "shard": "7",
                "value": 0.042304039999974119
            }
        },
        {
            "reactor_utilization": {
                "shard": "8",
                "value": 0.032718340000004176
            }
        },
        {
            "reactor_utilization": {
                "shard": "9",
                "value": 0.033358699999985753
            }
        },
        {
            "reactor_utilization": {
                "shard": "10",
                "value": 0.032373580000011337
            }
        },
        {
            "reactor_utilization": {
                "shard": "11",
                "value": 0.036402699999960042
            }
        },
        {
            "reactor_utilization": {
                "shard": "12",
                "value": 0.034221419999969083
            }
        },
        {
            "reactor_utilization": {
                "shard": "13",
                "value": 0.030998760000000569
            }
        },
        {
            "reactor_utilization": {
                "shard": "14",
                "value": 0.031881860000027018
            }
        },
        {
            "reactor_utilization": {
                "shard": "15",
                "value": 0.032978799999994202
            }
        },
        {
            "reactor_utilization": {
                "shard": "16",
                "value": 0.029368560000042621
            }
        },
        {
            "reactor_utilization": {
                "shard": "17",
                "value": 0.027673199999989073
            }
        },
        {
            "reactor_utilization": {
                "shard": "18",
                "value": 0.02777912000002658
            }
        },
        {
            "reactor_utilization": {
                "shard": "19",
                "value": 0.029357040000033141
            }
        },
        {
            "reactor_utilization": {
                "shard": "20",
                "value": 0.027984199999997461
            }
        },
        {
            "reactor_utilization": {
                "shard": "21",
                "value": 0.03189148000002362
            }
        },
        {
            "reactor_utilization": {
                "shard": "22",
                "value": 0.028308019999978562
            }
        },
        {
            "reactor_utilization": {
                "shard": "23",
                "value": 0.032887419999994005
            }
        },
        {
            "reactor_utilization": {
                "shard": "24",
                "value": 0.031178619999994162
            }
        },
        {
            "reactor_utilization": {
                "shard": "25",
                "value": 0.029137359999975576
            }
        },
        {
            "reactor_utilization": {
                "shard": "26",
                "value": 0.031753260000044747
            }
        },
        {
            "reactor_utilization": {
                "shard": "27",
                "value": 0.03264691999997904
            }
        }
    ]
}
{
    "metrics": [
        {
            "reactor_utilization": {
                "shard": "0",
                "value": 0.085162519999970598
            }
        },
        {
            "reactor_utilization": {
                "shard": "1",
                "value": 0.029594179999947734
            }
        },
        {
            "reactor_utilization": {
                "shard": "2",
                "value": 0.023990459999945202
            }
        },
        {
            "reactor_utilization": {
                "shard": "3",
                "value": 0.021013979999984223
            }
        },
        {
            "reactor_utilization": {
                "shard": "4",
                "value": 0.020667560000031671
            }
        },
        {
            "reactor_utilization": {
                "shard": "5",
                "value": 0.036983939999990501
            }
        },
        {
            "reactor_utilization": {
                "shard": "6",
                "value": 0.02502088000000402
            }
        },
        {
            "reactor_utilization": {
                "shard": "7",
                "value": 0.031363339999967987
            }
        },
        {
            "reactor_utilization": {
                "shard": "8",
                "value": 0.021103440000014295
            }
        },
        {
            "reactor_utilization": {
                "shard": "9",
                "value": 0.021731199999974748
            }
        },
        {
            "reactor_utilization": {
                "shard": "10",
                "value": 0.021310820000008945
            }
        },
        {
            "reactor_utilization": {
                "shard": "11",
                "value": 0.022131539999947769
            }
        },
        {
            "reactor_utilization": {
                "shard": "12",
                "value": 0.020085799999969289
            }
        },
        {
            "reactor_utilization": {
                "shard": "13",
                "value": 0.023118239999997403
            }
        },
        {
            "reactor_utilization": {
                "shard": "14",
                "value": 0.020389860000058491
            }
        },
        {
            "reactor_utilization": {
                "shard": "15",
                "value": 0.019177079999987967
            }
        },
        {
            "reactor_utilization": {
                "shard": "16",
                "value": 0.022177120000044237
            }
        },
        {
            "reactor_utilization": {
                "shard": "17",
                "value": 0.022645759999995185
            }
        },
        {
            "reactor_utilization": {
                "shard": "18",
                "value": 0.022121920000039985
            }
        },
        {
            "reactor_utilization": {
                "shard": "19",
                "value": 0.019386460000014871
            }
        },
        {
            "reactor_utilization": {
                "shard": "20",
                "value": 0.021451059999999522
            }
        },
        {
            "reactor_utilization": {
                "shard": "21",
                "value": 0.023801740000028992
            }
        },
        {
            "reactor_utilization": {
                "shard": "22",
                "value": 0.022711179999967968
            }
        },
        {
            "reactor_utilization": {
                "shard": "23",
                "value": 0.022317859999998468
            }
        },
        {
            "reactor_utilization": {
                "shard": "24",
                "value": 0.021947079999984354
            }
        },
        {
            "reactor_utilization": {
                "shard": "25",
                "value": 0.025134199999965467
            }
        },
        {
            "reactor_utilization": {
                "shard": "26",
                "value": 0.022367320000049595
            }
        },
        {
            "reactor_utilization": {
                "shard": "27",
                "value": 0.022628179999961695
            }
        }
    ]
}
{
    "metrics": [
        {
            "reactor_utilization": {
                "shard": "0",
                "value": 0.10185903999996304
            }
        },
        {
            "reactor_utilization": {
                "shard": "1",
                "value": 0.029988399999947291
            }
        },
        {
            "reactor_utilization": {
                "shard": "2",
                "value": 0.025792719999928604
            }
        },
        {
            "reactor_utilization": {
                "shard": "3",
                "value": 0.029305299999982104
            }
        },
        {
            "reactor_utilization": {
                "shard": "4",
                "value": 0.027364520000028314
            }
        },
        {
            "reactor_utilization": {
                "shard": "5",
                "value": 0.046865839999998826
            }
        },
        {
            "reactor_utilization": {
                "shard": "6",
                "value": 0.026003959999987281
            }
        },
        {
            "reactor_utilization": {
                "shard": "7",
                "value": 0.03796753999998348
            }
        },
        {
            "reactor_utilization": {
                "shard": "8",
                "value": 0.027329760000005532
            }
        },
        {
            "reactor_utilization": {
                "shard": "9",
                "value": 0.029420199999963259
            }
        },
        {
            "reactor_utilization": {
                "shard": "10",
                "value": 0.026208480000000645
            }
        },
        {
            "reactor_utilization": {
                "shard": "11",
                "value": 0.028853959999941559
            }
        },
        {
            "reactor_utilization": {
                "shard": "12",
                "value": 0.026629099999975203
            }
        },
        {
            "reactor_utilization": {
                "shard": "13",
                "value": 0.025668460000005666
            }
        },
        {
            "reactor_utilization": {
                "shard": "14",
                "value": 0.02932926000005498
            }
        },
        {
            "reactor_utilization": {
                "shard": "15",
                "value": 0.029158099999970766
            }
        },
        {
            "reactor_utilization": {
                "shard": "16",
                "value": 0.027826920000040278
            }
        },
        {
            "reactor_utilization": {
                "shard": "17",
                "value": 0.029650400000014177
            }
        },
        {
            "reactor_utilization": {
                "shard": "18",
                "value": 0.029234560000024334
            }
        },
        {
            "reactor_utilization": {
                "shard": "19",
                "value": 0.02689782000002694
            }
        },
        {
            "reactor_utilization": {
                "shard": "20",
                "value": 0.027977519999999867
            }
        },
        {
            "reactor_utilization": {
                "shard": "21",
                "value": 0.02943006000003523
            }
        },
        {
            "reactor_utilization": {
                "shard": "22",
                "value": 0.027597879999963215
            }
        },
        {
            "reactor_utilization": {
                "shard": "23",
                "value": 0.025259539999977765
            }
        },
        {
            "reactor_utilization": {
                "shard": "24",
                "value": 0.028846819999994722
            }
        },
        {
            "reactor_utilization": {
                "shard": "25",
                "value": 0.029383819999972971
            }
        },
        {
            "reactor_utilization": {
                "shard": "26",
                "value": 0.028728080000051115
            }
        },
        {
            "reactor_utilization": {
                "shard": "27",
                "value": 0.030478419999968587
            }
        }
    ]
}
{
    "metrics": [
        {
            "reactor_utilization": {
                "shard": "0",
                "value": 0.1035678799999773
            }
        },
        {
            "reactor_utilization": {
                "shard": "1",
                "value": 0.038349819999949908
            }
        },
        {
            "reactor_utilization": {
                "shard": "2",
                "value": 0.033095699999918793
            }
        },
        {
            "reactor_utilization": {
                "shard": "3",
                "value": 0.036400479999976199
            }
        },
        {
            "reactor_utilization": {
                "shard": "4",
                "value": 0.034946640000055318
            }
        },
        {
            "reactor_utilization": {
                "shard": "5",
                "value": 0.044733780000016932
            }
        },
        {
            "reactor_utilization": {
                "shard": "6",
                "value": 0.032772099999966997
            }
        },
        {
            "reactor_utilization": {
                "shard": "7",
                "value": 0.044870019999987409
            }
        },
        {
            "reactor_utilization": {
                "shard": "8",
                "value": 0.024896480000013987
            }
        },
        {
            "reactor_utilization": {
                "shard": "9",
                "value": 0.038346599999972142
            }
        },
        {
            "reactor_utilization": {
                "shard": "10",
                "value": 0.03386660000000985
            }
        },
        {
            "reactor_utilization": {
                "shard": "11",
                "value": 0.037088419999942168
            }
        },
        {
            "reactor_utilization": {
                "shard": "12",
                "value": 0.029557659999968067
            }
        },
        {
            "reactor_utilization": {
                "shard": "13",
                "value": 0.027540560000005598
            }
        },
        {
            "reactor_utilization": {
                "shard": "14",
                "value": 0.032628200000028862
            }
        },
        {
            "reactor_utilization": {
                "shard": "15",
                "value": 0.036695799999963974
            }
        },
        {
            "reactor_utilization": {
                "shard": "16",
                "value": 0.028909300000024007
            }
        },
        {
            "reactor_utilization": {
                "shard": "17",
                "value": 0.030670599999993442
            }
        },
        {
            "reactor_utilization": {
                "shard": "18",
                "value": 0.028232660000049314
            }
        },
        {
            "reactor_utilization": {
                "shard": "19",
                "value": 0.0326717200000326
            }
        },
        {
            "reactor_utilization": {
                "shard": "20",
                "value": 0.028770219999985081
            }
        },
        {
            "reactor_utilization": {
                "shard": "21",
                "value": 0.031227160000035781
            }
        },
        {
            "reactor_utilization": {
                "shard": "22",
                "value": 0.027208179999960169
            }
        },
        {
            "reactor_utilization": {
                "shard": "23",
                "value": 0.029412059999978091
            }
        },
        {
            "reactor_utilization": {
                "shard": "24",
                "value": 0.031869159999975416
            }
        },
        {
            "reactor_utilization": {
                "shard": "25",
                "value": 0.028361539999977037
            }
        },
        {
            "reactor_utilization": {
                "shard": "26",
                "value": 0.032872280000062482
            }
        },
        {
            "reactor_utilization": {
                "shard": "27",
                "value": 0.03443931999997929
            }
        }
    ]
}
{
    "metrics": [
        {
            "reactor_utilization": {
                "shard": "0",
                "value": 0.058630419999983197
            }
        },
        {
            "reactor_utilization": {
                "shard": "1",
                "value": 0.022335099999937214
            }
        },
        {
            "reactor_utilization": {
                "shard": "2",
                "value": 0.022454299999941085
            }
        },
        {
            "reactor_utilization": {
                "shard": "3",
                "value": 0.021621279999972653
            }
        },
        {
            "reactor_utilization": {
                "shard": "4",
                "value": 0.021884640000047195
            }
        },
        {
            "reactor_utilization": {
                "shard": "5",
                "value": 0.04263580000002376
            }
        },
        {
            "reactor_utilization": {
                "shard": "6",
                "value": 0.027446359999960812
            }
        },
        {
            "reactor_utilization": {
                "shard": "7",
                "value": 0.031769659999991706
            }
        },
        {
            "reactor_utilization": {
                "shard": "8",
                "value": 0.023467540000010612
            }
        },
        {
            "reactor_utilization": {
                "shard": "9",
                "value": 0.024529599999967289
            }
        },
        {
            "reactor_utilization": {
                "shard": "10",
                "value": 0.025897760000004322
            }
        },
        {
            "reactor_utilization": {
                "shard": "11",
                "value": 0.024408539999942747
            }
        },
        {
            "reactor_utilization": {
                "shard": "12",
                "value": 0.023176059999963083
            }
        },
        {
            "reactor_utilization": {
                "shard": "13",
                "value": 0.022830100000015285
            }
        },
        {
            "reactor_utilization": {
                "shard": "14",
                "value": 0.022508940000043332
            }
        },
        {
            "reactor_utilization": {
                "shard": "15",
                "value": 0.022483639999970606
            }
        },
        {
            "reactor_utilization": {
                "shard": "16",
                "value": 0.022951620000033479
            }
        },
        {
            "reactor_utilization": {
                "shard": "17",
                "value": 0.023204480000016403
            }
        },
        {
            "reactor_utilization": {
                "shard": "18",
                "value": 0.021760180000041096
            }
        },
        {
            "reactor_utilization": {
                "shard": "19",
                "value": 0.020517440000034082
            }
        },
        {
            "reactor_utilization": {
                "shard": "20",
                "value": 0.023271419999992826
            }
        },
        {
            "reactor_utilization": {
                "shard": "21",
                "value": 0.023068900000045023
            }
        },
        {
            "reactor_utilization": {
                "shard": "22",
                "value": 0.024067239999969736
            }
        },
        {
            "reactor_utilization": {
                "shard": "23",
                "value": 0.023575779999984725
            }
        },
        {
            "reactor_utilization": {
                "shard": "24",
                "value": 0.02133883999998476
            }
        },
        {
            "reactor_utilization": {
                "shard": "25",
                "value": 0.021929559999978032
            }
        },
        {
            "reactor_utilization": {
                "shard": "26",
                "value": 0.021364160000048038
            }
        },
        {
            "reactor_utilization": {
                "shard": "27",
                "value": 0.023800079999980461
            }
        }
    ]
}
{
    "metrics": [
        {
            "reactor_utilization": {
                "shard": "0",
                "value": 0.094062319999976829
            }
        },
        {
            "reactor_utilization": {
                "shard": "1",
                "value": 0.026630219999934646
            }
        },
        {
            "reactor_utilization": {
                "shard": "2",
                "value": 0.020756899999962997
            }
        },
        {
            "reactor_utilization": {
                "shard": "3",
                "value": 0.024877779999976646
            }
        },
        {
            "reactor_utilization": {
                "shard": "4",
                "value": 0.024391520000044409
            }
        },
        {
            "reactor_utilization": {
                "shard": "5",
                "value": 0.03464724000001862
            }
        },
        {
            "reactor_utilization": {
                "shard": "6",
                "value": 0.024558879999936334
            }
        },
        {
            "reactor_utilization": {
                "shard": "7",
                "value": 0.024942759999979636
            }
        },
        {
            "reactor_utilization": {
                "shard": "8",
                "value": 0.024458799999993452
            }
        },
        {
            "reactor_utilization": {
                "shard": "9",
                "value": 0.026337239999973949
            }
        },
        {
            "reactor_utilization": {
                "shard": "10",
                "value": 0.025139120000017279
            }
        },
        {
            "reactor_utilization": {
                "shard": "11",
                "value": 0.026476779999928812
            }
        },
        {
            "reactor_utilization": {
                "shard": "12",
                "value": 0.025915979999946437
            }
        },
        {
            "reactor_utilization": {
                "shard": "13",
                "value": 0.025896420000015574
            }
        },
        {
            "reactor_utilization": {
                "shard": "14",
                "value": 0.024610080000042611
            }
        },
        {
            "reactor_utilization": {
                "shard": "15",
                "value": 0.023957399999963158
            }
        },
        {
            "reactor_utilization": {
                "shard": "16",
                "value": 0.021701720000033564
            }
        },
        {
            "reactor_utilization": {
                "shard": "17",
                "value": 0.02218172000001406
            }
        },
        {
            "reactor_utilization": {
                "shard": "18",
                "value": 0.022748440000075476
            }
        },
        {
            "reactor_utilization": {
                "shard": "19",
                "value": 0.02366420000003977
            }
        },
        {
            "reactor_utilization": {
                "shard": "20",
                "value": 0.023673819999991963
            }
        },
        {
            "reactor_utilization": {
                "shard": "21",
                "value": 0.026364360000052933
            }
        },
        {
            "reactor_utilization": {
                "shard": "22",
                "value": 0.028497199999955036
            }
        },
        {
            "reactor_utilization": {
                "shard": "23",
                "value": 0.025571199999996352
            }
        },
        {
            "reactor_utilization": {
                "shard": "24",
                "value": 0.024185479999982995
            }
        },
        {
            "reactor_utilization": {
                "shard": "25",
                "value": 0.025480799999977322
            }
        },
        {
            "reactor_utilization": {
                "shard": "26",
                "value": 0.027301580000060888
            }
        },
        {
            "reactor_utilization": {
                "shard": "27",
                "value": 0.027021179999953127
            }
        }
    ]
}
{
    "metrics": [
        {
            "reactor_utilization": {
                "shard": "0",
                "value": 0.088787479999985486
            }
        },
        {
            "reactor_utilization": {
                "shard": "1",
                "value": 0.023793539999927837
            }
        },
        {
            "reactor_utilization": {
                "shard": "2",
                "value": 0.020224519999956225
            }
        },
        {
            "reactor_utilization": {
                "shard": "3",
                "value": 0.022940899999968067
            }
        },
        {
            "reactor_utilization": {
                "shard": "4",
                "value": 0.027715380000037371
            }
        },
        {
            "reactor_utilization": {
                "shard": "5",
                "value": 0.028080300000010716
            }
        },
        {
            "reactor_utilization": {
                "shard": "6",
                "value": 0.027381679999938235
            }
        },
        {
            "reactor_utilization": {
                "shard": "7",
                "value": 0.025339599999996132
            }
        },
        {
            "reactor_utilization": {
                "shard": "8",
                "value": 0.021443159999989803
            }
        },
        {
            "reactor_utilization": {
                "shard": "9",
                "value": 0.030261639999973333
            }
        },
        {
            "reactor_utilization": {
                "shard": "10",
                "value": 0.027146680000011969
            }
        },
        {
            "reactor_utilization": {
                "shard": "11",
                "value": 0.028283419999919346
            }
        },
        {
            "reactor_utilization": {
                "shard": "12",
                "value": 0.024335399999952934
            }
        },
        {
            "reactor_utilization": {
                "shard": "13",
                "value": 0.02324024000004421
            }
        },
        {
            "reactor_utilization": {
                "shard": "14",
                "value": 0.025072020000060924
            }
        },
        {
            "reactor_utilization": {
                "shard": "15",
                "value": 0.027580899999968267
            }
        },
        {
            "reactor_utilization": {
                "shard": "16",
                "value": 0.021283840000041465
            }
        },
        {
            "reactor_utilization": {
                "shard": "17",
                "value": 0.019167759999993983
            }
        },
        {
            "reactor_utilization": {
                "shard": "18",
                "value": 0.022072980000054088
            }
        },
        {
            "reactor_utilization": {
                "shard": "19",
                "value": 0.022053280000022824
            }
        },
        {
            "reactor_utilization": {
                "shard": "20",
                "value": 0.023682119999979268
            }
        },
        {
            "reactor_utilization": {
                "shard": "21",
                "value": 0.02505216000006083
            }
        },
        {
            "reactor_utilization": {
                "shard": "22",
                "value": 0.023373399999981892
            }
        },
        {
            "reactor_utilization": {
                "shard": "23",
                "value": 0.025907060000018856
            }
        },
        {
            "reactor_utilization": {
                "shard": "24",
                "value": 0.025013579999977331
            }
        },
        {
            "reactor_utilization": {
                "shard": "25",
                "value": 0.02129579999998743
            }
        },
        {
            "reactor_utilization": {
                "shard": "26",
                "value": 0.02656066000007451
            }
        },
        {
            "reactor_utilization": {
                "shard": "27",
                "value": 0.024977039999973805
            }
        }
    ]
}
{
    "metrics": [
        {
            "reactor_utilization": {
                "shard": "0",
                "value": 0.09933931999999146
            }
        },
        {
            "reactor_utilization": {
                "shard": "1",
                "value": 0.020608479999928431
            }
        },
        {
            "reactor_utilization": {
                "shard": "2",
                "value": 0.020675399999947608
            }
        },
        {
            "reactor_utilization": {
                "shard": "3",
                "value": 0.024323259999958768
            }
        },
        {
            "reactor_utilization": {
                "shard": "4",
                "value": 0.021259480000046516
            }
        },
        {
            "reactor_utilization": {
                "shard": "5",
                "value": 0.042510960000008424
            }
        },
        {
            "reactor_utilization": {
                "shard": "6",
                "value": 0.025219279999955102
            }
        },
        {
            "reactor_utilization": {
                "shard": "7",
                "value": 0.022222119999981693
            }
        },
        {
            "reactor_utilization": {
                "shard": "8",
                "value": 0.02318459999999245
            }
        },
        {
            "reactor_utilization": {
                "shard": "9",
                "value": 0.020641219999961713
            }
        },
        {
            "reactor_utilization": {
                "shard": "10",
                "value": 0.023365620000015408
            }
        },
        {
            "reactor_utilization": {
                "shard": "11",
                "value": 0.024172519999932085
            }
        },
        {
            "reactor_utilization": {
                "shard": "12",
                "value": 0.02685273999996074
            }
        },
        {
            "reactor_utilization": {
                "shard": "13",
                "value": 0.023687360000046453
            }
        },
        {
            "reactor_utilization": {
                "shard": "14",
                "value": 0.020956220000067916
            }
        },
        {
            "reactor_utilization": {
                "shard": "15",
                "value": 0.021158319999969866
            }
        },
        {
            "reactor_utilization": {
                "shard": "16",
                "value": 0.01935770000003334
            }
        },
        {
            "reactor_utilization": {
                "shard": "17",
                "value": 0.02124921999999696
            }
        },
        {
            "reactor_utilization": {
                "shard": "18",
                "value": 0.022645600000070765
            }
        },
        {
            "reactor_utilization": {
                "shard": "19",
                "value": 0.02262408000002214
            }
        },
        {
            "reactor_utilization": {
                "shard": "20",
                "value": 0.02376941999997495
            }
        },
        {
            "reactor_utilization": {
                "shard": "21",
                "value": 0.025070760000045489
            }
        },
        {
            "reactor_utilization": {
                "shard": "22",
                "value": 0.022683339999995944
            }
        },
        {
            "reactor_utilization": {
                "shard": "23",
                "value": 0.02069792000001236
            }
        },
        {
            "reactor_utilization": {
                "shard": "24",
                "value": 0.021373379999989339
            }
        },
        {
            "reactor_utilization": {
                "shard": "25",
                "value": 0.022386119999984189
            }
        },
        {
            "reactor_utilization": {
                "shard": "26",
                "value": 0.021981600000087198
            }
        },
        {
            "reactor_utilization": {
                "shard": "27",
                "value": 0.024173119999981729
            }
        }
    ]
}
{
    "metrics": [
        {
            "reactor_utilization": {
                "shard": "0",
                "value": 0.10037611999997864
            }
        },
        {
            "reactor_utilization": {
                "shard": "1",
                "value": 0.03112485999993142
            }
        },
        {
            "reactor_utilization": {
                "shard": "2",
                "value": 0.030018999999947837
            }
        },
        {
            "reactor_utilization": {
                "shard": "3",
                "value": 0.030462139999964943
            }
        },
        {
            "reactor_utilization": {
                "shard": "4",
                "value": 0.029835700000047094
            }
        },
        {
            "reactor_utilization": {
                "shard": "5",
                "value": 0.044064660000020517
            }
        },
        {
            "reactor_utilization": {
                "shard": "6",
                "value": 0.02694199999995206
            }
        },
        {
            "reactor_utilization": {
                "shard": "7",
                "value": 0.029057159999990034
            }
        },
        {
            "reactor_utilization": {
                "shard": "8",
                "value": 0.024804519999976904
            }
        },
        {
            "reactor_utilization": {
                "shard": "9",
                "value": 0.029345219999976635
            }
        },
        {
            "reactor_utilization": {
                "shard": "10",
                "value": 0.029237400000003966
            }
        },
        {
            "reactor_utilization": {
                "shard": "11",
                "value": 0.026837819999947499
            }
        },
        {
            "reactor_utilization": {
                "shard": "12",
                "value": 0.025164859999982081
            }
        },
        {
            "reactor_utilization": {
                "shard": "13",
                "value": 0.025979740000059426
            }
        },
        {
            "reactor_utilization": {
                "shard": "14",
                "value": 0.023474080000074338
            }
        },
        {
            "reactor_utilization": {
                "shard": "15",
                "value": 0.02714273999997463
            }
        },
        {
            "reactor_utilization": {
                "shard": "16",
                "value": 0.023271720000039853
            }
        },
        {
            "reactor_utilization": {
                "shard": "17",
                "value": 0.024113359999999862
            }
        },
        {
            "reactor_utilization": {
                "shard": "18",
                "value": 0.029291620000049257
            }
        },
        {
            "reactor_utilization": {
                "shard": "19",
                "value": 0.026900900000026429
            }
        },
        {
            "reactor_utilization": {
                "shard": "20",
                "value": 0.030581539999974261
            }
        },
        {
            "reactor_utilization": {
                "shard": "21",
                "value": 0.032524200000039194
            }
        },
        {
            "reactor_utilization": {
                "shard": "22",
                "value": 0.029778660000012724
            }
        },
        {
            "reactor_utilization": {
                "shard": "23",
                "value": 0.025819579999997178
            }
        },
        {
            "reactor_utilization": {
                "shard": "24",
                "value": 0.027118059999975408
            }
        },
        {
            "reactor_utilization": {
                "shard": "25",
                "value": 0.026028399999988849
            }
        },
        {
            "reactor_utilization": {
                "shard": "26",
                "value": 0.027881660000095287
            }
        },
        {
            "reactor_utilization": {
                "shard": "27",
                "value": 0.027510019999965607
            }
        }
    ]
}
{
    "metrics": [
        {
            "reactor_utilization": {
                "shard": "0",
                "value": 0.091898020000003022
            }
        },
        {
            "reactor_utilization": {
                "shard": "1",
                "value": 0.027005439999916447
            }
        },
        {
            "reactor_utilization": {
                "shard": "2",
                "value": 0.028044359999956914
            }
        },
        {
            "reactor_utilization": {
                "shard": "3",
                "value": 0.031601259999969322
            }
        },
        {
            "reactor_utilization": {
                "shard": "4",
                "value": 0.026826080000041941
            }
        },
        {
            "reactor_utilization": {
                "shard": "5",
                "value": 0.041356120000035634
            }
        },
        {
            "reactor_utilization": {
                "shard": "6",
                "value": 0.024341919999959494
            }
        },
        {
            "reactor_utilization": {
                "shard": "7",
                "value": 0.022083319999977036
            }
        },
        {
            "reactor_utilization": {
                "shard": "8",
                "value": 0.023346299999982278
            }
        },
        {
            "reactor_utilization": {
                "shard": "9",
                "value": 0.029777339999981223
            }
        },
        {
            "reactor_utilization": {
                "shard": "10",
                "value": 0.021921560000004447
            }
        },
        {
            "reactor_utilization": {
                "shard": "11",
                "value": 0.026322579999948914
            }
        },
        {
            "reactor_utilization": {
                "shard": "12",
                "value": 0.024342199999960457
            }
        },
        {
            "reactor_utilization": {
                "shard": "13",
                "value": 0.02552112000006046
            }
        },
        {
            "reactor_utilization": {
                "shard": "14",
                "value": 0.02586260000008167
            }
        },
        {
            "reactor_utilization": {
                "shard": "15",
                "value": 0.027756039999982107
            }
        },
        {
            "reactor_utilization": {
                "shard": "16",
                "value": 0.022762620000038591
            }
        },
        {
            "reactor_utilization": {
                "shard": "17",
                "value": 0.027018600000017212
            }
        },
        {
            "reactor_utilization": {
                "shard": "18",
                "value": 0.031238140000056092
            }
        },
        {
            "reactor_utilization": {
                "shard": "19",
                "value": 0.029970540000046064
            }
        },
        {
            "reactor_utilization": {
                "shard": "20",
                "value": 0.03253617999996461
            }
        },
        {
            "reactor_utilization": {
                "shard": "21",
                "value": 0.032033060000047353
            }
        },
        {
            "reactor_utilization": {
                "shard": "22",
                "value": 0.030711320000020859
            }
        },
        {
            "reactor_utilization": {
                "shard": "23",
                "value": 0.029762559999990668
            }
        },
        {
            "reactor_utilization": {
                "shard": "24",
                "value": 0.026843159999989652
            }
        },
        {
            "reactor_utilization": {
                "shard": "25",
                "value": 0.02989249999998389
            }
        },
        {
            "reactor_utilization": {
                "shard": "26",
                "value": 0.028106640000091776
            }
        },
        {
            "reactor_utilization": {
                "shard": "27",
                "value": 0.023996719999974658
            }
        }
    ]
}
{
    "metrics": [
        {
            "reactor_utilization": {
                "shard": "0",
                "value": 0.11849516000000948
            }
        },
        {
            "reactor_utilization": {
                "shard": "1",
                "value": 0.020621839999912517
            }
        },
        {
            "reactor_utilization": {
                "shard": "2",
                "value": 0.022621699999958444
            }
        },
        {
            "reactor_utilization": {
                "shard": "3",
                "value": 0.022279779999978544
            }
        },
        {
            "reactor_utilization": {
                "shard": "4",
                "value": 0.019489900000047022
            }
        },
        {
            "reactor_utilization": {
                "shard": "5",
                "value": 0.037996780000004726
            }
        },
        {
            "reactor_utilization": {
                "shard": "6",
                "value": 0.022959659999965965
            }
        },
        {
            "reactor_utilization": {
                "shard": "7",
                "value": 0.025732859999982871
            }
        },
        {
            "reactor_utilization": {
                "shard": "8",
                "value": 0.022913479999975284
            }
        },
        {
            "reactor_utilization": {
                "shard": "9",
                "value": 0.023427439999990085
            }
        },
        {
            "reactor_utilization": {
                "shard": "10",
                "value": 0.030322620000000633
            }
        },
        {
            "reactor_utilization": {
                "shard": "11",
                "value": 0.022665639999952525
            }
        },
        {
            "reactor_utilization": {
                "shard": "12",
                "value": 0.022004059999991554
            }
        },
        {
            "reactor_utilization": {
                "shard": "13",
                "value": 0.024846860000071747
            }
        },
        {
            "reactor_utilization": {
                "shard": "14",
                "value": 0.02303590000010125
            }
        },
        {
            "reactor_utilization": {
                "shard": "15",
                "value": 0.022348139999994743
            }
        },
        {
            "reactor_utilization": {
                "shard": "16",
                "value": 0.024735280000065529
            }
        },
        {
            "reactor_utilization": {
                "shard": "17",
                "value": 0.020755260000004938
            }
        },
        {
            "reactor_utilization": {
                "shard": "18",
                "value": 0.023453660000050114
            }
        },
        {
            "reactor_utilization": {
                "shard": "19",
                "value": 0.019927720000056937
            }
        },
        {
            "reactor_utilization": {
                "shard": "20",
                "value": 0.022298699999945271
            }
        },
        {
            "reactor_utilization": {
                "shard": "21",
                "value": 0.022932360000060825
            }
        },
        {
            "reactor_utilization": {
                "shard": "22",
                "value": 0.021038880000034954
            }
        },
        {
            "reactor_utilization": {
                "shard": "23",
                "value": 0.02362137999999403
            }
        },
        {
            "reactor_utilization": {
                "shard": "24",
                "value": 0.023964779999985364
            }
        },
        {
            "reactor_utilization": {
                "shard": "25",
                "value": 0.021860599999989905
            }
        },
        {
            "reactor_utilization": {
                "shard": "26",
                "value": 0.018848260000114969
            }
        },
        {
            "reactor_utilization": {
                "shard": "27",
                "value": 0.021847339999991888
            }
        }
    ]
}
{
    "metrics": [
        {
            "reactor_utilization": {
                "shard": "0",
                "value": 0.098227100000014556
            }
        },
        {
            "reactor_utilization": {
                "shard": "1",
                "value": 0.024286639999915316
            }
        },
        {
            "reactor_utilization": {
                "shard": "2",
                "value": 0.024683939999958771
            }
        },
        {
            "reactor_utilization": {
                "shard": "3",
                "value": 0.025932339999990006
            }
        },
        {
            "reactor_utilization": {
                "shard": "4",
                "value": 0.025691580000042347
            }
        },
        {
            "reactor_utilization": {
                "shard": "5",
                "value": 0.038744640000010211
            }
        },
        {
            "reactor_utilization": {
                "shard": "6",
                "value": 0.025049299999979624
            }
        },
        {
            "reactor_utilization": {
                "shard": "7",
                "value": 0.025876539999980519
            }
        },
        {
            "reactor_utilization": {
                "shard": "8",
                "value": 0.026508459999985412
            }
        },
        {
            "reactor_utilization": {
                "shard": "9",
                "value": 0.02609303999997481
            }
        },
        {
            "reactor_utilization": {
                "shard": "10",
                "value": 0.025221400000008387
            }
        },
        {
            "reactor_utilization": {
                "shard": "11",
                "value": 0.025891819999945831
            }
        },
        {
            "reactor_utilization": {
                "shard": "12",
                "value": 0.026487819999976292
            }
        },
        {
            "reactor_utilization": {
                "shard": "13",
                "value": 0.026399140000088472
            }
        },
        {
            "reactor_utilization": {
                "shard": "14",
                "value": 0.027854680000083398
            }
        },
        {
            "reactor_utilization": {
                "shard": "15",
                "value": 0.027024959999988329
            }
        },
        {
            "reactor_utilization": {
                "shard": "16",
                "value": 0.020653340000065246
            }
        },
        {
            "reactor_utilization": {
                "shard": "17",
                "value": 0.023328920000009745
            }
        },
        {
            "reactor_utilization": {
                "shard": "18",
                "value": 0.024920980000042725
            }
        },
        {
            "reactor_utilization": {
                "shard": "19",
                "value": 0.025514060000064731
            }
        },
        {
            "reactor_utilization": {
                "shard": "20",
                "value": 0.025887039999950012
            }
        },
        {
            "reactor_utilization": {
                "shard": "21",
                "value": 0.028115300000042254
            }
        },
        {
            "reactor_utilization": {
                "shard": "22",
                "value": 0.024023880000023645
            }
        },
        {
            "reactor_utilization": {
                "shard": "23",
                "value": 0.023971939999967162
            }
        },
        {
            "reactor_utilization": {
                "shard": "24",
                "value": 0.025864439999989663
            }
        },
        {
            "reactor_utilization": {
                "shard": "25",
                "value": 0.025753679999973578
            }
        },
        {
            "reactor_utilization": {
                "shard": "26",
                "value": 0.025131740000117198
            }
        },
        {
            "reactor_utilization": {
                "shard": "27",
                "value": 0.024148560000003538
            }
        }
    ]
}
{
    "metrics": [
        {
            "reactor_utilization": {
                "shard": "0",
                "value": 0.091991320000006649
            }
        },
        {
            "reactor_utilization": {
                "shard": "1",
                "value": 0.022899799999942516
            }
        },
        {
            "reactor_utilization": {
                "shard": "2",
                "value": 0.021793559999971901
            }
        },
        {
            "reactor_utilization": {
                "shard": "3",
                "value": 0.023527999999983784
            }
        },
        {
            "reactor_utilization": {
                "shard": "4",
                "value": 0.019665820000047685
            }
        },
        {
            "reactor_utilization": {
                "shard": "5",
                "value": 0.031893179999986643
            }
        },
        {
            "reactor_utilization": {
                "shard": "6",
                "value": 0.019653359999971531
            }
        },
        {
            "reactor_utilization": {
                "shard": "7",
                "value": 0.022774339999975801
            }
        },
        {
            "reactor_utilization": {
                "shard": "8",
                "value": 0.022442619999984981
            }
        },
        {
            "reactor_utilization": {
                "shard": "9",
                "value": 0.021590979999985827
            }
        },
        {
            "reactor_utilization": {
                "shard": "10",
                "value": 0.022153100000021908
            }
        },
        {
            "reactor_utilization": {
                "shard": "11",
                "value": 0.022525039999943264
            }
        },
        {
            "reactor_utilization": {
                "shard": "12",
                "value": 0.022497419999978341
            }
        },
        {
            "reactor_utilization": {
                "shard": "13",
                "value": 0.022331500000061233
            }
        },
        {
            "reactor_utilization": {
                "shard": "14",
                "value": 0.022774480000087305
            }
        },
        {
            "reactor_utilization": {
                "shard": "15",
                "value": 0.021148199999987405
            }
        },
        {
            "reactor_utilization": {
                "shard": "16",
                "value": 0.020350600000051955
            }
        },
        {
            "reactor_utilization": {
                "shard": "17",
                "value": 0.022318279999977708
            }
        },
        {
            "reactor_utilization": {
                "shard": "18",
                "value": 0.022372720000041202
            }
        },
        {
            "reactor_utilization": {
                "shard": "19",
                "value": 0.02130904000007261
            }
        },
        {
            "reactor_utilization": {
                "shard": "20",
                "value": 0.020796539999956565
            }
        },
        {
            "reactor_utilization": {
                "shard": "21",
                "value": 0.024440500000033616
            }
        },
        {
            "reactor_utilization": {
                "shard": "22",
                "value": 0.019005360000035054
            }
        },
        {
            "reactor_utilization": {
                "shard": "23",
                "value": 0.020638620000001939
            }
        },
        {
            "reactor_utilization": {
                "shard": "24",
                "value": 0.023064259999983072
            }
        },
        {
            "reactor_utilization": {
                "shard": "25",
                "value": 0.021666559999977686
            }
        },
        {
            "reactor_utilization": {
                "shard": "26",
                "value": 0.020329260000129246
            }
        },
        {
            "reactor_utilization": {
                "shard": "27",
                "value": 0.023007580000000694
            }
        }
    ]
}
{
    "metrics": [
        {
            "reactor_utilization": {
                "shard": "0",
                "value": 0.088483060000010827
            }
        },
        {
            "reactor_utilization": {
                "shard": "1",
                "value": 0.029763179999942047
            }
        },
        {
            "reactor_utilization": {
                "shard": "2",
                "value": 0.023315839999982213
            }
        },
        {
            "reactor_utilization": {
                "shard": "3",
                "value": 0.024998700000000706
            }
        },
        {
            "reactor_utilization": {
                "shard": "4",
                "value": 0.022482720000049916
            }
        },
        {
            "reactor_utilization": {
                "shard": "5",
                "value": 0.051628199999986801
            }
        },
        {
            "reactor_utilization": {
                "shard": "6",
                "value": 0.027476819999960878
            }
        },
        {
            "reactor_utilization": {
                "shard": "7",
                "value": 0.02481517999998184
            }
        },
        {
            "reactor_utilization": {
                "shard": "8",
                "value": 0.026249500000008474
            }
        },
        {
            "reactor_utilization": {
                "shard": "9",
                "value": 0.025355239999980128
            }
        },
        {
            "reactor_utilization": {
                "shard": "10",
                "value": 0.027434060000020022
            }
        },
        {
            "reactor_utilization": {
                "shard": "11",
                "value": 0.024453739999930058
            }
        },
        {
            "reactor_utilization": {
                "shard": "12",
                "value": 0.026486079999976653
            }
        },
        {
            "reactor_utilization": {
                "shard": "13",
                "value": 0.027079160000076374
            }
        },
        {
            "reactor_utilization": {
                "shard": "14",
                "value": 0.022640580000066191
            }
        },
        {
            "reactor_utilization": {
                "shard": "15",
                "value": 0.024054139999973856
            }
        },
        {
            "reactor_utilization": {
                "shard": "16",
                "value": 0.025092660000047839
            }
        },
        {
            "reactor_utilization": {
                "shard": "17",
                "value": 0.025830899999990109
            }
        },
        {
            "reactor_utilization": {
                "shard": "18",
                "value": 0.026229380000053482
            }
        },
        {
            "reactor_utilization": {
                "shard": "19",
                "value": 0.026645820000070763
            }
        },
        {
            "reactor_utilization": {
                "shard": "20",
                "value": 0.026306219999960856
            }
        },
        {
            "reactor_utilization": {
                "shard": "21",
                "value": 0.0277584200000347
            }
        },
        {
            "reactor_utilization": {
                "shard": "22",
                "value": 0.028185320000007064
            }
        },
        {
            "reactor_utilization": {
                "shard": "23",
                "value": 0.026659520000005266
            }
        },
        {
            "reactor_utilization": {
                "shard": "24",
                "value": 0.028613199999960592
            }
        },
        {
            "reactor_utilization": {
                "shard": "25",
                "value": 0.025015899999991653
            }
        },
        {
            "reactor_utilization": {
                "shard": "26",
                "value": 0.029606820000127598
            }
        },
        {
            "reactor_utilization": {
                "shard": "27",
                "value": 0.024711500000029751
            }
        }
    ]
}
{
    "metrics": [
        {
            "reactor_utilization": {
                "shard": "0",
                "value": 0.10499564000001627
            }
        },
        {
            "reactor_utilization": {
                "shard": "1",
                "value": 0.028166479999947036
            }
        },
        {
            "reactor_utilization": {
                "shard": "2",
                "value": 0.024471039999984789
            }
        },
        {
            "reactor_utilization": {
                "shard": "3",
                "value": 0.024332240000002336
            }
        },
        {
            "reactor_utilization": {
                "shard": "4",
                "value": 0.026129360000037849
            }
        },
        {
            "reactor_utilization": {
                "shard": "5",
                "value": 0.041521219999984815
            }
        },
        {
            "reactor_utilization": {
                "shard": "6",
                "value": 0.025341739999951152
            }
        },
        {
            "reactor_utilization": {
                "shard": "7",
                "value": 0.024870219999972853
            }
        },
        {
            "reactor_utilization": {
                "shard": "8",
                "value": 0.027114360000002335
            }
        },
        {
            "reactor_utilization": {
                "shard": "9",
                "value": 0.025137739999980813
            }
        },
        {
            "reactor_utilization": {
                "shard": "10",
                "value": 0.025743259999988499
            }
        },
        {
            "reactor_utilization": {
                "shard": "11",
                "value": 0.022769159999924682
            }
        },
        {
            "reactor_utilization": {
                "shard": "12",
                "value": 0.027184819999981347
            }
        },
        {
            "reactor_utilization": {
                "shard": "13",
                "value": 0.027087600000086365
            }
        },
        {
            "reactor_utilization": {
                "shard": "14",
                "value": 0.026430020000089982
            }
        },
        {
            "reactor_utilization": {
                "shard": "15",
                "value": 0.024413039999959807
            }
        },
        {
            "reactor_utilization": {
                "shard": "16",
                "value": 0.023266500000052037
            }
        },
        {
            "reactor_utilization": {
                "shard": "17",
                "value": 0.025322800000004975
            }
        },
        {
            "reactor_utilization": {
                "shard": "18",
                "value": 0.026314460000054218
            }
        },
        {
            "reactor_utilization": {
                "shard": "19",
                "value": 0.025101080000067277
            }
        },
        {
            "reactor_utilization": {
                "shard": "20",
                "value": 0.022249019999975861
            }
        },
        {
            "reactor_utilization": {
                "shard": "21",
                "value": 0.027130120000051772
            }
        },
        {
            "reactor_utilization": {
                "shard": "22",
                "value": 0.024665680000013346
            }
        },
        {
            "reactor_utilization": {
                "shard": "23",
                "value": 0.028406060000008004
            }
        },
        {
            "reactor_utilization": {
                "shard": "24",
                "value": 0.025653779999945669
            }
        },
        {
            "reactor_utilization": {
                "shard": "25",
                "value": 0.023851919999984261
            }
        },
        {
            "reactor_utilization": {
                "shard": "26",
                "value": 0.024880560000095642
            }
        },
        {
            "reactor_utilization": {
                "shard": "27",
                "value": 0.023011440000031413
            }
        }
    ]
}
{
    "metrics": [
        {
            "reactor_utilization": {
                "shard": "0",
                "value": 0.088882360000031024
            }
        },
        {
            "reactor_utilization": {
                "shard": "1",
                "value": 0.016428739999940767
            }
        },
        {
            "reactor_utilization": {
                "shard": "2",
                "value": 0.016522419999986937
            }
        },
        {
            "reactor_utilization": {
                "shard": "3",
                "value": 0.015775559999986477
            }
        },
        {
            "reactor_utilization": {
                "shard": "4",
                "value": 0.016243420000006115
            }
        },
        {
            "reactor_utilization": {
                "shard": "5",
                "value": 0.014169919999984515
            }
        },
        {
            "reactor_utilization": {
                "shard": "6",
                "value": 0.015425059999951696
            }
        },
        {
            "reactor_utilization": {
                "shard": "7",
                "value": 0.013873119999974204
            }
        },
        {
            "reactor_utilization": {
                "shard": "8",
                "value": 0.014642779999984867
            }
        },
        {
            "reactor_utilization": {
                "shard": "9",
                "value": 0.015528660000008188
            }
        },
        {
            "reactor_utilization": {
                "shard": "10",
                "value": 0.016046059999974549
            }
        },
        {
            "reactor_utilization": {
                "shard": "11",
                "value": 0.014373659999922239
            }
        },
        {
            "reactor_utilization": {
                "shard": "12",
                "value": 0.017291979999978224
            }
        },
        {
            "reactor_utilization": {
                "shard": "13",
                "value": 0.017147120000093885
            }
        },
        {
            "reactor_utilization": {
                "shard": "14",
                "value": 0.018935400000086311
            }
        },
        {
            "reactor_utilization": {
                "shard": "15",
                "value": 0.017562819999961121
            }
        },
        {
            "reactor_utilization": {
                "shard": "16",
                "value": 0.014661700000040412
            }
        },
        {
            "reactor_utilization": {
                "shard": "17",
                "value": 0.017781220000001596
            }
        },
        {
            "reactor_utilization": {
                "shard": "18",
                "value": 0.018555020000055045
            }
        },
        {
            "reactor_utilization": {
                "shard": "19",
                "value": 0.016078240000072519
            }
        },
        {
            "reactor_utilization": {
                "shard": "20",
                "value": 0.014526199999975731
            }
        },
        {
            "reactor_utilization": {
                "shard": "21",
                "value": 0.018518680000056964
            }
        },
        {
            "reactor_utilization": {
                "shard": "22",
                "value": 0.017664359999991497
            }
        },
        {
            "reactor_utilization": {
                "shard": "23",
                "value": 0.019646360000036278
            }
        },
        {
            "reactor_utilization": {
                "shard": "24",
                "value": 0.015446199999957777
            }
        },
        {
            "reactor_utilization": {
                "shard": "25",
                "value": 0.018143479999976897
            }
        },
        {
            "reactor_utilization": {
                "shard": "26",
                "value": 0.017376720000084056
            }
        },
        {
            "reactor_utilization": {
                "shard": "27",
                "value": 0.015816040000038445
            }
        }
    ]
}
{
    "metrics": [
        {
            "reactor_utilization": {
                "shard": "0",
                "value": 0.10186234000002514
            }
        },
        {
            "reactor_utilization": {
                "shard": "1",
                "value": 0.028389299999953543
            }
        },
        {
            "reactor_utilization": {
                "shard": "2",
                "value": 0.026223919999979195
            }
        },
        {
            "reactor_utilization": {
                "shard": "3",
                "value": 0.021783419999987785
            }
        },
        {
            "reactor_utilization": {
                "shard": "4",
                "value": 0.025979920000007706
            }
        },
        {
            "reactor_utilization": {
                "shard": "5",
                "value": 0.042398779999985869
            }
        },
        {
            "reactor_utilization": {
                "shard": "6",
                "value": 0.027486299999934793
            }
        },
        {
            "reactor_utilization": {
                "shard": "7",
                "value": 0.024817139999977478
            }
        },
        {
            "reactor_utilization": {
                "shard": "8",
                "value": 0.024595979999975093
            }
        },
        {
            "reactor_utilization": {
                "shard": "9",
                "value": 0.024382479999995876
            }
        },
        {
            "reactor_utilization": {
                "shard": "10",
                "value": 0.024046899999974336
            }
        },
        {
            "reactor_utilization": {
                "shard": "11",
                "value": 0.023455039999920047
            }
        },
        {
            "reactor_utilization": {
                "shard": "12",
                "value": 0.026069459999977784
            }
        },
        {
            "reactor_utilization": {
                "shard": "13",
                "value": 0.025100380000098177
            }
        },
        {
            "reactor_utilization": {
                "shard": "14",
                "value": 0.02588690000009386
            }
        },
        {
            "reactor_utilization": {
                "shard": "15",
                "value": 0.025306119999968235
            }
        },
        {
            "reactor_utilization": {
                "shard": "16",
                "value": 0.021923780000054904
            }
        },
        {
            "reactor_utilization": {
                "shard": "17",
                "value": 0.027865400000015583
            }
        },
        {
            "reactor_utilization": {
                "shard": "18",
                "value": 0.023749380000059883
            }
        },
        {
            "reactor_utilization": {
                "shard": "19",
                "value": 0.028304240000087688
            }
        },
        {
            "reactor_utilization": {
                "shard": "20",
                "value": 0.021291559999969678
            }
        },
        {
            "reactor_utilization": {
                "shard": "21",
                "value": 0.022623080000050422
            }
        },
        {
            "reactor_utilization": {
                "shard": "22",
                "value": 0.022861959999986858
            }
        },
        {
            "reactor_utilization": {
                "shard": "23",
                "value": 0.022510720000035178
            }
        },
        {
            "reactor_utilization": {
                "shard": "24",
                "value": 0.018664339999951984
            }
        },
        {
            "reactor_utilization": {
                "shard": "25",
                "value": 0.01847251999997912
            }
        },
        {
            "reactor_utilization": {
                "shard": "26",
                "value": 0.02657070000009476
            }
        },
        {
            "reactor_utilization": {
                "shard": "27",
                "value": 0.020026860000044167
            }
        }
    ]
}
{
    "metrics": [
        {
            "reactor_utilization": {
                "shard": "0",
                "value": 0.097833480000020234
            }
        },
        {
            "reactor_utilization": {
                "shard": "1",
                "value": 0.025726219999944178
            }
        },
        {
            "reactor_utilization": {
                "shard": "2",
                "value": 0.02398589999998979
            }
        },
        {
            "reactor_utilization": {
                "shard": "3",
                "value": 0.022424819999999901
            }
        },
        {
            "reactor_utilization": {
                "shard": "4",
                "value": 0.027618600000001159
            }
        },
        {
            "reactor_utilization": {
                "shard": "5",
                "value": 0.042030019999983459
            }
        },
        {
            "reactor_utilization": {
                "shard": "6",
                "value": 0.024140599999922241
            }
        },
        {
            "reactor_utilization": {
                "shard": "7",
                "value": 0.02521187999997565
            }
        },
        {
            "reactor_utilization": {
                "shard": "8",
                "value": 0.02383863999998459
            }
        },
        {
            "reactor_utilization": {
                "shard": "9",
                "value": 0.025817559999996575
            }
        },
        {
            "reactor_utilization": {
                "shard": "10",
                "value": 0.023170079999956794
            }
        },
        {
            "reactor_utilization": {
                "shard": "11",
                "value": 0.023397259999935471
            }
        },
        {
            "reactor_utilization": {
                "shard": "12",
                "value": 0.026528719999974193
            }
        },
        {
            "reactor_utilization": {
                "shard": "13",
                "value": 0.026740460000107547
            }
        },
        {
            "reactor_utilization": {
                "shard": "14",
                "value": 0.027985580000078336
            }
        },
        {
            "reactor_utilization": {
                "shard": "15",
                "value": 0.027193779999989953
            }
        },
        {
            "reactor_utilization": {
                "shard": "16",
                "value": 0.02489994000005602
            }
        },
        {
            "reactor_utilization": {
                "shard": "17",
                "value": 0.026963200000018617
            }
        },
        {
            "reactor_utilization": {
                "shard": "18",
                "value": 0.023544940000075343
            }
        },
        {
            "reactor_utilization": {
                "shard": "19",
                "value": 0.029736700000049243
            }
        },
        {
            "reactor_utilization": {
                "shard": "20",
                "value": 0.022721239999956566
            }
        },
        {
            "reactor_utilization": {
                "shard": "21",
                "value": 0.028269160000027327
            }
        },
        {
            "reactor_utilization": {
                "shard": "22",
                "value": 0.023762439999963636
            }
        },
        {
            "reactor_utilization": {
                "shard": "23",
                "value": 0.025611700000038873
            }
        },
        {
            "reactor_utilization": {
                "shard": "24",
                "value": 0.026979259999948546
            }
        },
        {
            "reactor_utilization": {
                "shard": "25",
                "value": 0.023501799999969819
            }
        },
        {
            "reactor_utilization": {
                "shard": "26",
                "value": 0.02620454000008543
            }
        },
        {
            "reactor_utilization": {
                "shard": "27",
                "value": 0.024460520000046948
            }
        }
    ]
}
