{
    "metrics": [
        {
            "reactor_utilization": {
                "shard": "0",
                "value": 28.416534099999915
            }
        },
        {
            "reactor_utilization": {
                "shard": "1",
                "value": 39.662633860000142
            }
        },
        {
            "reactor_utilization": {
                "shard": "2",
                "value": 42.732624380000047
            }
        },
        {
            "reactor_utilization": {
                "shard": "3",
                "value": 35.546597000000069
            }
        },
        {
            "reactor_utilization": {
                "shard": "4",
                "value": 37.121399319999973
            }
        },
        {
            "reactor_utilization": {
                "shard": "5",
                "value": 32.604675400000005
            }
        },
        {
            "reactor_utilization": {
                "shard": "6",
                "value": 36.288081359999971
            }
        },
        {
            "reactor_utilization": {
                "shard": "7",
                "value": 36.345949740000073
            }
        },
        {
            "reactor_utilization": {
                "shard": "8",
                "value": 38.944650140000029
            }
        },
        {
            "reactor_utilization": {
                "shard": "9",
                "value": 45.704813640000019
            }
        },
        {
            "reactor_utilization": {
                "shard": "10",
                "value": 33.356713400000039
            }
        },
        {
            "reactor_utilization": {
                "shard": "11",
                "value": 40.844311780000083
            }
        },
        {
            "reactor_utilization": {
                "shard": "12",
                "value": 41.120910600000002
            }
        },
        {
            "reactor_utilization": {
                "shard": "13",
                "value": 44.165721820000073
            }
        },
        {
            "reactor_utilization": {
                "shard": "14",
                "value": 47.075385600000075
            }
        },
        {
            "reactor_utilization": {
                "shard": "15",
                "value": 41.818064579999984
            }
        },
        {
            "reactor_utilization": {
                "shard": "16",
                "value": 49.512959320000029
            }
        },
        {
            "reactor_utilization": {
                "shard": "17",
                "value": 24.566549020000018
            }
        },
        {
            "reactor_utilization": {
                "shard": "18",
                "value": 25.593405100000034
            }
        },
        {
            "reactor_utilization": {
                "shard": "19",
                "value": 33.394825640000093
            }
        },
        {
            "reactor_utilization": {
                "shard": "20",
                "value": 30.332012700000011
            }
        },
        {
            "reactor_utilization": {
                "shard": "21",
                "value": 33.853152560000055
            }
        },
        {
            "reactor_utilization": {
                "shard": "22",
                "value": 34.12407403999994
            }
        },
        {
            "reactor_utilization": {
                "shard": "23",
                "value": 39.014691260000042
            }
        },
        {
            "reactor_utilization": {
                "shard": "24",
                "value": 32.761324480000034
            }
        },
        {
            "reactor_utilization": {
                "shard": "25",
                "value": 27.610857399999954
            }
        },
        {
            "reactor_utilization": {
                "shard": "26",
                "value": 29.157037819999921
            }
        },
        {
            "reactor_utilization": {
                "shard": "27",
                "value": 38.718079179999918
            }
        }
    ]
}
{
    "metrics": [
        {
            "reactor_utilization": {
                "shard": "0",
                "value": 30.264430799999943
            }
        },
        {
            "reactor_utilization": {
                "shard": "1",
                "value": 36.821336180000145
            }
        },
        {
            "reactor_utilization": {
                "shard": "2",
                "value": 49.786441220000043
            }
        },
        {
            "reactor_utilization": {
                "shard": "3",
                "value": 25.433953180000067
            }
        },
        {
            "reactor_utilization": {
                "shard": "4",
                "value": 31.209772859999973
            }
        },
        {
            "reactor_utilization": {
                "shard": "5",
                "value": 33.648388080000011
            }
        },
        {
            "reactor_utilization": {
                "shard": "6",
                "value": 33.664033839999959
            }
        },
        {
            "reactor_utilization": {
                "shard": "7",
                "value": 41.191058560000073
            }
        },
        {
            "reactor_utilization": {
                "shard": "8",
                "value": 37.26809332000002
            }
        },
        {
            "reactor_utilization": {
                "shard": "9",
                "value": 36.325906520000018
            }
        },
        {
            "reactor_utilization": {
                "shard": "10",
                "value": 41.789514100000034
            }
        },
        {
            "reactor_utilization": {
                "shard": "11",
                "value": 40.664314960000105
            }
        },
        {
            "reactor_utilization": {
                "shard": "12",
                "value": 50.399831460000023
            }
        },
        {
            "reactor_utilization": {
                "shard": "13",
                "value": 40.300286680000077
            }
        },
        {
            "reactor_utilization": {
                "shard": "14",
                "value": 34.49077104000007
            }
        },
        {
            "reactor_utilization": {
                "shard": "15",
                "value": 50.14208899999997
            }
        },
        {
            "reactor_utilization": {
                "shard": "16",
                "value": 36.309310600000032
            }
        },
        {
            "reactor_utilization": {
                "shard": "17",
                "value": 38.096119180000024
            }
        },
        {
            "reactor_utilization": {
                "shard": "18",
                "value": 37.582514480000015
            }
        },
        {
            "reactor_utilization": {
                "shard": "19",
                "value": 30.324557520000095
            }
        },
        {
            "reactor_utilization": {
                "shard": "20",
                "value": 38.017681679999995
            }
        },
        {
            "reactor_utilization": {
                "shard": "21",
                "value": 33.767135540000041
            }
        },
        {
            "reactor_utilization": {
                "shard": "22",
                "value": 41.114374779999949
            }
        },
        {
            "reactor_utilization": {
                "shard": "23",
                "value": 29.473867460000058
            }
        },
        {
            "reactor_utilization": {
                "shard": "24",
                "value": 30.829273580000027
            }
        },
        {
            "reactor_utilization": {
                "shard": "25",
                "value": 34.039085399999955
            }
        },
        {
            "reactor_utilization": {
                "shard": "26",
                "value": 38.829495559999927
            }
        },
        {
            "reactor_utilization": {
                "shard": "27",
                "value": 36.971465919999922
            }
        }
    ]
}
{
    "metrics": [
        {
            "reactor_utilization": {
                "shard": "0",
                "value": 36.459607739999932
            }
        },
        {
            "reactor_utilization": {
                "shard": "1",
                "value": 48.229105920000137
            }
        },
        {
            "reactor_utilization": {
                "shard": "2",
                "value": 38.335360080000036
            }
        },
        {
            "reactor_utilization": {
                "shard": "3",
                "value": 37.358807360000071
            }
        },
        {
            "reactor_utilization": {
                "shard": "4",
                "value": 32.571124599999955
            }
        },
        {
            "reactor_utilization": {
                "shard": "5",
                "value": 46.335756880000012
            }
        },
        {
            "reactor_utilization": {
                "shard": "6",
                "value": 43.637480359999984
            }
        },
        {
            "reactor_utilization": {
                "shard": "7",
                "value": 36.336531780000072
            }
        },
        {
            "reactor_utilization": {
                "shard": "8",
                "value": 36.365142180000021
            }
        },
        {
            "reactor_utilization": {
                "shard": "9",
                "value": 38.894641420000006
            }
        },
        {
            "reactor_utilization": {
                "shard": "10",
                "value": 35.76112772000004
            }
        },
        {
            "reactor_utilization": {
                "shard": "11",
                "value": 40.402188540000104
            }
        },
        {
            "reactor_utilization": {
                "shard": "12",
                "value": 41.034906980000017
            }
        },
        {
            "reactor_utilization": {
                "shard": "13",
                "value": 47.961538560000072
            }
        },
        {
            "reactor_utilization": {
                "shard": "14",
                "value": 48.522595580000058
            }
        },
        {
            "reactor_utilization": {
                "shard": "15",
                "value": 34.702486079999964
            }
        },
        {
            "reactor_utilization": {
                "shard": "16",
                "value": 30.921400100000028
            }
        },
        {
            "reactor_utilization": {
                "shard": "17",
                "value": 37.097768760000015
            }
        },
        {
            "reactor_utilization": {
                "shard": "18",
                "value": 27.196517900000018
            }
        },
        {
            "reactor_utilization": {
                "shard": "19",
                "value": 27.740243980000081
            }
        },
        {
            "reactor_utilization": {
                "shard": "20",
                "value": 27.128375000000005
            }
        },
        {
            "reactor_utilization": {
                "shard": "21",
                "value": 33.768948020000032
            }
        },
        {
            "reactor_utilization": {
                "shard": "22",
                "value": 42.221234739999936
            }
        },
        {
            "reactor_utilization": {
                "shard": "23",
                "value": 31.674966040000065
            }
        },
        {
            "reactor_utilization": {
                "shard": "24",
                "value": 29.351341860000034
            }
        },
        {
            "reactor_utilization": {
                "shard": "25",
                "value": 39.248809979999955
            }
        },
        {
            "reactor_utilization": {
                "shard": "26",
                "value": 28.204683819999921
            }
        },
        {
            "reactor_utilization": {
                "shard": "27",
                "value": 29.473976279999924
            }
        }
    ]
}
{
    "metrics": [
        {
            "reactor_utilization": {
                "shard": "0",
                "value": 33.782347239999936
            }
        },
        {
            "reactor_utilization": {
                "shard": "1",
                "value": 41.800740100000134
            }
        },
        {
            "reactor_utilization": {
                "shard": "2",
                "value": 39.804602280000033
            }
        },
        {
            "reactor_utilization": {
                "shard": "3",
                "value": 25.802194020000069
            }
        },
        {
            "reactor_utilization": {
                "shard": "4",
                "value": 26.570710459999948
            }
        },
        {
            "reactor_utilization": {
                "shard": "5",
                "value": 44.104168239999986
            }
        },
        {
            "reactor_utilization": {
                "shard": "6",
                "value": 38.016576459999982
            }
        },
        {
            "reactor_utilization": {
                "shard": "7",
                "value": 41.491273000000085
            }
        },
        {
            "reactor_utilization": {
                "shard": "8",
                "value": 41.337033240000011
            }
        },
        {
            "reactor_utilization": {
                "shard": "9",
                "value": 34.953993300000022
            }
        },
        {
            "reactor_utilization": {
                "shard": "10",
                "value": 36.153543420000048
            }
        },
        {
            "reactor_utilization": {
                "shard": "11",
                "value": 36.117031600000118
            }
        },
        {
            "reactor_utilization": {
                "shard": "12",
                "value": 35.634301160000028
            }
        },
        {
            "reactor_utilization": {
                "shard": "13",
                "value": 44.192089540000069
            }
        },
        {
            "reactor_utilization": {
                "shard": "14",
                "value": 42.16924542000006
            }
        },
        {
            "reactor_utilization": {
                "shard": "15",
                "value": 41.001949539999963
            }
        },
        {
            "reactor_utilization": {
                "shard": "16",
                "value": 38.606024380000036
            }
        },
        {
            "reactor_utilization": {
                "shard": "17",
                "value": 30.546339440000015
            }
        },
        {
            "reactor_utilization": {
                "shard": "18",
                "value": 24.676955860000017
            }
        },
        {
            "reactor_utilization": {
                "shard": "19",
                "value": 32.65389092000008
            }
        },
        {
            "reactor_utilization": {
                "shard": "20",
                "value": 31.390867340000028
            }
        },
        {
            "reactor_utilization": {
                "shard": "21",
                "value": 32.804261140000015
            }
        },
        {
            "reactor_utilization": {
                "shard": "22",
                "value": 28.43287663999994
            }
        },
        {
            "reactor_utilization": {
                "shard": "23",
                "value": 31.663172180000064
            }
        },
        {
            "reactor_utilization": {
                "shard": "24",
                "value": 30.296901380000019
            }
        },
        {
            "reactor_utilization": {
                "shard": "25",
                "value": 43.959062199999956
            }
        },
        {
            "reactor_utilization": {
                "shard": "26",
                "value": 27.161687479999898
            }
        },
        {
            "reactor_utilization": {
                "shard": "27",
                "value": 32.845589299999936
            }
        }
    ]
}
{
    "metrics": [
        {
            "reactor_utilization": {
                "shard": "0",
                "value": 22.090200379999935
            }
        },
        {
            "reactor_utilization": {
                "shard": "2",
                "value": 41.680459620000043
            }
        },
        {
            "reactor_utilization": {
                "shard": "3",
                "value": 31.30311110000007
            }
        },
        {
            "reactor_utilization": {
                "shard": "4",
                "value": 24.240490279999939
            }
        },
        {
            "reactor_utilization": {
                "shard": "5",
                "value": 47.338390699999991
            }
        },
        {
            "reactor_utilization": {
                "shard": "6",
                "value": 37.916499319999964
            }
        },
        {
            "reactor_utilization": {
                "shard": "7",
                "value": 35.379972320000078
            }
        },
        {
            "reactor_utilization": {
                "shard": "8",
                "value": 31.368210660000006
            }
        },
        {
            "reactor_utilization": {
                "shard": "9",
                "value": 35.821899180000017
            }
        },
        {
            "reactor_utilization": {
                "shard": "10",
                "value": 26.753449800000027
            }
        },
        {
            "reactor_utilization": {
                "shard": "11",
                "value": 38.471317680000119
            }
        },
        {
            "reactor_utilization": {
                "shard": "12",
                "value": 36.043023960000042
            }
        },
        {
            "reactor_utilization": {
                "shard": "13",
                "value": 36.239468640000062
            }
        },
        {
            "reactor_utilization": {
                "shard": "14",
                "value": 40.930305940000054
            }
        },
        {
            "reactor_utilization": {
                "shard": "15",
                "value": 44.645216019999957
            }
        },
        {
            "reactor_utilization": {
                "shard": "16",
                "value": 33.192330120000037
            }
        },
        {
            "reactor_utilization": {
                "shard": "17",
                "value": 22.703854580000005
            }
        },
        {
            "reactor_utilization": {
                "shard": "18",
                "value": 36.630923720000027
            }
        },
        {
            "reactor_utilization": {
                "shard": "19",
                "value": 30.418830160000098
            }
        },
        {
            "reactor_utilization": {
                "shard": "20",
                "value": 31.022128600000055
            }
        },
        {
            "reactor_utilization": {
                "shard": "21",
                "value": 27.529414380000016
            }
        },
        {
            "reactor_utilization": {
                "shard": "22",
                "value": 29.643564039999937
            }
        },
        {
            "reactor_utilization": {
                "shard": "23",
                "value": 31.38390246000008
            }
        },
        {
            "reactor_utilization": {
                "shard": "24",
                "value": 21.014797200000011
            }
        },
        {
            "reactor_utilization": {
                "shard": "25",
                "value": 30.443340099999951
            }
        },
        {
            "reactor_utilization": {
                "shard": "26",
                "value": 34.123922219999891
            }
        },
        {
            "reactor_utilization": {
                "shard": "27",
                "value": 28.813880179999952
            }
        }
    ]
}
{
    "metrics": [
        {
            "reactor_utilization": {
                "shard": "0",
                "value": 28.955413799999953
            }
        },
        {
            "reactor_utilization": {
                "shard": "1",
                "value": 42.788048460000141
            }
        },
        {
            "reactor_utilization": {
                "shard": "2",
                "value": 46.033508200000043
            }
        },
        {
            "reactor_utilization": {
                "shard": "3",
                "value": 29.161519480000088
            }
        },
        {
            "reactor_utilization": {
                "shard": "4",
                "value": 29.230932379999931
            }
        },
        {
            "reactor_utilization": {
                "shard": "5",
                "value": 43.736285319999993
            }
        },
        {
            "reactor_utilization": {
                "shard": "6",
                "value": 35.761343899999964
            }
        },
        {
            "reactor_utilization": {
                "shard": "7",
                "value": 42.498823720000075
            }
        },
        {
            "reactor_utilization": {
                "shard": "8",
                "value": 43.715871200000002
            }
        },
        {
            "reactor_utilization": {
                "shard": "9",
                "value": 39.846717360000014
            }
        },
        {
            "reactor_utilization": {
                "shard": "10",
                "value": 28.504352860000036
            }
        },
        {
            "reactor_utilization": {
                "shard": "11",
                "value": 49.848524180000119
            }
        },
        {
            "reactor_utilization": {
                "shard": "12",
                "value": 46.672265420000038
            }
        },
        {
            "reactor_utilization": {
                "shard": "13",
                "value": 43.164351260000068
            }
        },
        {
            "reactor_utilization": {
                "shard": "14",
                "value": 40.816083180000064
            }
        },
        {
            "reactor_utilization": {
                "shard": "15",
                "value": 38.39989943999997
            }
        },
        {
            "reactor_utilization": {
                "shard": "16",
                "value": 43.740376300000037
            }
        },
        {
            "reactor_utilization": {
                "shard": "17",
                "value": 30.170601040000044
            }
        },
        {
            "reactor_utilization": {
                "shard": "18",
                "value": 42.356077460000016
            }
        },
        {
            "reactor_utilization": {
                "shard": "19",
                "value": 30.506952260000087
            }
        },
        {
            "reactor_utilization": {
                "shard": "20",
                "value": 32.362608600000065
            }
        },
        {
            "reactor_utilization": {
                "shard": "21",
                "value": 39.37899062000001
            }
        },
        {
            "reactor_utilization": {
                "shard": "22",
                "value": 40.799037639999945
            }
        },
        {
            "reactor_utilization": {
                "shard": "23",
                "value": 35.864213940000077
            }
        },
        {
            "reactor_utilization": {
                "shard": "24",
                "value": 37.708217380000008
            }
        },
        {
            "reactor_utilization": {
                "shard": "25",
                "value": 42.526931159999961
            }
        },
        {
            "reactor_utilization": {
                "shard": "26",
                "value": 33.626299659999894
            }
        },
        {
            "reactor_utilization": {
                "shard": "27",
                "value": 35.925357339999962
            }
        }
    ]
}
{
    "metrics": [
        {
            "reactor_utilization": {
                "shard": "0",
                "value": 28.490929019999978
            }
        },
        {
            "reactor_utilization": {
                "shard": "1",
                "value": 28.932920960000153
            }
        },
        {
            "reactor_utilization": {
                "shard": "2",
                "value": 31.922774580000034
            }
        },
        {
            "reactor_utilization": {
                "shard": "3",
                "value": 18.964311080000094
            }
        },
        {
            "reactor_utilization": {
                "shard": "4",
                "value": 23.135456759999929
            }
        },
        {
            "reactor_utilization": {
                "shard": "5",
                "value": 26.202718860000008
            }
        },
        {
            "reactor_utilization": {
                "shard": "6",
                "value": 30.626330119999977
            }
        },
        {
            "reactor_utilization": {
                "shard": "7",
                "value": 26.378895940000071
            }
        },
        {
            "reactor_utilization": {
                "shard": "8",
                "value": 26.924064919999992
            }
        },
        {
            "reactor_utilization": {
                "shard": "9",
                "value": 29.407232819999997
            }
        },
        {
            "reactor_utilization": {
                "shard": "10",
                "value": 24.931230980000031
            }
        },
        {
            "reactor_utilization": {
                "shard": "11",
                "value": 28.000498260000139
            }
        },
        {
            "reactor_utilization": {
                "shard": "12",
                "value": 29.822236140000026
            }
        },
        {
            "reactor_utilization": {
                "shard": "13",
                "value": 31.359996340000063
            }
        },
        {
            "reactor_utilization": {
                "shard": "14",
                "value": 32.753413420000044
            }
        },
        {
            "reactor_utilization": {
                "shard": "15",
                "value": 36.94010667999995
            }
        },
        {
            "reactor_utilization": {
                "shard": "16",
                "value": 32.755638020000042
            }
        },
        {
            "reactor_utilization": {
                "shard": "17",
                "value": 25.290172200000029
            }
        },
        {
            "reactor_utilization": {
                "shard": "18",
                "value": 24.89795880000003
            }
        },
        {
            "reactor_utilization": {
                "shard": "19",
                "value": 30.415082160000072
            }
        },
        {
            "reactor_utilization": {
                "shard": "20",
                "value": 24.226238300000059
            }
        },
        {
            "reactor_utilization": {
                "shard": "21",
                "value": 26.014380460000009
            }
        },
        {
            "reactor_utilization": {
                "shard": "22",
                "value": 25.485413879999939
            }
        },
        {
            "reactor_utilization": {
                "shard": "23",
                "value": 21.642128980000088
            }
        },
        {
            "reactor_utilization": {
                "shard": "24",
                "value": 28.927331399999989
            }
        },
        {
            "reactor_utilization": {
                "shard": "25",
                "value": 24.558665239999943
            }
        },
        {
            "reactor_utilization": {
                "shard": "26",
                "value": 24.493549259999902
            }
        },
        {
            "reactor_utilization": {
                "shard": "27",
                "value": 28.920582259999971
            }
        }
    ]
}
{
    "metrics": [
        {
            "reactor_utilization": {
                "shard": "0",
                "value": 24.960359479999973
            }
        },
        {
            "reactor_utilization": {
                "shard": "1",
                "value": 33.921282840000153
            }
        },
        {
            "reactor_utilization": {
                "shard": "2",
                "value": 36.549953640000034
            }
        },
        {
            "reactor_utilization": {
                "shard": "3",
                "value": 25.590756900000077
            }
        },
        {
            "reactor_utilization": {
                "shard": "4",
                "value": 21.075306379999937
            }
        },
        {
            "reactor_utilization": {
                "shard": "5",
                "value": 35.258629740000003
            }
        },
        {
            "reactor_utilization": {
                "shard": "6",
                "value": 27.35541533999999
            }
        },
        {
            "reactor_utilization": {
                "shard": "7",
                "value": 26.976562460000064
            }
        },
        {
            "reactor_utilization": {
                "shard": "8",
                "value": 27.35559651999997
            }
        },
        {
            "reactor_utilization": {
                "shard": "9",
                "value": 36.969807720000006
            }
        },
        {
            "reactor_utilization": {
                "shard": "10",
                "value": 19.755566000000037
            }
        },
        {
            "reactor_utilization": {
                "shard": "11",
                "value": 29.939458320000135
            }
        },
        {
            "reactor_utilization": {
                "shard": "12",
                "value": 25.161100680000015
            }
        },
        {
            "reactor_utilization": {
                "shard": "13",
                "value": 34.068263760000072
            }
        },
        {
            "reactor_utilization": {
                "shard": "14",
                "value": 36.588327260000028
            }
        },
        {
            "reactor_utilization": {
                "shard": "15",
                "value": 32.007741119999977
            }
        },
        {
            "reactor_utilization": {
                "shard": "16",
                "value": 32.64401608000005
            }
        },
        {
            "reactor_utilization": {
                "shard": "17",
                "value": 15.535600880000032
            }
        },
        {
            "reactor_utilization": {
                "shard": "18",
                "value": 30.473907780000033
            }
        },
        {
            "reactor_utilization": {
                "shard": "19",
                "value": 26.024668200000079
            }
        },
        {
            "reactor_utilization": {
                "shard": "20",
                "value": 26.176104100000043
            }
        },
        {
            "reactor_utilization": {
                "shard": "21",
                "value": 33.530443779999999
            }
        },
        {
            "reactor_utilization": {
                "shard": "22",
                "value": 25.399722779999944
            }
        },
        {
            "reactor_utilization": {
                "shard": "23",
                "value": 24.066502500000077
            }
        },
        {
            "reactor_utilization": {
                "shard": "24",
                "value": 22.101620339999993
            }
        },
        {
            "reactor_utilization": {
                "shard": "25",
                "value": 30.767300699999932
            }
        },
        {
            "reactor_utilization": {
                "shard": "26",
                "value": 27.54248961999992
            }
        },
        {
            "reactor_utilization": {
                "shard": "27",
                "value": 28.463828659999979
            }
        }
    ]
}
{
    "metrics": [
        {
            "reactor_utilization": {
                "shard": "0",
                "value": 26.366988639999978
            }
        },
        {
            "reactor_utilization": {
                "shard": "1",
                "value": 34.506909500000148
            }
        },
        {
            "reactor_utilization": {
                "shard": "2",
                "value": 31.567821320000032
            }
        },
        {
            "reactor_utilization": {
                "shard": "3",
                "value": 19.98270574000005
            }
        },
        {
            "reactor_utilization": {
                "shard": "4",
                "value": 25.065474559999924
            }
        },
        {
            "reactor_utilization": {
                "shard": "5",
                "value": 31.833991680000008
            }
        },
        {
            "reactor_utilization": {
                "shard": "6",
                "value": 34.243238539999986
            }
        },
        {
            "reactor_utilization": {
                "shard": "7",
                "value": 29.511589960000094
            }
        },
        {
            "reactor_utilization": {
                "shard": "8",
                "value": 27.162813159999956
            }
        },
        {
            "reactor_utilization": {
                "shard": "9",
                "value": 27.717488119999999
            }
        },
        {
            "reactor_utilization": {
                "shard": "10",
                "value": 26.598469020000024
            }
        },
        {
            "reactor_utilization": {
                "shard": "11",
                "value": 31.22671814000012
            }
        },
        {
            "reactor_utilization": {
                "shard": "12",
                "value": 38.411993840000036
            }
        },
        {
            "reactor_utilization": {
                "shard": "13",
                "value": 30.101960880000078
            }
        },
        {
            "reactor_utilization": {
                "shard": "14",
                "value": 42.278902840000029
            }
        },
        {
            "reactor_utilization": {
                "shard": "15",
                "value": 29.528902179999982
            }
        },
        {
            "reactor_utilization": {
                "shard": "16",
                "value": 26.350959840000066
            }
        },
        {
            "reactor_utilization": {
                "shard": "17",
                "value": 24.888538340000032
            }
        },
        {
            "reactor_utilization": {
                "shard": "18",
                "value": 21.994354120000047
            }
        },
        {
            "reactor_utilization": {
                "shard": "19",
                "value": 33.001425900000058
            }
        },
        {
            "reactor_utilization": {
                "shard": "20",
                "value": 29.876078200000045
            }
        },
        {
            "reactor_utilization": {
                "shard": "21",
                "value": 23.81692837999999
            }
        },
        {
            "reactor_utilization": {
                "shard": "22",
                "value": 26.082651999999939
            }
        },
        {
            "reactor_utilization": {
                "shard": "23",
                "value": 28.413437000000098
            }
        },
        {
            "reactor_utilization": {
                "shard": "24",
                "value": 26.035175259999999
            }
        },
        {
            "reactor_utilization": {
                "shard": "25",
                "value": 24.654103759999945
            }
        },
        {
            "reactor_utilization": {
                "shard": "26",
                "value": 27.044464339999884
            }
        },
        {
            "reactor_utilization": {
                "shard": "27",
                "value": 26.652995059999984
            }
        }
    ]
}
{
    "metrics": [
        {
            "reactor_utilization": {
                "shard": "0",
                "value": 25.005577359999975
            }
        },
        {
            "reactor_utilization": {
                "shard": "1",
                "value": 40.061039940000143
            }
        },
        {
            "reactor_utilization": {
                "shard": "2",
                "value": 33.702501280000028
            }
        },
        {
            "reactor_utilization": {
                "shard": "3",
                "value": 28.782649360000036
            }
        },
        {
            "reactor_utilization": {
                "shard": "4",
                "value": 29.689704859999921
            }
        },
        {
            "reactor_utilization": {
                "shard": "5",
                "value": 38.063186400000028
            }
        },
        {
            "reactor_utilization": {
                "shard": "6",
                "value": 35.251985580000003
            }
        },
        {
            "reactor_utilization": {
                "shard": "7",
                "value": 35.628657400000094
            }
        },
        {
            "reactor_utilization": {
                "shard": "8",
                "value": 39.564571379999961
            }
        },
        {
            "reactor_utilization": {
                "shard": "9",
                "value": 34.123900279999987
            }
        },
        {
            "reactor_utilization": {
                "shard": "10",
                "value": 27.436816180000044
            }
        },
        {
            "reactor_utilization": {
                "shard": "11",
                "value": 49.29018376000014
            }
        },
        {
            "reactor_utilization": {
                "shard": "12",
                "value": 35.920495560000035
            }
        },
        {
            "reactor_utilization": {
                "shard": "13",
                "value": 38.626068220000086
            }
        },
        {
            "reactor_utilization": {
                "shard": "14",
                "value": 43.974643260000036
            }
        },
        {
            "reactor_utilization": {
                "shard": "15",
                "value": 38.611436559999966
            }
        },
        {
            "reactor_utilization": {
                "shard": "16",
                "value": 40.10491896000007
            }
        },
        {
            "reactor_utilization": {
                "shard": "17",
                "value": 22.044528840000034
            }
        },
        {
            "reactor_utilization": {
                "shard": "18",
                "value": 30.833657240000043
            }
        },
        {
            "reactor_utilization": {
                "shard": "19",
                "value": 28.874892500000058
            }
        },
        {
            "reactor_utilization": {
                "shard": "20",
                "value": 30.255336560000035
            }
        },
        {
            "reactor_utilization": {
                "shard": "21",
                "value": 27.03327419999998
            }
        },
        {
            "reactor_utilization": {
                "shard": "22",
                "value": 31.674066779999933
            }
        },
        {
            "reactor_utilization": {
                "shard": "23",
                "value": 25.929093680000072
            }
        },
        {
            "reactor_utilization": {
                "shard": "24",
                "value": 32.844680159999996
            }
        },
        {
            "reactor_utilization": {
                "shard": "25",
                "value": 35.497463419999931
            }
        },
        {
            "reactor_utilization": {
                "shard": "26",
                "value": 33.469411919999892
            }
        },
        {
            "reactor_utilization": {
                "shard": "27",
                "value": 35.705516759999988
            }
        }
    ]
}
{
    "metrics": [
        {
            "reactor_utilization": {
                "shard": "0",
                "value": 36.462994479999963
            }
        },
        {
            "reactor_utilization": {
                "shard": "1",
                "value": 46.584305700000151
            }
        },
        {
            "reactor_utilization": {
                "shard": "2",
                "value": 32.323155060000033
            }
        },
        {
            "reactor_utilization": {
                "shard": "3",
                "value": 30.331718680000041
            }
        },
        {
            "reactor_utilization": {
                "shard": "4",
                "value": 29.299213779999921
            }
        },
        {
            "reactor_utilization": {
                "shard": "5",
                "value": 32.123042560000002
            }
        },
        {
            "reactor_utilization": {
                "shard": "6",
                "value": 36.632917980000016
            }
        },
        {
            "reactor_utilization": {
                "shard": "7",
                "value": 33.225201740000109
            }
        },
        {
            "reactor_utilization": {
                "shard": "8",
                "value": 36.081799499999967
            }
        },
        {
            "reactor_utilization": {
                "shard": "9",
                "value": 39.551249679999991
            }
        },
        {
            "reactor_utilization": {
                "shard": "10",
                "value": 32.733979480000052
            }
        },
        {
            "reactor_utilization": {
                "shard": "11",
                "value": 40.518817200000136
            }
        },
        {
            "reactor_utilization": {
                "shard": "12",
                "value": 36.182648640000039
            }
        },
        {
            "reactor_utilization": {
                "shard": "13",
                "value": 43.80097788000009
            }
        },
        {
            "reactor_utilization": {
                "shard": "14",
                "value": 41.38917672000003
            }
        },
        {
            "reactor_utilization": {
                "shard": "15",
                "value": 34.163707219999985
            }
        },
        {
            "reactor_utilization": {
                "shard": "16",
                "value": 35.31812486000009
            }
        },
        {
            "reactor_utilization": {
                "shard": "17",
                "value": 20.550846900000032
            }
        },
        {
            "reactor_utilization": {
                "shard": "18",
                "value": 27.248877140000062
            }
        },
        {
            "reactor_utilization": {
                "shard": "19",
                "value": 26.624552980000061
            }
        },
        {
            "reactor_utilization": {
                "shard": "20",
                "value": 36.870997720000034
            }
        },
        {
            "reactor_utilization": {
                "shard": "21",
                "value": 32.906379979999976
            }
        },
        {
            "reactor_utilization": {
                "shard": "22",
                "value": 38.683388679999929
            }
        },
        {
            "reactor_utilization": {
                "shard": "23",
                "value": 27.678824480000074
            }
        },
        {
            "reactor_utilization": {
                "shard": "24",
                "value": 27.245724580000008
            }
        },
        {
            "reactor_utilization": {
                "shard": "25",
                "value": 34.839997219999944
            }
        },
        {
            "reactor_utilization": {
                "shard": "26",
                "value": 28.101370419999906
            }
        },
        {
            "reactor_utilization": {
                "shard": "27",
                "value": 29.255059459999998
            }
        }
    ]
}
{
    "metrics": [
        {
            "reactor_utilization": {
                "shard": "0",
                "value": 27.894432759999976
            }
        },
        {
            "reactor_utilization": {
                "shard": "1",
                "value": 37.296930720000141
            }
        },
        {
            "reactor_utilization": {
                "shard": "2",
                "value": 41.849693420000023
            }
        },
        {
            "reactor_utilization": {
                "shard": "3",
                "value": 25.594393240000045
            }
        },
        {
            "reactor_utilization": {
                "shard": "4",
                "value": 30.96583245999993
            }
        },
        {
            "reactor_utilization": {
                "shard": "5",
                "value": 35.091085739999997
            }
        },
        {
            "reactor_utilization": {
                "shard": "6",
                "value": 37.731622580000021
            }
        },
        {
            "reactor_utilization": {
                "shard": "7",
                "value": 33.233024240000084
            }
        },
        {
            "reactor_utilization": {
                "shard": "8",
                "value": 36.763402859999964
            }
        },
        {
            "reactor_utilization": {
                "shard": "9",
                "value": 38.17021797999999
            }
        },
        {
            "reactor_utilization": {
                "shard": "10",
                "value": 29.877003600000052
            }
        },
        {
            "reactor_utilization": {
                "shard": "11",
                "value": 43.319014620000139
            }
        },
        {
            "reactor_utilization": {
                "shard": "12",
                "value": 37.929279440000052
            }
        },
        {
            "reactor_utilization": {
                "shard": "13",
                "value": 42.440745000000078
            }
        },
        {
            "reactor_utilization": {
                "shard": "14",
                "value": 44.690937780000027
            }
        },
        {
            "reactor_utilization": {
                "shard": "15",
                "value": 37.410110819999979
            }
        },
        {
            "reactor_utilization": {
                "shard": "16",
                "value": 44.062483700000101
            }
        },
        {
            "reactor_utilization": {
                "shard": "17",
                "value": 19.215186100000036
            }
        },
        {
            "reactor_utilization": {
                "shard": "18",
                "value": 33.132788420000061
            }
        },
        {
            "reactor_utilization": {
                "shard": "19",
                "value": 32.852266600000036
            }
        },
        {
            "reactor_utilization": {
                "shard": "20",
                "value": 26.507038720000033
            }
        },
        {
            "reactor_utilization": {
                "shard": "21",
                "value": 30.120903699999978
            }
        },
        {
            "reactor_utilization": {
                "shard": "22",
                "value": 33.998527399999936
            }
        },
        {
            "reactor_utilization": {
                "shard": "23",
                "value": 37.726840800000097
            }
        },
        {
            "reactor_utilization": {
                "shard": "24",
                "value": 31.174885940000006
            }
        },
        {
            "reactor_utilization": {
                "shard": "25",
                "value": 24.956411359999919
            }
        },
        {
            "reactor_utilization": {
                "shard": "26",
                "value": 26.131796519999927
            }
        },
        {
            "reactor_utilization": {
                "shard": "27",
                "value": 38.725517559999986
            }
        }
    ]
}
{
    "metrics": [
        {
            "reactor_utilization": {
                "shard": "0",
                "value": 42.240369979999983
            }
        },
        {
            "reactor_utilization": {
                "shard": "1",
                "value": 42.502543360000153
            }
        },
        {
            "reactor_utilization": {
                "shard": "2",
                "value": 45.05685958000003
            }
        },
        {
            "reactor_utilization": {
                "shard": "3",
                "value": 30.098950680000058
            }
        },
        {
            "reactor_utilization": {
                "shard": "4",
                "value": 26.80726711999991
            }
        },
        {
            "reactor_utilization": {
                "shard": "5",
                "value": 41.180588160000006
            }
        },
        {
            "reactor_utilization": {
                "shard": "6",
                "value": 32.354434640000015
            }
        },
        {
            "reactor_utilization": {
                "shard": "7",
                "value": 44.456514200000086
            }
        },
        {
            "reactor_utilization": {
                "shard": "8",
                "value": 42.999935339999951
            }
        },
        {
            "reactor_utilization": {
                "shard": "9",
                "value": 40.565187479999999
            }
        },
        {
            "reactor_utilization": {
                "shard": "10",
                "value": 31.814062820000053
            }
        },
        {
            "reactor_utilization": {
                "shard": "11",
                "value": 42.471571640000136
            }
        },
        {
            "reactor_utilization": {
                "shard": "12",
                "value": 47.00378620000005
            }
        },
        {
            "reactor_utilization": {
                "shard": "13",
                "value": 45.869438540000097
            }
        },
        {
            "reactor_utilization": {
                "shard": "14",
                "value": 42.614702380000026
            }
        },
        {
            "reactor_utilization": {
                "shard": "15",
                "value": 48.392529639999971
            }
        },
        {
            "reactor_utilization": {
                "shard": "16",
                "value": 41.304424420000096
            }
        },
        {
            "reactor_utilization": {
                "shard": "17",
                "value": 36.675477400000055
            }
        },
        {
            "reactor_utilization": {
                "shard": "18",
                "value": 34.750494020000055
            }
        },
        {
            "reactor_utilization": {
                "shard": "19",
                "value": 35.347750040000022
            }
        },
        {
            "reactor_utilization": {
                "shard": "20",
                "value": 29.806727080000041
            }
        },
        {
            "reactor_utilization": {
                "shard": "21",
                "value": 43.591823059999982
            }
        },
        {
            "reactor_utilization": {
                "shard": "22",
                "value": 34.968558239999936
            }
        },
        {
            "reactor_utilization": {
                "shard": "23",
                "value": 28.4810002400001
            }
        },
        {
            "reactor_utilization": {
                "shard": "24",
                "value": 34.617416740000031
            }
        },
        {
            "reactor_utilization": {
                "shard": "25",
                "value": 36.88919827999991
            }
        },
        {
            "reactor_utilization": {
                "shard": "26",
                "value": 36.505625279999919
            }
        },
        {
            "reactor_utilization": {
                "shard": "27",
                "value": 36.845428059999982
            }
        }
    ]
}
{
    "metrics": [
        {
            "reactor_utilization": {
                "shard": "0",
                "value": 34.913982099999984
            }
        },
        {
            "reactor_utilization": {
                "shard": "1",
                "value": 41.800191620000149
            }
        },
        {
            "reactor_utilization": {
                "shard": "2",
                "value": 34.748826740000041
            }
        },
        {
            "reactor_utilization": {
                "shard": "3",
                "value": 28.775087780000042
            }
        },
        {
            "reactor_utilization": {
                "shard": "4",
                "value": 24.789088939999935
            }
        },
        {
            "reactor_utilization": {
                "shard": "5",
                "value": 38.700209700000002
            }
        },
        {
            "reactor_utilization": {
                "shard": "6",
                "value": 39.729817960000034
            }
        },
        {
            "reactor_utilization": {
                "shard": "7",
                "value": 37.057360220000092
            }
        },
        {
            "reactor_utilization": {
                "shard": "8",
                "value": 34.866892899999947
            }
        },
        {
            "reactor_utilization": {
                "shard": "9",
                "value": 42.150474500000001
            }
        },
        {
            "reactor_utilization": {
                "shard": "10",
                "value": 30.297916220000033
            }
        },
        {
            "reactor_utilization": {
                "shard": "11",
                "value": 36.510017320000145
            }
        },
        {
            "reactor_utilization": {
                "shard": "12",
                "value": 37.379126080000049
            }
        },
        {
            "reactor_utilization": {
                "shard": "13",
                "value": 44.6874285600001
            }
        },
        {
            "reactor_utilization": {
                "shard": "14",
                "value": 52.459221220000018
            }
        },
        {
            "reactor_utilization": {
                "shard": "15",
                "value": 34.98888527999997
            }
        },
        {
            "reactor_utilization": {
                "shard": "16",
                "value": 32.025286500000092
            }
        },
        {
            "reactor_utilization": {
                "shard": "17",
                "value": 29.352650960000059
            }
        },
        {
            "reactor_utilization": {
                "shard": "18",
                "value": 25.245325220000058
            }
        },
        {
            "reactor_utilization": {
                "shard": "19",
                "value": 31.399810800000026
            }
        },
        {
            "reactor_utilization": {
                "shard": "20",
                "value": 27.469382400000043
            }
        },
        {
            "reactor_utilization": {
                "shard": "21",
                "value": 37.275716619999969
            }
        },
        {
            "reactor_utilization": {
                "shard": "22",
                "value": 30.497126819999941
            }
        },
        {
            "reactor_utilization": {
                "shard": "23",
                "value": 31.591232860000098
            }
        },
        {
            "reactor_utilization": {
                "shard": "24",
                "value": 31.66245212000003
            }
        },
        {
            "reactor_utilization": {
                "shard": "25",
                "value": 42.195632079999911
            }
        },
        {
            "reactor_utilization": {
                "shard": "26",
                "value": 30.848195719999914
            }
        },
        {
            "reactor_utilization": {
                "shard": "27",
                "value": 30.166426279999992
            }
        }
    ]
}
{
    "metrics": [
        {
            "reactor_utilization": {
                "shard": "0",
                "value": 24.468157859999973
            }
        },
        {
            "reactor_utilization": {
                "shard": "1",
                "value": 22.283975480000162
            }
        },
        {
            "reactor_utilization": {
                "shard": "2",
                "value": 36.033475160000037
            }
        },
        {
            "reactor_utilization": {
                "shard": "3",
                "value": 23.118761200000058
            }
        },
        {
            "reactor_utilization": {
                "shard": "4",
                "value": 17.95132365999995
            }
        },
        {
            "reactor_utilization": {
                "shard": "5",
                "value": 39.589008700000008
            }
        },
        {
            "reactor_utilization": {
                "shard": "6",
                "value": 30.989684420000032
            }
        },
        {
            "reactor_utilization": {
                "shard": "7",
                "value": 31.668611300000094
            }
        },
        {
            "reactor_utilization": {
                "shard": "8",
                "value": 33.093712779999962
            }
        },
        {
            "reactor_utilization": {
                "shard": "9",
                "value": 28.770928260000005
            }
        },
        {
            "reactor_utilization": {
                "shard": "10",
                "value": 25.925901160000052
            }
        },
        {
            "reactor_utilization": {
                "shard": "11",
                "value": 30.76662290000014
            }
        },
        {
            "reactor_utilization": {
                "shard": "12",
                "value": 27.533469300000036
            }
        },
        {
            "reactor_utilization": {
                "shard": "13",
                "value": 34.459552040000105
            }
        },
        {
            "reactor_utilization": {
                "shard": "14",
                "value": 33.112356340000026
            }
        },
        {
            "reactor_utilization": {
                "shard": "15",
                "value": 41.043038179999982
            }
        },
        {
            "reactor_utilization": {
                "shard": "16",
                "value": 29.823198100000091
            }
        },
        {
            "reactor_utilization": {
                "shard": "17",
                "value": 20.047706900000083
            }
        },
        {
            "reactor_utilization": {
                "shard": "18",
                "value": 27.197833180000064
            }
        },
        {
            "reactor_utilization": {
                "shard": "19",
                "value": 31.77739646000003
            }
        },
        {
            "reactor_utilization": {
                "shard": "20",
                "value": 26.964964660000046
            }
        },
        {
            "reactor_utilization": {
                "shard": "21",
                "value": 20.552727539999971
            }
        },
        {
            "reactor_utilization": {
                "shard": "22",
                "value": 30.607408759999942
            }
        },
        {
            "reactor_utilization": {
                "shard": "23",
                "value": 27.812608980000107
            }
        },
        {
            "reactor_utilization": {
                "shard": "24",
                "value": 25.070813920000035
            }
        },
        {
            "reactor_utilization": {
                "shard": "25",
                "value": 33.124059619999905
            }
        },
        {
            "reactor_utilization": {
                "shard": "26",
                "value": 28.441977099999939
            }
        },
        {
            "reactor_utilization": {
                "shard": "27",
                "value": 29.114049460000015
            }
        }
    ]
}
{
    "metrics": [
        {
            "reactor_utilization": {
                "shard": "0",
                "value": 18.442597099999979
            }
        },
        {
            "reactor_utilization": {
                "shard": "1",
                "value": 26.876873500000144
            }
        },
        {
            "reactor_utilization": {
                "shard": "2",
                "value": 34.20035890000004
            }
        },
        {
            "reactor_utilization": {
                "shard": "3",
                "value": 22.254856320000059
            }
        },
        {
            "reactor_utilization": {
                "shard": "4",
                "value": 20.305159839999966
            }
        },
        {
            "reactor_utilization": {
                "shard": "5",
                "value": 37.2722786
            }
        },
        {
            "reactor_utilization": {
                "shard": "6",
                "value": 29.540491540000048
            }
        },
        {
            "reactor_utilization": {
                "shard": "7",
                "value": 37.050109460000094
            }
        },
        {
            "reactor_utilization": {
                "shard": "8",
                "value": 27.81312335999996
            }
        },
        {
            "reactor_utilization": {
                "shard": "9",
                "value": 31.44627656000003
            }
        },
        {
            "reactor_utilization": {
                "shard": "10",
                "value": 25.070604320000058
            }
        },
        {
            "reactor_utilization": {
                "shard": "11",
                "value": 34.657874660000132
            }
        },
        {
            "reactor_utilization": {
                "shard": "12",
                "value": 32.525420280000027
            }
        },
        {
            "reactor_utilization": {
                "shard": "13",
                "value": 36.313170060000132
            }
        },
        {
            "reactor_utilization": {
                "shard": "14",
                "value": 31.877469120000036
            }
        },
        {
            "reactor_utilization": {
                "shard": "15",
                "value": 31.468109339999994
            }
        },
        {
            "reactor_utilization": {
                "shard": "16",
                "value": 33.714904860000082
            }
        },
        {
            "reactor_utilization": {
                "shard": "17",
                "value": 24.186024160000098
            }
        },
        {
            "reactor_utilization": {
                "shard": "18",
                "value": 32.601280080000073
            }
        },
        {
            "reactor_utilization": {
                "shard": "19",
                "value": 22.366311040000021
            }
        },
        {
            "reactor_utilization": {
                "shard": "20",
                "value": 25.934141600000071
            }
        },
        {
            "reactor_utilization": {
                "shard": "21",
                "value": 26.584682579999974
            }
        },
        {
            "reactor_utilization": {
                "shard": "22",
                "value": 24.098188239999942
            }
        },
        {
            "reactor_utilization": {
                "shard": "23",
                "value": 21.879936100000119
            }
        },
        {
            "reactor_utilization": {
                "shard": "24",
                "value": 21.187263480000063
            }
        },
        {
            "reactor_utilization": {
                "shard": "25",
                "value": 26.530310839999906
            }
        },
        {
            "reactor_utilization": {
                "shard": "26",
                "value": 28.971392999999924
            }
        },
        {
            "reactor_utilization": {
                "shard": "27",
                "value": 24.699695600000027
            }
        }
    ]
}
{
    "metrics": [
        {
            "reactor_utilization": {
                "shard": "0",
                "value": 22.186329739999966
            }
        },
        {
            "reactor_utilization": {
                "shard": "1",
                "value": 30.587112960000141
            }
        },
        {
            "reactor_utilization": {
                "shard": "2",
                "value": 33.370370660000049
            }
        },
        {
            "reactor_utilization": {
                "shard": "3",
                "value": 22.79028614000007
            }
        },
        {
            "reactor_utilization": {
                "shard": "4",
                "value": 18.337821819999967
            }
        },
        {
            "reactor_utilization": {
                "shard": "5",
                "value": 29.907741239999996
            }
        },
        {
            "reactor_utilization": {
                "shard": "6",
                "value": 30.809343540000022
            }
        },
        {
            "reactor_utilization": {
                "shard": "7",
                "value": 30.637337700000089
            }
        },
        {
            "reactor_utilization": {
                "shard": "8",
                "value": 32.40045201999996
            }
        },
        {
            "reactor_utilization": {
                "shard": "9",
                "value": 29.309156840000039
            }
        },
        {
            "reactor_utilization": {
                "shard": "10",
                "value": 19.822922640000083
            }
        },
        {
            "reactor_utilization": {
                "shard": "11",
                "value": 36.264524020000131
            }
        },
        {
            "reactor_utilization": {
                "shard": "12",
                "value": 32.506880320000029
            }
        },
        {
            "reactor_utilization": {
                "shard": "13",
                "value": 29.043191680000124
            }
        },
        {
            "reactor_utilization": {
                "shard": "14",
                "value": 34.935298180000004
            }
        },
        {
            "reactor_utilization": {
                "shard": "15",
                "value": 33.765938319999989
            }
        },
        {
            "reactor_utilization": {
                "shard": "16",
                "value": 23.907446560000079
            }
        },
        {
            "reactor_utilization": {
                "shard": "17",
                "value": 20.517429780000086
            }
        },
        {
            "reactor_utilization": {
                "shard": "18",
                "value": 30.01698306000009
            }
        },
        {
            "reactor_utilization": {
                "shard": "19",
                "value": 24.306768720000036
            }
        },
        {
            "reactor_utilization": {
                "shard": "20",
                "value": 25.259059700000087
            }
        },
        {
            "reactor_utilization": {
                "shard": "21",
                "value": 30.761235959999979
            }
        },
        {
            "reactor_utilization": {
                "shard": "22",
                "value": 28.46432089999993
            }
        },
        {
            "reactor_utilization": {
                "shard": "23",
                "value": 27.661703900000113
            }
        },
        {
            "reactor_utilization": {
                "shard": "24",
                "value": 26.159375120000071
            }
        },
        {
            "reactor_utilization": {
                "shard": "25",
                "value": 28.39635395999991
            }
        },
        {
            "reactor_utilization": {
                "shard": "26",
                "value": 18.193169339999926
            }
        },
        {
            "reactor_utilization": {
                "shard": "27",
                "value": 27.879086740000002
            }
        }
    ]
}
{
    "metrics": [
        {
            "reactor_utilization": {
                "shard": "0",
                "value": 29.164427199999988
            }
        },
        {
            "reactor_utilization": {
                "shard": "1",
                "value": 34.20058766000016
            }
        },
        {
            "reactor_utilization": {
                "shard": "2",
                "value": 31.710647940000047
            }
        },
        {
            "reactor_utilization": {
                "shard": "3",
                "value": 21.086455680000082
            }
        },
        {
            "reactor_utilization": {
                "shard": "4",
                "value": 28.65227067999998
            }
        },
        {
            "reactor_utilization": {
                "shard": "5",
                "value": 29.298215040000009
            }
        },
        {
            "reactor_utilization": {
                "shard": "6",
                "value": 32.638444160000034
            }
        },
        {
            "reactor_utilization": {
                "shard": "7",
                "value": 25.501374300000101
            }
        },
        {
            "reactor_utilization": {
                "shard": "8",
                "value": 30.13599471999996
            }
        },
        {
            "reactor_utilization": {
                "shard": "9",
                "value": 31.57700348000003
            }
        },
        {
            "reactor_utilization": {
                "shard": "10",
                "value": 23.616715400000075
            }
        },
        {
            "reactor_utilization": {
                "shard": "11",
                "value": 32.502387700000135
            }
        },
        {
            "reactor_utilization": {
                "shard": "12",
                "value": 33.936218600000025
            }
        },
        {
            "reactor_utilization": {
                "shard": "13",
                "value": 30.927071860000122
            }
        },
        {
            "reactor_utilization": {
                "shard": "14",
                "value": 32.904363700000005
            }
        },
        {
            "reactor_utilization": {
                "shard": "15",
                "value": 34.909975679999981
            }
        },
        {
            "reactor_utilization": {
                "shard": "16",
                "value": 26.970605720000073
            }
        },
        {
            "reactor_utilization": {
                "shard": "17",
                "value": 23.253429360000098
            }
        },
        {
            "reactor_utilization": {
                "shard": "18",
                "value": 35.564554500000099
            }
        },
        {
            "reactor_utilization": {
                "shard": "19",
                "value": 30.284971360000057
            }
        },
        {
            "reactor_utilization": {
                "shard": "20",
                "value": 25.504945120000077
            }
        },
        {
            "reactor_utilization": {
                "shard": "21",
                "value": 28.457486879999983
            }
        },
        {
            "reactor_utilization": {
                "shard": "22",
                "value": 27.324505939999945
            }
        },
        {
            "reactor_utilization": {
                "shard": "23",
                "value": 28.010735320000137
            }
        },
        {
            "reactor_utilization": {
                "shard": "24",
                "value": 29.700929040000069
            }
        },
        {
            "reactor_utilization": {
                "shard": "25",
                "value": 25.801599359999905
            }
        },
        {
            "reactor_utilization": {
                "shard": "26",
                "value": 15.681536899999916
            }
        },
        {
            "reactor_utilization": {
                "shard": "27",
                "value": 28.503233959999996
            }
        }
    ]
}
{
    "metrics": [
        {
            "reactor_utilization": {
                "shard": "0",
                "value": 25.798200439999984
            }
        },
        {
            "reactor_utilization": {
                "shard": "1",
                "value": 36.697713680000135
            }
        },
        {
            "reactor_utilization": {
                "shard": "2",
                "value": 39.191742860000048
            }
        },
        {
            "reactor_utilization": {
                "shard": "3",
                "value": 24.165869220000079
            }
        },
        {
            "reactor_utilization": {
                "shard": "4",
                "value": 20.029830379999979
            }
        },
        {
            "reactor_utilization": {
                "shard": "5",
                "value": 36.345766779999998
            }
        },
        {
            "reactor_utilization": {
                "shard": "6",
                "value": 28.088340280000025
            }
        },
        {
            "reactor_utilization": {
                "shard": "7",
                "value": 24.052441400000092
            }
        },
        {
            "reactor_utilization": {
                "shard": "8",
                "value": 29.987843319999964
            }
        },
        {
            "reactor_utilization": {
                "shard": "9",
                "value": 36.040707120000029
            }
        },
        {
            "reactor_utilization": {
                "shard": "10",
                "value": 21.324250280000111
            }
        },
        {
            "reactor_utilization": {
                "shard": "11",
                "value": 31.284940060000132
            }
        },
        {
            "reactor_utilization": {
                "shard": "12",
                "value": 27.990726400000021
            }
        },
        {
            "reactor_utilization": {
                "shard": "13",
                "value": 33.383835520000126
            }
        },
        {
            "reactor_utilization": {
                "shard": "14",
                "value": 39.010538119999993
            }
        },
        {
            "reactor_utilization": {
                "shard": "15",
                "value": 36.268761579999975
            }
        },
        {
            "reactor_utilization": {
                "shard": "16",
                "value": 25.672626740000084
            }
        },
        {
            "reactor_utilization": {
                "shard": "17",
                "value": 16.727950520000114
            }
        },
        {
            "reactor_utilization": {
                "shard": "18",
                "value": 27.312108020000103
            }
        },
        {
            "reactor_utilization": {
                "shard": "19",
                "value": 30.064705780000068
            }
        },
        {
            "reactor_utilization": {
                "shard": "20",
                "value": 25.190274720000094
            }
        },
        {
            "reactor_utilization": {
                "shard": "21",
                "value": 31.632246559999988
            }
        },
        {
            "reactor_utilization": {
                "shard": "22",
                "value": 23.939537339999937
            }
        },
        {
            "reactor_utilization": {
                "shard": "23",
                "value": 22.210121120000125
            }
        },
        {
            "reactor_utilization": {
                "shard": "24",
                "value": 23.977924840000064
            }
        },
        {
            "reactor_utilization": {
                "shard": "25",
                "value": 34.213445019999902
            }
        },
        {
            "reactor_utilization": {
                "shard": "26",
                "value": 23.759949039999928
            }
        },
        {
            "reactor_utilization": {
                "shard": "27",
                "value": 24.934719680000008
            }
        }
    ]
}
{
    "metrics": [
        {
            "reactor_utilization": {
                "shard": "0",
                "value": 27.256696599999973
            }
        },
        {
            "reactor_utilization": {
                "shard": "1",
                "value": 29.210353400000123
            }
        },
        {
            "reactor_utilization": {
                "shard": "2",
                "value": 36.16769362000003
            }
        },
        {
            "reactor_utilization": {
                "shard": "3",
                "value": 22.57715186000009
            }
        },
        {
            "reactor_utilization": {
                "shard": "4",
                "value": 27.160684999999983
            }
        },
        {
            "reactor_utilization": {
                "shard": "5",
                "value": 30.092435280000007
            }
        },
        {
            "reactor_utilization": {
                "shard": "6",
                "value": 32.104739020000025
            }
        },
        {
            "reactor_utilization": {
                "shard": "7",
                "value": 27.160392440000081
            }
        },
        {
            "reactor_utilization": {
                "shard": "8",
                "value": 23.733619679999961
            }
        },
        {
            "reactor_utilization": {
                "shard": "9",
                "value": 27.295583919999999
            }
        },
        {
            "reactor_utilization": {
                "shard": "10",
                "value": 27.779344280000085
            }
        },
        {
            "reactor_utilization": {
                "shard": "11",
                "value": 33.450599240000109
            }
        },
        {
            "reactor_utilization": {
                "shard": "12",
                "value": 36.06564606000002
            }
        },
        {
            "reactor_utilization": {
                "shard": "13",
                "value": 30.275558500000123
            }
        },
        {
            "reactor_utilization": {
                "shard": "14",
                "value": 41.328379460000001
            }
        },
        {
            "reactor_utilization": {
                "shard": "15",
                "value": 30.36312355999997
            }
        },
        {
            "reactor_utilization": {
                "shard": "16",
                "value": 20.428888100000052
            }
        },
        {
            "reactor_utilization": {
                "shard": "17",
                "value": 22.366120740000106
            }
        },
        {
            "reactor_utilization": {
                "shard": "18",
                "value": 24.498279340000085
            }
        },
        {
            "reactor_utilization": {
                "shard": "19",
                "value": 32.827212500000073
            }
        },
        {
            "reactor_utilization": {
                "shard": "20",
                "value": 26.315884680000103
            }
        },
        {
            "reactor_utilization": {
                "shard": "21",
                "value": 21.75649249999999
            }
        },
        {
            "reactor_utilization": {
                "shard": "22",
                "value": 25.758837739999951
            }
        },
        {
            "reactor_utilization": {
                "shard": "23",
                "value": 28.070667280000137
            }
        },
        {
            "reactor_utilization": {
                "shard": "24",
                "value": 22.340990900000058
            }
        },
        {
            "reactor_utilization": {
                "shard": "25",
                "value": 20.841383259999922
            }
        },
        {
            "reactor_utilization": {
                "shard": "26",
                "value": 20.833310959999917
            }
        },
        {
            "reactor_utilization": {
                "shard": "27",
                "value": 25.060148899999991
            }
        }
    ]
}
{
    "metrics": [
        {
            "reactor_utilization": {
                "shard": "0",
                "value": 26.843500299999977
            }
        },
        {
            "reactor_utilization": {
                "shard": "1",
                "value": 34.902139800000128
            }
        },
        {
            "reactor_utilization": {
                "shard": "2",
                "value": 29.905107820000019
            }
        },
        {
            "reactor_utilization": {
                "shard": "3",
                "value": 27.015068120000084
            }
        },
        {
            "reactor_utilization": {
                "shard": "4",
                "value": 23.783716539999979
            }
        },
        {
            "reactor_utilization": {
                "shard": "5",
                "value": 34.843673440000011
            }
        },
        {
            "reactor_utilization": {
                "shard": "6",
                "value": 36.560680160000025
            }
        },
        {
            "reactor_utilization": {
                "shard": "7",
                "value": 34.591545380000063
            }
        },
        {
            "reactor_utilization": {
                "shard": "8",
                "value": 36.603386699999952
            }
        },
        {
            "reactor_utilization": {
                "shard": "9",
                "value": 34.848216060000013
            }
        },
        {
            "reactor_utilization": {
                "shard": "10",
                "value": 20.643984340000078
            }
        },
        {
            "reactor_utilization": {
                "shard": "11",
                "value": 45.28481660000012
            }
        },
        {
            "reactor_utilization": {
                "shard": "12",
                "value": 29.089158860000019
            }
        },
        {
            "reactor_utilization": {
                "shard": "13",
                "value": 33.827068520000147
            }
        },
        {
            "reactor_utilization": {
                "shard": "14",
                "value": 40.933856699999993
            }
        },
        {
            "reactor_utilization": {
                "shard": "15",
                "value": 35.727346179999984
            }
        },
        {
            "reactor_utilization": {
                "shard": "16",
                "value": 27.63004734000004
            }
        },
        {
            "reactor_utilization": {
                "shard": "17",
                "value": 20.709974580000122
            }
        },
        {
            "reactor_utilization": {
                "shard": "18",
                "value": 26.586837540000076
            }
        },
        {
            "reactor_utilization": {
                "shard": "19",
                "value": 23.416708580000044
            }
        },
        {
            "reactor_utilization": {
                "shard": "20",
                "value": 28.064245340000092
            }
        },
        {
            "reactor_utilization": {
                "shard": "21",
                "value": 22.081963199999986
            }
        },
        {
            "reactor_utilization": {
                "shard": "22",
                "value": 29.037758739999951
            }
        },
        {
            "reactor_utilization": {
                "shard": "23",
                "value": 26.255877280000139
            }
        },
        {
            "reactor_utilization": {
                "shard": "24",
                "value": 31.307097640000059
            }
        },
        {
            "reactor_utilization": {
                "shard": "25",
                "value": 33.894449719999912
            }
        },
        {
            "reactor_utilization": {
                "shard": "26",
                "value": 22.691781159999923
            }
        },
        {
            "reactor_utilization": {
                "shard": "27",
                "value": 29.818441740000001
            }
        }
    ]
}
{
    "metrics": [
        {
            "reactor_utilization": {
                "shard": "0",
                "value": 29.332825479999979
            }
        },
        {
            "reactor_utilization": {
                "shard": "2",
                "value": 29.693064100000012
            }
        },
        {
            "reactor_utilization": {
                "shard": "3",
                "value": 24.759003440000082
            }
        },
        {
            "reactor_utilization": {
                "shard": "4",
                "value": 25.156769539999992
            }
        },
        {
            "reactor_utilization": {
                "shard": "5",
                "value": 26.634433600000019
            }
        },
        {
            "reactor_utilization": {
                "shard": "6",
                "value": 26.215729440000025
            }
        },
        {
            "reactor_utilization": {
                "shard": "7",
                "value": 29.174655140000084
            }
        },
        {
            "reactor_utilization": {
                "shard": "8",
                "value": 27.482651539999956
            }
        },
        {
            "reactor_utilization": {
                "shard": "9",
                "value": 29.346235880000005
            }
        },
        {
            "reactor_utilization": {
                "shard": "10",
                "value": 28.436369040000052
            }
        },
        {
            "reactor_utilization": {
                "shard": "11",
                "value": 28.42371248000012
            }
        },
        {
            "reactor_utilization": {
                "shard": "12",
                "value": 28.470744340000042
            }
        },
        {
            "reactor_utilization": {
                "shard": "13",
                "value": 35.959994640000147
            }
        },
        {
            "reactor_utilization": {
                "shard": "14",
                "value": 35.799438819999999
            }
        },
        {
            "reactor_utilization": {
                "shard": "15",
                "value": 27.27520085999998
            }
        },
        {
            "reactor_utilization": {
                "shard": "16",
                "value": 22.851305020000055
            }
        },
        {
            "reactor_utilization": {
                "shard": "17",
                "value": 15.336828300000116
            }
        },
        {
            "reactor_utilization": {
                "shard": "18",
                "value": 27.385085840000066
            }
        },
        {
            "reactor_utilization": {
                "shard": "19",
                "value": 22.423330020000055
            }
        },
        {
            "reactor_utilization": {
                "shard": "20",
                "value": 27.665993840000102
            }
        },
        {
            "reactor_utilization": {
                "shard": "21",
                "value": 28.906908139999988
            }
        },
        {
            "reactor_utilization": {
                "shard": "22",
                "value": 32.715624819999952
            }
        },
        {
            "reactor_utilization": {
                "shard": "23",
                "value": 24.365252440000106
            }
        },
        {
            "reactor_utilization": {
                "shard": "24",
                "value": 22.557376820000073
            }
        },
        {
            "reactor_utilization": {
                "shard": "25",
                "value": 23.789051199999921
            }
        },
        {
            "reactor_utilization": {
                "shard": "26",
                "value": 16.124512999999908
            }
        },
        {
            "reactor_utilization": {
                "shard": "27",
                "value": 26.511640539999991
            }
        }
    ]
}
{
    "metrics": [
        {
            "reactor_utilization": {
                "shard": "0",
                "value": 2.421592739999967
            }
        },
        {
            "reactor_utilization": {
                "shard": "1",
                "value": 2.7543093199999702
            }
        },
        {
            "reactor_utilization": {
                "shard": "2",
                "value": 2.786010559999974
            }
        },
        {
            "reactor_utilization": {
                "shard": "3",
                "value": 6.0686694599999758
            }
        },
        {
            "reactor_utilization": {
                "shard": "4",
                "value": 2.760107239999976
            }
        },
        {
            "reactor_utilization": {
                "shard": "5",
                "value": 2.688031319999995
            }
        },
        {
            "reactor_utilization": {
                "shard": "6",
                "value": 2.7762498799999813
            }
        },
        {
            "reactor_utilization": {
                "shard": "7",
                "value": 2.7628309199999812
            }
        },
        {
            "reactor_utilization": {
                "shard": "8",
                "value": 2.7273424000000324
            }
        },
        {
            "reactor_utilization": {
                "shard": "9",
                "value": 5.8218762000000197
            }
        },
        {
            "reactor_utilization": {
                "shard": "10",
                "value": 2.7530681399999812
            }
        },
        {
            "reactor_utilization": {
                "shard": "11",
                "value": 2.7030924399999989
            }
        },
        {
            "reactor_utilization": {
                "shard": "12",
                "value": 2.761040459999986
            }
        },
        {
            "reactor_utilization": {
                "shard": "13",
                "value": 2.7426647399999449
            }
        },
        {
            "reactor_utilization": {
                "shard": "14",
                "value": 2.7593101400000153
            }
        },
        {
            "reactor_utilization": {
                "shard": "15",
                "value": 5.0387047200000197
            }
        },
        {
            "reactor_utilization": {
                "shard": "16",
                "value": 7.9696767799999684
            }
        },
        {
            "reactor_utilization": {
                "shard": "17",
                "value": 2.532114499999949
            }
        },
        {
            "reactor_utilization": {
                "shard": "18",
                "value": 2.557438039999993
            }
        },
        {
            "reactor_utilization": {
                "shard": "19",
                "value": 2.5288437200000513
            }
        },
        {
            "reactor_utilization": {
                "shard": "20",
                "value": 2.5539000799999934
            }
        },
        {
            "reactor_utilization": {
                "shard": "21",
                "value": 2.5237093200000338
            }
        },
        {
            "reactor_utilization": {
                "shard": "22",
                "value": 2.521243939999962
            }
        },
        {
            "reactor_utilization": {
                "shard": "23",
                "value": 4.7721762200000679
            }
        },
        {
            "reactor_utilization": {
                "shard": "24",
                "value": 2.4926019600000293
            }
        },
        {
            "reactor_utilization": {
                "shard": "25",
                "value": 2.5498447999999785
            }
        },
        {
            "reactor_utilization": {
                "shard": "26",
                "value": 2.4652029800000252
            }
        },
        {
            "reactor_utilization": {
                "shard": "27",
                "value": 2.579819080000012
            }
        }
    ]
}
{
    "metrics": [
        {
            "reactor_utilization": {
                "shard": "0",
                "value": 0.45342523999996054
            }
        },
        {
            "reactor_utilization": {
                "shard": "1",
                "value": 8.7751580599999652
            }
        },
        {
            "reactor_utilization": {
                "shard": "2",
                "value": 0.27311737999997643
            }
        },
        {
            "reactor_utilization": {
                "shard": "3",
                "value": 0.27059105999996946
            }
        },
        {
            "reactor_utilization": {
                "shard": "4",
                "value": 0.28529305999998034
            }
        },
        {
            "reactor_utilization": {
                "shard": "5",
                "value": 0.280505639999995
            }
        },
        {
            "reactor_utilization": {
                "shard": "6",
                "value": 0.29244895999995801
            }
        },
        {
            "reactor_utilization": {
                "shard": "7",
                "value": 0.33529695999997555
            }
        },
        {
            "reactor_utilization": {
                "shard": "8",
                "value": 0.27151398000002658
            }
        },
        {
            "reactor_utilization": {
                "shard": "9",
                "value": 0.26630548000003973
            }
        },
        {
            "reactor_utilization": {
                "shard": "10",
                "value": 0.26398241999998628
            }
        },
        {
            "reactor_utilization": {
                "shard": "11",
                "value": 0.25489955999999925
            }
        },
        {
            "reactor_utilization": {
                "shard": "12",
                "value": 0.32681307999998799
            }
        },
        {
            "reactor_utilization": {
                "shard": "13",
                "value": 0.25192617999995059
            }
        },
        {
            "reactor_utilization": {
                "shard": "14",
                "value": 0.25701904000001718
            }
        },
        {
            "reactor_utilization": {
                "shard": "15",
                "value": 0.22373172000003105
            }
        },
        {
            "reactor_utilization": {
                "shard": "16",
                "value": 0.27814591999997251
            }
        },
        {
            "reactor_utilization": {
                "shard": "17",
                "value": 0.27015491999996533
            }
        },
        {
            "reactor_utilization": {
                "shard": "18",
                "value": 0.27694809999999626
            }
        },
        {
            "reactor_utilization": {
                "shard": "19",
                "value": 0.23640972000005256
            }
        },
        {
            "reactor_utilization": {
                "shard": "20",
                "value": 0.2387925599999785
            }
        },
        {
            "reactor_utilization": {
                "shard": "21",
                "value": 0.22807512000002639
            }
        },
        {
            "reactor_utilization": {
                "shard": "22",
                "value": 0.23555459999997641
            }
        },
        {
            "reactor_utilization": {
                "shard": "23",
                "value": 0.24171094000006166
            }
        },
        {
            "reactor_utilization": {
                "shard": "24",
                "value": 0.23874440000004604
            }
        },
        {
            "reactor_utilization": {
                "shard": "25",
                "value": 0.13896047999994998
            }
        },
        {
            "reactor_utilization": {
                "shard": "26",
                "value": 0.15066450000003062
            }
        },
        {
            "reactor_utilization": {
                "shard": "27",
                "value": 0.16081828000003018
            }
        }
    ]
}
