[
    {
        "FIO": {
            "cpu": {
                "data": [
                    50.1666666666665,
                    15.103333333333337,
                    31.2366666666666,
                    67.7433333333331,
                    10.156666666666679,
                    72.73333333333318,
                    42.04999999999994,
                    140.5300000000004,
                    11.360000000000007,
                    223.0933333333359
                ],
                "index": 10,
                "time": [
                    "11:25:14",
                    "11:28:33",
                    "11:31:57",
                    "11:35:26",
                    "11:39:40",
                    "11:43:15",
                    "11:46:49",
                    "11:50:23",
                    "11:54:02",
                    "11:57:37"
                ],
                "total": 217.10000000000025
            },
            "mem": {
                "data": [
                    31.500000000004878,
                    0.0,
                    29.373333333337726,
                    38.25333333333506,
                    30.893333333338074,
                    43.49999999999695,
                    38.20666666666843,
                    43.49999999999695,
                    34.50000000000514,
                    49.36000000000893
                ],
                "index": 10,
                "time": [
                    "11:25:14",
                    "11:28:33",
                    "11:31:57",
                    "11:35:26",
                    "11:39:40",
                    "11:43:15",
                    "11:46:49",
                    "11:50:23",
                    "11:54:02",
                    "11:57:37"
                ],
                "total": 67.60000000000042
            }
        },
        "OSD": {
            "cpu": {
                "data": [
                    0.0,
                    0.0,
                    0.0,
                    0.0,
                    0.0,
                    0.0,
                    0.0,
                    0.0,
                    0.0,
                    0.0
                ],
                "index": 10,
                "time": [
                    "11:25:14",
                    "11:28:33",
                    "11:31:57",
                    "11:35:26",
                    "11:39:40",
                    "11:43:15",
                    "11:46:49",
                    "11:50:23",
                    "11:54:02",
                    "11:57:37"
                ],
                "total": 0.0
            },
            "mem": {
                "data": [
                    0.0,
                    0.0,
                    0.0,
                    0.0,
                    0.0,
                    0.0,
                    0.0,
                    0.0,
                    0.0,
                    0.0
                ],
                "index": 10,
                "time": [
                    "11:25:14",
                    "11:28:33",
                    "11:31:57",
                    "11:35:26",
                    "11:39:40",
                    "11:43:15",
                    "11:46:49",
                    "11:50:23",
                    "11:54:02",
                    "11:57:37"
                ],
                "total": 0.0
            }
        }
    }
]