{
  "fio version" : "fio-3.39-26-ga72fe",
  "timestamp" : 1750798355,
  "timestamp_ms" : 1750798355920,
  "time" : "Tue Jun 24 20:52:35 2025",
  "global options" : {
    "ioengine" : "rbd",
    "bs" : "64k",
    "rw" : "write",
    "direct" : "1",
    "runtime" : "5m",
    "time_based" : "",
    "group_reporting" : "",
    "ramp_time" : "30s",
    "thread" : "1",
    "iodepth" : "52",
    "clientname" : "admin",
    "pool" : "rbd"
  },
  "jobs" : [
    {
      "jobname" : "fio_test_0",
      "groupid" : 0,
      "job_start" : 1750798055738,
      "error" : 110,
      "eta" : 0,
      "elapsed" : 331,
      "job options" : {
        "max_latency" : "1s",
        "numjobs" : "1",
        "rbdname" : "fio_test_31"
      },
      "read" : {
        "io_bytes" : 0,
        "io_kbytes" : 0,
        "bw_bytes" : 0,
        "bw" : 0,
        "iops" : 0.000000,
        "runtime" : 0,
        "total_ios" : 0,
        "short_ios" : 0,
        "drop_ios" : 0,
        "slat_ns" : {
          "min" : 0,
          "max" : 0,
          "mean" : 0.000000,
          "stddev" : 0.000000,
          "N" : 0
        },
        "clat_ns" : {
          "min" : 0,
          "max" : 0,
          "mean" : 0.000000,
          "stddev" : 0.000000,
          "N" : 0
        },
        "lat_ns" : {
          "min" : 0,
          "max" : 0,
          "mean" : 0.000000,
          "stddev" : 0.000000,
          "N" : 0
        },
        "bw_min" : 0,
        "bw_max" : 0,
        "bw_agg" : 0.000000,
        "bw_mean" : 0.000000,
        "bw_dev" : 0.000000,
        "bw_samples" : 0,
        "iops_min" : 0,
        "iops_max" : 0,
        "iops_mean" : 0.000000,
        "iops_stddev" : 0.000000,
        "iops_samples" : 0
      },
      "write" : {
        "io_bytes" : 146233163776,
        "io_kbytes" : 142805824,
        "bw_bytes" : 487221381,
        "bw" : 475802,
        "iops" : 7428.967438,
        "runtime" : 300137,
        "total_ios" : 2229708,
        "short_ios" : 0,
        "drop_ios" : 0,
        "slat_ns" : {
          "min" : 4289,
          "max" : 452576,
          "mean" : 19694.098729,
          "stddev" : 9399.420304,
          "N" : 2229709
        },
        "clat_ns" : {
          "min" : 351462,
          "max" : 4777965193,
          "mean" : 57445843.513686,
          "stddev" : 94948733.548663,
          "N" : 2231340,
          "percentile" : {
            "1.000000" : 1597440,
            "5.000000" : 3227648,
            "10.000000" : 4554752,
            "20.000000" : 8093696,
            "30.000000" : 12779520,
            "40.000000" : 19267584,
            "50.000000" : 28704768,
            "60.000000" : 41680896,
            "70.000000" : 61079552,
            "80.000000" : 91750400,
            "90.000000" : 147849216,
            "95.000000" : 202375168,
            "99.000000" : 329252864,
            "99.500000" : 396361728,
            "99.900000" : 608174080,
            "99.950000" : 876609536,
            "99.990000" : 3674210304
          }
        },
        "lat_ns" : {
          "min" : 356864,
          "max" : 4777994158,
          "mean" : 57465545.339360,
          "stddev" : 94950905.852872,
          "N" : 2231340
        },
        "bw_min" : 91399,
        "bw_max" : 1179309,
        "bw_agg" : 100.000000,
        "bw_mean" : 566330.210490,
        "bw_dev" : 18507.918767,
        "bw_samples" : 4821,
        "iops_min" : 1419,
        "iops_max" : 18416,
        "iops_mean" : 8839.515721,
        "iops_stddev" : 289.190034,
        "iops_samples" : 4821
      },
      "trim" : {
        "io_bytes" : 0,
        "io_kbytes" : 0,
        "bw_bytes" : 0,
        "bw" : 0,
        "iops" : 0.000000,
        "runtime" : 0,
        "total_ios" : 0,
        "short_ios" : 0,
        "drop_ios" : 0,
        "slat_ns" : {
          "min" : 0,
          "max" : 0,
          "mean" : 0.000000,
          "stddev" : 0.000000,
          "N" : 0
        },
        "clat_ns" : {
          "min" : 0,
          "max" : 0,
          "mean" : 0.000000,
          "stddev" : 0.000000,
          "N" : 0
        },
        "lat_ns" : {
          "min" : 0,
          "max" : 0,
          "mean" : 0.000000,
          "stddev" : 0.000000,
          "N" : 0
        },
        "bw_min" : 0,
        "bw_max" : 0,
        "bw_agg" : 0.000000,
        "bw_mean" : 0.000000,
        "bw_dev" : 0.000000,
        "bw_samples" : 0,
        "iops_min" : 0,
        "iops_max" : 0,
        "iops_mean" : 0.000000,
        "iops_stddev" : 0.000000,
        "iops_samples" : 0
      },
      "sync" : {
        "total_ios" : 0,
        "lat_ns" : {
          "min" : 0,
          "max" : 0,
          "mean" : 0.000000,
          "stddev" : 0.000000,
          "N" : 0
        }
      },
      "job_runtime" : 2431133,
      "usr_cpu" : 2.131804,
      "sys_cpu" : 0.725300,
      "ctx" : 1837806,
      "majf" : 0,
      "minf" : 31517,
      "iodepth_level" : {
        "1" : 0.000000,
        "2" : 0.000000,
        "4" : 0.000000,
        "8" : 0.000000,
        "16" : 0.000000,
        "32" : 100.000000,
        ">=64" : 0.000000
      },
      "iodepth_submit" : {
        "0" : 0.000000,
        "4" : 100.000000,
        "8" : 0.000000,
        "16" : 0.000000,
        "32" : 0.000000,
        "64" : 0.000000,
        ">=64" : 0.000000
      },
      "iodepth_complete" : {
        "0" : 0.100000,
        "4" : 99.998744,
        "8" : 0.000000,
        "16" : 0.000000,
        "32" : 0.000000,
        "64" : 0.100000,
        ">=64" : 0.000000
      },
      "latency_ns" : {
        "2" : 0.000000,
        "4" : 0.000000,
        "10" : 0.000000,
        "20" : 0.000000,
        "50" : 0.000000,
        "100" : 0.000000,
        "250" : 0.000000,
        "500" : 0.000000,
        "750" : 0.000000,
        "1000" : 0.000000
      },
      "latency_us" : {
        "2" : 0.000000,
        "4" : 0.000000,
        "10" : 0.000000,
        "20" : 0.000000,
        "50" : 0.000000,
        "100" : 0.000000,
        "250" : 0.000000,
        "500" : 0.019375,
        "750" : 0.148450,
        "1000" : 0.191415
      },
      "latency_ms" : {
        "2" : 1.345871,
        "4" : 6.148563,
        "10" : 16.616391,
        "20" : 16.420984,
        "50" : 23.978521,
        "100" : 17.113631,
        "250" : 15.460096,
        "500" : 2.445522,
        "750" : 0.120330,
        "1000" : 0.020227,
        "2000" : 0.011347,
        ">=2000" : 0.032471
      },
      "latency_depth" : 52,
      "latency_target" : 0,
      "latency_percentile" : 100.000000,
      "latency_window" : 0
    }
  ],
  "disk_util" : [
    {
      "name" : "sda",
      "read_ios" : 0,
      "write_ios" : 3870,
      "read_sectors" : 0,
      "write_sectors" : 106064,
      "read_merges" : 0,
      "write_merges" : 5313,
      "read_ticks" : 0,
      "write_ticks" : 732,
      "in_queue" : 770,
      "util" : 0.093678
    }
  ]
}
