[
    {
        "FIO": {
            "cpu": {
                "data": [
                    117.82999999999826,
                    156.47666666666547,
                    154.6733333333326,
                    148.80333333333218,
                    149.64999999999878,
                    145.06666666666595,
                    137.8666666666665,
                    142.55999999999904,
                    145.61333333333403,
                    146.6900000000004,
                    140.58333333333402,
                    149.01333333333443,
                    134.3633333333334,
                    135.1766666666667,
                    134.24000000000066,
                    125.09999999999985,
                    130.25666666666663,
                    131.41999999999985,
                    106.15333333333322,
                    118.46000000000014,
                    116.69666666666681,
                    114.36333333333327,
                    111.88666666666663,
                    98.26666666666672
                ],
                "index": 24,
                "time": [
                    "18:58:12",
                    "19:03:44",
                    "19:09:16",
                    "19:14:49",
                    "19:20:21",
                    "19:25:54",
                    "19:31:26",
                    "19:36:59",
                    "19:42:31",
                    "19:48:04",
                    "19:53:36",
                    "19:59:09",
                    "20:04:42",
                    "20:10:14",
                    "20:15:47",
                    "20:21:19",
                    "20:26:52",
                    "20:32:25",
                    "20:37:57",
                    "20:43:29",
                    "20:49:02",
                    "20:54:34",
                    "21:00:06",
                    "21:05:39"
                ],
                "total": 96.00000000000001
            },
            "mem": {
                "data": [
                    0.0,
                    0.0,
                    0.0,
                    33.000000000005215,
                    44.99999999999559,
                    44.99999999999559,
                    39.120000000000935,
                    44.71999999999584,
                    37.53333333333571,
                    26.96333333333718,
                    28.060000000004095,
                    29.956666666671193,
                    24.886666666670042,
                    22.600000000002854,
                    25.120000000003426,
                    16.860000000001552,
                    16.580000000001487,
                    18.72666666666864,
                    10.093333333333344,
                    12.42666666666721,
                    12.660000000000595,
                    11.2133333333336,
                    9.859999999999959,
                    7.199999999999734
                ],
                "index": 24,
                "time": [
                    "18:58:12",
                    "19:03:44",
                    "19:09:16",
                    "19:14:49",
                    "19:20:21",
                    "19:25:54",
                    "19:31:26",
                    "19:36:59",
                    "19:42:31",
                    "19:48:04",
                    "19:53:36",
                    "19:59:09",
                    "20:04:42",
                    "20:10:14",
                    "20:15:47",
                    "20:21:19",
                    "20:26:52",
                    "20:32:25",
                    "20:37:57",
                    "20:43:29",
                    "20:49:02",
                    "20:54:34",
                    "21:00:06",
                    "21:05:39"
                ],
                "total": 5.799999999999995
            }
        },
        "OSD": {
            "cpu": {
                "data": [
                    361.9266666666662,
                    382.52666666666664,
                    380.693333333333,
                    378.3199999999999,
                    379.8166666666665,
                    376.24666666666656,
                    370.4333333333333,
                    373.54666666666606,
                    378.273333333333,
                    372.86999999999983,
                    378.213333333333,
                    377.45999999999964,
                    373.3399999999998,
                    367.2099999999998,
                    374.86999999999966,
                    372.49666666666604,
                    375.11999999999955,
                    364.90666666666664,
                    346.55333333333317,
                    357.5266666666665,
                    353.233333333333,
                    360.4,
                    357.6266666666663,
                    348.97
                ],
                "index": 24,
                "time": [
                    "18:58:12",
                    "19:03:44",
                    "19:09:16",
                    "19:14:49",
                    "19:20:21",
                    "19:25:54",
                    "19:31:26",
                    "19:36:59",
                    "19:42:31",
                    "19:48:04",
                    "19:53:36",
                    "19:59:09",
                    "20:04:42",
                    "20:10:14",
                    "20:15:47",
                    "20:21:19",
                    "20:26:52",
                    "20:32:25",
                    "20:37:57",
                    "20:43:29",
                    "20:49:02",
                    "20:54:34",
                    "21:00:06",
                    "21:05:39"
                ],
                "total": 346.40000000000003
            },
            "mem": {
                "data": [
                    59.973333333333684,
                    62.40000000000037,
                    62.40000000000037,
                    62.40000000000037,
                    62.40000000000037,
                    62.40000000000037,
                    62.40000000000037,
                    62.40000000000037,
                    62.40000000000037,
                    62.40000000000037,
                    62.40000000000037,
                    62.40000000000037,
                    62.40000000000037,
                    62.40000000000037,
                    62.40000000000037,
                    62.40000000000037,
                    62.40000000000037,
                    62.40000000000037,
                    62.40000000000037,
                    62.40000000000037,
                    62.40000000000037,
                    62.40000000000037,
                    62.40000000000037,
                    62.40000000000037
                ],
                "index": 24,
                "time": [
                    "18:58:12",
                    "19:03:44",
                    "19:09:16",
                    "19:14:49",
                    "19:20:21",
                    "19:25:54",
                    "19:31:26",
                    "19:36:59",
                    "19:42:31",
                    "19:48:04",
                    "19:53:36",
                    "19:59:09",
                    "20:04:42",
                    "20:10:14",
                    "20:15:47",
                    "20:21:19",
                    "20:26:52",
                    "20:32:25",
                    "20:37:57",
                    "20:43:29",
                    "20:49:02",
                    "20:54:34",
                    "21:00:06",
                    "21:05:39"
                ],
                "total": 62.40000000000001
            }
        }
    }
]