{
  "fio version" : "fio-3.39-26-ga72fe",
  "timestamp" : 1747164471,
  "timestamp_ms" : 1747164471962,
  "time" : "Tue May 13 19:27:51 2025",
  "global options" : {
    "write_iops_log" : "sea_1osd_56reactor_32fio_bal_osd_rc_1procs_seqwrite",
    "write_bw_log" : "sea_1osd_56reactor_32fio_bal_osd_rc_1procs_seqwrite",
    "write_lat_log" : "sea_1osd_56reactor_32fio_bal_osd_rc_1procs_seqwrite",
    "ioengine" : "rbd",
    "bs" : "64k",
    "rw" : "write",
    "direct" : "1",
    "runtime" : "5m",
    "time_based" : "",
    "group_reporting" : "",
    "ramp_time" : "30s",
    "thread" : "1",
    "iodepth" : "32",
    "clientname" : "admin",
    "pool" : "rbd"
  },
  "jobs" : [
    {
      "jobname" : "fio_test_0",
      "groupid" : 0,
      "job_start" : 1747164169955,
      "error" : 0,
      "eta" : 0,
      "elapsed" : 333,
      "job options" : {
        "max_latency" : "1s",
        "numjobs" : "1",
        "rbdname" : "fio_test_31"
      },
      "read" : {
        "io_bytes" : 0,
        "io_kbytes" : 0,
        "bw_bytes" : 0,
        "bw" : 0,
        "iops" : 0.000000,
        "runtime" : 0,
        "total_ios" : 0,
        "short_ios" : 0,
        "drop_ios" : 0,
        "slat_ns" : {
          "min" : 0,
          "max" : 0,
          "mean" : 0.000000,
          "stddev" : 0.000000,
          "N" : 0
        },
        "clat_ns" : {
          "min" : 0,
          "max" : 0,
          "mean" : 0.000000,
          "stddev" : 0.000000,
          "N" : 0
        },
        "lat_ns" : {
          "min" : 0,
          "max" : 0,
          "mean" : 0.000000,
          "stddev" : 0.000000,
          "N" : 0
        },
        "bw_min" : 0,
        "bw_max" : 0,
        "bw_agg" : 0.000000,
        "bw_mean" : 0.000000,
        "bw_dev" : 0.000000,
        "bw_samples" : 0,
        "iops_min" : 0,
        "iops_max" : 0,
        "iops_mean" : 0.000000,
        "iops_stddev" : 0.000000,
        "iops_samples" : 0
      },
      "write" : {
        "io_bytes" : 348952199168,
        "io_kbytes" : 340773632,
        "bw_bytes" : 1162894902,
        "bw" : 1135639,
        "iops" : 17741.062145,
        "runtime" : 300072,
        "total_ios" : 5323596,
        "short_ios" : 0,
        "drop_ios" : 0,
        "slat_ns" : {
          "min" : 5013,
          "max" : 738178,
          "mean" : 22293.508441,
          "stddev" : 7778.016319,
          "N" : 5323596
        },
        "clat_ns" : {
          "min" : 504545,
          "max" : 751828188,
          "mean" : 57629417.717793,
          "stddev" : 49163917.361147,
          "N" : 5324588,
          "percentile" : {
            "1.000000" : 2375680,
            "5.000000" : 5734400,
            "10.000000" : 10289152,
            "20.000000" : 19529728,
            "30.000000" : 28442624,
            "40.000000" : 37486592,
            "50.000000" : 46399488,
            "60.000000" : 56360960,
            "70.000000" : 67633152,
            "80.000000" : 84410368,
            "90.000000" : 117964800,
            "95.000000" : 152043520,
            "99.000000" : 235929600,
            "99.500000" : 274726912,
            "99.900000" : 375390208,
            "99.950000" : 413138944,
            "99.990000" : 534773760
          }
        },
        "lat_ns" : {
          "min" : 517876,
          "max" : 751859019,
          "mean" : 57651711.644671,
          "stddev" : 49165391.516074,
          "N" : 5324588
        },
        "bw_min" : 3811,
        "bw_max" : 3481027,
        "bw_agg" : 8.521102,
        "bw_mean" : 96769.199808,
        "bw_dev" : 5351.474304,
        "bw_samples" : 5324588,
        "iops_min" : 32,
        "iops_max" : 32,
        "iops_mean" : 32.000000,
        "iops_stddev" : 0.000000,
        "iops_samples" : 5324588
      },
      "trim" : {
        "io_bytes" : 0,
        "io_kbytes" : 0,
        "bw_bytes" : 0,
        "bw" : 0,
        "iops" : 0.000000,
        "runtime" : 0,
        "total_ios" : 0,
        "short_ios" : 0,
        "drop_ios" : 0,
        "slat_ns" : {
          "min" : 0,
          "max" : 0,
          "mean" : 0.000000,
          "stddev" : 0.000000,
          "N" : 0
        },
        "clat_ns" : {
          "min" : 0,
          "max" : 0,
          "mean" : 0.000000,
          "stddev" : 0.000000,
          "N" : 0
        },
        "lat_ns" : {
          "min" : 0,
          "max" : 0,
          "mean" : 0.000000,
          "stddev" : 0.000000,
          "N" : 0
        },
        "bw_min" : 0,
        "bw_max" : 0,
        "bw_agg" : 0.000000,
        "bw_mean" : 0.000000,
        "bw_dev" : 0.000000,
        "bw_samples" : 0,
        "iops_min" : 0,
        "iops_max" : 0,
        "iops_mean" : 0.000000,
        "iops_stddev" : 0.000000,
        "iops_samples" : 0
      },
      "sync" : {
        "total_ios" : 0,
        "lat_ns" : {
          "min" : 0,
          "max" : 0,
          "mean" : 0.000000,
          "stddev" : 0.000000,
          "N" : 0
        }
      },
      "job_runtime" : 9601339,
      "usr_cpu" : 1.452152,
      "sys_cpu" : 0.356565,
      "ctx" : 5143556,
      "majf" : 0,
      "minf" : 476595,
      "iodepth_level" : {
        "1" : 0.100000,
        "2" : 0.100000,
        "4" : 0.100000,
        "8" : 0.100000,
        "16" : 0.100000,
        "32" : 99.869562,
        ">=64" : 0.000000
      },
      "iodepth_submit" : {
        "0" : 0.000000,
        "4" : 100.000000,
        "8" : 0.000000,
        "16" : 0.000000,
        "32" : 0.000000,
        "64" : 0.000000,
        ">=64" : 0.000000
      },
      "iodepth_complete" : {
        "0" : 0.000000,
        "4" : 99.999699,
        "8" : 0.000000,
        "16" : 0.000000,
        "32" : 0.100000,
        "64" : 0.000000,
        ">=64" : 0.000000
      },
      "latency_ns" : {
        "2" : 0.000000,
        "4" : 0.000000,
        "10" : 0.000000,
        "20" : 0.000000,
        "50" : 0.000000,
        "100" : 0.000000,
        "250" : 0.000000,
        "500" : 0.000000,
        "750" : 0.000000,
        "1000" : 0.000000
      },
      "latency_us" : {
        "2" : 0.000000,
        "4" : 0.000000,
        "10" : 0.000000,
        "20" : 0.000000,
        "50" : 0.000000,
        "100" : 0.000000,
        "250" : 0.000000,
        "500" : 0.000000,
        "750" : 0.010000,
        "1000" : 0.052164
      },
      "latency_ms" : {
        "2" : 0.571099,
        "4" : 2.356866,
        "10" : 6.655069,
        "20" : 10.837036,
        "50" : 33.393349,
        "100" : 31.765596,
        "250" : 13.602385,
        "500" : 0.762323,
        "750" : 0.014163,
        "1000" : 0.010000,
        "2000" : 0.000000,
        ">=2000" : 0.000000
      },
      "latency_depth" : 32,
      "latency_target" : 0,
      "latency_percentile" : 100.000000,
      "latency_window" : 0
    }
  ],
  "disk_util" : [
    {
      "name" : "sda",
      "read_ios" : 0,
      "write_ios" : 5359,
      "read_sectors" : 0,
      "write_sectors" : 1471504,
      "read_merges" : 0,
      "write_merges" : 5733,
      "read_ticks" : 0,
      "write_ticks" : 9312,
      "in_queue" : 9374,
      "util" : 0.505293
    }
  ]
}
