{
  "fio version" : "fio-3.39-26-ga72fe",
  "timestamp" : 1747163186,
  "timestamp_ms" : 1747163186862,
  "time" : "Tue May 13 19:06:26 2025",
  "global options" : {
    "write_iops_log" : "sea_1osd_56reactor_32fio_bal_osd_rc_1procs_seqwrite",
    "write_bw_log" : "sea_1osd_56reactor_32fio_bal_osd_rc_1procs_seqwrite",
    "write_lat_log" : "sea_1osd_56reactor_32fio_bal_osd_rc_1procs_seqwrite",
    "ioengine" : "rbd",
    "bs" : "64k",
    "rw" : "write",
    "direct" : "1",
    "runtime" : "5m",
    "time_based" : "",
    "group_reporting" : "",
    "ramp_time" : "30s",
    "thread" : "1",
    "iodepth" : "2",
    "clientname" : "admin",
    "pool" : "rbd"
  },
  "jobs" : [
    {
      "jobname" : "fio_test_0",
      "groupid" : 0,
      "job_start" : 1747163126858,
      "error" : 110,
      "eta" : 0,
      "elapsed" : 91,
      "job options" : {
        "max_latency" : "1s",
        "numjobs" : "1",
        "rbdname" : "fio_test_31"
      },
      "read" : {
        "io_bytes" : 0,
        "io_kbytes" : 0,
        "bw_bytes" : 0,
        "bw" : 0,
        "iops" : 0.000000,
        "runtime" : 0,
        "total_ios" : 0,
        "short_ios" : 0,
        "drop_ios" : 0,
        "slat_ns" : {
          "min" : 0,
          "max" : 0,
          "mean" : 0.000000,
          "stddev" : 0.000000,
          "N" : 0
        },
        "clat_ns" : {
          "min" : 0,
          "max" : 0,
          "mean" : 0.000000,
          "stddev" : 0.000000,
          "N" : 0
        },
        "lat_ns" : {
          "min" : 0,
          "max" : 0,
          "mean" : 0.000000,
          "stddev" : 0.000000,
          "N" : 0
        },
        "bw_min" : 0,
        "bw_max" : 0,
        "bw_agg" : 0.000000,
        "bw_mean" : 0.000000,
        "bw_dev" : 0.000000,
        "bw_samples" : 0,
        "iops_min" : 0,
        "iops_max" : 0,
        "iops_mean" : 0.000000,
        "iops_stddev" : 0.000000,
        "iops_samples" : 0
      },
      "write" : {
        "io_bytes" : 13346406400,
        "io_kbytes" : 13033600,
        "bw_bytes" : 222938001,
        "bw" : 217712,
        "iops" : 3401.229412,
        "runtime" : 59866,
        "total_ios" : 203618,
        "short_ios" : 0,
        "drop_ios" : 0,
        "slat_ns" : {
          "min" : 4526,
          "max" : 208672,
          "mean" : 15539.253872,
          "stddev" : 8619.809311,
          "N" : 203618
        },
        "clat_ns" : {
          "min" : 389789,
          "max" : 50179829716,
          "mean" : 18717016.301802,
          "stddev" : 833158179.144727,
          "N" : 203650,
          "percentile" : {
            "1.000000" : 577536,
            "5.000000" : 749568,
            "10.000000" : 970752,
            "20.000000" : 1499136,
            "30.000000" : 2056192,
            "40.000000" : 2605056,
            "50.000000" : 3162112,
            "60.000000" : 3751936,
            "70.000000" : 4489216,
            "80.000000" : 5668864,
            "90.000000" : 7503872,
            "95.000000" : 9502720,
            "99.000000" : 15400960,
            "99.500000" : 18481152,
            "99.900000" : 89653248,
            "99.950000" : 114819072,
            "99.990000" : 17112760320
          }
        },
        "lat_ns" : {
          "min" : 397373,
          "max" : 50179836780,
          "mean" : 18732555.194387,
          "stddev" : 833158173.121972,
          "N" : 203650
        },
        "bw_min" : 32,
        "bw_max" : 3883211,
        "bw_agg" : 100.000000,
        "bw_mean" : 830266.038400,
        "bw_dev" : 22090.159001,
        "bw_samples" : 203650,
        "iops_min" : 32,
        "iops_max" : 32,
        "iops_mean" : 32.000000,
        "iops_stddev" : 0.000000,
        "iops_samples" : 203650
      },
      "trim" : {
        "io_bytes" : 0,
        "io_kbytes" : 0,
        "bw_bytes" : 0,
        "bw" : 0,
        "iops" : 0.000000,
        "runtime" : 0,
        "total_ios" : 0,
        "short_ios" : 0,
        "drop_ios" : 0,
        "slat_ns" : {
          "min" : 0,
          "max" : 0,
          "mean" : 0.000000,
          "stddev" : 0.000000,
          "N" : 0
        },
        "clat_ns" : {
          "min" : 0,
          "max" : 0,
          "mean" : 0.000000,
          "stddev" : 0.000000,
          "N" : 0
        },
        "lat_ns" : {
          "min" : 0,
          "max" : 0,
          "mean" : 0.000000,
          "stddev" : 0.000000,
          "N" : 0
        },
        "bw_min" : 0,
        "bw_max" : 0,
        "bw_agg" : 0.000000,
        "bw_mean" : 0.000000,
        "bw_dev" : 0.000000,
        "bw_samples" : 0,
        "iops_min" : 0,
        "iops_max" : 0,
        "iops_mean" : 0.000000,
        "iops_stddev" : 0.000000,
        "iops_samples" : 0
      },
      "sync" : {
        "total_ios" : 0,
        "lat_ns" : {
          "min" : 0,
          "max" : 0,
          "mean" : 0.000000,
          "stddev" : 0.000000,
          "N" : 0
        }
      },
      "job_runtime" : 1907781,
      "usr_cpu" : 0.215224,
      "sys_cpu" : 0.089004,
      "ctx" : 200868,
      "majf" : 0,
      "minf" : 16188,
      "iodepth_level" : {
        "1" : 0.100000,
        "2" : 99.963657,
        "4" : 0.000000,
        "8" : 0.000000,
        "16" : 0.000000,
        "32" : 0.000000,
        ">=64" : 0.000000
      },
      "iodepth_submit" : {
        "0" : 0.000000,
        "4" : 100.000000,
        "8" : 0.000000,
        "16" : 0.000000,
        "32" : 0.000000,
        "64" : 0.000000,
        ">=64" : 0.000000
      },
      "iodepth_complete" : {
        "0" : 0.100000,
        "4" : 99.992143,
        "8" : 0.000000,
        "16" : 0.000000,
        "32" : 0.000000,
        "64" : 0.000000,
        ">=64" : 0.000000
      },
      "latency_ns" : {
        "2" : 0.000000,
        "4" : 0.000000,
        "10" : 0.000000,
        "20" : 0.000000,
        "50" : 0.000000,
        "100" : 0.000000,
        "250" : 0.000000,
        "500" : 0.000000,
        "750" : 0.000000,
        "1000" : 0.000000
      },
      "latency_us" : {
        "2" : 0.000000,
        "4" : 0.000000,
        "10" : 0.000000,
        "20" : 0.000000,
        "50" : 0.000000,
        "100" : 0.000000,
        "250" : 0.000000,
        "500" : 0.186624,
        "750" : 4.910175,
        "1000" : 5.568761
      },
      "latency_ms" : {
        "2" : 18.452200,
        "4" : 34.784744,
        "10" : 31.791885,
        "20" : 3.936292,
        "50" : 0.231807,
        "100" : 0.074650,
        "250" : 0.047147,
        "500" : 0.000000,
        "750" : 0.000000,
        "1000" : 0.000000,
        "2000" : 0.000000,
        ">=2000" : 0.031431
      },
      "latency_depth" : 2,
      "latency_target" : 0,
      "latency_percentile" : 100.000000,
      "latency_window" : 0
    }
  ],
  "disk_util" : [
    {
      "name" : "sda",
      "read_ios" : 6,
      "write_ios" : 1435,
      "read_sectors" : 64,
      "write_sectors" : 171944,
      "read_merges" : 0,
      "write_merges" : 1637,
      "read_ticks" : 4,
      "write_ticks" : 1430,
      "in_queue" : 1447,
      "util" : 0.281740
    }
  ]
}
