{
  "fio version" : "fio-3.39-26-ga72fe",
  "timestamp" : 1747163052,
  "timestamp_ms" : 1747163052145,
  "time" : "Tue May 13 19:04:12 2025",
  "global options" : {
    "write_iops_log" : "sea_1osd_56reactor_32fio_bal_osd_rc_1procs_seqwrite",
    "write_bw_log" : "sea_1osd_56reactor_32fio_bal_osd_rc_1procs_seqwrite",
    "write_lat_log" : "sea_1osd_56reactor_32fio_bal_osd_rc_1procs_seqwrite",
    "ioengine" : "rbd",
    "bs" : "64k",
    "rw" : "write",
    "direct" : "1",
    "runtime" : "5m",
    "time_based" : "",
    "group_reporting" : "",
    "ramp_time" : "30s",
    "thread" : "1",
    "iodepth" : "1",
    "clientname" : "admin",
    "pool" : "rbd"
  },
  "jobs" : [
    {
      "jobname" : "fio_test_0",
      "groupid" : 0,
      "job_start" : 1747162921891,
      "error" : 110,
      "eta" : 0,
      "elapsed" : 161,
      "job options" : {
        "max_latency" : "1s",
        "numjobs" : "1",
        "rbdname" : "fio_test_31"
      },
      "read" : {
        "io_bytes" : 0,
        "io_kbytes" : 0,
        "bw_bytes" : 0,
        "bw" : 0,
        "iops" : 0.000000,
        "runtime" : 0,
        "total_ios" : 0,
        "short_ios" : 0,
        "drop_ios" : 0,
        "slat_ns" : {
          "min" : 0,
          "max" : 0,
          "mean" : 0.000000,
          "stddev" : 0.000000,
          "N" : 0
        },
        "clat_ns" : {
          "min" : 0,
          "max" : 0,
          "mean" : 0.000000,
          "stddev" : 0.000000,
          "N" : 0
        },
        "lat_ns" : {
          "min" : 0,
          "max" : 0,
          "mean" : 0.000000,
          "stddev" : 0.000000,
          "N" : 0
        },
        "bw_min" : 0,
        "bw_max" : 0,
        "bw_agg" : 0.000000,
        "bw_mean" : 0.000000,
        "bw_dev" : 0.000000,
        "bw_samples" : 0,
        "iops_min" : 0,
        "iops_max" : 0,
        "iops_mean" : 0.000000,
        "iops_stddev" : 0.000000,
        "iops_samples" : 0
      },
      "write" : {
        "io_bytes" : 98972467200,
        "io_kbytes" : 96652800,
        "bw_bytes" : 762077023,
        "bw" : 744215,
        "iops" : 11628.372551,
        "runtime" : 129872,
        "total_ios" : 1510200,
        "short_ios" : 0,
        "drop_ios" : 0,
        "slat_ns" : {
          "min" : 4232,
          "max" : 229383,
          "mean" : 13717.769162,
          "stddev" : 7601.977222,
          "N" : 1510200
        },
        "clat_ns" : {
          "min" : 360530,
          "max" : 53088337921,
          "mean" : 2730693.800603,
          "stddev" : 232424160.125559,
          "N" : 1510200,
          "percentile" : {
            "1.000000" : 552960,
            "5.000000" : 651264,
            "10.000000" : 708608,
            "20.000000" : 815104,
            "30.000000" : 921600,
            "40.000000" : 1056768,
            "50.000000" : 1236992,
            "60.000000" : 1482752,
            "70.000000" : 1810432,
            "80.000000" : 2277376,
            "90.000000" : 3063808,
            "95.000000" : 3948544,
            "99.000000" : 6324224,
            "99.500000" : 7438336,
            "99.900000" : 10944512,
            "99.950000" : 13172736,
            "99.990000" : 70778880
          }
        },
        "lat_ns" : {
          "min" : 367143,
          "max" : 53088347639,
          "mean" : 2744411.569765,
          "stddev" : 232424189.452981,
          "N" : 1510200
        },
        "bw_min" : 32,
        "bw_max" : 4734823,
        "bw_agg" : 100.000000,
        "bw_mean" : 1763489.272446,
        "bw_dev" : 26945.948715,
        "bw_samples" : 1510200,
        "iops_min" : 32,
        "iops_max" : 32,
        "iops_mean" : 32.000000,
        "iops_stddev" : 0.000000,
        "iops_samples" : 1510200
      },
      "trim" : {
        "io_bytes" : 0,
        "io_kbytes" : 0,
        "bw_bytes" : 0,
        "bw" : 0,
        "iops" : 0.000000,
        "runtime" : 0,
        "total_ios" : 0,
        "short_ios" : 0,
        "drop_ios" : 0,
        "slat_ns" : {
          "min" : 0,
          "max" : 0,
          "mean" : 0.000000,
          "stddev" : 0.000000,
          "N" : 0
        },
        "clat_ns" : {
          "min" : 0,
          "max" : 0,
          "mean" : 0.000000,
          "stddev" : 0.000000,
          "N" : 0
        },
        "lat_ns" : {
          "min" : 0,
          "max" : 0,
          "mean" : 0.000000,
          "stddev" : 0.000000,
          "N" : 0
        },
        "bw_min" : 0,
        "bw_max" : 0,
        "bw_agg" : 0.000000,
        "bw_mean" : 0.000000,
        "bw_dev" : 0.000000,
        "bw_samples" : 0,
        "iops_min" : 0,
        "iops_max" : 0,
        "iops_mean" : 0.000000,
        "iops_stddev" : 0.000000,
        "iops_samples" : 0
      },
      "sync" : {
        "total_ios" : 0,
        "lat_ns" : {
          "min" : 0,
          "max" : 0,
          "mean" : 0.000000,
          "stddev" : 0.000000,
          "N" : 0
        }
      },
      "job_runtime" : 4147913,
      "usr_cpu" : 0.635982,
      "sys_cpu" : 0.228356,
      "ctx" : 1510891,
      "majf" : 0,
      "minf" : 125361,
      "iodepth_level" : {
        "1" : 100.000000,
        "2" : 0.000000,
        "4" : 0.000000,
        "8" : 0.000000,
        "16" : 0.000000,
        "32" : 0.000000,
        ">=64" : 0.000000
      },
      "iodepth_submit" : {
        "0" : 0.000000,
        "4" : 100.000000,
        "8" : 0.000000,
        "16" : 0.000000,
        "32" : 0.000000,
        "64" : 0.000000,
        ">=64" : 0.000000
      },
      "iodepth_complete" : {
        "0" : 0.100000,
        "4" : 99.998941,
        "8" : 0.000000,
        "16" : 0.000000,
        "32" : 0.000000,
        "64" : 0.000000,
        ">=64" : 0.000000
      },
      "latency_ns" : {
        "2" : 0.000000,
        "4" : 0.000000,
        "10" : 0.000000,
        "20" : 0.000000,
        "50" : 0.000000,
        "100" : 0.000000,
        "250" : 0.000000,
        "500" : 0.000000,
        "750" : 0.000000,
        "1000" : 0.000000
      },
      "latency_us" : {
        "2" : 0.000000,
        "4" : 0.000000,
        "10" : 0.000000,
        "20" : 0.000000,
        "50" : 0.000000,
        "100" : 0.000000,
        "250" : 0.000000,
        "500" : 0.248378,
        "750" : 13.417958,
        "1000" : 22.282479
      },
      "latency_ms" : {
        "2" : 38.519137,
        "4" : 20.745928,
        "10" : 4.647331,
        "20" : 0.118064,
        "50" : 0.010000,
        "100" : 0.010000,
        "250" : 0.010000,
        "500" : 0.000000,
        "750" : 0.000000,
        "1000" : 0.000000,
        "2000" : 0.000000,
        ">=2000" : 0.010000
      },
      "latency_depth" : 1,
      "latency_target" : 0,
      "latency_percentile" : 100.000000,
      "latency_window" : 0
    }
  ],
  "disk_util" : [
    {
      "name" : "sda",
      "read_ios" : 6,
      "write_ios" : 2471,
      "read_sectors" : 64,
      "write_sectors" : 397744,
      "read_merges" : 0,
      "write_merges" : 2861,
      "read_ticks" : 4,
      "write_ticks" : 4303,
      "in_queue" : 4332,
      "util" : 0.329321
    }
  ]
}
