{
  "fio version" : "fio-3.39-26-ga72fe",
  "timestamp" : 1747164050,
  "timestamp_ms" : 1747164050366,
  "time" : "Tue May 13 19:20:50 2025",
  "global options" : {
    "write_iops_log" : "sea_1osd_56reactor_32fio_bal_osd_rc_1procs_seqwrite",
    "write_bw_log" : "sea_1osd_56reactor_32fio_bal_osd_rc_1procs_seqwrite",
    "write_lat_log" : "sea_1osd_56reactor_32fio_bal_osd_rc_1procs_seqwrite",
    "ioengine" : "rbd",
    "bs" : "64k",
    "rw" : "write",
    "direct" : "1",
    "runtime" : "5m",
    "time_based" : "",
    "group_reporting" : "",
    "ramp_time" : "30s",
    "thread" : "1",
    "iodepth" : "24",
    "clientname" : "admin",
    "pool" : "rbd"
  },
  "jobs" : [
    {
      "jobname" : "fio_test_0",
      "groupid" : 0,
      "job_start" : 1747163955364,
      "error" : 110,
      "eta" : 0,
      "elapsed" : 126,
      "job options" : {
        "max_latency" : "1s",
        "numjobs" : "1",
        "rbdname" : "fio_test_31"
      },
      "read" : {
        "io_bytes" : 0,
        "io_kbytes" : 0,
        "bw_bytes" : 0,
        "bw" : 0,
        "iops" : 0.000000,
        "runtime" : 0,
        "total_ios" : 0,
        "short_ios" : 0,
        "drop_ios" : 0,
        "slat_ns" : {
          "min" : 0,
          "max" : 0,
          "mean" : 0.000000,
          "stddev" : 0.000000,
          "N" : 0
        },
        "clat_ns" : {
          "min" : 0,
          "max" : 0,
          "mean" : 0.000000,
          "stddev" : 0.000000,
          "N" : 0
        },
        "lat_ns" : {
          "min" : 0,
          "max" : 0,
          "mean" : 0.000000,
          "stddev" : 0.000000,
          "N" : 0
        },
        "bw_min" : 0,
        "bw_max" : 0,
        "bw_agg" : 0.000000,
        "bw_mean" : 0.000000,
        "bw_dev" : 0.000000,
        "bw_samples" : 0,
        "iops_min" : 0,
        "iops_max" : 0,
        "iops_mean" : 0.000000,
        "iops_stddev" : 0.000000,
        "iops_samples" : 0
      },
      "write" : {
        "io_bytes" : 40140210176,
        "io_kbytes" : 39199424,
        "bw_bytes" : 423111977,
        "bw" : 413195,
        "iops" : 6448.407804,
        "runtime" : 94869,
        "total_ios" : 611754,
        "short_ios" : 0,
        "drop_ios" : 0,
        "slat_ns" : {
          "min" : 4989,
          "max" : 425798,
          "mean" : 21114.049307,
          "stddev" : 7861.590789,
          "N" : 611755
        },
        "clat_ns" : {
          "min" : 511231,
          "max" : 64580549385,
          "mean" : 118508357.596846,
          "stddev" : 2210456704.470914,
          "N" : 612490,
          "percentile" : {
            "1.000000" : 2113536,
            "5.000000" : 4620288,
            "10.000000" : 7831552,
            "20.000000" : 13959168,
            "30.000000" : 20840448,
            "40.000000" : 27656192,
            "50.000000" : 34340864,
            "60.000000" : 40632320,
            "70.000000" : 47448064,
            "80.000000" : 57933824,
            "90.000000" : 79167488,
            "95.000000" : 102236160,
            "99.000000" : 164626432,
            "99.500000" : 198180864,
            "99.900000" : 17112760320,
            "99.950000" : 17112760320,
            "99.990000" : 17112760320
          }
        },
        "lat_ns" : {
          "min" : 517289,
          "max" : 64580574813,
          "mean" : 118529473.261315,
          "stddev" : 2210456605.690533,
          "N" : 612490
        },
        "bw_min" : 32,
        "bw_max" : 3024201,
        "bw_agg" : 29.637560,
        "bw_mean" : 122461.197434,
        "bw_dev" : 5896.479995,
        "bw_samples" : 612490,
        "iops_min" : 32,
        "iops_max" : 32,
        "iops_mean" : 32.000000,
        "iops_stddev" : 0.000000,
        "iops_samples" : 612490
      },
      "trim" : {
        "io_bytes" : 0,
        "io_kbytes" : 0,
        "bw_bytes" : 0,
        "bw" : 0,
        "iops" : 0.000000,
        "runtime" : 0,
        "total_ios" : 0,
        "short_ios" : 0,
        "drop_ios" : 0,
        "slat_ns" : {
          "min" : 0,
          "max" : 0,
          "mean" : 0.000000,
          "stddev" : 0.000000,
          "N" : 0
        },
        "clat_ns" : {
          "min" : 0,
          "max" : 0,
          "mean" : 0.000000,
          "stddev" : 0.000000,
          "N" : 0
        },
        "lat_ns" : {
          "min" : 0,
          "max" : 0,
          "mean" : 0.000000,
          "stddev" : 0.000000,
          "N" : 0
        },
        "bw_min" : 0,
        "bw_max" : 0,
        "bw_agg" : 0.000000,
        "bw_mean" : 0.000000,
        "bw_dev" : 0.000000,
        "bw_samples" : 0,
        "iops_min" : 0,
        "iops_max" : 0,
        "iops_mean" : 0.000000,
        "iops_stddev" : 0.000000,
        "iops_samples" : 0
      },
      "sync" : {
        "total_ios" : 0,
        "lat_ns" : {
          "min" : 0,
          "max" : 0,
          "mean" : 0.000000,
          "stddev" : 0.000000,
          "N" : 0
        }
      },
      "job_runtime" : 3027888,
      "usr_cpu" : 0.500778,
      "sys_cpu" : 0.130025,
      "ctx" : 594057,
      "majf" : 0,
      "minf" : 51008,
      "iodepth_level" : {
        "1" : 0.100000,
        "2" : 0.100000,
        "4" : 0.100000,
        "8" : 0.167388,
        "16" : 99.686148,
        "32" : 0.000000,
        ">=64" : 0.000000
      },
      "iodepth_submit" : {
        "0" : 0.000000,
        "4" : 100.000000,
        "8" : 0.000000,
        "16" : 0.000000,
        "32" : 0.000000,
        "64" : 0.000000,
        ">=64" : 0.000000
      },
      "iodepth_complete" : {
        "0" : 0.100000,
        "4" : 99.994769,
        "8" : 0.000000,
        "16" : 0.000000,
        "32" : 0.100000,
        "64" : 0.000000,
        ">=64" : 0.000000
      },
      "latency_ns" : {
        "2" : 0.000000,
        "4" : 0.000000,
        "10" : 0.000000,
        "20" : 0.000000,
        "50" : 0.000000,
        "100" : 0.000000,
        "250" : 0.000000,
        "500" : 0.000000,
        "750" : 0.000000,
        "1000" : 0.000000
      },
      "latency_us" : {
        "2" : 0.000000,
        "4" : 0.000000,
        "10" : 0.000000,
        "20" : 0.000000,
        "50" : 0.000000,
        "100" : 0.000000,
        "250" : 0.000000,
        "500" : 0.000000,
        "750" : 0.010000,
        "1000" : 0.047078
      },
      "latency_ms" : {
        "2" : 0.785937,
        "4" : 3.192950,
        "10" : 9.534225,
        "20" : 15.447059,
        "50" : 43.898364,
        "100" : 21.859931,
        "250" : 5.113984,
        "500" : 0.104290,
        "750" : 0.010000,
        "1000" : 0.000000,
        "2000" : 0.000000,
        ">=2000" : 0.125541
      },
      "latency_depth" : 24,
      "latency_target" : 0,
      "latency_percentile" : 100.000000,
      "latency_window" : 0
    }
  ],
  "disk_util" : [
    {
      "name" : "sda",
      "read_ios" : 6,
      "write_ios" : 2357,
      "read_sectors" : 64,
      "write_sectors" : 1340520,
      "read_merges" : 0,
      "write_merges" : 2156,
      "read_ticks" : 4,
      "write_ticks" : 12913,
      "in_queue" : 13043,
      "util" : 1.105118
    }
  ]
}
