{
  "fio version" : "fio-3.39-26-ga72fe",
  "timestamp" : 1747165476,
  "timestamp_ms" : 1747165476357,
  "time" : "Tue May 13 19:44:36 2025",
  "global options" : {
    "write_iops_log" : "sea_1osd_56reactor_32fio_bal_osd_rc_1procs_seqwrite",
    "write_bw_log" : "sea_1osd_56reactor_32fio_bal_osd_rc_1procs_seqwrite",
    "write_lat_log" : "sea_1osd_56reactor_32fio_bal_osd_rc_1procs_seqwrite",
    "ioengine" : "rbd",
    "bs" : "64k",
    "rw" : "write",
    "direct" : "1",
    "runtime" : "5m",
    "time_based" : "",
    "group_reporting" : "",
    "ramp_time" : "30s",
    "thread" : "1",
    "iodepth" : "64",
    "clientname" : "admin",
    "pool" : "rbd"
  },
  "jobs" : [
    {
      "jobname" : "fio_test_0",
      "groupid" : 0,
      "job_start" : 1747165174053,
      "error" : 110,
      "eta" : 0,
      "elapsed" : 333,
      "job options" : {
        "max_latency" : "1s",
        "numjobs" : "1",
        "rbdname" : "fio_test_31"
      },
      "read" : {
        "io_bytes" : 0,
        "io_kbytes" : 0,
        "bw_bytes" : 0,
        "bw" : 0,
        "iops" : 0.000000,
        "runtime" : 0,
        "total_ios" : 0,
        "short_ios" : 0,
        "drop_ios" : 0,
        "slat_ns" : {
          "min" : 0,
          "max" : 0,
          "mean" : 0.000000,
          "stddev" : 0.000000,
          "N" : 0
        },
        "clat_ns" : {
          "min" : 0,
          "max" : 0,
          "mean" : 0.000000,
          "stddev" : 0.000000,
          "N" : 0
        },
        "lat_ns" : {
          "min" : 0,
          "max" : 0,
          "mean" : 0.000000,
          "stddev" : 0.000000,
          "N" : 0
        },
        "bw_min" : 0,
        "bw_max" : 0,
        "bw_agg" : 0.000000,
        "bw_mean" : 0.000000,
        "bw_dev" : 0.000000,
        "bw_samples" : 0,
        "iops_min" : 0,
        "iops_max" : 0,
        "iops_mean" : 0.000000,
        "iops_stddev" : 0.000000,
        "iops_samples" : 0
      },
      "write" : {
        "io_bytes" : 368842702848,
        "io_kbytes" : 360197952,
        "bw_bytes" : 1228951323,
        "bw" : 1200147,
        "iops" : 18745.591881,
        "runtime" : 300128,
        "total_ios" : 5626077,
        "short_ios" : 0,
        "drop_ios" : 0,
        "slat_ns" : {
          "min" : 5320,
          "max" : 5272840,
          "mean" : 23906.541357,
          "stddev" : 8668.695250,
          "N" : 5626077
        },
        "clat_ns" : {
          "min" : 542088,
          "max" : 1385843652,
          "mean" : 89434903.361473,
          "stddev" : 83318206.892706,
          "N" : 5628093,
          "percentile" : {
            "1.000000" : 3129344,
            "5.000000" : 8454144,
            "10.000000" : 15532032,
            "20.000000" : 28704768,
            "30.000000" : 41156608,
            "40.000000" : 53739520,
            "50.000000" : 66846720,
            "60.000000" : 81264640,
            "70.000000" : 101187584,
            "80.000000" : 131596288,
            "90.000000" : 191889408,
            "95.000000" : 254803968,
            "99.000000" : 404750336,
            "99.500000" : 471859200,
            "99.900000" : 633339904,
            "99.950000" : 692060160,
            "99.990000" : 817889280
          }
        },
        "lat_ns" : {
          "min" : 549965,
          "max" : 1385878601,
          "mean" : 89458809.927656,
          "stddev" : 83319049.979105,
          "N" : 5628093
        },
        "bw_min" : 2394,
        "bw_max" : 3281685,
        "bw_agg" : 5.571231,
        "bw_mean" : 66863.800595,
        "bw_dev" : 4197.519963,
        "bw_samples" : 5628093,
        "iops_min" : 32,
        "iops_max" : 32,
        "iops_mean" : 32.000000,
        "iops_stddev" : 0.000000,
        "iops_samples" : 5628093
      },
      "trim" : {
        "io_bytes" : 0,
        "io_kbytes" : 0,
        "bw_bytes" : 0,
        "bw" : 0,
        "iops" : 0.000000,
        "runtime" : 0,
        "total_ios" : 0,
        "short_ios" : 0,
        "drop_ios" : 0,
        "slat_ns" : {
          "min" : 0,
          "max" : 0,
          "mean" : 0.000000,
          "stddev" : 0.000000,
          "N" : 0
        },
        "clat_ns" : {
          "min" : 0,
          "max" : 0,
          "mean" : 0.000000,
          "stddev" : 0.000000,
          "N" : 0
        },
        "lat_ns" : {
          "min" : 0,
          "max" : 0,
          "mean" : 0.000000,
          "stddev" : 0.000000,
          "N" : 0
        },
        "bw_min" : 0,
        "bw_max" : 0,
        "bw_agg" : 0.000000,
        "bw_mean" : 0.000000,
        "bw_dev" : 0.000000,
        "bw_samples" : 0,
        "iops_min" : 0,
        "iops_max" : 0,
        "iops_mean" : 0.000000,
        "iops_stddev" : 0.000000,
        "iops_samples" : 0
      },
      "sync" : {
        "total_ios" : 0,
        "lat_ns" : {
          "min" : 0,
          "max" : 0,
          "mean" : 0.000000,
          "stddev" : 0.000000,
          "N" : 0
        }
      },
      "job_runtime" : 7880547,
      "usr_cpu" : 1.982553,
      "sys_cpu" : 0.473723,
      "ctx" : 5187492,
      "majf" : 0,
      "minf" : 402967,
      "iodepth_level" : {
        "1" : 0.100000,
        "2" : 0.100000,
        "4" : 0.100000,
        "8" : 0.100000,
        "16" : 0.100000,
        "32" : 0.111481,
        ">=64" : 99.780522
      },
      "iodepth_submit" : {
        "0" : 0.000000,
        "4" : 100.000000,
        "8" : 0.000000,
        "16" : 0.000000,
        "32" : 0.000000,
        "64" : 0.000000,
        ">=64" : 0.000000
      },
      "iodepth_complete" : {
        "0" : 0.100000,
        "4" : 99.999662,
        "8" : 0.000000,
        "16" : 0.000000,
        "32" : 0.000000,
        "64" : 0.100000,
        ">=64" : 0.000000
      },
      "latency_ns" : {
        "2" : 0.000000,
        "4" : 0.000000,
        "10" : 0.000000,
        "20" : 0.000000,
        "50" : 0.000000,
        "100" : 0.000000,
        "250" : 0.000000,
        "500" : 0.000000,
        "750" : 0.000000,
        "1000" : 0.000000
      },
      "latency_us" : {
        "2" : 0.000000,
        "4" : 0.000000,
        "10" : 0.000000,
        "20" : 0.000000,
        "50" : 0.000000,
        "100" : 0.000000,
        "250" : 0.000000,
        "500" : 0.000000,
        "750" : 0.010000,
        "1000" : 0.029825
      },
      "latency_ms" : {
        "2" : 0.294468,
        "4" : 1.378563,
        "10" : 4.377988,
        "20" : 7.316892,
        "50" : 23.594860,
        "100" : 32.673602,
        "250" : 25.133090,
        "500" : 4.863051,
        "750" : 0.343170,
        "1000" : 0.023284,
        "2000" : 0.010000,
        ">=2000" : 0.000000
      },
      "latency_depth" : 64,
      "latency_target" : 0,
      "latency_percentile" : 100.000000,
      "latency_window" : 0
    }
  ],
  "disk_util" : [
    {
      "name" : "sda",
      "read_ios" : 0,
      "write_ios" : 5701,
      "read_sectors" : 0,
      "write_sectors" : 1598272,
      "read_merges" : 0,
      "write_merges" : 6013,
      "read_ticks" : 0,
      "write_ticks" : 10689,
      "in_queue" : 10734,
      "util" : 0.560378
    }
  ]
}
