{
  "fio version" : "fio-3.39-26-ga72fe",
  "timestamp" : 1747165141,
  "timestamp_ms" : 1747165141799,
  "time" : "Tue May 13 19:39:01 2025",
  "global options" : {
    "write_iops_log" : "sea_1osd_56reactor_32fio_bal_osd_rc_1procs_seqwrite",
    "write_bw_log" : "sea_1osd_56reactor_32fio_bal_osd_rc_1procs_seqwrite",
    "write_lat_log" : "sea_1osd_56reactor_32fio_bal_osd_rc_1procs_seqwrite",
    "ioengine" : "rbd",
    "bs" : "64k",
    "rw" : "write",
    "direct" : "1",
    "runtime" : "5m",
    "time_based" : "",
    "group_reporting" : "",
    "ramp_time" : "30s",
    "thread" : "1",
    "iodepth" : "52",
    "clientname" : "admin",
    "pool" : "rbd"
  },
  "jobs" : [
    {
      "jobname" : "fio_test_0",
      "groupid" : 0,
      "job_start" : 1747164839025,
      "error" : 0,
      "eta" : 0,
      "elapsed" : 333,
      "job options" : {
        "max_latency" : "1s",
        "numjobs" : "1",
        "rbdname" : "fio_test_31"
      },
      "read" : {
        "io_bytes" : 0,
        "io_kbytes" : 0,
        "bw_bytes" : 0,
        "bw" : 0,
        "iops" : 0.000000,
        "runtime" : 0,
        "total_ios" : 0,
        "short_ios" : 0,
        "drop_ios" : 0,
        "slat_ns" : {
          "min" : 0,
          "max" : 0,
          "mean" : 0.000000,
          "stddev" : 0.000000,
          "N" : 0
        },
        "clat_ns" : {
          "min" : 0,
          "max" : 0,
          "mean" : 0.000000,
          "stddev" : 0.000000,
          "N" : 0
        },
        "lat_ns" : {
          "min" : 0,
          "max" : 0,
          "mean" : 0.000000,
          "stddev" : 0.000000,
          "N" : 0
        },
        "bw_min" : 0,
        "bw_max" : 0,
        "bw_agg" : 0.000000,
        "bw_mean" : 0.000000,
        "bw_dev" : 0.000000,
        "bw_samples" : 0,
        "iops_min" : 0,
        "iops_max" : 0,
        "iops_mean" : 0.000000,
        "iops_stddev" : 0.000000,
        "iops_samples" : 0
      },
      "write" : {
        "io_bytes" : 451982000128,
        "io_kbytes" : 441388672,
        "bw_bytes" : 1505969140,
        "bw" : 1470672,
        "iops" : 22973.824414,
        "runtime" : 300127,
        "total_ios" : 6895065,
        "short_ios" : 0,
        "drop_ios" : 0,
        "slat_ns" : {
          "min" : 5612,
          "max" : 2950115,
          "mean" : 22297.472935,
          "stddev" : 7172.565114,
          "N" : 6895066
        },
        "clat_ns" : {
          "min" : 571167,
          "max" : 855473570,
          "mean" : 72283448.421797,
          "stddev" : 69713932.681984,
          "N" : 6896697,
          "percentile" : {
            "1.000000" : 2572288,
            "5.000000" : 6586368,
            "10.000000" : 11862016,
            "20.000000" : 21889024,
            "30.000000" : 31850496,
            "40.000000" : 41680896,
            "50.000000" : 52166656,
            "60.000000" : 64749568,
            "70.000000" : 81264640,
            "80.000000" : 107479040,
            "90.000000" : 156237824,
            "95.000000" : 210763776,
            "99.000000" : 337641472,
            "99.500000" : 396361728,
            "99.900000" : 534773760,
            "99.950000" : 599785472,
            "99.990000" : 700448768
          }
        },
        "lat_ns" : {
          "min" : 584946,
          "max" : 855495969,
          "mean" : 72305746.035890,
          "stddev" : 69714918.809737,
          "N" : 6896697
        },
        "bw_min" : 2809,
        "bw_max" : 3380427,
        "bw_agg" : 5.811829,
        "bw_mean" : 85473.111081,
        "bw_dev" : 4872.985238,
        "bw_samples" : 6896697,
        "iops_min" : 32,
        "iops_max" : 32,
        "iops_mean" : 32.000000,
        "iops_stddev" : 0.000000,
        "iops_samples" : 6896697
      },
      "trim" : {
        "io_bytes" : 0,
        "io_kbytes" : 0,
        "bw_bytes" : 0,
        "bw" : 0,
        "iops" : 0.000000,
        "runtime" : 0,
        "total_ios" : 0,
        "short_ios" : 0,
        "drop_ios" : 0,
        "slat_ns" : {
          "min" : 0,
          "max" : 0,
          "mean" : 0.000000,
          "stddev" : 0.000000,
          "N" : 0
        },
        "clat_ns" : {
          "min" : 0,
          "max" : 0,
          "mean" : 0.000000,
          "stddev" : 0.000000,
          "N" : 0
        },
        "lat_ns" : {
          "min" : 0,
          "max" : 0,
          "mean" : 0.000000,
          "stddev" : 0.000000,
          "N" : 0
        },
        "bw_min" : 0,
        "bw_max" : 0,
        "bw_agg" : 0.000000,
        "bw_mean" : 0.000000,
        "bw_dev" : 0.000000,
        "bw_samples" : 0,
        "iops_min" : 0,
        "iops_max" : 0,
        "iops_mean" : 0.000000,
        "iops_stddev" : 0.000000,
        "iops_samples" : 0
      },
      "sync" : {
        "total_ios" : 0,
        "lat_ns" : {
          "min" : 0,
          "max" : 0,
          "mean" : 0.000000,
          "stddev" : 0.000000,
          "N" : 0
        }
      },
      "job_runtime" : 9602423,
      "usr_cpu" : 1.843597,
      "sys_cpu" : 0.410074,
      "ctx" : 6511211,
      "majf" : 0,
      "minf" : 478640,
      "iodepth_level" : {
        "1" : 0.100000,
        "2" : 0.100000,
        "4" : 0.100000,
        "8" : 0.100000,
        "16" : 0.100000,
        "32" : 99.899290,
        ">=64" : 0.000000
      },
      "iodepth_submit" : {
        "0" : 0.000000,
        "4" : 100.000000,
        "8" : 0.000000,
        "16" : 0.000000,
        "32" : 0.000000,
        "64" : 0.000000,
        ">=64" : 0.000000
      },
      "iodepth_complete" : {
        "0" : 0.000000,
        "4" : 99.999768,
        "8" : 0.000000,
        "16" : 0.000000,
        "32" : 0.000000,
        "64" : 0.100000,
        ">=64" : 0.000000
      },
      "latency_ns" : {
        "2" : 0.000000,
        "4" : 0.000000,
        "10" : 0.000000,
        "20" : 0.000000,
        "50" : 0.000000,
        "100" : 0.000000,
        "250" : 0.000000,
        "500" : 0.000000,
        "750" : 0.000000,
        "1000" : 0.000000
      },
      "latency_us" : {
        "2" : 0.000000,
        "4" : 0.000000,
        "10" : 0.000000,
        "20" : 0.000000,
        "50" : 0.000000,
        "100" : 0.000000,
        "250" : 0.000000,
        "500" : 0.000000,
        "750" : 0.010000,
        "1000" : 0.029441
      },
      "latency_ms" : {
        "2" : 0.479560,
        "4" : 1.959546,
        "10" : 5.777407,
        "20" : 9.765608,
        "50" : 29.847811,
        "100" : 29.820197,
        "250" : 19.340050,
        "500" : 2.839828,
        "750" : 0.155967,
        "1000" : 0.010000,
        "2000" : 0.000000,
        ">=2000" : 0.000000
      },
      "latency_depth" : 52,
      "latency_target" : 0,
      "latency_percentile" : 100.000000,
      "latency_window" : 0
    }
  ],
  "disk_util" : [
    {
      "name" : "sda",
      "read_ios" : 0,
      "write_ios" : 5791,
      "read_sectors" : 0,
      "write_sectors" : 1856480,
      "read_merges" : 0,
      "write_merges" : 6036,
      "read_ticks" : 0,
      "write_ticks" : 12334,
      "in_queue" : 12382,
      "util" : 0.630936
    }
  ]
}
