{
  "fio version" : "fio-3.39-26-ga72fe",
  "timestamp" : 1747163825,
  "timestamp_ms" : 1747163825131,
  "time" : "Tue May 13 19:17:05 2025",
  "global options" : {
    "write_iops_log" : "sea_1osd_56reactor_32fio_bal_osd_rc_1procs_seqwrite",
    "write_bw_log" : "sea_1osd_56reactor_32fio_bal_osd_rc_1procs_seqwrite",
    "write_lat_log" : "sea_1osd_56reactor_32fio_bal_osd_rc_1procs_seqwrite",
    "ioengine" : "rbd",
    "bs" : "64k",
    "rw" : "write",
    "direct" : "1",
    "runtime" : "5m",
    "time_based" : "",
    "group_reporting" : "",
    "ramp_time" : "30s",
    "thread" : "1",
    "iodepth" : "16",
    "clientname" : "admin",
    "pool" : "rbd"
  },
  "jobs" : [
    {
      "jobname" : "fio_test_0",
      "groupid" : 0,
      "job_start" : 1747163745118,
      "error" : 110,
      "eta" : 0,
      "elapsed" : 111,
      "job options" : {
        "max_latency" : "1s",
        "numjobs" : "1",
        "rbdname" : "fio_test_31"
      },
      "read" : {
        "io_bytes" : 0,
        "io_kbytes" : 0,
        "bw_bytes" : 0,
        "bw" : 0,
        "iops" : 0.000000,
        "runtime" : 0,
        "total_ios" : 0,
        "short_ios" : 0,
        "drop_ios" : 0,
        "slat_ns" : {
          "min" : 0,
          "max" : 0,
          "mean" : 0.000000,
          "stddev" : 0.000000,
          "N" : 0
        },
        "clat_ns" : {
          "min" : 0,
          "max" : 0,
          "mean" : 0.000000,
          "stddev" : 0.000000,
          "N" : 0
        },
        "lat_ns" : {
          "min" : 0,
          "max" : 0,
          "mean" : 0.000000,
          "stddev" : 0.000000,
          "N" : 0
        },
        "bw_min" : 0,
        "bw_max" : 0,
        "bw_agg" : 0.000000,
        "bw_mean" : 0.000000,
        "bw_dev" : 0.000000,
        "bw_samples" : 0,
        "iops_min" : 0,
        "iops_max" : 0,
        "iops_mean" : 0.000000,
        "iops_stddev" : 0.000000,
        "iops_samples" : 0
      },
      "write" : {
        "io_bytes" : 27520139264,
        "io_kbytes" : 26875136,
        "bw_bytes" : 344570281,
        "bw" : 336494,
        "iops" : 5251.702810,
        "runtime" : 79868,
        "total_ios" : 419443,
        "short_ios" : 0,
        "drop_ios" : 0,
        "slat_ns" : {
          "min" : 4640,
          "max" : 151070,
          "mean" : 20335.075889,
          "stddev" : 8532.195280,
          "N" : 419444
        },
        "clat_ns" : {
          "min" : 508967,
          "max" : 59935773095,
          "mean" : 97013262.229878,
          "stddev" : 1940141133.214609,
          "N" : 419923,
          "percentile" : {
            "1.000000" : 2072576,
            "5.000000" : 4227072,
            "10.000000" : 6651904,
            "20.000000" : 11599872,
            "30.000000" : 16908288,
            "40.000000" : 21364736,
            "50.000000" : 25034752,
            "60.000000" : 29229056,
            "70.000000" : 33816576,
            "80.000000" : 40632320,
            "90.000000" : 55836672,
            "95.000000" : 71827456,
            "99.000000" : 125304832,
            "99.500000" : 154140672,
            "99.900000" : 17112760320,
            "99.950000" : 17112760320,
            "99.990000" : 17112760320
          }
        },
        "lat_ns" : {
          "min" : 526574,
          "max" : 59935795794,
          "mean" : 97033600.735771,
          "stddev" : 1940141043.755632,
          "N" : 419923
        },
        "bw_min" : 32,
        "bw_max" : 3074654,
        "bw_agg" : 42.534436,
        "bw_mean" : 143126.902425,
        "bw_dev" : 6163.129361,
        "bw_samples" : 419923,
        "iops_min" : 32,
        "iops_max" : 32,
        "iops_mean" : 32.000000,
        "iops_stddev" : 0.000000,
        "iops_samples" : 419923
      },
      "trim" : {
        "io_bytes" : 0,
        "io_kbytes" : 0,
        "bw_bytes" : 0,
        "bw" : 0,
        "iops" : 0.000000,
        "runtime" : 0,
        "total_ios" : 0,
        "short_ios" : 0,
        "drop_ios" : 0,
        "slat_ns" : {
          "min" : 0,
          "max" : 0,
          "mean" : 0.000000,
          "stddev" : 0.000000,
          "N" : 0
        },
        "clat_ns" : {
          "min" : 0,
          "max" : 0,
          "mean" : 0.000000,
          "stddev" : 0.000000,
          "N" : 0
        },
        "lat_ns" : {
          "min" : 0,
          "max" : 0,
          "mean" : 0.000000,
          "stddev" : 0.000000,
          "N" : 0
        },
        "bw_min" : 0,
        "bw_max" : 0,
        "bw_agg" : 0.000000,
        "bw_mean" : 0.000000,
        "bw_dev" : 0.000000,
        "bw_samples" : 0,
        "iops_min" : 0,
        "iops_max" : 0,
        "iops_mean" : 0.000000,
        "iops_stddev" : 0.000000,
        "iops_samples" : 0
      },
      "sync" : {
        "total_ios" : 0,
        "lat_ns" : {
          "min" : 0,
          "max" : 0,
          "mean" : 0.000000,
          "stddev" : 0.000000,
          "N" : 0
        }
      },
      "job_runtime" : 2547792,
      "usr_cpu" : 0.402388,
      "sys_cpu" : 0.115473,
      "ctx" : 410128,
      "majf" : 0,
      "minf" : 29277,
      "iodepth_level" : {
        "1" : 0.100000,
        "2" : 0.100000,
        "4" : 0.100000,
        "8" : 0.192636,
        "16" : 99.638807,
        "32" : 0.000000,
        ">=64" : 0.000000
      },
      "iodepth_submit" : {
        "0" : 0.000000,
        "4" : 100.000000,
        "8" : 0.000000,
        "16" : 0.000000,
        "32" : 0.000000,
        "64" : 0.000000,
        ">=64" : 0.000000
      },
      "iodepth_complete" : {
        "0" : 0.100000,
        "4" : 99.992371,
        "8" : 0.000000,
        "16" : 0.100000,
        "32" : 0.000000,
        "64" : 0.000000,
        ">=64" : 0.000000
      },
      "latency_ns" : {
        "2" : 0.000000,
        "4" : 0.000000,
        "10" : 0.000000,
        "20" : 0.000000,
        "50" : 0.000000,
        "100" : 0.000000,
        "250" : 0.000000,
        "500" : 0.000000,
        "750" : 0.000000,
        "1000" : 0.000000
      },
      "latency_us" : {
        "2" : 0.000000,
        "4" : 0.000000,
        "10" : 0.000000,
        "20" : 0.000000,
        "50" : 0.000000,
        "100" : 0.000000,
        "250" : 0.000000,
        "500" : 0.000000,
        "750" : 0.014543,
        "1000" : 0.069378
      },
      "latency_ms" : {
        "2" : 0.831102,
        "4" : 3.644357,
        "10" : 12.320387,
        "20" : 19.924042,
        "50" : 50.518187,
        "100" : 10.994104,
        "250" : 1.666019,
        "500" : 0.010252,
        "750" : 0.000000,
        "1000" : 0.000000,
        "2000" : 0.000000,
        ">=2000" : 0.122067
      },
      "latency_depth" : 16,
      "latency_target" : 0,
      "latency_percentile" : 100.000000,
      "latency_window" : 0
    }
  ],
  "disk_util" : [
    {
      "name" : "sda",
      "read_ios" : 7,
      "write_ios" : 2046,
      "read_sectors" : 72,
      "write_sectors" : 944664,
      "read_merges" : 0,
      "write_merges" : 2094,
      "read_ticks" : 1,
      "write_ticks" : 8819,
      "in_queue" : 8945,
      "util" : 0.923590
    }
  ]
}
