[
    {
        "FIO": {
            "cpu": {
                "data": [
                    222.7300000000018,
                    42.53333333333319,
                    100.3466666666673,
                    21.769999999999975,
                    76.6066666666666,
                    102.22000000000034,
                    234.83333333333564,
                    281.57666666667154,
                    309.51000000000204,
                    277.7533333333352
                ],
                "index": 10,
                "time": [
                    "19:03:28",
                    "19:06:53",
                    "19:10:17",
                    "19:13:42",
                    "19:17:11",
                    "19:20:42",
                    "19:24:16",
                    "19:29:51",
                    "19:35:25",
                    "19:41:00"
                ],
                "total": 293.1999999999998
            },
            "mem": {
                "data": [
                    41.999999999998316,
                    27.89333333333739,
                    41.999999999998316,
                    28.500000000004196,
                    40.49999999999968,
                    43.49999999999695,
                    58.50000000001101,
                    64.50000000001243,
                    79.50000000000931,
                    57.046666666677446
                ],
                "index": 10,
                "time": [
                    "19:03:28",
                    "19:06:53",
                    "19:10:17",
                    "19:13:42",
                    "19:17:11",
                    "19:20:42",
                    "19:24:16",
                    "19:29:51",
                    "19:35:25",
                    "19:41:00"
                ],
                "total": 73.2000000000005
            }
        },
        "OSD": {
            "cpu": {
                "data": [
                    0.0,
                    0.0,
                    0.0,
                    0.0,
                    0.0,
                    0.0,
                    0.0,
                    0.0,
                    0.0,
                    0.0
                ],
                "index": 10,
                "time": [
                    "19:03:28",
                    "19:06:53",
                    "19:10:17",
                    "19:13:42",
                    "19:17:11",
                    "19:20:42",
                    "19:24:16",
                    "19:29:51",
                    "19:35:25",
                    "19:41:00"
                ],
                "total": 0.0
            },
            "mem": {
                "data": [
                    0.0,
                    0.0,
                    0.0,
                    0.0,
                    0.0,
                    0.0,
                    0.0,
                    0.0,
                    0.0,
                    0.0
                ],
                "index": 10,
                "time": [
                    "19:03:28",
                    "19:06:53",
                    "19:10:17",
                    "19:13:42",
                    "19:17:11",
                    "19:20:42",
                    "19:24:16",
                    "19:29:51",
                    "19:35:25",
                    "19:41:00"
                ],
                "total": 0.0
            }
        }
    }
]