[
  {
    "metrics": [
      {
        "reactor_utilization": {
          "shard": "0",
          "value": 0.70748510000000486
        }
      },
      {
        "reactor_utilization": {
          "shard": "1",
          "value": 0.49510463999999921
        }
      },
      {
        "reactor_utilization": {
          "shard": "2",
          "value": 0.49179492000002156
        }
      },
      {
        "reactor_utilization": {
          "shard": "3",
          "value": 0.51765785999997593
        }
      },
      {
        "reactor_utilization": {
          "shard": "4",
          "value": 0.5082735799999849
        }
      },
      {
        "reactor_utilization": {
          "shard": "5",
          "value": 0.50604201999994158
        }
      },
      {
        "reactor_utilization": {
          "shard": "6",
          "value": 0.5230715599999991
        }
      },
      {
        "reactor_utilization": {
          "shard": "7",
          "value": 0.51069049999999949
        }
      },
      {
        "reactor_utilization": {
          "shard": "8",
          "value": 0.5237142399999728
        }
      },
      {
        "reactor_utilization": {
          "shard": "9",
          "value": 0.50812366000001497
        }
      },
      {
        "reactor_utilization": {
          "shard": "10",
          "value": 0.52724589999997296
        }
      },
      {
        "reactor_utilization": {
          "shard": "11",
          "value": 0.5152384999999704
        }
      },
      {
        "reactor_utilization": {
          "shard": "12",
          "value": 0.51118918000001567
        }
      },
      {
        "reactor_utilization": {
          "shard": "13",
          "value": 0.51665390000001921
        }
      },
      {
        "reactor_utilization": {
          "shard": "14",
          "value": 0.52432199999998819
        }
      },
      {
        "reactor_utilization": {
          "shard": "15",
          "value": 0.48532575999997718
        }
      },
      {
        "reactor_utilization": {
          "shard": "16",
          "value": 0.49491117999999057
        }
      },
      {
        "reactor_utilization": {
          "shard": "17",
          "value": 0.41942536000001418
        }
      },
      {
        "reactor_utilization": {
          "shard": "18",
          "value": 0.43036675999998941
        }
      },
      {
        "reactor_utilization": {
          "shard": "19",
          "value": 0.44312411999998247
        }
      },
      {
        "reactor_utilization": {
          "shard": "20",
          "value": 0.44433614000001231
        }
      },
      {
        "reactor_utilization": {
          "shard": "21",
          "value": 0.44098348000001231
        }
      },
      {
        "reactor_utilization": {
          "shard": "22",
          "value": 0.44657923999995575
        }
      },
      {
        "reactor_utilization": {
          "shard": "23",
          "value": 0.43354557999997212
        }
      },
      {
        "reactor_utilization": {
          "shard": "24",
          "value": 0.43419250000001908
        }
      },
      {
        "reactor_utilization": {
          "shard": "25",
          "value": 0.46099738000000556
        }
      },
      {
        "reactor_utilization": {
          "shard": "26",
          "value": 0.44135024000002687
        }
      },
      {
        "reactor_utilization": {
          "shard": "27",
          "value": 0.44794424000000888
        }
      }
    ]
  },
  {
    "metrics": [
      {
        "reactor_utilization": {
          "shard": "0",
          "value": 0.25465918000002752
        }
      },
      {
        "reactor_utilization": {
          "shard": "1",
          "value": 0.84004938000001861
        }
      },
      {
        "reactor_utilization": {
          "shard": "2",
          "value": 0.064520080000018964
        }
      },
      {
        "reactor_utilization": {
          "shard": "3",
          "value": 0.050675719999992985
        }
      },
      {
        "reactor_utilization": {
          "shard": "4",
          "value": 0.049988619999974393
        }
      },
      {
        "reactor_utilization": {
          "shard": "5",
          "value": 0.025790099999944971
        }
      },
      {
        "reactor_utilization": {
          "shard": "6",
          "value": 0.060603480000009924
        }
      },
      {
        "reactor_utilization": {
          "shard": "7",
          "value": 0.050782920000003173
        }
      },
      {
        "reactor_utilization": {
          "shard": "8",
          "value": 0.0422179399999556
        }
      },
      {
        "reactor_utilization": {
          "shard": "9",
          "value": 0.021070899999997561
        }
      },
      {
        "reactor_utilization": {
          "shard": "10",
          "value": 0.04388191999997737
        }
      },
      {
        "reactor_utilization": {
          "shard": "11",
          "value": 0.022863759999958155
        }
      },
      {
        "reactor_utilization": {
          "shard": "12",
          "value": 0.039243120000009846
        }
      },
      {
        "reactor_utilization": {
          "shard": "13",
          "value": 0.025995200000039631
        }
      },
      {
        "reactor_utilization": {
          "shard": "14",
          "value": 0.024882259999969847
        }
      },
      {
        "reactor_utilization": {
          "shard": "15",
          "value": 0.023102899999982718
        }
      },
      {
        "reactor_utilization": {
          "shard": "16",
          "value": 0.039201659999998917
        }
      },
      {
        "reactor_utilization": {
          "shard": "17",
          "value": 0.035208880000003884
        }
      },
      {
        "reactor_utilization": {
          "shard": "18",
          "value": 0.052964840000002678
        }
      },
      {
        "reactor_utilization": {
          "shard": "19",
          "value": 0.028067319999980356
        }
      },
      {
        "reactor_utilization": {
          "shard": "20",
          "value": 0.025887359999998694
        }
      },
      {
        "reactor_utilization": {
          "shard": "21",
          "value": 0.02720626000001225
        }
      },
      {
        "reactor_utilization": {
          "shard": "22",
          "value": 0.04062681999996709
        }
      },
      {
        "reactor_utilization": {
          "shard": "23",
          "value": 0.033048719999972942
        }
      },
      {
        "reactor_utilization": {
          "shard": "24",
          "value": 0.044071199999995425
        }
      },
      {
        "reactor_utilization": {
          "shard": "25",
          "value": 0.039848400000019879
        }
      },
      {
        "reactor_utilization": {
          "shard": "26",
          "value": 0.050202620000017184
        }
      },
      {
        "reactor_utilization": {
          "shard": "27",
          "value": 0.084442039999998997
        }
      }
    ]
  },
  {
    "metrics": [
      {
        "reactor_utilization": {
          "shard": "0",
          "value": 0.1229589400000286
        }
      },
      {
        "reactor_utilization": {
          "shard": "1",
          "value": 0.025730520000011303
        }
      },
      {
        "reactor_utilization": {
          "shard": "2",
          "value": 0.024061119999996272
        }
      },
      {
        "reactor_utilization": {
          "shard": "3",
          "value": 0.023367779999994287
        }
      },
      {
        "reactor_utilization": {
          "shard": "4",
          "value": 0.021227259999978543
        }
      },
      {
        "reactor_utilization": {
          "shard": "5",
          "value": 0.043533079999957813
        }
      },
      {
        "reactor_utilization": {
          "shard": "6",
          "value": 0.020798360000007232
        }
      },
      {
        "reactor_utilization": {
          "shard": "7",
          "value": 0.022991220000001533
        }
      },
      {
        "reactor_utilization": {
          "shard": "8",
          "value": 0.021860179999944052
        }
      },
      {
        "reactor_utilization": {
          "shard": "9",
          "value": 0.022347379999987371
        }
      },
      {
        "reactor_utilization": {
          "shard": "10",
          "value": 0.02036261999998068
        }
      },
      {
        "reactor_utilization": {
          "shard": "11",
          "value": 0.021416539999941087
        }
      },
      {
        "reactor_utilization": {
          "shard": "12",
          "value": 0.021224100000005741
        }
      },
      {
        "reactor_utilization": {
          "shard": "13",
          "value": 0.022646860000041791
        }
      },
      {
        "reactor_utilization": {
          "shard": "14",
          "value": 0.018218239999967523
        }
      },
      {
        "reactor_utilization": {
          "shard": "15",
          "value": 0.021122819999996878
        }
      },
      {
        "reactor_utilization": {
          "shard": "16",
          "value": 0.021609980000025786
        }
      },
      {
        "reactor_utilization": {
          "shard": "17",
          "value": 0.019270980000007931
        }
      },
      {
        "reactor_utilization": {
          "shard": "18",
          "value": 0.022627340000003215
        }
      },
      {
        "reactor_utilization": {
          "shard": "19",
          "value": 0.021925439999992413
        }
      },
      {
        "reactor_utilization": {
          "shard": "20",
          "value": 0.022726799999994718
        }
      },
      {
        "reactor_utilization": {
          "shard": "21",
          "value": 0.019927300000033288
        }
      },
      {
        "reactor_utilization": {
          "shard": "22",
          "value": 0.020545259999971144
        }
      },
      {
        "reactor_utilization": {
          "shard": "23",
          "value": 0.020178179999996715
        }
      },
      {
        "reactor_utilization": {
          "shard": "24",
          "value": 0.025699479999996555
        }
      },
      {
        "reactor_utilization": {
          "shard": "25",
          "value": 0.019778720000007688
        }
      },
      {
        "reactor_utilization": {
          "shard": "26",
          "value": 0.023111320000035462
        }
      },
      {
        "reactor_utilization": {
          "shard": "27",
          "value": 0.021476160000011291
        }
      }
    ]
  },
  {
    "metrics": [
      {
        "reactor_utilization": {
          "shard": "0",
          "value": 0.115472640000025
        }
      },
      {
        "reactor_utilization": {
          "shard": "1",
          "value": 0.032748940000004723
        }
      },
      {
        "reactor_utilization": {
          "shard": "2",
          "value": 0.038213280000021221
        }
      },
      {
        "reactor_utilization": {
          "shard": "3",
          "value": 0.029943919999997348
        }
      },
      {
        "reactor_utilization": {
          "shard": "4",
          "value": 0.032577959999979811
        }
      },
      {
        "reactor_utilization": {
          "shard": "5",
          "value": 0.048123579999947985
        }
      },
      {
        "reactor_utilization": {
          "shard": "6",
          "value": 0.034560280000017762
        }
      },
      {
        "reactor_utilization": {
          "shard": "7",
          "value": 0.033382739999998634
        }
      },
      {
        "reactor_utilization": {
          "shard": "8",
          "value": 0.035915739999947682
        }
      },
      {
        "reactor_utilization": {
          "shard": "9",
          "value": 0.034284959999975051
        }
      },
      {
        "reactor_utilization": {
          "shard": "10",
          "value": 0.033745999999967857
        }
      },
      {
        "reactor_utilization": {
          "shard": "11",
          "value": 0.033997539999952586
        }
      },
      {
        "reactor_utilization": {
          "shard": "12",
          "value": 0.033947040000015249
        }
      },
      {
        "reactor_utilization": {
          "shard": "13",
          "value": 0.033875600000055073
        }
      },
      {
        "reactor_utilization": {
          "shard": "14",
          "value": 0.030322859999976082
        }
      },
      {
        "reactor_utilization": {
          "shard": "15",
          "value": 0.034745579999984066
        }
      },
      {
        "reactor_utilization": {
          "shard": "16",
          "value": 0.03530650000002078
        }
      },
      {
        "reactor_utilization": {
          "shard": "17",
          "value": 0.028614240000024438
        }
      },
      {
        "reactor_utilization": {
          "shard": "18",
          "value": 0.030150759999991728
        }
      },
      {
        "reactor_utilization": {
          "shard": "19",
          "value": 0.034702579999990046
        }
      },
      {
        "reactor_utilization": {
          "shard": "20",
          "value": 0.030351540000006505
        }
      },
      {
        "reactor_utilization": {
          "shard": "21",
          "value": 0.033036080000015122
        }
      },
      {
        "reactor_utilization": {
          "shard": "22",
          "value": 0.033998899999965193
        }
      },
      {
        "reactor_utilization": {
          "shard": "23",
          "value": 0.033646139999987668
        }
      },
      {
        "reactor_utilization": {
          "shard": "24",
          "value": 0.032141039999999954
        }
      },
      {
        "reactor_utilization": {
          "shard": "25",
          "value": 0.032680860000022793
        }
      },
      {
        "reactor_utilization": {
          "shard": "26",
          "value": 0.037808360000035623
        }
      },
      {
        "reactor_utilization": {
          "shard": "27",
          "value": 0.03213886000001942
        }
      }
    ]
  },
  {
    "metrics": [
      {
        "reactor_utilization": {
          "shard": "0",
          "value": 0.097879600000017053
        }
      },
      {
        "reactor_utilization": {
          "shard": "1",
          "value": 0.018064399999995207
        }
      },
      {
        "reactor_utilization": {
          "shard": "2",
          "value": 0.018806620000022534
        }
      },
      {
        "reactor_utilization": {
          "shard": "3",
          "value": 0.019377199999992545
        }
      },
      {
        "reactor_utilization": {
          "shard": "4",
          "value": 0.021244739999981554
        }
      },
      {
        "reactor_utilization": {
          "shard": "5",
          "value": 0.036389419999938166
        }
      },
      {
        "reactor_utilization": {
          "shard": "6",
          "value": 0.021740720000007485
        }
      },
      {
        "reactor_utilization": {
          "shard": "7",
          "value": 0.021044100000033872
        }
      },
      {
        "reactor_utilization": {
          "shard": "8",
          "value": 0.023118279999967406
        }
      },
      {
        "reactor_utilization": {
          "shard": "9",
          "value": 0.021420039999986429
        }
      },
      {
        "reactor_utilization": {
          "shard": "10",
          "value": 0.020546759999984232
        }
      },
      {
        "reactor_utilization": {
          "shard": "11",
          "value": 0.019826279999946017
        }
      },
      {
        "reactor_utilization": {
          "shard": "12",
          "value": 0.020336860000014223
        }
      },
      {
        "reactor_utilization": {
          "shard": "13",
          "value": 0.024472600000047251
        }
      },
      {
        "reactor_utilization": {
          "shard": "14",
          "value": 0.020338599999991658
        }
      },
      {
        "reactor_utilization": {
          "shard": "15",
          "value": 0.020678139999974476
        }
      },
      {
        "reactor_utilization": {
          "shard": "16",
          "value": 0.022395160000010517
        }
      },
      {
        "reactor_utilization": {
          "shard": "17",
          "value": 0.020322840000019937
        }
      },
      {
        "reactor_utilization": {
          "shard": "18",
          "value": 0.021340480000020534
        }
      },
      {
        "reactor_utilization": {
          "shard": "19",
          "value": 0.023389060000011952
        }
      },
      {
        "reactor_utilization": {
          "shard": "20",
          "value": 0.021737140000011035
        }
      },
      {
        "reactor_utilization": {
          "shard": "21",
          "value": 0.021948040000019375
        }
      },
      {
        "reactor_utilization": {
          "shard": "22",
          "value": 0.020889319999972678
        }
      },
      {
        "reactor_utilization": {
          "shard": "23",
          "value": 0.021655159999967033
        }
      },
      {
        "reactor_utilization": {
          "shard": "24",
          "value": 0.022002999999992667
        }
      },
      {
        "reactor_utilization": {
          "shard": "25",
          "value": 0.02256428000002586
        }
      },
      {
        "reactor_utilization": {
          "shard": "26",
          "value": 0.023561160000018511
        }
      },
      {
        "reactor_utilization": {
          "shard": "27",
          "value": 0.021706200000015663
        }
      }
    ]
  },
  {
    "metrics": [
      {
        "reactor_utilization": {
          "shard": "0",
          "value": 0.10653792000001605
        }
      },
      {
        "reactor_utilization": {
          "shard": "1",
          "value": 0.029686839999998327
        }
      },
      {
        "reactor_utilization": {
          "shard": "2",
          "value": 0.028482400000040542
        }
      },
      {
        "reactor_utilization": {
          "shard": "3",
          "value": 0.030672479999993563
        }
      },
      {
        "reactor_utilization": {
          "shard": "4",
          "value": 0.029221619999963977
        }
      },
      {
        "reactor_utilization": {
          "shard": "5",
          "value": 0.047706099999933471
        }
      },
      {
        "reactor_utilization": {
          "shard": "6",
          "value": 0.028735200000018501
        }
      },
      {
        "reactor_utilization": {
          "shard": "7",
          "value": 0.031640080000006066
        }
      },
      {
        "reactor_utilization": {
          "shard": "8",
          "value": 0.031608439999963878
        }
      },
      {
        "reactor_utilization": {
          "shard": "9",
          "value": 0.028627039999984394
        }
      },
      {
        "reactor_utilization": {
          "shard": "10",
          "value": 0.028999859999967459
        }
      },
      {
        "reactor_utilization": {
          "shard": "11",
          "value": 0.030607479999933407
        }
      },
      {
        "reactor_utilization": {
          "shard": "12",
          "value": 0.029301680000015651
        }
      },
      {
        "reactor_utilization": {
          "shard": "13",
          "value": 0.030360660000039452
        }
      },
      {
        "reactor_utilization": {
          "shard": "14",
          "value": 0.027144819999980196
        }
      },
      {
        "reactor_utilization": {
          "shard": "15",
          "value": 0.030014059999960985
        }
      },
      {
        "reactor_utilization": {
          "shard": "16",
          "value": 0.032117939999998235
        }
      },
      {
        "reactor_utilization": {
          "shard": "17",
          "value": 0.026176420000023626
        }
      },
      {
        "reactor_utilization": {
          "shard": "18",
          "value": 0.029593560000007457
        }
      },
      {
        "reactor_utilization": {
          "shard": "19",
          "value": 0.030626900000019219
        }
      },
      {
        "reactor_utilization": {
          "shard": "20",
          "value": 0.029537520000011419
        }
      },
      {
        "reactor_utilization": {
          "shard": "21",
          "value": 0.028834240000019662
        }
      },
      {
        "reactor_utilization": {
          "shard": "22",
          "value": 0.028371319999964673
        }
      },
      {
        "reactor_utilization": {
          "shard": "23",
          "value": 0.028879099999967739
        }
      },
      {
        "reactor_utilization": {
          "shard": "24",
          "value": 0.029026959999989277
        }
      },
      {
        "reactor_utilization": {
          "shard": "25",
          "value": 0.027665420000011487
        }
      },
      {
        "reactor_utilization": {
          "shard": "26",
          "value": 0.030212540000018606
        }
      },
      {
        "reactor_utilization": {
          "shard": "27",
          "value": 0.027962320000030072
        }
      }
    ]
  },
  {
    "metrics": [
      {
        "reactor_utilization": {
          "shard": "0",
          "value": 0.093709380000017717
        }
      },
      {
        "reactor_utilization": {
          "shard": "1",
          "value": 0.025696620000004167
        }
      },
      {
        "reactor_utilization": {
          "shard": "2",
          "value": 0.02907660000002199
        }
      },
      {
        "reactor_utilization": {
          "shard": "3",
          "value": 0.022689659999985956
        }
      },
      {
        "reactor_utilization": {
          "shard": "4",
          "value": 0.030563759999968632
        }
      },
      {
        "reactor_utilization": {
          "shard": "5",
          "value": 0.036475319999929035
        }
      },
      {
        "reactor_utilization": {
          "shard": "6",
          "value": 0.02278490000000577
        }
      },
      {
        "reactor_utilization": {
          "shard": "7",
          "value": 0.02187594000000459
        }
      },
      {
        "reactor_utilization": {
          "shard": "8",
          "value": 0.021748179999958595
        }
      },
      {
        "reactor_utilization": {
          "shard": "9",
          "value": 0.02291627999997381
        }
      },
      {
        "reactor_utilization": {
          "shard": "10",
          "value": 0.024817719999981058
        }
      },
      {
        "reactor_utilization": {
          "shard": "11",
          "value": 0.02781883999993795
        }
      },
      {
        "reactor_utilization": {
          "shard": "12",
          "value": 0.026088560000026018
        }
      },
      {
        "reactor_utilization": {
          "shard": "13",
          "value": 0.026483900000040528
        }
      },
      {
        "reactor_utilization": {
          "shard": "14",
          "value": 0.02163214000000524
        }
      },
      {
        "reactor_utilization": {
          "shard": "15",
          "value": 0.023985659999947728
        }
      },
      {
        "reactor_utilization": {
          "shard": "16",
          "value": 0.024833439999993878
        }
      },
      {
        "reactor_utilization": {
          "shard": "17",
          "value": 0.026658460000017481
        }
      },
      {
        "reactor_utilization": {
          "shard": "18",
          "value": 0.023063640000009489
        }
      },
      {
        "reactor_utilization": {
          "shard": "19",
          "value": 0.028571480000016969
        }
      },
      {
        "reactor_utilization": {
          "shard": "20",
          "value": 0.025108940000007074
        }
      },
      {
        "reactor_utilization": {
          "shard": "21",
          "value": 0.022503200000034695
        }
      },
      {
        "reactor_utilization": {
          "shard": "22",
          "value": 0.022464299999969128
        }
      },
      {
        "reactor_utilization": {
          "shard": "23",
          "value": 0.026497999999963717
        }
      },
      {
        "reactor_utilization": {
          "shard": "24",
          "value": 0.027369319999992481
        }
      },
      {
        "reactor_utilization": {
          "shard": "25",
          "value": 0.022550120000019991
        }
      },
      {
        "reactor_utilization": {
          "shard": "26",
          "value": 0.028689640000034711
        }
      },
      {
        "reactor_utilization": {
          "shard": "27",
          "value": 0.025106540000030542
        }
      }
    ]
  },
  {
    "metrics": [
      {
        "reactor_utilization": {
          "shard": "0",
          "value": 0.083234420000000142
        }
      },
      {
        "reactor_utilization": {
          "shard": "1",
          "value": 0.021378019999995779
        }
      },
      {
        "reactor_utilization": {
          "shard": "2",
          "value": 0.024028420000021811
        }
      },
      {
        "reactor_utilization": {
          "shard": "3",
          "value": 0.022641600000006257
        }
      },
      {
        "reactor_utilization": {
          "shard": "4",
          "value": 0.021403139999942589
        }
      },
      {
        "reactor_utilization": {
          "shard": "5",
          "value": 0.031731799999912269
        }
      },
      {
        "reactor_utilization": {
          "shard": "6",
          "value": 0.021268260000018024
        }
      },
      {
        "reactor_utilization": {
          "shard": "7",
          "value": 0.020842860000003238
        }
      },
      {
        "reactor_utilization": {
          "shard": "8",
          "value": 0.022542239999945313
        }
      },
      {
        "reactor_utilization": {
          "shard": "9",
          "value": 0.021734939999973335
        }
      },
      {
        "reactor_utilization": {
          "shard": "10",
          "value": 0.021146699999974317
        }
      },
      {
        "reactor_utilization": {
          "shard": "11",
          "value": 0.023047019999966611
        }
      },
      {
        "reactor_utilization": {
          "shard": "12",
          "value": 0.022229820000041478
        }
      },
      {
        "reactor_utilization": {
          "shard": "13",
          "value": 0.022365920000055883
        }
      },
      {
        "reactor_utilization": {
          "shard": "14",
          "value": 0.020328520000034711
        }
      },
      {
        "reactor_utilization": {
          "shard": "15",
          "value": 0.021107819999932609
        }
      },
      {
        "reactor_utilization": {
          "shard": "16",
          "value": 0.025195840000002967
        }
      },
      {
        "reactor_utilization": {
          "shard": "17",
          "value": 0.021835640000023027
        }
      },
      {
        "reactor_utilization": {
          "shard": "18",
          "value": 0.02046946000000549
        }
      },
      {
        "reactor_utilization": {
          "shard": "19",
          "value": 0.023704840000027261
        }
      },
      {
        "reactor_utilization": {
          "shard": "20",
          "value": 0.022052540000006005
        }
      },
      {
        "reactor_utilization": {
          "shard": "21",
          "value": 0.021627480000030452
        }
      },
      {
        "reactor_utilization": {
          "shard": "22",
          "value": 0.020681279999990032
        }
      },
      {
        "reactor_utilization": {
          "shard": "23",
          "value": 0.021162819999942517
        }
      },
      {
        "reactor_utilization": {
          "shard": "24",
          "value": 0.022298499999973131
        }
      },
      {
        "reactor_utilization": {
          "shard": "25",
          "value": 0.023465300000014011
        }
      },
      {
        "reactor_utilization": {
          "shard": "26",
          "value": 0.024356420000026802
        }
      },
      {
        "reactor_utilization": {
          "shard": "27",
          "value": 0.020574760000058312
        }
      }
    ]
  },
  {
    "metrics": [
      {
        "reactor_utilization": {
          "shard": "0",
          "value": 0.086491940000010814
        }
      },
      {
        "reactor_utilization": {
          "shard": "1",
          "value": 0.026073680000004984
        }
      },
      {
        "reactor_utilization": {
          "shard": "2",
          "value": 0.026220220000017225
        }
      },
      {
        "reactor_utilization": {
          "shard": "3",
          "value": 0.026027880000001336
        }
      },
      {
        "reactor_utilization": {
          "shard": "4",
          "value": 0.022572819999933103
        }
      },
      {
        "reactor_utilization": {
          "shard": "5",
          "value": 0.037315179999897197
        }
      },
      {
        "reactor_utilization": {
          "shard": "6",
          "value": 0.025702360000035007
        }
      },
      {
        "reactor_utilization": {
          "shard": "7",
          "value": 0.02428197999999604
        }
      },
      {
        "reactor_utilization": {
          "shard": "8",
          "value": 0.025646739999940493
        }
      },
      {
        "reactor_utilization": {
          "shard": "9",
          "value": 0.025555319999981396
        }
      },
      {
        "reactor_utilization": {
          "shard": "10",
          "value": 0.022908199999971401
        }
      },
      {
        "reactor_utilization": {
          "shard": "11",
          "value": 0.024792399999973291
        }
      },
      {
        "reactor_utilization": {
          "shard": "12",
          "value": 0.025200220000032303
        }
      },
      {
        "reactor_utilization": {
          "shard": "13",
          "value": 0.023251340000063347
        }
      },
      {
        "reactor_utilization": {
          "shard": "14",
          "value": 0.022209960000041384
        }
      },
      {
        "reactor_utilization": {
          "shard": "15",
          "value": 0.023719799999932789
        }
      },
      {
        "reactor_utilization": {
          "shard": "16",
          "value": 0.025938540000014498
        }
      },
      {
        "reactor_utilization": {
          "shard": "17",
          "value": 0.023420620000025316
        }
      },
      {
        "reactor_utilization": {
          "shard": "18",
          "value": 0.026298159999993409
        }
      },
      {
        "reactor_utilization": {
          "shard": "19",
          "value": 0.023747740000001905
        }
      },
      {
        "reactor_utilization": {
          "shard": "20",
          "value": 0.025315120000002356
        }
      },
      {
        "reactor_utilization": {
          "shard": "21",
          "value": 0.024869360000057128
        }
      },
      {
        "reactor_utilization": {
          "shard": "22",
          "value": 0.025083000000014621
        }
      },
      {
        "reactor_utilization": {
          "shard": "23",
          "value": 0.022112539999941117
        }
      },
      {
        "reactor_utilization": {
          "shard": "24",
          "value": 0.022664739999966876
        }
      },
      {
        "reactor_utilization": {
          "shard": "25",
          "value": 0.026229160000024176
        }
      },
      {
        "reactor_utilization": {
          "shard": "26",
          "value": 0.026456580000033814
        }
      },
      {
        "reactor_utilization": {
          "shard": "27",
          "value": 0.022002320000058528
        }
      }
    ]
  },
  {
    "metrics": [
      {
        "reactor_utilization": {
          "shard": "0",
          "value": 0.091379980000017014
        }
      },
      {
        "reactor_utilization": {
          "shard": "1",
          "value": 0.023724980000017215
        }
      },
      {
        "reactor_utilization": {
          "shard": "2",
          "value": 0.027028120000027744
        }
      },
      {
        "reactor_utilization": {
          "shard": "3",
          "value": 0.025000720000001309
        }
      },
      {
        "reactor_utilization": {
          "shard": "4",
          "value": 0.02830383999994357
        }
      },
      {
        "reactor_utilization": {
          "shard": "5",
          "value": 0.035713779999890782
        }
      },
      {
        "reactor_utilization": {
          "shard": "6",
          "value": 0.021407420000030264
        }
      },
      {
        "reactor_utilization": {
          "shard": "7",
          "value": 0.022245580000002096
        }
      },
      {
        "reactor_utilization": {
          "shard": "8",
          "value": 0.022499559999955565
        }
      },
      {
        "reactor_utilization": {
          "shard": "9",
          "value": 0.024258239999974673
        }
      },
      {
        "reactor_utilization": {
          "shard": "10",
          "value": 0.02690249999999228
        }
      },
      {
        "reactor_utilization": {
          "shard": "11",
          "value": 0.02465283999995016
        }
      },
      {
        "reactor_utilization": {
          "shard": "12",
          "value": 0.025981740000013964
        }
      },
      {
        "reactor_utilization": {
          "shard": "13",
          "value": 0.020446600000068038
        }
      },
      {
        "reactor_utilization": {
          "shard": "14",
          "value": 0.022507320000042519
        }
      },
      {
        "reactor_utilization": {
          "shard": "15",
          "value": 0.02518315999995302
        }
      },
      {
        "reactor_utilization": {
          "shard": "16",
          "value": 0.025125780000023745
        }
      },
      {
        "reactor_utilization": {
          "shard": "17",
          "value": 0.027254380000019118
        }
      },
      {
        "reactor_utilization": {
          "shard": "18",
          "value": 0.022082800000000624
        }
      },
      {
        "reactor_utilization": {
          "shard": "19",
          "value": 0.025291100000002231
        }
      },
      {
        "reactor_utilization": {
          "shard": "20",
          "value": 0.024899420000024097
        }
      },
      {
        "reactor_utilization": {
          "shard": "21",
          "value": 0.022890400000052935
        }
      },
      {
        "reactor_utilization": {
          "shard": "22",
          "value": 0.023640799999991025
        }
      },
      {
        "reactor_utilization": {
          "shard": "23",
          "value": 0.022871319999961948
        }
      },
      {
        "reactor_utilization": {
          "shard": "24",
          "value": 0.024102799999958791
        }
      },
      {
        "reactor_utilization": {
          "shard": "25",
          "value": 0.021906860000020512
        }
      },
      {
        "reactor_utilization": {
          "shard": "26",
          "value": 0.028572380000024822
        }
      },
      {
        "reactor_utilization": {
          "shard": "27",
          "value": 0.022753180000067985
        }
      }
    ]
  },
  {
    "metrics": [
      {
        "reactor_utilization": {
          "shard": "0",
          "value": 0.095992160000013538
        }
      },
      {
        "reactor_utilization": {
          "shard": "1",
          "value": 0.014983360000009327
        }
      },
      {
        "reactor_utilization": {
          "shard": "2",
          "value": 0.015855260000052773
        }
      },
      {
        "reactor_utilization": {
          "shard": "3",
          "value": 0.015349639999984177
        }
      },
      {
        "reactor_utilization": {
          "shard": "4",
          "value": 0.014445519999939371
        }
      },
      {
        "reactor_utilization": {
          "shard": "5",
          "value": 0.025423639999877512
        }
      },
      {
        "reactor_utilization": {
          "shard": "6",
          "value": 0.016336700000052495
        }
      },
      {
        "reactor_utilization": {
          "shard": "7",
          "value": 0.014191160000009972
        }
      },
      {
        "reactor_utilization": {
          "shard": "8",
          "value": 0.01571589999994627
        }
      },
      {
        "reactor_utilization": {
          "shard": "9",
          "value": 0.015737100000001725
        }
      },
      {
        "reactor_utilization": {
          "shard": "10",
          "value": 0.012932919999997239
        }
      },
      {
        "reactor_utilization": {
          "shard": "11",
          "value": 0.016112139999946429
        }
      },
      {
        "reactor_utilization": {
          "shard": "12",
          "value": 0.016615140000042494
        }
      },
      {
        "reactor_utilization": {
          "shard": "13",
          "value": 0.016801100000041203
        }
      },
      {
        "reactor_utilization": {
          "shard": "14",
          "value": 0.015960680000060012
        }
      },
      {
        "reactor_utilization": {
          "shard": "15",
          "value": 0.014649119999965432
        }
      },
      {
        "reactor_utilization": {
          "shard": "16",
          "value": 0.01679954000002315
        }
      },
      {
        "reactor_utilization": {
          "shard": "17",
          "value": 0.017637740000020496
        }
      },
      {
        "reactor_utilization": {
          "shard": "18",
          "value": 0.014428980000003033
        }
      },
      {
        "reactor_utilization": {
          "shard": "19",
          "value": 0.014127939999997174
        }
      },
      {
        "reactor_utilization": {
          "shard": "20",
          "value": 0.019272820000015844
        }
      },
      {
        "reactor_utilization": {
          "shard": "21",
          "value": 0.016322140000069041
        }
      },
      {
        "reactor_utilization": {
          "shard": "22",
          "value": 0.0151834799999917
        }
      },
      {
        "reactor_utilization": {
          "shard": "23",
          "value": 0.015016639999976267
        }
      },
      {
        "reactor_utilization": {
          "shard": "24",
          "value": 0.017885979999965329
        }
      },
      {
        "reactor_utilization": {
          "shard": "25",
          "value": 0.01449066000003274
        }
      },
      {
        "reactor_utilization": {
          "shard": "26",
          "value": 0.016749460000009542
        }
      },
      {
        "reactor_utilization": {
          "shard": "27",
          "value": 0.014551240000071353
        }
      }
    ]
  },
  {
    "metrics": [
      {
        "reactor_utilization": {
          "shard": "0",
          "value": 0.096234139999995527
        }
      },
      {
        "reactor_utilization": {
          "shard": "1",
          "value": 0.02481636000001286
        }
      },
      {
        "reactor_utilization": {
          "shard": "2",
          "value": 0.025851380000019297
        }
      },
      {
        "reactor_utilization": {
          "shard": "3",
          "value": 0.025361060000017588
        }
      },
      {
        "reactor_utilization": {
          "shard": "4",
          "value": 0.028026299999950322
        }
      },
      {
        "reactor_utilization": {
          "shard": "5",
          "value": 0.040973139999878061
        }
      },
      {
        "reactor_utilization": {
          "shard": "6",
          "value": 0.026075300000039103
        }
      },
      {
        "reactor_utilization": {
          "shard": "7",
          "value": 0.023907820000013125
        }
      },
      {
        "reactor_utilization": {
          "shard": "8",
          "value": 0.026528319999941097
        }
      },
      {
        "reactor_utilization": {
          "shard": "9",
          "value": 0.023846899999990789
        }
      },
      {
        "reactor_utilization": {
          "shard": "10",
          "value": 0.020335620000011545
        }
      },
      {
        "reactor_utilization": {
          "shard": "11",
          "value": 0.024776359999933995
        }
      },
      {
        "reactor_utilization": {
          "shard": "12",
          "value": 0.023816880000060436
        }
      },
      {
        "reactor_utilization": {
          "shard": "13",
          "value": 0.0252315000000225
        }
      },
      {
        "reactor_utilization": {
          "shard": "14",
          "value": 0.02360870000007731
        }
      },
      {
        "reactor_utilization": {
          "shard": "15",
          "value": 0.02443231999995632
        }
      },
      {
        "reactor_utilization": {
          "shard": "16",
          "value": 0.024689480000028574
        }
      },
      {
        "reactor_utilization": {
          "shard": "17",
          "value": 0.026047520000016533
        }
      },
      {
        "reactor_utilization": {
          "shard": "18",
          "value": 0.027814740000009497
        }
      },
      {
        "reactor_utilization": {
          "shard": "19",
          "value": 0.023118820000012086
        }
      },
      {
        "reactor_utilization": {
          "shard": "20",
          "value": 0.026447120000017144
        }
      },
      {
        "reactor_utilization": {
          "shard": "21",
          "value": 0.026413840000072408
        }
      },
      {
        "reactor_utilization": {
          "shard": "22",
          "value": 0.026377519999987165
        }
      },
      {
        "reactor_utilization": {
          "shard": "23",
          "value": 0.024701439999974539
        }
      },
      {
        "reactor_utilization": {
          "shard": "24",
          "value": 0.027467759999966201
        }
      },
      {
        "reactor_utilization": {
          "shard": "25",
          "value": 0.024581320000027773
        }
      },
      {
        "reactor_utilization": {
          "shard": "26",
          "value": 0.024898260000028039
        }
      },
      {
        "reactor_utilization": {
          "shard": "27",
          "value": 0.0269843000000769
        }
      }
    ]
  },
  {
    "metrics": [
      {
        "reactor_utilization": {
          "shard": "0",
          "value": 0.080483340000014891
        }
      },
      {
        "reactor_utilization": {
          "shard": "1",
          "value": 0.02933134000002724
        }
      },
      {
        "reactor_utilization": {
          "shard": "2",
          "value": 0.025486680000008644
        }
      },
      {
        "reactor_utilization": {
          "shard": "3",
          "value": 0.023361640000019168
        }
      },
      {
        "reactor_utilization": {
          "shard": "4",
          "value": 0.022302659999928753
        }
      },
      {
        "reactor_utilization": {
          "shard": "5",
          "value": 0.036255079999869544
        }
      },
      {
        "reactor_utilization": {
          "shard": "6",
          "value": 0.023045080000050344
        }
      },
      {
        "reactor_utilization": {
          "shard": "7",
          "value": 0.025777560000028732
        }
      },
      {
        "reactor_utilization": {
          "shard": "8",
          "value": 0.024726159999943764
        }
      },
      {
        "reactor_utilization": {
          "shard": "9",
          "value": 0.025026559999985487
        }
      },
      {
        "reactor_utilization": {
          "shard": "10",
          "value": 0.023552180000008249
        }
      },
      {
        "reactor_utilization": {
          "shard": "11",
          "value": 0.026501959999936098
        }
      },
      {
        "reactor_utilization": {
          "shard": "12",
          "value": 0.023454620000040727
        }
      },
      {
        "reactor_utilization": {
          "shard": "13",
          "value": 0.026308900000004964
        }
      },
      {
        "reactor_utilization": {
          "shard": "14",
          "value": 0.025822360000105071
        }
      },
      {
        "reactor_utilization": {
          "shard": "15",
          "value": 0.023005439999945754
        }
      },
      {
        "reactor_utilization": {
          "shard": "16",
          "value": 0.022415160000033296
        }
      },
      {
        "reactor_utilization": {
          "shard": "17",
          "value": 0.023746560000015293
        }
      },
      {
        "reactor_utilization": {
          "shard": "18",
          "value": 0.025890220000002184
        }
      },
      {
        "reactor_utilization": {
          "shard": "19",
          "value": 0.02344577999999764
        }
      },
      {
        "reactor_utilization": {
          "shard": "20",
          "value": 0.025259919999998104
        }
      },
      {
        "reactor_utilization": {
          "shard": "21",
          "value": 0.025366380000069189
        }
      },
      {
        "reactor_utilization": {
          "shard": "22",
          "value": 0.025103879999988088
        }
      },
      {
        "reactor_utilization": {
          "shard": "23",
          "value": 0.020834039999984011
        }
      },
      {
        "reactor_utilization": {
          "shard": "24",
          "value": 0.023222279999957074
        }
      },
      {
        "reactor_utilization": {
          "shard": "25",
          "value": 0.02492194000004444
        }
      },
      {
        "reactor_utilization": {
          "shard": "26",
          "value": 0.023377580000039089
        }
      },
      {
        "reactor_utilization": {
          "shard": "27",
          "value": 0.022330680000093306
        }
      }
    ]
  },
  {
    "metrics": [
      {
        "reactor_utilization": {
          "shard": "0",
          "value": 0.11001332000003528
        }
      },
      {
        "reactor_utilization": {
          "shard": "1",
          "value": 0.023603080000034193
        }
      },
      {
        "reactor_utilization": {
          "shard": "2",
          "value": 0.022643160000024309
        }
      },
      {
        "reactor_utilization": {
          "shard": "3",
          "value": 0.021760660000014198
        }
      },
      {
        "reactor_utilization": {
          "shard": "4",
          "value": 0.020805559999925727
        }
      },
      {
        "reactor_utilization": {
          "shard": "5",
          "value": 0.033450439999871406
        }
      },
      {
        "reactor_utilization": {
          "shard": "6",
          "value": 0.01865144000006147
        }
      },
      {
        "reactor_utilization": {
          "shard": "7",
          "value": 0.020850380000014823
        }
      },
      {
        "reactor_utilization": {
          "shard": "8",
          "value": 0.020086019999965288
        }
      },
      {
        "reactor_utilization": {
          "shard": "9",
          "value": 0.020941919999994951
        }
      },
      {
        "reactor_utilization": {
          "shard": "10",
          "value": 0.019112219999994906
        }
      },
      {
        "reactor_utilization": {
          "shard": "11",
          "value": 0.020979999999926058
        }
      },
      {
        "reactor_utilization": {
          "shard": "12",
          "value": 0.02328324000003823
        }
      },
      {
        "reactor_utilization": {
          "shard": "13",
          "value": 0.022874940000006116
        }
      },
      {
        "reactor_utilization": {
          "shard": "14",
          "value": 0.024001560000108668
        }
      },
      {
        "reactor_utilization": {
          "shard": "15",
          "value": 0.019389879999975879
        }
      },
      {
        "reactor_utilization": {
          "shard": "16",
          "value": 0.021397000000022981
        }
      },
      {
        "reactor_utilization": {
          "shard": "17",
          "value": 0.021275200000014927
        }
      },
      {
        "reactor_utilization": {
          "shard": "18",
          "value": 0.023294779999982751
        }
      },
      {
        "reactor_utilization": {
          "shard": "19",
          "value": 0.018848580000030424
        }
      },
      {
        "reactor_utilization": {
          "shard": "20",
          "value": 0.023030980000027235
        }
      },
      {
        "reactor_utilization": {
          "shard": "21",
          "value": 0.021080880000057256
        }
      },
      {
        "reactor_utilization": {
          "shard": "22",
          "value": 0.022688639999990379
        }
      },
      {
        "reactor_utilization": {
          "shard": "23",
          "value": 0.023242539999979162
        }
      },
      {
        "reactor_utilization": {
          "shard": "24",
          "value": 0.021808919999943832
        }
      },
      {
        "reactor_utilization": {
          "shard": "25",
          "value": 0.022770420000040037
        }
      },
      {
        "reactor_utilization": {
          "shard": "26",
          "value": 0.022749480000050504
        }
      },
      {
        "reactor_utilization": {
          "shard": "27",
          "value": 0.024003880000100786
        }
      }
    ]
  },
  {
    "metrics": [
      {
        "reactor_utilization": {
          "shard": "0",
          "value": 0.10072282000002097
        }
      },
      {
        "reactor_utilization": {
          "shard": "1",
          "value": 0.029693480000059225
        }
      },
      {
        "reactor_utilization": {
          "shard": "2",
          "value": 0.029442120000000571
        }
      },
      {
        "reactor_utilization": {
          "shard": "3",
          "value": 0.022683860000016765
        }
      },
      {
        "reactor_utilization": {
          "shard": "4",
          "value": 0.02568655999992675
        }
      },
      {
        "reactor_utilization": {
          "shard": "5",
          "value": 0.043251399999855167
        }
      },
      {
        "reactor_utilization": {
          "shard": "6",
          "value": 0.024304760000082304
        }
      },
      {
        "reactor_utilization": {
          "shard": "7",
          "value": 0.024287700000025225
        }
      },
      {
        "reactor_utilization": {
          "shard": "8",
          "value": 0.023495319999966569
        }
      },
      {
        "reactor_utilization": {
          "shard": "9",
          "value": 0.029448419999988928
        }
      },
      {
        "reactor_utilization": {
          "shard": "10",
          "value": 0.023194879999988149
        }
      },
      {
        "reactor_utilization": {
          "shard": "11",
          "value": 0.02377913999990211
        }
      },
      {
        "reactor_utilization": {
          "shard": "12",
          "value": 0.024463760000026369
        }
      },
      {
        "reactor_utilization": {
          "shard": "13",
          "value": 0.028924240000005597
        }
      },
      {
        "reactor_utilization": {
          "shard": "14",
          "value": 0.022864400000099927
        }
      },
      {
        "reactor_utilization": {
          "shard": "15",
          "value": 0.02433451999996894
        }
      },
      {
        "reactor_utilization": {
          "shard": "16",
          "value": 0.024523280000021686
        }
      },
      {
        "reactor_utilization": {
          "shard": "17",
          "value": 0.026501600000017334
        }
      },
      {
        "reactor_utilization": {
          "shard": "18",
          "value": 0.026729079999998628
        }
      },
      {
        "reactor_utilization": {
          "shard": "19",
          "value": 0.028345700000009799
        }
      },
      {
        "reactor_utilization": {
          "shard": "20",
          "value": 0.026663280000016609
        }
      },
      {
        "reactor_utilization": {
          "shard": "21",
          "value": 0.024142420000061726
        }
      },
      {
        "reactor_utilization": {
          "shard": "22",
          "value": 0.026448099999965002
        }
      },
      {
        "reactor_utilization": {
          "shard": "23",
          "value": 0.028901639999978634
        }
      },
      {
        "reactor_utilization": {
          "shard": "24",
          "value": 0.028069339999947651
        }
      },
      {
        "reactor_utilization": {
          "shard": "25",
          "value": 0.026521440000049079
        }
      },
      {
        "reactor_utilization": {
          "shard": "26",
          "value": 0.027150640000073167
        }
      },
      {
        "reactor_utilization": {
          "shard": "27",
          "value": 0.024132060000114919
        }
      }
    ]
  },
  {
    "metrics": [
      {
        "reactor_utilization": {
          "shard": "0",
          "value": 0.089557020000019527
        }
      },
      {
        "reactor_utilization": {
          "shard": "1",
          "value": 0.022956880000046809
        }
      },
      {
        "reactor_utilization": {
          "shard": "2",
          "value": 0.021735359999985882
        }
      },
      {
        "reactor_utilization": {
          "shard": "3",
          "value": 0.023000140000029035
        }
      },
      {
        "reactor_utilization": {
          "shard": "4",
          "value": 0.019852979999912534
        }
      },
      {
        "reactor_utilization": {
          "shard": "5",
          "value": 0.033319939999831849
        }
      },
      {
        "reactor_utilization": {
          "shard": "6",
          "value": 0.019465080000091728
        }
      },
      {
        "reactor_utilization": {
          "shard": "7",
          "value": 0.024078540000027626
        }
      },
      {
        "reactor_utilization": {
          "shard": "8",
          "value": 0.022747239999942881
        }
      },
      {
        "reactor_utilization": {
          "shard": "9",
          "value": 0.020918419999971238
        }
      },
      {
        "reactor_utilization": {
          "shard": "10",
          "value": 0.020225160000009179
        }
      },
      {
        "reactor_utilization": {
          "shard": "11",
          "value": 0.020909779999900291
        }
      },
      {
        "reactor_utilization": {
          "shard": "12",
          "value": 0.02049308000002803
        }
      },
      {
        "reactor_utilization": {
          "shard": "13",
          "value": 0.023330739999982697
        }
      },
      {
        "reactor_utilization": {
          "shard": "14",
          "value": 0.021647560000093158
        }
      },
      {
        "reactor_utilization": {
          "shard": "15",
          "value": 0.02253169999997251
        }
      },
      {
        "reactor_utilization": {
          "shard": "16",
          "value": 0.021121520000022542
        }
      },
      {
        "reactor_utilization": {
          "shard": "17",
          "value": 0.022862360000008852
        }
      },
      {
        "reactor_utilization": {
          "shard": "18",
          "value": 0.023861560000004722
        }
      },
      {
        "reactor_utilization": {
          "shard": "19",
          "value": 0.022010659999993631
        }
      },
      {
        "reactor_utilization": {
          "shard": "20",
          "value": 0.024444440000026546
        }
      },
      {
        "reactor_utilization": {
          "shard": "21",
          "value": 0.02428758000008191
        }
      },
      {
        "reactor_utilization": {
          "shard": "22",
          "value": 0.023763899999962312
        }
      },
      {
        "reactor_utilization": {
          "shard": "23",
          "value": 0.020579579999990827
        }
      },
      {
        "reactor_utilization": {
          "shard": "24",
          "value": 0.02322477999994188
        }
      },
      {
        "reactor_utilization": {
          "shard": "25",
          "value": 0.021824540000048298
        }
      },
      {
        "reactor_utilization": {
          "shard": "26",
          "value": 0.024830460000080379
        }
      },
      {
        "reactor_utilization": {
          "shard": "27",
          "value": 0.022623280000089174
        }
      }
    ]
  },
  {
    "metrics": [
      {
        "reactor_utilization": {
          "shard": "0",
          "value": 0.11053084000001157
        }
      },
      {
        "reactor_utilization": {
          "shard": "1",
          "value": 0.02850394000003531
        }
      },
      {
        "reactor_utilization": {
          "shard": "2",
          "value": 0.031083479999982622
        }
      },
      {
        "reactor_utilization": {
          "shard": "3",
          "value": 0.031561540000024646
        }
      },
      {
        "reactor_utilization": {
          "shard": "4",
          "value": 0.026034739999913903
        }
      },
      {
        "reactor_utilization": {
          "shard": "5",
          "value": 0.039894159999820378
        }
      },
      {
        "reactor_utilization": {
          "shard": "6",
          "value": 0.026017100000097493
        }
      },
      {
        "reactor_utilization": {
          "shard": "7",
          "value": 0.029651960000021127
        }
      },
      {
        "reactor_utilization": {
          "shard": "8",
          "value": 0.030846079999946596
        }
      },
      {
        "reactor_utilization": {
          "shard": "9",
          "value": 0.028858179999957656
        }
      },
      {
        "reactor_utilization": {
          "shard": "10",
          "value": 0.025267500000003551
        }
      },
      {
        "reactor_utilization": {
          "shard": "11",
          "value": 0.026478539999907902
        }
      },
      {
        "reactor_utilization": {
          "shard": "12",
          "value": 0.027411760000028984
        }
      },
      {
        "reactor_utilization": {
          "shard": "13",
          "value": 0.028324080000019514
        }
      },
      {
        "reactor_utilization": {
          "shard": "14",
          "value": 0.030894360000077725
        }
      },
      {
        "reactor_utilization": {
          "shard": "15",
          "value": 0.031929279999975968
        }
      },
      {
        "reactor_utilization": {
          "shard": "16",
          "value": 0.022426200000036367
        }
      },
      {
        "reactor_utilization": {
          "shard": "17",
          "value": 0.028409120000016941
        }
      },
      {
        "reactor_utilization": {
          "shard": "18",
          "value": 0.030421799999991173
        }
      },
      {
        "reactor_utilization": {
          "shard": "19",
          "value": 0.028986299999989029
        }
      },
      {
        "reactor_utilization": {
          "shard": "20",
          "value": 0.032149060000019603
        }
      },
      {
        "reactor_utilization": {
          "shard": "21",
          "value": 0.028379220000096517
        }
      },
      {
        "reactor_utilization": {
          "shard": "22",
          "value": 0.030991099999977401
        }
      },
      {
        "reactor_utilization": {
          "shard": "23",
          "value": 0.027172519999996148
        }
      },
      {
        "reactor_utilization": {
          "shard": "24",
          "value": 0.028574519999957637
        }
      },
      {
        "reactor_utilization": {
          "shard": "25",
          "value": 0.029230140000069404
        }
      },
      {
        "reactor_utilization": {
          "shard": "26",
          "value": 0.026265560000082733
        }
      },
      {
        "reactor_utilization": {
          "shard": "27",
          "value": 0.027651960000096842
        }
      }
    ]
  },
  {
    "metrics": [
      {
        "reactor_utilization": {
          "shard": "0",
          "value": 0.085748320000023082
        }
      },
      {
        "reactor_utilization": {
          "shard": "1",
          "value": 0.022126700000035804
        }
      },
      {
        "reactor_utilization": {
          "shard": "2",
          "value": 0.024274619999986591
        }
      },
      {
        "reactor_utilization": {
          "shard": "3",
          "value": 0.022667980000046217
        }
      },
      {
        "reactor_utilization": {
          "shard": "4",
          "value": 0.021303439999909024
        }
      },
      {
        "reactor_utilization": {
          "shard": "5",
          "value": 0.040920359999807587
        }
      },
      {
        "reactor_utilization": {
          "shard": "6",
          "value": 0.027260180000110434
        }
      },
      {
        "reactor_utilization": {
          "shard": "7",
          "value": 0.024802640000021192
        }
      },
      {
        "reactor_utilization": {
          "shard": "8",
          "value": 0.027525319999943676
        }
      },
      {
        "reactor_utilization": {
          "shard": "9",
          "value": 0.021801899999962515
        }
      },
      {
        "reactor_utilization": {
          "shard": "10",
          "value": 0.02328926000000342
        }
      },
      {
        "reactor_utilization": {
          "shard": "11",
          "value": 0.026697459999913686
        }
      },
      {
        "reactor_utilization": {
          "shard": "12",
          "value": 0.026995100000026806
        }
      },
      {
        "reactor_utilization": {
          "shard": "13",
          "value": 0.024102640000023268
        }
      },
      {
        "reactor_utilization": {
          "shard": "14",
          "value": 0.024280960000078178
        }
      },
      {
        "reactor_utilization": {
          "shard": "15",
          "value": 0.025982179999983757
        }
      },
      {
        "reactor_utilization": {
          "shard": "16",
          "value": 0.025323660000042825
        }
      },
      {
        "reactor_utilization": {
          "shard": "17",
          "value": 0.021192660000013408
        }
      },
      {
        "reactor_utilization": {
          "shard": "18",
          "value": 0.024095199999996098
        }
      },
      {
        "reactor_utilization": {
          "shard": "19",
          "value": 0.020428379999981594
        }
      },
      {
        "reactor_utilization": {
          "shard": "20",
          "value": 0.020981580000023481
        }
      },
      {
        "reactor_utilization": {
          "shard": "21",
          "value": 0.026369480000099088
        }
      },
      {
        "reactor_utilization": {
          "shard": "22",
          "value": 0.024074179999966638
        }
      },
      {
        "reactor_utilization": {
          "shard": "23",
          "value": 0.023962819999967522
        }
      },
      {
        "reactor_utilization": {
          "shard": "24",
          "value": 0.024776419999961163
        }
      },
      {
        "reactor_utilization": {
          "shard": "25",
          "value": 0.024419120000085393
        }
      },
      {
        "reactor_utilization": {
          "shard": "26",
          "value": 0.024593580000076276
        }
      },
      {
        "reactor_utilization": {
          "shard": "27",
          "value": 0.026726380000119399
        }
      }
    ]
  },
  {
    "metrics": [
      {
        "reactor_utilization": {
          "shard": "0",
          "value": 0.085588160000016344
        }
      },
      {
        "reactor_utilization": {
          "shard": "1",
          "value": 0.026004380000044236
        }
      },
      {
        "reactor_utilization": {
          "shard": "2",
          "value": 0.021623119999980567
        }
      },
      {
        "reactor_utilization": {
          "shard": "3",
          "value": 0.022444540000043922
        }
      },
      {
        "reactor_utilization": {
          "shard": "4",
          "value": 0.02442793999990478
        }
      },
      {
        "reactor_utilization": {
          "shard": "5",
          "value": 0.0316703599998025
        }
      },
      {
        "reactor_utilization": {
          "shard": "6",
          "value": 0.018909980000103577
        }
      },
      {
        "reactor_utilization": {
          "shard": "7",
          "value": 0.022423720000008807
        }
      },
      {
        "reactor_utilization": {
          "shard": "8",
          "value": 0.022696699999957826
        }
      },
      {
        "reactor_utilization": {
          "shard": "9",
          "value": 0.021094859999970517
        }
      },
      {
        "reactor_utilization": {
          "shard": "10",
          "value": 0.019341919999993351
        }
      },
      {
        "reactor_utilization": {
          "shard": "11",
          "value": 0.02332525999992896
        }
      },
      {
        "reactor_utilization": {
          "shard": "12",
          "value": 0.022683360000042008
        }
      },
      {
        "reactor_utilization": {
          "shard": "13",
          "value": 0.022010400000038732
        }
      },
      {
        "reactor_utilization": {
          "shard": "14",
          "value": 0.022965040000078041
        }
      },
      {
        "reactor_utilization": {
          "shard": "15",
          "value": 0.020660459999988223
        }
      },
      {
        "reactor_utilization": {
          "shard": "16",
          "value": 0.021082100000024973
        }
      },
      {
        "reactor_utilization": {
          "shard": "17",
          "value": 0.022448779999995061
        }
      },
      {
        "reactor_utilization": {
          "shard": "18",
          "value": 0.024226659999992961
        }
      },
      {
        "reactor_utilization": {
          "shard": "19",
          "value": 0.019142119999970841
        }
      },
      {
        "reactor_utilization": {
          "shard": "20",
          "value": 0.01981260000001317
        }
      },
      {
        "reactor_utilization": {
          "shard": "21",
          "value": 0.020758700000089725
        }
      },
      {
        "reactor_utilization": {
          "shard": "22",
          "value": 0.021020659999959612
        }
      },
      {
        "reactor_utilization": {
          "shard": "23",
          "value": 0.024351359999985611
        }
      },
      {
        "reactor_utilization": {
          "shard": "24",
          "value": 0.021775199999951589
        }
      },
      {
        "reactor_utilization": {
          "shard": "25",
          "value": 0.02126994000006821
        }
      },
      {
        "reactor_utilization": {
          "shard": "26",
          "value": 0.02210278000007726
        }
      },
      {
        "reactor_utilization": {
          "shard": "27",
          "value": 0.02393404000010646
        }
      }
    ]
  },
  {
    "metrics": [
      {
        "reactor_utilization": {
          "shard": "0",
          "value": 0.10959954000000494
        }
      },
      {
        "reactor_utilization": {
          "shard": "1",
          "value": 0.022768780000070876
        }
      },
      {
        "reactor_utilization": {
          "shard": "2",
          "value": 0.02273239999999177
        }
      },
      {
        "reactor_utilization": {
          "shard": "3",
          "value": 0.018342600000043063
        }
      },
      {
        "reactor_utilization": {
          "shard": "4",
          "value": 0.019106899999909999
        }
      },
      {
        "reactor_utilization": {
          "shard": "5",
          "value": 0.025356659999797859
        }
      },
      {
        "reactor_utilization": {
          "shard": "6",
          "value": 0.017219900000120525
        }
      },
      {
        "reactor_utilization": {
          "shard": "7",
          "value": 0.021903539999990063
        }
      },
      {
        "reactor_utilization": {
          "shard": "8",
          "value": 0.019770539999952597
        }
      },
      {
        "reactor_utilization": {
          "shard": "9",
          "value": 0.018566879999981634
        }
      },
      {
        "reactor_utilization": {
          "shard": "10",
          "value": 0.017758839999970633
        }
      },
      {
        "reactor_utilization": {
          "shard": "11",
          "value": 0.022254619999928504
        }
      },
      {
        "reactor_utilization": {
          "shard": "12",
          "value": 0.021504540000027994
        }
      },
      {
        "reactor_utilization": {
          "shard": "13",
          "value": 0.024610720000028952
        }
      },
      {
        "reactor_utilization": {
          "shard": "14",
          "value": 0.017550780000052946
        }
      },
      {
        "reactor_utilization": {
          "shard": "15",
          "value": 0.016353739999996897
        }
      },
      {
        "reactor_utilization": {
          "shard": "16",
          "value": 0.019770320000023212
        }
      },
      {
        "reactor_utilization": {
          "shard": "17",
          "value": 0.021898959999988588
        }
      },
      {
        "reactor_utilization": {
          "shard": "18",
          "value": 0.021986099999993236
        }
      },
      {
        "reactor_utilization": {
          "shard": "19",
          "value": 0.020503219999956634
        }
      },
      {
        "reactor_utilization": {
          "shard": "20",
          "value": 0.017435860000025727
        }
      },
      {
        "reactor_utilization": {
          "shard": "21",
          "value": 0.021273880000061141
        }
      },
      {
        "reactor_utilization": {
          "shard": "22",
          "value": 0.018950079999990876
        }
      },
      {
        "reactor_utilization": {
          "shard": "23",
          "value": 0.019721819999962698
        }
      },
      {
        "reactor_utilization": {
          "shard": "24",
          "value": 0.021353039999971735
        }
      },
      {
        "reactor_utilization": {
          "shard": "25",
          "value": 0.017694980000060312
        }
      },
      {
        "reactor_utilization": {
          "shard": "26",
          "value": 0.020175800000088451
        }
      },
      {
        "reactor_utilization": {
          "shard": "27",
          "value": 0.019839580000113877
        }
      }
    ]
  },
  {
    "metrics": [
      {
        "reactor_utilization": {
          "shard": "0",
          "value": 0.10570940000000917
        }
      },
      {
        "reactor_utilization": {
          "shard": "1",
          "value": 0.02834290000004458
        }
      },
      {
        "reactor_utilization": {
          "shard": "2",
          "value": 0.026706539999998835
        }
      },
      {
        "reactor_utilization": {
          "shard": "3",
          "value": 0.021101180000049347
        }
      },
      {
        "reactor_utilization": {
          "shard": "4",
          "value": 0.024646339999911948
        }
      },
      {
        "reactor_utilization": {
          "shard": "5",
          "value": 0.049665719999791857
        }
      },
      {
        "reactor_utilization": {
          "shard": "6",
          "value": 0.021058520000138969
        }
      },
      {
        "reactor_utilization": {
          "shard": "7",
          "value": 0.023963080000011239
        }
      },
      {
        "reactor_utilization": {
          "shard": "8",
          "value": 0.024079359999951144
        }
      },
      {
        "reactor_utilization": {
          "shard": "9",
          "value": 0.02065959999998368
        }
      },
      {
        "reactor_utilization": {
          "shard": "10",
          "value": 0.025204599999972821
        }
      },
      {
        "reactor_utilization": {
          "shard": "11",
          "value": 0.025878739999940503
        }
      },
      {
        "reactor_utilization": {
          "shard": "12",
          "value": 0.025890880000023486
        }
      },
      {
        "reactor_utilization": {
          "shard": "13",
          "value": 0.027657800000036037
        }
      },
      {
        "reactor_utilization": {
          "shard": "14",
          "value": 0.023311740000031556
        }
      },
      {
        "reactor_utilization": {
          "shard": "15",
          "value": 0.024133259999969958
        }
      },
      {
        "reactor_utilization": {
          "shard": "16",
          "value": 0.025233899999999032
        }
      },
      {
        "reactor_utilization": {
          "shard": "17",
          "value": 0.025680539999983765
        }
      },
      {
        "reactor_utilization": {
          "shard": "18",
          "value": 0.025637519999999192
        }
      },
      {
        "reactor_utilization": {
          "shard": "19",
          "value": 0.027721019999948915
        }
      },
      {
        "reactor_utilization": {
          "shard": "20",
          "value": 0.023166560000020819
        }
      },
      {
        "reactor_utilization": {
          "shard": "21",
          "value": 0.025501280000084225
        }
      },
      {
        "reactor_utilization": {
          "shard": "22",
          "value": 0.023788619999987048
        }
      },
      {
        "reactor_utilization": {
          "shard": "23",
          "value": 0.025974899999958723
        }
      },
      {
        "reactor_utilization": {
          "shard": "24",
          "value": 0.027290359999965208
        }
      },
      {
        "reactor_utilization": {
          "shard": "25",
          "value": 0.023227220000077153
        }
      },
      {
        "reactor_utilization": {
          "shard": "26",
          "value": 0.027700040000078197
        }
      },
      {
        "reactor_utilization": {
          "shard": "27",
          "value": 0.026723200000111635
        }
      }
    ]
  },
  {
    "metrics": [
      {
        "reactor_utilization": {
          "shard": "0",
          "value": 0.10377275999998714
        }
      },
      {
        "reactor_utilization": {
          "shard": "1",
          "value": 0.024677640000048129
        }
      },
      {
        "reactor_utilization": {
          "shard": "2",
          "value": 0.025740519999994937
        }
      },
      {
        "reactor_utilization": {
          "shard": "3",
          "value": 0.018625140000061435
        }
      },
      {
        "reactor_utilization": {
          "shard": "4",
          "value": 0.019092539999898683
        }
      },
      {
        "reactor_utilization": {
          "shard": "5",
          "value": 0.030649059999809936
        }
      },
      {
        "reactor_utilization": {
          "shard": "6",
          "value": 0.021948720000142252
        }
      },
      {
        "reactor_utilization": {
          "shard": "7",
          "value": 0.022386680000019421
        }
      },
      {
        "reactor_utilization": {
          "shard": "8",
          "value": 0.019865559999954208
        }
      },
      {
        "reactor_utilization": {
          "shard": "9",
          "value": 0.021080859999977886
        }
      },
      {
        "reactor_utilization": {
          "shard": "10",
          "value": 0.022235679999971225
        }
      },
      {
        "reactor_utilization": {
          "shard": "11",
          "value": 0.02102857999993768
        }
      },
      {
        "reactor_utilization": {
          "shard": "12",
          "value": 0.021355660000010879
        }
      },
      {
        "reactor_utilization": {
          "shard": "13",
          "value": 0.02421088000004179
        }
      },
      {
        "reactor_utilization": {
          "shard": "14",
          "value": 0.022412980000030558
        }
      },
      {
        "reactor_utilization": {
          "shard": "15",
          "value": 0.020426579999965888
        }
      },
      {
        "reactor_utilization": {
          "shard": "16",
          "value": 0.022528600000004673
        }
      },
      {
        "reactor_utilization": {
          "shard": "17",
          "value": 0.020980179999963156
        }
      },
      {
        "reactor_utilization": {
          "shard": "18",
          "value": 0.022888460000003441
        }
      },
      {
        "reactor_utilization": {
          "shard": "19",
          "value": 0.023673399999968314
        }
      },
      {
        "reactor_utilization": {
          "shard": "20",
          "value": 0.018664560000036801
        }
      },
      {
        "reactor_utilization": {
          "shard": "21",
          "value": 0.024770660000084099
        }
      },
      {
        "reactor_utilization": {
          "shard": "22",
          "value": 0.019379019999998803
        }
      },
      {
        "reactor_utilization": {
          "shard": "23",
          "value": 0.020913079999962392
        }
      },
      {
        "reactor_utilization": {
          "shard": "24",
          "value": 0.022001199999965859
        }
      },
      {
        "reactor_utilization": {
          "shard": "25",
          "value": 0.021796040000077177
        }
      },
      {
        "reactor_utilization": {
          "shard": "26",
          "value": 0.021517040000085252
        }
      },
      {
        "reactor_utilization": {
          "shard": "27",
          "value": 0.022530280000121472
        }
      }
    ]
  },
  {
    "metrics": [
      {
        "reactor_utilization": {
          "shard": "0",
          "value": 0.096176899999989018
        }
      },
      {
        "reactor_utilization": {
          "shard": "1",
          "value": 0.03020408000005137
        }
      },
      {
        "reactor_utilization": {
          "shard": "2",
          "value": 0.026309399999979721
        }
      },
      {
        "reactor_utilization": {
          "shard": "3",
          "value": 0.023413420000029106
        }
      },
      {
        "reactor_utilization": {
          "shard": "4",
          "value": 0.026219439999897176
        }
      },
      {
        "reactor_utilization": {
          "shard": "5",
          "value": 0.040563979999808097
        }
      },
      {
        "reactor_utilization": {
          "shard": "6",
          "value": 0.023840140000142007
        }
      },
      {
        "reactor_utilization": {
          "shard": "7",
          "value": 0.02353694000001294
        }
      },
      {
        "reactor_utilization": {
          "shard": "8",
          "value": 0.02094287999996336
        }
      },
      {
        "reactor_utilization": {
          "shard": "9",
          "value": 0.023833799999961602
        }
      },
      {
        "reactor_utilization": {
          "shard": "10",
          "value": 0.024429219999966278
        }
      },
      {
        "reactor_utilization": {
          "shard": "11",
          "value": 0.023271419999926213
        }
      },
      {
        "reactor_utilization": {
          "shard": "12",
          "value": 0.024803960000019387
        }
      },
      {
        "reactor_utilization": {
          "shard": "13",
          "value": 0.025514140000038044
        }
      },
      {
        "reactor_utilization": {
          "shard": "14",
          "value": 0.022568140000034376
        }
      },
      {
        "reactor_utilization": {
          "shard": "15",
          "value": 0.022966479999952938
        }
      },
      {
        "reactor_utilization": {
          "shard": "16",
          "value": 0.022772799999981608
        }
      },
      {
        "reactor_utilization": {
          "shard": "17",
          "value": 0.027565699999998472
        }
      },
      {
        "reactor_utilization": {
          "shard": "18",
          "value": 0.02706259999998295
        }
      },
      {
        "reactor_utilization": {
          "shard": "19",
          "value": 0.02260149999998573
        }
      },
      {
        "reactor_utilization": {
          "shard": "20",
          "value": 0.024559800000023557
        }
      },
      {
        "reactor_utilization": {
          "shard": "21",
          "value": 0.023946920000084138
        }
      },
      {
        "reactor_utilization": {
          "shard": "22",
          "value": 0.027865619999989377
        }
      },
      {
        "reactor_utilization": {
          "shard": "23",
          "value": 0.027850199999979175
        }
      },
      {
        "reactor_utilization": {
          "shard": "24",
          "value": 0.026948659999970204
        }
      },
      {
        "reactor_utilization": {
          "shard": "25",
          "value": 0.02285358000007065
        }
      },
      {
        "reactor_utilization": {
          "shard": "26",
          "value": 0.025261440000101665
        }
      },
      {
        "reactor_utilization": {
          "shard": "27",
          "value": 0.024938980000122069
        }
      }
    ]
  }
]
