[
  {
    "metrics": [
      {
        "reactor_utilization": {
          "shard": "0",
          "value": 74.70040721999996
        }
      },
      {
        "reactor_utilization": {
          "shard": "1",
          "value": 99.990080580000196
        }
      },
      {
        "reactor_utilization": {
          "shard": "2",
          "value": 99.994558480000123
        }
      },
      {
        "reactor_utilization": {
          "shard": "3",
          "value": 98.398578520000029
        }
      },
      {
        "reactor_utilization": {
          "shard": "4",
          "value": 88.442294719999822
        }
      },
      {
        "reactor_utilization": {
          "shard": "5",
          "value": 98.57915672
        }
      },
      {
        "reactor_utilization": {
          "shard": "6",
          "value": 74.196204160000164
        }
      },
      {
        "reactor_utilization": {
          "shard": "7",
          "value": 83.548010579999897
        }
      },
      {
        "reactor_utilization": {
          "shard": "8",
          "value": 95.592362379999969
        }
      },
      {
        "reactor_utilization": {
          "shard": "9",
          "value": 85.326263079999904
        }
      },
      {
        "reactor_utilization": {
          "shard": "10",
          "value": 86.831177860000096
        }
      },
      {
        "reactor_utilization": {
          "shard": "11",
          "value": 74.04818093999998
        }
      },
      {
        "reactor_utilization": {
          "shard": "12",
          "value": 77.528621199999918
        }
      },
      {
        "reactor_utilization": {
          "shard": "13",
          "value": 93.66209004000001
        }
      },
      {
        "reactor_utilization": {
          "shard": "14",
          "value": 74.428217219999965
        }
      },
      {
        "reactor_utilization": {
          "shard": "15",
          "value": 92.786578520000077
        }
      },
      {
        "reactor_utilization": {
          "shard": "16",
          "value": 90.17771093999994
        }
      },
      {
        "reactor_utilization": {
          "shard": "17",
          "value": 74.486722619999895
        }
      },
      {
        "reactor_utilization": {
          "shard": "18",
          "value": 72.589121700000021
        }
      },
      {
        "reactor_utilization": {
          "shard": "19",
          "value": 72.541237819999964
        }
      },
      {
        "reactor_utilization": {
          "shard": "20",
          "value": 79.96517001999986
        }
      },
      {
        "reactor_utilization": {
          "shard": "21",
          "value": 73.477471160000107
        }
      },
      {
        "reactor_utilization": {
          "shard": "22",
          "value": 61.949577960000092
        }
      },
      {
        "reactor_utilization": {
          "shard": "23",
          "value": 70.221886680000097
        }
      },
      {
        "reactor_utilization": {
          "shard": "24",
          "value": 71.007559399999963
        }
      },
      {
        "reactor_utilization": {
          "shard": "25",
          "value": 76.938719299999974
        }
      },
      {
        "reactor_utilization": {
          "shard": "26",
          "value": 73.727764919999984
        }
      },
      {
        "reactor_utilization": {
          "shard": "27",
          "value": 74.346711399999947
        }
      }
    ]
  },
  {
    "metrics": [
      {
        "reactor_utilization": {
          "shard": "0",
          "value": 15.219078179999945
        }
      },
      {
        "reactor_utilization": {
          "shard": "1",
          "value": 17.695362820000192
        }
      },
      {
        "reactor_utilization": {
          "shard": "2",
          "value": 24.627200980000119
        }
      },
      {
        "reactor_utilization": {
          "shard": "3",
          "value": 16.571306820000043
        }
      },
      {
        "reactor_utilization": {
          "shard": "4",
          "value": 15.049967939999821
        }
      },
      {
        "reactor_utilization": {
          "shard": "5",
          "value": 17.05502337999998
        }
      },
      {
        "reactor_utilization": {
          "shard": "6",
          "value": 13.157051680000176
        }
      },
      {
        "reactor_utilization": {
          "shard": "7",
          "value": 14.412974499999898
        }
      },
      {
        "reactor_utilization": {
          "shard": "8",
          "value": 15.346931319999978
        }
      },
      {
        "reactor_utilization": {
          "shard": "9",
          "value": 14.603653239999915
        }
      },
      {
        "reactor_utilization": {
          "shard": "10",
          "value": 14.694360360000115
        }
      },
      {
        "reactor_utilization": {
          "shard": "11",
          "value": 12.230705639999961
        }
      },
      {
        "reactor_utilization": {
          "shard": "12",
          "value": 13.329545379999907
        }
      },
      {
        "reactor_utilization": {
          "shard": "13",
          "value": 14.874867280000014
        }
      },
      {
        "reactor_utilization": {
          "shard": "14",
          "value": 12.995464459999962
        }
      },
      {
        "reactor_utilization": {
          "shard": "15",
          "value": 15.897600860000072
        }
      },
      {
        "reactor_utilization": {
          "shard": "16",
          "value": 15.221249819999938
        }
      },
      {
        "reactor_utilization": {
          "shard": "17",
          "value": 12.6128254799999
        }
      },
      {
        "reactor_utilization": {
          "shard": "18",
          "value": 12.532728120000037
        }
      },
      {
        "reactor_utilization": {
          "shard": "19",
          "value": 12.97214329999996
        }
      },
      {
        "reactor_utilization": {
          "shard": "20",
          "value": 12.085831359999865
        }
      },
      {
        "reactor_utilization": {
          "shard": "21",
          "value": 11.420751520000106
        }
      },
      {
        "reactor_utilization": {
          "shard": "22",
          "value": 10.362736960000085
        }
      },
      {
        "reactor_utilization": {
          "shard": "23",
          "value": 11.495273580000099
        }
      },
      {
        "reactor_utilization": {
          "shard": "24",
          "value": 12.32533675999996
        }
      },
      {
        "reactor_utilization": {
          "shard": "25",
          "value": 12.506964419999967
        }
      },
      {
        "reactor_utilization": {
          "shard": "26",
          "value": 11.004583339999986
        }
      },
      {
        "reactor_utilization": {
          "shard": "27",
          "value": 12.823850659999959
        }
      }
    ]
  },
  {
    "metrics": [
      {
        "reactor_utilization": {
          "shard": "0",
          "value": 0.10301559999994492
        }
      },
      {
        "reactor_utilization": {
          "shard": "1",
          "value": 0.028498140000199346
        }
      },
      {
        "reactor_utilization": {
          "shard": "2",
          "value": 0.025038880000127772
        }
      },
      {
        "reactor_utilization": {
          "shard": "3",
          "value": 0.024459480000027511
        }
      },
      {
        "reactor_utilization": {
          "shard": "4",
          "value": 0.026357639999841087
        }
      },
      {
        "reactor_utilization": {
          "shard": "5",
          "value": 0.02720105999998168
        }
      },
      {
        "reactor_utilization": {
          "shard": "6",
          "value": 0.037665620000182365
        }
      },
      {
        "reactor_utilization": {
          "shard": "7",
          "value": 0.027197519999910824
        }
      },
      {
        "reactor_utilization": {
          "shard": "8",
          "value": 0.028716299999997918
        }
      },
      {
        "reactor_utilization": {
          "shard": "9",
          "value": 0.027534699999909318
        }
      },
      {
        "reactor_utilization": {
          "shard": "10",
          "value": 0.030566800000131344
        }
      },
      {
        "reactor_utilization": {
          "shard": "11",
          "value": 0.026741519999951002
        }
      },
      {
        "reactor_utilization": {
          "shard": "12",
          "value": 0.027460579999905033
        }
      },
      {
        "reactor_utilization": {
          "shard": "13",
          "value": 0.02865074000000245
        }
      },
      {
        "reactor_utilization": {
          "shard": "14",
          "value": 0.028233779999953246
        }
      },
      {
        "reactor_utilization": {
          "shard": "15",
          "value": 0.026513000000072395
        }
      },
      {
        "reactor_utilization": {
          "shard": "16",
          "value": 0.029409999999940872
        }
      },
      {
        "reactor_utilization": {
          "shard": "17",
          "value": 0.028221779999904051
        }
      },
      {
        "reactor_utilization": {
          "shard": "18",
          "value": 0.024443560000042552
        }
      },
      {
        "reactor_utilization": {
          "shard": "19",
          "value": 0.023624099999963732
        }
      },
      {
        "reactor_utilization": {
          "shard": "20",
          "value": 0.026870919999855136
        }
      },
      {
        "reactor_utilization": {
          "shard": "21",
          "value": 0.03168546000010819
        }
      },
      {
        "reactor_utilization": {
          "shard": "22",
          "value": 0.028326860000082998
        }
      },
      {
        "reactor_utilization": {
          "shard": "23",
          "value": 0.027126800000099038
        }
      },
      {
        "reactor_utilization": {
          "shard": "24",
          "value": 0.027833479999972432
        }
      },
      {
        "reactor_utilization": {
          "shard": "25",
          "value": 0.026565719999971371
        }
      },
      {
        "reactor_utilization": {
          "shard": "26",
          "value": 0.025482899999973441
        }
      },
      {
        "reactor_utilization": {
          "shard": "27",
          "value": 0.025296099999971844
        }
      }
    ]
  },
  {
    "metrics": [
      {
        "reactor_utilization": {
          "shard": "0",
          "value": 0.11643475999996156
        }
      },
      {
        "reactor_utilization": {
          "shard": "1",
          "value": 0.033204280000198594
        }
      },
      {
        "reactor_utilization": {
          "shard": "2",
          "value": 0.027515520000132021
        }
      },
      {
        "reactor_utilization": {
          "shard": "3",
          "value": 0.026190160000016949
        }
      },
      {
        "reactor_utilization": {
          "shard": "4",
          "value": 0.030087579999849012
        }
      },
      {
        "reactor_utilization": {
          "shard": "5",
          "value": 0.028293999999995378
        }
      },
      {
        "reactor_utilization": {
          "shard": "6",
          "value": 0.049346500000191362
        }
      },
      {
        "reactor_utilization": {
          "shard": "7",
          "value": 0.03068815999993646
        }
      },
      {
        "reactor_utilization": {
          "shard": "8",
          "value": 0.032138100000000946
        }
      },
      {
        "reactor_utilization": {
          "shard": "9",
          "value": 0.031156239999918789
        }
      },
      {
        "reactor_utilization": {
          "shard": "10",
          "value": 0.028699560000144952
        }
      },
      {
        "reactor_utilization": {
          "shard": "11",
          "value": 0.031899959999948102
        }
      },
      {
        "reactor_utilization": {
          "shard": "12",
          "value": 0.029093379999900471
        }
      },
      {
        "reactor_utilization": {
          "shard": "13",
          "value": 0.029007540000003385
        }
      },
      {
        "reactor_utilization": {
          "shard": "14",
          "value": 0.029520479999933791
        }
      },
      {
        "reactor_utilization": {
          "shard": "15",
          "value": 0.025282760000056026
        }
      },
      {
        "reactor_utilization": {
          "shard": "16",
          "value": 0.031710299999954117
        }
      },
      {
        "reactor_utilization": {
          "shard": "17",
          "value": 0.030227339999888692
        }
      },
      {
        "reactor_utilization": {
          "shard": "18",
          "value": 0.028932660000047239
        }
      },
      {
        "reactor_utilization": {
          "shard": "19",
          "value": 0.029761399999972404
        }
      },
      {
        "reactor_utilization": {
          "shard": "20",
          "value": 0.028234059999854288
        }
      },
      {
        "reactor_utilization": {
          "shard": "21",
          "value": 0.026997300000131119
        }
      },
      {
        "reactor_utilization": {
          "shard": "22",
          "value": 0.028509900000073252
        }
      },
      {
        "reactor_utilization": {
          "shard": "23",
          "value": 0.030936120000113476
        }
      },
      {
        "reactor_utilization": {
          "shard": "24",
          "value": 0.029716779999966469
        }
      },
      {
        "reactor_utilization": {
          "shard": "25",
          "value": 0.029015439999979797
        }
      },
      {
        "reactor_utilization": {
          "shard": "26",
          "value": 0.027870659999973402
        }
      },
      {
        "reactor_utilization": {
          "shard": "27",
          "value": 0.030606359999973964
        }
      }
    ]
  },
  {
    "metrics": [
      {
        "reactor_utilization": {
          "shard": "0",
          "value": 0.10554905999995423
        }
      },
      {
        "reactor_utilization": {
          "shard": "1",
          "value": 0.02449396000019366
        }
      },
      {
        "reactor_utilization": {
          "shard": "2",
          "value": 0.024075120000133232
        }
      },
      {
        "reactor_utilization": {
          "shard": "3",
          "value": 0.020539300000033123
        }
      },
      {
        "reactor_utilization": {
          "shard": "4",
          "value": 0.023871479999848511
        }
      },
      {
        "reactor_utilization": {
          "shard": "5",
          "value": 0.023979359999992678
        }
      },
      {
        "reactor_utilization": {
          "shard": "6",
          "value": 0.039952840000179179
        }
      },
      {
        "reactor_utilization": {
          "shard": "7",
          "value": 0.023728759999941396
        }
      },
      {
        "reactor_utilization": {
          "shard": "8",
          "value": 0.025593679999991181
        }
      },
      {
        "reactor_utilization": {
          "shard": "9",
          "value": 0.025178739999909272
        }
      },
      {
        "reactor_utilization": {
          "shard": "10",
          "value": 0.024371700000136443
        }
      },
      {
        "reactor_utilization": {
          "shard": "11",
          "value": 0.021086859999941421
        }
      },
      {
        "reactor_utilization": {
          "shard": "12",
          "value": 0.024473439999883606
        }
      },
      {
        "reactor_utilization": {
          "shard": "13",
          "value": 0.024069020000005992
        }
      },
      {
        "reactor_utilization": {
          "shard": "14",
          "value": 0.025450419999928364
        }
      },
      {
        "reactor_utilization": {
          "shard": "15",
          "value": 0.022364920000073063
        }
      },
      {
        "reactor_utilization": {
          "shard": "16",
          "value": 0.023548919999971663
        }
      },
      {
        "reactor_utilization": {
          "shard": "17",
          "value": 0.024808299999901084
        }
      },
      {
        "reactor_utilization": {
          "shard": "18",
          "value": 0.020503820000050688
        }
      },
      {
        "reactor_utilization": {
          "shard": "19",
          "value": 0.024378259999968677
        }
      },
      {
        "reactor_utilization": {
          "shard": "20",
          "value": 0.023733599999842259
        }
      },
      {
        "reactor_utilization": {
          "shard": "21",
          "value": 0.023113840000110741
        }
      },
      {
        "reactor_utilization": {
          "shard": "22",
          "value": 0.023582280000056244
        }
      },
      {
        "reactor_utilization": {
          "shard": "23",
          "value": 0.025244900000120918
        }
      },
      {
        "reactor_utilization": {
          "shard": "24",
          "value": 0.024560599999967625
        }
      },
      {
        "reactor_utilization": {
          "shard": "25",
          "value": 0.023215219999950243
        }
      },
      {
        "reactor_utilization": {
          "shard": "26",
          "value": 0.021408039999970541
        }
      },
      {
        "reactor_utilization": {
          "shard": "27",
          "value": 0.023968619999958918
        }
      }
    ]
  },
  {
    "metrics": [
      {
        "reactor_utilization": {
          "shard": "0",
          "value": 0.10413997999996205
        }
      },
      {
        "reactor_utilization": {
          "shard": "1",
          "value": 0.025779240000201042
        }
      },
      {
        "reactor_utilization": {
          "shard": "2",
          "value": 0.029266360000135272
        }
      },
      {
        "reactor_utilization": {
          "shard": "3",
          "value": 0.026381340000036779
        }
      },
      {
        "reactor_utilization": {
          "shard": "4",
          "value": 0.027320139999842397
        }
      },
      {
        "reactor_utilization": {
          "shard": "5",
          "value": 0.026764119999966862
        }
      },
      {
        "reactor_utilization": {
          "shard": "6",
          "value": 0.03345818000017875
        }
      },
      {
        "reactor_utilization": {
          "shard": "7",
          "value": 0.02810655999995193
        }
      },
      {
        "reactor_utilization": {
          "shard": "8",
          "value": 0.028007300000010282
        }
      },
      {
        "reactor_utilization": {
          "shard": "9",
          "value": 0.025740739999902118
        }
      },
      {
        "reactor_utilization": {
          "shard": "10",
          "value": 0.029519220000151503
        }
      },
      {
        "reactor_utilization": {
          "shard": "11",
          "value": 0.027565239999938207
        }
      },
      {
        "reactor_utilization": {
          "shard": "12",
          "value": 0.028125599999884177
        }
      },
      {
        "reactor_utilization": {
          "shard": "13",
          "value": 0.027508659999986307
        }
      },
      {
        "reactor_utilization": {
          "shard": "14",
          "value": 0.027034039999906945
        }
      },
      {
        "reactor_utilization": {
          "shard": "15",
          "value": 0.02603226000007508
        }
      },
      {
        "reactor_utilization": {
          "shard": "16",
          "value": 0.028330239999951878
        }
      },
      {
        "reactor_utilization": {
          "shard": "17",
          "value": 0.025525039999907406
        }
      },
      {
        "reactor_utilization": {
          "shard": "18",
          "value": 0.023583840000052092
        }
      },
      {
        "reactor_utilization": {
          "shard": "19",
          "value": 0.022746739999968124
        }
      },
      {
        "reactor_utilization": {
          "shard": "20",
          "value": 0.026232999999842299
        }
      },
      {
        "reactor_utilization": {
          "shard": "21",
          "value": 0.02428970000011299
        }
      },
      {
        "reactor_utilization": {
          "shard": "22",
          "value": 0.027353000000074346
        }
      },
      {
        "reactor_utilization": {
          "shard": "23",
          "value": 0.023970940000150875
        }
      },
      {
        "reactor_utilization": {
          "shard": "24",
          "value": 0.025846899999981687
        }
      },
      {
        "reactor_utilization": {
          "shard": "25",
          "value": 0.025175999999937915
        }
      },
      {
        "reactor_utilization": {
          "shard": "26",
          "value": 0.022595519999968339
        }
      },
      {
        "reactor_utilization": {
          "shard": "27",
          "value": 0.028168299999942192
        }
      }
    ]
  },
  {
    "metrics": [
      {
        "reactor_utilization": {
          "shard": "0",
          "value": 0.10436551999996047
        }
      },
      {
        "reactor_utilization": {
          "shard": "1",
          "value": 0.032649680000185199
        }
      },
      {
        "reactor_utilization": {
          "shard": "2",
          "value": 0.026077960000125966
        }
      },
      {
        "reactor_utilization": {
          "shard": "3",
          "value": 0.026402060000041416
        }
      },
      {
        "reactor_utilization": {
          "shard": "4",
          "value": 0.028695699999836677
        }
      },
      {
        "reactor_utilization": {
          "shard": "5",
          "value": 0.027189839999985921
        }
      },
      {
        "reactor_utilization": {
          "shard": "6",
          "value": 0.045384400000181291
        }
      },
      {
        "reactor_utilization": {
          "shard": "7",
          "value": 0.031101119999965565
        }
      },
      {
        "reactor_utilization": {
          "shard": "8",
          "value": 0.033798540000007371
        }
      },
      {
        "reactor_utilization": {
          "shard": "9",
          "value": 0.028708339999927723
        }
      },
      {
        "reactor_utilization": {
          "shard": "10",
          "value": 0.03037384000013077
        }
      },
      {
        "reactor_utilization": {
          "shard": "11",
          "value": 0.026585239999965538
        }
      },
      {
        "reactor_utilization": {
          "shard": "12",
          "value": 0.025161059999889712
        }
      },
      {
        "reactor_utilization": {
          "shard": "13",
          "value": 0.029136699999998683
        }
      },
      {
        "reactor_utilization": {
          "shard": "14",
          "value": 0.028852719999916676
        }
      },
      {
        "reactor_utilization": {
          "shard": "15",
          "value": 0.025408280000072114
        }
      },
      {
        "reactor_utilization": {
          "shard": "16",
          "value": 0.032250919999954331
        }
      },
      {
        "reactor_utilization": {
          "shard": "17",
          "value": 0.032457979999889197
        }
      },
      {
        "reactor_utilization": {
          "shard": "18",
          "value": 0.029753900000062394
        }
      },
      {
        "reactor_utilization": {
          "shard": "19",
          "value": 0.028148219999968305
        }
      },
      {
        "reactor_utilization": {
          "shard": "20",
          "value": 0.031250099999846626
        }
      },
      {
        "reactor_utilization": {
          "shard": "21",
          "value": 0.030800020000110173
        }
      },
      {
        "reactor_utilization": {
          "shard": "22",
          "value": 0.031304100000073554
        }
      },
      {
        "reactor_utilization": {
          "shard": "23",
          "value": 0.032232180000146826
        }
      },
      {
        "reactor_utilization": {
          "shard": "24",
          "value": 0.031733839999992242
        }
      },
      {
        "reactor_utilization": {
          "shard": "25",
          "value": 0.031771219999932043
        }
      },
      {
        "reactor_utilization": {
          "shard": "26",
          "value": 0.032290339999963003
        }
      },
      {
        "reactor_utilization": {
          "shard": "27",
          "value": 0.031844219999932477
        }
      }
    ]
  },
  {
    "metrics": [
      {
        "reactor_utilization": {
          "shard": "0",
          "value": 0.07398841999994854
        }
      },
      {
        "reactor_utilization": {
          "shard": "1",
          "value": 0.02463088000016489
        }
      },
      {
        "reactor_utilization": {
          "shard": "2",
          "value": 0.024780300000126765
        }
      },
      {
        "reactor_utilization": {
          "shard": "3",
          "value": 0.024026000000065828
        }
      },
      {
        "reactor_utilization": {
          "shard": "4",
          "value": 0.02444385999984533
        }
      },
      {
        "reactor_utilization": {
          "shard": "5",
          "value": 0.024037059999992838
        }
      },
      {
        "reactor_utilization": {
          "shard": "6",
          "value": 0.043325900000168449
        }
      },
      {
        "reactor_utilization": {
          "shard": "7",
          "value": 0.027293859999955039
        }
      },
      {
        "reactor_utilization": {
          "shard": "8",
          "value": 0.024042900000009748
        }
      },
      {
        "reactor_utilization": {
          "shard": "9",
          "value": 0.024964319999942752
        }
      },
      {
        "reactor_utilization": {
          "shard": "10",
          "value": 0.025513480000127764
        }
      },
      {
        "reactor_utilization": {
          "shard": "11",
          "value": 0.024461259999952745
        }
      },
      {
        "reactor_utilization": {
          "shard": "12",
          "value": 0.0224472599998915
        }
      },
      {
        "reactor_utilization": {
          "shard": "13",
          "value": 0.026506819999994047
        }
      },
      {
        "reactor_utilization": {
          "shard": "14",
          "value": 0.023946139999908578
        }
      },
      {
        "reactor_utilization": {
          "shard": "15",
          "value": 0.021386340000084658
        }
      },
      {
        "reactor_utilization": {
          "shard": "16",
          "value": 0.023667379999969818
        }
      },
      {
        "reactor_utilization": {
          "shard": "17",
          "value": 0.023438259999886135
        }
      },
      {
        "reactor_utilization": {
          "shard": "18",
          "value": 0.021816720000078504
        }
      },
      {
        "reactor_utilization": {
          "shard": "19",
          "value": 0.022165499999982075
        }
      },
      {
        "reactor_utilization": {
          "shard": "20",
          "value": 0.024457539999844791
        }
      },
      {
        "reactor_utilization": {
          "shard": "21",
          "value": 0.02140008000012239
        }
      },
      {
        "reactor_utilization": {
          "shard": "22",
          "value": 0.024171080000057188
        }
      },
      {
        "reactor_utilization": {
          "shard": "23",
          "value": 0.025810920000157722
        }
      },
      {
        "reactor_utilization": {
          "shard": "24",
          "value": 0.022291399999985195
        }
      },
      {
        "reactor_utilization": {
          "shard": "25",
          "value": 0.024826699999946911
        }
      },
      {
        "reactor_utilization": {
          "shard": "26",
          "value": 0.024676079999963463
        }
      },
      {
        "reactor_utilization": {
          "shard": "27",
          "value": 0.025372019999969631
        }
      }
    ]
  },
  {
    "metrics": [
      {
        "reactor_utilization": {
          "shard": "0",
          "value": 0.099525739999950513
        }
      },
      {
        "reactor_utilization": {
          "shard": "1",
          "value": 0.026509560000165244
        }
      },
      {
        "reactor_utilization": {
          "shard": "2",
          "value": 0.025095460000157388
        }
      },
      {
        "reactor_utilization": {
          "shard": "3",
          "value": 0.019452480000070604
        }
      },
      {
        "reactor_utilization": {
          "shard": "4",
          "value": 0.017623059999838375
        }
      },
      {
        "reactor_utilization": {
          "shard": "5",
          "value": 0.018329139999995192
        }
      },
      {
        "reactor_utilization": {
          "shard": "6",
          "value": 0.018523500000156012
        }
      },
      {
        "reactor_utilization": {
          "shard": "7",
          "value": 0.018691259999958909
        }
      },
      {
        "reactor_utilization": {
          "shard": "8",
          "value": 0.023842000000018349
        }
      },
      {
        "reactor_utilization": {
          "shard": "9",
          "value": 0.017564039999928838
        }
      },
      {
        "reactor_utilization": {
          "shard": "10",
          "value": 0.019378940000125411
        }
      },
      {
        "reactor_utilization": {
          "shard": "11",
          "value": 0.018711399999948863
        }
      },
      {
        "reactor_utilization": {
          "shard": "12",
          "value": 0.022872619999891874
        }
      },
      {
        "reactor_utilization": {
          "shard": "13",
          "value": 0.021809140000006444
        }
      },
      {
        "reactor_utilization": {
          "shard": "14",
          "value": 0.024947639999894911
        }
      },
      {
        "reactor_utilization": {
          "shard": "15",
          "value": 0.026735640000108418
        }
      },
      {
        "reactor_utilization": {
          "shard": "16",
          "value": 0.020446579999977565
        }
      },
      {
        "reactor_utilization": {
          "shard": "17",
          "value": 0.017527399999872628
        }
      },
      {
        "reactor_utilization": {
          "shard": "18",
          "value": 0.018468800000059904
        }
      },
      {
        "reactor_utilization": {
          "shard": "19",
          "value": 0.016142359999982148
        }
      },
      {
        "reactor_utilization": {
          "shard": "20",
          "value": 0.026602879999848561
        }
      },
      {
        "reactor_utilization": {
          "shard": "21",
          "value": 0.023193280000133321
        }
      },
      {
        "reactor_utilization": {
          "shard": "22",
          "value": 0.018213340000072797
        }
      },
      {
        "reactor_utilization": {
          "shard": "23",
          "value": 0.026729160000149577
        }
      },
      {
        "reactor_utilization": {
          "shard": "24",
          "value": 0.023827859999969725
        }
      },
      {
        "reactor_utilization": {
          "shard": "25",
          "value": 0.024744959999944971
        }
      },
      {
        "reactor_utilization": {
          "shard": "26",
          "value": 0.023858619999961306
        }
      },
      {
        "reactor_utilization": {
          "shard": "27",
          "value": 0.026208579999975612
        }
      }
    ]
  },
  {
    "metrics": [
      {
        "reactor_utilization": {
          "shard": "0",
          "value": 0.098575579999971019
        }
      },
      {
        "reactor_utilization": {
          "shard": "1",
          "value": 0.01905666000017181
        }
      },
      {
        "reactor_utilization": {
          "shard": "2",
          "value": 0.016016800000140385
        }
      },
      {
        "reactor_utilization": {
          "shard": "3",
          "value": 0.024360420000069105
        }
      },
      {
        "reactor_utilization": {
          "shard": "4",
          "value": 0.027329219999816523
        }
      },
      {
        "reactor_utilization": {
          "shard": "5",
          "value": 0.024943600000015831
        }
      },
      {
        "reactor_utilization": {
          "shard": "6",
          "value": 0.039694740000162376
        }
      },
      {
        "reactor_utilization": {
          "shard": "7",
          "value": 0.026017759999952261
        }
      },
      {
        "reactor_utilization": {
          "shard": "8",
          "value": 0.016216820000014565
        }
      },
      {
        "reactor_utilization": {
          "shard": "9",
          "value": 0.028397639999933055
        }
      },
      {
        "reactor_utilization": {
          "shard": "10",
          "value": 0.027372080000109822
        }
      },
      {
        "reactor_utilization": {
          "shard": "11",
          "value": 0.026656139999947648
        }
      },
      {
        "reactor_utilization": {
          "shard": "12",
          "value": 0.016900519999896169
        }
      },
      {
        "reactor_utilization": {
          "shard": "13",
          "value": 0.027315160000007666
        }
      },
      {
        "reactor_utilization": {
          "shard": "14",
          "value": 0.019014299999908779
        }
      },
      {
        "reactor_utilization": {
          "shard": "15",
          "value": 0.020090760000113228
        }
      },
      {
        "reactor_utilization": {
          "shard": "16",
          "value": 0.026236579999960874
        }
      },
      {
        "reactor_utilization": {
          "shard": "17",
          "value": 0.028466679999872291
        }
      },
      {
        "reactor_utilization": {
          "shard": "18",
          "value": 0.026634800000069347
        }
      },
      {
        "reactor_utilization": {
          "shard": "19",
          "value": 0.026356339999966671
        }
      },
      {
        "reactor_utilization": {
          "shard": "20",
          "value": 0.01739785999985699
        }
      },
      {
        "reactor_utilization": {
          "shard": "21",
          "value": 0.018581880000134721
        }
      },
      {
        "reactor_utilization": {
          "shard": "22",
          "value": 0.024500340000077614
        }
      },
      {
        "reactor_utilization": {
          "shard": "23",
          "value": 0.020936980000141325
        }
      },
      {
        "reactor_utilization": {
          "shard": "24",
          "value": 0.017926139999946411
        }
      },
      {
        "reactor_utilization": {
          "shard": "25",
          "value": 0.020922319999927552
        }
      },
      {
        "reactor_utilization": {
          "shard": "26",
          "value": 0.016914779999965823
        }
      },
      {
        "reactor_utilization": {
          "shard": "27",
          "value": 0.01945629999997589
        }
      }
    ]
  },
  {
    "metrics": [
      {
        "reactor_utilization": {
          "shard": "0",
          "value": 0.10603243999997014
        }
      },
      {
        "reactor_utilization": {
          "shard": "1",
          "value": 0.020840060000160143
        }
      },
      {
        "reactor_utilization": {
          "shard": "2",
          "value": 0.024261480000120628
        }
      },
      {
        "reactor_utilization": {
          "shard": "3",
          "value": 0.021063020000045007
        }
      },
      {
        "reactor_utilization": {
          "shard": "4",
          "value": 0.023490999999853379
        }
      },
      {
        "reactor_utilization": {
          "shard": "5",
          "value": 0.021926220000012542
        }
      },
      {
        "reactor_utilization": {
          "shard": "6",
          "value": 0.042116680000170437
        }
      },
      {
        "reactor_utilization": {
          "shard": "7",
          "value": 0.022341979999951356
        }
      },
      {
        "reactor_utilization": {
          "shard": "8",
          "value": 0.022454140000016665
        }
      },
      {
        "reactor_utilization": {
          "shard": "9",
          "value": 0.025774399999933806
        }
      },
      {
        "reactor_utilization": {
          "shard": "10",
          "value": 0.023008380000111295
        }
      },
      {
        "reactor_utilization": {
          "shard": "11",
          "value": 0.023998719999962503
        }
      },
      {
        "reactor_utilization": {
          "shard": "12",
          "value": 0.021460619999880137
        }
      },
      {
        "reactor_utilization": {
          "shard": "13",
          "value": 0.024869539999983203
        }
      },
      {
        "reactor_utilization": {
          "shard": "14",
          "value": 0.021220059999904617
        }
      },
      {
        "reactor_utilization": {
          "shard": "15",
          "value": 0.022659100000121946
        }
      },
      {
        "reactor_utilization": {
          "shard": "16",
          "value": 0.024197339999953993
        }
      },
      {
        "reactor_utilization": {
          "shard": "17",
          "value": 0.022517719999881614
        }
      },
      {
        "reactor_utilization": {
          "shard": "18",
          "value": 0.022794120000080298
        }
      },
      {
        "reactor_utilization": {
          "shard": "19",
          "value": 0.022395879999959067
        }
      },
      {
        "reactor_utilization": {
          "shard": "20",
          "value": 0.022515979999848668
        }
      },
      {
        "reactor_utilization": {
          "shard": "21",
          "value": 0.021244100000139543
        }
      },
      {
        "reactor_utilization": {
          "shard": "22",
          "value": 0.020994680000074872
        }
      },
      {
        "reactor_utilization": {
          "shard": "23",
          "value": 0.023645080000145313
        }
      },
      {
        "reactor_utilization": {
          "shard": "24",
          "value": 0.023236639999968389
        }
      },
      {
        "reactor_utilization": {
          "shard": "25",
          "value": 0.02124693999989713
        }
      },
      {
        "reactor_utilization": {
          "shard": "26",
          "value": 0.022768959999952543
        }
      },
      {
        "reactor_utilization": {
          "shard": "27",
          "value": 0.025049059999959766
        }
      }
    ]
  },
  {
    "metrics": [
      {
        "reactor_utilization": {
          "shard": "0",
          "value": 0.10097139999996063
        }
      },
      {
        "reactor_utilization": {
          "shard": "1",
          "value": 0.028677660000142602
        }
      },
      {
        "reactor_utilization": {
          "shard": "2",
          "value": 0.027288200000130658
        }
      },
      {
        "reactor_utilization": {
          "shard": "3",
          "value": 0.025760760000059779
        }
      },
      {
        "reactor_utilization": {
          "shard": "4",
          "value": 0.027277519999857613
        }
      },
      {
        "reactor_utilization": {
          "shard": "5",
          "value": 0.027577500000020017
        }
      },
      {
        "reactor_utilization": {
          "shard": "6",
          "value": 0.03559176000018649
        }
      },
      {
        "reactor_utilization": {
          "shard": "7",
          "value": 0.031870719999960162
        }
      },
      {
        "reactor_utilization": {
          "shard": "8",
          "value": 0.028480860000024144
        }
      },
      {
        "reactor_utilization": {
          "shard": "9",
          "value": 0.026916819999944774
        }
      },
      {
        "reactor_utilization": {
          "shard": "10",
          "value": 0.029300680000110546
        }
      },
      {
        "reactor_utilization": {
          "shard": "11",
          "value": 0.025547919999957536
        }
      },
      {
        "reactor_utilization": {
          "shard": "12",
          "value": 0.026805359999892975
        }
      },
      {
        "reactor_utilization": {
          "shard": "13",
          "value": 0.02683093999999997
        }
      },
      {
        "reactor_utilization": {
          "shard": "14",
          "value": 0.028359679999900855
        }
      },
      {
        "reactor_utilization": {
          "shard": "15",
          "value": 0.029023520000115433
        }
      },
      {
        "reactor_utilization": {
          "shard": "16",
          "value": 0.03346601999996146
        }
      },
      {
        "reactor_utilization": {
          "shard": "17",
          "value": 0.030257519999898896
        }
      },
      {
        "reactor_utilization": {
          "shard": "18",
          "value": 0.028687540000083001
        }
      },
      {
        "reactor_utilization": {
          "shard": "19",
          "value": 0.027028919999949608
        }
      },
      {
        "reactor_utilization": {
          "shard": "20",
          "value": 0.029661999999830435
        }
      },
      {
        "reactor_utilization": {
          "shard": "21",
          "value": 0.02675658000014236
        }
      },
      {
        "reactor_utilization": {
          "shard": "22",
          "value": 0.030445700000103493
        }
      },
      {
        "reactor_utilization": {
          "shard": "23",
          "value": 0.032963360000137776
        }
      },
      {
        "reactor_utilization": {
          "shard": "24",
          "value": 0.031782939999969173
        }
      },
      {
        "reactor_utilization": {
          "shard": "25",
          "value": 0.02927979999989283
        }
      },
      {
        "reactor_utilization": {
          "shard": "26",
          "value": 0.030220499999966677
        }
      },
      {
        "reactor_utilization": {
          "shard": "27",
          "value": 0.032141179999967129
        }
      }
    ]
  },
  {
    "metrics": [
      {
        "reactor_utilization": {
          "shard": "0",
          "value": 0.10098217999996439
        }
      },
      {
        "reactor_utilization": {
          "shard": "1",
          "value": 0.025334960000134021
        }
      },
      {
        "reactor_utilization": {
          "shard": "2",
          "value": 0.025536320000130175
        }
      },
      {
        "reactor_utilization": {
          "shard": "3",
          "value": 0.023077240000046739
        }
      },
      {
        "reactor_utilization": {
          "shard": "4",
          "value": 0.023985899999878768
        }
      },
      {
        "reactor_utilization": {
          "shard": "5",
          "value": 0.022604199999998187
        }
      },
      {
        "reactor_utilization": {
          "shard": "6",
          "value": 0.037632780000174115
        }
      },
      {
        "reactor_utilization": {
          "shard": "7",
          "value": 0.024526099999966355
        }
      },
      {
        "reactor_utilization": {
          "shard": "8",
          "value": 0.026859400000034395
        }
      },
      {
        "reactor_utilization": {
          "shard": "9",
          "value": 0.024907139999919004
        }
      },
      {
        "reactor_utilization": {
          "shard": "10",
          "value": 0.025034100000109749
        }
      },
      {
        "reactor_utilization": {
          "shard": "11",
          "value": 0.024280339999949163
        }
      },
      {
        "reactor_utilization": {
          "shard": "12",
          "value": 0.022282679999885424
        }
      },
      {
        "reactor_utilization": {
          "shard": "13",
          "value": 0.023501219999988443
        }
      },
      {
        "reactor_utilization": {
          "shard": "14",
          "value": 0.024052359999893191
        }
      },
      {
        "reactor_utilization": {
          "shard": "15",
          "value": 0.023151100000107228
        }
      },
      {
        "reactor_utilization": {
          "shard": "16",
          "value": 0.024449439999973954
        }
      },
      {
        "reactor_utilization": {
          "shard": "17",
          "value": 0.022801379999881632
        }
      },
      {
        "reactor_utilization": {
          "shard": "18",
          "value": 0.023085140000078663
        }
      },
      {
        "reactor_utilization": {
          "shard": "19",
          "value": 0.019099519999943304
        }
      },
      {
        "reactor_utilization": {
          "shard": "20",
          "value": 0.023253479999829629
        }
      },
      {
        "reactor_utilization": {
          "shard": "21",
          "value": 0.023615880000160683
        }
      },
      {
        "reactor_utilization": {
          "shard": "22",
          "value": 0.024299940000083176
        }
      },
      {
        "reactor_utilization": {
          "shard": "23",
          "value": 0.026778020000151059
        }
      },
      {
        "reactor_utilization": {
          "shard": "24",
          "value": 0.024760139999968622
        }
      },
      {
        "reactor_utilization": {
          "shard": "25",
          "value": 0.023551079999906133
        }
      },
      {
        "reactor_utilization": {
          "shard": "26",
          "value": 0.023973519999953563
        }
      },
      {
        "reactor_utilization": {
          "shard": "27",
          "value": 0.025497339999946966
        }
      }
    ]
  },
  {
    "metrics": [
      {
        "reactor_utilization": {
          "shard": "0",
          "value": 0.096172319999987543
        }
      },
      {
        "reactor_utilization": {
          "shard": "1",
          "value": 0.023805620000139083
        }
      },
      {
        "reactor_utilization": {
          "shard": "2",
          "value": 0.025812020000137714
        }
      },
      {
        "reactor_utilization": {
          "shard": "3",
          "value": 0.021826540000025041
        }
      },
      {
        "reactor_utilization": {
          "shard": "4",
          "value": 0.030379399999880263
        }
      },
      {
        "reactor_utilization": {
          "shard": "5",
          "value": 0.024414700000008338
        }
      },
      {
        "reactor_utilization": {
          "shard": "6",
          "value": 0.041686940000162931
        }
      },
      {
        "reactor_utilization": {
          "shard": "7",
          "value": 0.028868619999966594
        }
      },
      {
        "reactor_utilization": {
          "shard": "8",
          "value": 0.022992500000018623
        }
      },
      {
        "reactor_utilization": {
          "shard": "9",
          "value": 0.026302019999913107
        }
      },
      {
        "reactor_utilization": {
          "shard": "10",
          "value": 0.025412480000108761
        }
      },
      {
        "reactor_utilization": {
          "shard": "11",
          "value": 0.026011139999948529
        }
      },
      {
        "reactor_utilization": {
          "shard": "12",
          "value": 0.024511539999882981
        }
      },
      {
        "reactor_utilization": {
          "shard": "13",
          "value": 0.024027539999982306
        }
      },
      {
        "reactor_utilization": {
          "shard": "14",
          "value": 0.024850739999893179
        }
      },
      {
        "reactor_utilization": {
          "shard": "15",
          "value": 0.026174320000116325
        }
      },
      {
        "reactor_utilization": {
          "shard": "16",
          "value": 0.025172099999948294
        }
      },
      {
        "reactor_utilization": {
          "shard": "17",
          "value": 0.02766283999986463
        }
      },
      {
        "reactor_utilization": {
          "shard": "18",
          "value": 0.026704900000074083
        }
      },
      {
        "reactor_utilization": {
          "shard": "19",
          "value": 0.024769259999946058
        }
      },
      {
        "reactor_utilization": {
          "shard": "20",
          "value": 0.026019099999829987
        }
      },
      {
        "reactor_utilization": {
          "shard": "21",
          "value": 0.02348868000014992
        }
      },
      {
        "reactor_utilization": {
          "shard": "22",
          "value": 0.024875340000107826
        }
      },
      {
        "reactor_utilization": {
          "shard": "23",
          "value": 0.027472920000171097
        }
      },
      {
        "reactor_utilization": {
          "shard": "24",
          "value": 0.023371259999982463
        }
      },
      {
        "reactor_utilization": {
          "shard": "25",
          "value": 0.026008039999902977
        }
      },
      {
        "reactor_utilization": {
          "shard": "26",
          "value": 0.025048379999959014
        }
      },
      {
        "reactor_utilization": {
          "shard": "27",
          "value": 0.027938499999924371
        }
      }
    ]
  },
  {
    "metrics": [
      {
        "reactor_utilization": {
          "shard": "0",
          "value": 0.094770739999971987
        }
      },
      {
        "reactor_utilization": {
          "shard": "1",
          "value": 0.028331820000138119
        }
      },
      {
        "reactor_utilization": {
          "shard": "2",
          "value": 0.026168040000129622
        }
      },
      {
        "reactor_utilization": {
          "shard": "3",
          "value": 0.021426840000016156
        }
      },
      {
        "reactor_utilization": {
          "shard": "4",
          "value": 0.025830399999882125
        }
      },
      {
        "reactor_utilization": {
          "shard": "5",
          "value": 0.024836720000009915
        }
      },
      {
        "reactor_utilization": {
          "shard": "6",
          "value": 0.038528920000169276
        }
      },
      {
        "reactor_utilization": {
          "shard": "7",
          "value": 0.030257399999955581
        }
      },
      {
        "reactor_utilization": {
          "shard": "8",
          "value": 0.026360480000020559
        }
      },
      {
        "reactor_utilization": {
          "shard": "9",
          "value": 0.024355479999904617
        }
      },
      {
        "reactor_utilization": {
          "shard": "10",
          "value": 0.022153580000106032
        }
      },
      {
        "reactor_utilization": {
          "shard": "11",
          "value": 0.026982359999960792
        }
      },
      {
        "reactor_utilization": {
          "shard": "12",
          "value": 0.021672739999878399
        }
      },
      {
        "reactor_utilization": {
          "shard": "13",
          "value": 0.023331839999984894
        }
      },
      {
        "reactor_utilization": {
          "shard": "14",
          "value": 0.025400739999881239
        }
      },
      {
        "reactor_utilization": {
          "shard": "15",
          "value": 0.023953880000093797
        }
      },
      {
        "reactor_utilization": {
          "shard": "16",
          "value": 0.02586369999995064
        }
      },
      {
        "reactor_utilization": {
          "shard": "17",
          "value": 0.028855419999862519
        }
      },
      {
        "reactor_utilization": {
          "shard": "18",
          "value": 0.028357800000089473
        }
      },
      {
        "reactor_utilization": {
          "shard": "19",
          "value": 0.027434279999960509
        }
      },
      {
        "reactor_utilization": {
          "shard": "20",
          "value": 0.031459319999838087
        }
      },
      {
        "reactor_utilization": {
          "shard": "21",
          "value": 0.029599780000144627
        }
      },
      {
        "reactor_utilization": {
          "shard": "22",
          "value": 0.025253440000105876
        }
      },
      {
        "reactor_utilization": {
          "shard": "23",
          "value": 0.030116060000151545
        }
      },
      {
        "reactor_utilization": {
          "shard": "24",
          "value": 0.028771939999994167
        }
      },
      {
        "reactor_utilization": {
          "shard": "25",
          "value": 0.031982379999906385
        }
      },
      {
        "reactor_utilization": {
          "shard": "26",
          "value": 0.029373879999949892
        }
      },
      {
        "reactor_utilization": {
          "shard": "27",
          "value": 0.028585739999953397
        }
      }
    ]
  },
  {
    "metrics": [
      {
        "reactor_utilization": {
          "shard": "0",
          "value": 0.10080283999999162
        }
      },
      {
        "reactor_utilization": {
          "shard": "1",
          "value": 0.027732920000145267
        }
      },
      {
        "reactor_utilization": {
          "shard": "2",
          "value": 0.022589680000140167
        }
      },
      {
        "reactor_utilization": {
          "shard": "3",
          "value": 0.019477240000020934
        }
      },
      {
        "reactor_utilization": {
          "shard": "4",
          "value": 0.024713619999883196
        }
      },
      {
        "reactor_utilization": {
          "shard": "5",
          "value": 0.022689519999996577
        }
      },
      {
        "reactor_utilization": {
          "shard": "6",
          "value": 0.044665740000171539
        }
      },
      {
        "reactor_utilization": {
          "shard": "7",
          "value": 0.023996839999940178
        }
      },
      {
        "reactor_utilization": {
          "shard": "8",
          "value": 0.023929080000018033
        }
      },
      {
        "reactor_utilization": {
          "shard": "9",
          "value": 0.023589779999921845
        }
      },
      {
        "reactor_utilization": {
          "shard": "10",
          "value": 0.023589380000099691
        }
      },
      {
        "reactor_utilization": {
          "shard": "11",
          "value": 0.02445203999994483
        }
      },
      {
        "reactor_utilization": {
          "shard": "12",
          "value": 0.022406879999881113
        }
      },
      {
        "reactor_utilization": {
          "shard": "13",
          "value": 0.024220479999992328
        }
      },
      {
        "reactor_utilization": {
          "shard": "14",
          "value": 0.024210879999875257
        }
      },
      {
        "reactor_utilization": {
          "shard": "15",
          "value": 0.023609040000094339
        }
      },
      {
        "reactor_utilization": {
          "shard": "16",
          "value": 0.02356733999995253
        }
      },
      {
        "reactor_utilization": {
          "shard": "17",
          "value": 0.023506679999862889
        }
      },
      {
        "reactor_utilization": {
          "shard": "18",
          "value": 0.02428822000006825
        }
      },
      {
        "reactor_utilization": {
          "shard": "19",
          "value": 0.022384159999955244
        }
      },
      {
        "reactor_utilization": {
          "shard": "20",
          "value": 0.024627319999837027
        }
      },
      {
        "reactor_utilization": {
          "shard": "21",
          "value": 0.024746260000152454
        }
      },
      {
        "reactor_utilization": {
          "shard": "22",
          "value": 0.019628580000119467
        }
      },
      {
        "reactor_utilization": {
          "shard": "23",
          "value": 0.024553960000150976
        }
      },
      {
        "reactor_utilization": {
          "shard": "24",
          "value": 0.021994800000002535
        }
      },
      {
        "reactor_utilization": {
          "shard": "25",
          "value": 0.021507919999896874
        }
      },
      {
        "reactor_utilization": {
          "shard": "26",
          "value": 0.022728239999947331
        }
      },
      {
        "reactor_utilization": {
          "shard": "27",
          "value": 0.025348579999950882
        }
      }
    ]
  },
  {
    "metrics": [
      {
        "reactor_utilization": {
          "shard": "0",
          "value": 0.078938699999986373
        }
      },
      {
        "reactor_utilization": {
          "shard": "1",
          "value": 0.02381544000014113
        }
      },
      {
        "reactor_utilization": {
          "shard": "2",
          "value": 0.027632560000134809
        }
      },
      {
        "reactor_utilization": {
          "shard": "3",
          "value": 0.022924440000005042
        }
      },
      {
        "reactor_utilization": {
          "shard": "4",
          "value": 0.027111699999893268
        }
      },
      {
        "reactor_utilization": {
          "shard": "5",
          "value": 0.024741759999991064
        }
      },
      {
        "reactor_utilization": {
          "shard": "6",
          "value": 0.046584360000168079
        }
      },
      {
        "reactor_utilization": {
          "shard": "7",
          "value": 0.025364539999950253
        }
      },
      {
        "reactor_utilization": {
          "shard": "8",
          "value": 0.027089820000003595
        }
      },
      {
        "reactor_utilization": {
          "shard": "9",
          "value": 0.028398679999930287
        }
      },
      {
        "reactor_utilization": {
          "shard": "10",
          "value": 0.025042900000094015
        }
      },
      {
        "reactor_utilization": {
          "shard": "11",
          "value": 0.02740139999994895
        }
      },
      {
        "reactor_utilization": {
          "shard": "12",
          "value": 0.021310879999880683
        }
      },
      {
        "reactor_utilization": {
          "shard": "13",
          "value": 0.02358651999999628
        }
      },
      {
        "reactor_utilization": {
          "shard": "14",
          "value": 0.025394759999886052
        }
      },
      {
        "reactor_utilization": {
          "shard": "15",
          "value": 0.024365600000086918
        }
      },
      {
        "reactor_utilization": {
          "shard": "16",
          "value": 0.026530879999953072
        }
      },
      {
        "reactor_utilization": {
          "shard": "17",
          "value": 0.030126019999876519
        }
      },
      {
        "reactor_utilization": {
          "shard": "18",
          "value": 0.025243300000066249
        }
      },
      {
        "reactor_utilization": {
          "shard": "19",
          "value": 0.029298979999947683
        }
      },
      {
        "reactor_utilization": {
          "shard": "20",
          "value": 0.029183359999840341
        }
      },
      {
        "reactor_utilization": {
          "shard": "21",
          "value": 0.027690540000180341
        }
      },
      {
        "reactor_utilization": {
          "shard": "22",
          "value": 0.026666120000129467
        }
      },
      {
        "reactor_utilization": {
          "shard": "23",
          "value": 0.02750374000015654
        }
      },
      {
        "reactor_utilization": {
          "shard": "24",
          "value": 0.027033180000002321
        }
      },
      {
        "reactor_utilization": {
          "shard": "25",
          "value": 0.028468399999903582
        }
      },
      {
        "reactor_utilization": {
          "shard": "26",
          "value": 0.025681639999963757
        }
      },
      {
        "reactor_utilization": {
          "shard": "27",
          "value": 0.028275679999945069
        }
      }
    ]
  },
  {
    "metrics": [
      {
        "reactor_utilization": {
          "shard": "0",
          "value": 0.10515019999997044
        }
      },
      {
        "reactor_utilization": {
          "shard": "1",
          "value": 0.020159180000145493
        }
      },
      {
        "reactor_utilization": {
          "shard": "2",
          "value": 0.019355400000109491
        }
      },
      {
        "reactor_utilization": {
          "shard": "3",
          "value": 0.017809219999986858
        }
      },
      {
        "reactor_utilization": {
          "shard": "4",
          "value": 0.020414079999886425
        }
      },
      {
        "reactor_utilization": {
          "shard": "5",
          "value": 0.016903980000015917
        }
      },
      {
        "reactor_utilization": {
          "shard": "6",
          "value": 0.018644640000164969
        }
      },
      {
        "reactor_utilization": {
          "shard": "7",
          "value": 0.017579999999939311
        }
      },
      {
        "reactor_utilization": {
          "shard": "8",
          "value": 0.029159020000002478
        }
      },
      {
        "reactor_utilization": {
          "shard": "9",
          "value": 0.017189199999911864
        }
      },
      {
        "reactor_utilization": {
          "shard": "10",
          "value": 0.017054980000075215
        }
      },
      {
        "reactor_utilization": {
          "shard": "11",
          "value": 0.021358279999961205
        }
      },
      {
        "reactor_utilization": {
          "shard": "12",
          "value": 0.020157239999885057
        }
      },
      {
        "reactor_utilization": {
          "shard": "13",
          "value": 0.018949260000011847
        }
      },
      {
        "reactor_utilization": {
          "shard": "14",
          "value": 0.02006727999989133
        }
      },
      {
        "reactor_utilization": {
          "shard": "15",
          "value": 0.016178920000076147
        }
      },
      {
        "reactor_utilization": {
          "shard": "16",
          "value": 0.018906439999943903
        }
      },
      {
        "reactor_utilization": {
          "shard": "17",
          "value": 0.023018379999883987
        }
      },
      {
        "reactor_utilization": {
          "shard": "18",
          "value": 0.018886400000062142
        }
      },
      {
        "reactor_utilization": {
          "shard": "19",
          "value": 0.020755979999953489
        }
      },
      {
        "reactor_utilization": {
          "shard": "20",
          "value": 0.028947779999843881
        }
      },
      {
        "reactor_utilization": {
          "shard": "21",
          "value": 0.022434520000169655
        }
      },
      {
        "reactor_utilization": {
          "shard": "22",
          "value": 0.021370160000122596
        }
      },
      {
        "reactor_utilization": {
          "shard": "23",
          "value": 0.020454720000162574
        }
      },
      {
        "reactor_utilization": {
          "shard": "24",
          "value": 0.019469979999975351
        }
      },
      {
        "reactor_utilization": {
          "shard": "25",
          "value": 0.01870899999991682
        }
      },
      {
        "reactor_utilization": {
          "shard": "26",
          "value": 0.018507819999968866
        }
      },
      {
        "reactor_utilization": {
          "shard": "27",
          "value": 0.022167899999936402
        }
      }
    ]
  },
  {
    "metrics": [
      {
        "reactor_utilization": {
          "shard": "0",
          "value": 0.10150007999998323
        }
      },
      {
        "reactor_utilization": {
          "shard": "1",
          "value": 0.025901780000125996
        }
      },
      {
        "reactor_utilization": {
          "shard": "2",
          "value": 0.022824560000112015
        }
      },
      {
        "reactor_utilization": {
          "shard": "3",
          "value": 0.021791140000015918
        }
      },
      {
        "reactor_utilization": {
          "shard": "4",
          "value": 0.024511539999882981
        }
      },
      {
        "reactor_utilization": {
          "shard": "5",
          "value": 0.022051140000012293
        }
      },
      {
        "reactor_utilization": {
          "shard": "6",
          "value": 0.04728520000015779
        }
      },
      {
        "reactor_utilization": {
          "shard": "7",
          "value": 0.025114579999940823
        }
      },
      {
        "reactor_utilization": {
          "shard": "8",
          "value": 0.013314139999986985
        }
      },
      {
        "reactor_utilization": {
          "shard": "9",
          "value": 0.021946639999947948
        }
      },
      {
        "reactor_utilization": {
          "shard": "10",
          "value": 0.022766920000083513
        }
      },
      {
        "reactor_utilization": {
          "shard": "11",
          "value": 0.024404579999948162
        }
      },
      {
        "reactor_utilization": {
          "shard": "12",
          "value": 0.023056399999910049
        }
      },
      {
        "reactor_utilization": {
          "shard": "13",
          "value": 0.021383019999998698
        }
      },
      {
        "reactor_utilization": {
          "shard": "14",
          "value": 0.023368479999885672
        }
      },
      {
        "reactor_utilization": {
          "shard": "15",
          "value": 0.022038880000085914
        }
      },
      {
        "reactor_utilization": {
          "shard": "16",
          "value": 0.024590439999938596
        }
      },
      {
        "reactor_utilization": {
          "shard": "17",
          "value": 0.021762179999884612
        }
      },
      {
        "reactor_utilization": {
          "shard": "18",
          "value": 0.021572900000055295
        }
      },
      {
        "reactor_utilization": {
          "shard": "19",
          "value": 0.021918219999939037
        }
      },
      {
        "reactor_utilization": {
          "shard": "20",
          "value": 0.014146099999878814
        }
      },
      {
        "reactor_utilization": {
          "shard": "21",
          "value": 0.0216680200001651
        }
      },
      {
        "reactor_utilization": {
          "shard": "22",
          "value": 0.020260240000147256
        }
      },
      {
        "reactor_utilization": {
          "shard": "23",
          "value": 0.022971900000179346
        }
      },
      {
        "reactor_utilization": {
          "shard": "24",
          "value": 0.020461679999983495
        }
      },
      {
        "reactor_utilization": {
          "shard": "25",
          "value": 0.024453439999905235
        }
      },
      {
        "reactor_utilization": {
          "shard": "26",
          "value": 0.021470279999979969
        }
      },
      {
        "reactor_utilization": {
          "shard": "27",
          "value": 0.022080559999970717
        }
      }
    ]
  },
  {
    "metrics": [
      {
        "reactor_utilization": {
          "shard": "0",
          "value": 0.096078079999994959
        }
      },
      {
        "reactor_utilization": {
          "shard": "1",
          "value": 0.032112820000129716
        }
      },
      {
        "reactor_utilization": {
          "shard": "2",
          "value": 0.030876580000116505
        }
      },
      {
        "reactor_utilization": {
          "shard": "3",
          "value": 0.029594920000020064
        }
      },
      {
        "reactor_utilization": {
          "shard": "4",
          "value": 0.030210719999890223
        }
      },
      {
        "reactor_utilization": {
          "shard": "5",
          "value": 0.025601960000032342
        }
      },
      {
        "reactor_utilization": {
          "shard": "6",
          "value": 0.043128320000174192
        }
      },
      {
        "reactor_utilization": {
          "shard": "7",
          "value": 0.032784779999917024
        }
      },
      {
        "reactor_utilization": {
          "shard": "8",
          "value": 0.033948840000008751
        }
      },
      {
        "reactor_utilization": {
          "shard": "9",
          "value": 0.032932099999927189
        }
      },
      {
        "reactor_utilization": {
          "shard": "10",
          "value": 0.026757520000075807
        }
      },
      {
        "reactor_utilization": {
          "shard": "11",
          "value": 0.034550359999940827
        }
      },
      {
        "reactor_utilization": {
          "shard": "12",
          "value": 0.027216759999904028
        }
      },
      {
        "reactor_utilization": {
          "shard": "13",
          "value": 0.026537319999997422
        }
      },
      {
        "reactor_utilization": {
          "shard": "14",
          "value": 0.029182879999889444
        }
      },
      {
        "reactor_utilization": {
          "shard": "15",
          "value": 0.032492280000073759
        }
      },
      {
        "reactor_utilization": {
          "shard": "16",
          "value": 0.033020939999928167
        }
      },
      {
        "reactor_utilization": {
          "shard": "17",
          "value": 0.035418739999881765
        }
      },
      {
        "reactor_utilization": {
          "shard": "18",
          "value": 0.036908200000063118
        }
      },
      {
        "reactor_utilization": {
          "shard": "19",
          "value": 0.031060459999932011
        }
      },
      {
        "reactor_utilization": {
          "shard": "20",
          "value": 0.034860799999858472
        }
      },
      {
        "reactor_utilization": {
          "shard": "21",
          "value": 0.033094400000177604
        }
      },
      {
        "reactor_utilization": {
          "shard": "22",
          "value": 0.032142700000137303
        }
      },
      {
        "reactor_utilization": {
          "shard": "23",
          "value": 0.039257040000184595
        }
      },
      {
        "reactor_utilization": {
          "shard": "24",
          "value": 0.037463259999981346
        }
      },
      {
        "reactor_utilization": {
          "shard": "25",
          "value": 0.033906879999923145
        }
      },
      {
        "reactor_utilization": {
          "shard": "26",
          "value": 0.036115500000000189
        }
      },
      {
        "reactor_utilization": {
          "shard": "27",
          "value": 0.034919339999950338
        }
      }
    ]
  },
  {
    "metrics": [
      {
        "reactor_utilization": {
          "shard": "0",
          "value": 0.092516919999985348
        }
      },
      {
        "reactor_utilization": {
          "shard": "1",
          "value": 0.026979700000118179
        }
      },
      {
        "reactor_utilization": {
          "shard": "2",
          "value": 0.028174900000110803
        }
      },
      {
        "reactor_utilization": {
          "shard": "3",
          "value": 0.024340960000024392
        }
      },
      {
        "reactor_utilization": {
          "shard": "4",
          "value": 0.02995715999989379
        }
      },
      {
        "reactor_utilization": {
          "shard": "5",
          "value": 0.026406620000019032
        }
      },
      {
        "reactor_utilization": {
          "shard": "6",
          "value": 0.039274020000168441
        }
      },
      {
        "reactor_utilization": {
          "shard": "7",
          "value": 0.029017079999915651
        }
      },
      {
        "reactor_utilization": {
          "shard": "8",
          "value": 0.024697959999997465
        }
      },
      {
        "reactor_utilization": {
          "shard": "9",
          "value": 0.026290839999920657
        }
      },
      {
        "reactor_utilization": {
          "shard": "10",
          "value": 0.027571740000076339
        }
      },
      {
        "reactor_utilization": {
          "shard": "11",
          "value": 0.028880159999933319
        }
      },
      {
        "reactor_utilization": {
          "shard": "12",
          "value": 0.023563899999878846
        }
      },
      {
        "reactor_utilization": {
          "shard": "13",
          "value": 0.024900239999992024
        }
      },
      {
        "reactor_utilization": {
          "shard": "14",
          "value": 0.02683809999989295
        }
      },
      {
        "reactor_utilization": {
          "shard": "15",
          "value": 0.028169480000084235
        }
      },
      {
        "reactor_utilization": {
          "shard": "16",
          "value": 0.026785059999934191
        }
      },
      {
        "reactor_utilization": {
          "shard": "17",
          "value": 0.026953559999876031
        }
      },
      {
        "reactor_utilization": {
          "shard": "18",
          "value": 0.025822520000062799
        }
      },
      {
        "reactor_utilization": {
          "shard": "19",
          "value": 0.025373179999932383
        }
      },
      {
        "reactor_utilization": {
          "shard": "20",
          "value": 0.025659439999858868
        }
      },
      {
        "reactor_utilization": {
          "shard": "21",
          "value": 0.026246820000175308
        }
      },
      {
        "reactor_utilization": {
          "shard": "22",
          "value": 0.026053200000153431
        }
      },
      {
        "reactor_utilization": {
          "shard": "23",
          "value": 0.025692480000172324
        }
      },
      {
        "reactor_utilization": {
          "shard": "24",
          "value": 0.023845159999980048
        }
      },
      {
        "reactor_utilization": {
          "shard": "25",
          "value": 0.028376599999924146
        }
      },
      {
        "reactor_utilization": {
          "shard": "26",
          "value": 0.025459579999986826
        }
      },
      {
        "reactor_utilization": {
          "shard": "27",
          "value": 0.024991499999937883
        }
      }
    ]
  },
  {
    "metrics": [
      {
        "reactor_utilization": {
          "shard": "0",
          "value": 0.095407680000003658
        }
      },
      {
        "reactor_utilization": {
          "shard": "1",
          "value": 0.023216820000138139
        }
      },
      {
        "reactor_utilization": {
          "shard": "2",
          "value": 0.0239715400001006
        }
      },
      {
        "reactor_utilization": {
          "shard": "3",
          "value": 0.019849400000038209
        }
      },
      {
        "reactor_utilization": {
          "shard": "4",
          "value": 0.022940479999888908
        }
      },
      {
        "reactor_utilization": {
          "shard": "5",
          "value": 0.021071340000022865
        }
      },
      {
        "reactor_utilization": {
          "shard": "6",
          "value": 0.037689740000157457
        }
      },
      {
        "reactor_utilization": {
          "shard": "7",
          "value": 0.025373619999902175
        }
      },
      {
        "reactor_utilization": {
          "shard": "8",
          "value": 0.026065200000024991
        }
      },
      {
        "reactor_utilization": {
          "shard": "9",
          "value": 0.024049039999929356
        }
      },
      {
        "reactor_utilization": {
          "shard": "10",
          "value": 0.025509600000073185
        }
      },
      {
        "reactor_utilization": {
          "shard": "11",
          "value": 0.024553579999930797
        }
      },
      {
        "reactor_utilization": {
          "shard": "12",
          "value": 0.021235179999878895
        }
      },
      {
        "reactor_utilization": {
          "shard": "13",
          "value": 0.023664179999982604
        }
      },
      {
        "reactor_utilization": {
          "shard": "14",
          "value": 0.024732979999897431
        }
      },
      {
        "reactor_utilization": {
          "shard": "15",
          "value": 0.024143800000064886
        }
      },
      {
        "reactor_utilization": {
          "shard": "16",
          "value": 0.024020519999945478
        }
      },
      {
        "reactor_utilization": {
          "shard": "17",
          "value": 0.0222655999998711
        }
      },
      {
        "reactor_utilization": {
          "shard": "18",
          "value": 0.024151400000071988
        }
      },
      {
        "reactor_utilization": {
          "shard": "19",
          "value": 0.022679079999932128
        }
      },
      {
        "reactor_utilization": {
          "shard": "20",
          "value": 0.022536339999856825
        }
      },
      {
        "reactor_utilization": {
          "shard": "21",
          "value": 0.024589840000166507
        }
      },
      {
        "reactor_utilization": {
          "shard": "22",
          "value": 0.024790900000126737
        }
      },
      {
        "reactor_utilization": {
          "shard": "23",
          "value": 0.023044460000187783
        }
      },
      {
        "reactor_utilization": {
          "shard": "24",
          "value": 0.024052519999973043
        }
      },
      {
        "reactor_utilization": {
          "shard": "25",
          "value": 0.022105619999934767
        }
      },
      {
        "reactor_utilization": {
          "shard": "26",
          "value": 0.023206919999985143
        }
      },
      {
        "reactor_utilization": {
          "shard": "27",
          "value": 0.022265559999934403
        }
      }
    ]
  },
  {
    "metrics": [
      {
        "reactor_utilization": {
          "shard": "0",
          "value": 0.11492534000001609
        }
      },
      {
        "reactor_utilization": {
          "shard": "1",
          "value": 0.027081660000127794
        }
      },
      {
        "reactor_utilization": {
          "shard": "2",
          "value": 0.029095040000115535
        }
      },
      {
        "reactor_utilization": {
          "shard": "3",
          "value": 0.025305100000050373
        }
      },
      {
        "reactor_utilization": {
          "shard": "4",
          "value": 0.02784219999990567
        }
      },
      {
        "reactor_utilization": {
          "shard": "5",
          "value": 0.026655400000041851
        }
      },
      {
        "reactor_utilization": {
          "shard": "6",
          "value": 0.042910940000173703
        }
      },
      {
        "reactor_utilization": {
          "shard": "7",
          "value": 0.030882659999897921
        }
      },
      {
        "reactor_utilization": {
          "shard": "8",
          "value": 0.029063900000014797
        }
      },
      {
        "reactor_utilization": {
          "shard": "9",
          "value": 0.02708907999990906
        }
      },
      {
        "reactor_utilization": {
          "shard": "10",
          "value": 0.026607600000072562
        }
      },
      {
        "reactor_utilization": {
          "shard": "11",
          "value": 0.029057159999934523
        }
      },
      {
        "reactor_utilization": {
          "shard": "12",
          "value": 0.023341159999878958
        }
      },
      {
        "reactor_utilization": {
          "shard": "13",
          "value": 0.026520419999986888
        }
      },
      {
        "reactor_utilization": {
          "shard": "14",
          "value": 0.024923739999915817
        }
      },
      {
        "reactor_utilization": {
          "shard": "15",
          "value": 0.024476040000065424
        }
      },
      {
        "reactor_utilization": {
          "shard": "16",
          "value": 0.026991299999934437
        }
      },
      {
        "reactor_utilization": {
          "shard": "17",
          "value": 0.025579279999865534
        }
      },
      {
        "reactor_utilization": {
          "shard": "18",
          "value": 0.028204500000095223
        }
      },
      {
        "reactor_utilization": {
          "shard": "19",
          "value": 0.025021759999932502
        }
      },
      {
        "reactor_utilization": {
          "shard": "20",
          "value": 0.02323589999985165
        }
      },
      {
        "reactor_utilization": {
          "shard": "21",
          "value": 0.023955940000175424
        }
      },
      {
        "reactor_utilization": {
          "shard": "22",
          "value": 0.024056660000115748
        }
      },
      {
        "reactor_utilization": {
          "shard": "23",
          "value": 0.025609780000190874
        }
      },
      {
        "reactor_utilization": {
          "shard": "24",
          "value": 0.025452239999979032
        }
      },
      {
        "reactor_utilization": {
          "shard": "25",
          "value": 0.023546959999931616
        }
      },
      {
        "reactor_utilization": {
          "shard": "26",
          "value": 0.026521279999980329
        }
      },
      {
        "reactor_utilization": {
          "shard": "27",
          "value": 0.026345199999944224
        }
      }
    ]
  },
  {
    "metrics": [
      {
        "reactor_utilization": {
          "shard": "0",
          "value": 0.092362880000007586
        }
      },
      {
        "reactor_utilization": {
          "shard": "1",
          "value": 0.025318600000123759
        }
      },
      {
        "reactor_utilization": {
          "shard": "2",
          "value": 0.025281560000123271
        }
      },
      {
        "reactor_utilization": {
          "shard": "3",
          "value": 0.023392540000033435
        }
      },
      {
        "reactor_utilization": {
          "shard": "4",
          "value": 0.024573559999874206
        }
      },
      {
        "reactor_utilization": {
          "shard": "5",
          "value": 0.025176580000041415
        }
      },
      {
        "reactor_utilization": {
          "shard": "6",
          "value": 0.034759720000177019
        }
      },
      {
        "reactor_utilization": {
          "shard": "7",
          "value": 0.024390259999917951
        }
      },
      {
        "reactor_utilization": {
          "shard": "8",
          "value": 0.022210840000003174
        }
      },
      {
        "reactor_utilization": {
          "shard": "9",
          "value": 0.023260859999907346
        }
      },
      {
        "reactor_utilization": {
          "shard": "10",
          "value": 0.025277300000081659
        }
      },
      {
        "reactor_utilization": {
          "shard": "11",
          "value": 0.025477679999952318
        }
      },
      {
        "reactor_utilization": {
          "shard": "12",
          "value": 0.021722299999893391
        }
      },
      {
        "reactor_utilization": {
          "shard": "13",
          "value": 0.02042396000000446
        }
      },
      {
        "reactor_utilization": {
          "shard": "14",
          "value": 0.023671399999902754
        }
      },
      {
        "reactor_utilization": {
          "shard": "15",
          "value": 0.02462852000005844
        }
      },
      {
        "reactor_utilization": {
          "shard": "16",
          "value": 0.022815439999923637
        }
      },
      {
        "reactor_utilization": {
          "shard": "17",
          "value": 0.025798599999860006
        }
      },
      {
        "reactor_utilization": {
          "shard": "18",
          "value": 0.025868880000101679
        }
      },
      {
        "reactor_utilization": {
          "shard": "19",
          "value": 0.022799939999940122
        }
      },
      {
        "reactor_utilization": {
          "shard": "20",
          "value": 0.021019959999857285
        }
      },
      {
        "reactor_utilization": {
          "shard": "21",
          "value": 0.023576560000182489
        }
      },
      {
        "reactor_utilization": {
          "shard": "22",
          "value": 0.021950180000129826
        }
      },
      {
        "reactor_utilization": {
          "shard": "23",
          "value": 0.021646980000189497
        }
      },
      {
        "reactor_utilization": {
          "shard": "24",
          "value": 0.021714819999973933
        }
      },
      {
        "reactor_utilization": {
          "shard": "25",
          "value": 0.023145839999916262
        }
      },
      {
        "reactor_utilization": {
          "shard": "26",
          "value": 0.021291479999951957
        }
      },
      {
        "reactor_utilization": {
          "shard": "27",
          "value": 0.02251805999993195
        }
      }
    ]
  }
]
