[
  {
    "metrics": [
      {
        "reactor_utilization": {
          "shard": "0",
          "value": 0.83184571999999068
        }
      },
      {
        "reactor_utilization": {
          "shard": "1",
          "value": 6.5718907000000382
        }
      },
      {
        "reactor_utilization": {
          "shard": "2",
          "value": 0.53247952000001764
        }
      },
      {
        "reactor_utilization": {
          "shard": "3",
          "value": 0.50176351999997593
        }
      },
      {
        "reactor_utilization": {
          "shard": "4",
          "value": 0.51036039999998728
        }
      },
      {
        "reactor_utilization": {
          "shard": "5",
          "value": 0.43621890000001828
        }
      },
      {
        "reactor_utilization": {
          "shard": "6",
          "value": 0.53479302000001283
        }
      },
      {
        "reactor_utilization": {
          "shard": "7",
          "value": 0.65862857999998692
        }
      },
      {
        "reactor_utilization": {
          "shard": "8",
          "value": 0.44776021999997084
        }
      },
      {
        "reactor_utilization": {
          "shard": "9",
          "value": 0.51081227999998369
        }
      },
      {
        "reactor_utilization": {
          "shard": "10",
          "value": 0.46684502000000627
        }
      },
      {
        "reactor_utilization": {
          "shard": "11",
          "value": 0.50162973999999805
        }
      },
      {
        "reactor_utilization": {
          "shard": "12",
          "value": 0.50325521999996514
        }
      },
      {
        "reactor_utilization": {
          "shard": "13",
          "value": 0.46514698000001964
        }
      },
      {
        "reactor_utilization": {
          "shard": "14",
          "value": 0.44862095999999019
        }
      },
      {
        "reactor_utilization": {
          "shard": "15",
          "value": 0.48932424000002195
        }
      },
      {
        "reactor_utilization": {
          "shard": "16",
          "value": 0.48658609999998603
        }
      },
      {
        "reactor_utilization": {
          "shard": "17",
          "value": 0.46774092000000378
        }
      },
      {
        "reactor_utilization": {
          "shard": "18",
          "value": 0.43537212000003267
        }
      },
      {
        "reactor_utilization": {
          "shard": "19",
          "value": 0.37978866000001332
        }
      },
      {
        "reactor_utilization": {
          "shard": "20",
          "value": 0.39037727999999827
        }
      },
      {
        "reactor_utilization": {
          "shard": "21",
          "value": 0.4365195200000338
        }
      },
      {
        "reactor_utilization": {
          "shard": "22",
          "value": 0.4446634400000038
        }
      },
      {
        "reactor_utilization": {
          "shard": "23",
          "value": 0.43484177999995044
        }
      },
      {
        "reactor_utilization": {
          "shard": "24",
          "value": 0.44936030000000127
        }
      },
      {
        "reactor_utilization": {
          "shard": "25",
          "value": 0.40888037999998739
        }
      },
      {
        "reactor_utilization": {
          "shard": "26",
          "value": 0.4076149600000134
        }
      },
      {
        "reactor_utilization": {
          "shard": "27",
          "value": 0.43390086000001382
        }
      }
    ]
  },
  {
    "metrics": [
      {
        "reactor_utilization": {
          "shard": "0",
          "value": 0.098245879999991903
        }
      },
      {
        "reactor_utilization": {
          "shard": "1",
          "value": 0.03148296000000661
        }
      },
      {
        "reactor_utilization": {
          "shard": "2",
          "value": 0.03040041999999854
        }
      },
      {
        "reactor_utilization": {
          "shard": "3",
          "value": 0.02968568000001337
        }
      },
      {
        "reactor_utilization": {
          "shard": "4",
          "value": 0.030380139999974798
        }
      },
      {
        "reactor_utilization": {
          "shard": "5",
          "value": 0.053284820000043531
        }
      },
      {
        "reactor_utilization": {
          "shard": "6",
          "value": 0.03089396000000022
        }
      },
      {
        "reactor_utilization": {
          "shard": "7",
          "value": 0.024937099999977619
        }
      },
      {
        "reactor_utilization": {
          "shard": "8",
          "value": 0.030810119999968855
        }
      },
      {
        "reactor_utilization": {
          "shard": "9",
          "value": 0.02174411999997794
        }
      },
      {
        "reactor_utilization": {
          "shard": "10",
          "value": 0.027358739999994164
        }
      },
      {
        "reactor_utilization": {
          "shard": "11",
          "value": 0.033347939999994747
        }
      },
      {
        "reactor_utilization": {
          "shard": "12",
          "value": 0.029222579999976794
        }
      },
      {
        "reactor_utilization": {
          "shard": "13",
          "value": 0.036233600000024069
        }
      },
      {
        "reactor_utilization": {
          "shard": "14",
          "value": 0.025365099999996588
        }
      },
      {
        "reactor_utilization": {
          "shard": "15",
          "value": 0.026159740000031295
        }
      },
      {
        "reactor_utilization": {
          "shard": "16",
          "value": 0.030010019999981985
        }
      },
      {
        "reactor_utilization": {
          "shard": "17",
          "value": 0.028876919999998307
        }
      },
      {
        "reactor_utilization": {
          "shard": "18",
          "value": 0.032755180000032524
        }
      },
      {
        "reactor_utilization": {
          "shard": "19",
          "value": 0.030475240000005233
        }
      },
      {
        "reactor_utilization": {
          "shard": "20",
          "value": 0.033662440000004068
        }
      },
      {
        "reactor_utilization": {
          "shard": "21",
          "value": 0.031828840000025505
        }
      },
      {
        "reactor_utilization": {
          "shard": "22",
          "value": 0.02855407999998727
        }
      },
      {
        "reactor_utilization": {
          "shard": "23",
          "value": 0.032307179999979674
        }
      },
      {
        "reactor_utilization": {
          "shard": "24",
          "value": 0.032450200000000429
        }
      },
      {
        "reactor_utilization": {
          "shard": "25",
          "value": 0.033367699999986566
        }
      },
      {
        "reactor_utilization": {
          "shard": "26",
          "value": 0.028682720000006157
        }
      },
      {
        "reactor_utilization": {
          "shard": "27",
          "value": 0.031996179999982388
        }
      }
    ]
  },
  {
    "metrics": [
      {
        "reactor_utilization": {
          "shard": "0",
          "value": 0.096531180000003491
        }
      },
      {
        "reactor_utilization": {
          "shard": "1",
          "value": 0.02269172000000097
        }
      },
      {
        "reactor_utilization": {
          "shard": "2",
          "value": 0.023905600000007077
        }
      },
      {
        "reactor_utilization": {
          "shard": "3",
          "value": 0.018270740000003727
        }
      },
      {
        "reactor_utilization": {
          "shard": "4",
          "value": 0.024605679999978314
        }
      },
      {
        "reactor_utilization": {
          "shard": "5",
          "value": 0.030836420000035503
        }
      },
      {
        "reactor_utilization": {
          "shard": "6",
          "value": 0.0224055800000178
        }
      },
      {
        "reactor_utilization": {
          "shard": "7",
          "value": 0.029401899999981218
        }
      },
      {
        "reactor_utilization": {
          "shard": "8",
          "value": 0.022811759999963321
        }
      },
      {
        "reactor_utilization": {
          "shard": "9",
          "value": 0.029872739999980968
        }
      },
      {
        "reactor_utilization": {
          "shard": "10",
          "value": 0.024167120000007092
        }
      },
      {
        "reactor_utilization": {
          "shard": "11",
          "value": 0.028474619999996342
        }
      },
      {
        "reactor_utilization": {
          "shard": "12",
          "value": 0.020522939999956247
        }
      },
      {
        "reactor_utilization": {
          "shard": "13",
          "value": 0.025001500000021437
        }
      },
      {
        "reactor_utilization": {
          "shard": "14",
          "value": 0.020106499999994476
        }
      },
      {
        "reactor_utilization": {
          "shard": "15",
          "value": 0.021903820000024332
        }
      },
      {
        "reactor_utilization": {
          "shard": "16",
          "value": 0.020441119999969892
        }
      },
      {
        "reactor_utilization": {
          "shard": "17",
          "value": 0.020982899999988369
        }
      },
      {
        "reactor_utilization": {
          "shard": "18",
          "value": 0.02121640000001257
        }
      },
      {
        "reactor_utilization": {
          "shard": "19",
          "value": 0.02425596000000807
        }
      },
      {
        "reactor_utilization": {
          "shard": "20",
          "value": 0.024395759999984445
        }
      },
      {
        "reactor_utilization": {
          "shard": "21",
          "value": 0.021747840000019281
        }
      },
      {
        "reactor_utilization": {
          "shard": "22",
          "value": 0.023389040000010297
        }
      },
      {
        "reactor_utilization": {
          "shard": "23",
          "value": 0.02521853999997159
        }
      },
      {
        "reactor_utilization": {
          "shard": "24",
          "value": 0.021371579999995838
        }
      },
      {
        "reactor_utilization": {
          "shard": "25",
          "value": 0.023968799999973811
        }
      },
      {
        "reactor_utilization": {
          "shard": "26",
          "value": 0.020072339999999134
        }
      },
      {
        "reactor_utilization": {
          "shard": "27",
          "value": 0.024193919999970781
        }
      }
    ]
  },
  {
    "metrics": [
      {
        "reactor_utilization": {
          "shard": "0",
          "value": 0.10772818000001072
        }
      },
      {
        "reactor_utilization": {
          "shard": "1",
          "value": 0.030822460000012875
        }
      },
      {
        "reactor_utilization": {
          "shard": "2",
          "value": 0.027826140000031252
        }
      },
      {
        "reactor_utilization": {
          "shard": "3",
          "value": 0.027984819999993249
        }
      },
      {
        "reactor_utilization": {
          "shard": "4",
          "value": 0.031924019999973741
        }
      },
      {
        "reactor_utilization": {
          "shard": "5",
          "value": 0.040475880000023778
        }
      },
      {
        "reactor_utilization": {
          "shard": "6",
          "value": 0.029735279999998365
        }
      },
      {
        "reactor_utilization": {
          "shard": "7",
          "value": 0.027431639999964119
        }
      },
      {
        "reactor_utilization": {
          "shard": "8",
          "value": 0.029281999999963837
        }
      },
      {
        "reactor_utilization": {
          "shard": "9",
          "value": 0.030880559999979518
        }
      },
      {
        "reactor_utilization": {
          "shard": "10",
          "value": 0.03036573999999348
        }
      },
      {
        "reactor_utilization": {
          "shard": "11",
          "value": 0.032334800000000108
        }
      },
      {
        "reactor_utilization": {
          "shard": "12",
          "value": 0.028381379999986578
        }
      },
      {
        "reactor_utilization": {
          "shard": "13",
          "value": 0.02714296000002614
        }
      },
      {
        "reactor_utilization": {
          "shard": "14",
          "value": 0.02702223999998532
        }
      },
      {
        "reactor_utilization": {
          "shard": "15",
          "value": 0.029928340000018316
        }
      },
      {
        "reactor_utilization": {
          "shard": "16",
          "value": 0.028179059999977607
        }
      },
      {
        "reactor_utilization": {
          "shard": "17",
          "value": 0.027403179999985205
        }
      },
      {
        "reactor_utilization": {
          "shard": "18",
          "value": 0.032376380000020966
        }
      },
      {
        "reactor_utilization": {
          "shard": "19",
          "value": 0.031034080000003073
        }
      },
      {
        "reactor_utilization": {
          "shard": "20",
          "value": 0.030287759999969577
        }
      },
      {
        "reactor_utilization": {
          "shard": "21",
          "value": 0.027340580000012604
        }
      },
      {
        "reactor_utilization": {
          "shard": "22",
          "value": 0.029329740000016979
        }
      },
      {
        "reactor_utilization": {
          "shard": "23",
          "value": 0.031043179999989956
        }
      },
      {
        "reactor_utilization": {
          "shard": "24",
          "value": 0.029919140000012057
        }
      },
      {
        "reactor_utilization": {
          "shard": "25",
          "value": 0.028097919999980903
        }
      },
      {
        "reactor_utilization": {
          "shard": "26",
          "value": 0.030471099999984652
        }
      },
      {
        "reactor_utilization": {
          "shard": "27",
          "value": 0.029078039999985705
        }
      }
    ]
  },
  {
    "metrics": [
      {
        "reactor_utilization": {
          "shard": "0",
          "value": 0.096464019999997763
        }
      },
      {
        "reactor_utilization": {
          "shard": "1",
          "value": 0.025637440000059186
        }
      },
      {
        "reactor_utilization": {
          "shard": "2",
          "value": 0.021167680000000466
        }
      },
      {
        "reactor_utilization": {
          "shard": "3",
          "value": 0.02384282000000848
        }
      },
      {
        "reactor_utilization": {
          "shard": "4",
          "value": 0.022431759999974599
        }
      },
      {
        "reactor_utilization": {
          "shard": "5",
          "value": 0.043996400000034797
        }
      },
      {
        "reactor_utilization": {
          "shard": "6",
          "value": 0.021093820000017693
        }
      },
      {
        "reactor_utilization": {
          "shard": "7",
          "value": 0.021513659999961021
        }
      },
      {
        "reactor_utilization": {
          "shard": "8",
          "value": 0.023824439999942104
        }
      },
      {
        "reactor_utilization": {
          "shard": "9",
          "value": 0.022541879999971037
        }
      },
      {
        "reactor_utilization": {
          "shard": "10",
          "value": 0.019932940000000343
        }
      },
      {
        "reactor_utilization": {
          "shard": "11",
          "value": 0.023314939999996565
        }
      },
      {
        "reactor_utilization": {
          "shard": "12",
          "value": 0.0261734399999769
        }
      },
      {
        "reactor_utilization": {
          "shard": "13",
          "value": 0.020668420000036214
        }
      },
      {
        "reactor_utilization": {
          "shard": "14",
          "value": 0.0203153000000178
        }
      },
      {
        "reactor_utilization": {
          "shard": "15",
          "value": 0.02082070000000158
        }
      },
      {
        "reactor_utilization": {
          "shard": "16",
          "value": 0.020283679999966164
        }
      },
      {
        "reactor_utilization": {
          "shard": "17",
          "value": 0.020455399999974588
        }
      },
      {
        "reactor_utilization": {
          "shard": "18",
          "value": 0.021164920000016352
        }
      },
      {
        "reactor_utilization": {
          "shard": "19",
          "value": 0.022645599999993049
        }
      },
      {
        "reactor_utilization": {
          "shard": "20",
          "value": 0.022238379999994784
        }
      },
      {
        "reactor_utilization": {
          "shard": "21",
          "value": 0.020029580000024971
        }
      },
      {
        "reactor_utilization": {
          "shard": "22",
          "value": 0.0223609000000069
        }
      },
      {
        "reactor_utilization": {
          "shard": "23",
          "value": 0.024052719999978489
        }
      },
      {
        "reactor_utilization": {
          "shard": "24",
          "value": 0.020184000000000868
        }
      },
      {
        "reactor_utilization": {
          "shard": "25",
          "value": 0.02243189999997508
        }
      },
      {
        "reactor_utilization": {
          "shard": "26",
          "value": 0.023135419999986695
        }
      },
      {
        "reactor_utilization": {
          "shard": "27",
          "value": 0.020896859999974815
        }
      }
    ]
  },
  {
    "metrics": [
      {
        "reactor_utilization": {
          "shard": "0",
          "value": 0.10135953999999003
        }
      },
      {
        "reactor_utilization": {
          "shard": "1",
          "value": 0.038067000000030493
        }
      },
      {
        "reactor_utilization": {
          "shard": "2",
          "value": 0.0370132000000023
        }
      },
      {
        "reactor_utilization": {
          "shard": "3",
          "value": 0.038081540000012293
        }
      },
      {
        "reactor_utilization": {
          "shard": "4",
          "value": 0.038352159999965885
        }
      },
      {
        "reactor_utilization": {
          "shard": "5",
          "value": 0.046999600000030561
        }
      },
      {
        "reactor_utilization": {
          "shard": "6",
          "value": 0.037518400000013941
        }
      },
      {
        "reactor_utilization": {
          "shard": "7",
          "value": 0.038166599999966966
        }
      },
      {
        "reactor_utilization": {
          "shard": "8",
          "value": 0.036667039999960238
        }
      },
      {
        "reactor_utilization": {
          "shard": "9",
          "value": 0.040870059999975616
        }
      },
      {
        "reactor_utilization": {
          "shard": "10",
          "value": 0.033342320000029346
        }
      },
      {
        "reactor_utilization": {
          "shard": "11",
          "value": 0.040225179999997529
        }
      },
      {
        "reactor_utilization": {
          "shard": "12",
          "value": 0.034541899999973591
        }
      },
      {
        "reactor_utilization": {
          "shard": "13",
          "value": 0.036122900000035152
        }
      },
      {
        "reactor_utilization": {
          "shard": "14",
          "value": 0.035904600000002951
        }
      },
      {
        "reactor_utilization": {
          "shard": "15",
          "value": 0.036725079999999632
        }
      },
      {
        "reactor_utilization": {
          "shard": "16",
          "value": 0.037592639999961541
        }
      },
      {
        "reactor_utilization": {
          "shard": "17",
          "value": 0.029181639999942277
        }
      },
      {
        "reactor_utilization": {
          "shard": "18",
          "value": 0.031051420000005603
        }
      },
      {
        "reactor_utilization": {
          "shard": "19",
          "value": 0.028505000000000891
        }
      },
      {
        "reactor_utilization": {
          "shard": "20",
          "value": 0.027795219999982024
        }
      },
      {
        "reactor_utilization": {
          "shard": "21",
          "value": 0.033439940000046242
        }
      },
      {
        "reactor_utilization": {
          "shard": "22",
          "value": 0.03168732000002894
        }
      },
      {
        "reactor_utilization": {
          "shard": "23",
          "value": 0.030221219999981841
        }
      },
      {
        "reactor_utilization": {
          "shard": "24",
          "value": 0.034364319999991011
        }
      },
      {
        "reactor_utilization": {
          "shard": "25",
          "value": 0.03445820000000932
        }
      },
      {
        "reactor_utilization": {
          "shard": "26",
          "value": 0.029999579999984149
        }
      },
      {
        "reactor_utilization": {
          "shard": "27",
          "value": 0.03153087999999693
        }
      }
    ]
  },
  {
    "metrics": [
      {
        "reactor_utilization": {
          "shard": "0",
          "value": 0.10400445999998453
        }
      },
      {
        "reactor_utilization": {
          "shard": "1",
          "value": 0.027519420000032824
        }
      },
      {
        "reactor_utilization": {
          "shard": "2",
          "value": 0.032595660000001025
        }
      },
      {
        "reactor_utilization": {
          "shard": "3",
          "value": 0.030409620000027004
        }
      },
      {
        "reactor_utilization": {
          "shard": "4",
          "value": 0.030541779999981866
        }
      },
      {
        "reactor_utilization": {
          "shard": "5",
          "value": 0.045021060000027813
        }
      },
      {
        "reactor_utilization": {
          "shard": "6",
          "value": 0.030769220000015363
        }
      },
      {
        "reactor_utilization": {
          "shard": "7",
          "value": 0.032559739999937776
        }
      },
      {
        "reactor_utilization": {
          "shard": "8",
          "value": 0.031361839999977104
        }
      },
      {
        "reactor_utilization": {
          "shard": "9",
          "value": 0.033030579999981935
        }
      },
      {
        "reactor_utilization": {
          "shard": "10",
          "value": 0.026529560000043695
        }
      },
      {
        "reactor_utilization": {
          "shard": "11",
          "value": 0.031486520000012508
        }
      },
      {
        "reactor_utilization": {
          "shard": "12",
          "value": 0.030353899999968625
        }
      },
      {
        "reactor_utilization": {
          "shard": "13",
          "value": 0.027271820000041025
        }
      },
      {
        "reactor_utilization": {
          "shard": "14",
          "value": 0.029960080000024369
        }
      },
      {
        "reactor_utilization": {
          "shard": "15",
          "value": 0.028374779999995603
        }
      },
      {
        "reactor_utilization": {
          "shard": "16",
          "value": 0.031929859999968446
        }
      },
      {
        "reactor_utilization": {
          "shard": "17",
          "value": 0.02903875999995531
        }
      },
      {
        "reactor_utilization": {
          "shard": "18",
          "value": 0.027626219999998813
        }
      },
      {
        "reactor_utilization": {
          "shard": "19",
          "value": 0.029726019999998243
        }
      },
      {
        "reactor_utilization": {
          "shard": "20",
          "value": 0.026576459999971824
        }
      },
      {
        "reactor_utilization": {
          "shard": "21",
          "value": 0.027413980000035032
        }
      },
      {
        "reactor_utilization": {
          "shard": "22",
          "value": 0.030069400000032331
        }
      },
      {
        "reactor_utilization": {
          "shard": "23",
          "value": 0.031023159999987726
        }
      },
      {
        "reactor_utilization": {
          "shard": "24",
          "value": 0.031748319999991281
        }
      },
      {
        "reactor_utilization": {
          "shard": "25",
          "value": 0.037418000000011276
        }
      },
      {
        "reactor_utilization": {
          "shard": "26",
          "value": 0.029372059999999145
        }
      },
      {
        "reactor_utilization": {
          "shard": "27",
          "value": 0.027981459999981695
        }
      }
    ]
  },
  {
    "metrics": [
      {
        "reactor_utilization": {
          "shard": "0",
          "value": 0.080490099999963594
        }
      },
      {
        "reactor_utilization": {
          "shard": "1",
          "value": 0.02453218000003643
        }
      },
      {
        "reactor_utilization": {
          "shard": "2",
          "value": 0.023370160000002471
        }
      },
      {
        "reactor_utilization": {
          "shard": "3",
          "value": 0.024488600000016625
        }
      },
      {
        "reactor_utilization": {
          "shard": "4",
          "value": 0.02277289999997878
        }
      },
      {
        "reactor_utilization": {
          "shard": "5",
          "value": 0.045601980000031794
        }
      },
      {
        "reactor_utilization": {
          "shard": "6",
          "value": 0.024189560000031918
        }
      },
      {
        "reactor_utilization": {
          "shard": "7",
          "value": 0.023253299999925758
        }
      },
      {
        "reactor_utilization": {
          "shard": "8",
          "value": 0.023075439999986624
        }
      },
      {
        "reactor_utilization": {
          "shard": "9",
          "value": 0.021522519999983558
        }
      },
      {
        "reactor_utilization": {
          "shard": "10",
          "value": 0.021197160000041571
        }
      },
      {
        "reactor_utilization": {
          "shard": "11",
          "value": 0.025628039999991969
        }
      },
      {
        "reactor_utilization": {
          "shard": "12",
          "value": 0.022066539999965329
        }
      },
      {
        "reactor_utilization": {
          "shard": "13",
          "value": 0.022434720000030772
        }
      },
      {
        "reactor_utilization": {
          "shard": "14",
          "value": 0.020553420000035683
        }
      },
      {
        "reactor_utilization": {
          "shard": "15",
          "value": 0.020138780000011902
        }
      },
      {
        "reactor_utilization": {
          "shard": "16",
          "value": 0.023907479999973891
        }
      },
      {
        "reactor_utilization": {
          "shard": "17",
          "value": 0.021006419999969328
        }
      },
      {
        "reactor_utilization": {
          "shard": "18",
          "value": 0.021828080000008132
        }
      },
      {
        "reactor_utilization": {
          "shard": "19",
          "value": 0.022691519999984422
        }
      },
      {
        "reactor_utilization": {
          "shard": "20",
          "value": 0.021118819999954574
        }
      },
      {
        "reactor_utilization": {
          "shard": "21",
          "value": 0.021174620000041777
        }
      },
      {
        "reactor_utilization": {
          "shard": "22",
          "value": 0.022140000000048232
        }
      },
      {
        "reactor_utilization": {
          "shard": "23",
          "value": 0.023229319999984455
        }
      },
      {
        "reactor_utilization": {
          "shard": "24",
          "value": 0.020506639999995357
        }
      },
      {
        "reactor_utilization": {
          "shard": "25",
          "value": 0.023228639999994805
        }
      },
      {
        "reactor_utilization": {
          "shard": "26",
          "value": 0.02399044000001016
        }
      },
      {
        "reactor_utilization": {
          "shard": "27",
          "value": 0.02477023999996053
        }
      }
    ]
  },
  {
    "metrics": [
      {
        "reactor_utilization": {
          "shard": "0",
          "value": 0.088834339999965817
        }
      },
      {
        "reactor_utilization": {
          "shard": "1",
          "value": 0.027591960000039606
        }
      },
      {
        "reactor_utilization": {
          "shard": "2",
          "value": 0.029616799999998555
        }
      },
      {
        "reactor_utilization": {
          "shard": "3",
          "value": 0.028005920000018225
        }
      },
      {
        "reactor_utilization": {
          "shard": "4",
          "value": 0.029226359999956486
        }
      },
      {
        "reactor_utilization": {
          "shard": "5",
          "value": 0.035388620000031956
        }
      },
      {
        "reactor_utilization": {
          "shard": "6",
          "value": 0.028015320000029931
        }
      },
      {
        "reactor_utilization": {
          "shard": "7",
          "value": 0.027538519999925626
        }
      },
      {
        "reactor_utilization": {
          "shard": "8",
          "value": 0.031083179999980004
        }
      },
      {
        "reactor_utilization": {
          "shard": "9",
          "value": 0.028553980000034507
        }
      },
      {
        "reactor_utilization": {
          "shard": "10",
          "value": 0.02274794000005631
        }
      },
      {
        "reactor_utilization": {
          "shard": "11",
          "value": 0.030139340000001624
        }
      },
      {
        "reactor_utilization": {
          "shard": "12",
          "value": 0.025032659999957296
        }
      },
      {
        "reactor_utilization": {
          "shard": "13",
          "value": 0.02362028000002514
        }
      },
      {
        "reactor_utilization": {
          "shard": "14",
          "value": 0.02684852000003346
        }
      },
      {
        "reactor_utilization": {
          "shard": "15",
          "value": 0.026786680000001617
        }
      },
      {
        "reactor_utilization": {
          "shard": "16",
          "value": 0.027299719999984706
        }
      },
      {
        "reactor_utilization": {
          "shard": "17",
          "value": 0.025948359999961035
        }
      },
      {
        "reactor_utilization": {
          "shard": "18",
          "value": 0.028935180000000393
        }
      },
      {
        "reactor_utilization": {
          "shard": "19",
          "value": 0.028053339999978277
        }
      },
      {
        "reactor_utilization": {
          "shard": "20",
          "value": 0.028617699999955448
        }
      },
      {
        "reactor_utilization": {
          "shard": "21",
          "value": 0.026353100000053864
        }
      },
      {
        "reactor_utilization": {
          "shard": "22",
          "value": 0.026416800000061968
        }
      },
      {
        "reactor_utilization": {
          "shard": "23",
          "value": 0.029615679999994704
        }
      },
      {
        "reactor_utilization": {
          "shard": "24",
          "value": 0.029831979999972447
        }
      },
      {
        "reactor_utilization": {
          "shard": "25",
          "value": 0.029844360000008674
        }
      },
      {
        "reactor_utilization": {
          "shard": "26",
          "value": 0.029555860000018974
        }
      },
      {
        "reactor_utilization": {
          "shard": "27",
          "value": 0.029156559999954368
        }
      }
    ]
  },
  {
    "metrics": [
      {
        "reactor_utilization": {
          "shard": "0",
          "value": 0.096036039999969347
        }
      },
      {
        "reactor_utilization": {
          "shard": "1",
          "value": 0.022568780000042921
        }
      },
      {
        "reactor_utilization": {
          "shard": "2",
          "value": 0.024624999999989239
        }
      },
      {
        "reactor_utilization": {
          "shard": "3",
          "value": 0.024330780000014762
        }
      },
      {
        "reactor_utilization": {
          "shard": "4",
          "value": 0.024484219999953982
        }
      },
      {
        "reactor_utilization": {
          "shard": "5",
          "value": 0.020318580000044939
        }
      },
      {
        "reactor_utilization": {
          "shard": "6",
          "value": 0.024674040000005615
        }
      },
      {
        "reactor_utilization": {
          "shard": "7",
          "value": 0.022409079999896608
        }
      },
      {
        "reactor_utilization": {
          "shard": "8",
          "value": 0.023230259999995617
        }
      },
      {
        "reactor_utilization": {
          "shard": "9",
          "value": 0.022704880000001815
        }
      },
      {
        "reactor_utilization": {
          "shard": "10",
          "value": 0.020561960000042845
        }
      },
      {
        "reactor_utilization": {
          "shard": "11",
          "value": 0.025182400000012262
        }
      },
      {
        "reactor_utilization": {
          "shard": "12",
          "value": 0.021301799999950966
        }
      },
      {
        "reactor_utilization": {
          "shard": "13",
          "value": 0.021762940000003006
        }
      },
      {
        "reactor_utilization": {
          "shard": "14",
          "value": 0.024841100000039251
        }
      },
      {
        "reactor_utilization": {
          "shard": "15",
          "value": 0.020967300000007683
        }
      },
      {
        "reactor_utilization": {
          "shard": "16",
          "value": 0.023145459999984741
        }
      },
      {
        "reactor_utilization": {
          "shard": "17",
          "value": 0.023910699999962759
        }
      },
      {
        "reactor_utilization": {
          "shard": "18",
          "value": 0.020950880000003558
        }
      },
      {
        "reactor_utilization": {
          "shard": "19",
          "value": 0.021138499999995286
        }
      },
      {
        "reactor_utilization": {
          "shard": "20",
          "value": 0.023203239999958214
        }
      },
      {
        "reactor_utilization": {
          "shard": "21",
          "value": 0.019971000000051919
        }
      },
      {
        "reactor_utilization": {
          "shard": "22",
          "value": 0.020825280000047464
        }
      },
      {
        "reactor_utilization": {
          "shard": "23",
          "value": 0.020593680000002834
        }
      },
      {
        "reactor_utilization": {
          "shard": "24",
          "value": 0.022050359999981062
        }
      },
      {
        "reactor_utilization": {
          "shard": "25",
          "value": 0.021234040000017718
        }
      },
      {
        "reactor_utilization": {
          "shard": "26",
          "value": 0.022412980000030558
        }
      },
      {
        "reactor_utilization": {
          "shard": "27",
          "value": 0.021878459999946642
        }
      }
    ]
  },
  {
    "metrics": [
      {
        "reactor_utilization": {
          "shard": "0",
          "value": 0.09558345999995943
        }
      },
      {
        "reactor_utilization": {
          "shard": "1",
          "value": 0.021415180000050604
        }
      },
      {
        "reactor_utilization": {
          "shard": "2",
          "value": 0.022396499999999264
        }
      },
      {
        "reactor_utilization": {
          "shard": "3",
          "value": 0.024306300000020986
        }
      },
      {
        "reactor_utilization": {
          "shard": "4",
          "value": 0.022737399999939178
        }
      },
      {
        "reactor_utilization": {
          "shard": "5",
          "value": 0.037373560000042438
        }
      },
      {
        "reactor_utilization": {
          "shard": "6",
          "value": 0.021272200000022057
        }
      },
      {
        "reactor_utilization": {
          "shard": "7",
          "value": 0.020572079999892079
        }
      },
      {
        "reactor_utilization": {
          "shard": "8",
          "value": 0.025150059999989871
        }
      },
      {
        "reactor_utilization": {
          "shard": "9",
          "value": 0.021935600000000388
        }
      },
      {
        "reactor_utilization": {
          "shard": "10",
          "value": 0.017907120000049126
        }
      },
      {
        "reactor_utilization": {
          "shard": "11",
          "value": 0.023231240000021192
        }
      },
      {
        "reactor_utilization": {
          "shard": "12",
          "value": 0.021468199999974402
        }
      },
      {
        "reactor_utilization": {
          "shard": "13",
          "value": 0.019803980000021593
        }
      },
      {
        "reactor_utilization": {
          "shard": "14",
          "value": 0.022468180000045912
        }
      },
      {
        "reactor_utilization": {
          "shard": "15",
          "value": 0.020243060000013635
        }
      },
      {
        "reactor_utilization": {
          "shard": "16",
          "value": 0.022551899999978531
        }
      },
      {
        "reactor_utilization": {
          "shard": "17",
          "value": 0.021851959999952264
        }
      },
      {
        "reactor_utilization": {
          "shard": "18",
          "value": 0.021571580000001589
        }
      },
      {
        "reactor_utilization": {
          "shard": "19",
          "value": 0.020761799999990949
        }
      },
      {
        "reactor_utilization": {
          "shard": "20",
          "value": 0.022589279999929435
        }
      },
      {
        "reactor_utilization": {
          "shard": "21",
          "value": 0.023055480000067075
        }
      },
      {
        "reactor_utilization": {
          "shard": "22",
          "value": 0.022691860000034758
        }
      },
      {
        "reactor_utilization": {
          "shard": "23",
          "value": 0.02155835999999578
        }
      },
      {
        "reactor_utilization": {
          "shard": "24",
          "value": 0.021402520000002312
        }
      },
      {
        "reactor_utilization": {
          "shard": "25",
          "value": 0.022044160000012081
        }
      },
      {
        "reactor_utilization": {
          "shard": "26",
          "value": 0.020161560000042655
        }
      },
      {
        "reactor_utilization": {
          "shard": "27",
          "value": 0.020842779999941108
        }
      }
    ]
  },
  {
    "metrics": [
      {
        "reactor_utilization": {
          "shard": "0",
          "value": 0.094833019999951418
        }
      },
      {
        "reactor_utilization": {
          "shard": "1",
          "value": 0.029645080000051394
        }
      },
      {
        "reactor_utilization": {
          "shard": "2",
          "value": 0.022814799999992807
        }
      },
      {
        "reactor_utilization": {
          "shard": "3",
          "value": 0.026284400000009533
        }
      },
      {
        "reactor_utilization": {
          "shard": "4",
          "value": 0.026990259999948307
        }
      },
      {
        "reactor_utilization": {
          "shard": "5",
          "value": 0.035056840000025069
        }
      },
      {
        "reactor_utilization": {
          "shard": "6",
          "value": 0.0274458000000255
        }
      },
      {
        "reactor_utilization": {
          "shard": "7",
          "value": 0.025851759999884205
        }
      },
      {
        "reactor_utilization": {
          "shard": "8",
          "value": 0.024729119999999938
        }
      },
      {
        "reactor_utilization": {
          "shard": "9",
          "value": 0.026974599999984861
        }
      },
      {
        "reactor_utilization": {
          "shard": "10",
          "value": 0.025966220000062101
        }
      },
      {
        "reactor_utilization": {
          "shard": "11",
          "value": 0.025769460000035771
        }
      },
      {
        "reactor_utilization": {
          "shard": "12",
          "value": 0.023803279999956573
        }
      },
      {
        "reactor_utilization": {
          "shard": "13",
          "value": 0.023437740000020746
        }
      },
      {
        "reactor_utilization": {
          "shard": "14",
          "value": 0.022655060000043026
        }
      },
      {
        "reactor_utilization": {
          "shard": "15",
          "value": 0.021543360000031431
        }
      },
      {
        "reactor_utilization": {
          "shard": "16",
          "value": 0.025628479999972864
        }
      },
      {
        "reactor_utilization": {
          "shard": "17",
          "value": 0.021372319999957146
        }
      },
      {
        "reactor_utilization": {
          "shard": "18",
          "value": 0.024848719999992497
        }
      },
      {
        "reactor_utilization": {
          "shard": "19",
          "value": 0.025058599999983056
        }
      },
      {
        "reactor_utilization": {
          "shard": "20",
          "value": 0.025681159999912939
        }
      },
      {
        "reactor_utilization": {
          "shard": "21",
          "value": 0.022655160000062402
        }
      },
      {
        "reactor_utilization": {
          "shard": "22",
          "value": 0.024777520000029973
        }
      },
      {
        "reactor_utilization": {
          "shard": "23",
          "value": 0.024262920000017729
        }
      },
      {
        "reactor_utilization": {
          "shard": "24",
          "value": 0.02578476000001384
        }
      },
      {
        "reactor_utilization": {
          "shard": "25",
          "value": 0.024727099999988233
        }
      },
      {
        "reactor_utilization": {
          "shard": "26",
          "value": 0.024239080000032498
        }
      },
      {
        "reactor_utilization": {
          "shard": "27",
          "value": 0.026107859999935368
        }
      }
    ]
  },
  {
    "metrics": [
      {
        "reactor_utilization": {
          "shard": "0",
          "value": 0.082928099999968197
        }
      },
      {
        "reactor_utilization": {
          "shard": "1",
          "value": 0.035271400000036479
        }
      },
      {
        "reactor_utilization": {
          "shard": "2",
          "value": 0.027806240000005644
        }
      },
      {
        "reactor_utilization": {
          "shard": "3",
          "value": 0.02808858000001857
        }
      },
      {
        "reactor_utilization": {
          "shard": "4",
          "value": 0.029302799999952889
        }
      },
      {
        "reactor_utilization": {
          "shard": "5",
          "value": 0.042181760000048474
        }
      },
      {
        "reactor_utilization": {
          "shard": "6",
          "value": 0.029636340000038786
        }
      },
      {
        "reactor_utilization": {
          "shard": "7",
          "value": 0.020938119999880378
        }
      },
      {
        "reactor_utilization": {
          "shard": "8",
          "value": 0.026335360000007135
        }
      },
      {
        "reactor_utilization": {
          "shard": "9",
          "value": 0.027701319999995366
        }
      },
      {
        "reactor_utilization": {
          "shard": "10",
          "value": 0.025558600000041842
        }
      },
      {
        "reactor_utilization": {
          "shard": "11",
          "value": 0.031424140000024803
        }
      },
      {
        "reactor_utilization": {
          "shard": "12",
          "value": 0.030244659999967283
        }
      },
      {
        "reactor_utilization": {
          "shard": "13",
          "value": 0.025602860000017991
        }
      },
      {
        "reactor_utilization": {
          "shard": "14",
          "value": 0.026607860000016359
        }
      },
      {
        "reactor_utilization": {
          "shard": "15",
          "value": 0.025752240000020965
        }
      },
      {
        "reactor_utilization": {
          "shard": "16",
          "value": 0.028050179999961067
        }
      },
      {
        "reactor_utilization": {
          "shard": "17",
          "value": 0.026076119999962621
        }
      },
      {
        "reactor_utilization": {
          "shard": "18",
          "value": 0.028791079999990199
        }
      },
      {
        "reactor_utilization": {
          "shard": "19",
          "value": 0.027124899999975138
        }
      },
      {
        "reactor_utilization": {
          "shard": "20",
          "value": 0.026405859999889536
        }
      },
      {
        "reactor_utilization": {
          "shard": "21",
          "value": 0.02612188000006288
        }
      },
      {
        "reactor_utilization": {
          "shard": "22",
          "value": 0.02817456000002716
        }
      },
      {
        "reactor_utilization": {
          "shard": "23",
          "value": 0.025933919999987509
        }
      },
      {
        "reactor_utilization": {
          "shard": "24",
          "value": 0.027917720000003587
        }
      },
      {
        "reactor_utilization": {
          "shard": "25",
          "value": 0.026504759999990135
        }
      },
      {
        "reactor_utilization": {
          "shard": "26",
          "value": 0.027333160000031498
        }
      },
      {
        "reactor_utilization": {
          "shard": "27",
          "value": 0.027256419999932557
        }
      }
    ]
  },
  {
    "metrics": [
      {
        "reactor_utilization": {
          "shard": "0",
          "value": 0.10310049999997517
        }
      },
      {
        "reactor_utilization": {
          "shard": "1",
          "value": 0.020863820000038835
        }
      },
      {
        "reactor_utilization": {
          "shard": "2",
          "value": 0.021774740000024551
        }
      },
      {
        "reactor_utilization": {
          "shard": "3",
          "value": 0.021404180000017536
        }
      },
      {
        "reactor_utilization": {
          "shard": "4",
          "value": 0.022770899999935423
        }
      },
      {
        "reactor_utilization": {
          "shard": "5",
          "value": 0.041889260000038675
        }
      },
      {
        "reactor_utilization": {
          "shard": "6",
          "value": 0.022120440000039654
        }
      },
      {
        "reactor_utilization": {
          "shard": "7",
          "value": 0.028288159999911855
        }
      },
      {
        "reactor_utilization": {
          "shard": "8",
          "value": 0.02156224000000595
        }
      },
      {
        "reactor_utilization": {
          "shard": "9",
          "value": 0.020081019999995675
        }
      },
      {
        "reactor_utilization": {
          "shard": "10",
          "value": 0.021662620000040267
        }
      },
      {
        "reactor_utilization": {
          "shard": "11",
          "value": 0.021939440000018351
        }
      },
      {
        "reactor_utilization": {
          "shard": "12",
          "value": 0.019940559999942487
        }
      },
      {
        "reactor_utilization": {
          "shard": "13",
          "value": 0.020604100000021219
        }
      },
      {
        "reactor_utilization": {
          "shard": "14",
          "value": 0.021775000000001654
        }
      },
      {
        "reactor_utilization": {
          "shard": "15",
          "value": 0.022358840000014091
        }
      },
      {
        "reactor_utilization": {
          "shard": "16",
          "value": 0.019310939999950261
        }
      },
      {
        "reactor_utilization": {
          "shard": "17",
          "value": 0.021926019999973789
        }
      },
      {
        "reactor_utilization": {
          "shard": "18",
          "value": 0.02202825999999547
        }
      },
      {
        "reactor_utilization": {
          "shard": "19",
          "value": 0.023936639999977416
        }
      },
      {
        "reactor_utilization": {
          "shard": "20",
          "value": 0.022855819999922922
        }
      },
      {
        "reactor_utilization": {
          "shard": "21",
          "value": 0.022295340000078046
        }
      },
      {
        "reactor_utilization": {
          "shard": "22",
          "value": 0.021384800000023851
        }
      },
      {
        "reactor_utilization": {
          "shard": "23",
          "value": 0.02354697999997768
        }
      },
      {
        "reactor_utilization": {
          "shard": "24",
          "value": 0.019608659999992284
        }
      },
      {
        "reactor_utilization": {
          "shard": "25",
          "value": 0.021248199999979178
        }
      },
      {
        "reactor_utilization": {
          "shard": "26",
          "value": 0.019956960000033774
        }
      },
      {
        "reactor_utilization": {
          "shard": "27",
          "value": 0.020857099999938011
        }
      }
    ]
  },
  {
    "metrics": [
      {
        "reactor_utilization": {
          "shard": "0",
          "value": 0.10685895999997808
        }
      },
      {
        "reactor_utilization": {
          "shard": "1",
          "value": 0.033229640000043137
        }
      },
      {
        "reactor_utilization": {
          "shard": "2",
          "value": 0.02634676000002889
        }
      },
      {
        "reactor_utilization": {
          "shard": "3",
          "value": 0.029578840000010764
        }
      },
      {
        "reactor_utilization": {
          "shard": "4",
          "value": 0.026156739999927403
        }
      },
      {
        "reactor_utilization": {
          "shard": "5",
          "value": 0.038142760000048348
        }
      },
      {
        "reactor_utilization": {
          "shard": "6",
          "value": 0.031775920000043367
        }
      },
      {
        "reactor_utilization": {
          "shard": "7",
          "value": 0.027578199999911401
        }
      },
      {
        "reactor_utilization": {
          "shard": "8",
          "value": 0.026707940000003649
        }
      },
      {
        "reactor_utilization": {
          "shard": "9",
          "value": 0.029663099999965858
        }
      },
      {
        "reactor_utilization": {
          "shard": "10",
          "value": 0.028504180000021861
        }
      },
      {
        "reactor_utilization": {
          "shard": "11",
          "value": 0.031116540000020176
        }
      },
      {
        "reactor_utilization": {
          "shard": "12",
          "value": 0.027580039999941519
        }
      },
      {
        "reactor_utilization": {
          "shard": "13",
          "value": 0.028922800000019677
        }
      },
      {
        "reactor_utilization": {
          "shard": "14",
          "value": 0.026812240000007037
        }
      },
      {
        "reactor_utilization": {
          "shard": "15",
          "value": 0.026568940000026853
        }
      },
      {
        "reactor_utilization": {
          "shard": "16",
          "value": 0.028337999999950014
        }
      },
      {
        "reactor_utilization": {
          "shard": "17",
          "value": 0.025183279999974051
        }
      },
      {
        "reactor_utilization": {
          "shard": "18",
          "value": 0.026856579999978702
        }
      },
      {
        "reactor_utilization": {
          "shard": "19",
          "value": 0.027190919999986463
        }
      },
      {
        "reactor_utilization": {
          "shard": "20",
          "value": 0.028733519999901702
        }
      },
      {
        "reactor_utilization": {
          "shard": "21",
          "value": 0.025621640000073054
        }
      },
      {
        "reactor_utilization": {
          "shard": "22",
          "value": 0.026396960000041325
        }
      },
      {
        "reactor_utilization": {
          "shard": "23",
          "value": 0.025031259999963584
        }
      },
      {
        "reactor_utilization": {
          "shard": "24",
          "value": 0.027129359999999991
        }
      },
      {
        "reactor_utilization": {
          "shard": "25",
          "value": 0.026197559999963094
        }
      },
      {
        "reactor_utilization": {
          "shard": "26",
          "value": 0.028216280000026295
        }
      },
      {
        "reactor_utilization": {
          "shard": "27",
          "value": 0.026672559999951773
        }
      }
    ]
  },
  {
    "metrics": [
      {
        "reactor_utilization": {
          "shard": "0",
          "value": 0.096822179999977998
        }
      },
      {
        "reactor_utilization": {
          "shard": "1",
          "value": 0.020380240000028582
        }
      },
      {
        "reactor_utilization": {
          "shard": "2",
          "value": 0.02313396000004353
        }
      },
      {
        "reactor_utilization": {
          "shard": "3",
          "value": 0.023025720000013905
        }
      },
      {
        "reactor_utilization": {
          "shard": "4",
          "value": 0.021755559999925289
        }
      },
      {
        "reactor_utilization": {
          "shard": "5",
          "value": 0.039143180000045241
        }
      },
      {
        "reactor_utilization": {
          "shard": "6",
          "value": 0.025069260000065707
        }
      },
      {
        "reactor_utilization": {
          "shard": "7",
          "value": 0.021973879999903634
        }
      },
      {
        "reactor_utilization": {
          "shard": "8",
          "value": 0.021054579999968404
        }
      },
      {
        "reactor_utilization": {
          "shard": "9",
          "value": 0.020973999999962523
        }
      },
      {
        "reactor_utilization": {
          "shard": "10",
          "value": 0.023869400000031682
        }
      },
      {
        "reactor_utilization": {
          "shard": "11",
          "value": 0.023942900000029077
        }
      },
      {
        "reactor_utilization": {
          "shard": "12",
          "value": 0.021426019999948309
        }
      },
      {
        "reactor_utilization": {
          "shard": "13",
          "value": 0.023101320000029624
        }
      },
      {
        "reactor_utilization": {
          "shard": "14",
          "value": 0.02209846000000848
        }
      },
      {
        "reactor_utilization": {
          "shard": "15",
          "value": 0.021306040000035331
        }
      },
      {
        "reactor_utilization": {
          "shard": "16",
          "value": 0.022548059999949466
        }
      },
      {
        "reactor_utilization": {
          "shard": "17",
          "value": 0.02284705999996417
        }
      },
      {
        "reactor_utilization": {
          "shard": "18",
          "value": 0.02269437999997681
        }
      },
      {
        "reactor_utilization": {
          "shard": "19",
          "value": 0.025359459999996226
        }
      },
      {
        "reactor_utilization": {
          "shard": "20",
          "value": 0.024859539999899649
        }
      },
      {
        "reactor_utilization": {
          "shard": "21",
          "value": 0.022105060000066068
        }
      },
      {
        "reactor_utilization": {
          "shard": "22",
          "value": 0.023002860000054248
        }
      },
      {
        "reactor_utilization": {
          "shard": "23",
          "value": 0.022759179999976009
        }
      },
      {
        "reactor_utilization": {
          "shard": "24",
          "value": 0.021550659999991506
        }
      },
      {
        "reactor_utilization": {
          "shard": "25",
          "value": 0.020223879999980987
        }
      },
      {
        "reactor_utilization": {
          "shard": "26",
          "value": 0.022462680000012725
        }
      },
      {
        "reactor_utilization": {
          "shard": "27",
          "value": 0.022368939999972692
        }
      }
    ]
  },
  {
    "metrics": [
      {
        "reactor_utilization": {
          "shard": "0",
          "value": 0.091787119999975353
        }
      },
      {
        "reactor_utilization": {
          "shard": "1",
          "value": 0.023366480000031054
        }
      },
      {
        "reactor_utilization": {
          "shard": "2",
          "value": 0.02720546000005708
        }
      },
      {
        "reactor_utilization": {
          "shard": "3",
          "value": 0.026553380000016169
        }
      },
      {
        "reactor_utilization": {
          "shard": "4",
          "value": 0.02359501999993352
        }
      },
      {
        "reactor_utilization": {
          "shard": "5",
          "value": 0.053782540000057999
        }
      },
      {
        "reactor_utilization": {
          "shard": "6",
          "value": 0.027363380000067217
        }
      },
      {
        "reactor_utilization": {
          "shard": "7",
          "value": 0.023934559999916338
        }
      },
      {
        "reactor_utilization": {
          "shard": "8",
          "value": 0.025884319999969208
        }
      },
      {
        "reactor_utilization": {
          "shard": "9",
          "value": 0.024808719999969142
        }
      },
      {
        "reactor_utilization": {
          "shard": "10",
          "value": 0.024710260000038176
        }
      },
      {
        "reactor_utilization": {
          "shard": "11",
          "value": 0.028192920000003063
        }
      },
      {
        "reactor_utilization": {
          "shard": "12",
          "value": 0.023775439999962344
        }
      },
      {
        "reactor_utilization": {
          "shard": "13",
          "value": 0.024022780000021449
        }
      },
      {
        "reactor_utilization": {
          "shard": "14",
          "value": 0.023991800000011665
        }
      },
      {
        "reactor_utilization": {
          "shard": "15",
          "value": 0.022768600000044881
        }
      },
      {
        "reactor_utilization": {
          "shard": "16",
          "value": 0.024122019999961442
        }
      },
      {
        "reactor_utilization": {
          "shard": "17",
          "value": 0.022496679999961522
        }
      },
      {
        "reactor_utilization": {
          "shard": "18",
          "value": 0.023845599999972045
        }
      },
      {
        "reactor_utilization": {
          "shard": "19",
          "value": 0.027141440000000294
        }
      },
      {
        "reactor_utilization": {
          "shard": "20",
          "value": 0.026165679999889946
        }
      },
      {
        "reactor_utilization": {
          "shard": "21",
          "value": 0.02602222000005483
        }
      },
      {
        "reactor_utilization": {
          "shard": "22",
          "value": 0.023956360000065846
        }
      },
      {
        "reactor_utilization": {
          "shard": "23",
          "value": 0.024909619999979871
        }
      },
      {
        "reactor_utilization": {
          "shard": "24",
          "value": 0.02275675999998672
        }
      },
      {
        "reactor_utilization": {
          "shard": "25",
          "value": 0.027025699999960739
        }
      },
      {
        "reactor_utilization": {
          "shard": "26",
          "value": 0.024813400000001096
        }
      },
      {
        "reactor_utilization": {
          "shard": "27",
          "value": 0.022919739999971434
        }
      }
    ]
  },
  {
    "metrics": [
      {
        "reactor_utilization": {
          "shard": "0",
          "value": 0.092186399999971691
        }
      },
      {
        "reactor_utilization": {
          "shard": "1",
          "value": 0.027790860000032058
        }
      },
      {
        "reactor_utilization": {
          "shard": "2",
          "value": 0.022963680000054332
        }
      },
      {
        "reactor_utilization": {
          "shard": "3",
          "value": 0.023157480000013386
        }
      },
      {
        "reactor_utilization": {
          "shard": "4",
          "value": 0.022250239999932475
        }
      },
      {
        "reactor_utilization": {
          "shard": "5",
          "value": 0.034450900000049245
        }
      },
      {
        "reactor_utilization": {
          "shard": "6",
          "value": 0.025203240000071236
        }
      },
      {
        "reactor_utilization": {
          "shard": "7",
          "value": 0.026071639999891705
        }
      },
      {
        "reactor_utilization": {
          "shard": "8",
          "value": 0.022694939999967634
        }
      },
      {
        "reactor_utilization": {
          "shard": "9",
          "value": 0.025653239999967603
        }
      },
      {
        "reactor_utilization": {
          "shard": "10",
          "value": 0.024926220000032195
        }
      },
      {
        "reactor_utilization": {
          "shard": "11",
          "value": 0.025407199999982755
        }
      },
      {
        "reactor_utilization": {
          "shard": "12",
          "value": 0.023412139999945403
        }
      },
      {
        "reactor_utilization": {
          "shard": "13",
          "value": 0.024333420000033357
        }
      },
      {
        "reactor_utilization": {
          "shard": "14",
          "value": 0.021759120000008902
        }
      },
      {
        "reactor_utilization": {
          "shard": "15",
          "value": 0.025175640000063559
        }
      },
      {
        "reactor_utilization": {
          "shard": "16",
          "value": 0.025339199999963036
        }
      },
      {
        "reactor_utilization": {
          "shard": "17",
          "value": 0.020538759999966238
        }
      },
      {
        "reactor_utilization": {
          "shard": "18",
          "value": 0.023958719999961353
        }
      },
      {
        "reactor_utilization": {
          "shard": "19",
          "value": 0.027805680000003719
        }
      },
      {
        "reactor_utilization": {
          "shard": "20",
          "value": 0.025310339999895515
        }
      },
      {
        "reactor_utilization": {
          "shard": "21",
          "value": 0.023507500000063963
        }
      },
      {
        "reactor_utilization": {
          "shard": "22",
          "value": 0.023206000000064453
        }
      },
      {
        "reactor_utilization": {
          "shard": "23",
          "value": 0.024830539999987078
        }
      },
      {
        "reactor_utilization": {
          "shard": "24",
          "value": 0.022946679999980013
        }
      },
      {
        "reactor_utilization": {
          "shard": "25",
          "value": 0.022199079999973836
        }
      },
      {
        "reactor_utilization": {
          "shard": "26",
          "value": 0.02211099999998023
        }
      },
      {
        "reactor_utilization": {
          "shard": "27",
          "value": 0.022717839999986111
        }
      }
    ]
  },
  {
    "metrics": [
      {
        "reactor_utilization": {
          "shard": "0",
          "value": 0.094285419999962095
        }
      },
      {
        "reactor_utilization": {
          "shard": "1",
          "value": 0.012619080000053629
        }
      },
      {
        "reactor_utilization": {
          "shard": "2",
          "value": 0.014897720000073278
        }
      },
      {
        "reactor_utilization": {
          "shard": "3",
          "value": 0.015212580000012466
        }
      },
      {
        "reactor_utilization": {
          "shard": "4",
          "value": 0.014330979999943594
        }
      },
      {
        "reactor_utilization": {
          "shard": "5",
          "value": 0.019328640000049191
        }
      },
      {
        "reactor_utilization": {
          "shard": "6",
          "value": 0.01681318000006371
        }
      },
      {
        "reactor_utilization": {
          "shard": "7",
          "value": 0.014665759999898942
        }
      },
      {
        "reactor_utilization": {
          "shard": "8",
          "value": 0.017157919999966076
        }
      },
      {
        "reactor_utilization": {
          "shard": "9",
          "value": 0.015237319999994448
        }
      },
      {
        "reactor_utilization": {
          "shard": "10",
          "value": 0.017019980000010371
        }
      },
      {
        "reactor_utilization": {
          "shard": "11",
          "value": 0.015643419999999963
        }
      },
      {
        "reactor_utilization": {
          "shard": "12",
          "value": 0.014990739999953817
        }
      },
      {
        "reactor_utilization": {
          "shard": "13",
          "value": 0.014073760000021807
        }
      },
      {
        "reactor_utilization": {
          "shard": "14",
          "value": 0.015082960000001311
        }
      },
      {
        "reactor_utilization": {
          "shard": "15",
          "value": 0.016337360000062695
        }
      },
      {
        "reactor_utilization": {
          "shard": "16",
          "value": 0.018402599999967073
        }
      },
      {
        "reactor_utilization": {
          "shard": "17",
          "value": 0.015209499999946363
        }
      },
      {
        "reactor_utilization": {
          "shard": "18",
          "value": 0.013770139999969011
        }
      },
      {
        "reactor_utilization": {
          "shard": "19",
          "value": 0.017760080000006617
        }
      },
      {
        "reactor_utilization": {
          "shard": "20",
          "value": 0.015756419999890525
        }
      },
      {
        "reactor_utilization": {
          "shard": "21",
          "value": 0.015230340000060849
        }
      },
      {
        "reactor_utilization": {
          "shard": "22",
          "value": 0.016381600000081598
        }
      },
      {
        "reactor_utilization": {
          "shard": "23",
          "value": 0.01563863999998194
        }
      },
      {
        "reactor_utilization": {
          "shard": "24",
          "value": 0.014747759999989007
        }
      },
      {
        "reactor_utilization": {
          "shard": "25",
          "value": 0.016582859999969557
        }
      },
      {
        "reactor_utilization": {
          "shard": "26",
          "value": 0.014941339999996472
        }
      },
      {
        "reactor_utilization": {
          "shard": "27",
          "value": 0.015533099999975875
        }
      }
    ]
  },
  {
    "metrics": [
      {
        "reactor_utilization": {
          "shard": "0",
          "value": 0.10582691999996285
        }
      },
      {
        "reactor_utilization": {
          "shard": "1",
          "value": 0.024287000000056125
        }
      },
      {
        "reactor_utilization": {
          "shard": "2",
          "value": 0.022240720000077374
        }
      },
      {
        "reactor_utilization": {
          "shard": "3",
          "value": 0.023897020000007707
        }
      },
      {
        "reactor_utilization": {
          "shard": "4",
          "value": 0.022189959999940889
        }
      },
      {
        "reactor_utilization": {
          "shard": "5",
          "value": 0.043722660000056202
        }
      },
      {
        "reactor_utilization": {
          "shard": "6",
          "value": 0.02774032000008031
        }
      },
      {
        "reactor_utilization": {
          "shard": "7",
          "value": 0.022819819999886359
        }
      },
      {
        "reactor_utilization": {
          "shard": "8",
          "value": 0.023424819999973145
        }
      },
      {
        "reactor_utilization": {
          "shard": "9",
          "value": 0.023140639999985613
        }
      },
      {
        "reactor_utilization": {
          "shard": "10",
          "value": 0.023934580000029015
        }
      },
      {
        "reactor_utilization": {
          "shard": "11",
          "value": 0.026094759999983896
        }
      },
      {
        "reactor_utilization": {
          "shard": "12",
          "value": 0.023926059999945792
        }
      },
      {
        "reactor_utilization": {
          "shard": "13",
          "value": 0.024547240000027948
        }
      },
      {
        "reactor_utilization": {
          "shard": "14",
          "value": 0.022343660000001542
        }
      },
      {
        "reactor_utilization": {
          "shard": "15",
          "value": 0.022156540000062286
        }
      },
      {
        "reactor_utilization": {
          "shard": "16",
          "value": 0.026617759999958412
        }
      },
      {
        "reactor_utilization": {
          "shard": "17",
          "value": 0.024555299999939884
        }
      },
      {
        "reactor_utilization": {
          "shard": "18",
          "value": 0.023758119999972571
        }
      },
      {
        "reactor_utilization": {
          "shard": "19",
          "value": 0.027527960000006679
        }
      },
      {
        "reactor_utilization": {
          "shard": "20",
          "value": 0.025934239999902964
        }
      },
      {
        "reactor_utilization": {
          "shard": "21",
          "value": 0.024271160000066683
        }
      },
      {
        "reactor_utilization": {
          "shard": "22",
          "value": 0.022587300000076471
        }
      },
      {
        "reactor_utilization": {
          "shard": "23",
          "value": 0.028272139999996337
        }
      },
      {
        "reactor_utilization": {
          "shard": "24",
          "value": 0.025551859999994875
        }
      },
      {
        "reactor_utilization": {
          "shard": "25",
          "value": 0.026382479999975672
        }
      },
      {
        "reactor_utilization": {
          "shard": "26",
          "value": 0.02664519999999726
        }
      },
      {
        "reactor_utilization": {
          "shard": "27",
          "value": 0.026748619999961143
        }
      }
    ]
  },
  {
    "metrics": [
      {
        "reactor_utilization": {
          "shard": "0",
          "value": 0.10541389999995099
        }
      },
      {
        "reactor_utilization": {
          "shard": "1",
          "value": 0.024849820000083511
        }
      },
      {
        "reactor_utilization": {
          "shard": "2",
          "value": 0.024890660000065346
        }
      },
      {
        "reactor_utilization": {
          "shard": "3",
          "value": 0.023445200000005162
        }
      },
      {
        "reactor_utilization": {
          "shard": "4",
          "value": 0.022493979999949065
        }
      },
      {
        "reactor_utilization": {
          "shard": "5",
          "value": 0.041701980000041772
        }
      },
      {
        "reactor_utilization": {
          "shard": "6",
          "value": 0.025425740000073471
        }
      },
      {
        "reactor_utilization": {
          "shard": "7",
          "value": 0.023041579999905082
        }
      },
      {
        "reactor_utilization": {
          "shard": "8",
          "value": 0.023575299999989419
        }
      },
      {
        "reactor_utilization": {
          "shard": "9",
          "value": 0.022587339999979861
        }
      },
      {
        "reactor_utilization": {
          "shard": "10",
          "value": 0.022838700000038514
        }
      },
      {
        "reactor_utilization": {
          "shard": "11",
          "value": 0.023442739999968154
        }
      },
      {
        "reactor_utilization": {
          "shard": "12",
          "value": 0.02493967999994684
        }
      },
      {
        "reactor_utilization": {
          "shard": "13",
          "value": 0.021920860000024245
        }
      },
      {
        "reactor_utilization": {
          "shard": "14",
          "value": 0.024184300000007486
        }
      },
      {
        "reactor_utilization": {
          "shard": "15",
          "value": 0.022296000000054939
        }
      },
      {
        "reactor_utilization": {
          "shard": "16",
          "value": 0.026234219999965447
        }
      },
      {
        "reactor_utilization": {
          "shard": "17",
          "value": 0.026056579999944596
        }
      },
      {
        "reactor_utilization": {
          "shard": "18",
          "value": 0.024881519999986335
        }
      },
      {
        "reactor_utilization": {
          "shard": "19",
          "value": 0.027764340000002719
        }
      },
      {
        "reactor_utilization": {
          "shard": "20",
          "value": 0.029577039999917343
        }
      },
      {
        "reactor_utilization": {
          "shard": "21",
          "value": 0.02299530000007266
        }
      },
      {
        "reactor_utilization": {
          "shard": "22",
          "value": 0.023170960000062912
        }
      },
      {
        "reactor_utilization": {
          "shard": "23",
          "value": 0.02600377999998349
        }
      },
      {
        "reactor_utilization": {
          "shard": "24",
          "value": 0.022678139999987579
        }
      },
      {
        "reactor_utilization": {
          "shard": "25",
          "value": 0.02749677999999145
        }
      },
      {
        "reactor_utilization": {
          "shard": "26",
          "value": 0.02164797999998358
        }
      },
      {
        "reactor_utilization": {
          "shard": "27",
          "value": 0.027093559999979977
        }
      }
    ]
  },
  {
    "metrics": [
      {
        "reactor_utilization": {
          "shard": "0",
          "value": 0.09561407999995053
        }
      },
      {
        "reactor_utilization": {
          "shard": "1",
          "value": 0.026323900000069234
        }
      },
      {
        "reactor_utilization": {
          "shard": "2",
          "value": 0.024210260000079309
        }
      },
      {
        "reactor_utilization": {
          "shard": "3",
          "value": 0.022228100000021289
        }
      },
      {
        "reactor_utilization": {
          "shard": "4",
          "value": 0.020001659999924204
        }
      },
      {
        "reactor_utilization": {
          "shard": "5",
          "value": 0.039643920000043131
        }
      },
      {
        "reactor_utilization": {
          "shard": "6",
          "value": 0.023877940000072151
        }
      },
      {
        "reactor_utilization": {
          "shard": "7",
          "value": 0.021262499999896711
        }
      },
      {
        "reactor_utilization": {
          "shard": "8",
          "value": 0.024665699999981694
        }
      },
      {
        "reactor_utilization": {
          "shard": "9",
          "value": 0.020032679999981706
        }
      },
      {
        "reactor_utilization": {
          "shard": "10",
          "value": 0.022016780000044811
        }
      },
      {
        "reactor_utilization": {
          "shard": "11",
          "value": 0.020173479999974209
        }
      },
      {
        "reactor_utilization": {
          "shard": "12",
          "value": 0.022319819999938595
        }
      },
      {
        "reactor_utilization": {
          "shard": "13",
          "value": 0.019532920000031595
        }
      },
      {
        "reactor_utilization": {
          "shard": "14",
          "value": 0.022103240000015401
        }
      },
      {
        "reactor_utilization": {
          "shard": "15",
          "value": 0.020023880000064054
        }
      },
      {
        "reactor_utilization": {
          "shard": "16",
          "value": 0.023135539999963317
        }
      },
      {
        "reactor_utilization": {
          "shard": "17",
          "value": 0.022381139999949617
        }
      },
      {
        "reactor_utilization": {
          "shard": "18",
          "value": 0.020565380000003852
        }
      },
      {
        "reactor_utilization": {
          "shard": "19",
          "value": 0.023296700000008386
        }
      },
      {
        "reactor_utilization": {
          "shard": "20",
          "value": 0.022305559999913349
        }
      },
      {
        "reactor_utilization": {
          "shard": "21",
          "value": 0.019790580000067504
        }
      },
      {
        "reactor_utilization": {
          "shard": "22",
          "value": 0.021070920000065829
        }
      },
      {
        "reactor_utilization": {
          "shard": "23",
          "value": 0.022232919999987111
        }
      },
      {
        "reactor_utilization": {
          "shard": "24",
          "value": 0.023668679999966358
        }
      },
      {
        "reactor_utilization": {
          "shard": "25",
          "value": 0.020581660000018598
        }
      },
      {
        "reactor_utilization": {
          "shard": "26",
          "value": 0.022543819999976122
        }
      },
      {
        "reactor_utilization": {
          "shard": "27",
          "value": 0.02099229999997787
        }
      }
    ]
  },
  {
    "metrics": [
      {
        "reactor_utilization": {
          "shard": "0",
          "value": 0.097087199999945639
        }
      },
      {
        "reactor_utilization": {
          "shard": "1",
          "value": 0.024347680000080807
        }
      },
      {
        "reactor_utilization": {
          "shard": "2",
          "value": 0.022779800000072292
        }
      },
      {
        "reactor_utilization": {
          "shard": "3",
          "value": 0.023675860000027527
        }
      },
      {
        "reactor_utilization": {
          "shard": "4",
          "value": 0.025202519999911743
        }
      },
      {
        "reactor_utilization": {
          "shard": "5",
          "value": 0.036662460000036479
        }
      },
      {
        "reactor_utilization": {
          "shard": "6",
          "value": 0.025397960000084208
        }
      },
      {
        "reactor_utilization": {
          "shard": "7",
          "value": 0.021652219999901412
        }
      },
      {
        "reactor_utilization": {
          "shard": "8",
          "value": 0.022957440000004325
        }
      },
      {
        "reactor_utilization": {
          "shard": "9",
          "value": 0.022426099999972582
        }
      },
      {
        "reactor_utilization": {
          "shard": "10",
          "value": 0.025927580000051353
        }
      },
      {
        "reactor_utilization": {
          "shard": "11",
          "value": 0.024430559999966128
        }
      },
      {
        "reactor_utilization": {
          "shard": "12",
          "value": 0.024435319999938088
        }
      },
      {
        "reactor_utilization": {
          "shard": "13",
          "value": 0.024034520000038029
        }
      },
      {
        "reactor_utilization": {
          "shard": "14",
          "value": 0.02297648000002539
        }
      },
      {
        "reactor_utilization": {
          "shard": "15",
          "value": 0.021625580000061984
        }
      },
      {
        "reactor_utilization": {
          "shard": "16",
          "value": 0.022543659999962884
        }
      },
      {
        "reactor_utilization": {
          "shard": "17",
          "value": 0.024597519999969286
        }
      },
      {
        "reactor_utilization": {
          "shard": "18",
          "value": 0.022167779999993087
        }
      },
      {
        "reactor_utilization": {
          "shard": "19",
          "value": 0.026694780000025009
        }
      },
      {
        "reactor_utilization": {
          "shard": "20",
          "value": 0.026910339999919319
        }
      },
      {
        "reactor_utilization": {
          "shard": "21",
          "value": 0.022677800000059367
        }
      },
      {
        "reactor_utilization": {
          "shard": "22",
          "value": 0.022212980000069216
        }
      },
      {
        "reactor_utilization": {
          "shard": "23",
          "value": 0.024503059999969601
        }
      },
      {
        "reactor_utilization": {
          "shard": "24",
          "value": 0.022102519999978032
        }
      },
      {
        "reactor_utilization": {
          "shard": "25",
          "value": 0.027937220000007201
        }
      },
      {
        "reactor_utilization": {
          "shard": "26",
          "value": 0.022889199999975851
        }
      },
      {
        "reactor_utilization": {
          "shard": "27",
          "value": 0.02459537999998096
        }
      }
    ]
  }
]
