[
  {
    "metrics": [
      {
        "reactor_utilization": {
          "shard": "0",
          "value": 81.020377719999971
        }
      },
      {
        "reactor_utilization": {
          "shard": "1",
          "value": 93.875253560000033
        }
      },
      {
        "reactor_utilization": {
          "shard": "2",
          "value": 94.279699439999931
        }
      },
      {
        "reactor_utilization": {
          "shard": "3",
          "value": 91.318930820000006
        }
      },
      {
        "reactor_utilization": {
          "shard": "4",
          "value": 86.572318780000074
        }
      },
      {
        "reactor_utilization": {
          "shard": "5",
          "value": 94.202345220000012
        }
      },
      {
        "reactor_utilization": {
          "shard": "6",
          "value": 89.176005279999799
        }
      },
      {
        "reactor_utilization": {
          "shard": "7",
          "value": 88.020949459999969
        }
      },
      {
        "reactor_utilization": {
          "shard": "8",
          "value": 86.896938040000009
        }
      },
      {
        "reactor_utilization": {
          "shard": "9",
          "value": 84.796331039999998
        }
      },
      {
        "reactor_utilization": {
          "shard": "10",
          "value": 93.133002500000046
        }
      },
      {
        "reactor_utilization": {
          "shard": "11",
          "value": 87.303985519999955
        }
      },
      {
        "reactor_utilization": {
          "shard": "12",
          "value": 87.826732219999954
        }
      },
      {
        "reactor_utilization": {
          "shard": "13",
          "value": 95.540482159999954
        }
      },
      {
        "reactor_utilization": {
          "shard": "14",
          "value": 89.934723399999996
        }
      },
      {
        "reactor_utilization": {
          "shard": "15",
          "value": 94.698581060000066
        }
      },
      {
        "reactor_utilization": {
          "shard": "16",
          "value": 88.264996320000009
        }
      },
      {
        "reactor_utilization": {
          "shard": "17",
          "value": 80.709133879999911
        }
      },
      {
        "reactor_utilization": {
          "shard": "18",
          "value": 75.218178159999965
        }
      },
      {
        "reactor_utilization": {
          "shard": "19",
          "value": 75.06480427999999
        }
      },
      {
        "reactor_utilization": {
          "shard": "20",
          "value": 74.564185580000071
        }
      },
      {
        "reactor_utilization": {
          "shard": "21",
          "value": 73.378577799999931
        }
      },
      {
        "reactor_utilization": {
          "shard": "22",
          "value": 74.157359879999987
        }
      },
      {
        "reactor_utilization": {
          "shard": "23",
          "value": 73.49888930000003
        }
      },
      {
        "reactor_utilization": {
          "shard": "24",
          "value": 74.171393320000007
        }
      },
      {
        "reactor_utilization": {
          "shard": "25",
          "value": 80.536072860000047
        }
      },
      {
        "reactor_utilization": {
          "shard": "26",
          "value": 72.207492319999986
        }
      },
      {
        "reactor_utilization": {
          "shard": "27",
          "value": 80.049660739999979
        }
      }
    ]
  },
  {
    "metrics": [
      {
        "reactor_utilization": {
          "shard": "0",
          "value": 83.054836059999971
        }
      },
      {
        "reactor_utilization": {
          "shard": "1",
          "value": 95.959337040000023
        }
      },
      {
        "reactor_utilization": {
          "shard": "2",
          "value": 95.940417979999921
        }
      },
      {
        "reactor_utilization": {
          "shard": "3",
          "value": 89.937610919999997
        }
      },
      {
        "reactor_utilization": {
          "shard": "4",
          "value": 80.644112260000071
        }
      },
      {
        "reactor_utilization": {
          "shard": "5",
          "value": 98.009321459999995
        }
      },
      {
        "reactor_utilization": {
          "shard": "6",
          "value": 85.428090519999799
        }
      },
      {
        "reactor_utilization": {
          "shard": "7",
          "value": 82.260836719999958
        }
      },
      {
        "reactor_utilization": {
          "shard": "8",
          "value": 90.903228340000013
        }
      },
      {
        "reactor_utilization": {
          "shard": "9",
          "value": 86.316753819999988
        }
      },
      {
        "reactor_utilization": {
          "shard": "10",
          "value": 90.336317240000042
        }
      },
      {
        "reactor_utilization": {
          "shard": "11",
          "value": 80.784751559999947
        }
      },
      {
        "reactor_utilization": {
          "shard": "12",
          "value": 90.128008519999952
        }
      },
      {
        "reactor_utilization": {
          "shard": "13",
          "value": 96.387617059999954
        }
      },
      {
        "reactor_utilization": {
          "shard": "14",
          "value": 86.521678559999998
        }
      },
      {
        "reactor_utilization": {
          "shard": "15",
          "value": 95.747910580000067
        }
      },
      {
        "reactor_utilization": {
          "shard": "16",
          "value": 90.20937364000001
        }
      },
      {
        "reactor_utilization": {
          "shard": "17",
          "value": 74.924219739999913
        }
      },
      {
        "reactor_utilization": {
          "shard": "18",
          "value": 77.27056251999997
        }
      },
      {
        "reactor_utilization": {
          "shard": "19",
          "value": 77.790221499999987
        }
      },
      {
        "reactor_utilization": {
          "shard": "20",
          "value": 75.804257400000068
        }
      },
      {
        "reactor_utilization": {
          "shard": "21",
          "value": 76.913464039999937
        }
      },
      {
        "reactor_utilization": {
          "shard": "22",
          "value": 77.216044699999983
        }
      },
      {
        "reactor_utilization": {
          "shard": "23",
          "value": 75.293408140000025
        }
      },
      {
        "reactor_utilization": {
          "shard": "24",
          "value": 75.5650823
        }
      },
      {
        "reactor_utilization": {
          "shard": "25",
          "value": 79.344590040000043
        }
      },
      {
        "reactor_utilization": {
          "shard": "26",
          "value": 73.458434939999989
        }
      },
      {
        "reactor_utilization": {
          "shard": "27",
          "value": 78.29401645999998
        }
      }
    ]
  },
  {
    "metrics": [
      {
        "reactor_utilization": {
          "shard": "0",
          "value": 82.471462019999976
        }
      },
      {
        "reactor_utilization": {
          "shard": "1",
          "value": 95.371861460000034
        }
      },
      {
        "reactor_utilization": {
          "shard": "2",
          "value": 95.165715959999929
        }
      },
      {
        "reactor_utilization": {
          "shard": "3",
          "value": 94.186993759999993
        }
      },
      {
        "reactor_utilization": {
          "shard": "4",
          "value": 86.861670440000054
        }
      },
      {
        "reactor_utilization": {
          "shard": "5",
          "value": 97.323151600000003
        }
      },
      {
        "reactor_utilization": {
          "shard": "6",
          "value": 88.602724059999801
        }
      },
      {
        "reactor_utilization": {
          "shard": "7",
          "value": 86.805685359999956
        }
      },
      {
        "reactor_utilization": {
          "shard": "8",
          "value": 91.436573720000013
        }
      },
      {
        "reactor_utilization": {
          "shard": "9",
          "value": 89.062747479999999
        }
      },
      {
        "reactor_utilization": {
          "shard": "10",
          "value": 95.827927860000045
        }
      },
      {
        "reactor_utilization": {
          "shard": "11",
          "value": 86.066755239999949
        }
      },
      {
        "reactor_utilization": {
          "shard": "12",
          "value": 90.209885319999955
        }
      },
      {
        "reactor_utilization": {
          "shard": "13",
          "value": 96.356200979999954
        }
      },
      {
        "reactor_utilization": {
          "shard": "14",
          "value": 89.342885799999991
        }
      },
      {
        "reactor_utilization": {
          "shard": "15",
          "value": 95.303716920000056
        }
      },
      {
        "reactor_utilization": {
          "shard": "16",
          "value": 91.968990020000007
        }
      },
      {
        "reactor_utilization": {
          "shard": "17",
          "value": 77.455304479999896
        }
      },
      {
        "reactor_utilization": {
          "shard": "18",
          "value": 76.005525219999967
        }
      },
      {
        "reactor_utilization": {
          "shard": "19",
          "value": 77.599899499999992
        }
      },
      {
        "reactor_utilization": {
          "shard": "20",
          "value": 75.626370940000072
        }
      },
      {
        "reactor_utilization": {
          "shard": "21",
          "value": 75.870375999999922
        }
      },
      {
        "reactor_utilization": {
          "shard": "22",
          "value": 76.270961939999992
        }
      },
      {
        "reactor_utilization": {
          "shard": "23",
          "value": 73.761746200000019
        }
      },
      {
        "reactor_utilization": {
          "shard": "24",
          "value": 73.950765699999991
        }
      },
      {
        "reactor_utilization": {
          "shard": "25",
          "value": 78.625813600000043
        }
      },
      {
        "reactor_utilization": {
          "shard": "26",
          "value": 75.771444959999982
        }
      },
      {
        "reactor_utilization": {
          "shard": "27",
          "value": 79.764973999999981
        }
      }
    ]
  },
  {
    "metrics": [
      {
        "reactor_utilization": {
          "shard": "0",
          "value": 2.6987923599999797
        }
      },
      {
        "reactor_utilization": {
          "shard": "1",
          "value": 2.8642433200000372
        }
      },
      {
        "reactor_utilization": {
          "shard": "2",
          "value": 5.7411661200000079
        }
      },
      {
        "reactor_utilization": {
          "shard": "3",
          "value": 13.006727140000018
        }
      },
      {
        "reactor_utilization": {
          "shard": "4",
          "value": 2.8297084400000005
        }
      },
      {
        "reactor_utilization": {
          "shard": "5",
          "value": 4.564598560000011
        }
      },
      {
        "reactor_utilization": {
          "shard": "6",
          "value": 2.8711507000000136
        }
      },
      {
        "reactor_utilization": {
          "shard": "7",
          "value": 7.9250339599999942
        }
      },
      {
        "reactor_utilization": {
          "shard": "8",
          "value": 3.605169340000014
        }
      },
      {
        "reactor_utilization": {
          "shard": "9",
          "value": 2.8406759999999864
        }
      },
      {
        "reactor_utilization": {
          "shard": "10",
          "value": 2.821898860000005
        }
      },
      {
        "reactor_utilization": {
          "shard": "11",
          "value": 2.8145506000000209
        }
      },
      {
        "reactor_utilization": {
          "shard": "12",
          "value": 5.5010694000000138
        }
      },
      {
        "reactor_utilization": {
          "shard": "13",
          "value": 2.865229100000044
        }
      },
      {
        "reactor_utilization": {
          "shard": "14",
          "value": 2.7705621399999991
        }
      },
      {
        "reactor_utilization": {
          "shard": "15",
          "value": 7.537263939999983
        }
      },
      {
        "reactor_utilization": {
          "shard": "16",
          "value": 2.8624799399999956
        }
      },
      {
        "reactor_utilization": {
          "shard": "17",
          "value": 8.1420221000000126
        }
      },
      {
        "reactor_utilization": {
          "shard": "18",
          "value": 9.2974797000000109
        }
      },
      {
        "reactor_utilization": {
          "shard": "19",
          "value": 5.7260683800000267
        }
      },
      {
        "reactor_utilization": {
          "shard": "20",
          "value": 2.619090320000006
        }
      },
      {
        "reactor_utilization": {
          "shard": "21",
          "value": 2.6872713999999909
        }
      },
      {
        "reactor_utilization": {
          "shard": "22",
          "value": 2.5826830599999795
        }
      },
      {
        "reactor_utilization": {
          "shard": "23",
          "value": 2.6450836400000011
        }
      },
      {
        "reactor_utilization": {
          "shard": "24",
          "value": 6.0819255999999715
        }
      },
      {
        "reactor_utilization": {
          "shard": "25",
          "value": 8.0308912600000291
        }
      },
      {
        "reactor_utilization": {
          "shard": "26",
          "value": 2.6314150200000164
        }
      },
      {
        "reactor_utilization": {
          "shard": "27",
          "value": 7.1925106000000465
        }
      }
    ]
  },
  {
    "metrics": [
      {
        "reactor_utilization": {
          "shard": "0",
          "value": 0.22412081999996225
        }
      },
      {
        "reactor_utilization": {
          "shard": "1",
          "value": 0.14430712000003121
        }
      },
      {
        "reactor_utilization": {
          "shard": "2",
          "value": 0.058185339999994312
        }
      },
      {
        "reactor_utilization": {
          "shard": "3",
          "value": 0.041655620000013993
        }
      },
      {
        "reactor_utilization": {
          "shard": "4",
          "value": 0.022096300000007396
        }
      },
      {
        "reactor_utilization": {
          "shard": "5",
          "value": 0.015983140000030982
        }
      },
      {
        "reactor_utilization": {
          "shard": "6",
          "value": 0.029923080000004987
        }
      },
      {
        "reactor_utilization": {
          "shard": "7",
          "value": 0.02645732000003953
        }
      },
      {
        "reactor_utilization": {
          "shard": "8",
          "value": 0.030680500000013211
        }
      },
      {
        "reactor_utilization": {
          "shard": "9",
          "value": 0.015247860000000557
        }
      },
      {
        "reactor_utilization": {
          "shard": "10",
          "value": 0.027981939999999206
        }
      },
      {
        "reactor_utilization": {
          "shard": "11",
          "value": 0.016603400000025914
        }
      },
      {
        "reactor_utilization": {
          "shard": "12",
          "value": 0.026341080000014117
        }
      },
      {
        "reactor_utilization": {
          "shard": "13",
          "value": 0.017574780000029211
        }
      },
      {
        "reactor_utilization": {
          "shard": "14",
          "value": 0.018444019999985795
        }
      },
      {
        "reactor_utilization": {
          "shard": "15",
          "value": 0.014879239999976424
        }
      },
      {
        "reactor_utilization": {
          "shard": "16",
          "value": 0.032135740000005519
        }
      },
      {
        "reactor_utilization": {
          "shard": "17",
          "value": 0.016343040000010856
        }
      },
      {
        "reactor_utilization": {
          "shard": "18",
          "value": 0.040191380000009769
        }
      },
      {
        "reactor_utilization": {
          "shard": "19",
          "value": 0.017773980000046485
        }
      },
      {
        "reactor_utilization": {
          "shard": "20",
          "value": 0.015425760000009614
        }
      },
      {
        "reactor_utilization": {
          "shard": "21",
          "value": 0.014583060000006309
        }
      },
      {
        "reactor_utilization": {
          "shard": "22",
          "value": 0.01336079999996187
        }
      },
      {
        "reactor_utilization": {
          "shard": "23",
          "value": 0.028162459999991896
        }
      },
      {
        "reactor_utilization": {
          "shard": "24",
          "value": 0.036475859999973714
        }
      },
      {
        "reactor_utilization": {
          "shard": "25",
          "value": 0.018346040000016828
        }
      },
      {
        "reactor_utilization": {
          "shard": "26",
          "value": 0.017080260000001957
        }
      },
      {
        "reactor_utilization": {
          "shard": "27",
          "value": 0.019998620000061251
        }
      }
    ]
  },
  {
    "metrics": [
      {
        "reactor_utilization": {
          "shard": "0",
          "value": 0.10946967999996282
        }
      },
      {
        "reactor_utilization": {
          "shard": "1",
          "value": 0.034944640000023064
        }
      },
      {
        "reactor_utilization": {
          "shard": "2",
          "value": 0.03624181999998255
        }
      },
      {
        "reactor_utilization": {
          "shard": "3",
          "value": 0.034387140000025074
        }
      },
      {
        "reactor_utilization": {
          "shard": "4",
          "value": 0.050612119999993155
        }
      },
      {
        "reactor_utilization": {
          "shard": "5",
          "value": 0.032258080000024947
        }
      },
      {
        "reactor_utilization": {
          "shard": "6",
          "value": 0.032607360000014296
        }
      },
      {
        "reactor_utilization": {
          "shard": "7",
          "value": 0.032614100000027957
        }
      },
      {
        "reactor_utilization": {
          "shard": "8",
          "value": 0.031259880000022999
        }
      },
      {
        "reactor_utilization": {
          "shard": "9",
          "value": 0.036167399999997851
        }
      },
      {
        "reactor_utilization": {
          "shard": "10",
          "value": 0.030065620000008231
        }
      },
      {
        "reactor_utilization": {
          "shard": "11",
          "value": 0.031687500000043833
        }
      },
      {
        "reactor_utilization": {
          "shard": "12",
          "value": 0.035812040000027245
        }
      },
      {
        "reactor_utilization": {
          "shard": "13",
          "value": 0.035076180000026547
        }
      },
      {
        "reactor_utilization": {
          "shard": "14",
          "value": 0.03105042000001168
        }
      },
      {
        "reactor_utilization": {
          "shard": "15",
          "value": 0.033028979999971675
        }
      },
      {
        "reactor_utilization": {
          "shard": "16",
          "value": 0.040152059999998269
        }
      },
      {
        "reactor_utilization": {
          "shard": "17",
          "value": 0.034708520000026333
        }
      },
      {
        "reactor_utilization": {
          "shard": "18",
          "value": 0.035613500000031273
        }
      },
      {
        "reactor_utilization": {
          "shard": "19",
          "value": 0.029621520000044921
        }
      },
      {
        "reactor_utilization": {
          "shard": "20",
          "value": 0.033552899999977903
        }
      },
      {
        "reactor_utilization": {
          "shard": "21",
          "value": 0.029024200000016265
        }
      },
      {
        "reactor_utilization": {
          "shard": "22",
          "value": 0.032347819999978267
        }
      },
      {
        "reactor_utilization": {
          "shard": "23",
          "value": 0.02911219999999215
        }
      },
      {
        "reactor_utilization": {
          "shard": "24",
          "value": 0.036921459999983419
        }
      },
      {
        "reactor_utilization": {
          "shard": "25",
          "value": 0.03468750000003018
        }
      },
      {
        "reactor_utilization": {
          "shard": "26",
          "value": 0.032595880000008126
        }
      },
      {
        "reactor_utilization": {
          "shard": "27",
          "value": 0.0360980600000671
        }
      }
    ]
  },
  {
    "metrics": [
      {
        "reactor_utilization": {
          "shard": "0",
          "value": 0.076968139999977758
        }
      },
      {
        "reactor_utilization": {
          "shard": "1",
          "value": 0.023146300000032038
        }
      },
      {
        "reactor_utilization": {
          "shard": "2",
          "value": 0.020757899999990226
        }
      },
      {
        "reactor_utilization": {
          "shard": "3",
          "value": 0.022896999999999501
        }
      },
      {
        "reactor_utilization": {
          "shard": "4",
          "value": 0.037138919999990527
        }
      },
      {
        "reactor_utilization": {
          "shard": "5",
          "value": 0.021745719999999302
        }
      },
      {
        "reactor_utilization": {
          "shard": "6",
          "value": 0.020499320000033627
        }
      },
      {
        "reactor_utilization": {
          "shard": "7",
          "value": 0.021105620000017034
        }
      },
      {
        "reactor_utilization": {
          "shard": "8",
          "value": 0.020679460000005978
        }
      },
      {
        "reactor_utilization": {
          "shard": "9",
          "value": 0.021742579999983747
        }
      },
      {
        "reactor_utilization": {
          "shard": "10",
          "value": 0.020421720000007859
        }
      },
      {
        "reactor_utilization": {
          "shard": "11",
          "value": 0.021767540000050545
        }
      },
      {
        "reactor_utilization": {
          "shard": "12",
          "value": 0.02121670000002629
        }
      },
      {
        "reactor_utilization": {
          "shard": "13",
          "value": 0.022810080000024158
        }
      },
      {
        "reactor_utilization": {
          "shard": "14",
          "value": 0.020135260000020416
        }
      },
      {
        "reactor_utilization": {
          "shard": "15",
          "value": 0.022912879999958946
        }
      },
      {
        "reactor_utilization": {
          "shard": "16",
          "value": 0.0216938799999844
        }
      },
      {
        "reactor_utilization": {
          "shard": "17",
          "value": 0.02152778000000799
        }
      },
      {
        "reactor_utilization": {
          "shard": "18",
          "value": 0.022320680000031956
        }
      },
      {
        "reactor_utilization": {
          "shard": "19",
          "value": 0.023507820000046031
        }
      },
      {
        "reactor_utilization": {
          "shard": "20",
          "value": 0.021893719999988015
        }
      },
      {
        "reactor_utilization": {
          "shard": "21",
          "value": 0.019806180000014884
        }
      },
      {
        "reactor_utilization": {
          "shard": "22",
          "value": 0.018924499999961597
        }
      },
      {
        "reactor_utilization": {
          "shard": "23",
          "value": 0.018933979999979922
        }
      },
      {
        "reactor_utilization": {
          "shard": "24",
          "value": 0.023497519999993166
        }
      },
      {
        "reactor_utilization": {
          "shard": "25",
          "value": 0.019417120000020383
        }
      },
      {
        "reactor_utilization": {
          "shard": "26",
          "value": 0.021645160000005603
        }
      },
      {
        "reactor_utilization": {
          "shard": "27",
          "value": 0.023629580000061878
        }
      }
    ]
  },
  {
    "metrics": [
      {
        "reactor_utilization": {
          "shard": "0",
          "value": 0.10219633999997146
        }
      },
      {
        "reactor_utilization": {
          "shard": "1",
          "value": 0.026523900000041678
        }
      },
      {
        "reactor_utilization": {
          "shard": "2",
          "value": 0.025712359999985335
        }
      },
      {
        "reactor_utilization": {
          "shard": "3",
          "value": 0.028139199999976938
        }
      },
      {
        "reactor_utilization": {
          "shard": "4",
          "value": 0.039177859999983689
        }
      },
      {
        "reactor_utilization": {
          "shard": "5",
          "value": 0.027020559999990645
        }
      },
      {
        "reactor_utilization": {
          "shard": "6",
          "value": 0.029445980000053495
        }
      },
      {
        "reactor_utilization": {
          "shard": "7",
          "value": 0.027176500000014592
        }
      },
      {
        "reactor_utilization": {
          "shard": "8",
          "value": 0.024638139999999531
        }
      },
      {
        "reactor_utilization": {
          "shard": "9",
          "value": 0.028547700000003395
        }
      },
      {
        "reactor_utilization": {
          "shard": "10",
          "value": 0.027130840000011425
        }
      },
      {
        "reactor_utilization": {
          "shard": "11",
          "value": 0.027704760000046846
        }
      },
      {
        "reactor_utilization": {
          "shard": "12",
          "value": 0.030599560000021953
        }
      },
      {
        "reactor_utilization": {
          "shard": "13",
          "value": 0.030148880000036016
        }
      },
      {
        "reactor_utilization": {
          "shard": "14",
          "value": 0.027634780000029835
        }
      },
      {
        "reactor_utilization": {
          "shard": "15",
          "value": 0.029863559999943057
        }
      },
      {
        "reactor_utilization": {
          "shard": "16",
          "value": 0.02837951999997701
        }
      },
      {
        "reactor_utilization": {
          "shard": "17",
          "value": 0.032301140000023931
        }
      },
      {
        "reactor_utilization": {
          "shard": "18",
          "value": 0.030829040000035501
        }
      },
      {
        "reactor_utilization": {
          "shard": "19",
          "value": 0.030306340000041398
        }
      },
      {
        "reactor_utilization": {
          "shard": "20",
          "value": 0.027405699999993871
        }
      },
      {
        "reactor_utilization": {
          "shard": "21",
          "value": 0.029211320000011032
        }
      },
      {
        "reactor_utilization": {
          "shard": "22",
          "value": 0.031547379999963265
        }
      },
      {
        "reactor_utilization": {
          "shard": "23",
          "value": 0.031203079999975181
        }
      },
      {
        "reactor_utilization": {
          "shard": "24",
          "value": 0.030789619999993523
        }
      },
      {
        "reactor_utilization": {
          "shard": "25",
          "value": 0.027914940000017818
        }
      },
      {
        "reactor_utilization": {
          "shard": "26",
          "value": 0.025605540000006588
        }
      },
      {
        "reactor_utilization": {
          "shard": "27",
          "value": 0.030207760000056094
        }
      }
    ]
  },
  {
    "metrics": [
      {
        "reactor_utilization": {
          "shard": "0",
          "value": 0.10159301999997927
        }
      },
      {
        "reactor_utilization": {
          "shard": "1",
          "value": 0.032434440000028708
        }
      },
      {
        "reactor_utilization": {
          "shard": "2",
          "value": 0.035621799999985271
        }
      },
      {
        "reactor_utilization": {
          "shard": "3",
          "value": 0.036640739999982408
        }
      },
      {
        "reactor_utilization": {
          "shard": "4",
          "value": 0.044072699999975207
        }
      },
      {
        "reactor_utilization": {
          "shard": "5",
          "value": 0.028199039999998732
        }
      },
      {
        "reactor_utilization": {
          "shard": "6",
          "value": 0.035222780000043752
        }
      },
      {
        "reactor_utilization": {
          "shard": "7",
          "value": 0.033690259999996641
        }
      },
      {
        "reactor_utilization": {
          "shard": "8",
          "value": 0.025732900000008385
        }
      },
      {
        "reactor_utilization": {
          "shard": "9",
          "value": 0.034550219999973653
        }
      },
      {
        "reactor_utilization": {
          "shard": "10",
          "value": 0.030195820000011864
        }
      },
      {
        "reactor_utilization": {
          "shard": "11",
          "value": 0.026601420000049725
        }
      },
      {
        "reactor_utilization": {
          "shard": "12",
          "value": 0.033248560000009864
        }
      },
      {
        "reactor_utilization": {
          "shard": "13",
          "value": 0.033564740000047166
        }
      },
      {
        "reactor_utilization": {
          "shard": "14",
          "value": 0.034201760000041048
        }
      },
      {
        "reactor_utilization": {
          "shard": "15",
          "value": 0.031228319999954124
        }
      },
      {
        "reactor_utilization": {
          "shard": "16",
          "value": 0.034316139999990281
        }
      },
      {
        "reactor_utilization": {
          "shard": "17",
          "value": 0.027975180000028299
        }
      },
      {
        "reactor_utilization": {
          "shard": "18",
          "value": 0.030309060000033305
        }
      },
      {
        "reactor_utilization": {
          "shard": "19",
          "value": 0.028578400000056625
        }
      },
      {
        "reactor_utilization": {
          "shard": "20",
          "value": 0.029457600000004636
        }
      },
      {
        "reactor_utilization": {
          "shard": "21",
          "value": 0.029244320000021418
        }
      },
      {
        "reactor_utilization": {
          "shard": "22",
          "value": 0.027314519999943609
        }
      },
      {
        "reactor_utilization": {
          "shard": "23",
          "value": 0.027888459999969584
        }
      },
      {
        "reactor_utilization": {
          "shard": "24",
          "value": 0.031756339999977623
        }
      },
      {
        "reactor_utilization": {
          "shard": "25",
          "value": 0.026788140000022498
        }
      },
      {
        "reactor_utilization": {
          "shard": "26",
          "value": 0.031935580000030939
        }
      },
      {
        "reactor_utilization": {
          "shard": "27",
          "value": 0.03134928000005921
        }
      }
    ]
  },
  {
    "metrics": [
      {
        "reactor_utilization": {
          "shard": "0",
          "value": 0.0928244199999817
        }
      },
      {
        "reactor_utilization": {
          "shard": "1",
          "value": 0.020153140000023217
        }
      },
      {
        "reactor_utilization": {
          "shard": "2",
          "value": 0.021754159999975986
        }
      },
      {
        "reactor_utilization": {
          "shard": "3",
          "value": 0.021843139999977446
        }
      },
      {
        "reactor_utilization": {
          "shard": "4",
          "value": 0.034276219999962443
        }
      },
      {
        "reactor_utilization": {
          "shard": "5",
          "value": 0.022823300000007762
        }
      },
      {
        "reactor_utilization": {
          "shard": "6",
          "value": 0.021742980000061252
        }
      },
      {
        "reactor_utilization": {
          "shard": "7",
          "value": 0.021462640000002864
        }
      },
      {
        "reactor_utilization": {
          "shard": "8",
          "value": 0.021161120000001699
        }
      },
      {
        "reactor_utilization": {
          "shard": "9",
          "value": 0.021009959999984673
        }
      },
      {
        "reactor_utilization": {
          "shard": "10",
          "value": 0.021157620000011867
        }
      },
      {
        "reactor_utilization": {
          "shard": "11",
          "value": 0.021085440000045974
        }
      },
      {
        "reactor_utilization": {
          "shard": "12",
          "value": 0.024031760000009506
        }
      },
      {
        "reactor_utilization": {
          "shard": "13",
          "value": 0.023345120000040076
        }
      },
      {
        "reactor_utilization": {
          "shard": "14",
          "value": 0.023195040000056899
        }
      },
      {
        "reactor_utilization": {
          "shard": "15",
          "value": 0.023662699999960068
        }
      },
      {
        "reactor_utilization": {
          "shard": "16",
          "value": 0.023539299999986163
        }
      },
      {
        "reactor_utilization": {
          "shard": "17",
          "value": 0.024032020000053222
        }
      },
      {
        "reactor_utilization": {
          "shard": "18",
          "value": 0.023888460000032197
        }
      },
      {
        "reactor_utilization": {
          "shard": "19",
          "value": 0.021613540000076092
        }
      },
      {
        "reactor_utilization": {
          "shard": "20",
          "value": 0.020281960000012589
        }
      },
      {
        "reactor_utilization": {
          "shard": "21",
          "value": 0.022139180000013692
        }
      },
      {
        "reactor_utilization": {
          "shard": "22",
          "value": 0.020410439999951624
        }
      },
      {
        "reactor_utilization": {
          "shard": "23",
          "value": 0.020469599999972665
        }
      },
      {
        "reactor_utilization": {
          "shard": "24",
          "value": 0.023855819999973882
        }
      },
      {
        "reactor_utilization": {
          "shard": "25",
          "value": 0.021909720000024002
        }
      },
      {
        "reactor_utilization": {
          "shard": "26",
          "value": 0.02146154000001177
        }
      },
      {
        "reactor_utilization": {
          "shard": "27",
          "value": 0.022604000000048252
        }
      }
    ]
  },
  {
    "metrics": [
      {
        "reactor_utilization": {
          "shard": "0",
          "value": 0.10878199999998506
        }
      },
      {
        "reactor_utilization": {
          "shard": "1",
          "value": 0.028217980000033727
        }
      },
      {
        "reactor_utilization": {
          "shard": "2",
          "value": 0.031522839999986729
        }
      },
      {
        "reactor_utilization": {
          "shard": "3",
          "value": 0.028581519999981708
        }
      },
      {
        "reactor_utilization": {
          "shard": "4",
          "value": 0.039555559999959744
        }
      },
      {
        "reactor_utilization": {
          "shard": "5",
          "value": 0.02875768000001333
        }
      },
      {
        "reactor_utilization": {
          "shard": "6",
          "value": 0.030377900000044811
        }
      },
      {
        "reactor_utilization": {
          "shard": "7",
          "value": 0.030153200000015978
        }
      },
      {
        "reactor_utilization": {
          "shard": "8",
          "value": 0.026408740000027908
        }
      },
      {
        "reactor_utilization": {
          "shard": "9",
          "value": 0.028592879999966847
        }
      },
      {
        "reactor_utilization": {
          "shard": "10",
          "value": 0.029543360000028329
        }
      },
      {
        "reactor_utilization": {
          "shard": "11",
          "value": 0.02767806000003592
        }
      },
      {
        "reactor_utilization": {
          "shard": "12",
          "value": 0.030453420000009501
        }
      },
      {
        "reactor_utilization": {
          "shard": "13",
          "value": 0.032103400000060844
        }
      },
      {
        "reactor_utilization": {
          "shard": "14",
          "value": 0.02990942000005159
        }
      },
      {
        "reactor_utilization": {
          "shard": "15",
          "value": 0.030443919999978419
        }
      },
      {
        "reactor_utilization": {
          "shard": "16",
          "value": 0.031963999999951032
        }
      },
      {
        "reactor_utilization": {
          "shard": "17",
          "value": 0.028389060000066912
        }
      },
      {
        "reactor_utilization": {
          "shard": "18",
          "value": 0.028675320000037807
        }
      },
      {
        "reactor_utilization": {
          "shard": "19",
          "value": 0.026490560000058672
        }
      },
      {
        "reactor_utilization": {
          "shard": "20",
          "value": 0.025727500000016779
        }
      },
      {
        "reactor_utilization": {
          "shard": "21",
          "value": 0.028718060000010315
        }
      },
      {
        "reactor_utilization": {
          "shard": "22",
          "value": 0.024490039999969238
        }
      },
      {
        "reactor_utilization": {
          "shard": "23",
          "value": 0.026246039999966442
        }
      },
      {
        "reactor_utilization": {
          "shard": "24",
          "value": 0.031359399999986159
        }
      },
      {
        "reactor_utilization": {
          "shard": "25",
          "value": 0.027455280000010518
        }
      },
      {
        "reactor_utilization": {
          "shard": "26",
          "value": 0.027850680000007788
        }
      },
      {
        "reactor_utilization": {
          "shard": "27",
          "value": 0.030418680000043885
        }
      }
    ]
  },
  {
    "metrics": [
      {
        "reactor_utilization": {
          "shard": "0",
          "value": 0.079432359999964675
        }
      },
      {
        "reactor_utilization": {
          "shard": "1",
          "value": 0.027220960000029493
        }
      },
      {
        "reactor_utilization": {
          "shard": "2",
          "value": 0.025054359999976406
        }
      },
      {
        "reactor_utilization": {
          "shard": "3",
          "value": 0.026962079999970356
        }
      },
      {
        "reactor_utilization": {
          "shard": "4",
          "value": 0.040904439999933651
        }
      },
      {
        "reactor_utilization": {
          "shard": "5",
          "value": 0.024878740000011668
        }
      },
      {
        "reactor_utilization": {
          "shard": "6",
          "value": 0.024133860000030705
        }
      },
      {
        "reactor_utilization": {
          "shard": "7",
          "value": 0.02824250000001971
        }
      },
      {
        "reactor_utilization": {
          "shard": "8",
          "value": 0.024695400000018797
        }
      },
      {
        "reactor_utilization": {
          "shard": "9",
          "value": 0.024617259999959451
        }
      },
      {
        "reactor_utilization": {
          "shard": "10",
          "value": 0.021879099999999596
        }
      },
      {
        "reactor_utilization": {
          "shard": "11",
          "value": 0.022655240000002408
        }
      },
      {
        "reactor_utilization": {
          "shard": "12",
          "value": 0.022866520000008883
        }
      },
      {
        "reactor_utilization": {
          "shard": "13",
          "value": 0.025140200000051127
        }
      },
      {
        "reactor_utilization": {
          "shard": "14",
          "value": 0.022162520000024166
        }
      },
      {
        "reactor_utilization": {
          "shard": "15",
          "value": 0.026972759999976947
        }
      },
      {
        "reactor_utilization": {
          "shard": "16",
          "value": 0.025145599999953916
        }
      },
      {
        "reactor_utilization": {
          "shard": "17",
          "value": 0.025619740000060176
        }
      },
      {
        "reactor_utilization": {
          "shard": "18",
          "value": 0.024542160000029511
        }
      },
      {
        "reactor_utilization": {
          "shard": "19",
          "value": 0.024377800000063843
        }
      },
      {
        "reactor_utilization": {
          "shard": "20",
          "value": 0.023806820000016327
        }
      },
      {
        "reactor_utilization": {
          "shard": "21",
          "value": 0.023344460000018774
        }
      },
      {
        "reactor_utilization": {
          "shard": "22",
          "value": 0.024393559999957848
        }
      },
      {
        "reactor_utilization": {
          "shard": "23",
          "value": 0.023477779999991899
        }
      },
      {
        "reactor_utilization": {
          "shard": "24",
          "value": 0.027124079999962802
        }
      },
      {
        "reactor_utilization": {
          "shard": "25",
          "value": 0.025134880000021731
        }
      },
      {
        "reactor_utilization": {
          "shard": "26",
          "value": 0.023064180000020862
        }
      },
      {
        "reactor_utilization": {
          "shard": "27",
          "value": 0.024978080000059855
        }
      }
    ]
  },
  {
    "metrics": [
      {
        "reactor_utilization": {
          "shard": "0",
          "value": 0.1068344799999621
        }
      },
      {
        "reactor_utilization": {
          "shard": "1",
          "value": 0.01999296000003703
        }
      },
      {
        "reactor_utilization": {
          "shard": "2",
          "value": 0.021377239999953446
        }
      },
      {
        "reactor_utilization": {
          "shard": "3",
          "value": 0.023534559999982552
        }
      },
      {
        "reactor_utilization": {
          "shard": "4",
          "value": 0.033679899999949914
        }
      },
      {
        "reactor_utilization": {
          "shard": "5",
          "value": 0.023185759999999611
        }
      },
      {
        "reactor_utilization": {
          "shard": "6",
          "value": 0.02214554000004032
        }
      },
      {
        "reactor_utilization": {
          "shard": "7",
          "value": 0.020038680000022957
        }
      },
      {
        "reactor_utilization": {
          "shard": "8",
          "value": 0.021633760000039359
        }
      },
      {
        "reactor_utilization": {
          "shard": "9",
          "value": 0.02131209999994832
        }
      },
      {
        "reactor_utilization": {
          "shard": "10",
          "value": 0.021507780000007415
        }
      },
      {
        "reactor_utilization": {
          "shard": "11",
          "value": 0.020908499999983121
        }
      },
      {
        "reactor_utilization": {
          "shard": "12",
          "value": 0.022766640000027039
        }
      },
      {
        "reactor_utilization": {
          "shard": "13",
          "value": 0.023900980000046701
        }
      },
      {
        "reactor_utilization": {
          "shard": "14",
          "value": 0.020432920000046373
        }
      },
      {
        "reactor_utilization": {
          "shard": "15",
          "value": 0.022825539999948852
        }
      },
      {
        "reactor_utilization": {
          "shard": "16",
          "value": 0.02351063999993519
        }
      },
      {
        "reactor_utilization": {
          "shard": "17",
          "value": 0.022202540000060278
        }
      },
      {
        "reactor_utilization": {
          "shard": "18",
          "value": 0.023417240000034312
        }
      },
      {
        "reactor_utilization": {
          "shard": "19",
          "value": 0.023029440000044143
        }
      },
      {
        "reactor_utilization": {
          "shard": "20",
          "value": 0.019949380000006123
        }
      },
      {
        "reactor_utilization": {
          "shard": "21",
          "value": 0.019198760000005421
        }
      },
      {
        "reactor_utilization": {
          "shard": "22",
          "value": 0.021431939999960736
        }
      },
      {
        "reactor_utilization": {
          "shard": "23",
          "value": 0.021335579999970378
        }
      },
      {
        "reactor_utilization": {
          "shard": "24",
          "value": 0.022922719999984853
        }
      },
      {
        "reactor_utilization": {
          "shard": "25",
          "value": 0.021553919999983684
        }
      },
      {
        "reactor_utilization": {
          "shard": "26",
          "value": 0.021605500000043687
        }
      },
      {
        "reactor_utilization": {
          "shard": "27",
          "value": 0.022155160000059126
        }
      }
    ]
  },
  {
    "metrics": [
      {
        "reactor_utilization": {
          "shard": "0",
          "value": 0.080840799999970514
        }
      },
      {
        "reactor_utilization": {
          "shard": "1",
          "value": 0.015664420000027768
        }
      },
      {
        "reactor_utilization": {
          "shard": "2",
          "value": 0.017759179999943253
        }
      },
      {
        "reactor_utilization": {
          "shard": "3",
          "value": 0.018226239999985516
        }
      },
      {
        "reactor_utilization": {
          "shard": "4",
          "value": 0.016329639999945744
        }
      },
      {
        "reactor_utilization": {
          "shard": "5",
          "value": 0.018386859999997007
        }
      },
      {
        "reactor_utilization": {
          "shard": "6",
          "value": 0.016742100000044502
        }
      },
      {
        "reactor_utilization": {
          "shard": "7",
          "value": 0.018569080000019333
        }
      },
      {
        "reactor_utilization": {
          "shard": "8",
          "value": 0.017561760000051052
        }
      },
      {
        "reactor_utilization": {
          "shard": "9",
          "value": 0.016525799999989044
        }
      },
      {
        "reactor_utilization": {
          "shard": "10",
          "value": 0.018720440000041805
        }
      },
      {
        "reactor_utilization": {
          "shard": "11",
          "value": 0.019814439999965572
        }
      },
      {
        "reactor_utilization": {
          "shard": "12",
          "value": 0.016502420000041873
        }
      },
      {
        "reactor_utilization": {
          "shard": "13",
          "value": 0.018820980000056053
        }
      },
      {
        "reactor_utilization": {
          "shard": "14",
          "value": 0.019724580000057834
        }
      },
      {
        "reactor_utilization": {
          "shard": "15",
          "value": 0.016933699999965857
        }
      },
      {
        "reactor_utilization": {
          "shard": "16",
          "value": 0.020867179999939367
        }
      },
      {
        "reactor_utilization": {
          "shard": "17",
          "value": 0.019484440000061554
        }
      },
      {
        "reactor_utilization": {
          "shard": "18",
          "value": 0.018287420000018262
        }
      },
      {
        "reactor_utilization": {
          "shard": "19",
          "value": 0.020958060000064727
        }
      },
      {
        "reactor_utilization": {
          "shard": "20",
          "value": 0.017269279999998499
        }
      },
      {
        "reactor_utilization": {
          "shard": "21",
          "value": 0.016055379999979635
        }
      },
      {
        "reactor_utilization": {
          "shard": "22",
          "value": 0.015925639999958552
        }
      },
      {
        "reactor_utilization": {
          "shard": "23",
          "value": 0.019318059999973158
        }
      },
      {
        "reactor_utilization": {
          "shard": "24",
          "value": 0.019152059999982818
        }
      },
      {
        "reactor_utilization": {
          "shard": "25",
          "value": 0.016800299999997215
        }
      },
      {
        "reactor_utilization": {
          "shard": "26",
          "value": 0.019462620000032516
        }
      },
      {
        "reactor_utilization": {
          "shard": "27",
          "value": 0.01958468000005098
        }
      }
    ]
  },
  {
    "metrics": [
      {
        "reactor_utilization": {
          "shard": "0",
          "value": 0.098135839999979879
        }
      },
      {
        "reactor_utilization": {
          "shard": "1",
          "value": 0.033840480000035811
        }
      },
      {
        "reactor_utilization": {
          "shard": "2",
          "value": 0.025381079999953204
        }
      },
      {
        "reactor_utilization": {
          "shard": "3",
          "value": 0.028387859999967624
        }
      },
      {
        "reactor_utilization": {
          "shard": "4",
          "value": 0.049847819999959686
        }
      },
      {
        "reactor_utilization": {
          "shard": "5",
          "value": 0.028540159999990156
        }
      },
      {
        "reactor_utilization": {
          "shard": "6",
          "value": 0.030273180000062183
        }
      },
      {
        "reactor_utilization": {
          "shard": "7",
          "value": 0.029587840000011578
        }
      },
      {
        "reactor_utilization": {
          "shard": "8",
          "value": 0.027668340000019942
        }
      },
      {
        "reactor_utilization": {
          "shard": "9",
          "value": 0.027592219999972301
        }
      },
      {
        "reactor_utilization": {
          "shard": "10",
          "value": 0.026540580000011804
        }
      },
      {
        "reactor_utilization": {
          "shard": "11",
          "value": 0.027765759999953676
        }
      },
      {
        "reactor_utilization": {
          "shard": "12",
          "value": 0.034581040000036811
        }
      },
      {
        "reactor_utilization": {
          "shard": "13",
          "value": 0.031692960000073711
        }
      },
      {
        "reactor_utilization": {
          "shard": "14",
          "value": 0.030320460000077265
        }
      },
      {
        "reactor_utilization": {
          "shard": "15",
          "value": 0.027741539999959208
        }
      },
      {
        "reactor_utilization": {
          "shard": "16",
          "value": 0.027732959999937634
        }
      },
      {
        "reactor_utilization": {
          "shard": "17",
          "value": 0.030105120000067931
        }
      },
      {
        "reactor_utilization": {
          "shard": "18",
          "value": 0.02942718000000788
        }
      },
      {
        "reactor_utilization": {
          "shard": "19",
          "value": 0.02843692000006337
        }
      },
      {
        "reactor_utilization": {
          "shard": "20",
          "value": 0.027429879999996132
        }
      },
      {
        "reactor_utilization": {
          "shard": "21",
          "value": 0.027827559999993312
        }
      },
      {
        "reactor_utilization": {
          "shard": "22",
          "value": 0.026905399999965773
        }
      },
      {
        "reactor_utilization": {
          "shard": "23",
          "value": 0.027827899999977035
        }
      },
      {
        "reactor_utilization": {
          "shard": "24",
          "value": 0.028460739999969231
        }
      },
      {
        "reactor_utilization": {
          "shard": "25",
          "value": 0.030193160000002717
        }
      },
      {
        "reactor_utilization": {
          "shard": "26",
          "value": 0.027993560000039164
        }
      },
      {
        "reactor_utilization": {
          "shard": "27",
          "value": 0.028368080000051865
        }
      }
    ]
  },
  {
    "metrics": [
      {
        "reactor_utilization": {
          "shard": "0",
          "value": 0.11658695999998692
        }
      },
      {
        "reactor_utilization": {
          "shard": "1",
          "value": 0.022934720000056252
        }
      },
      {
        "reactor_utilization": {
          "shard": "2",
          "value": 0.020889619999953091
        }
      },
      {
        "reactor_utilization": {
          "shard": "3",
          "value": 0.022583479999949141
        }
      },
      {
        "reactor_utilization": {
          "shard": "4",
          "value": 0.040004899999956933
        }
      },
      {
        "reactor_utilization": {
          "shard": "5",
          "value": 0.023117159999985759
        }
      },
      {
        "reactor_utilization": {
          "shard": "6",
          "value": 0.023326560000036523
        }
      },
      {
        "reactor_utilization": {
          "shard": "7",
          "value": 0.019327080000020036
        }
      },
      {
        "reactor_utilization": {
          "shard": "8",
          "value": 0.022506880000028318
        }
      },
      {
        "reactor_utilization": {
          "shard": "9",
          "value": 0.020045179999983453
        }
      },
      {
        "reactor_utilization": {
          "shard": "10",
          "value": 0.020588460000015019
        }
      },
      {
        "reactor_utilization": {
          "shard": "11",
          "value": 0.020735279999950507
        }
      },
      {
        "reactor_utilization": {
          "shard": "12",
          "value": 0.029595600000054123
        }
      },
      {
        "reactor_utilization": {
          "shard": "13",
          "value": 0.022340780000074112
        }
      },
      {
        "reactor_utilization": {
          "shard": "14",
          "value": 0.021938800000054215
        }
      },
      {
        "reactor_utilization": {
          "shard": "15",
          "value": 0.021772199999936515
        }
      },
      {
        "reactor_utilization": {
          "shard": "16",
          "value": 0.021260239999942865
        }
      },
      {
        "reactor_utilization": {
          "shard": "17",
          "value": 0.021742780000066908
        }
      },
      {
        "reactor_utilization": {
          "shard": "18",
          "value": 0.02542508000000776
        }
      },
      {
        "reactor_utilization": {
          "shard": "19",
          "value": 0.022486160000056987
        }
      },
      {
        "reactor_utilization": {
          "shard": "20",
          "value": 0.021353279999991592
        }
      },
      {
        "reactor_utilization": {
          "shard": "21",
          "value": 0.022174040000000339
        }
      },
      {
        "reactor_utilization": {
          "shard": "22",
          "value": 0.020346079999944422
        }
      },
      {
        "reactor_utilization": {
          "shard": "23",
          "value": 0.020101959999985208
        }
      },
      {
        "reactor_utilization": {
          "shard": "24",
          "value": 0.022532559999988155
        }
      },
      {
        "reactor_utilization": {
          "shard": "25",
          "value": 0.021836480000003711
        }
      },
      {
        "reactor_utilization": {
          "shard": "26",
          "value": 0.021262080000039596
        }
      },
      {
        "reactor_utilization": {
          "shard": "27",
          "value": 0.023498560000057012
        }
      }
    ]
  },
  {
    "metrics": [
      {
        "reactor_utilization": {
          "shard": "0",
          "value": 0.10133527999998115
        }
      },
      {
        "reactor_utilization": {
          "shard": "1",
          "value": 0.024996520000031275
        }
      },
      {
        "reactor_utilization": {
          "shard": "2",
          "value": 0.024931919999970908
        }
      },
      {
        "reactor_utilization": {
          "shard": "3",
          "value": 0.025024359999958889
        }
      },
      {
        "reactor_utilization": {
          "shard": "4",
          "value": 0.03681929999997946
        }
      },
      {
        "reactor_utilization": {
          "shard": "5",
          "value": 0.024926299999983303
        }
      },
      {
        "reactor_utilization": {
          "shard": "6",
          "value": 0.02476116000006412
        }
      },
      {
        "reactor_utilization": {
          "shard": "7",
          "value": 0.026938880000004772
        }
      },
      {
        "reactor_utilization": {
          "shard": "8",
          "value": 0.025958200000020248
        }
      },
      {
        "reactor_utilization": {
          "shard": "9",
          "value": 0.023730119999998411
        }
      },
      {
        "reactor_utilization": {
          "shard": "10",
          "value": 0.025830580000008041
        }
      },
      {
        "reactor_utilization": {
          "shard": "11",
          "value": 0.025449479999961611
        }
      },
      {
        "reactor_utilization": {
          "shard": "12",
          "value": 0.028024100000045848
        }
      },
      {
        "reactor_utilization": {
          "shard": "13",
          "value": 0.025812480000086957
        }
      },
      {
        "reactor_utilization": {
          "shard": "14",
          "value": 0.023731440000052118
        }
      },
      {
        "reactor_utilization": {
          "shard": "15",
          "value": 0.025326559999938603
        }
      },
      {
        "reactor_utilization": {
          "shard": "16",
          "value": 0.024798619999955029
        }
      },
      {
        "reactor_utilization": {
          "shard": "17",
          "value": 0.023789100000060071
        }
      },
      {
        "reactor_utilization": {
          "shard": "18",
          "value": 0.025041140000015005
        }
      },
      {
        "reactor_utilization": {
          "shard": "19",
          "value": 0.025624640000065924
        }
      },
      {
        "reactor_utilization": {
          "shard": "20",
          "value": 0.022745980000005162
        }
      },
      {
        "reactor_utilization": {
          "shard": "21",
          "value": 0.026093840000018798
        }
      },
      {
        "reactor_utilization": {
          "shard": "22",
          "value": 0.021892399999945411
        }
      },
      {
        "reactor_utilization": {
          "shard": "23",
          "value": 0.026355659999977021
        }
      },
      {
        "reactor_utilization": {
          "shard": "24",
          "value": 0.024559620000008664
        }
      },
      {
        "reactor_utilization": {
          "shard": "25",
          "value": 0.022676780000030483
        }
      },
      {
        "reactor_utilization": {
          "shard": "26",
          "value": 0.024603320000027296
        }
      },
      {
        "reactor_utilization": {
          "shard": "27",
          "value": 0.026217000000061663
        }
      }
    ]
  },
  {
    "metrics": [
      {
        "reactor_utilization": {
          "shard": "0",
          "value": 0.098712859999972036
        }
      },
      {
        "reactor_utilization": {
          "shard": "1",
          "value": 0.022656140000043568
        }
      },
      {
        "reactor_utilization": {
          "shard": "2",
          "value": 0.020491919999954256
        }
      },
      {
        "reactor_utilization": {
          "shard": "3",
          "value": 0.021749119999947553
        }
      },
      {
        "reactor_utilization": {
          "shard": "4",
          "value": 0.03686885999998335
        }
      },
      {
        "reactor_utilization": {
          "shard": "5",
          "value": 0.020527899999989163
        }
      },
      {
        "reactor_utilization": {
          "shard": "6",
          "value": 0.023116380000054448
        }
      },
      {
        "reactor_utilization": {
          "shard": "7",
          "value": 0.019785379999981423
        }
      },
      {
        "reactor_utilization": {
          "shard": "8",
          "value": 0.021325000000005367
        }
      },
      {
        "reactor_utilization": {
          "shard": "9",
          "value": 0.019014919999993385
        }
      },
      {
        "reactor_utilization": {
          "shard": "10",
          "value": 0.021481840000037167
        }
      },
      {
        "reactor_utilization": {
          "shard": "11",
          "value": 0.020922839999970577
        }
      },
      {
        "reactor_utilization": {
          "shard": "12",
          "value": 0.022768480000034952
        }
      },
      {
        "reactor_utilization": {
          "shard": "13",
          "value": 0.021469140000085485
        }
      },
      {
        "reactor_utilization": {
          "shard": "14",
          "value": 0.020270400000055311
        }
      },
      {
        "reactor_utilization": {
          "shard": "15",
          "value": 0.020777099999935711
        }
      },
      {
        "reactor_utilization": {
          "shard": "16",
          "value": 0.021575099999959768
        }
      },
      {
        "reactor_utilization": {
          "shard": "17",
          "value": 0.020239640000074832
        }
      },
      {
        "reactor_utilization": {
          "shard": "18",
          "value": 0.022026320000023691
        }
      },
      {
        "reactor_utilization": {
          "shard": "19",
          "value": 0.021604120000073834
        }
      },
      {
        "reactor_utilization": {
          "shard": "20",
          "value": 0.01941422000000248
        }
      },
      {
        "reactor_utilization": {
          "shard": "21",
          "value": 0.021031200000010131
        }
      },
      {
        "reactor_utilization": {
          "shard": "22",
          "value": 0.020120459999939388
        }
      },
      {
        "reactor_utilization": {
          "shard": "23",
          "value": 0.020451839999990895
        }
      },
      {
        "reactor_utilization": {
          "shard": "24",
          "value": 0.023356500000004665
        }
      },
      {
        "reactor_utilization": {
          "shard": "25",
          "value": 0.020740500000038242
        }
      },
      {
        "reactor_utilization": {
          "shard": "26",
          "value": 0.022348540000027839
        }
      },
      {
        "reactor_utilization": {
          "shard": "27",
          "value": 0.021890100000065971
        }
      }
    ]
  },
  {
    "metrics": [
      {
        "reactor_utilization": {
          "shard": "0",
          "value": 0.10597523999997804
        }
      },
      {
        "reactor_utilization": {
          "shard": "1",
          "value": 0.021613760000038784
        }
      },
      {
        "reactor_utilization": {
          "shard": "2",
          "value": 0.025079919999959621
        }
      },
      {
        "reactor_utilization": {
          "shard": "3",
          "value": 0.023454799999966802
        }
      },
      {
        "reactor_utilization": {
          "shard": "4",
          "value": 0.038412479999982985
        }
      },
      {
        "reactor_utilization": {
          "shard": "5",
          "value": 0.026521719999983429
        }
      },
      {
        "reactor_utilization": {
          "shard": "6",
          "value": 0.026243220000066181
        }
      },
      {
        "reactor_utilization": {
          "shard": "7",
          "value": 0.021990659999970852
        }
      },
      {
        "reactor_utilization": {
          "shard": "8",
          "value": 0.021886599999998424
        }
      },
      {
        "reactor_utilization": {
          "shard": "9",
          "value": 0.023099660000003297
        }
      },
      {
        "reactor_utilization": {
          "shard": "10",
          "value": 0.02251864000003545
        }
      },
      {
        "reactor_utilization": {
          "shard": "11",
          "value": 0.024438059999953854
        }
      },
      {
        "reactor_utilization": {
          "shard": "12",
          "value": 0.025804320000022418
        }
      },
      {
        "reactor_utilization": {
          "shard": "13",
          "value": 0.02258774000007957
        }
      },
      {
        "reactor_utilization": {
          "shard": "14",
          "value": 0.023264340000062056
        }
      },
      {
        "reactor_utilization": {
          "shard": "15",
          "value": 0.022971839999930133
        }
      },
      {
        "reactor_utilization": {
          "shard": "16",
          "value": 0.024148499999965267
        }
      },
      {
        "reactor_utilization": {
          "shard": "17",
          "value": 0.023782880000089435
        }
      },
      {
        "reactor_utilization": {
          "shard": "18",
          "value": 0.02617456000002516
        }
      },
      {
        "reactor_utilization": {
          "shard": "19",
          "value": 0.028657660000075413
        }
      },
      {
        "reactor_utilization": {
          "shard": "20",
          "value": 0.023950660000005008
        }
      },
      {
        "reactor_utilization": {
          "shard": "21",
          "value": 0.024895680000014409
        }
      },
      {
        "reactor_utilization": {
          "shard": "22",
          "value": 0.022261979999949055
        }
      },
      {
        "reactor_utilization": {
          "shard": "23",
          "value": 0.026412679999965327
        }
      },
      {
        "reactor_utilization": {
          "shard": "24",
          "value": 0.025758420000010496
        }
      },
      {
        "reactor_utilization": {
          "shard": "25",
          "value": 0.022287640000029363
        }
      },
      {
        "reactor_utilization": {
          "shard": "26",
          "value": 0.025214860000022377
        }
      },
      {
        "reactor_utilization": {
          "shard": "27",
          "value": 0.026698880000064484
        }
      }
    ]
  },
  {
    "metrics": [
      {
        "reactor_utilization": {
          "shard": "0",
          "value": 0.10076729999995981
        }
      },
      {
        "reactor_utilization": {
          "shard": "1",
          "value": 0.033223880000021744
        }
      },
      {
        "reactor_utilization": {
          "shard": "2",
          "value": 0.028119739999965532
        }
      },
      {
        "reactor_utilization": {
          "shard": "3",
          "value": 0.028088579999974161
        }
      },
      {
        "reactor_utilization": {
          "shard": "4",
          "value": 0.034708159999974342
        }
      },
      {
        "reactor_utilization": {
          "shard": "5",
          "value": 0.02566008000000064
        }
      },
      {
        "reactor_utilization": {
          "shard": "6",
          "value": 0.032900360000065465
        }
      },
      {
        "reactor_utilization": {
          "shard": "7",
          "value": 0.030946279999954918
        }
      },
      {
        "reactor_utilization": {
          "shard": "8",
          "value": 0.02265627999999964
        }
      },
      {
        "reactor_utilization": {
          "shard": "9",
          "value": 0.026181260000013307
        }
      },
      {
        "reactor_utilization": {
          "shard": "10",
          "value": 0.025528820000020325
        }
      },
      {
        "reactor_utilization": {
          "shard": "11",
          "value": 0.025785339999950807
        }
      },
      {
        "reactor_utilization": {
          "shard": "12",
          "value": 0.028227700000038602
        }
      },
      {
        "reactor_utilization": {
          "shard": "13",
          "value": 0.03237992000008072
        }
      },
      {
        "reactor_utilization": {
          "shard": "14",
          "value": 0.028104440000065178
        }
      },
      {
        "reactor_utilization": {
          "shard": "15",
          "value": 0.024645699999925608
        }
      },
      {
        "reactor_utilization": {
          "shard": "16",
          "value": 0.031717779999973494
        }
      },
      {
        "reactor_utilization": {
          "shard": "17",
          "value": 0.029199280000080652
        }
      },
      {
        "reactor_utilization": {
          "shard": "18",
          "value": 0.032915360000040916
        }
      },
      {
        "reactor_utilization": {
          "shard": "19",
          "value": 0.033639080000069654
        }
      },
      {
        "reactor_utilization": {
          "shard": "20",
          "value": 0.026653420000011252
        }
      },
      {
        "reactor_utilization": {
          "shard": "21",
          "value": 0.031817879999995746
        }
      },
      {
        "reactor_utilization": {
          "shard": "22",
          "value": 0.029277779999947739
        }
      },
      {
        "reactor_utilization": {
          "shard": "23",
          "value": 0.035825719999960093
        }
      },
      {
        "reactor_utilization": {
          "shard": "24",
          "value": 0.032265200000014538
        }
      },
      {
        "reactor_utilization": {
          "shard": "25",
          "value": 0.02742734000003022
        }
      },
      {
        "reactor_utilization": {
          "shard": "26",
          "value": 0.031457040000015812
        }
      },
      {
        "reactor_utilization": {
          "shard": "27",
          "value": 0.03428416000006429
        }
      }
    ]
  },
  {
    "metrics": [
      {
        "reactor_utilization": {
          "shard": "0",
          "value": 0.071033339999959644
        }
      },
      {
        "reactor_utilization": {
          "shard": "1",
          "value": 0.026917440000051585
        }
      },
      {
        "reactor_utilization": {
          "shard": "2",
          "value": 0.023629699999960785
        }
      },
      {
        "reactor_utilization": {
          "shard": "3",
          "value": 0.019577979999962913
        }
      },
      {
        "reactor_utilization": {
          "shard": "4",
          "value": 0.034416839999973359
        }
      },
      {
        "reactor_utilization": {
          "shard": "5",
          "value": 0.022633080000000749
        }
      },
      {
        "reactor_utilization": {
          "shard": "6",
          "value": 0.021550380000068259
        }
      },
      {
        "reactor_utilization": {
          "shard": "7",
          "value": 0.020775279999929452
        }
      },
      {
        "reactor_utilization": {
          "shard": "8",
          "value": 0.01820340000000531
        }
      },
      {
        "reactor_utilization": {
          "shard": "9",
          "value": 0.020962740000007862
        }
      },
      {
        "reactor_utilization": {
          "shard": "10",
          "value": 0.024498080000023847
        }
      },
      {
        "reactor_utilization": {
          "shard": "11",
          "value": 0.023395039999951628
        }
      },
      {
        "reactor_utilization": {
          "shard": "12",
          "value": 0.022561240000040783
        }
      },
      {
        "reactor_utilization": {
          "shard": "13",
          "value": 0.023879800000059515
        }
      },
      {
        "reactor_utilization": {
          "shard": "14",
          "value": 0.022408660000050595
        }
      },
      {
        "reactor_utilization": {
          "shard": "15",
          "value": 0.020218879999933659
        }
      },
      {
        "reactor_utilization": {
          "shard": "16",
          "value": 0.023277019999956572
        }
      },
      {
        "reactor_utilization": {
          "shard": "17",
          "value": 0.021140720000067947
        }
      },
      {
        "reactor_utilization": {
          "shard": "18",
          "value": 0.022966640000021687
        }
      },
      {
        "reactor_utilization": {
          "shard": "19",
          "value": 0.023421760000075231
        }
      },
      {
        "reactor_utilization": {
          "shard": "20",
          "value": 0.022316740000016821
        }
      },
      {
        "reactor_utilization": {
          "shard": "21",
          "value": 0.022331260000008069
        }
      },
      {
        "reactor_utilization": {
          "shard": "22",
          "value": 0.018174259999936826
        }
      },
      {
        "reactor_utilization": {
          "shard": "23",
          "value": 0.021379899999940388
        }
      },
      {
        "reactor_utilization": {
          "shard": "24",
          "value": 0.021882280000018461
        }
      },
      {
        "reactor_utilization": {
          "shard": "25",
          "value": 0.019078740000044725
        }
      },
      {
        "reactor_utilization": {
          "shard": "26",
          "value": 0.022484060000049766
        }
      },
      {
        "reactor_utilization": {
          "shard": "27",
          "value": 0.023784740000087901
        }
      }
    ]
  },
  {
    "metrics": [
      {
        "reactor_utilization": {
          "shard": "0",
          "value": 0.10780635999996235
        }
      },
      {
        "reactor_utilization": {
          "shard": "1",
          "value": 0.029949960000030806
        }
      },
      {
        "reactor_utilization": {
          "shard": "2",
          "value": 0.029518799999950218
        }
      },
      {
        "reactor_utilization": {
          "shard": "3",
          "value": 0.030323379999974698
        }
      },
      {
        "reactor_utilization": {
          "shard": "4",
          "value": 0.046501299999979206
        }
      },
      {
        "reactor_utilization": {
          "shard": "5",
          "value": 0.023199219999958665
        }
      },
      {
        "reactor_utilization": {
          "shard": "6",
          "value": 0.028675820000056973
        }
      },
      {
        "reactor_utilization": {
          "shard": "7",
          "value": 0.027125719999931963
        }
      },
      {
        "reactor_utilization": {
          "shard": "8",
          "value": 0.023785839999990177
        }
      },
      {
        "reactor_utilization": {
          "shard": "9",
          "value": 0.030220360000032809
        }
      },
      {
        "reactor_utilization": {
          "shard": "10",
          "value": 0.02987934000000525
        }
      },
      {
        "reactor_utilization": {
          "shard": "11",
          "value": 0.026987719999982396
        }
      },
      {
        "reactor_utilization": {
          "shard": "12",
          "value": 0.030422240000038681
        }
      },
      {
        "reactor_utilization": {
          "shard": "13",
          "value": 0.029283220000053678
        }
      },
      {
        "reactor_utilization": {
          "shard": "14",
          "value": 0.029535080000031577
        }
      },
      {
        "reactor_utilization": {
          "shard": "15",
          "value": 0.025949659999946473
        }
      },
      {
        "reactor_utilization": {
          "shard": "16",
          "value": 0.029212719999949233
        }
      },
      {
        "reactor_utilization": {
          "shard": "17",
          "value": 0.030273240000056045
        }
      },
      {
        "reactor_utilization": {
          "shard": "18",
          "value": 0.032536320000020602
        }
      },
      {
        "reactor_utilization": {
          "shard": "19",
          "value": 0.030523380000069267
        }
      },
      {
        "reactor_utilization": {
          "shard": "20",
          "value": 0.030208799999975611
        }
      },
      {
        "reactor_utilization": {
          "shard": "21",
          "value": 0.02989636000001461
        }
      },
      {
        "reactor_utilization": {
          "shard": "22",
          "value": 0.030833019999942923
        }
      },
      {
        "reactor_utilization": {
          "shard": "23",
          "value": 0.028920699999945843
        }
      },
      {
        "reactor_utilization": {
          "shard": "24",
          "value": 0.02896106000003229
        }
      },
      {
        "reactor_utilization": {
          "shard": "25",
          "value": 0.030671800000048322
        }
      },
      {
        "reactor_utilization": {
          "shard": "26",
          "value": 0.034413860000026553
        }
      },
      {
        "reactor_utilization": {
          "shard": "27",
          "value": 0.029085800000061557
        }
      }
    ]
  },
  {
    "metrics": [
      {
        "reactor_utilization": {
          "shard": "0",
          "value": 0.084213219999940137
        }
      },
      {
        "reactor_utilization": {
          "shard": "1",
          "value": 0.024671140000032121
        }
      },
      {
        "reactor_utilization": {
          "shard": "2",
          "value": 0.022338999999971243
        }
      },
      {
        "reactor_utilization": {
          "shard": "3",
          "value": 0.025317339999975097
        }
      },
      {
        "reactor_utilization": {
          "shard": "4",
          "value": 0.024473939999980487
        }
      },
      {
        "reactor_utilization": {
          "shard": "5",
          "value": 0.022083299999953176
        }
      },
      {
        "reactor_utilization": {
          "shard": "6",
          "value": 0.024918120000050337
        }
      },
      {
        "reactor_utilization": {
          "shard": "7",
          "value": 0.021563919999922909
        }
      },
      {
        "reactor_utilization": {
          "shard": "8",
          "value": 0.024789639999989177
        }
      },
      {
        "reactor_utilization": {
          "shard": "9",
          "value": 0.024478060000010515
        }
      },
      {
        "reactor_utilization": {
          "shard": "10",
          "value": 0.025069340000005713
        }
      },
      {
        "reactor_utilization": {
          "shard": "11",
          "value": 0.022237759999976792
        }
      },
      {
        "reactor_utilization": {
          "shard": "12",
          "value": 0.025460520000031295
        }
      },
      {
        "reactor_utilization": {
          "shard": "13",
          "value": 0.023541960000050821
        }
      },
      {
        "reactor_utilization": {
          "shard": "14",
          "value": 0.023143360000021929
        }
      },
      {
        "reactor_utilization": {
          "shard": "15",
          "value": 0.023055919999959151
        }
      },
      {
        "reactor_utilization": {
          "shard": "16",
          "value": 0.022901839999933671
        }
      },
      {
        "reactor_utilization": {
          "shard": "17",
          "value": 0.021952520000056985
        }
      },
      {
        "reactor_utilization": {
          "shard": "18",
          "value": 0.022860540000024798
        }
      },
      {
        "reactor_utilization": {
          "shard": "19",
          "value": 0.02128318000005347
        }
      },
      {
        "reactor_utilization": {
          "shard": "20",
          "value": 0.02311147999999319
        }
      },
      {
        "reactor_utilization": {
          "shard": "21",
          "value": 0.021955460000011584
        }
      },
      {
        "reactor_utilization": {
          "shard": "22",
          "value": 0.024731279999912203
        }
      },
      {
        "reactor_utilization": {
          "shard": "23",
          "value": 0.019442539999947606
        }
      },
      {
        "reactor_utilization": {
          "shard": "24",
          "value": 0.020742100000026298
        }
      },
      {
        "reactor_utilization": {
          "shard": "25",
          "value": 0.022145980000054521
        }
      },
      {
        "reactor_utilization": {
          "shard": "26",
          "value": 0.021621520000048022
        }
      },
      {
        "reactor_utilization": {
          "shard": "27",
          "value": 0.020225200000079102
        }
      }
    ]
  },
  {
    "metrics": [
      {
        "reactor_utilization": {
          "shard": "0",
          "value": 0.10462129999992964
        }
      },
      {
        "reactor_utilization": {
          "shard": "1",
          "value": 0.021514040000036871
        }
      },
      {
        "reactor_utilization": {
          "shard": "2",
          "value": 0.019086959999969899
        }
      },
      {
        "reactor_utilization": {
          "shard": "3",
          "value": 0.018402579999965418
        }
      },
      {
        "reactor_utilization": {
          "shard": "4",
          "value": 0.038317479999983028
        }
      },
      {
        "reactor_utilization": {
          "shard": "5",
          "value": 0.021192059999952662
        }
      },
      {
        "reactor_utilization": {
          "shard": "6",
          "value": 0.021225220000054001
        }
      },
      {
        "reactor_utilization": {
          "shard": "7",
          "value": 0.019004919999909831
        }
      },
      {
        "reactor_utilization": {
          "shard": "8",
          "value": 0.020719339999997199
        }
      },
      {
        "reactor_utilization": {
          "shard": "9",
          "value": 0.01871392000001304
        }
      },
      {
        "reactor_utilization": {
          "shard": "10",
          "value": 0.021823240000018451
        }
      },
      {
        "reactor_utilization": {
          "shard": "11",
          "value": 0.020961939999986079
        }
      },
      {
        "reactor_utilization": {
          "shard": "12",
          "value": 0.021965180000060869
        }
      },
      {
        "reactor_utilization": {
          "shard": "13",
          "value": 0.021145420000046045
        }
      },
      {
        "reactor_utilization": {
          "shard": "14",
          "value": 0.022361140000004553
        }
      },
      {
        "reactor_utilization": {
          "shard": "15",
          "value": 0.021861979999948655
        }
      },
      {
        "reactor_utilization": {
          "shard": "16",
          "value": 0.022305239999942383
        }
      },
      {
        "reactor_utilization": {
          "shard": "17",
          "value": 0.021167660000065425
        }
      },
      {
        "reactor_utilization": {
          "shard": "18",
          "value": 0.022853360000008038
        }
      },
      {
        "reactor_utilization": {
          "shard": "19",
          "value": 0.021007900000058477
        }
      },
      {
        "reactor_utilization": {
          "shard": "20",
          "value": 0.021299679999975396
        }
      },
      {
        "reactor_utilization": {
          "shard": "21",
          "value": 0.022367280000024081
        }
      },
      {
        "reactor_utilization": {
          "shard": "22",
          "value": 0.019337339999925263
        }
      },
      {
        "reactor_utilization": {
          "shard": "23",
          "value": 0.021630779999937122
        }
      },
      {
        "reactor_utilization": {
          "shard": "24",
          "value": 0.021532460000028841
        }
      },
      {
        "reactor_utilization": {
          "shard": "25",
          "value": 0.019132760000062365
        }
      },
      {
        "reactor_utilization": {
          "shard": "26",
          "value": 0.023293960000037028
        }
      },
      {
        "reactor_utilization": {
          "shard": "27",
          "value": 0.020755540000061412
        }
      }
    ]
  }
]
