{
    "0": {
        "memory_allocated_memory": 291336192.0,
        "memory_cross_cpu_free_operations": 860460.0,
        "memory_free_memory": -291336192.0,
        "memory_free_operations": 111762816.0,
        "memory_malloc_failed": 0.0,
        "memory_malloc_live_objects": 337081.0,
        "memory_malloc_operations": 112099897.0,
        "memory_reclaims_operations": 0.0,
        "memory_total_memory": 0.0,
        "reactor_cpu_busy_ms": 50484.0,
        "reactor_cpu_steal_time_ms": 2166.0,
        "reactor_cpu_used_time_ms": 77545.0,
        "reactor_polls": 18061627.0,
        "reactor_sleep_time_ms_total": 190242.0,
        "reactor_utilization": 0.004659019999964098
    },
    "1": {
        "memory_allocated_memory": 412934144.0,
        "memory_cross_cpu_free_operations": 1111718.0,
        "memory_free_memory": -412934144.0,
        "memory_free_operations": 143894781.0,
        "memory_malloc_failed": 0.0,
        "memory_malloc_live_objects": 409579.0,
        "memory_malloc_operations": 144304360.0,
        "memory_reclaims_operations": 0.0,
        "memory_total_memory": 0.0,
        "reactor_cpu_busy_ms": 63936.0,
        "reactor_cpu_steal_time_ms": 2304.0,
        "reactor_cpu_used_time_ms": 75744.0,
        "reactor_polls": 7393008.0,
        "reactor_sleep_time_ms_total": 191806.0,
        "reactor_utilization": -0.0023261199999180526
    },
    "2": {
        "memory_allocated_memory": 458055680.0,
        "memory_cross_cpu_free_operations": 1104600.0,
        "memory_free_memory": -458055680.0,
        "memory_free_operations": 148571875.0,
        "memory_malloc_failed": 0.0,
        "memory_malloc_live_objects": 426333.0,
        "memory_malloc_operations": 148998208.0,
        "memory_reclaims_operations": 0.0,
        "memory_total_memory": 0.0,
        "reactor_cpu_busy_ms": 64967.0,
        "reactor_cpu_steal_time_ms": 2449.0,
        "reactor_cpu_used_time_ms": 79661.0,
        "reactor_polls": 9244196.0,
        "reactor_sleep_time_ms_total": 187757.0,
        "reactor_utilization": -0.0011512599997987039
    },
    "3": {
        "memory_allocated_memory": 376676352.0,
        "memory_cross_cpu_free_operations": 985117.0,
        "memory_free_memory": -376676352.0,
        "memory_free_operations": 134146263.0,
        "memory_malloc_failed": 0.0,
        "memory_malloc_live_objects": 401426.0,
        "memory_malloc_operations": 134547689.0,
        "memory_reclaims_operations": 0.0,
        "memory_total_memory": 0.0,
        "reactor_cpu_busy_ms": 57497.0,
        "reactor_cpu_steal_time_ms": 2112.0,
        "reactor_cpu_used_time_ms": 78926.0,
        "reactor_polls": 14495316.0,
        "reactor_sleep_time_ms_total": 188821.0,
        "reactor_utilization": 0.002806060000115629
    },
    "4": {
        "memory_allocated_memory": 369446912.0,
        "memory_cross_cpu_free_operations": 985865.0,
        "memory_free_memory": -369446912.0,
        "memory_free_operations": 130861991.0,
        "memory_malloc_failed": 0.0,
        "memory_malloc_live_objects": 391404.0,
        "memory_malloc_operations": 131253395.0,
        "memory_reclaims_operations": 0.0,
        "memory_total_memory": 0.0,
        "reactor_cpu_busy_ms": 56978.0,
        "reactor_cpu_steal_time_ms": 2136.0,
        "reactor_cpu_used_time_ms": 77540.0,
        "reactor_polls": 14024945.0,
        "reactor_sleep_time_ms_total": 190183.0,
        "reactor_utilization": -6.918000010625036e-05
    },
    "5": {
        "memory_allocated_memory": 416706560.0,
        "memory_cross_cpu_free_operations": 1100326.0,
        "memory_free_memory": -416706560.0,
        "memory_free_operations": 138668676.0,
        "memory_malloc_failed": 0.0,
        "memory_malloc_live_objects": 420426.0,
        "memory_malloc_operations": 139089102.0,
        "memory_reclaims_operations": 0.0,
        "memory_total_memory": 0.0,
        "reactor_cpu_busy_ms": 62729.0,
        "reactor_cpu_steal_time_ms": 2366.0,
        "reactor_cpu_used_time_ms": 78829.0,
        "reactor_polls": 10222602.0,
        "reactor_sleep_time_ms_total": 188686.0,
        "reactor_utilization": 0.0001735400000146825
    },
    "6": {
        "memory_allocated_memory": 360239104.0,
        "memory_cross_cpu_free_operations": 981821.0,
        "memory_free_memory": -360239104.0,
        "memory_free_operations": 130742985.0,
        "memory_malloc_failed": 0.0,
        "memory_malloc_live_objects": 374181.0,
        "memory_malloc_operations": 131117166.0,
        "memory_reclaims_operations": 0.0,
        "memory_total_memory": 0.0,
        "reactor_cpu_busy_ms": 56454.0,
        "reactor_cpu_steal_time_ms": 1976.0,
        "reactor_cpu_used_time_ms": 76504.0,
        "reactor_polls": 12103288.0,
        "reactor_sleep_time_ms_total": 191395.0,
        "reactor_utilization": 0.004562160000265436
    },
    "7": {
        "memory_allocated_memory": 367214592.0,
        "memory_cross_cpu_free_operations": 1003324.0,
        "memory_free_memory": -367214592.0,
        "memory_free_operations": 129681261.0,
        "memory_malloc_failed": 0.0,
        "memory_malloc_live_objects": 384927.0,
        "memory_malloc_operations": 130066188.0,
        "memory_reclaims_operations": 0.0,
        "memory_total_memory": 0.0,
        "reactor_cpu_busy_ms": 56108.0,
        "reactor_cpu_steal_time_ms": 1997.0,
        "reactor_cpu_used_time_ms": 77698.0,
        "reactor_polls": 13584876.0,
        "reactor_sleep_time_ms_total": 190187.0,
        "reactor_utilization": 0.002726359999971617
    },
    "8": {
        "memory_allocated_memory": 393854976.0,
        "memory_cross_cpu_free_operations": 1074865.0,
        "memory_free_memory": -393854976.0,
        "memory_free_operations": 141410138.0,
        "memory_malloc_failed": 0.0,
        "memory_malloc_live_objects": 415728.0,
        "memory_malloc_operations": 141825866.0,
        "memory_reclaims_operations": 0.0,
        "memory_total_memory": 0.0,
        "reactor_cpu_busy_ms": 60853.0,
        "reactor_cpu_steal_time_ms": 2221.0,
        "reactor_cpu_used_time_ms": 78161.0,
        "reactor_polls": 11131433.0,
        "reactor_sleep_time_ms_total": 189457.0,
        "reactor_utilization": -0.0025911799999556173
    },
    "9": {
        "memory_allocated_memory": 382459904.0,
        "memory_cross_cpu_free_operations": 1048477.0,
        "memory_free_memory": -382459904.0,
        "memory_free_operations": 129595992.0,
        "memory_malloc_failed": 0.0,
        "memory_malloc_live_objects": 399469.0,
        "memory_malloc_operations": 129995461.0,
        "memory_reclaims_operations": 0.0,
        "memory_total_memory": 0.0,
        "reactor_cpu_busy_ms": 56366.0,
        "reactor_cpu_steal_time_ms": 1910.0,
        "reactor_cpu_used_time_ms": 77753.0,
        "reactor_polls": 14339358.0,
        "reactor_sleep_time_ms_total": 190218.0,
        "reactor_utilization": -4.678000005142735e-05
    },
    "10": {
        "memory_allocated_memory": 373256192.0,
        "memory_cross_cpu_free_operations": 1027625.0,
        "memory_free_memory": -373256192.0,
        "memory_free_operations": 128734016.0,
        "memory_malloc_failed": 0.0,
        "memory_malloc_live_objects": 394180.0,
        "memory_malloc_operations": 129128196.0,
        "memory_reclaims_operations": 0.0,
        "memory_total_memory": 0.0,
        "reactor_cpu_busy_ms": 56787.0,
        "reactor_cpu_steal_time_ms": 2034.0,
        "reactor_cpu_used_time_ms": 76089.0,
        "reactor_polls": 12663288.0,
        "reactor_sleep_time_ms_total": 191740.0,
        "reactor_utilization": -0.00046753999992654727
    },
    "11": {
        "memory_allocated_memory": 359743488.0,
        "memory_cross_cpu_free_operations": 991517.0,
        "memory_free_memory": -359743488.0,
        "memory_free_operations": 127969616.0,
        "memory_malloc_failed": 0.0,
        "memory_malloc_live_objects": 391678.0,
        "memory_malloc_operations": 128361294.0,
        "memory_reclaims_operations": 0.0,
        "memory_total_memory": 0.0,
        "reactor_cpu_busy_ms": 54226.0,
        "reactor_cpu_steal_time_ms": 1887.0,
        "reactor_cpu_used_time_ms": 77236.0,
        "reactor_polls": 15115587.0,
        "reactor_sleep_time_ms_total": 190741.0,
        "reactor_utilization": 0.0001786199999576077
    },
    "12": {
        "memory_allocated_memory": 387686400.0,
        "memory_cross_cpu_free_operations": 1076498.0,
        "memory_free_memory": -387686400.0,
        "memory_free_operations": 134989726.0,
        "memory_malloc_failed": 0.0,
        "memory_malloc_live_objects": 402793.0,
        "memory_malloc_operations": 135392519.0,
        "memory_reclaims_operations": 0.0,
        "memory_total_memory": 0.0,
        "reactor_cpu_busy_ms": 57557.0,
        "reactor_cpu_steal_time_ms": 1923.0,
        "reactor_cpu_used_time_ms": 74689.0,
        "reactor_polls": 10708967.0,
        "reactor_sleep_time_ms_total": 193251.0,
        "reactor_utilization": 0.00023487999984972419
    },
    "13": {
        "memory_allocated_memory": 417177600.0,
        "memory_cross_cpu_free_operations": 1158165.0,
        "memory_free_memory": -417177600.0,
        "memory_free_operations": 142983111.0,
        "memory_malloc_failed": 0.0,
        "memory_malloc_live_objects": 424160.0,
        "memory_malloc_operations": 143407271.0,
        "memory_reclaims_operations": 0.0,
        "memory_total_memory": 0.0,
        "reactor_cpu_busy_ms": 62554.0,
        "reactor_cpu_steal_time_ms": 2139.0,
        "reactor_cpu_used_time_ms": 76801.0,
        "reactor_polls": 8496773.0,
        "reactor_sleep_time_ms_total": 190938.0,
        "reactor_utilization": -0.0012775999999825594
    },
    "14": {
        "memory_allocated_memory": 378376192.0,
        "memory_cross_cpu_free_operations": 1030890.0,
        "memory_free_memory": -378376192.0,
        "memory_free_operations": 127847331.0,
        "memory_malloc_failed": 0.0,
        "memory_malloc_live_objects": 402765.0,
        "memory_malloc_operations": 128250096.0,
        "memory_reclaims_operations": 0.0,
        "memory_total_memory": 0.0,
        "reactor_cpu_busy_ms": 56349.0,
        "reactor_cpu_steal_time_ms": 1957.0,
        "reactor_cpu_used_time_ms": 76127.0,
        "reactor_polls": 12307519.0,
        "reactor_sleep_time_ms_total": 191776.0,
        "reactor_utilization": -0.0032789600001081887
    },
    "15": {
        "memory_allocated_memory": 416305152.0,
        "memory_cross_cpu_free_operations": 1175072.0,
        "memory_free_memory": -416305152.0,
        "memory_free_operations": 147169175.0,
        "memory_malloc_failed": 0.0,
        "memory_malloc_live_objects": 414239.0,
        "memory_malloc_operations": 147583414.0,
        "memory_reclaims_operations": 0.0,
        "memory_total_memory": 0.0,
        "reactor_cpu_busy_ms": 62385.0,
        "reactor_cpu_steal_time_ms": 2073.0,
        "reactor_cpu_used_time_ms": 79132.0,
        "reactor_polls": 10396820.0,
        "reactor_sleep_time_ms_total": 188661.0,
        "reactor_utilization": 0.0015050200001698322
    },
    "16": {
        "memory_allocated_memory": 389304320.0,
        "memory_cross_cpu_free_operations": 1083224.0,
        "memory_free_memory": -389304320.0,
        "memory_free_operations": 138635067.0,
        "memory_malloc_failed": 0.0,
        "memory_malloc_live_objects": 408891.0,
        "memory_malloc_operations": 139043958.0,
        "memory_reclaims_operations": 0.0,
        "memory_total_memory": 0.0,
        "reactor_cpu_busy_ms": 60009.0,
        "reactor_cpu_steal_time_ms": 2153.0,
        "reactor_cpu_used_time_ms": 78531.0,
        "reactor_polls": 11913863.0,
        "reactor_sleep_time_ms_total": 189203.0,
        "reactor_utilization": 0.0022238599999502284
    },
    "17": {
        "memory_allocated_memory": 321921024.0,
        "memory_cross_cpu_free_operations": 884760.0,
        "memory_free_memory": -321921024.0,
        "memory_free_operations": 118570167.0,
        "memory_malloc_failed": 0.0,
        "memory_malloc_live_objects": 349192.0,
        "memory_malloc_operations": 118919359.0,
        "memory_reclaims_operations": 0.0,
        "memory_total_memory": 0.0,
        "reactor_cpu_busy_ms": 51591.0,
        "reactor_cpu_steal_time_ms": 1972.0,
        "reactor_cpu_used_time_ms": 77943.0,
        "reactor_polls": 18125782.0,
        "reactor_sleep_time_ms_total": 189947.0,
        "reactor_utilization": -0.002637900000190818
    },
    "18": {
        "memory_allocated_memory": 314814464.0,
        "memory_cross_cpu_free_operations": 847396.0,
        "memory_free_memory": -314814464.0,
        "memory_free_operations": 111569684.0,
        "memory_malloc_failed": 0.0,
        "memory_malloc_live_objects": 340663.0,
        "memory_malloc_operations": 111910347.0,
        "memory_reclaims_operations": 0.0,
        "memory_total_memory": 0.0,
        "reactor_cpu_busy_ms": 50071.0,
        "reactor_cpu_steal_time_ms": 1990.0,
        "reactor_cpu_used_time_ms": 78539.0,
        "reactor_polls": 19843289.0,
        "reactor_sleep_time_ms_total": 189346.0,
        "reactor_utilization": -0.0005135199998340667
    },
    "19": {
        "memory_allocated_memory": 316592128.0,
        "memory_cross_cpu_free_operations": 840043.0,
        "memory_free_memory": -316592128.0,
        "memory_free_operations": 108446127.0,
        "memory_malloc_failed": 0.0,
        "memory_malloc_live_objects": 350986.0,
        "memory_malloc_operations": 108797113.0,
        "memory_reclaims_operations": 0.0,
        "memory_total_memory": 0.0,
        "reactor_cpu_busy_ms": 50307.0,
        "reactor_cpu_steal_time_ms": 2023.0,
        "reactor_cpu_used_time_ms": 79060.0,
        "reactor_polls": 20111649.0,
        "reactor_sleep_time_ms_total": 188792.0,
        "reactor_utilization": -0.0017547999999978359
    },
    "20": {
        "memory_allocated_memory": 309809152.0,
        "memory_cross_cpu_free_operations": 811786.0,
        "memory_free_memory": -309809152.0,
        "memory_free_operations": 105432478.0,
        "memory_malloc_failed": 0.0,
        "memory_malloc_live_objects": 341320.0,
        "memory_malloc_operations": 105773798.0,
        "memory_reclaims_operations": 0.0,
        "memory_total_memory": 0.0,
        "reactor_cpu_busy_ms": 50603.0,
        "reactor_cpu_steal_time_ms": 2218.0,
        "reactor_cpu_used_time_ms": 75564.0,
        "reactor_polls": 17499754.0,
        "reactor_sleep_time_ms_total": 192068.0,
        "reactor_utilization": 0.0010370399997849944
    },
    "21": {
        "memory_allocated_memory": 305745920.0,
        "memory_cross_cpu_free_operations": 826364.0,
        "memory_free_memory": -305745920.0,
        "memory_free_operations": 106831871.0,
        "memory_malloc_failed": 0.0,
        "memory_malloc_live_objects": 341526.0,
        "memory_malloc_operations": 107173397.0,
        "memory_reclaims_operations": 0.0,
        "memory_total_memory": 0.0,
        "reactor_cpu_busy_ms": 49694.0,
        "reactor_cpu_steal_time_ms": 1988.0,
        "reactor_cpu_used_time_ms": 76098.0,
        "reactor_polls": 17532028.0,
        "reactor_sleep_time_ms_total": 191776.0,
        "reactor_utilization": 0.00036328000017071815
    },
    "22": {
        "memory_allocated_memory": 311357440.0,
        "memory_cross_cpu_free_operations": 822305.0,
        "memory_free_memory": -311357440.0,
        "memory_free_operations": 112783826.0,
        "memory_malloc_failed": 0.0,
        "memory_malloc_live_objects": 345881.0,
        "memory_malloc_operations": 113129707.0,
        "memory_reclaims_operations": 0.0,
        "memory_total_memory": 0.0,
        "reactor_cpu_busy_ms": 48473.0,
        "reactor_cpu_steal_time_ms": 1826.0,
        "reactor_cpu_used_time_ms": 75088.0,
        "reactor_polls": 17732782.0,
        "reactor_sleep_time_ms_total": 192957.0,
        "reactor_utilization": -0.0007340599998406638
    },
    "23": {
        "memory_allocated_memory": 305934336.0,
        "memory_cross_cpu_free_operations": 825779.0,
        "memory_free_memory": -305934336.0,
        "memory_free_operations": 106668379.0,
        "memory_malloc_failed": 0.0,
        "memory_malloc_live_objects": 342641.0,
        "memory_malloc_operations": 107011020.0,
        "memory_reclaims_operations": 0.0,
        "memory_total_memory": 0.0,
        "reactor_cpu_busy_ms": 48548.0,
        "reactor_cpu_steal_time_ms": 1904.0,
        "reactor_cpu_used_time_ms": 76896.0,
        "reactor_polls": 19115168.0,
        "reactor_sleep_time_ms_total": 191055.0,
        "reactor_utilization": -0.002857739999839737
    },
    "24": {
        "memory_allocated_memory": 309338112.0,
        "memory_cross_cpu_free_operations": 840474.0,
        "memory_free_memory": -309338112.0,
        "memory_free_operations": 109095885.0,
        "memory_malloc_failed": 0.0,
        "memory_malloc_live_objects": 340925.0,
        "memory_malloc_operations": 109436810.0,
        "memory_reclaims_operations": 0.0,
        "memory_total_memory": 0.0,
        "reactor_cpu_busy_ms": 49095.0,
        "reactor_cpu_steal_time_ms": 1979.0,
        "reactor_cpu_used_time_ms": 77852.0,
        "reactor_polls": 19749507.0,
        "reactor_sleep_time_ms_total": 190029.0,
        "reactor_utilization": 0.0010372399999791782
    },
    "25": {
        "memory_allocated_memory": 329494528.0,
        "memory_cross_cpu_free_operations": 895827.0,
        "memory_free_memory": -329494528.0,
        "memory_free_operations": 112518875.0,
        "memory_malloc_failed": 0.0,
        "memory_malloc_live_objects": 357104.0,
        "memory_malloc_operations": 112875979.0,
        "memory_reclaims_operations": 0.0,
        "memory_total_memory": 0.0,
        "reactor_cpu_busy_ms": 51847.0,
        "reactor_cpu_steal_time_ms": 2054.0,
        "reactor_cpu_used_time_ms": 77859.0,
        "reactor_polls": 17550767.0,
        "reactor_sleep_time_ms_total": 189960.0,
        "reactor_utilization": -0.0006666200000227107
    },
    "26": {
        "memory_allocated_memory": 304533504.0,
        "memory_cross_cpu_free_operations": 801305.0,
        "memory_free_memory": -304533504.0,
        "memory_free_operations": 101962339.0,
        "memory_malloc_failed": 0.0,
        "memory_malloc_live_objects": 341733.0,
        "memory_malloc_operations": 102304072.0,
        "memory_reclaims_operations": 0.0,
        "memory_total_memory": 0.0,
        "reactor_cpu_busy_ms": 48390.0,
        "reactor_cpu_steal_time_ms": 1967.0,
        "reactor_cpu_used_time_ms": 75352.0,
        "reactor_polls": 18251101.0,
        "reactor_sleep_time_ms_total": 192543.0,
        "reactor_utilization": 0.0006125399999445946
    },
    "27": {
        "memory_allocated_memory": 325267456.0,
        "memory_cross_cpu_free_operations": 880258.0,
        "memory_free_memory": -325267456.0,
        "memory_free_operations": 113491820.0,
        "memory_malloc_failed": 0.0,
        "memory_malloc_live_objects": 352195.0,
        "memory_malloc_operations": 113844015.0,
        "memory_reclaims_operations": 0.0,
        "memory_total_memory": 0.0,
        "reactor_cpu_busy_ms": 52238.0,
        "reactor_cpu_steal_time_ms": 2060.0,
        "reactor_cpu_used_time_ms": 78326.0,
        "reactor_polls": 17089565.0,
        "reactor_sleep_time_ms_total": 189476.0,
        "reactor_utilization": 0.0031476599999136212
    }
}