{
    "0": {
        "reactor_utilization": 3.1345956910048693
    },
    "1": {
        "reactor_utilization": 3.779068428273803
    },
    "2": {
        "reactor_utilization": 3.672187381252436
    },
    "3": {
        "reactor_utilization": 3.2991717441722557
    },
    "4": {
        "reactor_utilization": 3.2692064983211053
    },
    "5": {
        "reactor_utilization": 4.072198541995701
    },
    "6": {
        "reactor_utilization": 3.486532831940666
    },
    "7": {
        "reactor_utilization": 3.429903450422579
    },
    "8": {
        "reactor_utilization": 3.620018039018202
    },
    "9": {
        "reactor_utilization": 3.4492756504840045
    },
    "10": {
        "reactor_utilization": 3.439419260705776
    },
    "11": {
        "reactor_utilization": 3.3705456772333506
    },
    "12": {
        "reactor_utilization": 3.8537992770715883
    },
    "13": {
        "reactor_utilization": 3.9668044088867926
    },
    "14": {
        "reactor_utilization": 3.5885958234826068
    },
    "15": {
        "reactor_utilization": 3.7944242366415533
    },
    "16": {
        "reactor_utilization": 3.5682427121404205
    },
    "17": {
        "reactor_utilization": 3.042559744299507
    },
    "18": {
        "reactor_utilization": 3.1291688195103378
    },
    "19": {
        "reactor_utilization": 3.068143276173806
    },
    "20": {
        "reactor_utilization": 2.8261651914272745
    },
    "21": {
        "reactor_utilization": 2.9775756848474915
    },
    "22": {
        "reactor_utilization": 2.8119836399026688
    },
    "23": {
        "reactor_utilization": 2.757100204322568
    },
    "24": {
        "reactor_utilization": 2.970638983725023
    },
    "25": {
        "reactor_utilization": 2.953608811862274
    },
    "26": {
        "reactor_utilization": 2.8729382074189598
    },
    "27": {
        "reactor_utilization": 3.022358171341805
    }
}