{
  "fio version" : "fio-3.39-26-ga72fe",
  "timestamp" : 1747131766,
  "timestamp_ms" : 1747131766146,
  "time" : "Tue May 13 10:22:46 2025",
  "global options" : {
    "write_iops_log" : "sea_1osd_28reactor_32fio_bal_osd_rc_1procs_randwrite",
    "write_bw_log" : "sea_1osd_28reactor_32fio_bal_osd_rc_1procs_randwrite",
    "write_lat_log" : "sea_1osd_28reactor_32fio_bal_osd_rc_1procs_randwrite",
    "ioengine" : "rbd",
    "bs" : "4k",
    "rw" : "randwrite",
    "direct" : "1",
    "runtime" : "5m",
    "time_based" : "",
    "group_reporting" : "",
    "ramp_time" : "30s",
    "thread" : "1",
    "iodepth" : "2",
    "clientname" : "admin",
    "pool" : "rbd"
  },
  "jobs" : [
    {
      "jobname" : "fio_test_0",
      "groupid" : 0,
      "job_start" : 1747131716143,
      "error" : 110,
      "eta" : 0,
      "elapsed" : 81,
      "job options" : {
        "max_latency" : "1s",
        "numjobs" : "1",
        "rbdname" : "fio_test_31"
      },
      "read" : {
        "io_bytes" : 0,
        "io_kbytes" : 0,
        "bw_bytes" : 0,
        "bw" : 0,
        "iops" : 0.000000,
        "runtime" : 0,
        "total_ios" : 0,
        "short_ios" : 0,
        "drop_ios" : 0,
        "slat_ns" : {
          "min" : 0,
          "max" : 0,
          "mean" : 0.000000,
          "stddev" : 0.000000,
          "N" : 0
        },
        "clat_ns" : {
          "min" : 0,
          "max" : 0,
          "mean" : 0.000000,
          "stddev" : 0.000000,
          "N" : 0
        },
        "lat_ns" : {
          "min" : 0,
          "max" : 0,
          "mean" : 0.000000,
          "stddev" : 0.000000,
          "N" : 0
        },
        "bw_min" : 0,
        "bw_max" : 0,
        "bw_agg" : 0.000000,
        "bw_mean" : 0.000000,
        "bw_dev" : 0.000000,
        "bw_samples" : 0,
        "iops_min" : 0,
        "iops_max" : 0,
        "iops_mean" : 0.000000,
        "iops_stddev" : 0.000000,
        "iops_samples" : 0
      },
      "write" : {
        "io_bytes" : 1424666624,
        "io_kbytes" : 1391276,
        "bw_bytes" : 28569326,
        "bw" : 27899,
        "iops" : 6974.291616,
        "runtime" : 49867,
        "total_ios" : 347787,
        "short_ios" : 0,
        "drop_ios" : 0,
        "slat_ns" : {
          "min" : 1141,
          "max" : 49713,
          "mean" : 4264.250239,
          "stddev" : 2463.072880,
          "N" : 347787
        },
        "clat_ns" : {
          "min" : 378743,
          "max" : 40303666720,
          "mean" : 9124854.802794,
          "stddev" : 542114209.011261,
          "N" : 347819,
          "percentile" : {
            "1.000000" : 444416,
            "5.000000" : 501760,
            "10.000000" : 561152,
            "20.000000" : 724992,
            "30.000000" : 864256,
            "40.000000" : 1036288,
            "50.000000" : 1220608,
            "60.000000" : 1449984,
            "70.000000" : 1761280,
            "80.000000" : 2277376,
            "90.000000" : 3588096,
            "95.000000" : 5144576,
            "99.000000" : 8978432,
            "99.500000" : 10944512,
            "99.900000" : 17694720,
            "99.950000" : 23724032,
            "99.990000" : 17112760320
          }
        },
        "lat_ns" : {
          "min" : 381627,
          "max" : 40303670453,
          "mean" : 9129118.999756,
          "stddev" : 542114267.209843,
          "N" : 347819
        },
        "bw_min" : 0,
        "bw_max" : 331273,
        "bw_agg" : 100.000000,
        "bw_mean" : 120752.921773,
        "bw_dev" : 2215.835140,
        "bw_samples" : 347819,
        "iops_min" : 32,
        "iops_max" : 32,
        "iops_mean" : 32.000000,
        "iops_stddev" : 0.000000,
        "iops_samples" : 347819
      },
      "trim" : {
        "io_bytes" : 0,
        "io_kbytes" : 0,
        "bw_bytes" : 0,
        "bw" : 0,
        "iops" : 0.000000,
        "runtime" : 0,
        "total_ios" : 0,
        "short_ios" : 0,
        "drop_ios" : 0,
        "slat_ns" : {
          "min" : 0,
          "max" : 0,
          "mean" : 0.000000,
          "stddev" : 0.000000,
          "N" : 0
        },
        "clat_ns" : {
          "min" : 0,
          "max" : 0,
          "mean" : 0.000000,
          "stddev" : 0.000000,
          "N" : 0
        },
        "lat_ns" : {
          "min" : 0,
          "max" : 0,
          "mean" : 0.000000,
          "stddev" : 0.000000,
          "N" : 0
        },
        "bw_min" : 0,
        "bw_max" : 0,
        "bw_agg" : 0.000000,
        "bw_mean" : 0.000000,
        "bw_dev" : 0.000000,
        "bw_samples" : 0,
        "iops_min" : 0,
        "iops_max" : 0,
        "iops_mean" : 0.000000,
        "iops_stddev" : 0.000000,
        "iops_samples" : 0
      },
      "sync" : {
        "total_ios" : 0,
        "lat_ns" : {
          "min" : 0,
          "max" : 0,
          "mean" : 0.000000,
          "stddev" : 0.000000,
          "N" : 0
        }
      },
      "job_runtime" : 1588023,
      "usr_cpu" : 0.144016,
      "sys_cpu" : 0.104721,
      "ctx" : 334659,
      "majf" : 0,
      "minf" : 24265,
      "iodepth_level" : {
        "1" : 0.100000,
        "2" : 99.972397,
        "4" : 0.000000,
        "8" : 0.000000,
        "16" : 0.000000,
        "32" : 0.000000,
        ">=64" : 0.000000
      },
      "iodepth_submit" : {
        "0" : 0.000000,
        "4" : 100.000000,
        "8" : 0.000000,
        "16" : 0.000000,
        "32" : 0.000000,
        "64" : 0.000000,
        ">=64" : 0.000000
      },
      "iodepth_complete" : {
        "0" : 0.100000,
        "4" : 99.995400,
        "8" : 0.000000,
        "16" : 0.000000,
        "32" : 0.000000,
        "64" : 0.000000,
        ">=64" : 0.000000
      },
      "latency_ns" : {
        "2" : 0.000000,
        "4" : 0.000000,
        "10" : 0.000000,
        "20" : 0.000000,
        "50" : 0.000000,
        "100" : 0.000000,
        "250" : 0.000000,
        "500" : 0.000000,
        "750" : 0.000000,
        "1000" : 0.000000
      },
      "latency_us" : {
        "2" : 0.000000,
        "4" : 0.000000,
        "10" : 0.000000,
        "20" : 0.000000,
        "50" : 0.000000,
        "100" : 0.000000,
        "250" : 0.000000,
        "500" : 4.980635,
        "750" : 16.587164,
        "1000" : 16.420683
      },
      "latency_ms" : {
        "2" : 37.513766,
        "4" : 16.190944,
        "10" : 7.636858,
        "20" : 0.605831,
        "50" : 0.051181,
        "100" : 0.010000,
        "250" : 0.000000,
        "500" : 0.000000,
        "750" : 0.000000,
        "1000" : 0.000000,
        "2000" : 0.000000,
        ">=2000" : 0.018402
      },
      "latency_depth" : 2,
      "latency_target" : 0,
      "latency_percentile" : 100.000000,
      "latency_window" : 0
    }
  ],
  "disk_util" : [
    {
      "name" : "sda",
      "read_ios" : 6,
      "write_ios" : 2122,
      "read_sectors" : 64,
      "write_sectors" : 128864,
      "read_merges" : 0,
      "write_merges" : 2660,
      "read_ticks" : 4,
      "write_ticks" : 627,
      "in_queue" : 654,
      "util" : 0.314501
    }
  ]
}
