{
  "fio version" : "fio-3.39-26-ga72fe",
  "timestamp" : 1747132373,
  "timestamp_ms" : 1747132373770,
  "time" : "Tue May 13 10:32:53 2025",
  "global options" : {
    "write_iops_log" : "sea_1osd_28reactor_32fio_bal_osd_rc_1procs_randwrite",
    "write_bw_log" : "sea_1osd_28reactor_32fio_bal_osd_rc_1procs_randwrite",
    "write_lat_log" : "sea_1osd_28reactor_32fio_bal_osd_rc_1procs_randwrite",
    "ioengine" : "rbd",
    "bs" : "4k",
    "rw" : "randwrite",
    "direct" : "1",
    "runtime" : "5m",
    "time_based" : "",
    "group_reporting" : "",
    "ramp_time" : "30s",
    "thread" : "1",
    "iodepth" : "16",
    "clientname" : "admin",
    "pool" : "rbd"
  },
  "jobs" : [
    {
      "jobname" : "fio_test_0",
      "groupid" : 0,
      "job_start" : 1747132303517,
      "error" : 110,
      "eta" : 0,
      "elapsed" : 101,
      "job options" : {
        "max_latency" : "1s",
        "numjobs" : "1",
        "rbdname" : "fio_test_31"
      },
      "read" : {
        "io_bytes" : 0,
        "io_kbytes" : 0,
        "bw_bytes" : 0,
        "bw" : 0,
        "iops" : 0.000000,
        "runtime" : 0,
        "total_ios" : 0,
        "short_ios" : 0,
        "drop_ios" : 0,
        "slat_ns" : {
          "min" : 0,
          "max" : 0,
          "mean" : 0.000000,
          "stddev" : 0.000000,
          "N" : 0
        },
        "clat_ns" : {
          "min" : 0,
          "max" : 0,
          "mean" : 0.000000,
          "stddev" : 0.000000,
          "N" : 0
        },
        "lat_ns" : {
          "min" : 0,
          "max" : 0,
          "mean" : 0.000000,
          "stddev" : 0.000000,
          "N" : 0
        },
        "bw_min" : 0,
        "bw_max" : 0,
        "bw_agg" : 0.000000,
        "bw_mean" : 0.000000,
        "bw_dev" : 0.000000,
        "bw_samples" : 0,
        "iops_min" : 0,
        "iops_max" : 0,
        "iops_mean" : 0.000000,
        "iops_stddev" : 0.000000,
        "iops_samples" : 0
      },
      "write" : {
        "io_bytes" : 4158111744,
        "io_kbytes" : 4060656,
        "bw_bytes" : 59514674,
        "bw" : 58119,
        "iops" : 14523.079565,
        "runtime" : 69867,
        "total_ios" : 1014684,
        "short_ios" : 0,
        "drop_ios" : 0,
        "slat_ns" : {
          "min" : 1096,
          "max" : 70125,
          "mean" : 3954.444789,
          "stddev" : 2236.220685,
          "N" : 1014684
        },
        "clat_ns" : {
          "min" : 360251,
          "max" : 50350889821,
          "mean" : 34723475.282226,
          "stddev" : 1103518750.234365,
          "N" : 1015164,
          "percentile" : {
            "1.000000" : 528384,
            "5.000000" : 831488,
            "10.000000" : 1105920,
            "20.000000" : 1564672,
            "30.000000" : 2007040,
            "40.000000" : 2506752,
            "50.000000" : 3194880,
            "60.000000" : 4227072,
            "70.000000" : 5865472,
            "80.000000" : 8716288,
            "90.000000" : 15269888,
            "95.000000" : 26083328,
            "99.000000" : 137363456,
            "99.500000" : 337641472,
            "99.900000" : 541065216,
            "99.950000" : 17112760320,
            "99.990000" : 17112760320
          }
        },
        "lat_ns" : {
          "min" : 362958,
          "max" : 50350892199,
          "mean" : 34727429.650057,
          "stddev" : 1103518808.501883,
          "N" : 1015164
        },
        "bw_min" : 0,
        "bw_max" : 334193,
        "bw_agg" : 93.954214,
        "bw_mean" : 54606.602734,
        "bw_dev" : 1560.025579,
        "bw_samples" : 1015164,
        "iops_min" : 32,
        "iops_max" : 32,
        "iops_mean" : 32.000000,
        "iops_stddev" : 0.000000,
        "iops_samples" : 1015164
      },
      "trim" : {
        "io_bytes" : 0,
        "io_kbytes" : 0,
        "bw_bytes" : 0,
        "bw" : 0,
        "iops" : 0.000000,
        "runtime" : 0,
        "total_ios" : 0,
        "short_ios" : 0,
        "drop_ios" : 0,
        "slat_ns" : {
          "min" : 0,
          "max" : 0,
          "mean" : 0.000000,
          "stddev" : 0.000000,
          "N" : 0
        },
        "clat_ns" : {
          "min" : 0,
          "max" : 0,
          "mean" : 0.000000,
          "stddev" : 0.000000,
          "N" : 0
        },
        "lat_ns" : {
          "min" : 0,
          "max" : 0,
          "mean" : 0.000000,
          "stddev" : 0.000000,
          "N" : 0
        },
        "bw_min" : 0,
        "bw_max" : 0,
        "bw_agg" : 0.000000,
        "bw_mean" : 0.000000,
        "bw_dev" : 0.000000,
        "bw_samples" : 0,
        "iops_min" : 0,
        "iops_max" : 0,
        "iops_mean" : 0.000000,
        "iops_stddev" : 0.000000,
        "iops_samples" : 0
      },
      "sync" : {
        "total_ios" : 0,
        "lat_ns" : {
          "min" : 0,
          "max" : 0,
          "mean" : 0.000000,
          "stddev" : 0.000000,
          "N" : 0
        }
      },
      "job_runtime" : 2228250,
      "usr_cpu" : 0.268282,
      "sys_cpu" : 0.187771,
      "ctx" : 840595,
      "majf" : 0,
      "minf" : 77371,
      "iodepth_level" : {
        "1" : 0.100000,
        "2" : 0.100000,
        "4" : 0.100000,
        "8" : 0.112744,
        "16" : 99.788506,
        "32" : 0.000000,
        ">=64" : 0.000000
      },
      "iodepth_submit" : {
        "0" : 0.000000,
        "4" : 100.000000,
        "8" : 0.000000,
        "16" : 0.000000,
        "32" : 0.000000,
        "64" : 0.000000,
        ">=64" : 0.000000
      },
      "iodepth_complete" : {
        "0" : 0.100000,
        "4" : 99.996896,
        "8" : 0.000000,
        "16" : 0.100000,
        "32" : 0.000000,
        "64" : 0.000000,
        ">=64" : 0.000000
      },
      "latency_ns" : {
        "2" : 0.000000,
        "4" : 0.000000,
        "10" : 0.000000,
        "20" : 0.000000,
        "50" : 0.000000,
        "100" : 0.000000,
        "250" : 0.000000,
        "500" : 0.000000,
        "750" : 0.000000,
        "1000" : 0.000000
      },
      "latency_us" : {
        "2" : 0.000000,
        "4" : 0.000000,
        "10" : 0.000000,
        "20" : 0.000000,
        "50" : 0.000000,
        "100" : 0.000000,
        "250" : 0.000000,
        "500" : 0.685632,
        "750" : 3.007045,
        "1000" : 4.148681
      },
      "latency_ms" : {
        "2" : 21.920618,
        "4" : 28.594617,
        "10" : 24.550402,
        "20" : 10.184452,
        "50" : 4.219639,
        "100" : 1.187069,
        "250" : 0.960398,
        "500" : 0.363167,
        "750" : 0.164090,
        "1000" : 0.011235,
        "2000" : 0.000000,
        ">=2000" : 0.050262
      },
      "latency_depth" : 16,
      "latency_target" : 0,
      "latency_percentile" : 100.000000,
      "latency_window" : 0
    }
  ],
  "disk_util" : [
    {
      "name" : "sda",
      "read_ios" : 10,
      "write_ios" : 2911,
      "read_sectors" : 96,
      "write_sectors" : 477280,
      "read_merges" : 0,
      "write_merges" : 3740,
      "read_ticks" : 4,
      "write_ticks" : 3078,
      "in_queue" : 3117,
      "util" : 0.593691
    }
  ]
}
