{
  "fio version" : "fio-3.39-26-ga72fe",
  "timestamp" : 1747132614,
  "timestamp_ms" : 1747132614604,
  "time" : "Tue May 13 10:36:54 2025",
  "global options" : {
    "write_iops_log" : "sea_1osd_28reactor_32fio_bal_osd_rc_1procs_randwrite",
    "write_bw_log" : "sea_1osd_28reactor_32fio_bal_osd_rc_1procs_randwrite",
    "write_lat_log" : "sea_1osd_28reactor_32fio_bal_osd_rc_1procs_randwrite",
    "ioengine" : "rbd",
    "bs" : "4k",
    "rw" : "randwrite",
    "direct" : "1",
    "runtime" : "5m",
    "time_based" : "",
    "group_reporting" : "",
    "ramp_time" : "30s",
    "thread" : "1",
    "iodepth" : "24",
    "clientname" : "admin",
    "pool" : "rbd"
  },
  "jobs" : [
    {
      "jobname" : "fio_test_0",
      "groupid" : 0,
      "job_start" : 1747132503596,
      "error" : 110,
      "eta" : 0,
      "elapsed" : 142,
      "job options" : {
        "max_latency" : "1s",
        "numjobs" : "1",
        "rbdname" : "fio_test_31"
      },
      "read" : {
        "io_bytes" : 0,
        "io_kbytes" : 0,
        "bw_bytes" : 0,
        "bw" : 0,
        "iops" : 0.000000,
        "runtime" : 0,
        "total_ios" : 0,
        "short_ios" : 0,
        "drop_ios" : 0,
        "slat_ns" : {
          "min" : 0,
          "max" : 0,
          "mean" : 0.000000,
          "stddev" : 0.000000,
          "N" : 0
        },
        "clat_ns" : {
          "min" : 0,
          "max" : 0,
          "mean" : 0.000000,
          "stddev" : 0.000000,
          "N" : 0
        },
        "lat_ns" : {
          "min" : 0,
          "max" : 0,
          "mean" : 0.000000,
          "stddev" : 0.000000,
          "N" : 0
        },
        "bw_min" : 0,
        "bw_max" : 0,
        "bw_agg" : 0.000000,
        "bw_mean" : 0.000000,
        "bw_dev" : 0.000000,
        "bw_samples" : 0,
        "iops_min" : 0,
        "iops_max" : 0,
        "iops_mean" : 0.000000,
        "iops_stddev" : 0.000000,
        "iops_samples" : 0
      },
      "write" : {
        "io_bytes" : 9708384256,
        "io_kbytes" : 9480844,
        "bw_bytes" : 88372923,
        "bw" : 86301,
        "iops" : 21568.721156,
        "runtime" : 109857,
        "total_ios" : 2369475,
        "short_ios" : 0,
        "drop_ios" : 0,
        "slat_ns" : {
          "min" : 1063,
          "max" : 172058,
          "mean" : 4045.042011,
          "stddev" : 2594.281097,
          "N" : 2369475
        },
        "clat_ns" : {
          "min" : 341861,
          "max" : 53905555438,
          "mean" : 10099959.751285,
          "stddev" : 508129658.862707,
          "N" : 2370211,
          "percentile" : {
            "1.000000" : 444416,
            "5.000000" : 561152,
            "10.000000" : 716800,
            "20.000000" : 978944,
            "30.000000" : 1253376,
            "40.000000" : 1531904,
            "50.000000" : 1859584,
            "60.000000" : 2211840,
            "70.000000" : 2736128,
            "80.000000" : 3686400,
            "90.000000" : 6193152,
            "95.000000" : 10813440,
            "99.000000" : 111673344,
            "99.500000" : 149946368,
            "99.900000" : 200278016,
            "99.950000" : 231735296,
            "99.990000" : 1216348160
          }
        },
        "lat_ns" : {
          "min" : 344397,
          "max" : 53905558484,
          "mean" : 10104004.719649,
          "stddev" : 508129692.800992,
          "N" : 2370211
        },
        "bw_min" : 69,
        "bw_max" : 277766,
        "bw_agg" : 71.523519,
        "bw_mean" : 61726.169775,
        "bw_dev" : 1964.262988,
        "bw_samples" : 2370211,
        "iops_min" : 32,
        "iops_max" : 32,
        "iops_mean" : 32.000000,
        "iops_stddev" : 0.000000,
        "iops_samples" : 2370211
      },
      "trim" : {
        "io_bytes" : 0,
        "io_kbytes" : 0,
        "bw_bytes" : 0,
        "bw" : 0,
        "iops" : 0.000000,
        "runtime" : 0,
        "total_ios" : 0,
        "short_ios" : 0,
        "drop_ios" : 0,
        "slat_ns" : {
          "min" : 0,
          "max" : 0,
          "mean" : 0.000000,
          "stddev" : 0.000000,
          "N" : 0
        },
        "clat_ns" : {
          "min" : 0,
          "max" : 0,
          "mean" : 0.000000,
          "stddev" : 0.000000,
          "N" : 0
        },
        "lat_ns" : {
          "min" : 0,
          "max" : 0,
          "mean" : 0.000000,
          "stddev" : 0.000000,
          "N" : 0
        },
        "bw_min" : 0,
        "bw_max" : 0,
        "bw_agg" : 0.000000,
        "bw_mean" : 0.000000,
        "bw_dev" : 0.000000,
        "bw_samples" : 0,
        "iops_min" : 0,
        "iops_max" : 0,
        "iops_mean" : 0.000000,
        "iops_stddev" : 0.000000,
        "iops_samples" : 0
      },
      "sync" : {
        "total_ios" : 0,
        "lat_ns" : {
          "min" : 0,
          "max" : 0,
          "mean" : 0.000000,
          "stddev" : 0.000000,
          "N" : 0
        }
      },
      "job_runtime" : 994697,
      "usr_cpu" : 1.341313,
      "sys_cpu" : 0.962705,
      "ctx" : 1604662,
      "majf" : 0,
      "minf" : 109782,
      "iodepth_level" : {
        "1" : 0.100000,
        "2" : 0.100000,
        "4" : 0.100000,
        "8" : 0.100000,
        "16" : 99.957586,
        "32" : 0.000000,
        ">=64" : 0.000000
      },
      "iodepth_submit" : {
        "0" : 0.000000,
        "4" : 100.000000,
        "8" : 0.000000,
        "16" : 0.000000,
        "32" : 0.000000,
        "64" : 0.000000,
        ">=64" : 0.000000
      },
      "iodepth_complete" : {
        "0" : 0.100000,
        "4" : 99.998650,
        "8" : 0.000000,
        "16" : 0.000000,
        "32" : 0.100000,
        "64" : 0.000000,
        ">=64" : 0.000000
      },
      "latency_ns" : {
        "2" : 0.000000,
        "4" : 0.000000,
        "10" : 0.000000,
        "20" : 0.000000,
        "50" : 0.000000,
        "100" : 0.000000,
        "250" : 0.000000,
        "500" : 0.000000,
        "750" : 0.000000,
        "1000" : 0.000000
      },
      "latency_us" : {
        "2" : 0.000000,
        "4" : 0.000000,
        "10" : 0.000000,
        "20" : 0.000000,
        "50" : 0.000000,
        "100" : 0.000000,
        "250" : 0.000000,
        "500" : 2.781544,
        "750" : 8.502770,
        "1000" : 9.476361
      },
      "latency_ms" : {
        "2" : 33.753511,
        "4" : 27.409363,
        "10" : 12.692221,
        "20" : 2.271094,
        "50" : 1.161185,
        "100" : 0.846390,
        "250" : 1.093618,
        "500" : 0.019793,
        "750" : 0.010000,
        "1000" : 0.010000,
        "2000" : 0.010000,
        ">=2000" : 0.010000
      },
      "latency_depth" : 24,
      "latency_target" : 0,
      "latency_percentile" : 100.000000,
      "latency_window" : 0
    }
  ],
  "disk_util" : [
    {
      "name" : "sda",
      "read_ios" : 12,
      "write_ios" : 4362,
      "read_sectors" : 112,
      "write_sectors" : 869008,
      "read_merges" : 0,
      "write_merges" : 5198,
      "read_ticks" : 5,
      "write_ticks" : 6918,
      "in_queue" : 6969,
      "util" : 0.731089
    }
  ]
}
