{
  "fio version" : "fio-3.39-26-ga72fe",
  "timestamp" : 1747131572,
  "timestamp_ms" : 1747131572053,
  "time" : "Tue May 13 10:19:32 2025",
  "global options" : {
    "write_iops_log" : "sea_1osd_28reactor_32fio_bal_osd_rc_1procs_randwrite",
    "write_bw_log" : "sea_1osd_28reactor_32fio_bal_osd_rc_1procs_randwrite",
    "write_lat_log" : "sea_1osd_28reactor_32fio_bal_osd_rc_1procs_randwrite",
    "ioengine" : "rbd",
    "bs" : "4k",
    "rw" : "randwrite",
    "direct" : "1",
    "runtime" : "5m",
    "time_based" : "",
    "group_reporting" : "",
    "ramp_time" : "30s",
    "thread" : "1",
    "iodepth" : "1",
    "clientname" : "admin",
    "pool" : "rbd"
  },
  "jobs" : [
    {
      "jobname" : "fio_test_0",
      "groupid" : 0,
      "job_start" : 1747131527293,
      "error" : 110,
      "eta" : 0,
      "elapsed" : 106,
      "job options" : {
        "max_latency" : "1s",
        "numjobs" : "1",
        "rbdname" : "fio_test_31"
      },
      "read" : {
        "io_bytes" : 0,
        "io_kbytes" : 0,
        "bw_bytes" : 0,
        "bw" : 0,
        "iops" : 0.000000,
        "runtime" : 0,
        "total_ios" : 0,
        "short_ios" : 0,
        "drop_ios" : 0,
        "slat_ns" : {
          "min" : 0,
          "max" : 0,
          "mean" : 0.000000,
          "stddev" : 0.000000,
          "N" : 0
        },
        "clat_ns" : {
          "min" : 0,
          "max" : 0,
          "mean" : 0.000000,
          "stddev" : 0.000000,
          "N" : 0
        },
        "lat_ns" : {
          "min" : 0,
          "max" : 0,
          "mean" : 0.000000,
          "stddev" : 0.000000,
          "N" : 0
        },
        "bw_min" : 0,
        "bw_max" : 0,
        "bw_agg" : 0.000000,
        "bw_mean" : 0.000000,
        "bw_dev" : 0.000000,
        "bw_samples" : 0,
        "iops_min" : 0,
        "iops_max" : 0,
        "iops_mean" : 0.000000,
        "iops_stddev" : 0.000000,
        "iops_samples" : 0
      },
      "write" : {
        "io_bytes" : 84738048,
        "io_kbytes" : 82752,
        "bw_bytes" : 1895069,
        "bw" : 1850,
        "iops" : 462.663536,
        "runtime" : 44715,
        "total_ios" : 20688,
        "short_ios" : 0,
        "drop_ios" : 0,
        "slat_ns" : {
          "min" : 2126,
          "max" : 44414,
          "mean" : 4865.963070,
          "stddev" : 3089.746403,
          "N" : 20688
        },
        "clat_ns" : {
          "min" : 361088,
          "max" : 44017161378,
          "mean" : 68786470.645447,
          "stddev" : 1718761252.310748,
          "N" : 20688,
          "percentile" : {
            "1.000000" : 411648,
            "5.000000" : 448512,
            "10.000000" : 485376,
            "20.000000" : 544768,
            "30.000000" : 634880,
            "40.000000" : 741376,
            "50.000000" : 831488,
            "60.000000" : 970752,
            "70.000000" : 1138688,
            "80.000000" : 1384448,
            "90.000000" : 1957888,
            "95.000000" : 2965504,
            "99.000000" : 5537792,
            "99.500000" : 7503872,
            "99.900000" : 17112760320,
            "99.950000" : 17112760320,
            "99.990000" : 17112760320
          }
        },
        "lat_ns" : {
          "min" : 363966,
          "max" : 44017163968,
          "mean" : 68791336.608517,
          "stddev" : 1718761363.705240,
          "N" : 20688
        },
        "bw_min" : 0,
        "bw_max" : 342366,
        "bw_agg" : 100.000000,
        "bw_mean" : 163372.973896,
        "bw_dev" : 2363.855320,
        "bw_samples" : 20688,
        "iops_min" : 32,
        "iops_max" : 32,
        "iops_mean" : 32.000000,
        "iops_stddev" : 0.000000,
        "iops_samples" : 20688
      },
      "trim" : {
        "io_bytes" : 0,
        "io_kbytes" : 0,
        "bw_bytes" : 0,
        "bw" : 0,
        "iops" : 0.000000,
        "runtime" : 0,
        "total_ios" : 0,
        "short_ios" : 0,
        "drop_ios" : 0,
        "slat_ns" : {
          "min" : 0,
          "max" : 0,
          "mean" : 0.000000,
          "stddev" : 0.000000,
          "N" : 0
        },
        "clat_ns" : {
          "min" : 0,
          "max" : 0,
          "mean" : 0.000000,
          "stddev" : 0.000000,
          "N" : 0
        },
        "lat_ns" : {
          "min" : 0,
          "max" : 0,
          "mean" : 0.000000,
          "stddev" : 0.000000,
          "N" : 0
        },
        "bw_min" : 0,
        "bw_max" : 0,
        "bw_agg" : 0.000000,
        "bw_mean" : 0.000000,
        "bw_dev" : 0.000000,
        "bw_samples" : 0,
        "iops_min" : 0,
        "iops_max" : 0,
        "iops_mean" : 0.000000,
        "iops_stddev" : 0.000000,
        "iops_samples" : 0
      },
      "sync" : {
        "total_ios" : 0,
        "lat_ns" : {
          "min" : 0,
          "max" : 0,
          "mean" : 0.000000,
          "stddev" : 0.000000,
          "N" : 0
        }
      },
      "job_runtime" : 1423181,
      "usr_cpu" : 0.010961,
      "sys_cpu" : 0.006464,
      "ctx" : 20697,
      "majf" : 0,
      "minf" : 1335,
      "iodepth_level" : {
        "1" : 100.000000,
        "2" : 0.000000,
        "4" : 0.000000,
        "8" : 0.000000,
        "16" : 0.000000,
        "32" : 0.000000,
        ">=64" : 0.000000
      },
      "iodepth_submit" : {
        "0" : 0.000000,
        "4" : 100.000000,
        "8" : 0.000000,
        "16" : 0.000000,
        "32" : 0.000000,
        "64" : 0.000000,
        ">=64" : 0.000000
      },
      "iodepth_complete" : {
        "0" : 0.100000,
        "4" : 99.922720,
        "8" : 0.000000,
        "16" : 0.000000,
        "32" : 0.000000,
        "64" : 0.000000,
        ">=64" : 0.000000
      },
      "latency_ns" : {
        "2" : 0.000000,
        "4" : 0.000000,
        "10" : 0.000000,
        "20" : 0.000000,
        "50" : 0.000000,
        "100" : 0.000000,
        "250" : 0.000000,
        "500" : 0.000000,
        "750" : 0.000000,
        "1000" : 0.000000
      },
      "latency_us" : {
        "2" : 0.000000,
        "4" : 0.000000,
        "10" : 0.000000,
        "20" : 0.000000,
        "50" : 0.000000,
        "100" : 0.000000,
        "250" : 0.000000,
        "500" : 12.819026,
        "750" : 28.364269,
        "1000" : 21.200696
      },
      "latency_ms" : {
        "2" : 27.987239,
        "4" : 7.047564,
        "10" : 2.257347,
        "20" : 0.072506,
        "50" : 0.096674,
        "100" : 0.000000,
        "250" : 0.000000,
        "500" : 0.000000,
        "750" : 0.000000,
        "1000" : 0.000000,
        "2000" : 0.000000,
        ">=2000" : 0.154679
      },
      "latency_depth" : 1,
      "latency_target" : 0,
      "latency_percentile" : 100.000000,
      "latency_window" : 0
    }
  ],
  "disk_util" : [
    {
      "name" : "sda",
      "read_ios" : 14,
      "write_ios" : 2854,
      "read_sectors" : 144,
      "write_sectors" : 136864,
      "read_merges" : 0,
      "write_merges" : 3699,
      "read_ticks" : 5,
      "write_ticks" : 1081,
      "in_queue" : 1116,
      "util" : 0.256964
    }
  ]
}
