{
  "fio version" : "fio-3.39-26-ga72fe",
  "timestamp" : 1747132758,
  "timestamp_ms" : 1747132758094,
  "time" : "Tue May 13 10:39:18 2025",
  "global options" : {
    "write_iops_log" : "sea_1osd_28reactor_32fio_bal_osd_rc_1procs_randwrite",
    "write_bw_log" : "sea_1osd_28reactor_32fio_bal_osd_rc_1procs_randwrite",
    "write_lat_log" : "sea_1osd_28reactor_32fio_bal_osd_rc_1procs_randwrite",
    "ioengine" : "rbd",
    "bs" : "4k",
    "rw" : "randwrite",
    "direct" : "1",
    "runtime" : "5m",
    "time_based" : "",
    "group_reporting" : "",
    "ramp_time" : "30s",
    "thread" : "1",
    "iodepth" : "32",
    "clientname" : "admin",
    "pool" : "rbd"
  },
  "jobs" : [
    {
      "jobname" : "fio_test_0",
      "groupid" : 0,
      "job_start" : 1747132708216,
      "error" : 110,
      "eta" : 0,
      "elapsed" : 81,
      "job options" : {
        "max_latency" : "1s",
        "numjobs" : "1",
        "rbdname" : "fio_test_31"
      },
      "read" : {
        "io_bytes" : 0,
        "io_kbytes" : 0,
        "bw_bytes" : 0,
        "bw" : 0,
        "iops" : 0.000000,
        "runtime" : 0,
        "total_ios" : 0,
        "short_ios" : 0,
        "drop_ios" : 0,
        "slat_ns" : {
          "min" : 0,
          "max" : 0,
          "mean" : 0.000000,
          "stddev" : 0.000000,
          "N" : 0
        },
        "clat_ns" : {
          "min" : 0,
          "max" : 0,
          "mean" : 0.000000,
          "stddev" : 0.000000,
          "N" : 0
        },
        "lat_ns" : {
          "min" : 0,
          "max" : 0,
          "mean" : 0.000000,
          "stddev" : 0.000000,
          "N" : 0
        },
        "bw_min" : 0,
        "bw_max" : 0,
        "bw_agg" : 0.000000,
        "bw_mean" : 0.000000,
        "bw_dev" : 0.000000,
        "bw_samples" : 0,
        "iops_min" : 0,
        "iops_max" : 0,
        "iops_mean" : 0.000000,
        "iops_stddev" : 0.000000,
        "iops_samples" : 0
      },
      "write" : {
        "io_bytes" : 5779456,
        "io_kbytes" : 5644,
        "bw_bytes" : 115978,
        "bw" : 113,
        "iops" : 8.408252,
        "runtime" : 49832,
        "total_ios" : 419,
        "short_ios" : 0,
        "drop_ios" : 0,
        "slat_ns" : {
          "min" : 1795,
          "max" : 31772,
          "mean" : 9824.773270,
          "stddev" : 6292.159726,
          "N" : 419
        },
        "clat_ns" : {
          "min" : 462242,
          "max" : 51715681112,
          "mean" : 35309910691.918488,
          "stddev" : 22885205116.899975,
          "N" : 1411,
          "percentile" : {
            "1.000000" : 667648,
            "5.000000" : 995328,
            "10.000000" : 1531904,
            "20.000000" : 4227072,
            "30.000000" : 17112760320,
            "40.000000" : 17112760320,
            "50.000000" : 17112760320,
            "60.000000" : 17112760320,
            "70.000000" : 17112760320,
            "80.000000" : 17112760320,
            "90.000000" : 17112760320,
            "95.000000" : 17112760320,
            "99.000000" : 17112760320,
            "99.500000" : 17112760320,
            "99.900000" : 17112760320,
            "99.950000" : 17112760320,
            "99.990000" : 17112760320
          }
        },
        "lat_ns" : {
          "min" : 467726,
          "max" : 51715685078,
          "mean" : 35309917193.663368,
          "stddev" : 22885203233.211510,
          "N" : 1411
        },
        "bw_min" : 0,
        "bw_max" : 123552,
        "bw_agg" : 100.000000,
        "bw_mean" : 16769.820922,
        "bw_dev" : 1289.925791,
        "bw_samples" : 1411,
        "iops_min" : 32,
        "iops_max" : 32,
        "iops_mean" : 32.000000,
        "iops_stddev" : 0.000000,
        "iops_samples" : 1411
      },
      "trim" : {
        "io_bytes" : 0,
        "io_kbytes" : 0,
        "bw_bytes" : 0,
        "bw" : 0,
        "iops" : 0.000000,
        "runtime" : 0,
        "total_ios" : 0,
        "short_ios" : 0,
        "drop_ios" : 0,
        "slat_ns" : {
          "min" : 0,
          "max" : 0,
          "mean" : 0.000000,
          "stddev" : 0.000000,
          "N" : 0
        },
        "clat_ns" : {
          "min" : 0,
          "max" : 0,
          "mean" : 0.000000,
          "stddev" : 0.000000,
          "N" : 0
        },
        "lat_ns" : {
          "min" : 0,
          "max" : 0,
          "mean" : 0.000000,
          "stddev" : 0.000000,
          "N" : 0
        },
        "bw_min" : 0,
        "bw_max" : 0,
        "bw_agg" : 0.000000,
        "bw_mean" : 0.000000,
        "bw_dev" : 0.000000,
        "bw_samples" : 0,
        "iops_min" : 0,
        "iops_max" : 0,
        "iops_mean" : 0.000000,
        "iops_stddev" : 0.000000,
        "iops_samples" : 0
      },
      "sync" : {
        "total_ios" : 0,
        "lat_ns" : {
          "min" : 0,
          "max" : 0,
          "mean" : 0.000000,
          "stddev" : 0.000000,
          "N" : 0
        }
      },
      "job_runtime" : 1536669,
      "usr_cpu" : 0.000325,
      "sys_cpu" : 0.000195,
      "ctx" : 1295,
      "majf" : 0,
      "minf" : 1598,
      "iodepth_level" : {
        "1" : 0.000000,
        "2" : 0.000000,
        "4" : 0.000000,
        "8" : 0.000000,
        "16" : 0.000000,
        "32" : 100.000000,
        ">=64" : 0.000000
      },
      "iodepth_submit" : {
        "0" : 0.000000,
        "4" : 100.000000,
        "8" : 0.000000,
        "16" : 0.000000,
        "32" : 0.000000,
        "64" : 0.000000,
        ">=64" : 0.000000
      },
      "iodepth_complete" : {
        "0" : 3.547672,
        "4" : 92.904656,
        "8" : 0.000000,
        "16" : 0.000000,
        "32" : 3.547672,
        "64" : 0.000000,
        ">=64" : 0.000000
      },
      "latency_ns" : {
        "2" : 0.000000,
        "4" : 0.000000,
        "10" : 0.000000,
        "20" : 0.000000,
        "50" : 0.000000,
        "100" : 0.000000,
        "250" : 0.000000,
        "500" : 0.000000,
        "750" : 0.000000,
        "1000" : 0.000000
      },
      "latency_us" : {
        "2" : 0.000000,
        "4" : 0.000000,
        "10" : 0.000000,
        "20" : 0.000000,
        "50" : 0.000000,
        "100" : 0.000000,
        "250" : 0.000000,
        "500" : 0.715990,
        "750" : 6.682578,
        "1000" : 9.546539
      },
      "latency_ms" : {
        "2" : 27.923628,
        "4" : 21.479714,
        "10" : 14.797136,
        "20" : 5.727924,
        "50" : 0.715990,
        "100" : 2.863962,
        "250" : 2.147971,
        "500" : 0.000000,
        "750" : 0.000000,
        "1000" : 0.000000,
        "2000" : 7.398568,
        ">=2000" : 236.754177
      },
      "latency_depth" : 32,
      "latency_target" : 0,
      "latency_percentile" : 100.000000,
      "latency_window" : 0
    }
  ],
  "disk_util" : [
    {
      "name" : "sda",
      "read_ios" : 15,
      "write_ios" : 2174,
      "read_sectors" : 136,
      "write_sectors" : 173112,
      "read_merges" : 0,
      "write_merges" : 2858,
      "read_ticks" : 7,
      "write_ticks" : 1941,
      "in_queue" : 1970,
      "util" : 0.328873
    }
  ]
}
