{
  "fio version" : "fio-3.39-26-ga72fe",
  "timestamp" : 1747133261,
  "timestamp_ms" : 1747133261908,
  "time" : "Tue May 13 10:47:41 2025",
  "global options" : {
    "write_iops_log" : "sea_1osd_28reactor_32fio_bal_osd_rc_1procs_randwrite",
    "write_bw_log" : "sea_1osd_28reactor_32fio_bal_osd_rc_1procs_randwrite",
    "write_lat_log" : "sea_1osd_28reactor_32fio_bal_osd_rc_1procs_randwrite",
    "ioengine" : "rbd",
    "bs" : "4k",
    "rw" : "randwrite",
    "direct" : "1",
    "runtime" : "5m",
    "time_based" : "",
    "group_reporting" : "",
    "ramp_time" : "30s",
    "thread" : "1",
    "iodepth" : "64",
    "clientname" : "admin",
    "pool" : "rbd"
  },
  "jobs" : [
    {
      "jobname" : "fio_test_0",
      "groupid" : 0,
      "job_start" : 1747133261403,
      "error" : 110,
      "eta" : 0,
      "elapsed" : 31,
      "job options" : {
        "max_latency" : "1s",
        "numjobs" : "1",
        "rbdname" : "fio_test_31"
      },
      "read" : {
        "io_bytes" : 0,
        "io_kbytes" : 0,
        "bw_bytes" : 0,
        "bw" : 0,
        "iops" : 0.000000,
        "runtime" : 0,
        "total_ios" : 0,
        "short_ios" : 0,
        "drop_ios" : 0,
        "slat_ns" : {
          "min" : 0,
          "max" : 0,
          "mean" : 0.000000,
          "stddev" : 0.000000,
          "N" : 0
        },
        "clat_ns" : {
          "min" : 0,
          "max" : 0,
          "mean" : 0.000000,
          "stddev" : 0.000000,
          "N" : 0
        },
        "lat_ns" : {
          "min" : 0,
          "max" : 0,
          "mean" : 0.000000,
          "stddev" : 0.000000,
          "N" : 0
        },
        "bw_min" : 0,
        "bw_max" : 0,
        "bw_agg" : 0.000000,
        "bw_mean" : 0.000000,
        "bw_dev" : 0.000000,
        "bw_samples" : 0,
        "iops_min" : 0,
        "iops_max" : 0,
        "iops_mean" : 0.000000,
        "iops_stddev" : 0.000000,
        "iops_samples" : 0
      },
      "write" : {
        "io_bytes" : 19705856,
        "io_kbytes" : 19244,
        "bw_bytes" : 42745891,
        "bw" : 41744,
        "iops" : 6062.906725,
        "runtime" : 461,
        "total_ios" : 2795,
        "short_ios" : 0,
        "drop_ios" : 0,
        "slat_ns" : {
          "min" : 1329,
          "max" : 29367,
          "mean" : 4447.695886,
          "stddev" : 2796.857337,
          "N" : 2795
        },
        "clat_ns" : {
          "min" : 350075,
          "max" : 2258835810,
          "mean" : 436459409.054874,
          "stddev" : 599567639.368840,
          "N" : 4811,
          "percentile" : {
            "1.000000" : 419840,
            "5.000000" : 528384,
            "10.000000" : 708608,
            "20.000000" : 1056768,
            "30.000000" : 1564672,
            "40.000000" : 2441216,
            "50.000000" : 5210112,
            "60.000000" : 425721856,
            "70.000000" : 608174080,
            "80.000000" : 926941184,
            "90.000000" : 1417674752,
            "95.000000" : 1736441856,
            "99.000000" : 2139095040,
            "99.500000" : 2197815296,
            "99.900000" : 2231369728,
            "99.950000" : 2264924160,
            "99.990000" : 2264924160
          }
        },
        "lat_ns" : {
          "min" : 353215,
          "max" : 2258839925,
          "mean" : 436463718.219289,
          "stddev" : 599567511.158325,
          "N" : 4811
        },
        "bw_min" : 35,
        "bw_max" : 217520,
        "bw_agg" : 95.548983,
        "bw_mean" : 39886.025250,
        "bw_dev" : 2179.477661,
        "bw_samples" : 4811,
        "iops_min" : 32,
        "iops_max" : 32,
        "iops_mean" : 32.000000,
        "iops_stddev" : 0.000000,
        "iops_samples" : 4811
      },
      "trim" : {
        "io_bytes" : 0,
        "io_kbytes" : 0,
        "bw_bytes" : 0,
        "bw" : 0,
        "iops" : 0.000000,
        "runtime" : 0,
        "total_ios" : 0,
        "short_ios" : 0,
        "drop_ios" : 0,
        "slat_ns" : {
          "min" : 0,
          "max" : 0,
          "mean" : 0.000000,
          "stddev" : 0.000000,
          "N" : 0
        },
        "clat_ns" : {
          "min" : 0,
          "max" : 0,
          "mean" : 0.000000,
          "stddev" : 0.000000,
          "N" : 0
        },
        "lat_ns" : {
          "min" : 0,
          "max" : 0,
          "mean" : 0.000000,
          "stddev" : 0.000000,
          "N" : 0
        },
        "bw_min" : 0,
        "bw_max" : 0,
        "bw_agg" : 0.000000,
        "bw_mean" : 0.000000,
        "bw_dev" : 0.000000,
        "bw_samples" : 0,
        "iops_min" : 0,
        "iops_max" : 0,
        "iops_mean" : 0.000000,
        "iops_stddev" : 0.000000,
        "iops_samples" : 0
      },
      "sync" : {
        "total_ios" : 0,
        "lat_ns" : {
          "min" : 0,
          "max" : 0,
          "mean" : 0.000000,
          "stddev" : 0.000000,
          "N" : 0
        }
      },
      "job_runtime" : 14368,
      "usr_cpu" : 0.139198,
      "sys_cpu" : 0.125278,
      "ctx" : 4043,
      "majf" : 0,
      "minf" : 1649,
      "iodepth_level" : {
        "1" : 0.000000,
        "2" : 0.000000,
        "4" : 0.000000,
        "8" : 0.000000,
        "16" : 0.000000,
        "32" : 0.000000,
        ">=64" : 100.000000
      },
      "iodepth_submit" : {
        "0" : 0.000000,
        "4" : 100.000000,
        "8" : 0.000000,
        "16" : 0.000000,
        "32" : 0.000000,
        "64" : 0.000000,
        ">=64" : 0.000000
      },
      "iodepth_complete" : {
        "0" : 0.565971,
        "4" : 98.868058,
        "8" : 0.000000,
        "16" : 0.000000,
        "32" : 0.000000,
        "64" : 0.565971,
        ">=64" : 0.000000
      },
      "latency_ns" : {
        "2" : 0.000000,
        "4" : 0.000000,
        "10" : 0.000000,
        "20" : 0.000000,
        "50" : 0.000000,
        "100" : 0.000000,
        "250" : 0.000000,
        "500" : 0.000000,
        "750" : 0.000000,
        "1000" : 0.000000
      },
      "latency_us" : {
        "2" : 0.000000,
        "4" : 0.000000,
        "10" : 0.000000,
        "20" : 0.000000,
        "50" : 0.000000,
        "100" : 0.000000,
        "250" : 0.000000,
        "500" : 6.690519,
        "750" : 12.522361,
        "1000" : 13.416816
      },
      "latency_ms" : {
        "2" : 28.944544,
        "4" : 19.534884,
        "10" : 10.554562,
        "20" : 2.110912,
        "50" : 1.753131,
        "100" : 0.966011,
        "250" : 0.429338,
        "500" : 16.744186,
        "750" : 15.205725,
        "1000" : 12.057245,
        "2000" : 27.406082,
        ">=2000" : 3.792487
      },
      "latency_depth" : 64,
      "latency_target" : 0,
      "latency_percentile" : 100.000000,
      "latency_window" : 0
    }
  ],
  "disk_util" : [
    {
      "name" : "sda",
      "read_ios" : 0,
      "write_ios" : 775,
      "read_sectors" : 0,
      "write_sectors" : 24736,
      "read_merges" : 0,
      "write_merges" : 1037,
      "read_ticks" : 0,
      "write_ticks" : 183,
      "in_queue" : 193,
      "util" : 0.220765
    }
  ]
}
