{
    "metrics": [
        {
            "reactor_utilization": {
                "shard": "0",
                "value": 9.1834443399999905
            }
        },
        {
            "reactor_utilization": {
                "shard": "1",
                "value": 9.0205248799999911
            }
        },
        {
            "reactor_utilization": {
                "shard": "2",
                "value": 6.8347318800000334
            }
        },
        {
            "reactor_utilization": {
                "shard": "3",
                "value": 7.907437700000008
            }
        },
        {
            "reactor_utilization": {
                "shard": "4",
                "value": 6.7602261600000269
            }
        },
        {
            "reactor_utilization": {
                "shard": "5",
                "value": 15.022820140000015
            }
        },
        {
            "reactor_utilization": {
                "shard": "6",
                "value": 8.6860317400000007
            }
        },
        {
            "reactor_utilization": {
                "shard": "7",
                "value": 9.4771269600000032
            }
        },
        {
            "reactor_utilization": {
                "shard": "8",
                "value": 12.093350140000025
            }
        },
        {
            "reactor_utilization": {
                "shard": "9",
                "value": 12.356013979999991
            }
        },
        {
            "reactor_utilization": {
                "shard": "10",
                "value": 8.7135916799999986
            }
        },
        {
            "reactor_utilization": {
                "shard": "11",
                "value": 5.3277408199999821
            }
        },
        {
            "reactor_utilization": {
                "shard": "12",
                "value": 12.189358639999991
            }
        },
        {
            "reactor_utilization": {
                "shard": "13",
                "value": 9.3482295799999999
            }
        },
        {
            "reactor_utilization": {
                "shard": "14",
                "value": 8.5243397800000018
            }
        },
        {
            "reactor_utilization": {
                "shard": "15",
                "value": 11.154446880000036
            }
        },
        {
            "reactor_utilization": {
                "shard": "16",
                "value": 10.954314460000003
            }
        },
        {
            "reactor_utilization": {
                "shard": "17",
                "value": 2.3663797200000003
            }
        },
        {
            "reactor_utilization": {
                "shard": "18",
                "value": 10.600573039999993
            }
        },
        {
            "reactor_utilization": {
                "shard": "19",
                "value": 6.5220794199999821
            }
        },
        {
            "reactor_utilization": {
                "shard": "20",
                "value": 4.2075898200000017
            }
        },
        {
            "reactor_utilization": {
                "shard": "21",
                "value": 7.9112185399999868
            }
        },
        {
            "reactor_utilization": {
                "shard": "22",
                "value": 4.7257731800000258
            }
        },
        {
            "reactor_utilization": {
                "shard": "23",
                "value": 4.1531715199999875
            }
        },
        {
            "reactor_utilization": {
                "shard": "24",
                "value": 9.6733695200000085
            }
        },
        {
            "reactor_utilization": {
                "shard": "25",
                "value": 2.3999117799999858
            }
        },
        {
            "reactor_utilization": {
                "shard": "26",
                "value": 2.3814926400000158
            }
        },
        {
            "reactor_utilization": {
                "shard": "27",
                "value": 2.3700259199999962
            }
        }
    ]
}
{
    "metrics": [
        {
            "reactor_utilization": {
                "shard": "0",
                "value": 0.51998940000000937
            }
        },
        {
            "reactor_utilization": {
                "shard": "1",
                "value": 0.39125328000001458
            }
        },
        {
            "reactor_utilization": {
                "shard": "2",
                "value": 0.39329064000002134
            }
        },
        {
            "reactor_utilization": {
                "shard": "3",
                "value": 0.41704614000002138
            }
        },
        {
            "reactor_utilization": {
                "shard": "4",
                "value": 0.50496037999998578
            }
        },
        {
            "reactor_utilization": {
                "shard": "5",
                "value": 0.53122029999999043
            }
        },
        {
            "reactor_utilization": {
                "shard": "6",
                "value": 0.51486766000004014
            }
        },
        {
            "reactor_utilization": {
                "shard": "7",
                "value": 0.40729397999996753
            }
        },
        {
            "reactor_utilization": {
                "shard": "8",
                "value": 0.50735721999999317
            }
        },
        {
            "reactor_utilization": {
                "shard": "9",
                "value": 0.4095016600000112
            }
        },
        {
            "reactor_utilization": {
                "shard": "10",
                "value": 0.50674564000000588
            }
        },
        {
            "reactor_utilization": {
                "shard": "11",
                "value": 0.37732479999998958
            }
        },
        {
            "reactor_utilization": {
                "shard": "12",
                "value": 0.39526082000000962
            }
        },
        {
            "reactor_utilization": {
                "shard": "13",
                "value": 0.40373596000002898
            }
        },
        {
            "reactor_utilization": {
                "shard": "14",
                "value": 0.42521444000002129
            }
        },
        {
            "reactor_utilization": {
                "shard": "15",
                "value": 0.45628657999998712
            }
        },
        {
            "reactor_utilization": {
                "shard": "16",
                "value": 0.39788893999995745
            }
        },
        {
            "reactor_utilization": {
                "shard": "17",
                "value": 0.45418832000001519
            }
        },
        {
            "reactor_utilization": {
                "shard": "18",
                "value": 0.35172929999998104
            }
        },
        {
            "reactor_utilization": {
                "shard": "19",
                "value": 0.35621110000001455
            }
        },
        {
            "reactor_utilization": {
                "shard": "20",
                "value": 0.34716729999999529
            }
        },
        {
            "reactor_utilization": {
                "shard": "21",
                "value": 0.3539606199999934
            }
        },
        {
            "reactor_utilization": {
                "shard": "22",
                "value": 0.37315679999998519
            }
        },
        {
            "reactor_utilization": {
                "shard": "23",
                "value": 0.354751480000004
            }
        },
        {
            "reactor_utilization": {
                "shard": "24",
                "value": 0.35985678000001187
            }
        },
        {
            "reactor_utilization": {
                "shard": "25",
                "value": 0.3558243000000294
            }
        },
        {
            "reactor_utilization": {
                "shard": "26",
                "value": 0.35046176000000928
            }
        },
        {
            "reactor_utilization": {
                "shard": "27",
                "value": 0.36222919999998604
            }
        }
    ]
}
{
    "metrics": [
        {
            "reactor_utilization": {
                "shard": "0",
                "value": 0.41353775999999343
            }
        },
        {
            "reactor_utilization": {
                "shard": "1",
                "value": 0.092369120000013183
            }
        },
        {
            "reactor_utilization": {
                "shard": "2",
                "value": 0.11125996000000971
            }
        },
        {
            "reactor_utilization": {
                "shard": "3",
                "value": 0.20276044000000493
            }
        },
        {
            "reactor_utilization": {
                "shard": "4",
                "value": 0.12234265999999661
            }
        },
        {
            "reactor_utilization": {
                "shard": "5",
                "value": 0.056699259999981599
            }
        },
        {
            "reactor_utilization": {
                "shard": "6",
                "value": 0.21673300000002449
            }
        },
        {
            "reactor_utilization": {
                "shard": "7",
                "value": 0.14442105999997734
            }
        },
        {
            "reactor_utilization": {
                "shard": "8",
                "value": 0.054664939999993223
            }
        },
        {
            "reactor_utilization": {
                "shard": "9",
                "value": 0.061402540000010664
            }
        },
        {
            "reactor_utilization": {
                "shard": "10",
                "value": 0.060923059999984375
            }
        },
        {
            "reactor_utilization": {
                "shard": "11",
                "value": 0.076575719999993908
            }
        },
        {
            "reactor_utilization": {
                "shard": "12",
                "value": 0.14585099999997464
            }
        },
        {
            "reactor_utilization": {
                "shard": "13",
                "value": 0.064732640000020325
            }
        },
        {
            "reactor_utilization": {
                "shard": "14",
                "value": 0.049426660000029266
            }
        },
        {
            "reactor_utilization": {
                "shard": "15",
                "value": 0.09699907999998203
            }
        },
        {
            "reactor_utilization": {
                "shard": "16",
                "value": 0.11152481999996411
            }
        },
        {
            "reactor_utilization": {
                "shard": "17",
                "value": 0.098644440000006384
            }
        },
        {
            "reactor_utilization": {
                "shard": "18",
                "value": 0.088844299999968346
            }
        },
        {
            "reactor_utilization": {
                "shard": "19",
                "value": 0.058356320000019224
            }
        },
        {
            "reactor_utilization": {
                "shard": "20",
                "value": 0.067732880000015427
            }
        },
        {
            "reactor_utilization": {
                "shard": "21",
                "value": 0.066925679999996213
            }
        },
        {
            "reactor_utilization": {
                "shard": "22",
                "value": 0.083862459999994865
            }
        },
        {
            "reactor_utilization": {
                "shard": "23",
                "value": 0.072692520000017247
            }
        },
        {
            "reactor_utilization": {
                "shard": "24",
                "value": 0.085105460000023392
            }
        },
        {
            "reactor_utilization": {
                "shard": "25",
                "value": 0.04620972000000112
            }
        },
        {
            "reactor_utilization": {
                "shard": "26",
                "value": 0.047077300000009092
            }
        },
        {
            "reactor_utilization": {
                "shard": "27",
                "value": 0.077216479999986376
            }
        }
    ]
}
{
    "metrics": [
        {
            "reactor_utilization": {
                "shard": "0",
                "value": 0.092724279999989445
            }
        },
        {
            "reactor_utilization": {
                "shard": "1",
                "value": 0.021150260000013521
            }
        },
        {
            "reactor_utilization": {
                "shard": "2",
                "value": 0.023118860000015395
            }
        },
        {
            "reactor_utilization": {
                "shard": "3",
                "value": 0.021214059999996593
            }
        },
        {
            "reactor_utilization": {
                "shard": "4",
                "value": 0.033776820000008811
            }
        },
        {
            "reactor_utilization": {
                "shard": "5",
                "value": 0.050908059999976718
            }
        },
        {
            "reactor_utilization": {
                "shard": "6",
                "value": 0.03608876000001926
            }
        },
        {
            "reactor_utilization": {
                "shard": "7",
                "value": 0.021454779999996454
            }
        },
        {
            "reactor_utilization": {
                "shard": "8",
                "value": 0.043383579999989319
            }
        },
        {
            "reactor_utilization": {
                "shard": "9",
                "value": 0.023029819999997869
            }
        },
        {
            "reactor_utilization": {
                "shard": "10",
                "value": 0.036061279999999307
            }
        },
        {
            "reactor_utilization": {
                "shard": "11",
                "value": 0.020358659999986095
            }
        },
        {
            "reactor_utilization": {
                "shard": "12",
                "value": 0.027480099999965812
            }
        },
        {
            "reactor_utilization": {
                "shard": "13",
                "value": 0.025073100000028159
            }
        },
        {
            "reactor_utilization": {
                "shard": "14",
                "value": 0.022256420000021926
            }
        },
        {
            "reactor_utilization": {
                "shard": "15",
                "value": 0.033471979999966095
            }
        },
        {
            "reactor_utilization": {
                "shard": "16",
                "value": 0.024721479999967322
            }
        },
        {
            "reactor_utilization": {
                "shard": "17",
                "value": 0.038851340000012335
            }
        },
        {
            "reactor_utilization": {
                "shard": "18",
                "value": 0.022263899999963588
            }
        },
        {
            "reactor_utilization": {
                "shard": "19",
                "value": 0.022931560000039042
            }
        },
        {
            "reactor_utilization": {
                "shard": "20",
                "value": 0.022865960000006957
            }
        },
        {
            "reactor_utilization": {
                "shard": "21",
                "value": 0.024414579999998409
            }
        },
        {
            "reactor_utilization": {
                "shard": "22",
                "value": 0.024065519999993956
            }
        },
        {
            "reactor_utilization": {
                "shard": "23",
                "value": 0.023241620000025165
            }
        },
        {
            "reactor_utilization": {
                "shard": "24",
                "value": 0.023071140000019419
            }
        },
        {
            "reactor_utilization": {
                "shard": "25",
                "value": 0.021242440000013296
            }
        },
        {
            "reactor_utilization": {
                "shard": "26",
                "value": 0.025121240000003375
            }
        },
        {
            "reactor_utilization": {
                "shard": "27",
                "value": 0.025304300000006386
            }
        }
    ]
}
{
    "metrics": [
        {
            "reactor_utilization": {
                "shard": "0",
                "value": 0.10207711999999924
            }
        },
        {
            "reactor_utilization": {
                "shard": "1",
                "value": 0.031648240000015093
            }
        },
        {
            "reactor_utilization": {
                "shard": "2",
                "value": 0.03618326000000005
            }
        },
        {
            "reactor_utilization": {
                "shard": "3",
                "value": 0.031878759999992567
            }
        },
        {
            "reactor_utilization": {
                "shard": "4",
                "value": 0.03195067999999246
            }
        },
        {
            "reactor_utilization": {
                "shard": "5",
                "value": 0.045685939999984271
            }
        },
        {
            "reactor_utilization": {
                "shard": "6",
                "value": 0.032344080000012987
            }
        },
        {
            "reactor_utilization": {
                "shard": "7",
                "value": 0.036797479999983729
            }
        },
        {
            "reactor_utilization": {
                "shard": "8",
                "value": 0.041464479999975268
            }
        },
        {
            "reactor_utilization": {
                "shard": "9",
                "value": 0.032851239999986959
            }
        },
        {
            "reactor_utilization": {
                "shard": "10",
                "value": 0.031383179999999733
            }
        },
        {
            "reactor_utilization": {
                "shard": "11",
                "value": 0.028914519999978516
            }
        },
        {
            "reactor_utilization": {
                "shard": "12",
                "value": 0.031682639999996987
            }
        },
        {
            "reactor_utilization": {
                "shard": "13",
                "value": 0.032165080000023938
            }
        },
        {
            "reactor_utilization": {
                "shard": "14",
                "value": 0.028700680000026679
            }
        },
        {
            "reactor_utilization": {
                "shard": "15",
                "value": 0.028389899999980983
            }
        },
        {
            "reactor_utilization": {
                "shard": "16",
                "value": 0.030652499999961336
            }
        },
        {
            "reactor_utilization": {
                "shard": "17",
                "value": 0.031386060000015981
            }
        },
        {
            "reactor_utilization": {
                "shard": "18",
                "value": 0.027503759999969457
            }
        },
        {
            "reactor_utilization": {
                "shard": "19",
                "value": 0.0346911800000127
            }
        },
        {
            "reactor_utilization": {
                "shard": "20",
                "value": 0.029894259999996287
            }
        },
        {
            "reactor_utilization": {
                "shard": "21",
                "value": 0.032609840000030754
            }
        },
        {
            "reactor_utilization": {
                "shard": "22",
                "value": 0.031375619999995941
            }
        },
        {
            "reactor_utilization": {
                "shard": "23",
                "value": 0.03301176000001238
            }
        },
        {
            "reactor_utilization": {
                "shard": "24",
                "value": 0.029653180000011048
            }
        },
        {
            "reactor_utilization": {
                "shard": "25",
                "value": 0.029350000000016863
            }
        },
        {
            "reactor_utilization": {
                "shard": "26",
                "value": 0.031939619999987734
            }
        },
        {
            "reactor_utilization": {
                "shard": "27",
                "value": 0.031913300000008249
            }
        }
    ]
}
{
    "metrics": [
        {
            "reactor_utilization": {
                "shard": "0",
                "value": 0.099505500000018898
            }
        },
        {
            "reactor_utilization": {
                "shard": "1",
                "value": 0.024029160000016425
            }
        },
        {
            "reactor_utilization": {
                "shard": "2",
                "value": 0.021659940000007261
            }
        },
        {
            "reactor_utilization": {
                "shard": "3",
                "value": 0.021783879999981437
            }
        },
        {
            "reactor_utilization": {
                "shard": "4",
                "value": 0.024155960000005194
            }
        },
        {
            "reactor_utilization": {
                "shard": "5",
                "value": 0.043558879999983091
            }
        },
        {
            "reactor_utilization": {
                "shard": "6",
                "value": 0.023231540000012707
            }
        },
        {
            "reactor_utilization": {
                "shard": "7",
                "value": 0.024832699999988161
            }
        },
        {
            "reactor_utilization": {
                "shard": "8",
                "value": 0.028366839999982574
            }
        },
        {
            "reactor_utilization": {
                "shard": "9",
                "value": 0.021143879999985238
            }
        },
        {
            "reactor_utilization": {
                "shard": "10",
                "value": 0.022548519999998629
            }
        },
        {
            "reactor_utilization": {
                "shard": "11",
                "value": 0.021016919999961026
            }
        },
        {
            "reactor_utilization": {
                "shard": "12",
                "value": 0.022172539999987251
            }
        },
        {
            "reactor_utilization": {
                "shard": "13",
                "value": 0.022772480000010642
            }
        },
        {
            "reactor_utilization": {
                "shard": "14",
                "value": 0.022933740000019576
            }
        },
        {
            "reactor_utilization": {
                "shard": "15",
                "value": 0.023515359999970453
            }
        },
        {
            "reactor_utilization": {
                "shard": "16",
                "value": 0.024552819999956732
            }
        },
        {
            "reactor_utilization": {
                "shard": "17",
                "value": 0.022850120000028618
            }
        },
        {
            "reactor_utilization": {
                "shard": "18",
                "value": 0.026804559999948907
            }
        },
        {
            "reactor_utilization": {
                "shard": "19",
                "value": 0.024386980000024039
            }
        },
        {
            "reactor_utilization": {
                "shard": "20",
                "value": 0.02699205999999732
            }
        },
        {
            "reactor_utilization": {
                "shard": "21",
                "value": 0.019422479999997577
            }
        },
        {
            "reactor_utilization": {
                "shard": "22",
                "value": 0.02297556000000478
            }
        },
        {
            "reactor_utilization": {
                "shard": "23",
                "value": 0.029088940000021601
            }
        },
        {
            "reactor_utilization": {
                "shard": "24",
                "value": 0.021769160000006949
            }
        },
        {
            "reactor_utilization": {
                "shard": "25",
                "value": 0.02366860000001525
            }
        },
        {
            "reactor_utilization": {
                "shard": "26",
                "value": 0.024523219999994517
            }
        },
        {
            "reactor_utilization": {
                "shard": "27",
                "value": 0.021574240000010736
            }
        }
    ]
}
{
    "metrics": [
        {
            "reactor_utilization": {
                "shard": "0",
                "value": 0.10446968000001888
            }
        },
        {
            "reactor_utilization": {
                "shard": "1",
                "value": 0.034604020000006397
            }
        },
        {
            "reactor_utilization": {
                "shard": "2",
                "value": 0.033803799999998496
            }
        },
        {
            "reactor_utilization": {
                "shard": "3",
                "value": 0.03334761999996827
            }
        },
        {
            "reactor_utilization": {
                "shard": "4",
                "value": 0.029919479999995779
            }
        },
        {
            "reactor_utilization": {
                "shard": "5",
                "value": 0.050923459999985266
            }
        },
        {
            "reactor_utilization": {
                "shard": "6",
                "value": 0.035958940000013762
            }
        },
        {
            "reactor_utilization": {
                "shard": "7",
                "value": 0.030824079999991483
            }
        },
        {
            "reactor_utilization": {
                "shard": "8",
                "value": 0.035846100000014314
            }
        },
        {
            "reactor_utilization": {
                "shard": "9",
                "value": 0.039015259999963803
            }
        },
        {
            "reactor_utilization": {
                "shard": "10",
                "value": 0.033533759999992974
            }
        },
        {
            "reactor_utilization": {
                "shard": "11",
                "value": 0.03114345999997159
            }
        },
        {
            "reactor_utilization": {
                "shard": "12",
                "value": 0.037122819999979573
            }
        },
        {
            "reactor_utilization": {
                "shard": "13",
                "value": 0.035196960000005717
            }
        },
        {
            "reactor_utilization": {
                "shard": "14",
                "value": 0.03140394000000768
            }
        },
        {
            "reactor_utilization": {
                "shard": "15",
                "value": 0.034632559999969725
            }
        },
        {
            "reactor_utilization": {
                "shard": "16",
                "value": 0.038432199999938188
            }
        },
        {
            "reactor_utilization": {
                "shard": "17",
                "value": 0.031373520000033128
            }
        },
        {
            "reactor_utilization": {
                "shard": "18",
                "value": 0.028162419999944177
            }
        },
        {
            "reactor_utilization": {
                "shard": "19",
                "value": 0.032918720000030266
            }
        },
        {
            "reactor_utilization": {
                "shard": "20",
                "value": 0.029575980000007274
            }
        },
        {
            "reactor_utilization": {
                "shard": "21",
                "value": 0.026983059999985404
            }
        },
        {
            "reactor_utilization": {
                "shard": "22",
                "value": 0.03158581999997967
            }
        },
        {
            "reactor_utilization": {
                "shard": "23",
                "value": 0.030017560000028531
            }
        },
        {
            "reactor_utilization": {
                "shard": "24",
                "value": 0.026827039999988145
            }
        },
        {
            "reactor_utilization": {
                "shard": "25",
                "value": 0.0290064800000156
            }
        },
        {
            "reactor_utilization": {
                "shard": "26",
                "value": 0.030394019999968602
            }
        },
        {
            "reactor_utilization": {
                "shard": "27",
                "value": 0.026862100000013545
            }
        }
    ]
}
{
    "metrics": [
        {
            "reactor_utilization": {
                "shard": "0",
                "value": 0.066532560000009955
            }
        },
        {
            "reactor_utilization": {
                "shard": "1",
                "value": 0.030985100000013865
            }
        },
        {
            "reactor_utilization": {
                "shard": "2",
                "value": 0.03312739999998815
            }
        },
        {
            "reactor_utilization": {
                "shard": "3",
                "value": 0.027914459999967001
            }
        },
        {
            "reactor_utilization": {
                "shard": "4",
                "value": 0.030101720000008658
            }
        },
        {
            "reactor_utilization": {
                "shard": "5",
                "value": 0.042206559999979909
            }
        },
        {
            "reactor_utilization": {
                "shard": "6",
                "value": 0.031331719999994068
            }
        },
        {
            "reactor_utilization": {
                "shard": "7",
                "value": 0.031416039999965228
            }
        },
        {
            "reactor_utilization": {
                "shard": "8",
                "value": 0.031323140000028005
            }
        },
        {
            "reactor_utilization": {
                "shard": "9",
                "value": 0.029286359999947109
            }
        },
        {
            "reactor_utilization": {
                "shard": "10",
                "value": 0.027776020000014334
            }
        },
        {
            "reactor_utilization": {
                "shard": "11",
                "value": 0.028137239999947994
            }
        },
        {
            "reactor_utilization": {
                "shard": "12",
                "value": 0.026936399999977212
            }
        },
        {
            "reactor_utilization": {
                "shard": "13",
                "value": 0.02938508000001061
            }
        },
        {
            "reactor_utilization": {
                "shard": "14",
                "value": 0.024640080000015718
            }
        },
        {
            "reactor_utilization": {
                "shard": "15",
                "value": 0.026596039999982057
            }
        },
        {
            "reactor_utilization": {
                "shard": "16",
                "value": 0.03031201999994515
            }
        },
        {
            "reactor_utilization": {
                "shard": "17",
                "value": 0.030226460000037925
            }
        },
        {
            "reactor_utilization": {
                "shard": "18",
                "value": 0.029260079999926525
            }
        },
        {
            "reactor_utilization": {
                "shard": "19",
                "value": 0.029011900000031066
            }
        },
        {
            "reactor_utilization": {
                "shard": "20",
                "value": 0.028170400000004925
            }
        },
        {
            "reactor_utilization": {
                "shard": "21",
                "value": 0.029072199999979897
            }
        },
        {
            "reactor_utilization": {
                "shard": "22",
                "value": 0.030492019999961428
            }
        },
        {
            "reactor_utilization": {
                "shard": "23",
                "value": 0.030930820000019121
            }
        },
        {
            "reactor_utilization": {
                "shard": "24",
                "value": 0.027585619999981326
            }
        },
        {
            "reactor_utilization": {
                "shard": "25",
                "value": 0.028187920000011246
            }
        },
        {
            "reactor_utilization": {
                "shard": "26",
                "value": 0.030862719999968924
            }
        },
        {
            "reactor_utilization": {
                "shard": "27",
                "value": 0.028054100000018956
            }
        }
    ]
}
{
    "metrics": [
        {
            "reactor_utilization": {
                "shard": "0",
                "value": 0.10150667999998531
            }
        },
        {
            "reactor_utilization": {
                "shard": "1",
                "value": 0.017582780000036102
            }
        },
        {
            "reactor_utilization": {
                "shard": "2",
                "value": 0.017070340000002737
            }
        },
        {
            "reactor_utilization": {
                "shard": "3",
                "value": 0.015918839999939927
            }
        },
        {
            "reactor_utilization": {
                "shard": "4",
                "value": 0.01566386000001474
            }
        },
        {
            "reactor_utilization": {
                "shard": "5",
                "value": 0.022793839999990517
            }
        },
        {
            "reactor_utilization": {
                "shard": "6",
                "value": 0.017296680000011833
            }
        },
        {
            "reactor_utilization": {
                "shard": "7",
                "value": 0.018152419999961644
            }
        },
        {
            "reactor_utilization": {
                "shard": "8",
                "value": 0.019534520000008548
            }
        },
        {
            "reactor_utilization": {
                "shard": "9",
                "value": 0.014761859999967708
            }
        },
        {
            "reactor_utilization": {
                "shard": "10",
                "value": 0.019355180000024674
            }
        },
        {
            "reactor_utilization": {
                "shard": "11",
                "value": 0.017794919999958303
            }
        },
        {
            "reactor_utilization": {
                "shard": "12",
                "value": 0.015784340000002395
            }
        },
        {
            "reactor_utilization": {
                "shard": "13",
                "value": 0.014811139999992839
            }
        },
        {
            "reactor_utilization": {
                "shard": "14",
                "value": 0.013817740000021672
            }
        },
        {
            "reactor_utilization": {
                "shard": "15",
                "value": 0.015472459999987809
            }
        },
        {
            "reactor_utilization": {
                "shard": "16",
                "value": 0.017231719999932782
            }
        },
        {
            "reactor_utilization": {
                "shard": "17",
                "value": 0.019417940000021616
            }
        },
        {
            "reactor_utilization": {
                "shard": "18",
                "value": 0.017123159999932192
            }
        },
        {
            "reactor_utilization": {
                "shard": "19",
                "value": 0.016851420000052464
            }
        },
        {
            "reactor_utilization": {
                "shard": "20",
                "value": 0.015582519999990385
            }
        },
        {
            "reactor_utilization": {
                "shard": "21",
                "value": 0.016346499999975173
            }
        },
        {
            "reactor_utilization": {
                "shard": "22",
                "value": 0.016200559999979269
            }
        },
        {
            "reactor_utilization": {
                "shard": "23",
                "value": 0.016660160000014912
            }
        },
        {
            "reactor_utilization": {
                "shard": "24",
                "value": 0.01666513999998287
            }
        },
        {
            "reactor_utilization": {
                "shard": "25",
                "value": 0.016540760000005594
            }
        },
        {
            "reactor_utilization": {
                "shard": "26",
                "value": 0.018585139999949263
            }
        },
        {
            "reactor_utilization": {
                "shard": "27",
                "value": 0.015748900000023269
            }
        }
    ]
}
{
    "metrics": [
        {
            "reactor_utilization": {
                "shard": "0",
                "value": 0.10068701999997876
            }
        },
        {
            "reactor_utilization": {
                "shard": "1",
                "value": 0.028189780000020814
            }
        },
        {
            "reactor_utilization": {
                "shard": "2",
                "value": 0.027728740000010355
            }
        },
        {
            "reactor_utilization": {
                "shard": "3",
                "value": 0.027761839999940197
            }
        },
        {
            "reactor_utilization": {
                "shard": "4",
                "value": 0.029563119999997944
            }
        },
        {
            "reactor_utilization": {
                "shard": "5",
                "value": 0.045080599999991477
            }
        },
        {
            "reactor_utilization": {
                "shard": "6",
                "value": 0.029686759999991708
            }
        },
        {
            "reactor_utilization": {
                "shard": "7",
                "value": 0.029812199999978972
            }
        },
        {
            "reactor_utilization": {
                "shard": "8",
                "value": 0.03088142000002847
            }
        },
        {
            "reactor_utilization": {
                "shard": "9",
                "value": 0.026249379999965239
            }
        },
        {
            "reactor_utilization": {
                "shard": "10",
                "value": 0.026817660000011401
            }
        },
        {
            "reactor_utilization": {
                "shard": "11",
                "value": 0.029237619999955555
            }
        },
        {
            "reactor_utilization": {
                "shard": "12",
                "value": 0.027125559999974236
            }
        },
        {
            "reactor_utilization": {
                "shard": "13",
                "value": 0.029207939999975618
            }
        },
        {
            "reactor_utilization": {
                "shard": "14",
                "value": 0.028228160000032254
            }
        },
        {
            "reactor_utilization": {
                "shard": "15",
                "value": 0.028552379999979838
            }
        },
        {
            "reactor_utilization": {
                "shard": "16",
                "value": 0.029934459999914065
            }
        },
        {
            "reactor_utilization": {
                "shard": "17",
                "value": 0.030040360000005428
            }
        },
        {
            "reactor_utilization": {
                "shard": "18",
                "value": 0.028973559999911913
            }
        },
        {
            "reactor_utilization": {
                "shard": "19",
                "value": 0.028453540000050737
            }
        },
        {
            "reactor_utilization": {
                "shard": "20",
                "value": 0.025527039999995171
            }
        },
        {
            "reactor_utilization": {
                "shard": "21",
                "value": 0.026662219999984416
            }
        },
        {
            "reactor_utilization": {
                "shard": "22",
                "value": 0.028687779999980734
            }
        },
        {
            "reactor_utilization": {
                "shard": "23",
                "value": 0.029384640000007511
            }
        },
        {
            "reactor_utilization": {
                "shard": "24",
                "value": 0.028110719999974165
            }
        },
        {
            "reactor_utilization": {
                "shard": "25",
                "value": 0.028220320000005295
            }
        },
        {
            "reactor_utilization": {
                "shard": "26",
                "value": 0.031347639999967924
            }
        },
        {
            "reactor_utilization": {
                "shard": "27",
                "value": 0.024791300000026606
            }
        }
    ]
}
{
    "metrics": [
        {
            "reactor_utilization": {
                "shard": "0",
                "value": 0.096655159999969875
            }
        },
        {
            "reactor_utilization": {
                "shard": "1",
                "value": 0.025962700000026206
            }
        },
        {
            "reactor_utilization": {
                "shard": "2",
                "value": 0.02802238000002566
            }
        },
        {
            "reactor_utilization": {
                "shard": "3",
                "value": 0.027546079999973827
            }
        },
        {
            "reactor_utilization": {
                "shard": "4",
                "value": 0.027191360000000664
            }
        },
        {
            "reactor_utilization": {
                "shard": "5",
                "value": 0.042037719999987733
            }
        },
        {
            "reactor_utilization": {
                "shard": "6",
                "value": 0.028073139999995611
            }
        },
        {
            "reactor_utilization": {
                "shard": "7",
                "value": 0.029571899999991658
            }
        },
        {
            "reactor_utilization": {
                "shard": "8",
                "value": 0.028502840000022012
            }
        },
        {
            "reactor_utilization": {
                "shard": "9",
                "value": 0.027784479999981571
            }
        },
        {
            "reactor_utilization": {
                "shard": "10",
                "value": 0.029125700000021126
            }
        },
        {
            "reactor_utilization": {
                "shard": "11",
                "value": 0.025242919999957092
            }
        },
        {
            "reactor_utilization": {
                "shard": "12",
                "value": 0.021989379999987069
            }
        },
        {
            "reactor_utilization": {
                "shard": "13",
                "value": 0.024711259999976587
            }
        },
        {
            "reactor_utilization": {
                "shard": "14",
                "value": 0.022410000000017138
            }
        },
        {
            "reactor_utilization": {
                "shard": "15",
                "value": 0.024926679999981438
            }
        },
        {
            "reactor_utilization": {
                "shard": "16",
                "value": 0.027893159999936579
            }
        },
        {
            "reactor_utilization": {
                "shard": "17",
                "value": 0.0302911800000083
            }
        },
        {
            "reactor_utilization": {
                "shard": "18",
                "value": 0.028364779999923151
            }
        },
        {
            "reactor_utilization": {
                "shard": "19",
                "value": 0.028652200000056638
            }
        },
        {
            "reactor_utilization": {
                "shard": "20",
                "value": 0.027374580000016913
            }
        },
        {
            "reactor_utilization": {
                "shard": "21",
                "value": 0.029832559999987129
            }
        },
        {
            "reactor_utilization": {
                "shard": "22",
                "value": 0.028022939999983176
            }
        },
        {
            "reactor_utilization": {
                "shard": "23",
                "value": 0.028494300000014849
            }
        },
        {
            "reactor_utilization": {
                "shard": "24",
                "value": 0.028690579999990362
            }
        },
        {
            "reactor_utilization": {
                "shard": "25",
                "value": 0.028322639999989185
            }
        },
        {
            "reactor_utilization": {
                "shard": "26",
                "value": 0.030489039999981316
            }
        },
        {
            "reactor_utilization": {
                "shard": "27",
                "value": 0.024468940000033079
            }
        }
    ]
}
{
    "metrics": [
        {
            "reactor_utilization": {
                "shard": "0",
                "value": 0.0908063199999809
            }
        },
        {
            "reactor_utilization": {
                "shard": "1",
                "value": 0.023685340000034749
            }
        },
        {
            "reactor_utilization": {
                "shard": "2",
                "value": 0.019253640000027605
            }
        },
        {
            "reactor_utilization": {
                "shard": "3",
                "value": 0.022729079999983526
            }
        },
        {
            "reactor_utilization": {
                "shard": "4",
                "value": 0.018186420000021464
            }
        },
        {
            "reactor_utilization": {
                "shard": "5",
                "value": 0.034838999999975417
            }
        },
        {
            "reactor_utilization": {
                "shard": "6",
                "value": 0.019881239999985922
            }
        },
        {
            "reactor_utilization": {
                "shard": "7",
                "value": 0.021455419999982794
            }
        },
        {
            "reactor_utilization": {
                "shard": "8",
                "value": 0.022849980000017034
            }
        },
        {
            "reactor_utilization": {
                "shard": "9",
                "value": 0.020707859999968825
            }
        },
        {
            "reactor_utilization": {
                "shard": "10",
                "value": 0.020563320000011043
            }
        },
        {
            "reactor_utilization": {
                "shard": "11",
                "value": 0.019732859999943564
            }
        },
        {
            "reactor_utilization": {
                "shard": "12",
                "value": 0.020861819999984377
            }
        },
        {
            "reactor_utilization": {
                "shard": "13",
                "value": 0.022798979999982816
            }
        },
        {
            "reactor_utilization": {
                "shard": "14",
                "value": 0.019155420000016576
            }
        },
        {
            "reactor_utilization": {
                "shard": "15",
                "value": 0.021491279999996671
            }
        },
        {
            "reactor_utilization": {
                "shard": "16",
                "value": 0.024355819999932748
            }
        },
        {
            "reactor_utilization": {
                "shard": "17",
                "value": 0.021610880000011434
            }
        },
        {
            "reactor_utilization": {
                "shard": "18",
                "value": 0.021768459999915724
            }
        },
        {
            "reactor_utilization": {
                "shard": "19",
                "value": 0.022436320000063237
            }
        },
        {
            "reactor_utilization": {
                "shard": "20",
                "value": 0.022664059999999431
            }
        },
        {
            "reactor_utilization": {
                "shard": "21",
                "value": 0.023752259999998415
            }
        },
        {
            "reactor_utilization": {
                "shard": "22",
                "value": 0.022441119999994097
            }
        },
        {
            "reactor_utilization": {
                "shard": "23",
                "value": 0.023927720000005426
            }
        },
        {
            "reactor_utilization": {
                "shard": "24",
                "value": 0.020723539999978335
            }
        },
        {
            "reactor_utilization": {
                "shard": "25",
                "value": 0.022860940000002383
            }
        },
        {
            "reactor_utilization": {
                "shard": "26",
                "value": 0.022693279999985716
            }
        },
        {
            "reactor_utilization": {
                "shard": "27",
                "value": 0.021306720000013879
            }
        }
    ]
}
{
    "metrics": [
        {
            "reactor_utilization": {
                "shard": "0",
                "value": 0.091291659999970243
            }
        },
        {
            "reactor_utilization": {
                "shard": "1",
                "value": 0.022510040000001119
            }
        },
        {
            "reactor_utilization": {
                "shard": "2",
                "value": 0.022860120000034456
            }
        },
        {
            "reactor_utilization": {
                "shard": "3",
                "value": 0.023905939999968595
            }
        },
        {
            "reactor_utilization": {
                "shard": "4",
                "value": 0.021443960000011586
            }
        },
        {
            "reactor_utilization": {
                "shard": "5",
                "value": 0.044562039999962444
            }
        },
        {
            "reactor_utilization": {
                "shard": "6",
                "value": 0.025416720000004389
            }
        },
        {
            "reactor_utilization": {
                "shard": "7",
                "value": 0.0253975599999956
            }
        },
        {
            "reactor_utilization": {
                "shard": "8",
                "value": 0.026565560000024746
            }
        },
        {
            "reactor_utilization": {
                "shard": "9",
                "value": 0.024867539999984256
            }
        },
        {
            "reactor_utilization": {
                "shard": "10",
                "value": 0.024331360000018343
            }
        },
        {
            "reactor_utilization": {
                "shard": "11",
                "value": 0.024559359999953845
            }
        },
        {
            "reactor_utilization": {
                "shard": "12",
                "value": 0.024589819999987217
            }
        },
        {
            "reactor_utilization": {
                "shard": "13",
                "value": 0.0239986799999925
            }
        },
        {
            "reactor_utilization": {
                "shard": "14",
                "value": 0.021476940000009215
            }
        },
        {
            "reactor_utilization": {
                "shard": "15",
                "value": 0.02210432000000484
            }
        },
        {
            "reactor_utilization": {
                "shard": "16",
                "value": 0.023103579999939061
            }
        },
        {
            "reactor_utilization": {
                "shard": "17",
                "value": 0.029422520000010888
            }
        },
        {
            "reactor_utilization": {
                "shard": "18",
                "value": 0.023871179999890302
            }
        },
        {
            "reactor_utilization": {
                "shard": "19",
                "value": 0.02400938000006736
            }
        },
        {
            "reactor_utilization": {
                "shard": "20",
                "value": 0.024547619999992776
            }
        },
        {
            "reactor_utilization": {
                "shard": "21",
                "value": 0.025567359999989492
            }
        },
        {
            "reactor_utilization": {
                "shard": "22",
                "value": 0.019971799999984885
            }
        },
        {
            "reactor_utilization": {
                "shard": "23",
                "value": 0.021536140000022463
            }
        },
        {
            "reactor_utilization": {
                "shard": "24",
                "value": 0.023833739999978842
            }
        },
        {
            "reactor_utilization": {
                "shard": "25",
                "value": 0.02247380000000021
            }
        },
        {
            "reactor_utilization": {
                "shard": "26",
                "value": 0.025848639999981327
            }
        },
        {
            "reactor_utilization": {
                "shard": "27",
                "value": 0.02207382000002367
            }
        }
    ]
}
{
    "metrics": [
        {
            "reactor_utilization": {
                "shard": "0",
                "value": 0.080769919999990059
            }
        },
        {
            "reactor_utilization": {
                "shard": "1",
                "value": 0.024280520000008465
            }
        },
        {
            "reactor_utilization": {
                "shard": "2",
                "value": 0.022647160000033306
            }
        },
        {
            "reactor_utilization": {
                "shard": "3",
                "value": 0.026459859999983237
            }
        },
        {
            "reactor_utilization": {
                "shard": "4",
                "value": 0.020550900000004813
            }
        },
        {
            "reactor_utilization": {
                "shard": "5",
                "value": 0.030188699999955659
            }
        },
        {
            "reactor_utilization": {
                "shard": "6",
                "value": 0.023935719999990113
            }
        },
        {
            "reactor_utilization": {
                "shard": "7",
                "value": 0.026375659999966494
            }
        },
        {
            "reactor_utilization": {
                "shard": "8",
                "value": 0.024081540000031598
            }
        },
        {
            "reactor_utilization": {
                "shard": "9",
                "value": 0.024808319999991557
            }
        },
        {
            "reactor_utilization": {
                "shard": "10",
                "value": 0.022852180000032529
            }
        },
        {
            "reactor_utilization": {
                "shard": "11",
                "value": 0.025715759999966892
            }
        },
        {
            "reactor_utilization": {
                "shard": "12",
                "value": 0.023227899999977986
            }
        },
        {
            "reactor_utilization": {
                "shard": "13",
                "value": 0.024406359999984417
            }
        },
        {
            "reactor_utilization": {
                "shard": "14",
                "value": 0.022489440000006411
            }
        },
        {
            "reactor_utilization": {
                "shard": "15",
                "value": 0.024776640000012673
            }
        },
        {
            "reactor_utilization": {
                "shard": "16",
                "value": 0.027337899999957394
            }
        },
        {
            "reactor_utilization": {
                "shard": "17",
                "value": 0.020578780000035657
            }
        },
        {
            "reactor_utilization": {
                "shard": "18",
                "value": 0.026089319999911265
            }
        },
        {
            "reactor_utilization": {
                "shard": "19",
                "value": 0.024592580000060149
            }
        },
        {
            "reactor_utilization": {
                "shard": "20",
                "value": 0.023960800000000226
            }
        },
        {
            "reactor_utilization": {
                "shard": "21",
                "value": 0.026213840000011146
            }
        },
        {
            "reactor_utilization": {
                "shard": "22",
                "value": 0.021755139999990458
            }
        },
        {
            "reactor_utilization": {
                "shard": "23",
                "value": 0.024696060000017894
            }
        },
        {
            "reactor_utilization": {
                "shard": "24",
                "value": 0.023576399999969411
            }
        },
        {
            "reactor_utilization": {
                "shard": "25",
                "value": 0.022517620000017669
            }
        },
        {
            "reactor_utilization": {
                "shard": "26",
                "value": 0.024461999999991768
            }
        },
        {
            "reactor_utilization": {
                "shard": "27",
                "value": 0.024445600000033707
            }
        }
    ]
}
{
    "metrics": [
        {
            "reactor_utilization": {
                "shard": "0",
                "value": 0.10703857999998512
            }
        },
        {
            "reactor_utilization": {
                "shard": "1",
                "value": 0.020102380000008857
            }
        },
        {
            "reactor_utilization": {
                "shard": "2",
                "value": 0.018152580000041496
            }
        },
        {
            "reactor_utilization": {
                "shard": "3",
                "value": 0.021428359999975388
            }
        },
        {
            "reactor_utilization": {
                "shard": "4",
                "value": 0.023599180000011266
            }
        },
        {
            "reactor_utilization": {
                "shard": "5",
                "value": 0.041465799999951258
            }
        },
        {
            "reactor_utilization": {
                "shard": "6",
                "value": 0.024418360000000305
            }
        },
        {
            "reactor_utilization": {
                "shard": "7",
                "value": 0.022939699999968699
            }
        },
        {
            "reactor_utilization": {
                "shard": "8",
                "value": 0.028211780000031439
            }
        },
        {
            "reactor_utilization": {
                "shard": "9",
                "value": 0.021641279999984331
            }
        },
        {
            "reactor_utilization": {
                "shard": "10",
                "value": 0.019952460000016714
            }
        },
        {
            "reactor_utilization": {
                "shard": "11",
                "value": 0.024528479999963437
            }
        },
        {
            "reactor_utilization": {
                "shard": "12",
                "value": 0.022946819999980494
            }
        },
        {
            "reactor_utilization": {
                "shard": "13",
                "value": 0.022216359999993607
            }
        },
        {
            "reactor_utilization": {
                "shard": "14",
                "value": 0.020496580000017861
            }
        },
        {
            "reactor_utilization": {
                "shard": "15",
                "value": 0.020803140000014153
            }
        },
        {
            "reactor_utilization": {
                "shard": "16",
                "value": 0.021218799999955795
            }
        },
        {
            "reactor_utilization": {
                "shard": "17",
                "value": 0.026647480000019375
            }
        },
        {
            "reactor_utilization": {
                "shard": "18",
                "value": 0.022211259999904698
            }
        },
        {
            "reactor_utilization": {
                "shard": "19",
                "value": 0.021090300000081719
            }
        },
        {
            "reactor_utilization": {
                "shard": "20",
                "value": 0.01974172000001051
            }
        },
        {
            "reactor_utilization": {
                "shard": "21",
                "value": 0.021725120000004594
            }
        },
        {
            "reactor_utilization": {
                "shard": "22",
                "value": 0.017355959999987292
            }
        },
        {
            "reactor_utilization": {
                "shard": "23",
                "value": 0.019326680000020247
            }
        },
        {
            "reactor_utilization": {
                "shard": "24",
                "value": 0.019689679999979059
            }
        },
        {
            "reactor_utilization": {
                "shard": "25",
                "value": 0.019694140000026117
            }
        },
        {
            "reactor_utilization": {
                "shard": "26",
                "value": 0.022067500000000351
            }
        },
        {
            "reactor_utilization": {
                "shard": "27",
                "value": 0.020928580000023622
            }
        }
    ]
}
{
    "metrics": [
        {
            "reactor_utilization": {
                "shard": "0",
                "value": 0.094276379999980175
            }
        },
        {
            "reactor_utilization": {
                "shard": "1",
                "value": 0.03167000000000586
            }
        },
        {
            "reactor_utilization": {
                "shard": "2",
                "value": 0.026405600000056761
            }
        },
        {
            "reactor_utilization": {
                "shard": "3",
                "value": 0.027123079999991084
            }
        },
        {
            "reactor_utilization": {
                "shard": "4",
                "value": 0.027228700000003769
            }
        },
        {
            "reactor_utilization": {
                "shard": "5",
                "value": 0.041180679999941461
            }
        },
        {
            "reactor_utilization": {
                "shard": "6",
                "value": 0.023925120000012345
            }
        },
        {
            "reactor_utilization": {
                "shard": "7",
                "value": 0.026724719999959845
            }
        },
        {
            "reactor_utilization": {
                "shard": "8",
                "value": 0.024685080000041992
            }
        },
        {
            "reactor_utilization": {
                "shard": "9",
                "value": 0.025224199999973607
            }
        },
        {
            "reactor_utilization": {
                "shard": "10",
                "value": 0.026490680000024192
            }
        },
        {
            "reactor_utilization": {
                "shard": "11",
                "value": 0.023782259999971522
            }
        },
        {
            "reactor_utilization": {
                "shard": "12",
                "value": 0.022660679999986222
            }
        },
        {
            "reactor_utilization": {
                "shard": "13",
                "value": 0.024354259999992411
            }
        },
        {
            "reactor_utilization": {
                "shard": "14",
                "value": 0.023799680000025081
            }
        },
        {
            "reactor_utilization": {
                "shard": "15",
                "value": 0.027634500000006668
            }
        },
        {
            "reactor_utilization": {
                "shard": "16",
                "value": 0.026019379999953074
            }
        },
        {
            "reactor_utilization": {
                "shard": "17",
                "value": 0.029159480000018334
            }
        },
        {
            "reactor_utilization": {
                "shard": "18",
                "value": 0.030108099999903715
            }
        },
        {
            "reactor_utilization": {
                "shard": "19",
                "value": 0.027842080000062275
            }
        },
        {
            "reactor_utilization": {
                "shard": "20",
                "value": 0.02476362000001231
            }
        },
        {
            "reactor_utilization": {
                "shard": "21",
                "value": 0.027329980000012633
            }
        },
        {
            "reactor_utilization": {
                "shard": "22",
                "value": 0.024210119999956703
            }
        },
        {
            "reactor_utilization": {
                "shard": "23",
                "value": 0.024806280000011505
            }
        },
        {
            "reactor_utilization": {
                "shard": "24",
                "value": 0.027355679999985227
            }
        },
        {
            "reactor_utilization": {
                "shard": "25",
                "value": 0.024895100000010828
            }
        },
        {
            "reactor_utilization": {
                "shard": "26",
                "value": 0.026135759999990071
            }
        },
        {
            "reactor_utilization": {
                "shard": "27",
                "value": 0.028874060000028123
            }
        }
    ]
}
{
    "metrics": [
        {
            "reactor_utilization": {
                "shard": "0",
                "value": 0.078594439999979393
            }
        },
        {
            "reactor_utilization": {
                "shard": "1",
                "value": 0.020515060000003693
            }
        },
        {
            "reactor_utilization": {
                "shard": "2",
                "value": 0.020411400000042157
            }
        },
        {
            "reactor_utilization": {
                "shard": "3",
                "value": 0.021703719999965898
            }
        },
        {
            "reactor_utilization": {
                "shard": "4",
                "value": 0.023629520000012505
            }
        },
        {
            "reactor_utilization": {
                "shard": "5",
                "value": 0.029408139999942406
            }
        },
        {
            "reactor_utilization": {
                "shard": "6",
                "value": 0.021395320000006102
            }
        },
        {
            "reactor_utilization": {
                "shard": "7",
                "value": 0.023958039999960601
            }
        },
        {
            "reactor_utilization": {
                "shard": "8",
                "value": 0.019450320000036214
            }
        },
        {
            "reactor_utilization": {
                "shard": "9",
                "value": 0.02351517999995556
            }
        },
        {
            "reactor_utilization": {
                "shard": "10",
                "value": 0.020881420000040674
            }
        },
        {
            "reactor_utilization": {
                "shard": "11",
                "value": 0.021388439999958653
            }
        },
        {
            "reactor_utilization": {
                "shard": "12",
                "value": 0.020759379999990557
            }
        },
        {
            "reactor_utilization": {
                "shard": "13",
                "value": 0.020563600000000903
            }
        },
        {
            "reactor_utilization": {
                "shard": "14",
                "value": 0.021852740000016802
            }
        },
        {
            "reactor_utilization": {
                "shard": "15",
                "value": 0.021972160000016672
            }
        },
        {
            "reactor_utilization": {
                "shard": "16",
                "value": 0.02376383999996845
            }
        },
        {
            "reactor_utilization": {
                "shard": "17",
                "value": 0.020458880000018276
            }
        },
        {
            "reactor_utilization": {
                "shard": "18",
                "value": 0.022464879999883891
            }
        },
        {
            "reactor_utilization": {
                "shard": "19",
                "value": 0.022281900000065136
            }
        },
        {
            "reactor_utilization": {
                "shard": "20",
                "value": 0.021956200000017301
            }
        },
        {
            "reactor_utilization": {
                "shard": "21",
                "value": 0.023163959999994432
            }
        },
        {
            "reactor_utilization": {
                "shard": "22",
                "value": 0.019780199999952508
            }
        },
        {
            "reactor_utilization": {
                "shard": "23",
                "value": 0.020018480000016936
            }
        },
        {
            "reactor_utilization": {
                "shard": "24",
                "value": 0.020134859999976218
            }
        },
        {
            "reactor_utilization": {
                "shard": "25",
                "value": 0.020704760000000988
            }
        },
        {
            "reactor_utilization": {
                "shard": "26",
                "value": 0.021463640000007889
            }
        },
        {
            "reactor_utilization": {
                "shard": "27",
                "value": 0.020991700000017044
            }
        }
    ]
}
{
    "metrics": [
        {
            "reactor_utilization": {
                "shard": "0",
                "value": 0.096487160000002792
            }
        },
        {
            "reactor_utilization": {
                "shard": "1",
                "value": 0.017087640000001958
            }
        },
        {
            "reactor_utilization": {
                "shard": "2",
                "value": 0.01765658000005832
            }
        },
        {
            "reactor_utilization": {
                "shard": "3",
                "value": 0.014214639999976519
            }
        },
        {
            "reactor_utilization": {
                "shard": "4",
                "value": 0.029523079999993485
            }
        },
        {
            "reactor_utilization": {
                "shard": "5",
                "value": 0.029433299999948037
            }
        },
        {
            "reactor_utilization": {
                "shard": "6",
                "value": 0.023006360000010773
            }
        },
        {
            "reactor_utilization": {
                "shard": "7",
                "value": 0.016154639999965692
            }
        },
        {
            "reactor_utilization": {
                "shard": "8",
                "value": 0.016226440000033371
            }
        },
        {
            "reactor_utilization": {
                "shard": "9",
                "value": 0.016365519999950173
            }
        },
        {
            "reactor_utilization": {
                "shard": "10",
                "value": 0.01546722000005385
            }
        },
        {
            "reactor_utilization": {
                "shard": "11",
                "value": 0.014762439999960186
            }
        },
        {
            "reactor_utilization": {
                "shard": "12",
                "value": 0.014835179999983517
            }
        },
        {
            "reactor_utilization": {
                "shard": "13",
                "value": 0.016857479999998759
            }
        },
        {
            "reactor_utilization": {
                "shard": "14",
                "value": 0.01661976000000287
            }
        },
        {
            "reactor_utilization": {
                "shard": "15",
                "value": 0.017828940000041982
            }
        },
        {
            "reactor_utilization": {
                "shard": "16",
                "value": 0.01895987999994686
            }
        },
        {
            "reactor_utilization": {
                "shard": "17",
                "value": 0.026343680000029401
            }
        },
        {
            "reactor_utilization": {
                "shard": "18",
                "value": 0.015939079999882644
            }
        },
        {
            "reactor_utilization": {
                "shard": "19",
                "value": 0.018567220000087481
            }
        },
        {
            "reactor_utilization": {
                "shard": "20",
                "value": 0.015774079999997248
            }
        },
        {
            "reactor_utilization": {
                "shard": "21",
                "value": 0.015202280000004009
            }
        },
        {
            "reactor_utilization": {
                "shard": "22",
                "value": 0.015955759999941588
            }
        },
        {
            "reactor_utilization": {
                "shard": "23",
                "value": 0.015099840000032394
            }
        },
        {
            "reactor_utilization": {
                "shard": "24",
                "value": 0.014859559999980121
            }
        },
        {
            "reactor_utilization": {
                "shard": "25",
                "value": 0.014504560000005995
            }
        },
        {
            "reactor_utilization": {
                "shard": "26",
                "value": 0.016011539999982727
            }
        },
        {
            "reactor_utilization": {
                "shard": "27",
                "value": 0.015342700000020582
            }
        }
    ]
}
{
    "metrics": [
        {
            "reactor_utilization": {
                "shard": "0",
                "value": 0.11241508000000566
            }
        },
        {
            "reactor_utilization": {
                "shard": "1",
                "value": 0.030633900000021086
            }
        },
        {
            "reactor_utilization": {
                "shard": "2",
                "value": 0.031166020000061856
            }
        },
        {
            "reactor_utilization": {
                "shard": "3",
                "value": 0.037569639999990301
            }
        },
        {
            "reactor_utilization": {
                "shard": "4",
                "value": 0.035319340000017352
            }
        },
        {
            "reactor_utilization": {
                "shard": "5",
                "value": 0.045040359999937163
            }
        },
        {
            "reactor_utilization": {
                "shard": "6",
                "value": 0.038974880000020029
            }
        },
        {
            "reactor_utilization": {
                "shard": "7",
                "value": 0.038082239999970291
            }
        },
        {
            "reactor_utilization": {
                "shard": "8",
                "value": 0.038755000000012529
            }
        },
        {
            "reactor_utilization": {
                "shard": "9",
                "value": 0.037266579999939431
            }
        },
        {
            "reactor_utilization": {
                "shard": "10",
                "value": 0.033636200000053407
            }
        },
        {
            "reactor_utilization": {
                "shard": "11",
                "value": 0.036924259999970843
            }
        },
        {
            "reactor_utilization": {
                "shard": "12",
                "value": 0.032612679999988181
            }
        },
        {
            "reactor_utilization": {
                "shard": "13",
                "value": 0.040044319999998912
            }
        },
        {
            "reactor_utilization": {
                "shard": "14",
                "value": 0.032663660000009642
            }
        },
        {
            "reactor_utilization": {
                "shard": "15",
                "value": 0.035754880000027356
            }
        },
        {
            "reactor_utilization": {
                "shard": "16",
                "value": 0.040480819999944018
            }
        },
        {
            "reactor_utilization": {
                "shard": "17",
                "value": 0.033973260000030869
            }
        },
        {
            "reactor_utilization": {
                "shard": "18",
                "value": 0.027179079999894995
            }
        },
        {
            "reactor_utilization": {
                "shard": "19",
                "value": 0.029238480000071121
            }
        },
        {
            "reactor_utilization": {
                "shard": "20",
                "value": 0.027368560000018416
            }
        },
        {
            "reactor_utilization": {
                "shard": "21",
                "value": 0.037642200000020942
            }
        },
        {
            "reactor_utilization": {
                "shard": "22",
                "value": 0.034731279999922204
            }
        },
        {
            "reactor_utilization": {
                "shard": "23",
                "value": 0.026789580000019519
            }
        },
        {
            "reactor_utilization": {
                "shard": "24",
                "value": 0.025565299999974478
            }
        },
        {
            "reactor_utilization": {
                "shard": "25",
                "value": 0.03341413999999876
            }
        },
        {
            "reactor_utilization": {
                "shard": "26",
                "value": 0.035356259999963502
            }
        },
        {
            "reactor_utilization": {
                "shard": "27",
                "value": 0.034711060000025551
            }
        }
    ]
}
{
    "metrics": [
        {
            "reactor_utilization": {
                "shard": "0",
                "value": 0.092233279999986983
            }
        },
        {
            "reactor_utilization": {
                "shard": "1",
                "value": 0.020052980000029308
            }
        },
        {
            "reactor_utilization": {
                "shard": "2",
                "value": 0.020062020000044534
            }
        },
        {
            "reactor_utilization": {
                "shard": "3",
                "value": 0.019435720000005041
            }
        },
        {
            "reactor_utilization": {
                "shard": "4",
                "value": 0.020085260000035632
            }
        },
        {
            "reactor_utilization": {
                "shard": "5",
                "value": 0.042149019999948578
            }
        },
        {
            "reactor_utilization": {
                "shard": "6",
                "value": 0.020992540000031035
            }
        },
        {
            "reactor_utilization": {
                "shard": "7",
                "value": 0.0210018199999773
            }
        },
        {
            "reactor_utilization": {
                "shard": "8",
                "value": 0.021528120000013917
            }
        },
        {
            "reactor_utilization": {
                "shard": "9",
                "value": 0.02107549999994518
            }
        },
        {
            "reactor_utilization": {
                "shard": "10",
                "value": 0.017650740000063614
            }
        },
        {
            "reactor_utilization": {
                "shard": "11",
                "value": 0.021802959999961402
            }
        },
        {
            "reactor_utilization": {
                "shard": "12",
                "value": 0.020419299999996365
            }
        },
        {
            "reactor_utilization": {
                "shard": "13",
                "value": 0.022904140000001849
            }
        },
        {
            "reactor_utilization": {
                "shard": "14",
                "value": 0.020719480000019885
            }
        },
        {
            "reactor_utilization": {
                "shard": "15",
                "value": 0.020215400000023198
            }
        },
        {
            "reactor_utilization": {
                "shard": "16",
                "value": 0.022506859999937845
            }
        },
        {
            "reactor_utilization": {
                "shard": "17",
                "value": 0.022476840000029696
            }
        },
        {
            "reactor_utilization": {
                "shard": "18",
                "value": 0.021090279999891326
            }
        },
        {
            "reactor_utilization": {
                "shard": "19",
                "value": 0.023032900000075074
            }
        },
        {
            "reactor_utilization": {
                "shard": "20",
                "value": 0.020577639999996844
            }
        },
        {
            "reactor_utilization": {
                "shard": "21",
                "value": 0.022647180000023859
            }
        },
        {
            "reactor_utilization": {
                "shard": "22",
                "value": 0.020016059999927727
            }
        },
        {
            "reactor_utilization": {
                "shard": "23",
                "value": 0.019857700000014411
            }
        },
        {
            "reactor_utilization": {
                "shard": "24",
                "value": 0.019978179999979861
            }
        },
        {
            "reactor_utilization": {
                "shard": "25",
                "value": 0.019029280000015802
            }
        },
        {
            "reactor_utilization": {
                "shard": "26",
                "value": 0.020995479999963429
            }
        },
        {
            "reactor_utilization": {
                "shard": "27",
                "value": 0.021832400000021401
            }
        }
    ]
}
{
    "metrics": [
        {
            "reactor_utilization": {
                "shard": "0",
                "value": 0.091798039999979597
            }
        },
        {
            "reactor_utilization": {
                "shard": "1",
                "value": 0.024659420000006094
            }
        },
        {
            "reactor_utilization": {
                "shard": "2",
                "value": 0.021821560000057083
            }
        },
        {
            "reactor_utilization": {
                "shard": "3",
                "value": 0.025339860000017644
            }
        },
        {
            "reactor_utilization": {
                "shard": "4",
                "value": 0.025219780000040881
            }
        },
        {
            "reactor_utilization": {
                "shard": "5",
                "value": 0.033073919999948576
            }
        },
        {
            "reactor_utilization": {
                "shard": "6",
                "value": 0.027435140000042768
            }
        },
        {
            "reactor_utilization": {
                "shard": "7",
                "value": 0.027816219999965419
            }
        },
        {
            "reactor_utilization": {
                "shard": "8",
                "value": 0.024424540000000938
            }
        },
        {
            "reactor_utilization": {
                "shard": "9",
                "value": 0.027456699999950374
            }
        },
        {
            "reactor_utilization": {
                "shard": "10",
                "value": 0.024145320000057424
            }
        },
        {
            "reactor_utilization": {
                "shard": "11",
                "value": 0.026256479999986482
            }
        },
        {
            "reactor_utilization": {
                "shard": "12",
                "value": 0.027656780000007153
            }
        },
        {
            "reactor_utilization": {
                "shard": "13",
                "value": 0.026973819999986937
            }
        },
        {
            "reactor_utilization": {
                "shard": "14",
                "value": 0.02636326000001743
            }
        },
        {
            "reactor_utilization": {
                "shard": "15",
                "value": 0.024627560000023418
            }
        },
        {
            "reactor_utilization": {
                "shard": "16",
                "value": 0.027803599999953743
            }
        },
        {
            "reactor_utilization": {
                "shard": "17",
                "value": 0.025879020000019182
            }
        },
        {
            "reactor_utilization": {
                "shard": "18",
                "value": 0.025963559999886421
            }
        },
        {
            "reactor_utilization": {
                "shard": "19",
                "value": 0.024000840000060197
            }
        },
        {
            "reactor_utilization": {
                "shard": "20",
                "value": 0.021152420000003502
            }
        },
        {
            "reactor_utilization": {
                "shard": "21",
                "value": 0.024289500000029829
            }
        },
        {
            "reactor_utilization": {
                "shard": "22",
                "value": 0.024013019999924445
            }
        },
        {
            "reactor_utilization": {
                "shard": "23",
                "value": 0.024380320000005895
            }
        },
        {
            "reactor_utilization": {
                "shard": "24",
                "value": 0.025144499999973924
            }
        },
        {
            "reactor_utilization": {
                "shard": "25",
                "value": 0.024193140000028368
            }
        },
        {
            "reactor_utilization": {
                "shard": "26",
                "value": 0.023410119999955903
            }
        },
        {
            "reactor_utilization": {
                "shard": "27",
                "value": 0.024083240000027928
            }
        }
    ]
}
{
    "metrics": [
        {
            "reactor_utilization": {
                "shard": "0",
                "value": 0.099379059999971098
            }
        },
        {
            "reactor_utilization": {
                "shard": "1",
                "value": 0.030380140000008105
            }
        },
        {
            "reactor_utilization": {
                "shard": "2",
                "value": 0.026258820000069072
            }
        },
        {
            "reactor_utilization": {
                "shard": "3",
                "value": 0.030075700000020689
            }
        },
        {
            "reactor_utilization": {
                "shard": "4",
                "value": 0.027145800000039078
            }
        },
        {
            "reactor_utilization": {
                "shard": "5",
                "value": 0.043623139999926508
            }
        },
        {
            "reactor_utilization": {
                "shard": "6",
                "value": 0.031746400000043362
            }
        },
        {
            "reactor_utilization": {
                "shard": "7",
                "value": 0.030091079999938763
            }
        },
        {
            "reactor_utilization": {
                "shard": "8",
                "value": 0.026884819999994924
            }
        },
        {
            "reactor_utilization": {
                "shard": "9",
                "value": 0.028845979999958526
            }
        },
        {
            "reactor_utilization": {
                "shard": "10",
                "value": 0.027572560000055368
            }
        },
        {
            "reactor_utilization": {
                "shard": "11",
                "value": 0.027933400000001996
            }
        },
        {
            "reactor_utilization": {
                "shard": "12",
                "value": 0.028319160000001009
            }
        },
        {
            "reactor_utilization": {
                "shard": "13",
                "value": 0.031645419999981605
            }
        },
        {
            "reactor_utilization": {
                "shard": "14",
                "value": 0.028054180000036677
            }
        },
        {
            "reactor_utilization": {
                "shard": "15",
                "value": 0.027888940000020401
            }
        },
        {
            "reactor_utilization": {
                "shard": "16",
                "value": 0.031860199999944605
            }
        },
        {
            "reactor_utilization": {
                "shard": "17",
                "value": 0.028423180000025638
            }
        },
        {
            "reactor_utilization": {
                "shard": "18",
                "value": 0.024628419999905837
            }
        },
        {
            "reactor_utilization": {
                "shard": "19",
                "value": 0.024189220000048195
            }
        },
        {
            "reactor_utilization": {
                "shard": "20",
                "value": 0.025464899999994017
            }
        },
        {
            "reactor_utilization": {
                "shard": "21",
                "value": 0.029892600000025471
            }
        },
        {
            "reactor_utilization": {
                "shard": "22",
                "value": 0.022678819999921718
            }
        },
        {
            "reactor_utilization": {
                "shard": "23",
                "value": 0.024855879999985397
            }
        },
        {
            "reactor_utilization": {
                "shard": "24",
                "value": 0.025161679999974318
            }
        },
        {
            "reactor_utilization": {
                "shard": "25",
                "value": 0.022565120000006544
            }
        },
        {
            "reactor_utilization": {
                "shard": "26",
                "value": 0.025130859999955568
            }
        },
        {
            "reactor_utilization": {
                "shard": "27",
                "value": 0.025525840000062416
            }
        }
    ]
}
{
    "metrics": [
        {
            "reactor_utilization": {
                "shard": "0",
                "value": 0.090010739999979439
            }
        },
        {
            "reactor_utilization": {
                "shard": "1",
                "value": 0.021862160000030162
            }
        },
        {
            "reactor_utilization": {
                "shard": "2",
                "value": 0.021811880000077721
            }
        },
        {
            "reactor_utilization": {
                "shard": "3",
                "value": 0.019411100000010784
            }
        },
        {
            "reactor_utilization": {
                "shard": "4",
                "value": 0.025546840000045812
            }
        },
        {
            "reactor_utilization": {
                "shard": "5",
                "value": 0.032398339999928361
            }
        },
        {
            "reactor_utilization": {
                "shard": "6",
                "value": 0.024590380000044654
            }
        },
        {
            "reactor_utilization": {
                "shard": "7",
                "value": 0.024372339999945147
            }
        },
        {
            "reactor_utilization": {
                "shard": "8",
                "value": 0.023944440000001066
            }
        },
        {
            "reactor_utilization": {
                "shard": "9",
                "value": 0.022610659999933169
            }
        },
        {
            "reactor_utilization": {
                "shard": "10",
                "value": 0.021551220000048943
            }
        },
        {
            "reactor_utilization": {
                "shard": "11",
                "value": 0.0211349800000038
            }
        },
        {
            "reactor_utilization": {
                "shard": "12",
                "value": 0.022847300000017334
            }
        },
        {
            "reactor_utilization": {
                "shard": "13",
                "value": 0.02489623999999413
            }
        },
        {
            "reactor_utilization": {
                "shard": "14",
                "value": 0.022512840000032952
            }
        },
        {
            "reactor_utilization": {
                "shard": "15",
                "value": 0.023873840000021573
            }
        },
        {
            "reactor_utilization": {
                "shard": "16",
                "value": 0.020047979999970877
            }
        },
        {
            "reactor_utilization": {
                "shard": "17",
                "value": 0.02065514000002544
            }
        },
        {
            "reactor_utilization": {
                "shard": "18",
                "value": 0.02047389999988436
            }
        },
        {
            "reactor_utilization": {
                "shard": "19",
                "value": 0.022255340000043589
            }
        },
        {
            "reactor_utilization": {
                "shard": "20",
                "value": 0.018414739999994545
            }
        },
        {
            "reactor_utilization": {
                "shard": "21",
                "value": 0.022600900000013802
            }
        },
        {
            "reactor_utilization": {
                "shard": "22",
                "value": 0.020363519999910817
            }
        },
        {
            "reactor_utilization": {
                "shard": "23",
                "value": 0.021526580000008622
            }
        },
        {
            "reactor_utilization": {
                "shard": "24",
                "value": 0.020575519999965763
            }
        },
        {
            "reactor_utilization": {
                "shard": "25",
                "value": 0.019264719999978475
            }
        },
        {
            "reactor_utilization": {
                "shard": "26",
                "value": 0.021767999999955379
            }
        },
        {
            "reactor_utilization": {
                "shard": "27",
                "value": 0.022939180000047799
            }
        }
    ]
}
