[
    {
        "FIO": {
            "cpu": {
                "data": [
                    2.3533333333333295,
                    39.01999999999992,
                    7.45666666666668,
                    66.76333333333338,
                    86.22666666666683,
                    177.59000000000069,
                    7.28333333333335,
                    9.606666666666676,
                    8.483333333333327,
                    10.146666666666656
                ],
                "index": 10,
                "time": [
                    "10:19:43",
                    "10:23:22",
                    "10:26:36",
                    "10:29:50",
                    "10:33:10",
                    "10:36:30",
                    "10:39:54",
                    "10:43:14",
                    "10:46:33",
                    "10:49:07"
                ],
                "total": 0.0
            },
            "mem": {
                "data": [
                    8.999999999999764,
                    22.50000000000283,
                    0.0,
                    29.486666666671088,
                    34.50000000000514,
                    17.066666666665842,
                    0.8533333333333314,
                    1.5000000000000122,
                    0.0,
                    1.5000000000000122
                ],
                "index": 10,
                "time": [
                    "10:19:43",
                    "10:23:22",
                    "10:26:36",
                    "10:29:50",
                    "10:33:10",
                    "10:36:30",
                    "10:39:54",
                    "10:43:14",
                    "10:46:33",
                    "10:49:07"
                ],
                "total": 0.0
            }
        },
        "OSD": {
            "cpu": {
                "data": [
                    0.0,
                    0.0,
                    0.0,
                    0.0,
                    0.0,
                    0.0,
                    0.0,
                    0.0,
                    0.0,
                    0.0
                ],
                "index": 10,
                "time": [
                    "10:19:43",
                    "10:23:22",
                    "10:26:36",
                    "10:29:50",
                    "10:33:10",
                    "10:36:30",
                    "10:39:54",
                    "10:43:14",
                    "10:46:33",
                    "10:49:07"
                ],
                "total": 0.0
            },
            "mem": {
                "data": [
                    0.0,
                    0.0,
                    0.0,
                    0.0,
                    0.0,
                    0.0,
                    0.0,
                    0.0,
                    0.0,
                    0.0
                ],
                "index": 10,
                "time": [
                    "10:19:43",
                    "10:23:22",
                    "10:26:36",
                    "10:29:50",
                    "10:33:10",
                    "10:36:30",
                    "10:39:54",
                    "10:43:14",
                    "10:46:33",
                    "10:49:07"
                ],
                "total": 0.0
            }
        }
    }
]