{
    "osd_0": {
        "0": {
            "OpHistorySvc": [
                "2299908"
            ],
            "admin_socket": [
                "2299893"
            ],
            "bluestore": [
                "2299936",
                "2299938",
                "2299939",
                "2299940",
                "2299941",
                "2300122",
                "2300304",
                "2300305",
                "2300306",
                "2300307"
            ],
            "ceph-osd": [
                "2299889",
                "2299910",
                "2299912",
                "2299914",
                "2299916",
                "2299918",
                "2299920",
                "2299922",
                "2299924",
                "2299926",
                "2299927",
                "2300303"
            ],
            "ceph_timer": [
                "2299909",
                "2300328"
            ],
            "finisher": [
                "2300325"
            ],
            "fn_anonymous": [
                "2299932",
                "2300324"
            ],
            "io_context_pool": [
                "2299905",
                "2299906"
            ],
            "ms_dispatch": [
                "2300308",
                "2300312",
                "2300314",
                "2300316",
                "2300318",
                "2300320",
                "2300322"
            ],
            "ms_local": [
                "2300309",
                "2300313",
                "2300315",
                "2300317",
                "2300319",
                "2300321",
                "2300323"
            ],
            "msgr-worker-0": [
                "2299901"
            ],
            "msgr-worker-1": [
                "2299902"
            ],
            "msgr-worker-2": [
                "2299903"
            ],
            "osd_srv_agent": [
                "2300329"
            ],
            "osd_srv_heartbt": [
                "2300346"
            ],
            "reactor": [
                "2299891"
            ],
            "safe_timer": [
                "2299928",
                "2299929",
                "2299930",
                "2299931",
                "2300310",
                "2300311",
                "2300326",
                "2300327"
            ],
            "service": [
                "2299892"
            ],
            "signal_handler": [
                "2299904"
            ],
            "tp_osd_tp": [
                "2300330",
                "2300331",
                "2300332",
                "2300333",
                "2300334",
                "2300335",
                "2300336",
                "2300337",
                "2300338",
                "2300339",
                "2300340",
                "2300341",
                "2300342",
                "2300343",
                "2300344",
                "2300345"
            ]
        },
        "1": {
            "OpHistorySvc": [
                "2299908"
            ],
            "admin_socket": [
                "2299893"
            ],
            "bluestore": [
                "2299936",
                "2299938",
                "2299939",
                "2299940",
                "2299941",
                "2300122",
                "2300304",
                "2300305",
                "2300306",
                "2300307"
            ],
            "ceph-osd": [
                "2299889",
                "2299910",
                "2299912",
                "2299914",
                "2299916",
                "2299918",
                "2299920",
                "2299922",
                "2299924",
                "2299926",
                "2299927",
                "2300303"
            ],
            "ceph_timer": [
                "2299909",
                "2300328"
            ],
            "finisher": [
                "2300325"
            ],
            "fn_anonymous": [
                "2299932",
                "2300324"
            ],
            "io_context_pool": [
                "2299905",
                "2299906"
            ],
            "ms_dispatch": [
                "2300308",
                "2300312",
                "2300314",
                "2300316",
                "2300318",
                "2300320",
                "2300322"
            ],
            "ms_local": [
                "2300309",
                "2300313",
                "2300315",
                "2300317",
                "2300319",
                "2300321",
                "2300323"
            ],
            "msgr-worker-0": [
                "2299901"
            ],
            "msgr-worker-1": [
                "2299902"
            ],
            "msgr-worker-2": [
                "2299903"
            ],
            "osd_srv_agent": [
                "2300329"
            ],
            "osd_srv_heartbt": [
                "2300346"
            ],
            "reactor": [
                "2299891"
            ],
            "safe_timer": [
                "2299928",
                "2299929",
                "2299930",
                "2299931",
                "2300310",
                "2300311",
                "2300326",
                "2300327"
            ],
            "service": [
                "2299892"
            ],
            "signal_handler": [
                "2299904"
            ],
            "tp_osd_tp": [
                "2300330",
                "2300331",
                "2300332",
                "2300333",
                "2300334",
                "2300335",
                "2300336",
                "2300337",
                "2300338",
                "2300339",
                "2300340",
                "2300341",
                "2300342",
                "2300343",
                "2300344",
                "2300345"
            ]
        },
        "2": {
            "OpHistorySvc": [
                "2299908"
            ],
            "admin_socket": [
                "2299893"
            ],
            "bluestore": [
                "2299936",
                "2299938",
                "2299939",
                "2299940",
                "2299941",
                "2300122",
                "2300304",
                "2300305",
                "2300306",
                "2300307"
            ],
            "ceph-osd": [
                "2299889",
                "2299910",
                "2299912",
                "2299914",
                "2299916",
                "2299918",
                "2299920",
                "2299922",
                "2299924",
                "2299926",
                "2299927",
                "2300303"
            ],
            "ceph_timer": [
                "2299909",
                "2300328"
            ],
            "finisher": [
                "2300325"
            ],
            "fn_anonymous": [
                "2299932",
                "2300324"
            ],
            "io_context_pool": [
                "2299905",
                "2299906"
            ],
            "ms_dispatch": [
                "2300308",
                "2300312",
                "2300314",
                "2300316",
                "2300318",
                "2300320",
                "2300322"
            ],
            "ms_local": [
                "2300309",
                "2300313",
                "2300315",
                "2300317",
                "2300319",
                "2300321",
                "2300323"
            ],
            "msgr-worker-0": [
                "2299901"
            ],
            "msgr-worker-1": [
                "2299902"
            ],
            "msgr-worker-2": [
                "2299903"
            ],
            "osd_srv_agent": [
                "2300329"
            ],
            "osd_srv_heartbt": [
                "2300346"
            ],
            "reactor": [
                "2299891"
            ],
            "safe_timer": [
                "2299928",
                "2299929",
                "2299930",
                "2299931",
                "2300310",
                "2300311",
                "2300326",
                "2300327"
            ],
            "service": [
                "2299892"
            ],
            "signal_handler": [
                "2299904"
            ],
            "tp_osd_tp": [
                "2300330",
                "2300331",
                "2300332",
                "2300333",
                "2300334",
                "2300335",
                "2300336",
                "2300337",
                "2300338",
                "2300339",
                "2300340",
                "2300341",
                "2300342",
                "2300343",
                "2300344",
                "2300345"
            ]
        },
        "3": {
            "OpHistorySvc": [
                "2299908"
            ],
            "admin_socket": [
                "2299893"
            ],
            "bluestore": [
                "2299936",
                "2299938",
                "2299939",
                "2299940",
                "2299941",
                "2300122",
                "2300304",
                "2300305",
                "2300306",
                "2300307"
            ],
            "ceph-osd": [
                "2299889",
                "2299910",
                "2299912",
                "2299914",
                "2299916",
                "2299918",
                "2299920",
                "2299922",
                "2299924",
                "2299926",
                "2299927",
                "2300303"
            ],
            "ceph_timer": [
                "2299909",
                "2300328"
            ],
            "finisher": [
                "2300325"
            ],
            "fn_anonymous": [
                "2299932",
                "2300324"
            ],
            "io_context_pool": [
                "2299905",
                "2299906"
            ],
            "ms_dispatch": [
                "2300308",
                "2300312",
                "2300314",
                "2300316",
                "2300318",
                "2300320",
                "2300322"
            ],
            "ms_local": [
                "2300309",
                "2300313",
                "2300315",
                "2300317",
                "2300319",
                "2300321",
                "2300323"
            ],
            "msgr-worker-0": [
                "2299901"
            ],
            "msgr-worker-1": [
                "2299902"
            ],
            "msgr-worker-2": [
                "2299903"
            ],
            "osd_srv_agent": [
                "2300329"
            ],
            "osd_srv_heartbt": [
                "2300346"
            ],
            "reactor": [
                "2299891"
            ],
            "safe_timer": [
                "2299928",
                "2299929",
                "2299930",
                "2299931",
                "2300310",
                "2300311",
                "2300326",
                "2300327"
            ],
            "service": [
                "2299892"
            ],
            "signal_handler": [
                "2299904"
            ],
            "tp_osd_tp": [
                "2300330",
                "2300331",
                "2300332",
                "2300333",
                "2300334",
                "2300335",
                "2300336",
                "2300337",
                "2300338",
                "2300339",
                "2300340",
                "2300341",
                "2300342",
                "2300343",
                "2300344",
                "2300345"
            ]
        },
        "4": {
            "OpHistorySvc": [
                "2299908"
            ],
            "admin_socket": [
                "2299893"
            ],
            "bluestore": [
                "2299936",
                "2299938",
                "2299939",
                "2299940",
                "2299941",
                "2300122",
                "2300304",
                "2300305",
                "2300306",
                "2300307"
            ],
            "ceph-osd": [
                "2299889",
                "2299910",
                "2299912",
                "2299914",
                "2299916",
                "2299918",
                "2299920",
                "2299922",
                "2299924",
                "2299926",
                "2299927",
                "2300303"
            ],
            "ceph_timer": [
                "2299909",
                "2300328"
            ],
            "finisher": [
                "2300325"
            ],
            "fn_anonymous": [
                "2299932",
                "2300324"
            ],
            "io_context_pool": [
                "2299905",
                "2299906"
            ],
            "ms_dispatch": [
                "2300308",
                "2300312",
                "2300314",
                "2300316",
                "2300318",
                "2300320",
                "2300322"
            ],
            "ms_local": [
                "2300309",
                "2300313",
                "2300315",
                "2300317",
                "2300319",
                "2300321",
                "2300323"
            ],
            "msgr-worker-0": [
                "2299901"
            ],
            "msgr-worker-1": [
                "2299902"
            ],
            "msgr-worker-2": [
                "2299903"
            ],
            "osd_srv_agent": [
                "2300329"
            ],
            "osd_srv_heartbt": [
                "2300346"
            ],
            "reactor": [
                "2299891"
            ],
            "safe_timer": [
                "2299928",
                "2299929",
                "2299930",
                "2299931",
                "2300310",
                "2300311",
                "2300326",
                "2300327"
            ],
            "service": [
                "2299892"
            ],
            "signal_handler": [
                "2299904"
            ],
            "tp_osd_tp": [
                "2300330",
                "2300331",
                "2300332",
                "2300333",
                "2300334",
                "2300335",
                "2300336",
                "2300337",
                "2300338",
                "2300339",
                "2300340",
                "2300341",
                "2300342",
                "2300343",
                "2300344",
                "2300345"
            ]
        },
        "5": {
            "OpHistorySvc": [
                "2299908"
            ],
            "admin_socket": [
                "2299893"
            ],
            "bluestore": [
                "2299936",
                "2299938",
                "2299939",
                "2299940",
                "2299941",
                "2300122",
                "2300304",
                "2300305",
                "2300306",
                "2300307"
            ],
            "ceph-osd": [
                "2299889",
                "2299910",
                "2299912",
                "2299914",
                "2299916",
                "2299918",
                "2299920",
                "2299922",
                "2299924",
                "2299926",
                "2299927",
                "2300303"
            ],
            "ceph_timer": [
                "2299909",
                "2300328"
            ],
            "finisher": [
                "2300325"
            ],
            "fn_anonymous": [
                "2299932",
                "2300324"
            ],
            "io_context_pool": [
                "2299905",
                "2299906"
            ],
            "ms_dispatch": [
                "2300308",
                "2300312",
                "2300314",
                "2300316",
                "2300318",
                "2300320",
                "2300322"
            ],
            "ms_local": [
                "2300309",
                "2300313",
                "2300315",
                "2300317",
                "2300319",
                "2300321",
                "2300323"
            ],
            "msgr-worker-0": [
                "2299901"
            ],
            "msgr-worker-1": [
                "2299902"
            ],
            "msgr-worker-2": [
                "2299903"
            ],
            "osd_srv_agent": [
                "2300329"
            ],
            "osd_srv_heartbt": [
                "2300346"
            ],
            "reactor": [
                "2299891"
            ],
            "safe_timer": [
                "2299928",
                "2299929",
                "2299930",
                "2299931",
                "2300310",
                "2300311",
                "2300326",
                "2300327"
            ],
            "service": [
                "2299892"
            ],
            "signal_handler": [
                "2299904"
            ],
            "tp_osd_tp": [
                "2300330",
                "2300331",
                "2300332",
                "2300333",
                "2300334",
                "2300335",
                "2300336",
                "2300337",
                "2300338",
                "2300339",
                "2300340",
                "2300341",
                "2300342",
                "2300343",
                "2300344",
                "2300345"
            ]
        },
        "6": {
            "OpHistorySvc": [
                "2299908"
            ],
            "admin_socket": [
                "2299893"
            ],
            "bluestore": [
                "2299936",
                "2299938",
                "2299939",
                "2299940",
                "2299941",
                "2300122",
                "2300304",
                "2300305",
                "2300306",
                "2300307"
            ],
            "ceph-osd": [
                "2299889",
                "2299910",
                "2299912",
                "2299914",
                "2299916",
                "2299918",
                "2299920",
                "2299922",
                "2299924",
                "2299926",
                "2299927",
                "2300303"
            ],
            "ceph_timer": [
                "2299909",
                "2300328"
            ],
            "finisher": [
                "2300325"
            ],
            "fn_anonymous": [
                "2299932",
                "2300324"
            ],
            "io_context_pool": [
                "2299905",
                "2299906"
            ],
            "ms_dispatch": [
                "2300308",
                "2300312",
                "2300314",
                "2300316",
                "2300318",
                "2300320",
                "2300322"
            ],
            "ms_local": [
                "2300309",
                "2300313",
                "2300315",
                "2300317",
                "2300319",
                "2300321",
                "2300323"
            ],
            "msgr-worker-0": [
                "2299901"
            ],
            "msgr-worker-1": [
                "2299902"
            ],
            "msgr-worker-2": [
                "2299903"
            ],
            "osd_srv_agent": [
                "2300329"
            ],
            "osd_srv_heartbt": [
                "2300346"
            ],
            "reactor": [
                "2299891"
            ],
            "safe_timer": [
                "2299928",
                "2299929",
                "2299930",
                "2299931",
                "2300310",
                "2300311",
                "2300326",
                "2300327"
            ],
            "service": [
                "2299892"
            ],
            "signal_handler": [
                "2299904"
            ],
            "tp_osd_tp": [
                "2300330",
                "2300331",
                "2300332",
                "2300333",
                "2300334",
                "2300335",
                "2300336",
                "2300337",
                "2300338",
                "2300339",
                "2300340",
                "2300341",
                "2300342",
                "2300343",
                "2300344",
                "2300345"
            ]
        },
        "7": {
            "OpHistorySvc": [
                "2299908"
            ],
            "admin_socket": [
                "2299893"
            ],
            "bluestore": [
                "2299936",
                "2299938",
                "2299939",
                "2299940",
                "2299941",
                "2300122",
                "2300304",
                "2300305",
                "2300306",
                "2300307"
            ],
            "ceph-osd": [
                "2299889",
                "2299910",
                "2299912",
                "2299914",
                "2299916",
                "2299918",
                "2299920",
                "2299922",
                "2299924",
                "2299926",
                "2299927",
                "2300303"
            ],
            "ceph_timer": [
                "2299909",
                "2300328"
            ],
            "finisher": [
                "2300325"
            ],
            "fn_anonymous": [
                "2299932",
                "2300324"
            ],
            "io_context_pool": [
                "2299905",
                "2299906"
            ],
            "ms_dispatch": [
                "2300308",
                "2300312",
                "2300314",
                "2300316",
                "2300318",
                "2300320",
                "2300322"
            ],
            "ms_local": [
                "2300309",
                "2300313",
                "2300315",
                "2300317",
                "2300319",
                "2300321",
                "2300323"
            ],
            "msgr-worker-0": [
                "2299901"
            ],
            "msgr-worker-1": [
                "2299902"
            ],
            "msgr-worker-2": [
                "2299903"
            ],
            "osd_srv_agent": [
                "2300329"
            ],
            "osd_srv_heartbt": [
                "2300346"
            ],
            "reactor": [
                "2299891"
            ],
            "safe_timer": [
                "2299928",
                "2299929",
                "2299930",
                "2299931",
                "2300310",
                "2300311",
                "2300326",
                "2300327"
            ],
            "service": [
                "2299892"
            ],
            "signal_handler": [
                "2299904"
            ],
            "tp_osd_tp": [
                "2300330",
                "2300331",
                "2300332",
                "2300333",
                "2300334",
                "2300335",
                "2300336",
                "2300337",
                "2300338",
                "2300339",
                "2300340",
                "2300341",
                "2300342",
                "2300343",
                "2300344",
                "2300345"
            ]
        },
        "8": {
            "OpHistorySvc": [
                "2299908"
            ],
            "admin_socket": [
                "2299893"
            ],
            "bluestore": [
                "2299936",
                "2299938",
                "2299939",
                "2299940",
                "2299941",
                "2300122",
                "2300304",
                "2300305",
                "2300306",
                "2300307"
            ],
            "ceph-osd": [
                "2299889",
                "2299910",
                "2299912",
                "2299914",
                "2299916",
                "2299918",
                "2299920",
                "2299922",
                "2299924",
                "2299926",
                "2299927",
                "2300303"
            ],
            "ceph_timer": [
                "2299909",
                "2300328"
            ],
            "finisher": [
                "2300325"
            ],
            "fn_anonymous": [
                "2299932",
                "2300324"
            ],
            "io_context_pool": [
                "2299905",
                "2299906"
            ],
            "ms_dispatch": [
                "2300308",
                "2300312",
                "2300314",
                "2300316",
                "2300318",
                "2300320",
                "2300322"
            ],
            "ms_local": [
                "2300309",
                "2300313",
                "2300315",
                "2300317",
                "2300319",
                "2300321",
                "2300323"
            ],
            "msgr-worker-0": [
                "2299901"
            ],
            "msgr-worker-1": [
                "2299902"
            ],
            "msgr-worker-2": [
                "2299903"
            ],
            "osd_srv_agent": [
                "2300329"
            ],
            "osd_srv_heartbt": [
                "2300346"
            ],
            "reactor": [
                "2299891"
            ],
            "safe_timer": [
                "2299928",
                "2299929",
                "2299930",
                "2299931",
                "2300310",
                "2300311",
                "2300326",
                "2300327"
            ],
            "service": [
                "2299892"
            ],
            "signal_handler": [
                "2299904"
            ],
            "tp_osd_tp": [
                "2300330",
                "2300331",
                "2300332",
                "2300333",
                "2300334",
                "2300335",
                "2300336",
                "2300337",
                "2300338",
                "2300339",
                "2300340",
                "2300341",
                "2300342",
                "2300343",
                "2300344",
                "2300345"
            ]
        },
        "9": {
            "OpHistorySvc": [
                "2299908"
            ],
            "admin_socket": [
                "2299893"
            ],
            "bluestore": [
                "2299936",
                "2299938",
                "2299939",
                "2299940",
                "2299941",
                "2300122",
                "2300304",
                "2300305",
                "2300306",
                "2300307"
            ],
            "ceph-osd": [
                "2299889",
                "2299910",
                "2299912",
                "2299914",
                "2299916",
                "2299918",
                "2299920",
                "2299922",
                "2299924",
                "2299926",
                "2299927",
                "2300303"
            ],
            "ceph_timer": [
                "2299909",
                "2300328"
            ],
            "finisher": [
                "2300325"
            ],
            "fn_anonymous": [
                "2299932",
                "2300324"
            ],
            "io_context_pool": [
                "2299905",
                "2299906"
            ],
            "ms_dispatch": [
                "2300308",
                "2300312",
                "2300314",
                "2300316",
                "2300318",
                "2300320",
                "2300322"
            ],
            "ms_local": [
                "2300309",
                "2300313",
                "2300315",
                "2300317",
                "2300319",
                "2300321",
                "2300323"
            ],
            "msgr-worker-0": [
                "2299901"
            ],
            "msgr-worker-1": [
                "2299902"
            ],
            "msgr-worker-2": [
                "2299903"
            ],
            "osd_srv_agent": [
                "2300329"
            ],
            "osd_srv_heartbt": [
                "2300346"
            ],
            "reactor": [
                "2299891"
            ],
            "safe_timer": [
                "2299928",
                "2299929",
                "2299930",
                "2299931",
                "2300310",
                "2300311",
                "2300326",
                "2300327"
            ],
            "service": [
                "2299892"
            ],
            "signal_handler": [
                "2299904"
            ],
            "tp_osd_tp": [
                "2300330",
                "2300331",
                "2300332",
                "2300333",
                "2300334",
                "2300335",
                "2300336",
                "2300337",
                "2300338",
                "2300339",
                "2300340",
                "2300341",
                "2300342",
                "2300343",
                "2300344",
                "2300345"
            ]
        },
        "10": {
            "OpHistorySvc": [
                "2299908"
            ],
            "admin_socket": [
                "2299893"
            ],
            "bluestore": [
                "2299936",
                "2299938",
                "2299939",
                "2299940",
                "2299941",
                "2300122",
                "2300304",
                "2300305",
                "2300306",
                "2300307"
            ],
            "ceph-osd": [
                "2299889",
                "2299910",
                "2299912",
                "2299914",
                "2299916",
                "2299918",
                "2299920",
                "2299922",
                "2299924",
                "2299926",
                "2299927",
                "2300303"
            ],
            "ceph_timer": [
                "2299909",
                "2300328"
            ],
            "finisher": [
                "2300325"
            ],
            "fn_anonymous": [
                "2299932",
                "2300324"
            ],
            "io_context_pool": [
                "2299905",
                "2299906"
            ],
            "ms_dispatch": [
                "2300308",
                "2300312",
                "2300314",
                "2300316",
                "2300318",
                "2300320",
                "2300322"
            ],
            "ms_local": [
                "2300309",
                "2300313",
                "2300315",
                "2300317",
                "2300319",
                "2300321",
                "2300323"
            ],
            "msgr-worker-0": [
                "2299901"
            ],
            "msgr-worker-1": [
                "2299902"
            ],
            "msgr-worker-2": [
                "2299903"
            ],
            "osd_srv_agent": [
                "2300329"
            ],
            "osd_srv_heartbt": [
                "2300346"
            ],
            "reactor": [
                "2299891"
            ],
            "safe_timer": [
                "2299928",
                "2299929",
                "2299930",
                "2299931",
                "2300310",
                "2300311",
                "2300326",
                "2300327"
            ],
            "service": [
                "2299892"
            ],
            "signal_handler": [
                "2299904"
            ],
            "tp_osd_tp": [
                "2300330",
                "2300331",
                "2300332",
                "2300333",
                "2300334",
                "2300335",
                "2300336",
                "2300337",
                "2300338",
                "2300339",
                "2300340",
                "2300341",
                "2300342",
                "2300343",
                "2300344",
                "2300345"
            ]
        },
        "11": {
            "OpHistorySvc": [
                "2299908"
            ],
            "admin_socket": [
                "2299893"
            ],
            "bluestore": [
                "2299936",
                "2299938",
                "2299939",
                "2299940",
                "2299941",
                "2300122",
                "2300304",
                "2300305",
                "2300306",
                "2300307"
            ],
            "ceph-osd": [
                "2299889",
                "2299910",
                "2299912",
                "2299914",
                "2299916",
                "2299918",
                "2299920",
                "2299922",
                "2299924",
                "2299926",
                "2299927",
                "2300303"
            ],
            "ceph_timer": [
                "2299909",
                "2300328"
            ],
            "finisher": [
                "2300325"
            ],
            "fn_anonymous": [
                "2299932",
                "2300324"
            ],
            "io_context_pool": [
                "2299905",
                "2299906"
            ],
            "ms_dispatch": [
                "2300308",
                "2300312",
                "2300314",
                "2300316",
                "2300318",
                "2300320",
                "2300322"
            ],
            "ms_local": [
                "2300309",
                "2300313",
                "2300315",
                "2300317",
                "2300319",
                "2300321",
                "2300323"
            ],
            "msgr-worker-0": [
                "2299901"
            ],
            "msgr-worker-1": [
                "2299902"
            ],
            "msgr-worker-2": [
                "2299903"
            ],
            "osd_srv_agent": [
                "2300329"
            ],
            "osd_srv_heartbt": [
                "2300346"
            ],
            "reactor": [
                "2299891"
            ],
            "safe_timer": [
                "2299928",
                "2299929",
                "2299930",
                "2299931",
                "2300310",
                "2300311",
                "2300326",
                "2300327"
            ],
            "service": [
                "2299892"
            ],
            "signal_handler": [
                "2299904"
            ],
            "tp_osd_tp": [
                "2300330",
                "2300331",
                "2300332",
                "2300333",
                "2300334",
                "2300335",
                "2300336",
                "2300337",
                "2300338",
                "2300339",
                "2300340",
                "2300341",
                "2300342",
                "2300343",
                "2300344",
                "2300345"
            ]
        },
        "12": {
            "OpHistorySvc": [
                "2299908"
            ],
            "admin_socket": [
                "2299893"
            ],
            "bluestore": [
                "2299936",
                "2299938",
                "2299939",
                "2299940",
                "2299941",
                "2300122",
                "2300304",
                "2300305",
                "2300306",
                "2300307"
            ],
            "ceph-osd": [
                "2299889",
                "2299910",
                "2299912",
                "2299914",
                "2299916",
                "2299918",
                "2299920",
                "2299922",
                "2299924",
                "2299926",
                "2299927",
                "2300303"
            ],
            "ceph_timer": [
                "2299909",
                "2300328"
            ],
            "finisher": [
                "2300325"
            ],
            "fn_anonymous": [
                "2299932",
                "2300324"
            ],
            "io_context_pool": [
                "2299905",
                "2299906"
            ],
            "ms_dispatch": [
                "2300308",
                "2300312",
                "2300314",
                "2300316",
                "2300318",
                "2300320",
                "2300322"
            ],
            "ms_local": [
                "2300309",
                "2300313",
                "2300315",
                "2300317",
                "2300319",
                "2300321",
                "2300323"
            ],
            "msgr-worker-0": [
                "2299901"
            ],
            "msgr-worker-1": [
                "2299902"
            ],
            "msgr-worker-2": [
                "2299903"
            ],
            "osd_srv_agent": [
                "2300329"
            ],
            "osd_srv_heartbt": [
                "2300346"
            ],
            "reactor": [
                "2299891"
            ],
            "safe_timer": [
                "2299928",
                "2299929",
                "2299930",
                "2299931",
                "2300310",
                "2300311",
                "2300326",
                "2300327"
            ],
            "service": [
                "2299892"
            ],
            "signal_handler": [
                "2299904"
            ],
            "tp_osd_tp": [
                "2300330",
                "2300331",
                "2300332",
                "2300333",
                "2300334",
                "2300335",
                "2300336",
                "2300337",
                "2300338",
                "2300339",
                "2300340",
                "2300341",
                "2300342",
                "2300343",
                "2300344",
                "2300345"
            ]
        },
        "13": {
            "OpHistorySvc": [
                "2299908"
            ],
            "admin_socket": [
                "2299893"
            ],
            "bluestore": [
                "2299936",
                "2299938",
                "2299939",
                "2299940",
                "2299941",
                "2300122",
                "2300304",
                "2300305",
                "2300306",
                "2300307"
            ],
            "ceph-osd": [
                "2299889",
                "2299910",
                "2299912",
                "2299914",
                "2299916",
                "2299918",
                "2299920",
                "2299922",
                "2299924",
                "2299926",
                "2299927",
                "2300303"
            ],
            "ceph_timer": [
                "2299909",
                "2300328"
            ],
            "finisher": [
                "2300325"
            ],
            "fn_anonymous": [
                "2299932",
                "2300324"
            ],
            "io_context_pool": [
                "2299905",
                "2299906"
            ],
            "ms_dispatch": [
                "2300308",
                "2300312",
                "2300314",
                "2300316",
                "2300318",
                "2300320",
                "2300322"
            ],
            "ms_local": [
                "2300309",
                "2300313",
                "2300315",
                "2300317",
                "2300319",
                "2300321",
                "2300323"
            ],
            "msgr-worker-0": [
                "2299901"
            ],
            "msgr-worker-1": [
                "2299902"
            ],
            "msgr-worker-2": [
                "2299903"
            ],
            "osd_srv_agent": [
                "2300329"
            ],
            "osd_srv_heartbt": [
                "2300346"
            ],
            "reactor": [
                "2299891"
            ],
            "safe_timer": [
                "2299928",
                "2299929",
                "2299930",
                "2299931",
                "2300310",
                "2300311",
                "2300326",
                "2300327"
            ],
            "service": [
                "2299892"
            ],
            "signal_handler": [
                "2299904"
            ],
            "tp_osd_tp": [
                "2300330",
                "2300331",
                "2300332",
                "2300333",
                "2300334",
                "2300335",
                "2300336",
                "2300337",
                "2300338",
                "2300339",
                "2300340",
                "2300341",
                "2300342",
                "2300343",
                "2300344",
                "2300345"
            ]
        },
        "14": {
            "OpHistorySvc": [
                "2299908"
            ],
            "admin_socket": [
                "2299893"
            ],
            "bluestore": [
                "2299936",
                "2299938",
                "2299939",
                "2299940",
                "2299941",
                "2300122",
                "2300304",
                "2300305",
                "2300306",
                "2300307"
            ],
            "ceph-osd": [
                "2299889",
                "2299910",
                "2299912",
                "2299914",
                "2299916",
                "2299918",
                "2299920",
                "2299922",
                "2299924",
                "2299926",
                "2299927",
                "2300303"
            ],
            "ceph_timer": [
                "2299909",
                "2300328"
            ],
            "finisher": [
                "2300325"
            ],
            "fn_anonymous": [
                "2299932",
                "2300324"
            ],
            "io_context_pool": [
                "2299905",
                "2299906"
            ],
            "ms_dispatch": [
                "2300308",
                "2300312",
                "2300314",
                "2300316",
                "2300318",
                "2300320",
                "2300322"
            ],
            "ms_local": [
                "2300309",
                "2300313",
                "2300315",
                "2300317",
                "2300319",
                "2300321",
                "2300323"
            ],
            "msgr-worker-0": [
                "2299901"
            ],
            "msgr-worker-1": [
                "2299902"
            ],
            "msgr-worker-2": [
                "2299903"
            ],
            "osd_srv_agent": [
                "2300329"
            ],
            "osd_srv_heartbt": [
                "2300346"
            ],
            "reactor": [
                "2299891"
            ],
            "safe_timer": [
                "2299928",
                "2299929",
                "2299930",
                "2299931",
                "2300310",
                "2300311",
                "2300326",
                "2300327"
            ],
            "service": [
                "2299892"
            ],
            "signal_handler": [
                "2299904"
            ],
            "tp_osd_tp": [
                "2300330",
                "2300331",
                "2300332",
                "2300333",
                "2300334",
                "2300335",
                "2300336",
                "2300337",
                "2300338",
                "2300339",
                "2300340",
                "2300341",
                "2300342",
                "2300343",
                "2300344",
                "2300345"
            ]
        },
        "15": {
            "OpHistorySvc": [
                "2299908"
            ],
            "admin_socket": [
                "2299893"
            ],
            "bluestore": [
                "2299936",
                "2299938",
                "2299939",
                "2299940",
                "2299941",
                "2300122",
                "2300304",
                "2300305",
                "2300306",
                "2300307"
            ],
            "ceph-osd": [
                "2299889",
                "2299910",
                "2299912",
                "2299914",
                "2299916",
                "2299918",
                "2299920",
                "2299922",
                "2299924",
                "2299926",
                "2299927",
                "2300303"
            ],
            "ceph_timer": [
                "2299909",
                "2300328"
            ],
            "finisher": [
                "2300325"
            ],
            "fn_anonymous": [
                "2299932",
                "2300324"
            ],
            "io_context_pool": [
                "2299905",
                "2299906"
            ],
            "ms_dispatch": [
                "2300308",
                "2300312",
                "2300314",
                "2300316",
                "2300318",
                "2300320",
                "2300322"
            ],
            "ms_local": [
                "2300309",
                "2300313",
                "2300315",
                "2300317",
                "2300319",
                "2300321",
                "2300323"
            ],
            "msgr-worker-0": [
                "2299901"
            ],
            "msgr-worker-1": [
                "2299902"
            ],
            "msgr-worker-2": [
                "2299903"
            ],
            "osd_srv_agent": [
                "2300329"
            ],
            "osd_srv_heartbt": [
                "2300346"
            ],
            "reactor": [
                "2299891"
            ],
            "safe_timer": [
                "2299928",
                "2299929",
                "2299930",
                "2299931",
                "2300310",
                "2300311",
                "2300326",
                "2300327"
            ],
            "service": [
                "2299892"
            ],
            "signal_handler": [
                "2299904"
            ],
            "tp_osd_tp": [
                "2300330",
                "2300331",
                "2300332",
                "2300333",
                "2300334",
                "2300335",
                "2300336",
                "2300337",
                "2300338",
                "2300339",
                "2300340",
                "2300341",
                "2300342",
                "2300343",
                "2300344",
                "2300345"
            ]
        },
        "16": {
            "OpHistorySvc": [
                "2299908"
            ],
            "admin_socket": [
                "2299893"
            ],
            "bluestore": [
                "2299936",
                "2299938",
                "2299939",
                "2299940",
                "2299941",
                "2300122",
                "2300304",
                "2300305",
                "2300306",
                "2300307"
            ],
            "ceph-osd": [
                "2299889",
                "2299910",
                "2299912",
                "2299914",
                "2299916",
                "2299918",
                "2299920",
                "2299922",
                "2299924",
                "2299926",
                "2299927",
                "2300303"
            ],
            "ceph_timer": [
                "2299909",
                "2300328"
            ],
            "finisher": [
                "2300325"
            ],
            "fn_anonymous": [
                "2299932",
                "2300324"
            ],
            "io_context_pool": [
                "2299905",
                "2299906"
            ],
            "ms_dispatch": [
                "2300308",
                "2300312",
                "2300314",
                "2300316",
                "2300318",
                "2300320",
                "2300322"
            ],
            "ms_local": [
                "2300309",
                "2300313",
                "2300315",
                "2300317",
                "2300319",
                "2300321",
                "2300323"
            ],
            "msgr-worker-0": [
                "2299901"
            ],
            "msgr-worker-1": [
                "2299902"
            ],
            "msgr-worker-2": [
                "2299903"
            ],
            "osd_srv_agent": [
                "2300329"
            ],
            "osd_srv_heartbt": [
                "2300346"
            ],
            "reactor": [
                "2299891"
            ],
            "safe_timer": [
                "2299928",
                "2299929",
                "2299930",
                "2299931",
                "2300310",
                "2300311",
                "2300326",
                "2300327"
            ],
            "service": [
                "2299892"
            ],
            "signal_handler": [
                "2299904"
            ],
            "tp_osd_tp": [
                "2300330",
                "2300331",
                "2300332",
                "2300333",
                "2300334",
                "2300335",
                "2300336",
                "2300337",
                "2300338",
                "2300339",
                "2300340",
                "2300341",
                "2300342",
                "2300343",
                "2300344",
                "2300345"
            ]
        },
        "17": {
            "OpHistorySvc": [
                "2299908"
            ],
            "admin_socket": [
                "2299893"
            ],
            "bluestore": [
                "2299936",
                "2299938",
                "2299939",
                "2299940",
                "2299941",
                "2300122",
                "2300304",
                "2300305",
                "2300306",
                "2300307"
            ],
            "ceph-osd": [
                "2299889",
                "2299910",
                "2299912",
                "2299914",
                "2299916",
                "2299918",
                "2299920",
                "2299922",
                "2299924",
                "2299926",
                "2299927",
                "2300303"
            ],
            "ceph_timer": [
                "2299909",
                "2300328"
            ],
            "finisher": [
                "2300325"
            ],
            "fn_anonymous": [
                "2299932",
                "2300324"
            ],
            "io_context_pool": [
                "2299905",
                "2299906"
            ],
            "ms_dispatch": [
                "2300308",
                "2300312",
                "2300314",
                "2300316",
                "2300318",
                "2300320",
                "2300322"
            ],
            "ms_local": [
                "2300309",
                "2300313",
                "2300315",
                "2300317",
                "2300319",
                "2300321",
                "2300323"
            ],
            "msgr-worker-0": [
                "2299901"
            ],
            "msgr-worker-1": [
                "2299902"
            ],
            "msgr-worker-2": [
                "2299903"
            ],
            "osd_srv_agent": [
                "2300329"
            ],
            "osd_srv_heartbt": [
                "2300346"
            ],
            "reactor": [
                "2299891"
            ],
            "safe_timer": [
                "2299928",
                "2299929",
                "2299930",
                "2299931",
                "2300310",
                "2300311",
                "2300326",
                "2300327"
            ],
            "service": [
                "2299892"
            ],
            "signal_handler": [
                "2299904"
            ],
            "tp_osd_tp": [
                "2300330",
                "2300331",
                "2300332",
                "2300333",
                "2300334",
                "2300335",
                "2300336",
                "2300337",
                "2300338",
                "2300339",
                "2300340",
                "2300341",
                "2300342",
                "2300343",
                "2300344",
                "2300345"
            ]
        },
        "18": {
            "OpHistorySvc": [
                "2299908"
            ],
            "admin_socket": [
                "2299893"
            ],
            "bluestore": [
                "2299936",
                "2299938",
                "2299939",
                "2299940",
                "2299941",
                "2300122",
                "2300304",
                "2300305",
                "2300306",
                "2300307"
            ],
            "ceph-osd": [
                "2299889",
                "2299910",
                "2299912",
                "2299914",
                "2299916",
                "2299918",
                "2299920",
                "2299922",
                "2299924",
                "2299926",
                "2299927",
                "2300303"
            ],
            "ceph_timer": [
                "2299909",
                "2300328"
            ],
            "finisher": [
                "2300325"
            ],
            "fn_anonymous": [
                "2299932",
                "2300324"
            ],
            "io_context_pool": [
                "2299905",
                "2299906"
            ],
            "ms_dispatch": [
                "2300308",
                "2300312",
                "2300314",
                "2300316",
                "2300318",
                "2300320",
                "2300322"
            ],
            "ms_local": [
                "2300309",
                "2300313",
                "2300315",
                "2300317",
                "2300319",
                "2300321",
                "2300323"
            ],
            "msgr-worker-0": [
                "2299901"
            ],
            "msgr-worker-1": [
                "2299902"
            ],
            "msgr-worker-2": [
                "2299903"
            ],
            "osd_srv_agent": [
                "2300329"
            ],
            "osd_srv_heartbt": [
                "2300346"
            ],
            "reactor": [
                "2299891"
            ],
            "safe_timer": [
                "2299928",
                "2299929",
                "2299930",
                "2299931",
                "2300310",
                "2300311",
                "2300326",
                "2300327"
            ],
            "service": [
                "2299892"
            ],
            "signal_handler": [
                "2299904"
            ],
            "tp_osd_tp": [
                "2300330",
                "2300331",
                "2300332",
                "2300333",
                "2300334",
                "2300335",
                "2300336",
                "2300337",
                "2300338",
                "2300339",
                "2300340",
                "2300341",
                "2300342",
                "2300343",
                "2300344",
                "2300345"
            ]
        },
        "19": {
            "OpHistorySvc": [
                "2299908"
            ],
            "admin_socket": [
                "2299893"
            ],
            "bluestore": [
                "2299936",
                "2299938",
                "2299939",
                "2299940",
                "2299941",
                "2300122",
                "2300304",
                "2300305",
                "2300306",
                "2300307"
            ],
            "ceph-osd": [
                "2299889",
                "2299910",
                "2299912",
                "2299914",
                "2299916",
                "2299918",
                "2299920",
                "2299922",
                "2299924",
                "2299926",
                "2299927",
                "2300303"
            ],
            "ceph_timer": [
                "2299909",
                "2300328"
            ],
            "finisher": [
                "2300325"
            ],
            "fn_anonymous": [
                "2299932",
                "2300324"
            ],
            "io_context_pool": [
                "2299905",
                "2299906"
            ],
            "ms_dispatch": [
                "2300308",
                "2300312",
                "2300314",
                "2300316",
                "2300318",
                "2300320",
                "2300322"
            ],
            "ms_local": [
                "2300309",
                "2300313",
                "2300315",
                "2300317",
                "2300319",
                "2300321",
                "2300323"
            ],
            "msgr-worker-0": [
                "2299901"
            ],
            "msgr-worker-1": [
                "2299902"
            ],
            "msgr-worker-2": [
                "2299903"
            ],
            "osd_srv_agent": [
                "2300329"
            ],
            "osd_srv_heartbt": [
                "2300346"
            ],
            "reactor": [
                "2299891"
            ],
            "safe_timer": [
                "2299928",
                "2299929",
                "2299930",
                "2299931",
                "2300310",
                "2300311",
                "2300326",
                "2300327"
            ],
            "service": [
                "2299892"
            ],
            "signal_handler": [
                "2299904"
            ],
            "tp_osd_tp": [
                "2300330",
                "2300331",
                "2300332",
                "2300333",
                "2300334",
                "2300335",
                "2300336",
                "2300337",
                "2300338",
                "2300339",
                "2300340",
                "2300341",
                "2300342",
                "2300343",
                "2300344",
                "2300345"
            ]
        },
        "20": {
            "OpHistorySvc": [
                "2299908"
            ],
            "admin_socket": [
                "2299893"
            ],
            "bluestore": [
                "2299936",
                "2299938",
                "2299939",
                "2299940",
                "2299941",
                "2300122",
                "2300304",
                "2300305",
                "2300306",
                "2300307"
            ],
            "ceph-osd": [
                "2299889",
                "2299910",
                "2299912",
                "2299914",
                "2299916",
                "2299918",
                "2299920",
                "2299922",
                "2299924",
                "2299926",
                "2299927",
                "2300303"
            ],
            "ceph_timer": [
                "2299909",
                "2300328"
            ],
            "finisher": [
                "2300325"
            ],
            "fn_anonymous": [
                "2299932",
                "2300324"
            ],
            "io_context_pool": [
                "2299905",
                "2299906"
            ],
            "ms_dispatch": [
                "2300308",
                "2300312",
                "2300314",
                "2300316",
                "2300318",
                "2300320",
                "2300322"
            ],
            "ms_local": [
                "2300309",
                "2300313",
                "2300315",
                "2300317",
                "2300319",
                "2300321",
                "2300323"
            ],
            "msgr-worker-0": [
                "2299901"
            ],
            "msgr-worker-1": [
                "2299902"
            ],
            "msgr-worker-2": [
                "2299903"
            ],
            "osd_srv_agent": [
                "2300329"
            ],
            "osd_srv_heartbt": [
                "2300346"
            ],
            "reactor": [
                "2299891"
            ],
            "safe_timer": [
                "2299928",
                "2299929",
                "2299930",
                "2299931",
                "2300310",
                "2300311",
                "2300326",
                "2300327"
            ],
            "service": [
                "2299892"
            ],
            "signal_handler": [
                "2299904"
            ],
            "tp_osd_tp": [
                "2300330",
                "2300331",
                "2300332",
                "2300333",
                "2300334",
                "2300335",
                "2300336",
                "2300337",
                "2300338",
                "2300339",
                "2300340",
                "2300341",
                "2300342",
                "2300343",
                "2300344",
                "2300345"
            ]
        },
        "21": {
            "OpHistorySvc": [
                "2299908"
            ],
            "admin_socket": [
                "2299893"
            ],
            "bluestore": [
                "2299936",
                "2299938",
                "2299939",
                "2299940",
                "2299941",
                "2300122",
                "2300304",
                "2300305",
                "2300306",
                "2300307"
            ],
            "ceph-osd": [
                "2299889",
                "2299910",
                "2299912",
                "2299914",
                "2299916",
                "2299918",
                "2299920",
                "2299922",
                "2299924",
                "2299926",
                "2299927",
                "2300303"
            ],
            "ceph_timer": [
                "2299909",
                "2300328"
            ],
            "finisher": [
                "2300325"
            ],
            "fn_anonymous": [
                "2299932",
                "2300324"
            ],
            "io_context_pool": [
                "2299905",
                "2299906"
            ],
            "ms_dispatch": [
                "2300308",
                "2300312",
                "2300314",
                "2300316",
                "2300318",
                "2300320",
                "2300322"
            ],
            "ms_local": [
                "2300309",
                "2300313",
                "2300315",
                "2300317",
                "2300319",
                "2300321",
                "2300323"
            ],
            "msgr-worker-0": [
                "2299901"
            ],
            "msgr-worker-1": [
                "2299902"
            ],
            "msgr-worker-2": [
                "2299903"
            ],
            "osd_srv_agent": [
                "2300329"
            ],
            "osd_srv_heartbt": [
                "2300346"
            ],
            "reactor": [
                "2299891"
            ],
            "safe_timer": [
                "2299928",
                "2299929",
                "2299930",
                "2299931",
                "2300310",
                "2300311",
                "2300326",
                "2300327"
            ],
            "service": [
                "2299892"
            ],
            "signal_handler": [
                "2299904"
            ],
            "tp_osd_tp": [
                "2300330",
                "2300331",
                "2300332",
                "2300333",
                "2300334",
                "2300335",
                "2300336",
                "2300337",
                "2300338",
                "2300339",
                "2300340",
                "2300341",
                "2300342",
                "2300343",
                "2300344",
                "2300345"
            ]
        },
        "22": {
            "OpHistorySvc": [
                "2299908"
            ],
            "admin_socket": [
                "2299893"
            ],
            "bluestore": [
                "2299936",
                "2299938",
                "2299939",
                "2299940",
                "2299941",
                "2300122",
                "2300304",
                "2300305",
                "2300306",
                "2300307"
            ],
            "ceph-osd": [
                "2299889",
                "2299910",
                "2299912",
                "2299914",
                "2299916",
                "2299918",
                "2299920",
                "2299922",
                "2299924",
                "2299926",
                "2299927",
                "2300303"
            ],
            "ceph_timer": [
                "2299909",
                "2300328"
            ],
            "finisher": [
                "2300325"
            ],
            "fn_anonymous": [
                "2299932",
                "2300324"
            ],
            "io_context_pool": [
                "2299905",
                "2299906"
            ],
            "ms_dispatch": [
                "2300308",
                "2300312",
                "2300314",
                "2300316",
                "2300318",
                "2300320",
                "2300322"
            ],
            "ms_local": [
                "2300309",
                "2300313",
                "2300315",
                "2300317",
                "2300319",
                "2300321",
                "2300323"
            ],
            "msgr-worker-0": [
                "2299901"
            ],
            "msgr-worker-1": [
                "2299902"
            ],
            "msgr-worker-2": [
                "2299903"
            ],
            "osd_srv_agent": [
                "2300329"
            ],
            "osd_srv_heartbt": [
                "2300346"
            ],
            "reactor": [
                "2299891"
            ],
            "safe_timer": [
                "2299928",
                "2299929",
                "2299930",
                "2299931",
                "2300310",
                "2300311",
                "2300326",
                "2300327"
            ],
            "service": [
                "2299892"
            ],
            "signal_handler": [
                "2299904"
            ],
            "tp_osd_tp": [
                "2300330",
                "2300331",
                "2300332",
                "2300333",
                "2300334",
                "2300335",
                "2300336",
                "2300337",
                "2300338",
                "2300339",
                "2300340",
                "2300341",
                "2300342",
                "2300343",
                "2300344",
                "2300345"
            ]
        },
        "23": {
            "OpHistorySvc": [
                "2299908"
            ],
            "admin_socket": [
                "2299893"
            ],
            "bluestore": [
                "2299936",
                "2299938",
                "2299939",
                "2299940",
                "2299941",
                "2300122",
                "2300304",
                "2300305",
                "2300306",
                "2300307"
            ],
            "ceph-osd": [
                "2299889",
                "2299910",
                "2299912",
                "2299914",
                "2299916",
                "2299918",
                "2299920",
                "2299922",
                "2299924",
                "2299926",
                "2299927",
                "2300303"
            ],
            "ceph_timer": [
                "2299909",
                "2300328"
            ],
            "finisher": [
                "2300325"
            ],
            "fn_anonymous": [
                "2299932",
                "2300324"
            ],
            "io_context_pool": [
                "2299905",
                "2299906"
            ],
            "ms_dispatch": [
                "2300308",
                "2300312",
                "2300314",
                "2300316",
                "2300318",
                "2300320",
                "2300322"
            ],
            "ms_local": [
                "2300309",
                "2300313",
                "2300315",
                "2300317",
                "2300319",
                "2300321",
                "2300323"
            ],
            "msgr-worker-0": [
                "2299901"
            ],
            "msgr-worker-1": [
                "2299902"
            ],
            "msgr-worker-2": [
                "2299903"
            ],
            "osd_srv_agent": [
                "2300329"
            ],
            "osd_srv_heartbt": [
                "2300346"
            ],
            "reactor": [
                "2299891"
            ],
            "safe_timer": [
                "2299928",
                "2299929",
                "2299930",
                "2299931",
                "2300310",
                "2300311",
                "2300326",
                "2300327"
            ],
            "service": [
                "2299892"
            ],
            "signal_handler": [
                "2299904"
            ],
            "tp_osd_tp": [
                "2300330",
                "2300331",
                "2300332",
                "2300333",
                "2300334",
                "2300335",
                "2300336",
                "2300337",
                "2300338",
                "2300339",
                "2300340",
                "2300341",
                "2300342",
                "2300343",
                "2300344",
                "2300345"
            ]
        },
        "24": {
            "OpHistorySvc": [
                "2299908"
            ],
            "admin_socket": [
                "2299893"
            ],
            "bluestore": [
                "2299936",
                "2299938",
                "2299939",
                "2299940",
                "2299941",
                "2300122",
                "2300304",
                "2300305",
                "2300306",
                "2300307"
            ],
            "ceph-osd": [
                "2299889",
                "2299910",
                "2299912",
                "2299914",
                "2299916",
                "2299918",
                "2299920",
                "2299922",
                "2299924",
                "2299926",
                "2299927",
                "2300303"
            ],
            "ceph_timer": [
                "2299909",
                "2300328"
            ],
            "finisher": [
                "2300325"
            ],
            "fn_anonymous": [
                "2299932",
                "2300324"
            ],
            "io_context_pool": [
                "2299905",
                "2299906"
            ],
            "ms_dispatch": [
                "2300308",
                "2300312",
                "2300314",
                "2300316",
                "2300318",
                "2300320",
                "2300322"
            ],
            "ms_local": [
                "2300309",
                "2300313",
                "2300315",
                "2300317",
                "2300319",
                "2300321",
                "2300323"
            ],
            "msgr-worker-0": [
                "2299901"
            ],
            "msgr-worker-1": [
                "2299902"
            ],
            "msgr-worker-2": [
                "2299903"
            ],
            "osd_srv_agent": [
                "2300329"
            ],
            "osd_srv_heartbt": [
                "2300346"
            ],
            "reactor": [
                "2299891"
            ],
            "safe_timer": [
                "2299928",
                "2299929",
                "2299930",
                "2299931",
                "2300310",
                "2300311",
                "2300326",
                "2300327"
            ],
            "service": [
                "2299892"
            ],
            "signal_handler": [
                "2299904"
            ],
            "tp_osd_tp": [
                "2300330",
                "2300331",
                "2300332",
                "2300333",
                "2300334",
                "2300335",
                "2300336",
                "2300337",
                "2300338",
                "2300339",
                "2300340",
                "2300341",
                "2300342",
                "2300343",
                "2300344",
                "2300345"
            ]
        },
        "25": {
            "OpHistorySvc": [
                "2299908"
            ],
            "admin_socket": [
                "2299893"
            ],
            "bluestore": [
                "2299936",
                "2299938",
                "2299939",
                "2299940",
                "2299941",
                "2300122",
                "2300304",
                "2300305",
                "2300306",
                "2300307"
            ],
            "ceph-osd": [
                "2299889",
                "2299910",
                "2299912",
                "2299914",
                "2299916",
                "2299918",
                "2299920",
                "2299922",
                "2299924",
                "2299926",
                "2299927",
                "2300303"
            ],
            "ceph_timer": [
                "2299909",
                "2300328"
            ],
            "finisher": [
                "2300325"
            ],
            "fn_anonymous": [
                "2299932",
                "2300324"
            ],
            "io_context_pool": [
                "2299905",
                "2299906"
            ],
            "ms_dispatch": [
                "2300308",
                "2300312",
                "2300314",
                "2300316",
                "2300318",
                "2300320",
                "2300322"
            ],
            "ms_local": [
                "2300309",
                "2300313",
                "2300315",
                "2300317",
                "2300319",
                "2300321",
                "2300323"
            ],
            "msgr-worker-0": [
                "2299901"
            ],
            "msgr-worker-1": [
                "2299902"
            ],
            "msgr-worker-2": [
                "2299903"
            ],
            "osd_srv_agent": [
                "2300329"
            ],
            "osd_srv_heartbt": [
                "2300346"
            ],
            "reactor": [
                "2299891"
            ],
            "safe_timer": [
                "2299928",
                "2299929",
                "2299930",
                "2299931",
                "2300310",
                "2300311",
                "2300326",
                "2300327"
            ],
            "service": [
                "2299892"
            ],
            "signal_handler": [
                "2299904"
            ],
            "tp_osd_tp": [
                "2300330",
                "2300331",
                "2300332",
                "2300333",
                "2300334",
                "2300335",
                "2300336",
                "2300337",
                "2300338",
                "2300339",
                "2300340",
                "2300341",
                "2300342",
                "2300343",
                "2300344",
                "2300345"
            ]
        },
        "26": {
            "OpHistorySvc": [
                "2299908"
            ],
            "admin_socket": [
                "2299893"
            ],
            "bluestore": [
                "2299936",
                "2299938",
                "2299939",
                "2299940",
                "2299941",
                "2300122",
                "2300304",
                "2300305",
                "2300306",
                "2300307"
            ],
            "ceph-osd": [
                "2299889",
                "2299910",
                "2299912",
                "2299914",
                "2299916",
                "2299918",
                "2299920",
                "2299922",
                "2299924",
                "2299926",
                "2299927",
                "2300303"
            ],
            "ceph_timer": [
                "2299909",
                "2300328"
            ],
            "finisher": [
                "2300325"
            ],
            "fn_anonymous": [
                "2299932",
                "2300324"
            ],
            "io_context_pool": [
                "2299905",
                "2299906"
            ],
            "ms_dispatch": [
                "2300308",
                "2300312",
                "2300314",
                "2300316",
                "2300318",
                "2300320",
                "2300322"
            ],
            "ms_local": [
                "2300309",
                "2300313",
                "2300315",
                "2300317",
                "2300319",
                "2300321",
                "2300323"
            ],
            "msgr-worker-0": [
                "2299901"
            ],
            "msgr-worker-1": [
                "2299902"
            ],
            "msgr-worker-2": [
                "2299903"
            ],
            "osd_srv_agent": [
                "2300329"
            ],
            "osd_srv_heartbt": [
                "2300346"
            ],
            "reactor": [
                "2299891"
            ],
            "safe_timer": [
                "2299928",
                "2299929",
                "2299930",
                "2299931",
                "2300310",
                "2300311",
                "2300326",
                "2300327"
            ],
            "service": [
                "2299892"
            ],
            "signal_handler": [
                "2299904"
            ],
            "tp_osd_tp": [
                "2300330",
                "2300331",
                "2300332",
                "2300333",
                "2300334",
                "2300335",
                "2300336",
                "2300337",
                "2300338",
                "2300339",
                "2300340",
                "2300341",
                "2300342",
                "2300343",
                "2300344",
                "2300345"
            ]
        },
        "27": {
            "OpHistorySvc": [
                "2299908"
            ],
            "admin_socket": [
                "2299893"
            ],
            "bluestore": [
                "2299936",
                "2299938",
                "2299939",
                "2299940",
                "2299941",
                "2300122",
                "2300304",
                "2300305",
                "2300306",
                "2300307"
            ],
            "ceph-osd": [
                "2299889",
                "2299910",
                "2299912",
                "2299914",
                "2299916",
                "2299918",
                "2299920",
                "2299922",
                "2299924",
                "2299926",
                "2299927",
                "2300303"
            ],
            "ceph_timer": [
                "2299909",
                "2300328"
            ],
            "finisher": [
                "2300325"
            ],
            "fn_anonymous": [
                "2299932",
                "2300324"
            ],
            "io_context_pool": [
                "2299905",
                "2299906"
            ],
            "ms_dispatch": [
                "2300308",
                "2300312",
                "2300314",
                "2300316",
                "2300318",
                "2300320",
                "2300322"
            ],
            "ms_local": [
                "2300309",
                "2300313",
                "2300315",
                "2300317",
                "2300319",
                "2300321",
                "2300323"
            ],
            "msgr-worker-0": [
                "2299901"
            ],
            "msgr-worker-1": [
                "2299902"
            ],
            "msgr-worker-2": [
                "2299903"
            ],
            "osd_srv_agent": [
                "2300329"
            ],
            "osd_srv_heartbt": [
                "2300346"
            ],
            "reactor": [
                "2299891"
            ],
            "safe_timer": [
                "2299928",
                "2299929",
                "2299930",
                "2299931",
                "2300310",
                "2300311",
                "2300326",
                "2300327"
            ],
            "service": [
                "2299892"
            ],
            "signal_handler": [
                "2299904"
            ],
            "tp_osd_tp": [
                "2300330",
                "2300331",
                "2300332",
                "2300333",
                "2300334",
                "2300335",
                "2300336",
                "2300337",
                "2300338",
                "2300339",
                "2300340",
                "2300341",
                "2300342",
                "2300343",
                "2300344",
                "2300345"
            ]
        },
        "58": {
            "ceph-osd": [
                "2299922"
            ],
            "ms_dispatch": [
                "2300314"
            ],
            "tp_osd_tp": [
                "2300343"
            ]
        },
        "59": {
            "ceph-osd": [
                "2299924"
            ],
            "ms_local": [
                "2300315"
            ],
            "tp_osd_tp": [
                "2300334"
            ]
        },
        "60": {
            "ms_dispatch": [
                "2300316"
            ],
            "tp_osd_tp": [
                "2300344"
            ]
        },
        "61": {
            "ceph-osd": [
                "2299889"
            ],
            "ms_local": [
                "2300317"
            ],
            "tp_osd_tp": [
                "2300345"
            ]
        },
        "62": {
            "osd_srv_heartbt": [
                "2300346"
            ],
            "safe_timer": [
                "2300326"
            ]
        },
        "63": {
            "ms_dispatch": [
                "2300318"
            ],
            "safe_timer": [
                "2299931"
            ]
        },
        "64": {
            "fn_anonymous": [
                "2299932"
            ],
            "ms_local": [
                "2300319"
            ]
        },
        "68": {
            "bluestore": [
                "2300122",
                "2300304"
            ],
            "ceph-osd": [
                "2299926"
            ],
            "osd_srv_agent": [
                "2300329"
            ]
        },
        "71": {
            "ms_dispatch": [
                "2300322"
            ]
        },
        "72": {
            "bluestore": [
                "2299938"
            ],
            "msgr-worker-0": [
                "2299901"
            ],
            "tp_osd_tp": [
                "2300335"
            ]
        },
        "75": {
            "ms_local": [
                "2300323"
            ],
            "tp_osd_tp": [
                "2300336"
            ]
        },
        "77": {
            "fn_anonymous": [
                "2300324"
            ],
            "signal_handler": [
                "2299904"
            ]
        },
        "82": {
            "ceph-osd": [
                "2299912"
            ],
            "finisher": [
                "2300325"
            ],
            "tp_osd_tp": [
                "2300340"
            ]
        },
        "83": {
            "bluestore": [
                "2300307"
            ],
            "ceph-osd": [
                "2299914"
            ]
        }
    }
}