[
    {
        "FIO": {
            "cpu": {
                "data": [
                    7.220000000000024,
                    53.49333333333334,
                    0.0,
                    68.14666666666636,
                    587.7399999999897,
                    582.1166666666603,
                    573.4566666666625,
                    551.9266666666658,
                    530.1266666666658,
                    499.68333333333356
                ],
                "index": 10,
                "time": [
                    "04:32:11",
                    "04:34:45",
                    "04:37:19",
                    "04:39:53",
                    "04:42:28",
                    "04:48:10",
                    "04:53:53",
                    "04:59:34",
                    "05:05:17",
                    "05:10:59"
                ],
                "total": 492.00000000000034
            },
            "mem": {
                "data": [
                    1.5000000000000122,
                    4.646666666666546,
                    0.0,
                    4.499999999999887,
                    181.4999999999817,
                    188.9999999999909,
                    182.94666666667771,
                    131.96666666665962,
                    91.27333333333375,
                    61.01333333332912
                ],
                "index": 10,
                "time": [
                    "04:32:11",
                    "04:34:45",
                    "04:37:19",
                    "04:39:53",
                    "04:42:28",
                    "04:48:10",
                    "04:53:53",
                    "04:59:34",
                    "05:05:17",
                    "05:10:59"
                ],
                "total": 102.39999999999976
            }
        },
        "OSD": {
            "cpu": {
                "data": [
                    5.166666666666687,
                    33.813333333333254,
                    1.1100000000000003,
                    43.68333333333326,
                    413.88666666666614,
                    415.7066666666663,
                    415.7399999999999,
                    409.0099999999993,
                    399.83333333333286,
                    391.6233333333324
                ],
                "index": 10,
                "time": [
                    "04:32:11",
                    "04:34:45",
                    "04:37:19",
                    "04:39:53",
                    "04:42:28",
                    "04:48:10",
                    "04:53:53",
                    "04:59:34",
                    "05:05:17",
                    "05:10:59"
                ],
                "total": 384.7
            },
            "mem": {
                "data": [
                    42.91999999999958,
                    58.706666666664475,
                    59.19999999999778,
                    59.19999999999778,
                    59.19999999999778,
                    59.19999999999778,
                    59.19999999999778,
                    66.35333333333598,
                    66.60000000000268,
                    66.60000000000268
                ],
                "index": 10,
                "time": [
                    "04:32:11",
                    "04:34:45",
                    "04:37:19",
                    "04:39:53",
                    "04:42:28",
                    "04:48:10",
                    "04:53:53",
                    "04:59:34",
                    "05:05:17",
                    "05:10:59"
                ],
                "total": 66.59999999999994
            }
        }
    }
]