{
  "fio version" : "fio-3.39-26-ga72fe",
  "timestamp" : 1747197516,
  "timestamp_ms" : 1747197516404,
  "time" : "Wed May 14 04:38:36 2025",
  "global options" : {
    "write_iops_log" : "classic_1osd_32fio_rc_1procs_randread",
    "write_bw_log" : "classic_1osd_32fio_rc_1procs_randread",
    "write_lat_log" : "classic_1osd_32fio_rc_1procs_randread",
    "ioengine" : "rbd",
    "bs" : "4k",
    "rw" : "randread",
    "direct" : "1",
    "runtime" : "5m",
    "time_based" : "",
    "group_reporting" : "",
    "ramp_time" : "30s",
    "thread" : "1",
    "iodepth" : "8",
    "clientname" : "admin",
    "pool" : "rbd"
  },
  "jobs" : [
    {
      "jobname" : "fio_test_0",
      "groupid" : 0,
      "job_start" : 1747197507401,
      "error" : 110,
      "eta" : 0,
      "elapsed" : 40,
      "job options" : {
        "max_latency" : "1s",
        "numjobs" : "1",
        "rbdname" : "fio_test_31"
      },
      "read" : {
        "io_bytes" : 2692739072,
        "io_kbytes" : 2629628,
        "bw_bytes" : 307917561,
        "bw" : 300700,
        "iops" : 75149.456832,
        "runtime" : 8745,
        "total_ios" : 657182,
        "short_ios" : 0,
        "drop_ios" : 0,
        "slat_ns" : {
          "min" : 436,
          "max" : 40278,
          "mean" : 2486.855535,
          "stddev" : 765.926617,
          "N" : 657183
        },
        "clat_ns" : {
          "min" : 145681,
          "max" : 3051581367,
          "mean" : 3386119.672396,
          "stddev" : 59123078.281547,
          "N" : 657406,
          "percentile" : {
            "1.000000" : 181248,
            "5.000000" : 220160,
            "10.000000" : 261120,
            "20.000000" : 366592,
            "30.000000" : 489472,
            "40.000000" : 643072,
            "50.000000" : 839680,
            "60.000000" : 1105920,
            "70.000000" : 1531904,
            "80.000000" : 2441216,
            "90.000000" : 8716288,
            "95.000000" : 11337728,
            "99.000000" : 13565952,
            "99.500000" : 14221312,
            "99.900000" : 15532032,
            "99.950000" : 16449536,
            "99.990000" : 3003121664
          }
        },
        "lat_ns" : {
          "min" : 148036,
          "max" : 3051583250,
          "mean" : 3388606.558991,
          "stddev" : 59123082.068355,
          "N" : 657406
        },
        "bw_min" : 32,
        "bw_max" : 867057,
        "bw_agg" : 70.243924,
        "bw_mean" : 211224.950170,
        "bw_dev" : 5719.419607,
        "bw_samples" : 657406,
        "iops_min" : 32,
        "iops_max" : 32,
        "iops_mean" : 32.000000,
        "iops_stddev" : 0.000000,
        "iops_samples" : 657406
      },
      "write" : {
        "io_bytes" : 0,
        "io_kbytes" : 0,
        "bw_bytes" : 0,
        "bw" : 0,
        "iops" : 0.000000,
        "runtime" : 0,
        "total_ios" : 0,
        "short_ios" : 0,
        "drop_ios" : 0,
        "slat_ns" : {
          "min" : 0,
          "max" : 0,
          "mean" : 0.000000,
          "stddev" : 0.000000,
          "N" : 0
        },
        "clat_ns" : {
          "min" : 0,
          "max" : 0,
          "mean" : 0.000000,
          "stddev" : 0.000000,
          "N" : 0
        },
        "lat_ns" : {
          "min" : 0,
          "max" : 0,
          "mean" : 0.000000,
          "stddev" : 0.000000,
          "N" : 0
        },
        "bw_min" : 0,
        "bw_max" : 0,
        "bw_agg" : 0.000000,
        "bw_mean" : 0.000000,
        "bw_dev" : 0.000000,
        "bw_samples" : 0,
        "iops_min" : 0,
        "iops_max" : 0,
        "iops_mean" : 0.000000,
        "iops_stddev" : 0.000000,
        "iops_samples" : 0
      },
      "trim" : {
        "io_bytes" : 0,
        "io_kbytes" : 0,
        "bw_bytes" : 0,
        "bw" : 0,
        "iops" : 0.000000,
        "runtime" : 0,
        "total_ios" : 0,
        "short_ios" : 0,
        "drop_ios" : 0,
        "slat_ns" : {
          "min" : 0,
          "max" : 0,
          "mean" : 0.000000,
          "stddev" : 0.000000,
          "N" : 0
        },
        "clat_ns" : {
          "min" : 0,
          "max" : 0,
          "mean" : 0.000000,
          "stddev" : 0.000000,
          "N" : 0
        },
        "lat_ns" : {
          "min" : 0,
          "max" : 0,
          "mean" : 0.000000,
          "stddev" : 0.000000,
          "N" : 0
        },
        "bw_min" : 0,
        "bw_max" : 0,
        "bw_agg" : 0.000000,
        "bw_mean" : 0.000000,
        "bw_dev" : 0.000000,
        "bw_samples" : 0,
        "iops_min" : 0,
        "iops_max" : 0,
        "iops_mean" : 0.000000,
        "iops_stddev" : 0.000000,
        "iops_samples" : 0
      },
      "sync" : {
        "total_ios" : 0,
        "lat_ns" : {
          "min" : 0,
          "max" : 0,
          "mean" : 0.000000,
          "stddev" : 0.000000,
          "N" : 0
        }
      },
      "job_runtime" : 279287,
      "usr_cpu" : 0.976057,
      "sys_cpu" : 0.885469,
      "ctx" : 623277,
      "majf" : 0,
      "minf" : 49904,
      "iodepth_level" : {
        "1" : 0.100000,
        "2" : 0.100000,
        "4" : 0.100000,
        "8" : 99.863660,
        "16" : 0.000000,
        "32" : 0.000000,
        ">=64" : 0.000000
      },
      "iodepth_submit" : {
        "0" : 0.000000,
        "4" : 100.000000,
        "8" : 0.000000,
        "16" : 0.000000,
        "32" : 0.000000,
        "64" : 0.000000,
        ">=64" : 0.000000
      },
      "iodepth_complete" : {
        "0" : 0.100000,
        "4" : 99.995131,
        "8" : 0.100000,
        "16" : 0.000000,
        "32" : 0.000000,
        "64" : 0.000000,
        ">=64" : 0.000000
      },
      "latency_ns" : {
        "2" : 0.000000,
        "4" : 0.000000,
        "10" : 0.000000,
        "20" : 0.000000,
        "50" : 0.000000,
        "100" : 0.000000,
        "250" : 0.000000,
        "500" : 0.000000,
        "750" : 0.000000,
        "1000" : 0.000000
      },
      "latency_us" : {
        "2" : 0.000000,
        "4" : 0.000000,
        "10" : 0.000000,
        "20" : 0.000000,
        "50" : 0.000000,
        "100" : 0.000000,
        "250" : 8.734719,
        "500" : 22.129334,
        "750" : 14.931480,
        "1000" : 10.758055
      },
      "latency_ms" : {
        "2" : 19.438603,
        "4" : 9.751180,
        "10" : 6.366882,
        "20" : 7.884574,
        "50" : 0.000000,
        "100" : 0.000000,
        "250" : 0.000000,
        "500" : 0.000000,
        "750" : 0.000000,
        "1000" : 0.010000,
        "2000" : 0.000000,
        ">=2000" : 0.038954
      },
      "latency_depth" : 8,
      "latency_target" : 0,
      "latency_percentile" : 100.000000,
      "latency_window" : 0
    }
  ],
  "disk_util" : [
    {
      "name" : "sda",
      "read_ios" : 0,
      "write_ios" : 824,
      "read_sectors" : 0,
      "write_sectors" : 58696,
      "read_merges" : 0,
      "write_merges" : 996,
      "read_ticks" : 0,
      "write_ticks" : 283,
      "in_queue" : 291,
      "util" : 0.260061
    }
  ]
}
