{
  "fio version" : "fio-3.39-26-ga72fe",
  "timestamp" : 1747198998,
  "timestamp_ms" : 1747198998201,
  "time" : "Wed May 14 05:03:18 2025",
  "global options" : {
    "write_iops_log" : "classic_1osd_32fio_rc_1procs_randread",
    "write_bw_log" : "classic_1osd_32fio_rc_1procs_randread",
    "write_lat_log" : "classic_1osd_32fio_rc_1procs_randread",
    "ioengine" : "rbd",
    "bs" : "4k",
    "rw" : "randread",
    "direct" : "1",
    "runtime" : "5m",
    "time_based" : "",
    "group_reporting" : "",
    "ramp_time" : "30s",
    "thread" : "1",
    "iodepth" : "40",
    "clientname" : "admin",
    "pool" : "rbd"
  },
  "jobs" : [
    {
      "jobname" : "fio_test_0",
      "groupid" : 0,
      "job_start" : 1747198687990,
      "error" : 110,
      "eta" : 0,
      "elapsed" : 341,
      "job options" : {
        "max_latency" : "1s",
        "numjobs" : "1",
        "rbdname" : "fio_test_31"
      },
      "read" : {
        "io_bytes" : 144316239872,
        "io_kbytes" : 140933828,
        "bw_bytes" : 480988397,
        "bw" : 469715,
        "iops" : 117424.645298,
        "runtime" : 300041,
        "total_ios" : 35232208,
        "short_ios" : 0,
        "drop_ios" : 0,
        "slat_ns" : {
          "min" : 424,
          "max" : 991683,
          "mean" : 2048.297733,
          "stddev" : 883.992867,
          "N" : 35232209
        },
        "clat_ns" : {
          "min" : 78407,
          "max" : 2489483330,
          "mean" : 6682348.203820,
          "stddev" : 23331651.585942,
          "N" : 35233456,
          "percentile" : {
            "1.000000" : 305152,
            "5.000000" : 552960,
            "10.000000" : 782336,
            "20.000000" : 1204224,
            "30.000000" : 1630208,
            "40.000000" : 2146304,
            "50.000000" : 2801664,
            "60.000000" : 3686400,
            "70.000000" : 5013504,
            "80.000000" : 7307264,
            "90.000000" : 11468800,
            "95.000000" : 15007744,
            "99.000000" : 81264640,
            "99.500000" : 149946368,
            "99.900000" : 346030080,
            "99.950000" : 434110464,
            "99.990000" : 624951296
          }
        },
        "lat_ns" : {
          "min" : 80523,
          "max" : 2489486357,
          "mean" : 6684396.515735,
          "stddev" : 23331709.099583,
          "N" : 35233456
        },
        "bw_min" : 115,
        "bw_max" : 1212111,
        "bw_agg" : 14.452799,
        "bw_mean" : 67887.537846,
        "bw_dev" : 2649.969468,
        "bw_samples" : 35233456,
        "iops_min" : 32,
        "iops_max" : 32,
        "iops_mean" : 32.000000,
        "iops_stddev" : 0.000000,
        "iops_samples" : 35233456
      },
      "write" : {
        "io_bytes" : 0,
        "io_kbytes" : 0,
        "bw_bytes" : 0,
        "bw" : 0,
        "iops" : 0.000000,
        "runtime" : 0,
        "total_ios" : 0,
        "short_ios" : 0,
        "drop_ios" : 0,
        "slat_ns" : {
          "min" : 0,
          "max" : 0,
          "mean" : 0.000000,
          "stddev" : 0.000000,
          "N" : 0
        },
        "clat_ns" : {
          "min" : 0,
          "max" : 0,
          "mean" : 0.000000,
          "stddev" : 0.000000,
          "N" : 0
        },
        "lat_ns" : {
          "min" : 0,
          "max" : 0,
          "mean" : 0.000000,
          "stddev" : 0.000000,
          "N" : 0
        },
        "bw_min" : 0,
        "bw_max" : 0,
        "bw_agg" : 0.000000,
        "bw_mean" : 0.000000,
        "bw_dev" : 0.000000,
        "bw_samples" : 0,
        "iops_min" : 0,
        "iops_max" : 0,
        "iops_mean" : 0.000000,
        "iops_stddev" : 0.000000,
        "iops_samples" : 0
      },
      "trim" : {
        "io_bytes" : 0,
        "io_kbytes" : 0,
        "bw_bytes" : 0,
        "bw" : 0,
        "iops" : 0.000000,
        "runtime" : 0,
        "total_ios" : 0,
        "short_ios" : 0,
        "drop_ios" : 0,
        "slat_ns" : {
          "min" : 0,
          "max" : 0,
          "mean" : 0.000000,
          "stddev" : 0.000000,
          "N" : 0
        },
        "clat_ns" : {
          "min" : 0,
          "max" : 0,
          "mean" : 0.000000,
          "stddev" : 0.000000,
          "N" : 0
        },
        "lat_ns" : {
          "min" : 0,
          "max" : 0,
          "mean" : 0.000000,
          "stddev" : 0.000000,
          "N" : 0
        },
        "bw_min" : 0,
        "bw_max" : 0,
        "bw_agg" : 0.000000,
        "bw_mean" : 0.000000,
        "bw_dev" : 0.000000,
        "bw_samples" : 0,
        "iops_min" : 0,
        "iops_max" : 0,
        "iops_mean" : 0.000000,
        "iops_stddev" : 0.000000,
        "iops_samples" : 0
      },
      "sync" : {
        "total_ios" : 0,
        "lat_ns" : {
          "min" : 0,
          "max" : 0,
          "mean" : 0.000000,
          "stddev" : 0.000000,
          "N" : 0
        }
      },
      "job_runtime" : 5926402,
      "usr_cpu" : 1.904241,
      "sys_cpu" : 1.818186,
      "ctx" : 29905731,
      "majf" : 0,
      "minf" : 284718,
      "iodepth_level" : {
        "1" : 0.100000,
        "2" : 0.100000,
        "4" : 0.100000,
        "8" : 0.100000,
        "16" : 0.100000,
        "32" : 99.977115,
        ">=64" : 0.000000
      },
      "iodepth_submit" : {
        "0" : 0.000000,
        "4" : 100.000000,
        "8" : 0.000000,
        "16" : 0.000000,
        "32" : 0.000000,
        "64" : 0.000000,
        ">=64" : 0.000000
      },
      "iodepth_complete" : {
        "0" : 0.100000,
        "4" : 99.999939,
        "8" : 0.000000,
        "16" : 0.000000,
        "32" : 0.000000,
        "64" : 0.100000,
        ">=64" : 0.000000
      },
      "latency_ns" : {
        "2" : 0.000000,
        "4" : 0.000000,
        "10" : 0.000000,
        "20" : 0.000000,
        "50" : 0.000000,
        "100" : 0.000000,
        "250" : 0.000000,
        "500" : 0.000000,
        "750" : 0.000000,
        "1000" : 0.000000
      },
      "latency_us" : {
        "2" : 0.000000,
        "4" : 0.000000,
        "10" : 0.000000,
        "20" : 0.000000,
        "50" : 0.000000,
        "100" : 0.010000,
        "250" : 0.488096,
        "500" : 3.464739,
        "750" : 5.260774,
        "1000" : 5.977902
      },
      "latency_ms" : {
        "2" : 22.123782,
        "4" : 25.459946,
        "10" : 24.373494,
        "20" : 9.802888,
        "50" : 1.542330,
        "100" : 0.706706,
        "250" : 0.583279,
        "500" : 0.190371,
        "750" : 0.025434,
        "1000" : 0.010000,
        "2000" : 0.010000,
        ">=2000" : 0.010000
      },
      "latency_depth" : 40,
      "latency_target" : 0,
      "latency_percentile" : 100.000000,
      "latency_window" : 0
    }
  ],
  "disk_util" : [
    {
      "name" : "sda",
      "read_ios" : 0,
      "write_ios" : 9153,
      "read_sectors" : 0,
      "write_sectors" : 8673056,
      "read_merges" : 0,
      "write_merges" : 7318,
      "read_ticks" : 0,
      "write_ticks" : 60155,
      "in_queue" : 60635,
      "util" : 2.594786
    }
  ]
}
