{
  "fio version" : "fio-3.39-26-ga72fe",
  "timestamp" : 1747198655,
  "timestamp_ms" : 1747198655657,
  "time" : "Wed May 14 04:57:35 2025",
  "global options" : {
    "write_iops_log" : "classic_1osd_32fio_rc_1procs_randread",
    "write_bw_log" : "classic_1osd_32fio_rc_1procs_randread",
    "write_lat_log" : "classic_1osd_32fio_rc_1procs_randread",
    "ioengine" : "rbd",
    "bs" : "4k",
    "rw" : "randread",
    "direct" : "1",
    "runtime" : "5m",
    "time_based" : "",
    "group_reporting" : "",
    "ramp_time" : "30s",
    "thread" : "1",
    "iodepth" : "32",
    "clientname" : "admin",
    "pool" : "rbd"
  },
  "jobs" : [
    {
      "jobname" : "fio_test_0",
      "groupid" : 0,
      "job_start" : 1747198346163,
      "error" : 110,
      "eta" : 0,
      "elapsed" : 340,
      "job options" : {
        "max_latency" : "1s",
        "numjobs" : "1",
        "rbdname" : "fio_test_31"
      },
      "read" : {
        "io_bytes" : 142557638656,
        "io_kbytes" : 139216444,
        "bw_bytes" : 475087609,
        "bw" : 463952,
        "iops" : 115984.879993,
        "runtime" : 300066,
        "total_ios" : 34803119,
        "short_ios" : 0,
        "drop_ios" : 0,
        "slat_ns" : {
          "min" : 425,
          "max" : 1094432,
          "mean" : 2088.921653,
          "stddev" : 984.502379,
          "N" : 34803119
        },
        "clat_ns" : {
          "min" : 80824,
          "max" : 1465834790,
          "mean" : 7661244.797770,
          "stddev" : 28108066.227512,
          "N" : 34804111,
          "percentile" : {
            "1.000000" : 280576,
            "5.000000" : 518144,
            "10.000000" : 741376,
            "20.000000" : 1155072,
            "30.000000" : 1597440,
            "40.000000" : 2146304,
            "50.000000" : 2801664,
            "60.000000" : 3719168,
            "70.000000" : 5079040,
            "80.000000" : 7307264,
            "90.000000" : 11599872,
            "95.000000" : 15794176,
            "99.000000" : 121110528,
            "99.500000" : 208666624,
            "99.900000" : 404750336,
            "99.950000" : 484442112,
            "99.990000" : 633339904
          }
        },
        "lat_ns" : {
          "min" : 82566,
          "max" : 1465839276,
          "mean" : 7663333.724859,
          "stddev" : 28108120.079314,
          "N" : 34804111
        },
        "bw_min" : 133,
        "bw_max" : 1358978,
        "bw_agg" : 16.376883,
        "bw_mean" : 75981.214828,
        "bw_dev" : 2839.538826,
        "bw_samples" : 34804111,
        "iops_min" : 32,
        "iops_max" : 32,
        "iops_mean" : 32.000000,
        "iops_stddev" : 0.000000,
        "iops_samples" : 34804111
      },
      "write" : {
        "io_bytes" : 0,
        "io_kbytes" : 0,
        "bw_bytes" : 0,
        "bw" : 0,
        "iops" : 0.000000,
        "runtime" : 0,
        "total_ios" : 0,
        "short_ios" : 0,
        "drop_ios" : 0,
        "slat_ns" : {
          "min" : 0,
          "max" : 0,
          "mean" : 0.000000,
          "stddev" : 0.000000,
          "N" : 0
        },
        "clat_ns" : {
          "min" : 0,
          "max" : 0,
          "mean" : 0.000000,
          "stddev" : 0.000000,
          "N" : 0
        },
        "lat_ns" : {
          "min" : 0,
          "max" : 0,
          "mean" : 0.000000,
          "stddev" : 0.000000,
          "N" : 0
        },
        "bw_min" : 0,
        "bw_max" : 0,
        "bw_agg" : 0.000000,
        "bw_mean" : 0.000000,
        "bw_dev" : 0.000000,
        "bw_samples" : 0,
        "iops_min" : 0,
        "iops_max" : 0,
        "iops_mean" : 0.000000,
        "iops_stddev" : 0.000000,
        "iops_samples" : 0
      },
      "trim" : {
        "io_bytes" : 0,
        "io_kbytes" : 0,
        "bw_bytes" : 0,
        "bw" : 0,
        "iops" : 0.000000,
        "runtime" : 0,
        "total_ios" : 0,
        "short_ios" : 0,
        "drop_ios" : 0,
        "slat_ns" : {
          "min" : 0,
          "max" : 0,
          "mean" : 0.000000,
          "stddev" : 0.000000,
          "N" : 0
        },
        "clat_ns" : {
          "min" : 0,
          "max" : 0,
          "mean" : 0.000000,
          "stddev" : 0.000000,
          "N" : 0
        },
        "lat_ns" : {
          "min" : 0,
          "max" : 0,
          "mean" : 0.000000,
          "stddev" : 0.000000,
          "N" : 0
        },
        "bw_min" : 0,
        "bw_max" : 0,
        "bw_agg" : 0.000000,
        "bw_mean" : 0.000000,
        "bw_dev" : 0.000000,
        "bw_samples" : 0,
        "iops_min" : 0,
        "iops_max" : 0,
        "iops_mean" : 0.000000,
        "iops_stddev" : 0.000000,
        "iops_samples" : 0
      },
      "sync" : {
        "total_ios" : 0,
        "lat_ns" : {
          "min" : 0,
          "max" : 0,
          "mean" : 0.000000,
          "stddev" : 0.000000,
          "N" : 0
        }
      },
      "job_runtime" : 8371204,
      "usr_cpu" : 1.389071,
      "sys_cpu" : 1.324983,
      "ctx" : 30100164,
      "majf" : 0,
      "minf" : 432667,
      "iodepth_level" : {
        "1" : 0.100000,
        "2" : 0.100000,
        "4" : 0.100000,
        "8" : 0.100000,
        "16" : 0.100000,
        "32" : 99.972744,
        ">=64" : 0.000000
      },
      "iodepth_submit" : {
        "0" : 0.000000,
        "4" : 100.000000,
        "8" : 0.000000,
        "16" : 0.000000,
        "32" : 0.000000,
        "64" : 0.000000,
        ">=64" : 0.000000
      },
      "iodepth_complete" : {
        "0" : 0.100000,
        "4" : 99.999945,
        "8" : 0.000000,
        "16" : 0.000000,
        "32" : 0.100000,
        "64" : 0.000000,
        ">=64" : 0.000000
      },
      "latency_ns" : {
        "2" : 0.000000,
        "4" : 0.000000,
        "10" : 0.000000,
        "20" : 0.000000,
        "50" : 0.000000,
        "100" : 0.000000,
        "250" : 0.000000,
        "500" : 0.000000,
        "750" : 0.000000,
        "1000" : 0.000000
      },
      "latency_us" : {
        "2" : 0.000000,
        "4" : 0.000000,
        "10" : 0.000000,
        "20" : 0.000000,
        "50" : 0.000000,
        "100" : 0.010000,
        "250" : 0.647002,
        "500" : 4.015427,
        "750" : 5.604294,
        "1000" : 6.051846
      },
      "latency_ms" : {
        "2" : 21.414454,
        "4" : 24.823315,
        "10" : 24.393995,
        "20" : 9.376912,
        "50" : 1.645637,
        "100" : 0.824027,
        "250" : 0.846068,
        "500" : 0.316348,
        "750" : 0.040238,
        "1000" : 0.010000,
        "2000" : 0.010000,
        ">=2000" : 0.000000
      },
      "latency_depth" : 32,
      "latency_target" : 0,
      "latency_percentile" : 100.000000,
      "latency_window" : 0
    }
  ],
  "disk_util" : [
    {
      "name" : "sda",
      "read_ios" : 0,
      "write_ios" : 8467,
      "read_sectors" : 0,
      "write_sectors" : 8501920,
      "read_merges" : 0,
      "write_merges" : 6844,
      "read_ticks" : 0,
      "write_ticks" : 58360,
      "in_queue" : 58800,
      "util" : 2.548304
    }
  ]
}
