{
  "fio version" : "fio-3.39-26-ga72fe",
  "timestamp" : 1747197971,
  "timestamp_ms" : 1747197971272,
  "time" : "Wed May 14 04:46:11 2025",
  "global options" : {
    "write_iops_log" : "classic_1osd_32fio_rc_1procs_randread",
    "write_bw_log" : "classic_1osd_32fio_rc_1procs_randread",
    "write_lat_log" : "classic_1osd_32fio_rc_1procs_randread",
    "ioengine" : "rbd",
    "bs" : "4k",
    "rw" : "randread",
    "direct" : "1",
    "runtime" : "5m",
    "time_based" : "",
    "group_reporting" : "",
    "ramp_time" : "30s",
    "thread" : "1",
    "iodepth" : "16",
    "clientname" : "admin",
    "pool" : "rbd"
  },
  "jobs" : [
    {
      "jobname" : "fio_test_0",
      "groupid" : 0,
      "job_start" : 1747197661697,
      "error" : 0,
      "eta" : 0,
      "elapsed" : 340,
      "job options" : {
        "max_latency" : "1s",
        "numjobs" : "1",
        "rbdname" : "fio_test_31"
      },
      "read" : {
        "io_bytes" : 141558550528,
        "io_kbytes" : 138240772,
        "bw_bytes" : 471828807,
        "bw" : 460770,
        "iops" : 115190.979965,
        "runtime" : 300021,
        "total_ios" : 34559713,
        "short_ios" : 0,
        "drop_ios" : 0,
        "slat_ns" : {
          "min" : 421,
          "max" : 3807705,
          "mean" : 2294.394105,
          "stddev" : 1265.274839,
          "N" : 34559713
        },
        "clat_ns" : {
          "min" : 79616,
          "max" : 382535391,
          "mean" : 4435685.263039,
          "stddev" : 9224368.316601,
          "N" : 34560193,
          "percentile" : {
            "1.000000" : 220160,
            "5.000000" : 362496,
            "10.000000" : 509952,
            "20.000000" : 806912,
            "30.000000" : 1122304,
            "40.000000" : 1515520,
            "50.000000" : 2039808,
            "60.000000" : 2768896,
            "70.000000" : 3883008,
            "80.000000" : 5931008,
            "90.000000" : 10158080,
            "95.000000" : 13565952,
            "99.000000" : 40632320,
            "99.500000" : 65273856,
            "99.900000" : 124256256,
            "99.950000" : 149946368,
            "99.990000" : 202375168
          }
        },
        "lat_ns" : {
          "min" : 81546,
          "max" : 382537738,
          "mean" : 4437979.658546,
          "stddev" : 9224406.671363,
          "N" : 34560193
        },
        "bw_min" : 448,
        "bw_max" : 1305460,
        "bw_agg" : 23.115638,
        "bw_mean" : 106510.653643,
        "bw_dev" : 3769.195488,
        "bw_samples" : 34560193,
        "iops_min" : 32,
        "iops_max" : 32,
        "iops_mean" : 32.000000,
        "iops_stddev" : 0.000000,
        "iops_samples" : 34560193
      },
      "write" : {
        "io_bytes" : 0,
        "io_kbytes" : 0,
        "bw_bytes" : 0,
        "bw" : 0,
        "iops" : 0.000000,
        "runtime" : 0,
        "total_ios" : 0,
        "short_ios" : 0,
        "drop_ios" : 0,
        "slat_ns" : {
          "min" : 0,
          "max" : 0,
          "mean" : 0.000000,
          "stddev" : 0.000000,
          "N" : 0
        },
        "clat_ns" : {
          "min" : 0,
          "max" : 0,
          "mean" : 0.000000,
          "stddev" : 0.000000,
          "N" : 0
        },
        "lat_ns" : {
          "min" : 0,
          "max" : 0,
          "mean" : 0.000000,
          "stddev" : 0.000000,
          "N" : 0
        },
        "bw_min" : 0,
        "bw_max" : 0,
        "bw_agg" : 0.000000,
        "bw_mean" : 0.000000,
        "bw_dev" : 0.000000,
        "bw_samples" : 0,
        "iops_min" : 0,
        "iops_max" : 0,
        "iops_mean" : 0.000000,
        "iops_stddev" : 0.000000,
        "iops_samples" : 0
      },
      "trim" : {
        "io_bytes" : 0,
        "io_kbytes" : 0,
        "bw_bytes" : 0,
        "bw" : 0,
        "iops" : 0.000000,
        "runtime" : 0,
        "total_ios" : 0,
        "short_ios" : 0,
        "drop_ios" : 0,
        "slat_ns" : {
          "min" : 0,
          "max" : 0,
          "mean" : 0.000000,
          "stddev" : 0.000000,
          "N" : 0
        },
        "clat_ns" : {
          "min" : 0,
          "max" : 0,
          "mean" : 0.000000,
          "stddev" : 0.000000,
          "N" : 0
        },
        "lat_ns" : {
          "min" : 0,
          "max" : 0,
          "mean" : 0.000000,
          "stddev" : 0.000000,
          "N" : 0
        },
        "bw_min" : 0,
        "bw_max" : 0,
        "bw_agg" : 0.000000,
        "bw_mean" : 0.000000,
        "bw_dev" : 0.000000,
        "bw_samples" : 0,
        "iops_min" : 0,
        "iops_max" : 0,
        "iops_mean" : 0.000000,
        "iops_stddev" : 0.000000,
        "iops_samples" : 0
      },
      "sync" : {
        "total_ios" : 0,
        "lat_ns" : {
          "min" : 0,
          "max" : 0,
          "mean" : 0.000000,
          "stddev" : 0.000000,
          "N" : 0
        }
      },
      "job_runtime" : 9600403,
      "usr_cpu" : 1.368068,
      "sys_cpu" : 1.226209,
      "ctx" : 31218598,
      "majf" : 0,
      "minf" : 640093,
      "iodepth_level" : {
        "1" : 0.100000,
        "2" : 0.100000,
        "4" : 0.100000,
        "8" : 0.100000,
        "16" : 99.986545,
        "32" : 0.000000,
        ">=64" : 0.000000
      },
      "iodepth_submit" : {
        "0" : 0.000000,
        "4" : 100.000000,
        "8" : 0.000000,
        "16" : 0.000000,
        "32" : 0.000000,
        "64" : 0.000000,
        ">=64" : 0.000000
      },
      "iodepth_complete" : {
        "0" : 0.000000,
        "4" : 99.999954,
        "8" : 0.000000,
        "16" : 0.100000,
        "32" : 0.000000,
        "64" : 0.000000,
        ">=64" : 0.000000
      },
      "latency_ns" : {
        "2" : 0.000000,
        "4" : 0.000000,
        "10" : 0.000000,
        "20" : 0.000000,
        "50" : 0.000000,
        "100" : 0.000000,
        "250" : 0.000000,
        "500" : 0.000000,
        "750" : 0.000000,
        "1000" : 0.000000
      },
      "latency_us" : {
        "2" : 0.000000,
        "4" : 0.000000,
        "10" : 0.000000,
        "20" : 0.000000,
        "50" : 0.000000,
        "100" : 0.010000,
        "250" : 1.772283,
        "500" : 7.824255,
        "750" : 8.588457,
        "1000" : 8.010747
      },
      "latency_ms" : {
        "2" : 23.253932,
        "4" : 21.258244,
        "10" : 19.003393,
        "20" : 8.191986,
        "50" : 1.336050,
        "100" : 0.565913,
        "250" : 0.194203,
        "500" : 0.010000,
        "750" : 0.000000,
        "1000" : 0.000000,
        "2000" : 0.000000,
        ">=2000" : 0.000000
      },
      "latency_depth" : 16,
      "latency_target" : 0,
      "latency_percentile" : 100.000000,
      "latency_window" : 0
    }
  ],
  "disk_util" : [
    {
      "name" : "sda",
      "read_ios" : 0,
      "write_ios" : 7965,
      "read_sectors" : 0,
      "write_sectors" : 8503112,
      "read_merges" : 0,
      "write_merges" : 5788,
      "read_ticks" : 0,
      "write_ticks" : 58308,
      "in_queue" : 58799,
      "util" : 2.557460
    }
  ]
}
