{
  "fio version" : "fio-3.39-26-ga72fe",
  "timestamp" : 1747744715,
  "timestamp_ms" : 1747744715303,
  "time" : "Tue May 20 12:38:35 2025",
  "global options" : {
    "write_iops_log" : "sea_1osd_56reactor_32fio_bal_osd_rc_1procs_randread",
    "write_bw_log" : "sea_1osd_56reactor_32fio_bal_osd_rc_1procs_randread",
    "write_lat_log" : "sea_1osd_56reactor_32fio_bal_osd_rc_1procs_randread",
    "ioengine" : "rbd",
    "bs" : "4k",
    "rw" : "randread",
    "direct" : "1",
    "runtime" : "5m",
    "time_based" : "",
    "group_reporting" : "",
    "ramp_time" : "30s",
    "thread" : "1",
    "iodepth" : "4",
    "clientname" : "admin",
    "pool" : "rbd"
  },
  "jobs" : [
    {
      "jobname" : "fio_test_0",
      "groupid" : 0,
      "job_start" : 1747744387050,
      "error" : 0,
      "eta" : 0,
      "elapsed" : 359,
      "job options" : {
        "max_latency" : "1s",
        "numjobs" : "1",
        "rbdname" : "fio_test_31"
      },
      "read" : {
        "io_bytes" : 308386017280,
        "io_kbytes" : 301158220,
        "bw_bytes" : 1027949964,
        "bw" : 1003857,
        "iops" : 250964.026787,
        "runtime" : 300001,
        "total_ios" : 75289459,
        "short_ios" : 0,
        "drop_ios" : 0,
        "slat_ns" : {
          "min" : 421,
          "max" : 6271572,
          "mean" : 2770.991324,
          "stddev" : 1352.823794,
          "N" : 75289459
        },
        "clat_ns" : {
          "min" : 15196,
          "max" : 13086144,
          "mean" : 505644.781004,
          "stddev" : 239924.580917,
          "N" : 75289555,
          "percentile" : {
            "1.000000" : 193536,
            "5.000000" : 222208,
            "10.000000" : 248832,
            "20.000000" : 305152,
            "30.000000" : 354304,
            "40.000000" : 403456,
            "50.000000" : 452608,
            "60.000000" : 514048,
            "70.000000" : 585728,
            "80.000000" : 675840,
            "90.000000" : 823296,
            "95.000000" : 962560,
            "99.000000" : 1269760,
            "99.500000" : 1417216,
            "99.900000" : 1744896,
            "99.950000" : 1908736,
            "99.990000" : 2408448
          }
        },
        "lat_ns" : {
          "min" : 132238,
          "max" : 13088787,
          "mean" : 508415.772669,
          "stddev" : 239924.439502,
          "N" : 75289555
        },
        "bw_min" : 17434,
        "bw_max" : 1288012,
        "bw_agg" : 30.860160,
        "bw_mean" : 309792.702942,
        "bw_dev" : 4139.793172,
        "bw_samples" : 75289555,
        "iops_min" : 32,
        "iops_max" : 32,
        "iops_mean" : 32.000000,
        "iops_stddev" : 0.000000,
        "iops_samples" : 75289555
      },
      "write" : {
        "io_bytes" : 0,
        "io_kbytes" : 0,
        "bw_bytes" : 0,
        "bw" : 0,
        "iops" : 0.000000,
        "runtime" : 0,
        "total_ios" : 0,
        "short_ios" : 0,
        "drop_ios" : 0,
        "slat_ns" : {
          "min" : 0,
          "max" : 0,
          "mean" : 0.000000,
          "stddev" : 0.000000,
          "N" : 0
        },
        "clat_ns" : {
          "min" : 0,
          "max" : 0,
          "mean" : 0.000000,
          "stddev" : 0.000000,
          "N" : 0
        },
        "lat_ns" : {
          "min" : 0,
          "max" : 0,
          "mean" : 0.000000,
          "stddev" : 0.000000,
          "N" : 0
        },
        "bw_min" : 0,
        "bw_max" : 0,
        "bw_agg" : 0.000000,
        "bw_mean" : 0.000000,
        "bw_dev" : 0.000000,
        "bw_samples" : 0,
        "iops_min" : 0,
        "iops_max" : 0,
        "iops_mean" : 0.000000,
        "iops_stddev" : 0.000000,
        "iops_samples" : 0
      },
      "trim" : {
        "io_bytes" : 0,
        "io_kbytes" : 0,
        "bw_bytes" : 0,
        "bw" : 0,
        "iops" : 0.000000,
        "runtime" : 0,
        "total_ios" : 0,
        "short_ios" : 0,
        "drop_ios" : 0,
        "slat_ns" : {
          "min" : 0,
          "max" : 0,
          "mean" : 0.000000,
          "stddev" : 0.000000,
          "N" : 0
        },
        "clat_ns" : {
          "min" : 0,
          "max" : 0,
          "mean" : 0.000000,
          "stddev" : 0.000000,
          "N" : 0
        },
        "lat_ns" : {
          "min" : 0,
          "max" : 0,
          "mean" : 0.000000,
          "stddev" : 0.000000,
          "N" : 0
        },
        "bw_min" : 0,
        "bw_max" : 0,
        "bw_agg" : 0.000000,
        "bw_mean" : 0.000000,
        "bw_dev" : 0.000000,
        "bw_samples" : 0,
        "iops_min" : 0,
        "iops_max" : 0,
        "iops_mean" : 0.000000,
        "iops_stddev" : 0.000000,
        "iops_samples" : 0
      },
      "sync" : {
        "total_ios" : 0,
        "lat_ns" : {
          "min" : 0,
          "max" : 0,
          "mean" : 0.000000,
          "stddev" : 0.000000,
          "N" : 0
        }
      },
      "job_runtime" : 9600000,
      "usr_cpu" : 3.594042,
      "sys_cpu" : 2.901844,
      "ctx" : 59348016,
      "majf" : 0,
      "minf" : 2146763,
      "iodepth_level" : {
        "1" : 0.100000,
        "2" : 0.100000,
        "4" : 99.998625,
        "8" : 0.000000,
        "16" : 0.000000,
        "32" : 0.000000,
        ">=64" : 0.000000
      },
      "iodepth_submit" : {
        "0" : 0.000000,
        "4" : 100.000000,
        "8" : 0.000000,
        "16" : 0.000000,
        "32" : 0.000000,
        "64" : 0.000000,
        ">=64" : 0.000000
      },
      "iodepth_complete" : {
        "0" : 0.000000,
        "4" : 100.000000,
        "8" : 0.000000,
        "16" : 0.000000,
        "32" : 0.000000,
        "64" : 0.000000,
        ">=64" : 0.000000
      },
      "latency_ns" : {
        "2" : 0.000000,
        "4" : 0.000000,
        "10" : 0.000000,
        "20" : 0.000000,
        "50" : 0.000000,
        "100" : 0.000000,
        "250" : 0.000000,
        "500" : 0.000000,
        "750" : 0.000000,
        "1000" : 0.000000
      },
      "latency_us" : {
        "2" : 0.000000,
        "4" : 0.000000,
        "10" : 0.000000,
        "20" : 0.010000,
        "50" : 0.010000,
        "100" : 0.000000,
        "250" : 10.177726,
        "500" : 47.721453,
        "750" : 27.740804,
        "1000" : 10.202925
      },
      "latency_ms" : {
        "2" : 4.121843,
        "4" : 0.034857,
        "10" : 0.010000,
        "20" : 0.010000,
        "50" : 0.000000,
        "100" : 0.000000,
        "250" : 0.000000,
        "500" : 0.000000,
        "750" : 0.000000,
        "1000" : 0.000000,
        "2000" : 0.000000,
        ">=2000" : 0.000000
      },
      "latency_depth" : 4,
      "latency_target" : 0,
      "latency_percentile" : 100.000000,
      "latency_window" : 0
    }
  ],
  "disk_util" : [
    {
      "name" : "sda",
      "read_ios" : 1,
      "write_ios" : 13157,
      "read_sectors" : 8,
      "write_sectors" : 18415976,
      "read_merges" : 0,
      "write_merges" : 7843,
      "read_ticks" : 24,
      "write_ticks" : 123427,
      "in_queue" : 124160,
      "util" : 5.154222
    }
  ]
}
