{
    "nvme0n1p2": {
        "read_time_ms": 0,
        "reads_completed": 0,
        "write_time_ms": 92194356,
        "writes_completed": 17918943
    },
    "nvme1n1p2": {
        "read_time_ms": 0,
        "reads_completed": 0,
        "write_time_ms": 0,
        "writes_completed": 0
    },
    "nvme2n1p2": {
        "read_time_ms": 0,
        "reads_completed": 0,
        "write_time_ms": 92194653,
        "writes_completed": 17961070
    },
    "nvme3n1p2": {
        "read_time_ms": 0,
        "reads_completed": 0,
        "write_time_ms": 92195397,
        "writes_completed": 17944493
    },
    "nvme4n1p2": {
        "read_time_ms": 0,
        "reads_completed": 0,
        "write_time_ms": 92204333,
        "writes_completed": 17962002
    },
    "nvme5n1p2": {
        "read_time_ms": 0,
        "reads_completed": 0,
        "write_time_ms": 92095307,
        "writes_completed": 17866601
    },
    "nvme6n1p2": {
        "read_time_ms": 0,
        "reads_completed": 0,
        "write_time_ms": 92195765,
        "writes_completed": 17933893
    },
    "nvme7n1p2": {
        "read_time_ms": 0,
        "reads_completed": 0,
        "write_time_ms": 0,
        "writes_completed": 0
    },
    "nvme8n1p2": {
        "read_time_ms": 0,
        "reads_completed": 0,
        "write_time_ms": 92198761,
        "writes_completed": 17925627
    },
    "nvme9n1p2": {
        "read_time_ms": 0,
        "reads_completed": 0,
        "write_time_ms": 92216159,
        "writes_completed": 17033038
    }
}