{
    "osd_0": {
        "0": {
            "reactor": [
                "2475855",
                "2475916",
                "2475972"
            ]
        },
        "1": {
            "reactor": [
                "2475862",
                "2475917",
                "2476026"
            ]
        },
        "2": {
            "reactor": [
                "2475864",
                "2475924",
                "2475988"
            ]
        },
        "3": {
            "reactor": [
                "2475866",
                "2475927",
                "2476010"
            ]
        },
        "4": {
            "reactor": [
                "2475868",
                "2475920",
                "2475973"
            ]
        },
        "5": {
            "reactor": [
                "2475870",
                "2475932",
                "2475980"
            ]
        },
        "6": {
            "reactor": [
                "2475872",
                "2475935",
                "2475978"
            ]
        },
        "7": {
            "reactor": [
                "2475874",
                "2475921",
                "2475993"
            ]
        },
        "8": {
            "reactor": [
                "2475876",
                "2475930",
                "2475984"
            ]
        },
        "9": {
            "reactor": [
                "2475878",
                "2475938",
                "2475998"
            ]
        },
        "10": {
            "reactor": [
                "2475880",
                "2475928",
                "2476025"
            ]
        },
        "11": {
            "reactor": [
                "2475882",
                "2475922",
                "2475982"
            ]
        },
        "12": {
            "reactor": [
                "2475884",
                "2475937",
                "2475986"
            ]
        },
        "13": {
            "reactor": [
                "2475886",
                "2475925",
                "2476006"
            ]
        },
        "14": {
            "reactor": [
                "2475888",
                "2475940",
                "2475990"
            ]
        },
        "15": {
            "reactor": [
                "2475890",
                "2475945",
                "2476016"
            ]
        },
        "16": {
            "reactor": [
                "2475892",
                "2475949",
                "2475991"
            ]
        },
        "17": {
            "reactor": [
                "2475894",
                "2475948",
                "2476004"
            ]
        },
        "18": {
            "reactor": [
                "2475896",
                "2475952",
                "2475994"
            ]
        },
        "19": {
            "reactor": [
                "2475898",
                "2475947",
                "2476018"
            ]
        },
        "20": {
            "reactor": [
                "2475900",
                "2475941",
                "2476024"
            ]
        },
        "21": {
            "reactor": [
                "2475902",
                "2475960",
                "2476012"
            ]
        },
        "22": {
            "reactor": [
                "2475904",
                "2475962",
                "2476000"
            ]
        },
        "23": {
            "reactor": [
                "2475906",
                "2475964",
                "2476008"
            ]
        },
        "24": {
            "reactor": [
                "2475908",
                "2475961",
                "2476015"
            ]
        },
        "25": {
            "reactor": [
                "2475910",
                "2475958",
                "2476020"
            ]
        },
        "26": {
            "reactor": [
                "2475912",
                "2475971",
                "2476013"
            ]
        },
        "27": {
            "reactor": [
                "2475914",
                "2475963",
                "2475977"
            ]
        },
        "56": {
            "reactor": [
                "2475861",
                "2475918",
                "2475995"
            ]
        },
        "57": {
            "reactor": [
                "2475863",
                "2475919",
                "2476017"
            ]
        },
        "58": {
            "reactor": [
                "2475865",
                "2475923",
                "2475987"
            ]
        },
        "59": {
            "reactor": [
                "2475867",
                "2475929",
                "2475997"
            ]
        },
        "60": {
            "reactor": [
                "2475869",
                "2475926",
                "2475976"
            ]
        },
        "61": {
            "reactor": [
                "2475871",
                "2475944",
                "2475979"
            ]
        },
        "62": {
            "reactor": [
                "2475873",
                "2475936",
                "2476014"
            ]
        },
        "63": {
            "reactor": [
                "2475875",
                "2475931",
                "2475985"
            ]
        },
        "64": {
            "reactor": [
                "2475877",
                "2475939",
                "2476003"
            ]
        },
        "65": {
            "reactor": [
                "2475879",
                "2475934",
                "2475992"
            ]
        },
        "66": {
            "reactor": [
                "2475881",
                "2475943",
                "2476027"
            ]
        },
        "67": {
            "reactor": [
                "2475883",
                "2475933",
                "2476021"
            ]
        },
        "68": {
            "reactor": [
                "2475885",
                "2475946",
                "2475981"
            ]
        },
        "69": {
            "reactor": [
                "2475887",
                "2475950",
                "2475975"
            ]
        },
        "70": {
            "reactor": [
                "2475889",
                "2475942",
                "2476023"
            ]
        },
        "71": {
            "reactor": [
                "2475891",
                "2475953",
                "2475996"
            ]
        },
        "72": {
            "reactor": [
                "2475893",
                "2475951",
                "2475989"
            ]
        },
        "73": {
            "reactor": [
                "2475895",
                "2475954",
                "2475999"
            ]
        },
        "74": {
            "reactor": [
                "2475897",
                "2475955",
                "2476005"
            ]
        },
        "75": {
            "reactor": [
                "2475899",
                "2475956",
                "2476019"
            ]
        },
        "76": {
            "reactor": [
                "2475901",
                "2475959",
                "2476022"
            ]
        },
        "77": {
            "reactor": [
                "2475903",
                "2475957",
                "2476011"
            ]
        },
        "78": {
            "reactor": [
                "2475905",
                "2475966",
                "2476009"
            ]
        },
        "79": {
            "reactor": [
                "2475907",
                "2475968",
                "2476001"
            ]
        },
        "80": {
            "reactor": [
                "2475909",
                "2475967",
                "2476007"
            ]
        },
        "81": {
            "reactor": [
                "2475911",
                "2475965",
                "2475983"
            ]
        },
        "82": {
            "reactor": [
                "2475913",
                "2475970",
                "2475974"
            ]
        },
        "83": {
            "reactor": [
                "2475915",
                "2475969",
                "2476002"
            ]
        }
    }
}