[
    {
        "FIO": {
            "cpu": {
                "data": [
                    186.44666666666765,
                    810.6166666666567,
                    1455.76333333333,
                    1887.4700000000073,
                    1597.2333333333338,
                    1860.1366666666747,
                    1568.3700000000074,
                    1830.6033333333326,
                    1630.556666666664,
                    1837.0000000000082
                ],
                "index": 10,
                "time": [
                    "12:25:43",
                    "12:28:43",
                    "12:34:33",
                    "12:40:34",
                    "12:46:44",
                    "12:52:58",
                    "12:59:10",
                    "13:05:22",
                    "13:11:34",
                    "13:17:48"
                ],
                "total": 1871.0999999999988
            },
            "mem": {
                "data": [
                    52.079999999994776,
                    211.49999999997277,
                    363.00000000000887,
                    478.5000000000961,
                    523.4999999999435,
                    538.5000000000532,
                    496.50000000001336,
                    528.0000000000458,
                    516.0000000000181,
                    528.0000000000542
                ],
                "index": 10,
                "time": [
                    "12:25:43",
                    "12:28:43",
                    "12:34:33",
                    "12:40:34",
                    "12:46:44",
                    "12:52:58",
                    "12:59:10",
                    "13:05:22",
                    "13:11:34",
                    "13:17:48"
                ],
                "total": 1079.9999999999952
            }
        },
        "OSD": {
            "cpu": {
                "data": [
                    1064.3066666666673,
                    0.0,
                    0.0,
                    0.0,
                    0.0,
                    0.0,
                    0.0,
                    0.0,
                    0.0,
                    0.0
                ],
                "index": 10,
                "time": [
                    "12:25:43",
                    "12:28:43",
                    "12:34:33",
                    "12:40:34",
                    "12:46:44",
                    "12:52:58",
                    "12:59:10",
                    "13:05:22",
                    "13:11:34",
                    "13:17:48"
                ],
                "total": 0.0
            },
            "mem": {
                "data": [
                    1343.9466666666744,
                    0.0,
                    0.0,
                    0.0,
                    0.0,
                    0.0,
                    0.0,
                    0.0,
                    0.0,
                    0.0
                ],
                "index": 10,
                "time": [
                    "12:25:43",
                    "12:28:43",
                    "12:34:33",
                    "12:40:34",
                    "12:46:44",
                    "12:52:58",
                    "12:59:10",
                    "13:05:22",
                    "13:11:34",
                    "13:17:48"
                ],
                "total": 0.0
            }
        }
    }
]