{
  "fio version" : "fio-3.39-26-ga72fe",
  "timestamp" : 1750774668,
  "timestamp_ms" : 1750774668791,
  "time" : "Tue Jun 24 14:17:48 2025",
  "global options" : {
    "ioengine" : "rbd",
    "bs" : "4k",
    "rw" : "randread",
    "direct" : "1",
    "runtime" : "5m",
    "time_based" : "",
    "group_reporting" : "",
    "ramp_time" : "30s",
    "thread" : "1",
    "iodepth" : "40",
    "clientname" : "admin",
    "pool" : "rbd"
  },
  "jobs" : [
    {
      "jobname" : "fio_test_0",
      "groupid" : 0,
      "job_start" : 1750774368621,
      "error" : 0,
      "eta" : 0,
      "elapsed" : 331,
      "job options" : {
        "max_latency" : "1s",
        "numjobs" : "1",
        "rbdname" : "fio_test_31"
      },
      "read" : {
        "io_bytes" : 47352164352,
        "io_kbytes" : 46242348,
        "bw_bytes" : 157805830,
        "bw" : 154107,
        "iops" : 38522.655016,
        "runtime" : 300066,
        "total_ios" : 11559339,
        "short_ios" : 0,
        "drop_ios" : 0,
        "slat_ns" : {
          "min" : 432,
          "max" : 154514,
          "mean" : 4402.505399,
          "stddev" : 3151.910379,
          "N" : 11559339
        },
        "clat_ns" : {
          "min" : 138457,
          "max" : 897513792,
          "mean" : 33226830.636079,
          "stddev" : 72055320.305271,
          "N" : 11560587,
          "percentile" : {
            "1.000000" : 716800,
            "5.000000" : 2211840,
            "10.000000" : 3620864,
            "20.000000" : 5537792,
            "30.000000" : 7438336,
            "40.000000" : 9109504,
            "50.000000" : 11862016,
            "60.000000" : 16711680,
            "70.000000" : 21626880,
            "80.000000" : 27918336,
            "90.000000" : 65798144,
            "95.000000" : 149946368,
            "99.000000" : 404750336,
            "99.500000" : 484442112,
            "99.900000" : 633339904,
            "99.950000" : 717225984,
            "99.990000" : 834666496
          }
        },
        "lat_ns" : {
          "min" : 140427,
          "max" : 897515001,
          "mean" : 33231233.166946,
          "stddev" : 72055310.195798,
          "N" : 11560587
        },
        "bw_min" : 108406,
        "bw_max" : 203143,
        "bw_agg" : 100.000000,
        "bw_mean" : 154207.003164,
        "bw_dev" : 492.903437,
        "bw_samples" : 19179,
        "iops_min" : 27101,
        "iops_max" : 50785,
        "iops_mean" : 38550.609955,
        "iops_stddev" : 123.222641,
        "iops_samples" : 19179
      },
      "write" : {
        "io_bytes" : 0,
        "io_kbytes" : 0,
        "bw_bytes" : 0,
        "bw" : 0,
        "iops" : 0.000000,
        "runtime" : 0,
        "total_ios" : 0,
        "short_ios" : 0,
        "drop_ios" : 0,
        "slat_ns" : {
          "min" : 0,
          "max" : 0,
          "mean" : 0.000000,
          "stddev" : 0.000000,
          "N" : 0
        },
        "clat_ns" : {
          "min" : 0,
          "max" : 0,
          "mean" : 0.000000,
          "stddev" : 0.000000,
          "N" : 0
        },
        "lat_ns" : {
          "min" : 0,
          "max" : 0,
          "mean" : 0.000000,
          "stddev" : 0.000000,
          "N" : 0
        },
        "bw_min" : 0,
        "bw_max" : 0,
        "bw_agg" : 0.000000,
        "bw_mean" : 0.000000,
        "bw_dev" : 0.000000,
        "bw_samples" : 0,
        "iops_min" : 0,
        "iops_max" : 0,
        "iops_mean" : 0.000000,
        "iops_stddev" : 0.000000,
        "iops_samples" : 0
      },
      "trim" : {
        "io_bytes" : 0,
        "io_kbytes" : 0,
        "bw_bytes" : 0,
        "bw" : 0,
        "iops" : 0.000000,
        "runtime" : 0,
        "total_ios" : 0,
        "short_ios" : 0,
        "drop_ios" : 0,
        "slat_ns" : {
          "min" : 0,
          "max" : 0,
          "mean" : 0.000000,
          "stddev" : 0.000000,
          "N" : 0
        },
        "clat_ns" : {
          "min" : 0,
          "max" : 0,
          "mean" : 0.000000,
          "stddev" : 0.000000,
          "N" : 0
        },
        "lat_ns" : {
          "min" : 0,
          "max" : 0,
          "mean" : 0.000000,
          "stddev" : 0.000000,
          "N" : 0
        },
        "bw_min" : 0,
        "bw_max" : 0,
        "bw_agg" : 0.000000,
        "bw_mean" : 0.000000,
        "bw_dev" : 0.000000,
        "bw_samples" : 0,
        "iops_min" : 0,
        "iops_max" : 0,
        "iops_mean" : 0.000000,
        "iops_stddev" : 0.000000,
        "iops_samples" : 0
      },
      "sync" : {
        "total_ios" : 0,
        "lat_ns" : {
          "min" : 0,
          "max" : 0,
          "mean" : 0.000000,
          "stddev" : 0.000000,
          "N" : 0
        }
      },
      "job_runtime" : 9601941,
      "usr_cpu" : 0.856910,
      "sys_cpu" : 0.691131,
      "ctx" : 7953639,
      "majf" : 0,
      "minf" : 517,
      "iodepth_level" : {
        "1" : 0.000000,
        "2" : 0.000000,
        "4" : 0.000000,
        "8" : 0.000000,
        "16" : 0.000000,
        "32" : 100.000000,
        ">=64" : 0.000000
      },
      "iodepth_submit" : {
        "0" : 0.000000,
        "4" : 100.000000,
        "8" : 0.000000,
        "16" : 0.000000,
        "32" : 0.000000,
        "64" : 0.000000,
        ">=64" : 0.000000
      },
      "iodepth_complete" : {
        "0" : 0.000000,
        "4" : 99.999862,
        "8" : 0.000000,
        "16" : 0.000000,
        "32" : 0.000000,
        "64" : 0.100000,
        ">=64" : 0.000000
      },
      "latency_ns" : {
        "2" : 0.000000,
        "4" : 0.000000,
        "10" : 0.000000,
        "20" : 0.000000,
        "50" : 0.000000,
        "100" : 0.000000,
        "250" : 0.000000,
        "500" : 0.000000,
        "750" : 0.000000,
        "1000" : 0.000000
      },
      "latency_us" : {
        "2" : 0.000000,
        "4" : 0.000000,
        "10" : 0.000000,
        "20" : 0.000000,
        "50" : 0.000000,
        "100" : 0.000000,
        "250" : 0.030806,
        "500" : 0.471074,
        "750" : 0.576495,
        "1000" : 0.655903
      },
      "latency_ms" : {
        "2" : 2.712205,
        "4" : 6.904452,
        "10" : 32.536739,
        "20" : 22.660595,
        "50" : 21.072416,
        "100" : 5.271512,
        "250" : 4.255200,
        "500" : 2.437934,
        "750" : 0.386423,
        "1000" : 0.039042,
        "2000" : 0.000000,
        ">=2000" : 0.000000
      },
      "latency_depth" : 40,
      "latency_target" : 0,
      "latency_percentile" : 100.000000,
      "latency_window" : 0
    }
  ],
  "disk_util" : [
    {
      "name" : "sda",
      "read_ios" : 0,
      "write_ios" : 3952,
      "read_sectors" : 0,
      "write_sectors" : 100784,
      "read_merges" : 0,
      "write_merges" : 5563,
      "read_ticks" : 0,
      "write_ticks" : 625,
      "in_queue" : 667,
      "util" : 0.088502
    }
  ]
}
