{
  "fio version" : "fio-3.39-26-ga72fe",
  "timestamp" : 1750772674,
  "timestamp_ms" : 1750772674911,
  "time" : "Tue Jun 24 13:44:34 2025",
  "global options" : {
    "ioengine" : "rbd",
    "bs" : "4k",
    "rw" : "randread",
    "direct" : "1",
    "runtime" : "5m",
    "time_based" : "",
    "group_reporting" : "",
    "ramp_time" : "30s",
    "thread" : "1",
    "iodepth" : "24",
    "clientname" : "admin",
    "pool" : "rbd"
  },
  "jobs" : [
    {
      "jobname" : "fio_test_0",
      "groupid" : 0,
      "job_start" : 1750772374746,
      "error" : 0,
      "eta" : 0,
      "elapsed" : 331,
      "job options" : {
        "max_latency" : "1s",
        "numjobs" : "1",
        "rbdname" : "fio_test_31"
      },
      "read" : {
        "io_bytes" : 48466579456,
        "io_kbytes" : 47330644,
        "bw_bytes" : 161537495,
        "bw" : 157751,
        "iops" : 39435.408772,
        "runtime" : 300033,
        "total_ios" : 11831924,
        "short_ios" : 0,
        "drop_ios" : 0,
        "slat_ns" : {
          "min" : 447,
          "max" : 548898,
          "mean" : 5053.289190,
          "stddev" : 3311.490062,
          "N" : 11831925
        },
        "clat_ns" : {
          "min" : 142750,
          "max" : 480498553,
          "mean" : 19468166.975414,
          "stddev" : 24180402.432042,
          "N" : 11832660,
          "percentile" : {
            "1.000000" : 1236992,
            "5.000000" : 3063808,
            "10.000000" : 4489216,
            "20.000000" : 6455296,
            "30.000000" : 8454144,
            "40.000000" : 10420224,
            "50.000000" : 13041664,
            "60.000000" : 16449536,
            "70.000000" : 20054016,
            "80.000000" : 23986176,
            "90.000000" : 36962304,
            "95.000000" : 58982400,
            "99.000000" : 131596288,
            "99.500000" : 168820736,
            "99.900000" : 235929600,
            "99.950000" : 263192576,
            "99.990000" : 329252864
          }
        },
        "lat_ns" : {
          "min" : 145410,
          "max" : 480499641,
          "mean" : 19473220.284430,
          "stddev" : 24180388.669149,
          "N" : 11832660
        },
        "bw_min" : 113191,
        "bw_max" : 197698,
        "bw_agg" : 100.000000,
        "bw_mean" : 157842.448061,
        "bw_dev" : 421.254548,
        "bw_samples" : 19179,
        "iops_min" : 28297,
        "iops_max" : 49423,
        "iops_mean" : 39459.360337,
        "iops_stddev" : 105.309447,
        "iops_samples" : 19179
      },
      "write" : {
        "io_bytes" : 0,
        "io_kbytes" : 0,
        "bw_bytes" : 0,
        "bw" : 0,
        "iops" : 0.000000,
        "runtime" : 0,
        "total_ios" : 0,
        "short_ios" : 0,
        "drop_ios" : 0,
        "slat_ns" : {
          "min" : 0,
          "max" : 0,
          "mean" : 0.000000,
          "stddev" : 0.000000,
          "N" : 0
        },
        "clat_ns" : {
          "min" : 0,
          "max" : 0,
          "mean" : 0.000000,
          "stddev" : 0.000000,
          "N" : 0
        },
        "lat_ns" : {
          "min" : 0,
          "max" : 0,
          "mean" : 0.000000,
          "stddev" : 0.000000,
          "N" : 0
        },
        "bw_min" : 0,
        "bw_max" : 0,
        "bw_agg" : 0.000000,
        "bw_mean" : 0.000000,
        "bw_dev" : 0.000000,
        "bw_samples" : 0,
        "iops_min" : 0,
        "iops_max" : 0,
        "iops_mean" : 0.000000,
        "iops_stddev" : 0.000000,
        "iops_samples" : 0
      },
      "trim" : {
        "io_bytes" : 0,
        "io_kbytes" : 0,
        "bw_bytes" : 0,
        "bw" : 0,
        "iops" : 0.000000,
        "runtime" : 0,
        "total_ios" : 0,
        "short_ios" : 0,
        "drop_ios" : 0,
        "slat_ns" : {
          "min" : 0,
          "max" : 0,
          "mean" : 0.000000,
          "stddev" : 0.000000,
          "N" : 0
        },
        "clat_ns" : {
          "min" : 0,
          "max" : 0,
          "mean" : 0.000000,
          "stddev" : 0.000000,
          "N" : 0
        },
        "lat_ns" : {
          "min" : 0,
          "max" : 0,
          "mean" : 0.000000,
          "stddev" : 0.000000,
          "N" : 0
        },
        "bw_min" : 0,
        "bw_max" : 0,
        "bw_agg" : 0.000000,
        "bw_mean" : 0.000000,
        "bw_dev" : 0.000000,
        "bw_samples" : 0,
        "iops_min" : 0,
        "iops_max" : 0,
        "iops_mean" : 0.000000,
        "iops_stddev" : 0.000000,
        "iops_samples" : 0
      },
      "sync" : {
        "total_ios" : 0,
        "lat_ns" : {
          "min" : 0,
          "max" : 0,
          "mean" : 0.000000,
          "stddev" : 0.000000,
          "N" : 0
        }
      },
      "job_runtime" : 9600840,
      "usr_cpu" : 0.929762,
      "sys_cpu" : 0.887516,
      "ctx" : 7929022,
      "majf" : 0,
      "minf" : 448,
      "iodepth_level" : {
        "1" : 0.000000,
        "2" : 0.000000,
        "4" : 0.000000,
        "8" : 0.000000,
        "16" : 100.000000,
        "32" : 0.000000,
        ">=64" : 0.000000
      },
      "iodepth_submit" : {
        "0" : 0.000000,
        "4" : 100.000000,
        "8" : 0.000000,
        "16" : 0.000000,
        "32" : 0.000000,
        "64" : 0.000000,
        ">=64" : 0.000000
      },
      "iodepth_complete" : {
        "0" : 0.000000,
        "4" : 99.999865,
        "8" : 0.000000,
        "16" : 0.000000,
        "32" : 0.100000,
        "64" : 0.000000,
        ">=64" : 0.000000
      },
      "latency_ns" : {
        "2" : 0.000000,
        "4" : 0.000000,
        "10" : 0.000000,
        "20" : 0.000000,
        "50" : 0.000000,
        "100" : 0.000000,
        "250" : 0.000000,
        "500" : 0.000000,
        "750" : 0.000000,
        "1000" : 0.000000
      },
      "latency_us" : {
        "2" : 0.000000,
        "4" : 0.000000,
        "10" : 0.000000,
        "20" : 0.000000,
        "50" : 0.000000,
        "100" : 0.000000,
        "250" : 0.010000,
        "500" : 0.136740,
        "750" : 0.229126,
        "1000" : 0.309121
      },
      "latency_ms" : {
        "2" : 1.706722,
        "4" : 5.526734,
        "10" : 30.553737,
        "20" : 32.069611,
        "50" : 22.940538,
        "100" : 4.666942,
        "250" : 1.790926,
        "500" : 0.069312,
        "750" : 0.000000,
        "1000" : 0.000000,
        "2000" : 0.000000,
        ">=2000" : 0.000000
      },
      "latency_depth" : 24,
      "latency_target" : 0,
      "latency_percentile" : 100.000000,
      "latency_window" : 0
    }
  ],
  "disk_util" : [
    {
      "name" : "sda",
      "read_ios" : 0,
      "write_ios" : 3927,
      "read_sectors" : 0,
      "write_sectors" : 94792,
      "read_merges" : 0,
      "write_merges" : 5568,
      "read_ticks" : 0,
      "write_ticks" : 599,
      "in_queue" : 637,
      "util" : 0.096079
    }
  ]
}
