{
  "fio version" : "fio-3.39-26-ga72fe",
  "timestamp" : 1750775665,
  "timestamp_ms" : 1750775665852,
  "time" : "Tue Jun 24 14:34:25 2025",
  "global options" : {
    "ioengine" : "rbd",
    "bs" : "4k",
    "rw" : "randread",
    "direct" : "1",
    "runtime" : "5m",
    "time_based" : "",
    "group_reporting" : "",
    "ramp_time" : "30s",
    "thread" : "1",
    "iodepth" : "52",
    "clientname" : "admin",
    "pool" : "rbd"
  },
  "jobs" : [
    {
      "jobname" : "fio_test_0",
      "groupid" : 0,
      "job_start" : 1750775365725,
      "error" : 110,
      "eta" : 0,
      "elapsed" : 331,
      "job options" : {
        "max_latency" : "1s",
        "numjobs" : "1",
        "rbdname" : "fio_test_31"
      },
      "read" : {
        "io_bytes" : 49142140928,
        "io_kbytes" : 47990372,
        "bw_bytes" : 163787481,
        "bw" : 159948,
        "iops" : 39981.738858,
        "runtime" : 300036,
        "total_ios" : 11995961,
        "short_ios" : 0,
        "drop_ios" : 0,
        "slat_ns" : {
          "min" : 423,
          "max" : 177475,
          "mean" : 3472.522555,
          "stddev" : 2555.947434,
          "N" : 11995961
        },
        "clat_ns" : {
          "min" : 135152,
          "max" : 1705993550,
          "mean" : 22809095.470487,
          "stddev" : 56338423.365963,
          "N" : 11997593,
          "percentile" : {
            "1.000000" : 684032,
            "5.000000" : 1892352,
            "10.000000" : 2965504,
            "20.000000" : 4554752,
            "30.000000" : 6062080,
            "40.000000" : 7569408,
            "50.000000" : 9502720,
            "60.000000" : 13041664,
            "70.000000" : 17170432,
            "80.000000" : 21626880,
            "90.000000" : 35913728,
            "95.000000" : 68681728,
            "99.000000" : 329252864,
            "99.500000" : 450887680,
            "99.900000" : 608174080,
            "99.950000" : 683671552,
            "99.990000" : 893386752
          }
        },
        "lat_ns" : {
          "min" : 136930,
          "max" : 1705994838,
          "mean" : 22812568.049127,
          "stddev" : 56338421.822212,
          "N" : 11997593
        },
        "bw_min" : 72168,
        "bw_max" : 307550,
        "bw_agg" : 100.000000,
        "bw_mean" : 225377.814325,
        "bw_dev" : 1351.970138,
        "bw_samples" : 10501,
        "iops_min" : 18041,
        "iops_max" : 76886,
        "iops_mean" : 56343.543665,
        "iops_stddev" : 337.992523,
        "iops_samples" : 10501
      },
      "write" : {
        "io_bytes" : 0,
        "io_kbytes" : 0,
        "bw_bytes" : 0,
        "bw" : 0,
        "iops" : 0.000000,
        "runtime" : 0,
        "total_ios" : 0,
        "short_ios" : 0,
        "drop_ios" : 0,
        "slat_ns" : {
          "min" : 0,
          "max" : 0,
          "mean" : 0.000000,
          "stddev" : 0.000000,
          "N" : 0
        },
        "clat_ns" : {
          "min" : 0,
          "max" : 0,
          "mean" : 0.000000,
          "stddev" : 0.000000,
          "N" : 0
        },
        "lat_ns" : {
          "min" : 0,
          "max" : 0,
          "mean" : 0.000000,
          "stddev" : 0.000000,
          "N" : 0
        },
        "bw_min" : 0,
        "bw_max" : 0,
        "bw_agg" : 0.000000,
        "bw_mean" : 0.000000,
        "bw_dev" : 0.000000,
        "bw_samples" : 0,
        "iops_min" : 0,
        "iops_max" : 0,
        "iops_mean" : 0.000000,
        "iops_stddev" : 0.000000,
        "iops_samples" : 0
      },
      "trim" : {
        "io_bytes" : 0,
        "io_kbytes" : 0,
        "bw_bytes" : 0,
        "bw" : 0,
        "iops" : 0.000000,
        "runtime" : 0,
        "total_ios" : 0,
        "short_ios" : 0,
        "drop_ios" : 0,
        "slat_ns" : {
          "min" : 0,
          "max" : 0,
          "mean" : 0.000000,
          "stddev" : 0.000000,
          "N" : 0
        },
        "clat_ns" : {
          "min" : 0,
          "max" : 0,
          "mean" : 0.000000,
          "stddev" : 0.000000,
          "N" : 0
        },
        "lat_ns" : {
          "min" : 0,
          "max" : 0,
          "mean" : 0.000000,
          "stddev" : 0.000000,
          "N" : 0
        },
        "bw_min" : 0,
        "bw_max" : 0,
        "bw_agg" : 0.000000,
        "bw_mean" : 0.000000,
        "bw_dev" : 0.000000,
        "bw_samples" : 0,
        "iops_min" : 0,
        "iops_max" : 0,
        "iops_mean" : 0.000000,
        "iops_stddev" : 0.000000,
        "iops_samples" : 0
      },
      "sync" : {
        "total_ios" : 0,
        "lat_ns" : {
          "min" : 0,
          "max" : 0,
          "mean" : 0.000000,
          "stddev" : 0.000000,
          "N" : 0
        }
      },
      "job_runtime" : 5260202,
      "usr_cpu" : 1.218908,
      "sys_cpu" : 1.108608,
      "ctx" : 7054357,
      "majf" : 0,
      "minf" : 368,
      "iodepth_level" : {
        "1" : 0.000000,
        "2" : 0.000000,
        "4" : 0.000000,
        "8" : 0.000000,
        "16" : 0.000000,
        "32" : 100.000000,
        ">=64" : 0.000000
      },
      "iodepth_submit" : {
        "0" : 0.000000,
        "4" : 100.000000,
        "8" : 0.000000,
        "16" : 0.000000,
        "32" : 0.000000,
        "64" : 0.000000,
        ">=64" : 0.000000
      },
      "iodepth_complete" : {
        "0" : 0.100000,
        "4" : 99.999804,
        "8" : 0.000000,
        "16" : 0.000000,
        "32" : 0.000000,
        "64" : 0.100000,
        ">=64" : 0.000000
      },
      "latency_ns" : {
        "2" : 0.000000,
        "4" : 0.000000,
        "10" : 0.000000,
        "20" : 0.000000,
        "50" : 0.000000,
        "100" : 0.000000,
        "250" : 0.000000,
        "500" : 0.000000,
        "750" : 0.000000,
        "1000" : 0.000000
      },
      "latency_us" : {
        "2" : 0.000000,
        "4" : 0.000000,
        "10" : 0.000000,
        "20" : 0.000000,
        "50" : 0.000000,
        "100" : 0.000000,
        "250" : 0.064288,
        "500" : 0.494683,
        "750" : 0.604595,
        "1000" : 0.780254
      },
      "latency_ms" : {
        "2" : 3.690367,
        "4" : 10.274141,
        "10" : 35.400482,
        "20" : 25.457877,
        "50" : 16.176862,
        "100" : 3.665000,
        "250" : 1.887552,
        "500" : 1.167485,
        "750" : 0.319116,
        "1000" : 0.029335,
        "2000" : 0.010000,
        ">=2000" : 0.000000
      },
      "latency_depth" : 52,
      "latency_target" : 0,
      "latency_percentile" : 100.000000,
      "latency_window" : 0
    }
  ],
  "disk_util" : [
    {
      "name" : "sda",
      "read_ios" : 0,
      "write_ios" : 3681,
      "read_sectors" : 0,
      "write_sectors" : 98152,
      "read_merges" : 0,
      "write_merges" : 5563,
      "read_ticks" : 0,
      "write_ticks" : 586,
      "in_queue" : 625,
      "util" : 0.087581
    }
  ]
}
