{
  "fio version" : "fio-3.39-26-ga72fe",
  "timestamp" : 1750772010,
  "timestamp_ms" : 1750772010216,
  "time" : "Tue Jun 24 13:33:30 2025",
  "global options" : {
    "ioengine" : "rbd",
    "bs" : "4k",
    "rw" : "randread",
    "direct" : "1",
    "runtime" : "5m",
    "time_based" : "",
    "group_reporting" : "",
    "ramp_time" : "30s",
    "thread" : "1",
    "iodepth" : "8",
    "clientname" : "admin",
    "pool" : "rbd"
  },
  "jobs" : [
    {
      "jobname" : "fio_test_0",
      "groupid" : 0,
      "job_start" : 1750771710073,
      "error" : 0,
      "eta" : 0,
      "elapsed" : 331,
      "job options" : {
        "max_latency" : "1s",
        "numjobs" : "1",
        "rbdname" : "fio_test_31"
      },
      "read" : {
        "io_bytes" : 47872253952,
        "io_kbytes" : 46750248,
        "bw_bytes" : 159569924,
        "bw" : 155830,
        "iops" : 38956.754487,
        "runtime" : 300008,
        "total_ios" : 11687338,
        "short_ios" : 0,
        "drop_ios" : 0,
        "slat_ns" : {
          "min" : 425,
          "max" : 512462,
          "mean" : 5030.865730,
          "stddev" : 3546.384584,
          "N" : 11687338
        },
        "clat_ns" : {
          "min" : 141998,
          "max" : 69944924,
          "mean" : 6564506.679445,
          "stddev" : 2987258.845789,
          "N" : 11687562,
          "percentile" : {
            "1.000000" : 872448,
            "5.000000" : 1941504,
            "10.000000" : 2867200,
            "20.000000" : 3981312,
            "30.000000" : 4947968,
            "40.000000" : 5537792,
            "50.000000" : 6455296,
            "60.000000" : 7045120,
            "70.000000" : 8028160,
            "80.000000" : 8978432,
            "90.000000" : 10420224,
            "95.000000" : 11599872,
            "99.000000" : 14483456,
            "99.500000" : 15532032,
            "99.900000" : 19005440,
            "99.950000" : 20840448,
            "99.990000" : 25559040
          }
        },
        "lat_ns" : {
          "min" : 144866,
          "max" : 69946960,
          "mean" : 6569537.553724,
          "stddev" : 2987264.029784,
          "N" : 11687562
        },
        "bw_min" : 130515,
        "bw_max" : 177549,
        "bw_agg" : 100.000000,
        "bw_mean" : 155904.213136,
        "bw_dev" : 239.652931,
        "bw_samples" : 19179,
        "iops_min" : 32628,
        "iops_max" : 44387,
        "iops_mean" : 38975.170348,
        "iops_stddev" : 59.910840,
        "iops_samples" : 19179
      },
      "write" : {
        "io_bytes" : 0,
        "io_kbytes" : 0,
        "bw_bytes" : 0,
        "bw" : 0,
        "iops" : 0.000000,
        "runtime" : 0,
        "total_ios" : 0,
        "short_ios" : 0,
        "drop_ios" : 0,
        "slat_ns" : {
          "min" : 0,
          "max" : 0,
          "mean" : 0.000000,
          "stddev" : 0.000000,
          "N" : 0
        },
        "clat_ns" : {
          "min" : 0,
          "max" : 0,
          "mean" : 0.000000,
          "stddev" : 0.000000,
          "N" : 0
        },
        "lat_ns" : {
          "min" : 0,
          "max" : 0,
          "mean" : 0.000000,
          "stddev" : 0.000000,
          "N" : 0
        },
        "bw_min" : 0,
        "bw_max" : 0,
        "bw_agg" : 0.000000,
        "bw_mean" : 0.000000,
        "bw_dev" : 0.000000,
        "bw_samples" : 0,
        "iops_min" : 0,
        "iops_max" : 0,
        "iops_mean" : 0.000000,
        "iops_stddev" : 0.000000,
        "iops_samples" : 0
      },
      "trim" : {
        "io_bytes" : 0,
        "io_kbytes" : 0,
        "bw_bytes" : 0,
        "bw" : 0,
        "iops" : 0.000000,
        "runtime" : 0,
        "total_ios" : 0,
        "short_ios" : 0,
        "drop_ios" : 0,
        "slat_ns" : {
          "min" : 0,
          "max" : 0,
          "mean" : 0.000000,
          "stddev" : 0.000000,
          "N" : 0
        },
        "clat_ns" : {
          "min" : 0,
          "max" : 0,
          "mean" : 0.000000,
          "stddev" : 0.000000,
          "N" : 0
        },
        "lat_ns" : {
          "min" : 0,
          "max" : 0,
          "mean" : 0.000000,
          "stddev" : 0.000000,
          "N" : 0
        },
        "bw_min" : 0,
        "bw_max" : 0,
        "bw_agg" : 0.000000,
        "bw_mean" : 0.000000,
        "bw_dev" : 0.000000,
        "bw_samples" : 0,
        "iops_min" : 0,
        "iops_max" : 0,
        "iops_mean" : 0.000000,
        "iops_stddev" : 0.000000,
        "iops_samples" : 0
      },
      "sync" : {
        "total_ios" : 0,
        "lat_ns" : {
          "min" : 0,
          "max" : 0,
          "mean" : 0.000000,
          "stddev" : 0.000000,
          "N" : 0
        }
      },
      "job_runtime" : 9600142,
      "usr_cpu" : 0.956746,
      "sys_cpu" : 0.797207,
      "ctx" : 8446075,
      "majf" : 0,
      "minf" : 655,
      "iodepth_level" : {
        "1" : 0.000000,
        "2" : 0.000000,
        "4" : 0.000000,
        "8" : 100.000000,
        "16" : 0.000000,
        "32" : 0.000000,
        ">=64" : 0.000000
      },
      "iodepth_submit" : {
        "0" : 0.000000,
        "4" : 100.000000,
        "8" : 0.000000,
        "16" : 0.000000,
        "32" : 0.000000,
        "64" : 0.000000,
        ">=64" : 0.000000
      },
      "iodepth_complete" : {
        "0" : 0.000000,
        "4" : 99.999863,
        "8" : 0.100000,
        "16" : 0.000000,
        "32" : 0.000000,
        "64" : 0.000000,
        ">=64" : 0.000000
      },
      "latency_ns" : {
        "2" : 0.000000,
        "4" : 0.000000,
        "10" : 0.000000,
        "20" : 0.000000,
        "50" : 0.000000,
        "100" : 0.000000,
        "250" : 0.000000,
        "500" : 0.000000,
        "750" : 0.000000,
        "1000" : 0.000000
      },
      "latency_us" : {
        "2" : 0.000000,
        "4" : 0.000000,
        "10" : 0.000000,
        "20" : 0.000000,
        "50" : 0.000000,
        "100" : 0.000000,
        "250" : 0.014460,
        "500" : 0.251956,
        "750" : 0.454766,
        "1000" : 0.674011
      },
      "latency_ms" : {
        "2" : 4.054858,
        "4" : 14.942462,
        "10" : 67.165081,
        "20" : 12.374161,
        "50" : 0.069734,
        "100" : 0.010000,
        "250" : 0.000000,
        "500" : 0.000000,
        "750" : 0.000000,
        "1000" : 0.000000,
        "2000" : 0.000000,
        ">=2000" : 0.000000
      },
      "latency_depth" : 8,
      "latency_target" : 0,
      "latency_percentile" : 100.000000,
      "latency_window" : 0
    }
  ],
  "disk_util" : [
    {
      "name" : "sda",
      "read_ios" : 0,
      "write_ios" : 3956,
      "read_sectors" : 0,
      "write_sectors" : 94824,
      "read_merges" : 0,
      "write_merges" : 5512,
      "read_ticks" : 0,
      "write_ticks" : 595,
      "in_queue" : 634,
      "util" : 0.090011
    }
  ]
}
