{
  "fio version" : "fio-3.39-26-ga72fe",
  "timestamp" : 1750771345,
  "timestamp_ms" : 1750771345589,
  "time" : "Tue Jun 24 13:22:25 2025",
  "global options" : {
    "ioengine" : "rbd",
    "bs" : "4k",
    "rw" : "randread",
    "direct" : "1",
    "runtime" : "5m",
    "time_based" : "",
    "group_reporting" : "",
    "ramp_time" : "30s",
    "thread" : "1",
    "iodepth" : "2",
    "clientname" : "admin",
    "pool" : "rbd"
  },
  "jobs" : [
    {
      "jobname" : "fio_test_0",
      "groupid" : 0,
      "job_start" : 1750771045471,
      "error" : 0,
      "eta" : 0,
      "elapsed" : 331,
      "job options" : {
        "max_latency" : "1s",
        "numjobs" : "1",
        "rbdname" : "fio_test_31"
      },
      "read" : {
        "io_bytes" : 43234541568,
        "io_kbytes" : 42221232,
        "bw_bytes" : 144113697,
        "bw" : 140736,
        "iops" : 35183.898161,
        "runtime" : 300003,
        "total_ios" : 10555275,
        "short_ios" : 0,
        "drop_ios" : 0,
        "slat_ns" : {
          "min" : 503,
          "max" : 530044,
          "mean" : 4421.396332,
          "stddev" : 2826.393552,
          "N" : 10555276
        },
        "clat_ns" : {
          "min" : 138180,
          "max" : 7568423,
          "mean" : 1813014.502998,
          "stddev" : 771807.496604,
          "N" : 10555307,
          "percentile" : {
            "1.000000" : 354304,
            "5.000000" : 610304,
            "10.000000" : 823296,
            "20.000000" : 1122304,
            "30.000000" : 1368064,
            "40.000000" : 1564672,
            "50.000000" : 1777664,
            "60.000000" : 1974272,
            "70.000000" : 2179072,
            "80.000000" : 2473984,
            "90.000000" : 2834432,
            "95.000000" : 3129344,
            "99.000000" : 3817472,
            "99.500000" : 4014080,
            "99.900000" : 4554752,
            "99.950000" : 4751360,
            "99.990000" : 5210112
          }
        },
        "lat_ns" : {
          "min" : 140350,
          "max" : 7569711,
          "mean" : 1817435.894411,
          "stddev" : 771878.837024,
          "N" : 10555307
        },
        "bw_min" : 131311,
        "bw_max" : 150778,
        "bw_agg" : 100.000000,
        "bw_mean" : 140789.594950,
        "bw_dev" : 99.988383,
        "bw_samples" : 19181,
        "iops_min" : 32827,
        "iops_max" : 37694,
        "iops_mean" : 35196.654992,
        "iops_stddev" : 25.003091,
        "iops_samples" : 19181
      },
      "write" : {
        "io_bytes" : 0,
        "io_kbytes" : 0,
        "bw_bytes" : 0,
        "bw" : 0,
        "iops" : 0.000000,
        "runtime" : 0,
        "total_ios" : 0,
        "short_ios" : 0,
        "drop_ios" : 0,
        "slat_ns" : {
          "min" : 0,
          "max" : 0,
          "mean" : 0.000000,
          "stddev" : 0.000000,
          "N" : 0
        },
        "clat_ns" : {
          "min" : 0,
          "max" : 0,
          "mean" : 0.000000,
          "stddev" : 0.000000,
          "N" : 0
        },
        "lat_ns" : {
          "min" : 0,
          "max" : 0,
          "mean" : 0.000000,
          "stddev" : 0.000000,
          "N" : 0
        },
        "bw_min" : 0,
        "bw_max" : 0,
        "bw_agg" : 0.000000,
        "bw_mean" : 0.000000,
        "bw_dev" : 0.000000,
        "bw_samples" : 0,
        "iops_min" : 0,
        "iops_max" : 0,
        "iops_mean" : 0.000000,
        "iops_stddev" : 0.000000,
        "iops_samples" : 0
      },
      "trim" : {
        "io_bytes" : 0,
        "io_kbytes" : 0,
        "bw_bytes" : 0,
        "bw" : 0,
        "iops" : 0.000000,
        "runtime" : 0,
        "total_ios" : 0,
        "short_ios" : 0,
        "drop_ios" : 0,
        "slat_ns" : {
          "min" : 0,
          "max" : 0,
          "mean" : 0.000000,
          "stddev" : 0.000000,
          "N" : 0
        },
        "clat_ns" : {
          "min" : 0,
          "max" : 0,
          "mean" : 0.000000,
          "stddev" : 0.000000,
          "N" : 0
        },
        "lat_ns" : {
          "min" : 0,
          "max" : 0,
          "mean" : 0.000000,
          "stddev" : 0.000000,
          "N" : 0
        },
        "bw_min" : 0,
        "bw_max" : 0,
        "bw_agg" : 0.000000,
        "bw_mean" : 0.000000,
        "bw_dev" : 0.000000,
        "bw_samples" : 0,
        "iops_min" : 0,
        "iops_max" : 0,
        "iops_mean" : 0.000000,
        "iops_stddev" : 0.000000,
        "iops_samples" : 0
      },
      "sync" : {
        "total_ios" : 0,
        "lat_ns" : {
          "min" : 0,
          "max" : 0,
          "mean" : 0.000000,
          "stddev" : 0.000000,
          "N" : 0
        }
      },
      "job_runtime" : 9600030,
      "usr_cpu" : 0.772977,
      "sys_cpu" : 0.679956,
      "ctx" : 9562023,
      "majf" : 0,
      "minf" : 543,
      "iodepth_level" : {
        "1" : 0.000000,
        "2" : 100.000000,
        "4" : 0.000000,
        "8" : 0.000000,
        "16" : 0.000000,
        "32" : 0.000000,
        ">=64" : 0.000000
      },
      "iodepth_submit" : {
        "0" : 0.000000,
        "4" : 100.000000,
        "8" : 0.000000,
        "16" : 0.000000,
        "32" : 0.000000,
        "64" : 0.000000,
        ">=64" : 0.000000
      },
      "iodepth_complete" : {
        "0" : 0.000000,
        "4" : 100.000000,
        "8" : 0.000000,
        "16" : 0.000000,
        "32" : 0.000000,
        "64" : 0.000000,
        ">=64" : 0.000000
      },
      "latency_ns" : {
        "2" : 0.000000,
        "4" : 0.000000,
        "10" : 0.000000,
        "20" : 0.000000,
        "50" : 0.000000,
        "100" : 0.000000,
        "250" : 0.000000,
        "500" : 0.000000,
        "750" : 0.000000,
        "1000" : 0.000000
      },
      "latency_us" : {
        "2" : 0.000000,
        "4" : 0.000000,
        "10" : 0.000000,
        "20" : 0.000000,
        "50" : 0.000000,
        "100" : 0.000000,
        "250" : 0.137097,
        "500" : 2.851712,
        "750" : 5.095215,
        "1000" : 7.657205
      },
      "latency_ms" : {
        "2" : 45.419196,
        "4" : 38.281021,
        "10" : 0.558858,
        "20" : 0.000000,
        "50" : 0.000000,
        "100" : 0.000000,
        "250" : 0.000000,
        "500" : 0.000000,
        "750" : 0.000000,
        "1000" : 0.000000,
        "2000" : 0.000000,
        ">=2000" : 0.000000
      },
      "latency_depth" : 2,
      "latency_target" : 0,
      "latency_percentile" : 100.000000,
      "latency_window" : 0
    }
  ],
  "disk_util" : [
    {
      "name" : "sda",
      "read_ios" : 0,
      "write_ios" : 3885,
      "read_sectors" : 0,
      "write_sectors" : 95584,
      "read_merges" : 0,
      "write_merges" : 5553,
      "read_ticks" : 0,
      "write_ticks" : 604,
      "in_queue" : 643,
      "util" : 0.089701
    }
  ]
}
