{
    "osd_0": {
        "0": {
            "reactor": [
                "299952",
                "299964",
                "299968"
            ]
        },
        "1": {
            "reactor": [
                "299962",
                "299967",
                "299971"
            ]
        },
        "56": {
            "reactor": [
                "299961",
                "299965",
                "299970"
            ]
        },
        "57": {
            "reactor": [
                "299963",
                "299966",
                "299969"
            ]
        }
    }
}