[
    {
        "FIO": {
            "cpu": {
                "data": [
                    275.70333333333537,
                    335.2933333333356,
                    366.9366666666679,
                    429.580000000002,
                    384.863333333336,
                    428.1933333333337,
                    422.19333333333685,
                    400.61666666667253,
                    393.7833333333345,
                    405.99000000000376,
                    397.78333333333757,
                    337.33000000000266,
                    340.79000000000286,
                    383.0066666666693,
                    305.4733333333345,
                    285.5033333333348,
                    316.08333333333513,
                    252.57333333333514
                ],
                "index": 18,
                "time": [
                    "13:13:19",
                    "13:18:52",
                    "13:24:24",
                    "13:29:56",
                    "13:35:29",
                    "13:41:01",
                    "13:46:33",
                    "13:52:06",
                    "13:57:38",
                    "14:03:10",
                    "14:08:43",
                    "14:14:15",
                    "14:19:47",
                    "14:25:20",
                    "14:30:52",
                    "14:36:24",
                    "14:41:57",
                    "14:47:29"
                ],
                "total": 288.30000000000007
            },
            "mem": {
                "data": [
                    0.0,
                    0.0,
                    0.0,
                    0.0,
                    0.0,
                    0.0,
                    0.0,
                    0.0,
                    0.0,
                    0.0,
                    0.0,
                    0.0,
                    0.0,
                    0.0,
                    0.0,
                    0.0,
                    0.0,
                    0.0
                ],
                "index": 18,
                "time": [
                    "13:13:19",
                    "13:18:52",
                    "13:24:24",
                    "13:29:56",
                    "13:35:29",
                    "13:41:01",
                    "13:46:33",
                    "13:52:06",
                    "13:57:38",
                    "14:03:10",
                    "14:08:43",
                    "14:14:15",
                    "14:19:47",
                    "14:25:20",
                    "14:30:52",
                    "14:36:24",
                    "14:41:57",
                    "14:47:29"
                ],
                "total": 0.0
            }
        },
        "OSD": {
            "cpu": {
                "data": [
                    358.2299999999998,
                    373.3999999999998,
                    375.5266666666664,
                    376.18333333333334,
                    378.3733333333332,
                    377.68666666666655,
                    377.8666666666666,
                    377.9399999999996,
                    378.183333333333,
                    377.39999999999975,
                    377.41333333333307,
                    377.42333333333323,
                    377.48333333333323,
                    377.61999999999995,
                    380.0133333333335,
                    382.26666666666665,
                    378.8899999999998,
                    380.0000000000001
                ],
                "index": 18,
                "time": [
                    "13:13:19",
                    "13:18:52",
                    "13:24:24",
                    "13:29:56",
                    "13:35:29",
                    "13:41:01",
                    "13:46:33",
                    "13:52:06",
                    "13:57:38",
                    "14:03:10",
                    "14:08:43",
                    "14:14:15",
                    "14:19:47",
                    "14:25:20",
                    "14:30:52",
                    "14:36:24",
                    "14:41:57",
                    "14:47:29"
                ],
                "total": 382.0
            },
            "mem": {
                "data": [
                    30.073333333333508,
                    32.00000000000023,
                    32.40000000000021,
                    32.40000000000021,
                    32.40000000000021,
                    32.40000000000021,
                    32.40000000000021,
                    32.40000000000021,
                    32.40000000000021,
                    32.40000000000021,
                    32.40000000000021,
                    32.40000000000021,
                    32.40000000000021,
                    37.04000000000009,
                    37.20000000000008,
                    37.20000000000008,
                    47.64,
                    51.47999999999967
                ],
                "index": 18,
                "time": [
                    "13:13:19",
                    "13:18:52",
                    "13:24:24",
                    "13:29:56",
                    "13:35:29",
                    "13:41:01",
                    "13:46:33",
                    "13:52:06",
                    "13:57:38",
                    "14:03:10",
                    "14:08:43",
                    "14:14:15",
                    "14:19:47",
                    "14:25:20",
                    "14:30:52",
                    "14:36:24",
                    "14:41:57",
                    "14:47:29"
                ],
                "total": 51.59999999999999
            }
        }
    }
]