{
  "workload": "rw",
  "workload_name": "rw",
  "test_prefix": "sea_1osd_4reactor_32fio_bal_osd_lt",
  "osd_type": "crimson",
  "num_procs": 1,
  "iodepth": "16",
  "numjobs": "4",
  "block_size_kb": "4k",
  "latency_target": true,
  "response_curve": false,
  "test_result": "sea_1osd_4reactor_32fio_bal_osd_lt_1procs_randwrite",
  "osd_cpu_avg": "sea_1osd_4reactor_32fio_bal_osd_lt_1procs_randwrite_cpu_avg.json",
  "osd_test_list": "sea_1osd_4reactor_32fio_bal_osd_lt_1procs_randwrite_list",
  "top_out_list": "sea_1osd_4reactor_32fio_bal_osd_lt_1procs_randwrite_top_list",
  "top_pid_list": "sea_1osd_4reactor_32fio_bal_osd_lt_1procs_randwrite_pid_list",
  "top_pid_json": "sea_1osd_4reactor_32fio_bal_osd_lt_1procs_randwrite_pid.json",
  "disk_stat": "sea_1osd_4reactor_32fio_bal_osd_lt_1procs_randwrite_diskstat.json",
  "disk_out": "sea_1osd_4reactor_32fio_bal_osd_lt_1procs_randwrite_diskstat.out"
}
