[
    {
        "FIO": {
            "cpu": {
                "data": [
                    139.5533333333328
                ],
                "index": 1,
                "time": [
                    "17:15:40"
                ],
                "total": 141.09999999999982
            },
            "mem": {
                "data": [
                    0.0
                ],
                "index": 1,
                "time": [
                    "17:15:40"
                ],
                "total": 0.0
            }
        },
        "OSD": {
            "cpu": {
                "data": [
                    368.16999999999973
                ],
                "index": 1,
                "time": [
                    "17:15:40"
                ],
                "total": 376.8
            },
            "mem": {
                "data": [
                    31.32000000000019
                ],
                "index": 1,
                "time": [
                    "17:15:40"
                ],
                "total": 32.4
            }
        }
    }
]