{
    "FIO": {
        "ceph_timer": {
            "cpu": [
                0.0,
                0.0,
                0.0,
                0.0,
                0.0,
                0.0,
                0.0,
                0.0,
                0.0,
                0.0,
                0.0,
                0.0,
                0.0,
                0.0,
                0.0,
                0.0,
                0.0,
                0.0,
                0.0,
                0.0,
                0.0,
                0.0,
                0.0,
                0.0,
                0.0,
                0.0,
                0.0,
                0.0,
                0.0,
                0.0
            ],
            "mem": [
                0.0,
                0.0,
                0.0,
                0.0,
                0.0,
                0.0,
                0.0,
                0.0,
                0.0,
                0.0,
                0.0,
                0.0,
                0.0,
                0.0,
                0.0,
                0.0,
                0.0,
                0.0,
                0.0,
                0.0,
                0.0,
                0.0,
                0.0,
                0.0,
                0.0,
                0.0,
                0.0,
                0.0,
                0.0,
                0.0
            ]
        },
        "fio": {
            "cpu": [
                0.0,
                24.699999999999992,
                25.299999999999994,
                23.699999999999992,
                27.099999999999998,
                23.19999999999999,
                25.4,
                22.999999999999993,
                25.899999999999995,
                22.899999999999988,
                26.199999999999996,
                24.699999999999992,
                23.39999999999999,
                24.599999999999994,
                23.39999999999999,
                25.199999999999996,
                23.39999999999999,
                24.999999999999993,
                24.39999999999999,
                23.39999999999999,
                24.599999999999994,
                24.599999999999994,
                24.39999999999999,
                23.19999999999999,
                24.699999999999992,
                23.599999999999994,
                23.79999999999999,
                24.599999999999994,
                23.699999999999992,
                23.699999999999992
            ],
            "mem": [
                0.0,
                0.0,
                0.0,
                0.0,
                0.0,
                0.0,
                0.0,
                0.0,
                0.0,
                0.0,
                0.0,
                0.0,
                0.0,
                0.0,
                0.0,
                0.0,
                0.0,
                0.0,
                0.0,
                0.0,
                0.0,
                0.0,
                0.0,
                0.0,
                0.0,
                0.0,
                0.0,
                0.0,
                0.0,
                0.0
            ]
        },
        "io_context_pool": {
            "cpu": [
                0.0,
                60.200000000000024,
                56.30000000000003,
                56.900000000000034,
                58.40000000000002,
                57.80000000000003,
                56.30000000000003,
                60.10000000000004,
                54.50000000000004,
                57.20000000000002,
                57.000000000000036,
                56.60000000000002,
                56.60000000000002,
                56.000000000000036,
                55.00000000000004,
                56.60000000000004,
                56.900000000000034,
                57.90000000000005,
                54.40000000000003,
                57.80000000000004,
                54.60000000000002,
                56.60000000000004,
                57.20000000000004,
                55.40000000000004,
                55.80000000000004,
                56.800000000000026,
                54.40000000000004,
                56.00000000000004,
                56.700000000000045,
                52.700000000000045
            ],
            "mem": [
                0.0,
                0.0,
                0.0,
                0.0,
                0.0,
                0.0,
                0.0,
                0.0,
                0.0,
                0.0,
                0.0,
                0.0,
                0.0,
                0.0,
                0.0,
                0.0,
                0.0,
                0.0,
                0.0,
                0.0,
                0.0,
                0.0,
                0.0,
                0.0,
                0.0,
                0.0,
                0.0,
                0.0,
                0.0,
                0.0
            ]
        },
        "log": {
            "cpu": [
                0.0,
                0.0,
                0.0,
                0.0,
                0.0,
                0.0,
                0.0,
                0.0,
                0.0,
                0.0,
                0.0,
                0.0,
                0.0,
                0.0,
                0.0,
                0.0,
                0.0,
                0.0,
                0.0,
                0.0,
                0.0,
                0.0,
                0.0,
                0.0,
                0.0,
                0.0,
                0.0,
                0.0,
                0.0,
                0.0
            ],
            "mem": [
                0.0,
                0.0,
                0.0,
                0.0,
                0.0,
                0.0,
                0.0,
                0.0,
                0.0,
                0.0,
                0.0,
                0.0,
                0.0,
                0.0,
                0.0,
                0.0,
                0.0,
                0.0,
                0.0,
                0.0,
                0.0,
                0.0,
                0.0,
                0.0,
                0.0,
                0.0,
                0.0,
                0.0,
                0.0,
                0.0
            ]
        },
        "ms_dispatch": {
            "cpu": [
                0.0,
                0.0,
                0.0,
                0.0,
                0.0,
                0.0,
                0.0,
                0.0,
                0.0,
                0.0,
                0.0,
                0.0,
                0.0,
                0.0,
                0.0,
                0.0,
                0.0,
                0.0,
                0.0,
                0.0,
                0.0,
                0.0,
                0.0,
                0.0,
                0.0,
                0.0,
                0.0,
                0.0,
                0.0,
                0.0
            ],
            "mem": [
                0.0,
                0.0,
                0.0,
                0.0,
                0.0,
                0.0,
                0.0,
                0.0,
                0.0,
                0.0,
                0.0,
                0.0,
                0.0,
                0.0,
                0.0,
                0.0,
                0.0,
                0.0,
                0.0,
                0.0,
                0.0,
                0.0,
                0.0,
                0.0,
                0.0,
                0.0,
                0.0,
                0.0,
                0.0,
                0.0
            ]
        },
        "msgr-worker": {
            "cpu": [
                0.0,
                71.29999999999997,
                67.19999999999996,
                69.89999999999996,
                72.09999999999998,
                69.69999999999999,
                68.79999999999995,
                68.39999999999996,
                71.4,
                68.89999999999996,
                70.29999999999998,
                65.99999999999997,
                67.39999999999998,
                70.79999999999998,
                65.79999999999997,
                68.89999999999998,
                66.99999999999997,
                68.89999999999996,
                66.89999999999996,
                67.79999999999995,
                69.29999999999997,
                69.29999999999998,
                68.59999999999997,
                65.79999999999998,
                67.09999999999997,
                71.39999999999998,
                63.399999999999984,
                69.39999999999999,
                66.69999999999996,
                64.69999999999997
            ],
            "mem": [
                0.0,
                0.0,
                0.0,
                0.0,
                0.0,
                0.0,
                0.0,
                0.0,
                0.0,
                0.0,
                0.0,
                0.0,
                0.0,
                0.0,
                0.0,
                0.0,
                0.0,
                0.0,
                0.0,
                0.0,
                0.0,
                0.0,
                0.0,
                0.0,
                0.0,
                0.0,
                0.0,
                0.0,
                0.0,
                0.0
            ]
        },
        "safe_timer": {
            "cpu": [
                0.0,
                0.0,
                0.0,
                0.0,
                0.0,
                0.0,
                0.0,
                0.0,
                0.0,
                0.0,
                0.0,
                0.0,
                0.0,
                0.0,
                0.0,
                0.0,
                0.0,
                0.0,
                0.0,
                0.0,
                0.0,
                0.0,
                0.0,
                0.0,
                0.0,
                0.0,
                0.0,
                0.0,
                0.0,
                0.0
            ],
            "mem": [
                0.0,
                0.0,
                0.0,
                0.0,
                0.0,
                0.0,
                0.0,
                0.0,
                0.0,
                0.0,
                0.0,
                0.0,
                0.0,
                0.0,
                0.0,
                0.0,
                0.0,
                0.0,
                0.0,
                0.0,
                0.0,
                0.0,
                0.0,
                0.0,
                0.0,
                0.0,
                0.0,
                0.0,
                0.0,
                0.0
            ]
        },
        "taskfin_librbd": {
            "cpu": [
                0.0,
                0.0,
                0.0,
                0.0,
                0.0,
                0.0,
                0.0,
                0.0,
                0.0,
                0.0,
                0.0,
                0.0,
                0.0,
                0.0,
                0.0,
                0.0,
                0.0,
                0.0,
                0.0,
                0.0,
                0.0,
                0.0,
                0.0,
                0.0,
                0.0,
                0.0,
                0.0,
                0.0,
                0.0,
                0.0
            ],
            "mem": [
                0.0,
                0.0,
                0.0,
                0.0,
                0.0,
                0.0,
                0.0,
                0.0,
                0.0,
                0.0,
                0.0,
                0.0,
                0.0,
                0.0,
                0.0,
                0.0,
                0.0,
                0.0,
                0.0,
                0.0,
                0.0,
                0.0,
                0.0,
                0.0,
                0.0,
                0.0,
                0.0,
                0.0,
                0.0,
                0.0
            ]
        }
    },
    "OSD": {
        "crimson-osd": {
            "cpu": [
                99.9,
                95.3,
                94.7,
                95.3,
                95.3,
                95.0,
                95.0,
                95.4,
                95.0,
                95.0,
                94.4,
                94.7,
                95.0,
                95.0,
                94.7,
                94.4,
                95.0,
                94.7,
                94.7,
                95.0,
                94.7,
                95.0,
                94.7,
                95.0,
                95.0,
                94.4,
                94.0,
                94.7,
                95.0,
                93.7
            ],
            "mem": [
                5.4,
                5.4,
                5.4,
                5.4,
                5.4,
                5.4,
                5.4,
                5.4,
                5.4,
                5.4,
                5.4,
                5.4,
                5.4,
                5.4,
                5.4,
                5.4,
                5.4,
                5.4,
                5.4,
                5.4,
                5.4,
                5.4,
                5.4,
                5.4,
                5.4,
                5.4,
                5.4,
                5.4,
                5.4,
                5.4
            ]
        },
        "reactor": {
            "cpu": [
                281.2,
                287.4,
                285.0,
                287.7,
                288.0,
                285.40000000000003,
                286.6,
                286.1,
                286.3,
                287.6,
                285.1,
                287.40000000000003,
                284.8,
                286.6,
                285.90000000000003,
                285.0,
                285.6,
                287.0,
                285.7,
                285.70000000000005,
                285.6,
                285.1,
                286.90000000000003,
                285.90000000000003,
                284.8,
                285.3,
                285.00000000000006,
                285.1,
                285.3,
                283.1
            ],
            "mem": [
                26.999999999999996,
                26.999999999999996,
                26.999999999999996,
                26.999999999999996,
                26.999999999999996,
                26.999999999999996,
                26.999999999999996,
                26.999999999999996,
                26.999999999999996,
                26.999999999999996,
                26.999999999999996,
                26.999999999999996,
                26.999999999999996,
                26.999999999999996,
                26.999999999999996,
                26.999999999999996,
                26.999999999999996,
                26.999999999999996,
                26.999999999999996,
                26.999999999999996,
                26.999999999999996,
                26.999999999999996,
                26.999999999999996,
                26.999999999999996,
                26.999999999999996,
                26.999999999999996,
                26.999999999999996,
                26.999999999999996,
                26.999999999999996,
                26.999999999999996
            ]
        }
    }
}