{
  "fio version" : "fio-3.39-26-ga72fe",
  "timestamp" : 1747159260,
  "timestamp_ms" : 1747159260011,
  "time" : "Tue May 13 18:01:00 2025",
  "global options" : {
    "write_iops_log" : "sea_1osd_56reactor_32fio_bal_osd_rc_1procs_randwrite",
    "write_bw_log" : "sea_1osd_56reactor_32fio_bal_osd_rc_1procs_randwrite",
    "write_lat_log" : "sea_1osd_56reactor_32fio_bal_osd_rc_1procs_randwrite",
    "ioengine" : "rbd",
    "bs" : "4k",
    "rw" : "randwrite",
    "direct" : "1",
    "runtime" : "5m",
    "time_based" : "",
    "group_reporting" : "",
    "ramp_time" : "30s",
    "thread" : "1",
    "iodepth" : "8",
    "clientname" : "admin",
    "pool" : "rbd"
  },
  "jobs" : [
    {
      "jobname" : "fio_test_0",
      "groupid" : 0,
      "job_start" : 1747158950509,
      "error" : 0,
      "eta" : 0,
      "elapsed" : 340,
      "job options" : {
        "max_latency" : "1s",
        "numjobs" : "1",
        "rbdname" : "fio_test_31"
      },
      "read" : {
        "io_bytes" : 0,
        "io_kbytes" : 0,
        "bw_bytes" : 0,
        "bw" : 0,
        "iops" : 0.000000,
        "runtime" : 0,
        "total_ios" : 0,
        "short_ios" : 0,
        "drop_ios" : 0,
        "slat_ns" : {
          "min" : 0,
          "max" : 0,
          "mean" : 0.000000,
          "stddev" : 0.000000,
          "N" : 0
        },
        "clat_ns" : {
          "min" : 0,
          "max" : 0,
          "mean" : 0.000000,
          "stddev" : 0.000000,
          "N" : 0
        },
        "lat_ns" : {
          "min" : 0,
          "max" : 0,
          "mean" : 0.000000,
          "stddev" : 0.000000,
          "N" : 0
        },
        "bw_min" : 0,
        "bw_max" : 0,
        "bw_agg" : 0.000000,
        "bw_mean" : 0.000000,
        "bw_dev" : 0.000000,
        "bw_samples" : 0,
        "iops_min" : 0,
        "iops_max" : 0,
        "iops_mean" : 0.000000,
        "iops_stddev" : 0.000000,
        "iops_samples" : 0
      },
      "write" : {
        "io_bytes" : 67967115264,
        "io_kbytes" : 66374136,
        "bw_bytes" : 226548744,
        "bw" : 221239,
        "iops" : 55309.005336,
        "runtime" : 300011,
        "total_ios" : 16593310,
        "short_ios" : 0,
        "drop_ios" : 0,
        "slat_ns" : {
          "min" : 1018,
          "max" : 284730,
          "mean" : 3813.227004,
          "stddev" : 1865.516261,
          "N" : 16593310
        },
        "clat_ns" : {
          "min" : 423307,
          "max" : 167016587,
          "mean" : 4620346.297632,
          "stddev" : 6814510.405012,
          "N" : 16593534,
          "percentile" : {
            "1.000000" : 634880,
            "5.000000" : 782336,
            "10.000000" : 987136,
            "20.000000" : 1318912,
            "30.000000" : 1613824,
            "40.000000" : 1957888,
            "50.000000" : 2342912,
            "60.000000" : 2899968,
            "70.000000" : 3915776,
            "80.000000" : 5996544,
            "90.000000" : 10551296,
            "95.000000" : 16056320,
            "99.000000" : 33423360,
            "99.500000" : 43778048,
            "99.900000" : 71827456,
            "99.950000" : 84410368,
            "99.990000" : 109576192
          }
        },
        "lat_ns" : {
          "min" : 425853,
          "max" : 167020123,
          "mean" : 4624159.539308,
          "stddev" : 6814511.577530,
          "N" : 16593534
        },
        "bw_min" : 841,
        "bw_max" : 294739,
        "bw_agg" : 29.251623,
        "bw_mean" : 64716.557907,
        "bw_dev" : 1461.073995,
        "bw_samples" : 16593534,
        "iops_min" : 32,
        "iops_max" : 32,
        "iops_mean" : 32.000000,
        "iops_stddev" : 0.000000,
        "iops_samples" : 16593534
      },
      "trim" : {
        "io_bytes" : 0,
        "io_kbytes" : 0,
        "bw_bytes" : 0,
        "bw" : 0,
        "iops" : 0.000000,
        "runtime" : 0,
        "total_ios" : 0,
        "short_ios" : 0,
        "drop_ios" : 0,
        "slat_ns" : {
          "min" : 0,
          "max" : 0,
          "mean" : 0.000000,
          "stddev" : 0.000000,
          "N" : 0
        },
        "clat_ns" : {
          "min" : 0,
          "max" : 0,
          "mean" : 0.000000,
          "stddev" : 0.000000,
          "N" : 0
        },
        "lat_ns" : {
          "min" : 0,
          "max" : 0,
          "mean" : 0.000000,
          "stddev" : 0.000000,
          "N" : 0
        },
        "bw_min" : 0,
        "bw_max" : 0,
        "bw_agg" : 0.000000,
        "bw_mean" : 0.000000,
        "bw_dev" : 0.000000,
        "bw_samples" : 0,
        "iops_min" : 0,
        "iops_max" : 0,
        "iops_mean" : 0.000000,
        "iops_stddev" : 0.000000,
        "iops_samples" : 0
      },
      "sync" : {
        "total_ios" : 0,
        "lat_ns" : {
          "min" : 0,
          "max" : 0,
          "mean" : 0.000000,
          "stddev" : 0.000000,
          "N" : 0
        }
      },
      "job_runtime" : 9600227,
      "usr_cpu" : 0.987758,
      "sys_cpu" : 0.704702,
      "ctx" : 14168097,
      "majf" : 0,
      "minf" : 725677,
      "iodepth_level" : {
        "1" : 0.100000,
        "2" : 0.100000,
        "4" : 0.100000,
        "8" : 99.988694,
        "16" : 0.000000,
        "32" : 0.000000,
        ">=64" : 0.000000
      },
      "iodepth_submit" : {
        "0" : 0.000000,
        "4" : 100.000000,
        "8" : 0.000000,
        "16" : 0.000000,
        "32" : 0.000000,
        "64" : 0.000000,
        ">=64" : 0.000000
      },
      "iodepth_complete" : {
        "0" : 0.000000,
        "4" : 99.999904,
        "8" : 0.100000,
        "16" : 0.000000,
        "32" : 0.000000,
        "64" : 0.000000,
        ">=64" : 0.000000
      },
      "latency_ns" : {
        "2" : 0.000000,
        "4" : 0.000000,
        "10" : 0.000000,
        "20" : 0.000000,
        "50" : 0.000000,
        "100" : 0.000000,
        "250" : 0.000000,
        "500" : 0.000000,
        "750" : 0.000000,
        "1000" : 0.000000
      },
      "latency_us" : {
        "2" : 0.000000,
        "4" : 0.000000,
        "10" : 0.000000,
        "20" : 0.000000,
        "50" : 0.000000,
        "100" : 0.000000,
        "250" : 0.000000,
        "500" : 0.021280,
        "750" : 3.975470,
        "1000" : 6.336102
      },
      "latency_ms" : {
        "2" : 31.381219,
        "4" : 29.079557,
        "10" : 18.447658,
        "20" : 7.475802,
        "50" : 2.932290,
        "100" : 0.333773,
        "250" : 0.018200,
        "500" : 0.000000,
        "750" : 0.000000,
        "1000" : 0.000000,
        "2000" : 0.000000,
        ">=2000" : 0.000000
      },
      "latency_depth" : 8,
      "latency_target" : 0,
      "latency_percentile" : 100.000000,
      "latency_window" : 0
    }
  ],
  "disk_util" : [
    {
      "name" : "sda",
      "read_ios" : 1,
      "write_ios" : 7654,
      "read_sectors" : 8,
      "write_sectors" : 4177544,
      "read_merges" : 0,
      "write_merges" : 6020,
      "read_ticks" : 0,
      "write_ticks" : 27369,
      "in_queue" : 27438,
      "util" : 1.287845
    }
  ]
}
