{
  "fio version" : "fio-3.39-26-ga72fe",
  "timestamp" : 1747158577,
  "timestamp_ms" : 1747158577962,
  "time" : "Tue May 13 17:49:37 2025",
  "global options" : {
    "write_iops_log" : "sea_1osd_56reactor_32fio_bal_osd_rc_1procs_randwrite",
    "write_bw_log" : "sea_1osd_56reactor_32fio_bal_osd_rc_1procs_randwrite",
    "write_lat_log" : "sea_1osd_56reactor_32fio_bal_osd_rc_1procs_randwrite",
    "ioengine" : "rbd",
    "bs" : "4k",
    "rw" : "randwrite",
    "direct" : "1",
    "runtime" : "5m",
    "time_based" : "",
    "group_reporting" : "",
    "ramp_time" : "30s",
    "thread" : "1",
    "iodepth" : "2",
    "clientname" : "admin",
    "pool" : "rbd"
  },
  "jobs" : [
    {
      "jobname" : "fio_test_0",
      "groupid" : 0,
      "job_start" : 1747158271459,
      "error" : 0,
      "eta" : 0,
      "elapsed" : 337,
      "job options" : {
        "max_latency" : "1s",
        "numjobs" : "1",
        "rbdname" : "fio_test_31"
      },
      "read" : {
        "io_bytes" : 0,
        "io_kbytes" : 0,
        "bw_bytes" : 0,
        "bw" : 0,
        "iops" : 0.000000,
        "runtime" : 0,
        "total_ios" : 0,
        "short_ios" : 0,
        "drop_ios" : 0,
        "slat_ns" : {
          "min" : 0,
          "max" : 0,
          "mean" : 0.000000,
          "stddev" : 0.000000,
          "N" : 0
        },
        "clat_ns" : {
          "min" : 0,
          "max" : 0,
          "mean" : 0.000000,
          "stddev" : 0.000000,
          "N" : 0
        },
        "lat_ns" : {
          "min" : 0,
          "max" : 0,
          "mean" : 0.000000,
          "stddev" : 0.000000,
          "N" : 0
        },
        "bw_min" : 0,
        "bw_max" : 0,
        "bw_agg" : 0.000000,
        "bw_mean" : 0.000000,
        "bw_dev" : 0.000000,
        "bw_samples" : 0,
        "iops_min" : 0,
        "iops_max" : 0,
        "iops_mean" : 0.000000,
        "iops_stddev" : 0.000000,
        "iops_samples" : 0
      },
      "write" : {
        "io_bytes" : 47666282496,
        "io_kbytes" : 46549104,
        "bw_bytes" : 158851601,
        "bw" : 155128,
        "iops" : 38782.019409,
        "runtime" : 300068,
        "total_ios" : 11637243,
        "short_ios" : 0,
        "drop_ios" : 0,
        "slat_ns" : {
          "min" : 1062,
          "max" : 752821,
          "mean" : 4118.650327,
          "stddev" : 2319.484428,
          "N" : 11637244
        },
        "clat_ns" : {
          "min" : 377641,
          "max" : 161412276,
          "mean" : 1644120.080013,
          "stddev" : 2017992.250724,
          "N" : 11637275,
          "percentile" : {
            "1.000000" : 528384,
            "5.000000" : 602112,
            "10.000000" : 651264,
            "20.000000" : 741376,
            "30.000000" : 856064,
            "40.000000" : 995328,
            "50.000000" : 1138688,
            "60.000000" : 1302528,
            "70.000000" : 1531904,
            "80.000000" : 1892352,
            "90.000000" : 2834432,
            "95.000000" : 4751360,
            "99.000000" : 9240576,
            "99.500000" : 11599872,
            "99.900000" : 17432576,
            "99.950000" : 21626880,
            "99.990000" : 68681728
          }
        },
        "lat_ns" : {
          "min" : 380163,
          "max" : 161416507,
          "mean" : 1648238.728203,
          "stddev" : 2018014.861930,
          "N" : 11637275
        },
        "bw_min" : 968,
        "bw_max" : 324375,
        "bw_agg" : 77.586638,
        "bw_mean" : 120359.516086,
        "bw_dev" : 1796.993235,
        "bw_samples" : 11637275,
        "iops_min" : 32,
        "iops_max" : 32,
        "iops_mean" : 32.000000,
        "iops_stddev" : 0.000000,
        "iops_samples" : 11637275
      },
      "trim" : {
        "io_bytes" : 0,
        "io_kbytes" : 0,
        "bw_bytes" : 0,
        "bw" : 0,
        "iops" : 0.000000,
        "runtime" : 0,
        "total_ios" : 0,
        "short_ios" : 0,
        "drop_ios" : 0,
        "slat_ns" : {
          "min" : 0,
          "max" : 0,
          "mean" : 0.000000,
          "stddev" : 0.000000,
          "N" : 0
        },
        "clat_ns" : {
          "min" : 0,
          "max" : 0,
          "mean" : 0.000000,
          "stddev" : 0.000000,
          "N" : 0
        },
        "lat_ns" : {
          "min" : 0,
          "max" : 0,
          "mean" : 0.000000,
          "stddev" : 0.000000,
          "N" : 0
        },
        "bw_min" : 0,
        "bw_max" : 0,
        "bw_agg" : 0.000000,
        "bw_mean" : 0.000000,
        "bw_dev" : 0.000000,
        "bw_samples" : 0,
        "iops_min" : 0,
        "iops_max" : 0,
        "iops_mean" : 0.000000,
        "iops_stddev" : 0.000000,
        "iops_samples" : 0
      },
      "sync" : {
        "total_ios" : 0,
        "lat_ns" : {
          "min" : 0,
          "max" : 0,
          "mean" : 0.000000,
          "stddev" : 0.000000,
          "N" : 0
        }
      },
      "job_runtime" : 9600693,
      "usr_cpu" : 0.765726,
      "sys_cpu" : 0.577083,
      "ctx" : 11233090,
      "majf" : 0,
      "minf" : 293969,
      "iodepth_level" : {
        "1" : 0.100000,
        "2" : 99.997800,
        "4" : 0.000000,
        "8" : 0.000000,
        "16" : 0.000000,
        "32" : 0.000000,
        ">=64" : 0.000000
      },
      "iodepth_submit" : {
        "0" : 0.000000,
        "4" : 100.000000,
        "8" : 0.000000,
        "16" : 0.000000,
        "32" : 0.000000,
        "64" : 0.000000,
        ">=64" : 0.000000
      },
      "iodepth_complete" : {
        "0" : 0.000000,
        "4" : 100.000000,
        "8" : 0.000000,
        "16" : 0.000000,
        "32" : 0.000000,
        "64" : 0.000000,
        ">=64" : 0.000000
      },
      "latency_ns" : {
        "2" : 0.000000,
        "4" : 0.000000,
        "10" : 0.000000,
        "20" : 0.000000,
        "50" : 0.000000,
        "100" : 0.000000,
        "250" : 0.000000,
        "500" : 0.000000,
        "750" : 0.000000,
        "1000" : 0.000000
      },
      "latency_us" : {
        "2" : 0.000000,
        "4" : 0.000000,
        "10" : 0.000000,
        "20" : 0.000000,
        "50" : 0.000000,
        "100" : 0.000000,
        "250" : 0.000000,
        "500" : 0.436753,
        "750" : 20.393946,
        "1000" : 19.324912
      },
      "latency_ms" : {
        "2" : 41.895593,
        "4" : 11.599070,
        "10" : 5.568028,
        "20" : 0.719655,
        "50" : 0.044538,
        "100" : 0.015253,
        "250" : 0.010000,
        "500" : 0.000000,
        "750" : 0.000000,
        "1000" : 0.000000,
        "2000" : 0.000000,
        ">=2000" : 0.000000
      },
      "latency_depth" : 2,
      "latency_target" : 0,
      "latency_percentile" : 100.000000,
      "latency_window" : 0
    }
  ],
  "disk_util" : [
    {
      "name" : "sda",
      "read_ios" : 0,
      "write_ios" : 8776,
      "read_sectors" : 0,
      "write_sectors" : 4818440,
      "read_merges" : 0,
      "write_merges" : 6344,
      "read_ticks" : 0,
      "write_ticks" : 30612,
      "in_queue" : 30684,
      "util" : 1.466757
    }
  ]
}
