{
  "fio version" : "fio-3.39-26-ga72fe",
  "timestamp" : 1747160284,
  "timestamp_ms" : 1747160284232,
  "time" : "Tue May 13 18:18:04 2025",
  "global options" : {
    "write_iops_log" : "sea_1osd_56reactor_32fio_bal_osd_rc_1procs_randwrite",
    "write_bw_log" : "sea_1osd_56reactor_32fio_bal_osd_rc_1procs_randwrite",
    "write_lat_log" : "sea_1osd_56reactor_32fio_bal_osd_rc_1procs_randwrite",
    "ioengine" : "rbd",
    "bs" : "4k",
    "rw" : "randwrite",
    "direct" : "1",
    "runtime" : "5m",
    "time_based" : "",
    "group_reporting" : "",
    "ramp_time" : "30s",
    "thread" : "1",
    "iodepth" : "32",
    "clientname" : "admin",
    "pool" : "rbd"
  },
  "jobs" : [
    {
      "jobname" : "fio_test_0",
      "groupid" : 0,
      "job_start" : 1747159975474,
      "error" : 110,
      "eta" : 0,
      "elapsed" : 339,
      "job options" : {
        "max_latency" : "1s",
        "numjobs" : "1",
        "rbdname" : "fio_test_31"
      },
      "read" : {
        "io_bytes" : 0,
        "io_kbytes" : 0,
        "bw_bytes" : 0,
        "bw" : 0,
        "iops" : 0.000000,
        "runtime" : 0,
        "total_ios" : 0,
        "short_ios" : 0,
        "drop_ios" : 0,
        "slat_ns" : {
          "min" : 0,
          "max" : 0,
          "mean" : 0.000000,
          "stddev" : 0.000000,
          "N" : 0
        },
        "clat_ns" : {
          "min" : 0,
          "max" : 0,
          "mean" : 0.000000,
          "stddev" : 0.000000,
          "N" : 0
        },
        "lat_ns" : {
          "min" : 0,
          "max" : 0,
          "mean" : 0.000000,
          "stddev" : 0.000000,
          "N" : 0
        },
        "bw_min" : 0,
        "bw_max" : 0,
        "bw_agg" : 0.000000,
        "bw_mean" : 0.000000,
        "bw_dev" : 0.000000,
        "bw_samples" : 0,
        "iops_min" : 0,
        "iops_max" : 0,
        "iops_mean" : 0.000000,
        "iops_stddev" : 0.000000,
        "iops_samples" : 0
      },
      "write" : {
        "io_bytes" : 69589925888,
        "io_kbytes" : 67958912,
        "bw_bytes" : 231899168,
        "bw" : 226464,
        "iops" : 56612.698984,
        "runtime" : 300087,
        "total_ios" : 16988735,
        "short_ios" : 0,
        "drop_ios" : 0,
        "slat_ns" : {
          "min" : 1048,
          "max" : 213825,
          "mean" : 3514.050971,
          "stddev" : 1806.723303,
          "N" : 16988736
        },
        "clat_ns" : {
          "min" : 364847,
          "max" : 1878289379,
          "mean" : 10363543.568284,
          "stddev" : 53641773.639640,
          "N" : 16989727,
          "percentile" : {
            "1.000000" : 610304,
            "5.000000" : 757760,
            "10.000000" : 937984,
            "20.000000" : 1236992,
            "30.000000" : 1531904,
            "40.000000" : 1859584,
            "50.000000" : 2244608,
            "60.000000" : 2834432,
            "70.000000" : 3883008,
            "80.000000" : 6127616,
            "90.000000" : 11468800,
            "95.000000" : 20054016,
            "99.000000" : 196083712,
            "99.500000" : 541065216,
            "99.900000" : 616562688,
            "99.950000" : 675282944,
            "99.990000" : 901775360
          }
        },
        "lat_ns" : {
          "min" : 367152,
          "max" : 1878292182,
          "mean" : 10367057.629354,
          "stddev" : 53641782.161709,
          "N" : 16989727
        },
        "bw_min" : 101,
        "bw_max" : 299442,
        "bw_agg" : 28.492383,
        "bw_mean" : 64525.705226,
        "bw_dev" : 1570.801136,
        "bw_samples" : 16989727,
        "iops_min" : 32,
        "iops_max" : 32,
        "iops_mean" : 32.000000,
        "iops_stddev" : 0.000000,
        "iops_samples" : 16989727
      },
      "trim" : {
        "io_bytes" : 0,
        "io_kbytes" : 0,
        "bw_bytes" : 0,
        "bw" : 0,
        "iops" : 0.000000,
        "runtime" : 0,
        "total_ios" : 0,
        "short_ios" : 0,
        "drop_ios" : 0,
        "slat_ns" : {
          "min" : 0,
          "max" : 0,
          "mean" : 0.000000,
          "stddev" : 0.000000,
          "N" : 0
        },
        "clat_ns" : {
          "min" : 0,
          "max" : 0,
          "mean" : 0.000000,
          "stddev" : 0.000000,
          "N" : 0
        },
        "lat_ns" : {
          "min" : 0,
          "max" : 0,
          "mean" : 0.000000,
          "stddev" : 0.000000,
          "N" : 0
        },
        "bw_min" : 0,
        "bw_max" : 0,
        "bw_agg" : 0.000000,
        "bw_mean" : 0.000000,
        "bw_dev" : 0.000000,
        "bw_samples" : 0,
        "iops_min" : 0,
        "iops_max" : 0,
        "iops_mean" : 0.000000,
        "iops_stddev" : 0.000000,
        "iops_samples" : 0
      },
      "sync" : {
        "total_ios" : 0,
        "lat_ns" : {
          "min" : 0,
          "max" : 0,
          "mean" : 0.000000,
          "stddev" : 0.000000,
          "N" : 0
        }
      },
      "job_runtime" : 5577505,
      "usr_cpu" : 1.525503,
      "sys_cpu" : 1.143522,
      "ctx" : 13116042,
      "majf" : 0,
      "minf" : 610595,
      "iodepth_level" : {
        "1" : 0.100000,
        "2" : 0.100000,
        "4" : 0.100000,
        "8" : 0.100000,
        "16" : 0.100000,
        "32" : 99.957478,
        ">=64" : 0.000000
      },
      "iodepth_submit" : {
        "0" : 0.000000,
        "4" : 100.000000,
        "8" : 0.000000,
        "16" : 0.000000,
        "32" : 0.000000,
        "64" : 0.000000,
        ">=64" : 0.000000
      },
      "iodepth_complete" : {
        "0" : 0.100000,
        "4" : 99.999865,
        "8" : 0.000000,
        "16" : 0.000000,
        "32" : 0.100000,
        "64" : 0.000000,
        ">=64" : 0.000000
      },
      "latency_ns" : {
        "2" : 0.000000,
        "4" : 0.000000,
        "10" : 0.000000,
        "20" : 0.000000,
        "50" : 0.000000,
        "100" : 0.000000,
        "250" : 0.000000,
        "500" : 0.000000,
        "750" : 0.000000,
        "1000" : 0.000000
      },
      "latency_us" : {
        "2" : 0.000000,
        "4" : 0.000000,
        "10" : 0.000000,
        "20" : 0.000000,
        "50" : 0.000000,
        "100" : 0.000000,
        "250" : 0.000000,
        "500" : 0.085280,
        "750" : 4.697919,
        "1000" : 7.143934
      },
      "latency_ms" : {
        "2" : 32.204146,
        "4" : 26.776797,
        "10" : 17.251355,
        "20" : 6.820631,
        "50" : 2.871844,
        "100" : 0.775361,
        "250" : 0.446555,
        "500" : 0.246028,
        "750" : 0.650425,
        "1000" : 0.034111,
        "2000" : 0.010000,
        ">=2000" : 0.000000
      },
      "latency_depth" : 32,
      "latency_target" : 0,
      "latency_percentile" : 100.000000,
      "latency_window" : 0
    }
  ],
  "disk_util" : [
    {
      "name" : "sda",
      "read_ios" : 0,
      "write_ios" : 7326,
      "read_sectors" : 0,
      "write_sectors" : 4304032,
      "read_merges" : 0,
      "write_merges" : 6342,
      "read_ticks" : 0,
      "write_ticks" : 27084,
      "in_queue" : 27183,
      "util" : 1.321275
    }
  ]
}
