{
  "fio version" : "fio-3.39-26-ga72fe",
  "timestamp" : 1747160317,
  "timestamp_ms" : 1747160317052,
  "time" : "Tue May 13 18:18:37 2025",
  "global options" : {
    "write_iops_log" : "sea_1osd_56reactor_32fio_bal_osd_rc_1procs_randwrite",
    "write_bw_log" : "sea_1osd_56reactor_32fio_bal_osd_rc_1procs_randwrite",
    "write_lat_log" : "sea_1osd_56reactor_32fio_bal_osd_rc_1procs_randwrite",
    "ioengine" : "rbd",
    "bs" : "4k",
    "rw" : "randwrite",
    "direct" : "1",
    "runtime" : "5m",
    "time_based" : "",
    "group_reporting" : "",
    "ramp_time" : "30s",
    "thread" : "1",
    "iodepth" : "40",
    "clientname" : "admin",
    "pool" : "rbd"
  },
  "jobs" : [
    {
      "jobname" : "fio_test_0",
      "groupid" : 0,
      "job_start" : 1747160316547,
      "error" : 110,
      "eta" : 0,
      "elapsed" : 31,
      "job options" : {
        "max_latency" : "1s",
        "numjobs" : "1",
        "rbdname" : "fio_test_31"
      },
      "read" : {
        "io_bytes" : 0,
        "io_kbytes" : 0,
        "bw_bytes" : 0,
        "bw" : 0,
        "iops" : 0.000000,
        "runtime" : 0,
        "total_ios" : 0,
        "short_ios" : 0,
        "drop_ios" : 0,
        "slat_ns" : {
          "min" : 0,
          "max" : 0,
          "mean" : 0.000000,
          "stddev" : 0.000000,
          "N" : 0
        },
        "clat_ns" : {
          "min" : 0,
          "max" : 0,
          "mean" : 0.000000,
          "stddev" : 0.000000,
          "N" : 0
        },
        "lat_ns" : {
          "min" : 0,
          "max" : 0,
          "mean" : 0.000000,
          "stddev" : 0.000000,
          "N" : 0
        },
        "bw_min" : 0,
        "bw_max" : 0,
        "bw_agg" : 0.000000,
        "bw_mean" : 0.000000,
        "bw_dev" : 0.000000,
        "bw_samples" : 0,
        "iops_min" : 0,
        "iops_max" : 0,
        "iops_mean" : 0.000000,
        "iops_stddev" : 0.000000,
        "iops_samples" : 0
      },
      "write" : {
        "io_bytes" : 30887936,
        "io_kbytes" : 30164,
        "bw_bytes" : 80228405,
        "bw" : 78348,
        "iops" : 16345.454545,
        "runtime" : 385,
        "total_ios" : 6293,
        "short_ios" : 0,
        "drop_ios" : 0,
        "slat_ns" : {
          "min" : 1275,
          "max" : 41085,
          "mean" : 3826.334658,
          "stddev" : 2211.319034,
          "N" : 6293
        },
        "clat_ns" : {
          "min" : 345294,
          "max" : 2495270384,
          "mean" : 190777203.947487,
          "stddev" : 506520673.020826,
          "N" : 7541,
          "percentile" : {
            "1.000000" : 493568,
            "5.000000" : 602112,
            "10.000000" : 708608,
            "20.000000" : 962560,
            "30.000000" : 1236992,
            "40.000000" : 1531904,
            "50.000000" : 1925120,
            "60.000000" : 2572288,
            "70.000000" : 4685824,
            "80.000000" : 15794176,
            "90.000000" : 775946240,
            "95.000000" : 1585446912,
            "99.000000" : 2264924160,
            "99.500000" : 2365587456,
            "99.900000" : 2432696320,
            "99.950000" : 2466250752,
            "99.990000" : 2499805184
          }
        },
        "lat_ns" : {
          "min" : 348535,
          "max" : 2495272941,
          "mean" : 190781033.767140,
          "stddev" : 506520721.487144,
          "N" : 7541
        },
        "bw_min" : 32,
        "bw_max" : 212454,
        "bw_agg" : 68.726661,
        "bw_mean" : 53846.022320,
        "bw_dev" : 1968.917076,
        "bw_samples" : 7541,
        "iops_min" : 32,
        "iops_max" : 32,
        "iops_mean" : 32.000000,
        "iops_stddev" : 0.000000,
        "iops_samples" : 7541
      },
      "trim" : {
        "io_bytes" : 0,
        "io_kbytes" : 0,
        "bw_bytes" : 0,
        "bw" : 0,
        "iops" : 0.000000,
        "runtime" : 0,
        "total_ios" : 0,
        "short_ios" : 0,
        "drop_ios" : 0,
        "slat_ns" : {
          "min" : 0,
          "max" : 0,
          "mean" : 0.000000,
          "stddev" : 0.000000,
          "N" : 0
        },
        "clat_ns" : {
          "min" : 0,
          "max" : 0,
          "mean" : 0.000000,
          "stddev" : 0.000000,
          "N" : 0
        },
        "lat_ns" : {
          "min" : 0,
          "max" : 0,
          "mean" : 0.000000,
          "stddev" : 0.000000,
          "N" : 0
        },
        "bw_min" : 0,
        "bw_max" : 0,
        "bw_agg" : 0.000000,
        "bw_mean" : 0.000000,
        "bw_dev" : 0.000000,
        "bw_samples" : 0,
        "iops_min" : 0,
        "iops_max" : 0,
        "iops_mean" : 0.000000,
        "iops_stddev" : 0.000000,
        "iops_samples" : 0
      },
      "sync" : {
        "total_ios" : 0,
        "lat_ns" : {
          "min" : 0,
          "max" : 0,
          "mean" : 0.000000,
          "stddev" : 0.000000,
          "N" : 0
        }
      },
      "job_runtime" : 11895,
      "usr_cpu" : 0.201765,
      "sys_cpu" : 0.277427,
      "ctx" : 6187,
      "majf" : 0,
      "minf" : 1655,
      "iodepth_level" : {
        "1" : 0.100000,
        "2" : 0.000000,
        "4" : 0.000000,
        "8" : 0.000000,
        "16" : 0.000000,
        "32" : 99.984109,
        ">=64" : 0.000000
      },
      "iodepth_submit" : {
        "0" : 0.000000,
        "4" : 100.000000,
        "8" : 0.000000,
        "16" : 0.000000,
        "32" : 0.000000,
        "64" : 0.000000,
        ">=64" : 0.000000
      },
      "iodepth_complete" : {
        "0" : 0.252207,
        "4" : 99.503468,
        "8" : 0.000000,
        "16" : 0.000000,
        "32" : 0.000000,
        "64" : 0.244325,
        ">=64" : 0.000000
      },
      "latency_ns" : {
        "2" : 0.000000,
        "4" : 0.000000,
        "10" : 0.000000,
        "20" : 0.000000,
        "50" : 0.000000,
        "100" : 0.000000,
        "250" : 0.000000,
        "500" : 0.000000,
        "750" : 0.000000,
        "1000" : 0.000000
      },
      "latency_us" : {
        "2" : 0.000000,
        "4" : 0.000000,
        "10" : 0.000000,
        "20" : 0.000000,
        "50" : 0.000000,
        "100" : 0.000000,
        "250" : 0.000000,
        "500" : 1.477833,
        "750" : 12.553631,
        "1000" : 11.457175
      },
      "latency_ms" : {
        "2" : 36.659781,
        "4" : 19.005244,
        "10" : 11.187033,
        "20" : 4.862546,
        "50" : 1.461942,
        "100" : 1.096456,
        "250" : 0.349595,
        "500" : 5.943111,
        "750" : 1.636739,
        "1000" : 2.034006,
        "2000" : 6.610520,
        ">=2000" : 3.495948
      },
      "latency_depth" : 40,
      "latency_target" : 0,
      "latency_percentile" : 100.000000,
      "latency_window" : 0
    }
  ],
  "disk_util" : [
    {
      "name" : "sda",
      "read_ios" : 0,
      "write_ios" : 501,
      "read_sectors" : 0,
      "write_sectors" : 10696,
      "read_merges" : 0,
      "write_merges" : 542,
      "read_ticks" : 0,
      "write_ticks" : 112,
      "in_queue" : 116,
      "util" : 0.118620
    }
  ]
}
