{
  "fio version" : "fio-3.39-26-ga72fe",
  "timestamp" : 1747158239,
  "timestamp_ms" : 1747158239201,
  "time" : "Tue May 13 17:43:59 2025",
  "global options" : {
    "write_iops_log" : "sea_1osd_56reactor_32fio_bal_osd_rc_1procs_randwrite",
    "write_bw_log" : "sea_1osd_56reactor_32fio_bal_osd_rc_1procs_randwrite",
    "write_lat_log" : "sea_1osd_56reactor_32fio_bal_osd_rc_1procs_randwrite",
    "ioengine" : "rbd",
    "bs" : "4k",
    "rw" : "randwrite",
    "direct" : "1",
    "runtime" : "5m",
    "time_based" : "",
    "group_reporting" : "",
    "ramp_time" : "30s",
    "thread" : "1",
    "iodepth" : "1",
    "clientname" : "admin",
    "pool" : "rbd"
  },
  "jobs" : [
    {
      "jobname" : "fio_test_0",
      "groupid" : 0,
      "job_start" : 1747157935197,
      "error" : 0,
      "eta" : 0,
      "elapsed" : 335,
      "job options" : {
        "max_latency" : "1s",
        "numjobs" : "1",
        "rbdname" : "fio_test_31"
      },
      "read" : {
        "io_bytes" : 0,
        "io_kbytes" : 0,
        "bw_bytes" : 0,
        "bw" : 0,
        "iops" : 0.000000,
        "runtime" : 0,
        "total_ios" : 0,
        "short_ios" : 0,
        "drop_ios" : 0,
        "slat_ns" : {
          "min" : 0,
          "max" : 0,
          "mean" : 0.000000,
          "stddev" : 0.000000,
          "N" : 0
        },
        "clat_ns" : {
          "min" : 0,
          "max" : 0,
          "mean" : 0.000000,
          "stddev" : 0.000000,
          "N" : 0
        },
        "lat_ns" : {
          "min" : 0,
          "max" : 0,
          "mean" : 0.000000,
          "stddev" : 0.000000,
          "N" : 0
        },
        "bw_min" : 0,
        "bw_max" : 0,
        "bw_agg" : 0.000000,
        "bw_mean" : 0.000000,
        "bw_dev" : 0.000000,
        "bw_samples" : 0,
        "iops_min" : 0,
        "iops_max" : 0,
        "iops_mean" : 0.000000,
        "iops_stddev" : 0.000000,
        "iops_samples" : 0
      },
      "write" : {
        "io_bytes" : 33072058368,
        "io_kbytes" : 32296932,
        "bw_bytes" : 110238357,
        "bw" : 107654,
        "iops" : 26913.658106,
        "runtime" : 300005,
        "total_ios" : 8074232,
        "short_ios" : 0,
        "drop_ios" : 0,
        "slat_ns" : {
          "min" : 2014,
          "max" : 345385,
          "mean" : 4784.659380,
          "stddev" : 2853.010719,
          "N" : 8074233
        },
        "clat_ns" : {
          "min" : 405397,
          "max" : 64766339,
          "mean" : 1182320.206950,
          "stddev" : 1228275.912359,
          "N" : 8074232,
          "percentile" : {
            "1.000000" : 514048,
            "5.000000" : 569344,
            "10.000000" : 610304,
            "20.000000" : 659456,
            "30.000000" : 708608,
            "40.000000" : 765952,
            "50.000000" : 856064,
            "60.000000" : 978944,
            "70.000000" : 1105920,
            "80.000000" : 1302528,
            "90.000000" : 1728512,
            "95.000000" : 2637824,
            "99.000000" : 6914048,
            "99.500000" : 8978432,
            "99.900000" : 13565952,
            "99.950000" : 15138816,
            "99.990000" : 20054016
          }
        },
        "lat_ns" : {
          "min" : 408283,
          "max" : 64774496,
          "mean" : 1187104.866380,
          "stddev" : 1228322.372468,
          "N" : 8074232
        },
        "bw_min" : 2644,
        "bw_max" : 312739,
        "bw_agg" : 100.000000,
        "bw_mean" : 148659.036327,
        "bw_dev" : 1720.353061,
        "bw_samples" : 8074232,
        "iops_min" : 32,
        "iops_max" : 32,
        "iops_mean" : 32.000000,
        "iops_stddev" : 0.000000,
        "iops_samples" : 8074232
      },
      "trim" : {
        "io_bytes" : 0,
        "io_kbytes" : 0,
        "bw_bytes" : 0,
        "bw" : 0,
        "iops" : 0.000000,
        "runtime" : 0,
        "total_ios" : 0,
        "short_ios" : 0,
        "drop_ios" : 0,
        "slat_ns" : {
          "min" : 0,
          "max" : 0,
          "mean" : 0.000000,
          "stddev" : 0.000000,
          "N" : 0
        },
        "clat_ns" : {
          "min" : 0,
          "max" : 0,
          "mean" : 0.000000,
          "stddev" : 0.000000,
          "N" : 0
        },
        "lat_ns" : {
          "min" : 0,
          "max" : 0,
          "mean" : 0.000000,
          "stddev" : 0.000000,
          "N" : 0
        },
        "bw_min" : 0,
        "bw_max" : 0,
        "bw_agg" : 0.000000,
        "bw_mean" : 0.000000,
        "bw_dev" : 0.000000,
        "bw_samples" : 0,
        "iops_min" : 0,
        "iops_max" : 0,
        "iops_mean" : 0.000000,
        "iops_stddev" : 0.000000,
        "iops_samples" : 0
      },
      "sync" : {
        "total_ios" : 0,
        "lat_ns" : {
          "min" : 0,
          "max" : 0,
          "mean" : 0.000000,
          "stddev" : 0.000000,
          "N" : 0
        }
      },
      "job_runtime" : 9600020,
      "usr_cpu" : 0.633488,
      "sys_cpu" : 0.468218,
      "ctx" : 8075752,
      "majf" : 0,
      "minf" : 267406,
      "iodepth_level" : {
        "1" : 100.000000,
        "2" : 0.000000,
        "4" : 0.000000,
        "8" : 0.000000,
        "16" : 0.000000,
        "32" : 0.000000,
        ">=64" : 0.000000
      },
      "iodepth_submit" : {
        "0" : 0.000000,
        "4" : 100.000000,
        "8" : 0.000000,
        "16" : 0.000000,
        "32" : 0.000000,
        "64" : 0.000000,
        ">=64" : 0.000000
      },
      "iodepth_complete" : {
        "0" : 0.000000,
        "4" : 100.000000,
        "8" : 0.000000,
        "16" : 0.000000,
        "32" : 0.000000,
        "64" : 0.000000,
        ">=64" : 0.000000
      },
      "latency_ns" : {
        "2" : 0.000000,
        "4" : 0.000000,
        "10" : 0.000000,
        "20" : 0.000000,
        "50" : 0.000000,
        "100" : 0.000000,
        "250" : 0.000000,
        "500" : 0.000000,
        "750" : 0.000000,
        "1000" : 0.000000
      },
      "latency_us" : {
        "2" : 0.000000,
        "4" : 0.000000,
        "10" : 0.000000,
        "20" : 0.000000,
        "50" : 0.000000,
        "100" : 0.000000,
        "250" : 0.000000,
        "500" : 0.579461,
        "750" : 36.901404,
        "1000" : 24.232658
      },
      "latency_ms" : {
        "2" : 30.865251,
        "4" : 4.203756,
        "10" : 2.847144,
        "20" : 0.360393,
        "50" : 0.010000,
        "100" : 0.010000,
        "250" : 0.000000,
        "500" : 0.000000,
        "750" : 0.000000,
        "1000" : 0.000000,
        "2000" : 0.000000,
        ">=2000" : 0.000000
      },
      "latency_depth" : 1,
      "latency_target" : 0,
      "latency_percentile" : 100.000000,
      "latency_window" : 0
    }
  ],
  "disk_util" : [
    {
      "name" : "sda",
      "read_ios" : 0,
      "write_ios" : 4413,
      "read_sectors" : 0,
      "write_sectors" : 142600,
      "read_merges" : 0,
      "write_merges" : 5335,
      "read_ticks" : 0,
      "write_ticks" : 1172,
      "in_queue" : 1219,
      "util" : 0.112359
    }
  ]
}
