{
  "fio version" : "fio-3.39-26-ga72fe",
  "timestamp" : 1747158918,
  "timestamp_ms" : 1747158918237,
  "time" : "Tue May 13 17:55:18 2025",
  "global options" : {
    "write_iops_log" : "sea_1osd_56reactor_32fio_bal_osd_rc_1procs_randwrite",
    "write_bw_log" : "sea_1osd_56reactor_32fio_bal_osd_rc_1procs_randwrite",
    "write_lat_log" : "sea_1osd_56reactor_32fio_bal_osd_rc_1procs_randwrite",
    "ioengine" : "rbd",
    "bs" : "4k",
    "rw" : "randwrite",
    "direct" : "1",
    "runtime" : "5m",
    "time_based" : "",
    "group_reporting" : "",
    "ramp_time" : "30s",
    "thread" : "1",
    "iodepth" : "4",
    "clientname" : "admin",
    "pool" : "rbd"
  },
  "jobs" : [
    {
      "jobname" : "fio_test_0",
      "groupid" : 0,
      "job_start" : 1747158610235,
      "error" : 0,
      "eta" : 0,
      "elapsed" : 339,
      "job options" : {
        "max_latency" : "1s",
        "numjobs" : "1",
        "rbdname" : "fio_test_31"
      },
      "read" : {
        "io_bytes" : 0,
        "io_kbytes" : 0,
        "bw_bytes" : 0,
        "bw" : 0,
        "iops" : 0.000000,
        "runtime" : 0,
        "total_ios" : 0,
        "short_ios" : 0,
        "drop_ios" : 0,
        "slat_ns" : {
          "min" : 0,
          "max" : 0,
          "mean" : 0.000000,
          "stddev" : 0.000000,
          "N" : 0
        },
        "clat_ns" : {
          "min" : 0,
          "max" : 0,
          "mean" : 0.000000,
          "stddev" : 0.000000,
          "N" : 0
        },
        "lat_ns" : {
          "min" : 0,
          "max" : 0,
          "mean" : 0.000000,
          "stddev" : 0.000000,
          "N" : 0
        },
        "bw_min" : 0,
        "bw_max" : 0,
        "bw_agg" : 0.000000,
        "bw_mean" : 0.000000,
        "bw_dev" : 0.000000,
        "bw_samples" : 0,
        "iops_min" : 0,
        "iops_max" : 0,
        "iops_mean" : 0.000000,
        "iops_stddev" : 0.000000,
        "iops_samples" : 0
      },
      "write" : {
        "io_bytes" : 57917161472,
        "io_kbytes" : 56559728,
        "bw_bytes" : 193053343,
        "bw" : 188528,
        "iops" : 47131.844030,
        "runtime" : 300006,
        "total_ios" : 14139836,
        "short_ios" : 0,
        "drop_ios" : 0,
        "slat_ns" : {
          "min" : 1016,
          "max" : 359078,
          "mean" : 3900.088373,
          "stddev" : 1942.152668,
          "N" : 14139836
        },
        "clat_ns" : {
          "min" : 370266,
          "max" : 270740728,
          "mean" : 2709927.428486,
          "stddev" : 4643315.073201,
          "N" : 14139932,
          "percentile" : {
            "1.000000" : 577536,
            "5.000000" : 667648,
            "10.000000" : 741376,
            "20.000000" : 929792,
            "30.000000" : 1122304,
            "40.000000" : 1318912,
            "50.000000" : 1564672,
            "60.000000" : 1859584,
            "70.000000" : 2310144,
            "80.000000" : 3194880,
            "90.000000" : 5668864,
            "95.000000" : 8585216,
            "99.000000" : 16580608,
            "99.500000" : 21626880,
            "99.900000" : 68681728,
            "99.950000" : 90701824,
            "99.990000" : 135266304
          }
        },
        "lat_ns" : {
          "min" : 372904,
          "max" : 270751172,
          "mean" : 2713827.513647,
          "stddev" : 4643325.310520,
          "N" : 14139932
        },
        "bw_min" : 558,
        "bw_max" : 329836,
        "bw_agg" : 48.779322,
        "bw_mean" : 91963.900849,
        "bw_dev" : 1722.453729,
        "bw_samples" : 14139932,
        "iops_min" : 32,
        "iops_max" : 32,
        "iops_mean" : 32.000000,
        "iops_stddev" : 0.000000,
        "iops_samples" : 14139932
      },
      "trim" : {
        "io_bytes" : 0,
        "io_kbytes" : 0,
        "bw_bytes" : 0,
        "bw" : 0,
        "iops" : 0.000000,
        "runtime" : 0,
        "total_ios" : 0,
        "short_ios" : 0,
        "drop_ios" : 0,
        "slat_ns" : {
          "min" : 0,
          "max" : 0,
          "mean" : 0.000000,
          "stddev" : 0.000000,
          "N" : 0
        },
        "clat_ns" : {
          "min" : 0,
          "max" : 0,
          "mean" : 0.000000,
          "stddev" : 0.000000,
          "N" : 0
        },
        "lat_ns" : {
          "min" : 0,
          "max" : 0,
          "mean" : 0.000000,
          "stddev" : 0.000000,
          "N" : 0
        },
        "bw_min" : 0,
        "bw_max" : 0,
        "bw_agg" : 0.000000,
        "bw_mean" : 0.000000,
        "bw_dev" : 0.000000,
        "bw_samples" : 0,
        "iops_min" : 0,
        "iops_max" : 0,
        "iops_mean" : 0.000000,
        "iops_stddev" : 0.000000,
        "iops_samples" : 0
      },
      "sync" : {
        "total_ios" : 0,
        "lat_ns" : {
          "min" : 0,
          "max" : 0,
          "mean" : 0.000000,
          "stddev" : 0.000000,
          "N" : 0
        }
      },
      "job_runtime" : 9600113,
      "usr_cpu" : 0.862417,
      "sys_cpu" : 0.641399,
      "ctx" : 13123834,
      "majf" : 0,
      "minf" : 371541,
      "iodepth_level" : {
        "1" : 0.100000,
        "2" : 0.100000,
        "4" : 99.994569,
        "8" : 0.000000,
        "16" : 0.000000,
        "32" : 0.000000,
        ">=64" : 0.000000
      },
      "iodepth_submit" : {
        "0" : 0.000000,
        "4" : 100.000000,
        "8" : 0.000000,
        "16" : 0.000000,
        "32" : 0.000000,
        "64" : 0.000000,
        ">=64" : 0.000000
      },
      "iodepth_complete" : {
        "0" : 0.000000,
        "4" : 100.000000,
        "8" : 0.000000,
        "16" : 0.000000,
        "32" : 0.000000,
        "64" : 0.000000,
        ">=64" : 0.000000
      },
      "latency_ns" : {
        "2" : 0.000000,
        "4" : 0.000000,
        "10" : 0.000000,
        "20" : 0.000000,
        "50" : 0.000000,
        "100" : 0.000000,
        "250" : 0.000000,
        "500" : 0.000000,
        "750" : 0.000000,
        "1000" : 0.000000
      },
      "latency_us" : {
        "2" : 0.000000,
        "4" : 0.000000,
        "10" : 0.000000,
        "20" : 0.000000,
        "50" : 0.000000,
        "100" : 0.000000,
        "250" : 0.000000,
        "500" : 0.109457,
        "750" : 10.239199,
        "1000" : 13.147967
      },
      "latency_ms" : {
        "2" : 40.161378,
        "4" : 20.977754,
        "10" : 11.804076,
        "20" : 2.957920,
        "50" : 0.444779,
        "100" : 0.121975,
        "250" : 0.036104,
        "500" : 0.010000,
        "750" : 0.000000,
        "1000" : 0.000000,
        "2000" : 0.000000,
        ">=2000" : 0.000000
      },
      "latency_depth" : 4,
      "latency_target" : 0,
      "latency_percentile" : 100.000000,
      "latency_window" : 0
    }
  ],
  "disk_util" : [
    {
      "name" : "sda",
      "read_ios" : 1,
      "write_ios" : 7341,
      "read_sectors" : 8,
      "write_sectors" : 3552512,
      "read_merges" : 0,
      "write_merges" : 6138,
      "read_ticks" : 8,
      "write_ticks" : 22685,
      "in_queue" : 22765,
      "util" : 1.111759
    }
  ]
}
