[
    {
        "FIO": {
            "cpu": {
                "data": [
                    214.936666666671,
                    287.1366666666687,
                    328.70666666666756,
                    359.3200000000013,
                    357.29666666666986,
                    352.62666666666905,
                    335.2400000000013,
                    24.089999999999975,
                    139.17333333333337,
                    10.786666666666656
                ],
                "index": 10,
                "time": [
                    "17:40:22",
                    "17:45:58",
                    "17:51:37",
                    "17:57:17",
                    "18:02:59",
                    "18:08:40",
                    "18:14:22",
                    "18:20:03",
                    "18:22:37",
                    "18:26:22"
                ],
                "total": 0.0
            },
            "mem": {
                "data": [
                    49.50000000000514,
                    79.50000000000735,
                    88.50000000000996,
                    103.50000000001127,
                    100.50000000001913,
                    99.00000000001364,
                    63.90000000000324,
                    3.2000000000000095,
                    1.7066666666666819,
                    1.6066666666666805
                ],
                "index": 10,
                "time": [
                    "17:40:22",
                    "17:45:58",
                    "17:51:37",
                    "17:57:17",
                    "18:02:59",
                    "18:08:40",
                    "18:14:22",
                    "18:20:03",
                    "18:22:37",
                    "18:26:22"
                ],
                "total": 0.0
            }
        },
        "OSD": {
            "cpu": {
                "data": [
                    3494.346666666696,
                    4049.750000000017,
                    4662.549999999986,
                    4703.709999999975,
                    4824.539999999967,
                    4690.909999999968,
                    4687.599999999981,
                    381.2166666666645,
                    2217.483333333332,
                    1.4866666666666655
                ],
                "index": 10,
                "time": [
                    "17:40:22",
                    "17:45:58",
                    "17:51:37",
                    "17:57:17",
                    "18:02:59",
                    "18:08:40",
                    "18:14:22",
                    "18:20:03",
                    "18:22:37",
                    "18:26:22"
                ],
                "total": 0.0
            },
            "mem": {
                "data": [
                    3905.999999999977,
                    5192.88000000049,
                    5858.16,
                    6204.8,
                    6216.0,
                    6216.0,
                    6216.0,
                    6216.0,
                    6216.0,
                    207.2
                ],
                "index": 10,
                "time": [
                    "17:40:22",
                    "17:45:58",
                    "17:51:37",
                    "17:57:17",
                    "18:02:59",
                    "18:08:40",
                    "18:14:22",
                    "18:20:03",
                    "18:22:37",
                    "18:26:22"
                ],
                "total": 0.0
            }
        }
    }
]