{
  "fio version" : "fio-3.39-26-ga72fe",
  "timestamp" : 1747755460,
  "timestamp_ms" : 1747755460652,
  "time" : "Tue May 20 15:37:40 2025",
  "global options" : {
    "write_iops_log" : "sea_1osd_56reactor_32fio_bal_osd_rc_1procs_seqwrite",
    "write_bw_log" : "sea_1osd_56reactor_32fio_bal_osd_rc_1procs_seqwrite",
    "write_lat_log" : "sea_1osd_56reactor_32fio_bal_osd_rc_1procs_seqwrite",
    "ioengine" : "rbd",
    "bs" : "64k",
    "rw" : "write",
    "direct" : "1",
    "runtime" : "5m",
    "time_based" : "",
    "group_reporting" : "",
    "ramp_time" : "30s",
    "thread" : "1",
    "iodepth" : "16",
    "clientname" : "admin",
    "pool" : "rbd"
  },
  "jobs" : [
    {
      "jobname" : "fio_test_0",
      "groupid" : 0,
      "job_start" : 1747755158892,
      "error" : 0,
      "eta" : 0,
      "elapsed" : 332,
      "job options" : {
        "max_latency" : "1s",
        "numjobs" : "1",
        "rbdname" : "fio_test_31"
      },
      "read" : {
        "io_bytes" : 0,
        "io_kbytes" : 0,
        "bw_bytes" : 0,
        "bw" : 0,
        "iops" : 0.000000,
        "runtime" : 0,
        "total_ios" : 0,
        "short_ios" : 0,
        "drop_ios" : 0,
        "slat_ns" : {
          "min" : 0,
          "max" : 0,
          "mean" : 0.000000,
          "stddev" : 0.000000,
          "N" : 0
        },
        "clat_ns" : {
          "min" : 0,
          "max" : 0,
          "mean" : 0.000000,
          "stddev" : 0.000000,
          "N" : 0
        },
        "lat_ns" : {
          "min" : 0,
          "max" : 0,
          "mean" : 0.000000,
          "stddev" : 0.000000,
          "N" : 0
        },
        "bw_min" : 0,
        "bw_max" : 0,
        "bw_agg" : 0.000000,
        "bw_mean" : 0.000000,
        "bw_dev" : 0.000000,
        "bw_samples" : 0,
        "iops_min" : 0,
        "iops_max" : 0,
        "iops_mean" : 0.000000,
        "iops_stddev" : 0.000000,
        "iops_samples" : 0
      },
      "write" : {
        "io_bytes" : 280613683200,
        "io_kbytes" : 274036800,
        "bw_bytes" : 935235541,
        "bw" : 913315,
        "iops" : 14268.962092,
        "runtime" : 300046,
        "total_ios" : 4281345,
        "short_ios" : 0,
        "drop_ios" : 0,
        "slat_ns" : {
          "min" : 4920,
          "max" : 2431533,
          "mean" : 22479.082516,
          "stddev" : 8653.733383,
          "N" : 4281345
        },
        "clat_ns" : {
          "min" : 499523,
          "max" : 357933357,
          "mean" : 35834550.911708,
          "stddev" : 24599307.936641,
          "N" : 4281825,
          "percentile" : {
            "1.000000" : 2277376,
            "5.000000" : 5144576,
            "10.000000" : 9240576,
            "20.000000" : 16908288,
            "30.000000" : 22675456,
            "40.000000" : 27394048,
            "50.000000" : 31850496,
            "60.000000" : 36438016,
            "70.000000" : 41680896,
            "80.000000" : 49020928,
            "90.000000" : 66322432,
            "95.000000" : 83361792,
            "99.000000" : 122159104,
            "99.500000" : 139460608,
            "99.900000" : 183500800,
            "99.950000" : 202375168,
            "99.990000" : 258998272
          }
        },
        "lat_ns" : {
          "min" : 513568,
          "max" : 357951973,
          "mean" : 35857029.989730,
          "stddev" : 24601029.586270,
          "N" : 4281825
        },
        "bw_min" : 7734,
        "bw_max" : 3639518,
        "bw_agg" : 12.837945,
        "bw_mean" : 117251.205031,
        "bw_dev" : 5620.000733,
        "bw_samples" : 4281825,
        "iops_min" : 32,
        "iops_max" : 32,
        "iops_mean" : 32.000000,
        "iops_stddev" : 0.000000,
        "iops_samples" : 4281825
      },
      "trim" : {
        "io_bytes" : 0,
        "io_kbytes" : 0,
        "bw_bytes" : 0,
        "bw" : 0,
        "iops" : 0.000000,
        "runtime" : 0,
        "total_ios" : 0,
        "short_ios" : 0,
        "drop_ios" : 0,
        "slat_ns" : {
          "min" : 0,
          "max" : 0,
          "mean" : 0.000000,
          "stddev" : 0.000000,
          "N" : 0
        },
        "clat_ns" : {
          "min" : 0,
          "max" : 0,
          "mean" : 0.000000,
          "stddev" : 0.000000,
          "N" : 0
        },
        "lat_ns" : {
          "min" : 0,
          "max" : 0,
          "mean" : 0.000000,
          "stddev" : 0.000000,
          "N" : 0
        },
        "bw_min" : 0,
        "bw_max" : 0,
        "bw_agg" : 0.000000,
        "bw_mean" : 0.000000,
        "bw_dev" : 0.000000,
        "bw_samples" : 0,
        "iops_min" : 0,
        "iops_max" : 0,
        "iops_mean" : 0.000000,
        "iops_stddev" : 0.000000,
        "iops_samples" : 0
      },
      "sync" : {
        "total_ios" : 0,
        "lat_ns" : {
          "min" : 0,
          "max" : 0,
          "mean" : 0.000000,
          "stddev" : 0.000000,
          "N" : 0
        }
      },
      "job_runtime" : 9600979,
      "usr_cpu" : 1.212876,
      "sys_cpu" : 0.337393,
      "ctx" : 4196193,
      "majf" : 0,
      "minf" : 429145,
      "iodepth_level" : {
        "1" : 0.100000,
        "2" : 0.100000,
        "4" : 0.100000,
        "8" : 0.100000,
        "16" : 99.921870,
        "32" : 0.000000,
        ">=64" : 0.000000
      },
      "iodepth_submit" : {
        "0" : 0.000000,
        "4" : 100.000000,
        "8" : 0.000000,
        "16" : 0.000000,
        "32" : 0.000000,
        "64" : 0.000000,
        ">=64" : 0.000000
      },
      "iodepth_complete" : {
        "0" : 0.000000,
        "4" : 99.999626,
        "8" : 0.000000,
        "16" : 0.100000,
        "32" : 0.000000,
        "64" : 0.000000,
        ">=64" : 0.000000
      },
      "latency_ns" : {
        "2" : 0.000000,
        "4" : 0.000000,
        "10" : 0.000000,
        "20" : 0.000000,
        "50" : 0.000000,
        "100" : 0.000000,
        "250" : 0.000000,
        "500" : 0.000000,
        "750" : 0.000000,
        "1000" : 0.000000
      },
      "latency_us" : {
        "2" : 0.000000,
        "4" : 0.000000,
        "10" : 0.000000,
        "20" : 0.000000,
        "50" : 0.000000,
        "100" : 0.000000,
        "250" : 0.000000,
        "500" : 0.010000,
        "750" : 0.014038,
        "1000" : 0.070515
      },
      "latency_ms" : {
        "2" : 0.621650,
        "4" : 2.734491,
        "10" : 7.556247,
        "20" : 13.883044,
        "50" : 55.877090,
        "100" : 16.848327,
        "250" : 2.393220,
        "500" : 0.012566,
        "750" : 0.000000,
        "1000" : 0.000000,
        "2000" : 0.000000,
        ">=2000" : 0.000000
      },
      "latency_depth" : 16,
      "latency_target" : 0,
      "latency_percentile" : 100.000000,
      "latency_window" : 0
    }
  ],
  "disk_util" : [
    {
      "name" : "sda",
      "read_ios" : 0,
      "write_ios" : 5371,
      "read_sectors" : 0,
      "write_sectors" : 1233096,
      "read_merges" : 0,
      "write_merges" : 5740,
      "read_ticks" : 0,
      "write_ticks" : 8171,
      "in_queue" : 8216,
      "util" : 0.432970
    }
  ]
}
