{
  "fio version" : "fio-3.39-26-ga72fe",
  "timestamp" : 1747757021,
  "timestamp_ms" : 1747757021553,
  "time" : "Tue May 20 16:03:41 2025",
  "global options" : {
    "write_iops_log" : "sea_1osd_56reactor_32fio_bal_osd_rc_1procs_seqwrite",
    "write_bw_log" : "sea_1osd_56reactor_32fio_bal_osd_rc_1procs_seqwrite",
    "write_lat_log" : "sea_1osd_56reactor_32fio_bal_osd_rc_1procs_seqwrite",
    "ioengine" : "rbd",
    "bs" : "64k",
    "rw" : "write",
    "direct" : "1",
    "runtime" : "5m",
    "time_based" : "",
    "group_reporting" : "",
    "ramp_time" : "30s",
    "thread" : "1",
    "iodepth" : "64",
    "clientname" : "admin",
    "pool" : "rbd"
  },
  "jobs" : [
    {
      "jobname" : "fio_test_0",
      "groupid" : 0,
      "job_start" : 1747756719848,
      "error" : 110,
      "eta" : 0,
      "elapsed" : 332,
      "job options" : {
        "max_latency" : "1s",
        "numjobs" : "1",
        "rbdname" : "fio_test_31"
      },
      "read" : {
        "io_bytes" : 0,
        "io_kbytes" : 0,
        "bw_bytes" : 0,
        "bw" : 0,
        "iops" : 0.000000,
        "runtime" : 0,
        "total_ios" : 0,
        "short_ios" : 0,
        "drop_ios" : 0,
        "slat_ns" : {
          "min" : 0,
          "max" : 0,
          "mean" : 0.000000,
          "stddev" : 0.000000,
          "N" : 0
        },
        "clat_ns" : {
          "min" : 0,
          "max" : 0,
          "mean" : 0.000000,
          "stddev" : 0.000000,
          "N" : 0
        },
        "lat_ns" : {
          "min" : 0,
          "max" : 0,
          "mean" : 0.000000,
          "stddev" : 0.000000,
          "N" : 0
        },
        "bw_min" : 0,
        "bw_max" : 0,
        "bw_agg" : 0.000000,
        "bw_mean" : 0.000000,
        "bw_dev" : 0.000000,
        "bw_samples" : 0,
        "iops_min" : 0,
        "iops_max" : 0,
        "iops_mean" : 0.000000,
        "iops_stddev" : 0.000000,
        "iops_samples" : 0
      },
      "write" : {
        "io_bytes" : 318204674048,
        "io_kbytes" : 310746752,
        "bw_bytes" : 1060095660,
        "bw" : 1035249,
        "iops" : 16169.059787,
        "runtime" : 300166,
        "total_ios" : 4853402,
        "short_ios" : 0,
        "drop_ios" : 0,
        "slat_ns" : {
          "min" : 4809,
          "max" : 4628681,
          "mean" : 23441.964213,
          "stddev" : 8503.856003,
          "N" : 4853402
        },
        "clat_ns" : {
          "min" : 539771,
          "max" : 1956463582,
          "mean" : 92569626.648298,
          "stddev" : 86695595.298389,
          "N" : 4855418,
          "percentile" : {
            "1.000000" : 3129344,
            "5.000000" : 8454144,
            "10.000000" : 15663104,
            "20.000000" : 29491200,
            "30.000000" : 42205184,
            "40.000000" : 55312384,
            "50.000000" : 69730304,
            "60.000000" : 85458944,
            "70.000000" : 106430464,
            "80.000000" : 137363456,
            "90.000000" : 196083712,
            "95.000000" : 261095424,
            "99.000000" : 421527552,
            "99.500000" : 497025024,
            "99.900000" : 666894336,
            "99.950000" : 750780416,
            "99.990000" : 977272832
          }
        },
        "lat_ns" : {
          "min" : 559254,
          "max" : 1956490746,
          "mean" : 92593069.311351,
          "stddev" : 86696762.180570,
          "N" : 4855418
        },
        "bw_min" : 2176,
        "bw_max" : 3031937,
        "bw_agg" : 6.001354,
        "bw_mean" : 62129.670398,
        "bw_dev" : 4130.020910,
        "bw_samples" : 4855418,
        "iops_min" : 32,
        "iops_max" : 32,
        "iops_mean" : 32.000000,
        "iops_stddev" : 0.000000,
        "iops_samples" : 4855418
      },
      "trim" : {
        "io_bytes" : 0,
        "io_kbytes" : 0,
        "bw_bytes" : 0,
        "bw" : 0,
        "iops" : 0.000000,
        "runtime" : 0,
        "total_ios" : 0,
        "short_ios" : 0,
        "drop_ios" : 0,
        "slat_ns" : {
          "min" : 0,
          "max" : 0,
          "mean" : 0.000000,
          "stddev" : 0.000000,
          "N" : 0
        },
        "clat_ns" : {
          "min" : 0,
          "max" : 0,
          "mean" : 0.000000,
          "stddev" : 0.000000,
          "N" : 0
        },
        "lat_ns" : {
          "min" : 0,
          "max" : 0,
          "mean" : 0.000000,
          "stddev" : 0.000000,
          "N" : 0
        },
        "bw_min" : 0,
        "bw_max" : 0,
        "bw_agg" : 0.000000,
        "bw_mean" : 0.000000,
        "bw_dev" : 0.000000,
        "bw_samples" : 0,
        "iops_min" : 0,
        "iops_max" : 0,
        "iops_mean" : 0.000000,
        "iops_stddev" : 0.000000,
        "iops_samples" : 0
      },
      "sync" : {
        "total_ios" : 0,
        "lat_ns" : {
          "min" : 0,
          "max" : 0,
          "mean" : 0.000000,
          "stddev" : 0.000000,
          "N" : 0
        }
      },
      "job_runtime" : 7037545,
      "usr_cpu" : 1.884649,
      "sys_cpu" : 0.454519,
      "ctx" : 4551941,
      "majf" : 0,
      "minf" : 251009,
      "iodepth_level" : {
        "1" : 0.100000,
        "2" : 0.100000,
        "4" : 0.100000,
        "8" : 0.100000,
        "16" : 0.100000,
        "32" : 0.123295,
        ">=64" : 99.757263
      },
      "iodepth_submit" : {
        "0" : 0.000000,
        "4" : 100.000000,
        "8" : 0.000000,
        "16" : 0.000000,
        "32" : 0.000000,
        "64" : 0.000000,
        ">=64" : 0.000000
      },
      "iodepth_complete" : {
        "0" : 0.100000,
        "4" : 99.999567,
        "8" : 0.000000,
        "16" : 0.000000,
        "32" : 0.000000,
        "64" : 0.100000,
        ">=64" : 0.000000
      },
      "latency_ns" : {
        "2" : 0.000000,
        "4" : 0.000000,
        "10" : 0.000000,
        "20" : 0.000000,
        "50" : 0.000000,
        "100" : 0.000000,
        "250" : 0.000000,
        "500" : 0.000000,
        "750" : 0.000000,
        "1000" : 0.000000
      },
      "latency_us" : {
        "2" : 0.000000,
        "4" : 0.000000,
        "10" : 0.000000,
        "20" : 0.000000,
        "50" : 0.000000,
        "100" : 0.000000,
        "250" : 0.000000,
        "500" : 0.000000,
        "750" : 0.010000,
        "1000" : 0.026806
      },
      "latency_ms" : {
        "2" : 0.259941,
        "4" : 1.395660,
        "10" : 4.395329,
        "20" : 7.010794,
        "50" : 22.704486,
        "100" : 31.638611,
        "250" : 27.042372,
        "500" : 5.082497,
        "750" : 0.432006,
        "1000" : 0.040178,
        "2000" : 0.010000,
        ">=2000" : 0.000000
      },
      "latency_depth" : 64,
      "latency_target" : 0,
      "latency_percentile" : 100.000000,
      "latency_window" : 0
    }
  ],
  "disk_util" : [
    {
      "name" : "sda",
      "read_ios" : 0,
      "write_ios" : 5579,
      "read_sectors" : 0,
      "write_sectors" : 1333808,
      "read_merges" : 0,
      "write_merges" : 5950,
      "read_ticks" : 0,
      "write_ticks" : 9040,
      "in_queue" : 9086,
      "util" : 0.463562
    }
  ]
}
