{
  "fio version" : "fio-3.39-26-ga72fe",
  "timestamp" : 1747755044,
  "timestamp_ms" : 1747755044642,
  "time" : "Tue May 20 15:30:44 2025",
  "global options" : {
    "write_iops_log" : "sea_1osd_56reactor_32fio_bal_osd_rc_1procs_seqwrite",
    "write_bw_log" : "sea_1osd_56reactor_32fio_bal_osd_rc_1procs_seqwrite",
    "write_lat_log" : "sea_1osd_56reactor_32fio_bal_osd_rc_1procs_seqwrite",
    "ioengine" : "rbd",
    "bs" : "64k",
    "rw" : "write",
    "direct" : "1",
    "runtime" : "5m",
    "time_based" : "",
    "group_reporting" : "",
    "ramp_time" : "30s",
    "thread" : "1",
    "iodepth" : "8",
    "clientname" : "admin",
    "pool" : "rbd"
  },
  "jobs" : [
    {
      "jobname" : "fio_test_0",
      "groupid" : 0,
      "job_start" : 1747754944142,
      "error" : 110,
      "eta" : 0,
      "elapsed" : 131,
      "job options" : {
        "max_latency" : "1s",
        "numjobs" : "1",
        "rbdname" : "fio_test_31"
      },
      "read" : {
        "io_bytes" : 0,
        "io_kbytes" : 0,
        "bw_bytes" : 0,
        "bw" : 0,
        "iops" : 0.000000,
        "runtime" : 0,
        "total_ios" : 0,
        "short_ios" : 0,
        "drop_ios" : 0,
        "slat_ns" : {
          "min" : 0,
          "max" : 0,
          "mean" : 0.000000,
          "stddev" : 0.000000,
          "N" : 0
        },
        "clat_ns" : {
          "min" : 0,
          "max" : 0,
          "mean" : 0.000000,
          "stddev" : 0.000000,
          "N" : 0
        },
        "lat_ns" : {
          "min" : 0,
          "max" : 0,
          "mean" : 0.000000,
          "stddev" : 0.000000,
          "N" : 0
        },
        "bw_min" : 0,
        "bw_max" : 0,
        "bw_agg" : 0.000000,
        "bw_mean" : 0.000000,
        "bw_dev" : 0.000000,
        "bw_samples" : 0,
        "iops_min" : 0,
        "iops_max" : 0,
        "iops_mean" : 0.000000,
        "iops_stddev" : 0.000000,
        "iops_samples" : 0
      },
      "write" : {
        "io_bytes" : 46104248320,
        "io_kbytes" : 45023680,
        "bw_bytes" : 459842294,
        "bw" : 449064,
        "iops" : 7014.402410,
        "runtime" : 100261,
        "total_ios" : 703271,
        "short_ios" : 0,
        "drop_ios" : 0,
        "slat_ns" : {
          "min" : 4347,
          "max" : 532906,
          "mean" : 17204.371008,
          "stddev" : 8106.552560,
          "N" : 703271
        },
        "clat_ns" : {
          "min" : 469290,
          "max" : 59544583996,
          "mean" : 36445580.387478,
          "stddev" : 1079491015.271354,
          "N" : 703495,
          "percentile" : {
            "1.000000" : 1761280,
            "5.000000" : 3227648,
            "10.000000" : 4816896,
            "20.000000" : 7438336,
            "30.000000" : 9633792,
            "40.000000" : 11468800,
            "50.000000" : 13565952,
            "60.000000" : 15794176,
            "70.000000" : 18219008,
            "80.000000" : 21626880,
            "90.000000" : 28704768,
            "95.000000" : 36962304,
            "99.000000" : 56360960,
            "99.500000" : 67633152,
            "99.900000" : 158334976,
            "99.950000" : 187695104,
            "99.990000" : 17112760320
          }
        },
        "lat_ns" : {
          "min" : 479207,
          "max" : 59544607679,
          "mean" : 36462785.061152,
          "stddev" : 1079491005.991281,
          "N" : 703495
        },
        "bw_min" : 32,
        "bw_max" : 3425520,
        "bw_agg" : 48.521734,
        "bw_mean" : 217894.206405,
        "bw_dev" : 6960.073808,
        "bw_samples" : 703495,
        "iops_min" : 32,
        "iops_max" : 32,
        "iops_mean" : 32.000000,
        "iops_stddev" : 0.000000,
        "iops_samples" : 703495
      },
      "trim" : {
        "io_bytes" : 0,
        "io_kbytes" : 0,
        "bw_bytes" : 0,
        "bw" : 0,
        "iops" : 0.000000,
        "runtime" : 0,
        "total_ios" : 0,
        "short_ios" : 0,
        "drop_ios" : 0,
        "slat_ns" : {
          "min" : 0,
          "max" : 0,
          "mean" : 0.000000,
          "stddev" : 0.000000,
          "N" : 0
        },
        "clat_ns" : {
          "min" : 0,
          "max" : 0,
          "mean" : 0.000000,
          "stddev" : 0.000000,
          "N" : 0
        },
        "lat_ns" : {
          "min" : 0,
          "max" : 0,
          "mean" : 0.000000,
          "stddev" : 0.000000,
          "N" : 0
        },
        "bw_min" : 0,
        "bw_max" : 0,
        "bw_agg" : 0.000000,
        "bw_mean" : 0.000000,
        "bw_dev" : 0.000000,
        "bw_samples" : 0,
        "iops_min" : 0,
        "iops_max" : 0,
        "iops_mean" : 0.000000,
        "iops_stddev" : 0.000000,
        "iops_samples" : 0
      },
      "sync" : {
        "total_ios" : 0,
        "lat_ns" : {
          "min" : 0,
          "max" : 0,
          "mean" : 0.000000,
          "stddev" : 0.000000,
          "N" : 0
        }
      },
      "job_runtime" : 3207243,
      "usr_cpu" : 0.470996,
      "sys_cpu" : 0.156801,
      "ctx" : 695679,
      "majf" : 0,
      "minf" : 52952,
      "iodepth_level" : {
        "1" : 0.100000,
        "2" : 0.100000,
        "4" : 0.100000,
        "8" : 99.871600,
        "16" : 0.000000,
        "32" : 0.000000,
        ">=64" : 0.000000
      },
      "iodepth_submit" : {
        "0" : 0.000000,
        "4" : 100.000000,
        "8" : 0.000000,
        "16" : 0.000000,
        "32" : 0.000000,
        "64" : 0.000000,
        ">=64" : 0.000000
      },
      "iodepth_complete" : {
        "0" : 0.100000,
        "4" : 99.995450,
        "8" : 0.100000,
        "16" : 0.000000,
        "32" : 0.000000,
        "64" : 0.000000,
        ">=64" : 0.000000
      },
      "latency_ns" : {
        "2" : 0.000000,
        "4" : 0.000000,
        "10" : 0.000000,
        "20" : 0.000000,
        "50" : 0.000000,
        "100" : 0.000000,
        "250" : 0.000000,
        "500" : 0.000000,
        "750" : 0.000000,
        "1000" : 0.000000
      },
      "latency_us" : {
        "2" : 0.000000,
        "4" : 0.000000,
        "10" : 0.000000,
        "20" : 0.000000,
        "50" : 0.000000,
        "100" : 0.000000,
        "250" : 0.000000,
        "500" : 0.010000,
        "750" : 0.023177,
        "1000" : 0.107924
      },
      "latency_ms" : {
        "2" : 1.270634,
        "4" : 6.190643,
        "10" : 24.558812,
        "20" : 43.405885,
        "50" : 22.837853,
        "100" : 1.422496,
        "250" : 0.175608,
        "500" : 0.010000,
        "750" : 0.000000,
        "1000" : 0.000000,
        "2000" : 0.000000,
        ">=2000" : 0.036401
      },
      "latency_depth" : 8,
      "latency_target" : 0,
      "latency_percentile" : 100.000000,
      "latency_window" : 0
    }
  ],
  "disk_util" : [
    {
      "name" : "sda",
      "read_ios" : 22,
      "write_ios" : 2665,
      "read_sectors" : 240,
      "write_sectors" : 665600,
      "read_merges" : 0,
      "write_merges" : 2761,
      "read_ticks" : 5,
      "write_ticks" : 7420,
      "in_queue" : 7444,
      "util" : 0.561785
    }
  ]
}
