{
  "fio version" : "fio-3.39-26-ga72fe",
  "timestamp" : 1747754477,
  "timestamp_ms" : 1747754477424,
  "time" : "Tue May 20 15:21:17 2025",
  "global options" : {
    "write_iops_log" : "sea_1osd_56reactor_32fio_bal_osd_rc_1procs_seqwrite",
    "write_bw_log" : "sea_1osd_56reactor_32fio_bal_osd_rc_1procs_seqwrite",
    "write_lat_log" : "sea_1osd_56reactor_32fio_bal_osd_rc_1procs_seqwrite",
    "ioengine" : "rbd",
    "bs" : "64k",
    "rw" : "write",
    "direct" : "1",
    "runtime" : "5m",
    "time_based" : "",
    "group_reporting" : "",
    "ramp_time" : "30s",
    "thread" : "1",
    "iodepth" : "1",
    "clientname" : "admin",
    "pool" : "rbd"
  },
  "jobs" : [
    {
      "jobname" : "fio_test_0",
      "groupid" : 0,
      "job_start" : 1747754176168,
      "error" : 0,
      "eta" : 0,
      "elapsed" : 332,
      "job options" : {
        "max_latency" : "1s",
        "numjobs" : "1",
        "rbdname" : "fio_test_31"
      },
      "read" : {
        "io_bytes" : 0,
        "io_kbytes" : 0,
        "bw_bytes" : 0,
        "bw" : 0,
        "iops" : 0.000000,
        "runtime" : 0,
        "total_ios" : 0,
        "short_ios" : 0,
        "drop_ios" : 0,
        "slat_ns" : {
          "min" : 0,
          "max" : 0,
          "mean" : 0.000000,
          "stddev" : 0.000000,
          "N" : 0
        },
        "clat_ns" : {
          "min" : 0,
          "max" : 0,
          "mean" : 0.000000,
          "stddev" : 0.000000,
          "N" : 0
        },
        "lat_ns" : {
          "min" : 0,
          "max" : 0,
          "mean" : 0.000000,
          "stddev" : 0.000000,
          "N" : 0
        },
        "bw_min" : 0,
        "bw_max" : 0,
        "bw_agg" : 0.000000,
        "bw_mean" : 0.000000,
        "bw_dev" : 0.000000,
        "bw_samples" : 0,
        "iops_min" : 0,
        "iops_max" : 0,
        "iops_mean" : 0.000000,
        "iops_stddev" : 0.000000,
        "iops_samples" : 0
      },
      "write" : {
        "io_bytes" : 255894487040,
        "io_kbytes" : 249896960,
        "bw_bytes" : 852970250,
        "bw" : 832978,
        "iops" : 13015.293129,
        "runtime" : 300004,
        "total_ios" : 3904640,
        "short_ios" : 0,
        "drop_ios" : 0,
        "slat_ns" : {
          "min" : 4448,
          "max" : 3934203,
          "mean" : 11884.448288,
          "stddev" : 5747.509932,
          "N" : 3904640
        },
        "clat_ns" : {
          "min" : 439286,
          "max" : 261705014,
          "mean" : 2444680.630530,
          "stddev" : 1636997.752732,
          "N" : 3904640,
          "percentile" : {
            "1.000000" : 610304,
            "5.000000" : 774144,
            "10.000000" : 929792,
            "20.000000" : 1236992,
            "30.000000" : 1515520,
            "40.000000" : 1794048,
            "50.000000" : 2088960,
            "60.000000" : 2441216,
            "70.000000" : 2834432,
            "80.000000" : 3358720,
            "90.000000" : 4292608,
            "95.000000" : 5341184,
            "99.000000" : 7897088,
            "99.500000" : 8978432,
            "99.900000" : 12124160,
            "99.950000" : 14090240,
            "99.990000" : 32899072
          }
        },
        "lat_ns" : {
          "min" : 448482,
          "max" : 261716623,
          "mean" : 2456565.078818,
          "stddev" : 1637173.290982,
          "N" : 3904640
        },
        "bw_min" : 21525,
        "bw_max" : 4500975,
        "bw_agg" : 100.000000,
        "bw_mean" : 1198685.370790,
        "bw_dev" : 22291.188861,
        "bw_samples" : 3904640,
        "iops_min" : 32,
        "iops_max" : 32,
        "iops_mean" : 32.000000,
        "iops_stddev" : 0.000000,
        "iops_samples" : 3904640
      },
      "trim" : {
        "io_bytes" : 0,
        "io_kbytes" : 0,
        "bw_bytes" : 0,
        "bw" : 0,
        "iops" : 0.000000,
        "runtime" : 0,
        "total_ios" : 0,
        "short_ios" : 0,
        "drop_ios" : 0,
        "slat_ns" : {
          "min" : 0,
          "max" : 0,
          "mean" : 0.000000,
          "stddev" : 0.000000,
          "N" : 0
        },
        "clat_ns" : {
          "min" : 0,
          "max" : 0,
          "mean" : 0.000000,
          "stddev" : 0.000000,
          "N" : 0
        },
        "lat_ns" : {
          "min" : 0,
          "max" : 0,
          "mean" : 0.000000,
          "stddev" : 0.000000,
          "N" : 0
        },
        "bw_min" : 0,
        "bw_max" : 0,
        "bw_agg" : 0.000000,
        "bw_mean" : 0.000000,
        "bw_dev" : 0.000000,
        "bw_samples" : 0,
        "iops_min" : 0,
        "iops_max" : 0,
        "iops_mean" : 0.000000,
        "iops_stddev" : 0.000000,
        "iops_samples" : 0
      },
      "sync" : {
        "total_ios" : 0,
        "lat_ns" : {
          "min" : 0,
          "max" : 0,
          "mean" : 0.000000,
          "stddev" : 0.000000,
          "N" : 0
        }
      },
      "job_runtime" : 9600025,
      "usr_cpu" : 0.632488,
      "sys_cpu" : 0.235958,
      "ctx" : 3907097,
      "majf" : 0,
      "minf" : 313471,
      "iodepth_level" : {
        "1" : 100.000000,
        "2" : 0.000000,
        "4" : 0.000000,
        "8" : 0.000000,
        "16" : 0.000000,
        "32" : 0.000000,
        ">=64" : 0.000000
      },
      "iodepth_submit" : {
        "0" : 0.000000,
        "4" : 100.000000,
        "8" : 0.000000,
        "16" : 0.000000,
        "32" : 0.000000,
        "64" : 0.000000,
        ">=64" : 0.000000
      },
      "iodepth_complete" : {
        "0" : 0.000000,
        "4" : 100.000000,
        "8" : 0.000000,
        "16" : 0.000000,
        "32" : 0.000000,
        "64" : 0.000000,
        ">=64" : 0.000000
      },
      "latency_ns" : {
        "2" : 0.000000,
        "4" : 0.000000,
        "10" : 0.000000,
        "20" : 0.000000,
        "50" : 0.000000,
        "100" : 0.000000,
        "250" : 0.000000,
        "500" : 0.000000,
        "750" : 0.000000,
        "1000" : 0.000000
      },
      "latency_us" : {
        "2" : 0.000000,
        "4" : 0.000000,
        "10" : 0.000000,
        "20" : 0.000000,
        "50" : 0.000000,
        "100" : 0.000000,
        "250" : 0.000000,
        "500" : 0.022947,
        "750" : 4.325674,
        "1000" : 7.964345
      },
      "latency_ms" : {
        "2" : 34.618608,
        "4" : 40.752899,
        "10" : 12.032198,
        "20" : 0.264429,
        "50" : 0.015802,
        "100" : 0.010000,
        "250" : 0.010000,
        "500" : 0.010000,
        "750" : 0.000000,
        "1000" : 0.000000,
        "2000" : 0.000000,
        ">=2000" : 0.000000
      },
      "latency_depth" : 1,
      "latency_target" : 0,
      "latency_percentile" : 100.000000,
      "latency_window" : 0
    }
  ],
  "disk_util" : [
    {
      "name" : "sda",
      "read_ios" : 268,
      "write_ios" : 6453,
      "read_sectors" : 4112,
      "write_sectors" : 267480,
      "read_merges" : 0,
      "write_merges" : 6385,
      "read_ticks" : 57,
      "write_ticks" : 2025,
      "in_queue" : 2125,
      "util" : 0.175239
    }
  ]
}
