{
  "fio version" : "fio-3.39-26-ga72fe",
  "timestamp" : 1747756019,
  "timestamp_ms" : 1747756019071,
  "time" : "Tue May 20 15:46:59 2025",
  "global options" : {
    "write_iops_log" : "sea_1osd_56reactor_32fio_bal_osd_rc_1procs_seqwrite",
    "write_bw_log" : "sea_1osd_56reactor_32fio_bal_osd_rc_1procs_seqwrite",
    "write_lat_log" : "sea_1osd_56reactor_32fio_bal_osd_rc_1procs_seqwrite",
    "ioengine" : "rbd",
    "bs" : "64k",
    "rw" : "write",
    "direct" : "1",
    "runtime" : "5m",
    "time_based" : "",
    "group_reporting" : "",
    "ramp_time" : "30s",
    "thread" : "1",
    "iodepth" : "32",
    "clientname" : "admin",
    "pool" : "rbd"
  },
  "jobs" : [
    {
      "jobname" : "fio_test_0",
      "groupid" : 0,
      "job_start" : 1747755717284,
      "error" : 0,
      "eta" : 0,
      "elapsed" : 332,
      "job options" : {
        "max_latency" : "1s",
        "numjobs" : "1",
        "rbdname" : "fio_test_31"
      },
      "read" : {
        "io_bytes" : 0,
        "io_kbytes" : 0,
        "bw_bytes" : 0,
        "bw" : 0,
        "iops" : 0.000000,
        "runtime" : 0,
        "total_ios" : 0,
        "short_ios" : 0,
        "drop_ios" : 0,
        "slat_ns" : {
          "min" : 0,
          "max" : 0,
          "mean" : 0.000000,
          "stddev" : 0.000000,
          "N" : 0
        },
        "clat_ns" : {
          "min" : 0,
          "max" : 0,
          "mean" : 0.000000,
          "stddev" : 0.000000,
          "N" : 0
        },
        "lat_ns" : {
          "min" : 0,
          "max" : 0,
          "mean" : 0.000000,
          "stddev" : 0.000000,
          "N" : 0
        },
        "bw_min" : 0,
        "bw_max" : 0,
        "bw_agg" : 0.000000,
        "bw_mean" : 0.000000,
        "bw_dev" : 0.000000,
        "bw_samples" : 0,
        "iops_min" : 0,
        "iops_max" : 0,
        "iops_mean" : 0.000000,
        "iops_stddev" : 0.000000,
        "iops_samples" : 0
      },
      "write" : {
        "io_bytes" : 299096670208,
        "io_kbytes" : 292086592,
        "bw_bytes" : 996709821,
        "bw" : 973349,
        "iops" : 15205.279188,
        "runtime" : 300084,
        "total_ios" : 4562861,
        "short_ios" : 0,
        "drop_ios" : 0,
        "slat_ns" : {
          "min" : 5373,
          "max" : 309158,
          "mean" : 23480.593020,
          "stddev" : 8307.396383,
          "N" : 4562861
        },
        "clat_ns" : {
          "min" : 524172,
          "max" : 723263464,
          "mean" : 67227739.409503,
          "stddev" : 57372689.265306,
          "N" : 4563853,
          "percentile" : {
            "1.000000" : 2637824,
            "5.000000" : 6520832,
            "10.000000" : 11862016,
            "20.000000" : 22675456,
            "30.000000" : 32636928,
            "40.000000" : 43253760,
            "50.000000" : 53739520,
            "60.000000" : 65798144,
            "70.000000" : 80216064,
            "80.000000" : 99090432,
            "90.000000" : 137363456,
            "95.000000" : 179306496,
            "99.000000" : 274726912,
            "99.500000" : 320864256,
            "99.900000" : 417333248,
            "99.950000" : 476053504,
            "99.990000" : 591396864
          }
        },
        "lat_ns" : {
          "min" : 532253,
          "max" : 723283193,
          "mean" : 67251220.012327,
          "stddev" : 57374240.746744,
          "N" : 4563853
        },
        "bw_min" : 3441,
        "bw_max" : 3500588,
        "bw_agg" : 8.755232,
        "bw_mean" : 85219.914909,
        "bw_dev" : 4930.991456,
        "bw_samples" : 4563853,
        "iops_min" : 32,
        "iops_max" : 32,
        "iops_mean" : 32.000000,
        "iops_stddev" : 0.000000,
        "iops_samples" : 4563853
      },
      "trim" : {
        "io_bytes" : 0,
        "io_kbytes" : 0,
        "bw_bytes" : 0,
        "bw" : 0,
        "iops" : 0.000000,
        "runtime" : 0,
        "total_ios" : 0,
        "short_ios" : 0,
        "drop_ios" : 0,
        "slat_ns" : {
          "min" : 0,
          "max" : 0,
          "mean" : 0.000000,
          "stddev" : 0.000000,
          "N" : 0
        },
        "clat_ns" : {
          "min" : 0,
          "max" : 0,
          "mean" : 0.000000,
          "stddev" : 0.000000,
          "N" : 0
        },
        "lat_ns" : {
          "min" : 0,
          "max" : 0,
          "mean" : 0.000000,
          "stddev" : 0.000000,
          "N" : 0
        },
        "bw_min" : 0,
        "bw_max" : 0,
        "bw_agg" : 0.000000,
        "bw_mean" : 0.000000,
        "bw_dev" : 0.000000,
        "bw_samples" : 0,
        "iops_min" : 0,
        "iops_max" : 0,
        "iops_mean" : 0.000000,
        "iops_stddev" : 0.000000,
        "iops_samples" : 0
      },
      "sync" : {
        "total_ios" : 0,
        "lat_ns" : {
          "min" : 0,
          "max" : 0,
          "mean" : 0.000000,
          "stddev" : 0.000000,
          "N" : 0
        }
      },
      "job_runtime" : 9601706,
      "usr_cpu" : 1.326691,
      "sys_cpu" : 0.330598,
      "ctx" : 4407765,
      "majf" : 0,
      "minf" : 433092,
      "iodepth_level" : {
        "1" : 0.100000,
        "2" : 0.100000,
        "4" : 0.100000,
        "8" : 0.100000,
        "16" : 0.100000,
        "32" : 99.847815,
        ">=64" : 0.000000
      },
      "iodepth_submit" : {
        "0" : 0.000000,
        "4" : 100.000000,
        "8" : 0.000000,
        "16" : 0.000000,
        "32" : 0.000000,
        "64" : 0.000000,
        ">=64" : 0.000000
      },
      "iodepth_complete" : {
        "0" : 0.000000,
        "4" : 99.999649,
        "8" : 0.000000,
        "16" : 0.000000,
        "32" : 0.100000,
        "64" : 0.000000,
        ">=64" : 0.000000
      },
      "latency_ns" : {
        "2" : 0.000000,
        "4" : 0.000000,
        "10" : 0.000000,
        "20" : 0.000000,
        "50" : 0.000000,
        "100" : 0.000000,
        "250" : 0.000000,
        "500" : 0.000000,
        "750" : 0.000000,
        "1000" : 0.000000
      },
      "latency_us" : {
        "2" : 0.000000,
        "4" : 0.000000,
        "10" : 0.000000,
        "20" : 0.000000,
        "50" : 0.000000,
        "100" : 0.000000,
        "250" : 0.000000,
        "500" : 0.000000,
        "750" : 0.010000,
        "1000" : 0.050232
      },
      "latency_ms" : {
        "2" : 0.416208,
        "4" : 1.966464,
        "10" : 5.855515,
        "20" : 9.245800,
        "50" : 29.039543,
        "100" : 33.773547,
        "250" : 18.123936,
        "500" : 1.506423,
        "750" : 0.037279,
        "1000" : 0.000000,
        "2000" : 0.000000,
        ">=2000" : 0.000000
      },
      "latency_depth" : 32,
      "latency_target" : 0,
      "latency_percentile" : 100.000000,
      "latency_window" : 0
    }
  ],
  "disk_util" : [
    {
      "name" : "sda",
      "read_ios" : 0,
      "write_ios" : 5323,
      "read_sectors" : 0,
      "write_sectors" : 1251288,
      "read_merges" : 0,
      "write_merges" : 5748,
      "read_ticks" : 0,
      "write_ticks" : 8239,
      "in_queue" : 8294,
      "util" : 0.445289
    }
  ]
}
