{
  "fio version" : "fio-3.39-26-ga72fe",
  "timestamp" : 1747754815,
  "timestamp_ms" : 1747754815005,
  "time" : "Tue May 20 15:26:55 2025",
  "global options" : {
    "write_iops_log" : "sea_1osd_56reactor_32fio_bal_osd_rc_1procs_seqwrite",
    "write_bw_log" : "sea_1osd_56reactor_32fio_bal_osd_rc_1procs_seqwrite",
    "write_lat_log" : "sea_1osd_56reactor_32fio_bal_osd_rc_1procs_seqwrite",
    "ioengine" : "rbd",
    "bs" : "64k",
    "rw" : "write",
    "direct" : "1",
    "runtime" : "5m",
    "time_based" : "",
    "group_reporting" : "",
    "ramp_time" : "30s",
    "thread" : "1",
    "iodepth" : "4",
    "clientname" : "admin",
    "pool" : "rbd"
  },
  "jobs" : [
    {
      "jobname" : "fio_test_0",
      "groupid" : 0,
      "job_start" : 1747754729500,
      "error" : 110,
      "eta" : 0,
      "elapsed" : 116,
      "job options" : {
        "max_latency" : "1s",
        "numjobs" : "1",
        "rbdname" : "fio_test_31"
      },
      "read" : {
        "io_bytes" : 0,
        "io_kbytes" : 0,
        "bw_bytes" : 0,
        "bw" : 0,
        "iops" : 0.000000,
        "runtime" : 0,
        "total_ios" : 0,
        "short_ios" : 0,
        "drop_ios" : 0,
        "slat_ns" : {
          "min" : 0,
          "max" : 0,
          "mean" : 0.000000,
          "stddev" : 0.000000,
          "N" : 0
        },
        "clat_ns" : {
          "min" : 0,
          "max" : 0,
          "mean" : 0.000000,
          "stddev" : 0.000000,
          "N" : 0
        },
        "lat_ns" : {
          "min" : 0,
          "max" : 0,
          "mean" : 0.000000,
          "stddev" : 0.000000,
          "N" : 0
        },
        "bw_min" : 0,
        "bw_max" : 0,
        "bw_agg" : 0.000000,
        "bw_mean" : 0.000000,
        "bw_dev" : 0.000000,
        "bw_samples" : 0,
        "iops_min" : 0,
        "iops_max" : 0,
        "iops_mean" : 0.000000,
        "iops_stddev" : 0.000000,
        "iops_samples" : 0
      },
      "write" : {
        "io_bytes" : 34431959040,
        "io_kbytes" : 33624960,
        "bw_bytes" : 403661930,
        "bw" : 394201,
        "iops" : 6158.255079,
        "runtime" : 85299,
        "total_ios" : 525293,
        "short_ios" : 0,
        "drop_ios" : 0,
        "slat_ns" : {
          "min" : 4917,
          "max" : 147723,
          "mean" : 13360.215188,
          "stddev" : 7283.867336,
          "N" : 525294
        },
        "clat_ns" : {
          "min" : 573134,
          "max" : 60112612884,
          "mean" : 20759374.313431,
          "stddev" : 870157072.798054,
          "N" : 525389,
          "percentile" : {
            "1.000000" : 1368064,
            "5.000000" : 2072576,
            "10.000000" : 2572288,
            "20.000000" : 3391488,
            "30.000000" : 4145152,
            "40.000000" : 4882432,
            "50.000000" : 5668864,
            "60.000000" : 6651904,
            "70.000000" : 7897088,
            "80.000000" : 9764864,
            "90.000000" : 12779520,
            "95.000000" : 16318464,
            "99.000000" : 25821184,
            "99.500000" : 31850496,
            "99.900000" : 143654912,
            "99.950000" : 166723584,
            "99.990000" : 17112760320
          }
        },
        "lat_ns" : {
          "min" : 582396,
          "max" : 60112629500,
          "mean" : 20772734.474993,
          "stddev" : 870157073.371863,
          "N" : 525389
        },
        "bw_min" : 32,
        "bw_max" : 3092480,
        "bw_agg" : 100.000000,
        "bw_mean" : 431582.593667,
        "bw_dev" : 8885.125307,
        "bw_samples" : 525389,
        "iops_min" : 32,
        "iops_max" : 32,
        "iops_mean" : 32.000000,
        "iops_stddev" : 0.000000,
        "iops_samples" : 525389
      },
      "trim" : {
        "io_bytes" : 0,
        "io_kbytes" : 0,
        "bw_bytes" : 0,
        "bw" : 0,
        "iops" : 0.000000,
        "runtime" : 0,
        "total_ios" : 0,
        "short_ios" : 0,
        "drop_ios" : 0,
        "slat_ns" : {
          "min" : 0,
          "max" : 0,
          "mean" : 0.000000,
          "stddev" : 0.000000,
          "N" : 0
        },
        "clat_ns" : {
          "min" : 0,
          "max" : 0,
          "mean" : 0.000000,
          "stddev" : 0.000000,
          "N" : 0
        },
        "lat_ns" : {
          "min" : 0,
          "max" : 0,
          "mean" : 0.000000,
          "stddev" : 0.000000,
          "N" : 0
        },
        "bw_min" : 0,
        "bw_max" : 0,
        "bw_agg" : 0.000000,
        "bw_mean" : 0.000000,
        "bw_dev" : 0.000000,
        "bw_samples" : 0,
        "iops_min" : 0,
        "iops_max" : 0,
        "iops_mean" : 0.000000,
        "iops_stddev" : 0.000000,
        "iops_samples" : 0
      },
      "sync" : {
        "total_ios" : 0,
        "lat_ns" : {
          "min" : 0,
          "max" : 0,
          "mean" : 0.000000,
          "stddev" : 0.000000,
          "N" : 0
        }
      },
      "job_runtime" : 2729014,
      "usr_cpu" : 0.335799,
      "sys_cpu" : 0.129131,
      "ctx" : 522565,
      "majf" : 0,
      "minf" : 38904,
      "iodepth_level" : {
        "1" : 0.100000,
        "2" : 0.100000,
        "4" : 99.935465,
        "8" : 0.000000,
        "16" : 0.000000,
        "32" : 0.000000,
        ">=64" : 0.000000
      },
      "iodepth_submit" : {
        "0" : 0.000000,
        "4" : 100.000000,
        "8" : 0.000000,
        "16" : 0.000000,
        "32" : 0.000000,
        "64" : 0.000000,
        ">=64" : 0.000000
      },
      "iodepth_complete" : {
        "0" : 0.100000,
        "4" : 99.996954,
        "8" : 0.000000,
        "16" : 0.000000,
        "32" : 0.000000,
        "64" : 0.000000,
        ">=64" : 0.000000
      },
      "latency_ns" : {
        "2" : 0.000000,
        "4" : 0.000000,
        "10" : 0.000000,
        "20" : 0.000000,
        "50" : 0.000000,
        "100" : 0.000000,
        "250" : 0.000000,
        "500" : 0.000000,
        "750" : 0.000000,
        "1000" : 0.000000
      },
      "latency_us" : {
        "2" : 0.000000,
        "4" : 0.000000,
        "10" : 0.000000,
        "20" : 0.000000,
        "50" : 0.000000,
        "100" : 0.000000,
        "250" : 0.000000,
        "500" : 0.000000,
        "750" : 0.013136,
        "1000" : 0.096327
      },
      "latency_ms" : {
        "2" : 4.216694,
        "4" : 23.844597,
        "10" : 53.148814,
        "20" : 16.170785,
        "50" : 2.271304,
        "100" : 0.071579,
        "250" : 0.159911,
        "500" : 0.010000,
        "750" : 0.000000,
        "1000" : 0.000000,
        "2000" : 0.000000,
        ">=2000" : 0.024367
      },
      "latency_depth" : 4,
      "latency_target" : 0,
      "latency_percentile" : 100.000000,
      "latency_window" : 0
    }
  ],
  "disk_util" : [
    {
      "name" : "sda",
      "read_ios" : 10,
      "write_ios" : 1909,
      "read_sectors" : 96,
      "write_sectors" : 308872,
      "read_merges" : 0,
      "write_merges" : 2320,
      "read_ticks" : 2,
      "write_ticks" : 3543,
      "in_queue" : 3563,
      "util" : 0.354782
    }
  ]
}
