[
    {
        "FIO": {
            "cpu": {
                "data": [
                    146.8766666666651,
                    95.74666666666597,
                    89.03666666666656,
                    122.60000000000034,
                    219.61666666666844,
                    23.656666666666634,
                    226.59666666666848,
                    219.02333333333567,
                    222.72666666666885,
                    241.43333333333592
                ],
                "index": 10,
                "time": [
                    "15:17:42",
                    "15:23:16",
                    "15:26:56",
                    "15:30:30",
                    "15:34:05",
                    "15:39:39",
                    "15:43:24",
                    "15:48:58",
                    "15:54:32",
                    "16:00:06"
                ],
                "total": 242.00000000000017
            },
            "mem": {
                "data": [
                    40.49999999999968,
                    43.49999999999695,
                    43.49999999999695,
                    43.49999999999695,
                    51.00000000000377,
                    39.0000000000011,
                    57.00000000001067,
                    48.96000000000697,
                    51.02666666667601,
                    51.19333333334271
                ],
                "index": 10,
                "time": [
                    "15:17:42",
                    "15:23:16",
                    "15:26:56",
                    "15:30:30",
                    "15:34:05",
                    "15:39:39",
                    "15:43:24",
                    "15:48:58",
                    "15:54:32",
                    "16:00:06"
                ],
                "total": 70.40000000000046
            }
        },
        "OSD": {
            "cpu": {
                "data": [
                    0.0,
                    0.0,
                    0.0,
                    0.0,
                    0.0,
                    0.0,
                    0.0,
                    0.0,
                    0.0,
                    0.0
                ],
                "index": 10,
                "time": [
                    "15:17:42",
                    "15:23:16",
                    "15:26:56",
                    "15:30:30",
                    "15:34:05",
                    "15:39:39",
                    "15:43:24",
                    "15:48:58",
                    "15:54:32",
                    "16:00:06"
                ],
                "total": 0.0
            },
            "mem": {
                "data": [
                    0.0,
                    0.0,
                    0.0,
                    0.0,
                    0.0,
                    0.0,
                    0.0,
                    0.0,
                    0.0,
                    0.0
                ],
                "index": 10,
                "time": [
                    "15:17:42",
                    "15:23:16",
                    "15:26:56",
                    "15:30:30",
                    "15:34:05",
                    "15:39:39",
                    "15:43:24",
                    "15:48:58",
                    "15:54:32",
                    "16:00:06"
                ],
                "total": 0.0
            }
        }
    }
]