{
  "input": [
    "sea_1osd_56reactor_32fio_bal_osd_rc_1procs_seqwrite_dump_20250520_151615.json",
    "sea_1osd_56reactor_32fio_bal_osd_rc_1procs_seqwrite_dump_20250520_152148.json",
    "sea_1osd_56reactor_32fio_bal_osd_rc_1procs_seqwrite_dump_20250520_152528.json",
    "sea_1osd_56reactor_32fio_bal_osd_rc_1procs_seqwrite_dump_20250520_152903.json",
    "sea_1osd_56reactor_32fio_bal_osd_rc_1procs_seqwrite_dump_20250520_153238.json",
    "sea_1osd_56reactor_32fio_bal_osd_rc_1procs_seqwrite_dump_20250520_153812.json",
    "sea_1osd_56reactor_32fio_bal_osd_rc_1procs_seqwrite_dump_20250520_154156.json",
    "sea_1osd_56reactor_32fio_bal_osd_rc_1procs_seqwrite_dump_20250520_154730.json",
    "sea_1osd_56reactor_32fio_bal_osd_rc_1procs_seqwrite_dump_20250520_155304.json",
    "sea_1osd_56reactor_32fio_bal_osd_rc_1procs_seqwrite_dump_20250520_155838.json"
  ],
  "output": "sea_1osd_56reactor_32fio_bal_osd_rc_1procs_seqwrite_perf_rutil.json",
  "type": "crimson",
  "operator": "average",
  "benchmark": "sea_1osd_56reactor_32fio_bal_osd_rc_1procs_seqwrite.json"
}
