{
  "fio version" : "fio-3.39-26-ga72fe",
  "timestamp" : 1750779674,
  "timestamp_ms" : 1750779674593,
  "time" : "Tue Jun 24 15:41:14 2025",
  "global options" : {
    "ioengine" : "rbd",
    "bs" : "4k",
    "rw" : "randwrite",
    "direct" : "1",
    "runtime" : "5m",
    "time_based" : "",
    "group_reporting" : "",
    "ramp_time" : "30s",
    "thread" : "1",
    "iodepth" : "16",
    "clientname" : "admin",
    "pool" : "rbd"
  },
  "jobs" : [
    {
      "jobname" : "fio_test_0",
      "groupid" : 0,
      "job_start" : 1750779374563,
      "error" : 110,
      "eta" : 0,
      "elapsed" : 331,
      "job options" : {
        "max_latency" : "1s",
        "numjobs" : "1",
        "rbdname" : "fio_test_31"
      },
      "read" : {
        "io_bytes" : 0,
        "io_kbytes" : 0,
        "bw_bytes" : 0,
        "bw" : 0,
        "iops" : 0.000000,
        "runtime" : 0,
        "total_ios" : 0,
        "short_ios" : 0,
        "drop_ios" : 0,
        "slat_ns" : {
          "min" : 0,
          "max" : 0,
          "mean" : 0.000000,
          "stddev" : 0.000000,
          "N" : 0
        },
        "clat_ns" : {
          "min" : 0,
          "max" : 0,
          "mean" : 0.000000,
          "stddev" : 0.000000,
          "N" : 0
        },
        "lat_ns" : {
          "min" : 0,
          "max" : 0,
          "mean" : 0.000000,
          "stddev" : 0.000000,
          "N" : 0
        },
        "bw_min" : 0,
        "bw_max" : 0,
        "bw_agg" : 0.000000,
        "bw_mean" : 0.000000,
        "bw_dev" : 0.000000,
        "bw_samples" : 0,
        "iops_min" : 0,
        "iops_max" : 0,
        "iops_mean" : 0.000000,
        "iops_stddev" : 0.000000,
        "iops_samples" : 0
      },
      "write" : {
        "io_bytes" : 11188166656,
        "io_kbytes" : 10925944,
        "bw_bytes" : 37292894,
        "bw" : 36418,
        "iops" : 9103.110584,
        "runtime" : 300008,
        "total_ios" : 2731006,
        "short_ios" : 0,
        "drop_ios" : 0,
        "slat_ns" : {
          "min" : 889,
          "max" : 133465,
          "mean" : 5375.638099,
          "stddev" : 3329.009281,
          "N" : 2731006
        },
        "clat_ns" : {
          "min" : 277283,
          "max" : 2244852820,
          "mean" : 3677611.655203,
          "stddev" : 12689764.838024,
          "N" : 2731486,
          "percentile" : {
            "1.000000" : 448512,
            "5.000000" : 692224,
            "10.000000" : 962560,
            "20.000000" : 1449984,
            "30.000000" : 1908736,
            "40.000000" : 2375680,
            "50.000000" : 2867200,
            "60.000000" : 3424256,
            "70.000000" : 4079616,
            "80.000000" : 5013504,
            "90.000000" : 6782976,
            "95.000000" : 8454144,
            "99.000000" : 13172736,
            "99.500000" : 15925248,
            "99.900000" : 30539776,
            "99.950000" : 52690944,
            "99.990000" : 574619648
          }
        },
        "lat_ns" : {
          "min" : 279475,
          "max" : 2244874417,
          "mean" : 3682988.015820,
          "stddev" : 12689824.056372,
          "N" : 2731486
        },
        "bw_min" : 34137,
        "bw_max" : 77849,
        "bw_agg" : 100.000000,
        "bw_mean" : 64952.667780,
        "bw_dev" : 1460.904223,
        "bw_samples" : 1227,
        "iops_min" : 8530,
        "iops_max" : 19458,
        "iops_mean" : 16234.243740,
        "iops_stddev" : 365.218503,
        "iops_samples" : 1227
      },
      "trim" : {
        "io_bytes" : 0,
        "io_kbytes" : 0,
        "bw_bytes" : 0,
        "bw" : 0,
        "iops" : 0.000000,
        "runtime" : 0,
        "total_ios" : 0,
        "short_ios" : 0,
        "drop_ios" : 0,
        "slat_ns" : {
          "min" : 0,
          "max" : 0,
          "mean" : 0.000000,
          "stddev" : 0.000000,
          "N" : 0
        },
        "clat_ns" : {
          "min" : 0,
          "max" : 0,
          "mean" : 0.000000,
          "stddev" : 0.000000,
          "N" : 0
        },
        "lat_ns" : {
          "min" : 0,
          "max" : 0,
          "mean" : 0.000000,
          "stddev" : 0.000000,
          "N" : 0
        },
        "bw_min" : 0,
        "bw_max" : 0,
        "bw_agg" : 0.000000,
        "bw_mean" : 0.000000,
        "bw_dev" : 0.000000,
        "bw_samples" : 0,
        "iops_min" : 0,
        "iops_max" : 0,
        "iops_mean" : 0.000000,
        "iops_stddev" : 0.000000,
        "iops_samples" : 0
      },
      "sync" : {
        "total_ios" : 0,
        "lat_ns" : {
          "min" : 0,
          "max" : 0,
          "mean" : 0.000000,
          "stddev" : 0.000000,
          "N" : 0
        }
      },
      "job_runtime" : 619413,
      "usr_cpu" : 3.230801,
      "sys_cpu" : 2.264725,
      "ctx" : 1505899,
      "majf" : 0,
      "minf" : 1035,
      "iodepth_level" : {
        "1" : 0.000000,
        "2" : 0.000000,
        "4" : 0.000000,
        "8" : 0.000000,
        "16" : 100.000000,
        "32" : 0.000000,
        ">=64" : 0.000000
      },
      "iodepth_submit" : {
        "0" : 0.000000,
        "4" : 100.000000,
        "8" : 0.000000,
        "16" : 0.000000,
        "32" : 0.000000,
        "64" : 0.000000,
        ">=64" : 0.000000
      },
      "iodepth_complete" : {
        "0" : 0.100000,
        "4" : 99.998865,
        "8" : 0.000000,
        "16" : 0.100000,
        "32" : 0.000000,
        "64" : 0.000000,
        ">=64" : 0.000000
      },
      "latency_ns" : {
        "2" : 0.000000,
        "4" : 0.000000,
        "10" : 0.000000,
        "20" : 0.000000,
        "50" : 0.000000,
        "100" : 0.000000,
        "250" : 0.000000,
        "500" : 0.000000,
        "750" : 0.000000,
        "1000" : 0.000000
      },
      "latency_us" : {
        "2" : 0.000000,
        "4" : 0.000000,
        "10" : 0.000000,
        "20" : 0.000000,
        "50" : 0.000000,
        "100" : 0.000000,
        "250" : 0.000000,
        "500" : 2.123430,
        "750" : 4.008193,
        "1000" : 4.674907
      },
      "latency_ms" : {
        "2" : 21.607459,
        "4" : 36.409916,
        "10" : 28.342596,
        "20" : 2.610686,
        "50" : 0.187367,
        "100" : 0.024350,
        "250" : 0.010000,
        "500" : 0.010000,
        "750" : 0.010000,
        "1000" : 0.010000,
        "2000" : 0.010000,
        ">=2000" : 0.010000
      },
      "latency_depth" : 16,
      "latency_target" : 0,
      "latency_percentile" : 100.000000,
      "latency_window" : 0
    }
  ],
  "disk_util" : [
    {
      "name" : "sda",
      "read_ios" : 0,
      "write_ios" : 4014,
      "read_sectors" : 0,
      "write_sectors" : 107280,
      "read_merges" : 0,
      "write_merges" : 5898,
      "read_ticks" : 0,
      "write_ticks" : 709,
      "in_queue" : 747,
      "util" : 0.100990
    }
  ]
}
