{
  "fio version" : "fio-3.39-26-ga72fe",
  "timestamp" : 1750777348,
  "timestamp_ms" : 1750777348119,
  "time" : "Tue Jun 24 15:02:28 2025",
  "global options" : {
    "ioengine" : "rbd",
    "bs" : "4k",
    "rw" : "randwrite",
    "direct" : "1",
    "runtime" : "5m",
    "time_based" : "",
    "group_reporting" : "",
    "ramp_time" : "30s",
    "thread" : "1",
    "iodepth" : "2",
    "clientname" : "admin",
    "pool" : "rbd"
  },
  "jobs" : [
    {
      "jobname" : "fio_test_0",
      "groupid" : 0,
      "job_start" : 1750777047949,
      "error" : 0,
      "eta" : 0,
      "elapsed" : 331,
      "job options" : {
        "max_latency" : "1s",
        "numjobs" : "1",
        "rbdname" : "fio_test_31"
      },
      "read" : {
        "io_bytes" : 0,
        "io_kbytes" : 0,
        "bw_bytes" : 0,
        "bw" : 0,
        "iops" : 0.000000,
        "runtime" : 0,
        "total_ios" : 0,
        "short_ios" : 0,
        "drop_ios" : 0,
        "slat_ns" : {
          "min" : 0,
          "max" : 0,
          "mean" : 0.000000,
          "stddev" : 0.000000,
          "N" : 0
        },
        "clat_ns" : {
          "min" : 0,
          "max" : 0,
          "mean" : 0.000000,
          "stddev" : 0.000000,
          "N" : 0
        },
        "lat_ns" : {
          "min" : 0,
          "max" : 0,
          "mean" : 0.000000,
          "stddev" : 0.000000,
          "N" : 0
        },
        "bw_min" : 0,
        "bw_max" : 0,
        "bw_agg" : 0.000000,
        "bw_mean" : 0.000000,
        "bw_dev" : 0.000000,
        "bw_samples" : 0,
        "iops_min" : 0,
        "iops_max" : 0,
        "iops_mean" : 0.000000,
        "iops_stddev" : 0.000000,
        "iops_samples" : 0
      },
      "write" : {
        "io_bytes" : 11799015424,
        "io_kbytes" : 11522476,
        "bw_bytes" : 39328871,
        "bw" : 38407,
        "iops" : 9601.665283,
        "runtime" : 300009,
        "total_ios" : 2880586,
        "short_ios" : 0,
        "drop_ios" : 0,
        "slat_ns" : {
          "min" : 930,
          "max" : 236801,
          "mean" : 9888.409469,
          "stddev" : 6241.128512,
          "N" : 2880587
        },
        "clat_ns" : {
          "min" : 286540,
          "max" : 156123126,
          "mean" : 6652320.978023,
          "stddev" : 7315054.337024,
          "N" : 2880618,
          "percentile" : {
            "1.000000" : 473088,
            "5.000000" : 864256,
            "10.000000" : 1417216,
            "20.000000" : 2310144,
            "30.000000" : 3063808,
            "40.000000" : 3915776,
            "50.000000" : 4816896,
            "60.000000" : 5865472,
            "70.000000" : 7241728,
            "80.000000" : 9240576,
            "90.000000" : 13172736,
            "95.000000" : 17956864,
            "99.000000" : 33816576,
            "99.500000" : 48496640,
            "99.900000" : 83361792,
            "99.950000" : 93847552,
            "99.990000" : 113770496
          }
        },
        "lat_ns" : {
          "min" : 288904,
          "max" : 156135087,
          "mean" : 6662209.394448,
          "stddev" : 7315147.290587,
          "N" : 2880618
        },
        "bw_min" : 23993,
        "bw_max" : 49745,
        "bw_agg" : 100.000000,
        "bw_mean" : 38429.322348,
        "bw_dev" : 125.669863,
        "bw_samples" : 19188,
        "iops_min" : 5998,
        "iops_max" : 12434,
        "iops_mean" : 9604.737251,
        "iops_stddev" : 31.415187,
        "iops_samples" : 19188
      },
      "trim" : {
        "io_bytes" : 0,
        "io_kbytes" : 0,
        "bw_bytes" : 0,
        "bw" : 0,
        "iops" : 0.000000,
        "runtime" : 0,
        "total_ios" : 0,
        "short_ios" : 0,
        "drop_ios" : 0,
        "slat_ns" : {
          "min" : 0,
          "max" : 0,
          "mean" : 0.000000,
          "stddev" : 0.000000,
          "N" : 0
        },
        "clat_ns" : {
          "min" : 0,
          "max" : 0,
          "mean" : 0.000000,
          "stddev" : 0.000000,
          "N" : 0
        },
        "lat_ns" : {
          "min" : 0,
          "max" : 0,
          "mean" : 0.000000,
          "stddev" : 0.000000,
          "N" : 0
        },
        "bw_min" : 0,
        "bw_max" : 0,
        "bw_agg" : 0.000000,
        "bw_mean" : 0.000000,
        "bw_dev" : 0.000000,
        "bw_samples" : 0,
        "iops_min" : 0,
        "iops_max" : 0,
        "iops_mean" : 0.000000,
        "iops_stddev" : 0.000000,
        "iops_samples" : 0
      },
      "sync" : {
        "total_ios" : 0,
        "lat_ns" : {
          "min" : 0,
          "max" : 0,
          "mean" : 0.000000,
          "stddev" : 0.000000,
          "N" : 0
        }
      },
      "job_runtime" : 9600106,
      "usr_cpu" : 0.471443,
      "sys_cpu" : 0.290653,
      "ctx" : 2758694,
      "majf" : 0,
      "minf" : 1357,
      "iodepth_level" : {
        "1" : 0.000000,
        "2" : 100.000000,
        "4" : 0.000000,
        "8" : 0.000000,
        "16" : 0.000000,
        "32" : 0.000000,
        ">=64" : 0.000000
      },
      "iodepth_submit" : {
        "0" : 0.000000,
        "4" : 100.000000,
        "8" : 0.000000,
        "16" : 0.000000,
        "32" : 0.000000,
        "64" : 0.000000,
        ">=64" : 0.000000
      },
      "iodepth_complete" : {
        "0" : 0.000000,
        "4" : 100.000000,
        "8" : 0.000000,
        "16" : 0.000000,
        "32" : 0.000000,
        "64" : 0.000000,
        ">=64" : 0.000000
      },
      "latency_ns" : {
        "2" : 0.000000,
        "4" : 0.000000,
        "10" : 0.000000,
        "20" : 0.000000,
        "50" : 0.000000,
        "100" : 0.000000,
        "250" : 0.000000,
        "500" : 0.000000,
        "750" : 0.000000,
        "1000" : 0.000000
      },
      "latency_us" : {
        "2" : 0.000000,
        "4" : 0.000000,
        "10" : 0.000000,
        "20" : 0.000000,
        "50" : 0.000000,
        "100" : 0.000000,
        "250" : 0.000000,
        "500" : 1.286544,
        "750" : 2.523132,
        "1000" : 2.610094
      },
      "latency_ms" : {
        "2" : 10.200841,
        "4" : 24.465994,
        "10" : 41.478123,
        "20" : 13.680376,
        "50" : 3.279784,
        "100" : 0.444875,
        "250" : 0.031348,
        "500" : 0.000000,
        "750" : 0.000000,
        "1000" : 0.000000,
        "2000" : 0.000000,
        ">=2000" : 0.000000
      },
      "latency_depth" : 2,
      "latency_target" : 0,
      "latency_percentile" : 100.000000,
      "latency_window" : 0
    }
  ],
  "disk_util" : [
    {
      "name" : "sda",
      "read_ios" : 0,
      "write_ios" : 3626,
      "read_sectors" : 0,
      "write_sectors" : 94248,
      "read_merges" : 0,
      "write_merges" : 5536,
      "read_ticks" : 0,
      "write_ticks" : 574,
      "in_queue" : 613,
      "util" : 0.093958
    }
  ]
}
