{
  "fio version" : "fio-3.39-26-ga72fe",
  "timestamp" : 1750782113,
  "timestamp_ms" : 1750782113069,
  "time" : "Tue Jun 24 16:21:53 2025",
  "global options" : {
    "ioengine" : "rbd",
    "bs" : "4k",
    "rw" : "randwrite",
    "direct" : "1",
    "runtime" : "5m",
    "time_based" : "",
    "group_reporting" : "",
    "ramp_time" : "30s",
    "thread" : "1",
    "iodepth" : "52",
    "clientname" : "admin",
    "pool" : "rbd"
  },
  "jobs" : [
    {
      "jobname" : "fio_test_0",
      "groupid" : 0,
      "job_start" : 1750782112573,
      "error" : 110,
      "eta" : 0,
      "elapsed" : 31,
      "job options" : {
        "max_latency" : "1s",
        "numjobs" : "1",
        "rbdname" : "fio_test_31"
      },
      "read" : {
        "io_bytes" : 0,
        "io_kbytes" : 0,
        "bw_bytes" : 0,
        "bw" : 0,
        "iops" : 0.000000,
        "runtime" : 0,
        "total_ios" : 0,
        "short_ios" : 0,
        "drop_ios" : 0,
        "slat_ns" : {
          "min" : 0,
          "max" : 0,
          "mean" : 0.000000,
          "stddev" : 0.000000,
          "N" : 0
        },
        "clat_ns" : {
          "min" : 0,
          "max" : 0,
          "mean" : 0.000000,
          "stddev" : 0.000000,
          "N" : 0
        },
        "lat_ns" : {
          "min" : 0,
          "max" : 0,
          "mean" : 0.000000,
          "stddev" : 0.000000,
          "N" : 0
        },
        "bw_min" : 0,
        "bw_max" : 0,
        "bw_agg" : 0.000000,
        "bw_mean" : 0.000000,
        "bw_dev" : 0.000000,
        "bw_samples" : 0,
        "iops_min" : 0,
        "iops_max" : 0,
        "iops_mean" : 0.000000,
        "iops_stddev" : 0.000000,
        "iops_samples" : 0
      },
      "write" : {
        "io_bytes" : 8957952,
        "io_kbytes" : 8748,
        "bw_bytes" : 28258523,
        "bw" : 27596,
        "iops" : 1747.634069,
        "runtime" : 317,
        "total_ios" : 554,
        "short_ios" : 0,
        "drop_ios" : 0,
        "slat_ns" : {
          "min" : 1558,
          "max" : 34622,
          "mean" : 11763.533333,
          "stddev" : 7094.651309,
          "N" : 555
        },
        "clat_ns" : {
          "min" : 387091,
          "max" : 3175607152,
          "mean" : 582393822.933669,
          "stddev" : 598844823.676240,
          "N" : 2186,
          "percentile" : {
            "1.000000" : 839680,
            "5.000000" : 3424256,
            "10.000000" : 12648448,
            "20.000000" : 196083712,
            "30.000000" : 278921216,
            "40.000000" : 329252864,
            "50.000000" : 383778816,
            "60.000000" : 450887680,
            "70.000000" : 566231040,
            "80.000000" : 893386752,
            "90.000000" : 1451229184,
            "95.000000" : 1971322880,
            "99.000000" : 2768240640,
            "99.500000" : 2969567232,
            "99.900000" : 3103784960,
            "99.950000" : 3170893824,
            "99.990000" : 3170893824
          }
        },
        "lat_ns" : {
          "min" : 391543,
          "max" : 3175615522,
          "mean" : 582404795.601555,
          "stddev" : 598844319.090135,
          "N" : 2186
        },
        "bw_min" : 0,
        "bw_max" : 0,
        "bw_agg" : 0.000000,
        "bw_mean" : 0.000000,
        "bw_dev" : 0.000000,
        "bw_samples" : 0,
        "iops_min" : 0,
        "iops_max" : 0,
        "iops_mean" : 0.000000,
        "iops_stddev" : 0.000000,
        "iops_samples" : 0
      },
      "trim" : {
        "io_bytes" : 0,
        "io_kbytes" : 0,
        "bw_bytes" : 0,
        "bw" : 0,
        "iops" : 0.000000,
        "runtime" : 0,
        "total_ios" : 0,
        "short_ios" : 0,
        "drop_ios" : 0,
        "slat_ns" : {
          "min" : 0,
          "max" : 0,
          "mean" : 0.000000,
          "stddev" : 0.000000,
          "N" : 0
        },
        "clat_ns" : {
          "min" : 0,
          "max" : 0,
          "mean" : 0.000000,
          "stddev" : 0.000000,
          "N" : 0
        },
        "lat_ns" : {
          "min" : 0,
          "max" : 0,
          "mean" : 0.000000,
          "stddev" : 0.000000,
          "N" : 0
        },
        "bw_min" : 0,
        "bw_max" : 0,
        "bw_agg" : 0.000000,
        "bw_mean" : 0.000000,
        "bw_dev" : 0.000000,
        "bw_samples" : 0,
        "iops_min" : 0,
        "iops_max" : 0,
        "iops_mean" : 0.000000,
        "iops_stddev" : 0.000000,
        "iops_samples" : 0
      },
      "sync" : {
        "total_ios" : 0,
        "lat_ns" : {
          "min" : 0,
          "max" : 0,
          "mean" : 0.000000,
          "stddev" : 0.000000,
          "N" : 0
        }
      },
      "job_runtime" : 9548,
      "usr_cpu" : 0.062840,
      "sys_cpu" : 0.041894,
      "ctx" : 2024,
      "majf" : 0,
      "minf" : 0,
      "iodepth_level" : {
        "1" : 0.000000,
        "2" : 0.000000,
        "4" : 0.000000,
        "8" : 0.000000,
        "16" : 0.000000,
        "32" : 100.000000,
        ">=64" : 0.000000
      },
      "iodepth_submit" : {
        "0" : 0.000000,
        "4" : 100.000000,
        "8" : 0.000000,
        "16" : 0.000000,
        "32" : 0.000000,
        "64" : 0.000000,
        ">=64" : 0.000000
      },
      "iodepth_complete" : {
        "0" : 2.728048,
        "4" : 94.543905,
        "8" : 0.000000,
        "16" : 0.000000,
        "32" : 0.000000,
        "64" : 2.728048,
        ">=64" : 0.000000
      },
      "latency_ns" : {
        "2" : 0.000000,
        "4" : 0.000000,
        "10" : 0.000000,
        "20" : 0.000000,
        "50" : 0.000000,
        "100" : 0.000000,
        "250" : 0.000000,
        "500" : 0.000000,
        "750" : 0.000000,
        "1000" : 0.000000
      },
      "latency_us" : {
        "2" : 0.000000,
        "4" : 0.000000,
        "10" : 0.000000,
        "20" : 0.000000,
        "50" : 0.000000,
        "100" : 0.000000,
        "250" : 0.000000,
        "500" : 1.263538,
        "750" : 1.985560,
        "1000" : 0.902527
      },
      "latency_ms" : {
        "2" : 4.151625,
        "4" : 14.981949,
        "10" : 14.259928,
        "20" : 6.678700,
        "50" : 6.859206,
        "100" : 4.693141,
        "250" : 48.375451,
        "500" : 155.595668,
        "750" : 43.321300,
        "1000" : 22.202166,
        "2000" : 50.361011,
        ">=2000" : 18.953069
      },
      "latency_depth" : 52,
      "latency_target" : 0,
      "latency_percentile" : 100.000000,
      "latency_window" : 0
    }
  ],
  "disk_util" : [
    {
      "name" : "sda",
      "read_ios" : 0,
      "write_ios" : 356,
      "read_sectors" : 0,
      "write_sectors" : 7400,
      "read_merges" : 0,
      "write_merges" : 492,
      "read_ticks" : 0,
      "write_ticks" : 48,
      "in_queue" : 52,
      "util" : 0.082337
    }
  ]
}
