[
    {
        "FIO": {
            "cpu": {
                "data": [
                    143.14333333333215,
                    152.09999999999874,
                    150.09666666666539,
                    149.27333333333144,
                    150.449999999998,
                    149.3333333333315,
                    75.45666666666655,
                    83.29666666666655,
                    75.08333333333327,
                    5.539999999999997,
                    97.1700000000002,
                    6.49333333333333,
                    85.42999999999996,
                    5.7433333333333305,
                    72.47000000000003,
                    5.113333333333332,
                    61.22999999999994,
                    5.673333333333332,
                    3.720000000000001,
                    3.310000000000001,
                    1.8600000000000003,
                    2.0666666666666673,
                    3.310000000000001,
                    3.5166666666666675
                ],
                "index": 24,
                "time": [
                    "14:53:22",
                    "14:58:54",
                    "15:04:27",
                    "15:09:59",
                    "15:15:31",
                    "15:21:04",
                    "15:26:36",
                    "15:32:08",
                    "15:37:41",
                    "15:43:13",
                    "15:45:47",
                    "15:51:19",
                    "15:53:53",
                    "15:59:25",
                    "16:01:59",
                    "16:07:31",
                    "16:10:05",
                    "16:15:37",
                    "16:18:11",
                    "16:20:45",
                    "16:23:19",
                    "16:25:52",
                    "16:28:26",
                    "16:31:00"
                ],
                "total": 0.0
            },
            "mem": {
                "data": [
                    0.0,
                    0.0,
                    0.0,
                    0.0,
                    0.0,
                    0.0,
                    0.0,
                    0.0,
                    0.0,
                    0.0,
                    0.0,
                    0.0,
                    0.0,
                    0.0,
                    0.0,
                    0.0,
                    0.0,
                    0.0,
                    0.0,
                    0.0,
                    0.0,
                    0.0,
                    0.0,
                    0.0
                ],
                "index": 24,
                "time": [
                    "14:53:22",
                    "14:58:54",
                    "15:04:27",
                    "15:09:59",
                    "15:15:31",
                    "15:21:04",
                    "15:26:36",
                    "15:32:08",
                    "15:37:41",
                    "15:43:13",
                    "15:45:47",
                    "15:51:19",
                    "15:53:53",
                    "15:59:25",
                    "16:01:59",
                    "16:07:31",
                    "16:10:05",
                    "16:15:37",
                    "16:18:11",
                    "16:20:45",
                    "16:23:19",
                    "16:25:52",
                    "16:28:26",
                    "16:31:00"
                ],
                "total": 0.0
            }
        },
        "OSD": {
            "cpu": {
                "data": [
                    369.21333333333314,
                    376.8933333333331,
                    378.82666666666654,
                    381.773333333333,
                    381.9066666666665,
                    381.70666666666637,
                    351.09999999999985,
                    374.35333333333324,
                    363.3199999999999,
                    30.849999999999984,
                    367.99999999999983,
                    32.81666666666664,
                    359.08999999999986,
                    31.20666666666664,
                    348.04999999999995,
                    31.043333333333315,
                    341.9733333333333,
                    30.82333333333333,
                    19.373333333333324,
                    18.77333333333331,
                    19.16333333333333,
                    17.779999999999987,
                    19.296666666666656,
                    19.61000000000001
                ],
                "index": 24,
                "time": [
                    "14:53:22",
                    "14:58:54",
                    "15:04:27",
                    "15:09:59",
                    "15:15:31",
                    "15:21:04",
                    "15:26:36",
                    "15:32:08",
                    "15:37:41",
                    "15:43:13",
                    "15:45:47",
                    "15:51:19",
                    "15:53:53",
                    "15:59:25",
                    "16:01:59",
                    "16:07:31",
                    "16:10:05",
                    "16:15:37",
                    "16:18:11",
                    "16:20:45",
                    "16:23:19",
                    "16:25:52",
                    "16:28:26",
                    "16:31:00"
                ],
                "total": 2.3
            },
            "mem": {
                "data": [
                    49.87999999999968,
                    51.59999999999967,
                    51.59999999999967,
                    51.59999999999967,
                    51.59999999999967,
                    51.59999999999967,
                    51.59999999999967,
                    51.59999999999967,
                    51.59999999999967,
                    51.59999999999967,
                    51.59999999999967,
                    51.59999999999967,
                    51.59999999999967,
                    51.59999999999967,
                    51.59999999999967,
                    51.59999999999967,
                    51.59999999999967,
                    51.59999999999967,
                    51.59999999999967,
                    51.59999999999967,
                    51.59999999999967,
                    51.59999999999967,
                    51.59999999999967,
                    51.59999999999967
                ],
                "index": 24,
                "time": [
                    "14:53:22",
                    "14:58:54",
                    "15:04:27",
                    "15:09:59",
                    "15:15:31",
                    "15:21:04",
                    "15:26:36",
                    "15:32:08",
                    "15:37:41",
                    "15:43:13",
                    "15:45:47",
                    "15:51:19",
                    "15:53:53",
                    "15:59:25",
                    "16:01:59",
                    "16:07:31",
                    "16:10:05",
                    "16:15:37",
                    "16:18:11",
                    "16:20:45",
                    "16:23:19",
                    "16:25:52",
                    "16:28:26",
                    "16:31:00"
                ],
                "total": 51.59999999999999
            }
        }
    }
]