{
    "osd_0": {
        "0": {
            "reactor": [
                "2465810",
                "2465873",
                "2465929"
            ]
        },
        "1": {
            "reactor": [
                "2465819",
                "2465885",
                "2465963"
            ]
        },
        "2": {
            "reactor": [
                "2465821",
                "2465884",
                "2465944"
            ]
        },
        "3": {
            "reactor": [
                "2465823",
                "2465880",
                "2465938"
            ]
        },
        "4": {
            "reactor": [
                "2465825",
                "2465882",
                "2465940"
            ]
        },
        "5": {
            "reactor": [
                "2465827",
                "2465879",
                "2465945"
            ]
        },
        "6": {
            "reactor": [
                "2465829",
                "2465889",
                "2465951"
            ]
        },
        "7": {
            "reactor": [
                "2465831",
                "2465904",
                "2465939"
            ]
        },
        "8": {
            "reactor": [
                "2465833",
                "2465897",
                "2465935"
            ]
        },
        "9": {
            "reactor": [
                "2465835",
                "2465887",
                "2465941"
            ]
        },
        "10": {
            "reactor": [
                "2465837",
                "2465891",
                "2465933"
            ]
        },
        "11": {
            "reactor": [
                "2465839",
                "2465900",
                "2465972"
            ]
        },
        "12": {
            "reactor": [
                "2465841",
                "2465895",
                "2465971"
            ]
        },
        "13": {
            "reactor": [
                "2465843",
                "2465907",
                "2465983"
            ]
        },
        "14": {
            "reactor": [
                "2465845",
                "2465888",
                "2465954"
            ]
        },
        "15": {
            "reactor": [
                "2465847",
                "2465898",
                "2465980"
            ]
        },
        "16": {
            "reactor": [
                "2465849",
                "2465874",
                "2465936"
            ]
        },
        "17": {
            "reactor": [
                "2465851",
                "2465901",
                "2465959"
            ]
        },
        "18": {
            "reactor": [
                "2465853",
                "2465905",
                "2465964"
            ]
        },
        "19": {
            "reactor": [
                "2465855",
                "2465881",
                "2465949"
            ]
        },
        "20": {
            "reactor": [
                "2465857",
                "2465912",
                "2465974"
            ]
        },
        "21": {
            "reactor": [
                "2465859",
                "2465915",
                "2465970"
            ]
        },
        "22": {
            "reactor": [
                "2465861",
                "2465918",
                "2465962"
            ]
        },
        "23": {
            "reactor": [
                "2465863",
                "2465922",
                "2465952"
            ]
        },
        "24": {
            "reactor": [
                "2465865",
                "2465921",
                "2465977"
            ]
        },
        "25": {
            "reactor": [
                "2465867",
                "2465913",
                "2465960"
            ]
        },
        "26": {
            "reactor": [
                "2465869",
                "2465925",
                "2465965"
            ]
        },
        "27": {
            "reactor": [
                "2465871",
                "2465927",
                "2465968"
            ]
        },
        "56": {
            "reactor": [
                "2465818",
                "2465877",
                "2465930"
            ]
        },
        "57": {
            "reactor": [
                "2465820",
                "2465899",
                "2465973"
            ]
        },
        "58": {
            "reactor": [
                "2465822",
                "2465878",
                "2465946"
            ]
        },
        "59": {
            "reactor": [
                "2465824",
                "2465875",
                "2465976"
            ]
        },
        "60": {
            "reactor": [
                "2465826",
                "2465883",
                "2465961"
            ]
        },
        "61": {
            "reactor": [
                "2465828",
                "2465906",
                "2465947"
            ]
        },
        "62": {
            "reactor": [
                "2465830",
                "2465894",
                "2465953"
            ]
        },
        "63": {
            "reactor": [
                "2465832",
                "2465908",
                "2465937"
            ]
        },
        "64": {
            "reactor": [
                "2465834",
                "2465903",
                "2465957"
            ]
        },
        "65": {
            "reactor": [
                "2465836",
                "2465890",
                "2465979"
            ]
        },
        "66": {
            "reactor": [
                "2465838",
                "2465896",
                "2465955"
            ]
        },
        "67": {
            "reactor": [
                "2465840",
                "2465902",
                "2465975"
            ]
        },
        "68": {
            "reactor": [
                "2465842",
                "2465914",
                "2465943"
            ]
        },
        "69": {
            "reactor": [
                "2465844",
                "2465911",
                "2465934"
            ]
        },
        "70": {
            "reactor": [
                "2465846",
                "2465892",
                "2465950"
            ]
        },
        "71": {
            "reactor": [
                "2465848",
                "2465876",
                "2465982"
            ]
        },
        "72": {
            "reactor": [
                "2465850",
                "2465893",
                "2465956"
            ]
        },
        "73": {
            "reactor": [
                "2465852",
                "2465917",
                "2465942"
            ]
        },
        "74": {
            "reactor": [
                "2465854",
                "2465916",
                "2465984"
            ]
        },
        "75": {
            "reactor": [
                "2465856",
                "2465910",
                "2465948"
            ]
        },
        "76": {
            "reactor": [
                "2465858",
                "2465919",
                "2465966"
            ]
        },
        "77": {
            "reactor": [
                "2465860",
                "2465886",
                "2465932"
            ]
        },
        "78": {
            "reactor": [
                "2465862",
                "2465909",
                "2465967"
            ]
        },
        "79": {
            "reactor": [
                "2465864",
                "2465920",
                "2465931"
            ]
        },
        "80": {
            "reactor": [
                "2465866",
                "2465924",
                "2465978"
            ]
        },
        "81": {
            "reactor": [
                "2465868",
                "2465923",
                "2465969"
            ]
        },
        "82": {
            "reactor": [
                "2465870",
                "2465928",
                "2465981"
            ]
        },
        "83": {
            "reactor": [
                "2465872",
                "2465926",
                "2465958"
            ]
        }
    }
}