{
  "fio version" : "fio-3.39-26-ga72fe",
  "timestamp" : 1747154468,
  "timestamp_ms" : 1747154468752,
  "time" : "Tue May 13 16:41:08 2025",
  "global options" : {
    "write_iops_log" : "sea_1osd_56reactor_32fio_bal_osd_rc_1procs_randread",
    "write_bw_log" : "sea_1osd_56reactor_32fio_bal_osd_rc_1procs_randread",
    "write_lat_log" : "sea_1osd_56reactor_32fio_bal_osd_rc_1procs_randread",
    "ioengine" : "rbd",
    "bs" : "4k",
    "rw" : "randread",
    "direct" : "1",
    "runtime" : "5m",
    "time_based" : "",
    "group_reporting" : "",
    "ramp_time" : "30s",
    "thread" : "1",
    "iodepth" : "32",
    "clientname" : "admin",
    "pool" : "rbd"
  },
  "jobs" : [
    {
      "jobname" : "fio_test_0",
      "groupid" : 0,
      "job_start" : 1747154124495,
      "error" : 0,
      "eta" : 0,
      "elapsed" : 375,
      "job options" : {
        "max_latency" : "1s",
        "numjobs" : "1",
        "rbdname" : "fio_test_31"
      },
      "read" : {
        "io_bytes" : 484405321728,
        "io_kbytes" : 473052072,
        "bw_bytes" : 1614517572,
        "bw" : 1576677,
        "iops" : 394166.019511,
        "runtime" : 300031,
        "total_ios" : 118262025,
        "short_ios" : 0,
        "drop_ios" : 0,
        "slat_ns" : {
          "min" : 430,
          "max" : 935447,
          "mean" : 2398.151879,
          "stddev" : 1413.304200,
          "N" : 118262026
        },
        "clat_ns" : {
          "min" : 32727,
          "max" : 187080628,
          "mean" : 2584970.713960,
          "stddev" : 12861023.971247,
          "N" : 118263017,
          "percentile" : {
            "1.000000" : 272384,
            "5.000000" : 391168,
            "10.000000" : 485376,
            "20.000000" : 618496,
            "30.000000" : 741376,
            "40.000000" : 864256,
            "50.000000" : 987136,
            "60.000000" : 1138688,
            "70.000000" : 1318912,
            "80.000000" : 1597440,
            "90.000000" : 2473984,
            "95.000000" : 3522560,
            "99.000000" : 28704768,
            "99.500000" : 135266304,
            "99.900000" : 156237824,
            "99.950000" : 162529280,
            "99.990000" : 168820736
          }
        },
        "lat_ns" : {
          "min" : 141062,
          "max" : 187082657,
          "mean" : 2587368.865127,
          "stddev" : 12861024.501928,
          "N" : 118263017
        },
        "bw_min" : 699,
        "bw_max" : 882641,
        "bw_agg" : 9.414672,
        "bw_mean" : 148439.814164,
        "bw_dev" : 2680.639371,
        "bw_samples" : 118263017,
        "iops_min" : 32,
        "iops_max" : 32,
        "iops_mean" : 32.000000,
        "iops_stddev" : 0.000000,
        "iops_samples" : 118263017
      },
      "write" : {
        "io_bytes" : 0,
        "io_kbytes" : 0,
        "bw_bytes" : 0,
        "bw" : 0,
        "iops" : 0.000000,
        "runtime" : 0,
        "total_ios" : 0,
        "short_ios" : 0,
        "drop_ios" : 0,
        "slat_ns" : {
          "min" : 0,
          "max" : 0,
          "mean" : 0.000000,
          "stddev" : 0.000000,
          "N" : 0
        },
        "clat_ns" : {
          "min" : 0,
          "max" : 0,
          "mean" : 0.000000,
          "stddev" : 0.000000,
          "N" : 0
        },
        "lat_ns" : {
          "min" : 0,
          "max" : 0,
          "mean" : 0.000000,
          "stddev" : 0.000000,
          "N" : 0
        },
        "bw_min" : 0,
        "bw_max" : 0,
        "bw_agg" : 0.000000,
        "bw_mean" : 0.000000,
        "bw_dev" : 0.000000,
        "bw_samples" : 0,
        "iops_min" : 0,
        "iops_max" : 0,
        "iops_mean" : 0.000000,
        "iops_stddev" : 0.000000,
        "iops_samples" : 0
      },
      "trim" : {
        "io_bytes" : 0,
        "io_kbytes" : 0,
        "bw_bytes" : 0,
        "bw" : 0,
        "iops" : 0.000000,
        "runtime" : 0,
        "total_ios" : 0,
        "short_ios" : 0,
        "drop_ios" : 0,
        "slat_ns" : {
          "min" : 0,
          "max" : 0,
          "mean" : 0.000000,
          "stddev" : 0.000000,
          "N" : 0
        },
        "clat_ns" : {
          "min" : 0,
          "max" : 0,
          "mean" : 0.000000,
          "stddev" : 0.000000,
          "N" : 0
        },
        "lat_ns" : {
          "min" : 0,
          "max" : 0,
          "mean" : 0.000000,
          "stddev" : 0.000000,
          "N" : 0
        },
        "bw_min" : 0,
        "bw_max" : 0,
        "bw_agg" : 0.000000,
        "bw_mean" : 0.000000,
        "bw_dev" : 0.000000,
        "bw_samples" : 0,
        "iops_min" : 0,
        "iops_max" : 0,
        "iops_mean" : 0.000000,
        "iops_stddev" : 0.000000,
        "iops_samples" : 0
      },
      "sync" : {
        "total_ios" : 0,
        "lat_ns" : {
          "min" : 0,
          "max" : 0,
          "mean" : 0.000000,
          "stddev" : 0.000000,
          "N" : 0
        }
      },
      "job_runtime" : 9600836,
      "usr_cpu" : 5.227743,
      "sys_cpu" : 3.477301,
      "ctx" : 64917503,
      "majf" : 0,
      "minf" : 764296,
      "iodepth_level" : {
        "1" : 0.100000,
        "2" : 0.100000,
        "4" : 0.100000,
        "8" : 0.100000,
        "16" : 0.100000,
        "32" : 99.989882,
        ">=64" : 0.000000
      },
      "iodepth_submit" : {
        "0" : 0.000000,
        "4" : 100.000000,
        "8" : 0.000000,
        "16" : 0.000000,
        "32" : 0.000000,
        "64" : 0.000000,
        ">=64" : 0.000000
      },
      "iodepth_complete" : {
        "0" : 0.000000,
        "4" : 99.999986,
        "8" : 0.000000,
        "16" : 0.000000,
        "32" : 0.100000,
        "64" : 0.000000,
        ">=64" : 0.000000
      },
      "latency_ns" : {
        "2" : 0.000000,
        "4" : 0.000000,
        "10" : 0.000000,
        "20" : 0.000000,
        "50" : 0.000000,
        "100" : 0.000000,
        "250" : 0.000000,
        "500" : 0.000000,
        "750" : 0.000000,
        "1000" : 0.000000
      },
      "latency_us" : {
        "2" : 0.000000,
        "4" : 0.000000,
        "10" : 0.000000,
        "20" : 0.000000,
        "50" : 0.010000,
        "100" : 0.000000,
        "250" : 0.555716,
        "500" : 10.547237,
        "750" : 19.338696,
        "1000" : 20.434760
      },
      "latency_ms" : {
        "2" : 35.581089,
        "4" : 9.545856,
        "10" : 2.139000,
        "20" : 0.631304,
        "50" : 0.355434,
        "100" : 0.035130,
        "250" : 0.836616,
        "500" : 0.000000,
        "750" : 0.000000,
        "1000" : 0.000000,
        "2000" : 0.000000,
        ">=2000" : 0.000000
      },
      "latency_depth" : 32,
      "latency_target" : 0,
      "latency_percentile" : 100.000000,
      "latency_window" : 0
    }
  ],
  "disk_util" : [
    {
      "name" : "sda",
      "read_ios" : 0,
      "write_ios" : 23926,
      "read_sectors" : 0,
      "write_sectors" : 29002856,
      "read_merges" : 0,
      "write_merges" : 10779,
      "read_ticks" : 0,
      "write_ticks" : 198191,
      "in_queue" : 199087,
      "util" : 7.709835
    }
  ]
}
