{
  "fio version" : "fio-3.39-26-ga72fe",
  "timestamp" : 1747152608,
  "timestamp_ms" : 1747152608349,
  "time" : "Tue May 13 16:10:08 2025",
  "global options" : {
    "write_iops_log" : "sea_1osd_56reactor_32fio_bal_osd_rc_1procs_randread",
    "write_bw_log" : "sea_1osd_56reactor_32fio_bal_osd_rc_1procs_randread",
    "write_lat_log" : "sea_1osd_56reactor_32fio_bal_osd_rc_1procs_randread",
    "ioengine" : "rbd",
    "bs" : "4k",
    "rw" : "randread",
    "direct" : "1",
    "runtime" : "5m",
    "time_based" : "",
    "group_reporting" : "",
    "ramp_time" : "30s",
    "thread" : "1",
    "iodepth" : "2",
    "clientname" : "admin",
    "pool" : "rbd"
  },
  "jobs" : [
    {
      "jobname" : "fio_test_0",
      "groupid" : 0,
      "job_start" : 1747152285846,
      "error" : 0,
      "eta" : 0,
      "elapsed" : 353,
      "job options" : {
        "max_latency" : "1s",
        "numjobs" : "1",
        "rbdname" : "fio_test_31"
      },
      "read" : {
        "io_bytes" : 233708109824,
        "io_kbytes" : 228230576,
        "bw_bytes" : 779024435,
        "bw" : 760766,
        "iops" : 190191.406029,
        "runtime" : 300001,
        "total_ios" : 57057612,
        "short_ios" : 0,
        "drop_ios" : 0,
        "slat_ns" : {
          "min" : 458,
          "max" : 1734287,
          "mean" : 2877.864615,
          "stddev" : 1030.604237,
          "N" : 57057612
        },
        "clat_ns" : {
          "min" : 14714,
          "max" : 10522245,
          "mean" : 332198.030491,
          "stddev" : 123666.148323,
          "N" : 57057644,
          "percentile" : {
            "1.000000" : 177152,
            "5.000000" : 193536,
            "10.000000" : 205824,
            "20.000000" : 226304,
            "30.000000" : 248832,
            "40.000000" : 276480,
            "50.000000" : 305152,
            "60.000000" : 333824,
            "70.000000" : 370688,
            "80.000000" : 419840,
            "90.000000" : 497664,
            "95.000000" : 569344,
            "99.000000" : 724992,
            "99.500000" : 798720,
            "99.900000" : 954368,
            "99.950000" : 1019904,
            "99.990000" : 1220608
          }
        },
        "lat_ns" : {
          "min" : 125114,
          "max" : 10526678,
          "mean" : 335075.895164,
          "stddev" : 123683.333343,
          "N" : 57057644
        },
        "bw_min" : 17508,
        "bw_max" : 1428437,
        "bw_agg" : 57.592870,
        "bw_mean" : 438147.237215,
        "bw_dev" : 4204.351117,
        "bw_samples" : 57057644,
        "iops_min" : 32,
        "iops_max" : 32,
        "iops_mean" : 32.000000,
        "iops_stddev" : 0.000000,
        "iops_samples" : 57057644
      },
      "write" : {
        "io_bytes" : 0,
        "io_kbytes" : 0,
        "bw_bytes" : 0,
        "bw" : 0,
        "iops" : 0.000000,
        "runtime" : 0,
        "total_ios" : 0,
        "short_ios" : 0,
        "drop_ios" : 0,
        "slat_ns" : {
          "min" : 0,
          "max" : 0,
          "mean" : 0.000000,
          "stddev" : 0.000000,
          "N" : 0
        },
        "clat_ns" : {
          "min" : 0,
          "max" : 0,
          "mean" : 0.000000,
          "stddev" : 0.000000,
          "N" : 0
        },
        "lat_ns" : {
          "min" : 0,
          "max" : 0,
          "mean" : 0.000000,
          "stddev" : 0.000000,
          "N" : 0
        },
        "bw_min" : 0,
        "bw_max" : 0,
        "bw_agg" : 0.000000,
        "bw_mean" : 0.000000,
        "bw_dev" : 0.000000,
        "bw_samples" : 0,
        "iops_min" : 0,
        "iops_max" : 0,
        "iops_mean" : 0.000000,
        "iops_stddev" : 0.000000,
        "iops_samples" : 0
      },
      "trim" : {
        "io_bytes" : 0,
        "io_kbytes" : 0,
        "bw_bytes" : 0,
        "bw" : 0,
        "iops" : 0.000000,
        "runtime" : 0,
        "total_ios" : 0,
        "short_ios" : 0,
        "drop_ios" : 0,
        "slat_ns" : {
          "min" : 0,
          "max" : 0,
          "mean" : 0.000000,
          "stddev" : 0.000000,
          "N" : 0
        },
        "clat_ns" : {
          "min" : 0,
          "max" : 0,
          "mean" : 0.000000,
          "stddev" : 0.000000,
          "N" : 0
        },
        "lat_ns" : {
          "min" : 0,
          "max" : 0,
          "mean" : 0.000000,
          "stddev" : 0.000000,
          "N" : 0
        },
        "bw_min" : 0,
        "bw_max" : 0,
        "bw_agg" : 0.000000,
        "bw_mean" : 0.000000,
        "bw_dev" : 0.000000,
        "bw_samples" : 0,
        "iops_min" : 0,
        "iops_max" : 0,
        "iops_mean" : 0.000000,
        "iops_stddev" : 0.000000,
        "iops_samples" : 0
      },
      "sync" : {
        "total_ios" : 0,
        "lat_ns" : {
          "min" : 0,
          "max" : 0,
          "mean" : 0.000000,
          "stddev" : 0.000000,
          "N" : 0
        }
      },
      "job_runtime" : 9600000,
      "usr_cpu" : 2.830552,
      "sys_cpu" : 2.425937,
      "ctx" : 52731215,
      "majf" : 0,
      "minf" : 491958,
      "iodepth_level" : {
        "1" : 0.100000,
        "2" : 99.999439,
        "4" : 0.000000,
        "8" : 0.000000,
        "16" : 0.000000,
        "32" : 0.000000,
        ">=64" : 0.000000
      },
      "iodepth_submit" : {
        "0" : 0.000000,
        "4" : 100.000000,
        "8" : 0.000000,
        "16" : 0.000000,
        "32" : 0.000000,
        "64" : 0.000000,
        ">=64" : 0.000000
      },
      "iodepth_complete" : {
        "0" : 0.000000,
        "4" : 100.000000,
        "8" : 0.000000,
        "16" : 0.000000,
        "32" : 0.000000,
        "64" : 0.000000,
        ">=64" : 0.000000
      },
      "latency_ns" : {
        "2" : 0.000000,
        "4" : 0.000000,
        "10" : 0.000000,
        "20" : 0.000000,
        "50" : 0.000000,
        "100" : 0.000000,
        "250" : 0.000000,
        "500" : 0.000000,
        "750" : 0.000000,
        "1000" : 0.000000
      },
      "latency_us" : {
        "2" : 0.000000,
        "4" : 0.000000,
        "10" : 0.000000,
        "20" : 0.010000,
        "50" : 0.010000,
        "100" : 0.000000,
        "250" : 30.227692,
        "500" : 60.053665,
        "750" : 8.911102,
        "1000" : 0.745303
      },
      "latency_ms" : {
        "2" : 0.059345,
        "4" : 0.010000,
        "10" : 0.010000,
        "20" : 0.010000,
        "50" : 0.000000,
        "100" : 0.000000,
        "250" : 0.000000,
        "500" : 0.000000,
        "750" : 0.000000,
        "1000" : 0.000000,
        "2000" : 0.000000,
        ">=2000" : 0.000000
      },
      "latency_depth" : 2,
      "latency_target" : 0,
      "latency_percentile" : 100.000000,
      "latency_window" : 0
    }
  ],
  "disk_util" : [
    {
      "name" : "sda",
      "read_ios" : 0,
      "write_ios" : 23399,
      "read_sectors" : 0,
      "write_sectors" : 21275544,
      "read_merges" : 0,
      "write_merges" : 7919,
      "read_ticks" : 0,
      "write_ticks" : 141640,
      "in_queue" : 142043,
      "util" : 5.958174
    }
  ]
}
