{
  "fio version" : "fio-3.39-26-ga72fe",
  "timestamp" : 1747155578,
  "timestamp_ms" : 1747155578084,
  "time" : "Tue May 13 16:59:38 2025",
  "global options" : {
    "write_iops_log" : "sea_1osd_56reactor_32fio_bal_osd_rc_1procs_randread",
    "write_bw_log" : "sea_1osd_56reactor_32fio_bal_osd_rc_1procs_randread",
    "write_lat_log" : "sea_1osd_56reactor_32fio_bal_osd_rc_1procs_randread",
    "ioengine" : "rbd",
    "bs" : "4k",
    "rw" : "randread",
    "direct" : "1",
    "runtime" : "5m",
    "time_based" : "",
    "group_reporting" : "",
    "ramp_time" : "30s",
    "thread" : "1",
    "iodepth" : "64",
    "clientname" : "admin",
    "pool" : "rbd"
  },
  "jobs" : [
    {
      "jobname" : "fio_test_0",
      "groupid" : 0,
      "job_start" : 1747155241578,
      "error" : 0,
      "eta" : 0,
      "elapsed" : 367,
      "job options" : {
        "max_latency" : "1s",
        "numjobs" : "1",
        "rbdname" : "fio_test_31"
      },
      "read" : {
        "io_bytes" : 398161940480,
        "io_kbytes" : 388830020,
        "bw_bytes" : 1326949924,
        "bw" : 1295849,
        "iops" : 323955.661905,
        "runtime" : 300058,
        "total_ios" : 97205488,
        "short_ios" : 0,
        "drop_ios" : 0,
        "slat_ns" : {
          "min" : 433,
          "max" : 1130020,
          "mean" : 2163.229773,
          "stddev" : 1218.363706,
          "N" : 97205489
        },
        "clat_ns" : {
          "min" : 126303,
          "max" : 570982280,
          "mean" : 6272317.072563,
          "stddev" : 36536503.677075,
          "N" : 97207504,
          "percentile" : {
            "1.000000" : 224256,
            "5.000000" : 305152,
            "10.000000" : 382976,
            "20.000000" : 518144,
            "30.000000" : 675840,
            "40.000000" : 864256,
            "50.000000" : 1122304,
            "60.000000" : 1531904,
            "70.000000" : 2277376,
            "80.000000" : 3391488,
            "90.000000" : 4112384,
            "95.000000" : 5668864,
            "99.000000" : 115867648,
            "99.500000" : 367001600,
            "99.900000" : 459276288,
            "99.950000" : 480247808,
            "99.990000" : 534773760
          }
        },
        "lat_ns" : {
          "min" : 128753,
          "max" : 570983079,
          "mean" : 6274480.302304,
          "stddev" : 36536503.751755,
          "N" : 97207504
        },
        "bw_min" : 224,
        "bw_max" : 809109,
        "bw_agg" : 11.349929,
        "bw_mean" : 147078.388661,
        "bw_dev" : 3231.240982,
        "bw_samples" : 97207504,
        "iops_min" : 32,
        "iops_max" : 32,
        "iops_mean" : 32.000000,
        "iops_stddev" : 0.000000,
        "iops_samples" : 97207504
      },
      "write" : {
        "io_bytes" : 0,
        "io_kbytes" : 0,
        "bw_bytes" : 0,
        "bw" : 0,
        "iops" : 0.000000,
        "runtime" : 0,
        "total_ios" : 0,
        "short_ios" : 0,
        "drop_ios" : 0,
        "slat_ns" : {
          "min" : 0,
          "max" : 0,
          "mean" : 0.000000,
          "stddev" : 0.000000,
          "N" : 0
        },
        "clat_ns" : {
          "min" : 0,
          "max" : 0,
          "mean" : 0.000000,
          "stddev" : 0.000000,
          "N" : 0
        },
        "lat_ns" : {
          "min" : 0,
          "max" : 0,
          "mean" : 0.000000,
          "stddev" : 0.000000,
          "N" : 0
        },
        "bw_min" : 0,
        "bw_max" : 0,
        "bw_agg" : 0.000000,
        "bw_mean" : 0.000000,
        "bw_dev" : 0.000000,
        "bw_samples" : 0,
        "iops_min" : 0,
        "iops_max" : 0,
        "iops_mean" : 0.000000,
        "iops_stddev" : 0.000000,
        "iops_samples" : 0
      },
      "trim" : {
        "io_bytes" : 0,
        "io_kbytes" : 0,
        "bw_bytes" : 0,
        "bw" : 0,
        "iops" : 0.000000,
        "runtime" : 0,
        "total_ios" : 0,
        "short_ios" : 0,
        "drop_ios" : 0,
        "slat_ns" : {
          "min" : 0,
          "max" : 0,
          "mean" : 0.000000,
          "stddev" : 0.000000,
          "N" : 0
        },
        "clat_ns" : {
          "min" : 0,
          "max" : 0,
          "mean" : 0.000000,
          "stddev" : 0.000000,
          "N" : 0
        },
        "lat_ns" : {
          "min" : 0,
          "max" : 0,
          "mean" : 0.000000,
          "stddev" : 0.000000,
          "N" : 0
        },
        "bw_min" : 0,
        "bw_max" : 0,
        "bw_agg" : 0.000000,
        "bw_mean" : 0.000000,
        "bw_dev" : 0.000000,
        "bw_samples" : 0,
        "iops_min" : 0,
        "iops_max" : 0,
        "iops_mean" : 0.000000,
        "iops_stddev" : 0.000000,
        "iops_samples" : 0
      },
      "sync" : {
        "total_ios" : 0,
        "lat_ns" : {
          "min" : 0,
          "max" : 0,
          "mean" : 0.000000,
          "stddev" : 0.000000,
          "N" : 0
        }
      },
      "job_runtime" : 9601699,
      "usr_cpu" : 3.856265,
      "sys_cpu" : 2.735818,
      "ctx" : 55243260,
      "majf" : 0,
      "minf" : 744357,
      "iodepth_level" : {
        "1" : 0.100000,
        "2" : 0.100000,
        "4" : 0.100000,
        "8" : 0.100000,
        "16" : 0.100000,
        "32" : 0.100000,
        ">=64" : 99.976409
      },
      "iodepth_submit" : {
        "0" : 0.000000,
        "4" : 100.000000,
        "8" : 0.000000,
        "16" : 0.000000,
        "32" : 0.000000,
        "64" : 0.000000,
        ">=64" : 0.000000
      },
      "iodepth_complete" : {
        "0" : 0.000000,
        "4" : 99.999984,
        "8" : 0.000000,
        "16" : 0.000000,
        "32" : 0.000000,
        "64" : 0.100000,
        ">=64" : 0.000000
      },
      "latency_ns" : {
        "2" : 0.000000,
        "4" : 0.000000,
        "10" : 0.000000,
        "20" : 0.000000,
        "50" : 0.000000,
        "100" : 0.000000,
        "250" : 0.000000,
        "500" : 0.000000,
        "750" : 0.000000,
        "1000" : 0.000000
      },
      "latency_us" : {
        "2" : 0.000000,
        "4" : 0.000000,
        "10" : 0.000000,
        "20" : 0.000000,
        "50" : 0.000000,
        "100" : 0.000000,
        "250" : 2.162375,
        "500" : 16.410770,
        "750" : 15.748939,
        "1000" : 11.406085
      },
      "latency_ms" : {
        "2" : 21.333547,
        "4" : 20.924107,
        "10" : 8.064867,
        "20" : 0.782205,
        "50" : 1.174149,
        "100" : 0.884336,
        "250" : 0.292580,
        "500" : 0.794448,
        "750" : 0.023667,
        "1000" : 0.000000,
        "2000" : 0.000000,
        ">=2000" : 0.000000
      },
      "latency_depth" : 64,
      "latency_target" : 0,
      "latency_percentile" : 100.000000,
      "latency_window" : 0
    }
  ],
  "disk_util" : [
    {
      "name" : "sda",
      "read_ios" : 0,
      "write_ios" : 21503,
      "read_sectors" : 0,
      "write_sectors" : 23802800,
      "read_merges" : 0,
      "write_merges" : 10001,
      "read_ticks" : 0,
      "write_ticks" : 165610,
      "in_queue" : 166377,
      "util" : 6.500266
    }
  ]
}
