{
  "fio version" : "fio-3.39-26-ga72fe",
  "timestamp" : 1747153341,
  "timestamp_ms" : 1747153341252,
  "time" : "Tue May 13 16:22:21 2025",
  "global options" : {
    "write_iops_log" : "sea_1osd_56reactor_32fio_bal_osd_rc_1procs_randread",
    "write_bw_log" : "sea_1osd_56reactor_32fio_bal_osd_rc_1procs_randread",
    "write_lat_log" : "sea_1osd_56reactor_32fio_bal_osd_rc_1procs_randread",
    "ioengine" : "rbd",
    "bs" : "4k",
    "rw" : "randread",
    "direct" : "1",
    "runtime" : "5m",
    "time_based" : "",
    "group_reporting" : "",
    "ramp_time" : "30s",
    "thread" : "1",
    "iodepth" : "8",
    "clientname" : "admin",
    "pool" : "rbd"
  },
  "jobs" : [
    {
      "jobname" : "fio_test_0",
      "groupid" : 0,
      "job_start" : 1747153005250,
      "error" : 0,
      "eta" : 0,
      "elapsed" : 367,
      "job options" : {
        "max_latency" : "1s",
        "numjobs" : "1",
        "rbdname" : "fio_test_31"
      },
      "read" : {
        "io_bytes" : 385311571968,
        "io_kbytes" : 376280832,
        "bw_bytes" : 1284363344,
        "bw" : 1254261,
        "iops" : 313564.519570,
        "runtime" : 300002,
        "total_ios" : 94069983,
        "short_ios" : 0,
        "drop_ios" : 0,
        "slat_ns" : {
          "min" : 422,
          "max" : 1966023,
          "mean" : 2405.239290,
          "stddev" : 1224.684685,
          "N" : 94069984
        },
        "clat_ns" : {
          "min" : 17810,
          "max" : 17469044,
          "mean" : 812397.913458,
          "stddev" : 461017.216089,
          "N" : 94070207,
          "percentile" : {
            "1.000000" : 222208,
            "5.000000" : 284672,
            "10.000000" : 342016,
            "20.000000" : 432128,
            "30.000000" : 518144,
            "40.000000" : 610304,
            "50.000000" : 708608,
            "60.000000" : 823296,
            "70.000000" : 962560,
            "80.000000" : 1122304,
            "90.000000" : 1433600,
            "95.000000" : 1695744,
            "99.000000" : 2375680,
            "99.500000" : 2605056,
            "99.900000" : 3391488,
            "99.950000" : 3588096,
            "99.990000" : 4423680
          }
        },
        "lat_ns" : {
          "min" : 137350,
          "max" : 17473142,
          "mean" : 814803.152730,
          "stddev" : 460974.598507,
          "N" : 94070207
        },
        "bw_min" : 10920,
        "bw_max" : 1355925,
        "bw_agg" : 15.759159,
        "bw_mean" : 197661.049915,
        "bw_dev" : 3275.040795,
        "bw_samples" : 94070207,
        "iops_min" : 32,
        "iops_max" : 32,
        "iops_mean" : 32.000000,
        "iops_stddev" : 0.000000,
        "iops_samples" : 94070207
      },
      "write" : {
        "io_bytes" : 0,
        "io_kbytes" : 0,
        "bw_bytes" : 0,
        "bw" : 0,
        "iops" : 0.000000,
        "runtime" : 0,
        "total_ios" : 0,
        "short_ios" : 0,
        "drop_ios" : 0,
        "slat_ns" : {
          "min" : 0,
          "max" : 0,
          "mean" : 0.000000,
          "stddev" : 0.000000,
          "N" : 0
        },
        "clat_ns" : {
          "min" : 0,
          "max" : 0,
          "mean" : 0.000000,
          "stddev" : 0.000000,
          "N" : 0
        },
        "lat_ns" : {
          "min" : 0,
          "max" : 0,
          "mean" : 0.000000,
          "stddev" : 0.000000,
          "N" : 0
        },
        "bw_min" : 0,
        "bw_max" : 0,
        "bw_agg" : 0.000000,
        "bw_mean" : 0.000000,
        "bw_dev" : 0.000000,
        "bw_samples" : 0,
        "iops_min" : 0,
        "iops_max" : 0,
        "iops_mean" : 0.000000,
        "iops_stddev" : 0.000000,
        "iops_samples" : 0
      },
      "trim" : {
        "io_bytes" : 0,
        "io_kbytes" : 0,
        "bw_bytes" : 0,
        "bw" : 0,
        "iops" : 0.000000,
        "runtime" : 0,
        "total_ios" : 0,
        "short_ios" : 0,
        "drop_ios" : 0,
        "slat_ns" : {
          "min" : 0,
          "max" : 0,
          "mean" : 0.000000,
          "stddev" : 0.000000,
          "N" : 0
        },
        "clat_ns" : {
          "min" : 0,
          "max" : 0,
          "mean" : 0.000000,
          "stddev" : 0.000000,
          "N" : 0
        },
        "lat_ns" : {
          "min" : 0,
          "max" : 0,
          "mean" : 0.000000,
          "stddev" : 0.000000,
          "N" : 0
        },
        "bw_min" : 0,
        "bw_max" : 0,
        "bw_agg" : 0.000000,
        "bw_mean" : 0.000000,
        "bw_dev" : 0.000000,
        "bw_samples" : 0,
        "iops_min" : 0,
        "iops_max" : 0,
        "iops_mean" : 0.000000,
        "iops_stddev" : 0.000000,
        "iops_samples" : 0
      },
      "sync" : {
        "total_ios" : 0,
        "lat_ns" : {
          "min" : 0,
          "max" : 0,
          "mean" : 0.000000,
          "stddev" : 0.000000,
          "N" : 0
        }
      },
      "job_runtime" : 9600007,
      "usr_cpu" : 3.990883,
      "sys_cpu" : 2.988164,
      "ctx" : 58307057,
      "majf" : 0,
      "minf" : 737909,
      "iodepth_level" : {
        "1" : 0.100000,
        "2" : 0.100000,
        "4" : 0.100000,
        "8" : 99.997366,
        "16" : 0.000000,
        "32" : 0.000000,
        ">=64" : 0.000000
      },
      "iodepth_submit" : {
        "0" : 0.000000,
        "4" : 100.000000,
        "8" : 0.000000,
        "16" : 0.000000,
        "32" : 0.000000,
        "64" : 0.000000,
        ">=64" : 0.000000
      },
      "iodepth_complete" : {
        "0" : 0.000000,
        "4" : 99.999983,
        "8" : 0.100000,
        "16" : 0.000000,
        "32" : 0.000000,
        "64" : 0.000000,
        ">=64" : 0.000000
      },
      "latency_ns" : {
        "2" : 0.000000,
        "4" : 0.000000,
        "10" : 0.000000,
        "20" : 0.000000,
        "50" : 0.000000,
        "100" : 0.000000,
        "250" : 0.000000,
        "500" : 0.000000,
        "750" : 0.000000,
        "1000" : 0.000000
      },
      "latency_us" : {
        "2" : 0.000000,
        "4" : 0.000000,
        "10" : 0.000000,
        "20" : 0.010000,
        "50" : 0.010000,
        "100" : 0.000000,
        "250" : 2.640719,
        "500" : 25.321290,
        "750" : 26.091107,
        "1000" : 18.859470
      },
      "latency_ms" : {
        "2" : 24.824565,
        "4" : 2.241977,
        "10" : 0.021031,
        "20" : 0.010000,
        "50" : 0.000000,
        "100" : 0.000000,
        "250" : 0.000000,
        "500" : 0.000000,
        "750" : 0.000000,
        "1000" : 0.000000,
        "2000" : 0.000000,
        ">=2000" : 0.000000
      },
      "latency_depth" : 8,
      "latency_target" : 0,
      "latency_percentile" : 100.000000,
      "latency_window" : 0
    }
  ],
  "disk_util" : [
    {
      "name" : "sda",
      "read_ios" : 0,
      "write_ios" : 20789,
      "read_sectors" : 0,
      "write_sectors" : 22855032,
      "read_merges" : 0,
      "write_merges" : 9703,
      "read_ticks" : 0,
      "write_ticks" : 157300,
      "in_queue" : 158007,
      "util" : 6.225646
    }
  ]
}
