{
    "osd_0": {
        "0": {
            "reactor": [
                "2121070",
                "2121131",
                "2121187"
            ]
        },
        "1": {
            "reactor": [
                "2121076",
                "2121132",
                "2121210"
            ]
        },
        "2": {
            "reactor": [
                "2121077",
                "2121147",
                "2121219"
            ]
        },
        "3": {
            "reactor": [
                "2121078",
                "2121153",
                "2121224"
            ]
        },
        "4": {
            "reactor": [
                "2121079",
                "2121138",
                "2121206"
            ]
        },
        "5": {
            "reactor": [
                "2121080",
                "2121149",
                "2121211"
            ]
        },
        "6": {
            "reactor": [
                "2121081",
                "2121148",
                "2121195"
            ]
        },
        "7": {
            "reactor": [
                "2121082",
                "2121135",
                "2121198"
            ]
        },
        "8": {
            "reactor": [
                "2121083",
                "2121144",
                "2121242"
            ]
        },
        "9": {
            "reactor": [
                "2121084",
                "2121150",
                "2121225"
            ]
        },
        "10": {
            "reactor": [
                "2121085",
                "2121142",
                "2121196"
            ]
        },
        "11": {
            "reactor": [
                "2121086",
                "2121137",
                "2121239"
            ]
        },
        "12": {
            "reactor": [
                "2121087",
                "2121136",
                "2121226"
            ]
        },
        "13": {
            "reactor": [
                "2121088",
                "2121145",
                "2121222"
            ]
        },
        "14": {
            "reactor": [
                "2121089",
                "2121141",
                "2121233"
            ]
        },
        "15": {
            "reactor": [
                "2121090",
                "2121140",
                "2121202"
            ]
        },
        "16": {
            "reactor": [
                "2121091",
                "2121152",
                "2121203"
            ]
        },
        "17": {
            "reactor": [
                "2121092",
                "2121143",
                "2121228"
            ]
        },
        "18": {
            "reactor": [
                "2121093",
                "2121155",
                "2121207"
            ]
        },
        "19": {
            "reactor": [
                "2121094",
                "2121139",
                "2121240"
            ]
        },
        "20": {
            "reactor": [
                "2121095",
                "2121158",
                "2121192"
            ]
        },
        "21": {
            "reactor": [
                "2121096",
                "2121154",
                "2121237"
            ]
        },
        "22": {
            "reactor": [
                "2121097",
                "2121168",
                "2121234"
            ]
        },
        "23": {
            "reactor": [
                "2121098",
                "2121163",
                "2121188"
            ]
        },
        "24": {
            "reactor": [
                "2121099",
                "2121171",
                "2121200"
            ]
        },
        "25": {
            "reactor": [
                "2121100",
                "2121175",
                "2121191"
            ]
        },
        "26": {
            "reactor": [
                "2121101",
                "2121173",
                "2121199"
            ]
        },
        "27": {
            "reactor": [
                "2121102",
                "2121174",
                "2121197"
            ]
        },
        "56": {
            "reactor": [
                "2121103",
                "2121133",
                "2121193"
            ]
        },
        "57": {
            "reactor": [
                "2121104",
                "2121151",
                "2121204"
            ]
        },
        "58": {
            "reactor": [
                "2121105",
                "2121146",
                "2121232"
            ]
        },
        "59": {
            "reactor": [
                "2121106",
                "2121159",
                "2121221"
            ]
        },
        "60": {
            "reactor": [
                "2121107",
                "2121156",
                "2121229"
            ]
        },
        "61": {
            "reactor": [
                "2121108",
                "2121160",
                "2121201"
            ]
        },
        "62": {
            "reactor": [
                "2121109",
                "2121166",
                "2121189"
            ]
        },
        "63": {
            "reactor": [
                "2121110",
                "2121134",
                "2121208"
            ]
        },
        "64": {
            "reactor": [
                "2121111",
                "2121167",
                "2121231"
            ]
        },
        "65": {
            "reactor": [
                "2121112",
                "2121164",
                "2121209"
            ]
        },
        "66": {
            "reactor": [
                "2121113",
                "2121169",
                "2121215"
            ]
        },
        "67": {
            "reactor": [
                "2121114",
                "2121165",
                "2121218"
            ]
        },
        "68": {
            "reactor": [
                "2121115",
                "2121162",
                "2121213"
            ]
        },
        "69": {
            "reactor": [
                "2121116",
                "2121161",
                "2121212"
            ]
        },
        "70": {
            "reactor": [
                "2121117",
                "2121157",
                "2121194"
            ]
        },
        "71": {
            "reactor": [
                "2121118",
                "2121172",
                "2121217"
            ]
        },
        "72": {
            "reactor": [
                "2121119",
                "2121178",
                "2121205"
            ]
        },
        "73": {
            "reactor": [
                "2121120",
                "2121170",
                "2121227"
            ]
        },
        "74": {
            "reactor": [
                "2121121",
                "2121180",
                "2121214"
            ]
        },
        "75": {
            "reactor": [
                "2121122",
                "2121176",
                "2121223"
            ]
        },
        "76": {
            "reactor": [
                "2121123",
                "2121177",
                "2121235"
            ]
        },
        "77": {
            "reactor": [
                "2121124",
                "2121186",
                "2121236"
            ]
        },
        "78": {
            "reactor": [
                "2121125",
                "2121179",
                "2121230"
            ]
        },
        "79": {
            "reactor": [
                "2121126",
                "2121184",
                "2121241"
            ]
        },
        "80": {
            "reactor": [
                "2121127",
                "2121183",
                "2121216"
            ]
        },
        "81": {
            "reactor": [
                "2121128",
                "2121182",
                "2121238"
            ]
        },
        "82": {
            "reactor": [
                "2121129",
                "2121181",
                "2121220"
            ]
        },
        "83": {
            "reactor": [
                "2121130",
                "2121185",
                "2121190"
            ]
        }
    }
}