{
    "FIO": {
        "ceph_timer": {
            "cpu": [
                0.0,
                0.0,
                0.0,
                0.0,
                0.0,
                0.0,
                0.0,
                0.0,
                0.0,
                0.0,
                0.0,
                0.0,
                0.0,
                0.0,
                0.0,
                0.0,
                0.0,
                0.0,
                0.0,
                0.0,
                0.0,
                0.0,
                0.0,
                0.0,
                0.0,
                0.0,
                0.0,
                0.0,
                0.0,
                0.0
            ],
            "mem": [
                0.0,
                0.0,
                0.0,
                0.0,
                0.0,
                0.0,
                0.0,
                0.0,
                0.0,
                0.0,
                0.0,
                0.0,
                0.0,
                0.0,
                0.0,
                0.0,
                0.0,
                0.0,
                0.0,
                0.0,
                0.0,
                0.0,
                0.0,
                0.0,
                0.0,
                0.0,
                0.0,
                0.0,
                0.0,
                0.0
            ]
        },
        "fio": {
            "cpu": [
                0.0,
                40.29999999999998,
                38.00000000000001,
                39.69999999999999,
                37.30000000000001,
                38.9,
                36.60000000000001,
                38.6,
                37.900000000000006,
                38.2,
                37.900000000000006,
                36.2,
                37.80000000000001,
                35.70000000000001,
                39.599999999999994,
                36.70000000000001,
                39.599999999999994,
                36.10000000000001,
                39.89999999999999,
                38.00000000000001,
                37.20000000000001,
                39.69999999999999,
                36.500000000000014,
                38.5,
                36.2,
                39.3,
                37.400000000000006,
                39.999999999999986,
                34.400000000000006,
                36.80000000000001
            ],
            "mem": [
                0.0,
                0.0,
                0.0,
                0.0,
                0.0,
                0.0,
                0.0,
                0.0,
                0.0,
                0.0,
                0.0,
                0.0,
                0.0,
                0.0,
                0.0,
                0.0,
                0.0,
                0.0,
                0.0,
                0.0,
                0.0,
                0.0,
                0.0,
                0.0,
                0.0,
                0.0,
                0.0,
                0.0,
                0.0,
                0.0
            ]
        },
        "io_context_pool": {
            "cpu": [
                0.0,
                99.9,
                98.70000000000003,
                99.00000000000001,
                100.00000000000003,
                100.00000000000004,
                99.30000000000001,
                100.70000000000005,
                98.4,
                98.9,
                98.60000000000005,
                96.80000000000001,
                95.80000000000004,
                98.90000000000003,
                99.7,
                98.20000000000002,
                99.60000000000004,
                97.40000000000005,
                97.40000000000003,
                98.20000000000003,
                97.70000000000002,
                99.80000000000003,
                101.90000000000006,
                97.90000000000006,
                98.60000000000004,
                100.00000000000004,
                96.7,
                102.00000000000004,
                96.00000000000004,
                95.30000000000001
            ],
            "mem": [
                0.0,
                0.0,
                0.0,
                0.0,
                0.0,
                0.0,
                0.0,
                0.0,
                0.0,
                0.0,
                0.0,
                0.0,
                0.0,
                0.0,
                0.0,
                0.0,
                0.0,
                0.0,
                0.0,
                0.0,
                0.0,
                0.0,
                0.0,
                0.0,
                0.0,
                0.0,
                0.0,
                0.0,
                0.0,
                0.0
            ]
        },
        "log": {
            "cpu": [
                0.0,
                0.0,
                0.0,
                0.0,
                0.0,
                0.0,
                0.0,
                0.0,
                0.0,
                0.0,
                0.0,
                0.0,
                0.0,
                0.0,
                0.0,
                0.0,
                0.0,
                0.0,
                0.0,
                0.0,
                0.0,
                0.0,
                0.0,
                0.0,
                0.0,
                0.0,
                0.0,
                0.0,
                0.0,
                0.0
            ],
            "mem": [
                0.0,
                0.0,
                0.0,
                0.0,
                0.0,
                0.0,
                0.0,
                0.0,
                0.0,
                0.0,
                0.0,
                0.0,
                0.0,
                0.0,
                0.0,
                0.0,
                0.0,
                0.0,
                0.0,
                0.0,
                0.0,
                0.0,
                0.0,
                0.0,
                0.0,
                0.0,
                0.0,
                0.0,
                0.0,
                0.0
            ]
        },
        "ms_dispatch": {
            "cpu": [
                0.0,
                0.0,
                0.0,
                0.0,
                0.0,
                0.0,
                0.0,
                0.0,
                0.0,
                0.0,
                0.0,
                0.0,
                0.0,
                0.0,
                0.0,
                0.0,
                0.0,
                0.0,
                0.0,
                0.0,
                0.0,
                0.0,
                0.0,
                0.0,
                0.0,
                0.0,
                0.0,
                0.0,
                0.0,
                0.0
            ],
            "mem": [
                0.0,
                0.0,
                0.0,
                0.0,
                0.0,
                0.0,
                0.0,
                0.0,
                0.0,
                0.0,
                0.0,
                0.0,
                0.0,
                0.0,
                0.0,
                0.0,
                0.0,
                0.0,
                0.0,
                0.0,
                0.0,
                0.0,
                0.0,
                0.0,
                0.0,
                0.0,
                0.0,
                0.0,
                0.0,
                0.0
            ]
        },
        "msgr-worker": {
            "cpu": [
                0.0,
                144.1,
                143.59999999999997,
                144.49999999999997,
                144.69999999999996,
                142.99999999999997,
                145.19999999999996,
                142.99999999999997,
                144.2,
                139.49999999999997,
                146.29999999999995,
                139.39999999999998,
                138.30000000000004,
                142.99999999999997,
                142.89999999999998,
                143.89999999999998,
                143.29999999999998,
                140.6,
                143.29999999999995,
                141.39999999999998,
                142.09999999999997,
                144.79999999999995,
                143.99999999999997,
                140.59999999999997,
                142.69999999999996,
                143.59999999999994,
                142.39999999999995,
                144.1,
                139.3,
                141.89999999999998
            ],
            "mem": [
                0.0,
                0.0,
                0.0,
                0.0,
                0.0,
                0.0,
                0.0,
                0.0,
                0.0,
                0.0,
                0.0,
                0.0,
                0.0,
                0.0,
                0.0,
                0.0,
                0.0,
                0.0,
                0.0,
                0.0,
                0.0,
                0.0,
                0.0,
                0.0,
                0.0,
                0.0,
                0.0,
                0.0,
                0.0,
                0.0
            ]
        },
        "safe_timer": {
            "cpu": [
                0.0,
                0.0,
                0.0,
                0.0,
                0.0,
                0.0,
                0.0,
                0.0,
                0.0,
                0.0,
                0.0,
                0.0,
                0.0,
                0.0,
                0.0,
                0.0,
                0.0,
                0.0,
                0.0,
                0.0,
                0.0,
                0.0,
                0.0,
                0.0,
                0.0,
                0.0,
                0.0,
                0.0,
                0.0,
                0.0
            ],
            "mem": [
                0.0,
                0.0,
                0.0,
                0.0,
                0.0,
                0.0,
                0.0,
                0.0,
                0.0,
                0.0,
                0.0,
                0.0,
                0.0,
                0.0,
                0.0,
                0.0,
                0.0,
                0.0,
                0.0,
                0.0,
                0.0,
                0.0,
                0.0,
                0.0,
                0.0,
                0.0,
                0.0,
                0.0,
                0.0,
                0.0
            ]
        },
        "taskfin_librbd": {
            "cpu": [
                0.0,
                0.0,
                0.0,
                0.0,
                0.0,
                0.0,
                0.0,
                0.0,
                0.0,
                0.0,
                0.0,
                0.0,
                0.0,
                0.0,
                0.0,
                0.0,
                0.0,
                0.0,
                0.0,
                0.0,
                0.0,
                0.0,
                0.0,
                0.0,
                0.0,
                0.0,
                0.0,
                0.0,
                0.0,
                0.0
            ],
            "mem": [
                0.0,
                0.0,
                0.0,
                0.0,
                0.0,
                0.0,
                0.0,
                0.0,
                0.0,
                0.0,
                0.0,
                0.0,
                0.0,
                0.0,
                0.0,
                0.0,
                0.0,
                0.0,
                0.0,
                0.0,
                0.0,
                0.0,
                0.0,
                0.0,
                0.0,
                0.0,
                0.0,
                0.0,
                0.0,
                0.0
            ]
        }
    },
    "OSD": {
        "crimson-osd": {
            "cpu": [
                93.8,
                93.7,
                94.0,
                93.7,
                93.7,
                94.4,
                93.7,
                94.0,
                94.0,
                93.7,
                94.0,
                93.7,
                94.4,
                93.7,
                93.7,
                94.4,
                94.0,
                93.7,
                94.0,
                93.7,
                94.4,
                93.7,
                93.7,
                94.4,
                93.7,
                94.0,
                94.0,
                93.7,
                94.0,
                93.7
            ],
            "mem": [
                5.2,
                5.2,
                5.2,
                5.2,
                5.2,
                5.4,
                5.4,
                5.4,
                5.4,
                5.4,
                5.4,
                5.4,
                5.4,
                5.4,
                5.4,
                5.4,
                5.4,
                5.4,
                5.4,
                5.4,
                5.4,
                5.4,
                5.4,
                5.4,
                5.4,
                5.4,
                5.4,
                5.4,
                5.4,
                5.4
            ]
        },
        "reactor": {
            "cpu": [
                275.1,
                280.20000000000005,
                280.4,
                280.8,
                279.8,
                280.8,
                279.8,
                280.8,
                280.8,
                279.8,
                281.4,
                280.1,
                281.1,
                280.8,
                280.4,
                280.5,
                280.1,
                281.1,
                281.1,
                279.8,
                281.4,
                280.8,
                280.4,
                280.5,
                280.1,
                281.1,
                281.1,
                280.4,
                280.8,
                280.4
            ],
            "mem": [
                26.000000000000004,
                26.000000000000004,
                26.000000000000004,
                26.000000000000004,
                26.000000000000004,
                26.999999999999996,
                26.999999999999996,
                26.999999999999996,
                26.999999999999996,
                26.999999999999996,
                26.999999999999996,
                26.999999999999996,
                26.999999999999996,
                26.999999999999996,
                26.999999999999996,
                26.999999999999996,
                26.999999999999996,
                26.999999999999996,
                26.999999999999996,
                26.999999999999996,
                26.999999999999996,
                26.999999999999996,
                26.999999999999996,
                26.999999999999996,
                26.999999999999996,
                26.999999999999996,
                26.999999999999996,
                26.999999999999996,
                26.999999999999996,
                26.999999999999996
            ]
        }
    }
}