{
    "osd_0": {
        "0": {
            "reactor": [
                "932879",
                "932889",
                "932893"
            ]
        },
        "1": {
            "reactor": [
                "932887",
                "932892",
                "932894"
            ]
        },
        "56": {
            "reactor": [
                "932886",
                "932890",
                "932895"
            ]
        },
        "57": {
            "reactor": [
                "932888",
                "932891",
                "932896"
            ]
        }
    }
}