[
    {
        "FIO": {
            "cpu": {
                "data": [
                    260.8700000000018
                ],
                "index": 1,
                "time": [
                    "17:04:53"
                ],
                "total": 274.00000000000017
            },
            "mem": {
                "data": [
                    0.0
                ],
                "index": 1,
                "time": [
                    "17:04:53"
                ],
                "total": 0.0
            }
        },
        "OSD": {
            "cpu": {
                "data": [
                    361.83000000000004
                ],
                "index": 1,
                "time": [
                    "17:04:53"
                ],
                "total": 374.1
            },
            "mem": {
                "data": [
                    31.120000000000182
                ],
                "index": 1,
                "time": [
                    "17:04:53"
                ],
                "total": 32.4
            }
        }
    }
]