[
    {
        "FIO": {
            "cpu": {
                "data": [
                    140.37999999999883
                ],
                "index": 1,
                "time": [
                    "17:27:18"
                ],
                "total": 151.29999999999973
            },
            "mem": {
                "data": [
                    0.0
                ],
                "index": 1,
                "time": [
                    "17:27:18"
                ],
                "total": 0.0
            }
        },
        "OSD": {
            "cpu": {
                "data": [
                    365.66333333333347
                ],
                "index": 1,
                "time": [
                    "17:27:18"
                ],
                "total": 380.9
            },
            "mem": {
                "data": [
                    61.30333333333298
                ],
                "index": 1,
                "time": [
                    "17:27:18"
                ],
                "total": 63.59999999999999
            }
        }
    }
]