{
  "fio version" : "fio-3.39-26-ga72fe",
  "timestamp" : 1750937753,
  "timestamp_ms" : 1750937753757,
  "time" : "Thu Jun 26 11:35:53 2025",
  "global options" : {
    "ioengine" : "rbd",
    "bs" : "4k",
    "rw" : "randwrite",
    "direct" : "1",
    "runtime" : "5m",
    "time_based" : "",
    "group_reporting" : "",
    "ramp_time" : "30s",
    "thread" : "1",
    "iodepth" : "2",
    "clientname" : "admin",
    "pool" : "rbd"
  },
  "jobs" : [
    {
      "jobname" : "fio_test_0",
      "groupid" : 0,
      "job_start" : 1750937453673,
      "error" : 0,
      "eta" : 0,
      "elapsed" : 331,
      "job options" : {
        "max_latency" : "1s",
        "numjobs" : "1",
        "rbdname" : "fio_test_31"
      },
      "read" : {
        "io_bytes" : 0,
        "io_kbytes" : 0,
        "bw_bytes" : 0,
        "bw" : 0,
        "iops" : 0.000000,
        "runtime" : 0,
        "total_ios" : 0,
        "short_ios" : 0,
        "drop_ios" : 0,
        "slat_ns" : {
          "min" : 0,
          "max" : 0,
          "mean" : 0.000000,
          "stddev" : 0.000000,
          "N" : 0
        },
        "clat_ns" : {
          "min" : 0,
          "max" : 0,
          "mean" : 0.000000,
          "stddev" : 0.000000,
          "N" : 0
        },
        "lat_ns" : {
          "min" : 0,
          "max" : 0,
          "mean" : 0.000000,
          "stddev" : 0.000000,
          "N" : 0
        },
        "bw_min" : 0,
        "bw_max" : 0,
        "bw_agg" : 0.000000,
        "bw_mean" : 0.000000,
        "bw_dev" : 0.000000,
        "bw_samples" : 0,
        "iops_min" : 0,
        "iops_max" : 0,
        "iops_mean" : 0.000000,
        "iops_stddev" : 0.000000,
        "iops_samples" : 0
      },
      "write" : {
        "io_bytes" : 54840651776,
        "io_kbytes" : 53555324,
        "bw_bytes" : 182798516,
        "bw" : 178514,
        "iops" : 44628.434098,
        "runtime" : 300006,
        "total_ios" : 13388798,
        "short_ios" : 0,
        "drop_ios" : 0,
        "slat_ns" : {
          "min" : 1002,
          "max" : 512999,
          "mean" : 3999.299300,
          "stddev" : 1945.536594,
          "N" : 13388799
        },
        "clat_ns" : {
          "min" : 355140,
          "max" : 102561744,
          "mean" : 1428976.383699,
          "stddev" : 1500539.154469,
          "N" : 13388830,
          "percentile" : {
            "1.000000" : 448512,
            "5.000000" : 518144,
            "10.000000" : 561152,
            "20.000000" : 643072,
            "30.000000" : 741376,
            "40.000000" : 864256,
            "50.000000" : 978944,
            "60.000000" : 1138688,
            "70.000000" : 1335296,
            "80.000000" : 1646592,
            "90.000000" : 2539520,
            "95.000000" : 4292608,
            "99.000000" : 7897088,
            "99.500000" : 9502720,
            "99.900000" : 14090240,
            "99.950000" : 16187392,
            "99.990000" : 21364736
          }
        },
        "lat_ns" : {
          "min" : 358014,
          "max" : 102567231,
          "mean" : 1432975.683621,
          "stddev" : 1500559.305325,
          "N" : 13388830
        },
        "bw_min" : 141457,
        "bw_max" : 203317,
        "bw_agg" : 100.000000,
        "bw_mean" : 178565.447908,
        "bw_dev" : 256.732942,
        "bw_samples" : 19180,
        "iops_min" : 35364,
        "iops_max" : 50829,
        "iops_mean" : 44640.483211,
        "iops_stddev" : 64.181877,
        "iops_samples" : 19180
      },
      "trim" : {
        "io_bytes" : 0,
        "io_kbytes" : 0,
        "bw_bytes" : 0,
        "bw" : 0,
        "iops" : 0.000000,
        "runtime" : 0,
        "total_ios" : 0,
        "short_ios" : 0,
        "drop_ios" : 0,
        "slat_ns" : {
          "min" : 0,
          "max" : 0,
          "mean" : 0.000000,
          "stddev" : 0.000000,
          "N" : 0
        },
        "clat_ns" : {
          "min" : 0,
          "max" : 0,
          "mean" : 0.000000,
          "stddev" : 0.000000,
          "N" : 0
        },
        "lat_ns" : {
          "min" : 0,
          "max" : 0,
          "mean" : 0.000000,
          "stddev" : 0.000000,
          "N" : 0
        },
        "bw_min" : 0,
        "bw_max" : 0,
        "bw_agg" : 0.000000,
        "bw_mean" : 0.000000,
        "bw_dev" : 0.000000,
        "bw_samples" : 0,
        "iops_min" : 0,
        "iops_max" : 0,
        "iops_mean" : 0.000000,
        "iops_stddev" : 0.000000,
        "iops_samples" : 0
      },
      "sync" : {
        "total_ios" : 0,
        "lat_ns" : {
          "min" : 0,
          "max" : 0,
          "mean" : 0.000000,
          "stddev" : 0.000000,
          "N" : 0
        }
      },
      "job_runtime" : 9600026,
      "usr_cpu" : 0.786123,
      "sys_cpu" : 0.618905,
      "ctx" : 12909938,
      "majf" : 0,
      "minf" : 920,
      "iodepth_level" : {
        "1" : 0.000000,
        "2" : 100.000000,
        "4" : 0.000000,
        "8" : 0.000000,
        "16" : 0.000000,
        "32" : 0.000000,
        ">=64" : 0.000000
      },
      "iodepth_submit" : {
        "0" : 0.000000,
        "4" : 100.000000,
        "8" : 0.000000,
        "16" : 0.000000,
        "32" : 0.000000,
        "64" : 0.000000,
        ">=64" : 0.000000
      },
      "iodepth_complete" : {
        "0" : 0.000000,
        "4" : 100.000000,
        "8" : 0.000000,
        "16" : 0.000000,
        "32" : 0.000000,
        "64" : 0.000000,
        ">=64" : 0.000000
      },
      "latency_ns" : {
        "2" : 0.000000,
        "4" : 0.000000,
        "10" : 0.000000,
        "20" : 0.000000,
        "50" : 0.000000,
        "100" : 0.000000,
        "250" : 0.000000,
        "500" : 0.000000,
        "750" : 0.000000,
        "1000" : 0.000000
      },
      "latency_us" : {
        "2" : 0.000000,
        "4" : 0.000000,
        "10" : 0.000000,
        "20" : 0.000000,
        "50" : 0.000000,
        "100" : 0.000000,
        "250" : 0.000000,
        "500" : 3.459482,
        "750" : 27.021343,
        "1000" : 20.997598
      },
      "latency_ms" : {
        "2" : 34.308143,
        "4" : 8.580046,
        "10" : 5.215823,
        "20" : 0.403046,
        "50" : 0.014101,
        "100" : 0.010000,
        "250" : 0.010000,
        "500" : 0.000000,
        "750" : 0.000000,
        "1000" : 0.000000,
        "2000" : 0.000000,
        ">=2000" : 0.000000
      },
      "latency_depth" : 2,
      "latency_target" : 0,
      "latency_percentile" : 100.000000,
      "latency_window" : 0
    }
  ],
  "disk_util" : [
    {
      "name" : "sda",
      "read_ios" : 5,
      "write_ios" : 4682,
      "read_sectors" : 40,
      "write_sectors" : 149216,
      "read_merges" : 0,
      "write_merges" : 8375,
      "read_ticks" : 1,
      "write_ticks" : 821,
      "in_queue" : 868,
      "util" : 0.105449
    }
  ]
}
