{
  "fio version" : "fio-3.39-26-ga72fe",
  "timestamp" : 1750939415,
  "timestamp_ms" : 1750939415305,
  "time" : "Thu Jun 26 12:03:35 2025",
  "global options" : {
    "ioengine" : "rbd",
    "bs" : "4k",
    "rw" : "randwrite",
    "direct" : "1",
    "runtime" : "5m",
    "time_based" : "",
    "group_reporting" : "",
    "ramp_time" : "30s",
    "thread" : "1",
    "iodepth" : "32",
    "clientname" : "admin",
    "pool" : "rbd"
  },
  "jobs" : [
    {
      "jobname" : "fio_test_0",
      "groupid" : 0,
      "job_start" : 1750939115052,
      "error" : 0,
      "eta" : 0,
      "elapsed" : 331,
      "job options" : {
        "max_latency" : "1s",
        "numjobs" : "1",
        "rbdname" : "fio_test_31"
      },
      "read" : {
        "io_bytes" : 0,
        "io_kbytes" : 0,
        "bw_bytes" : 0,
        "bw" : 0,
        "iops" : 0.000000,
        "runtime" : 0,
        "total_ios" : 0,
        "short_ios" : 0,
        "drop_ios" : 0,
        "slat_ns" : {
          "min" : 0,
          "max" : 0,
          "mean" : 0.000000,
          "stddev" : 0.000000,
          "N" : 0
        },
        "clat_ns" : {
          "min" : 0,
          "max" : 0,
          "mean" : 0.000000,
          "stddev" : 0.000000,
          "N" : 0
        },
        "lat_ns" : {
          "min" : 0,
          "max" : 0,
          "mean" : 0.000000,
          "stddev" : 0.000000,
          "N" : 0
        },
        "bw_min" : 0,
        "bw_max" : 0,
        "bw_agg" : 0.000000,
        "bw_mean" : 0.000000,
        "bw_dev" : 0.000000,
        "bw_samples" : 0,
        "iops_min" : 0,
        "iops_max" : 0,
        "iops_mean" : 0.000000,
        "iops_stddev" : 0.000000,
        "iops_samples" : 0
      },
      "write" : {
        "io_bytes" : 82089582592,
        "io_kbytes" : 80165608,
        "bw_bytes" : 273471505,
        "bw" : 267062,
        "iops" : 66762.199510,
        "runtime" : 300176,
        "total_ios" : 20040410,
        "short_ios" : 0,
        "drop_ios" : 0,
        "slat_ns" : {
          "min" : 1023,
          "max" : 227203,
          "mean" : 3813.266926,
          "stddev" : 1574.103567,
          "N" : 20040410
        },
        "clat_ns" : {
          "min" : 375086,
          "max" : 980177556,
          "mean" : 15339466.804769,
          "stddev" : 74238389.385711,
          "N" : 20041402,
          "percentile" : {
            "1.000000" : 577536,
            "5.000000" : 733184,
            "10.000000" : 921600,
            "20.000000" : 1220608,
            "30.000000" : 1499136,
            "40.000000" : 1826816,
            "50.000000" : 2244608,
            "60.000000" : 2932736,
            "70.000000" : 4227072,
            "80.000000" : 6914048,
            "90.000000" : 12648448,
            "95.000000" : 26607616,
            "99.000000" : 463470592,
            "99.500000" : 666894336,
            "99.900000" : 826277888,
            "99.950000" : 851443712,
            "99.990000" : 893386752
          }
        },
        "lat_ns" : {
          "min" : 377726,
          "max" : 980181207,
          "mean" : 15343280.065556,
          "stddev" : 74238393.103010,
          "N" : 20041402
        },
        "bw_min" : 95640,
        "bw_max" : 427729,
        "bw_agg" : 100.000000,
        "bw_mean" : 267253.250000,
        "bw_dev" : 1360.429173,
        "bw_samples" : 19200,
        "iops_min" : 23908,
        "iops_max" : 106932,
        "iops_mean" : 66812.211667,
        "iops_stddev" : 340.108344,
        "iops_samples" : 19200
      },
      "trim" : {
        "io_bytes" : 0,
        "io_kbytes" : 0,
        "bw_bytes" : 0,
        "bw" : 0,
        "iops" : 0.000000,
        "runtime" : 0,
        "total_ios" : 0,
        "short_ios" : 0,
        "drop_ios" : 0,
        "slat_ns" : {
          "min" : 0,
          "max" : 0,
          "mean" : 0.000000,
          "stddev" : 0.000000,
          "N" : 0
        },
        "clat_ns" : {
          "min" : 0,
          "max" : 0,
          "mean" : 0.000000,
          "stddev" : 0.000000,
          "N" : 0
        },
        "lat_ns" : {
          "min" : 0,
          "max" : 0,
          "mean" : 0.000000,
          "stddev" : 0.000000,
          "N" : 0
        },
        "bw_min" : 0,
        "bw_max" : 0,
        "bw_agg" : 0.000000,
        "bw_mean" : 0.000000,
        "bw_dev" : 0.000000,
        "bw_samples" : 0,
        "iops_min" : 0,
        "iops_max" : 0,
        "iops_mean" : 0.000000,
        "iops_stddev" : 0.000000,
        "iops_samples" : 0
      },
      "sync" : {
        "total_ios" : 0,
        "lat_ns" : {
          "min" : 0,
          "max" : 0,
          "mean" : 0.000000,
          "stddev" : 0.000000,
          "N" : 0
        }
      },
      "job_runtime" : 9605226,
      "usr_cpu" : 1.085721,
      "sys_cpu" : 0.776525,
      "ctx" : 16875305,
      "majf" : 0,
      "minf" : 5035,
      "iodepth_level" : {
        "1" : 0.000000,
        "2" : 0.000000,
        "4" : 0.000000,
        "8" : 0.000000,
        "16" : 0.000000,
        "32" : 100.000000,
        ">=64" : 0.000000
      },
      "iodepth_submit" : {
        "0" : 0.000000,
        "4" : 100.000000,
        "8" : 0.000000,
        "16" : 0.000000,
        "32" : 0.000000,
        "64" : 0.000000,
        ">=64" : 0.000000
      },
      "iodepth_complete" : {
        "0" : 0.000000,
        "4" : 99.999920,
        "8" : 0.000000,
        "16" : 0.000000,
        "32" : 0.100000,
        "64" : 0.000000,
        ">=64" : 0.000000
      },
      "latency_ns" : {
        "2" : 0.000000,
        "4" : 0.000000,
        "10" : 0.000000,
        "20" : 0.000000,
        "50" : 0.000000,
        "100" : 0.000000,
        "250" : 0.000000,
        "500" : 0.000000,
        "750" : 0.000000,
        "1000" : 0.000000
      },
      "latency_us" : {
        "2" : 0.000000,
        "4" : 0.000000,
        "10" : 0.000000,
        "20" : 0.000000,
        "50" : 0.000000,
        "100" : 0.000000,
        "250" : 0.000000,
        "500" : 0.138665,
        "750" : 5.225327,
        "1000" : 7.257501
      },
      "latency_ms" : {
        "2" : 32.032913,
        "4" : 24.206077,
        "10" : 17.901755,
        "20" : 7.028718,
        "50" : 2.491885,
        "100" : 0.980614,
        "250" : 1.158295,
        "500" : 0.655585,
        "750" : 0.659453,
        "1000" : 0.268163,
        "2000" : 0.000000,
        ">=2000" : 0.000000
      },
      "latency_depth" : 32,
      "latency_target" : 0,
      "latency_percentile" : 100.000000,
      "latency_window" : 0
    }
  ],
  "disk_util" : [
    {
      "name" : "sda",
      "read_ios" : 0,
      "write_ios" : 12071,
      "read_sectors" : 0,
      "write_sectors" : 3385728,
      "read_merges" : 0,
      "write_merges" : 50710,
      "read_ticks" : 0,
      "write_ticks" : 26522,
      "in_queue" : 26644,
      "util" : 1.100020
    }
  ]
}
