{
  "fio version" : "fio-3.39-26-ga72fe",
  "timestamp" : 1750939082,
  "timestamp_ms" : 1750939082874,
  "time" : "Thu Jun 26 11:58:02 2025",
  "global options" : {
    "ioengine" : "rbd",
    "bs" : "4k",
    "rw" : "randwrite",
    "direct" : "1",
    "runtime" : "5m",
    "time_based" : "",
    "group_reporting" : "",
    "ramp_time" : "30s",
    "thread" : "1",
    "iodepth" : "24",
    "clientname" : "admin",
    "pool" : "rbd"
  },
  "jobs" : [
    {
      "jobname" : "fio_test_0",
      "groupid" : 0,
      "job_start" : 1750938782767,
      "error" : 0,
      "eta" : 0,
      "elapsed" : 331,
      "job options" : {
        "max_latency" : "1s",
        "numjobs" : "1",
        "rbdname" : "fio_test_31"
      },
      "read" : {
        "io_bytes" : 0,
        "io_kbytes" : 0,
        "bw_bytes" : 0,
        "bw" : 0,
        "iops" : 0.000000,
        "runtime" : 0,
        "total_ios" : 0,
        "short_ios" : 0,
        "drop_ios" : 0,
        "slat_ns" : {
          "min" : 0,
          "max" : 0,
          "mean" : 0.000000,
          "stddev" : 0.000000,
          "N" : 0
        },
        "clat_ns" : {
          "min" : 0,
          "max" : 0,
          "mean" : 0.000000,
          "stddev" : 0.000000,
          "N" : 0
        },
        "lat_ns" : {
          "min" : 0,
          "max" : 0,
          "mean" : 0.000000,
          "stddev" : 0.000000,
          "N" : 0
        },
        "bw_min" : 0,
        "bw_max" : 0,
        "bw_agg" : 0.000000,
        "bw_mean" : 0.000000,
        "bw_dev" : 0.000000,
        "bw_samples" : 0,
        "iops_min" : 0,
        "iops_max" : 0,
        "iops_mean" : 0.000000,
        "iops_stddev" : 0.000000,
        "iops_samples" : 0
      },
      "write" : {
        "io_bytes" : 78635708416,
        "io_kbytes" : 76792684,
        "bw_bytes" : 262068361,
        "bw" : 255926,
        "iops" : 63979.080711,
        "runtime" : 300058,
        "total_ios" : 19197435,
        "short_ios" : 0,
        "drop_ios" : 0,
        "slat_ns" : {
          "min" : 1029,
          "max" : 249653,
          "mean" : 3864.121842,
          "stddev" : 1725.570044,
          "N" : 19197435
        },
        "clat_ns" : {
          "min" : 374188,
          "max" : 786025721,
          "mean" : 12002976.469271,
          "stddev" : 49420477.643273,
          "N" : 19198171,
          "percentile" : {
            "1.000000" : 569344,
            "5.000000" : 757760,
            "10.000000" : 970752,
            "20.000000" : 1318912,
            "30.000000" : 1597440,
            "40.000000" : 1957888,
            "50.000000" : 2375680,
            "60.000000" : 3096576,
            "70.000000" : 4620288,
            "80.000000" : 8028160,
            "90.000000" : 17170432,
            "95.000000" : 34340864,
            "99.000000" : 244318208,
            "99.500000" : 438304768,
            "99.900000" : 624951296,
            "99.950000" : 658505728,
            "99.990000" : 700448768
          }
        },
        "lat_ns" : {
          "min" : 377601,
          "max" : 786029613,
          "mean" : 12006840.591064,
          "stddev" : 49420480.076444,
          "N" : 19198171
        },
        "bw_min" : 96913,
        "bw_max" : 378032,
        "bw_agg" : 100.000000,
        "bw_mean" : 256049.943829,
        "bw_dev" : 1172.570815,
        "bw_samples" : 19184,
        "iops_min" : 24228,
        "iops_max" : 94508,
        "iops_mean" : 64011.485946,
        "iops_stddev" : 293.142593,
        "iops_samples" : 19184
      },
      "trim" : {
        "io_bytes" : 0,
        "io_kbytes" : 0,
        "bw_bytes" : 0,
        "bw" : 0,
        "iops" : 0.000000,
        "runtime" : 0,
        "total_ios" : 0,
        "short_ios" : 0,
        "drop_ios" : 0,
        "slat_ns" : {
          "min" : 0,
          "max" : 0,
          "mean" : 0.000000,
          "stddev" : 0.000000,
          "N" : 0
        },
        "clat_ns" : {
          "min" : 0,
          "max" : 0,
          "mean" : 0.000000,
          "stddev" : 0.000000,
          "N" : 0
        },
        "lat_ns" : {
          "min" : 0,
          "max" : 0,
          "mean" : 0.000000,
          "stddev" : 0.000000,
          "N" : 0
        },
        "bw_min" : 0,
        "bw_max" : 0,
        "bw_agg" : 0.000000,
        "bw_mean" : 0.000000,
        "bw_dev" : 0.000000,
        "bw_samples" : 0,
        "iops_min" : 0,
        "iops_max" : 0,
        "iops_mean" : 0.000000,
        "iops_stddev" : 0.000000,
        "iops_samples" : 0
      },
      "sync" : {
        "total_ios" : 0,
        "lat_ns" : {
          "min" : 0,
          "max" : 0,
          "mean" : 0.000000,
          "stddev" : 0.000000,
          "N" : 0
        }
      },
      "job_runtime" : 9601439,
      "usr_cpu" : 1.058414,
      "sys_cpu" : 0.738806,
      "ctx" : 15550898,
      "majf" : 0,
      "minf" : 2089,
      "iodepth_level" : {
        "1" : 0.000000,
        "2" : 0.000000,
        "4" : 0.000000,
        "8" : 0.000000,
        "16" : 100.000000,
        "32" : 0.000000,
        ">=64" : 0.000000
      },
      "iodepth_submit" : {
        "0" : 0.000000,
        "4" : 100.000000,
        "8" : 0.000000,
        "16" : 0.000000,
        "32" : 0.000000,
        "64" : 0.000000,
        ">=64" : 0.000000
      },
      "iodepth_complete" : {
        "0" : 0.000000,
        "4" : 99.999917,
        "8" : 0.000000,
        "16" : 0.000000,
        "32" : 0.100000,
        "64" : 0.000000,
        ">=64" : 0.000000
      },
      "latency_ns" : {
        "2" : 0.000000,
        "4" : 0.000000,
        "10" : 0.000000,
        "20" : 0.000000,
        "50" : 0.000000,
        "100" : 0.000000,
        "250" : 0.000000,
        "500" : 0.000000,
        "750" : 0.000000,
        "1000" : 0.000000
      },
      "latency_us" : {
        "2" : 0.000000,
        "4" : 0.000000,
        "10" : 0.000000,
        "20" : 0.000000,
        "50" : 0.000000,
        "100" : 0.000000,
        "250" : 0.000000,
        "500" : 0.229505,
        "750" : 4.541049,
        "1000" : 6.031472
      },
      "latency_ms" : {
        "2" : 30.908197,
        "4" : 24.890726,
        "10" : 16.879088,
        "20" : 7.943207,
        "50" : 5.067229,
        "100" : 1.557213,
        "250" : 0.973073,
        "500" : 0.600393,
        "750" : 0.381452,
        "1000" : 0.010000,
        "2000" : 0.000000,
        ">=2000" : 0.000000
      },
      "latency_depth" : 24,
      "latency_target" : 0,
      "latency_percentile" : 100.000000,
      "latency_window" : 0
    }
  ],
  "disk_util" : [
    {
      "name" : "sda",
      "read_ios" : 131,
      "write_ios" : 10925,
      "read_sectors" : 7288,
      "write_sectors" : 1499456,
      "read_merges" : 0,
      "write_merges" : 44371,
      "read_ticks" : 48,
      "write_ticks" : 10707,
      "in_queue" : 10819,
      "util" : 0.538495
    }
  ]
}
