{
  "fio version" : "fio-3.39-26-ga72fe",
  "timestamp" : 1750938750,
  "timestamp_ms" : 1750938750547,
  "time" : "Thu Jun 26 11:52:30 2025",
  "global options" : {
    "ioengine" : "rbd",
    "bs" : "4k",
    "rw" : "randwrite",
    "direct" : "1",
    "runtime" : "5m",
    "time_based" : "",
    "group_reporting" : "",
    "ramp_time" : "30s",
    "thread" : "1",
    "iodepth" : "16",
    "clientname" : "admin",
    "pool" : "rbd"
  },
  "jobs" : [
    {
      "jobname" : "fio_test_0",
      "groupid" : 0,
      "job_start" : 1750938450447,
      "error" : 0,
      "eta" : 0,
      "elapsed" : 331,
      "job options" : {
        "max_latency" : "1s",
        "numjobs" : "1",
        "rbdname" : "fio_test_31"
      },
      "read" : {
        "io_bytes" : 0,
        "io_kbytes" : 0,
        "bw_bytes" : 0,
        "bw" : 0,
        "iops" : 0.000000,
        "runtime" : 0,
        "total_ios" : 0,
        "short_ios" : 0,
        "drop_ios" : 0,
        "slat_ns" : {
          "min" : 0,
          "max" : 0,
          "mean" : 0.000000,
          "stddev" : 0.000000,
          "N" : 0
        },
        "clat_ns" : {
          "min" : 0,
          "max" : 0,
          "mean" : 0.000000,
          "stddev" : 0.000000,
          "N" : 0
        },
        "lat_ns" : {
          "min" : 0,
          "max" : 0,
          "mean" : 0.000000,
          "stddev" : 0.000000,
          "N" : 0
        },
        "bw_min" : 0,
        "bw_max" : 0,
        "bw_agg" : 0.000000,
        "bw_mean" : 0.000000,
        "bw_dev" : 0.000000,
        "bw_samples" : 0,
        "iops_min" : 0,
        "iops_max" : 0,
        "iops_mean" : 0.000000,
        "iops_stddev" : 0.000000,
        "iops_samples" : 0
      },
      "write" : {
        "io_bytes" : 81749250048,
        "io_kbytes" : 79833252,
        "bw_bytes" : 272450275,
        "bw" : 266064,
        "iops" : 66514.580806,
        "runtime" : 300052,
        "total_ios" : 19957833,
        "short_ios" : 0,
        "drop_ios" : 0,
        "slat_ns" : {
          "min" : 1006,
          "max" : 232324,
          "mean" : 3753.010065,
          "stddev" : 1550.535383,
          "N" : 19957833
        },
        "clat_ns" : {
          "min" : 379161,
          "max" : 440292012,
          "mean" : 7693628.792516,
          "stddev" : 25733091.006601,
          "N" : 19958313,
          "percentile" : {
            "1.000000" : 569344,
            "5.000000" : 716800,
            "10.000000" : 897024,
            "20.000000" : 1171456,
            "30.000000" : 1449984,
            "40.000000" : 1744896,
            "50.000000" : 2146304,
            "60.000000" : 2736128,
            "70.000000" : 3915776,
            "80.000000" : 6324224,
            "90.000000" : 11337728,
            "95.000000" : 20578304,
            "99.000000" : 143654912,
            "99.500000" : 217055232,
            "99.900000" : 308281344,
            "99.950000" : 329252864,
            "99.990000" : 367001600
          }
        },
        "lat_ns" : {
          "min" : 382079,
          "max" : 440296464,
          "mean" : 7697381.799716,
          "stddev" : 25733093.523074,
          "N" : 19958313
        },
        "bw_min" : 95011,
        "bw_max" : 377751,
        "bw_agg" : 100.000000,
        "bw_mean" : 266187.911177,
        "bw_dev" : 1038.444188,
        "bw_samples" : 19182,
        "iops_min" : 23752,
        "iops_max" : 94437,
        "iops_mean" : 66546.100284,
        "iops_stddev" : 259.610367,
        "iops_samples" : 19182
      },
      "trim" : {
        "io_bytes" : 0,
        "io_kbytes" : 0,
        "bw_bytes" : 0,
        "bw" : 0,
        "iops" : 0.000000,
        "runtime" : 0,
        "total_ios" : 0,
        "short_ios" : 0,
        "drop_ios" : 0,
        "slat_ns" : {
          "min" : 0,
          "max" : 0,
          "mean" : 0.000000,
          "stddev" : 0.000000,
          "N" : 0
        },
        "clat_ns" : {
          "min" : 0,
          "max" : 0,
          "mean" : 0.000000,
          "stddev" : 0.000000,
          "N" : 0
        },
        "lat_ns" : {
          "min" : 0,
          "max" : 0,
          "mean" : 0.000000,
          "stddev" : 0.000000,
          "N" : 0
        },
        "bw_min" : 0,
        "bw_max" : 0,
        "bw_agg" : 0.000000,
        "bw_mean" : 0.000000,
        "bw_dev" : 0.000000,
        "bw_samples" : 0,
        "iops_min" : 0,
        "iops_max" : 0,
        "iops_mean" : 0.000000,
        "iops_stddev" : 0.000000,
        "iops_samples" : 0
      },
      "sync" : {
        "total_ios" : 0,
        "lat_ns" : {
          "min" : 0,
          "max" : 0,
          "mean" : 0.000000,
          "stddev" : 0.000000,
          "N" : 0
        }
      },
      "job_runtime" : 9601337,
      "usr_cpu" : 1.068872,
      "sys_cpu" : 0.778819,
      "ctx" : 17026934,
      "majf" : 0,
      "minf" : 1939,
      "iodepth_level" : {
        "1" : 0.000000,
        "2" : 0.000000,
        "4" : 0.000000,
        "8" : 0.000000,
        "16" : 100.000000,
        "32" : 0.000000,
        ">=64" : 0.000000
      },
      "iodepth_submit" : {
        "0" : 0.000000,
        "4" : 100.000000,
        "8" : 0.000000,
        "16" : 0.000000,
        "32" : 0.000000,
        "64" : 0.000000,
        ">=64" : 0.000000
      },
      "iodepth_complete" : {
        "0" : 0.000000,
        "4" : 99.999920,
        "8" : 0.000000,
        "16" : 0.100000,
        "32" : 0.000000,
        "64" : 0.000000,
        ">=64" : 0.000000
      },
      "latency_ns" : {
        "2" : 0.000000,
        "4" : 0.000000,
        "10" : 0.000000,
        "20" : 0.000000,
        "50" : 0.000000,
        "100" : 0.000000,
        "250" : 0.000000,
        "500" : 0.000000,
        "750" : 0.000000,
        "1000" : 0.000000
      },
      "latency_us" : {
        "2" : 0.000000,
        "4" : 0.000000,
        "10" : 0.000000,
        "20" : 0.000000,
        "50" : 0.000000,
        "100" : 0.000000,
        "250" : 0.000000,
        "500" : 0.162508,
        "750" : 5.751837,
        "1000" : 7.809164
      },
      "latency_ms" : {
        "2" : 33.057662,
        "4" : 23.904574,
        "10" : 17.566947,
        "20" : 6.576601,
        "50" : 2.537570,
        "100" : 1.133475,
        "250" : 1.171655,
        "500" : 0.330412,
        "750" : 0.000000,
        "1000" : 0.000000,
        "2000" : 0.000000,
        ">=2000" : 0.000000
      },
      "latency_depth" : 16,
      "latency_target" : 0,
      "latency_percentile" : 100.000000,
      "latency_window" : 0
    }
  ],
  "disk_util" : [
    {
      "name" : "sda",
      "read_ios" : 3,
      "write_ios" : 5670,
      "read_sectors" : 24,
      "write_sectors" : 289512,
      "read_merges" : 0,
      "write_merges" : 24065,
      "read_ticks" : 1,
      "write_ticks" : 2220,
      "in_queue" : 2272,
      "util" : 0.156060
    }
  ]
}
