[
    {
        "FIO": {
            "cpu": {
                "data": [
                    221.90333333333695,
                    308.17000000000263,
                    363.73000000000235,
                    386.1800000000002,
                    406.45000000000175,
                    391.76666666666983,
                    406.0266666666684,
                    251.42666666666722,
                    20.720000000000017,
                    14.92666666666665,
                    355.6233333333341,
                    26.476666666666734,
                    9.633333333333333,
                    51.24999999999996,
                    15.446666666666642,
                    15.32999999999998
                ],
                "index": 16,
                "time": [
                    "11:26:48",
                    "11:32:20",
                    "11:37:52",
                    "11:43:25",
                    "11:48:57",
                    "11:54:29",
                    "12:00:01",
                    "12:05:34",
                    "12:11:06",
                    "12:13:41",
                    "12:16:15",
                    "12:21:48",
                    "12:24:22",
                    "12:27:02",
                    "12:32:37",
                    "12:35:12"
                ],
                "total": 0.0
            },
            "mem": {
                "data": [
                    0.0,
                    0.0,
                    0.0,
                    0.0,
                    0.0,
                    0.0,
                    0.0,
                    0.0,
                    0.0,
                    0.0,
                    0.0,
                    0.0,
                    0.0,
                    0.0,
                    1.5000000000000122,
                    0.0
                ],
                "index": 16,
                "time": [
                    "11:26:48",
                    "11:32:20",
                    "11:37:52",
                    "11:43:25",
                    "11:48:57",
                    "11:54:29",
                    "12:00:01",
                    "12:05:34",
                    "12:11:06",
                    "12:13:41",
                    "12:16:15",
                    "12:21:48",
                    "12:24:22",
                    "12:27:02",
                    "12:32:37",
                    "12:35:12"
                ],
                "total": 0.0
            }
        },
        "OSD": {
            "cpu": {
                "data": [
                    3600.650000000035,
                    3998.8166666666607,
                    4700.0233333333135,
                    4658.276666666635,
                    4950.546666666626,
                    4744.263333333301,
                    4952.006666666635,
                    3806.63333333336,
                    360.9999999999955,
                    230.52000000000115,
                    4573.8333333333285,
                    389.5833333333297,
                    147.2700000000005,
                    839.7933333333258,
                    280.7099999999982,
                    240.50333333333444
                ],
                "index": 16,
                "time": [
                    "11:26:48",
                    "11:32:20",
                    "11:37:52",
                    "11:43:25",
                    "11:48:57",
                    "11:54:29",
                    "12:00:01",
                    "12:05:34",
                    "12:11:06",
                    "12:13:41",
                    "12:16:15",
                    "12:21:48",
                    "12:24:22",
                    "12:27:02",
                    "12:32:37",
                    "12:35:12"
                ],
                "total": 28.400000000000013
            },
            "mem": {
                "data": [
                    3928.5600000000236,
                    5421.919999999999,
                    6125.840000000565,
                    6230.000000000574,
                    6232.800000000574,
                    6232.800000000574,
                    6232.800000000574,
                    6232.800000000574,
                    6232.800000000574,
                    6232.800000000574,
                    6232.800000000574,
                    6232.800000000574,
                    6232.800000000574,
                    6232.800000000574,
                    6232.800000000574,
                    6232.800000000574
                ],
                "index": 16,
                "time": [
                    "11:26:48",
                    "11:32:20",
                    "11:37:52",
                    "11:43:25",
                    "11:48:57",
                    "11:54:29",
                    "12:00:01",
                    "12:05:34",
                    "12:11:06",
                    "12:13:41",
                    "12:16:15",
                    "12:21:48",
                    "12:24:22",
                    "12:27:02",
                    "12:32:37",
                    "12:35:12"
                ],
                "total": 6232.800000000014
            }
        }
    }
]