{
  "fio version" : "fio-3.39-26-ga72fe",
  "timestamp" : 1747161140,
  "timestamp_ms" : 1747161140335,
  "time" : "Tue May 13 18:32:20 2025",
  "global options" : {
    "write_iops_log" : "sea_1osd_56reactor_32fio_bal_osd_rc_1procs_seqread",
    "write_bw_log" : "sea_1osd_56reactor_32fio_bal_osd_rc_1procs_seqread",
    "write_lat_log" : "sea_1osd_56reactor_32fio_bal_osd_rc_1procs_seqread",
    "ioengine" : "rbd",
    "bs" : "64k",
    "rw" : "read",
    "direct" : "1",
    "runtime" : "5m",
    "time_based" : "",
    "group_reporting" : "",
    "ramp_time" : "30s",
    "thread" : "1",
    "iodepth" : "2",
    "clientname" : "admin",
    "pool" : "rbd"
  },
  "jobs" : [
    {
      "jobname" : "fio_test_0",
      "groupid" : 0,
      "job_start" : 1747161085294,
      "error" : 110,
      "eta" : 0,
      "elapsed" : 86,
      "job options" : {
        "max_latency" : "1s",
        "numjobs" : "1",
        "rbdname" : "fio_test_31"
      },
      "read" : {
        "io_bytes" : 3407216640,
        "io_kbytes" : 3327360,
        "bw_bytes" : 62148267,
        "bw" : 60691,
        "iops" : 947.723625,
        "runtime" : 54824,
        "total_ios" : 51958,
        "short_ios" : 0,
        "drop_ios" : 0,
        "slat_ns" : {
          "min" : 736,
          "max" : 55614,
          "mean" : 10647.820413,
          "stddev" : 5795.873585,
          "N" : 51958
        },
        "clat_ns" : {
          "min" : 2131866,
          "max" : 55556766435,
          "mean" : 56802980.003193,
          "stddev" : 1599336538.634002,
          "N" : 51990,
          "percentile" : {
            "1.000000" : 2965504,
            "5.000000" : 3489792,
            "10.000000" : 3653632,
            "20.000000" : 3883008,
            "30.000000" : 4079616,
            "40.000000" : 4292608,
            "50.000000" : 4489216,
            "60.000000" : 4685824,
            "70.000000" : 4947968,
            "80.000000" : 5341184,
            "90.000000" : 5931008,
            "95.000000" : 6520832,
            "99.000000" : 8978432,
            "99.500000" : 129499136,
            "99.900000" : 17112760320,
            "99.950000" : 17112760320,
            "99.990000" : 17112760320
          }
        },
        "lat_ns" : {
          "min" : 2144316,
          "max" : 55556769431,
          "mean" : 56813625.886170,
          "stddev" : 1599336513.914900,
          "N" : 51990
        },
        "bw_min" : 32,
        "bw_max" : 780674,
        "bw_agg" : 100.000000,
        "bw_mean" : 402928.110572,
        "bw_dev" : 2787.659830,
        "bw_samples" : 51990,
        "iops_min" : 32,
        "iops_max" : 32,
        "iops_mean" : 32.000000,
        "iops_stddev" : 0.000000,
        "iops_samples" : 51990
      },
      "write" : {
        "io_bytes" : 0,
        "io_kbytes" : 0,
        "bw_bytes" : 0,
        "bw" : 0,
        "iops" : 0.000000,
        "runtime" : 0,
        "total_ios" : 0,
        "short_ios" : 0,
        "drop_ios" : 0,
        "slat_ns" : {
          "min" : 0,
          "max" : 0,
          "mean" : 0.000000,
          "stddev" : 0.000000,
          "N" : 0
        },
        "clat_ns" : {
          "min" : 0,
          "max" : 0,
          "mean" : 0.000000,
          "stddev" : 0.000000,
          "N" : 0
        },
        "lat_ns" : {
          "min" : 0,
          "max" : 0,
          "mean" : 0.000000,
          "stddev" : 0.000000,
          "N" : 0
        },
        "bw_min" : 0,
        "bw_max" : 0,
        "bw_agg" : 0.000000,
        "bw_mean" : 0.000000,
        "bw_dev" : 0.000000,
        "bw_samples" : 0,
        "iops_min" : 0,
        "iops_max" : 0,
        "iops_mean" : 0.000000,
        "iops_stddev" : 0.000000,
        "iops_samples" : 0
      },
      "trim" : {
        "io_bytes" : 0,
        "io_kbytes" : 0,
        "bw_bytes" : 0,
        "bw" : 0,
        "iops" : 0.000000,
        "runtime" : 0,
        "total_ios" : 0,
        "short_ios" : 0,
        "drop_ios" : 0,
        "slat_ns" : {
          "min" : 0,
          "max" : 0,
          "mean" : 0.000000,
          "stddev" : 0.000000,
          "N" : 0
        },
        "clat_ns" : {
          "min" : 0,
          "max" : 0,
          "mean" : 0.000000,
          "stddev" : 0.000000,
          "N" : 0
        },
        "lat_ns" : {
          "min" : 0,
          "max" : 0,
          "mean" : 0.000000,
          "stddev" : 0.000000,
          "N" : 0
        },
        "bw_min" : 0,
        "bw_max" : 0,
        "bw_agg" : 0.000000,
        "bw_mean" : 0.000000,
        "bw_dev" : 0.000000,
        "bw_samples" : 0,
        "iops_min" : 0,
        "iops_max" : 0,
        "iops_mean" : 0.000000,
        "iops_stddev" : 0.000000,
        "iops_samples" : 0
      },
      "sync" : {
        "total_ios" : 0,
        "lat_ns" : {
          "min" : 0,
          "max" : 0,
          "mean" : 0.000000,
          "stddev" : 0.000000,
          "N" : 0
        }
      },
      "job_runtime" : 1200895,
      "usr_cpu" : 0.079940,
      "sys_cpu" : 0.062037,
      "ctx" : 51994,
      "majf" : 0,
      "minf" : 3237,
      "iodepth_level" : {
        "1" : 0.100000,
        "2" : 99.961507,
        "4" : 0.000000,
        "8" : 0.000000,
        "16" : 0.000000,
        "32" : 0.000000,
        ">=64" : 0.000000
      },
      "iodepth_submit" : {
        "0" : 0.000000,
        "4" : 100.000000,
        "8" : 0.000000,
        "16" : 0.000000,
        "32" : 0.000000,
        "64" : 0.000000,
        ">=64" : 0.000000
      },
      "iodepth_complete" : {
        "0" : 0.100000,
        "4" : 99.969225,
        "8" : 0.000000,
        "16" : 0.000000,
        "32" : 0.000000,
        "64" : 0.000000,
        ">=64" : 0.000000
      },
      "latency_ns" : {
        "2" : 0.000000,
        "4" : 0.000000,
        "10" : 0.000000,
        "20" : 0.000000,
        "50" : 0.000000,
        "100" : 0.000000,
        "250" : 0.000000,
        "500" : 0.000000,
        "750" : 0.000000,
        "1000" : 0.000000
      },
      "latency_us" : {
        "2" : 0.000000,
        "4" : 0.000000,
        "10" : 0.000000,
        "20" : 0.000000,
        "50" : 0.000000,
        "100" : 0.000000,
        "250" : 0.000000,
        "500" : 0.000000,
        "750" : 0.000000,
        "1000" : 0.000000
      },
      "latency_ms" : {
        "2" : 0.000000,
        "4" : 26.213480,
        "10" : 73.114824,
        "20" : 0.098156,
        "50" : 0.000000,
        "100" : 0.042342,
        "250" : 0.488856,
        "500" : 0.000000,
        "750" : 0.000000,
        "1000" : 0.000000,
        "2000" : 0.000000,
        ">=2000" : 0.103930
      },
      "latency_depth" : 2,
      "latency_target" : 0,
      "latency_percentile" : 100.000000,
      "latency_window" : 0
    }
  ],
  "disk_util" : [
    {
      "name" : "sda",
      "read_ios" : 6,
      "write_ios" : 1200,
      "read_sectors" : 64,
      "write_sectors" : 128184,
      "read_merges" : 0,
      "write_merges" : 1399,
      "read_ticks" : 3,
      "write_ticks" : 1398,
      "in_queue" : 1412,
      "util" : 0.213467
    }
  ]
}
