{
  "fio version" : "fio-3.39-26-ga72fe",
  "timestamp" : 1747161553,
  "timestamp_ms" : 1747161553965,
  "time" : "Tue May 13 18:39:13 2025",
  "global options" : {
    "write_iops_log" : "sea_1osd_56reactor_32fio_bal_osd_rc_1procs_seqread",
    "write_bw_log" : "sea_1osd_56reactor_32fio_bal_osd_rc_1procs_seqread",
    "write_lat_log" : "sea_1osd_56reactor_32fio_bal_osd_rc_1procs_seqread",
    "ioengine" : "rbd",
    "bs" : "64k",
    "rw" : "read",
    "direct" : "1",
    "runtime" : "5m",
    "time_based" : "",
    "group_reporting" : "",
    "ramp_time" : "30s",
    "thread" : "1",
    "iodepth" : "8",
    "clientname" : "admin",
    "pool" : "rbd"
  },
  "jobs" : [
    {
      "jobname" : "fio_test_0",
      "groupid" : 0,
      "job_start" : 1747161508961,
      "error" : 110,
      "eta" : 0,
      "elapsed" : 76,
      "job options" : {
        "max_latency" : "1s",
        "numjobs" : "1",
        "rbdname" : "fio_test_31"
      },
      "read" : {
        "io_bytes" : 8750956544,
        "io_kbytes" : 8545856,
        "bw_bytes" : 194985662,
        "bw" : 190415,
        "iops" : 2970.254011,
        "runtime" : 44880,
        "total_ios" : 133305,
        "short_ios" : 0,
        "drop_ios" : 0,
        "slat_ns" : {
          "min" : 456,
          "max" : 60767,
          "mean" : 5709.817869,
          "stddev" : 4231.738371,
          "N" : 133305
        },
        "clat_ns" : {
          "min" : 2128360,
          "max" : 35290261437,
          "mean" : 85599744.094781,
          "stddev" : 1491485758.435550,
          "N" : 133529,
          "percentile" : {
            "1.000000" : 2932736,
            "5.000000" : 6651904,
            "10.000000" : 11468800,
            "20.000000" : 17170432,
            "30.000000" : 17694720,
            "40.000000" : 18743296,
            "50.000000" : 19791872,
            "60.000000" : 20578304,
            "70.000000" : 21364736,
            "80.000000" : 23199744,
            "90.000000" : 25821184,
            "95.000000" : 30539776,
            "99.000000" : 46923776,
            "99.500000" : 132644864,
            "99.900000" : 17112760320,
            "99.950000" : 17112760320,
            "99.990000" : 17112760320
          }
        },
        "lat_ns" : {
          "min" : 2132613,
          "max" : 35290264311,
          "mean" : 85605454.803369,
          "stddev" : 1491485787.534703,
          "N" : 133529
        },
        "bw_min" : 32,
        "bw_max" : 909959,
        "bw_agg" : 69.183376,
        "bw_mean" : 131736.473898,
        "bw_dev" : 3325.914260,
        "bw_samples" : 133529,
        "iops_min" : 32,
        "iops_max" : 32,
        "iops_mean" : 32.000000,
        "iops_stddev" : 0.000000,
        "iops_samples" : 133529
      },
      "write" : {
        "io_bytes" : 0,
        "io_kbytes" : 0,
        "bw_bytes" : 0,
        "bw" : 0,
        "iops" : 0.000000,
        "runtime" : 0,
        "total_ios" : 0,
        "short_ios" : 0,
        "drop_ios" : 0,
        "slat_ns" : {
          "min" : 0,
          "max" : 0,
          "mean" : 0.000000,
          "stddev" : 0.000000,
          "N" : 0
        },
        "clat_ns" : {
          "min" : 0,
          "max" : 0,
          "mean" : 0.000000,
          "stddev" : 0.000000,
          "N" : 0
        },
        "lat_ns" : {
          "min" : 0,
          "max" : 0,
          "mean" : 0.000000,
          "stddev" : 0.000000,
          "N" : 0
        },
        "bw_min" : 0,
        "bw_max" : 0,
        "bw_agg" : 0.000000,
        "bw_mean" : 0.000000,
        "bw_dev" : 0.000000,
        "bw_samples" : 0,
        "iops_min" : 0,
        "iops_max" : 0,
        "iops_mean" : 0.000000,
        "iops_stddev" : 0.000000,
        "iops_samples" : 0
      },
      "trim" : {
        "io_bytes" : 0,
        "io_kbytes" : 0,
        "bw_bytes" : 0,
        "bw" : 0,
        "iops" : 0.000000,
        "runtime" : 0,
        "total_ios" : 0,
        "short_ios" : 0,
        "drop_ios" : 0,
        "slat_ns" : {
          "min" : 0,
          "max" : 0,
          "mean" : 0.000000,
          "stddev" : 0.000000,
          "N" : 0
        },
        "clat_ns" : {
          "min" : 0,
          "max" : 0,
          "mean" : 0.000000,
          "stddev" : 0.000000,
          "N" : 0
        },
        "lat_ns" : {
          "min" : 0,
          "max" : 0,
          "mean" : 0.000000,
          "stddev" : 0.000000,
          "N" : 0
        },
        "bw_min" : 0,
        "bw_max" : 0,
        "bw_agg" : 0.000000,
        "bw_mean" : 0.000000,
        "bw_dev" : 0.000000,
        "bw_samples" : 0,
        "iops_min" : 0,
        "iops_max" : 0,
        "iops_mean" : 0.000000,
        "iops_stddev" : 0.000000,
        "iops_samples" : 0
      },
      "sync" : {
        "total_ios" : 0,
        "lat_ns" : {
          "min" : 0,
          "max" : 0,
          "mean" : 0.000000,
          "stddev" : 0.000000,
          "N" : 0
        }
      },
      "job_runtime" : 1429219,
      "usr_cpu" : 0.096206,
      "sys_cpu" : 0.071787,
      "ctx" : 133241,
      "majf" : 0,
      "minf" : 10263,
      "iodepth_level" : {
        "1" : 0.100000,
        "2" : 0.100000,
        "4" : 0.192041,
        "8" : 99.663929,
        "16" : 0.000000,
        "32" : 0.000000,
        ">=64" : 0.000000
      },
      "iodepth_submit" : {
        "0" : 0.000000,
        "4" : 100.000000,
        "8" : 0.000000,
        "16" : 0.000000,
        "32" : 0.000000,
        "64" : 0.000000,
        ">=64" : 0.000000
      },
      "iodepth_complete" : {
        "0" : 0.100000,
        "4" : 99.976001,
        "8" : 0.100000,
        "16" : 0.000000,
        "32" : 0.000000,
        "64" : 0.000000,
        ">=64" : 0.000000
      },
      "latency_ns" : {
        "2" : 0.000000,
        "4" : 0.000000,
        "10" : 0.000000,
        "20" : 0.000000,
        "50" : 0.000000,
        "100" : 0.000000,
        "250" : 0.000000,
        "500" : 0.000000,
        "750" : 0.000000,
        "1000" : 0.000000
      },
      "latency_us" : {
        "2" : 0.000000,
        "4" : 0.000000,
        "10" : 0.000000,
        "20" : 0.000000,
        "50" : 0.000000,
        "100" : 0.000000,
        "250" : 0.000000,
        "500" : 0.000000,
        "750" : 0.000000,
        "1000" : 0.000000
      },
      "latency_ms" : {
        "2" : 0.000000,
        "4" : 2.239976,
        "10" : 6.196317,
        "20" : 43.353213,
        "50" : 47.427328,
        "100" : 0.234800,
        "250" : 0.524361,
        "500" : 0.000000,
        "750" : 0.000000,
        "1000" : 0.000000,
        "2000" : 0.000000,
        ">=2000" : 0.192041
      },
      "latency_depth" : 8,
      "latency_target" : 0,
      "latency_percentile" : 100.000000,
      "latency_window" : 0
    }
  ],
  "disk_util" : [
    {
      "name" : "sda",
      "read_ios" : 6,
      "write_ios" : 1220,
      "read_sectors" : 64,
      "write_sectors" : 181400,
      "read_merges" : 0,
      "write_merges" : 1298,
      "read_ticks" : 5,
      "write_ticks" : 1424,
      "in_queue" : 1438,
      "util" : 0.336858
    }
  ]
}
