{
  "fio version" : "fio-3.39-26-ga72fe",
  "timestamp" : 1747161369,
  "timestamp_ms" : 1747161369549,
  "time" : "Tue May 13 18:36:09 2025",
  "global options" : {
    "write_iops_log" : "sea_1osd_56reactor_32fio_bal_osd_rc_1procs_seqread",
    "write_bw_log" : "sea_1osd_56reactor_32fio_bal_osd_rc_1procs_seqread",
    "write_lat_log" : "sea_1osd_56reactor_32fio_bal_osd_rc_1procs_seqread",
    "ioengine" : "rbd",
    "bs" : "64k",
    "rw" : "read",
    "direct" : "1",
    "runtime" : "5m",
    "time_based" : "",
    "group_reporting" : "",
    "ramp_time" : "30s",
    "thread" : "1",
    "iodepth" : "4",
    "clientname" : "admin",
    "pool" : "rbd"
  },
  "jobs" : [
    {
      "jobname" : "fio_test_0",
      "groupid" : 0,
      "job_start" : 1747161294545,
      "error" : 110,
      "eta" : 0,
      "elapsed" : 106,
      "job options" : {
        "max_latency" : "1s",
        "numjobs" : "1",
        "rbdname" : "fio_test_31"
      },
      "read" : {
        "io_bytes" : 18355519488,
        "io_kbytes" : 17925312,
        "bw_bytes" : 245155389,
        "bw" : 239409,
        "iops" : 3739.492207,
        "runtime" : 74873,
        "total_ios" : 279987,
        "short_ios" : 0,
        "drop_ios" : 0,
        "slat_ns" : {
          "min" : 447,
          "max" : 252653,
          "mean" : 6931.607228,
          "stddev" : 5006.887018,
          "N" : 279987
        },
        "clat_ns" : {
          "min" : 645049,
          "max" : 60106606162,
          "mean" : 34095213.969780,
          "stddev" : 1105580335.835560,
          "N" : 280083,
          "percentile" : {
            "1.000000" : 2932736,
            "5.000000" : 6455296,
            "10.000000" : 7897088,
            "20.000000" : 8585216,
            "30.000000" : 8847360,
            "40.000000" : 9240576,
            "50.000000" : 9764864,
            "60.000000" : 10158080,
            "70.000000" : 10682368,
            "80.000000" : 11337728,
            "90.000000" : 12517376,
            "95.000000" : 14483456,
            "99.000000" : 19529728,
            "99.500000" : 24248320,
            "99.900000" : 337641472,
            "99.950000" : 367001600,
            "99.990000" : 17112760320
          }
        },
        "lat_ns" : {
          "min" : 647132,
          "max" : 60106609484,
          "mean" : 34102145.118233,
          "stddev" : 1105580384.389695,
          "N" : 280083
        },
        "bw_min" : 32,
        "bw_max" : 1705629,
        "bw_agg" : 94.638660,
        "bw_mean" : 226574.977824,
        "bw_dev" : 2866.883481,
        "bw_samples" : 280083,
        "iops_min" : 32,
        "iops_max" : 32,
        "iops_mean" : 32.000000,
        "iops_stddev" : 0.000000,
        "iops_samples" : 280083
      },
      "write" : {
        "io_bytes" : 0,
        "io_kbytes" : 0,
        "bw_bytes" : 0,
        "bw" : 0,
        "iops" : 0.000000,
        "runtime" : 0,
        "total_ios" : 0,
        "short_ios" : 0,
        "drop_ios" : 0,
        "slat_ns" : {
          "min" : 0,
          "max" : 0,
          "mean" : 0.000000,
          "stddev" : 0.000000,
          "N" : 0
        },
        "clat_ns" : {
          "min" : 0,
          "max" : 0,
          "mean" : 0.000000,
          "stddev" : 0.000000,
          "N" : 0
        },
        "lat_ns" : {
          "min" : 0,
          "max" : 0,
          "mean" : 0.000000,
          "stddev" : 0.000000,
          "N" : 0
        },
        "bw_min" : 0,
        "bw_max" : 0,
        "bw_agg" : 0.000000,
        "bw_mean" : 0.000000,
        "bw_dev" : 0.000000,
        "bw_samples" : 0,
        "iops_min" : 0,
        "iops_max" : 0,
        "iops_mean" : 0.000000,
        "iops_stddev" : 0.000000,
        "iops_samples" : 0
      },
      "trim" : {
        "io_bytes" : 0,
        "io_kbytes" : 0,
        "bw_bytes" : 0,
        "bw" : 0,
        "iops" : 0.000000,
        "runtime" : 0,
        "total_ios" : 0,
        "short_ios" : 0,
        "drop_ios" : 0,
        "slat_ns" : {
          "min" : 0,
          "max" : 0,
          "mean" : 0.000000,
          "stddev" : 0.000000,
          "N" : 0
        },
        "clat_ns" : {
          "min" : 0,
          "max" : 0,
          "mean" : 0.000000,
          "stddev" : 0.000000,
          "N" : 0
        },
        "lat_ns" : {
          "min" : 0,
          "max" : 0,
          "mean" : 0.000000,
          "stddev" : 0.000000,
          "N" : 0
        },
        "bw_min" : 0,
        "bw_max" : 0,
        "bw_agg" : 0.000000,
        "bw_mean" : 0.000000,
        "bw_dev" : 0.000000,
        "bw_samples" : 0,
        "iops_min" : 0,
        "iops_max" : 0,
        "iops_mean" : 0.000000,
        "iops_stddev" : 0.000000,
        "iops_samples" : 0
      },
      "sync" : {
        "total_ios" : 0,
        "lat_ns" : {
          "min" : 0,
          "max" : 0,
          "mean" : 0.000000,
          "stddev" : 0.000000,
          "N" : 0
        }
      },
      "job_runtime" : 2388333,
      "usr_cpu" : 0.144368,
      "sys_cpu" : 0.110621,
      "ctx" : 279666,
      "majf" : 0,
      "minf" : 19040,
      "iodepth_level" : {
        "1" : 0.100000,
        "2" : 0.100000,
        "4" : 99.907853,
        "8" : 0.000000,
        "16" : 0.000000,
        "32" : 0.000000,
        ">=64" : 0.000000
      },
      "iodepth_submit" : {
        "0" : 0.000000,
        "4" : 100.000000,
        "8" : 0.000000,
        "16" : 0.000000,
        "32" : 0.000000,
        "64" : 0.000000,
        ">=64" : 0.000000
      },
      "iodepth_complete" : {
        "0" : 0.100000,
        "4" : 99.994286,
        "8" : 0.000000,
        "16" : 0.000000,
        "32" : 0.000000,
        "64" : 0.000000,
        ">=64" : 0.000000
      },
      "latency_ns" : {
        "2" : 0.000000,
        "4" : 0.000000,
        "10" : 0.000000,
        "20" : 0.000000,
        "50" : 0.000000,
        "100" : 0.000000,
        "250" : 0.000000,
        "500" : 0.000000,
        "750" : 0.000000,
        "1000" : 0.000000
      },
      "latency_us" : {
        "2" : 0.000000,
        "4" : 0.000000,
        "10" : 0.000000,
        "20" : 0.000000,
        "50" : 0.000000,
        "100" : 0.000000,
        "250" : 0.000000,
        "500" : 0.000000,
        "750" : 0.010000,
        "1000" : 0.010000
      },
      "latency_ms" : {
        "2" : 0.010000,
        "4" : 2.290821,
        "10" : 53.002818,
        "20" : 43.829892,
        "50" : 0.514310,
        "100" : 0.042859,
        "250" : 0.137864,
        "500" : 0.160007,
        "750" : 0.000000,
        "1000" : 0.000000,
        "2000" : 0.000000,
        ">=2000" : 0.045716
      },
      "latency_depth" : 4,
      "latency_target" : 0,
      "latency_percentile" : 100.000000,
      "latency_window" : 0
    }
  ],
  "disk_util" : [
    {
      "name" : "sda",
      "read_ios" : 6,
      "write_ios" : 1670,
      "read_sectors" : 64,
      "write_sectors" : 259200,
      "read_merges" : 0,
      "write_merges" : 2028,
      "read_ticks" : 4,
      "write_ticks" : 2178,
      "in_queue" : 2196,
      "util" : 0.336858
    }
  ]
}
