{
  "fio version" : "fio-3.39-26-ga72fe",
  "timestamp" : 1747162599,
  "timestamp_ms" : 1747162599498,
  "time" : "Tue May 13 18:56:39 2025",
  "global options" : {
    "write_iops_log" : "sea_1osd_56reactor_32fio_bal_osd_rc_1procs_seqread",
    "write_bw_log" : "sea_1osd_56reactor_32fio_bal_osd_rc_1procs_seqread",
    "write_lat_log" : "sea_1osd_56reactor_32fio_bal_osd_rc_1procs_seqread",
    "ioengine" : "rbd",
    "bs" : "64k",
    "rw" : "read",
    "direct" : "1",
    "runtime" : "5m",
    "time_based" : "",
    "group_reporting" : "",
    "ramp_time" : "30s",
    "thread" : "1",
    "iodepth" : "52",
    "clientname" : "admin",
    "pool" : "rbd"
  },
  "jobs" : [
    {
      "jobname" : "fio_test_0",
      "groupid" : 0,
      "job_start" : 1747162513744,
      "error" : 110,
      "eta" : 0,
      "elapsed" : 116,
      "job options" : {
        "max_latency" : "1s",
        "numjobs" : "1",
        "rbdname" : "fio_test_31"
      },
      "read" : {
        "io_bytes" : 72892416000,
        "io_kbytes" : 71184000,
        "bw_bytes" : 851626507,
        "bw" : 831666,
        "iops" : 12975.722030,
        "runtime" : 85592,
        "total_ios" : 1110618,
        "short_ios" : 0,
        "drop_ios" : 0,
        "slat_ns" : {
          "min" : 368,
          "max" : 55183,
          "mean" : 3478.316572,
          "stddev" : 2389.295421,
          "N" : 1110618
        },
        "clat_ns" : {
          "min" : 501207,
          "max" : 44562292596,
          "mean" : 122961215.892451,
          "stddev" : 1575434160.773560,
          "N" : 1112250,
          "percentile" : {
            "1.000000" : 2007040,
            "5.000000" : 4489216,
            "10.000000" : 7176192,
            "20.000000" : 13303808,
            "30.000000" : 20578304,
            "40.000000" : 30015488,
            "50.000000" : 42729472,
            "60.000000" : 58982400,
            "70.000000" : 79167488,
            "80.000000" : 104333312,
            "90.000000" : 145752064,
            "95.000000" : 187695104,
            "99.000000" : 308281344,
            "99.500000" : 362807296,
            "99.900000" : 17112760320,
            "99.950000" : 17112760320,
            "99.990000" : 17112760320
          }
        },
        "lat_ns" : {
          "min" : 503112,
          "max" : 44562294535,
          "mean" : 122964695.334612,
          "stddev" : 1575434173.852704,
          "N" : 1112250
        },
        "bw_min" : 32,
        "bw_max" : 3287512,
        "bw_agg" : 14.396997,
        "bw_mean" : 119735.116428,
        "bw_dev" : 6661.657345,
        "bw_samples" : 1112250,
        "iops_min" : 32,
        "iops_max" : 32,
        "iops_mean" : 32.000000,
        "iops_stddev" : 0.000000,
        "iops_samples" : 1112250
      },
      "write" : {
        "io_bytes" : 0,
        "io_kbytes" : 0,
        "bw_bytes" : 0,
        "bw" : 0,
        "iops" : 0.000000,
        "runtime" : 0,
        "total_ios" : 0,
        "short_ios" : 0,
        "drop_ios" : 0,
        "slat_ns" : {
          "min" : 0,
          "max" : 0,
          "mean" : 0.000000,
          "stddev" : 0.000000,
          "N" : 0
        },
        "clat_ns" : {
          "min" : 0,
          "max" : 0,
          "mean" : 0.000000,
          "stddev" : 0.000000,
          "N" : 0
        },
        "lat_ns" : {
          "min" : 0,
          "max" : 0,
          "mean" : 0.000000,
          "stddev" : 0.000000,
          "N" : 0
        },
        "bw_min" : 0,
        "bw_max" : 0,
        "bw_agg" : 0.000000,
        "bw_mean" : 0.000000,
        "bw_dev" : 0.000000,
        "bw_samples" : 0,
        "iops_min" : 0,
        "iops_max" : 0,
        "iops_mean" : 0.000000,
        "iops_stddev" : 0.000000,
        "iops_samples" : 0
      },
      "trim" : {
        "io_bytes" : 0,
        "io_kbytes" : 0,
        "bw_bytes" : 0,
        "bw" : 0,
        "iops" : 0.000000,
        "runtime" : 0,
        "total_ios" : 0,
        "short_ios" : 0,
        "drop_ios" : 0,
        "slat_ns" : {
          "min" : 0,
          "max" : 0,
          "mean" : 0.000000,
          "stddev" : 0.000000,
          "N" : 0
        },
        "clat_ns" : {
          "min" : 0,
          "max" : 0,
          "mean" : 0.000000,
          "stddev" : 0.000000,
          "N" : 0
        },
        "lat_ns" : {
          "min" : 0,
          "max" : 0,
          "mean" : 0.000000,
          "stddev" : 0.000000,
          "N" : 0
        },
        "bw_min" : 0,
        "bw_max" : 0,
        "bw_agg" : 0.000000,
        "bw_mean" : 0.000000,
        "bw_dev" : 0.000000,
        "bw_samples" : 0,
        "iops_min" : 0,
        "iops_max" : 0,
        "iops_mean" : 0.000000,
        "iops_stddev" : 0.000000,
        "iops_samples" : 0
      },
      "sync" : {
        "total_ios" : 0,
        "lat_ns" : {
          "min" : 0,
          "max" : 0,
          "mean" : 0.000000,
          "stddev" : 0.000000,
          "N" : 0
        }
      },
      "job_runtime" : 2682046,
      "usr_cpu" : 0.242613,
      "sys_cpu" : 0.214426,
      "ctx" : 1109605,
      "majf" : 0,
      "minf" : 87717,
      "iodepth_level" : {
        "1" : 0.100000,
        "2" : 0.100000,
        "4" : 0.100000,
        "8" : 0.110209,
        "16" : 0.220418,
        "32" : 99.572760,
        ">=64" : 0.000000
      },
      "iodepth_submit" : {
        "0" : 0.000000,
        "4" : 100.000000,
        "8" : 0.000000,
        "16" : 0.000000,
        "32" : 0.000000,
        "64" : 0.000000,
        ">=64" : 0.000000
      },
      "iodepth_complete" : {
        "0" : 0.100000,
        "4" : 99.997209,
        "8" : 0.000000,
        "16" : 0.000000,
        "32" : 0.000000,
        "64" : 0.100000,
        ">=64" : 0.000000
      },
      "latency_ns" : {
        "2" : 0.000000,
        "4" : 0.000000,
        "10" : 0.000000,
        "20" : 0.000000,
        "50" : 0.000000,
        "100" : 0.000000,
        "250" : 0.000000,
        "500" : 0.000000,
        "750" : 0.000000,
        "1000" : 0.000000
      },
      "latency_us" : {
        "2" : 0.000000,
        "4" : 0.000000,
        "10" : 0.000000,
        "20" : 0.000000,
        "50" : 0.000000,
        "100" : 0.000000,
        "250" : 0.000000,
        "500" : 0.000000,
        "750" : 0.032054,
        "1000" : 0.113991
      },
      "latency_ms" : {
        "2" : 0.852678,
        "4" : 3.185254,
        "10" : 10.614271,
        "20" : 14.527677,
        "50" : 25.516334,
        "100" : 23.851225,
        "250" : 19.387674,
        "500" : 1.909658,
        "750" : 0.011435,
        "1000" : 0.000000,
        "2000" : 0.000000,
        ">=2000" : 0.144694
      },
      "latency_depth" : 52,
      "latency_target" : 0,
      "latency_percentile" : 100.000000,
      "latency_window" : 0
    }
  ],
  "disk_util" : [
    {
      "name" : "sda",
      "read_ios" : 6,
      "write_ios" : 2001,
      "read_sectors" : 64,
      "write_sectors" : 547608,
      "read_merges" : 0,
      "write_merges" : 2184,
      "read_ticks" : 3,
      "write_ticks" : 3345,
      "in_queue" : 3367,
      "util" : 0.542669
    }
  ]
}
