{
  "fio version" : "fio-3.39-26-ga72fe",
  "timestamp" : 1747162404,
  "timestamp_ms" : 1747162404382,
  "time" : "Tue May 13 18:53:24 2025",
  "global options" : {
    "write_iops_log" : "sea_1osd_56reactor_32fio_bal_osd_rc_1procs_seqread",
    "write_bw_log" : "sea_1osd_56reactor_32fio_bal_osd_rc_1procs_seqread",
    "write_lat_log" : "sea_1osd_56reactor_32fio_bal_osd_rc_1procs_seqread",
    "ioengine" : "rbd",
    "bs" : "64k",
    "rw" : "read",
    "direct" : "1",
    "runtime" : "5m",
    "time_based" : "",
    "group_reporting" : "",
    "ramp_time" : "30s",
    "thread" : "1",
    "iodepth" : "40",
    "clientname" : "admin",
    "pool" : "rbd"
  },
  "jobs" : [
    {
      "jobname" : "fio_test_0",
      "groupid" : 0,
      "job_start" : 1747162313840,
      "error" : 110,
      "eta" : 0,
      "elapsed" : 121,
      "job options" : {
        "max_latency" : "1s",
        "numjobs" : "1",
        "rbdname" : "fio_test_31"
      },
      "read" : {
        "io_bytes" : 77871906816,
        "io_kbytes" : 76046784,
        "bw_bytes" : 860843542,
        "bw" : 840667,
        "iops" : 13121.633871,
        "runtime" : 90460,
        "total_ios" : 1186983,
        "short_ios" : 0,
        "drop_ios" : 0,
        "slat_ns" : {
          "min" : 362,
          "max" : 67704,
          "mean" : 3600.693124,
          "stddev" : 2557.715065,
          "N" : 1186983
        },
        "clat_ns" : {
          "min" : 484537,
          "max" : 43964098148,
          "mean" : 96602612.139271,
          "stddev" : 1368563057.186690,
          "N" : 1188231,
          "percentile" : {
            "1.000000" : 1875968,
            "5.000000" : 4014080,
            "10.000000" : 6520832,
            "20.000000" : 11599872,
            "30.000000" : 17694720,
            "40.000000" : 25821184,
            "50.000000" : 36438016,
            "60.000000" : 50593792,
            "70.000000" : 67633152,
            "80.000000" : 87556096,
            "90.000000" : 115867648,
            "95.000000" : 143654912,
            "99.000000" : 217055232,
            "99.500000" : 263192576,
            "99.900000" : 17112760320,
            "99.950000" : 17112760320,
            "99.990000" : 17112760320
          }
        },
        "lat_ns" : {
          "min" : 486720,
          "max" : 43964102524,
          "mean" : 96606213.336029,
          "stddev" : 1368563071.010577,
          "N" : 1188231
        },
        "bw_min" : 32,
        "bw_max" : 3376574,
        "bw_agg" : 16.065210,
        "bw_mean" : 135055.872598,
        "bw_dev" : 7184.942170,
        "bw_samples" : 1188231,
        "iops_min" : 32,
        "iops_max" : 32,
        "iops_mean" : 32.000000,
        "iops_stddev" : 0.000000,
        "iops_samples" : 1188231
      },
      "write" : {
        "io_bytes" : 0,
        "io_kbytes" : 0,
        "bw_bytes" : 0,
        "bw" : 0,
        "iops" : 0.000000,
        "runtime" : 0,
        "total_ios" : 0,
        "short_ios" : 0,
        "drop_ios" : 0,
        "slat_ns" : {
          "min" : 0,
          "max" : 0,
          "mean" : 0.000000,
          "stddev" : 0.000000,
          "N" : 0
        },
        "clat_ns" : {
          "min" : 0,
          "max" : 0,
          "mean" : 0.000000,
          "stddev" : 0.000000,
          "N" : 0
        },
        "lat_ns" : {
          "min" : 0,
          "max" : 0,
          "mean" : 0.000000,
          "stddev" : 0.000000,
          "N" : 0
        },
        "bw_min" : 0,
        "bw_max" : 0,
        "bw_agg" : 0.000000,
        "bw_mean" : 0.000000,
        "bw_dev" : 0.000000,
        "bw_samples" : 0,
        "iops_min" : 0,
        "iops_max" : 0,
        "iops_mean" : 0.000000,
        "iops_stddev" : 0.000000,
        "iops_samples" : 0
      },
      "trim" : {
        "io_bytes" : 0,
        "io_kbytes" : 0,
        "bw_bytes" : 0,
        "bw" : 0,
        "iops" : 0.000000,
        "runtime" : 0,
        "total_ios" : 0,
        "short_ios" : 0,
        "drop_ios" : 0,
        "slat_ns" : {
          "min" : 0,
          "max" : 0,
          "mean" : 0.000000,
          "stddev" : 0.000000,
          "N" : 0
        },
        "clat_ns" : {
          "min" : 0,
          "max" : 0,
          "mean" : 0.000000,
          "stddev" : 0.000000,
          "N" : 0
        },
        "lat_ns" : {
          "min" : 0,
          "max" : 0,
          "mean" : 0.000000,
          "stddev" : 0.000000,
          "N" : 0
        },
        "bw_min" : 0,
        "bw_max" : 0,
        "bw_agg" : 0.000000,
        "bw_mean" : 0.000000,
        "bw_dev" : 0.000000,
        "bw_samples" : 0,
        "iops_min" : 0,
        "iops_max" : 0,
        "iops_mean" : 0.000000,
        "iops_stddev" : 0.000000,
        "iops_samples" : 0
      },
      "sync" : {
        "total_ios" : 0,
        "lat_ns" : {
          "min" : 0,
          "max" : 0,
          "mean" : 0.000000,
          "stddev" : 0.000000,
          "N" : 0
        }
      },
      "job_runtime" : 2876262,
      "usr_cpu" : 0.251750,
      "sys_cpu" : 0.221086,
      "ctx" : 1185164,
      "majf" : 0,
      "minf" : 97546,
      "iodepth_level" : {
        "1" : 0.100000,
        "2" : 0.100000,
        "4" : 0.100000,
        "8" : 0.107162,
        "16" : 0.214325,
        "32" : 99.584746,
        ">=64" : 0.000000
      },
      "iodepth_submit" : {
        "0" : 0.000000,
        "4" : 100.000000,
        "8" : 0.000000,
        "16" : 0.000000,
        "32" : 0.000000,
        "64" : 0.000000,
        ">=64" : 0.000000
      },
      "iodepth_complete" : {
        "0" : 0.100000,
        "4" : 99.997304,
        "8" : 0.000000,
        "16" : 0.000000,
        "32" : 0.000000,
        "64" : 0.100000,
        ">=64" : 0.000000
      },
      "latency_ns" : {
        "2" : 0.000000,
        "4" : 0.000000,
        "10" : 0.000000,
        "20" : 0.000000,
        "50" : 0.000000,
        "100" : 0.000000,
        "250" : 0.000000,
        "500" : 0.000000,
        "750" : 0.000000,
        "1000" : 0.000000
      },
      "latency_us" : {
        "2" : 0.000000,
        "4" : 0.000000,
        "10" : 0.000000,
        "20" : 0.000000,
        "50" : 0.000000,
        "100" : 0.000000,
        "250" : 0.000000,
        "500" : 0.010000,
        "750" : 0.040691,
        "1000" : 0.153667
      },
      "latency_ms" : {
        "2" : 1.010461,
        "4" : 3.720441,
        "10" : 12.026794,
        "20" : 16.162826,
        "50" : 26.617483,
        "100" : 25.260513,
        "250" : 14.515709,
        "500" : 0.444657,
        "750" : 0.043809,
        "1000" : 0.000000,
        "2000" : 0.000000,
        ">=2000" : 0.107836
      },
      "latency_depth" : 40,
      "latency_target" : 0,
      "latency_percentile" : 100.000000,
      "latency_window" : 0
    }
  ],
  "disk_util" : [
    {
      "name" : "sda",
      "read_ios" : 6,
      "write_ios" : 2134,
      "read_sectors" : 64,
      "write_sectors" : 548744,
      "read_merges" : 0,
      "write_merges" : 2286,
      "read_ticks" : 2,
      "write_ticks" : 3711,
      "in_queue" : 3732,
      "util" : 0.531057
    }
  ]
}
