{
  "fio version" : "fio-3.39-26-ga72fe",
  "timestamp" : 1747162774,
  "timestamp_ms" : 1747162774820,
  "time" : "Tue May 13 18:59:34 2025",
  "global options" : {
    "write_iops_log" : "sea_1osd_56reactor_32fio_bal_osd_rc_1procs_seqread",
    "write_bw_log" : "sea_1osd_56reactor_32fio_bal_osd_rc_1procs_seqread",
    "write_lat_log" : "sea_1osd_56reactor_32fio_bal_osd_rc_1procs_seqread",
    "ioengine" : "rbd",
    "bs" : "64k",
    "rw" : "read",
    "direct" : "1",
    "runtime" : "5m",
    "time_based" : "",
    "group_reporting" : "",
    "ramp_time" : "30s",
    "thread" : "1",
    "iodepth" : "64",
    "clientname" : "admin",
    "pool" : "rbd"
  },
  "jobs" : [
    {
      "jobname" : "fio_test_0",
      "groupid" : 0,
      "job_start" : 1747162708505,
      "error" : 110,
      "eta" : 0,
      "elapsed" : 97,
      "job options" : {
        "max_latency" : "1s",
        "numjobs" : "1",
        "rbdname" : "fio_test_31"
      },
      "read" : {
        "io_bytes" : 37433311232,
        "io_kbytes" : 36555968,
        "bw_bytes" : 565457873,
        "bw" : 552204,
        "iops" : 8597.749245,
        "runtime" : 66200,
        "total_ios" : 569171,
        "short_ios" : 0,
        "drop_ios" : 0,
        "slat_ns" : {
          "min" : 351,
          "max" : 60068,
          "mean" : 3727.142607,
          "stddev" : 2811.399620,
          "N" : 569171
        },
        "clat_ns" : {
          "min" : 560559,
          "max" : 41133938256,
          "mean" : 230923456.161597,
          "stddev" : 2305860269.586890,
          "N" : 571187,
          "percentile" : {
            "1.000000" : 3031040,
            "5.000000" : 6979584,
            "10.000000" : 12124160,
            "20.000000" : 24510464,
            "30.000000" : 40108032,
            "40.000000" : 57409536,
            "50.000000" : 76021760,
            "60.000000" : 93847552,
            "70.000000" : 114819072,
            "80.000000" : 145752064,
            "90.000000" : 198180864,
            "95.000000" : 258998272,
            "99.000000" : 438304768,
            "99.500000" : 591396864,
            "99.900000" : 17112760320,
            "99.950000" : 17112760320,
            "99.990000" : 17112760320
          }
        },
        "lat_ns" : {
          "min" : 562222,
          "max" : 41133940574,
          "mean" : 230927184.413549,
          "stddev" : 2305860240.423545,
          "N" : 571187
        },
        "bw_min" : 32,
        "bw_max" : 2620623,
        "bw_agg" : 13.098760,
        "bw_mean" : 72332.348109,
        "bw_dev" : 4678.017746,
        "bw_samples" : 571187,
        "iops_min" : 32,
        "iops_max" : 32,
        "iops_mean" : 32.000000,
        "iops_stddev" : 0.000000,
        "iops_samples" : 571187
      },
      "write" : {
        "io_bytes" : 0,
        "io_kbytes" : 0,
        "bw_bytes" : 0,
        "bw" : 0,
        "iops" : 0.000000,
        "runtime" : 0,
        "total_ios" : 0,
        "short_ios" : 0,
        "drop_ios" : 0,
        "slat_ns" : {
          "min" : 0,
          "max" : 0,
          "mean" : 0.000000,
          "stddev" : 0.000000,
          "N" : 0
        },
        "clat_ns" : {
          "min" : 0,
          "max" : 0,
          "mean" : 0.000000,
          "stddev" : 0.000000,
          "N" : 0
        },
        "lat_ns" : {
          "min" : 0,
          "max" : 0,
          "mean" : 0.000000,
          "stddev" : 0.000000,
          "N" : 0
        },
        "bw_min" : 0,
        "bw_max" : 0,
        "bw_agg" : 0.000000,
        "bw_mean" : 0.000000,
        "bw_dev" : 0.000000,
        "bw_samples" : 0,
        "iops_min" : 0,
        "iops_max" : 0,
        "iops_mean" : 0.000000,
        "iops_stddev" : 0.000000,
        "iops_samples" : 0
      },
      "trim" : {
        "io_bytes" : 0,
        "io_kbytes" : 0,
        "bw_bytes" : 0,
        "bw" : 0,
        "iops" : 0.000000,
        "runtime" : 0,
        "total_ios" : 0,
        "short_ios" : 0,
        "drop_ios" : 0,
        "slat_ns" : {
          "min" : 0,
          "max" : 0,
          "mean" : 0.000000,
          "stddev" : 0.000000,
          "N" : 0
        },
        "clat_ns" : {
          "min" : 0,
          "max" : 0,
          "mean" : 0.000000,
          "stddev" : 0.000000,
          "N" : 0
        },
        "lat_ns" : {
          "min" : 0,
          "max" : 0,
          "mean" : 0.000000,
          "stddev" : 0.000000,
          "N" : 0
        },
        "bw_min" : 0,
        "bw_max" : 0,
        "bw_agg" : 0.000000,
        "bw_mean" : 0.000000,
        "bw_dev" : 0.000000,
        "bw_samples" : 0,
        "iops_min" : 0,
        "iops_max" : 0,
        "iops_mean" : 0.000000,
        "iops_stddev" : 0.000000,
        "iops_samples" : 0
      },
      "sync" : {
        "total_ios" : 0,
        "lat_ns" : {
          "min" : 0,
          "max" : 0,
          "mean" : 0.000000,
          "stddev" : 0.000000,
          "N" : 0
        }
      },
      "job_runtime" : 2086395,
      "usr_cpu" : 0.175854,
      "sys_cpu" : 0.150307,
      "ctx" : 569110,
      "majf" : 0,
      "minf" : 43055,
      "iodepth_level" : {
        "1" : 0.100000,
        "2" : 0.100000,
        "4" : 0.100000,
        "8" : 0.172883,
        "16" : 0.345766,
        "32" : 0.691532,
        ">=64" : 98.638371
      },
      "iodepth_submit" : {
        "0" : 0.000000,
        "4" : 100.000000,
        "8" : 0.000000,
        "16" : 0.000000,
        "32" : 0.000000,
        "64" : 0.000000,
        ">=64" : 0.000000
      },
      "iodepth_complete" : {
        "0" : 0.100000,
        "4" : 99.994466,
        "8" : 0.000000,
        "16" : 0.000000,
        "32" : 0.000000,
        "64" : 0.100000,
        ">=64" : 0.000000
      },
      "latency_ns" : {
        "2" : 0.000000,
        "4" : 0.000000,
        "10" : 0.000000,
        "20" : 0.000000,
        "50" : 0.000000,
        "100" : 0.000000,
        "250" : 0.000000,
        "500" : 0.000000,
        "750" : 0.000000,
        "1000" : 0.000000
      },
      "latency_us" : {
        "2" : 0.000000,
        "4" : 0.000000,
        "10" : 0.000000,
        "20" : 0.000000,
        "50" : 0.000000,
        "100" : 0.000000,
        "250" : 0.000000,
        "500" : 0.000000,
        "750" : 0.011596,
        "1000" : 0.035490
      },
      "latency_ms" : {
        "2" : 0.359294,
        "4" : 1.704760,
        "10" : 5.849560,
        "20" : 8.850943,
        "50" : 19.042432,
        "100" : 27.439030,
        "250" : 31.548691,
        "500" : 4.841603,
        "750" : 0.262311,
        "1000" : 0.053587,
        "2000" : 0.000000,
        ">=2000" : 0.354902
      },
      "latency_depth" : 64,
      "latency_target" : 0,
      "latency_percentile" : 100.000000,
      "latency_window" : 0
    }
  ],
  "disk_util" : [
    {
      "name" : "sda",
      "read_ios" : 7,
      "write_ios" : 1709,
      "read_sectors" : 72,
      "write_sectors" : 417152,
      "read_merges" : 0,
      "write_merges" : 1990,
      "read_ticks" : 4,
      "write_ticks" : 3327,
      "in_queue" : 3347,
      "util" : 0.536890
    }
  ]
}
