[
    {
        "FIO": {
            "cpu": {
                "data": [
                    129.4333333333338,
                    22.089999999999975,
                    67.9999999999999,
                    32.506666666666646,
                    92.75333333333339,
                    294.6766666666683,
                    127.30666666666691,
                    172.49333333333445,
                    158.24000000000066,
                    92.9366666666667
                ],
                "index": 10,
                "time": [
                    "18:29:12",
                    "18:32:51",
                    "18:36:21",
                    "18:39:55",
                    "18:43:05",
                    "18:46:44",
                    "18:50:05",
                    "18:53:20",
                    "18:56:40",
                    "18:59:55"
                ],
                "total": 0.0
            },
            "mem": {
                "data": [
                    40.49999999999968,
                    27.000000000003855,
                    35.20666666667116,
                    24.000000000003173,
                    43.49999999999695,
                    61.500000000011696,
                    44.99999999999569,
                    64.50000000001238,
                    68.16000000001326,
                    33.28666666667195
                ],
                "index": 10,
                "time": [
                    "18:29:12",
                    "18:32:51",
                    "18:36:21",
                    "18:39:55",
                    "18:43:05",
                    "18:46:44",
                    "18:50:05",
                    "18:53:20",
                    "18:56:40",
                    "18:59:55"
                ],
                "total": 0.0
            }
        },
        "OSD": {
            "cpu": {
                "data": [
                    0.0,
                    0.0,
                    0.0,
                    0.0,
                    0.0,
                    0.0,
                    0.0,
                    0.0,
                    0.0,
                    0.0
                ],
                "index": 10,
                "time": [
                    "18:29:12",
                    "18:32:51",
                    "18:36:21",
                    "18:39:55",
                    "18:43:05",
                    "18:46:44",
                    "18:50:05",
                    "18:53:20",
                    "18:56:40",
                    "18:59:55"
                ],
                "total": 0.0
            },
            "mem": {
                "data": [
                    0.0,
                    0.0,
                    0.0,
                    0.0,
                    0.0,
                    0.0,
                    0.0,
                    0.0,
                    0.0,
                    0.0
                ],
                "index": 10,
                "time": [
                    "18:29:12",
                    "18:32:51",
                    "18:36:21",
                    "18:39:55",
                    "18:43:05",
                    "18:46:44",
                    "18:50:05",
                    "18:53:20",
                    "18:56:40",
                    "18:59:55"
                ],
                "total": 0.0
            }
        }
    }
]