[
    {
        "FIO": {
            "cpu": {
                "data": [
                    305.53333333333495,
                    321.6100000000027,
                    316.9166666666685,
                    317.9166666666683,
                    274.816666666669,
                    251.84666666666823,
                    235.6233333333346,
                    219.3700000000003,
                    208.1500000000005,
                    190.42000000000024
                ],
                "index": 10,
                "time": [
                    "06:28:17",
                    "06:33:50",
                    "06:39:26",
                    "06:45:01",
                    "06:50:36",
                    "06:56:11",
                    "07:01:45",
                    "07:07:20",
                    "07:12:54",
                    "07:18:29"
                ],
                "total": 195.59999999999997
            },
            "mem": {
                "data": [
                    79.50000000001178,
                    82.50000000001542,
                    76.5000000000095,
                    84.0000000000169,
                    75.00000000001656,
                    46.52000000000839,
                    33.74666666667197,
                    22.05333333333532,
                    18.666666666666696,
                    12.70666666666629
                ],
                "index": 10,
                "time": [
                    "06:28:17",
                    "06:33:50",
                    "06:39:26",
                    "06:45:01",
                    "06:50:36",
                    "06:56:11",
                    "07:01:45",
                    "07:07:20",
                    "07:12:54",
                    "07:18:29"
                ],
                "total": 17.19999999999997
            }
        },
        "OSD": {
            "cpu": {
                "data": [
                    234.4300000000006,
                    249.44666666666726,
                    247.94333333333353,
                    244.73666666666702,
                    215.97333333333424,
                    202.32333333333432,
                    193.23000000000098,
                    188.08333333333405,
                    182.0866666666674,
                    171.68000000000055
                ],
                "index": 10,
                "time": [
                    "06:28:17",
                    "06:33:50",
                    "06:39:26",
                    "06:45:01",
                    "06:50:36",
                    "06:56:11",
                    "07:01:45",
                    "07:07:20",
                    "07:12:54",
                    "07:18:29"
                ],
                "total": 172.6
            },
            "mem": {
                "data": [
                    69.72999999999999,
                    81.15333333332995,
                    81.3999999999966,
                    81.3999999999966,
                    81.3999999999966,
                    81.3999999999966,
                    81.3999999999966,
                    74.24666666666667,
                    75.97333333333363,
                    75.23333333333345
                ],
                "index": 10,
                "time": [
                    "06:28:17",
                    "06:33:50",
                    "06:39:26",
                    "06:45:01",
                    "06:50:36",
                    "06:56:11",
                    "07:01:45",
                    "07:07:20",
                    "07:12:54",
                    "07:18:29"
                ],
                "total": 74.0
            }
        }
    }
]