{
  "fio version" : "fio-3.39-26-ga72fe",
  "timestamp" : 1747204982,
  "timestamp_ms" : 1747204982123,
  "time" : "Wed May 14 06:43:02 2025",
  "global options" : {
    "write_iops_log" : "classic_1osd_32fio_rc_1procs_seqread",
    "write_bw_log" : "classic_1osd_32fio_rc_1procs_seqread",
    "write_lat_log" : "classic_1osd_32fio_rc_1procs_seqread",
    "ioengine" : "rbd",
    "bs" : "64k",
    "rw" : "read",
    "direct" : "1",
    "runtime" : "5m",
    "time_based" : "",
    "group_reporting" : "",
    "ramp_time" : "30s",
    "thread" : "1",
    "iodepth" : "4",
    "clientname" : "admin",
    "pool" : "rbd"
  },
  "jobs" : [
    {
      "jobname" : "fio_test_0",
      "groupid" : 0,
      "job_start" : 1747204679372,
      "error" : 0,
      "eta" : 0,
      "elapsed" : 333,
      "job options" : {
        "max_latency" : "1s",
        "numjobs" : "1",
        "rbdname" : "fio_test_31"
      },
      "read" : {
        "io_bytes" : 645199298560,
        "io_kbytes" : 630077440,
        "bw_bytes" : 2150614147,
        "bw" : 2100209,
        "iops" : 32815.447640,
        "runtime" : 300007,
        "total_ios" : 9844864,
        "short_ios" : 0,
        "drop_ios" : 0,
        "slat_ns" : {
          "min" : 495,
          "max" : 163888,
          "mean" : 2790.647275,
          "stddev" : 1430.261977,
          "N" : 9844864
        },
        "clat_ns" : {
          "min" : 310016,
          "max" : 18831049,
          "mean" : 3896019.769354,
          "stddev" : 2508182.472128,
          "N" : 9844960,
          "percentile" : {
            "1.000000" : 880640,
            "5.000000" : 1204224,
            "10.000000" : 1318912,
            "20.000000" : 1548288,
            "30.000000" : 2244608,
            "40.000000" : 2736128,
            "50.000000" : 3227648,
            "60.000000" : 3948544,
            "70.000000" : 4751360,
            "80.000000" : 5799936,
            "90.000000" : 7438336,
            "95.000000" : 8847360,
            "99.000000" : 11730944,
            "99.500000" : 12779520,
            "99.900000" : 14614528,
            "99.950000" : 15400960,
            "99.990000" : 16580608
          }
        },
        "lat_ns" : {
          "min" : 311814,
          "max" : 18834844,
          "mean" : 3898810.415132,
          "stddev" : 2508366.529156,
          "N" : 9844960
        },
        "bw_min" : 114247,
        "bw_max" : 6240992,
        "bw_agg" : 38.613298,
        "bw_mean" : 810960.459068,
        "bw_dev" : 17202.645166,
        "bw_samples" : 9844960,
        "iops_min" : 32,
        "iops_max" : 32,
        "iops_mean" : 32.000000,
        "iops_stddev" : 0.000000,
        "iops_samples" : 9844960
      },
      "write" : {
        "io_bytes" : 0,
        "io_kbytes" : 0,
        "bw_bytes" : 0,
        "bw" : 0,
        "iops" : 0.000000,
        "runtime" : 0,
        "total_ios" : 0,
        "short_ios" : 0,
        "drop_ios" : 0,
        "slat_ns" : {
          "min" : 0,
          "max" : 0,
          "mean" : 0.000000,
          "stddev" : 0.000000,
          "N" : 0
        },
        "clat_ns" : {
          "min" : 0,
          "max" : 0,
          "mean" : 0.000000,
          "stddev" : 0.000000,
          "N" : 0
        },
        "lat_ns" : {
          "min" : 0,
          "max" : 0,
          "mean" : 0.000000,
          "stddev" : 0.000000,
          "N" : 0
        },
        "bw_min" : 0,
        "bw_max" : 0,
        "bw_agg" : 0.000000,
        "bw_mean" : 0.000000,
        "bw_dev" : 0.000000,
        "bw_samples" : 0,
        "iops_min" : 0,
        "iops_max" : 0,
        "iops_mean" : 0.000000,
        "iops_stddev" : 0.000000,
        "iops_samples" : 0
      },
      "trim" : {
        "io_bytes" : 0,
        "io_kbytes" : 0,
        "bw_bytes" : 0,
        "bw" : 0,
        "iops" : 0.000000,
        "runtime" : 0,
        "total_ios" : 0,
        "short_ios" : 0,
        "drop_ios" : 0,
        "slat_ns" : {
          "min" : 0,
          "max" : 0,
          "mean" : 0.000000,
          "stddev" : 0.000000,
          "N" : 0
        },
        "clat_ns" : {
          "min" : 0,
          "max" : 0,
          "mean" : 0.000000,
          "stddev" : 0.000000,
          "N" : 0
        },
        "lat_ns" : {
          "min" : 0,
          "max" : 0,
          "mean" : 0.000000,
          "stddev" : 0.000000,
          "N" : 0
        },
        "bw_min" : 0,
        "bw_max" : 0,
        "bw_agg" : 0.000000,
        "bw_mean" : 0.000000,
        "bw_dev" : 0.000000,
        "bw_samples" : 0,
        "iops_min" : 0,
        "iops_max" : 0,
        "iops_mean" : 0.000000,
        "iops_stddev" : 0.000000,
        "iops_samples" : 0
      },
      "sync" : {
        "total_ios" : 0,
        "lat_ns" : {
          "min" : 0,
          "max" : 0,
          "mean" : 0.000000,
          "stddev" : 0.000000,
          "N" : 0
        }
      },
      "job_runtime" : 9600075,
      "usr_cpu" : 0.484986,
      "sys_cpu" : 0.429465,
      "ctx" : 9843342,
      "majf" : 0,
      "minf" : 412170,
      "iodepth_level" : {
        "1" : 0.100000,
        "2" : 0.100000,
        "4" : 99.992199,
        "8" : 0.000000,
        "16" : 0.000000,
        "32" : 0.000000,
        ">=64" : 0.000000
      },
      "iodepth_submit" : {
        "0" : 0.000000,
        "4" : 100.000000,
        "8" : 0.000000,
        "16" : 0.000000,
        "32" : 0.000000,
        "64" : 0.000000,
        ">=64" : 0.000000
      },
      "iodepth_complete" : {
        "0" : 0.000000,
        "4" : 100.000000,
        "8" : 0.000000,
        "16" : 0.000000,
        "32" : 0.000000,
        "64" : 0.000000,
        ">=64" : 0.000000
      },
      "latency_ns" : {
        "2" : 0.000000,
        "4" : 0.000000,
        "10" : 0.000000,
        "20" : 0.000000,
        "50" : 0.000000,
        "100" : 0.000000,
        "250" : 0.000000,
        "500" : 0.000000,
        "750" : 0.000000,
        "1000" : 0.000000
      },
      "latency_us" : {
        "2" : 0.000000,
        "4" : 0.000000,
        "10" : 0.000000,
        "20" : 0.000000,
        "50" : 0.000000,
        "100" : 0.000000,
        "250" : 0.000000,
        "500" : 0.151795,
        "750" : 0.587179,
        "1000" : 0.656017
      },
      "latency_ms" : {
        "2" : 25.427797,
        "4" : 33.836303,
        "10" : 36.504567,
        "20" : 2.837317,
        "50" : 0.000000,
        "100" : 0.000000,
        "250" : 0.000000,
        "500" : 0.000000,
        "750" : 0.000000,
        "1000" : 0.000000,
        "2000" : 0.000000,
        ">=2000" : 0.000000
      },
      "latency_depth" : 4,
      "latency_target" : 0,
      "latency_percentile" : 100.000000,
      "latency_window" : 0
    }
  ],
  "disk_util" : [
    {
      "name" : "sda",
      "read_ios" : 0,
      "write_ios" : 5710,
      "read_sectors" : 0,
      "write_sectors" : 2457976,
      "read_merges" : 0,
      "write_merges" : 5460,
      "read_ticks" : 0,
      "write_ticks" : 17352,
      "in_queue" : 17433,
      "util" : 0.796064
    }
  ]
}
