{
  "fio version" : "fio-3.39-26-ga72fe",
  "timestamp" : 1747205986,
  "timestamp_ms" : 1747205986726,
  "time" : "Wed May 14 06:59:46 2025",
  "global options" : {
    "write_iops_log" : "classic_1osd_32fio_rc_1procs_seqread",
    "write_bw_log" : "classic_1osd_32fio_rc_1procs_seqread",
    "write_lat_log" : "classic_1osd_32fio_rc_1procs_seqread",
    "ioengine" : "rbd",
    "bs" : "64k",
    "rw" : "read",
    "direct" : "1",
    "runtime" : "5m",
    "time_based" : "",
    "group_reporting" : "",
    "ramp_time" : "30s",
    "thread" : "1",
    "iodepth" : "24",
    "clientname" : "admin",
    "pool" : "rbd"
  },
  "jobs" : [
    {
      "jobname" : "fio_test_0",
      "groupid" : 0,
      "job_start" : 1747205684267,
      "error" : 110,
      "eta" : 0,
      "elapsed" : 333,
      "job options" : {
        "max_latency" : "1s",
        "numjobs" : "1",
        "rbdname" : "fio_test_31"
      },
      "read" : {
        "io_bytes" : 509441212416,
        "io_kbytes" : 497501184,
        "bw_bytes" : 1697961918,
        "bw" : 1658165,
        "iops" : 25906.386340,
        "runtime" : 300031,
        "total_ios" : 7772719,
        "short_ios" : 0,
        "drop_ios" : 0,
        "slat_ns" : {
          "min" : 407,
          "max" : 1087023,
          "mean" : 2674.727673,
          "stddev" : 2656.982832,
          "N" : 7772720
        },
        "clat_ns" : {
          "min" : 259695,
          "max" : 1476988569,
          "mean" : 17723475.018117,
          "stddev" : 30552242.555453,
          "N" : 7773455,
          "percentile" : {
            "1.000000" : 1531904,
            "5.000000" : 3162112,
            "10.000000" : 4554752,
            "20.000000" : 6389760,
            "30.000000" : 7372800,
            "40.000000" : 9371648,
            "50.000000" : 11730944,
            "60.000000" : 14483456,
            "70.000000" : 17694720,
            "80.000000" : 22675456,
            "90.000000" : 31326208,
            "95.000000" : 42729472,
            "99.000000" : 115867648,
            "99.500000" : 202375168,
            "99.900000" : 434110464,
            "99.950000" : 541065216,
            "99.990000" : 817889280
          }
        },
        "lat_ns" : {
          "min" : 261890,
          "max" : 1476990729,
          "mean" : 17726149.761829,
          "stddev" : 30552379.271734,
          "N" : 7773455
        },
        "bw_min" : 2131,
        "bw_max" : 5679414,
        "bw_agg" : 13.978336,
        "bw_mean" : 231784.373632,
        "bw_dev" : 8557.794196,
        "bw_samples" : 7773455,
        "iops_min" : 32,
        "iops_max" : 32,
        "iops_mean" : 32.000000,
        "iops_stddev" : 0.000000,
        "iops_samples" : 7773455
      },
      "write" : {
        "io_bytes" : 0,
        "io_kbytes" : 0,
        "bw_bytes" : 0,
        "bw" : 0,
        "iops" : 0.000000,
        "runtime" : 0,
        "total_ios" : 0,
        "short_ios" : 0,
        "drop_ios" : 0,
        "slat_ns" : {
          "min" : 0,
          "max" : 0,
          "mean" : 0.000000,
          "stddev" : 0.000000,
          "N" : 0
        },
        "clat_ns" : {
          "min" : 0,
          "max" : 0,
          "mean" : 0.000000,
          "stddev" : 0.000000,
          "N" : 0
        },
        "lat_ns" : {
          "min" : 0,
          "max" : 0,
          "mean" : 0.000000,
          "stddev" : 0.000000,
          "N" : 0
        },
        "bw_min" : 0,
        "bw_max" : 0,
        "bw_agg" : 0.000000,
        "bw_mean" : 0.000000,
        "bw_dev" : 0.000000,
        "bw_samples" : 0,
        "iops_min" : 0,
        "iops_max" : 0,
        "iops_mean" : 0.000000,
        "iops_stddev" : 0.000000,
        "iops_samples" : 0
      },
      "trim" : {
        "io_bytes" : 0,
        "io_kbytes" : 0,
        "bw_bytes" : 0,
        "bw" : 0,
        "iops" : 0.000000,
        "runtime" : 0,
        "total_ios" : 0,
        "short_ios" : 0,
        "drop_ios" : 0,
        "slat_ns" : {
          "min" : 0,
          "max" : 0,
          "mean" : 0.000000,
          "stddev" : 0.000000,
          "N" : 0
        },
        "clat_ns" : {
          "min" : 0,
          "max" : 0,
          "mean" : 0.000000,
          "stddev" : 0.000000,
          "N" : 0
        },
        "lat_ns" : {
          "min" : 0,
          "max" : 0,
          "mean" : 0.000000,
          "stddev" : 0.000000,
          "N" : 0
        },
        "bw_min" : 0,
        "bw_max" : 0,
        "bw_agg" : 0.000000,
        "bw_mean" : 0.000000,
        "bw_dev" : 0.000000,
        "bw_samples" : 0,
        "iops_min" : 0,
        "iops_max" : 0,
        "iops_mean" : 0.000000,
        "iops_stddev" : 0.000000,
        "iops_samples" : 0
      },
      "sync" : {
        "total_ios" : 0,
        "lat_ns" : {
          "min" : 0,
          "max" : 0,
          "mean" : 0.000000,
          "stddev" : 0.000000,
          "N" : 0
        }
      },
      "job_runtime" : 5758195,
      "usr_cpu" : 0.562659,
      "sys_cpu" : 0.564396,
      "ctx" : 7754433,
      "majf" : 0,
      "minf" : 238931,
      "iodepth_level" : {
        "1" : 0.100000,
        "2" : 0.100000,
        "4" : 0.100000,
        "8" : 0.100000,
        "16" : 99.962741,
        "32" : 0.000000,
        ">=64" : 0.000000
      },
      "iodepth_submit" : {
        "0" : 0.000000,
        "4" : 100.000000,
        "8" : 0.000000,
        "16" : 0.000000,
        "32" : 0.000000,
        "64" : 0.000000,
        ">=64" : 0.000000
      },
      "iodepth_complete" : {
        "0" : 0.100000,
        "4" : 99.999704,
        "8" : 0.000000,
        "16" : 0.000000,
        "32" : 0.100000,
        "64" : 0.000000,
        ">=64" : 0.000000
      },
      "latency_ns" : {
        "2" : 0.000000,
        "4" : 0.000000,
        "10" : 0.000000,
        "20" : 0.000000,
        "50" : 0.000000,
        "100" : 0.000000,
        "250" : 0.000000,
        "500" : 0.000000,
        "750" : 0.000000,
        "1000" : 0.000000
      },
      "latency_us" : {
        "2" : 0.000000,
        "4" : 0.000000,
        "10" : 0.000000,
        "20" : 0.000000,
        "50" : 0.000000,
        "100" : 0.000000,
        "250" : 0.000000,
        "500" : 0.032434,
        "750" : 0.102075,
        "1000" : 0.182137
      },
      "latency_ms" : {
        "2" : 1.557357,
        "4" : 6.026668,
        "10" : 34.660278,
        "20" : 32.542859,
        "50" : 21.273740,
        "100" : 2.438516,
        "250" : 0.842176,
        "500" : 0.285730,
        "750" : 0.050883,
        "1000" : 0.011566,
        "2000" : 0.010000,
        ">=2000" : 0.000000
      },
      "latency_depth" : 24,
      "latency_target" : 0,
      "latency_percentile" : 100.000000,
      "latency_window" : 0
    }
  ],
  "disk_util" : [
    {
      "name" : "sda",
      "read_ios" : 0,
      "write_ios" : 6089,
      "read_sectors" : 0,
      "write_sectors" : 2078632,
      "read_merges" : 0,
      "write_merges" : 6110,
      "read_ticks" : 0,
      "write_ticks" : 13936,
      "in_queue" : 13979,
      "util" : 0.694051
    }
  ]
}
