{
  "fio version" : "fio-3.39-26-ga72fe",
  "timestamp" : 1750947028,
  "timestamp_ms" : 1750947028971,
  "time" : "Thu Jun 26 14:10:28 2025",
  "global options" : {
    "ioengine" : "rbd",
    "bs" : "64k",
    "rw" : "read",
    "direct" : "1",
    "runtime" : "5m",
    "time_based" : "",
    "group_reporting" : "",
    "ramp_time" : "30s",
    "thread" : "1",
    "iodepth" : "52",
    "clientname" : "admin",
    "pool" : "rbd"
  },
  "jobs" : [
    {
      "jobname" : "fio_test_0",
      "groupid" : 0,
      "job_start" : 1750946728667,
      "error" : 110,
      "eta" : 0,
      "elapsed" : 331,
      "job options" : {
        "max_latency" : "1s",
        "numjobs" : "1",
        "rbdname" : "fio_test_31"
      },
      "read" : {
        "io_bytes" : 638585667584,
        "io_kbytes" : 623618816,
        "bw_bytes" : 2127874135,
        "bw" : 2078002,
        "iops" : 32463.344496,
        "runtime" : 300105,
        "total_ios" : 9742412,
        "short_ios" : 0,
        "drop_ios" : 0,
        "slat_ns" : {
          "min" : 541,
          "max" : 3986290,
          "mean" : 3357.746989,
          "stddev" : 4467.336442,
          "N" : 9742412
        },
        "clat_ns" : {
          "min" : 554769,
          "max" : 1627131996,
          "mean" : 43197111.060688,
          "stddev" : 63360663.623012,
          "N" : 9744044,
          "percentile" : {
            "1.000000" : 1499136,
            "5.000000" : 3489792,
            "10.000000" : 5079040,
            "20.000000" : 8454144,
            "30.000000" : 11993088,
            "40.000000" : 16187392,
            "50.000000" : 21889024,
            "60.000000" : 29491200,
            "70.000000" : 40632320,
            "80.000000" : 60030976,
            "90.000000" : 102236160,
            "95.000000" : 156237824,
            "99.000000" : 325058560,
            "99.500000" : 404750336,
            "99.900000" : 583008256,
            "99.950000" : 658505728,
            "99.990000" : 801112064
          }
        },
        "lat_ns" : {
          "min" : 557305,
          "max" : 1627135373,
          "mean" : 43200468.787560,
          "stddev" : 63360917.651285,
          "N" : 9744044
        },
        "bw_min" : 131554,
        "bw_max" : 5371904,
        "bw_agg" : 100.000000,
        "bw_mean" : 2445773.044661,
        "bw_dev" : 31138.881131,
        "bw_samples" : 16130,
        "iops_min" : 2051,
        "iops_max" : 83936,
        "iops_mean" : 38213.154397,
        "iops_stddev" : 486.584100,
        "iops_samples" : 16130
      },
      "write" : {
        "io_bytes" : 0,
        "io_kbytes" : 0,
        "bw_bytes" : 0,
        "bw" : 0,
        "iops" : 0.000000,
        "runtime" : 0,
        "total_ios" : 0,
        "short_ios" : 0,
        "drop_ios" : 0,
        "slat_ns" : {
          "min" : 0,
          "max" : 0,
          "mean" : 0.000000,
          "stddev" : 0.000000,
          "N" : 0
        },
        "clat_ns" : {
          "min" : 0,
          "max" : 0,
          "mean" : 0.000000,
          "stddev" : 0.000000,
          "N" : 0
        },
        "lat_ns" : {
          "min" : 0,
          "max" : 0,
          "mean" : 0.000000,
          "stddev" : 0.000000,
          "N" : 0
        },
        "bw_min" : 0,
        "bw_max" : 0,
        "bw_agg" : 0.000000,
        "bw_mean" : 0.000000,
        "bw_dev" : 0.000000,
        "bw_samples" : 0,
        "iops_min" : 0,
        "iops_max" : 0,
        "iops_mean" : 0.000000,
        "iops_stddev" : 0.000000,
        "iops_samples" : 0
      },
      "trim" : {
        "io_bytes" : 0,
        "io_kbytes" : 0,
        "bw_bytes" : 0,
        "bw" : 0,
        "iops" : 0.000000,
        "runtime" : 0,
        "total_ios" : 0,
        "short_ios" : 0,
        "drop_ios" : 0,
        "slat_ns" : {
          "min" : 0,
          "max" : 0,
          "mean" : 0.000000,
          "stddev" : 0.000000,
          "N" : 0
        },
        "clat_ns" : {
          "min" : 0,
          "max" : 0,
          "mean" : 0.000000,
          "stddev" : 0.000000,
          "N" : 0
        },
        "lat_ns" : {
          "min" : 0,
          "max" : 0,
          "mean" : 0.000000,
          "stddev" : 0.000000,
          "N" : 0
        },
        "bw_min" : 0,
        "bw_max" : 0,
        "bw_agg" : 0.000000,
        "bw_mean" : 0.000000,
        "bw_dev" : 0.000000,
        "bw_samples" : 0,
        "iops_min" : 0,
        "iops_max" : 0,
        "iops_mean" : 0.000000,
        "iops_stddev" : 0.000000,
        "iops_samples" : 0
      },
      "sync" : {
        "total_ios" : 0,
        "lat_ns" : {
          "min" : 0,
          "max" : 0,
          "mean" : 0.000000,
          "stddev" : 0.000000,
          "N" : 0
        }
      },
      "job_runtime" : 8091055,
      "usr_cpu" : 0.585770,
      "sys_cpu" : 0.575846,
      "ctx" : 9541428,
      "majf" : 0,
      "minf" : 473,
      "iodepth_level" : {
        "1" : 0.000000,
        "2" : 0.000000,
        "4" : 0.000000,
        "8" : 0.000000,
        "16" : 0.000000,
        "32" : 100.000000,
        ">=64" : 0.000000
      },
      "iodepth_submit" : {
        "0" : 0.000000,
        "4" : 100.000000,
        "8" : 0.000000,
        "16" : 0.000000,
        "32" : 0.000000,
        "64" : 0.000000,
        ">=64" : 0.000000
      },
      "iodepth_complete" : {
        "0" : 0.100000,
        "4" : 99.999805,
        "8" : 0.000000,
        "16" : 0.000000,
        "32" : 0.000000,
        "64" : 0.100000,
        ">=64" : 0.000000
      },
      "latency_ns" : {
        "2" : 0.000000,
        "4" : 0.000000,
        "10" : 0.000000,
        "20" : 0.000000,
        "50" : 0.000000,
        "100" : 0.000000,
        "250" : 0.000000,
        "500" : 0.000000,
        "750" : 0.000000,
        "1000" : 0.000000
      },
      "latency_us" : {
        "2" : 0.000000,
        "4" : 0.000000,
        "10" : 0.000000,
        "20" : 0.000000,
        "50" : 0.000000,
        "100" : 0.000000,
        "250" : 0.000000,
        "500" : 0.000000,
        "750" : 0.087648,
        "1000" : 0.232827
      },
      "latency_ms" : {
        "2" : 1.390754,
        "4" : 4.757333,
        "10" : 18.298939,
        "20" : 22.231671,
        "50" : 28.647382,
        "100" : 14.100902,
        "250" : 8.320188,
        "500" : 1.723813,
        "750" : 0.205288,
        "1000" : 0.018671,
        "2000" : 0.010000,
        ">=2000" : 0.000000
      },
      "latency_depth" : 52,
      "latency_target" : 0,
      "latency_percentile" : 100.000000,
      "latency_window" : 0
    }
  ],
  "disk_util" : [
    {
      "name" : "sda",
      "read_ios" : 287,
      "write_ios" : 6982,
      "read_sectors" : 17744,
      "write_sectors" : 3317600,
      "read_merges" : 33,
      "write_merges" : 9908,
      "read_ticks" : 101,
      "write_ticks" : 17200,
      "in_queue" : 17370,
      "util" : 1.050960
    }
  ]
}
