{
  "fio version" : "fio-3.39-26-ga72fe",
  "timestamp" : 1750942032,
  "timestamp_ms" : 1750942032528,
  "time" : "Thu Jun 26 12:47:12 2025",
  "global options" : {
    "ioengine" : "rbd",
    "bs" : "64k",
    "rw" : "read",
    "direct" : "1",
    "runtime" : "5m",
    "time_based" : "",
    "group_reporting" : "",
    "ramp_time" : "30s",
    "thread" : "1",
    "iodepth" : "2",
    "clientname" : "admin",
    "pool" : "rbd"
  },
  "jobs" : [
    {
      "jobname" : "fio_test_0",
      "groupid" : 0,
      "job_start" : 1750941732425,
      "error" : 0,
      "eta" : 0,
      "elapsed" : 331,
      "job options" : {
        "max_latency" : "1s",
        "numjobs" : "1",
        "rbdname" : "fio_test_31"
      },
      "read" : {
        "io_bytes" : 529825464320,
        "io_kbytes" : 517407680,
        "bw_bytes" : 1766055446,
        "bw" : 1724663,
        "iops" : 26947.760871,
        "runtime" : 300005,
        "total_ios" : 8084463,
        "short_ios" : 0,
        "drop_ios" : 0,
        "slat_ns" : {
          "min" : 520,
          "max" : 170529,
          "mean" : 3394.331129,
          "stddev" : 1953.729856,
          "N" : 8084463
        },
        "clat_ns" : {
          "min" : 567597,
          "max" : 26092818,
          "mean" : 2370538.270217,
          "stddev" : 1565071.884909,
          "N" : 8084495,
          "percentile" : {
            "1.000000" : 864256,
            "5.000000" : 970752,
            "10.000000" : 995328,
            "20.000000" : 1105920,
            "30.000000" : 1417216,
            "40.000000" : 1548288,
            "50.000000" : 1990656,
            "60.000000" : 2146304,
            "70.000000" : 2605056,
            "80.000000" : 3424256,
            "90.000000" : 4292608,
            "95.000000" : 5472256,
            "99.000000" : 8159232,
            "99.500000" : 9502720,
            "99.900000" : 12517376,
            "99.950000" : 13828096,
            "99.990000" : 16908288
          }
        },
        "lat_ns" : {
          "min" : 571136,
          "max" : 26098895,
          "mean" : 2373932.599840,
          "stddev" : 1565296.215058,
          "N" : 8084495
        },
        "bw_min" : 628224,
        "bw_max" : 2817004,
        "bw_agg" : 100.000000,
        "bw_mean" : 1725289.220409,
        "bw_dev" : 11616.784940,
        "bw_samples" : 19189,
        "iops_min" : 9816,
        "iops_max" : 44012,
        "iops_mean" : 26955.905704,
        "iops_stddev" : 181.510160,
        "iops_samples" : 19189
      },
      "write" : {
        "io_bytes" : 0,
        "io_kbytes" : 0,
        "bw_bytes" : 0,
        "bw" : 0,
        "iops" : 0.000000,
        "runtime" : 0,
        "total_ios" : 0,
        "short_ios" : 0,
        "drop_ios" : 0,
        "slat_ns" : {
          "min" : 0,
          "max" : 0,
          "mean" : 0.000000,
          "stddev" : 0.000000,
          "N" : 0
        },
        "clat_ns" : {
          "min" : 0,
          "max" : 0,
          "mean" : 0.000000,
          "stddev" : 0.000000,
          "N" : 0
        },
        "lat_ns" : {
          "min" : 0,
          "max" : 0,
          "mean" : 0.000000,
          "stddev" : 0.000000,
          "N" : 0
        },
        "bw_min" : 0,
        "bw_max" : 0,
        "bw_agg" : 0.000000,
        "bw_mean" : 0.000000,
        "bw_dev" : 0.000000,
        "bw_samples" : 0,
        "iops_min" : 0,
        "iops_max" : 0,
        "iops_mean" : 0.000000,
        "iops_stddev" : 0.000000,
        "iops_samples" : 0
      },
      "trim" : {
        "io_bytes" : 0,
        "io_kbytes" : 0,
        "bw_bytes" : 0,
        "bw" : 0,
        "iops" : 0.000000,
        "runtime" : 0,
        "total_ios" : 0,
        "short_ios" : 0,
        "drop_ios" : 0,
        "slat_ns" : {
          "min" : 0,
          "max" : 0,
          "mean" : 0.000000,
          "stddev" : 0.000000,
          "N" : 0
        },
        "clat_ns" : {
          "min" : 0,
          "max" : 0,
          "mean" : 0.000000,
          "stddev" : 0.000000,
          "N" : 0
        },
        "lat_ns" : {
          "min" : 0,
          "max" : 0,
          "mean" : 0.000000,
          "stddev" : 0.000000,
          "N" : 0
        },
        "bw_min" : 0,
        "bw_max" : 0,
        "bw_agg" : 0.000000,
        "bw_mean" : 0.000000,
        "bw_dev" : 0.000000,
        "bw_samples" : 0,
        "iops_min" : 0,
        "iops_max" : 0,
        "iops_mean" : 0.000000,
        "iops_stddev" : 0.000000,
        "iops_samples" : 0
      },
      "sync" : {
        "total_ios" : 0,
        "lat_ns" : {
          "min" : 0,
          "max" : 0,
          "mean" : 0.000000,
          "stddev" : 0.000000,
          "N" : 0
        }
      },
      "job_runtime" : 9600043,
      "usr_cpu" : 0.442623,
      "sys_cpu" : 0.412623,
      "ctx" : 8078681,
      "majf" : 0,
      "minf" : 412,
      "iodepth_level" : {
        "1" : 0.000000,
        "2" : 100.000000,
        "4" : 0.000000,
        "8" : 0.000000,
        "16" : 0.000000,
        "32" : 0.000000,
        ">=64" : 0.000000
      },
      "iodepth_submit" : {
        "0" : 0.000000,
        "4" : 100.000000,
        "8" : 0.000000,
        "16" : 0.000000,
        "32" : 0.000000,
        "64" : 0.000000,
        ">=64" : 0.000000
      },
      "iodepth_complete" : {
        "0" : 0.000000,
        "4" : 100.000000,
        "8" : 0.000000,
        "16" : 0.000000,
        "32" : 0.000000,
        "64" : 0.000000,
        ">=64" : 0.000000
      },
      "latency_ns" : {
        "2" : 0.000000,
        "4" : 0.000000,
        "10" : 0.000000,
        "20" : 0.000000,
        "50" : 0.000000,
        "100" : 0.000000,
        "250" : 0.000000,
        "500" : 0.000000,
        "750" : 0.000000,
        "1000" : 0.000000
      },
      "latency_us" : {
        "2" : 0.000000,
        "4" : 0.000000,
        "10" : 0.000000,
        "20" : 0.000000,
        "50" : 0.000000,
        "100" : 0.000000,
        "250" : 0.000000,
        "500" : 0.000000,
        "750" : 0.319873,
        "1000" : 10.840151
      },
      "latency_ms" : {
        "2" : 41.336648,
        "4" : 35.487144,
        "10" : 11.634774,
        "20" : 0.380297,
        "50" : 0.010000,
        "100" : 0.000000,
        "250" : 0.000000,
        "500" : 0.000000,
        "750" : 0.000000,
        "1000" : 0.000000,
        "2000" : 0.000000,
        ">=2000" : 0.000000
      },
      "latency_depth" : 2,
      "latency_target" : 0,
      "latency_percentile" : 100.000000,
      "latency_window" : 0
    }
  ],
  "disk_util" : [
    {
      "name" : "sda",
      "read_ios" : 0,
      "write_ios" : 4656,
      "read_sectors" : 0,
      "write_sectors" : 104496,
      "read_merges" : 0,
      "write_merges" : 6415,
      "read_ticks" : 0,
      "write_ticks" : 884,
      "in_queue" : 927,
      "util" : 0.101515
    }
  ]
}
