{
  "fio version" : "fio-3.39-26-ga72fe",
  "timestamp" : 1750942707,
  "timestamp_ms" : 1750942707330,
  "time" : "Thu Jun 26 12:58:27 2025",
  "global options" : {
    "ioengine" : "rbd",
    "bs" : "64k",
    "rw" : "read",
    "direct" : "1",
    "runtime" : "5m",
    "time_based" : "",
    "group_reporting" : "",
    "ramp_time" : "30s",
    "thread" : "1",
    "iodepth" : "8",
    "clientname" : "admin",
    "pool" : "rbd"
  },
  "jobs" : [
    {
      "jobname" : "fio_test_0",
      "groupid" : 0,
      "job_start" : 1750942407135,
      "error" : 0,
      "eta" : 0,
      "elapsed" : 331,
      "job options" : {
        "max_latency" : "1s",
        "numjobs" : "1",
        "rbdname" : "fio_test_31"
      },
      "read" : {
        "io_bytes" : 342738665472,
        "io_kbytes" : 334705728,
        "bw_bytes" : 1142367020,
        "bw" : 1115592,
        "iops" : 17430.390801,
        "runtime" : 300025,
        "total_ios" : 5229553,
        "short_ios" : 0,
        "drop_ios" : 0,
        "slat_ns" : {
          "min" : 635,
          "max" : 6835632,
          "mean" : 6068.417111,
          "stddev" : 10276.356537,
          "N" : 5229553
        },
        "clat_ns" : {
          "min" : 715512,
          "max" : 321727860,
          "mean" : 14677258.330218,
          "stddev" : 8239211.995875,
          "N" : 5229777,
          "percentile" : {
            "1.000000" : 4292608,
            "5.000000" : 6782976,
            "10.000000" : 7962624,
            "20.000000" : 8355840,
            "30.000000" : 10027008,
            "40.000000" : 11862016,
            "50.000000" : 12124160,
            "60.000000" : 13697024,
            "70.000000" : 15925248,
            "80.000000" : 19267584,
            "90.000000" : 24248320,
            "95.000000" : 30539776,
            "99.000000" : 44826624,
            "99.500000" : 52166656,
            "99.900000" : 68681728,
            "99.950000" : 78118912,
            "99.990000" : 104333312
          }
        },
        "lat_ns" : {
          "min" : 719162,
          "max" : 321731659,
          "mean" : 14683326.743294,
          "stddev" : 8239502.490183,
          "N" : 5229777
        },
        "bw_min" : 380561,
        "bw_max" : 2288128,
        "bw_agg" : 100.000000,
        "bw_mean" : 1116370.974916,
        "bw_dev" : 7381.712202,
        "bw_samples" : 19136,
        "iops_min" : 5939,
        "iops_max" : 35752,
        "iops_mean" : 17433.483278,
        "iops_stddev" : 115.299849,
        "iops_samples" : 19136
      },
      "write" : {
        "io_bytes" : 0,
        "io_kbytes" : 0,
        "bw_bytes" : 0,
        "bw" : 0,
        "iops" : 0.000000,
        "runtime" : 0,
        "total_ios" : 0,
        "short_ios" : 0,
        "drop_ios" : 0,
        "slat_ns" : {
          "min" : 0,
          "max" : 0,
          "mean" : 0.000000,
          "stddev" : 0.000000,
          "N" : 0
        },
        "clat_ns" : {
          "min" : 0,
          "max" : 0,
          "mean" : 0.000000,
          "stddev" : 0.000000,
          "N" : 0
        },
        "lat_ns" : {
          "min" : 0,
          "max" : 0,
          "mean" : 0.000000,
          "stddev" : 0.000000,
          "N" : 0
        },
        "bw_min" : 0,
        "bw_max" : 0,
        "bw_agg" : 0.000000,
        "bw_mean" : 0.000000,
        "bw_dev" : 0.000000,
        "bw_samples" : 0,
        "iops_min" : 0,
        "iops_max" : 0,
        "iops_mean" : 0.000000,
        "iops_stddev" : 0.000000,
        "iops_samples" : 0
      },
      "trim" : {
        "io_bytes" : 0,
        "io_kbytes" : 0,
        "bw_bytes" : 0,
        "bw" : 0,
        "iops" : 0.000000,
        "runtime" : 0,
        "total_ios" : 0,
        "short_ios" : 0,
        "drop_ios" : 0,
        "slat_ns" : {
          "min" : 0,
          "max" : 0,
          "mean" : 0.000000,
          "stddev" : 0.000000,
          "N" : 0
        },
        "clat_ns" : {
          "min" : 0,
          "max" : 0,
          "mean" : 0.000000,
          "stddev" : 0.000000,
          "N" : 0
        },
        "lat_ns" : {
          "min" : 0,
          "max" : 0,
          "mean" : 0.000000,
          "stddev" : 0.000000,
          "N" : 0
        },
        "bw_min" : 0,
        "bw_max" : 0,
        "bw_agg" : 0.000000,
        "bw_mean" : 0.000000,
        "bw_dev" : 0.000000,
        "bw_samples" : 0,
        "iops_min" : 0,
        "iops_max" : 0,
        "iops_mean" : 0.000000,
        "iops_stddev" : 0.000000,
        "iops_samples" : 0
      },
      "sync" : {
        "total_ios" : 0,
        "lat_ns" : {
          "min" : 0,
          "max" : 0,
          "mean" : 0.000000,
          "stddev" : 0.000000,
          "N" : 0
        }
      },
      "job_runtime" : 9600293,
      "usr_cpu" : 0.504130,
      "sys_cpu" : 0.400300,
      "ctx" : 4919268,
      "majf" : 0,
      "minf" : 251,
      "iodepth_level" : {
        "1" : 0.000000,
        "2" : 0.000000,
        "4" : 0.000000,
        "8" : 100.000000,
        "16" : 0.000000,
        "32" : 0.000000,
        ">=64" : 0.000000
      },
      "iodepth_submit" : {
        "0" : 0.000000,
        "4" : 100.000000,
        "8" : 0.000000,
        "16" : 0.000000,
        "32" : 0.000000,
        "64" : 0.000000,
        ">=64" : 0.000000
      },
      "iodepth_complete" : {
        "0" : 0.000000,
        "4" : 99.999694,
        "8" : 0.100000,
        "16" : 0.000000,
        "32" : 0.000000,
        "64" : 0.000000,
        ">=64" : 0.000000
      },
      "latency_ns" : {
        "2" : 0.000000,
        "4" : 0.000000,
        "10" : 0.000000,
        "20" : 0.000000,
        "50" : 0.000000,
        "100" : 0.000000,
        "250" : 0.000000,
        "500" : 0.000000,
        "750" : 0.000000,
        "1000" : 0.000000
      },
      "latency_us" : {
        "2" : 0.000000,
        "4" : 0.000000,
        "10" : 0.000000,
        "20" : 0.000000,
        "50" : 0.000000,
        "100" : 0.000000,
        "250" : 0.000000,
        "500" : 0.000000,
        "750" : 0.010000,
        "1000" : 0.010000
      },
      "latency_ms" : {
        "2" : 0.067922,
        "4" : 0.455679,
        "10" : 29.082314,
        "20" : 53.006462,
        "50" : 16.785546,
        "100" : 0.589133,
        "250" : 0.011664,
        "500" : 0.010000,
        "750" : 0.000000,
        "1000" : 0.000000,
        "2000" : 0.000000,
        ">=2000" : 0.000000
      },
      "latency_depth" : 8,
      "latency_target" : 0,
      "latency_percentile" : 100.000000,
      "latency_window" : 0
    }
  ],
  "disk_util" : [
    {
      "name" : "sda",
      "read_ios" : 12736,
      "write_ios" : 120987,
      "read_sectors" : 1677976,
      "write_sectors" : 60583992,
      "read_merges" : 668,
      "write_merges" : 37100,
      "read_ticks" : 17984,
      "write_ticks" : 277917,
      "in_queue" : 296710,
      "util" : 19.056911
    }
  ]
}
