{
  "fio version" : "fio-3.39-26-ga72fe",
  "timestamp" : 1750943040,
  "timestamp_ms" : 1750943040020,
  "time" : "Thu Jun 26 13:04:00 2025",
  "global options" : {
    "ioengine" : "rbd",
    "bs" : "64k",
    "rw" : "read",
    "direct" : "1",
    "runtime" : "5m",
    "time_based" : "",
    "group_reporting" : "",
    "ramp_time" : "30s",
    "thread" : "1",
    "iodepth" : "16",
    "clientname" : "admin",
    "pool" : "rbd"
  },
  "jobs" : [
    {
      "jobname" : "fio_test_0",
      "groupid" : 0,
      "job_start" : 1750942739879,
      "error" : 0,
      "eta" : 0,
      "elapsed" : 331,
      "job options" : {
        "max_latency" : "1s",
        "numjobs" : "1",
        "rbdname" : "fio_test_31"
      },
      "read" : {
        "io_bytes" : 615689027584,
        "io_kbytes" : 601258816,
        "bw_bytes" : 2052009477,
        "bw" : 2003915,
        "iops" : 31309.579992,
        "runtime" : 300042,
        "total_ios" : 9394189,
        "short_ios" : 0,
        "drop_ios" : 0,
        "slat_ns" : {
          "min" : 559,
          "max" : 254672,
          "mean" : 3062.137742,
          "stddev" : 1244.173851,
          "N" : 9394189
        },
        "clat_ns" : {
          "min" : 556280,
          "max" : 538910814,
          "mean" : 16347327.399412,
          "stddev" : 16591422.865293,
          "N" : 9394669,
          "percentile" : {
            "1.000000" : 1138688,
            "5.000000" : 2506752,
            "10.000000" : 3719168,
            "20.000000" : 5996544,
            "30.000000" : 7962624,
            "40.000000" : 9502720,
            "50.000000" : 11468800,
            "60.000000" : 13959168,
            "70.000000" : 16908288,
            "80.000000" : 23986176,
            "90.000000" : 33423360,
            "95.000000" : 45875200,
            "99.000000" : 82313216,
            "99.500000" : 101187584,
            "99.900000" : 149946368,
            "99.950000" : 173015040,
            "99.990000" : 267386880
          }
        },
        "lat_ns" : {
          "min" : 558435,
          "max" : 538913180,
          "mean" : 16350389.567524,
          "stddev" : 16591630.282368,
          "N" : 9394669
        },
        "bw_min" : 147588,
        "bw_max" : 3566537,
        "bw_agg" : 100.000000,
        "bw_mean" : 2004970.550089,
        "bw_dev" : 17568.910753,
        "bw_samples" : 19172,
        "iops_min" : 2306,
        "iops_max" : 55726,
        "iops_mean" : 31327.207624,
        "iops_stddev" : 274.514273,
        "iops_samples" : 19172
      },
      "write" : {
        "io_bytes" : 0,
        "io_kbytes" : 0,
        "bw_bytes" : 0,
        "bw" : 0,
        "iops" : 0.000000,
        "runtime" : 0,
        "total_ios" : 0,
        "short_ios" : 0,
        "drop_ios" : 0,
        "slat_ns" : {
          "min" : 0,
          "max" : 0,
          "mean" : 0.000000,
          "stddev" : 0.000000,
          "N" : 0
        },
        "clat_ns" : {
          "min" : 0,
          "max" : 0,
          "mean" : 0.000000,
          "stddev" : 0.000000,
          "N" : 0
        },
        "lat_ns" : {
          "min" : 0,
          "max" : 0,
          "mean" : 0.000000,
          "stddev" : 0.000000,
          "N" : 0
        },
        "bw_min" : 0,
        "bw_max" : 0,
        "bw_agg" : 0.000000,
        "bw_mean" : 0.000000,
        "bw_dev" : 0.000000,
        "bw_samples" : 0,
        "iops_min" : 0,
        "iops_max" : 0,
        "iops_mean" : 0.000000,
        "iops_stddev" : 0.000000,
        "iops_samples" : 0
      },
      "trim" : {
        "io_bytes" : 0,
        "io_kbytes" : 0,
        "bw_bytes" : 0,
        "bw" : 0,
        "iops" : 0.000000,
        "runtime" : 0,
        "total_ios" : 0,
        "short_ios" : 0,
        "drop_ios" : 0,
        "slat_ns" : {
          "min" : 0,
          "max" : 0,
          "mean" : 0.000000,
          "stddev" : 0.000000,
          "N" : 0
        },
        "clat_ns" : {
          "min" : 0,
          "max" : 0,
          "mean" : 0.000000,
          "stddev" : 0.000000,
          "N" : 0
        },
        "lat_ns" : {
          "min" : 0,
          "max" : 0,
          "mean" : 0.000000,
          "stddev" : 0.000000,
          "N" : 0
        },
        "bw_min" : 0,
        "bw_max" : 0,
        "bw_agg" : 0.000000,
        "bw_mean" : 0.000000,
        "bw_dev" : 0.000000,
        "bw_samples" : 0,
        "iops_min" : 0,
        "iops_max" : 0,
        "iops_mean" : 0.000000,
        "iops_stddev" : 0.000000,
        "iops_samples" : 0
      },
      "sync" : {
        "total_ios" : 0,
        "lat_ns" : {
          "min" : 0,
          "max" : 0,
          "mean" : 0.000000,
          "stddev" : 0.000000,
          "N" : 0
        }
      },
      "job_runtime" : 9600589,
      "usr_cpu" : 0.459086,
      "sys_cpu" : 0.426651,
      "ctx" : 9392284,
      "majf" : 0,
      "minf" : 313,
      "iodepth_level" : {
        "1" : 0.000000,
        "2" : 0.000000,
        "4" : 0.000000,
        "8" : 0.000000,
        "16" : 100.000000,
        "32" : 0.000000,
        ">=64" : 0.000000
      },
      "iodepth_submit" : {
        "0" : 0.000000,
        "4" : 100.000000,
        "8" : 0.000000,
        "16" : 0.000000,
        "32" : 0.000000,
        "64" : 0.000000,
        ">=64" : 0.000000
      },
      "iodepth_complete" : {
        "0" : 0.000000,
        "4" : 99.999830,
        "8" : 0.000000,
        "16" : 0.100000,
        "32" : 0.000000,
        "64" : 0.000000,
        ">=64" : 0.000000
      },
      "latency_ns" : {
        "2" : 0.000000,
        "4" : 0.000000,
        "10" : 0.000000,
        "20" : 0.000000,
        "50" : 0.000000,
        "100" : 0.000000,
        "250" : 0.000000,
        "500" : 0.000000,
        "750" : 0.000000,
        "1000" : 0.000000
      },
      "latency_us" : {
        "2" : 0.000000,
        "4" : 0.000000,
        "10" : 0.000000,
        "20" : 0.000000,
        "50" : 0.000000,
        "100" : 0.000000,
        "250" : 0.000000,
        "500" : 0.000000,
        "750" : 0.150966,
        "1000" : 0.529263
      },
      "latency_ms" : {
        "2" : 2.672365,
        "4" : 7.862903,
        "10" : 31.821491,
        "20" : 31.968390,
        "50" : 21.018802,
        "100" : 3.464503,
        "250" : 0.502992,
        "500" : 0.013157,
        "750" : 0.010000,
        "1000" : 0.000000,
        "2000" : 0.000000,
        ">=2000" : 0.000000
      },
      "latency_depth" : 16,
      "latency_target" : 0,
      "latency_percentile" : 100.000000,
      "latency_window" : 0
    }
  ],
  "disk_util" : [
    {
      "name" : "sda",
      "read_ios" : 41271,
      "write_ios" : 203126,
      "read_sectors" : 2276432,
      "write_sectors" : 47537808,
      "read_merges" : 2297,
      "write_merges" : 28822,
      "read_ticks" : 21846,
      "write_ticks" : 193410,
      "in_queue" : 215704,
      "util" : 17.035095
    }
  ]
}
