{
  "fio version" : "fio-3.39-26-ga72fe",
  "timestamp" : 1750945034,
  "timestamp_ms" : 1750945034172,
  "time" : "Thu Jun 26 13:37:14 2025",
  "global options" : {
    "ioengine" : "rbd",
    "bs" : "64k",
    "rw" : "read",
    "direct" : "1",
    "runtime" : "5m",
    "time_based" : "",
    "group_reporting" : "",
    "ramp_time" : "30s",
    "thread" : "1",
    "iodepth" : "32",
    "clientname" : "admin",
    "pool" : "rbd"
  },
  "jobs" : [
    {
      "jobname" : "fio_test_0",
      "groupid" : 0,
      "job_start" : 1750944733965,
      "error" : 0,
      "eta" : 0,
      "elapsed" : 331,
      "job options" : {
        "max_latency" : "1s",
        "numjobs" : "1",
        "rbdname" : "fio_test_31"
      },
      "read" : {
        "io_bytes" : 673357692928,
        "io_kbytes" : 657575872,
        "bw_bytes" : 2243807624,
        "bw" : 2191218,
        "iops" : 34234.481633,
        "runtime" : 300096,
        "total_ios" : 10273631,
        "short_ios" : 0,
        "drop_ios" : 0,
        "slat_ns" : {
          "min" : 551,
          "max" : 238928,
          "mean" : 2923.260045,
          "stddev" : 1189.819922,
          "N" : 10273631
        },
        "clat_ns" : {
          "min" : 580512,
          "max" : 567939896,
          "mean" : 29902664.255806,
          "stddev" : 35234156.119735,
          "N" : 10274623,
          "percentile" : {
            "1.000000" : 1253376,
            "5.000000" : 2998272,
            "10.000000" : 4423680,
            "20.000000" : 6979584,
            "30.000000" : 10027008,
            "40.000000" : 13697024,
            "50.000000" : 17956864,
            "60.000000" : 23986176,
            "70.000000" : 31588352,
            "80.000000" : 45350912,
            "90.000000" : 68681728,
            "95.000000" : 95944704,
            "99.000000" : 175112192,
            "99.500000" : 210763776,
            "99.900000" : 299892736,
            "99.950000" : 333447168,
            "99.990000" : 396361728
          }
        },
        "lat_ns" : {
          "min" : 583092,
          "max" : 567943098,
          "mean" : 29905587.523898,
          "stddev" : 35234330.747603,
          "N" : 10274623
        },
        "bw_min" : 183828,
        "bw_max" : 4189190,
        "bw_agg" : 100.000000,
        "bw_mean" : 2192781.194329,
        "bw_dev" : 21570.753316,
        "bw_samples" : 19171,
        "iops_min" : 2872,
        "iops_max" : 65456,
        "iops_mean" : 34261.290659,
        "iops_stddev" : 337.042033,
        "iops_samples" : 19171
      },
      "write" : {
        "io_bytes" : 0,
        "io_kbytes" : 0,
        "bw_bytes" : 0,
        "bw" : 0,
        "iops" : 0.000000,
        "runtime" : 0,
        "total_ios" : 0,
        "short_ios" : 0,
        "drop_ios" : 0,
        "slat_ns" : {
          "min" : 0,
          "max" : 0,
          "mean" : 0.000000,
          "stddev" : 0.000000,
          "N" : 0
        },
        "clat_ns" : {
          "min" : 0,
          "max" : 0,
          "mean" : 0.000000,
          "stddev" : 0.000000,
          "N" : 0
        },
        "lat_ns" : {
          "min" : 0,
          "max" : 0,
          "mean" : 0.000000,
          "stddev" : 0.000000,
          "N" : 0
        },
        "bw_min" : 0,
        "bw_max" : 0,
        "bw_agg" : 0.000000,
        "bw_mean" : 0.000000,
        "bw_dev" : 0.000000,
        "bw_samples" : 0,
        "iops_min" : 0,
        "iops_max" : 0,
        "iops_mean" : 0.000000,
        "iops_stddev" : 0.000000,
        "iops_samples" : 0
      },
      "trim" : {
        "io_bytes" : 0,
        "io_kbytes" : 0,
        "bw_bytes" : 0,
        "bw" : 0,
        "iops" : 0.000000,
        "runtime" : 0,
        "total_ios" : 0,
        "short_ios" : 0,
        "drop_ios" : 0,
        "slat_ns" : {
          "min" : 0,
          "max" : 0,
          "mean" : 0.000000,
          "stddev" : 0.000000,
          "N" : 0
        },
        "clat_ns" : {
          "min" : 0,
          "max" : 0,
          "mean" : 0.000000,
          "stddev" : 0.000000,
          "N" : 0
        },
        "lat_ns" : {
          "min" : 0,
          "max" : 0,
          "mean" : 0.000000,
          "stddev" : 0.000000,
          "N" : 0
        },
        "bw_min" : 0,
        "bw_max" : 0,
        "bw_agg" : 0.000000,
        "bw_mean" : 0.000000,
        "bw_dev" : 0.000000,
        "bw_samples" : 0,
        "iops_min" : 0,
        "iops_max" : 0,
        "iops_mean" : 0.000000,
        "iops_stddev" : 0.000000,
        "iops_samples" : 0
      },
      "sync" : {
        "total_ios" : 0,
        "lat_ns" : {
          "min" : 0,
          "max" : 0,
          "mean" : 0.000000,
          "stddev" : 0.000000,
          "N" : 0
        }
      },
      "job_runtime" : 9601468,
      "usr_cpu" : 0.473646,
      "sys_cpu" : 0.454639,
      "ctx" : 10270543,
      "majf" : 0,
      "minf" : 397,
      "iodepth_level" : {
        "1" : 0.000000,
        "2" : 0.000000,
        "4" : 0.000000,
        "8" : 0.000000,
        "16" : 0.000000,
        "32" : 100.000000,
        ">=64" : 0.000000
      },
      "iodepth_submit" : {
        "0" : 0.000000,
        "4" : 100.000000,
        "8" : 0.000000,
        "16" : 0.000000,
        "32" : 0.000000,
        "64" : 0.000000,
        ">=64" : 0.000000
      },
      "iodepth_complete" : {
        "0" : 0.000000,
        "4" : 99.999844,
        "8" : 0.000000,
        "16" : 0.000000,
        "32" : 0.100000,
        "64" : 0.000000,
        ">=64" : 0.000000
      },
      "latency_ns" : {
        "2" : 0.000000,
        "4" : 0.000000,
        "10" : 0.000000,
        "20" : 0.000000,
        "50" : 0.000000,
        "100" : 0.000000,
        "250" : 0.000000,
        "500" : 0.000000,
        "750" : 0.000000,
        "1000" : 0.000000
      },
      "latency_us" : {
        "2" : 0.000000,
        "4" : 0.000000,
        "10" : 0.000000,
        "20" : 0.000000,
        "50" : 0.000000,
        "100" : 0.000000,
        "250" : 0.000000,
        "500" : 0.000000,
        "750" : 0.108482,
        "1000" : 0.350723
      },
      "latency_ms" : {
        "2" : 1.963639,
        "4" : 6.396628,
        "10" : 20.865924,
        "20" : 24.025001,
        "50" : 28.855076,
        "100" : 12.876937,
        "250" : 4.322668,
        "500" : 0.243380,
        "750" : 0.010000,
        "1000" : 0.000000,
        "2000" : 0.000000,
        ">=2000" : 0.000000
      },
      "latency_depth" : 32,
      "latency_target" : 0,
      "latency_percentile" : 100.000000,
      "latency_window" : 0
    }
  ],
  "disk_util" : [
    {
      "name" : "sda",
      "read_ios" : 2967,
      "write_ios" : 27562,
      "read_sectors" : 85560,
      "write_sectors" : 5639496,
      "read_merges" : 67,
      "write_merges" : 7493,
      "read_ticks" : 1812,
      "write_ticks" : 36867,
      "in_queue" : 38812,
      "util" : 1.787273
    }
  ]
}
