[
    {
        "FIO": {
            "cpu": {
                "data": [
                    265.76000000000244,
                    308.17000000000195,
                    319.23000000000235,
                    304.20666666667404,
                    349.3600000000031,
                    369.8533333333352,
                    356.56000000000205,
                    360.370000000003,
                    371.8866666666689,
                    359.4966666666691,
                    355.0566666666685,
                    369.2600000000038,
                    366.92666666666827,
                    362.5366666666684,
                    373.826666666668,
                    401.7599999999994,
                    375.67333333333386,
                    367.4700000000027,
                    377.5366666666674,
                    361.61333333333357
                ],
                "index": 20,
                "time": [
                    "12:38:07",
                    "12:43:39",
                    "12:49:11",
                    "12:54:47",
                    "13:00:26",
                    "13:05:59",
                    "13:11:31",
                    "13:17:03",
                    "13:22:36",
                    "13:28:08",
                    "13:33:40",
                    "13:39:13",
                    "13:44:45",
                    "13:50:18",
                    "13:55:50",
                    "14:01:23",
                    "14:06:55",
                    "14:12:31",
                    "14:18:10",
                    "14:23:43"
                ],
                "total": 360.60000000000036
            },
            "mem": {
                "data": [
                    0.0,
                    0.0,
                    0.0,
                    0.0,
                    43.49999999999695,
                    44.99999999999559,
                    44.99999999999559,
                    44.99999999999559,
                    44.99999999999559,
                    44.99999999999559,
                    44.99999999999559,
                    44.99999999999559,
                    44.99999999999559,
                    44.99999999999559,
                    44.99999999999559,
                    44.99999999999559,
                    41.63999999999864,
                    37.72000000000221,
                    41.07999999999915,
                    29.880000000004507
                ],
                "index": 20,
                "time": [
                    "12:38:07",
                    "12:43:39",
                    "12:49:11",
                    "12:54:47",
                    "13:00:26",
                    "13:05:59",
                    "13:11:31",
                    "13:17:03",
                    "13:22:36",
                    "13:28:08",
                    "13:33:40",
                    "13:39:13",
                    "13:44:45",
                    "13:50:18",
                    "13:55:50",
                    "14:01:23",
                    "14:06:55",
                    "14:12:31",
                    "14:18:10",
                    "14:23:43"
                ],
                "total": 25.40000000000009
            }
        },
        "OSD": {
            "cpu": {
                "data": [
                    2799.426666666662,
                    3018.0866666666543,
                    3050.9833333333236,
                    2044.4566666666672,
                    3168.163333333328,
                    3299.1900000000023,
                    3262.1800000000007,
                    3344.7900000000013,
                    3321.8700000000035,
                    3420.150000000003,
                    3427.3166666666743,
                    3548.5899999999947,
                    3541.7666666666755,
                    3503.809999999997,
                    3584.0266666666676,
                    3927.61000000001,
                    3202.7833333333297,
                    2632.249999999995,
                    3422.1733333333314,
                    3180.82999999999
                ],
                "index": 20,
                "time": [
                    "12:38:07",
                    "12:43:39",
                    "12:49:11",
                    "12:54:47",
                    "13:00:26",
                    "13:05:59",
                    "13:11:31",
                    "13:17:03",
                    "13:22:36",
                    "13:28:08",
                    "13:33:40",
                    "13:39:13",
                    "13:44:45",
                    "13:50:18",
                    "13:55:50",
                    "14:01:23",
                    "14:06:55",
                    "14:12:31",
                    "14:18:10",
                    "14:23:43"
                ],
                "total": 3083.400000000001
            },
            "mem": {
                "data": [
                    5964.443333333866,
                    6232.800000000574,
                    6232.800000000574,
                    6232.800000000574,
                    6232.800000000574,
                    6232.800000000574,
                    6232.800000000574,
                    6232.800000000574,
                    6232.800000000574,
                    6232.800000000574,
                    6232.800000000574,
                    6232.800000000574,
                    6232.800000000574,
                    6232.800000000574,
                    6232.800000000574,
                    6232.800000000574,
                    6232.800000000574,
                    6232.800000000574,
                    6232.800000000574,
                    6232.800000000574
                ],
                "index": 20,
                "time": [
                    "12:38:07",
                    "12:43:39",
                    "12:49:11",
                    "12:54:47",
                    "13:00:26",
                    "13:05:59",
                    "13:11:31",
                    "13:17:03",
                    "13:22:36",
                    "13:28:08",
                    "13:33:40",
                    "13:39:13",
                    "13:44:45",
                    "13:50:18",
                    "13:55:50",
                    "14:01:23",
                    "14:06:55",
                    "14:12:31",
                    "14:18:10",
                    "14:23:43"
                ],
                "total": 6232.800000000014
            }
        }
    }
]