{
  "fio version" : "fio-3.39-26-ga72fe",
  "timestamp" : 1751025931,
  "timestamp_ms" : 1751025931532,
  "time" : "Fri Jun 27 12:05:31 2025",
  "global options" : {
    "ioengine" : "rbd",
    "bs" : "4k",
    "rw" : "randwrite",
    "direct" : "1",
    "runtime" : "5m",
    "time_based" : "",
    "group_reporting" : "",
    "ramp_time" : "30s",
    "thread" : "1",
    "iodepth" : "40",
    "clientname" : "admin",
    "pool" : "rbd"
  },
  "jobs" : [
    {
      "jobname" : "fio_test_0",
      "groupid" : 0,
      "job_start" : 1751025931030,
      "error" : 110,
      "eta" : 0,
      "elapsed" : 31,
      "job options" : {
        "max_latency" : "1s",
        "numjobs" : "1",
        "rbdname" : "fio_test_31"
      },
      "read" : {
        "io_bytes" : 0,
        "io_kbytes" : 0,
        "bw_bytes" : 0,
        "bw" : 0,
        "iops" : 0.000000,
        "runtime" : 0,
        "total_ios" : 0,
        "short_ios" : 0,
        "drop_ios" : 0,
        "slat_ns" : {
          "min" : 0,
          "max" : 0,
          "mean" : 0.000000,
          "stddev" : 0.000000,
          "N" : 0
        },
        "clat_ns" : {
          "min" : 0,
          "max" : 0,
          "mean" : 0.000000,
          "stddev" : 0.000000,
          "N" : 0
        },
        "lat_ns" : {
          "min" : 0,
          "max" : 0,
          "mean" : 0.000000,
          "stddev" : 0.000000,
          "N" : 0
        },
        "bw_min" : 0,
        "bw_max" : 0,
        "bw_agg" : 0.000000,
        "bw_mean" : 0.000000,
        "bw_dev" : 0.000000,
        "bw_samples" : 0,
        "iops_min" : 0,
        "iops_max" : 0,
        "iops_mean" : 0.000000,
        "iops_stddev" : 0.000000,
        "iops_samples" : 0
      },
      "write" : {
        "io_bytes" : 17440768,
        "io_kbytes" : 17032,
        "bw_bytes" : 53829530,
        "bw" : 52567,
        "iops" : 9290.123457,
        "runtime" : 324,
        "total_ios" : 3010,
        "short_ios" : 0,
        "drop_ios" : 0,
        "slat_ns" : {
          "min" : 1345,
          "max" : 26278,
          "mean" : 4889.162458,
          "stddev" : 3115.223669,
          "N" : 3010
        },
        "clat_ns" : {
          "min" : 308317,
          "max" : 1495211712,
          "mean" : 194858428.492485,
          "stddev" : 346981784.632832,
          "N" : 4258,
          "percentile" : {
            "1.000000" : 378880,
            "5.000000" : 464896,
            "10.000000" : 585728,
            "20.000000" : 897024,
            "30.000000" : 1400832,
            "40.000000" : 2179072,
            "50.000000" : 3850240,
            "60.000000" : 9502720,
            "70.000000" : 229638144,
            "80.000000" : 362807296,
            "90.000000" : 700448768,
            "95.000000" : 1098907648,
            "99.000000" : 1367343104,
            "99.500000" : 1417674752,
            "99.900000" : 1451229184,
            "99.950000" : 1484783616,
            "99.990000" : 1501560832
          }
        },
        "lat_ns" : {
          "min" : 310973,
          "max" : 1495215803,
          "mean" : 194863339.380460,
          "stddev" : 346981732.517828,
          "N" : 4258
        },
        "bw_min" : 0,
        "bw_max" : 0,
        "bw_agg" : 0.000000,
        "bw_mean" : 0.000000,
        "bw_dev" : 0.000000,
        "bw_samples" : 0,
        "iops_min" : 0,
        "iops_max" : 0,
        "iops_mean" : 0.000000,
        "iops_stddev" : 0.000000,
        "iops_samples" : 0
      },
      "trim" : {
        "io_bytes" : 0,
        "io_kbytes" : 0,
        "bw_bytes" : 0,
        "bw" : 0,
        "iops" : 0.000000,
        "runtime" : 0,
        "total_ios" : 0,
        "short_ios" : 0,
        "drop_ios" : 0,
        "slat_ns" : {
          "min" : 0,
          "max" : 0,
          "mean" : 0.000000,
          "stddev" : 0.000000,
          "N" : 0
        },
        "clat_ns" : {
          "min" : 0,
          "max" : 0,
          "mean" : 0.000000,
          "stddev" : 0.000000,
          "N" : 0
        },
        "lat_ns" : {
          "min" : 0,
          "max" : 0,
          "mean" : 0.000000,
          "stddev" : 0.000000,
          "N" : 0
        },
        "bw_min" : 0,
        "bw_max" : 0,
        "bw_agg" : 0.000000,
        "bw_mean" : 0.000000,
        "bw_dev" : 0.000000,
        "bw_samples" : 0,
        "iops_min" : 0,
        "iops_max" : 0,
        "iops_mean" : 0.000000,
        "iops_stddev" : 0.000000,
        "iops_samples" : 0
      },
      "sync" : {
        "total_ios" : 0,
        "lat_ns" : {
          "min" : 0,
          "max" : 0,
          "mean" : 0.000000,
          "stddev" : 0.000000,
          "N" : 0
        }
      },
      "job_runtime" : 9864,
      "usr_cpu" : 0.081103,
      "sys_cpu" : 0.202758,
      "ctx" : 3616,
      "majf" : 0,
      "minf" : 34,
      "iodepth_level" : {
        "1" : 0.000000,
        "2" : 0.000000,
        "4" : 0.000000,
        "8" : 0.000000,
        "16" : 0.000000,
        "32" : 100.000000,
        ">=64" : 0.000000
      },
      "iodepth_submit" : {
        "0" : 0.000000,
        "4" : 100.000000,
        "8" : 0.000000,
        "16" : 0.000000,
        "32" : 0.000000,
        "64" : 0.000000,
        ">=64" : 0.000000
      },
      "iodepth_complete" : {
        "0" : 0.525970,
        "4" : 98.948060,
        "8" : 0.000000,
        "16" : 0.000000,
        "32" : 0.000000,
        "64" : 0.525970,
        ">=64" : 0.000000
      },
      "latency_ns" : {
        "2" : 0.000000,
        "4" : 0.000000,
        "10" : 0.000000,
        "20" : 0.000000,
        "50" : 0.000000,
        "100" : 0.000000,
        "250" : 0.000000,
        "500" : 0.000000,
        "750" : 0.000000,
        "1000" : 0.000000
      },
      "latency_us" : {
        "2" : 0.000000,
        "4" : 0.000000,
        "10" : 0.000000,
        "20" : 0.000000,
        "50" : 0.000000,
        "100" : 0.000000,
        "250" : 0.000000,
        "500" : 9.302326,
        "750" : 13.056478,
        "1000" : 9.734219
      },
      "latency_ms" : {
        "2" : 21.860465,
        "4" : 17.873754,
        "10" : 13.853821,
        "20" : 6.910299,
        "50" : 3.488372,
        "100" : 0.598007,
        "250" : 3.820598,
        "500" : 19.700997,
        "750" : 7.940199,
        "1000" : 4.651163,
        "2000" : 8.671096,
        ">=2000" : 0.000000
      },
      "latency_depth" : 40,
      "latency_target" : 0,
      "latency_percentile" : 100.000000,
      "latency_window" : 0
    }
  ],
  "disk_util" : [
    {
      "name" : "sda",
      "read_ios" : 0,
      "write_ios" : 365,
      "read_sectors" : 0,
      "write_sectors" : 7904,
      "read_merges" : 0,
      "write_merges" : 464,
      "read_ticks" : 0,
      "write_ticks" : 65,
      "in_queue" : 68,
      "util" : 0.102135
    }
  ]
}
