{
  "fio version" : "fio-3.39-26-ga72fe",
  "timestamp" : 1751022574,
  "timestamp_ms" : 1751022574707,
  "time" : "Fri Jun 27 11:09:34 2025",
  "global options" : {
    "ioengine" : "rbd",
    "bs" : "4k",
    "rw" : "randwrite",
    "direct" : "1",
    "runtime" : "5m",
    "time_based" : "",
    "group_reporting" : "",
    "ramp_time" : "30s",
    "thread" : "1",
    "iodepth" : "4",
    "clientname" : "admin",
    "pool" : "rbd"
  },
  "jobs" : [
    {
      "jobname" : "fio_test_0",
      "groupid" : 0,
      "job_start" : 1751022274595,
      "error" : 0,
      "eta" : 0,
      "elapsed" : 331,
      "job options" : {
        "max_latency" : "1s",
        "numjobs" : "1",
        "rbdname" : "fio_test_31"
      },
      "read" : {
        "io_bytes" : 0,
        "io_kbytes" : 0,
        "bw_bytes" : 0,
        "bw" : 0,
        "iops" : 0.000000,
        "runtime" : 0,
        "total_ios" : 0,
        "short_ios" : 0,
        "drop_ios" : 0,
        "slat_ns" : {
          "min" : 0,
          "max" : 0,
          "mean" : 0.000000,
          "stddev" : 0.000000,
          "N" : 0
        },
        "clat_ns" : {
          "min" : 0,
          "max" : 0,
          "mean" : 0.000000,
          "stddev" : 0.000000,
          "N" : 0
        },
        "lat_ns" : {
          "min" : 0,
          "max" : 0,
          "mean" : 0.000000,
          "stddev" : 0.000000,
          "N" : 0
        },
        "bw_min" : 0,
        "bw_max" : 0,
        "bw_agg" : 0.000000,
        "bw_mean" : 0.000000,
        "bw_dev" : 0.000000,
        "bw_samples" : 0,
        "iops_min" : 0,
        "iops_max" : 0,
        "iops_mean" : 0.000000,
        "iops_stddev" : 0.000000,
        "iops_samples" : 0
      },
      "write" : {
        "io_bytes" : 39514750976,
        "io_kbytes" : 38588624,
        "bw_bytes" : 131712763,
        "bw" : 128625,
        "iops" : 32156.116357,
        "runtime" : 300007,
        "total_ios" : 9647060,
        "short_ios" : 0,
        "drop_ios" : 0,
        "slat_ns" : {
          "min" : 950,
          "max" : 241934,
          "mean" : 4988.145810,
          "stddev" : 3168.444016,
          "N" : 9647060
        },
        "clat_ns" : {
          "min" : 288855,
          "max" : 116029217,
          "mean" : 3974179.949061,
          "stddev" : 5077787.309005,
          "N" : 9647156,
          "percentile" : {
            "1.000000" : 440320,
            "5.000000" : 634880,
            "10.000000" : 823296,
            "20.000000" : 1171456,
            "30.000000" : 1515520,
            "40.000000" : 1925120,
            "50.000000" : 2375680,
            "60.000000" : 2965504,
            "70.000000" : 3915776,
            "80.000000" : 5472256,
            "90.000000" : 8585216,
            "95.000000" : 12386304,
            "99.000000" : 26083328,
            "99.500000" : 34340864,
            "99.900000" : 51118080,
            "99.950000" : 56885248,
            "99.990000" : 68681728
          }
        },
        "lat_ns" : {
          "min" : 290994,
          "max" : 116032479,
          "mean" : 3979168.101128,
          "stddev" : 5077810.243713,
          "N" : 9647156
        },
        "bw_min" : 98618,
        "bw_max" : 154469,
        "bw_agg" : 100.000000,
        "bw_mean" : 128674.007432,
        "bw_dev" : 269.237773,
        "bw_samples" : 19184,
        "iops_min" : 24654,
        "iops_max" : 38616,
        "iops_mean" : 32167.403528,
        "iops_stddev" : 67.325978,
        "iops_samples" : 19184
      },
      "trim" : {
        "io_bytes" : 0,
        "io_kbytes" : 0,
        "bw_bytes" : 0,
        "bw" : 0,
        "iops" : 0.000000,
        "runtime" : 0,
        "total_ios" : 0,
        "short_ios" : 0,
        "drop_ios" : 0,
        "slat_ns" : {
          "min" : 0,
          "max" : 0,
          "mean" : 0.000000,
          "stddev" : 0.000000,
          "N" : 0
        },
        "clat_ns" : {
          "min" : 0,
          "max" : 0,
          "mean" : 0.000000,
          "stddev" : 0.000000,
          "N" : 0
        },
        "lat_ns" : {
          "min" : 0,
          "max" : 0,
          "mean" : 0.000000,
          "stddev" : 0.000000,
          "N" : 0
        },
        "bw_min" : 0,
        "bw_max" : 0,
        "bw_agg" : 0.000000,
        "bw_mean" : 0.000000,
        "bw_dev" : 0.000000,
        "bw_samples" : 0,
        "iops_min" : 0,
        "iops_max" : 0,
        "iops_mean" : 0.000000,
        "iops_stddev" : 0.000000,
        "iops_samples" : 0
      },
      "sync" : {
        "total_ios" : 0,
        "lat_ns" : {
          "min" : 0,
          "max" : 0,
          "mean" : 0.000000,
          "stddev" : 0.000000,
          "N" : 0
        }
      },
      "job_runtime" : 9600094,
      "usr_cpu" : 0.720628,
      "sys_cpu" : 0.532443,
      "ctx" : 8825487,
      "majf" : 0,
      "minf" : 1576,
      "iodepth_level" : {
        "1" : 0.000000,
        "2" : 0.000000,
        "4" : 100.000000,
        "8" : 0.000000,
        "16" : 0.000000,
        "32" : 0.000000,
        ">=64" : 0.000000
      },
      "iodepth_submit" : {
        "0" : 0.000000,
        "4" : 100.000000,
        "8" : 0.000000,
        "16" : 0.000000,
        "32" : 0.000000,
        "64" : 0.000000,
        ">=64" : 0.000000
      },
      "iodepth_complete" : {
        "0" : 0.000000,
        "4" : 100.000000,
        "8" : 0.000000,
        "16" : 0.000000,
        "32" : 0.000000,
        "64" : 0.000000,
        ">=64" : 0.000000
      },
      "latency_ns" : {
        "2" : 0.000000,
        "4" : 0.000000,
        "10" : 0.000000,
        "20" : 0.000000,
        "50" : 0.000000,
        "100" : 0.000000,
        "250" : 0.000000,
        "500" : 0.000000,
        "750" : 0.000000,
        "1000" : 0.000000
      },
      "latency_us" : {
        "2" : 0.000000,
        "4" : 0.000000,
        "10" : 0.000000,
        "20" : 0.000000,
        "50" : 0.000000,
        "100" : 0.000000,
        "250" : 0.000000,
        "500" : 2.264939,
        "750" : 5.795092,
        "1000" : 7.005150
      },
      "latency_ms" : {
        "2" : 27.265426,
        "4" : 28.688823,
        "10" : 21.409269,
        "20" : 5.762730,
        "50" : 1.695802,
        "100" : 0.113434,
        "250" : 0.010000,
        "500" : 0.000000,
        "750" : 0.000000,
        "1000" : 0.000000,
        "2000" : 0.000000,
        ">=2000" : 0.000000
      },
      "latency_depth" : 4,
      "latency_target" : 0,
      "latency_percentile" : 100.000000,
      "latency_window" : 0
    }
  ],
  "disk_util" : [
    {
      "name" : "sda",
      "read_ios" : 1,
      "write_ios" : 3947,
      "read_sectors" : 8,
      "write_sectors" : 112984,
      "read_merges" : 0,
      "write_merges" : 5629,
      "read_ticks" : 0,
      "write_ticks" : 704,
      "in_queue" : 742,
      "util" : 0.095760
    }
  ]
}
