{
  "fio version" : "fio-3.39-26-ga72fe",
  "timestamp" : 1751023239,
  "timestamp_ms" : 1751023239268,
  "time" : "Fri Jun 27 11:20:39 2025",
  "global options" : {
    "ioengine" : "rbd",
    "bs" : "4k",
    "rw" : "randwrite",
    "direct" : "1",
    "runtime" : "5m",
    "time_based" : "",
    "group_reporting" : "",
    "ramp_time" : "30s",
    "thread" : "1",
    "iodepth" : "16",
    "clientname" : "admin",
    "pool" : "rbd"
  },
  "jobs" : [
    {
      "jobname" : "fio_test_0",
      "groupid" : 0,
      "job_start" : 1751022939155,
      "error" : 0,
      "eta" : 0,
      "elapsed" : 331,
      "job options" : {
        "max_latency" : "1s",
        "numjobs" : "1",
        "rbdname" : "fio_test_31"
      },
      "read" : {
        "io_bytes" : 0,
        "io_kbytes" : 0,
        "bw_bytes" : 0,
        "bw" : 0,
        "iops" : 0.000000,
        "runtime" : 0,
        "total_ios" : 0,
        "short_ios" : 0,
        "drop_ios" : 0,
        "slat_ns" : {
          "min" : 0,
          "max" : 0,
          "mean" : 0.000000,
          "stddev" : 0.000000,
          "N" : 0
        },
        "clat_ns" : {
          "min" : 0,
          "max" : 0,
          "mean" : 0.000000,
          "stddev" : 0.000000,
          "N" : 0
        },
        "lat_ns" : {
          "min" : 0,
          "max" : 0,
          "mean" : 0.000000,
          "stddev" : 0.000000,
          "N" : 0
        },
        "bw_min" : 0,
        "bw_max" : 0,
        "bw_agg" : 0.000000,
        "bw_mean" : 0.000000,
        "bw_dev" : 0.000000,
        "bw_samples" : 0,
        "iops_min" : 0,
        "iops_max" : 0,
        "iops_mean" : 0.000000,
        "iops_stddev" : 0.000000,
        "iops_samples" : 0
      },
      "write" : {
        "io_bytes" : 42946048000,
        "io_kbytes" : 41939500,
        "bw_bytes" : 143126299,
        "bw" : 139771,
        "iops" : 34941.344478,
        "runtime" : 300057,
        "total_ios" : 10484395,
        "short_ios" : 0,
        "drop_ios" : 0,
        "slat_ns" : {
          "min" : 1050,
          "max" : 186055,
          "mean" : 5059.774975,
          "stddev" : 3200.407757,
          "N" : 10484395
        },
        "clat_ns" : {
          "min" : 289418,
          "max" : 681010413,
          "mean" : 14647947.144335,
          "stddev" : 41525898.768632,
          "N" : 10484875,
          "percentile" : {
            "1.000000" : 518144,
            "5.000000" : 929792,
            "10.000000" : 1318912,
            "20.000000" : 1957888,
            "30.000000" : 2506752,
            "40.000000" : 3260416,
            "50.000000" : 4112384,
            "60.000000" : 5537792,
            "70.000000" : 7962624,
            "80.000000" : 12517376,
            "90.000000" : 26607616,
            "95.000000" : 54788096,
            "99.000000" : 242221056,
            "99.500000" : 337641472,
            "99.900000" : 455081984,
            "99.950000" : 484442112,
            "99.990000" : 541065216
          }
        },
        "lat_ns" : {
          "min" : 292539,
          "max" : 681013137,
          "mean" : 14653006.907537,
          "stddev" : 41525905.350398,
          "N" : 10484875
        },
        "bw_min" : 82880,
        "bw_max" : 197079,
        "bw_agg" : 100.000000,
        "bw_mean" : 139837.850139,
        "bw_dev" : 568.913781,
        "bw_samples" : 19181,
        "iops_min" : 20719,
        "iops_max" : 49269,
        "iops_mean" : 34958.625445,
        "iops_stddev" : 142.231472,
        "iops_samples" : 19181
      },
      "trim" : {
        "io_bytes" : 0,
        "io_kbytes" : 0,
        "bw_bytes" : 0,
        "bw" : 0,
        "iops" : 0.000000,
        "runtime" : 0,
        "total_ios" : 0,
        "short_ios" : 0,
        "drop_ios" : 0,
        "slat_ns" : {
          "min" : 0,
          "max" : 0,
          "mean" : 0.000000,
          "stddev" : 0.000000,
          "N" : 0
        },
        "clat_ns" : {
          "min" : 0,
          "max" : 0,
          "mean" : 0.000000,
          "stddev" : 0.000000,
          "N" : 0
        },
        "lat_ns" : {
          "min" : 0,
          "max" : 0,
          "mean" : 0.000000,
          "stddev" : 0.000000,
          "N" : 0
        },
        "bw_min" : 0,
        "bw_max" : 0,
        "bw_agg" : 0.000000,
        "bw_mean" : 0.000000,
        "bw_dev" : 0.000000,
        "bw_samples" : 0,
        "iops_min" : 0,
        "iops_max" : 0,
        "iops_mean" : 0.000000,
        "iops_stddev" : 0.000000,
        "iops_samples" : 0
      },
      "sync" : {
        "total_ios" : 0,
        "lat_ns" : {
          "min" : 0,
          "max" : 0,
          "mean" : 0.000000,
          "stddev" : 0.000000,
          "N" : 0
        }
      },
      "job_runtime" : 9601431,
      "usr_cpu" : 0.786372,
      "sys_cpu" : 0.549283,
      "ctx" : 8849161,
      "majf" : 0,
      "minf" : 3063,
      "iodepth_level" : {
        "1" : 0.000000,
        "2" : 0.000000,
        "4" : 0.000000,
        "8" : 0.000000,
        "16" : 100.000000,
        "32" : 0.000000,
        ">=64" : 0.000000
      },
      "iodepth_submit" : {
        "0" : 0.000000,
        "4" : 100.000000,
        "8" : 0.000000,
        "16" : 0.000000,
        "32" : 0.000000,
        "64" : 0.000000,
        ">=64" : 0.000000
      },
      "iodepth_complete" : {
        "0" : 0.000000,
        "4" : 99.999847,
        "8" : 0.000000,
        "16" : 0.100000,
        "32" : 0.000000,
        "64" : 0.000000,
        ">=64" : 0.000000
      },
      "latency_ns" : {
        "2" : 0.000000,
        "4" : 0.000000,
        "10" : 0.000000,
        "20" : 0.000000,
        "50" : 0.000000,
        "100" : 0.000000,
        "250" : 0.000000,
        "500" : 0.000000,
        "750" : 0.000000,
        "1000" : 0.000000
      },
      "latency_us" : {
        "2" : 0.000000,
        "4" : 0.000000,
        "10" : 0.000000,
        "20" : 0.000000,
        "50" : 0.000000,
        "100" : 0.000000,
        "250" : 0.000000,
        "500" : 0.868004,
        "750" : 2.201128,
        "1000" : 2.872889
      },
      "latency_ms" : {
        "2" : 15.166369,
        "4" : 27.360739,
        "10" : 27.085540,
        "20" : 11.424426,
        "50" : 7.545862,
        "100" : 2.854700,
        "250" : 1.660611,
        "500" : 0.933874,
        "750" : 0.030436,
        "1000" : 0.000000,
        "2000" : 0.000000,
        ">=2000" : 0.000000
      },
      "latency_depth" : 16,
      "latency_target" : 0,
      "latency_percentile" : 100.000000,
      "latency_window" : 0
    }
  ],
  "disk_util" : [
    {
      "name" : "sda",
      "read_ios" : 0,
      "write_ios" : 3990,
      "read_sectors" : 0,
      "write_sectors" : 112352,
      "read_merges" : 0,
      "write_merges" : 5595,
      "read_ticks" : 0,
      "write_ticks" : 710,
      "in_queue" : 748,
      "util" : 0.085759
    }
  ]
}
