{
  "fio version" : "fio-3.39-26-ga72fe",
  "timestamp" : 1751022907,
  "timestamp_ms" : 1751022907001,
  "time" : "Fri Jun 27 11:15:07 2025",
  "global options" : {
    "ioengine" : "rbd",
    "bs" : "4k",
    "rw" : "randwrite",
    "direct" : "1",
    "runtime" : "5m",
    "time_based" : "",
    "group_reporting" : "",
    "ramp_time" : "30s",
    "thread" : "1",
    "iodepth" : "8",
    "clientname" : "admin",
    "pool" : "rbd"
  },
  "jobs" : [
    {
      "jobname" : "fio_test_0",
      "groupid" : 0,
      "job_start" : 1751022606902,
      "error" : 0,
      "eta" : 0,
      "elapsed" : 331,
      "job options" : {
        "max_latency" : "1s",
        "numjobs" : "1",
        "rbdname" : "fio_test_31"
      },
      "read" : {
        "io_bytes" : 0,
        "io_kbytes" : 0,
        "bw_bytes" : 0,
        "bw" : 0,
        "iops" : 0.000000,
        "runtime" : 0,
        "total_ios" : 0,
        "short_ios" : 0,
        "drop_ios" : 0,
        "slat_ns" : {
          "min" : 0,
          "max" : 0,
          "mean" : 0.000000,
          "stddev" : 0.000000,
          "N" : 0
        },
        "clat_ns" : {
          "min" : 0,
          "max" : 0,
          "mean" : 0.000000,
          "stddev" : 0.000000,
          "N" : 0
        },
        "lat_ns" : {
          "min" : 0,
          "max" : 0,
          "mean" : 0.000000,
          "stddev" : 0.000000,
          "N" : 0
        },
        "bw_min" : 0,
        "bw_max" : 0,
        "bw_agg" : 0.000000,
        "bw_mean" : 0.000000,
        "bw_dev" : 0.000000,
        "bw_samples" : 0,
        "iops_min" : 0,
        "iops_max" : 0,
        "iops_mean" : 0.000000,
        "iops_stddev" : 0.000000,
        "iops_samples" : 0
      },
      "write" : {
        "io_bytes" : 43286487040,
        "io_kbytes" : 42271960,
        "bw_bytes" : 144282518,
        "bw" : 140900,
        "iops" : 35224.477688,
        "runtime" : 300012,
        "total_ios" : 10567766,
        "short_ios" : 0,
        "drop_ios" : 0,
        "slat_ns" : {
          "min" : 956,
          "max" : 589010,
          "mean" : 4946.660213,
          "stddev" : 3163.087518,
          "N" : 10567766
        },
        "clat_ns" : {
          "min" : 304387,
          "max" : 199080422,
          "mean" : 7261338.158636,
          "stddev" : 10146821.134325,
          "N" : 10567990,
          "percentile" : {
            "1.000000" : 514048,
            "5.000000" : 897024,
            "10.000000" : 1253376,
            "20.000000" : 1843200,
            "30.000000" : 2408448,
            "40.000000" : 2998272,
            "50.000000" : 3850240,
            "60.000000" : 4947968,
            "70.000000" : 6717440,
            "80.000000" : 9764864,
            "90.000000" : 16449536,
            "95.000000" : 25559040,
            "99.000000" : 53215232,
            "99.500000" : 64749568,
            "99.900000" : 90701824,
            "99.950000" : 101187584,
            "99.990000" : 131596288
          }
        },
        "lat_ns" : {
          "min" : 307542,
          "max" : 199084719,
          "mean" : 7266284.816467,
          "stddev" : 10146828.696082,
          "N" : 10567990
        },
        "bw_min" : 105374,
        "bw_max" : 172488,
        "bw_agg" : 100.000000,
        "bw_mean" : 140946.950203,
        "bw_dev" : 317.578779,
        "bw_samples" : 19186,
        "iops_min" : 26343,
        "iops_max" : 43122,
        "iops_mean" : 35236.171297,
        "iops_stddev" : 79.396097,
        "iops_samples" : 19186
      },
      "trim" : {
        "io_bytes" : 0,
        "io_kbytes" : 0,
        "bw_bytes" : 0,
        "bw" : 0,
        "iops" : 0.000000,
        "runtime" : 0,
        "total_ios" : 0,
        "short_ios" : 0,
        "drop_ios" : 0,
        "slat_ns" : {
          "min" : 0,
          "max" : 0,
          "mean" : 0.000000,
          "stddev" : 0.000000,
          "N" : 0
        },
        "clat_ns" : {
          "min" : 0,
          "max" : 0,
          "mean" : 0.000000,
          "stddev" : 0.000000,
          "N" : 0
        },
        "lat_ns" : {
          "min" : 0,
          "max" : 0,
          "mean" : 0.000000,
          "stddev" : 0.000000,
          "N" : 0
        },
        "bw_min" : 0,
        "bw_max" : 0,
        "bw_agg" : 0.000000,
        "bw_mean" : 0.000000,
        "bw_dev" : 0.000000,
        "bw_samples" : 0,
        "iops_min" : 0,
        "iops_max" : 0,
        "iops_mean" : 0.000000,
        "iops_stddev" : 0.000000,
        "iops_samples" : 0
      },
      "sync" : {
        "total_ios" : 0,
        "lat_ns" : {
          "min" : 0,
          "max" : 0,
          "mean" : 0.000000,
          "stddev" : 0.000000,
          "N" : 0
        }
      },
      "job_runtime" : 9600235,
      "usr_cpu" : 0.776158,
      "sys_cpu" : 0.558653,
      "ctx" : 9137931,
      "majf" : 0,
      "minf" : 1422,
      "iodepth_level" : {
        "1" : 0.000000,
        "2" : 0.000000,
        "4" : 0.000000,
        "8" : 100.000000,
        "16" : 0.000000,
        "32" : 0.000000,
        ">=64" : 0.000000
      },
      "iodepth_submit" : {
        "0" : 0.000000,
        "4" : 100.000000,
        "8" : 0.000000,
        "16" : 0.000000,
        "32" : 0.000000,
        "64" : 0.000000,
        ">=64" : 0.000000
      },
      "iodepth_complete" : {
        "0" : 0.000000,
        "4" : 99.999849,
        "8" : 0.100000,
        "16" : 0.000000,
        "32" : 0.000000,
        "64" : 0.000000,
        ">=64" : 0.000000
      },
      "latency_ns" : {
        "2" : 0.000000,
        "4" : 0.000000,
        "10" : 0.000000,
        "20" : 0.000000,
        "50" : 0.000000,
        "100" : 0.000000,
        "250" : 0.000000,
        "500" : 0.000000,
        "750" : 0.000000,
        "1000" : 0.000000
      },
      "latency_us" : {
        "2" : 0.000000,
        "4" : 0.000000,
        "10" : 0.000000,
        "20" : 0.000000,
        "50" : 0.000000,
        "100" : 0.000000,
        "250" : 0.000000,
        "500" : 0.888002,
        "750" : 2.361426,
        "1000" : 3.166289
      },
      "latency_ms" : {
        "2" : 16.860053,
        "4" : 28.742253,
        "10" : 28.693359,
        "20" : 11.877288,
        "50" : 6.205919,
        "100" : 1.152410,
        "250" : 0.055120,
        "500" : 0.000000,
        "750" : 0.000000,
        "1000" : 0.000000,
        "2000" : 0.000000,
        ">=2000" : 0.000000
      },
      "latency_depth" : 8,
      "latency_target" : 0,
      "latency_percentile" : 100.000000,
      "latency_window" : 0
    }
  ],
  "disk_util" : [
    {
      "name" : "sda",
      "read_ios" : 0,
      "write_ios" : 3901,
      "read_sectors" : 0,
      "write_sectors" : 102896,
      "read_merges" : 0,
      "write_merges" : 5515,
      "read_ticks" : 0,
      "write_ticks" : 673,
      "in_queue" : 712,
      "util" : 0.092726
    }
  ]
}
