[
  {
    "metrics": [
      {
        "reactor_utilization": {
          "shard": "0",
          "value": 86.461642180000254
        }
      },
      {
        "reactor_utilization": {
          "shard": "1",
          "value": 90.717504160000033
        }
      },
      {
        "reactor_utilization": {
          "shard": "2",
          "value": 88.284817139999873
        }
      },
      {
        "reactor_utilization": {
          "shard": "3",
          "value": 86.267907439999874
        }
      },
      {
        "reactor_utilization": {
          "shard": "4",
          "value": 85.019122500000194
        }
      },
      {
        "reactor_utilization": {
          "shard": "5",
          "value": 90.60874699999988
        }
      },
      {
        "reactor_utilization": {
          "shard": "6",
          "value": 94.129660300000069
        }
      },
      {
        "reactor_utilization": {
          "shard": "7",
          "value": 87.82651234000005
        }
      },
      {
        "reactor_utilization": {
          "shard": "8",
          "value": 90.644591360000007
        }
      },
      {
        "reactor_utilization": {
          "shard": "9",
          "value": 97.616157120000111
        }
      },
      {
        "reactor_utilization": {
          "shard": "10",
          "value": 89.914630020000047
        }
      },
      {
        "reactor_utilization": {
          "shard": "11",
          "value": 99.186218479999937
        }
      },
      {
        "reactor_utilization": {
          "shard": "12",
          "value": 87.415729519999957
        }
      },
      {
        "reactor_utilization": {
          "shard": "13",
          "value": 99.217199080000043
        }
      },
      {
        "reactor_utilization": {
          "shard": "14",
          "value": 86.36506877999993
        }
      },
      {
        "reactor_utilization": {
          "shard": "15",
          "value": 96.953705640000024
        }
      }
    ]
  },
  {
    "metrics": [
      {
        "reactor_utilization": {
          "shard": "0",
          "value": 65.897070100000249
        }
      },
      {
        "reactor_utilization": {
          "shard": "1",
          "value": 67.196443680000044
        }
      },
      {
        "reactor_utilization": {
          "shard": "2",
          "value": 62.515096599999879
        }
      },
      {
        "reactor_utilization": {
          "shard": "3",
          "value": 62.592333979999879
        }
      },
      {
        "reactor_utilization": {
          "shard": "4",
          "value": 65.0362165800002
        }
      },
      {
        "reactor_utilization": {
          "shard": "5",
          "value": 63.562882779999875
        }
      },
      {
        "reactor_utilization": {
          "shard": "6",
          "value": 64.729981780000074
        }
      },
      {
        "reactor_utilization": {
          "shard": "7",
          "value": 69.695892720000046
        }
      },
      {
        "reactor_utilization": {
          "shard": "8",
          "value": 67.774079280000009
        }
      },
      {
        "reactor_utilization": {
          "shard": "9",
          "value": 76.680258100000117
        }
      },
      {
        "reactor_utilization": {
          "shard": "10",
          "value": 66.146841640000048
        }
      },
      {
        "reactor_utilization": {
          "shard": "11",
          "value": 66.594720259999931
        }
      },
      {
        "reactor_utilization": {
          "shard": "12",
          "value": 76.879441579999977
        }
      },
      {
        "reactor_utilization": {
          "shard": "13",
          "value": 98.493580020000039
        }
      },
      {
        "reactor_utilization": {
          "shard": "14",
          "value": 68.449093779999927
        }
      },
      {
        "reactor_utilization": {
          "shard": "15",
          "value": 97.44616802000003
        }
      }
    ]
  },
  {
    "metrics": [
      {
        "reactor_utilization": {
          "shard": "0",
          "value": 58.438994020000244
        }
      },
      {
        "reactor_utilization": {
          "shard": "1",
          "value": 58.683803320000038
        }
      },
      {
        "reactor_utilization": {
          "shard": "2",
          "value": 56.318431699999863
        }
      },
      {
        "reactor_utilization": {
          "shard": "3",
          "value": 58.063713679999871
        }
      },
      {
        "reactor_utilization": {
          "shard": "4",
          "value": 60.383321560000191
        }
      },
      {
        "reactor_utilization": {
          "shard": "5",
          "value": 54.01407399999988
        }
      },
      {
        "reactor_utilization": {
          "shard": "6",
          "value": 58.930665720000079
        }
      },
      {
        "reactor_utilization": {
          "shard": "7",
          "value": 62.829932320000061
        }
      },
      {
        "reactor_utilization": {
          "shard": "8",
          "value": 63.02456766000001
        }
      },
      {
        "reactor_utilization": {
          "shard": "9",
          "value": 74.252299560000125
        }
      },
      {
        "reactor_utilization": {
          "shard": "10",
          "value": 58.246458020000048
        }
      },
      {
        "reactor_utilization": {
          "shard": "11",
          "value": 58.016224059999914
        }
      },
      {
        "reactor_utilization": {
          "shard": "12",
          "value": 77.27658157999997
        }
      },
      {
        "reactor_utilization": {
          "shard": "13",
          "value": 98.206383500000044
        }
      },
      {
        "reactor_utilization": {
          "shard": "14",
          "value": 63.479962399999934
        }
      },
      {
        "reactor_utilization": {
          "shard": "15",
          "value": 99.453796600000018
        }
      }
    ]
  },
  {
    "metrics": [
      {
        "reactor_utilization": {
          "shard": "0",
          "value": 57.971245980000255
        }
      },
      {
        "reactor_utilization": {
          "shard": "1",
          "value": 60.015116740000039
        }
      },
      {
        "reactor_utilization": {
          "shard": "2",
          "value": 55.053920719999859
        }
      },
      {
        "reactor_utilization": {
          "shard": "3",
          "value": 56.436977939999863
        }
      },
      {
        "reactor_utilization": {
          "shard": "4",
          "value": 59.921867740000209
        }
      },
      {
        "reactor_utilization": {
          "shard": "5",
          "value": 53.183884519999879
        }
      },
      {
        "reactor_utilization": {
          "shard": "6",
          "value": 56.589531760000078
        }
      },
      {
        "reactor_utilization": {
          "shard": "7",
          "value": 62.367682040000062
        }
      },
      {
        "reactor_utilization": {
          "shard": "8",
          "value": 62.073166720000003
        }
      },
      {
        "reactor_utilization": {
          "shard": "9",
          "value": 73.182609860000113
        }
      },
      {
        "reactor_utilization": {
          "shard": "10",
          "value": 57.816349920000057
        }
      },
      {
        "reactor_utilization": {
          "shard": "11",
          "value": 57.347263639999923
        }
      },
      {
        "reactor_utilization": {
          "shard": "12",
          "value": 77.791847139999973
        }
      },
      {
        "reactor_utilization": {
          "shard": "13",
          "value": 98.282764220000047
        }
      },
      {
        "reactor_utilization": {
          "shard": "14",
          "value": 64.272534799999931
        }
      },
      {
        "reactor_utilization": {
          "shard": "15",
          "value": 99.254579700000022
        }
      }
    ]
  },
  {
    "metrics": [
      {
        "reactor_utilization": {
          "shard": "0",
          "value": 58.383215600000263
        }
      },
      {
        "reactor_utilization": {
          "shard": "1",
          "value": 59.600888380000029
        }
      },
      {
        "reactor_utilization": {
          "shard": "2",
          "value": 54.791124019999856
        }
      },
      {
        "reactor_utilization": {
          "shard": "3",
          "value": 58.330373619999861
        }
      },
      {
        "reactor_utilization": {
          "shard": "4",
          "value": 59.372970320000206
        }
      },
      {
        "reactor_utilization": {
          "shard": "5",
          "value": 53.00221183999988
        }
      },
      {
        "reactor_utilization": {
          "shard": "6",
          "value": 56.689894780000081
        }
      },
      {
        "reactor_utilization": {
          "shard": "7",
          "value": 62.466544340000063
        }
      },
      {
        "reactor_utilization": {
          "shard": "8",
          "value": 61.704532360000016
        }
      },
      {
        "reactor_utilization": {
          "shard": "9",
          "value": 71.847578220000116
        }
      },
      {
        "reactor_utilization": {
          "shard": "10",
          "value": 57.706011180000061
        }
      },
      {
        "reactor_utilization": {
          "shard": "11",
          "value": 56.599910659999928
        }
      },
      {
        "reactor_utilization": {
          "shard": "12",
          "value": 76.653486679999958
        }
      },
      {
        "reactor_utilization": {
          "shard": "13",
          "value": 98.270018540000038
        }
      },
      {
        "reactor_utilization": {
          "shard": "14",
          "value": 63.012054899999939
        }
      },
      {
        "reactor_utilization": {
          "shard": "15",
          "value": 99.321973120000024
        }
      }
    ]
  },
  {
    "metrics": [
      {
        "reactor_utilization": {
          "shard": "0",
          "value": 58.220439820000259
        }
      },
      {
        "reactor_utilization": {
          "shard": "1",
          "value": 58.968023780000031
        }
      },
      {
        "reactor_utilization": {
          "shard": "2",
          "value": 54.487216939999861
        }
      },
      {
        "reactor_utilization": {
          "shard": "3",
          "value": 57.452800539999885
        }
      },
      {
        "reactor_utilization": {
          "shard": "4",
          "value": 59.897735740000194
        }
      },
      {
        "reactor_utilization": {
          "shard": "5",
          "value": 52.926122779999865
        }
      },
      {
        "reactor_utilization": {
          "shard": "6",
          "value": 56.466598120000079
        }
      },
      {
        "reactor_utilization": {
          "shard": "7",
          "value": 62.868544520000057
        }
      },
      {
        "reactor_utilization": {
          "shard": "8",
          "value": 62.043492920000013
        }
      },
      {
        "reactor_utilization": {
          "shard": "9",
          "value": 72.551727300000124
        }
      },
      {
        "reactor_utilization": {
          "shard": "10",
          "value": 57.357270540000059
        }
      },
      {
        "reactor_utilization": {
          "shard": "11",
          "value": 56.541114679999936
        }
      },
      {
        "reactor_utilization": {
          "shard": "12",
          "value": 77.195205559999962
        }
      },
      {
        "reactor_utilization": {
          "shard": "13",
          "value": 98.129662060000044
        }
      },
      {
        "reactor_utilization": {
          "shard": "14",
          "value": 63.638333919999937
        }
      },
      {
        "reactor_utilization": {
          "shard": "15",
          "value": 99.325737580000023
        }
      }
    ]
  },
  {
    "metrics": [
      {
        "reactor_utilization": {
          "shard": "0",
          "value": 56.708892920000253
        }
      },
      {
        "reactor_utilization": {
          "shard": "1",
          "value": 57.793434720000022
        }
      },
      {
        "reactor_utilization": {
          "shard": "2",
          "value": 50.82864671999986
        }
      },
      {
        "reactor_utilization": {
          "shard": "3",
          "value": 54.405007319999868
        }
      },
      {
        "reactor_utilization": {
          "shard": "4",
          "value": 60.076045240000198
        }
      },
      {
        "reactor_utilization": {
          "shard": "5",
          "value": 51.822616679999875
        }
      },
      {
        "reactor_utilization": {
          "shard": "6",
          "value": 54.625541540000079
        }
      },
      {
        "reactor_utilization": {
          "shard": "7",
          "value": 63.219955240000061
        }
      },
      {
        "reactor_utilization": {
          "shard": "8",
          "value": 61.080681580000018
        }
      },
      {
        "reactor_utilization": {
          "shard": "9",
          "value": 71.107155560000109
        }
      },
      {
        "reactor_utilization": {
          "shard": "10",
          "value": 55.124375380000068
        }
      },
      {
        "reactor_utilization": {
          "shard": "11",
          "value": 53.830317319999942
        }
      },
      {
        "reactor_utilization": {
          "shard": "12",
          "value": 76.746965679999974
        }
      },
      {
        "reactor_utilization": {
          "shard": "13",
          "value": 94.626363200000043
        }
      },
      {
        "reactor_utilization": {
          "shard": "14",
          "value": 59.477548559999924
        }
      },
      {
        "reactor_utilization": {
          "shard": "15",
          "value": 97.36802486000002
        }
      }
    ]
  },
  {
    "metrics": [
      {
        "reactor_utilization": {
          "shard": "0",
          "value": 51.118175580000248
        }
      },
      {
        "reactor_utilization": {
          "shard": "1",
          "value": 50.694104400000043
        }
      },
      {
        "reactor_utilization": {
          "shard": "2",
          "value": 48.193787539999853
        }
      },
      {
        "reactor_utilization": {
          "shard": "3",
          "value": 49.357017739999861
        }
      },
      {
        "reactor_utilization": {
          "shard": "4",
          "value": 49.537862680000202
        }
      },
      {
        "reactor_utilization": {
          "shard": "5",
          "value": 45.857201459999871
        }
      },
      {
        "reactor_utilization": {
          "shard": "6",
          "value": 49.741377660000076
        }
      },
      {
        "reactor_utilization": {
          "shard": "7",
          "value": 52.892762460000064
        }
      },
      {
        "reactor_utilization": {
          "shard": "8",
          "value": 53.260851620000018
        }
      },
      {
        "reactor_utilization": {
          "shard": "9",
          "value": 62.832563480000111
        }
      },
      {
        "reactor_utilization": {
          "shard": "10",
          "value": 46.417360780000074
        }
      },
      {
        "reactor_utilization": {
          "shard": "11",
          "value": 45.213266459999943
        }
      },
      {
        "reactor_utilization": {
          "shard": "12",
          "value": 67.374546519999967
        }
      },
      {
        "reactor_utilization": {
          "shard": "13",
          "value": 82.296305360000048
        }
      },
      {
        "reactor_utilization": {
          "shard": "14",
          "value": 53.264330319999928
        }
      },
      {
        "reactor_utilization": {
          "shard": "15",
          "value": 85.994255060000029
        }
      }
    ]
  },
  {
    "metrics": [
      {
        "reactor_utilization": {
          "shard": "0",
          "value": 50.63407502000026
        }
      },
      {
        "reactor_utilization": {
          "shard": "1",
          "value": 52.14714592000005
        }
      },
      {
        "reactor_utilization": {
          "shard": "2",
          "value": 48.396692359999847
        }
      },
      {
        "reactor_utilization": {
          "shard": "3",
          "value": 51.975483679999869
        }
      },
      {
        "reactor_utilization": {
          "shard": "4",
          "value": 51.540037920000216
        }
      },
      {
        "reactor_utilization": {
          "shard": "5",
          "value": 47.752447379999865
        }
      },
      {
        "reactor_utilization": {
          "shard": "6",
          "value": 51.431305380000083
        }
      },
      {
        "reactor_utilization": {
          "shard": "7",
          "value": 54.256284220000062
        }
      },
      {
        "reactor_utilization": {
          "shard": "8",
          "value": 54.565347540000019
        }
      },
      {
        "reactor_utilization": {
          "shard": "9",
          "value": 63.969088100000114
        }
      },
      {
        "reactor_utilization": {
          "shard": "10",
          "value": 54.029707560000084
        }
      },
      {
        "reactor_utilization": {
          "shard": "11",
          "value": 49.636298859999947
        }
      },
      {
        "reactor_utilization": {
          "shard": "12",
          "value": 67.943313299999957
        }
      },
      {
        "reactor_utilization": {
          "shard": "13",
          "value": 88.205960160000046
        }
      },
      {
        "reactor_utilization": {
          "shard": "14",
          "value": 60.898530799999925
        }
      },
      {
        "reactor_utilization": {
          "shard": "15",
          "value": 90.482495700000015
        }
      }
    ]
  },
  {
    "metrics": [
      {
        "reactor_utilization": {
          "shard": "0",
          "value": 52.733302680000257
        }
      },
      {
        "reactor_utilization": {
          "shard": "1",
          "value": 54.172204300000047
        }
      },
      {
        "reactor_utilization": {
          "shard": "2",
          "value": 50.415472319999857
        }
      },
      {
        "reactor_utilization": {
          "shard": "3",
          "value": 52.226224299999878
        }
      },
      {
        "reactor_utilization": {
          "shard": "4",
          "value": 56.241555500000217
        }
      },
      {
        "reactor_utilization": {
          "shard": "5",
          "value": 51.233187159999872
        }
      },
      {
        "reactor_utilization": {
          "shard": "6",
          "value": 51.828948340000089
        }
      },
      {
        "reactor_utilization": {
          "shard": "7",
          "value": 57.337489360000063
        }
      },
      {
        "reactor_utilization": {
          "shard": "8",
          "value": 56.865331320000024
        }
      },
      {
        "reactor_utilization": {
          "shard": "9",
          "value": 68.454006880000122
        }
      },
      {
        "reactor_utilization": {
          "shard": "10",
          "value": 54.99463056000009
        }
      },
      {
        "reactor_utilization": {
          "shard": "11",
          "value": 55.898901779999953
        }
      },
      {
        "reactor_utilization": {
          "shard": "12",
          "value": 72.139161999999956
        }
      },
      {
        "reactor_utilization": {
          "shard": "13",
          "value": 93.571598980000033
        }
      },
      {
        "reactor_utilization": {
          "shard": "14",
          "value": 62.01082939999992
        }
      },
      {
        "reactor_utilization": {
          "shard": "15",
          "value": 96.03633956000003
        }
      }
    ]
  },
  {
    "metrics": [
      {
        "reactor_utilization": {
          "shard": "0",
          "value": 52.864526600000247
        }
      },
      {
        "reactor_utilization": {
          "shard": "1",
          "value": 53.858379720000052
        }
      },
      {
        "reactor_utilization": {
          "shard": "2",
          "value": 48.913250199999844
        }
      },
      {
        "reactor_utilization": {
          "shard": "3",
          "value": 51.449099219999873
        }
      },
      {
        "reactor_utilization": {
          "shard": "4",
          "value": 54.728485740000224
        }
      },
      {
        "reactor_utilization": {
          "shard": "5",
          "value": 47.526522679999871
        }
      },
      {
        "reactor_utilization": {
          "shard": "6",
          "value": 49.739341060000086
        }
      },
      {
        "reactor_utilization": {
          "shard": "7",
          "value": 56.003325960000069
        }
      },
      {
        "reactor_utilization": {
          "shard": "8",
          "value": 56.45452688000001
        }
      },
      {
        "reactor_utilization": {
          "shard": "9",
          "value": 66.435647480000128
        }
      },
      {
        "reactor_utilization": {
          "shard": "10",
          "value": 51.378184380000093
        }
      },
      {
        "reactor_utilization": {
          "shard": "11",
          "value": 53.806784039999954
        }
      },
      {
        "reactor_utilization": {
          "shard": "12",
          "value": 68.639056219999958
        }
      },
      {
        "reactor_utilization": {
          "shard": "13",
          "value": 95.476232920000044
        }
      },
      {
        "reactor_utilization": {
          "shard": "14",
          "value": 59.28420669999992
        }
      },
      {
        "reactor_utilization": {
          "shard": "15",
          "value": 93.726954640000031
        }
      }
    ]
  },
  {
    "metrics": [
      {
        "reactor_utilization": {
          "shard": "0",
          "value": 54.071657240000256
        }
      },
      {
        "reactor_utilization": {
          "shard": "1",
          "value": 56.569360420000045
        }
      },
      {
        "reactor_utilization": {
          "shard": "2",
          "value": 50.599349319999853
        }
      },
      {
        "reactor_utilization": {
          "shard": "3",
          "value": 57.41591593999987
        }
      },
      {
        "reactor_utilization": {
          "shard": "4",
          "value": 56.964488380000233
        }
      },
      {
        "reactor_utilization": {
          "shard": "5",
          "value": 49.59391919999986
        }
      },
      {
        "reactor_utilization": {
          "shard": "6",
          "value": 53.575861920000079
        }
      },
      {
        "reactor_utilization": {
          "shard": "7",
          "value": 58.769953300000076
        }
      },
      {
        "reactor_utilization": {
          "shard": "8",
          "value": 58.370966860000017
        }
      },
      {
        "reactor_utilization": {
          "shard": "9",
          "value": 67.340840060000119
        }
      },
      {
        "reactor_utilization": {
          "shard": "10",
          "value": 54.63086820000008
        }
      },
      {
        "reactor_utilization": {
          "shard": "11",
          "value": 49.996451739999955
        }
      },
      {
        "reactor_utilization": {
          "shard": "12",
          "value": 74.557821419999954
        }
      },
      {
        "reactor_utilization": {
          "shard": "13",
          "value": 94.570804160000037
        }
      },
      {
        "reactor_utilization": {
          "shard": "14",
          "value": 58.935509819999922
        }
      },
      {
        "reactor_utilization": {
          "shard": "15",
          "value": 98.571316940000017
        }
      }
    ]
  },
  {
    "metrics": [
      {
        "reactor_utilization": {
          "shard": "0",
          "value": 58.97608144000025
        }
      },
      {
        "reactor_utilization": {
          "shard": "1",
          "value": 57.975419760000044
        }
      },
      {
        "reactor_utilization": {
          "shard": "2",
          "value": 53.892824119999858
        }
      },
      {
        "reactor_utilization": {
          "shard": "3",
          "value": 54.713232879999872
        }
      },
      {
        "reactor_utilization": {
          "shard": "4",
          "value": 58.684853400000236
        }
      },
      {
        "reactor_utilization": {
          "shard": "5",
          "value": 52.472584219999874
        }
      },
      {
        "reactor_utilization": {
          "shard": "6",
          "value": 54.293190440000082
        }
      },
      {
        "reactor_utilization": {
          "shard": "7",
          "value": 61.039386120000074
        }
      },
      {
        "reactor_utilization": {
          "shard": "8",
          "value": 59.218450320000024
        }
      },
      {
        "reactor_utilization": {
          "shard": "9",
          "value": 70.069520820000136
        }
      },
      {
        "reactor_utilization": {
          "shard": "10",
          "value": 56.245228080000089
        }
      },
      {
        "reactor_utilization": {
          "shard": "11",
          "value": 51.895496239999957
        }
      },
      {
        "reactor_utilization": {
          "shard": "12",
          "value": 74.690705039999955
        }
      },
      {
        "reactor_utilization": {
          "shard": "13",
          "value": 96.102298640000043
        }
      },
      {
        "reactor_utilization": {
          "shard": "14",
          "value": 62.457640839999918
        }
      },
      {
        "reactor_utilization": {
          "shard": "15",
          "value": 98.392311060000026
        }
      }
    ]
  },
  {
    "metrics": [
      {
        "reactor_utilization": {
          "shard": "0",
          "value": 57.89850410000026
        }
      },
      {
        "reactor_utilization": {
          "shard": "1",
          "value": 60.843989120000039
        }
      },
      {
        "reactor_utilization": {
          "shard": "2",
          "value": 55.315442579999861
        }
      },
      {
        "reactor_utilization": {
          "shard": "3",
          "value": 57.835605459999876
        }
      },
      {
        "reactor_utilization": {
          "shard": "4",
          "value": 61.23552672000023
        }
      },
      {
        "reactor_utilization": {
          "shard": "5",
          "value": 53.066526639999864
        }
      },
      {
        "reactor_utilization": {
          "shard": "6",
          "value": 56.040198780000082
        }
      },
      {
        "reactor_utilization": {
          "shard": "7",
          "value": 62.316696440000065
        }
      },
      {
        "reactor_utilization": {
          "shard": "8",
          "value": 60.934097040000033
        }
      },
      {
        "reactor_utilization": {
          "shard": "9",
          "value": 72.699267760000126
        }
      },
      {
        "reactor_utilization": {
          "shard": "10",
          "value": 56.844058360000083
        }
      },
      {
        "reactor_utilization": {
          "shard": "11",
          "value": 55.71210381999996
        }
      },
      {
        "reactor_utilization": {
          "shard": "12",
          "value": 77.170394739999949
        }
      },
      {
        "reactor_utilization": {
          "shard": "13",
          "value": 97.86192802000005
        }
      },
      {
        "reactor_utilization": {
          "shard": "14",
          "value": 63.458331259999937
        }
      },
      {
        "reactor_utilization": {
          "shard": "15",
          "value": 99.457427500000023
        }
      }
    ]
  },
  {
    "metrics": [
      {
        "reactor_utilization": {
          "shard": "0",
          "value": 57.375535160000254
        }
      },
      {
        "reactor_utilization": {
          "shard": "1",
          "value": 59.197191660000037
        }
      },
      {
        "reactor_utilization": {
          "shard": "2",
          "value": 54.569538919999857
        }
      },
      {
        "reactor_utilization": {
          "shard": "3",
          "value": 57.831897379999873
        }
      },
      {
        "reactor_utilization": {
          "shard": "4",
          "value": 59.007273960000227
        }
      },
      {
        "reactor_utilization": {
          "shard": "5",
          "value": 53.108509439999864
        }
      },
      {
        "reactor_utilization": {
          "shard": "6",
          "value": 56.713821520000081
        }
      },
      {
        "reactor_utilization": {
          "shard": "7",
          "value": 64.15063454000007
        }
      },
      {
        "reactor_utilization": {
          "shard": "8",
          "value": 61.645784220000031
        }
      },
      {
        "reactor_utilization": {
          "shard": "9",
          "value": 72.194763620000117
        }
      },
      {
        "reactor_utilization": {
          "shard": "10",
          "value": 57.782353680000085
        }
      },
      {
        "reactor_utilization": {
          "shard": "11",
          "value": 55.856692919999965
        }
      },
      {
        "reactor_utilization": {
          "shard": "12",
          "value": 77.079925079999938
        }
      },
      {
        "reactor_utilization": {
          "shard": "13",
          "value": 98.203517840000046
        }
      },
      {
        "reactor_utilization": {
          "shard": "14",
          "value": 63.509569599999928
        }
      },
      {
        "reactor_utilization": {
          "shard": "15",
          "value": 99.346300980000024
        }
      }
    ]
  },
  {
    "metrics": [
      {
        "reactor_utilization": {
          "shard": "0",
          "value": 57.992895400000258
        }
      },
      {
        "reactor_utilization": {
          "shard": "1",
          "value": 58.103398500000047
        }
      },
      {
        "reactor_utilization": {
          "shard": "2",
          "value": 53.918808759999884
        }
      },
      {
        "reactor_utilization": {
          "shard": "3",
          "value": 57.297825499999874
        }
      },
      {
        "reactor_utilization": {
          "shard": "4",
          "value": 58.968121700000218
        }
      },
      {
        "reactor_utilization": {
          "shard": "5",
          "value": 52.552440679999854
        }
      },
      {
        "reactor_utilization": {
          "shard": "6",
          "value": 57.027608880000081
        }
      },
      {
        "reactor_utilization": {
          "shard": "7",
          "value": 62.028432960000067
        }
      },
      {
        "reactor_utilization": {
          "shard": "8",
          "value": 61.78040726000004
        }
      },
      {
        "reactor_utilization": {
          "shard": "9",
          "value": 72.18914266000013
        }
      },
      {
        "reactor_utilization": {
          "shard": "10",
          "value": 57.067814900000101
        }
      },
      {
        "reactor_utilization": {
          "shard": "11",
          "value": 54.384238159999953
        }
      },
      {
        "reactor_utilization": {
          "shard": "12",
          "value": 76.233043519999953
        }
      },
      {
        "reactor_utilization": {
          "shard": "13",
          "value": 97.172388100000035
        }
      },
      {
        "reactor_utilization": {
          "shard": "14",
          "value": 63.358564059999935
        }
      },
      {
        "reactor_utilization": {
          "shard": "15",
          "value": 98.672368620000029
        }
      }
    ]
  },
  {
    "metrics": [
      {
        "reactor_utilization": {
          "shard": "0",
          "value": 57.945572100000241
        }
      },
      {
        "reactor_utilization": {
          "shard": "1",
          "value": 59.756850340000042
        }
      },
      {
        "reactor_utilization": {
          "shard": "2",
          "value": 54.696509819999882
        }
      },
      {
        "reactor_utilization": {
          "shard": "3",
          "value": 57.834559659999876
        }
      },
      {
        "reactor_utilization": {
          "shard": "4",
          "value": 60.237987920000215
        }
      },
      {
        "reactor_utilization": {
          "shard": "5",
          "value": 54.257227659999849
        }
      },
      {
        "reactor_utilization": {
          "shard": "6",
          "value": 57.000933620000097
        }
      },
      {
        "reactor_utilization": {
          "shard": "7",
          "value": 62.887694240000073
        }
      },
      {
        "reactor_utilization": {
          "shard": "8",
          "value": 63.11513594000003
        }
      },
      {
        "reactor_utilization": {
          "shard": "9",
          "value": 73.321631180000139
        }
      },
      {
        "reactor_utilization": {
          "shard": "10",
          "value": 58.288085480000099
        }
      },
      {
        "reactor_utilization": {
          "shard": "11",
          "value": 55.908263159999969
        }
      },
      {
        "reactor_utilization": {
          "shard": "12",
          "value": 77.152988699999952
        }
      },
      {
        "reactor_utilization": {
          "shard": "13",
          "value": 98.431431520000046
        }
      },
      {
        "reactor_utilization": {
          "shard": "14",
          "value": 63.436142059999945
        }
      },
      {
        "reactor_utilization": {
          "shard": "15",
          "value": 99.291597100000033
        }
      }
    ]
  },
  {
    "metrics": [
      {
        "reactor_utilization": {
          "shard": "0",
          "value": 57.639750440000249
        }
      },
      {
        "reactor_utilization": {
          "shard": "1",
          "value": 58.726765120000039
        }
      },
      {
        "reactor_utilization": {
          "shard": "2",
          "value": 54.35925507999989
        }
      },
      {
        "reactor_utilization": {
          "shard": "3",
          "value": 57.799586359999864
        }
      },
      {
        "reactor_utilization": {
          "shard": "4",
          "value": 59.270333980000231
        }
      },
      {
        "reactor_utilization": {
          "shard": "5",
          "value": 52.611785039999845
        }
      },
      {
        "reactor_utilization": {
          "shard": "6",
          "value": 56.410908520000078
        }
      },
      {
        "reactor_utilization": {
          "shard": "7",
          "value": 62.020043820000062
        }
      },
      {
        "reactor_utilization": {
          "shard": "8",
          "value": 61.729871860000031
        }
      },
      {
        "reactor_utilization": {
          "shard": "9",
          "value": 72.925714360000129
        }
      },
      {
        "reactor_utilization": {
          "shard": "10",
          "value": 58.400324900000115
        }
      },
      {
        "reactor_utilization": {
          "shard": "11",
          "value": 56.793811119999972
        }
      },
      {
        "reactor_utilization": {
          "shard": "12",
          "value": 78.074394179999956
        }
      },
      {
        "reactor_utilization": {
          "shard": "13",
          "value": 98.694242260000038
        }
      },
      {
        "reactor_utilization": {
          "shard": "14",
          "value": 64.259439199999917
        }
      },
      {
        "reactor_utilization": {
          "shard": "15",
          "value": 99.631227480000035
        }
      }
    ]
  },
  {
    "metrics": [
      {
        "reactor_utilization": {
          "shard": "0",
          "value": 58.556063400000248
        }
      },
      {
        "reactor_utilization": {
          "shard": "1",
          "value": 59.186300260000039
        }
      },
      {
        "reactor_utilization": {
          "shard": "2",
          "value": 55.910625219999886
        }
      },
      {
        "reactor_utilization": {
          "shard": "3",
          "value": 57.071093039999866
        }
      },
      {
        "reactor_utilization": {
          "shard": "4",
          "value": 60.36162808000023
        }
      },
      {
        "reactor_utilization": {
          "shard": "5",
          "value": 53.484226699999851
        }
      },
      {
        "reactor_utilization": {
          "shard": "6",
          "value": 57.56639270000008
        }
      },
      {
        "reactor_utilization": {
          "shard": "7",
          "value": 61.754064200000073
        }
      },
      {
        "reactor_utilization": {
          "shard": "8",
          "value": 62.79911962000002
        }
      },
      {
        "reactor_utilization": {
          "shard": "9",
          "value": 72.564633900000132
        }
      },
      {
        "reactor_utilization": {
          "shard": "10",
          "value": 57.155271200000101
        }
      },
      {
        "reactor_utilization": {
          "shard": "11",
          "value": 55.085845659999968
        }
      },
      {
        "reactor_utilization": {
          "shard": "12",
          "value": 77.210020959999937
        }
      },
      {
        "reactor_utilization": {
          "shard": "13",
          "value": 98.438226780000036
        }
      },
      {
        "reactor_utilization": {
          "shard": "14",
          "value": 63.866911299999927
        }
      },
      {
        "reactor_utilization": {
          "shard": "15",
          "value": 99.505763540000032
        }
      }
    ]
  },
  {
    "metrics": [
      {
        "reactor_utilization": {
          "shard": "0",
          "value": 57.241767560000234
        }
      },
      {
        "reactor_utilization": {
          "shard": "1",
          "value": 59.508929780000045
        }
      },
      {
        "reactor_utilization": {
          "shard": "2",
          "value": 55.15218955999989
        }
      },
      {
        "reactor_utilization": {
          "shard": "3",
          "value": 56.824222079999863
        }
      },
      {
        "reactor_utilization": {
          "shard": "4",
          "value": 59.311983740000244
        }
      },
      {
        "reactor_utilization": {
          "shard": "5",
          "value": 52.341323059999844
        }
      },
      {
        "reactor_utilization": {
          "shard": "6",
          "value": 56.077011140000067
        }
      },
      {
        "reactor_utilization": {
          "shard": "7",
          "value": 62.590866660000067
        }
      },
      {
        "reactor_utilization": {
          "shard": "8",
          "value": 61.852874460000031
        }
      },
      {
        "reactor_utilization": {
          "shard": "9",
          "value": 72.555325140000122
        }
      },
      {
        "reactor_utilization": {
          "shard": "10",
          "value": 57.75459244000011
        }
      },
      {
        "reactor_utilization": {
          "shard": "11",
          "value": 55.555035399999966
        }
      },
      {
        "reactor_utilization": {
          "shard": "12",
          "value": 76.513534119999946
        }
      },
      {
        "reactor_utilization": {
          "shard": "13",
          "value": 98.45090318000004
        }
      },
      {
        "reactor_utilization": {
          "shard": "14",
          "value": 63.633788119999934
        }
      },
      {
        "reactor_utilization": {
          "shard": "15",
          "value": 99.394108680000031
        }
      }
    ]
  },
  {
    "metrics": [
      {
        "reactor_utilization": {
          "shard": "0",
          "value": 56.945611920000225
        }
      },
      {
        "reactor_utilization": {
          "shard": "1",
          "value": 58.287633440000043
        }
      },
      {
        "reactor_utilization": {
          "shard": "2",
          "value": 54.451198939999877
        }
      },
      {
        "reactor_utilization": {
          "shard": "3",
          "value": 56.349843639999861
        }
      },
      {
        "reactor_utilization": {
          "shard": "4",
          "value": 59.98805684000024
        }
      },
      {
        "reactor_utilization": {
          "shard": "5",
          "value": 52.900643659999858
        }
      },
      {
        "reactor_utilization": {
          "shard": "6",
          "value": 56.04774242000007
        }
      },
      {
        "reactor_utilization": {
          "shard": "7",
          "value": 62.473010580000057
        }
      },
      {
        "reactor_utilization": {
          "shard": "8",
          "value": 61.52504122000002
        }
      },
      {
        "reactor_utilization": {
          "shard": "9",
          "value": 72.48262062000012
        }
      },
      {
        "reactor_utilization": {
          "shard": "10",
          "value": 56.883486640000115
        }
      },
      {
        "reactor_utilization": {
          "shard": "11",
          "value": 55.762159139999959
        }
      },
      {
        "reactor_utilization": {
          "shard": "12",
          "value": 76.49547325999994
        }
      },
      {
        "reactor_utilization": {
          "shard": "13",
          "value": 98.420698660000042
        }
      },
      {
        "reactor_utilization": {
          "shard": "14",
          "value": 63.961411739999932
        }
      },
      {
        "reactor_utilization": {
          "shard": "15",
          "value": 99.299588440000036
        }
      }
    ]
  },
  {
    "metrics": [
      {
        "reactor_utilization": {
          "shard": "0",
          "value": 58.767066540000236
        }
      },
      {
        "reactor_utilization": {
          "shard": "1",
          "value": 59.287852360000045
        }
      },
      {
        "reactor_utilization": {
          "shard": "2",
          "value": 52.19199325999989
        }
      },
      {
        "reactor_utilization": {
          "shard": "3",
          "value": 58.590905779999858
        }
      },
      {
        "reactor_utilization": {
          "shard": "4",
          "value": 59.490610620000226
        }
      },
      {
        "reactor_utilization": {
          "shard": "5",
          "value": 51.947605119999849
        }
      },
      {
        "reactor_utilization": {
          "shard": "6",
          "value": 56.860800380000079
        }
      },
      {
        "reactor_utilization": {
          "shard": "7",
          "value": 62.100644820000049
        }
      },
      {
        "reactor_utilization": {
          "shard": "8",
          "value": 60.780531320000023
        }
      },
      {
        "reactor_utilization": {
          "shard": "9",
          "value": 71.83915038000012
        }
      },
      {
        "reactor_utilization": {
          "shard": "10",
          "value": 55.383003360000117
        }
      },
      {
        "reactor_utilization": {
          "shard": "11",
          "value": 56.760247119999953
        }
      },
      {
        "reactor_utilization": {
          "shard": "12",
          "value": 75.757449359999953
        }
      },
      {
        "reactor_utilization": {
          "shard": "13",
          "value": 95.10319738000004
        }
      },
      {
        "reactor_utilization": {
          "shard": "14",
          "value": 61.753103499999931
        }
      },
      {
        "reactor_utilization": {
          "shard": "15",
          "value": 99.622677960000033
        }
      }
    ]
  },
  {
    "metrics": [
      {
        "reactor_utilization": {
          "shard": "0",
          "value": 59.488076960000235
        }
      },
      {
        "reactor_utilization": {
          "shard": "1",
          "value": 59.042022340000045
        }
      },
      {
        "reactor_utilization": {
          "shard": "2",
          "value": 54.006226799999901
        }
      },
      {
        "reactor_utilization": {
          "shard": "3",
          "value": 57.381397179999858
        }
      },
      {
        "reactor_utilization": {
          "shard": "4",
          "value": 60.432449440000227
        }
      },
      {
        "reactor_utilization": {
          "shard": "5",
          "value": 54.89648709999986
        }
      },
      {
        "reactor_utilization": {
          "shard": "6",
          "value": 56.251689060000075
        }
      },
      {
        "reactor_utilization": {
          "shard": "7",
          "value": 61.767887400000056
        }
      },
      {
        "reactor_utilization": {
          "shard": "8",
          "value": 62.754778040000012
        }
      },
      {
        "reactor_utilization": {
          "shard": "9",
          "value": 72.64559296000013
        }
      },
      {
        "reactor_utilization": {
          "shard": "10",
          "value": 58.581281320000123
        }
      },
      {
        "reactor_utilization": {
          "shard": "11",
          "value": 56.68183929999995
        }
      },
      {
        "reactor_utilization": {
          "shard": "12",
          "value": 75.238781539999948
        }
      },
      {
        "reactor_utilization": {
          "shard": "13",
          "value": 97.988328800000033
        }
      },
      {
        "reactor_utilization": {
          "shard": "14",
          "value": 62.853473679999937
        }
      },
      {
        "reactor_utilization": {
          "shard": "15",
          "value": 99.438873960000024
        }
      }
    ]
  },
  {
    "metrics": [
      {
        "reactor_utilization": {
          "shard": "0",
          "value": 59.609937980000225
        }
      },
      {
        "reactor_utilization": {
          "shard": "1",
          "value": 57.050042700000049
        }
      },
      {
        "reactor_utilization": {
          "shard": "2",
          "value": 52.285324319999901
        }
      },
      {
        "reactor_utilization": {
          "shard": "3",
          "value": 54.879090479999867
        }
      },
      {
        "reactor_utilization": {
          "shard": "4",
          "value": 60.584649580000224
        }
      },
      {
        "reactor_utilization": {
          "shard": "5",
          "value": 53.591696279999866
        }
      },
      {
        "reactor_utilization": {
          "shard": "6",
          "value": 56.784077920000072
        }
      },
      {
        "reactor_utilization": {
          "shard": "7",
          "value": 61.556058560000046
        }
      },
      {
        "reactor_utilization": {
          "shard": "8",
          "value": 61.434933300000004
        }
      },
      {
        "reactor_utilization": {
          "shard": "9",
          "value": 71.720764320000129
        }
      },
      {
        "reactor_utilization": {
          "shard": "10",
          "value": 56.123863080000127
        }
      },
      {
        "reactor_utilization": {
          "shard": "11",
          "value": 55.436801279999933
        }
      },
      {
        "reactor_utilization": {
          "shard": "12",
          "value": 76.902493459999945
        }
      },
      {
        "reactor_utilization": {
          "shard": "13",
          "value": 98.922047660000047
        }
      },
      {
        "reactor_utilization": {
          "shard": "14",
          "value": 63.519934919999933
        }
      },
      {
        "reactor_utilization": {
          "shard": "15",
          "value": 98.288292440000021
        }
      }
    ]
  }
]
