[
  {
    "metrics": [
      {
        "reactor_utilization": {
          "shard": "0",
          "value": 89.416533500000256
        }
      },
      {
        "reactor_utilization": {
          "shard": "1",
          "value": 85.79544958000001
        }
      },
      {
        "reactor_utilization": {
          "shard": "2",
          "value": 86.422659179999854
        }
      },
      {
        "reactor_utilization": {
          "shard": "3",
          "value": 80.675697099999894
        }
      },
      {
        "reactor_utilization": {
          "shard": "4",
          "value": 77.895051680000179
        }
      },
      {
        "reactor_utilization": {
          "shard": "5",
          "value": 84.421758879999871
        }
      },
      {
        "reactor_utilization": {
          "shard": "6",
          "value": 87.951164620000071
        }
      },
      {
        "reactor_utilization": {
          "shard": "7",
          "value": 87.614888680000064
        }
      },
      {
        "reactor_utilization": {
          "shard": "8",
          "value": 91.866900319999999
        }
      },
      {
        "reactor_utilization": {
          "shard": "9",
          "value": 95.332523740000113
        }
      },
      {
        "reactor_utilization": {
          "shard": "10",
          "value": 90.407350640000033
        }
      },
      {
        "reactor_utilization": {
          "shard": "11",
          "value": 95.738437839999918
        }
      },
      {
        "reactor_utilization": {
          "shard": "12",
          "value": 99.998934759999969
        }
      },
      {
        "reactor_utilization": {
          "shard": "13",
          "value": 96.416785600000026
        }
      },
      {
        "reactor_utilization": {
          "shard": "14",
          "value": 90.257638819999926
        }
      },
      {
        "reactor_utilization": {
          "shard": "15",
          "value": 99.997840140000022
        }
      }
    ]
  },
  {
    "metrics": [
      {
        "reactor_utilization": {
          "shard": "0",
          "value": 90.646384380000242
        }
      },
      {
        "reactor_utilization": {
          "shard": "1",
          "value": 85.287496400000023
        }
      },
      {
        "reactor_utilization": {
          "shard": "2",
          "value": 85.668079359999865
        }
      },
      {
        "reactor_utilization": {
          "shard": "3",
          "value": 81.491219359999889
        }
      },
      {
        "reactor_utilization": {
          "shard": "4",
          "value": 78.266384280000167
        }
      },
      {
        "reactor_utilization": {
          "shard": "5",
          "value": 83.874458859999891
        }
      },
      {
        "reactor_utilization": {
          "shard": "6",
          "value": 86.272669220000068
        }
      },
      {
        "reactor_utilization": {
          "shard": "7",
          "value": 88.000248900000059
        }
      },
      {
        "reactor_utilization": {
          "shard": "8",
          "value": 91.448324400000004
        }
      },
      {
        "reactor_utilization": {
          "shard": "9",
          "value": 94.700018420000106
        }
      },
      {
        "reactor_utilization": {
          "shard": "10",
          "value": 90.273863500000033
        }
      },
      {
        "reactor_utilization": {
          "shard": "11",
          "value": 97.396486359999912
        }
      },
      {
        "reactor_utilization": {
          "shard": "12",
          "value": 99.99955543999998
        }
      },
      {
        "reactor_utilization": {
          "shard": "13",
          "value": 96.998175140000029
        }
      },
      {
        "reactor_utilization": {
          "shard": "14",
          "value": 88.805146639999933
        }
      },
      {
        "reactor_utilization": {
          "shard": "15",
          "value": 99.474805300000014
        }
      }
    ]
  },
  {
    "metrics": [
      {
        "reactor_utilization": {
          "shard": "0",
          "value": 89.056554700000248
        }
      },
      {
        "reactor_utilization": {
          "shard": "1",
          "value": 86.636728560000023
        }
      },
      {
        "reactor_utilization": {
          "shard": "2",
          "value": 87.885703639999861
        }
      },
      {
        "reactor_utilization": {
          "shard": "3",
          "value": 80.101042179999894
        }
      },
      {
        "reactor_utilization": {
          "shard": "4",
          "value": 79.066912720000175
        }
      },
      {
        "reactor_utilization": {
          "shard": "5",
          "value": 83.297961499999886
        }
      },
      {
        "reactor_utilization": {
          "shard": "6",
          "value": 87.433351120000054
        }
      },
      {
        "reactor_utilization": {
          "shard": "7",
          "value": 87.258529520000067
        }
      },
      {
        "reactor_utilization": {
          "shard": "8",
          "value": 92.351357620000002
        }
      },
      {
        "reactor_utilization": {
          "shard": "9",
          "value": 95.163311780000114
        }
      },
      {
        "reactor_utilization": {
          "shard": "10",
          "value": 91.481612800000036
        }
      },
      {
        "reactor_utilization": {
          "shard": "11",
          "value": 98.338987799999913
        }
      },
      {
        "reactor_utilization": {
          "shard": "12",
          "value": 99.999927379999974
        }
      },
      {
        "reactor_utilization": {
          "shard": "13",
          "value": 96.065419080000041
        }
      },
      {
        "reactor_utilization": {
          "shard": "14",
          "value": 89.30476393999993
        }
      },
      {
        "reactor_utilization": {
          "shard": "15",
          "value": 98.900858200000016
        }
      }
    ]
  },
  {
    "metrics": [
      {
        "reactor_utilization": {
          "shard": "0",
          "value": 89.490115900000248
        }
      },
      {
        "reactor_utilization": {
          "shard": "1",
          "value": 86.099087880000027
        }
      },
      {
        "reactor_utilization": {
          "shard": "2",
          "value": 86.42568379999986
        }
      },
      {
        "reactor_utilization": {
          "shard": "3",
          "value": 82.719105639999896
        }
      },
      {
        "reactor_utilization": {
          "shard": "4",
          "value": 77.655291340000161
        }
      },
      {
        "reactor_utilization": {
          "shard": "5",
          "value": 83.689497319999887
        }
      },
      {
        "reactor_utilization": {
          "shard": "6",
          "value": 86.280063180000056
        }
      },
      {
        "reactor_utilization": {
          "shard": "7",
          "value": 87.18237490000007
        }
      },
      {
        "reactor_utilization": {
          "shard": "8",
          "value": 91.815852460000002
        }
      },
      {
        "reactor_utilization": {
          "shard": "9",
          "value": 96.206623220000111
        }
      },
      {
        "reactor_utilization": {
          "shard": "10",
          "value": 89.883876660000041
        }
      },
      {
        "reactor_utilization": {
          "shard": "11",
          "value": 98.732351379999912
        }
      },
      {
        "reactor_utilization": {
          "shard": "12",
          "value": 99.999971199999976
        }
      },
      {
        "reactor_utilization": {
          "shard": "13",
          "value": 95.832341300000039
        }
      },
      {
        "reactor_utilization": {
          "shard": "14",
          "value": 88.83171497999993
        }
      },
      {
        "reactor_utilization": {
          "shard": "15",
          "value": 99.301309140000015
        }
      }
    ]
  },
  {
    "metrics": [
      {
        "reactor_utilization": {
          "shard": "0",
          "value": 90.830954180000248
        }
      },
      {
        "reactor_utilization": {
          "shard": "1",
          "value": 85.55389488000003
        }
      },
      {
        "reactor_utilization": {
          "shard": "2",
          "value": 87.547029859999853
        }
      },
      {
        "reactor_utilization": {
          "shard": "3",
          "value": 82.08384405999989
        }
      },
      {
        "reactor_utilization": {
          "shard": "4",
          "value": 77.800488500000171
        }
      },
      {
        "reactor_utilization": {
          "shard": "5",
          "value": 84.02416753999988
        }
      },
      {
        "reactor_utilization": {
          "shard": "6",
          "value": 87.910417820000063
        }
      },
      {
        "reactor_utilization": {
          "shard": "7",
          "value": 87.21737030000007
        }
      },
      {
        "reactor_utilization": {
          "shard": "8",
          "value": 93.480701980000006
        }
      },
      {
        "reactor_utilization": {
          "shard": "9",
          "value": 97.006084960000123
        }
      },
      {
        "reactor_utilization": {
          "shard": "10",
          "value": 92.689069420000038
        }
      },
      {
        "reactor_utilization": {
          "shard": "11",
          "value": 98.806687939999918
        }
      },
      {
        "reactor_utilization": {
          "shard": "12",
          "value": 99.996830779999968
        }
      },
      {
        "reactor_utilization": {
          "shard": "13",
          "value": 96.785588720000035
        }
      },
      {
        "reactor_utilization": {
          "shard": "14",
          "value": 88.896008739999928
        }
      },
      {
        "reactor_utilization": {
          "shard": "15",
          "value": 99.993338280000017
        }
      }
    ]
  },
  {
    "metrics": [
      {
        "reactor_utilization": {
          "shard": "0",
          "value": 88.654751720000249
        }
      },
      {
        "reactor_utilization": {
          "shard": "1",
          "value": 85.585267020000018
        }
      },
      {
        "reactor_utilization": {
          "shard": "2",
          "value": 85.895485419999858
        }
      },
      {
        "reactor_utilization": {
          "shard": "3",
          "value": 83.214225099999894
        }
      },
      {
        "reactor_utilization": {
          "shard": "4",
          "value": 78.822123980000171
        }
      },
      {
        "reactor_utilization": {
          "shard": "5",
          "value": 84.553027399999877
        }
      },
      {
        "reactor_utilization": {
          "shard": "6",
          "value": 87.136549300000055
        }
      },
      {
        "reactor_utilization": {
          "shard": "7",
          "value": 85.420794980000068
        }
      },
      {
        "reactor_utilization": {
          "shard": "8",
          "value": 92.354582559999997
        }
      },
      {
        "reactor_utilization": {
          "shard": "9",
          "value": 95.914703640000113
        }
      },
      {
        "reactor_utilization": {
          "shard": "10",
          "value": 92.093517560000038
        }
      },
      {
        "reactor_utilization": {
          "shard": "11",
          "value": 99.990029239999913
        }
      },
      {
        "reactor_utilization": {
          "shard": "12",
          "value": 99.996727139999976
        }
      },
      {
        "reactor_utilization": {
          "shard": "13",
          "value": 97.955607020000031
        }
      },
      {
        "reactor_utilization": {
          "shard": "14",
          "value": 89.221747679999936
        }
      },
      {
        "reactor_utilization": {
          "shard": "15",
          "value": 99.103772580000012
        }
      }
    ]
  },
  {
    "metrics": [
      {
        "reactor_utilization": {
          "shard": "0",
          "value": 90.941991200000245
        }
      },
      {
        "reactor_utilization": {
          "shard": "1",
          "value": 88.441669540000021
        }
      },
      {
        "reactor_utilization": {
          "shard": "2",
          "value": 89.789579799999871
        }
      },
      {
        "reactor_utilization": {
          "shard": "3",
          "value": 87.310263019999894
        }
      },
      {
        "reactor_utilization": {
          "shard": "4",
          "value": 80.108417720000176
        }
      },
      {
        "reactor_utilization": {
          "shard": "5",
          "value": 88.018676119999881
        }
      },
      {
        "reactor_utilization": {
          "shard": "6",
          "value": 90.264551320000066
        }
      },
      {
        "reactor_utilization": {
          "shard": "7",
          "value": 90.819758520000065
        }
      },
      {
        "reactor_utilization": {
          "shard": "8",
          "value": 92.618453040000006
        }
      },
      {
        "reactor_utilization": {
          "shard": "9",
          "value": 95.11640392000011
        }
      },
      {
        "reactor_utilization": {
          "shard": "10",
          "value": 91.001497640000039
        }
      },
      {
        "reactor_utilization": {
          "shard": "11",
          "value": 99.93796293999992
        }
      },
      {
        "reactor_utilization": {
          "shard": "12",
          "value": 99.981500579999974
        }
      },
      {
        "reactor_utilization": {
          "shard": "13",
          "value": 98.225129440000032
        }
      },
      {
        "reactor_utilization": {
          "shard": "14",
          "value": 90.728506439999933
        }
      },
      {
        "reactor_utilization": {
          "shard": "15",
          "value": 98.623410360000022
        }
      }
    ]
  },
  {
    "metrics": [
      {
        "reactor_utilization": {
          "shard": "0",
          "value": 90.75476576000024
        }
      },
      {
        "reactor_utilization": {
          "shard": "1",
          "value": 89.031812620000025
        }
      },
      {
        "reactor_utilization": {
          "shard": "2",
          "value": 86.752567119999853
        }
      },
      {
        "reactor_utilization": {
          "shard": "3",
          "value": 80.686906479999891
        }
      },
      {
        "reactor_utilization": {
          "shard": "4",
          "value": 78.104045260000163
        }
      },
      {
        "reactor_utilization": {
          "shard": "5",
          "value": 84.765742319999887
        }
      },
      {
        "reactor_utilization": {
          "shard": "6",
          "value": 86.424408520000057
        }
      },
      {
        "reactor_utilization": {
          "shard": "7",
          "value": 86.377241580000074
        }
      },
      {
        "reactor_utilization": {
          "shard": "8",
          "value": 94.403817500000002
        }
      },
      {
        "reactor_utilization": {
          "shard": "9",
          "value": 95.032328540000108
        }
      },
      {
        "reactor_utilization": {
          "shard": "10",
          "value": 93.805413140000041
        }
      },
      {
        "reactor_utilization": {
          "shard": "11",
          "value": 98.484276559999913
        }
      },
      {
        "reactor_utilization": {
          "shard": "12",
          "value": 97.152345939999975
        }
      },
      {
        "reactor_utilization": {
          "shard": "13",
          "value": 99.391034220000023
        }
      },
      {
        "reactor_utilization": {
          "shard": "14",
          "value": 90.192183139999941
        }
      },
      {
        "reactor_utilization": {
          "shard": "15",
          "value": 98.526321440000018
        }
      }
    ]
  },
  {
    "metrics": [
      {
        "reactor_utilization": {
          "shard": "0",
          "value": 86.399184700000248
        }
      },
      {
        "reactor_utilization": {
          "shard": "1",
          "value": 81.526573240000033
        }
      },
      {
        "reactor_utilization": {
          "shard": "2",
          "value": 82.049533679999868
        }
      },
      {
        "reactor_utilization": {
          "shard": "3",
          "value": 77.927155919999905
        }
      },
      {
        "reactor_utilization": {
          "shard": "4",
          "value": 75.480480180000171
        }
      },
      {
        "reactor_utilization": {
          "shard": "5",
          "value": 79.583597759999876
        }
      },
      {
        "reactor_utilization": {
          "shard": "6",
          "value": 83.234320280000048
        }
      },
      {
        "reactor_utilization": {
          "shard": "7",
          "value": 81.983602500000075
        }
      },
      {
        "reactor_utilization": {
          "shard": "8",
          "value": 89.738836939999999
        }
      },
      {
        "reactor_utilization": {
          "shard": "9",
          "value": 97.067660340000117
        }
      },
      {
        "reactor_utilization": {
          "shard": "10",
          "value": 90.321718040000036
        }
      },
      {
        "reactor_utilization": {
          "shard": "11",
          "value": 97.667983199999924
        }
      },
      {
        "reactor_utilization": {
          "shard": "12",
          "value": 94.80092443999996
        }
      },
      {
        "reactor_utilization": {
          "shard": "13",
          "value": 96.599828060000036
        }
      },
      {
        "reactor_utilization": {
          "shard": "14",
          "value": 93.216065359999931
        }
      },
      {
        "reactor_utilization": {
          "shard": "15",
          "value": 97.91124308000002
        }
      }
    ]
  },
  {
    "metrics": [
      {
        "reactor_utilization": {
          "shard": "0",
          "value": 85.285324200000247
        }
      },
      {
        "reactor_utilization": {
          "shard": "1",
          "value": 83.416372380000027
        }
      },
      {
        "reactor_utilization": {
          "shard": "2",
          "value": 82.301349199999862
        }
      },
      {
        "reactor_utilization": {
          "shard": "3",
          "value": 78.521344979999895
        }
      },
      {
        "reactor_utilization": {
          "shard": "4",
          "value": 74.606666260000168
        }
      },
      {
        "reactor_utilization": {
          "shard": "5",
          "value": 81.911841279999891
        }
      },
      {
        "reactor_utilization": {
          "shard": "6",
          "value": 83.45067710000005
        }
      },
      {
        "reactor_utilization": {
          "shard": "7",
          "value": 82.704141340000078
        }
      },
      {
        "reactor_utilization": {
          "shard": "8",
          "value": 90.512007660000009
        }
      },
      {
        "reactor_utilization": {
          "shard": "9",
          "value": 96.03467744000011
        }
      },
      {
        "reactor_utilization": {
          "shard": "10",
          "value": 86.842897800000031
        }
      },
      {
        "reactor_utilization": {
          "shard": "11",
          "value": 98.903029559999908
        }
      },
      {
        "reactor_utilization": {
          "shard": "12",
          "value": 96.022544819999965
        }
      },
      {
        "reactor_utilization": {
          "shard": "13",
          "value": 98.884459900000039
        }
      },
      {
        "reactor_utilization": {
          "shard": "14",
          "value": 88.406747999999936
        }
      },
      {
        "reactor_utilization": {
          "shard": "15",
          "value": 98.485594700000021
        }
      }
    ]
  },
  {
    "metrics": [
      {
        "reactor_utilization": {
          "shard": "0",
          "value": 85.38142776000025
        }
      },
      {
        "reactor_utilization": {
          "shard": "1",
          "value": 83.400110100000035
        }
      },
      {
        "reactor_utilization": {
          "shard": "2",
          "value": 83.052207659999851
        }
      },
      {
        "reactor_utilization": {
          "shard": "3",
          "value": 79.15028095999989
        }
      },
      {
        "reactor_utilization": {
          "shard": "4",
          "value": 74.298589560000167
        }
      },
      {
        "reactor_utilization": {
          "shard": "5",
          "value": 80.610950079999881
        }
      },
      {
        "reactor_utilization": {
          "shard": "6",
          "value": 83.310893600000057
        }
      },
      {
        "reactor_utilization": {
          "shard": "7",
          "value": 83.898724360000074
        }
      },
      {
        "reactor_utilization": {
          "shard": "8",
          "value": 88.905690160000006
        }
      },
      {
        "reactor_utilization": {
          "shard": "9",
          "value": 91.157461220000116
        }
      },
      {
        "reactor_utilization": {
          "shard": "10",
          "value": 87.109208680000023
        }
      },
      {
        "reactor_utilization": {
          "shard": "11",
          "value": 95.158882059999911
        }
      },
      {
        "reactor_utilization": {
          "shard": "12",
          "value": 99.98727793999997
        }
      },
      {
        "reactor_utilization": {
          "shard": "13",
          "value": 94.140986880000028
        }
      },
      {
        "reactor_utilization": {
          "shard": "14",
          "value": 86.726467939999935
        }
      },
      {
        "reactor_utilization": {
          "shard": "15",
          "value": 99.542409500000019
        }
      }
    ]
  },
  {
    "metrics": [
      {
        "reactor_utilization": {
          "shard": "0",
          "value": 86.760935040000248
        }
      },
      {
        "reactor_utilization": {
          "shard": "1",
          "value": 82.86497312000003
        }
      },
      {
        "reactor_utilization": {
          "shard": "2",
          "value": 84.119716019999856
        }
      },
      {
        "reactor_utilization": {
          "shard": "3",
          "value": 76.973293779999906
        }
      },
      {
        "reactor_utilization": {
          "shard": "4",
          "value": 75.288803820000183
        }
      },
      {
        "reactor_utilization": {
          "shard": "5",
          "value": 82.221915439999876
        }
      },
      {
        "reactor_utilization": {
          "shard": "6",
          "value": 84.069228400000057
        }
      },
      {
        "reactor_utilization": {
          "shard": "7",
          "value": 85.03049366000009
        }
      },
      {
        "reactor_utilization": {
          "shard": "8",
          "value": 90.019942540000002
        }
      },
      {
        "reactor_utilization": {
          "shard": "9",
          "value": 91.098919180000109
        }
      },
      {
        "reactor_utilization": {
          "shard": "10",
          "value": 86.769478740000025
        }
      },
      {
        "reactor_utilization": {
          "shard": "11",
          "value": 94.569516299999918
        }
      },
      {
        "reactor_utilization": {
          "shard": "12",
          "value": 99.993139239999977
        }
      },
      {
        "reactor_utilization": {
          "shard": "13",
          "value": 94.580436780000028
        }
      },
      {
        "reactor_utilization": {
          "shard": "14",
          "value": 86.899725099999941
        }
      },
      {
        "reactor_utilization": {
          "shard": "15",
          "value": 99.99654218000002
        }
      }
    ]
  },
  {
    "metrics": [
      {
        "reactor_utilization": {
          "shard": "0",
          "value": 89.700506080000252
        }
      },
      {
        "reactor_utilization": {
          "shard": "1",
          "value": 86.414049920000039
        }
      },
      {
        "reactor_utilization": {
          "shard": "2",
          "value": 87.167957939999866
        }
      },
      {
        "reactor_utilization": {
          "shard": "3",
          "value": 80.6941627799999
        }
      },
      {
        "reactor_utilization": {
          "shard": "4",
          "value": 77.988813520000178
        }
      },
      {
        "reactor_utilization": {
          "shard": "5",
          "value": 83.223762499999879
        }
      },
      {
        "reactor_utilization": {
          "shard": "6",
          "value": 85.777884260000064
        }
      },
      {
        "reactor_utilization": {
          "shard": "7",
          "value": 87.272077020000083
        }
      },
      {
        "reactor_utilization": {
          "shard": "8",
          "value": 92.669564120000004
        }
      },
      {
        "reactor_utilization": {
          "shard": "9",
          "value": 95.395581180000121
        }
      },
      {
        "reactor_utilization": {
          "shard": "10",
          "value": 91.32330800000004
        }
      },
      {
        "reactor_utilization": {
          "shard": "11",
          "value": 97.03850733999991
        }
      },
      {
        "reactor_utilization": {
          "shard": "12",
          "value": 99.999197859999967
        }
      },
      {
        "reactor_utilization": {
          "shard": "13",
          "value": 96.427030960000039
        }
      },
      {
        "reactor_utilization": {
          "shard": "14",
          "value": 90.921447919999949
        }
      },
      {
        "reactor_utilization": {
          "shard": "15",
          "value": 99.994004060000023
        }
      }
    ]
  },
  {
    "metrics": [
      {
        "reactor_utilization": {
          "shard": "0",
          "value": 87.72733750000026
        }
      },
      {
        "reactor_utilization": {
          "shard": "1",
          "value": 84.601381900000021
        }
      },
      {
        "reactor_utilization": {
          "shard": "2",
          "value": 84.942812519999862
        }
      },
      {
        "reactor_utilization": {
          "shard": "3",
          "value": 81.88304103999991
        }
      },
      {
        "reactor_utilization": {
          "shard": "4",
          "value": 76.58987292000019
        }
      },
      {
        "reactor_utilization": {
          "shard": "5",
          "value": 83.019776299999876
        }
      },
      {
        "reactor_utilization": {
          "shard": "6",
          "value": 84.773946880000068
        }
      },
      {
        "reactor_utilization": {
          "shard": "7",
          "value": 87.277996980000083
        }
      },
      {
        "reactor_utilization": {
          "shard": "8",
          "value": 91.020887979999998
        }
      },
      {
        "reactor_utilization": {
          "shard": "9",
          "value": 94.85249850000011
        }
      },
      {
        "reactor_utilization": {
          "shard": "10",
          "value": 88.981668360000029
        }
      },
      {
        "reactor_utilization": {
          "shard": "11",
          "value": 98.322172199999912
        }
      },
      {
        "reactor_utilization": {
          "shard": "12",
          "value": 99.093269679999977
        }
      },
      {
        "reactor_utilization": {
          "shard": "13",
          "value": 97.650262820000037
        }
      },
      {
        "reactor_utilization": {
          "shard": "14",
          "value": 88.535648099999946
        }
      },
      {
        "reactor_utilization": {
          "shard": "15",
          "value": 99.123742760000027
        }
      }
    ]
  },
  {
    "metrics": [
      {
        "reactor_utilization": {
          "shard": "0",
          "value": 89.279990980000264
        }
      },
      {
        "reactor_utilization": {
          "shard": "1",
          "value": 86.316720460000028
        }
      },
      {
        "reactor_utilization": {
          "shard": "2",
          "value": 86.814253899999855
        }
      },
      {
        "reactor_utilization": {
          "shard": "3",
          "value": 82.127103399999896
        }
      },
      {
        "reactor_utilization": {
          "shard": "4",
          "value": 78.542208000000187
        }
      },
      {
        "reactor_utilization": {
          "shard": "5",
          "value": 85.642392319999885
        }
      },
      {
        "reactor_utilization": {
          "shard": "6",
          "value": 86.355023780000067
        }
      },
      {
        "reactor_utilization": {
          "shard": "7",
          "value": 89.112850740000084
        }
      },
      {
        "reactor_utilization": {
          "shard": "8",
          "value": 93.212386280000004
        }
      },
      {
        "reactor_utilization": {
          "shard": "9",
          "value": 97.237266340000119
        }
      },
      {
        "reactor_utilization": {
          "shard": "10",
          "value": 89.648065100000039
        }
      },
      {
        "reactor_utilization": {
          "shard": "11",
          "value": 97.801263359999908
        }
      },
      {
        "reactor_utilization": {
          "shard": "12",
          "value": 99.99579479999997
        }
      },
      {
        "reactor_utilization": {
          "shard": "13",
          "value": 98.803832980000038
        }
      },
      {
        "reactor_utilization": {
          "shard": "14",
          "value": 90.245954699999942
        }
      },
      {
        "reactor_utilization": {
          "shard": "15",
          "value": 99.992442760000017
        }
      }
    ]
  },
  {
    "metrics": [
      {
        "reactor_utilization": {
          "shard": "0",
          "value": 88.289097520000254
        }
      },
      {
        "reactor_utilization": {
          "shard": "1",
          "value": 85.722424580000038
        }
      },
      {
        "reactor_utilization": {
          "shard": "2",
          "value": 86.382874919999864
        }
      },
      {
        "reactor_utilization": {
          "shard": "3",
          "value": 81.383617779999895
        }
      },
      {
        "reactor_utilization": {
          "shard": "4",
          "value": 77.664743920000177
        }
      },
      {
        "reactor_utilization": {
          "shard": "5",
          "value": 85.11535435999987
        }
      },
      {
        "reactor_utilization": {
          "shard": "6",
          "value": 86.404638680000062
        }
      },
      {
        "reactor_utilization": {
          "shard": "7",
          "value": 87.378572540000079
        }
      },
      {
        "reactor_utilization": {
          "shard": "8",
          "value": 91.213531779999997
        }
      },
      {
        "reactor_utilization": {
          "shard": "9",
          "value": 95.892683380000122
        }
      },
      {
        "reactor_utilization": {
          "shard": "10",
          "value": 89.554818980000036
        }
      },
      {
        "reactor_utilization": {
          "shard": "11",
          "value": 98.248490019999906
        }
      },
      {
        "reactor_utilization": {
          "shard": "12",
          "value": 99.994278199999968
        }
      },
      {
        "reactor_utilization": {
          "shard": "13",
          "value": 97.315417720000028
        }
      },
      {
        "reactor_utilization": {
          "shard": "14",
          "value": 89.316842279999946
        }
      },
      {
        "reactor_utilization": {
          "shard": "15",
          "value": 99.986779680000012
        }
      }
    ]
  },
  {
    "metrics": [
      {
        "reactor_utilization": {
          "shard": "0",
          "value": 91.590920440000261
        }
      },
      {
        "reactor_utilization": {
          "shard": "1",
          "value": 88.599917600000026
        }
      },
      {
        "reactor_utilization": {
          "shard": "2",
          "value": 90.092131539999869
        }
      },
      {
        "reactor_utilization": {
          "shard": "3",
          "value": 83.7261980399999
        }
      },
      {
        "reactor_utilization": {
          "shard": "4",
          "value": 79.950943420000186
        }
      },
      {
        "reactor_utilization": {
          "shard": "5",
          "value": 87.723539599999881
        }
      },
      {
        "reactor_utilization": {
          "shard": "6",
          "value": 88.947542480000067
        }
      },
      {
        "reactor_utilization": {
          "shard": "7",
          "value": 88.535524140000078
        }
      },
      {
        "reactor_utilization": {
          "shard": "8",
          "value": 94.121268839999999
        }
      },
      {
        "reactor_utilization": {
          "shard": "9",
          "value": 97.694542320000124
        }
      },
      {
        "reactor_utilization": {
          "shard": "10",
          "value": 88.680374060000048
        }
      },
      {
        "reactor_utilization": {
          "shard": "11",
          "value": 99.39592281999991
        }
      },
      {
        "reactor_utilization": {
          "shard": "12",
          "value": 99.982944919999966
        }
      },
      {
        "reactor_utilization": {
          "shard": "13",
          "value": 95.605303020000036
        }
      },
      {
        "reactor_utilization": {
          "shard": "14",
          "value": 88.136080979999946
        }
      },
      {
        "reactor_utilization": {
          "shard": "15",
          "value": 99.979359200000019
        }
      }
    ]
  },
  {
    "metrics": [
      {
        "reactor_utilization": {
          "shard": "0",
          "value": 91.679234320000262
        }
      },
      {
        "reactor_utilization": {
          "shard": "1",
          "value": 87.032280060000033
        }
      },
      {
        "reactor_utilization": {
          "shard": "2",
          "value": 88.419020819999858
        }
      },
      {
        "reactor_utilization": {
          "shard": "3",
          "value": 83.466358699999901
        }
      },
      {
        "reactor_utilization": {
          "shard": "4",
          "value": 78.378108500000181
        }
      },
      {
        "reactor_utilization": {
          "shard": "5",
          "value": 86.950109039999873
        }
      },
      {
        "reactor_utilization": {
          "shard": "6",
          "value": 89.408862780000064
        }
      },
      {
        "reactor_utilization": {
          "shard": "7",
          "value": 87.568382320000083
        }
      },
      {
        "reactor_utilization": {
          "shard": "8",
          "value": 93.954527440000007
        }
      },
      {
        "reactor_utilization": {
          "shard": "9",
          "value": 96.224669680000119
        }
      },
      {
        "reactor_utilization": {
          "shard": "10",
          "value": 87.320737220000041
        }
      },
      {
        "reactor_utilization": {
          "shard": "11",
          "value": 98.31903597999991
        }
      },
      {
        "reactor_utilization": {
          "shard": "12",
          "value": 99.995980299999971
        }
      },
      {
        "reactor_utilization": {
          "shard": "13",
          "value": 94.94927570000003
        }
      },
      {
        "reactor_utilization": {
          "shard": "14",
          "value": 87.620844399999939
        }
      },
      {
        "reactor_utilization": {
          "shard": "15",
          "value": 97.819524780000023
        }
      }
    ]
  },
  {
    "metrics": [
      {
        "reactor_utilization": {
          "shard": "0",
          "value": 91.458495640000265
        }
      },
      {
        "reactor_utilization": {
          "shard": "1",
          "value": 88.621472320000024
        }
      },
      {
        "reactor_utilization": {
          "shard": "2",
          "value": 90.049642319999862
        }
      },
      {
        "reactor_utilization": {
          "shard": "3",
          "value": 84.942933079999889
        }
      },
      {
        "reactor_utilization": {
          "shard": "4",
          "value": 78.796898900000173
        }
      },
      {
        "reactor_utilization": {
          "shard": "5",
          "value": 86.667375619999873
        }
      },
      {
        "reactor_utilization": {
          "shard": "6",
          "value": 88.499159960000057
        }
      },
      {
        "reactor_utilization": {
          "shard": "7",
          "value": 88.89156236000008
        }
      },
      {
        "reactor_utilization": {
          "shard": "8",
          "value": 93.172951640000008
        }
      },
      {
        "reactor_utilization": {
          "shard": "9",
          "value": 96.610723880000108
        }
      },
      {
        "reactor_utilization": {
          "shard": "10",
          "value": 87.751238360000045
        }
      },
      {
        "reactor_utilization": {
          "shard": "11",
          "value": 99.981215279999915
        }
      },
      {
        "reactor_utilization": {
          "shard": "12",
          "value": 99.996177339999974
        }
      },
      {
        "reactor_utilization": {
          "shard": "13",
          "value": 93.226061360000031
        }
      },
      {
        "reactor_utilization": {
          "shard": "14",
          "value": 86.186566839999941
        }
      },
      {
        "reactor_utilization": {
          "shard": "15",
          "value": 97.669213580000019
        }
      }
    ]
  },
  {
    "metrics": [
      {
        "reactor_utilization": {
          "shard": "0",
          "value": 92.74755366000025
        }
      },
      {
        "reactor_utilization": {
          "shard": "1",
          "value": 87.313814980000032
        }
      },
      {
        "reactor_utilization": {
          "shard": "2",
          "value": 87.502677959999858
        }
      },
      {
        "reactor_utilization": {
          "shard": "3",
          "value": 82.331557799999885
        }
      },
      {
        "reactor_utilization": {
          "shard": "4",
          "value": 77.595425640000173
        }
      },
      {
        "reactor_utilization": {
          "shard": "5",
          "value": 84.633448539999875
        }
      },
      {
        "reactor_utilization": {
          "shard": "6",
          "value": 86.950781140000061
        }
      },
      {
        "reactor_utilization": {
          "shard": "7",
          "value": 87.841972160000083
        }
      },
      {
        "reactor_utilization": {
          "shard": "8",
          "value": 92.284642460000001
        }
      },
      {
        "reactor_utilization": {
          "shard": "9",
          "value": 96.073867700000122
        }
      },
      {
        "reactor_utilization": {
          "shard": "10",
          "value": 87.607674500000044
        }
      },
      {
        "reactor_utilization": {
          "shard": "11",
          "value": 99.348338179999914
        }
      },
      {
        "reactor_utilization": {
          "shard": "12",
          "value": 99.41666091999997
        }
      },
      {
        "reactor_utilization": {
          "shard": "13",
          "value": 93.583151220000033
        }
      },
      {
        "reactor_utilization": {
          "shard": "14",
          "value": 86.134545199999948
        }
      },
      {
        "reactor_utilization": {
          "shard": "15",
          "value": 96.066507300000026
        }
      }
    ]
  },
  {
    "metrics": [
      {
        "reactor_utilization": {
          "shard": "0",
          "value": 91.640423080000261
        }
      },
      {
        "reactor_utilization": {
          "shard": "1",
          "value": 85.920290340000037
        }
      },
      {
        "reactor_utilization": {
          "shard": "2",
          "value": 88.680657619999863
        }
      },
      {
        "reactor_utilization": {
          "shard": "3",
          "value": 83.69659157999989
        }
      },
      {
        "reactor_utilization": {
          "shard": "4",
          "value": 78.280873240000176
        }
      },
      {
        "reactor_utilization": {
          "shard": "5",
          "value": 84.895171399999867
        }
      },
      {
        "reactor_utilization": {
          "shard": "6",
          "value": 86.403557380000066
        }
      },
      {
        "reactor_utilization": {
          "shard": "7",
          "value": 87.911152620000081
        }
      },
      {
        "reactor_utilization": {
          "shard": "8",
          "value": 94.664360739999992
        }
      },
      {
        "reactor_utilization": {
          "shard": "9",
          "value": 97.005853280000125
        }
      },
      {
        "reactor_utilization": {
          "shard": "10",
          "value": 91.004369480000037
        }
      },
      {
        "reactor_utilization": {
          "shard": "11",
          "value": 99.979695919999912
        }
      },
      {
        "reactor_utilization": {
          "shard": "12",
          "value": 99.99068309999997
        }
      },
      {
        "reactor_utilization": {
          "shard": "13",
          "value": 95.365480220000038
        }
      },
      {
        "reactor_utilization": {
          "shard": "14",
          "value": 87.591306679999946
        }
      },
      {
        "reactor_utilization": {
          "shard": "15",
          "value": 98.446937100000014
        }
      }
    ]
  },
  {
    "metrics": [
      {
        "reactor_utilization": {
          "shard": "0",
          "value": 91.479970620000245
        }
      },
      {
        "reactor_utilization": {
          "shard": "1",
          "value": 85.638408280000036
        }
      },
      {
        "reactor_utilization": {
          "shard": "2",
          "value": 88.193562479999869
        }
      },
      {
        "reactor_utilization": {
          "shard": "3",
          "value": 83.1553848799999
        }
      },
      {
        "reactor_utilization": {
          "shard": "4",
          "value": 79.27128968000018
        }
      },
      {
        "reactor_utilization": {
          "shard": "5",
          "value": 86.439098859999874
        }
      },
      {
        "reactor_utilization": {
          "shard": "6",
          "value": 86.433908420000066
        }
      },
      {
        "reactor_utilization": {
          "shard": "7",
          "value": 88.254988320000066
        }
      },
      {
        "reactor_utilization": {
          "shard": "8",
          "value": 95.867176480000012
        }
      },
      {
        "reactor_utilization": {
          "shard": "9",
          "value": 99.291579740000117
        }
      },
      {
        "reactor_utilization": {
          "shard": "10",
          "value": 88.739992980000039
        }
      },
      {
        "reactor_utilization": {
          "shard": "11",
          "value": 99.979237539999914
        }
      },
      {
        "reactor_utilization": {
          "shard": "12",
          "value": 99.764852159999975
        }
      },
      {
        "reactor_utilization": {
          "shard": "13",
          "value": 95.680699560000036
        }
      },
      {
        "reactor_utilization": {
          "shard": "14",
          "value": 88.819821119999943
        }
      },
      {
        "reactor_utilization": {
          "shard": "15",
          "value": 96.914189080000028
        }
      }
    ]
  },
  {
    "metrics": [
      {
        "reactor_utilization": {
          "shard": "0",
          "value": 89.871608000000265
        }
      },
      {
        "reactor_utilization": {
          "shard": "1",
          "value": 85.816197260000038
        }
      },
      {
        "reactor_utilization": {
          "shard": "2",
          "value": 87.860133159999862
        }
      },
      {
        "reactor_utilization": {
          "shard": "3",
          "value": 83.018742539999892
        }
      },
      {
        "reactor_utilization": {
          "shard": "4",
          "value": 78.662261900000189
        }
      },
      {
        "reactor_utilization": {
          "shard": "5",
          "value": 86.870596399999883
        }
      },
      {
        "reactor_utilization": {
          "shard": "6",
          "value": 86.453004560000068
        }
      },
      {
        "reactor_utilization": {
          "shard": "7",
          "value": 87.899271180000071
        }
      },
      {
        "reactor_utilization": {
          "shard": "8",
          "value": 93.708056260000006
        }
      },
      {
        "reactor_utilization": {
          "shard": "9",
          "value": 97.958772480000121
        }
      },
      {
        "reactor_utilization": {
          "shard": "10",
          "value": 87.667599900000042
        }
      },
      {
        "reactor_utilization": {
          "shard": "11",
          "value": 99.844253339999909
        }
      },
      {
        "reactor_utilization": {
          "shard": "12",
          "value": 99.993934559999971
        }
      },
      {
        "reactor_utilization": {
          "shard": "13",
          "value": 95.507006920000038
        }
      },
      {
        "reactor_utilization": {
          "shard": "14",
          "value": 88.952962019999944
        }
      },
      {
        "reactor_utilization": {
          "shard": "15",
          "value": 96.67328928000002
        }
      }
    ]
  },
  {
    "metrics": [
      {
        "reactor_utilization": {
          "shard": "0",
          "value": 89.615804300000264
        }
      },
      {
        "reactor_utilization": {
          "shard": "1",
          "value": 85.574202200000045
        }
      },
      {
        "reactor_utilization": {
          "shard": "2",
          "value": 87.520398859999858
        }
      },
      {
        "reactor_utilization": {
          "shard": "3",
          "value": 82.087870139999893
        }
      },
      {
        "reactor_utilization": {
          "shard": "4",
          "value": 78.415883260000172
        }
      },
      {
        "reactor_utilization": {
          "shard": "5",
          "value": 85.16552923999987
        }
      },
      {
        "reactor_utilization": {
          "shard": "6",
          "value": 86.28987814000007
        }
      },
      {
        "reactor_utilization": {
          "shard": "7",
          "value": 86.87425642000008
        }
      },
      {
        "reactor_utilization": {
          "shard": "8",
          "value": 93.325136020000002
        }
      },
      {
        "reactor_utilization": {
          "shard": "9",
          "value": 97.570011880000123
        }
      },
      {
        "reactor_utilization": {
          "shard": "10",
          "value": 87.171578720000028
        }
      },
      {
        "reactor_utilization": {
          "shard": "11",
          "value": 99.98801763999991
        }
      },
      {
        "reactor_utilization": {
          "shard": "12",
          "value": 97.068296599999968
        }
      },
      {
        "reactor_utilization": {
          "shard": "13",
          "value": 97.65428856000004
        }
      },
      {
        "reactor_utilization": {
          "shard": "14",
          "value": 86.259325519999933
        }
      },
      {
        "reactor_utilization": {
          "shard": "15",
          "value": 95.587748380000022
        }
      }
    ]
  }
]
