[
  {
    "metrics": [
      {
        "reactor_utilization": {
          "shard": "0",
          "value": 90.461021140000256
        }
      },
      {
        "reactor_utilization": {
          "shard": "1",
          "value": 92.176320919999924
        }
      },
      {
        "reactor_utilization": {
          "shard": "2",
          "value": 87.954581599999841
        }
      },
      {
        "reactor_utilization": {
          "shard": "3",
          "value": 86.150091499999988
        }
      },
      {
        "reactor_utilization": {
          "shard": "4",
          "value": 82.95107904000011
        }
      },
      {
        "reactor_utilization": {
          "shard": "5",
          "value": 81.976343599999907
        }
      },
      {
        "reactor_utilization": {
          "shard": "6",
          "value": 90.106270140000007
        }
      },
      {
        "reactor_utilization": {
          "shard": "7",
          "value": 87.692092280000068
        }
      },
      {
        "reactor_utilization": {
          "shard": "8",
          "value": 93.327392400000093
        }
      },
      {
        "reactor_utilization": {
          "shard": "9",
          "value": 96.039993560000056
        }
      },
      {
        "reactor_utilization": {
          "shard": "10",
          "value": 89.719899260000162
        }
      },
      {
        "reactor_utilization": {
          "shard": "11",
          "value": 88.627977520000016
        }
      },
      {
        "reactor_utilization": {
          "shard": "12",
          "value": 99.509668459999929
        }
      },
      {
        "reactor_utilization": {
          "shard": "13",
          "value": 98.008510460000025
        }
      },
      {
        "reactor_utilization": {
          "shard": "14",
          "value": 90.262585619999783
        }
      },
      {
        "reactor_utilization": {
          "shard": "15",
          "value": 99.994987260000272
        }
      }
    ]
  },
  {
    "metrics": [
      {
        "reactor_utilization": {
          "shard": "0",
          "value": 19.384754560000239
        }
      },
      {
        "reactor_utilization": {
          "shard": "1",
          "value": 16.409876559999915
        }
      },
      {
        "reactor_utilization": {
          "shard": "2",
          "value": 15.978813019999837
        }
      },
      {
        "reactor_utilization": {
          "shard": "3",
          "value": 12.603487039999983
        }
      },
      {
        "reactor_utilization": {
          "shard": "4",
          "value": 13.924564380000115
        }
      },
      {
        "reactor_utilization": {
          "shard": "5",
          "value": 16.287572879999889
        }
      },
      {
        "reactor_utilization": {
          "shard": "6",
          "value": 14.855393180000021
        }
      },
      {
        "reactor_utilization": {
          "shard": "7",
          "value": 17.03339780000006
        }
      },
      {
        "reactor_utilization": {
          "shard": "8",
          "value": 13.0292937000001
        }
      },
      {
        "reactor_utilization": {
          "shard": "9",
          "value": 28.722521320000062
        }
      },
      {
        "reactor_utilization": {
          "shard": "10",
          "value": 14.557563280000153
        }
      },
      {
        "reactor_utilization": {
          "shard": "11",
          "value": 28.369157460000004
        }
      },
      {
        "reactor_utilization": {
          "shard": "12",
          "value": 27.731262699999924
        }
      },
      {
        "reactor_utilization": {
          "shard": "13",
          "value": 30.135546720000029
        }
      },
      {
        "reactor_utilization": {
          "shard": "14",
          "value": 12.951586399999792
        }
      },
      {
        "reactor_utilization": {
          "shard": "15",
          "value": 33.878776480000262
        }
      }
    ]
  },
  {
    "metrics": [
      {
        "reactor_utilization": {
          "shard": "0",
          "value": 0.11875900000024586
        }
      },
      {
        "reactor_utilization": {
          "shard": "1",
          "value": 0.037415259999928896
        }
      },
      {
        "reactor_utilization": {
          "shard": "2",
          "value": 0.037934939999839656
        }
      },
      {
        "reactor_utilization": {
          "shard": "3",
          "value": 0.037182339999985992
        }
      },
      {
        "reactor_utilization": {
          "shard": "4",
          "value": 0.035062440000110939
        }
      },
      {
        "reactor_utilization": {
          "shard": "5",
          "value": 0.042062519999919168
        }
      },
      {
        "reactor_utilization": {
          "shard": "6",
          "value": 0.044045140000015248
        }
      },
      {
        "reactor_utilization": {
          "shard": "7",
          "value": 0.03156096000004327
        }
      },
      {
        "reactor_utilization": {
          "shard": "8",
          "value": 0.036560560000098441
        }
      },
      {
        "reactor_utilization": {
          "shard": "9",
          "value": 0.046039060000047094
        }
      },
      {
        "reactor_utilization": {
          "shard": "10",
          "value": 0.040223280000151185
        }
      },
      {
        "reactor_utilization": {
          "shard": "11",
          "value": 0.022983000000009746
        }
      },
      {
        "reactor_utilization": {
          "shard": "12",
          "value": 0.042561519999928521
        }
      },
      {
        "reactor_utilization": {
          "shard": "13",
          "value": 0.028958699999992454
        }
      },
      {
        "reactor_utilization": {
          "shard": "14",
          "value": 0.045083759999808848
        }
      },
      {
        "reactor_utilization": {
          "shard": "15",
          "value": 0.042922100000242214
        }
      }
    ]
  },
  {
    "metrics": [
      {
        "reactor_utilization": {
          "shard": "0",
          "value": 0.072123800000234439
        }
      },
      {
        "reactor_utilization": {
          "shard": "1",
          "value": 0.017537639999931631
        }
      },
      {
        "reactor_utilization": {
          "shard": "2",
          "value": 0.018738459999845247
        }
      },
      {
        "reactor_utilization": {
          "shard": "3",
          "value": 0.035819259999980702
        }
      },
      {
        "reactor_utilization": {
          "shard": "4",
          "value": 0.023001620000107081
        }
      },
      {
        "reactor_utilization": {
          "shard": "5",
          "value": 0.028736059999912023
        }
      },
      {
        "reactor_utilization": {
          "shard": "6",
          "value": 0.01990988000003524
        }
      },
      {
        "reactor_utilization": {
          "shard": "7",
          "value": 0.018459940000059571
        }
      },
      {
        "reactor_utilization": {
          "shard": "8",
          "value": 0.034615100000112697
        }
      },
      {
        "reactor_utilization": {
          "shard": "9",
          "value": 0.030937760000060432
        }
      },
      {
        "reactor_utilization": {
          "shard": "10",
          "value": 0.022547160000152555
        }
      },
      {
        "reactor_utilization": {
          "shard": "11",
          "value": 0.03258388000000334
        }
      },
      {
        "reactor_utilization": {
          "shard": "12",
          "value": 0.021481979999926626
        }
      },
      {
        "reactor_utilization": {
          "shard": "13",
          "value": 0.037682420000018091
        }
      },
      {
        "reactor_utilization": {
          "shard": "14",
          "value": 0.039574779999795862
        }
      },
      {
        "reactor_utilization": {
          "shard": "15",
          "value": 0.023620400000234909
        }
      }
    ]
  },
  {
    "metrics": [
      {
        "reactor_utilization": {
          "shard": "0",
          "value": 0.10152818000024322
        }
      },
      {
        "reactor_utilization": {
          "shard": "1",
          "value": 0.031461379999919714
        }
      },
      {
        "reactor_utilization": {
          "shard": "2",
          "value": 0.031700939999845801
        }
      },
      {
        "reactor_utilization": {
          "shard": "3",
          "value": 0.018784639999980257
        }
      },
      {
        "reactor_utilization": {
          "shard": "4",
          "value": 0.033300060000118759
        }
      },
      {
        "reactor_utilization": {
          "shard": "5",
          "value": 0.040347119999917247
        }
      },
      {
        "reactor_utilization": {
          "shard": "6",
          "value": 0.035577940000020014
        }
      },
      {
        "reactor_utilization": {
          "shard": "7",
          "value": 0.032422540000065503
        }
      },
      {
        "reactor_utilization": {
          "shard": "8",
          "value": 0.020264080000109708
        }
      },
      {
        "reactor_utilization": {
          "shard": "9",
          "value": 0.022091980000049638
        }
      },
      {
        "reactor_utilization": {
          "shard": "10",
          "value": 0.038018020000185615
        }
      },
      {
        "reactor_utilization": {
          "shard": "11",
          "value": 0.020344339999989192
        }
      },
      {
        "reactor_utilization": {
          "shard": "12",
          "value": 0.012814599999910747
        }
      },
      {
        "reactor_utilization": {
          "shard": "13",
          "value": 0.019716660000035358
        }
      },
      {
        "reactor_utilization": {
          "shard": "14",
          "value": 0.02028705999981284
        }
      },
      {
        "reactor_utilization": {
          "shard": "15",
          "value": 0.015944120000255246
        }
      }
    ]
  },
  {
    "metrics": [
      {
        "reactor_utilization": {
          "shard": "0",
          "value": 0.10602894000024676
        }
      },
      {
        "reactor_utilization": {
          "shard": "1",
          "value": 0.032621379999930866
        }
      },
      {
        "reactor_utilization": {
          "shard": "2",
          "value": 0.030317439999849594
        }
      },
      {
        "reactor_utilization": {
          "shard": "3",
          "value": 0.035190199999979299
        }
      },
      {
        "reactor_utilization": {
          "shard": "4",
          "value": 0.026240500000107581
        }
      },
      {
        "reactor_utilization": {
          "shard": "5",
          "value": 0.042387819999911702
        }
      },
      {
        "reactor_utilization": {
          "shard": "6",
          "value": 0.036219240000034958
        }
      },
      {
        "reactor_utilization": {
          "shard": "7",
          "value": 0.029915860000062633
        }
      },
      {
        "reactor_utilization": {
          "shard": "8",
          "value": 0.030094440000105749
        }
      },
      {
        "reactor_utilization": {
          "shard": "9",
          "value": 0.037514060000076732
        }
      },
      {
        "reactor_utilization": {
          "shard": "10",
          "value": 0.033217160000176271
        }
      },
      {
        "reactor_utilization": {
          "shard": "11",
          "value": 0.028840319999989816
        }
      },
      {
        "reactor_utilization": {
          "shard": "12",
          "value": 0.036845879999913844
        }
      },
      {
        "reactor_utilization": {
          "shard": "13",
          "value": 0.036316820000015237
        }
      },
      {
        "reactor_utilization": {
          "shard": "14",
          "value": 0.029507019999819306
        }
      },
      {
        "reactor_utilization": {
          "shard": "15",
          "value": 0.033928000000260639
        }
      }
    ]
  },
  {
    "metrics": [
      {
        "reactor_utilization": {
          "shard": "0",
          "value": 0.063853360000221127
        }
      },
      {
        "reactor_utilization": {
          "shard": "1",
          "value": 0.01563741999994761
        }
      },
      {
        "reactor_utilization": {
          "shard": "2",
          "value": 0.016134299999848167
        }
      },
      {
        "reactor_utilization": {
          "shard": "3",
          "value": 0.018045439999991864
        }
      },
      {
        "reactor_utilization": {
          "shard": "4",
          "value": 0.018352880000094274
        }
      },
      {
        "reactor_utilization": {
          "shard": "5",
          "value": 0.026697479999904239
        }
      },
      {
        "reactor_utilization": {
          "shard": "6",
          "value": 0.017552420000011004
        }
      },
      {
        "reactor_utilization": {
          "shard": "7",
          "value": 0.019088320000071324
        }
      },
      {
        "reactor_utilization": {
          "shard": "8",
          "value": 0.016702160000103827
        }
      },
      {
        "reactor_utilization": {
          "shard": "9",
          "value": 0.018650920000073956
        }
      },
      {
        "reactor_utilization": {
          "shard": "10",
          "value": 0.019756700000184146
        }
      },
      {
        "reactor_utilization": {
          "shard": "11",
          "value": 0.019150600000006346
        }
      },
      {
        "reactor_utilization": {
          "shard": "12",
          "value": 0.017027099999911144
        }
      },
      {
        "reactor_utilization": {
          "shard": "13",
          "value": 0.020035380000016367
        }
      },
      {
        "reactor_utilization": {
          "shard": "14",
          "value": 0.016647219999810225
        }
      },
      {
        "reactor_utilization": {
          "shard": "15",
          "value": 0.018953600000237714
        }
      }
    ]
  },
  {
    "metrics": [
      {
        "reactor_utilization": {
          "shard": "0",
          "value": 0.087601980000218127
        }
      },
      {
        "reactor_utilization": {
          "shard": "1",
          "value": 0.035417579999919013
        }
      },
      {
        "reactor_utilization": {
          "shard": "2",
          "value": 0.029863739999846928
        }
      },
      {
        "reactor_utilization": {
          "shard": "3",
          "value": 0.036531999999978026
        }
      },
      {
        "reactor_utilization": {
          "shard": "4",
          "value": 0.032345620000095998
        }
      },
      {
        "reactor_utilization": {
          "shard": "5",
          "value": 0.043508019999893843
        }
      },
      {
        "reactor_utilization": {
          "shard": "6",
          "value": 0.036091940000027023
        }
      },
      {
        "reactor_utilization": {
          "shard": "7",
          "value": 0.029593160000063179
        }
      },
      {
        "reactor_utilization": {
          "shard": "8",
          "value": 0.037359980000117865
        }
      },
      {
        "reactor_utilization": {
          "shard": "9",
          "value": 0.03644698000005997
        }
      },
      {
        "reactor_utilization": {
          "shard": "10",
          "value": 0.033627480000186782
        }
      },
      {
        "reactor_utilization": {
          "shard": "11",
          "value": 0.033659520000006715
        }
      },
      {
        "reactor_utilization": {
          "shard": "12",
          "value": 0.037100819999913437
        }
      },
      {
        "reactor_utilization": {
          "shard": "13",
          "value": 0.037764680000029749
        }
      },
      {
        "reactor_utilization": {
          "shard": "14",
          "value": 0.027343219999809154
        }
      },
      {
        "reactor_utilization": {
          "shard": "15",
          "value": 0.034916640000237642
        }
      }
    ]
  },
  {
    "metrics": [
      {
        "reactor_utilization": {
          "shard": "0",
          "value": 0.10728922000020624
        }
      },
      {
        "reactor_utilization": {
          "shard": "1",
          "value": 0.033822899999924605
        }
      },
      {
        "reactor_utilization": {
          "shard": "2",
          "value": 0.027703779999843636
        }
      },
      {
        "reactor_utilization": {
          "shard": "3",
          "value": 0.033935639999982392
        }
      },
      {
        "reactor_utilization": {
          "shard": "4",
          "value": 0.030428800000104061
        }
      },
      {
        "reactor_utilization": {
          "shard": "5",
          "value": 0.026127959999888706
        }
      },
      {
        "reactor_utilization": {
          "shard": "6",
          "value": 0.035050220000032439
        }
      },
      {
        "reactor_utilization": {
          "shard": "7",
          "value": 0.022265540000054873
        }
      },
      {
        "reactor_utilization": {
          "shard": "8",
          "value": 0.03180652000012163
        }
      },
      {
        "reactor_utilization": {
          "shard": "9",
          "value": 0.035606460000070506
        }
      },
      {
        "reactor_utilization": {
          "shard": "10",
          "value": 0.034032240000192449
        }
      },
      {
        "reactor_utilization": {
          "shard": "11",
          "value": 0.029425660000004239
        }
      },
      {
        "reactor_utilization": {
          "shard": "12",
          "value": 0.037270619999918431
        }
      },
      {
        "reactor_utilization": {
          "shard": "13",
          "value": 0.038862120000016098
        }
      },
      {
        "reactor_utilization": {
          "shard": "14",
          "value": 0.033458599999813821
        }
      },
      {
        "reactor_utilization": {
          "shard": "15",
          "value": 0.039671460000234582
        }
      }
    ]
  },
  {
    "metrics": [
      {
        "reactor_utilization": {
          "shard": "0",
          "value": 0.075524080000222149
        }
      },
      {
        "reactor_utilization": {
          "shard": "1",
          "value": 0.013640079999943655
        }
      },
      {
        "reactor_utilization": {
          "shard": "2",
          "value": 0.019574719999826407
        }
      },
      {
        "reactor_utilization": {
          "shard": "3",
          "value": 0.019900519999982436
        }
      },
      {
        "reactor_utilization": {
          "shard": "4",
          "value": 0.017359140000117179
        }
      },
      {
        "reactor_utilization": {
          "shard": "5",
          "value": 0.027788119999883065
        }
      },
      {
        "reactor_utilization": {
          "shard": "6",
          "value": 0.014259920000014858
        }
      },
      {
        "reactor_utilization": {
          "shard": "7",
          "value": 0.018037140000037866
        }
      },
      {
        "reactor_utilization": {
          "shard": "8",
          "value": 0.019536880000092793
        }
      },
      {
        "reactor_utilization": {
          "shard": "9",
          "value": 0.019974980000059261
        }
      },
      {
        "reactor_utilization": {
          "shard": "10",
          "value": 0.020676020000198747
        }
      },
      {
        "reactor_utilization": {
          "shard": "11",
          "value": 0.023463340000007271
        }
      },
      {
        "reactor_utilization": {
          "shard": "12",
          "value": 0.021151979999911585
        }
      },
      {
        "reactor_utilization": {
          "shard": "13",
          "value": 0.021622219999994918
        }
      },
      {
        "reactor_utilization": {
          "shard": "14",
          "value": 0.02080249999981687
        }
      },
      {
        "reactor_utilization": {
          "shard": "15",
          "value": 0.022175580000216577
        }
      }
    ]
  },
  {
    "metrics": [
      {
        "reactor_utilization": {
          "shard": "0",
          "value": 0.10488530000021257
        }
      },
      {
        "reactor_utilization": {
          "shard": "1",
          "value": 0.03344383999992484
        }
      },
      {
        "reactor_utilization": {
          "shard": "2",
          "value": 0.029391339999818022
        }
      },
      {
        "reactor_utilization": {
          "shard": "3",
          "value": 0.032040580000003427
        }
      },
      {
        "reactor_utilization": {
          "shard": "4",
          "value": 0.034160080000100734
        }
      },
      {
        "reactor_utilization": {
          "shard": "5",
          "value": 0.038429959999874974
        }
      },
      {
        "reactor_utilization": {
          "shard": "6",
          "value": 0.037642900000034452
        }
      },
      {
        "reactor_utilization": {
          "shard": "7",
          "value": 0.030953480000017741
        }
      },
      {
        "reactor_utilization": {
          "shard": "8",
          "value": 0.024967320000102156
        }
      },
      {
        "reactor_utilization": {
          "shard": "9",
          "value": 0.042577920000064218
        }
      },
      {
        "reactor_utilization": {
          "shard": "10",
          "value": 0.030138220000197613
        }
      },
      {
        "reactor_utilization": {
          "shard": "11",
          "value": 0.029737759999992619
        }
      },
      {
        "reactor_utilization": {
          "shard": "12",
          "value": 0.035224699999891751
        }
      },
      {
        "reactor_utilization": {
          "shard": "13",
          "value": 0.032445959999982676
        }
      },
      {
        "reactor_utilization": {
          "shard": "14",
          "value": 0.031946699999818584
        }
      },
      {
        "reactor_utilization": {
          "shard": "15",
          "value": 0.038360880000209985
        }
      }
    ]
  },
  {
    "metrics": [
      {
        "reactor_utilization": {
          "shard": "0",
          "value": 0.10580982000021333
        }
      },
      {
        "reactor_utilization": {
          "shard": "1",
          "value": 0.034682779999928304
        }
      },
      {
        "reactor_utilization": {
          "shard": "2",
          "value": 0.035819499999845128
        }
      },
      {
        "reactor_utilization": {
          "shard": "3",
          "value": 0.032971620000021851
        }
      },
      {
        "reactor_utilization": {
          "shard": "4",
          "value": 0.030620580000095821
        }
      },
      {
        "reactor_utilization": {
          "shard": "5",
          "value": 0.046780399999857281
        }
      },
      {
        "reactor_utilization": {
          "shard": "6",
          "value": 0.03660920000002621
        }
      },
      {
        "reactor_utilization": {
          "shard": "7",
          "value": 0.032732840000038177
        }
      },
      {
        "reactor_utilization": {
          "shard": "8",
          "value": 0.028393860000108795
        }
      },
      {
        "reactor_utilization": {
          "shard": "9",
          "value": 0.039530680000066099
        }
      },
      {
        "reactor_utilization": {
          "shard": "10",
          "value": 0.029649520000218921
        }
      },
      {
        "reactor_utilization": {
          "shard": "11",
          "value": 0.034807659999991358
        }
      },
      {
        "reactor_utilization": {
          "shard": "12",
          "value": 0.038488439999895263
        }
      },
      {
        "reactor_utilization": {
          "shard": "13",
          "value": 0.04014497999997868
        }
      },
      {
        "reactor_utilization": {
          "shard": "14",
          "value": 0.038353619999831334
        }
      },
      {
        "reactor_utilization": {
          "shard": "15",
          "value": 0.033746200000195348
        }
      }
    ]
  },
  {
    "metrics": [
      {
        "reactor_utilization": {
          "shard": "0",
          "value": 0.078719220000200707
        }
      },
      {
        "reactor_utilization": {
          "shard": "1",
          "value": 0.021365419999930246
        }
      },
      {
        "reactor_utilization": {
          "shard": "2",
          "value": 0.017232999999827747
        }
      },
      {
        "reactor_utilization": {
          "shard": "3",
          "value": 0.018046200000032542
        }
      },
      {
        "reactor_utilization": {
          "shard": "4",
          "value": 0.015913080000107271
        }
      },
      {
        "reactor_utilization": {
          "shard": "5",
          "value": 0.028971919999876139
        }
      },
      {
        "reactor_utilization": {
          "shard": "6",
          "value": 0.017260920000028435
        }
      },
      {
        "reactor_utilization": {
          "shard": "7",
          "value": 0.016657920000029414
        }
      },
      {
        "reactor_utilization": {
          "shard": "8",
          "value": 0.018888160000118948
        }
      },
      {
        "reactor_utilization": {
          "shard": "9",
          "value": 0.012618480000070598
        }
      },
      {
        "reactor_utilization": {
          "shard": "10",
          "value": 0.020517420000221165
        }
      },
      {
        "reactor_utilization": {
          "shard": "11",
          "value": 0.013365879999982511
        }
      },
      {
        "reactor_utilization": {
          "shard": "12",
          "value": 0.019695959999899149
        }
      },
      {
        "reactor_utilization": {
          "shard": "13",
          "value": 0.016076039999979308
        }
      },
      {
        "reactor_utilization": {
          "shard": "14",
          "value": 0.019389599999830587
        }
      },
      {
        "reactor_utilization": {
          "shard": "15",
          "value": 0.020417640000203185
        }
      }
    ]
  },
  {
    "metrics": [
      {
        "reactor_utilization": {
          "shard": "0",
          "value": 0.10343224000020079
        }
      },
      {
        "reactor_utilization": {
          "shard": "1",
          "value": 0.032502699999925611
        }
      },
      {
        "reactor_utilization": {
          "shard": "2",
          "value": 0.034724939999819515
        }
      },
      {
        "reactor_utilization": {
          "shard": "3",
          "value": 0.030832320000029334
        }
      },
      {
        "reactor_utilization": {
          "shard": "4",
          "value": 0.031852640000096244
        }
      },
      {
        "reactor_utilization": {
          "shard": "5",
          "value": 0.038156179999881967
        }
      },
      {
        "reactor_utilization": {
          "shard": "6",
          "value": 0.035149400000022979
        }
      },
      {
        "reactor_utilization": {
          "shard": "7",
          "value": 0.029667180000014781
        }
      },
      {
        "reactor_utilization": {
          "shard": "8",
          "value": 0.032835720000101709
        }
      },
      {
        "reactor_utilization": {
          "shard": "9",
          "value": 0.035718220000058309
        }
      },
      {
        "reactor_utilization": {
          "shard": "10",
          "value": 0.027946760000219228
        }
      },
      {
        "reactor_utilization": {
          "shard": "11",
          "value": 0.032263299999979456
        }
      },
      {
        "reactor_utilization": {
          "shard": "12",
          "value": 0.036330459999900366
        }
      },
      {
        "reactor_utilization": {
          "shard": "13",
          "value": 0.041649459999992811
        }
      },
      {
        "reactor_utilization": {
          "shard": "14",
          "value": 0.036501859999849007
        }
      },
      {
        "reactor_utilization": {
          "shard": "15",
          "value": 0.038113780000181841
        }
      }
    ]
  },
  {
    "metrics": [
      {
        "reactor_utilization": {
          "shard": "0",
          "value": 0.074950340000212723
        }
      },
      {
        "reactor_utilization": {
          "shard": "1",
          "value": 0.016153959999920531
        }
      },
      {
        "reactor_utilization": {
          "shard": "2",
          "value": 0.017392099999824495
        }
      },
      {
        "reactor_utilization": {
          "shard": "3",
          "value": 0.03139468000001866
        }
      },
      {
        "reactor_utilization": {
          "shard": "4",
          "value": 0.017355220000081495
        }
      },
      {
        "reactor_utilization": {
          "shard": "5",
          "value": 0.029750899999880787
        }
      },
      {
        "reactor_utilization": {
          "shard": "6",
          "value": 0.017013320000036636
        }
      },
      {
        "reactor_utilization": {
          "shard": "7",
          "value": 0.015541040000011108
        }
      },
      {
        "reactor_utilization": {
          "shard": "8",
          "value": 0.030722760000101434
        }
      },
      {
        "reactor_utilization": {
          "shard": "9",
          "value": 0.036968300000062015
        }
      },
      {
        "reactor_utilization": {
          "shard": "10",
          "value": 0.018372260000221186
        }
      },
      {
        "reactor_utilization": {
          "shard": "11",
          "value": 0.028820339999990896
        }
      },
      {
        "reactor_utilization": {
          "shard": "12",
          "value": 0.030902119999898225
        }
      },
      {
        "reactor_utilization": {
          "shard": "13",
          "value": 0.037738799999997852
        }
      },
      {
        "reactor_utilization": {
          "shard": "14",
          "value": 0.034394619999855713
        }
      },
      {
        "reactor_utilization": {
          "shard": "15",
          "value": 0.029200600000189869
        }
      }
    ]
  },
  {
    "metrics": [
      {
        "reactor_utilization": {
          "shard": "0",
          "value": 0.10852488000021587
        }
      },
      {
        "reactor_utilization": {
          "shard": "1",
          "value": 0.040419119999923758
        }
      },
      {
        "reactor_utilization": {
          "shard": "2",
          "value": 0.036069099999824772
        }
      },
      {
        "reactor_utilization": {
          "shard": "3",
          "value": 0.01999960000000911
        }
      },
      {
        "reactor_utilization": {
          "shard": "4",
          "value": 0.034240260000073519
        }
      },
      {
        "reactor_utilization": {
          "shard": "5",
          "value": 0.048278139999868852
        }
      },
      {
        "reactor_utilization": {
          "shard": "6",
          "value": 0.038706500000051935
        }
      },
      {
        "reactor_utilization": {
          "shard": "7",
          "value": 0.034262720000044489
        }
      },
      {
        "reactor_utilization": {
          "shard": "8",
          "value": 0.018442620000092003
        }
      },
      {
        "reactor_utilization": {
          "shard": "9",
          "value": 0.022454480000055899
        }
      },
      {
        "reactor_utilization": {
          "shard": "10",
          "value": 0.035071600000202707
        }
      },
      {
        "reactor_utilization": {
          "shard": "11",
          "value": 0.024767419999971452
        }
      },
      {
        "reactor_utilization": {
          "shard": "12",
          "value": 0.018972999999888884
        }
      },
      {
        "reactor_utilization": {
          "shard": "13",
          "value": 0.021151500000005097
        }
      },
      {
        "reactor_utilization": {
          "shard": "14",
          "value": 0.021676059999853337
        }
      },
      {
        "reactor_utilization": {
          "shard": "15",
          "value": 0.021197600000177896
        }
      }
    ]
  },
  {
    "metrics": [
      {
        "reactor_utilization": {
          "shard": "0",
          "value": 0.083916540000206208
        }
      },
      {
        "reactor_utilization": {
          "shard": "1",
          "value": 0.036143319999926149
        }
      },
      {
        "reactor_utilization": {
          "shard": "2",
          "value": 0.027601479999828094
        }
      },
      {
        "reactor_utilization": {
          "shard": "3",
          "value": 0.029890680000010938
        }
      },
      {
        "reactor_utilization": {
          "shard": "4",
          "value": 0.030142660000076482
        }
      },
      {
        "reactor_utilization": {
          "shard": "5",
          "value": 0.042295779999879102
        }
      },
      {
        "reactor_utilization": {
          "shard": "6",
          "value": 0.036109200000034036
        }
      },
      {
        "reactor_utilization": {
          "shard": "7",
          "value": 0.029043660000016569
        }
      },
      {
        "reactor_utilization": {
          "shard": "8",
          "value": 0.029029080000086971
        }
      },
      {
        "reactor_utilization": {
          "shard": "9",
          "value": 0.03327752000004125
        }
      },
      {
        "reactor_utilization": {
          "shard": "10",
          "value": 0.030162340000206012
        }
      },
      {
        "reactor_utilization": {
          "shard": "11",
          "value": 0.029876639999959487
        }
      },
      {
        "reactor_utilization": {
          "shard": "12",
          "value": 0.032837859999901298
        }
      },
      {
        "reactor_utilization": {
          "shard": "13",
          "value": 0.038082340000011872
        }
      },
      {
        "reactor_utilization": {
          "shard": "14",
          "value": 0.034656119999854074
        }
      },
      {
        "reactor_utilization": {
          "shard": "15",
          "value": 0.036099860000193829
        }
      }
    ]
  },
  {
    "metrics": [
      {
        "reactor_utilization": {
          "shard": "0",
          "value": 0.055832380000209181
        }
      },
      {
        "reactor_utilization": {
          "shard": "1",
          "value": 0.023536159999937301
        }
      },
      {
        "reactor_utilization": {
          "shard": "2",
          "value": 0.015507699999839364
        }
      },
      {
        "reactor_utilization": {
          "shard": "3",
          "value": 0.016992960000017376
        }
      },
      {
        "reactor_utilization": {
          "shard": "4",
          "value": 0.018273620000053281
        }
      },
      {
        "reactor_utilization": {
          "shard": "5",
          "value": 0.013036479999883888
        }
      },
      {
        "reactor_utilization": {
          "shard": "6",
          "value": 0.017894080000036006
        }
      },
      {
        "reactor_utilization": {
          "shard": "7",
          "value": 0.010869940000057809
        }
      },
      {
        "reactor_utilization": {
          "shard": "8",
          "value": 0.019584760000079804
        }
      },
      {
        "reactor_utilization": {
          "shard": "9",
          "value": 0.019356740000042727
        }
      },
      {
        "reactor_utilization": {
          "shard": "10",
          "value": 0.019157980000206187
        }
      },
      {
        "reactor_utilization": {
          "shard": "11",
          "value": 0.020010019999983086
        }
      },
      {
        "reactor_utilization": {
          "shard": "12",
          "value": 0.016783759999905445
        }
      },
      {
        "reactor_utilization": {
          "shard": "13",
          "value": 0.020938480000010085
        }
      },
      {
        "reactor_utilization": {
          "shard": "14",
          "value": 0.01776115999986283
        }
      },
      {
        "reactor_utilization": {
          "shard": "15",
          "value": 0.018074640000209641
        }
      }
    ]
  },
  {
    "metrics": [
      {
        "reactor_utilization": {
          "shard": "0",
          "value": 0.10954024000019436
        }
      },
      {
        "reactor_utilization": {
          "shard": "1",
          "value": 0.028213559999934468
        }
      },
      {
        "reactor_utilization": {
          "shard": "2",
          "value": 0.029166859999851802
        }
      },
      {
        "reactor_utilization": {
          "shard": "3",
          "value": 0.033739400000021291
        }
      },
      {
        "reactor_utilization": {
          "shard": "4",
          "value": 0.035013540000050636
        }
      },
      {
        "reactor_utilization": {
          "shard": "5",
          "value": 0.040517019999897208
        }
      },
      {
        "reactor_utilization": {
          "shard": "6",
          "value": 0.032664500000034735
        }
      },
      {
        "reactor_utilization": {
          "shard": "7",
          "value": 0.03228536000007276
        }
      },
      {
        "reactor_utilization": {
          "shard": "8",
          "value": 0.032266180000073419
        }
      },
      {
        "reactor_utilization": {
          "shard": "9",
          "value": 0.035898100000064659
        }
      },
      {
        "reactor_utilization": {
          "shard": "10",
          "value": 0.034110980000201518
        }
      },
      {
        "reactor_utilization": {
          "shard": "11",
          "value": 0.031029339999966155
        }
      },
      {
        "reactor_utilization": {
          "shard": "12",
          "value": 0.036653019999910441
        }
      },
      {
        "reactor_utilization": {
          "shard": "13",
          "value": 0.040459340000009725
        }
      },
      {
        "reactor_utilization": {
          "shard": "14",
          "value": 0.03527585999985039
        }
      },
      {
        "reactor_utilization": {
          "shard": "15",
          "value": 0.031174640000219966
        }
      }
    ]
  },
  {
    "metrics": [
      {
        "reactor_utilization": {
          "shard": "0",
          "value": 0.10037208000017728
        }
      },
      {
        "reactor_utilization": {
          "shard": "1",
          "value": 0.033430139999945929
        }
      },
      {
        "reactor_utilization": {
          "shard": "2",
          "value": 0.033073619999868242
        }
      },
      {
        "reactor_utilization": {
          "shard": "3",
          "value": 0.035951800000022516
        }
      },
      {
        "reactor_utilization": {
          "shard": "4",
          "value": 0.028997340000036509
        }
      },
      {
        "reactor_utilization": {
          "shard": "5",
          "value": 0.038816439999900254
        }
      },
      {
        "reactor_utilization": {
          "shard": "6",
          "value": 0.027901600000024285
        }
      },
      {
        "reactor_utilization": {
          "shard": "7",
          "value": 0.034030120000050346
        }
      },
      {
        "reactor_utilization": {
          "shard": "8",
          "value": 0.033306360000084911
        }
      },
      {
        "reactor_utilization": {
          "shard": "9",
          "value": 0.036113400000048479
        }
      },
      {
        "reactor_utilization": {
          "shard": "10",
          "value": 0.030563600000177438
        }
      },
      {
        "reactor_utilization": {
          "shard": "11",
          "value": 0.034374799999947747
        }
      },
      {
        "reactor_utilization": {
          "shard": "12",
          "value": 0.035253219999908936
        }
      },
      {
        "reactor_utilization": {
          "shard": "13",
          "value": 0.042923080000023539
        }
      },
      {
        "reactor_utilization": {
          "shard": "14",
          "value": 0.03653783999986171
        }
      },
      {
        "reactor_utilization": {
          "shard": "15",
          "value": 0.031260300000246488
        }
      }
    ]
  },
  {
    "metrics": [
      {
        "reactor_utilization": {
          "shard": "0",
          "value": 0.069676940000185095
        }
      },
      {
        "reactor_utilization": {
          "shard": "1",
          "value": 0.016106419999928345
        }
      },
      {
        "reactor_utilization": {
          "shard": "2",
          "value": 0.02119871999989309
        }
      },
      {
        "reactor_utilization": {
          "shard": "3",
          "value": 0.01312336000000025
        }
      },
      {
        "reactor_utilization": {
          "shard": "4",
          "value": 0.024082020000038007
        }
      },
      {
        "reactor_utilization": {
          "shard": "5",
          "value": 0.027508279999899354
        }
      },
      {
        "reactor_utilization": {
          "shard": "6",
          "value": 0.015960940000026014
        }
      },
      {
        "reactor_utilization": {
          "shard": "7",
          "value": 0.018586140000054208
        }
      },
      {
        "reactor_utilization": {
          "shard": "8",
          "value": 0.01286880000008761
        }
      },
      {
        "reactor_utilization": {
          "shard": "9",
          "value": 0.020442920000074416
        }
      },
      {
        "reactor_utilization": {
          "shard": "10",
          "value": 0.017279140000181492
        }
      },
      {
        "reactor_utilization": {
          "shard": "11",
          "value": 0.022397499999948778
        }
      },
      {
        "reactor_utilization": {
          "shard": "12",
          "value": 0.018420799999918636
        }
      },
      {
        "reactor_utilization": {
          "shard": "13",
          "value": 0.022786060000024033
        }
      },
      {
        "reactor_utilization": {
          "shard": "14",
          "value": 0.01512783999984002
        }
      },
      {
        "reactor_utilization": {
          "shard": "15",
          "value": 0.021421120000253424
        }
      }
    ]
  },
  {
    "metrics": [
      {
        "reactor_utilization": {
          "shard": "0",
          "value": 0.11087572000018087
        }
      },
      {
        "reactor_utilization": {
          "shard": "1",
          "value": 0.038260139999923837
        }
      },
      {
        "reactor_utilization": {
          "shard": "2",
          "value": 0.031746599999871172
        }
      },
      {
        "reactor_utilization": {
          "shard": "3",
          "value": 0.032739540000015221
        }
      },
      {
        "reactor_utilization": {
          "shard": "4",
          "value": 0.034293560000031587
        }
      },
      {
        "reactor_utilization": {
          "shard": "5",
          "value": 0.039265759999906891
        }
      },
      {
        "reactor_utilization": {
          "shard": "6",
          "value": 0.037711679999996583
        }
      },
      {
        "reactor_utilization": {
          "shard": "7",
          "value": 0.030194800000038491
        }
      },
      {
        "reactor_utilization": {
          "shard": "8",
          "value": 0.032511840000082337
        }
      },
      {
        "reactor_utilization": {
          "shard": "9",
          "value": 0.036195560000074067
        }
      },
      {
        "reactor_utilization": {
          "shard": "10",
          "value": 0.035897720000199751
        }
      },
      {
        "reactor_utilization": {
          "shard": "11",
          "value": 0.02613537999995863
        }
      },
      {
        "reactor_utilization": {
          "shard": "12",
          "value": 0.039913219999931915
        }
      },
      {
        "reactor_utilization": {
          "shard": "13",
          "value": 0.03772580000003245
        }
      },
      {
        "reactor_utilization": {
          "shard": "14",
          "value": 0.035362999999832834
        }
      },
      {
        "reactor_utilization": {
          "shard": "15",
          "value": 0.037837040000254785
        }
      }
    ]
  },
  {
    "metrics": [
      {
        "reactor_utilization": {
          "shard": "0",
          "value": 0.1099576600001817
        }
      },
      {
        "reactor_utilization": {
          "shard": "1",
          "value": 0.03606871999993766
        }
      },
      {
        "reactor_utilization": {
          "shard": "2",
          "value": 0.033548179999876027
        }
      },
      {
        "reactor_utilization": {
          "shard": "3",
          "value": 0.032110100000015684
        }
      },
      {
        "reactor_utilization": {
          "shard": "4",
          "value": 0.030380060000034792
        }
      },
      {
        "reactor_utilization": {
          "shard": "5",
          "value": 0.046856899999914159
        }
      },
      {
        "reactor_utilization": {
          "shard": "6",
          "value": 0.036526600000008624
        }
      },
      {
        "reactor_utilization": {
          "shard": "7",
          "value": 0.029347060000017855
        }
      },
      {
        "reactor_utilization": {
          "shard": "8",
          "value": 0.031490120000077226
        }
      },
      {
        "reactor_utilization": {
          "shard": "9",
          "value": 0.029795920000075249
        }
      },
      {
        "reactor_utilization": {
          "shard": "10",
          "value": 0.035985000000215983
        }
      },
      {
        "reactor_utilization": {
          "shard": "11",
          "value": 0.03213511999995422
        }
      },
      {
        "reactor_utilization": {
          "shard": "12",
          "value": 0.036897839999938675
        }
      },
      {
        "reactor_utilization": {
          "shard": "13",
          "value": 0.032095840000034848
        }
      },
      {
        "reactor_utilization": {
          "shard": "14",
          "value": 0.038064499999856949
        }
      },
      {
        "reactor_utilization": {
          "shard": "15",
          "value": 0.032101080000246363
        }
      }
    ]
  },
  {
    "metrics": [
      {
        "reactor_utilization": {
          "shard": "0",
          "value": 0.077303440000164869
        }
      },
      {
        "reactor_utilization": {
          "shard": "1",
          "value": 0.018590619999936386
        }
      },
      {
        "reactor_utilization": {
          "shard": "2",
          "value": 0.017694579999893989
        }
      },
      {
        "reactor_utilization": {
          "shard": "3",
          "value": 0.01607477999999718
        }
      },
      {
        "reactor_utilization": {
          "shard": "4",
          "value": 0.018182040000025435
        }
      },
      {
        "reactor_utilization": {
          "shard": "5",
          "value": 0.032482059999927593
        }
      },
      {
        "reactor_utilization": {
          "shard": "6",
          "value": 0.019217579999997181
        }
      },
      {
        "reactor_utilization": {
          "shard": "7",
          "value": 0.018159540000017849
        }
      },
      {
        "reactor_utilization": {
          "shard": "8",
          "value": 0.019018400000081481
        }
      },
      {
        "reactor_utilization": {
          "shard": "9",
          "value": 0.019967160000067263
        }
      },
      {
        "reactor_utilization": {
          "shard": "10",
          "value": 0.019699600000211426
        }
      },
      {
        "reactor_utilization": {
          "shard": "11",
          "value": 0.0206232999999445
        }
      },
      {
        "reactor_utilization": {
          "shard": "12",
          "value": 0.020326199999942673
        }
      },
      {
        "reactor_utilization": {
          "shard": "13",
          "value": 0.019489720000043231
        }
      },
      {
        "reactor_utilization": {
          "shard": "14",
          "value": 0.017478899999856523
        }
      },
      {
        "reactor_utilization": {
          "shard": "15",
          "value": 0.013618520000246992
        }
      }
    ]
  }
]
