[
  {
    "metrics": [
      {
        "reactor_utilization": {
          "shard": "0",
          "value": 92.206339560000259
        }
      },
      {
        "reactor_utilization": {
          "shard": "1",
          "value": 93.356727620000029
        }
      },
      {
        "reactor_utilization": {
          "shard": "2",
          "value": 92.886414479999885
        }
      },
      {
        "reactor_utilization": {
          "shard": "3",
          "value": 89.872677519999854
        }
      },
      {
        "reactor_utilization": {
          "shard": "4",
          "value": 87.337802140000264
        }
      },
      {
        "reactor_utilization": {
          "shard": "5",
          "value": 92.055731219999856
        }
      },
      {
        "reactor_utilization": {
          "shard": "6",
          "value": 98.83669926000006
        }
      },
      {
        "reactor_utilization": {
          "shard": "7",
          "value": 91.249040860000079
        }
      },
      {
        "reactor_utilization": {
          "shard": "8",
          "value": 90.664681940000065
        }
      },
      {
        "reactor_utilization": {
          "shard": "9",
          "value": 95.506640120000114
        }
      },
      {
        "reactor_utilization": {
          "shard": "10",
          "value": 93.683763680000098
        }
      },
      {
        "reactor_utilization": {
          "shard": "11",
          "value": 98.68144419999993
        }
      },
      {
        "reactor_utilization": {
          "shard": "12",
          "value": 99.997428619999965
        }
      },
      {
        "reactor_utilization": {
          "shard": "13",
          "value": 96.852777320000044
        }
      },
      {
        "reactor_utilization": {
          "shard": "14",
          "value": 95.030029439999907
        }
      },
      {
        "reactor_utilization": {
          "shard": "15",
          "value": 89.772607500000021
        }
      }
    ]
  },
  {
    "metrics": [
      {
        "reactor_utilization": {
          "shard": "0",
          "value": 91.089511600000264
        }
      },
      {
        "reactor_utilization": {
          "shard": "1",
          "value": 93.452889460000023
        }
      },
      {
        "reactor_utilization": {
          "shard": "2",
          "value": 94.102124119999885
        }
      },
      {
        "reactor_utilization": {
          "shard": "3",
          "value": 88.504735399999845
        }
      },
      {
        "reactor_utilization": {
          "shard": "4",
          "value": 87.628475260000258
        }
      },
      {
        "reactor_utilization": {
          "shard": "5",
          "value": 90.497275539999862
        }
      },
      {
        "reactor_utilization": {
          "shard": "6",
          "value": 98.20100166000006
        }
      },
      {
        "reactor_utilization": {
          "shard": "7",
          "value": 90.263129300000074
        }
      },
      {
        "reactor_utilization": {
          "shard": "8",
          "value": 91.045857360000056
        }
      },
      {
        "reactor_utilization": {
          "shard": "9",
          "value": 94.881229100000127
        }
      },
      {
        "reactor_utilization": {
          "shard": "10",
          "value": 93.631354700000102
        }
      },
      {
        "reactor_utilization": {
          "shard": "11",
          "value": 97.835328559999937
        }
      },
      {
        "reactor_utilization": {
          "shard": "12",
          "value": 99.997954899999968
        }
      },
      {
        "reactor_utilization": {
          "shard": "13",
          "value": 95.899543700000038
        }
      },
      {
        "reactor_utilization": {
          "shard": "14",
          "value": 94.505129679999911
        }
      },
      {
        "reactor_utilization": {
          "shard": "15",
          "value": 89.976916860000017
        }
      }
    ]
  },
  {
    "metrics": [
      {
        "reactor_utilization": {
          "shard": "0",
          "value": 92.173097660000266
        }
      },
      {
        "reactor_utilization": {
          "shard": "1",
          "value": 94.236018140000027
        }
      },
      {
        "reactor_utilization": {
          "shard": "2",
          "value": 93.818451019999884
        }
      },
      {
        "reactor_utilization": {
          "shard": "3",
          "value": 89.563197039999835
        }
      },
      {
        "reactor_utilization": {
          "shard": "4",
          "value": 85.736332280000255
        }
      },
      {
        "reactor_utilization": {
          "shard": "5",
          "value": 92.234207599999863
        }
      },
      {
        "reactor_utilization": {
          "shard": "6",
          "value": 98.339236340000056
        }
      },
      {
        "reactor_utilization": {
          "shard": "7",
          "value": 90.316201180000064
        }
      },
      {
        "reactor_utilization": {
          "shard": "8",
          "value": 91.411788120000054
        }
      },
      {
        "reactor_utilization": {
          "shard": "9",
          "value": 97.533433320000128
        }
      },
      {
        "reactor_utilization": {
          "shard": "10",
          "value": 96.254082520000097
        }
      },
      {
        "reactor_utilization": {
          "shard": "11",
          "value": 99.454910299999938
        }
      },
      {
        "reactor_utilization": {
          "shard": "12",
          "value": 99.994238699999954
        }
      },
      {
        "reactor_utilization": {
          "shard": "13",
          "value": 96.360443380000049
        }
      },
      {
        "reactor_utilization": {
          "shard": "14",
          "value": 94.648541359999911
        }
      },
      {
        "reactor_utilization": {
          "shard": "15",
          "value": 89.124276220000027
        }
      }
    ]
  },
  {
    "metrics": [
      {
        "reactor_utilization": {
          "shard": "0",
          "value": 92.195781340000266
        }
      },
      {
        "reactor_utilization": {
          "shard": "1",
          "value": 91.176869380000028
        }
      },
      {
        "reactor_utilization": {
          "shard": "2",
          "value": 91.010891639999883
        }
      },
      {
        "reactor_utilization": {
          "shard": "3",
          "value": 88.355064359999844
        }
      },
      {
        "reactor_utilization": {
          "shard": "4",
          "value": 80.989589520000266
        }
      },
      {
        "reactor_utilization": {
          "shard": "5",
          "value": 90.128574439999866
        }
      },
      {
        "reactor_utilization": {
          "shard": "6",
          "value": 97.920424120000064
        }
      },
      {
        "reactor_utilization": {
          "shard": "7",
          "value": 90.376720700000064
        }
      },
      {
        "reactor_utilization": {
          "shard": "8",
          "value": 89.263596420000056
        }
      },
      {
        "reactor_utilization": {
          "shard": "9",
          "value": 94.749904980000125
        }
      },
      {
        "reactor_utilization": {
          "shard": "10",
          "value": 93.474717280000093
        }
      },
      {
        "reactor_utilization": {
          "shard": "11",
          "value": 98.127268579999921
        }
      },
      {
        "reactor_utilization": {
          "shard": "12",
          "value": 99.991151239999965
        }
      },
      {
        "reactor_utilization": {
          "shard": "13",
          "value": 95.288507100000047
        }
      },
      {
        "reactor_utilization": {
          "shard": "14",
          "value": 96.694983919999913
        }
      },
      {
        "reactor_utilization": {
          "shard": "15",
          "value": 86.808674100000033
        }
      }
    ]
  },
  {
    "metrics": [
      {
        "reactor_utilization": {
          "shard": "0",
          "value": 98.24593330000026
        }
      },
      {
        "reactor_utilization": {
          "shard": "1",
          "value": 90.983877140000018
        }
      },
      {
        "reactor_utilization": {
          "shard": "2",
          "value": 92.168348299999877
        }
      },
      {
        "reactor_utilization": {
          "shard": "3",
          "value": 89.085181739999854
        }
      },
      {
        "reactor_utilization": {
          "shard": "4",
          "value": 80.312787820000267
        }
      },
      {
        "reactor_utilization": {
          "shard": "5",
          "value": 93.494374559999869
        }
      },
      {
        "reactor_utilization": {
          "shard": "6",
          "value": 98.485950800000055
        }
      },
      {
        "reactor_utilization": {
          "shard": "7",
          "value": 95.607843320000072
        }
      },
      {
        "reactor_utilization": {
          "shard": "8",
          "value": 90.552426240000059
        }
      },
      {
        "reactor_utilization": {
          "shard": "9",
          "value": 94.816729540000125
        }
      },
      {
        "reactor_utilization": {
          "shard": "10",
          "value": 94.620697040000096
        }
      },
      {
        "reactor_utilization": {
          "shard": "11",
          "value": 99.982081119999933
        }
      },
      {
        "reactor_utilization": {
          "shard": "12",
          "value": 99.336669439999966
        }
      },
      {
        "reactor_utilization": {
          "shard": "13",
          "value": 97.45675736000004
        }
      },
      {
        "reactor_utilization": {
          "shard": "14",
          "value": 98.525319179999912
        }
      },
      {
        "reactor_utilization": {
          "shard": "15",
          "value": 89.537519800000027
        }
      }
    ]
  },
  {
    "metrics": [
      {
        "reactor_utilization": {
          "shard": "0",
          "value": 98.341420080000262
        }
      },
      {
        "reactor_utilization": {
          "shard": "1",
          "value": 89.903947620000025
        }
      },
      {
        "reactor_utilization": {
          "shard": "2",
          "value": 92.21342331999989
        }
      },
      {
        "reactor_utilization": {
          "shard": "3",
          "value": 88.675059599999855
        }
      },
      {
        "reactor_utilization": {
          "shard": "4",
          "value": 79.542883400000264
        }
      },
      {
        "reactor_utilization": {
          "shard": "5",
          "value": 91.809572779999854
        }
      },
      {
        "reactor_utilization": {
          "shard": "6",
          "value": 97.75425148000005
        }
      },
      {
        "reactor_utilization": {
          "shard": "7",
          "value": 96.241874320000065
        }
      },
      {
        "reactor_utilization": {
          "shard": "8",
          "value": 90.127253840000051
        }
      },
      {
        "reactor_utilization": {
          "shard": "9",
          "value": 93.746861000000123
        }
      },
      {
        "reactor_utilization": {
          "shard": "10",
          "value": 93.786336920000096
        }
      },
      {
        "reactor_utilization": {
          "shard": "11",
          "value": 99.969480659999931
        }
      },
      {
        "reactor_utilization": {
          "shard": "12",
          "value": 96.82850957999996
        }
      },
      {
        "reactor_utilization": {
          "shard": "13",
          "value": 97.233132760000046
        }
      },
      {
        "reactor_utilization": {
          "shard": "14",
          "value": 97.374196399999917
        }
      },
      {
        "reactor_utilization": {
          "shard": "15",
          "value": 88.379823620000025
        }
      }
    ]
  },
  {
    "metrics": [
      {
        "reactor_utilization": {
          "shard": "0",
          "value": 94.797567800000266
        }
      },
      {
        "reactor_utilization": {
          "shard": "1",
          "value": 87.941018860000014
        }
      },
      {
        "reactor_utilization": {
          "shard": "2",
          "value": 88.555603959999885
        }
      },
      {
        "reactor_utilization": {
          "shard": "3",
          "value": 86.130148339999849
        }
      },
      {
        "reactor_utilization": {
          "shard": "4",
          "value": 80.868406840000262
        }
      },
      {
        "reactor_utilization": {
          "shard": "5",
          "value": 91.210197099999874
        }
      },
      {
        "reactor_utilization": {
          "shard": "6",
          "value": 95.031930300000056
        }
      },
      {
        "reactor_utilization": {
          "shard": "7",
          "value": 94.505562740000073
        }
      },
      {
        "reactor_utilization": {
          "shard": "8",
          "value": 85.380481480000057
        }
      },
      {
        "reactor_utilization": {
          "shard": "9",
          "value": 90.298755460000123
        }
      },
      {
        "reactor_utilization": {
          "shard": "10",
          "value": 91.700423540000102
        }
      },
      {
        "reactor_utilization": {
          "shard": "11",
          "value": 98.342518279999936
        }
      },
      {
        "reactor_utilization": {
          "shard": "12",
          "value": 93.650862459999956
        }
      },
      {
        "reactor_utilization": {
          "shard": "13",
          "value": 92.879297800000046
        }
      },
      {
        "reactor_utilization": {
          "shard": "14",
          "value": 96.280274059999911
        }
      },
      {
        "reactor_utilization": {
          "shard": "15",
          "value": 89.38100872000004
        }
      }
    ]
  },
  {
    "metrics": [
      {
        "reactor_utilization": {
          "shard": "0",
          "value": 89.480075960000278
        }
      },
      {
        "reactor_utilization": {
          "shard": "1",
          "value": 83.91028190000003
        }
      },
      {
        "reactor_utilization": {
          "shard": "2",
          "value": 82.637725579999881
        }
      },
      {
        "reactor_utilization": {
          "shard": "3",
          "value": 82.121636119999849
        }
      },
      {
        "reactor_utilization": {
          "shard": "4",
          "value": 68.296014080000262
        }
      },
      {
        "reactor_utilization": {
          "shard": "5",
          "value": 83.512466779999855
        }
      },
      {
        "reactor_utilization": {
          "shard": "6",
          "value": 86.511980880000053
        }
      },
      {
        "reactor_utilization": {
          "shard": "7",
          "value": 84.936285120000065
        }
      },
      {
        "reactor_utilization": {
          "shard": "8",
          "value": 84.120450440000056
        }
      },
      {
        "reactor_utilization": {
          "shard": "9",
          "value": 82.077841140000118
        }
      },
      {
        "reactor_utilization": {
          "shard": "10",
          "value": 82.600690220000089
        }
      },
      {
        "reactor_utilization": {
          "shard": "11",
          "value": 85.663166079999925
        }
      },
      {
        "reactor_utilization": {
          "shard": "12",
          "value": 82.295737359999961
        }
      },
      {
        "reactor_utilization": {
          "shard": "13",
          "value": 84.85287306000005
        }
      },
      {
        "reactor_utilization": {
          "shard": "14",
          "value": 85.66932161999992
        }
      },
      {
        "reactor_utilization": {
          "shard": "15",
          "value": 80.782039400000031
        }
      }
    ]
  },
  {
    "metrics": [
      {
        "reactor_utilization": {
          "shard": "0",
          "value": 89.158113020000272
        }
      },
      {
        "reactor_utilization": {
          "shard": "1",
          "value": 79.084583640000019
        }
      },
      {
        "reactor_utilization": {
          "shard": "2",
          "value": 81.605968759999882
        }
      },
      {
        "reactor_utilization": {
          "shard": "3",
          "value": 75.906460219999843
        }
      },
      {
        "reactor_utilization": {
          "shard": "4",
          "value": 68.366327220000258
        }
      },
      {
        "reactor_utilization": {
          "shard": "5",
          "value": 80.869812979999864
        }
      },
      {
        "reactor_utilization": {
          "shard": "6",
          "value": 91.555027680000052
        }
      },
      {
        "reactor_utilization": {
          "shard": "7",
          "value": 83.825512740000079
        }
      },
      {
        "reactor_utilization": {
          "shard": "8",
          "value": 78.552256060000062
        }
      },
      {
        "reactor_utilization": {
          "shard": "9",
          "value": 90.319668480000132
        }
      },
      {
        "reactor_utilization": {
          "shard": "10",
          "value": 84.040875300000081
        }
      },
      {
        "reactor_utilization": {
          "shard": "11",
          "value": 89.338604359999934
        }
      },
      {
        "reactor_utilization": {
          "shard": "12",
          "value": 85.900340619999966
        }
      },
      {
        "reactor_utilization": {
          "shard": "13",
          "value": 88.961906860000042
        }
      },
      {
        "reactor_utilization": {
          "shard": "14",
          "value": 89.589854599999924
        }
      },
      {
        "reactor_utilization": {
          "shard": "15",
          "value": 79.49888672000003
        }
      }
    ]
  },
  {
    "metrics": [
      {
        "reactor_utilization": {
          "shard": "0",
          "value": 93.099645460000275
        }
      },
      {
        "reactor_utilization": {
          "shard": "1",
          "value": 86.251864900000029
        }
      },
      {
        "reactor_utilization": {
          "shard": "2",
          "value": 86.384021619999885
        }
      },
      {
        "reactor_utilization": {
          "shard": "3",
          "value": 82.309091619999847
        }
      },
      {
        "reactor_utilization": {
          "shard": "4",
          "value": 75.293438320000249
        }
      },
      {
        "reactor_utilization": {
          "shard": "5",
          "value": 88.813529639999857
        }
      },
      {
        "reactor_utilization": {
          "shard": "6",
          "value": 92.937311520000051
        }
      },
      {
        "reactor_utilization": {
          "shard": "7",
          "value": 90.537781740000071
        }
      },
      {
        "reactor_utilization": {
          "shard": "8",
          "value": 83.933545900000055
        }
      },
      {
        "reactor_utilization": {
          "shard": "9",
          "value": 88.986630860000133
        }
      },
      {
        "reactor_utilization": {
          "shard": "10",
          "value": 90.161056880000089
        }
      },
      {
        "reactor_utilization": {
          "shard": "11",
          "value": 97.729618979999927
        }
      },
      {
        "reactor_utilization": {
          "shard": "12",
          "value": 96.337289799999965
        }
      },
      {
        "reactor_utilization": {
          "shard": "13",
          "value": 93.770477360000044
        }
      },
      {
        "reactor_utilization": {
          "shard": "14",
          "value": 96.975091979999917
        }
      },
      {
        "reactor_utilization": {
          "shard": "15",
          "value": 84.733538540000026
        }
      }
    ]
  },
  {
    "metrics": [
      {
        "reactor_utilization": {
          "shard": "0",
          "value": 95.92416102000027
        }
      },
      {
        "reactor_utilization": {
          "shard": "1",
          "value": 88.721473580000023
        }
      },
      {
        "reactor_utilization": {
          "shard": "2",
          "value": 89.575883179999877
        }
      },
      {
        "reactor_utilization": {
          "shard": "3",
          "value": 86.313374759999846
        }
      },
      {
        "reactor_utilization": {
          "shard": "4",
          "value": 79.353955260000248
        }
      },
      {
        "reactor_utilization": {
          "shard": "5",
          "value": 91.946958279999862
        }
      },
      {
        "reactor_utilization": {
          "shard": "6",
          "value": 95.948989480000051
        }
      },
      {
        "reactor_utilization": {
          "shard": "7",
          "value": 93.448425460000067
        }
      },
      {
        "reactor_utilization": {
          "shard": "8",
          "value": 87.130313660000056
        }
      },
      {
        "reactor_utilization": {
          "shard": "9",
          "value": 92.45519344000013
        }
      },
      {
        "reactor_utilization": {
          "shard": "10",
          "value": 91.949681740000088
        }
      },
      {
        "reactor_utilization": {
          "shard": "11",
          "value": 99.275847439999936
        }
      },
      {
        "reactor_utilization": {
          "shard": "12",
          "value": 99.297934599999962
        }
      },
      {
        "reactor_utilization": {
          "shard": "13",
          "value": 95.191521960000031
        }
      },
      {
        "reactor_utilization": {
          "shard": "14",
          "value": 96.583190259999924
        }
      },
      {
        "reactor_utilization": {
          "shard": "15",
          "value": 86.650709760000026
        }
      }
    ]
  },
  {
    "metrics": [
      {
        "reactor_utilization": {
          "shard": "0",
          "value": 98.645875460000269
        }
      },
      {
        "reactor_utilization": {
          "shard": "1",
          "value": 91.248804100000029
        }
      },
      {
        "reactor_utilization": {
          "shard": "2",
          "value": 92.256040359999886
        }
      },
      {
        "reactor_utilization": {
          "shard": "3",
          "value": 88.470667339999849
        }
      },
      {
        "reactor_utilization": {
          "shard": "4",
          "value": 78.646662120000244
        }
      },
      {
        "reactor_utilization": {
          "shard": "5",
          "value": 92.270873939999859
        }
      },
      {
        "reactor_utilization": {
          "shard": "6",
          "value": 96.499277540000051
        }
      },
      {
        "reactor_utilization": {
          "shard": "7",
          "value": 96.324770520000072
        }
      },
      {
        "reactor_utilization": {
          "shard": "8",
          "value": 87.778591080000069
        }
      },
      {
        "reactor_utilization": {
          "shard": "9",
          "value": 94.196994580000123
        }
      },
      {
        "reactor_utilization": {
          "shard": "10",
          "value": 92.618590680000096
        }
      },
      {
        "reactor_utilization": {
          "shard": "11",
          "value": 99.989212279999933
        }
      },
      {
        "reactor_utilization": {
          "shard": "12",
          "value": 97.206030919999961
        }
      },
      {
        "reactor_utilization": {
          "shard": "13",
          "value": 96.36859836000005
        }
      },
      {
        "reactor_utilization": {
          "shard": "14",
          "value": 97.686263019999913
        }
      },
      {
        "reactor_utilization": {
          "shard": "15",
          "value": 88.506840760000031
        }
      }
    ]
  },
  {
    "metrics": [
      {
        "reactor_utilization": {
          "shard": "0",
          "value": 98.361673920000271
        }
      },
      {
        "reactor_utilization": {
          "shard": "1",
          "value": 90.908420100000029
        }
      },
      {
        "reactor_utilization": {
          "shard": "2",
          "value": 92.418355659999889
        }
      },
      {
        "reactor_utilization": {
          "shard": "3",
          "value": 87.159164919999853
        }
      },
      {
        "reactor_utilization": {
          "shard": "4",
          "value": 78.68168702000024
        }
      },
      {
        "reactor_utilization": {
          "shard": "5",
          "value": 92.427376959999847
        }
      },
      {
        "reactor_utilization": {
          "shard": "6",
          "value": 96.690397900000065
        }
      },
      {
        "reactor_utilization": {
          "shard": "7",
          "value": 96.107327240000075
        }
      },
      {
        "reactor_utilization": {
          "shard": "8",
          "value": 88.29894242000006
        }
      },
      {
        "reactor_utilization": {
          "shard": "9",
          "value": 95.084674980000131
        }
      },
      {
        "reactor_utilization": {
          "shard": "10",
          "value": 93.059752560000092
        }
      },
      {
        "reactor_utilization": {
          "shard": "11",
          "value": 99.98868089999992
        }
      },
      {
        "reactor_utilization": {
          "shard": "12",
          "value": 97.440828799999963
        }
      },
      {
        "reactor_utilization": {
          "shard": "13",
          "value": 95.978293880000038
        }
      },
      {
        "reactor_utilization": {
          "shard": "14",
          "value": 98.118840619999915
        }
      },
      {
        "reactor_utilization": {
          "shard": "15",
          "value": 88.012282660000025
        }
      }
    ]
  },
  {
    "metrics": [
      {
        "reactor_utilization": {
          "shard": "0",
          "value": 98.328966140000261
        }
      },
      {
        "reactor_utilization": {
          "shard": "1",
          "value": 90.236723320000038
        }
      },
      {
        "reactor_utilization": {
          "shard": "2",
          "value": 93.697209139999885
        }
      },
      {
        "reactor_utilization": {
          "shard": "3",
          "value": 85.748211719999844
        }
      },
      {
        "reactor_utilization": {
          "shard": "4",
          "value": 77.636814380000246
        }
      },
      {
        "reactor_utilization": {
          "shard": "5",
          "value": 91.547522299999855
        }
      },
      {
        "reactor_utilization": {
          "shard": "6",
          "value": 96.382639840000067
        }
      },
      {
        "reactor_utilization": {
          "shard": "7",
          "value": 95.936772540000064
        }
      },
      {
        "reactor_utilization": {
          "shard": "8",
          "value": 88.215206000000066
        }
      },
      {
        "reactor_utilization": {
          "shard": "9",
          "value": 93.794390480000118
        }
      },
      {
        "reactor_utilization": {
          "shard": "10",
          "value": 92.649453400000098
        }
      },
      {
        "reactor_utilization": {
          "shard": "11",
          "value": 99.981487099999939
        }
      },
      {
        "reactor_utilization": {
          "shard": "12",
          "value": 95.778399159999964
        }
      },
      {
        "reactor_utilization": {
          "shard": "13",
          "value": 96.175157640000037
        }
      },
      {
        "reactor_utilization": {
          "shard": "14",
          "value": 98.089449119999912
        }
      },
      {
        "reactor_utilization": {
          "shard": "15",
          "value": 89.676500740000037
        }
      }
    ]
  },
  {
    "metrics": [
      {
        "reactor_utilization": {
          "shard": "0",
          "value": 97.892442500000271
        }
      },
      {
        "reactor_utilization": {
          "shard": "1",
          "value": 89.293386400000031
        }
      },
      {
        "reactor_utilization": {
          "shard": "2",
          "value": 91.043484419999871
        }
      },
      {
        "reactor_utilization": {
          "shard": "3",
          "value": 86.888799419999856
        }
      },
      {
        "reactor_utilization": {
          "shard": "4",
          "value": 77.882672940000248
        }
      },
      {
        "reactor_utilization": {
          "shard": "5",
          "value": 89.820351099999854
        }
      },
      {
        "reactor_utilization": {
          "shard": "6",
          "value": 96.770871400000061
        }
      },
      {
        "reactor_utilization": {
          "shard": "7",
          "value": 95.836194400000068
        }
      },
      {
        "reactor_utilization": {
          "shard": "8",
          "value": 87.230076840000066
        }
      },
      {
        "reactor_utilization": {
          "shard": "9",
          "value": 92.961771180000127
        }
      },
      {
        "reactor_utilization": {
          "shard": "10",
          "value": 92.492479580000094
        }
      },
      {
        "reactor_utilization": {
          "shard": "11",
          "value": 99.973965139999933
        }
      },
      {
        "reactor_utilization": {
          "shard": "12",
          "value": 98.233884179999961
        }
      },
      {
        "reactor_utilization": {
          "shard": "13",
          "value": 96.183984000000038
        }
      },
      {
        "reactor_utilization": {
          "shard": "14",
          "value": 96.475366099999917
        }
      },
      {
        "reactor_utilization": {
          "shard": "15",
          "value": 88.090539700000022
        }
      }
    ]
  },
  {
    "metrics": [
      {
        "reactor_utilization": {
          "shard": "0",
          "value": 97.96111200000027
        }
      },
      {
        "reactor_utilization": {
          "shard": "1",
          "value": 89.558999780000022
        }
      },
      {
        "reactor_utilization": {
          "shard": "2",
          "value": 91.320323859999888
        }
      },
      {
        "reactor_utilization": {
          "shard": "3",
          "value": 88.209568899999852
        }
      },
      {
        "reactor_utilization": {
          "shard": "4",
          "value": 78.754157900000237
        }
      },
      {
        "reactor_utilization": {
          "shard": "5",
          "value": 91.726497759999859
        }
      },
      {
        "reactor_utilization": {
          "shard": "6",
          "value": 96.899196640000056
        }
      },
      {
        "reactor_utilization": {
          "shard": "7",
          "value": 96.395782240000074
        }
      },
      {
        "reactor_utilization": {
          "shard": "8",
          "value": 87.412229040000071
        }
      },
      {
        "reactor_utilization": {
          "shard": "9",
          "value": 93.379584880000124
        }
      },
      {
        "reactor_utilization": {
          "shard": "10",
          "value": 93.854428220000102
        }
      },
      {
        "reactor_utilization": {
          "shard": "11",
          "value": 99.981741199999931
        }
      },
      {
        "reactor_utilization": {
          "shard": "12",
          "value": 98.065300979999961
        }
      },
      {
        "reactor_utilization": {
          "shard": "13",
          "value": 96.595766320000038
        }
      },
      {
        "reactor_utilization": {
          "shard": "14",
          "value": 97.324957399999917
        }
      },
      {
        "reactor_utilization": {
          "shard": "15",
          "value": 89.132368800000023
        }
      }
    ]
  },
  {
    "metrics": [
      {
        "reactor_utilization": {
          "shard": "0",
          "value": 99.238829360000267
        }
      },
      {
        "reactor_utilization": {
          "shard": "1",
          "value": 91.936280280000034
        }
      },
      {
        "reactor_utilization": {
          "shard": "2",
          "value": 92.689368579999893
        }
      },
      {
        "reactor_utilization": {
          "shard": "3",
          "value": 88.219392379999846
        }
      },
      {
        "reactor_utilization": {
          "shard": "4",
          "value": 80.56069538000024
        }
      },
      {
        "reactor_utilization": {
          "shard": "5",
          "value": 93.642438359999858
        }
      },
      {
        "reactor_utilization": {
          "shard": "6",
          "value": 98.156162280000061
        }
      },
      {
        "reactor_utilization": {
          "shard": "7",
          "value": 96.002917960000062
        }
      },
      {
        "reactor_utilization": {
          "shard": "8",
          "value": 88.933748080000058
        }
      },
      {
        "reactor_utilization": {
          "shard": "9",
          "value": 92.743720260000131
        }
      },
      {
        "reactor_utilization": {
          "shard": "10",
          "value": 94.514458560000094
        }
      },
      {
        "reactor_utilization": {
          "shard": "11",
          "value": 99.992493899999928
        }
      },
      {
        "reactor_utilization": {
          "shard": "12",
          "value": 98.783697479999972
        }
      },
      {
        "reactor_utilization": {
          "shard": "13",
          "value": 96.597798160000053
        }
      },
      {
        "reactor_utilization": {
          "shard": "14",
          "value": 98.766597279999914
        }
      },
      {
        "reactor_utilization": {
          "shard": "15",
          "value": 90.019213320000034
        }
      }
    ]
  },
  {
    "metrics": [
      {
        "reactor_utilization": {
          "shard": "0",
          "value": 97.993014860000272
        }
      },
      {
        "reactor_utilization": {
          "shard": "1",
          "value": 90.252955260000036
        }
      },
      {
        "reactor_utilization": {
          "shard": "2",
          "value": 91.335440579999883
        }
      },
      {
        "reactor_utilization": {
          "shard": "3",
          "value": 86.396607639999857
        }
      },
      {
        "reactor_utilization": {
          "shard": "4",
          "value": 81.391112840000247
        }
      },
      {
        "reactor_utilization": {
          "shard": "5",
          "value": 91.204047539999848
        }
      },
      {
        "reactor_utilization": {
          "shard": "6",
          "value": 96.538795340000064
        }
      },
      {
        "reactor_utilization": {
          "shard": "7",
          "value": 94.891003060000074
        }
      },
      {
        "reactor_utilization": {
          "shard": "8",
          "value": 89.704402860000059
        }
      },
      {
        "reactor_utilization": {
          "shard": "9",
          "value": 93.813288720000131
        }
      },
      {
        "reactor_utilization": {
          "shard": "10",
          "value": 93.536684020000095
        }
      },
      {
        "reactor_utilization": {
          "shard": "11",
          "value": 99.990809019999929
        }
      },
      {
        "reactor_utilization": {
          "shard": "12",
          "value": 97.267984299999966
        }
      },
      {
        "reactor_utilization": {
          "shard": "13",
          "value": 95.539271380000045
        }
      },
      {
        "reactor_utilization": {
          "shard": "14",
          "value": 97.365022379999928
        }
      },
      {
        "reactor_utilization": {
          "shard": "15",
          "value": 88.628856960000036
        }
      }
    ]
  },
  {
    "metrics": [
      {
        "reactor_utilization": {
          "shard": "0",
          "value": 97.598429700000267
        }
      },
      {
        "reactor_utilization": {
          "shard": "1",
          "value": 92.493878840000022
        }
      },
      {
        "reactor_utilization": {
          "shard": "2",
          "value": 93.140218339999876
        }
      },
      {
        "reactor_utilization": {
          "shard": "3",
          "value": 89.379389999999859
        }
      },
      {
        "reactor_utilization": {
          "shard": "4",
          "value": 80.45502800000024
        }
      },
      {
        "reactor_utilization": {
          "shard": "5",
          "value": 93.746746419999852
        }
      },
      {
        "reactor_utilization": {
          "shard": "6",
          "value": 97.130214480000049
        }
      },
      {
        "reactor_utilization": {
          "shard": "7",
          "value": 96.050221400000069
        }
      },
      {
        "reactor_utilization": {
          "shard": "8",
          "value": 92.105497820000053
        }
      },
      {
        "reactor_utilization": {
          "shard": "9",
          "value": 93.049743080000127
        }
      },
      {
        "reactor_utilization": {
          "shard": "10",
          "value": 94.369973280000096
        }
      },
      {
        "reactor_utilization": {
          "shard": "11",
          "value": 99.709662199999926
        }
      },
      {
        "reactor_utilization": {
          "shard": "12",
          "value": 97.425955439999967
        }
      },
      {
        "reactor_utilization": {
          "shard": "13",
          "value": 96.543455540000039
        }
      },
      {
        "reactor_utilization": {
          "shard": "14",
          "value": 97.702713819999914
        }
      },
      {
        "reactor_utilization": {
          "shard": "15",
          "value": 91.004854320000021
        }
      }
    ]
  },
  {
    "metrics": [
      {
        "reactor_utilization": {
          "shard": "0",
          "value": 97.267866520000268
        }
      },
      {
        "reactor_utilization": {
          "shard": "1",
          "value": 90.481496000000021
        }
      },
      {
        "reactor_utilization": {
          "shard": "2",
          "value": 91.083727559999886
        }
      },
      {
        "reactor_utilization": {
          "shard": "3",
          "value": 89.417170479999854
        }
      },
      {
        "reactor_utilization": {
          "shard": "4",
          "value": 78.072579720000235
        }
      },
      {
        "reactor_utilization": {
          "shard": "5",
          "value": 95.150945479999848
        }
      },
      {
        "reactor_utilization": {
          "shard": "6",
          "value": 97.444458320000066
        }
      },
      {
        "reactor_utilization": {
          "shard": "7",
          "value": 95.617984940000071
        }
      },
      {
        "reactor_utilization": {
          "shard": "8",
          "value": 89.427159180000061
        }
      },
      {
        "reactor_utilization": {
          "shard": "9",
          "value": 92.620360620000127
        }
      },
      {
        "reactor_utilization": {
          "shard": "10",
          "value": 92.905948900000098
        }
      },
      {
        "reactor_utilization": {
          "shard": "11",
          "value": 98.846951639999929
        }
      },
      {
        "reactor_utilization": {
          "shard": "12",
          "value": 96.681427399999961
        }
      },
      {
        "reactor_utilization": {
          "shard": "13",
          "value": 96.795496560000032
        }
      },
      {
        "reactor_utilization": {
          "shard": "14",
          "value": 96.421057039999909
        }
      },
      {
        "reactor_utilization": {
          "shard": "15",
          "value": 91.202734640000045
        }
      }
    ]
  },
  {
    "metrics": [
      {
        "reactor_utilization": {
          "shard": "0",
          "value": 97.392292720000256
        }
      },
      {
        "reactor_utilization": {
          "shard": "1",
          "value": 90.304794560000019
        }
      },
      {
        "reactor_utilization": {
          "shard": "2",
          "value": 89.723890079999876
        }
      },
      {
        "reactor_utilization": {
          "shard": "3",
          "value": 85.348898579999855
        }
      },
      {
        "reactor_utilization": {
          "shard": "4",
          "value": 75.947401340000241
        }
      },
      {
        "reactor_utilization": {
          "shard": "5",
          "value": 90.619116799999858
        }
      },
      {
        "reactor_utilization": {
          "shard": "6",
          "value": 97.781348840000064
        }
      },
      {
        "reactor_utilization": {
          "shard": "7",
          "value": 93.961993220000068
        }
      },
      {
        "reactor_utilization": {
          "shard": "8",
          "value": 88.143388040000062
        }
      },
      {
        "reactor_utilization": {
          "shard": "9",
          "value": 93.195694580000136
        }
      },
      {
        "reactor_utilization": {
          "shard": "10",
          "value": 93.421692200000095
        }
      },
      {
        "reactor_utilization": {
          "shard": "11",
          "value": 97.169398319999928
        }
      },
      {
        "reactor_utilization": {
          "shard": "12",
          "value": 95.552130759999969
        }
      },
      {
        "reactor_utilization": {
          "shard": "13",
          "value": 95.610328340000038
        }
      },
      {
        "reactor_utilization": {
          "shard": "14",
          "value": 96.014121779999911
        }
      },
      {
        "reactor_utilization": {
          "shard": "15",
          "value": 88.061102480000031
        }
      }
    ]
  },
  {
    "metrics": [
      {
        "reactor_utilization": {
          "shard": "0",
          "value": 97.731085740000267
        }
      },
      {
        "reactor_utilization": {
          "shard": "1",
          "value": 87.380341380000033
        }
      },
      {
        "reactor_utilization": {
          "shard": "2",
          "value": 89.122663779999883
        }
      },
      {
        "reactor_utilization": {
          "shard": "3",
          "value": 86.301364219999854
        }
      },
      {
        "reactor_utilization": {
          "shard": "4",
          "value": 77.735308440000225
        }
      },
      {
        "reactor_utilization": {
          "shard": "5",
          "value": 90.308234459999852
        }
      },
      {
        "reactor_utilization": {
          "shard": "6",
          "value": 98.031791680000055
        }
      },
      {
        "reactor_utilization": {
          "shard": "7",
          "value": 93.175278060000068
        }
      },
      {
        "reactor_utilization": {
          "shard": "8",
          "value": 86.690724660000072
        }
      },
      {
        "reactor_utilization": {
          "shard": "9",
          "value": 94.759244380000126
        }
      },
      {
        "reactor_utilization": {
          "shard": "10",
          "value": 93.916453160000088
        }
      },
      {
        "reactor_utilization": {
          "shard": "11",
          "value": 96.280804739999937
        }
      },
      {
        "reactor_utilization": {
          "shard": "12",
          "value": 94.781228619999951
        }
      },
      {
        "reactor_utilization": {
          "shard": "13",
          "value": 97.050758060000035
        }
      },
      {
        "reactor_utilization": {
          "shard": "14",
          "value": 94.826122559999916
        }
      },
      {
        "reactor_utilization": {
          "shard": "15",
          "value": 84.851501440000035
        }
      }
    ]
  },
  {
    "metrics": [
      {
        "reactor_utilization": {
          "shard": "0",
          "value": 96.243623480000267
        }
      },
      {
        "reactor_utilization": {
          "shard": "1",
          "value": 87.919054100000025
        }
      },
      {
        "reactor_utilization": {
          "shard": "2",
          "value": 89.174803959999878
        }
      },
      {
        "reactor_utilization": {
          "shard": "3",
          "value": 85.36150995999985
        }
      },
      {
        "reactor_utilization": {
          "shard": "4",
          "value": 76.96965688000023
        }
      },
      {
        "reactor_utilization": {
          "shard": "5",
          "value": 90.40412429999985
        }
      },
      {
        "reactor_utilization": {
          "shard": "6",
          "value": 96.296242000000049
        }
      },
      {
        "reactor_utilization": {
          "shard": "7",
          "value": 93.042606060000068
        }
      },
      {
        "reactor_utilization": {
          "shard": "8",
          "value": 86.188701080000058
        }
      },
      {
        "reactor_utilization": {
          "shard": "9",
          "value": 91.987188360000133
        }
      },
      {
        "reactor_utilization": {
          "shard": "10",
          "value": 92.558258140000092
        }
      },
      {
        "reactor_utilization": {
          "shard": "11",
          "value": 99.594649659999931
        }
      },
      {
        "reactor_utilization": {
          "shard": "12",
          "value": 95.175008219999953
        }
      },
      {
        "reactor_utilization": {
          "shard": "13",
          "value": 95.407639420000052
        }
      },
      {
        "reactor_utilization": {
          "shard": "14",
          "value": 97.136908279999915
        }
      },
      {
        "reactor_utilization": {
          "shard": "15",
          "value": 85.671460040000042
        }
      }
    ]
  },
  {
    "metrics": [
      {
        "reactor_utilization": {
          "shard": "0",
          "value": 95.50164350000027
        }
      },
      {
        "reactor_utilization": {
          "shard": "1",
          "value": 88.406063960000026
        }
      },
      {
        "reactor_utilization": {
          "shard": "2",
          "value": 89.864620519999889
        }
      },
      {
        "reactor_utilization": {
          "shard": "3",
          "value": 84.52958853999985
        }
      },
      {
        "reactor_utilization": {
          "shard": "4",
          "value": 78.881340680000235
        }
      },
      {
        "reactor_utilization": {
          "shard": "5",
          "value": 91.495439519999849
        }
      },
      {
        "reactor_utilization": {
          "shard": "6",
          "value": 95.983277460000068
        }
      },
      {
        "reactor_utilization": {
          "shard": "7",
          "value": 92.596685700000066
        }
      },
      {
        "reactor_utilization": {
          "shard": "8",
          "value": 85.259366020000073
        }
      },
      {
        "reactor_utilization": {
          "shard": "9",
          "value": 91.952346140000131
        }
      },
      {
        "reactor_utilization": {
          "shard": "10",
          "value": 90.868503560000093
        }
      },
      {
        "reactor_utilization": {
          "shard": "11",
          "value": 99.495016339999935
        }
      },
      {
        "reactor_utilization": {
          "shard": "12",
          "value": 97.19266857999996
        }
      },
      {
        "reactor_utilization": {
          "shard": "13",
          "value": 93.587350740000048
        }
      },
      {
        "reactor_utilization": {
          "shard": "14",
          "value": 98.341851459999916
        }
      },
      {
        "reactor_utilization": {
          "shard": "15",
          "value": 86.574557140000039
        }
      }
    ]
  }
]
