[
  {
    "metrics": [
      {
        "reactor_utilization": {
          "shard": "0",
          "value": 91.828180440000139
        }
      },
      {
        "reactor_utilization": {
          "shard": "1",
          "value": 92.22141046000003
        }
      },
      {
        "reactor_utilization": {
          "shard": "2",
          "value": 94.915982760000034
        }
      },
      {
        "reactor_utilization": {
          "shard": "3",
          "value": 82.929230559999965
        }
      },
      {
        "reactor_utilization": {
          "shard": "4",
          "value": 89.180221300000113
        }
      },
      {
        "reactor_utilization": {
          "shard": "5",
          "value": 93.20718989999979
        }
      },
      {
        "reactor_utilization": {
          "shard": "6",
          "value": 93.416930579999871
        }
      },
      {
        "reactor_utilization": {
          "shard": "7",
          "value": 94.655199260000117
        }
      },
      {
        "reactor_utilization": {
          "shard": "8",
          "value": 81.273313820000055
        }
      },
      {
        "reactor_utilization": {
          "shard": "9",
          "value": 95.434963180000082
        }
      },
      {
        "reactor_utilization": {
          "shard": "10",
          "value": 95.826035160000259
        }
      },
      {
        "reactor_utilization": {
          "shard": "11",
          "value": 98.231714999999895
        }
      },
      {
        "reactor_utilization": {
          "shard": "12",
          "value": 89.021610359999883
        }
      },
      {
        "reactor_utilization": {
          "shard": "13",
          "value": 99.16756048000012
        }
      },
      {
        "reactor_utilization": {
          "shard": "14",
          "value": 97.109368559999865
        }
      },
      {
        "reactor_utilization": {
          "shard": "15",
          "value": 99.993899420000147
        }
      }
    ]
  },
  {
    "metrics": [
      {
        "reactor_utilization": {
          "shard": "0",
          "value": 30.078395500000145
        }
      },
      {
        "reactor_utilization": {
          "shard": "1",
          "value": 26.801644520000035
        }
      },
      {
        "reactor_utilization": {
          "shard": "2",
          "value": 28.596236460000046
        }
      },
      {
        "reactor_utilization": {
          "shard": "3",
          "value": 21.61156237999996
        }
      },
      {
        "reactor_utilization": {
          "shard": "4",
          "value": 24.803744960000106
        }
      },
      {
        "reactor_utilization": {
          "shard": "5",
          "value": 29.009311519999791
        }
      },
      {
        "reactor_utilization": {
          "shard": "6",
          "value": 26.558260839999871
        }
      },
      {
        "reactor_utilization": {
          "shard": "7",
          "value": 29.166455140000114
        }
      },
      {
        "reactor_utilization": {
          "shard": "8",
          "value": 20.092765360000055
        }
      },
      {
        "reactor_utilization": {
          "shard": "9",
          "value": 19.938553180000085
        }
      },
      {
        "reactor_utilization": {
          "shard": "10",
          "value": 27.427941240000266
        }
      },
      {
        "reactor_utilization": {
          "shard": "11",
          "value": 23.832164159999891
        }
      },
      {
        "reactor_utilization": {
          "shard": "12",
          "value": 16.410855639999866
        }
      },
      {
        "reactor_utilization": {
          "shard": "13",
          "value": 22.319404100000117
        }
      },
      {
        "reactor_utilization": {
          "shard": "14",
          "value": 23.84066053999986
        }
      },
      {
        "reactor_utilization": {
          "shard": "15",
          "value": 26.502745540000149
        }
      }
    ]
  },
  {
    "metrics": [
      {
        "reactor_utilization": {
          "shard": "0",
          "value": 0.085766200000125803
        }
      },
      {
        "reactor_utilization": {
          "shard": "1",
          "value": 0.040425320000037068
        }
      },
      {
        "reactor_utilization": {
          "shard": "2",
          "value": 0.032622580000030155
        }
      },
      {
        "reactor_utilization": {
          "shard": "3",
          "value": 0.036020799999936237
        }
      },
      {
        "reactor_utilization": {
          "shard": "4",
          "value": 0.033887420000089374
        }
      },
      {
        "reactor_utilization": {
          "shard": "5",
          "value": 0.027410679999773091
        }
      },
      {
        "reactor_utilization": {
          "shard": "6",
          "value": 0.040009239999871937
        }
      },
      {
        "reactor_utilization": {
          "shard": "7",
          "value": 0.035943400000115755
        }
      },
      {
        "reactor_utilization": {
          "shard": "8",
          "value": 0.045706120000033046
        }
      },
      {
        "reactor_utilization": {
          "shard": "9",
          "value": 0.043457260000090425
        }
      },
      {
        "reactor_utilization": {
          "shard": "10",
          "value": 0.040943560000239465
        }
      },
      {
        "reactor_utilization": {
          "shard": "11",
          "value": 0.037322839999909263
        }
      },
      {
        "reactor_utilization": {
          "shard": "12",
          "value": 0.04672205999987078
        }
      },
      {
        "reactor_utilization": {
          "shard": "13",
          "value": 0.039192400000098715
        }
      },
      {
        "reactor_utilization": {
          "shard": "14",
          "value": 0.037672499999874542
        }
      },
      {
        "reactor_utilization": {
          "shard": "15",
          "value": 0.039292900000165165
        }
      }
    ]
  },
  {
    "metrics": [
      {
        "reactor_utilization": {
          "shard": "0",
          "value": 0.081592840000133116
        }
      },
      {
        "reactor_utilization": {
          "shard": "1",
          "value": 0.01576024000004006
        }
      },
      {
        "reactor_utilization": {
          "shard": "2",
          "value": 0.0130960600000396
        }
      },
      {
        "reactor_utilization": {
          "shard": "3",
          "value": 0.019239899999934362
        }
      },
      {
        "reactor_utilization": {
          "shard": "4",
          "value": 0.019541540000078683
        }
      },
      {
        "reactor_utilization": {
          "shard": "5",
          "value": 0.023181339999778228
        }
      },
      {
        "reactor_utilization": {
          "shard": "6",
          "value": 0.02238987999988451
        }
      },
      {
        "reactor_utilization": {
          "shard": "7",
          "value": 0.013174820000116938
        }
      },
      {
        "reactor_utilization": {
          "shard": "8",
          "value": 0.031094940000020443
        }
      },
      {
        "reactor_utilization": {
          "shard": "9",
          "value": 0.022805360000077712
        }
      },
      {
        "reactor_utilization": {
          "shard": "10",
          "value": 0.026871000000239231
        }
      },
      {
        "reactor_utilization": {
          "shard": "11",
          "value": 0.021743699999920985
        }
      },
      {
        "reactor_utilization": {
          "shard": "12",
          "value": 0.023520799999876552
        }
      },
      {
        "reactor_utilization": {
          "shard": "13",
          "value": 0.022288060000086318
        }
      },
      {
        "reactor_utilization": {
          "shard": "14",
          "value": 0.022761219999845039
        }
      },
      {
        "reactor_utilization": {
          "shard": "15",
          "value": 0.022351440000178968
        }
      }
    ]
  },
  {
    "metrics": [
      {
        "reactor_utilization": {
          "shard": "0",
          "value": 0.11577240000012479
        }
      },
      {
        "reactor_utilization": {
          "shard": "1",
          "value": 0.037432420000016453
        }
      },
      {
        "reactor_utilization": {
          "shard": "2",
          "value": 0.033117520000036649
        }
      },
      {
        "reactor_utilization": {
          "shard": "3",
          "value": 0.033459899999932485
        }
      },
      {
        "reactor_utilization": {
          "shard": "4",
          "value": 0.013305360000082089
        }
      },
      {
        "reactor_utilization": {
          "shard": "5",
          "value": 0.031415999999784283
        }
      },
      {
        "reactor_utilization": {
          "shard": "6",
          "value": 0.027805019999882497
        }
      },
      {
        "reactor_utilization": {
          "shard": "7",
          "value": 0.031741820000119603
        }
      },
      {
        "reactor_utilization": {
          "shard": "8",
          "value": 0.038033860000008524
        }
      },
      {
        "reactor_utilization": {
          "shard": "9",
          "value": 0.037619140000066942
        }
      },
      {
        "reactor_utilization": {
          "shard": "10",
          "value": 0.014602400000229832
        }
      },
      {
        "reactor_utilization": {
          "shard": "11",
          "value": 0.031078339999901505
        }
      },
      {
        "reactor_utilization": {
          "shard": "12",
          "value": 0.033075979999863669
        }
      },
      {
        "reactor_utilization": {
          "shard": "13",
          "value": 0.033268920000106839
        }
      },
      {
        "reactor_utilization": {
          "shard": "14",
          "value": 0.033365179999833572
        }
      },
      {
        "reactor_utilization": {
          "shard": "15",
          "value": 0.033952500000189456
        }
      }
    ]
  },
  {
    "metrics": [
      {
        "reactor_utilization": {
          "shard": "0",
          "value": 0.10813506000013628
        }
      },
      {
        "reactor_utilization": {
          "shard": "1",
          "value": 0.031564820000018479
        }
      },
      {
        "reactor_utilization": {
          "shard": "2",
          "value": 0.030977880000016
        }
      },
      {
        "reactor_utilization": {
          "shard": "3",
          "value": 0.025638959999918498
        }
      },
      {
        "reactor_utilization": {
          "shard": "4",
          "value": 0.032533240000076624
        }
      },
      {
        "reactor_utilization": {
          "shard": "5",
          "value": 0.030929479999786125
        }
      },
      {
        "reactor_utilization": {
          "shard": "6",
          "value": 0.030738739999880416
        }
      },
      {
        "reactor_utilization": {
          "shard": "7",
          "value": 0.033800120000115896
        }
      },
      {
        "reactor_utilization": {
          "shard": "8",
          "value": 0.027747919999998594
        }
      },
      {
        "reactor_utilization": {
          "shard": "9",
          "value": 0.037715780000069365
        }
      },
      {
        "reactor_utilization": {
          "shard": "10",
          "value": 0.027087060000230423
        }
      },
      {
        "reactor_utilization": {
          "shard": "11",
          "value": 0.03220591999989475
        }
      },
      {
        "reactor_utilization": {
          "shard": "12",
          "value": 0.035737239999866777
        }
      },
      {
        "reactor_utilization": {
          "shard": "13",
          "value": 0.034227600000125147
        }
      },
      {
        "reactor_utilization": {
          "shard": "14",
          "value": 0.029159239999843045
        }
      },
      {
        "reactor_utilization": {
          "shard": "15",
          "value": 0.030440980000179252
        }
      }
    ]
  },
  {
    "metrics": [
      {
        "reactor_utilization": {
          "shard": "0",
          "value": 0.074025440000125009
        }
      },
      {
        "reactor_utilization": {
          "shard": "1",
          "value": 0.019864120000012697
        }
      },
      {
        "reactor_utilization": {
          "shard": "2",
          "value": 0.017451280000024827
        }
      },
      {
        "reactor_utilization": {
          "shard": "3",
          "value": 0.017155739999918929
        }
      },
      {
        "reactor_utilization": {
          "shard": "4",
          "value": 0.022888600000048331
        }
      },
      {
        "reactor_utilization": {
          "shard": "5",
          "value": 0.017246419999805696
        }
      },
      {
        "reactor_utilization": {
          "shard": "6",
          "value": 0.017768179999888556
        }
      },
      {
        "reactor_utilization": {
          "shard": "7",
          "value": 0.018715780000100324
        }
      },
      {
        "reactor_utilization": {
          "shard": "8",
          "value": 0.035208300000011405
        }
      },
      {
        "reactor_utilization": {
          "shard": "9",
          "value": 0.020864320000058001
        }
      },
      {
        "reactor_utilization": {
          "shard": "10",
          "value": 0.018092700000238437
        }
      },
      {
        "reactor_utilization": {
          "shard": "11",
          "value": 0.015803219999899198
        }
      },
      {
        "reactor_utilization": {
          "shard": "12",
          "value": 0.0193804599998737
        }
      },
      {
        "reactor_utilization": {
          "shard": "13",
          "value": 0.020520840000104457
        }
      },
      {
        "reactor_utilization": {
          "shard": "14",
          "value": 0.020018699999857503
        }
      },
      {
        "reactor_utilization": {
          "shard": "15",
          "value": 0.021823860000180773
        }
      }
    ]
  },
  {
    "metrics": [
      {
        "reactor_utilization": {
          "shard": "0",
          "value": 0.11381128000010898
        }
      },
      {
        "reactor_utilization": {
          "shard": "1",
          "value": 0.032889240000011366
        }
      },
      {
        "reactor_utilization": {
          "shard": "2",
          "value": 0.032387280000023555
        }
      },
      {
        "reactor_utilization": {
          "shard": "3",
          "value": 0.033714999999934214
        }
      },
      {
        "reactor_utilization": {
          "shard": "4",
          "value": 0.031520380000071846
        }
      },
      {
        "reactor_utilization": {
          "shard": "5",
          "value": 0.028291879999831071
        }
      },
      {
        "reactor_utilization": {
          "shard": "6",
          "value": 0.032129219999899039
        }
      },
      {
        "reactor_utilization": {
          "shard": "7",
          "value": 0.032925260000116197
        }
      },
      {
        "reactor_utilization": {
          "shard": "8",
          "value": 0.043564960000019859
        }
      },
      {
        "reactor_utilization": {
          "shard": "9",
          "value": 0.025233920000045096
        }
      },
      {
        "reactor_utilization": {
          "shard": "10",
          "value": 0.032121060000245283
        }
      },
      {
        "reactor_utilization": {
          "shard": "11",
          "value": 0.028332499999894623
        }
      },
      {
        "reactor_utilization": {
          "shard": "12",
          "value": 0.035720259999871828
        }
      },
      {
        "reactor_utilization": {
          "shard": "13",
          "value": 0.026136940000098807
        }
      },
      {
        "reactor_utilization": {
          "shard": "14",
          "value": 0.033466239999868641
        }
      },
      {
        "reactor_utilization": {
          "shard": "15",
          "value": 0.041876820000186221
        }
      }
    ]
  },
  {
    "metrics": [
      {
        "reactor_utilization": {
          "shard": "0",
          "value": 0.09380212000013044
        }
      },
      {
        "reactor_utilization": {
          "shard": "1",
          "value": 0.031085400000008256
        }
      },
      {
        "reactor_utilization": {
          "shard": "2",
          "value": 0.028654300000008348
        }
      },
      {
        "reactor_utilization": {
          "shard": "3",
          "value": 0.034041419999941702
        }
      },
      {
        "reactor_utilization": {
          "shard": "4",
          "value": 0.032851680000067773
        }
      },
      {
        "reactor_utilization": {
          "shard": "5",
          "value": 0.030085599999818413
        }
      },
      {
        "reactor_utilization": {
          "shard": "6",
          "value": 0.037569519999913759
        }
      },
      {
        "reactor_utilization": {
          "shard": "7",
          "value": 0.029373880000105324
        }
      },
      {
        "reactor_utilization": {
          "shard": "8",
          "value": 0.040051240000016364
        }
      },
      {
        "reactor_utilization": {
          "shard": "9",
          "value": 0.035300520000047797
        }
      },
      {
        "reactor_utilization": {
          "shard": "10",
          "value": 0.032705500000262955
        }
      },
      {
        "reactor_utilization": {
          "shard": "11",
          "value": 0.027806339999902896
        }
      },
      {
        "reactor_utilization": {
          "shard": "12",
          "value": 0.03464825999988097
        }
      },
      {
        "reactor_utilization": {
          "shard": "13",
          "value": 0.035463320000106435
        }
      },
      {
        "reactor_utilization": {
          "shard": "14",
          "value": 0.028069199999869454
        }
      },
      {
        "reactor_utilization": {
          "shard": "15",
          "value": 0.028044360000167856
        }
      }
    ]
  },
  {
    "metrics": [
      {
        "reactor_utilization": {
          "shard": "0",
          "value": 0.068048200000137005
        }
      },
      {
        "reactor_utilization": {
          "shard": "1",
          "value": 0.016444880000010542
        }
      },
      {
        "reactor_utilization": {
          "shard": "2",
          "value": 0.018718760000013823
        }
      },
      {
        "reactor_utilization": {
          "shard": "3",
          "value": 0.019179019999926439
        }
      },
      {
        "reactor_utilization": {
          "shard": "4",
          "value": 0.018045800000088263
        }
      },
      {
        "reactor_utilization": {
          "shard": "5",
          "value": 0.02038485999980022
        }
      },
      {
        "reactor_utilization": {
          "shard": "6",
          "value": 0.015344159999919338
        }
      },
      {
        "reactor_utilization": {
          "shard": "7",
          "value": 0.018902480000115851
        }
      },
      {
        "reactor_utilization": {
          "shard": "8",
          "value": 0.026076580000022886
        }
      },
      {
        "reactor_utilization": {
          "shard": "9",
          "value": 0.017710680000049273
        }
      },
      {
        "reactor_utilization": {
          "shard": "10",
          "value": 0.019090180000258528
        }
      },
      {
        "reactor_utilization": {
          "shard": "11",
          "value": 0.019234859999905929
        }
      },
      {
        "reactor_utilization": {
          "shard": "12",
          "value": 0.012787039999873073
        }
      },
      {
        "reactor_utilization": {
          "shard": "13",
          "value": 0.01966098000009131
        }
      },
      {
        "reactor_utilization": {
          "shard": "14",
          "value": 0.017378739999862614
        }
      },
      {
        "reactor_utilization": {
          "shard": "15",
          "value": 0.02072398000015907
        }
      }
    ]
  },
  {
    "metrics": [
      {
        "reactor_utilization": {
          "shard": "0",
          "value": 0.089194660000146975
        }
      },
      {
        "reactor_utilization": {
          "shard": "1",
          "value": 0.030973820000013141
        }
      },
      {
        "reactor_utilization": {
          "shard": "2",
          "value": 0.032298920000006781
        }
      },
      {
        "reactor_utilization": {
          "shard": "3",
          "value": 0.028733639999944938
        }
      },
      {
        "reactor_utilization": {
          "shard": "4",
          "value": 0.031170920000078706
        }
      },
      {
        "reactor_utilization": {
          "shard": "5",
          "value": 0.026867899999816203
        }
      },
      {
        "reactor_utilization": {
          "shard": "6",
          "value": 0.036551119999916892
        }
      },
      {
        "reactor_utilization": {
          "shard": "7",
          "value": 0.030758760000093588
        }
      },
      {
        "reactor_utilization": {
          "shard": "8",
          "value": 0.040871320000013256
        }
      },
      {
        "reactor_utilization": {
          "shard": "9",
          "value": 0.039024780000040948
        }
      },
      {
        "reactor_utilization": {
          "shard": "10",
          "value": 0.029437000000265279
        }
      },
      {
        "reactor_utilization": {
          "shard": "11",
          "value": 0.032037419999930705
        }
      },
      {
        "reactor_utilization": {
          "shard": "12",
          "value": 0.036382319999872514
        }
      },
      {
        "reactor_utilization": {
          "shard": "13",
          "value": 0.034791320000082671
        }
      },
      {
        "reactor_utilization": {
          "shard": "14",
          "value": 0.0309505399998522
        }
      },
      {
        "reactor_utilization": {
          "shard": "15",
          "value": 0.032580580000163284
        }
      }
    ]
  },
  {
    "metrics": [
      {
        "reactor_utilization": {
          "shard": "0",
          "value": 0.076293700000151787
        }
      },
      {
        "reactor_utilization": {
          "shard": "1",
          "value": 0.018694020000031841
        }
      },
      {
        "reactor_utilization": {
          "shard": "2",
          "value": 0.017663640000009639
        }
      },
      {
        "reactor_utilization": {
          "shard": "3",
          "value": 0.032099239999938689
        }
      },
      {
        "reactor_utilization": {
          "shard": "4",
          "value": 0.030331460000088128
        }
      },
      {
        "reactor_utilization": {
          "shard": "5",
          "value": 0.018282019999804611
        }
      },
      {
        "reactor_utilization": {
          "shard": "6",
          "value": 0.023161559999929082
        }
      },
      {
        "reactor_utilization": {
          "shard": "7",
          "value": 0.02036032000010124
        }
      },
      {
        "reactor_utilization": {
          "shard": "8",
          "value": 0.042736239999996428
        }
      },
      {
        "reactor_utilization": {
          "shard": "9",
          "value": 0.034866820000034604
        }
      },
      {
        "reactor_utilization": {
          "shard": "10",
          "value": 0.030397260000269988
        }
      },
      {
        "reactor_utilization": {
          "shard": "11",
          "value": 0.029768039999944484
        }
      },
      {
        "reactor_utilization": {
          "shard": "12",
          "value": 0.031468519999866551
        }
      },
      {
        "reactor_utilization": {
          "shard": "13",
          "value": 0.034589180000110797
        }
      },
      {
        "reactor_utilization": {
          "shard": "14",
          "value": 0.031630379999847413
        }
      },
      {
        "reactor_utilization": {
          "shard": "15",
          "value": 0.037289280000152303
        }
      }
    ]
  },
  {
    "metrics": [
      {
        "reactor_utilization": {
          "shard": "0",
          "value": 0.083900620000121329
        }
      },
      {
        "reactor_utilization": {
          "shard": "1",
          "value": 0.03459342000002863
        }
      },
      {
        "reactor_utilization": {
          "shard": "2",
          "value": 0.01341514000001709
        }
      },
      {
        "reactor_utilization": {
          "shard": "3",
          "value": 0.01707767999995502
        }
      },
      {
        "reactor_utilization": {
          "shard": "4",
          "value": 0.016743340000102691
        }
      },
      {
        "reactor_utilization": {
          "shard": "5",
          "value": 0.013629079999799565
        }
      },
      {
        "reactor_utilization": {
          "shard": "6",
          "value": 0.026632319999919662
        }
      },
      {
        "reactor_utilization": {
          "shard": "7",
          "value": 0.011497760000078738
        }
      },
      {
        "reactor_utilization": {
          "shard": "8",
          "value": 0.030074959999992767
        }
      },
      {
        "reactor_utilization": {
          "shard": "9",
          "value": 0.021760980000029573
        }
      },
      {
        "reactor_utilization": {
          "shard": "10",
          "value": 0.018787540000253511
        }
      },
      {
        "reactor_utilization": {
          "shard": "11",
          "value": 0.019619339999965568
        }
      },
      {
        "reactor_utilization": {
          "shard": "12",
          "value": 0.020858899999853797
        }
      },
      {
        "reactor_utilization": {
          "shard": "13",
          "value": 0.019958320000101892
        }
      },
      {
        "reactor_utilization": {
          "shard": "14",
          "value": 0.017756059999840534
        }
      },
      {
        "reactor_utilization": {
          "shard": "15",
          "value": 0.022419280000174346
        }
      }
    ]
  },
  {
    "metrics": [
      {
        "reactor_utilization": {
          "shard": "0",
          "value": 0.10842234000012496
        }
      },
      {
        "reactor_utilization": {
          "shard": "1",
          "value": 0.030349760000025761
        }
      },
      {
        "reactor_utilization": {
          "shard": "2",
          "value": 0.031726100000017965
        }
      },
      {
        "reactor_utilization": {
          "shard": "3",
          "value": 0.033500399999952801
        }
      },
      {
        "reactor_utilization": {
          "shard": "4",
          "value": 0.025578320000108068
        }
      },
      {
        "reactor_utilization": {
          "shard": "5",
          "value": 0.029725879999797922
        }
      },
      {
        "reactor_utilization": {
          "shard": "6",
          "value": 0.035027979999913139
        }
      },
      {
        "reactor_utilization": {
          "shard": "7",
          "value": 0.02999462000008446
        }
      },
      {
        "reactor_utilization": {
          "shard": "8",
          "value": 0.047714959999978213
        }
      },
      {
        "reactor_utilization": {
          "shard": "9",
          "value": 0.037877920000028986
        }
      },
      {
        "reactor_utilization": {
          "shard": "10",
          "value": 0.028827600000247422
        }
      },
      {
        "reactor_utilization": {
          "shard": "11",
          "value": 0.028473759999936288
        }
      },
      {
        "reactor_utilization": {
          "shard": "12",
          "value": 0.037838159999847853
        }
      },
      {
        "reactor_utilization": {
          "shard": "13",
          "value": 0.034541160000112203
        }
      },
      {
        "reactor_utilization": {
          "shard": "14",
          "value": 0.034294459999850702
        }
      },
      {
        "reactor_utilization": {
          "shard": "15",
          "value": 0.036121680000178458
        }
      }
    ]
  },
  {
    "metrics": [
      {
        "reactor_utilization": {
          "shard": "0",
          "value": 0.080392640000137572
        }
      },
      {
        "reactor_utilization": {
          "shard": "1",
          "value": 0.017807380000023354
        }
      },
      {
        "reactor_utilization": {
          "shard": "2",
          "value": 0.016991360000018219
        }
      },
      {
        "reactor_utilization": {
          "shard": "3",
          "value": 0.024582319999955082
        }
      },
      {
        "reactor_utilization": {
          "shard": "4",
          "value": 0.031990480000121391
        }
      },
      {
        "reactor_utilization": {
          "shard": "5",
          "value": 0.02002723999978695
        }
      },
      {
        "reactor_utilization": {
          "shard": "6",
          "value": 0.020548239999906848
        }
      },
      {
        "reactor_utilization": {
          "shard": "7",
          "value": 0.020124220000095061
        }
      },
      {
        "reactor_utilization": {
          "shard": "8",
          "value": 0.025920580000005078
        }
      },
      {
        "reactor_utilization": {
          "shard": "9",
          "value": 0.021351120000034918
        }
      },
      {
        "reactor_utilization": {
          "shard": "10",
          "value": 0.028876580000258834
        }
      },
      {
        "reactor_utilization": {
          "shard": "11",
          "value": 0.019779039999945347
        }
      },
      {
        "reactor_utilization": {
          "shard": "12",
          "value": 0.019237899999835495
        }
      },
      {
        "reactor_utilization": {
          "shard": "13",
          "value": 0.021226340000102262
        }
      },
      {
        "reactor_utilization": {
          "shard": "14",
          "value": 0.01785331999986095
        }
      },
      {
        "reactor_utilization": {
          "shard": "15",
          "value": 0.020123380000169888
        }
      }
    ]
  },
  {
    "metrics": [
      {
        "reactor_utilization": {
          "shard": "0",
          "value": 0.094914900000131475
        }
      },
      {
        "reactor_utilization": {
          "shard": "1",
          "value": 0.033905980000037417
        }
      },
      {
        "reactor_utilization": {
          "shard": "2",
          "value": 0.028248340000025518
        }
      },
      {
        "reactor_utilization": {
          "shard": "3",
          "value": 0.016385099999938202
        }
      },
      {
        "reactor_utilization": {
          "shard": "4",
          "value": 0.019062620000109831
        }
      },
      {
        "reactor_utilization": {
          "shard": "5",
          "value": 0.02873637999979417
        }
      },
      {
        "reactor_utilization": {
          "shard": "6",
          "value": 0.027870219999870383
        }
      },
      {
        "reactor_utilization": {
          "shard": "7",
          "value": 0.032885540000093805
        }
      },
      {
        "reactor_utilization": {
          "shard": "8",
          "value": 0.027437959999976336
        }
      },
      {
        "reactor_utilization": {
          "shard": "9",
          "value": 0.035702640000045971
        }
      },
      {
        "reactor_utilization": {
          "shard": "10",
          "value": 0.020270360000262944
        }
      },
      {
        "reactor_utilization": {
          "shard": "11",
          "value": 0.030936799999925491
        }
      },
      {
        "reactor_utilization": {
          "shard": "12",
          "value": 0.035126679999841759
        }
      },
      {
        "reactor_utilization": {
          "shard": "13",
          "value": 0.033970420000117851
        }
      },
      {
        "reactor_utilization": {
          "shard": "14",
          "value": 0.014085399999852477
        }
      },
      {
        "reactor_utilization": {
          "shard": "15",
          "value": 0.036281000000149
        }
      }
    ]
  },
  {
    "metrics": [
      {
        "reactor_utilization": {
          "shard": "0",
          "value": 0.1100178000001395
        }
      },
      {
        "reactor_utilization": {
          "shard": "1",
          "value": 0.038911040000022545
        }
      },
      {
        "reactor_utilization": {
          "shard": "2",
          "value": 0.025278540000028826
        }
      },
      {
        "reactor_utilization": {
          "shard": "3",
          "value": 0.030774459999916015
        }
      },
      {
        "reactor_utilization": {
          "shard": "4",
          "value": 0.030250720000091214
        }
      },
      {
        "reactor_utilization": {
          "shard": "5",
          "value": 0.027667459999791699
        }
      },
      {
        "reactor_utilization": {
          "shard": "6",
          "value": 0.033074839999880368
        }
      },
      {
        "reactor_utilization": {
          "shard": "7",
          "value": 0.029909280000095517
        }
      },
      {
        "reactor_utilization": {
          "shard": "8",
          "value": 0.040838199999981839
        }
      },
      {
        "reactor_utilization": {
          "shard": "9",
          "value": 0.040830060000029977
        }
      },
      {
        "reactor_utilization": {
          "shard": "10",
          "value": 0.034649880000270361
        }
      },
      {
        "reactor_utilization": {
          "shard": "11",
          "value": 0.025571819999936629
        }
      },
      {
        "reactor_utilization": {
          "shard": "12",
          "value": 0.033486279999839219
        }
      },
      {
        "reactor_utilization": {
          "shard": "13",
          "value": 0.02774870000010754
        }
      },
      {
        "reactor_utilization": {
          "shard": "14",
          "value": 0.027579999999849392
        }
      },
      {
        "reactor_utilization": {
          "shard": "15",
          "value": 0.034187620000158958
        }
      }
    ]
  },
  {
    "metrics": [
      {
        "reactor_utilization": {
          "shard": "0",
          "value": 0.074426040000141747
        }
      },
      {
        "reactor_utilization": {
          "shard": "1",
          "value": 0.017656560000023358
        }
      },
      {
        "reactor_utilization": {
          "shard": "2",
          "value": 0.016787760000014362
        }
      },
      {
        "reactor_utilization": {
          "shard": "3",
          "value": 0.020784199999923647
        }
      },
      {
        "reactor_utilization": {
          "shard": "4",
          "value": 0.024452060000101916
        }
      },
      {
        "reactor_utilization": {
          "shard": "5",
          "value": 0.020187259999793206
        }
      },
      {
        "reactor_utilization": {
          "shard": "6",
          "value": 0.01715239999986462
        }
      },
      {
        "reactor_utilization": {
          "shard": "7",
          "value": 0.020213660000090172
        }
      },
      {
        "reactor_utilization": {
          "shard": "8",
          "value": 0.031679399999995361
        }
      },
      {
        "reactor_utilization": {
          "shard": "9",
          "value": 0.01437260000001217
        }
      },
      {
        "reactor_utilization": {
          "shard": "10",
          "value": 0.018644420000257789
        }
      },
      {
        "reactor_utilization": {
          "shard": "11",
          "value": 0.020853239999918394
        }
      },
      {
        "reactor_utilization": {
          "shard": "12",
          "value": 0.021431419999828893
        }
      },
      {
        "reactor_utilization": {
          "shard": "13",
          "value": 0.020079560000119123
        }
      },
      {
        "reactor_utilization": {
          "shard": "14",
          "value": 0.019221659999835161
        }
      },
      {
        "reactor_utilization": {
          "shard": "15",
          "value": 0.021209180000181238
        }
      }
    ]
  },
  {
    "metrics": [
      {
        "reactor_utilization": {
          "shard": "0",
          "value": 0.11143218000014832
        }
      },
      {
        "reactor_utilization": {
          "shard": "1",
          "value": 0.03527143999999538
        }
      },
      {
        "reactor_utilization": {
          "shard": "2",
          "value": 0.031877820000025814
        }
      },
      {
        "reactor_utilization": {
          "shard": "3",
          "value": 0.034095759999930308
        }
      },
      {
        "reactor_utilization": {
          "shard": "4",
          "value": 0.0267860800000852
        }
      },
      {
        "reactor_utilization": {
          "shard": "5",
          "value": 0.02981763999978515
        }
      },
      {
        "reactor_utilization": {
          "shard": "6",
          "value": 0.033395379999867636
        }
      },
      {
        "reactor_utilization": {
          "shard": "7",
          "value": 0.031443560000099513
        }
      },
      {
        "reactor_utilization": {
          "shard": "8",
          "value": 0.042581439999977988
        }
      },
      {
        "reactor_utilization": {
          "shard": "9",
          "value": 0.03896596000000363
        }
      },
      {
        "reactor_utilization": {
          "shard": "10",
          "value": 0.026731380000266647
        }
      },
      {
        "reactor_utilization": {
          "shard": "11",
          "value": 0.03220735999993618
        }
      },
      {
        "reactor_utilization": {
          "shard": "12",
          "value": 0.030776959999823106
        }
      },
      {
        "reactor_utilization": {
          "shard": "13",
          "value": 0.034655800000082948
        }
      },
      {
        "reactor_utilization": {
          "shard": "14",
          "value": 0.032415899999826969
        }
      },
      {
        "reactor_utilization": {
          "shard": "15",
          "value": 0.031468020000158248
        }
      }
    ]
  },
  {
    "metrics": [
      {
        "reactor_utilization": {
          "shard": "0",
          "value": 0.10334054000014081
        }
      },
      {
        "reactor_utilization": {
          "shard": "1",
          "value": 0.032118600000019537
        }
      },
      {
        "reactor_utilization": {
          "shard": "2",
          "value": 0.031906620000043961
        }
      },
      {
        "reactor_utilization": {
          "shard": "3",
          "value": 0.032151759999943241
        }
      },
      {
        "reactor_utilization": {
          "shard": "4",
          "value": 0.029249920000107288
        }
      },
      {
        "reactor_utilization": {
          "shard": "5",
          "value": 0.032714299999780927
        }
      },
      {
        "reactor_utilization": {
          "shard": "6",
          "value": 0.037788679999861685
        }
      },
      {
        "reactor_utilization": {
          "shard": "7",
          "value": 0.033643300000085752
        }
      },
      {
        "reactor_utilization": {
          "shard": "8",
          "value": 0.041402539999957355
        }
      },
      {
        "reactor_utilization": {
          "shard": "9",
          "value": 0.037870559999997333
        }
      },
      {
        "reactor_utilization": {
          "shard": "10",
          "value": 0.029174420000255274
        }
      },
      {
        "reactor_utilization": {
          "shard": "11",
          "value": 0.031054959999909926
        }
      },
      {
        "reactor_utilization": {
          "shard": "12",
          "value": 0.037665239999817857
        }
      },
      {
        "reactor_utilization": {
          "shard": "13",
          "value": 0.036638240000086419
        }
      },
      {
        "reactor_utilization": {
          "shard": "14",
          "value": 0.035972639999837241
        }
      },
      {
        "reactor_utilization": {
          "shard": "15",
          "value": 0.039940300000174123
        }
      }
    ]
  },
  {
    "metrics": [
      {
        "reactor_utilization": {
          "shard": "0",
          "value": 0.081139860000167818
        }
      },
      {
        "reactor_utilization": {
          "shard": "1",
          "value": 0.017273420000041284
        }
      },
      {
        "reactor_utilization": {
          "shard": "2",
          "value": 0.016492460000061548
        }
      },
      {
        "reactor_utilization": {
          "shard": "3",
          "value": 0.017790839999953789
        }
      },
      {
        "reactor_utilization": {
          "shard": "4",
          "value": 0.019052820000109438
        }
      },
      {
        "reactor_utilization": {
          "shard": "5",
          "value": 0.020647979999788291
        }
      },
      {
        "reactor_utilization": {
          "shard": "6",
          "value": 0.019154819999867012
        }
      },
      {
        "reactor_utilization": {
          "shard": "7",
          "value": 0.019855660000112074
        }
      },
      {
        "reactor_utilization": {
          "shard": "8",
          "value": 0.024130639999975223
        }
      },
      {
        "reactor_utilization": {
          "shard": "9",
          "value": 0.022193720000007744
        }
      },
      {
        "reactor_utilization": {
          "shard": "10",
          "value": 0.018798240000261757
        }
      },
      {
        "reactor_utilization": {
          "shard": "11",
          "value": 0.019871499999912778
        }
      },
      {
        "reactor_utilization": {
          "shard": "12",
          "value": 0.018115219999814691
        }
      },
      {
        "reactor_utilization": {
          "shard": "13",
          "value": 0.01996484000009735
        }
      },
      {
        "reactor_utilization": {
          "shard": "14",
          "value": 0.017070739999835993
        }
      },
      {
        "reactor_utilization": {
          "shard": "15",
          "value": 0.022054600000187552
        }
      }
    ]
  },
  {
    "metrics": [
      {
        "reactor_utilization": {
          "shard": "0",
          "value": 0.090048340000159488
        }
      },
      {
        "reactor_utilization": {
          "shard": "1",
          "value": 0.039392860000031504
        }
      },
      {
        "reactor_utilization": {
          "shard": "2",
          "value": 0.032023260000069165
        }
      },
      {
        "reactor_utilization": {
          "shard": "3",
          "value": 0.033461919999933087
        }
      },
      {
        "reactor_utilization": {
          "shard": "4",
          "value": 0.031614620000119942
        }
      },
      {
        "reactor_utilization": {
          "shard": "5",
          "value": 0.033528939999794005
        }
      },
      {
        "reactor_utilization": {
          "shard": "6",
          "value": 0.034392259999882491
        }
      },
      {
        "reactor_utilization": {
          "shard": "7",
          "value": 0.031934020000101704
        }
      },
      {
        "reactor_utilization": {
          "shard": "8",
          "value": 0.04721089999998318
        }
      },
      {
        "reactor_utilization": {
          "shard": "9",
          "value": 0.041854960000020647
        }
      },
      {
        "reactor_utilization": {
          "shard": "10",
          "value": 0.031676580000261634
        }
      },
      {
        "reactor_utilization": {
          "shard": "11",
          "value": 0.029334659999913359
        }
      },
      {
        "reactor_utilization": {
          "shard": "12",
          "value": 0.03885725999981382
        }
      },
      {
        "reactor_utilization": {
          "shard": "13",
          "value": 0.039636440000101469
        }
      },
      {
        "reactor_utilization": {
          "shard": "14",
          "value": 0.038577659999827763
        }
      },
      {
        "reactor_utilization": {
          "shard": "15",
          "value": 0.038461640000198027
        }
      }
    ]
  },
  {
    "metrics": [
      {
        "reactor_utilization": {
          "shard": "0",
          "value": 0.099930320000174433
        }
      },
      {
        "reactor_utilization": {
          "shard": "1",
          "value": 0.017356160000026044
        }
      },
      {
        "reactor_utilization": {
          "shard": "2",
          "value": 0.030350540000079196
        }
      },
      {
        "reactor_utilization": {
          "shard": "3",
          "value": 0.031810599999937406
        }
      },
      {
        "reactor_utilization": {
          "shard": "4",
          "value": 0.034343500000111327
        }
      },
      {
        "reactor_utilization": {
          "shard": "5",
          "value": 0.026342299999781993
        }
      },
      {
        "reactor_utilization": {
          "shard": "6",
          "value": 0.026920659999862817
        }
      },
      {
        "reactor_utilization": {
          "shard": "7",
          "value": 0.023997980000078911
        }
      },
      {
        "reactor_utilization": {
          "shard": "8",
          "value": 0.038064739999987829
        }
      },
      {
        "reactor_utilization": {
          "shard": "9",
          "value": 0.035858160000012962
        }
      },
      {
        "reactor_utilization": {
          "shard": "10",
          "value": 0.033128720000275003
        }
      },
      {
        "reactor_utilization": {
          "shard": "11",
          "value": 0.032918179999930075
        }
      },
      {
        "reactor_utilization": {
          "shard": "12",
          "value": 0.038549299999823816
        }
      },
      {
        "reactor_utilization": {
          "shard": "13",
          "value": 0.033864880000067377
        }
      },
      {
        "reactor_utilization": {
          "shard": "14",
          "value": 0.033071139999862886
        }
      },
      {
        "reactor_utilization": {
          "shard": "15",
          "value": 0.032198460000210094
        }
      }
    ]
  },
  {
    "metrics": [
      {
        "reactor_utilization": {
          "shard": "0",
          "value": 0.086372760000164028
        }
      },
      {
        "reactor_utilization": {
          "shard": "1",
          "value": 0.012372520000025755
        }
      },
      {
        "reactor_utilization": {
          "shard": "2",
          "value": 0.019154460000070372
        }
      },
      {
        "reactor_utilization": {
          "shard": "3",
          "value": 0.019274079999920257
        }
      },
      {
        "reactor_utilization": {
          "shard": "4",
          "value": 0.014237160000118987
        }
      },
      {
        "reactor_utilization": {
          "shard": "5",
          "value": 0.018748299999771234
        }
      },
      {
        "reactor_utilization": {
          "shard": "6",
          "value": 0.013808619999888805
        }
      },
      {
        "reactor_utilization": {
          "shard": "7",
          "value": 0.018935400000075209
        }
      },
      {
        "reactor_utilization": {
          "shard": "8",
          "value": 0.031874459999980953
        }
      },
      {
        "reactor_utilization": {
          "shard": "9",
          "value": 0.020919920000006531
        }
      },
      {
        "reactor_utilization": {
          "shard": "10",
          "value": 0.01702846000026792
        }
      },
      {
        "reactor_utilization": {
          "shard": "11",
          "value": 0.021588579999931579
        }
      },
      {
        "reactor_utilization": {
          "shard": "12",
          "value": 0.01847963999981328
        }
      },
      {
        "reactor_utilization": {
          "shard": "13",
          "value": 0.021233000000075997
        }
      },
      {
        "reactor_utilization": {
          "shard": "14",
          "value": 0.019240219999883124
        }
      },
      {
        "reactor_utilization": {
          "shard": "15",
          "value": 0.021801920000219521
        }
      }
    ]
  }
]
