[
  {
    "metrics": [
      {
        "reactor_utilization": {
          "shard": "0",
          "value": 89.923460580000267
        }
      },
      {
        "reactor_utilization": {
          "shard": "1",
          "value": 89.256985980000024
        }
      },
      {
        "reactor_utilization": {
          "shard": "2",
          "value": 89.368750339999877
        }
      },
      {
        "reactor_utilization": {
          "shard": "3",
          "value": 81.073579119999863
        }
      },
      {
        "reactor_utilization": {
          "shard": "4",
          "value": 84.66740110000022
        }
      },
      {
        "reactor_utilization": {
          "shard": "5",
          "value": 82.371925419999855
        }
      },
      {
        "reactor_utilization": {
          "shard": "6",
          "value": 89.227307260000032
        }
      },
      {
        "reactor_utilization": {
          "shard": "7",
          "value": 81.823713960000063
        }
      },
      {
        "reactor_utilization": {
          "shard": "8",
          "value": 88.016791280000078
        }
      },
      {
        "reactor_utilization": {
          "shard": "9",
          "value": 93.866284460000145
        }
      },
      {
        "reactor_utilization": {
          "shard": "10",
          "value": 93.409552960000113
        }
      },
      {
        "reactor_utilization": {
          "shard": "11",
          "value": 93.51033979999994
        }
      },
      {
        "reactor_utilization": {
          "shard": "12",
          "value": 99.780617039999953
        }
      },
      {
        "reactor_utilization": {
          "shard": "13",
          "value": 99.984971420000051
        }
      },
      {
        "reactor_utilization": {
          "shard": "14",
          "value": 86.383649319999918
        }
      },
      {
        "reactor_utilization": {
          "shard": "15",
          "value": 99.998516080000044
        }
      }
    ]
  },
  {
    "metrics": [
      {
        "reactor_utilization": {
          "shard": "0",
          "value": 59.320465980000272
        }
      },
      {
        "reactor_utilization": {
          "shard": "1",
          "value": 58.38676236000002
        }
      },
      {
        "reactor_utilization": {
          "shard": "2",
          "value": 58.192312539999882
        }
      },
      {
        "reactor_utilization": {
          "shard": "3",
          "value": 53.728563959999867
        }
      },
      {
        "reactor_utilization": {
          "shard": "4",
          "value": 48.64373766000022
        }
      },
      {
        "reactor_utilization": {
          "shard": "5",
          "value": 55.492779639999853
        }
      },
      {
        "reactor_utilization": {
          "shard": "6",
          "value": 59.039525460000043
        }
      },
      {
        "reactor_utilization": {
          "shard": "7",
          "value": 56.516562300000061
        }
      },
      {
        "reactor_utilization": {
          "shard": "8",
          "value": 54.557437960000065
        }
      },
      {
        "reactor_utilization": {
          "shard": "9",
          "value": 57.503627040000126
        }
      },
      {
        "reactor_utilization": {
          "shard": "10",
          "value": 53.444769860000108
        }
      },
      {
        "reactor_utilization": {
          "shard": "11",
          "value": 53.918066319999944
        }
      },
      {
        "reactor_utilization": {
          "shard": "12",
          "value": 70.878112099999953
        }
      },
      {
        "reactor_utilization": {
          "shard": "13",
          "value": 99.254850360000063
        }
      },
      {
        "reactor_utilization": {
          "shard": "14",
          "value": 55.730430359999929
        }
      },
      {
        "reactor_utilization": {
          "shard": "15",
          "value": 61.566248460000054
        }
      }
    ]
  },
  {
    "metrics": [
      {
        "reactor_utilization": {
          "shard": "0",
          "value": 49.120724560000269
        }
      },
      {
        "reactor_utilization": {
          "shard": "1",
          "value": 48.826705080000025
        }
      },
      {
        "reactor_utilization": {
          "shard": "2",
          "value": 51.505434499999872
        }
      },
      {
        "reactor_utilization": {
          "shard": "3",
          "value": 48.892906019999863
        }
      },
      {
        "reactor_utilization": {
          "shard": "4",
          "value": 39.938457980000209
        }
      },
      {
        "reactor_utilization": {
          "shard": "5",
          "value": 47.774902099999849
        }
      },
      {
        "reactor_utilization": {
          "shard": "6",
          "value": 52.81919058000004
        }
      },
      {
        "reactor_utilization": {
          "shard": "7",
          "value": 50.818303140000054
        }
      },
      {
        "reactor_utilization": {
          "shard": "8",
          "value": 47.622323500000071
        }
      },
      {
        "reactor_utilization": {
          "shard": "9",
          "value": 51.832451800000136
        }
      },
      {
        "reactor_utilization": {
          "shard": "10",
          "value": 43.867820800000111
        }
      },
      {
        "reactor_utilization": {
          "shard": "11",
          "value": 47.958277819999942
        }
      },
      {
        "reactor_utilization": {
          "shard": "12",
          "value": 60.653216079999964
        }
      },
      {
        "reactor_utilization": {
          "shard": "13",
          "value": 99.84586088000006
        }
      },
      {
        "reactor_utilization": {
          "shard": "14",
          "value": 51.576832879999927
        }
      },
      {
        "reactor_utilization": {
          "shard": "15",
          "value": 41.465126140000052
        }
      }
    ]
  },
  {
    "metrics": [
      {
        "reactor_utilization": {
          "shard": "0",
          "value": 48.399858400000269
        }
      },
      {
        "reactor_utilization": {
          "shard": "1",
          "value": 48.391581020000018
        }
      },
      {
        "reactor_utilization": {
          "shard": "2",
          "value": 50.008551259999876
        }
      },
      {
        "reactor_utilization": {
          "shard": "3",
          "value": 48.221042239999868
        }
      },
      {
        "reactor_utilization": {
          "shard": "4",
          "value": 39.811087520000221
        }
      },
      {
        "reactor_utilization": {
          "shard": "5",
          "value": 48.57361571999985
        }
      },
      {
        "reactor_utilization": {
          "shard": "6",
          "value": 52.134020820000046
        }
      },
      {
        "reactor_utilization": {
          "shard": "7",
          "value": 49.89746994000005
        }
      },
      {
        "reactor_utilization": {
          "shard": "8",
          "value": 47.321790840000077
        }
      },
      {
        "reactor_utilization": {
          "shard": "9",
          "value": 51.359626460000143
        }
      },
      {
        "reactor_utilization": {
          "shard": "10",
          "value": 44.203233200000099
        }
      },
      {
        "reactor_utilization": {
          "shard": "11",
          "value": 47.912113919999946
        }
      },
      {
        "reactor_utilization": {
          "shard": "12",
          "value": 60.218849659999954
        }
      },
      {
        "reactor_utilization": {
          "shard": "13",
          "value": 99.794969220000056
        }
      },
      {
        "reactor_utilization": {
          "shard": "14",
          "value": 49.918959059999921
        }
      },
      {
        "reactor_utilization": {
          "shard": "15",
          "value": 41.948999520000051
        }
      }
    ]
  },
  {
    "metrics": [
      {
        "reactor_utilization": {
          "shard": "0",
          "value": 49.109650880000267
        }
      },
      {
        "reactor_utilization": {
          "shard": "1",
          "value": 48.542985680000037
        }
      },
      {
        "reactor_utilization": {
          "shard": "2",
          "value": 50.179858899999871
        }
      },
      {
        "reactor_utilization": {
          "shard": "3",
          "value": 46.26899969999986
        }
      },
      {
        "reactor_utilization": {
          "shard": "4",
          "value": 40.204625880000208
        }
      },
      {
        "reactor_utilization": {
          "shard": "5",
          "value": 48.024454219999868
        }
      },
      {
        "reactor_utilization": {
          "shard": "6",
          "value": 52.052019100000045
        }
      },
      {
        "reactor_utilization": {
          "shard": "7",
          "value": 50.903469660000042
        }
      },
      {
        "reactor_utilization": {
          "shard": "8",
          "value": 46.695160960000081
        }
      },
      {
        "reactor_utilization": {
          "shard": "9",
          "value": 51.765934840000142
        }
      },
      {
        "reactor_utilization": {
          "shard": "10",
          "value": 43.865161880000102
        }
      },
      {
        "reactor_utilization": {
          "shard": "11",
          "value": 46.974128559999947
        }
      },
      {
        "reactor_utilization": {
          "shard": "12",
          "value": 60.274095919999958
        }
      },
      {
        "reactor_utilization": {
          "shard": "13",
          "value": 99.875215700000055
        }
      },
      {
        "reactor_utilization": {
          "shard": "14",
          "value": 50.506365179999932
        }
      },
      {
        "reactor_utilization": {
          "shard": "15",
          "value": 40.959159540000066
        }
      }
    ]
  },
  {
    "metrics": [
      {
        "reactor_utilization": {
          "shard": "0",
          "value": 49.199072940000264
        }
      },
      {
        "reactor_utilization": {
          "shard": "1",
          "value": 48.954968780000044
        }
      },
      {
        "reactor_utilization": {
          "shard": "2",
          "value": 51.374243399999877
        }
      },
      {
        "reactor_utilization": {
          "shard": "3",
          "value": 47.847211939999859
        }
      },
      {
        "reactor_utilization": {
          "shard": "4",
          "value": 40.616911740000205
        }
      },
      {
        "reactor_utilization": {
          "shard": "5",
          "value": 48.010977259999876
        }
      },
      {
        "reactor_utilization": {
          "shard": "6",
          "value": 53.016454720000048
        }
      },
      {
        "reactor_utilization": {
          "shard": "7",
          "value": 50.903148560000048
        }
      },
      {
        "reactor_utilization": {
          "shard": "8",
          "value": 48.226284860000071
        }
      },
      {
        "reactor_utilization": {
          "shard": "9",
          "value": 52.73912462000014
        }
      },
      {
        "reactor_utilization": {
          "shard": "10",
          "value": 45.297840580000106
        }
      },
      {
        "reactor_utilization": {
          "shard": "11",
          "value": 46.699350279999955
        }
      },
      {
        "reactor_utilization": {
          "shard": "12",
          "value": 60.136678339999939
        }
      },
      {
        "reactor_utilization": {
          "shard": "13",
          "value": 99.798312800000062
        }
      },
      {
        "reactor_utilization": {
          "shard": "14",
          "value": 51.304050519999933
        }
      },
      {
        "reactor_utilization": {
          "shard": "15",
          "value": 40.510567280000075
        }
      }
    ]
  },
  {
    "metrics": [
      {
        "reactor_utilization": {
          "shard": "0",
          "value": 48.584903800000269
        }
      },
      {
        "reactor_utilization": {
          "shard": "1",
          "value": 48.479617920000038
        }
      },
      {
        "reactor_utilization": {
          "shard": "2",
          "value": 49.005155419999866
        }
      },
      {
        "reactor_utilization": {
          "shard": "3",
          "value": 46.670506299999857
        }
      },
      {
        "reactor_utilization": {
          "shard": "4",
          "value": 40.261090140000213
        }
      },
      {
        "reactor_utilization": {
          "shard": "5",
          "value": 47.641443459999891
        }
      },
      {
        "reactor_utilization": {
          "shard": "6",
          "value": 53.727286440000043
        }
      },
      {
        "reactor_utilization": {
          "shard": "7",
          "value": 51.534467240000048
        }
      },
      {
        "reactor_utilization": {
          "shard": "8",
          "value": 47.260215760000065
        }
      },
      {
        "reactor_utilization": {
          "shard": "9",
          "value": 51.386285980000132
        }
      },
      {
        "reactor_utilization": {
          "shard": "10",
          "value": 43.598394640000095
        }
      },
      {
        "reactor_utilization": {
          "shard": "11",
          "value": 46.711674699999946
        }
      },
      {
        "reactor_utilization": {
          "shard": "12",
          "value": 59.177945179999938
        }
      },
      {
        "reactor_utilization": {
          "shard": "13",
          "value": 99.750772460000064
        }
      },
      {
        "reactor_utilization": {
          "shard": "14",
          "value": 50.383343299999936
        }
      },
      {
        "reactor_utilization": {
          "shard": "15",
          "value": 41.07796740000007
        }
      }
    ]
  },
  {
    "metrics": [
      {
        "reactor_utilization": {
          "shard": "0",
          "value": 48.013184440000266
        }
      },
      {
        "reactor_utilization": {
          "shard": "1",
          "value": 47.087142560000039
        }
      },
      {
        "reactor_utilization": {
          "shard": "2",
          "value": 49.134221379999879
        }
      },
      {
        "reactor_utilization": {
          "shard": "3",
          "value": 48.160231999999844
        }
      },
      {
        "reactor_utilization": {
          "shard": "4",
          "value": 38.602205620000227
        }
      },
      {
        "reactor_utilization": {
          "shard": "5",
          "value": 47.343662479999892
        }
      },
      {
        "reactor_utilization": {
          "shard": "6",
          "value": 55.043801760000058
        }
      },
      {
        "reactor_utilization": {
          "shard": "7",
          "value": 49.861786200000054
        }
      },
      {
        "reactor_utilization": {
          "shard": "8",
          "value": 45.416380960000083
        }
      },
      {
        "reactor_utilization": {
          "shard": "9",
          "value": 50.089953320000134
        }
      },
      {
        "reactor_utilization": {
          "shard": "10",
          "value": 43.444280900000095
        }
      },
      {
        "reactor_utilization": {
          "shard": "11",
          "value": 46.47460053999994
        }
      },
      {
        "reactor_utilization": {
          "shard": "12",
          "value": 57.875264579999943
        }
      },
      {
        "reactor_utilization": {
          "shard": "13",
          "value": 98.781278760000063
        }
      },
      {
        "reactor_utilization": {
          "shard": "14",
          "value": 49.119238019999933
        }
      },
      {
        "reactor_utilization": {
          "shard": "15",
          "value": 40.726855320000077
        }
      }
    ]
  },
  {
    "metrics": [
      {
        "reactor_utilization": {
          "shard": "0",
          "value": 48.574427640000252
        }
      },
      {
        "reactor_utilization": {
          "shard": "1",
          "value": 47.761365120000029
        }
      },
      {
        "reactor_utilization": {
          "shard": "2",
          "value": 50.60816131999988
        }
      },
      {
        "reactor_utilization": {
          "shard": "3",
          "value": 46.770339799999846
        }
      },
      {
        "reactor_utilization": {
          "shard": "4",
          "value": 40.954398280000227
        }
      },
      {
        "reactor_utilization": {
          "shard": "5",
          "value": 47.540100599999889
        }
      },
      {
        "reactor_utilization": {
          "shard": "6",
          "value": 51.365915260000051
        }
      },
      {
        "reactor_utilization": {
          "shard": "7",
          "value": 50.553576540000059
        }
      },
      {
        "reactor_utilization": {
          "shard": "8",
          "value": 46.561136460000071
        }
      },
      {
        "reactor_utilization": {
          "shard": "9",
          "value": 52.972779760000144
        }
      },
      {
        "reactor_utilization": {
          "shard": "10",
          "value": 42.903130100000112
        }
      },
      {
        "reactor_utilization": {
          "shard": "11",
          "value": 45.856295699999947
        }
      },
      {
        "reactor_utilization": {
          "shard": "12",
          "value": 57.496511579999932
        }
      },
      {
        "reactor_utilization": {
          "shard": "13",
          "value": 97.550129860000055
        }
      },
      {
        "reactor_utilization": {
          "shard": "14",
          "value": 50.560074699999937
        }
      },
      {
        "reactor_utilization": {
          "shard": "15",
          "value": 40.91801252000009
        }
      }
    ]
  },
  {
    "metrics": [
      {
        "reactor_utilization": {
          "shard": "0",
          "value": 47.186405960000258
        }
      },
      {
        "reactor_utilization": {
          "shard": "1",
          "value": 47.595727160000045
        }
      },
      {
        "reactor_utilization": {
          "shard": "2",
          "value": 46.943371679999878
        }
      },
      {
        "reactor_utilization": {
          "shard": "3",
          "value": 46.743687619999839
        }
      },
      {
        "reactor_utilization": {
          "shard": "4",
          "value": 38.519553920000227
        }
      },
      {
        "reactor_utilization": {
          "shard": "5",
          "value": 48.075089679999891
        }
      },
      {
        "reactor_utilization": {
          "shard": "6",
          "value": 53.701154720000041
        }
      },
      {
        "reactor_utilization": {
          "shard": "7",
          "value": 49.266636820000052
        }
      },
      {
        "reactor_utilization": {
          "shard": "8",
          "value": 41.153821620000066
        }
      },
      {
        "reactor_utilization": {
          "shard": "9",
          "value": 46.497618740000135
        }
      },
      {
        "reactor_utilization": {
          "shard": "10",
          "value": 44.262993720000118
        }
      },
      {
        "reactor_utilization": {
          "shard": "11",
          "value": 48.042654459999945
        }
      },
      {
        "reactor_utilization": {
          "shard": "12",
          "value": 59.042612479999931
        }
      },
      {
        "reactor_utilization": {
          "shard": "13",
          "value": 98.483901540000062
        }
      },
      {
        "reactor_utilization": {
          "shard": "14",
          "value": 46.086416059999934
        }
      },
      {
        "reactor_utilization": {
          "shard": "15",
          "value": 38.450864820000085
        }
      }
    ]
  },
  {
    "metrics": [
      {
        "reactor_utilization": {
          "shard": "0",
          "value": 48.254841220000245
        }
      },
      {
        "reactor_utilization": {
          "shard": "1",
          "value": 47.349185400000046
        }
      },
      {
        "reactor_utilization": {
          "shard": "2",
          "value": 48.869015579999875
        }
      },
      {
        "reactor_utilization": {
          "shard": "3",
          "value": 47.142258859999856
        }
      },
      {
        "reactor_utilization": {
          "shard": "4",
          "value": 40.227734340000232
        }
      },
      {
        "reactor_utilization": {
          "shard": "5",
          "value": 47.168500439999882
        }
      },
      {
        "reactor_utilization": {
          "shard": "6",
          "value": 53.32984484000005
        }
      },
      {
        "reactor_utilization": {
          "shard": "7",
          "value": 49.181351640000059
        }
      },
      {
        "reactor_utilization": {
          "shard": "8",
          "value": 46.395139720000053
        }
      },
      {
        "reactor_utilization": {
          "shard": "9",
          "value": 51.832818960000125
        }
      },
      {
        "reactor_utilization": {
          "shard": "10",
          "value": 47.705331240000113
        }
      },
      {
        "reactor_utilization": {
          "shard": "11",
          "value": 47.99375753999994
        }
      },
      {
        "reactor_utilization": {
          "shard": "12",
          "value": 59.79253387999993
        }
      },
      {
        "reactor_utilization": {
          "shard": "13",
          "value": 99.279817340000051
        }
      },
      {
        "reactor_utilization": {
          "shard": "14",
          "value": 50.28848627999993
        }
      },
      {
        "reactor_utilization": {
          "shard": "15",
          "value": 41.184221160000092
        }
      }
    ]
  },
  {
    "metrics": [
      {
        "reactor_utilization": {
          "shard": "0",
          "value": 48.52295292000025
        }
      },
      {
        "reactor_utilization": {
          "shard": "1",
          "value": 47.626993900000045
        }
      },
      {
        "reactor_utilization": {
          "shard": "2",
          "value": 50.124796539999871
        }
      },
      {
        "reactor_utilization": {
          "shard": "3",
          "value": 48.272185359999852
        }
      },
      {
        "reactor_utilization": {
          "shard": "4",
          "value": 40.101071680000231
        }
      },
      {
        "reactor_utilization": {
          "shard": "5",
          "value": 47.741131819999872
        }
      },
      {
        "reactor_utilization": {
          "shard": "6",
          "value": 53.53032804000005
        }
      },
      {
        "reactor_utilization": {
          "shard": "7",
          "value": 51.037524540000071
        }
      },
      {
        "reactor_utilization": {
          "shard": "8",
          "value": 45.690098000000056
        }
      },
      {
        "reactor_utilization": {
          "shard": "9",
          "value": 51.499152280000118
        }
      },
      {
        "reactor_utilization": {
          "shard": "10",
          "value": 44.923641440000118
        }
      },
      {
        "reactor_utilization": {
          "shard": "11",
          "value": 46.328462739999956
        }
      },
      {
        "reactor_utilization": {
          "shard": "12",
          "value": 59.508828039999926
        }
      },
      {
        "reactor_utilization": {
          "shard": "13",
          "value": 99.910659800000062
        }
      },
      {
        "reactor_utilization": {
          "shard": "14",
          "value": 50.289317239999932
        }
      },
      {
        "reactor_utilization": {
          "shard": "15",
          "value": 40.529116340000094
        }
      }
    ]
  },
  {
    "metrics": [
      {
        "reactor_utilization": {
          "shard": "0",
          "value": 48.379586220000249
        }
      },
      {
        "reactor_utilization": {
          "shard": "1",
          "value": 47.666760800000041
        }
      },
      {
        "reactor_utilization": {
          "shard": "2",
          "value": 49.252743739999872
        }
      },
      {
        "reactor_utilization": {
          "shard": "3",
          "value": 48.016730879999848
        }
      },
      {
        "reactor_utilization": {
          "shard": "4",
          "value": 39.468373660000232
        }
      },
      {
        "reactor_utilization": {
          "shard": "5",
          "value": 47.715075739999889
        }
      },
      {
        "reactor_utilization": {
          "shard": "6",
          "value": 52.439342080000053
        }
      },
      {
        "reactor_utilization": {
          "shard": "7",
          "value": 49.118433360000054
        }
      },
      {
        "reactor_utilization": {
          "shard": "8",
          "value": 46.734225960000067
        }
      },
      {
        "reactor_utilization": {
          "shard": "9",
          "value": 52.403768800000115
        }
      },
      {
        "reactor_utilization": {
          "shard": "10",
          "value": 43.982762340000129
        }
      },
      {
        "reactor_utilization": {
          "shard": "11",
          "value": 46.659349299999938
        }
      },
      {
        "reactor_utilization": {
          "shard": "12",
          "value": 59.092804799999939
        }
      },
      {
        "reactor_utilization": {
          "shard": "13",
          "value": 99.932742760000053
        }
      },
      {
        "reactor_utilization": {
          "shard": "14",
          "value": 49.747305319999938
        }
      },
      {
        "reactor_utilization": {
          "shard": "15",
          "value": 43.318975980000097
        }
      }
    ]
  },
  {
    "metrics": [
      {
        "reactor_utilization": {
          "shard": "0",
          "value": 47.105520060000252
        }
      },
      {
        "reactor_utilization": {
          "shard": "1",
          "value": 48.37283760000004
        }
      },
      {
        "reactor_utilization": {
          "shard": "2",
          "value": 48.903915579999868
        }
      },
      {
        "reactor_utilization": {
          "shard": "3",
          "value": 47.642128719999846
        }
      },
      {
        "reactor_utilization": {
          "shard": "4",
          "value": 40.741339880000247
        }
      },
      {
        "reactor_utilization": {
          "shard": "5",
          "value": 47.081067839999903
        }
      },
      {
        "reactor_utilization": {
          "shard": "6",
          "value": 53.359319400000047
        }
      },
      {
        "reactor_utilization": {
          "shard": "7",
          "value": 49.572376280000071
        }
      },
      {
        "reactor_utilization": {
          "shard": "8",
          "value": 47.383382900000072
        }
      },
      {
        "reactor_utilization": {
          "shard": "9",
          "value": 51.539886420000101
        }
      },
      {
        "reactor_utilization": {
          "shard": "10",
          "value": 44.467647540000129
        }
      },
      {
        "reactor_utilization": {
          "shard": "11",
          "value": 47.409948179999937
        }
      },
      {
        "reactor_utilization": {
          "shard": "12",
          "value": 59.668160859999951
        }
      },
      {
        "reactor_utilization": {
          "shard": "13",
          "value": 99.992101160000061
        }
      },
      {
        "reactor_utilization": {
          "shard": "14",
          "value": 50.741264539999918
        }
      },
      {
        "reactor_utilization": {
          "shard": "15",
          "value": 41.213434560000117
        }
      }
    ]
  },
  {
    "metrics": [
      {
        "reactor_utilization": {
          "shard": "0",
          "value": 49.012068500000247
        }
      },
      {
        "reactor_utilization": {
          "shard": "1",
          "value": 49.519238680000043
        }
      },
      {
        "reactor_utilization": {
          "shard": "2",
          "value": 49.951980659999876
        }
      },
      {
        "reactor_utilization": {
          "shard": "3",
          "value": 48.363154819999842
        }
      },
      {
        "reactor_utilization": {
          "shard": "4",
          "value": 40.403615820000248
        }
      },
      {
        "reactor_utilization": {
          "shard": "5",
          "value": 48.564707759999905
        }
      },
      {
        "reactor_utilization": {
          "shard": "6",
          "value": 53.469871820000051
        }
      },
      {
        "reactor_utilization": {
          "shard": "7",
          "value": 50.677534380000068
        }
      },
      {
        "reactor_utilization": {
          "shard": "8",
          "value": 45.918730920000087
        }
      },
      {
        "reactor_utilization": {
          "shard": "9",
          "value": 52.016978680000101
        }
      },
      {
        "reactor_utilization": {
          "shard": "10",
          "value": 43.782868780000129
        }
      },
      {
        "reactor_utilization": {
          "shard": "11",
          "value": 48.516299999999937
        }
      },
      {
        "reactor_utilization": {
          "shard": "12",
          "value": 60.508142699999944
        }
      },
      {
        "reactor_utilization": {
          "shard": "13",
          "value": 99.96314748000006
        }
      },
      {
        "reactor_utilization": {
          "shard": "14",
          "value": 49.977531979999931
        }
      },
      {
        "reactor_utilization": {
          "shard": "15",
          "value": 39.429308160000133
        }
      }
    ]
  },
  {
    "metrics": [
      {
        "reactor_utilization": {
          "shard": "0",
          "value": 48.417658600000237
        }
      },
      {
        "reactor_utilization": {
          "shard": "1",
          "value": 47.93969076000004
        }
      },
      {
        "reactor_utilization": {
          "shard": "2",
          "value": 49.02217469999988
        }
      },
      {
        "reactor_utilization": {
          "shard": "3",
          "value": 47.476522679999846
        }
      },
      {
        "reactor_utilization": {
          "shard": "4",
          "value": 39.439616880000251
        }
      },
      {
        "reactor_utilization": {
          "shard": "5",
          "value": 47.70382019999991
        }
      },
      {
        "reactor_utilization": {
          "shard": "6",
          "value": 52.802379760000051
        }
      },
      {
        "reactor_utilization": {
          "shard": "7",
          "value": 51.104394240000076
        }
      },
      {
        "reactor_utilization": {
          "shard": "8",
          "value": 46.358540340000076
        }
      },
      {
        "reactor_utilization": {
          "shard": "9",
          "value": 51.393391380000111
        }
      },
      {
        "reactor_utilization": {
          "shard": "10",
          "value": 44.111277840000128
        }
      },
      {
        "reactor_utilization": {
          "shard": "11",
          "value": 47.080141019999935
        }
      },
      {
        "reactor_utilization": {
          "shard": "12",
          "value": 59.322162339999942
        }
      },
      {
        "reactor_utilization": {
          "shard": "13",
          "value": 99.989966640000063
        }
      },
      {
        "reactor_utilization": {
          "shard": "14",
          "value": 48.82420661999992
        }
      },
      {
        "reactor_utilization": {
          "shard": "15",
          "value": 39.758445080000129
        }
      }
    ]
  },
  {
    "metrics": [
      {
        "reactor_utilization": {
          "shard": "0",
          "value": 49.14095234000024
        }
      },
      {
        "reactor_utilization": {
          "shard": "1",
          "value": 48.400924700000047
        }
      },
      {
        "reactor_utilization": {
          "shard": "2",
          "value": 49.999141079999873
        }
      },
      {
        "reactor_utilization": {
          "shard": "3",
          "value": 47.862891119999851
        }
      },
      {
        "reactor_utilization": {
          "shard": "4",
          "value": 40.392083340000262
        }
      },
      {
        "reactor_utilization": {
          "shard": "5",
          "value": 47.50831283999991
        }
      },
      {
        "reactor_utilization": {
          "shard": "6",
          "value": 53.392137140000038
        }
      },
      {
        "reactor_utilization": {
          "shard": "7",
          "value": 49.863423920000074
        }
      },
      {
        "reactor_utilization": {
          "shard": "8",
          "value": 46.777401580000088
        }
      },
      {
        "reactor_utilization": {
          "shard": "9",
          "value": 51.977658540000114
        }
      },
      {
        "reactor_utilization": {
          "shard": "10",
          "value": 44.489790680000119
        }
      },
      {
        "reactor_utilization": {
          "shard": "11",
          "value": 47.026041539999937
        }
      },
      {
        "reactor_utilization": {
          "shard": "12",
          "value": 58.293290339999949
        }
      },
      {
        "reactor_utilization": {
          "shard": "13",
          "value": 99.996166380000062
        }
      },
      {
        "reactor_utilization": {
          "shard": "14",
          "value": 50.147402959999923
        }
      },
      {
        "reactor_utilization": {
          "shard": "15",
          "value": 40.350497280000127
        }
      }
    ]
  },
  {
    "metrics": [
      {
        "reactor_utilization": {
          "shard": "0",
          "value": 48.139038640000244
        }
      },
      {
        "reactor_utilization": {
          "shard": "1",
          "value": 48.333044660000034
        }
      },
      {
        "reactor_utilization": {
          "shard": "2",
          "value": 47.72882233999988
        }
      },
      {
        "reactor_utilization": {
          "shard": "3",
          "value": 45.290860299999856
        }
      },
      {
        "reactor_utilization": {
          "shard": "4",
          "value": 38.777800940000262
        }
      },
      {
        "reactor_utilization": {
          "shard": "5",
          "value": 46.919805479999908
        }
      },
      {
        "reactor_utilization": {
          "shard": "6",
          "value": 51.613497200000047
        }
      },
      {
        "reactor_utilization": {
          "shard": "7",
          "value": 49.435210760000068
        }
      },
      {
        "reactor_utilization": {
          "shard": "8",
          "value": 45.383197960000111
        }
      },
      {
        "reactor_utilization": {
          "shard": "9",
          "value": 50.611225400000116
        }
      },
      {
        "reactor_utilization": {
          "shard": "10",
          "value": 43.079949060000125
        }
      },
      {
        "reactor_utilization": {
          "shard": "11",
          "value": 45.684754379999944
        }
      },
      {
        "reactor_utilization": {
          "shard": "12",
          "value": 57.609469679999961
        }
      },
      {
        "reactor_utilization": {
          "shard": "13",
          "value": 99.999326720000056
        }
      },
      {
        "reactor_utilization": {
          "shard": "14",
          "value": 48.246984499999932
        }
      },
      {
        "reactor_utilization": {
          "shard": "15",
          "value": 40.494434800000136
        }
      }
    ]
  },
  {
    "metrics": [
      {
        "reactor_utilization": {
          "shard": "0",
          "value": 49.535769060000234
        }
      },
      {
        "reactor_utilization": {
          "shard": "1",
          "value": 47.225828080000042
        }
      },
      {
        "reactor_utilization": {
          "shard": "2",
          "value": 50.898552659999872
        }
      },
      {
        "reactor_utilization": {
          "shard": "3",
          "value": 46.680942619999868
        }
      },
      {
        "reactor_utilization": {
          "shard": "4",
          "value": 39.929291700000256
        }
      },
      {
        "reactor_utilization": {
          "shard": "5",
          "value": 46.987483179999899
        }
      },
      {
        "reactor_utilization": {
          "shard": "6",
          "value": 51.727699080000043
        }
      },
      {
        "reactor_utilization": {
          "shard": "7",
          "value": 52.25320944000007
        }
      },
      {
        "reactor_utilization": {
          "shard": "8",
          "value": 45.03208598000009
        }
      },
      {
        "reactor_utilization": {
          "shard": "9",
          "value": 48.584283420000126
        }
      },
      {
        "reactor_utilization": {
          "shard": "10",
          "value": 43.515565100000146
        }
      },
      {
        "reactor_utilization": {
          "shard": "11",
          "value": 46.342285739999944
        }
      },
      {
        "reactor_utilization": {
          "shard": "12",
          "value": 57.446893659999951
        }
      },
      {
        "reactor_utilization": {
          "shard": "13",
          "value": 99.950501840000058
        }
      },
      {
        "reactor_utilization": {
          "shard": "14",
          "value": 47.654243199999925
        }
      },
      {
        "reactor_utilization": {
          "shard": "15",
          "value": 38.794752000000145
        }
      }
    ]
  },
  {
    "metrics": [
      {
        "reactor_utilization": {
          "shard": "0",
          "value": 48.746300080000225
        }
      },
      {
        "reactor_utilization": {
          "shard": "1",
          "value": 48.984625280000039
        }
      },
      {
        "reactor_utilization": {
          "shard": "2",
          "value": 49.809894159999878
        }
      },
      {
        "reactor_utilization": {
          "shard": "3",
          "value": 47.609421739999867
        }
      },
      {
        "reactor_utilization": {
          "shard": "4",
          "value": 41.389051020000267
        }
      },
      {
        "reactor_utilization": {
          "shard": "5",
          "value": 48.656289659999899
        }
      },
      {
        "reactor_utilization": {
          "shard": "6",
          "value": 54.720815540000054
        }
      },
      {
        "reactor_utilization": {
          "shard": "7",
          "value": 51.683116620000071
        }
      },
      {
        "reactor_utilization": {
          "shard": "8",
          "value": 47.791233600000105
        }
      },
      {
        "reactor_utilization": {
          "shard": "9",
          "value": 51.66604424000014
        }
      },
      {
        "reactor_utilization": {
          "shard": "10",
          "value": 44.310932060000127
        }
      },
      {
        "reactor_utilization": {
          "shard": "11",
          "value": 47.957791459999946
        }
      },
      {
        "reactor_utilization": {
          "shard": "12",
          "value": 59.138621479999955
        }
      },
      {
        "reactor_utilization": {
          "shard": "13",
          "value": 99.996259160000051
        }
      },
      {
        "reactor_utilization": {
          "shard": "14",
          "value": 50.687961339999923
        }
      },
      {
        "reactor_utilization": {
          "shard": "15",
          "value": 40.976368900000161
        }
      }
    ]
  },
  {
    "metrics": [
      {
        "reactor_utilization": {
          "shard": "0",
          "value": 49.119949380000236
        }
      },
      {
        "reactor_utilization": {
          "shard": "1",
          "value": 48.016006620000049
        }
      },
      {
        "reactor_utilization": {
          "shard": "2",
          "value": 50.87010853999989
        }
      },
      {
        "reactor_utilization": {
          "shard": "3",
          "value": 47.980601559999883
        }
      },
      {
        "reactor_utilization": {
          "shard": "4",
          "value": 40.295645360000265
        }
      },
      {
        "reactor_utilization": {
          "shard": "5",
          "value": 48.584079899999885
        }
      },
      {
        "reactor_utilization": {
          "shard": "6",
          "value": 53.999035440000064
        }
      },
      {
        "reactor_utilization": {
          "shard": "7",
          "value": 52.268456680000064
        }
      },
      {
        "reactor_utilization": {
          "shard": "8",
          "value": 46.917254260000099
        }
      },
      {
        "reactor_utilization": {
          "shard": "9",
          "value": 52.567650320000126
        }
      },
      {
        "reactor_utilization": {
          "shard": "10",
          "value": 44.781939240000135
        }
      },
      {
        "reactor_utilization": {
          "shard": "11",
          "value": 47.210855119999948
        }
      },
      {
        "reactor_utilization": {
          "shard": "12",
          "value": 59.343521959999954
        }
      },
      {
        "reactor_utilization": {
          "shard": "13",
          "value": 99.999917640000064
        }
      },
      {
        "reactor_utilization": {
          "shard": "14",
          "value": 49.701280299999915
        }
      },
      {
        "reactor_utilization": {
          "shard": "15",
          "value": 41.040273220000159
        }
      }
    ]
  },
  {
    "metrics": [
      {
        "reactor_utilization": {
          "shard": "0",
          "value": 48.422134200000229
        }
      },
      {
        "reactor_utilization": {
          "shard": "1",
          "value": 48.565868480000042
        }
      },
      {
        "reactor_utilization": {
          "shard": "2",
          "value": 50.551157759999896
        }
      },
      {
        "reactor_utilization": {
          "shard": "3",
          "value": 47.544639699999891
        }
      },
      {
        "reactor_utilization": {
          "shard": "4",
          "value": 40.496878680000258
        }
      },
      {
        "reactor_utilization": {
          "shard": "5",
          "value": 48.800546579999903
        }
      },
      {
        "reactor_utilization": {
          "shard": "6",
          "value": 53.168999800000059
        }
      },
      {
        "reactor_utilization": {
          "shard": "7",
          "value": 49.79360692000008
        }
      },
      {
        "reactor_utilization": {
          "shard": "8",
          "value": 46.8839484800001
        }
      },
      {
        "reactor_utilization": {
          "shard": "9",
          "value": 50.682910960000129
        }
      },
      {
        "reactor_utilization": {
          "shard": "10",
          "value": 44.275161540000141
        }
      },
      {
        "reactor_utilization": {
          "shard": "11",
          "value": 47.793101539999959
        }
      },
      {
        "reactor_utilization": {
          "shard": "12",
          "value": 58.136803179999966
        }
      },
      {
        "reactor_utilization": {
          "shard": "13",
          "value": 99.997574960000051
        }
      },
      {
        "reactor_utilization": {
          "shard": "14",
          "value": 49.817257119999901
        }
      },
      {
        "reactor_utilization": {
          "shard": "15",
          "value": 41.009830320000148
        }
      }
    ]
  },
  {
    "metrics": [
      {
        "reactor_utilization": {
          "shard": "0",
          "value": 48.406800560000242
        }
      },
      {
        "reactor_utilization": {
          "shard": "1",
          "value": 48.473775620000048
        }
      },
      {
        "reactor_utilization": {
          "shard": "2",
          "value": 49.482595279999884
        }
      },
      {
        "reactor_utilization": {
          "shard": "3",
          "value": 47.956307299999892
        }
      },
      {
        "reactor_utilization": {
          "shard": "4",
          "value": 40.416699960000265
        }
      },
      {
        "reactor_utilization": {
          "shard": "5",
          "value": 49.065147539999913
        }
      },
      {
        "reactor_utilization": {
          "shard": "6",
          "value": 53.229620960000069
        }
      },
      {
        "reactor_utilization": {
          "shard": "7",
          "value": 50.228927480000088
        }
      },
      {
        "reactor_utilization": {
          "shard": "8",
          "value": 46.555924880000113
        }
      },
      {
        "reactor_utilization": {
          "shard": "9",
          "value": 51.760743160000125
        }
      },
      {
        "reactor_utilization": {
          "shard": "10",
          "value": 44.313332460000119
        }
      },
      {
        "reactor_utilization": {
          "shard": "11",
          "value": 47.053525339999958
        }
      },
      {
        "reactor_utilization": {
          "shard": "12",
          "value": 59.00123037999996
        }
      },
      {
        "reactor_utilization": {
          "shard": "13",
          "value": 99.997774740000054
        }
      },
      {
        "reactor_utilization": {
          "shard": "14",
          "value": 50.498175059999909
        }
      },
      {
        "reactor_utilization": {
          "shard": "15",
          "value": 40.452285600000145
        }
      }
    ]
  },
  {
    "metrics": [
      {
        "reactor_utilization": {
          "shard": "0",
          "value": 48.48153738000024
        }
      },
      {
        "reactor_utilization": {
          "shard": "1",
          "value": 48.950088900000054
        }
      },
      {
        "reactor_utilization": {
          "shard": "2",
          "value": 49.690003439999899
        }
      },
      {
        "reactor_utilization": {
          "shard": "3",
          "value": 47.28545573999989
        }
      },
      {
        "reactor_utilization": {
          "shard": "4",
          "value": 40.289361080000255
        }
      },
      {
        "reactor_utilization": {
          "shard": "5",
          "value": 48.190325019999911
        }
      },
      {
        "reactor_utilization": {
          "shard": "6",
          "value": 52.989081280000065
        }
      },
      {
        "reactor_utilization": {
          "shard": "7",
          "value": 50.798566880000081
        }
      },
      {
        "reactor_utilization": {
          "shard": "8",
          "value": 46.360930460000105
        }
      },
      {
        "reactor_utilization": {
          "shard": "9",
          "value": 51.345222140000125
        }
      },
      {
        "reactor_utilization": {
          "shard": "10",
          "value": 43.530900880000132
        }
      },
      {
        "reactor_utilization": {
          "shard": "11",
          "value": 46.224428859999954
        }
      },
      {
        "reactor_utilization": {
          "shard": "12",
          "value": 58.447381599999957
        }
      },
      {
        "reactor_utilization": {
          "shard": "13",
          "value": 99.995287660000059
        }
      },
      {
        "reactor_utilization": {
          "shard": "14",
          "value": 49.782616359999906
        }
      },
      {
        "reactor_utilization": {
          "shard": "15",
          "value": 39.509948100000145
        }
      }
    ]
  }
]
