[
  {
    "metrics": [
      {
        "reactor_utilization": {
          "shard": "0",
          "value": 87.724754020000233
        }
      },
      {
        "reactor_utilization": {
          "shard": "1",
          "value": 96.347738260000042
        }
      },
      {
        "reactor_utilization": {
          "shard": "2",
          "value": 89.683539459999892
        }
      },
      {
        "reactor_utilization": {
          "shard": "3",
          "value": 88.827140599999893
        }
      },
      {
        "reactor_utilization": {
          "shard": "4",
          "value": 88.756864160000234
        }
      },
      {
        "reactor_utilization": {
          "shard": "5",
          "value": 91.538721039999942
        }
      },
      {
        "reactor_utilization": {
          "shard": "6",
          "value": 92.675897380000066
        }
      },
      {
        "reactor_utilization": {
          "shard": "7",
          "value": 88.059926560000051
        }
      },
      {
        "reactor_utilization": {
          "shard": "8",
          "value": 92.953095680000004
        }
      },
      {
        "reactor_utilization": {
          "shard": "9",
          "value": 97.450227980000108
        }
      },
      {
        "reactor_utilization": {
          "shard": "10",
          "value": 93.374346260000138
        }
      },
      {
        "reactor_utilization": {
          "shard": "11",
          "value": 99.984631700000023
        }
      },
      {
        "reactor_utilization": {
          "shard": "12",
          "value": 99.997900999999885
        }
      },
      {
        "reactor_utilization": {
          "shard": "13",
          "value": 90.068300520000051
        }
      },
      {
        "reactor_utilization": {
          "shard": "14",
          "value": 93.536602939999852
        }
      },
      {
        "reactor_utilization": {
          "shard": "15",
          "value": 99.99550420000017
        }
      }
    ]
  },
  {
    "metrics": [
      {
        "reactor_utilization": {
          "shard": "0",
          "value": 57.49037434000023
        }
      },
      {
        "reactor_utilization": {
          "shard": "1",
          "value": 64.184115140000046
        }
      },
      {
        "reactor_utilization": {
          "shard": "2",
          "value": 61.095160039999897
        }
      },
      {
        "reactor_utilization": {
          "shard": "3",
          "value": 56.802580539999902
        }
      },
      {
        "reactor_utilization": {
          "shard": "4",
          "value": 55.600547480000237
        }
      },
      {
        "reactor_utilization": {
          "shard": "5",
          "value": 52.657802119999943
        }
      },
      {
        "reactor_utilization": {
          "shard": "6",
          "value": 62.319444800000056
        }
      },
      {
        "reactor_utilization": {
          "shard": "7",
          "value": 56.125108320000052
        }
      },
      {
        "reactor_utilization": {
          "shard": "8",
          "value": 93.94091902000001
        }
      },
      {
        "reactor_utilization": {
          "shard": "9",
          "value": 73.489767520000115
        }
      },
      {
        "reactor_utilization": {
          "shard": "10",
          "value": 60.71945412000013
        }
      },
      {
        "reactor_utilization": {
          "shard": "11",
          "value": 62.516071740000022
        }
      },
      {
        "reactor_utilization": {
          "shard": "12",
          "value": 54.284330979999893
        }
      },
      {
        "reactor_utilization": {
          "shard": "13",
          "value": 62.574651620000068
        }
      },
      {
        "reactor_utilization": {
          "shard": "14",
          "value": 63.911079759999858
        }
      },
      {
        "reactor_utilization": {
          "shard": "15",
          "value": 64.601732220000187
        }
      }
    ]
  },
  {
    "metrics": [
      {
        "reactor_utilization": {
          "shard": "0",
          "value": 52.188996980000233
        }
      },
      {
        "reactor_utilization": {
          "shard": "1",
          "value": 46.40736842000004
        }
      },
      {
        "reactor_utilization": {
          "shard": "2",
          "value": 46.296426019999906
        }
      },
      {
        "reactor_utilization": {
          "shard": "3",
          "value": 44.269231079999905
        }
      },
      {
        "reactor_utilization": {
          "shard": "4",
          "value": 40.859653860000257
        }
      },
      {
        "reactor_utilization": {
          "shard": "5",
          "value": 45.108368219999939
        }
      },
      {
        "reactor_utilization": {
          "shard": "6",
          "value": 49.234910180000057
        }
      },
      {
        "reactor_utilization": {
          "shard": "7",
          "value": 52.142318980000056
        }
      },
      {
        "reactor_utilization": {
          "shard": "8",
          "value": 93.868433460000006
        }
      },
      {
        "reactor_utilization": {
          "shard": "9",
          "value": 65.530119380000116
        }
      },
      {
        "reactor_utilization": {
          "shard": "10",
          "value": 44.408314740000122
        }
      },
      {
        "reactor_utilization": {
          "shard": "11",
          "value": 45.323523720000026
        }
      },
      {
        "reactor_utilization": {
          "shard": "12",
          "value": 44.090250559999902
        }
      },
      {
        "reactor_utilization": {
          "shard": "13",
          "value": 55.89729310000007
        }
      },
      {
        "reactor_utilization": {
          "shard": "14",
          "value": 51.780902859999856
        }
      },
      {
        "reactor_utilization": {
          "shard": "15",
          "value": 51.744121080000191
        }
      }
    ]
  },
  {
    "metrics": [
      {
        "reactor_utilization": {
          "shard": "0",
          "value": 51.138775660000235
        }
      },
      {
        "reactor_utilization": {
          "shard": "1",
          "value": 46.890270600000051
        }
      },
      {
        "reactor_utilization": {
          "shard": "2",
          "value": 44.678757619999885
        }
      },
      {
        "reactor_utilization": {
          "shard": "3",
          "value": 43.310062819999906
        }
      },
      {
        "reactor_utilization": {
          "shard": "4",
          "value": 40.293244860000257
        }
      },
      {
        "reactor_utilization": {
          "shard": "5",
          "value": 46.009733619999935
        }
      },
      {
        "reactor_utilization": {
          "shard": "6",
          "value": 48.001550420000051
        }
      },
      {
        "reactor_utilization": {
          "shard": "7",
          "value": 51.92134458000006
        }
      },
      {
        "reactor_utilization": {
          "shard": "8",
          "value": 94.040239200000002
        }
      },
      {
        "reactor_utilization": {
          "shard": "9",
          "value": 63.997467660000119
        }
      },
      {
        "reactor_utilization": {
          "shard": "10",
          "value": 44.034981260000116
        }
      },
      {
        "reactor_utilization": {
          "shard": "11",
          "value": 46.569569980000047
        }
      },
      {
        "reactor_utilization": {
          "shard": "12",
          "value": 42.916346619999899
        }
      },
      {
        "reactor_utilization": {
          "shard": "13",
          "value": 53.738690060000074
        }
      },
      {
        "reactor_utilization": {
          "shard": "14",
          "value": 51.590634299999834
        }
      },
      {
        "reactor_utilization": {
          "shard": "15",
          "value": 51.296481140000196
        }
      }
    ]
  },
  {
    "metrics": [
      {
        "reactor_utilization": {
          "shard": "0",
          "value": 51.503459200000243
        }
      },
      {
        "reactor_utilization": {
          "shard": "1",
          "value": 46.173373620000035
        }
      },
      {
        "reactor_utilization": {
          "shard": "2",
          "value": 44.295957479999885
        }
      },
      {
        "reactor_utilization": {
          "shard": "3",
          "value": 43.127183219999907
        }
      },
      {
        "reactor_utilization": {
          "shard": "4",
          "value": 39.140589800000249
        }
      },
      {
        "reactor_utilization": {
          "shard": "5",
          "value": 44.743565299999943
        }
      },
      {
        "reactor_utilization": {
          "shard": "6",
          "value": 47.377988360000053
        }
      },
      {
        "reactor_utilization": {
          "shard": "7",
          "value": 50.491685260000075
        }
      },
      {
        "reactor_utilization": {
          "shard": "8",
          "value": 93.94216428
        }
      },
      {
        "reactor_utilization": {
          "shard": "9",
          "value": 65.051768520000124
        }
      },
      {
        "reactor_utilization": {
          "shard": "10",
          "value": 43.166350420000121
        }
      },
      {
        "reactor_utilization": {
          "shard": "11",
          "value": 44.671488360000048
        }
      },
      {
        "reactor_utilization": {
          "shard": "12",
          "value": 41.525862819999901
        }
      },
      {
        "reactor_utilization": {
          "shard": "13",
          "value": 53.77804720000006
        }
      },
      {
        "reactor_utilization": {
          "shard": "14",
          "value": 50.682527739999841
        }
      },
      {
        "reactor_utilization": {
          "shard": "15",
          "value": 52.472541480000189
        }
      }
    ]
  },
  {
    "metrics": [
      {
        "reactor_utilization": {
          "shard": "0",
          "value": 50.661473080000242
        }
      },
      {
        "reactor_utilization": {
          "shard": "1",
          "value": 45.527487120000032
        }
      },
      {
        "reactor_utilization": {
          "shard": "2",
          "value": 46.02896853999988
        }
      },
      {
        "reactor_utilization": {
          "shard": "3",
          "value": 44.650552699999899
        }
      },
      {
        "reactor_utilization": {
          "shard": "4",
          "value": 37.529712100000246
        }
      },
      {
        "reactor_utilization": {
          "shard": "5",
          "value": 46.077843379999948
        }
      },
      {
        "reactor_utilization": {
          "shard": "6",
          "value": 46.620702920000056
        }
      },
      {
        "reactor_utilization": {
          "shard": "7",
          "value": 49.507879240000065
        }
      },
      {
        "reactor_utilization": {
          "shard": "8",
          "value": 93.267472060000017
        }
      },
      {
        "reactor_utilization": {
          "shard": "9",
          "value": 64.877158560000126
        }
      },
      {
        "reactor_utilization": {
          "shard": "10",
          "value": 41.271423780000127
        }
      },
      {
        "reactor_utilization": {
          "shard": "11",
          "value": 41.381368680000051
        }
      },
      {
        "reactor_utilization": {
          "shard": "12",
          "value": 41.600288559999889
        }
      },
      {
        "reactor_utilization": {
          "shard": "13",
          "value": 53.182924220000075
        }
      },
      {
        "reactor_utilization": {
          "shard": "14",
          "value": 49.369027059999858
        }
      },
      {
        "reactor_utilization": {
          "shard": "15",
          "value": 49.065615260000193
        }
      }
    ]
  },
  {
    "metrics": [
      {
        "reactor_utilization": {
          "shard": "0",
          "value": 51.817752220000237
        }
      },
      {
        "reactor_utilization": {
          "shard": "1",
          "value": 47.340323460000008
        }
      },
      {
        "reactor_utilization": {
          "shard": "2",
          "value": 46.348826839999887
        }
      },
      {
        "reactor_utilization": {
          "shard": "3",
          "value": 44.367586279999905
        }
      },
      {
        "reactor_utilization": {
          "shard": "4",
          "value": 40.361169280000254
        }
      },
      {
        "reactor_utilization": {
          "shard": "5",
          "value": 46.193186439999955
        }
      },
      {
        "reactor_utilization": {
          "shard": "6",
          "value": 48.221882460000053
        }
      },
      {
        "reactor_utilization": {
          "shard": "7",
          "value": 51.731278740000079
        }
      },
      {
        "reactor_utilization": {
          "shard": "8",
          "value": 94.577151980000011
        }
      },
      {
        "reactor_utilization": {
          "shard": "9",
          "value": 63.994808680000126
        }
      },
      {
        "reactor_utilization": {
          "shard": "10",
          "value": 43.794462120000141
        }
      },
      {
        "reactor_utilization": {
          "shard": "11",
          "value": 44.028286920000056
        }
      },
      {
        "reactor_utilization": {
          "shard": "12",
          "value": 42.526301479999908
        }
      },
      {
        "reactor_utilization": {
          "shard": "13",
          "value": 54.768316120000073
        }
      },
      {
        "reactor_utilization": {
          "shard": "14",
          "value": 50.962834379999869
        }
      },
      {
        "reactor_utilization": {
          "shard": "15",
          "value": 50.976238240000193
        }
      }
    ]
  },
  {
    "metrics": [
      {
        "reactor_utilization": {
          "shard": "0",
          "value": 52.143803100000227
        }
      },
      {
        "reactor_utilization": {
          "shard": "1",
          "value": 45.540128920000015
        }
      },
      {
        "reactor_utilization": {
          "shard": "2",
          "value": 43.459130159999894
        }
      },
      {
        "reactor_utilization": {
          "shard": "3",
          "value": 41.420026679999886
        }
      },
      {
        "reactor_utilization": {
          "shard": "4",
          "value": 37.979928300000253
        }
      },
      {
        "reactor_utilization": {
          "shard": "5",
          "value": 44.235463819999929
        }
      },
      {
        "reactor_utilization": {
          "shard": "6",
          "value": 48.465160900000058
        }
      },
      {
        "reactor_utilization": {
          "shard": "7",
          "value": 53.050091660000064
        }
      },
      {
        "reactor_utilization": {
          "shard": "8",
          "value": 90.891856180000005
        }
      },
      {
        "reactor_utilization": {
          "shard": "9",
          "value": 62.64567738000013
        }
      },
      {
        "reactor_utilization": {
          "shard": "10",
          "value": 42.670923480000141
        }
      },
      {
        "reactor_utilization": {
          "shard": "11",
          "value": 43.113958860000054
        }
      },
      {
        "reactor_utilization": {
          "shard": "12",
          "value": 40.350833199999926
        }
      },
      {
        "reactor_utilization": {
          "shard": "13",
          "value": 53.063381560000082
        }
      },
      {
        "reactor_utilization": {
          "shard": "14",
          "value": 49.023721559999856
        }
      },
      {
        "reactor_utilization": {
          "shard": "15",
          "value": 48.92061114000019
        }
      }
    ]
  },
  {
    "metrics": [
      {
        "reactor_utilization": {
          "shard": "0",
          "value": 44.624488140000238
        }
      },
      {
        "reactor_utilization": {
          "shard": "1",
          "value": 38.099086220000025
        }
      },
      {
        "reactor_utilization": {
          "shard": "2",
          "value": 38.931154219999883
        }
      },
      {
        "reactor_utilization": {
          "shard": "3",
          "value": 34.165114419999888
        }
      },
      {
        "reactor_utilization": {
          "shard": "4",
          "value": 31.673131780000229
        }
      },
      {
        "reactor_utilization": {
          "shard": "5",
          "value": 39.500133179999928
        }
      },
      {
        "reactor_utilization": {
          "shard": "6",
          "value": 40.852875120000057
        }
      },
      {
        "reactor_utilization": {
          "shard": "7",
          "value": 41.366171160000064
        }
      },
      {
        "reactor_utilization": {
          "shard": "8",
          "value": 82.16229374000001
        }
      },
      {
        "reactor_utilization": {
          "shard": "9",
          "value": 57.855841840000132
        }
      },
      {
        "reactor_utilization": {
          "shard": "10",
          "value": 35.291403620000139
        }
      },
      {
        "reactor_utilization": {
          "shard": "11",
          "value": 35.151444040000065
        }
      },
      {
        "reactor_utilization": {
          "shard": "12",
          "value": 34.552897439999931
        }
      },
      {
        "reactor_utilization": {
          "shard": "13",
          "value": 49.872354540000075
        }
      },
      {
        "reactor_utilization": {
          "shard": "14",
          "value": 43.465948759999847
        }
      },
      {
        "reactor_utilization": {
          "shard": "15",
          "value": 42.652224280000183
        }
      }
    ]
  },
  {
    "metrics": [
      {
        "reactor_utilization": {
          "shard": "0",
          "value": 42.738988560000237
        }
      },
      {
        "reactor_utilization": {
          "shard": "1",
          "value": 41.364290280000013
        }
      },
      {
        "reactor_utilization": {
          "shard": "2",
          "value": 39.813617739999884
        }
      },
      {
        "reactor_utilization": {
          "shard": "3",
          "value": 39.849478059999896
        }
      },
      {
        "reactor_utilization": {
          "shard": "4",
          "value": 36.186979900000225
        }
      },
      {
        "reactor_utilization": {
          "shard": "5",
          "value": 39.544403279999941
        }
      },
      {
        "reactor_utilization": {
          "shard": "6",
          "value": 39.998323820000046
        }
      },
      {
        "reactor_utilization": {
          "shard": "7",
          "value": 42.884448780000064
        }
      },
      {
        "reactor_utilization": {
          "shard": "8",
          "value": 84.340015280000017
        }
      },
      {
        "reactor_utilization": {
          "shard": "9",
          "value": 56.354602240000126
        }
      },
      {
        "reactor_utilization": {
          "shard": "10",
          "value": 38.458131440000145
        }
      },
      {
        "reactor_utilization": {
          "shard": "11",
          "value": 37.480365620000079
        }
      },
      {
        "reactor_utilization": {
          "shard": "12",
          "value": 34.841021819999931
        }
      },
      {
        "reactor_utilization": {
          "shard": "13",
          "value": 46.080732620000077
        }
      },
      {
        "reactor_utilization": {
          "shard": "14",
          "value": 46.463228619999839
        }
      },
      {
        "reactor_utilization": {
          "shard": "15",
          "value": 46.225708900000171
        }
      }
    ]
  },
  {
    "metrics": [
      {
        "reactor_utilization": {
          "shard": "0",
          "value": 45.420208500000236
        }
      },
      {
        "reactor_utilization": {
          "shard": "1",
          "value": 40.45817514000003
        }
      },
      {
        "reactor_utilization": {
          "shard": "2",
          "value": 39.042968699999889
        }
      },
      {
        "reactor_utilization": {
          "shard": "3",
          "value": 41.236038759999893
        }
      },
      {
        "reactor_utilization": {
          "shard": "4",
          "value": 35.54645460000021
        }
      },
      {
        "reactor_utilization": {
          "shard": "5",
          "value": 38.888724039999943
        }
      },
      {
        "reactor_utilization": {
          "shard": "6",
          "value": 41.925327680000059
        }
      },
      {
        "reactor_utilization": {
          "shard": "7",
          "value": 44.818851980000055
        }
      },
      {
        "reactor_utilization": {
          "shard": "8",
          "value": 84.284777120000015
        }
      },
      {
        "reactor_utilization": {
          "shard": "9",
          "value": 56.211063640000148
        }
      },
      {
        "reactor_utilization": {
          "shard": "10",
          "value": 38.521190500000145
        }
      },
      {
        "reactor_utilization": {
          "shard": "11",
          "value": 43.128659780000064
        }
      },
      {
        "reactor_utilization": {
          "shard": "12",
          "value": 35.010920379999909
        }
      },
      {
        "reactor_utilization": {
          "shard": "13",
          "value": 44.046806700000062
        }
      },
      {
        "reactor_utilization": {
          "shard": "14",
          "value": 43.660979919999846
        }
      },
      {
        "reactor_utilization": {
          "shard": "15",
          "value": 47.199009720000177
        }
      }
    ]
  },
  {
    "metrics": [
      {
        "reactor_utilization": {
          "shard": "0",
          "value": 49.120558860000244
        }
      },
      {
        "reactor_utilization": {
          "shard": "1",
          "value": 45.166282440000025
        }
      },
      {
        "reactor_utilization": {
          "shard": "2",
          "value": 43.553764599999887
        }
      },
      {
        "reactor_utilization": {
          "shard": "3",
          "value": 42.1132542799999
        }
      },
      {
        "reactor_utilization": {
          "shard": "4",
          "value": 38.509250980000211
        }
      },
      {
        "reactor_utilization": {
          "shard": "5",
          "value": 43.250803039999944
        }
      },
      {
        "reactor_utilization": {
          "shard": "6",
          "value": 45.258064720000071
        }
      },
      {
        "reactor_utilization": {
          "shard": "7",
          "value": 49.429954460000062
        }
      },
      {
        "reactor_utilization": {
          "shard": "8",
          "value": 91.117201460000004
        }
      },
      {
        "reactor_utilization": {
          "shard": "9",
          "value": 61.668865240000144
        }
      },
      {
        "reactor_utilization": {
          "shard": "10",
          "value": 42.11063090000016
        }
      },
      {
        "reactor_utilization": {
          "shard": "11",
          "value": 44.910751460000064
        }
      },
      {
        "reactor_utilization": {
          "shard": "12",
          "value": 40.478518619999903
        }
      },
      {
        "reactor_utilization": {
          "shard": "13",
          "value": 51.828579380000065
        }
      },
      {
        "reactor_utilization": {
          "shard": "14",
          "value": 49.111543679999834
        }
      },
      {
        "reactor_utilization": {
          "shard": "15",
          "value": 48.48787890000019
        }
      }
    ]
  },
  {
    "metrics": [
      {
        "reactor_utilization": {
          "shard": "0",
          "value": 50.363272120000246
        }
      },
      {
        "reactor_utilization": {
          "shard": "1",
          "value": 45.539964120000029
        }
      },
      {
        "reactor_utilization": {
          "shard": "2",
          "value": 43.321478679999892
        }
      },
      {
        "reactor_utilization": {
          "shard": "3",
          "value": 42.329770659999909
        }
      },
      {
        "reactor_utilization": {
          "shard": "4",
          "value": 38.455975740000191
        }
      },
      {
        "reactor_utilization": {
          "shard": "5",
          "value": 42.942942999999943
        }
      },
      {
        "reactor_utilization": {
          "shard": "6",
          "value": 46.92212176000006
        }
      },
      {
        "reactor_utilization": {
          "shard": "7",
          "value": 49.023345980000045
        }
      },
      {
        "reactor_utilization": {
          "shard": "8",
          "value": 92.741474200000013
        }
      },
      {
        "reactor_utilization": {
          "shard": "9",
          "value": 62.40209412000015
        }
      },
      {
        "reactor_utilization": {
          "shard": "10",
          "value": 40.583970680000157
        }
      },
      {
        "reactor_utilization": {
          "shard": "11",
          "value": 43.148830560000064
        }
      },
      {
        "reactor_utilization": {
          "shard": "12",
          "value": 46.912759459999897
        }
      },
      {
        "reactor_utilization": {
          "shard": "13",
          "value": 53.363173700000068
        }
      },
      {
        "reactor_utilization": {
          "shard": "14",
          "value": 50.227361919999844
        }
      },
      {
        "reactor_utilization": {
          "shard": "15",
          "value": 49.817834760000189
        }
      }
    ]
  },
  {
    "metrics": [
      {
        "reactor_utilization": {
          "shard": "0",
          "value": 51.259660860000245
        }
      },
      {
        "reactor_utilization": {
          "shard": "1",
          "value": 45.772311180000038
        }
      },
      {
        "reactor_utilization": {
          "shard": "2",
          "value": 45.048925959999906
        }
      },
      {
        "reactor_utilization": {
          "shard": "3",
          "value": 44.287783299999916
        }
      },
      {
        "reactor_utilization": {
          "shard": "4",
          "value": 39.271720000000187
        }
      },
      {
        "reactor_utilization": {
          "shard": "5",
          "value": 44.281514339999937
        }
      },
      {
        "reactor_utilization": {
          "shard": "6",
          "value": 47.188974280000053
        }
      },
      {
        "reactor_utilization": {
          "shard": "7",
          "value": 50.331211280000041
        }
      },
      {
        "reactor_utilization": {
          "shard": "8",
          "value": 93.910845980000019
        }
      },
      {
        "reactor_utilization": {
          "shard": "9",
          "value": 65.746209480000147
        }
      },
      {
        "reactor_utilization": {
          "shard": "10",
          "value": 42.889818160000146
        }
      },
      {
        "reactor_utilization": {
          "shard": "11",
          "value": 43.986670540000063
        }
      },
      {
        "reactor_utilization": {
          "shard": "12",
          "value": 41.905409479999904
        }
      },
      {
        "reactor_utilization": {
          "shard": "13",
          "value": 52.834333340000072
        }
      },
      {
        "reactor_utilization": {
          "shard": "14",
          "value": 50.42226443999985
        }
      },
      {
        "reactor_utilization": {
          "shard": "15",
          "value": 51.349357400000187
        }
      }
    ]
  },
  {
    "metrics": [
      {
        "reactor_utilization": {
          "shard": "0",
          "value": 50.182801580000245
        }
      },
      {
        "reactor_utilization": {
          "shard": "1",
          "value": 43.518367760000032
        }
      },
      {
        "reactor_utilization": {
          "shard": "2",
          "value": 44.658100119999908
        }
      },
      {
        "reactor_utilization": {
          "shard": "3",
          "value": 43.510230039999911
        }
      },
      {
        "reactor_utilization": {
          "shard": "4",
          "value": 38.029415760000184
        }
      },
      {
        "reactor_utilization": {
          "shard": "5",
          "value": 46.096946619999933
        }
      },
      {
        "reactor_utilization": {
          "shard": "6",
          "value": 46.875418040000042
        }
      },
      {
        "reactor_utilization": {
          "shard": "7",
          "value": 49.951002340000052
        }
      },
      {
        "reactor_utilization": {
          "shard": "8",
          "value": 93.362724920000005
        }
      },
      {
        "reactor_utilization": {
          "shard": "9",
          "value": 63.516831300000156
        }
      },
      {
        "reactor_utilization": {
          "shard": "10",
          "value": 43.307482780000164
        }
      },
      {
        "reactor_utilization": {
          "shard": "11",
          "value": 43.507754680000055
        }
      },
      {
        "reactor_utilization": {
          "shard": "12",
          "value": 42.034577019999908
        }
      },
      {
        "reactor_utilization": {
          "shard": "13",
          "value": 53.351917780000072
        }
      },
      {
        "reactor_utilization": {
          "shard": "14",
          "value": 48.896041179999848
        }
      },
      {
        "reactor_utilization": {
          "shard": "15",
          "value": 50.389761760000184
        }
      }
    ]
  },
  {
    "metrics": [
      {
        "reactor_utilization": {
          "shard": "0",
          "value": 50.792081500000251
        }
      },
      {
        "reactor_utilization": {
          "shard": "1",
          "value": 46.247041420000023
        }
      },
      {
        "reactor_utilization": {
          "shard": "2",
          "value": 45.451712879999917
        }
      },
      {
        "reactor_utilization": {
          "shard": "3",
          "value": 44.478908539999921
        }
      },
      {
        "reactor_utilization": {
          "shard": "4",
          "value": 40.240431920000162
        }
      },
      {
        "reactor_utilization": {
          "shard": "5",
          "value": 46.73988641999992
        }
      },
      {
        "reactor_utilization": {
          "shard": "6",
          "value": 47.951839300000032
        }
      },
      {
        "reactor_utilization": {
          "shard": "7",
          "value": 51.420843620000056
        }
      },
      {
        "reactor_utilization": {
          "shard": "8",
          "value": 94.159189760000004
        }
      },
      {
        "reactor_utilization": {
          "shard": "9",
          "value": 65.348002960000144
        }
      },
      {
        "reactor_utilization": {
          "shard": "10",
          "value": 44.823152060000169
        }
      },
      {
        "reactor_utilization": {
          "shard": "11",
          "value": 46.099678580000059
        }
      },
      {
        "reactor_utilization": {
          "shard": "12",
          "value": 42.104878219999897
        }
      },
      {
        "reactor_utilization": {
          "shard": "13",
          "value": 54.126939520000064
        }
      },
      {
        "reactor_utilization": {
          "shard": "14",
          "value": 50.522681059999854
        }
      },
      {
        "reactor_utilization": {
          "shard": "15",
          "value": 51.208356080000193
        }
      }
    ]
  },
  {
    "metrics": [
      {
        "reactor_utilization": {
          "shard": "0",
          "value": 51.476420900000264
        }
      },
      {
        "reactor_utilization": {
          "shard": "1",
          "value": 45.900880380000032
        }
      },
      {
        "reactor_utilization": {
          "shard": "2",
          "value": 45.558656199999923
        }
      },
      {
        "reactor_utilization": {
          "shard": "3",
          "value": 44.28896763999991
        }
      },
      {
        "reactor_utilization": {
          "shard": "4",
          "value": 39.621232140000153
        }
      },
      {
        "reactor_utilization": {
          "shard": "5",
          "value": 45.455673599999926
        }
      },
      {
        "reactor_utilization": {
          "shard": "6",
          "value": 48.935147620000038
        }
      },
      {
        "reactor_utilization": {
          "shard": "7",
          "value": 50.740846520000048
        }
      },
      {
        "reactor_utilization": {
          "shard": "8",
          "value": 94.079873720000009
        }
      },
      {
        "reactor_utilization": {
          "shard": "9",
          "value": 65.250385020000152
        }
      },
      {
        "reactor_utilization": {
          "shard": "10",
          "value": 43.040099860000183
        }
      },
      {
        "reactor_utilization": {
          "shard": "11",
          "value": 44.352196800000065
        }
      },
      {
        "reactor_utilization": {
          "shard": "12",
          "value": 42.73517445999989
        }
      },
      {
        "reactor_utilization": {
          "shard": "13",
          "value": 54.683656340000056
        }
      },
      {
        "reactor_utilization": {
          "shard": "14",
          "value": 51.060306279999843
        }
      },
      {
        "reactor_utilization": {
          "shard": "15",
          "value": 51.781186360000198
        }
      }
    ]
  },
  {
    "metrics": [
      {
        "reactor_utilization": {
          "shard": "0",
          "value": 51.786134020000262
        }
      },
      {
        "reactor_utilization": {
          "shard": "1",
          "value": 46.601418600000024
        }
      },
      {
        "reactor_utilization": {
          "shard": "2",
          "value": 45.865387539999922
        }
      },
      {
        "reactor_utilization": {
          "shard": "3",
          "value": 44.654946979999913
        }
      },
      {
        "reactor_utilization": {
          "shard": "4",
          "value": 40.047627760000147
        }
      },
      {
        "reactor_utilization": {
          "shard": "5",
          "value": 45.844781619999921
        }
      },
      {
        "reactor_utilization": {
          "shard": "6",
          "value": 48.020289200000043
        }
      },
      {
        "reactor_utilization": {
          "shard": "7",
          "value": 51.078715080000045
        }
      },
      {
        "reactor_utilization": {
          "shard": "8",
          "value": 94.172557460000007
        }
      },
      {
        "reactor_utilization": {
          "shard": "9",
          "value": 64.86563140000014
        }
      },
      {
        "reactor_utilization": {
          "shard": "10",
          "value": 42.856551960000175
        }
      },
      {
        "reactor_utilization": {
          "shard": "11",
          "value": 43.906204400000057
        }
      },
      {
        "reactor_utilization": {
          "shard": "12",
          "value": 42.637449039999908
        }
      },
      {
        "reactor_utilization": {
          "shard": "13",
          "value": 54.050823700000073
        }
      },
      {
        "reactor_utilization": {
          "shard": "14",
          "value": 52.447000439999833
        }
      },
      {
        "reactor_utilization": {
          "shard": "15",
          "value": 51.9657266600002
        }
      }
    ]
  },
  {
    "metrics": [
      {
        "reactor_utilization": {
          "shard": "0",
          "value": 51.625899700000268
        }
      },
      {
        "reactor_utilization": {
          "shard": "1",
          "value": 46.37220502000001
        }
      },
      {
        "reactor_utilization": {
          "shard": "2",
          "value": 45.494469219999935
        }
      },
      {
        "reactor_utilization": {
          "shard": "3",
          "value": 44.366658379999912
        }
      },
      {
        "reactor_utilization": {
          "shard": "4",
          "value": 40.211275580000141
        }
      },
      {
        "reactor_utilization": {
          "shard": "5",
          "value": 45.001929359999927
        }
      },
      {
        "reactor_utilization": {
          "shard": "6",
          "value": 48.141376620000052
        }
      },
      {
        "reactor_utilization": {
          "shard": "7",
          "value": 51.916636120000049
        }
      },
      {
        "reactor_utilization": {
          "shard": "8",
          "value": 94.576062339999993
        }
      },
      {
        "reactor_utilization": {
          "shard": "9",
          "value": 64.878015700000134
        }
      },
      {
        "reactor_utilization": {
          "shard": "10",
          "value": 43.608641020000171
        }
      },
      {
        "reactor_utilization": {
          "shard": "11",
          "value": 44.990556180000077
        }
      },
      {
        "reactor_utilization": {
          "shard": "12",
          "value": 41.984942059999931
        }
      },
      {
        "reactor_utilization": {
          "shard": "13",
          "value": 54.287143800000059
        }
      },
      {
        "reactor_utilization": {
          "shard": "14",
          "value": 50.012309839999844
        }
      },
      {
        "reactor_utilization": {
          "shard": "15",
          "value": 51.656521540000192
        }
      }
    ]
  },
  {
    "metrics": [
      {
        "reactor_utilization": {
          "shard": "0",
          "value": 51.502767420000261
        }
      },
      {
        "reactor_utilization": {
          "shard": "1",
          "value": 45.060817960000008
        }
      },
      {
        "reactor_utilization": {
          "shard": "2",
          "value": 42.188356379999938
        }
      },
      {
        "reactor_utilization": {
          "shard": "3",
          "value": 40.522261759999914
        }
      },
      {
        "reactor_utilization": {
          "shard": "4",
          "value": 39.083591080000126
        }
      },
      {
        "reactor_utilization": {
          "shard": "5",
          "value": 45.273920659999931
        }
      },
      {
        "reactor_utilization": {
          "shard": "6",
          "value": 46.83486654000005
        }
      },
      {
        "reactor_utilization": {
          "shard": "7",
          "value": 49.978077280000058
        }
      },
      {
        "reactor_utilization": {
          "shard": "8",
          "value": 93.062161220000007
        }
      },
      {
        "reactor_utilization": {
          "shard": "9",
          "value": 63.913227200000144
        }
      },
      {
        "reactor_utilization": {
          "shard": "10",
          "value": 42.702335660000166
        }
      },
      {
        "reactor_utilization": {
          "shard": "11",
          "value": 42.895768140000065
        }
      },
      {
        "reactor_utilization": {
          "shard": "12",
          "value": 39.752902179999914
        }
      },
      {
        "reactor_utilization": {
          "shard": "13",
          "value": 53.094732300000061
        }
      },
      {
        "reactor_utilization": {
          "shard": "14",
          "value": 50.378213879999834
        }
      },
      {
        "reactor_utilization": {
          "shard": "15",
          "value": 50.543620220000193
        }
      }
    ]
  },
  {
    "metrics": [
      {
        "reactor_utilization": {
          "shard": "0",
          "value": 52.205863360000272
        }
      },
      {
        "reactor_utilization": {
          "shard": "1",
          "value": 47.21769642000001
        }
      },
      {
        "reactor_utilization": {
          "shard": "2",
          "value": 46.471487599999939
        }
      },
      {
        "reactor_utilization": {
          "shard": "3",
          "value": 43.787737139999919
        }
      },
      {
        "reactor_utilization": {
          "shard": "4",
          "value": 39.95352924000013
        }
      },
      {
        "reactor_utilization": {
          "shard": "5",
          "value": 46.147746759999933
        }
      },
      {
        "reactor_utilization": {
          "shard": "6",
          "value": 47.570851120000043
        }
      },
      {
        "reactor_utilization": {
          "shard": "7",
          "value": 50.182957740000056
        }
      },
      {
        "reactor_utilization": {
          "shard": "8",
          "value": 94.593271760000007
        }
      },
      {
        "reactor_utilization": {
          "shard": "9",
          "value": 65.45728178000013
        }
      },
      {
        "reactor_utilization": {
          "shard": "10",
          "value": 44.292317620000176
        }
      },
      {
        "reactor_utilization": {
          "shard": "11",
          "value": 45.865438540000071
        }
      },
      {
        "reactor_utilization": {
          "shard": "12",
          "value": 42.783167159999913
        }
      },
      {
        "reactor_utilization": {
          "shard": "13",
          "value": 54.210948560000062
        }
      },
      {
        "reactor_utilization": {
          "shard": "14",
          "value": 50.55832447999984
        }
      },
      {
        "reactor_utilization": {
          "shard": "15",
          "value": 52.734921060000197
        }
      }
    ]
  },
  {
    "metrics": [
      {
        "reactor_utilization": {
          "shard": "0",
          "value": 53.070616580000276
        }
      },
      {
        "reactor_utilization": {
          "shard": "1",
          "value": 46.373732360000005
        }
      },
      {
        "reactor_utilization": {
          "shard": "2",
          "value": 45.753042219999941
        }
      },
      {
        "reactor_utilization": {
          "shard": "3",
          "value": 43.911981199999914
        }
      },
      {
        "reactor_utilization": {
          "shard": "4",
          "value": 39.59624190000013
        }
      },
      {
        "reactor_utilization": {
          "shard": "5",
          "value": 45.514074919999935
        }
      },
      {
        "reactor_utilization": {
          "shard": "6",
          "value": 47.03446380000004
        }
      },
      {
        "reactor_utilization": {
          "shard": "7",
          "value": 49.886476100000053
        }
      },
      {
        "reactor_utilization": {
          "shard": "8",
          "value": 94.38447982000001
        }
      },
      {
        "reactor_utilization": {
          "shard": "9",
          "value": 64.905914580000129
        }
      },
      {
        "reactor_utilization": {
          "shard": "10",
          "value": 43.685378060000183
        }
      },
      {
        "reactor_utilization": {
          "shard": "11",
          "value": 44.47893130000007
        }
      },
      {
        "reactor_utilization": {
          "shard": "12",
          "value": 43.397759539999903
        }
      },
      {
        "reactor_utilization": {
          "shard": "13",
          "value": 55.362088120000053
        }
      },
      {
        "reactor_utilization": {
          "shard": "14",
          "value": 51.77574605999984
        }
      },
      {
        "reactor_utilization": {
          "shard": "15",
          "value": 50.337221600000206
        }
      }
    ]
  },
  {
    "metrics": [
      {
        "reactor_utilization": {
          "shard": "0",
          "value": 52.139326020000269
        }
      },
      {
        "reactor_utilization": {
          "shard": "1",
          "value": 45.846902159999999
        }
      },
      {
        "reactor_utilization": {
          "shard": "2",
          "value": 45.711257299999943
        }
      },
      {
        "reactor_utilization": {
          "shard": "3",
          "value": 44.322477799999916
        }
      },
      {
        "reactor_utilization": {
          "shard": "4",
          "value": 39.871830900000127
        }
      },
      {
        "reactor_utilization": {
          "shard": "5",
          "value": 45.566609919999919
        }
      },
      {
        "reactor_utilization": {
          "shard": "6",
          "value": 48.11741028000003
        }
      },
      {
        "reactor_utilization": {
          "shard": "7",
          "value": 50.853975920000053
        }
      },
      {
        "reactor_utilization": {
          "shard": "8",
          "value": 94.267043460000011
        }
      },
      {
        "reactor_utilization": {
          "shard": "9",
          "value": 65.67010306000013
        }
      },
      {
        "reactor_utilization": {
          "shard": "10",
          "value": 43.646446960000183
        }
      },
      {
        "reactor_utilization": {
          "shard": "11",
          "value": 44.573238680000074
        }
      },
      {
        "reactor_utilization": {
          "shard": "12",
          "value": 43.236537959999907
        }
      },
      {
        "reactor_utilization": {
          "shard": "13",
          "value": 54.996954260000052
        }
      },
      {
        "reactor_utilization": {
          "shard": "14",
          "value": 50.755757599999839
        }
      },
      {
        "reactor_utilization": {
          "shard": "15",
          "value": 52.031954060000196
        }
      }
    ]
  },
  {
    "metrics": [
      {
        "reactor_utilization": {
          "shard": "0",
          "value": 50.534994700000269
        }
      },
      {
        "reactor_utilization": {
          "shard": "1",
          "value": 45.503331180000004
        }
      },
      {
        "reactor_utilization": {
          "shard": "2",
          "value": 43.342503559999948
        }
      },
      {
        "reactor_utilization": {
          "shard": "3",
          "value": 42.373577779999906
        }
      },
      {
        "reactor_utilization": {
          "shard": "4",
          "value": 39.150048620000135
        }
      },
      {
        "reactor_utilization": {
          "shard": "5",
          "value": 44.613023099999928
        }
      },
      {
        "reactor_utilization": {
          "shard": "6",
          "value": 47.494088880000042
        }
      },
      {
        "reactor_utilization": {
          "shard": "7",
          "value": 50.930633640000053
        }
      },
      {
        "reactor_utilization": {
          "shard": "8",
          "value": 92.266078860000007
        }
      },
      {
        "reactor_utilization": {
          "shard": "9",
          "value": 63.242736920000134
        }
      },
      {
        "reactor_utilization": {
          "shard": "10",
          "value": 41.836892920000189
        }
      },
      {
        "reactor_utilization": {
          "shard": "11",
          "value": 42.460084040000069
        }
      },
      {
        "reactor_utilization": {
          "shard": "12",
          "value": 40.164195519999915
        }
      },
      {
        "reactor_utilization": {
          "shard": "13",
          "value": 51.521447320000057
        }
      },
      {
        "reactor_utilization": {
          "shard": "14",
          "value": 49.844171599999839
        }
      },
      {
        "reactor_utilization": {
          "shard": "15",
          "value": 49.4975960000002
        }
      }
    ]
  }
]
