[
  {
    "metrics": [
      {
        "reactor_utilization": {
          "shard": "0",
          "value": 91.340326840000046
        }
      },
      {
        "reactor_utilization": {
          "shard": "1",
          "value": 88.673044299999987
        }
      },
      {
        "reactor_utilization": {
          "shard": "2",
          "value": 81.869943459999945
        }
      },
      {
        "reactor_utilization": {
          "shard": "3",
          "value": 82.621284120000013
        }
      },
      {
        "reactor_utilization": {
          "shard": "4",
          "value": 87.912042400000132
        }
      },
      {
        "reactor_utilization": {
          "shard": "5",
          "value": 88.707838499999923
        }
      },
      {
        "reactor_utilization": {
          "shard": "6",
          "value": 87.704960879999916
        }
      },
      {
        "reactor_utilization": {
          "shard": "7",
          "value": 88.334661100000034
        }
      },
      {
        "reactor_utilization": {
          "shard": "8",
          "value": 80.161958800000079
        }
      },
      {
        "reactor_utilization": {
          "shard": "9",
          "value": 83.262737320000042
        }
      },
      {
        "reactor_utilization": {
          "shard": "10",
          "value": 77.474229380000182
        }
      },
      {
        "reactor_utilization": {
          "shard": "11",
          "value": 82.444215459999953
        }
      },
      {
        "reactor_utilization": {
          "shard": "12",
          "value": 92.523122559999933
        }
      },
      {
        "reactor_utilization": {
          "shard": "13",
          "value": 93.730600940000031
        }
      },
      {
        "reactor_utilization": {
          "shard": "14",
          "value": 87.744976419999887
        }
      },
      {
        "reactor_utilization": {
          "shard": "15",
          "value": 99.968136680000214
        }
      }
    ]
  },
  {
    "metrics": [
      {
        "reactor_utilization": {
          "shard": "0",
          "value": 15.819046620000044
        }
      },
      {
        "reactor_utilization": {
          "shard": "1",
          "value": 11.77221721999997
        }
      },
      {
        "reactor_utilization": {
          "shard": "2",
          "value": 12.057805419999957
        }
      },
      {
        "reactor_utilization": {
          "shard": "3",
          "value": 23.567779840000004
        }
      },
      {
        "reactor_utilization": {
          "shard": "4",
          "value": 27.957360000000129
        }
      },
      {
        "reactor_utilization": {
          "shard": "5",
          "value": 13.882296679999918
        }
      },
      {
        "reactor_utilization": {
          "shard": "6",
          "value": 26.610439119999917
        }
      },
      {
        "reactor_utilization": {
          "shard": "7",
          "value": 13.19046236000001
        }
      },
      {
        "reactor_utilization": {
          "shard": "8",
          "value": 21.623054560000064
        }
      },
      {
        "reactor_utilization": {
          "shard": "9",
          "value": 21.605411020000055
        }
      },
      {
        "reactor_utilization": {
          "shard": "10",
          "value": 23.859993640000187
        }
      },
      {
        "reactor_utilization": {
          "shard": "11",
          "value": 21.30904703999996
        }
      },
      {
        "reactor_utilization": {
          "shard": "12",
          "value": 19.77999191999994
        }
      },
      {
        "reactor_utilization": {
          "shard": "13",
          "value": 23.133425400000029
        }
      },
      {
        "reactor_utilization": {
          "shard": "14",
          "value": 24.618290939999898
        }
      },
      {
        "reactor_utilization": {
          "shard": "15",
          "value": 31.081671460000226
        }
      }
    ]
  },
  {
    "metrics": [
      {
        "reactor_utilization": {
          "shard": "0",
          "value": 0.069410380000056726
        }
      },
      {
        "reactor_utilization": {
          "shard": "1",
          "value": 0.021915539999972644
        }
      },
      {
        "reactor_utilization": {
          "shard": "2",
          "value": 0.023466719999953867
        }
      },
      {
        "reactor_utilization": {
          "shard": "3",
          "value": 0.019550199999995854
        }
      },
      {
        "reactor_utilization": {
          "shard": "4",
          "value": 0.0126244600001435
        }
      },
      {
        "reactor_utilization": {
          "shard": "5",
          "value": 0.020133919999898442
        }
      },
      {
        "reactor_utilization": {
          "shard": "6",
          "value": 0.015343839999926168
        }
      },
      {
        "reactor_utilization": {
          "shard": "7",
          "value": 0.025597800000021209
        }
      },
      {
        "reactor_utilization": {
          "shard": "8",
          "value": 0.021113600000055577
        }
      },
      {
        "reactor_utilization": {
          "shard": "9",
          "value": 0.024871140000060077
        }
      },
      {
        "reactor_utilization": {
          "shard": "10",
          "value": 0.013289700000185256
        }
      },
      {
        "reactor_utilization": {
          "shard": "11",
          "value": 0.02408093999995975
        }
      },
      {
        "reactor_utilization": {
          "shard": "12",
          "value": 0.024950839999926533
        }
      },
      {
        "reactor_utilization": {
          "shard": "13",
          "value": 0.024508400000033959
        }
      },
      {
        "reactor_utilization": {
          "shard": "14",
          "value": 0.026603659999890894
        }
      },
      {
        "reactor_utilization": {
          "shard": "15",
          "value": 0.022738360000218449
        }
      }
    ]
  },
  {
    "metrics": [
      {
        "reactor_utilization": {
          "shard": "0",
          "value": 0.11188214000006358
        }
      },
      {
        "reactor_utilization": {
          "shard": "1",
          "value": 0.03717601999999598
        }
      },
      {
        "reactor_utilization": {
          "shard": "2",
          "value": 0.035124899999949832
        }
      },
      {
        "reactor_utilization": {
          "shard": "3",
          "value": 0.028827620000004828
        }
      },
      {
        "reactor_utilization": {
          "shard": "4",
          "value": 0.034596560000155208
        }
      },
      {
        "reactor_utilization": {
          "shard": "5",
          "value": 0.030854999999907484
        }
      },
      {
        "reactor_utilization": {
          "shard": "6",
          "value": 0.037121119999949936
        }
      },
      {
        "reactor_utilization": {
          "shard": "7",
          "value": 0.03658790000000689
        }
      },
      {
        "reactor_utilization": {
          "shard": "8",
          "value": 0.025665500000049413
        }
      },
      {
        "reactor_utilization": {
          "shard": "9",
          "value": 0.035027480000071609
        }
      },
      {
        "reactor_utilization": {
          "shard": "10",
          "value": 0.04772354000016632
        }
      },
      {
        "reactor_utilization": {
          "shard": "11",
          "value": 0.036851559999950823
        }
      },
      {
        "reactor_utilization": {
          "shard": "12",
          "value": 0.035218739999942628
        }
      },
      {
        "reactor_utilization": {
          "shard": "13",
          "value": 0.0377691400000435
        }
      },
      {
        "reactor_utilization": {
          "shard": "14",
          "value": 0.027750219999900239
        }
      },
      {
        "reactor_utilization": {
          "shard": "15",
          "value": 0.041571140000218332
        }
      }
    ]
  },
  {
    "metrics": [
      {
        "reactor_utilization": {
          "shard": "0",
          "value": 0.11488472000006356
        }
      },
      {
        "reactor_utilization": {
          "shard": "1",
          "value": 0.035382500000014083
        }
      },
      {
        "reactor_utilization": {
          "shard": "2",
          "value": 0.034122499999955647
        }
      },
      {
        "reactor_utilization": {
          "shard": "3",
          "value": 0.031517320000018501
        }
      },
      {
        "reactor_utilization": {
          "shard": "4",
          "value": 0.029304820000164433
        }
      },
      {
        "reactor_utilization": {
          "shard": "5",
          "value": 0.026783899999904826
        }
      },
      {
        "reactor_utilization": {
          "shard": "6",
          "value": 0.035665239999937981
        }
      },
      {
        "reactor_utilization": {
          "shard": "7",
          "value": 0.034022860000015864
        }
      },
      {
        "reactor_utilization": {
          "shard": "8",
          "value": 0.031742340000051605
        }
      },
      {
        "reactor_utilization": {
          "shard": "9",
          "value": 0.036073840000083734
        }
      },
      {
        "reactor_utilization": {
          "shard": "10",
          "value": 0.044866340000182525
        }
      },
      {
        "reactor_utilization": {
          "shard": "11",
          "value": 0.026699319999945459
        }
      },
      {
        "reactor_utilization": {
          "shard": "12",
          "value": 0.032891219999942045
        }
      },
      {
        "reactor_utilization": {
          "shard": "13",
          "value": 0.034886160000024979
        }
      },
      {
        "reactor_utilization": {
          "shard": "14",
          "value": 0.035081479999887755
        }
      },
      {
        "reactor_utilization": {
          "shard": "15",
          "value": 0.035293660000212945
        }
      }
    ]
  },
  {
    "metrics": [
      {
        "reactor_utilization": {
          "shard": "0",
          "value": 0.072747340000067773
        }
      },
      {
        "reactor_utilization": {
          "shard": "1",
          "value": 0.020400879999993293
        }
      },
      {
        "reactor_utilization": {
          "shard": "2",
          "value": 0.016934679999947022
        }
      },
      {
        "reactor_utilization": {
          "shard": "3",
          "value": 0.0203474999999953
        }
      },
      {
        "reactor_utilization": {
          "shard": "4",
          "value": 0.016425520000173943
        }
      },
      {
        "reactor_utilization": {
          "shard": "5",
          "value": 0.018466939999894905
        }
      },
      {
        "reactor_utilization": {
          "shard": "6",
          "value": 0.016662739999939724
        }
      },
      {
        "reactor_utilization": {
          "shard": "7",
          "value": 0.018050340000008713
        }
      },
      {
        "reactor_utilization": {
          "shard": "8",
          "value": 0.01719476000007214
        }
      },
      {
        "reactor_utilization": {
          "shard": "9",
          "value": 0.014235760000080866
        }
      },
      {
        "reactor_utilization": {
          "shard": "10",
          "value": 0.028513600000179551
        }
      },
      {
        "reactor_utilization": {
          "shard": "11",
          "value": 0.020712099999953271
        }
      },
      {
        "reactor_utilization": {
          "shard": "12",
          "value": 0.0197070999999438
        }
      },
      {
        "reactor_utilization": {
          "shard": "13",
          "value": 0.014238360000007333
        }
      },
      {
        "reactor_utilization": {
          "shard": "14",
          "value": 0.019798679999871727
        }
      },
      {
        "reactor_utilization": {
          "shard": "15",
          "value": 0.019205560000223887
        }
      }
    ]
  },
  {
    "metrics": [
      {
        "reactor_utilization": {
          "shard": "0",
          "value": 0.10413640000006552
        }
      },
      {
        "reactor_utilization": {
          "shard": "1",
          "value": 0.033606860000001681
        }
      },
      {
        "reactor_utilization": {
          "shard": "2",
          "value": 0.031666779999939276
        }
      },
      {
        "reactor_utilization": {
          "shard": "3",
          "value": 0.024611119999984332
        }
      },
      {
        "reactor_utilization": {
          "shard": "4",
          "value": 0.029636400000176977
        }
      },
      {
        "reactor_utilization": {
          "shard": "5",
          "value": 0.028117339999900182
        }
      },
      {
        "reactor_utilization": {
          "shard": "6",
          "value": 0.032134259999949677
        }
      },
      {
        "reactor_utilization": {
          "shard": "7",
          "value": 0.027621140000000377
        }
      },
      {
        "reactor_utilization": {
          "shard": "8",
          "value": 0.0311266400000898
        }
      },
      {
        "reactor_utilization": {
          "shard": "9",
          "value": 0.038138020000089146
        }
      },
      {
        "reactor_utilization": {
          "shard": "10",
          "value": 0.048276000000191388
        }
      },
      {
        "reactor_utilization": {
          "shard": "11",
          "value": 0.031991799999953052
        }
      },
      {
        "reactor_utilization": {
          "shard": "12",
          "value": 0.036094699999944524
        }
      },
      {
        "reactor_utilization": {
          "shard": "13",
          "value": 0.034190500000019775
        }
      },
      {
        "reactor_utilization": {
          "shard": "14",
          "value": 0.031703839999863703
        }
      },
      {
        "reactor_utilization": {
          "shard": "15",
          "value": 0.031283160000228349
        }
      }
    ]
  },
  {
    "metrics": [
      {
        "reactor_utilization": {
          "shard": "0",
          "value": 0.071047320000061642
        }
      },
      {
        "reactor_utilization": {
          "shard": "1",
          "value": 0.018039019999993577
        }
      },
      {
        "reactor_utilization": {
          "shard": "2",
          "value": 0.021421539999932904
        }
      },
      {
        "reactor_utilization": {
          "shard": "3",
          "value": 0.033844339999977713
        }
      },
      {
        "reactor_utilization": {
          "shard": "4",
          "value": 0.030334280000166025
        }
      },
      {
        "reactor_utilization": {
          "shard": "5",
          "value": 0.01931285999989818
        }
      },
      {
        "reactor_utilization": {
          "shard": "6",
          "value": 0.017205699999922608
        }
      },
      {
        "reactor_utilization": {
          "shard": "7",
          "value": 0.025720359999992226
        }
      },
      {
        "reactor_utilization": {
          "shard": "8",
          "value": 0.034649560000077351
        }
      },
      {
        "reactor_utilization": {
          "shard": "9",
          "value": 0.035072640000088917
        }
      },
      {
        "reactor_utilization": {
          "shard": "10",
          "value": 0.035870980000207719
        }
      },
      {
        "reactor_utilization": {
          "shard": "11",
          "value": 0.030966959999956245
        }
      },
      {
        "reactor_utilization": {
          "shard": "12",
          "value": 0.030392199999962344
        }
      },
      {
        "reactor_utilization": {
          "shard": "13",
          "value": 0.03714628000002218
        }
      },
      {
        "reactor_utilization": {
          "shard": "14",
          "value": 0.032189799999837732
        }
      },
      {
        "reactor_utilization": {
          "shard": "15",
          "value": 0.03588626000021744
        }
      }
    ]
  },
  {
    "metrics": [
      {
        "reactor_utilization": {
          "shard": "0",
          "value": 0.10897568000006741
        }
      },
      {
        "reactor_utilization": {
          "shard": "1",
          "value": 0.035545720000007552
        }
      },
      {
        "reactor_utilization": {
          "shard": "2",
          "value": 0.027635499999933977
        }
      },
      {
        "reactor_utilization": {
          "shard": "3",
          "value": 0.020797239999970074
        }
      },
      {
        "reactor_utilization": {
          "shard": "4",
          "value": 0.030522660000176227
        }
      },
      {
        "reactor_utilization": {
          "shard": "5",
          "value": 0.03451629999990935
        }
      },
      {
        "reactor_utilization": {
          "shard": "6",
          "value": 0.034588819999936682
        }
      },
      {
        "reactor_utilization": {
          "shard": "7",
          "value": 0.030540339999995947
        }
      },
      {
        "reactor_utilization": {
          "shard": "8",
          "value": 0.018727080000080498
        }
      },
      {
        "reactor_utilization": {
          "shard": "9",
          "value": 0.021325620000089973
        }
      },
      {
        "reactor_utilization": {
          "shard": "10",
          "value": 0.050233860000203912
        }
      },
      {
        "reactor_utilization": {
          "shard": "11",
          "value": 0.022578239999959671
        }
      },
      {
        "reactor_utilization": {
          "shard": "12",
          "value": 0.021759119999953391
        }
      },
      {
        "reactor_utilization": {
          "shard": "13",
          "value": 0.02484096000003877
        }
      },
      {
        "reactor_utilization": {
          "shard": "14",
          "value": 0.020413739999847191
        }
      },
      {
        "reactor_utilization": {
          "shard": "15",
          "value": 0.023723980000200928
        }
      }
    ]
  },
  {
    "metrics": [
      {
        "reactor_utilization": {
          "shard": "0",
          "value": 0.086119300000087051
        }
      },
      {
        "reactor_utilization": {
          "shard": "1",
          "value": 0.036188800000014343
        }
      },
      {
        "reactor_utilization": {
          "shard": "2",
          "value": 0.031512859999938136
        }
      },
      {
        "reactor_utilization": {
          "shard": "3",
          "value": 0.035498419999968611
        }
      },
      {
        "reactor_utilization": {
          "shard": "4",
          "value": 0.03128264000016312
        }
      },
      {
        "reactor_utilization": {
          "shard": "5",
          "value": 0.029625519999898486
        }
      },
      {
        "reactor_utilization": {
          "shard": "6",
          "value": 0.035552079999945363
        }
      },
      {
        "reactor_utilization": {
          "shard": "7",
          "value": 0.03367272000001087
        }
      },
      {
        "reactor_utilization": {
          "shard": "8",
          "value": 0.033032500000074183
        }
      },
      {
        "reactor_utilization": {
          "shard": "9",
          "value": 0.036762580000104794
        }
      },
      {
        "reactor_utilization": {
          "shard": "10",
          "value": 0.052877100000203736
        }
      },
      {
        "reactor_utilization": {
          "shard": "11",
          "value": 0.030801079999953629
        }
      },
      {
        "reactor_utilization": {
          "shard": "12",
          "value": 0.032801319999953282
        }
      },
      {
        "reactor_utilization": {
          "shard": "13",
          "value": 0.035295280000036122
        }
      },
      {
        "reactor_utilization": {
          "shard": "14",
          "value": 0.037367499999851894
        }
      },
      {
        "reactor_utilization": {
          "shard": "15",
          "value": 0.032090860000222321
        }
      }
    ]
  },
  {
    "metrics": [
      {
        "reactor_utilization": {
          "shard": "0",
          "value": 0.080421220000093108
        }
      },
      {
        "reactor_utilization": {
          "shard": "1",
          "value": 0.021701860000011841
        }
      },
      {
        "reactor_utilization": {
          "shard": "2",
          "value": 0.013238499999945752
        }
      },
      {
        "reactor_utilization": {
          "shard": "3",
          "value": 0.018223879999967885
        }
      },
      {
        "reactor_utilization": {
          "shard": "4",
          "value": 0.016147280000167186
        }
      },
      {
        "reactor_utilization": {
          "shard": "5",
          "value": 0.016357559999913285
        }
      },
      {
        "reactor_utilization": {
          "shard": "6",
          "value": 0.015954379999949531
        }
      },
      {
        "reactor_utilization": {
          "shard": "7",
          "value": 0.014464560000004845
        }
      },
      {
        "reactor_utilization": {
          "shard": "8",
          "value": 0.018426600000087667
        }
      },
      {
        "reactor_utilization": {
          "shard": "9",
          "value": 0.019848840000102896
        }
      },
      {
        "reactor_utilization": {
          "shard": "10",
          "value": 0.032433160000211458
        }
      },
      {
        "reactor_utilization": {
          "shard": "11",
          "value": 0.019027559999951205
        }
      },
      {
        "reactor_utilization": {
          "shard": "12",
          "value": 0.016154539999946316
        }
      },
      {
        "reactor_utilization": {
          "shard": "13",
          "value": 0.018998600000053045
        }
      },
      {
        "reactor_utilization": {
          "shard": "14",
          "value": 0.019523899999851491
        }
      },
      {
        "reactor_utilization": {
          "shard": "15",
          "value": 0.020254280000220337
        }
      }
    ]
  },
  {
    "metrics": [
      {
        "reactor_utilization": {
          "shard": "0",
          "value": 0.094445260000086684
        }
      },
      {
        "reactor_utilization": {
          "shard": "1",
          "value": 0.026865560000011168
        }
      },
      {
        "reactor_utilization": {
          "shard": "2",
          "value": 0.032082339999961462
        }
      },
      {
        "reactor_utilization": {
          "shard": "3",
          "value": 0.031798759999979165
        }
      },
      {
        "reactor_utilization": {
          "shard": "4",
          "value": 0.020382260000129104
        }
      },
      {
        "reactor_utilization": {
          "shard": "5",
          "value": 0.028047379999884825
        }
      },
      {
        "reactor_utilization": {
          "shard": "6",
          "value": 0.033950979999963771
        }
      },
      {
        "reactor_utilization": {
          "shard": "7",
          "value": 0.03445850000002304
        }
      },
      {
        "reactor_utilization": {
          "shard": "8",
          "value": 0.029630660000068421
        }
      },
      {
        "reactor_utilization": {
          "shard": "9",
          "value": 0.038533220000103174
        }
      },
      {
        "reactor_utilization": {
          "shard": "10",
          "value": 0.040056320000203538
        }
      },
      {
        "reactor_utilization": {
          "shard": "11",
          "value": 0.030568839999944863
        }
      },
      {
        "reactor_utilization": {
          "shard": "12",
          "value": 0.035160179999960128
        }
      },
      {
        "reactor_utilization": {
          "shard": "13",
          "value": 0.037444460000046753
        }
      },
      {
        "reactor_utilization": {
          "shard": "14",
          "value": 0.036711499999841912
        }
      },
      {
        "reactor_utilization": {
          "shard": "15",
          "value": 0.035298480000212074
        }
      }
    ]
  },
  {
    "metrics": [
      {
        "reactor_utilization": {
          "shard": "0",
          "value": 0.10947522000011034
        }
      },
      {
        "reactor_utilization": {
          "shard": "1",
          "value": 0.033742760000032845
        }
      },
      {
        "reactor_utilization": {
          "shard": "2",
          "value": 0.028582419999967357
        }
      },
      {
        "reactor_utilization": {
          "shard": "3",
          "value": 0.027406799999996068
        }
      },
      {
        "reactor_utilization": {
          "shard": "4",
          "value": 0.030202040000126829
        }
      },
      {
        "reactor_utilization": {
          "shard": "5",
          "value": 0.029325799999890823
        }
      },
      {
        "reactor_utilization": {
          "shard": "6",
          "value": 0.021581959999950051
        }
      },
      {
        "reactor_utilization": {
          "shard": "7",
          "value": 0.030757940000036843
        }
      },
      {
        "reactor_utilization": {
          "shard": "8",
          "value": 0.024257920000070321
        }
      },
      {
        "reactor_utilization": {
          "shard": "9",
          "value": 0.038227960000125627
        }
      },
      {
        "reactor_utilization": {
          "shard": "10",
          "value": 0.026450280000200888
        }
      },
      {
        "reactor_utilization": {
          "shard": "11",
          "value": 0.03113901999993729
        }
      },
      {
        "reactor_utilization": {
          "shard": "12",
          "value": 0.036949979999956195
        }
      },
      {
        "reactor_utilization": {
          "shard": "13",
          "value": 0.035278120000059587
        }
      },
      {
        "reactor_utilization": {
          "shard": "14",
          "value": 0.030838539999844539
        }
      },
      {
        "reactor_utilization": {
          "shard": "15",
          "value": 0.031232200000208543
        }
      }
    ]
  },
  {
    "metrics": [
      {
        "reactor_utilization": {
          "shard": "0",
          "value": 0.077672620000113213
        }
      },
      {
        "reactor_utilization": {
          "shard": "1",
          "value": 0.018141180000041945
        }
      },
      {
        "reactor_utilization": {
          "shard": "2",
          "value": 0.016209599999961188
        }
      },
      {
        "reactor_utilization": {
          "shard": "3",
          "value": 0.0165318799999703
        }
      },
      {
        "reactor_utilization": {
          "shard": "4",
          "value": 0.01914210000013572
        }
      },
      {
        "reactor_utilization": {
          "shard": "5",
          "value": 0.018562559999890649
        }
      },
      {
        "reactor_utilization": {
          "shard": "6",
          "value": 0.016821639999964333
        }
      },
      {
        "reactor_utilization": {
          "shard": "7",
          "value": 0.020510740000023731
        }
      },
      {
        "reactor_utilization": {
          "shard": "8",
          "value": 0.0182028400000811
        }
      },
      {
        "reactor_utilization": {
          "shard": "9",
          "value": 0.018920340000116997
        }
      },
      {
        "reactor_utilization": {
          "shard": "10",
          "value": 0.028528340000222308
        }
      },
      {
        "reactor_utilization": {
          "shard": "11",
          "value": 0.020254359999927196
        }
      },
      {
        "reactor_utilization": {
          "shard": "12",
          "value": 0.0172545599999685
        }
      },
      {
        "reactor_utilization": {
          "shard": "13",
          "value": 0.019155740000065258
        }
      },
      {
        "reactor_utilization": {
          "shard": "14",
          "value": 0.012406739999837324
        }
      },
      {
        "reactor_utilization": {
          "shard": "15",
          "value": 0.022011520000186913
        }
      }
    ]
  },
  {
    "metrics": [
      {
        "reactor_utilization": {
          "shard": "0",
          "value": 0.11105944000010526
        }
      },
      {
        "reactor_utilization": {
          "shard": "1",
          "value": 0.035630660000052217
        }
      },
      {
        "reactor_utilization": {
          "shard": "2",
          "value": 0.028509779999974505
        }
      },
      {
        "reactor_utilization": {
          "shard": "3",
          "value": 0.033022199999976909
        }
      },
      {
        "reactor_utilization": {
          "shard": "4",
          "value": 0.031807500000125
        }
      },
      {
        "reactor_utilization": {
          "shard": "5",
          "value": 0.031298559999892728
        }
      },
      {
        "reactor_utilization": {
          "shard": "6",
          "value": 0.031732119999949848
        }
      },
      {
        "reactor_utilization": {
          "shard": "7",
          "value": 0.034190880000029011
        }
      },
      {
        "reactor_utilization": {
          "shard": "8",
          "value": 0.028580800000077566
        }
      },
      {
        "reactor_utilization": {
          "shard": "9",
          "value": 0.039283760000108359
        }
      },
      {
        "reactor_utilization": {
          "shard": "10",
          "value": 0.050909560000222953
        }
      },
      {
        "reactor_utilization": {
          "shard": "11",
          "value": 0.026707819999916005
        }
      },
      {
        "reactor_utilization": {
          "shard": "12",
          "value": 0.040223959999952097
        }
      },
      {
        "reactor_utilization": {
          "shard": "13",
          "value": 0.029227040000079363
        }
      },
      {
        "reactor_utilization": {
          "shard": "14",
          "value": 0.033189999999827524
        }
      },
      {
        "reactor_utilization": {
          "shard": "15",
          "value": 0.037817720000177246
        }
      }
    ]
  },
  {
    "metrics": [
      {
        "reactor_utilization": {
          "shard": "0",
          "value": 0.11474482000011221
        }
      },
      {
        "reactor_utilization": {
          "shard": "1",
          "value": 0.031871960000029453
        }
      },
      {
        "reactor_utilization": {
          "shard": "2",
          "value": 0.031226519999938418
        }
      },
      {
        "reactor_utilization": {
          "shard": "3",
          "value": 0.037291019999963204
        }
      },
      {
        "reactor_utilization": {
          "shard": "4",
          "value": 0.036563240000131447
        }
      },
      {
        "reactor_utilization": {
          "shard": "5",
          "value": 0.034035039999902317
        }
      },
      {
        "reactor_utilization": {
          "shard": "6",
          "value": 0.034140779999936033
        }
      },
      {
        "reactor_utilization": {
          "shard": "7",
          "value": 0.03235610000003053
        }
      },
      {
        "reactor_utilization": {
          "shard": "8",
          "value": 0.030583640000081402
        }
      },
      {
        "reactor_utilization": {
          "shard": "9",
          "value": 0.025620900000100644
        }
      },
      {
        "reactor_utilization": {
          "shard": "10",
          "value": 0.046813440000204043
        }
      },
      {
        "reactor_utilization": {
          "shard": "11",
          "value": 0.030124039999912533
        }
      },
      {
        "reactor_utilization": {
          "shard": "12",
          "value": 0.039910139999932426
        }
      },
      {
        "reactor_utilization": {
          "shard": "13",
          "value": 0.036149840000065936
        }
      },
      {
        "reactor_utilization": {
          "shard": "14",
          "value": 0.033567819999835713
        }
      },
      {
        "reactor_utilization": {
          "shard": "15",
          "value": 0.033585800000168753
        }
      }
    ]
  },
  {
    "metrics": [
      {
        "reactor_utilization": {
          "shard": "0",
          "value": 0.071475440000123847
        }
      },
      {
        "reactor_utilization": {
          "shard": "1",
          "value": 0.019850700000034749
        }
      },
      {
        "reactor_utilization": {
          "shard": "2",
          "value": 0.019422559999959788
        }
      },
      {
        "reactor_utilization": {
          "shard": "3",
          "value": 0.016502719999966775
        }
      },
      {
        "reactor_utilization": {
          "shard": "4",
          "value": 0.018634320000132654
        }
      },
      {
        "reactor_utilization": {
          "shard": "5",
          "value": 0.017778979999893973
        }
      },
      {
        "reactor_utilization": {
          "shard": "6",
          "value": 0.015535279999923102
        }
      },
      {
        "reactor_utilization": {
          "shard": "7",
          "value": 0.018385280000021709
        }
      },
      {
        "reactor_utilization": {
          "shard": "8",
          "value": 0.018433060000078161
        }
      },
      {
        "reactor_utilization": {
          "shard": "9",
          "value": 0.02045614000010243
        }
      },
      {
        "reactor_utilization": {
          "shard": "10",
          "value": 0.029215400000204284
        }
      },
      {
        "reactor_utilization": {
          "shard": "11",
          "value": 0.018829399999908958
        }
      },
      {
        "reactor_utilization": {
          "shard": "12",
          "value": 0.01372673999991969
        }
      },
      {
        "reactor_utilization": {
          "shard": "13",
          "value": 0.019783900000069909
        }
      },
      {
        "reactor_utilization": {
          "shard": "14",
          "value": 0.020538079999843362
        }
      },
      {
        "reactor_utilization": {
          "shard": "15",
          "value": 0.013734000000154012
        }
      }
    ]
  },
  {
    "metrics": [
      {
        "reactor_utilization": {
          "shard": "0",
          "value": 0.11193770000013092
        }
      },
      {
        "reactor_utilization": {
          "shard": "1",
          "value": 0.037324060000032411
        }
      },
      {
        "reactor_utilization": {
          "shard": "2",
          "value": 0.029446099999952402
        }
      },
      {
        "reactor_utilization": {
          "shard": "3",
          "value": 0.031184699999964316
        }
      },
      {
        "reactor_utilization": {
          "shard": "4",
          "value": 0.027437780000139078
        }
      },
      {
        "reactor_utilization": {
          "shard": "5",
          "value": 0.033338379999880985
        }
      },
      {
        "reactor_utilization": {
          "shard": "6",
          "value": 0.031966439999930873
        }
      },
      {
        "reactor_utilization": {
          "shard": "7",
          "value": 0.032648740000018606
        }
      },
      {
        "reactor_utilization": {
          "shard": "8",
          "value": 0.031670480000078882
        }
      },
      {
        "reactor_utilization": {
          "shard": "9",
          "value": 0.038981680000105268
        }
      },
      {
        "reactor_utilization": {
          "shard": "10",
          "value": 0.04632654000020775
        }
      },
      {
        "reactor_utilization": {
          "shard": "11",
          "value": 0.031223099999921899
        }
      },
      {
        "reactor_utilization": {
          "shard": "12",
          "value": 0.035100879999927503
        }
      },
      {
        "reactor_utilization": {
          "shard": "13",
          "value": 0.037608420000068143
        }
      },
      {
        "reactor_utilization": {
          "shard": "14",
          "value": 0.032118259999847076
        }
      },
      {
        "reactor_utilization": {
          "shard": "15",
          "value": 0.03762236000015573
        }
      }
    ]
  },
  {
    "metrics": [
      {
        "reactor_utilization": {
          "shard": "0",
          "value": 0.084482040000111169
        }
      },
      {
        "reactor_utilization": {
          "shard": "1",
          "value": 0.017799660000050732
        }
      },
      {
        "reactor_utilization": {
          "shard": "2",
          "value": 0.017252299999959142
        }
      },
      {
        "reactor_utilization": {
          "shard": "3",
          "value": 0.035941819999973923
        }
      },
      {
        "reactor_utilization": {
          "shard": "4",
          "value": 0.025821580000118249
        }
      },
      {
        "reactor_utilization": {
          "shard": "5",
          "value": 0.018860899999895153
        }
      },
      {
        "reactor_utilization": {
          "shard": "6",
          "value": 0.019601219999954012
        }
      },
      {
        "reactor_utilization": {
          "shard": "7",
          "value": 0.020024820000008603
        }
      },
      {
        "reactor_utilization": {
          "shard": "8",
          "value": 0.035537040000099829
        }
      },
      {
        "reactor_utilization": {
          "shard": "9",
          "value": 0.042491880000095072
        }
      },
      {
        "reactor_utilization": {
          "shard": "10",
          "value": 0.036290980000208695
        }
      },
      {
        "reactor_utilization": {
          "shard": "11",
          "value": 0.035919439999920755
        }
      },
      {
        "reactor_utilization": {
          "shard": "12",
          "value": 0.041054199999912555
        }
      },
      {
        "reactor_utilization": {
          "shard": "13",
          "value": 0.03675908000004835
        }
      },
      {
        "reactor_utilization": {
          "shard": "14",
          "value": 0.039808939999830262
        }
      },
      {
        "reactor_utilization": {
          "shard": "15",
          "value": 0.036670700000152046
        }
      }
    ]
  },
  {
    "metrics": [
      {
        "reactor_utilization": {
          "shard": "0",
          "value": 0.05363068000010518
        }
      },
      {
        "reactor_utilization": {
          "shard": "1",
          "value": 0.032400520000064326
        }
      },
      {
        "reactor_utilization": {
          "shard": "2",
          "value": 0.034338059999972081
        }
      },
      {
        "reactor_utilization": {
          "shard": "3",
          "value": 0.018298439999986371
        }
      },
      {
        "reactor_utilization": {
          "shard": "4",
          "value": 0.026755680000112303
        }
      },
      {
        "reactor_utilization": {
          "shard": "5",
          "value": 0.027002999999869992
        }
      },
      {
        "reactor_utilization": {
          "shard": "6",
          "value": 0.02844985999993499
        }
      },
      {
        "reactor_utilization": {
          "shard": "7",
          "value": 0.035185360000022925
        }
      },
      {
        "reactor_utilization": {
          "shard": "8",
          "value": 0.018332220000105703
        }
      },
      {
        "reactor_utilization": {
          "shard": "9",
          "value": 0.020886860000079999
        }
      },
      {
        "reactor_utilization": {
          "shard": "10",
          "value": 0.038739800000198166
        }
      },
      {
        "reactor_utilization": {
          "shard": "11",
          "value": 0.019801979999922725
        }
      },
      {
        "reactor_utilization": {
          "shard": "12",
          "value": 0.015479899999903957
        }
      },
      {
        "reactor_utilization": {
          "shard": "13",
          "value": 0.020693540000049637
        }
      },
      {
        "reactor_utilization": {
          "shard": "14",
          "value": 0.018670739999815389
        }
      },
      {
        "reactor_utilization": {
          "shard": "15",
          "value": 0.019762480000162785
        }
      }
    ]
  },
  {
    "metrics": [
      {
        "reactor_utilization": {
          "shard": "0",
          "value": 0.098177440000113414
        }
      },
      {
        "reactor_utilization": {
          "shard": "1",
          "value": 0.031294920000068949
        }
      },
      {
        "reactor_utilization": {
          "shard": "2",
          "value": 0.028053639999980895
        }
      },
      {
        "reactor_utilization": {
          "shard": "3",
          "value": 0.035014659999965669
        }
      },
      {
        "reactor_utilization": {
          "shard": "4",
          "value": 0.032533080000118897
        }
      },
      {
        "reactor_utilization": {
          "shard": "5",
          "value": 0.026046439999882764
        }
      },
      {
        "reactor_utilization": {
          "shard": "6",
          "value": 0.034727679999924099
        }
      },
      {
        "reactor_utilization": {
          "shard": "7",
          "value": 0.028188960000041785
        }
      },
      {
        "reactor_utilization": {
          "shard": "8",
          "value": 0.028471620000103393
        }
      },
      {
        "reactor_utilization": {
          "shard": "9",
          "value": 0.036578700000089448
        }
      },
      {
        "reactor_utilization": {
          "shard": "10",
          "value": 0.043522700000209191
        }
      },
      {
        "reactor_utilization": {
          "shard": "11",
          "value": 0.031665719999929287
        }
      },
      {
        "reactor_utilization": {
          "shard": "12",
          "value": 0.03296751999990466
        }
      },
      {
        "reactor_utilization": {
          "shard": "13",
          "value": 0.034454980000031554
        }
      },
      {
        "reactor_utilization": {
          "shard": "14",
          "value": 0.03380379999982086
        }
      },
      {
        "reactor_utilization": {
          "shard": "15",
          "value": 0.036999440000151651
        }
      }
    ]
  },
  {
    "metrics": [
      {
        "reactor_utilization": {
          "shard": "0",
          "value": 0.075966840000107894
        }
      },
      {
        "reactor_utilization": {
          "shard": "1",
          "value": 0.01256230000008518
        }
      },
      {
        "reactor_utilization": {
          "shard": "2",
          "value": 0.017081639999994014
        }
      },
      {
        "reactor_utilization": {
          "shard": "3",
          "value": 0.019791839999971916
        }
      },
      {
        "reactor_utilization": {
          "shard": "4",
          "value": 0.019282420000132916
        }
      },
      {
        "reactor_utilization": {
          "shard": "5",
          "value": 0.018612339999890537
        }
      },
      {
        "reactor_utilization": {
          "shard": "6",
          "value": 0.011535019999941998
        }
      },
      {
        "reactor_utilization": {
          "shard": "7",
          "value": 0.020656280000030947
        }
      },
      {
        "reactor_utilization": {
          "shard": "8",
          "value": 0.016060840000087229
        }
      },
      {
        "reactor_utilization": {
          "shard": "9",
          "value": 0.020168000000120312
        }
      },
      {
        "reactor_utilization": {
          "shard": "10",
          "value": 0.031812920000207079
        }
      },
      {
        "reactor_utilization": {
          "shard": "11",
          "value": 0.019643239999922457
        }
      },
      {
        "reactor_utilization": {
          "shard": "12",
          "value": 0.017612259999910673
        }
      },
      {
        "reactor_utilization": {
          "shard": "13",
          "value": 0.023028360000032499
        }
      },
      {
        "reactor_utilization": {
          "shard": "14",
          "value": 0.020583959999820323
        }
      },
      {
        "reactor_utilization": {
          "shard": "15",
          "value": 0.022048920000161676
        }
      }
    ]
  },
  {
    "metrics": [
      {
        "reactor_utilization": {
          "shard": "0",
          "value": 0.098070160000118811
        }
      },
      {
        "reactor_utilization": {
          "shard": "1",
          "value": 0.031870580000081805
        }
      },
      {
        "reactor_utilization": {
          "shard": "2",
          "value": 0.029393419999990122
        }
      },
      {
        "reactor_utilization": {
          "shard": "3",
          "value": 0.012335459999945897
        }
      },
      {
        "reactor_utilization": {
          "shard": "4",
          "value": 0.022683920000132751
        }
      },
      {
        "reactor_utilization": {
          "shard": "5",
          "value": 0.029236999999882052
        }
      },
      {
        "reactor_utilization": {
          "shard": "6",
          "value": 0.031868699999915151
        }
      },
      {
        "reactor_utilization": {
          "shard": "7",
          "value": 0.028850040000027999
        }
      },
      {
        "reactor_utilization": {
          "shard": "8",
          "value": 0.011957420000074936
        }
      },
      {
        "reactor_utilization": {
          "shard": "9",
          "value": 0.037611840000106866
        }
      },
      {
        "reactor_utilization": {
          "shard": "10",
          "value": 0.028027160000210216
        }
      },
      {
        "reactor_utilization": {
          "shard": "11",
          "value": 0.030766599999942912
        }
      },
      {
        "reactor_utilization": {
          "shard": "12",
          "value": 0.035147239999921975
        }
      },
      {
        "reactor_utilization": {
          "shard": "13",
          "value": 0.036713960000023249
        }
      },
      {
        "reactor_utilization": {
          "shard": "14",
          "value": 0.016098299999833809
        }
      },
      {
        "reactor_utilization": {
          "shard": "15",
          "value": 0.035566340000170449
        }
      }
    ]
  },
  {
    "metrics": [
      {
        "reactor_utilization": {
          "shard": "0",
          "value": 0.098221840000134453
        }
      },
      {
        "reactor_utilization": {
          "shard": "1",
          "value": 0.03578502000007866
        }
      },
      {
        "reactor_utilization": {
          "shard": "2",
          "value": 0.031650939999994243
        }
      },
      {
        "reactor_utilization": {
          "shard": "3",
          "value": 0.032736159999957604
        }
      },
      {
        "reactor_utilization": {
          "shard": "4",
          "value": 0.033833240000147313
        }
      },
      {
        "reactor_utilization": {
          "shard": "5",
          "value": 0.030019879999887422
        }
      },
      {
        "reactor_utilization": {
          "shard": "6",
          "value": 0.030327159999898878
        }
      },
      {
        "reactor_utilization": {
          "shard": "7",
          "value": 0.032524740000061669
        }
      },
      {
        "reactor_utilization": {
          "shard": "8",
          "value": 0.029095060000061679
        }
      },
      {
        "reactor_utilization": {
          "shard": "9",
          "value": 0.039051420000113524
        }
      },
      {
        "reactor_utilization": {
          "shard": "10",
          "value": 0.043680420000236087
        }
      },
      {
        "reactor_utilization": {
          "shard": "11",
          "value": 0.028450659999956773
        }
      },
      {
        "reactor_utilization": {
          "shard": "12",
          "value": 0.038326799999921501
        }
      },
      {
        "reactor_utilization": {
          "shard": "13",
          "value": 0.037752300000037931
        }
      },
      {
        "reactor_utilization": {
          "shard": "14",
          "value": 0.032769959999823239
        }
      },
      {
        "reactor_utilization": {
          "shard": "15",
          "value": 0.032975700000148489
        }
      }
    ]
  }
]
