[
  {
    "metrics": [
      {
        "reactor_utilization": {
          "shard": "0",
          "value": 78.520049860000142
        }
      },
      {
        "reactor_utilization": {
          "shard": "1",
          "value": 86.000274459999943
        }
      },
      {
        "reactor_utilization": {
          "shard": "2",
          "value": 84.476036719999868
        }
      },
      {
        "reactor_utilization": {
          "shard": "3",
          "value": 79.582474119999986
        }
      },
      {
        "reactor_utilization": {
          "shard": "4",
          "value": 85.841664220000013
        }
      },
      {
        "reactor_utilization": {
          "shard": "5",
          "value": 91.835516219999917
        }
      },
      {
        "reactor_utilization": {
          "shard": "6",
          "value": 89.936903239999992
        }
      },
      {
        "reactor_utilization": {
          "shard": "7",
          "value": 87.844754080000001
        }
      },
      {
        "reactor_utilization": {
          "shard": "8",
          "value": 87.939426700000055
        }
      },
      {
        "reactor_utilization": {
          "shard": "9",
          "value": 85.346487020000055
        }
      },
      {
        "reactor_utilization": {
          "shard": "10",
          "value": 93.486278020000228
        }
      },
      {
        "reactor_utilization": {
          "shard": "11",
          "value": 94.321788079999948
        }
      },
      {
        "reactor_utilization": {
          "shard": "12",
          "value": 90.971081939999948
        }
      },
      {
        "reactor_utilization": {
          "shard": "13",
          "value": 99.998546040000022
        }
      },
      {
        "reactor_utilization": {
          "shard": "14",
          "value": 90.819131339999871
        }
      },
      {
        "reactor_utilization": {
          "shard": "15",
          "value": 89.966562580000272
        }
      }
    ]
  },
  {
    "metrics": [
      {
        "reactor_utilization": {
          "shard": "0",
          "value": 15.16104260000014
        }
      },
      {
        "reactor_utilization": {
          "shard": "1",
          "value": 15.81258949999993
        }
      },
      {
        "reactor_utilization": {
          "shard": "2",
          "value": 15.20654405999986
        }
      },
      {
        "reactor_utilization": {
          "shard": "3",
          "value": 25.605413760000005
        }
      },
      {
        "reactor_utilization": {
          "shard": "4",
          "value": 12.732885160000018
        }
      },
      {
        "reactor_utilization": {
          "shard": "5",
          "value": 16.355794839999895
        }
      },
      {
        "reactor_utilization": {
          "shard": "6",
          "value": 12.706599819999997
        }
      },
      {
        "reactor_utilization": {
          "shard": "7",
          "value": 17.809027379999996
        }
      },
      {
        "reactor_utilization": {
          "shard": "8",
          "value": 28.701145300000054
        }
      },
      {
        "reactor_utilization": {
          "shard": "9",
          "value": 23.387300840000059
        }
      },
      {
        "reactor_utilization": {
          "shard": "10",
          "value": 13.263567600000226
        }
      },
      {
        "reactor_utilization": {
          "shard": "11",
          "value": 27.928908619999948
        }
      },
      {
        "reactor_utilization": {
          "shard": "12",
          "value": 23.259254439999943
        }
      },
      {
        "reactor_utilization": {
          "shard": "13",
          "value": 34.874593920000031
        }
      },
      {
        "reactor_utilization": {
          "shard": "14",
          "value": 29.523025479999877
        }
      },
      {
        "reactor_utilization": {
          "shard": "15",
          "value": 22.704717920000263
        }
      }
    ]
  },
  {
    "metrics": [
      {
        "reactor_utilization": {
          "shard": "0",
          "value": 0.10433934000011469
        }
      },
      {
        "reactor_utilization": {
          "shard": "1",
          "value": 0.037119939999952223
        }
      },
      {
        "reactor_utilization": {
          "shard": "2",
          "value": 0.039806179999879454
        }
      },
      {
        "reactor_utilization": {
          "shard": "3",
          "value": 0.016596420000003498
        }
      },
      {
        "reactor_utilization": {
          "shard": "4",
          "value": 0.037404540000030018
        }
      },
      {
        "reactor_utilization": {
          "shard": "5",
          "value": 0.034187619999914709
        }
      },
      {
        "reactor_utilization": {
          "shard": "6",
          "value": 0.031384879999996063
        }
      },
      {
        "reactor_utilization": {
          "shard": "7",
          "value": 0.032581419999999639
        }
      },
      {
        "reactor_utilization": {
          "shard": "8",
          "value": 0.012153280000082312
        }
      },
      {
        "reactor_utilization": {
          "shard": "9",
          "value": 0.03532450000003351
        }
      },
      {
        "reactor_utilization": {
          "shard": "10",
          "value": 0.032392860000218793
        }
      },
      {
        "reactor_utilization": {
          "shard": "11",
          "value": 0.038497459999953243
        }
      },
      {
        "reactor_utilization": {
          "shard": "12",
          "value": 0.04208939999995609
        }
      },
      {
        "reactor_utilization": {
          "shard": "13",
          "value": 0.036227000000033094
        }
      },
      {
        "reactor_utilization": {
          "shard": "14",
          "value": 0.017828719999868348
        }
      },
      {
        "reactor_utilization": {
          "shard": "15",
          "value": 0.045826500000267778
        }
      }
    ]
  },
  {
    "metrics": [
      {
        "reactor_utilization": {
          "shard": "0",
          "value": 0.11716580000011856
        }
      },
      {
        "reactor_utilization": {
          "shard": "1",
          "value": 0.037491159999947232
        }
      },
      {
        "reactor_utilization": {
          "shard": "2",
          "value": 0.031455939999869287
        }
      },
      {
        "reactor_utilization": {
          "shard": "3",
          "value": 0.032772960000027052
        }
      },
      {
        "reactor_utilization": {
          "shard": "4",
          "value": 0.031311740000028454
        }
      },
      {
        "reactor_utilization": {
          "shard": "5",
          "value": 0.029122519999913443
        }
      },
      {
        "reactor_utilization": {
          "shard": "6",
          "value": 0.035602679999990894
        }
      },
      {
        "reactor_utilization": {
          "shard": "7",
          "value": 0.033568520000004654
        }
      },
      {
        "reactor_utilization": {
          "shard": "8",
          "value": 0.035576940000081603
        }
      },
      {
        "reactor_utilization": {
          "shard": "9",
          "value": 0.033568600000044579
        }
      },
      {
        "reactor_utilization": {
          "shard": "10",
          "value": 0.036065700000231793
        }
      },
      {
        "reactor_utilization": {
          "shard": "11",
          "value": 0.029231239999960579
        }
      },
      {
        "reactor_utilization": {
          "shard": "12",
          "value": 0.036048579999936603
        }
      },
      {
        "reactor_utilization": {
          "shard": "13",
          "value": 0.027296220000028182
        }
      },
      {
        "reactor_utilization": {
          "shard": "14",
          "value": 0.044701139999880901
        }
      },
      {
        "reactor_utilization": {
          "shard": "15",
          "value": 0.041564300000274113
        }
      }
    ]
  },
  {
    "metrics": [
      {
        "reactor_utilization": {
          "shard": "0",
          "value": 0.07948624000011506
        }
      },
      {
        "reactor_utilization": {
          "shard": "1",
          "value": 0.018862959999965678
        }
      },
      {
        "reactor_utilization": {
          "shard": "2",
          "value": 0.021011139999860262
        }
      },
      {
        "reactor_utilization": {
          "shard": "3",
          "value": 0.016317200000026677
        }
      },
      {
        "reactor_utilization": {
          "shard": "4",
          "value": 0.020917980000012548
        }
      },
      {
        "reactor_utilization": {
          "shard": "5",
          "value": 0.018683479999914709
        }
      },
      {
        "reactor_utilization": {
          "shard": "6",
          "value": 0.016662499999997582
        }
      },
      {
        "reactor_utilization": {
          "shard": "7",
          "value": 0.017915439999993676
        }
      },
      {
        "reactor_utilization": {
          "shard": "8",
          "value": 0.022385020000081912
        }
      },
      {
        "reactor_utilization": {
          "shard": "9",
          "value": 0.011113880000057641
        }
      },
      {
        "reactor_utilization": {
          "shard": "10",
          "value": 0.019312860000220144
        }
      },
      {
        "reactor_utilization": {
          "shard": "11",
          "value": 0.021054759999961092
        }
      },
      {
        "reactor_utilization": {
          "shard": "12",
          "value": 0.019437899999952268
        }
      },
      {
        "reactor_utilization": {
          "shard": "13",
          "value": 0.017214140000010314
        }
      },
      {
        "reactor_utilization": {
          "shard": "14",
          "value": 0.024839699999890108
        }
      },
      {
        "reactor_utilization": {
          "shard": "15",
          "value": 0.026369820000271549
        }
      }
    ]
  },
  {
    "metrics": [
      {
        "reactor_utilization": {
          "shard": "0",
          "value": 0.10867840000012841
        }
      },
      {
        "reactor_utilization": {
          "shard": "1",
          "value": 0.035641419999954405
        }
      },
      {
        "reactor_utilization": {
          "shard": "2",
          "value": 0.031206659999871711
        }
      },
      {
        "reactor_utilization": {
          "shard": "3",
          "value": 0.031312140000039346
        }
      },
      {
        "reactor_utilization": {
          "shard": "4",
          "value": 0.034787980000028362
        }
      },
      {
        "reactor_utilization": {
          "shard": "5",
          "value": 0.030676839999932426
        }
      },
      {
        "reactor_utilization": {
          "shard": "6",
          "value": 0.02976391999998107
        }
      },
      {
        "reactor_utilization": {
          "shard": "7",
          "value": 0.032049619999985346
        }
      },
      {
        "reactor_utilization": {
          "shard": "8",
          "value": 0.033416960000098861
        }
      },
      {
        "reactor_utilization": {
          "shard": "9",
          "value": 0.034506500000053286
        }
      },
      {
        "reactor_utilization": {
          "shard": "10",
          "value": 0.0277928800002325
        }
      },
      {
        "reactor_utilization": {
          "shard": "11",
          "value": 0.03167113999997806
        }
      },
      {
        "reactor_utilization": {
          "shard": "12",
          "value": 0.024365399999959347
        }
      },
      {
        "reactor_utilization": {
          "shard": "13",
          "value": 0.037038640000008893
        }
      },
      {
        "reactor_utilization": {
          "shard": "14",
          "value": 0.040498819999879032
        }
      },
      {
        "reactor_utilization": {
          "shard": "15",
          "value": 0.036471280000271999
        }
      }
    ]
  },
  {
    "metrics": [
      {
        "reactor_utilization": {
          "shard": "0",
          "value": 0.11019668000011862
        }
      },
      {
        "reactor_utilization": {
          "shard": "1",
          "value": 0.029018259999957774
        }
      },
      {
        "reactor_utilization": {
          "shard": "2",
          "value": 0.030434519999844589
        }
      },
      {
        "reactor_utilization": {
          "shard": "3",
          "value": 0.033583740000020512
        }
      },
      {
        "reactor_utilization": {
          "shard": "4",
          "value": 0.028735900000032011
        }
      },
      {
        "reactor_utilization": {
          "shard": "5",
          "value": 0.028635679999955421
        }
      },
      {
        "reactor_utilization": {
          "shard": "6",
          "value": 0.030909679999957529
        }
      },
      {
        "reactor_utilization": {
          "shard": "7",
          "value": 0.030828539999971927
        }
      },
      {
        "reactor_utilization": {
          "shard": "8",
          "value": 0.03193454000010032
        }
      },
      {
        "reactor_utilization": {
          "shard": "9",
          "value": 0.031720460000039807
        }
      },
      {
        "reactor_utilization": {
          "shard": "10",
          "value": 0.025916920000224053
        }
      },
      {
        "reactor_utilization": {
          "shard": "11",
          "value": 0.031279139999984551
        }
      },
      {
        "reactor_utilization": {
          "shard": "12",
          "value": 0.03346315999995797
        }
      },
      {
        "reactor_utilization": {
          "shard": "13",
          "value": 0.031771600000007894
        }
      },
      {
        "reactor_utilization": {
          "shard": "14",
          "value": 0.041702879999871989
        }
      },
      {
        "reactor_utilization": {
          "shard": "15",
          "value": 0.037483080000266789
        }
      }
    ]
  },
  {
    "metrics": [
      {
        "reactor_utilization": {
          "shard": "0",
          "value": 0.097505480000092959
        }
      },
      {
        "reactor_utilization": {
          "shard": "1",
          "value": 0.023529599999960737
        }
      },
      {
        "reactor_utilization": {
          "shard": "2",
          "value": 0.019083639999850632
        }
      },
      {
        "reactor_utilization": {
          "shard": "3",
          "value": 0.01758840000003481
        }
      },
      {
        "reactor_utilization": {
          "shard": "4",
          "value": 0.018198260000024113
        }
      },
      {
        "reactor_utilization": {
          "shard": "5",
          "value": 0.019639239999968972
        }
      },
      {
        "reactor_utilization": {
          "shard": "6",
          "value": 0.016220519999965433
        }
      },
      {
        "reactor_utilization": {
          "shard": "7",
          "value": 0.019045099999970283
        }
      },
      {
        "reactor_utilization": {
          "shard": "8",
          "value": 0.018722020000105921
        }
      },
      {
        "reactor_utilization": {
          "shard": "9",
          "value": 0.020007800000043652
        }
      },
      {
        "reactor_utilization": {
          "shard": "10",
          "value": 0.018909240000219985
        }
      },
      {
        "reactor_utilization": {
          "shard": "11",
          "value": 0.020739119999979572
        }
      },
      {
        "reactor_utilization": {
          "shard": "12",
          "value": 0.020851939999988467
        }
      },
      {
        "reactor_utilization": {
          "shard": "13",
          "value": 0.021486820000027329
        }
      },
      {
        "reactor_utilization": {
          "shard": "14",
          "value": 0.027303759999863786
        }
      },
      {
        "reactor_utilization": {
          "shard": "15",
          "value": 0.027524480000273854
        }
      }
    ]
  },
  {
    "metrics": [
      {
        "reactor_utilization": {
          "shard": "0",
          "value": 0.089270520000073184
        }
      },
      {
        "reactor_utilization": {
          "shard": "1",
          "value": 0.036150879999952146
        }
      },
      {
        "reactor_utilization": {
          "shard": "2",
          "value": 0.034240719999856228
        }
      },
      {
        "reactor_utilization": {
          "shard": "3",
          "value": 0.034919280000034192
        }
      },
      {
        "reactor_utilization": {
          "shard": "4",
          "value": 0.029131940000037826
        }
      },
      {
        "reactor_utilization": {
          "shard": "5",
          "value": 0.031572199999951867
        }
      },
      {
        "reactor_utilization": {
          "shard": "6",
          "value": 0.035207979999962724
        }
      },
      {
        "reactor_utilization": {
          "shard": "7",
          "value": 0.031068399999978347
        }
      },
      {
        "reactor_utilization": {
          "shard": "8",
          "value": 0.029729620000107371
        }
      },
      {
        "reactor_utilization": {
          "shard": "9",
          "value": 0.037157560000022904
        }
      },
      {
        "reactor_utilization": {
          "shard": "10",
          "value": 0.033611020000223757
        }
      },
      {
        "reactor_utilization": {
          "shard": "11",
          "value": 0.032158699999962348
        }
      },
      {
        "reactor_utilization": {
          "shard": "12",
          "value": 0.036667479999985542
        }
      },
      {
        "reactor_utilization": {
          "shard": "13",
          "value": 0.034495120000022084
        }
      },
      {
        "reactor_utilization": {
          "shard": "14",
          "value": 0.038218439999848641
        }
      },
      {
        "reactor_utilization": {
          "shard": "15",
          "value": 0.046549580000254664
        }
      }
    ]
  },
  {
    "metrics": [
      {
        "reactor_utilization": {
          "shard": "0",
          "value": 0.11297682000006581
        }
      },
      {
        "reactor_utilization": {
          "shard": "1",
          "value": 0.018489859999948344
        }
      },
      {
        "reactor_utilization": {
          "shard": "2",
          "value": 0.025729599999857466
        }
      },
      {
        "reactor_utilization": {
          "shard": "3",
          "value": 0.032253840000051603
        }
      },
      {
        "reactor_utilization": {
          "shard": "4",
          "value": 0.018253800000045395
        }
      },
      {
        "reactor_utilization": {
          "shard": "5",
          "value": 0.025630239999951954
        }
      },
      {
        "reactor_utilization": {
          "shard": "6",
          "value": 0.018005759999950577
        }
      },
      {
        "reactor_utilization": {
          "shard": "7",
          "value": 0.024254159999959057
        }
      },
      {
        "reactor_utilization": {
          "shard": "8",
          "value": 0.031124460000087062
        }
      },
      {
        "reactor_utilization": {
          "shard": "9",
          "value": 0.036893460000020362
        }
      },
      {
        "reactor_utilization": {
          "shard": "10",
          "value": 0.020216660000227371
        }
      },
      {
        "reactor_utilization": {
          "shard": "11",
          "value": 0.03356197999995203
        }
      },
      {
        "reactor_utilization": {
          "shard": "12",
          "value": 0.037166459999959933
        }
      },
      {
        "reactor_utilization": {
          "shard": "13",
          "value": 0.033123080000030392
        }
      },
      {
        "reactor_utilization": {
          "shard": "14",
          "value": 0.0411226199998449
        }
      },
      {
        "reactor_utilization": {
          "shard": "15",
          "value": 0.039492340000235604
        }
      }
    ]
  },
  {
    "metrics": [
      {
        "reactor_utilization": {
          "shard": "0",
          "value": 0.09668772000006598
        }
      },
      {
        "reactor_utilization": {
          "shard": "1",
          "value": 0.015213359999943776
        }
      },
      {
        "reactor_utilization": {
          "shard": "2",
          "value": 0.017527539999850905
        }
      },
      {
        "reactor_utilization": {
          "shard": "3",
          "value": 0.018901220000044905
        }
      },
      {
        "reactor_utilization": {
          "shard": "4",
          "value": 0.013417540000049133
        }
      },
      {
        "reactor_utilization": {
          "shard": "5",
          "value": 0.020769279999943713
        }
      },
      {
        "reactor_utilization": {
          "shard": "6",
          "value": 0.012695779999938317
        }
      },
      {
        "reactor_utilization": {
          "shard": "7",
          "value": 0.017079139999964799
        }
      },
      {
        "reactor_utilization": {
          "shard": "8",
          "value": 0.021558420000089562
        }
      },
      {
        "reactor_utilization": {
          "shard": "9",
          "value": 0.017721300000039797
        }
      },
      {
        "reactor_utilization": {
          "shard": "10",
          "value": 0.033128800000237213
        }
      },
      {
        "reactor_utilization": {
          "shard": "11",
          "value": 0.021905099999963706
        }
      },
      {
        "reactor_utilization": {
          "shard": "12",
          "value": 0.018759439999971317
        }
      },
      {
        "reactor_utilization": {
          "shard": "13",
          "value": 0.018628880000026715
        }
      },
      {
        "reactor_utilization": {
          "shard": "14",
          "value": 0.025184919999865496
        }
      },
      {
        "reactor_utilization": {
          "shard": "15",
          "value": 0.025056300000247944
        }
      }
    ]
  },
  {
    "metrics": [
      {
        "reactor_utilization": {
          "shard": "0",
          "value": 0.10699924000006078
        }
      },
      {
        "reactor_utilization": {
          "shard": "1",
          "value": 0.032184019999936808
        }
      },
      {
        "reactor_utilization": {
          "shard": "2",
          "value": 0.031191419999876402
        }
      },
      {
        "reactor_utilization": {
          "shard": "3",
          "value": 0.023049780000050646
        }
      },
      {
        "reactor_utilization": {
          "shard": "4",
          "value": 0.025990160000044504
        }
      },
      {
        "reactor_utilization": {
          "shard": "5",
          "value": 0.030604139999912405
        }
      },
      {
        "reactor_utilization": {
          "shard": "6",
          "value": 0.035521959999951225
        }
      },
      {
        "reactor_utilization": {
          "shard": "7",
          "value": 0.032678339999969719
        }
      },
      {
        "reactor_utilization": {
          "shard": "8",
          "value": 0.027495780000086345
        }
      },
      {
        "reactor_utilization": {
          "shard": "9",
          "value": 0.037995300000037702
        }
      },
      {
        "reactor_utilization": {
          "shard": "10",
          "value": 0.026891580000221182
        }
      },
      {
        "reactor_utilization": {
          "shard": "11",
          "value": 0.030085439999960606
        }
      },
      {
        "reactor_utilization": {
          "shard": "12",
          "value": 0.038191419999944465
        }
      },
      {
        "reactor_utilization": {
          "shard": "13",
          "value": 0.039185380000039682
        }
      },
      {
        "reactor_utilization": {
          "shard": "14",
          "value": 0.036286819999875597
        }
      },
      {
        "reactor_utilization": {
          "shard": "15",
          "value": 0.041763460000221464
        }
      }
    ]
  },
  {
    "metrics": [
      {
        "reactor_utilization": {
          "shard": "0",
          "value": 0.074905480000064806
        }
      },
      {
        "reactor_utilization": {
          "shard": "1",
          "value": 0.018719379999931895
        }
      },
      {
        "reactor_utilization": {
          "shard": "2",
          "value": 0.017981279999856881
        }
      },
      {
        "reactor_utilization": {
          "shard": "3",
          "value": 0.028802020000062711
        }
      },
      {
        "reactor_utilization": {
          "shard": "4",
          "value": 0.019426060000071743
        }
      },
      {
        "reactor_utilization": {
          "shard": "5",
          "value": 0.024335799999919416
        }
      },
      {
        "reactor_utilization": {
          "shard": "6",
          "value": 0.017114259999961856
        }
      },
      {
        "reactor_utilization": {
          "shard": "7",
          "value": 0.020127959999971523
        }
      },
      {
        "reactor_utilization": {
          "shard": "8",
          "value": 0.03227422000008362
        }
      },
      {
        "reactor_utilization": {
          "shard": "9",
          "value": 0.024334440000028934
        }
      },
      {
        "reactor_utilization": {
          "shard": "10",
          "value": 0.022936840000209457
        }
      },
      {
        "reactor_utilization": {
          "shard": "11",
          "value": 0.02071275999996347
        }
      },
      {
        "reactor_utilization": {
          "shard": "12",
          "value": 0.022792519999970118
        }
      },
      {
        "reactor_utilization": {
          "shard": "13",
          "value": 0.022774160000038624
        }
      },
      {
        "reactor_utilization": {
          "shard": "14",
          "value": 0.043084739999876831
        }
      },
      {
        "reactor_utilization": {
          "shard": "15",
          "value": 0.027592080000204966
        }
      }
    ]
  },
  {
    "metrics": [
      {
        "reactor_utilization": {
          "shard": "0",
          "value": 0.11128632000007022
        }
      },
      {
        "reactor_utilization": {
          "shard": "1",
          "value": 0.034827939999937385
        }
      },
      {
        "reactor_utilization": {
          "shard": "2",
          "value": 0.033378999999866821
        }
      },
      {
        "reactor_utilization": {
          "shard": "3",
          "value": 0.018980040000049492
        }
      },
      {
        "reactor_utilization": {
          "shard": "4",
          "value": 0.027657460000041212
        }
      },
      {
        "reactor_utilization": {
          "shard": "5",
          "value": 0.032885799999915477
        }
      },
      {
        "reactor_utilization": {
          "shard": "6",
          "value": 0.0346670999999521
        }
      },
      {
        "reactor_utilization": {
          "shard": "7",
          "value": 0.02818421999997156
        }
      },
      {
        "reactor_utilization": {
          "shard": "8",
          "value": 0.019094860000090641
        }
      },
      {
        "reactor_utilization": {
          "shard": "9",
          "value": 0.012689620000028157
        }
      },
      {
        "reactor_utilization": {
          "shard": "10",
          "value": 0.031531980000210069
        }
      },
      {
        "reactor_utilization": {
          "shard": "11",
          "value": 0.013362899999957989
        }
      },
      {
        "reactor_utilization": {
          "shard": "12",
          "value": 0.034373239999974103
        }
      },
      {
        "reactor_utilization": {
          "shard": "13",
          "value": 0.013390800000045999
        }
      },
      {
        "reactor_utilization": {
          "shard": "14",
          "value": 0.024270719999874846
        }
      },
      {
        "reactor_utilization": {
          "shard": "15",
          "value": 0.038918560000222868
        }
      }
    ]
  },
  {
    "metrics": [
      {
        "reactor_utilization": {
          "shard": "0",
          "value": 0.11029744000006225
        }
      },
      {
        "reactor_utilization": {
          "shard": "1",
          "value": 0.038857659999935734
        }
      },
      {
        "reactor_utilization": {
          "shard": "2",
          "value": 0.032186299999859003
        }
      },
      {
        "reactor_utilization": {
          "shard": "3",
          "value": 0.034196420000076611
        }
      },
      {
        "reactor_utilization": {
          "shard": "4",
          "value": 0.032763240000055482
        }
      },
      {
        "reactor_utilization": {
          "shard": "5",
          "value": 0.032415079999914553
        }
      },
      {
        "reactor_utilization": {
          "shard": "6",
          "value": 0.035155299999944933
        }
      },
      {
        "reactor_utilization": {
          "shard": "7",
          "value": 0.034258639999951157
        }
      },
      {
        "reactor_utilization": {
          "shard": "8",
          "value": 0.030583120000082786
        }
      },
      {
        "reactor_utilization": {
          "shard": "9",
          "value": 0.03786524000003455
        }
      },
      {
        "reactor_utilization": {
          "shard": "10",
          "value": 0.033061200000195079
        }
      },
      {
        "reactor_utilization": {
          "shard": "11",
          "value": 0.028009839999953989
        }
      },
      {
        "reactor_utilization": {
          "shard": "12",
          "value": 0.035782119999960837
        }
      },
      {
        "reactor_utilization": {
          "shard": "13",
          "value": 0.036844420000048395
        }
      },
      {
        "reactor_utilization": {
          "shard": "14",
          "value": 0.037233279999859814
        }
      },
      {
        "reactor_utilization": {
          "shard": "15",
          "value": 0.039042580000225868
        }
      }
    ]
  },
  {
    "metrics": [
      {
        "reactor_utilization": {
          "shard": "0",
          "value": 0.087185700000058652
        }
      },
      {
        "reactor_utilization": {
          "shard": "1",
          "value": 0.014770679999931424
        }
      },
      {
        "reactor_utilization": {
          "shard": "2",
          "value": 0.018579039999855329
        }
      },
      {
        "reactor_utilization": {
          "shard": "3",
          "value": 0.019064860000050921
        }
      },
      {
        "reactor_utilization": {
          "shard": "4",
          "value": 0.017076520000069983
        }
      },
      {
        "reactor_utilization": {
          "shard": "5",
          "value": 0.016778199999911703
        }
      },
      {
        "reactor_utilization": {
          "shard": "6",
          "value": 0.016629279999946789
        }
      },
      {
        "reactor_utilization": {
          "shard": "7",
          "value": 0.019305439999961482
        }
      },
      {
        "reactor_utilization": {
          "shard": "8",
          "value": 0.020231060000097667
        }
      },
      {
        "reactor_utilization": {
          "shard": "9",
          "value": 0.020524440000024846
        }
      },
      {
        "reactor_utilization": {
          "shard": "10",
          "value": 0.017595900000200171
        }
      },
      {
        "reactor_utilization": {
          "shard": "11",
          "value": 0.019205199999972056
        }
      },
      {
        "reactor_utilization": {
          "shard": "12",
          "value": 0.013703859999947277
        }
      },
      {
        "reactor_utilization": {
          "shard": "13",
          "value": 0.020073380000029672
        }
      },
      {
        "reactor_utilization": {
          "shard": "14",
          "value": 0.02542529999985943
        }
      },
      {
        "reactor_utilization": {
          "shard": "15",
          "value": 0.020504520000219628
        }
      }
    ]
  },
  {
    "metrics": [
      {
        "reactor_utilization": {
          "shard": "0",
          "value": 0.11488992000006082
        }
      },
      {
        "reactor_utilization": {
          "shard": "1",
          "value": 0.03309797999995201
        }
      },
      {
        "reactor_utilization": {
          "shard": "2",
          "value": 0.029820879999864491
        }
      },
      {
        "reactor_utilization": {
          "shard": "3",
          "value": 0.02998222000005768
        }
      },
      {
        "reactor_utilization": {
          "shard": "4",
          "value": 0.02804744000008963
        }
      },
      {
        "reactor_utilization": {
          "shard": "5",
          "value": 0.031337399999931126
        }
      },
      {
        "reactor_utilization": {
          "shard": "6",
          "value": 0.032591699999928725
        }
      },
      {
        "reactor_utilization": {
          "shard": "7",
          "value": 0.029727219999986509
        }
      },
      {
        "reactor_utilization": {
          "shard": "8",
          "value": 0.029660760000083108
        }
      },
      {
        "reactor_utilization": {
          "shard": "9",
          "value": 0.037578240000035734
        }
      },
      {
        "reactor_utilization": {
          "shard": "10",
          "value": 0.030579860000212733
        }
      },
      {
        "reactor_utilization": {
          "shard": "11",
          "value": 0.031832259999964307
        }
      },
      {
        "reactor_utilization": {
          "shard": "12",
          "value": 0.037033259999974533
        }
      },
      {
        "reactor_utilization": {
          "shard": "13",
          "value": 0.037647200000023862
        }
      },
      {
        "reactor_utilization": {
          "shard": "14",
          "value": 0.036051979999851547
        }
      },
      {
        "reactor_utilization": {
          "shard": "15",
          "value": 0.039653420000218542
        }
      }
    ]
  },
  {
    "metrics": [
      {
        "reactor_utilization": {
          "shard": "0",
          "value": 0.10978004000004038
        }
      },
      {
        "reactor_utilization": {
          "shard": "1",
          "value": 0.032625519999962549
        }
      },
      {
        "reactor_utilization": {
          "shard": "2",
          "value": 0.02514997999987223
        }
      },
      {
        "reactor_utilization": {
          "shard": "3",
          "value": 0.027859480000036463
        }
      },
      {
        "reactor_utilization": {
          "shard": "4",
          "value": 0.030426800000094012
        }
      },
      {
        "reactor_utilization": {
          "shard": "5",
          "value": 0.028937459999922588
        }
      },
      {
        "reactor_utilization": {
          "shard": "6",
          "value": 0.035316639999938282
        }
      },
      {
        "reactor_utilization": {
          "shard": "7",
          "value": 0.02825239999999507
        }
      },
      {
        "reactor_utilization": {
          "shard": "8",
          "value": 0.032062880000105487
        }
      },
      {
        "reactor_utilization": {
          "shard": "9",
          "value": 0.039959920000032234
        }
      },
      {
        "reactor_utilization": {
          "shard": "10",
          "value": 0.032045500000210669
        }
      },
      {
        "reactor_utilization": {
          "shard": "11",
          "value": 0.031944419999963003
        }
      },
      {
        "reactor_utilization": {
          "shard": "12",
          "value": 0.03652109999994213
        }
      },
      {
        "reactor_utilization": {
          "shard": "13",
          "value": 0.040431480000013842
        }
      },
      {
        "reactor_utilization": {
          "shard": "14",
          "value": 0.043281299999853307
        }
      },
      {
        "reactor_utilization": {
          "shard": "15",
          "value": 0.039761620000222653
        }
      }
    ]
  },
  {
    "metrics": [
      {
        "reactor_utilization": {
          "shard": "0",
          "value": 0.050187020000036497
        }
      },
      {
        "reactor_utilization": {
          "shard": "1",
          "value": 0.018504699999954966
        }
      },
      {
        "reactor_utilization": {
          "shard": "2",
          "value": 0.017628779999900868
        }
      },
      {
        "reactor_utilization": {
          "shard": "3",
          "value": 0.017201240000053186
        }
      },
      {
        "reactor_utilization": {
          "shard": "4",
          "value": 0.016320280000092779
        }
      },
      {
        "reactor_utilization": {
          "shard": "5",
          "value": 0.014579719999918694
        }
      },
      {
        "reactor_utilization": {
          "shard": "6",
          "value": 0.016241599999933243
        }
      },
      {
        "reactor_utilization": {
          "shard": "7",
          "value": 0.018980620000008663
        }
      },
      {
        "reactor_utilization": {
          "shard": "8",
          "value": 0.017782600000104676
        }
      },
      {
        "reactor_utilization": {
          "shard": "9",
          "value": 0.02179196000000605
        }
      },
      {
        "reactor_utilization": {
          "shard": "10",
          "value": 0.017616560000210946
        }
      },
      {
        "reactor_utilization": {
          "shard": "11",
          "value": 0.023309319999942346
        }
      },
      {
        "reactor_utilization": {
          "shard": "12",
          "value": 0.020514719999953357
        }
      },
      {
        "reactor_utilization": {
          "shard": "13",
          "value": 0.023635659999998726
        }
      },
      {
        "reactor_utilization": {
          "shard": "14",
          "value": 0.026802739999864933
        }
      },
      {
        "reactor_utilization": {
          "shard": "15",
          "value": 0.030142940000243978
        }
      }
    ]
  },
  {
    "metrics": [
      {
        "reactor_utilization": {
          "shard": "0",
          "value": 0.11224200000002904
        }
      },
      {
        "reactor_utilization": {
          "shard": "1",
          "value": 0.033208859999978024
        }
      },
      {
        "reactor_utilization": {
          "shard": "2",
          "value": 0.026491499999903301
        }
      },
      {
        "reactor_utilization": {
          "shard": "3",
          "value": 0.032810980000042012
        }
      },
      {
        "reactor_utilization": {
          "shard": "4",
          "value": 0.034578620000103033
        }
      },
      {
        "reactor_utilization": {
          "shard": "5",
          "value": 0.033319799999909083
        }
      },
      {
        "reactor_utilization": {
          "shard": "6",
          "value": 0.039726459999922525
        }
      },
      {
        "reactor_utilization": {
          "shard": "7",
          "value": 0.02388804000001965
        }
      },
      {
        "reactor_utilization": {
          "shard": "8",
          "value": 0.033425920000096365
        }
      },
      {
        "reactor_utilization": {
          "shard": "9",
          "value": 0.037744080000023938
        }
      },
      {
        "reactor_utilization": {
          "shard": "10",
          "value": 0.03304264000021373
        }
      },
      {
        "reactor_utilization": {
          "shard": "11",
          "value": 0.031516139999965276
        }
      },
      {
        "reactor_utilization": {
          "shard": "12",
          "value": 0.035918519999933451
        }
      },
      {
        "reactor_utilization": {
          "shard": "13",
          "value": 0.038416219999992673
        }
      },
      {
        "reactor_utilization": {
          "shard": "14",
          "value": 0.041930179999849493
        }
      },
      {
        "reactor_utilization": {
          "shard": "15",
          "value": 0.041421520000239909
        }
      }
    ]
  },
  {
    "metrics": [
      {
        "reactor_utilization": {
          "shard": "0",
          "value": 0.1185354800000149
        }
      },
      {
        "reactor_utilization": {
          "shard": "1",
          "value": 0.039163999999969334
        }
      },
      {
        "reactor_utilization": {
          "shard": "2",
          "value": 0.028302459999907104
        }
      },
      {
        "reactor_utilization": {
          "shard": "3",
          "value": 0.033298700000039538
        }
      },
      {
        "reactor_utilization": {
          "shard": "4",
          "value": 0.037959080000105061
        }
      },
      {
        "reactor_utilization": {
          "shard": "5",
          "value": 0.040528619999902205
        }
      },
      {
        "reactor_utilization": {
          "shard": "6",
          "value": 0.034238819999909964
        }
      },
      {
        "reactor_utilization": {
          "shard": "7",
          "value": 0.032176680000028934
        }
      },
      {
        "reactor_utilization": {
          "shard": "8",
          "value": 0.035743320000092282
        }
      },
      {
        "reactor_utilization": {
          "shard": "9",
          "value": 0.03760348000002578
        }
      },
      {
        "reactor_utilization": {
          "shard": "10",
          "value": 0.031343500000202695
        }
      },
      {
        "reactor_utilization": {
          "shard": "11",
          "value": 0.033342639999967005
        }
      },
      {
        "reactor_utilization": {
          "shard": "12",
          "value": 0.034370559999929995
        }
      },
      {
        "reactor_utilization": {
          "shard": "13",
          "value": 0.035255160000002839
        }
      },
      {
        "reactor_utilization": {
          "shard": "14",
          "value": 0.036608139999860789
        }
      },
      {
        "reactor_utilization": {
          "shard": "15",
          "value": 0.040934720000240787
        }
      }
    ]
  },
  {
    "metrics": [
      {
        "reactor_utilization": {
          "shard": "0",
          "value": 0.090599220000031622
        }
      },
      {
        "reactor_utilization": {
          "shard": "1",
          "value": 0.020922559999969614
        }
      },
      {
        "reactor_utilization": {
          "shard": "2",
          "value": 0.017377359999903863
        }
      },
      {
        "reactor_utilization": {
          "shard": "3",
          "value": 0.012706500000048138
        }
      },
      {
        "reactor_utilization": {
          "shard": "4",
          "value": 0.02271360000012379
        }
      },
      {
        "reactor_utilization": {
          "shard": "5",
          "value": 0.02215723999989816
        }
      },
      {
        "reactor_utilization": {
          "shard": "6",
          "value": 0.020729099999905465
        }
      },
      {
        "reactor_utilization": {
          "shard": "7",
          "value": 0.021311780000032865
        }
      },
      {
        "reactor_utilization": {
          "shard": "8",
          "value": 0.018926040000111222
        }
      },
      {
        "reactor_utilization": {
          "shard": "9",
          "value": 0.024627700000035002
        }
      },
      {
        "reactor_utilization": {
          "shard": "10",
          "value": 0.021775700000203901
        }
      },
      {
        "reactor_utilization": {
          "shard": "11",
          "value": 0.024555539999959741
        }
      },
      {
        "reactor_utilization": {
          "shard": "12",
          "value": 0.021429239999926075
        }
      },
      {
        "reactor_utilization": {
          "shard": "13",
          "value": 0.026593159999999116
        }
      },
      {
        "reactor_utilization": {
          "shard": "14",
          "value": 0.020761079999864762
        }
      },
      {
        "reactor_utilization": {
          "shard": "15",
          "value": 0.030678180000232036
        }
      }
    ]
  },
  {
    "metrics": [
      {
        "reactor_utilization": {
          "shard": "0",
          "value": 0.11451048000004072
        }
      },
      {
        "reactor_utilization": {
          "shard": "1",
          "value": 0.03822143999998584
        }
      },
      {
        "reactor_utilization": {
          "shard": "2",
          "value": 0.027734019999914317
        }
      },
      {
        "reactor_utilization": {
          "shard": "3",
          "value": 0.034100720000018736
        }
      },
      {
        "reactor_utilization": {
          "shard": "4",
          "value": 0.032468500000115696
        }
      },
      {
        "reactor_utilization": {
          "shard": "5",
          "value": 0.032277239999900509
        }
      },
      {
        "reactor_utilization": {
          "shard": "6",
          "value": 0.034155219999920661
        }
      },
      {
        "reactor_utilization": {
          "shard": "7",
          "value": 0.02842492000003638
        }
      },
      {
        "reactor_utilization": {
          "shard": "8",
          "value": 0.030735980000096141
        }
      },
      {
        "reactor_utilization": {
          "shard": "9",
          "value": 0.031315400000031524
        }
      },
      {
        "reactor_utilization": {
          "shard": "10",
          "value": 0.033712720000200758
        }
      },
      {
        "reactor_utilization": {
          "shard": "11",
          "value": 0.034673299999976592
        }
      },
      {
        "reactor_utilization": {
          "shard": "12",
          "value": 0.038409999999922118
        }
      },
      {
        "reactor_utilization": {
          "shard": "13",
          "value": 0.037726520000003205
        }
      },
      {
        "reactor_utilization": {
          "shard": "14",
          "value": 0.040552759999856747
        }
      },
      {
        "reactor_utilization": {
          "shard": "15",
          "value": 0.044282320000210706
        }
      }
    ]
  },
  {
    "metrics": [
      {
        "reactor_utilization": {
          "shard": "0",
          "value": 0.083925780000027039
        }
      },
      {
        "reactor_utilization": {
          "shard": "1",
          "value": 0.015577979999981117
        }
      },
      {
        "reactor_utilization": {
          "shard": "2",
          "value": 0.016746279999912961
        }
      },
      {
        "reactor_utilization": {
          "shard": "3",
          "value": 0.035504740000014134
        }
      },
      {
        "reactor_utilization": {
          "shard": "4",
          "value": 0.01835194000012752
        }
      },
      {
        "reactor_utilization": {
          "shard": "5",
          "value": 0.020680259999905637
        }
      },
      {
        "reactor_utilization": {
          "shard": "6",
          "value": 0.01850295999992202
        }
      },
      {
        "reactor_utilization": {
          "shard": "7",
          "value": 0.020229460000042998
        }
      },
      {
        "reactor_utilization": {
          "shard": "8",
          "value": 0.03159994000008215
        }
      },
      {
        "reactor_utilization": {
          "shard": "9",
          "value": 0.03067140000003743
        }
      },
      {
        "reactor_utilization": {
          "shard": "10",
          "value": 0.022944380000189391
        }
      },
      {
        "reactor_utilization": {
          "shard": "11",
          "value": 0.029485239999960111
        }
      },
      {
        "reactor_utilization": {
          "shard": "12",
          "value": 0.020092619999934058
        }
      },
      {
        "reactor_utilization": {
          "shard": "13",
          "value": 0.03191472000002582
        }
      },
      {
        "reactor_utilization": {
          "shard": "14",
          "value": 0.041766219999861409
        }
      },
      {
        "reactor_utilization": {
          "shard": "15",
          "value": 0.028886120000204407
        }
      }
    ]
  }
]
