[
  {
    "metrics": [
      {
        "reactor_utilization": {
          "shard": "0",
          "value": 85.138930740000205
        }
      },
      {
        "reactor_utilization": {
          "shard": "1",
          "value": 84.495345180000029
        }
      },
      {
        "reactor_utilization": {
          "shard": "2",
          "value": 85.610667619999845
        }
      },
      {
        "reactor_utilization": {
          "shard": "3",
          "value": 87.561034079999928
        }
      },
      {
        "reactor_utilization": {
          "shard": "4",
          "value": 87.895858480000172
        }
      },
      {
        "reactor_utilization": {
          "shard": "5",
          "value": 85.854140339999887
        }
      },
      {
        "reactor_utilization": {
          "shard": "6",
          "value": 90.483636600000054
        }
      },
      {
        "reactor_utilization": {
          "shard": "7",
          "value": 89.612911920000087
        }
      },
      {
        "reactor_utilization": {
          "shard": "8",
          "value": 91.231746259999952
        }
      },
      {
        "reactor_utilization": {
          "shard": "9",
          "value": 92.689797300000095
        }
      },
      {
        "reactor_utilization": {
          "shard": "10",
          "value": 92.945486680000016
        }
      },
      {
        "reactor_utilization": {
          "shard": "11",
          "value": 92.580412539999926
        }
      },
      {
        "reactor_utilization": {
          "shard": "12",
          "value": 99.999161999999984
        }
      },
      {
        "reactor_utilization": {
          "shard": "13",
          "value": 92.239159380000075
        }
      },
      {
        "reactor_utilization": {
          "shard": "14",
          "value": 86.978265699999938
        }
      },
      {
        "reactor_utilization": {
          "shard": "15",
          "value": 89.551035000000041
        }
      }
    ]
  },
  {
    "metrics": [
      {
        "reactor_utilization": {
          "shard": "0",
          "value": 84.182523620000211
        }
      },
      {
        "reactor_utilization": {
          "shard": "1",
          "value": 83.383632780000028
        }
      },
      {
        "reactor_utilization": {
          "shard": "2",
          "value": 86.528708479999835
        }
      },
      {
        "reactor_utilization": {
          "shard": "3",
          "value": 86.296448479999938
        }
      },
      {
        "reactor_utilization": {
          "shard": "4",
          "value": 86.905254720000158
        }
      },
      {
        "reactor_utilization": {
          "shard": "5",
          "value": 84.721394679999889
        }
      },
      {
        "reactor_utilization": {
          "shard": "6",
          "value": 89.870377880000049
        }
      },
      {
        "reactor_utilization": {
          "shard": "7",
          "value": 90.30517842000009
        }
      },
      {
        "reactor_utilization": {
          "shard": "8",
          "value": 89.313462199999961
        }
      },
      {
        "reactor_utilization": {
          "shard": "9",
          "value": 93.43585158000009
        }
      },
      {
        "reactor_utilization": {
          "shard": "10",
          "value": 92.500457900000015
        }
      },
      {
        "reactor_utilization": {
          "shard": "11",
          "value": 91.590304419999924
        }
      },
      {
        "reactor_utilization": {
          "shard": "12",
          "value": 99.998608919999981
        }
      },
      {
        "reactor_utilization": {
          "shard": "13",
          "value": 91.435795880000086
        }
      },
      {
        "reactor_utilization": {
          "shard": "14",
          "value": 85.120729779999934
        }
      },
      {
        "reactor_utilization": {
          "shard": "15",
          "value": 89.643978360000048
        }
      }
    ]
  },
  {
    "metrics": [
      {
        "reactor_utilization": {
          "shard": "0",
          "value": 83.420709120000211
        }
      },
      {
        "reactor_utilization": {
          "shard": "1",
          "value": 84.490752600000036
        }
      },
      {
        "reactor_utilization": {
          "shard": "2",
          "value": 86.974479799999841
        }
      },
      {
        "reactor_utilization": {
          "shard": "3",
          "value": 86.979024979999934
        }
      },
      {
        "reactor_utilization": {
          "shard": "4",
          "value": 87.012598580000173
        }
      },
      {
        "reactor_utilization": {
          "shard": "5",
          "value": 85.922247859999885
        }
      },
      {
        "reactor_utilization": {
          "shard": "6",
          "value": 90.190001460000047
        }
      },
      {
        "reactor_utilization": {
          "shard": "7",
          "value": 88.769910900000085
        }
      },
      {
        "reactor_utilization": {
          "shard": "8",
          "value": 91.80593393999996
        }
      },
      {
        "reactor_utilization": {
          "shard": "9",
          "value": 94.531209220000108
        }
      },
      {
        "reactor_utilization": {
          "shard": "10",
          "value": 94.504743800000028
        }
      },
      {
        "reactor_utilization": {
          "shard": "11",
          "value": 93.05961891999992
        }
      },
      {
        "reactor_utilization": {
          "shard": "12",
          "value": 99.999425359999989
        }
      },
      {
        "reactor_utilization": {
          "shard": "13",
          "value": 92.707678880000074
        }
      },
      {
        "reactor_utilization": {
          "shard": "14",
          "value": 85.850913959999943
        }
      },
      {
        "reactor_utilization": {
          "shard": "15",
          "value": 89.652961340000047
        }
      }
    ]
  },
  {
    "metrics": [
      {
        "reactor_utilization": {
          "shard": "0",
          "value": 85.17847678000021
        }
      },
      {
        "reactor_utilization": {
          "shard": "1",
          "value": 84.059016800000023
        }
      },
      {
        "reactor_utilization": {
          "shard": "2",
          "value": 85.271544639999846
        }
      },
      {
        "reactor_utilization": {
          "shard": "3",
          "value": 87.054628519999937
        }
      },
      {
        "reactor_utilization": {
          "shard": "4",
          "value": 86.44904782000016
        }
      },
      {
        "reactor_utilization": {
          "shard": "5",
          "value": 83.861864859999883
        }
      },
      {
        "reactor_utilization": {
          "shard": "6",
          "value": 89.132999220000045
        }
      },
      {
        "reactor_utilization": {
          "shard": "7",
          "value": 90.00948840000008
        }
      },
      {
        "reactor_utilization": {
          "shard": "8",
          "value": 91.947838079999968
        }
      },
      {
        "reactor_utilization": {
          "shard": "9",
          "value": 93.844692940000101
        }
      },
      {
        "reactor_utilization": {
          "shard": "10",
          "value": 93.054245760000015
        }
      },
      {
        "reactor_utilization": {
          "shard": "11",
          "value": 94.173560499999923
        }
      },
      {
        "reactor_utilization": {
          "shard": "12",
          "value": 99.999999999999986
        }
      },
      {
        "reactor_utilization": {
          "shard": "13",
          "value": 91.020190000000085
        }
      },
      {
        "reactor_utilization": {
          "shard": "14",
          "value": 85.343110939999946
        }
      },
      {
        "reactor_utilization": {
          "shard": "15",
          "value": 90.34790998000004
        }
      }
    ]
  },
  {
    "metrics": [
      {
        "reactor_utilization": {
          "shard": "0",
          "value": 84.810759040000221
        }
      },
      {
        "reactor_utilization": {
          "shard": "1",
          "value": 84.101824180000023
        }
      },
      {
        "reactor_utilization": {
          "shard": "2",
          "value": 85.62128941999984
        }
      },
      {
        "reactor_utilization": {
          "shard": "3",
          "value": 86.647603199999935
        }
      },
      {
        "reactor_utilization": {
          "shard": "4",
          "value": 87.460486480000156
        }
      },
      {
        "reactor_utilization": {
          "shard": "5",
          "value": 86.495494259999887
        }
      },
      {
        "reactor_utilization": {
          "shard": "6",
          "value": 89.717202840000041
        }
      },
      {
        "reactor_utilization": {
          "shard": "7",
          "value": 89.87098088000009
        }
      },
      {
        "reactor_utilization": {
          "shard": "8",
          "value": 91.44566353999997
        }
      },
      {
        "reactor_utilization": {
          "shard": "9",
          "value": 95.240364280000094
        }
      },
      {
        "reactor_utilization": {
          "shard": "10",
          "value": 93.724999360000027
        }
      },
      {
        "reactor_utilization": {
          "shard": "11",
          "value": 93.306273799999929
        }
      },
      {
        "reactor_utilization": {
          "shard": "12",
          "value": 99.999371339999982
        }
      },
      {
        "reactor_utilization": {
          "shard": "13",
          "value": 91.468835280000064
        }
      },
      {
        "reactor_utilization": {
          "shard": "14",
          "value": 85.77005045999995
        }
      },
      {
        "reactor_utilization": {
          "shard": "15",
          "value": 89.302439040000053
        }
      }
    ]
  },
  {
    "metrics": [
      {
        "reactor_utilization": {
          "shard": "0",
          "value": 84.187597280000219
        }
      },
      {
        "reactor_utilization": {
          "shard": "1",
          "value": 83.551144340000022
        }
      },
      {
        "reactor_utilization": {
          "shard": "2",
          "value": 86.367655319999841
        }
      },
      {
        "reactor_utilization": {
          "shard": "3",
          "value": 88.358444779999928
        }
      },
      {
        "reactor_utilization": {
          "shard": "4",
          "value": 87.718914300000165
        }
      },
      {
        "reactor_utilization": {
          "shard": "5",
          "value": 86.78173379999987
        }
      },
      {
        "reactor_utilization": {
          "shard": "6",
          "value": 90.853663420000046
        }
      },
      {
        "reactor_utilization": {
          "shard": "7",
          "value": 89.974087300000079
        }
      },
      {
        "reactor_utilization": {
          "shard": "8",
          "value": 91.400030039999962
        }
      },
      {
        "reactor_utilization": {
          "shard": "9",
          "value": 94.661553820000094
        }
      },
      {
        "reactor_utilization": {
          "shard": "10",
          "value": 93.515071260000028
        }
      },
      {
        "reactor_utilization": {
          "shard": "11",
          "value": 93.783993199999927
        }
      },
      {
        "reactor_utilization": {
          "shard": "12",
          "value": 99.999999999999986
        }
      },
      {
        "reactor_utilization": {
          "shard": "13",
          "value": 93.420209660000069
        }
      },
      {
        "reactor_utilization": {
          "shard": "14",
          "value": 85.53279349999994
        }
      },
      {
        "reactor_utilization": {
          "shard": "15",
          "value": 90.708658720000045
        }
      }
    ]
  },
  {
    "metrics": [
      {
        "reactor_utilization": {
          "shard": "0",
          "value": 83.994092240000214
        }
      },
      {
        "reactor_utilization": {
          "shard": "1",
          "value": 83.947621700000028
        }
      },
      {
        "reactor_utilization": {
          "shard": "2",
          "value": 85.081816959999841
        }
      },
      {
        "reactor_utilization": {
          "shard": "3",
          "value": 86.419900879999929
        }
      },
      {
        "reactor_utilization": {
          "shard": "4",
          "value": 88.260340140000153
        }
      },
      {
        "reactor_utilization": {
          "shard": "5",
          "value": 86.174439599999872
        }
      },
      {
        "reactor_utilization": {
          "shard": "6",
          "value": 90.942720760000057
        }
      },
      {
        "reactor_utilization": {
          "shard": "7",
          "value": 89.178795040000082
        }
      },
      {
        "reactor_utilization": {
          "shard": "8",
          "value": 90.361872119999958
        }
      },
      {
        "reactor_utilization": {
          "shard": "9",
          "value": 92.806141500000109
        }
      },
      {
        "reactor_utilization": {
          "shard": "10",
          "value": 93.413920900000022
        }
      },
      {
        "reactor_utilization": {
          "shard": "11",
          "value": 94.135941259999925
        }
      },
      {
        "reactor_utilization": {
          "shard": "12",
          "value": 99.999119339999993
        }
      },
      {
        "reactor_utilization": {
          "shard": "13",
          "value": 92.371640540000072
        }
      },
      {
        "reactor_utilization": {
          "shard": "14",
          "value": 86.359278479999929
        }
      },
      {
        "reactor_utilization": {
          "shard": "15",
          "value": 90.031840420000037
        }
      }
    ]
  },
  {
    "metrics": [
      {
        "reactor_utilization": {
          "shard": "0",
          "value": 90.820201740000215
        }
      },
      {
        "reactor_utilization": {
          "shard": "1",
          "value": 88.08540400000004
        }
      },
      {
        "reactor_utilization": {
          "shard": "2",
          "value": 90.08023149999984
        }
      },
      {
        "reactor_utilization": {
          "shard": "3",
          "value": 81.732646059999936
        }
      },
      {
        "reactor_utilization": {
          "shard": "4",
          "value": 89.18754458000015
        }
      },
      {
        "reactor_utilization": {
          "shard": "5",
          "value": 81.09689401999988
        }
      },
      {
        "reactor_utilization": {
          "shard": "6",
          "value": 94.92536200000005
        }
      },
      {
        "reactor_utilization": {
          "shard": "7",
          "value": 93.747208620000094
        }
      },
      {
        "reactor_utilization": {
          "shard": "8",
          "value": 92.929728839999967
        }
      },
      {
        "reactor_utilization": {
          "shard": "9",
          "value": 87.351340020000094
        }
      },
      {
        "reactor_utilization": {
          "shard": "10",
          "value": 91.185897140000023
        }
      },
      {
        "reactor_utilization": {
          "shard": "11",
          "value": 94.537587479999928
        }
      },
      {
        "reactor_utilization": {
          "shard": "12",
          "value": 97.649728759999988
        }
      },
      {
        "reactor_utilization": {
          "shard": "13",
          "value": 91.093373660000083
        }
      },
      {
        "reactor_utilization": {
          "shard": "14",
          "value": 93.645769379999948
        }
      },
      {
        "reactor_utilization": {
          "shard": "15",
          "value": 95.244291500000045
        }
      }
    ]
  },
  {
    "metrics": [
      {
        "reactor_utilization": {
          "shard": "0",
          "value": 91.608956860000205
        }
      },
      {
        "reactor_utilization": {
          "shard": "1",
          "value": 88.183012360000035
        }
      },
      {
        "reactor_utilization": {
          "shard": "2",
          "value": 91.801654419999835
        }
      },
      {
        "reactor_utilization": {
          "shard": "3",
          "value": 80.586221479999949
        }
      },
      {
        "reactor_utilization": {
          "shard": "4",
          "value": 89.516363080000161
        }
      },
      {
        "reactor_utilization": {
          "shard": "5",
          "value": 79.472361499999877
        }
      },
      {
        "reactor_utilization": {
          "shard": "6",
          "value": 95.253631940000048
        }
      },
      {
        "reactor_utilization": {
          "shard": "7",
          "value": 95.084394520000075
        }
      },
      {
        "reactor_utilization": {
          "shard": "8",
          "value": 92.671650259999979
        }
      },
      {
        "reactor_utilization": {
          "shard": "9",
          "value": 88.308011140000104
        }
      },
      {
        "reactor_utilization": {
          "shard": "10",
          "value": 91.936107180000022
        }
      },
      {
        "reactor_utilization": {
          "shard": "11",
          "value": 97.613684819999918
        }
      },
      {
        "reactor_utilization": {
          "shard": "12",
          "value": 96.266246859999981
        }
      },
      {
        "reactor_utilization": {
          "shard": "13",
          "value": 91.821747360000089
        }
      },
      {
        "reactor_utilization": {
          "shard": "14",
          "value": 95.197915799999947
        }
      },
      {
        "reactor_utilization": {
          "shard": "15",
          "value": 98.324510160000045
        }
      }
    ]
  },
  {
    "metrics": [
      {
        "reactor_utilization": {
          "shard": "0",
          "value": 92.586754420000219
        }
      },
      {
        "reactor_utilization": {
          "shard": "1",
          "value": 88.021774340000036
        }
      },
      {
        "reactor_utilization": {
          "shard": "2",
          "value": 93.003168359999847
        }
      },
      {
        "reactor_utilization": {
          "shard": "3",
          "value": 80.946203079999933
        }
      },
      {
        "reactor_utilization": {
          "shard": "4",
          "value": 89.759634020000163
        }
      },
      {
        "reactor_utilization": {
          "shard": "5",
          "value": 80.789046999999869
        }
      },
      {
        "reactor_utilization": {
          "shard": "6",
          "value": 96.729674540000048
        }
      },
      {
        "reactor_utilization": {
          "shard": "7",
          "value": 96.345094440000096
        }
      },
      {
        "reactor_utilization": {
          "shard": "8",
          "value": 94.19970131999996
        }
      },
      {
        "reactor_utilization": {
          "shard": "9",
          "value": 87.013113380000107
        }
      },
      {
        "reactor_utilization": {
          "shard": "10",
          "value": 91.956627860000012
        }
      },
      {
        "reactor_utilization": {
          "shard": "11",
          "value": 98.940182499999935
        }
      },
      {
        "reactor_utilization": {
          "shard": "12",
          "value": 96.008348699999985
        }
      },
      {
        "reactor_utilization": {
          "shard": "13",
          "value": 92.960627560000077
        }
      },
      {
        "reactor_utilization": {
          "shard": "14",
          "value": 95.904744419999943
        }
      },
      {
        "reactor_utilization": {
          "shard": "15",
          "value": 97.816416980000042
        }
      }
    ]
  },
  {
    "metrics": [
      {
        "reactor_utilization": {
          "shard": "0",
          "value": 92.995313080000216
        }
      },
      {
        "reactor_utilization": {
          "shard": "1",
          "value": 90.018607240000037
        }
      },
      {
        "reactor_utilization": {
          "shard": "2",
          "value": 93.037713479999837
        }
      },
      {
        "reactor_utilization": {
          "shard": "3",
          "value": 81.607775219999937
        }
      },
      {
        "reactor_utilization": {
          "shard": "4",
          "value": 90.71925294000016
        }
      },
      {
        "reactor_utilization": {
          "shard": "5",
          "value": 80.532752139999872
        }
      },
      {
        "reactor_utilization": {
          "shard": "6",
          "value": 96.714144320000045
        }
      },
      {
        "reactor_utilization": {
          "shard": "7",
          "value": 96.664576700000083
        }
      },
      {
        "reactor_utilization": {
          "shard": "8",
          "value": 94.156753819999977
        }
      },
      {
        "reactor_utilization": {
          "shard": "9",
          "value": 86.882570100000109
        }
      },
      {
        "reactor_utilization": {
          "shard": "10",
          "value": 93.110853140000032
        }
      },
      {
        "reactor_utilization": {
          "shard": "11",
          "value": 98.160375339999931
        }
      },
      {
        "reactor_utilization": {
          "shard": "12",
          "value": 96.36603165999999
        }
      },
      {
        "reactor_utilization": {
          "shard": "13",
          "value": 92.108188580000075
        }
      },
      {
        "reactor_utilization": {
          "shard": "14",
          "value": 97.046100999999936
        }
      },
      {
        "reactor_utilization": {
          "shard": "15",
          "value": 98.039721500000041
        }
      }
    ]
  },
  {
    "metrics": [
      {
        "reactor_utilization": {
          "shard": "0",
          "value": 93.333955760000222
        }
      },
      {
        "reactor_utilization": {
          "shard": "1",
          "value": 88.904373600000028
        }
      },
      {
        "reactor_utilization": {
          "shard": "2",
          "value": 93.498728279999838
        }
      },
      {
        "reactor_utilization": {
          "shard": "3",
          "value": 80.292272179999941
        }
      },
      {
        "reactor_utilization": {
          "shard": "4",
          "value": 89.965933980000159
        }
      },
      {
        "reactor_utilization": {
          "shard": "5",
          "value": 80.726934039999875
        }
      },
      {
        "reactor_utilization": {
          "shard": "6",
          "value": 95.671076380000059
        }
      },
      {
        "reactor_utilization": {
          "shard": "7",
          "value": 96.275934380000081
        }
      },
      {
        "reactor_utilization": {
          "shard": "8",
          "value": 92.782759959999979
        }
      },
      {
        "reactor_utilization": {
          "shard": "9",
          "value": 87.137604200000112
        }
      },
      {
        "reactor_utilization": {
          "shard": "10",
          "value": 92.389709920000016
        }
      },
      {
        "reactor_utilization": {
          "shard": "11",
          "value": 97.574460739999921
        }
      },
      {
        "reactor_utilization": {
          "shard": "12",
          "value": 96.791614439999989
        }
      },
      {
        "reactor_utilization": {
          "shard": "13",
          "value": 90.525421780000073
        }
      },
      {
        "reactor_utilization": {
          "shard": "14",
          "value": 95.930906719999939
        }
      },
      {
        "reactor_utilization": {
          "shard": "15",
          "value": 98.544944700000045
        }
      }
    ]
  },
  {
    "metrics": [
      {
        "reactor_utilization": {
          "shard": "0",
          "value": 93.024907900000215
        }
      },
      {
        "reactor_utilization": {
          "shard": "1",
          "value": 88.82736364000003
        }
      },
      {
        "reactor_utilization": {
          "shard": "2",
          "value": 92.918344799999844
        }
      },
      {
        "reactor_utilization": {
          "shard": "3",
          "value": 81.273134899999945
        }
      },
      {
        "reactor_utilization": {
          "shard": "4",
          "value": 89.39421798000015
        }
      },
      {
        "reactor_utilization": {
          "shard": "5",
          "value": 77.930070219999877
        }
      },
      {
        "reactor_utilization": {
          "shard": "6",
          "value": 96.158229580000054
        }
      },
      {
        "reactor_utilization": {
          "shard": "7",
          "value": 95.567802520000086
        }
      },
      {
        "reactor_utilization": {
          "shard": "8",
          "value": 93.341702359999971
        }
      },
      {
        "reactor_utilization": {
          "shard": "9",
          "value": 87.389421240000104
        }
      },
      {
        "reactor_utilization": {
          "shard": "10",
          "value": 93.308794360000007
        }
      },
      {
        "reactor_utilization": {
          "shard": "11",
          "value": 98.740392019999916
        }
      },
      {
        "reactor_utilization": {
          "shard": "12",
          "value": 97.117897659999983
        }
      },
      {
        "reactor_utilization": {
          "shard": "13",
          "value": 92.481835040000078
        }
      },
      {
        "reactor_utilization": {
          "shard": "14",
          "value": 94.214219919999948
        }
      },
      {
        "reactor_utilization": {
          "shard": "15",
          "value": 96.893582600000045
        }
      }
    ]
  },
  {
    "metrics": [
      {
        "reactor_utilization": {
          "shard": "0",
          "value": 92.995766980000212
        }
      },
      {
        "reactor_utilization": {
          "shard": "1",
          "value": 88.492402640000037
        }
      },
      {
        "reactor_utilization": {
          "shard": "2",
          "value": 92.390152619999839
        }
      },
      {
        "reactor_utilization": {
          "shard": "3",
          "value": 80.137102299999938
        }
      },
      {
        "reactor_utilization": {
          "shard": "4",
          "value": 89.287322640000156
        }
      },
      {
        "reactor_utilization": {
          "shard": "5",
          "value": 81.001638179999873
        }
      },
      {
        "reactor_utilization": {
          "shard": "6",
          "value": 96.312432200000046
        }
      },
      {
        "reactor_utilization": {
          "shard": "7",
          "value": 96.530347580000083
        }
      },
      {
        "reactor_utilization": {
          "shard": "8",
          "value": 93.109896459999959
        }
      },
      {
        "reactor_utilization": {
          "shard": "9",
          "value": 87.449797960000112
        }
      },
      {
        "reactor_utilization": {
          "shard": "10",
          "value": 93.297580700000012
        }
      },
      {
        "reactor_utilization": {
          "shard": "11",
          "value": 97.729886719999925
        }
      },
      {
        "reactor_utilization": {
          "shard": "12",
          "value": 96.92402899999999
        }
      },
      {
        "reactor_utilization": {
          "shard": "13",
          "value": 91.058164540000078
        }
      },
      {
        "reactor_utilization": {
          "shard": "14",
          "value": 95.868816399999943
        }
      },
      {
        "reactor_utilization": {
          "shard": "15",
          "value": 99.282473900000042
        }
      }
    ]
  },
  {
    "metrics": [
      {
        "reactor_utilization": {
          "shard": "0",
          "value": 91.76849352000022
        }
      },
      {
        "reactor_utilization": {
          "shard": "1",
          "value": 88.712534860000034
        }
      },
      {
        "reactor_utilization": {
          "shard": "2",
          "value": 93.430983739999846
        }
      },
      {
        "reactor_utilization": {
          "shard": "3",
          "value": 81.309645679999946
        }
      },
      {
        "reactor_utilization": {
          "shard": "4",
          "value": 91.061685700000154
        }
      },
      {
        "reactor_utilization": {
          "shard": "5",
          "value": 80.34268613999987
        }
      },
      {
        "reactor_utilization": {
          "shard": "6",
          "value": 96.067067420000058
        }
      },
      {
        "reactor_utilization": {
          "shard": "7",
          "value": 95.190522260000094
        }
      },
      {
        "reactor_utilization": {
          "shard": "8",
          "value": 94.13360671999996
        }
      },
      {
        "reactor_utilization": {
          "shard": "9",
          "value": 86.797832420000105
        }
      },
      {
        "reactor_utilization": {
          "shard": "10",
          "value": 92.903820160000024
        }
      },
      {
        "reactor_utilization": {
          "shard": "11",
          "value": 98.054062319999929
        }
      },
      {
        "reactor_utilization": {
          "shard": "12",
          "value": 96.76833311999998
        }
      },
      {
        "reactor_utilization": {
          "shard": "13",
          "value": 91.343335780000075
        }
      },
      {
        "reactor_utilization": {
          "shard": "14",
          "value": 95.397377819999946
        }
      },
      {
        "reactor_utilization": {
          "shard": "15",
          "value": 98.378222800000046
        }
      }
    ]
  },
  {
    "metrics": [
      {
        "reactor_utilization": {
          "shard": "0",
          "value": 93.624178040000217
        }
      },
      {
        "reactor_utilization": {
          "shard": "1",
          "value": 88.117164440000039
        }
      },
      {
        "reactor_utilization": {
          "shard": "2",
          "value": 92.074604099999846
        }
      },
      {
        "reactor_utilization": {
          "shard": "3",
          "value": 79.453234599999931
        }
      },
      {
        "reactor_utilization": {
          "shard": "4",
          "value": 90.774240360000164
        }
      },
      {
        "reactor_utilization": {
          "shard": "5",
          "value": 81.588724539999873
        }
      },
      {
        "reactor_utilization": {
          "shard": "6",
          "value": 95.918435780000053
        }
      },
      {
        "reactor_utilization": {
          "shard": "7",
          "value": 96.263594400000088
        }
      },
      {
        "reactor_utilization": {
          "shard": "8",
          "value": 93.802760179999964
        }
      },
      {
        "reactor_utilization": {
          "shard": "9",
          "value": 85.919970140000103
        }
      },
      {
        "reactor_utilization": {
          "shard": "10",
          "value": 92.89952688000001
        }
      },
      {
        "reactor_utilization": {
          "shard": "11",
          "value": 97.78833089999992
        }
      },
      {
        "reactor_utilization": {
          "shard": "12",
          "value": 96.479758959999984
        }
      },
      {
        "reactor_utilization": {
          "shard": "13",
          "value": 91.586740480000074
        }
      },
      {
        "reactor_utilization": {
          "shard": "14",
          "value": 95.975624119999935
        }
      },
      {
        "reactor_utilization": {
          "shard": "15",
          "value": 97.584375440000045
        }
      }
    ]
  },
  {
    "metrics": [
      {
        "reactor_utilization": {
          "shard": "0",
          "value": 93.180607440000216
        }
      },
      {
        "reactor_utilization": {
          "shard": "1",
          "value": 88.886578420000035
        }
      },
      {
        "reactor_utilization": {
          "shard": "2",
          "value": 92.377009139999842
        }
      },
      {
        "reactor_utilization": {
          "shard": "3",
          "value": 81.377218819999939
        }
      },
      {
        "reactor_utilization": {
          "shard": "4",
          "value": 89.14561124000015
        }
      },
      {
        "reactor_utilization": {
          "shard": "5",
          "value": 80.611955759999873
        }
      },
      {
        "reactor_utilization": {
          "shard": "6",
          "value": 97.149186060000048
        }
      },
      {
        "reactor_utilization": {
          "shard": "7",
          "value": 96.104747400000093
        }
      },
      {
        "reactor_utilization": {
          "shard": "8",
          "value": 93.642394319999966
        }
      },
      {
        "reactor_utilization": {
          "shard": "9",
          "value": 87.185945060000108
        }
      },
      {
        "reactor_utilization": {
          "shard": "10",
          "value": 92.329271220000024
        }
      },
      {
        "reactor_utilization": {
          "shard": "11",
          "value": 97.94570461999993
        }
      },
      {
        "reactor_utilization": {
          "shard": "12",
          "value": 95.664277779999978
        }
      },
      {
        "reactor_utilization": {
          "shard": "13",
          "value": 92.344467820000077
        }
      },
      {
        "reactor_utilization": {
          "shard": "14",
          "value": 95.845774599999942
        }
      },
      {
        "reactor_utilization": {
          "shard": "15",
          "value": 98.574962260000049
        }
      }
    ]
  },
  {
    "metrics": [
      {
        "reactor_utilization": {
          "shard": "0",
          "value": 92.949373540000209
        }
      },
      {
        "reactor_utilization": {
          "shard": "1",
          "value": 88.638783980000042
        }
      },
      {
        "reactor_utilization": {
          "shard": "2",
          "value": 92.077747059999851
        }
      },
      {
        "reactor_utilization": {
          "shard": "3",
          "value": 79.263009199999928
        }
      },
      {
        "reactor_utilization": {
          "shard": "4",
          "value": 90.941685680000148
        }
      },
      {
        "reactor_utilization": {
          "shard": "5",
          "value": 82.321702539999876
        }
      },
      {
        "reactor_utilization": {
          "shard": "6",
          "value": 97.476490120000051
        }
      },
      {
        "reactor_utilization": {
          "shard": "7",
          "value": 96.03667216000008
        }
      },
      {
        "reactor_utilization": {
          "shard": "8",
          "value": 93.356019099999969
        }
      },
      {
        "reactor_utilization": {
          "shard": "9",
          "value": 86.289050200000105
        }
      },
      {
        "reactor_utilization": {
          "shard": "10",
          "value": 92.14479178000002
        }
      },
      {
        "reactor_utilization": {
          "shard": "11",
          "value": 97.812057819999922
        }
      },
      {
        "reactor_utilization": {
          "shard": "12",
          "value": 95.650794099999985
        }
      },
      {
        "reactor_utilization": {
          "shard": "13",
          "value": 92.52341734000008
        }
      },
      {
        "reactor_utilization": {
          "shard": "14",
          "value": 96.210949819999939
        }
      },
      {
        "reactor_utilization": {
          "shard": "15",
          "value": 96.812975600000044
        }
      }
    ]
  },
  {
    "metrics": [
      {
        "reactor_utilization": {
          "shard": "0",
          "value": 92.304799260000209
        }
      },
      {
        "reactor_utilization": {
          "shard": "1",
          "value": 89.446707580000037
        }
      },
      {
        "reactor_utilization": {
          "shard": "2",
          "value": 92.693262279999843
        }
      },
      {
        "reactor_utilization": {
          "shard": "3",
          "value": 81.379492299999939
        }
      },
      {
        "reactor_utilization": {
          "shard": "4",
          "value": 89.948822020000136
        }
      },
      {
        "reactor_utilization": {
          "shard": "5",
          "value": 80.025638639999869
        }
      },
      {
        "reactor_utilization": {
          "shard": "6",
          "value": 97.899806860000055
        }
      },
      {
        "reactor_utilization": {
          "shard": "7",
          "value": 96.961008040000081
        }
      },
      {
        "reactor_utilization": {
          "shard": "8",
          "value": 92.928092779999972
        }
      },
      {
        "reactor_utilization": {
          "shard": "9",
          "value": 86.689765860000108
        }
      },
      {
        "reactor_utilization": {
          "shard": "10",
          "value": 93.741994020000021
        }
      },
      {
        "reactor_utilization": {
          "shard": "11",
          "value": 97.805704059999925
        }
      },
      {
        "reactor_utilization": {
          "shard": "12",
          "value": 96.201765159999979
        }
      },
      {
        "reactor_utilization": {
          "shard": "13",
          "value": 93.221384580000077
        }
      },
      {
        "reactor_utilization": {
          "shard": "14",
          "value": 96.298459059999942
        }
      },
      {
        "reactor_utilization": {
          "shard": "15",
          "value": 97.418819360000043
        }
      }
    ]
  },
  {
    "metrics": [
      {
        "reactor_utilization": {
          "shard": "0",
          "value": 92.033815220000221
        }
      },
      {
        "reactor_utilization": {
          "shard": "1",
          "value": 87.651003480000028
        }
      },
      {
        "reactor_utilization": {
          "shard": "2",
          "value": 91.899379859999854
        }
      },
      {
        "reactor_utilization": {
          "shard": "3",
          "value": 79.707944699999942
        }
      },
      {
        "reactor_utilization": {
          "shard": "4",
          "value": 88.70918520000015
        }
      },
      {
        "reactor_utilization": {
          "shard": "5",
          "value": 80.627588519999875
        }
      },
      {
        "reactor_utilization": {
          "shard": "6",
          "value": 95.991109360000053
        }
      },
      {
        "reactor_utilization": {
          "shard": "7",
          "value": 95.406123480000076
        }
      },
      {
        "reactor_utilization": {
          "shard": "8",
          "value": 93.190720619999965
        }
      },
      {
        "reactor_utilization": {
          "shard": "9",
          "value": 86.14623130000011
        }
      },
      {
        "reactor_utilization": {
          "shard": "10",
          "value": 92.487506340000024
        }
      },
      {
        "reactor_utilization": {
          "shard": "11",
          "value": 99.029278779999913
        }
      },
      {
        "reactor_utilization": {
          "shard": "12",
          "value": 96.000054019999979
        }
      },
      {
        "reactor_utilization": {
          "shard": "13",
          "value": 90.183170340000075
        }
      },
      {
        "reactor_utilization": {
          "shard": "14",
          "value": 95.955041819999948
        }
      },
      {
        "reactor_utilization": {
          "shard": "15",
          "value": 97.099306180000042
        }
      }
    ]
  },
  {
    "metrics": [
      {
        "reactor_utilization": {
          "shard": "0",
          "value": 93.188777540000217
        }
      },
      {
        "reactor_utilization": {
          "shard": "1",
          "value": 89.082477200000028
        }
      },
      {
        "reactor_utilization": {
          "shard": "2",
          "value": 93.241682299999852
        }
      },
      {
        "reactor_utilization": {
          "shard": "3",
          "value": 81.331560079999946
        }
      },
      {
        "reactor_utilization": {
          "shard": "4",
          "value": 90.377041640000144
        }
      },
      {
        "reactor_utilization": {
          "shard": "5",
          "value": 80.327297479999871
        }
      },
      {
        "reactor_utilization": {
          "shard": "6",
          "value": 95.101272280000046
        }
      },
      {
        "reactor_utilization": {
          "shard": "7",
          "value": 96.080418840000078
        }
      },
      {
        "reactor_utilization": {
          "shard": "8",
          "value": 94.016932099999977
        }
      },
      {
        "reactor_utilization": {
          "shard": "9",
          "value": 86.60016508000011
        }
      },
      {
        "reactor_utilization": {
          "shard": "10",
          "value": 94.809578800000025
        }
      },
      {
        "reactor_utilization": {
          "shard": "11",
          "value": 97.487627619999927
        }
      },
      {
        "reactor_utilization": {
          "shard": "12",
          "value": 97.038483339999985
        }
      },
      {
        "reactor_utilization": {
          "shard": "13",
          "value": 92.296599360000073
        }
      },
      {
        "reactor_utilization": {
          "shard": "14",
          "value": 97.242048319999938
        }
      },
      {
        "reactor_utilization": {
          "shard": "15",
          "value": 98.805299180000034
        }
      }
    ]
  },
  {
    "metrics": [
      {
        "reactor_utilization": {
          "shard": "0",
          "value": 93.377180080000215
        }
      },
      {
        "reactor_utilization": {
          "shard": "1",
          "value": 89.235044160000029
        }
      },
      {
        "reactor_utilization": {
          "shard": "2",
          "value": 94.232327379999845
        }
      },
      {
        "reactor_utilization": {
          "shard": "3",
          "value": 81.597314319999938
        }
      },
      {
        "reactor_utilization": {
          "shard": "4",
          "value": 90.828150680000135
        }
      },
      {
        "reactor_utilization": {
          "shard": "5",
          "value": 80.092049579999866
        }
      },
      {
        "reactor_utilization": {
          "shard": "6",
          "value": 97.367931640000052
        }
      },
      {
        "reactor_utilization": {
          "shard": "7",
          "value": 96.696330960000083
        }
      },
      {
        "reactor_utilization": {
          "shard": "8",
          "value": 94.112910399999976
        }
      },
      {
        "reactor_utilization": {
          "shard": "9",
          "value": 88.010656820000108
        }
      },
      {
        "reactor_utilization": {
          "shard": "10",
          "value": 93.654091820000019
        }
      },
      {
        "reactor_utilization": {
          "shard": "11",
          "value": 98.619213099999925
        }
      },
      {
        "reactor_utilization": {
          "shard": "12",
          "value": 97.991271059999988
        }
      },
      {
        "reactor_utilization": {
          "shard": "13",
          "value": 91.174558720000078
        }
      },
      {
        "reactor_utilization": {
          "shard": "14",
          "value": 97.98729423999994
        }
      },
      {
        "reactor_utilization": {
          "shard": "15",
          "value": 97.434237280000048
        }
      }
    ]
  },
  {
    "metrics": [
      {
        "reactor_utilization": {
          "shard": "0",
          "value": 93.31228316000022
        }
      },
      {
        "reactor_utilization": {
          "shard": "1",
          "value": 89.640142120000036
        }
      },
      {
        "reactor_utilization": {
          "shard": "2",
          "value": 93.199291879999848
        }
      },
      {
        "reactor_utilization": {
          "shard": "3",
          "value": 80.605023239999937
        }
      },
      {
        "reactor_utilization": {
          "shard": "4",
          "value": 91.650430460000138
        }
      },
      {
        "reactor_utilization": {
          "shard": "5",
          "value": 81.876291799999876
        }
      },
      {
        "reactor_utilization": {
          "shard": "6",
          "value": 96.005954520000046
        }
      },
      {
        "reactor_utilization": {
          "shard": "7",
          "value": 96.437037160000088
        }
      },
      {
        "reactor_utilization": {
          "shard": "8",
          "value": 94.128542819999979
        }
      },
      {
        "reactor_utilization": {
          "shard": "9",
          "value": 87.224670740000107
        }
      },
      {
        "reactor_utilization": {
          "shard": "10",
          "value": 93.97932984000002
        }
      },
      {
        "reactor_utilization": {
          "shard": "11",
          "value": 99.288852499999919
        }
      },
      {
        "reactor_utilization": {
          "shard": "12",
          "value": 97.727888799999988
        }
      },
      {
        "reactor_utilization": {
          "shard": "13",
          "value": 93.86122236000007
        }
      },
      {
        "reactor_utilization": {
          "shard": "14",
          "value": 96.569450339999946
        }
      },
      {
        "reactor_utilization": {
          "shard": "15",
          "value": 97.496162420000047
        }
      }
    ]
  },
  {
    "metrics": [
      {
        "reactor_utilization": {
          "shard": "0",
          "value": 93.136334440000212
        }
      },
      {
        "reactor_utilization": {
          "shard": "1",
          "value": 89.769215740000035
        }
      },
      {
        "reactor_utilization": {
          "shard": "2",
          "value": 93.060326119999843
        }
      },
      {
        "reactor_utilization": {
          "shard": "3",
          "value": 80.332729979999939
        }
      },
      {
        "reactor_utilization": {
          "shard": "4",
          "value": 90.563801780000148
        }
      },
      {
        "reactor_utilization": {
          "shard": "5",
          "value": 81.077370139999886
        }
      },
      {
        "reactor_utilization": {
          "shard": "6",
          "value": 96.869694580000058
        }
      },
      {
        "reactor_utilization": {
          "shard": "7",
          "value": 96.49209808000009
        }
      },
      {
        "reactor_utilization": {
          "shard": "8",
          "value": 93.158034559999976
        }
      },
      {
        "reactor_utilization": {
          "shard": "9",
          "value": 86.362965540000118
        }
      },
      {
        "reactor_utilization": {
          "shard": "10",
          "value": 93.178601740000019
        }
      },
      {
        "reactor_utilization": {
          "shard": "11",
          "value": 98.932618899999923
        }
      },
      {
        "reactor_utilization": {
          "shard": "12",
          "value": 97.107196979999983
        }
      },
      {
        "reactor_utilization": {
          "shard": "13",
          "value": 92.283839580000077
        }
      },
      {
        "reactor_utilization": {
          "shard": "14",
          "value": 96.292497119999936
        }
      },
      {
        "reactor_utilization": {
          "shard": "15",
          "value": 98.792450320000043
        }
      }
    ]
  }
]
