[
  {
    "metrics": [
      {
        "reactor_utilization": {
          "shard": "0",
          "value": 69.940977760000209
        }
      },
      {
        "reactor_utilization": {
          "shard": "1",
          "value": 79.797484600000075
        }
      },
      {
        "reactor_utilization": {
          "shard": "2",
          "value": 69.270433839999882
        }
      },
      {
        "reactor_utilization": {
          "shard": "3",
          "value": 66.244736439999912
        }
      },
      {
        "reactor_utilization": {
          "shard": "4",
          "value": 72.663706860000147
        }
      },
      {
        "reactor_utilization": {
          "shard": "5",
          "value": 74.460051899999996
        }
      },
      {
        "reactor_utilization": {
          "shard": "6",
          "value": 77.237920580000107
        }
      },
      {
        "reactor_utilization": {
          "shard": "7",
          "value": 71.839479300000093
        }
      },
      {
        "reactor_utilization": {
          "shard": "8",
          "value": 70.855698659999916
        }
      },
      {
        "reactor_utilization": {
          "shard": "9",
          "value": 74.966963860000064
        }
      },
      {
        "reactor_utilization": {
          "shard": "10",
          "value": 76.554416320000016
        }
      },
      {
        "reactor_utilization": {
          "shard": "11",
          "value": 74.999673899999948
        }
      },
      {
        "reactor_utilization": {
          "shard": "12",
          "value": 72.226596080000022
        }
      },
      {
        "reactor_utilization": {
          "shard": "13",
          "value": 73.234608300000033
        }
      },
      {
        "reactor_utilization": {
          "shard": "14",
          "value": 63.799121039999875
        }
      },
      {
        "reactor_utilization": {
          "shard": "15",
          "value": 74.225036820000028
        }
      }
    ]
  },
  {
    "metrics": [
      {
        "reactor_utilization": {
          "shard": "0",
          "value": 72.447028560000206
        }
      },
      {
        "reactor_utilization": {
          "shard": "1",
          "value": 78.92161432000006
        }
      },
      {
        "reactor_utilization": {
          "shard": "2",
          "value": 70.671917159999879
        }
      },
      {
        "reactor_utilization": {
          "shard": "3",
          "value": 64.75571671999991
        }
      },
      {
        "reactor_utilization": {
          "shard": "4",
          "value": 72.62771894000015
        }
      },
      {
        "reactor_utilization": {
          "shard": "5",
          "value": 72.859641019999998
        }
      },
      {
        "reactor_utilization": {
          "shard": "6",
          "value": 77.019544420000102
        }
      },
      {
        "reactor_utilization": {
          "shard": "7",
          "value": 70.204990940000101
        }
      },
      {
        "reactor_utilization": {
          "shard": "8",
          "value": 72.332823139999917
        }
      },
      {
        "reactor_utilization": {
          "shard": "9",
          "value": 74.601213140000084
        }
      },
      {
        "reactor_utilization": {
          "shard": "10",
          "value": 77.353755660000019
        }
      },
      {
        "reactor_utilization": {
          "shard": "11",
          "value": 74.985996279999938
        }
      },
      {
        "reactor_utilization": {
          "shard": "12",
          "value": 73.186007100000012
        }
      },
      {
        "reactor_utilization": {
          "shard": "13",
          "value": 73.18312308000003
        }
      },
      {
        "reactor_utilization": {
          "shard": "14",
          "value": 63.672510319999873
        }
      },
      {
        "reactor_utilization": {
          "shard": "15",
          "value": 73.407827040000015
        }
      }
    ]
  },
  {
    "metrics": [
      {
        "reactor_utilization": {
          "shard": "0",
          "value": 71.271521280000215
        }
      },
      {
        "reactor_utilization": {
          "shard": "1",
          "value": 80.179114600000062
        }
      },
      {
        "reactor_utilization": {
          "shard": "2",
          "value": 70.412892019999873
        }
      },
      {
        "reactor_utilization": {
          "shard": "3",
          "value": 65.73410231999992
        }
      },
      {
        "reactor_utilization": {
          "shard": "4",
          "value": 72.566595640000159
        }
      },
      {
        "reactor_utilization": {
          "shard": "5",
          "value": 74.83320664
        }
      },
      {
        "reactor_utilization": {
          "shard": "6",
          "value": 78.712855600000111
        }
      },
      {
        "reactor_utilization": {
          "shard": "7",
          "value": 72.487222840000086
        }
      },
      {
        "reactor_utilization": {
          "shard": "8",
          "value": 71.646421499999903
        }
      },
      {
        "reactor_utilization": {
          "shard": "9",
          "value": 75.138180820000073
        }
      },
      {
        "reactor_utilization": {
          "shard": "10",
          "value": 77.141298660000018
        }
      },
      {
        "reactor_utilization": {
          "shard": "11",
          "value": 76.563461319999945
        }
      },
      {
        "reactor_utilization": {
          "shard": "12",
          "value": 71.771727420000019
        }
      },
      {
        "reactor_utilization": {
          "shard": "13",
          "value": 73.409715700000035
        }
      },
      {
        "reactor_utilization": {
          "shard": "14",
          "value": 64.07569319999989
        }
      },
      {
        "reactor_utilization": {
          "shard": "15",
          "value": 75.266088900000014
        }
      }
    ]
  },
  {
    "metrics": [
      {
        "reactor_utilization": {
          "shard": "0",
          "value": 69.934670180000225
        }
      },
      {
        "reactor_utilization": {
          "shard": "1",
          "value": 80.201561860000055
        }
      },
      {
        "reactor_utilization": {
          "shard": "2",
          "value": 69.843317039999874
        }
      },
      {
        "reactor_utilization": {
          "shard": "3",
          "value": 66.338699139999918
        }
      },
      {
        "reactor_utilization": {
          "shard": "4",
          "value": 72.150747800000161
        }
      },
      {
        "reactor_utilization": {
          "shard": "5",
          "value": 74.027554480000006
        }
      },
      {
        "reactor_utilization": {
          "shard": "6",
          "value": 76.878941640000107
        }
      },
      {
        "reactor_utilization": {
          "shard": "7",
          "value": 71.4452396800001
        }
      },
      {
        "reactor_utilization": {
          "shard": "8",
          "value": 71.010526679999913
        }
      },
      {
        "reactor_utilization": {
          "shard": "9",
          "value": 75.135603320000072
        }
      },
      {
        "reactor_utilization": {
          "shard": "10",
          "value": 76.578384860000014
        }
      },
      {
        "reactor_utilization": {
          "shard": "11",
          "value": 75.185209699999959
        }
      },
      {
        "reactor_utilization": {
          "shard": "12",
          "value": 71.777207520000019
        }
      },
      {
        "reactor_utilization": {
          "shard": "13",
          "value": 73.155735840000034
        }
      },
      {
        "reactor_utilization": {
          "shard": "14",
          "value": 63.22765739999987
        }
      },
      {
        "reactor_utilization": {
          "shard": "15",
          "value": 73.336579180000015
        }
      }
    ]
  },
  {
    "metrics": [
      {
        "reactor_utilization": {
          "shard": "0",
          "value": 70.801597160000227
        }
      },
      {
        "reactor_utilization": {
          "shard": "1",
          "value": 80.575946180000059
        }
      },
      {
        "reactor_utilization": {
          "shard": "2",
          "value": 69.459627299999866
        }
      },
      {
        "reactor_utilization": {
          "shard": "3",
          "value": 66.051023319999928
        }
      },
      {
        "reactor_utilization": {
          "shard": "4",
          "value": 71.434320200000158
        }
      },
      {
        "reactor_utilization": {
          "shard": "5",
          "value": 74.053962580000004
        }
      },
      {
        "reactor_utilization": {
          "shard": "6",
          "value": 77.061759420000115
        }
      },
      {
        "reactor_utilization": {
          "shard": "7",
          "value": 71.216470980000096
        }
      },
      {
        "reactor_utilization": {
          "shard": "8",
          "value": 71.422243459999919
        }
      },
      {
        "reactor_utilization": {
          "shard": "9",
          "value": 76.298447220000071
        }
      },
      {
        "reactor_utilization": {
          "shard": "10",
          "value": 77.873237340000017
        }
      },
      {
        "reactor_utilization": {
          "shard": "11",
          "value": 74.81319721999995
        }
      },
      {
        "reactor_utilization": {
          "shard": "12",
          "value": 71.774804680000017
        }
      },
      {
        "reactor_utilization": {
          "shard": "13",
          "value": 72.882005600000042
        }
      },
      {
        "reactor_utilization": {
          "shard": "14",
          "value": 63.376688699999882
        }
      },
      {
        "reactor_utilization": {
          "shard": "15",
          "value": 74.165354060000013
        }
      }
    ]
  },
  {
    "metrics": [
      {
        "reactor_utilization": {
          "shard": "0",
          "value": 69.833397540000234
        }
      },
      {
        "reactor_utilization": {
          "shard": "1",
          "value": 78.830067340000056
        }
      },
      {
        "reactor_utilization": {
          "shard": "2",
          "value": 70.255565739999867
        }
      },
      {
        "reactor_utilization": {
          "shard": "3",
          "value": 65.578057919999921
        }
      },
      {
        "reactor_utilization": {
          "shard": "4",
          "value": 72.419661880000149
        }
      },
      {
        "reactor_utilization": {
          "shard": "5",
          "value": 73.325869040000001
        }
      },
      {
        "reactor_utilization": {
          "shard": "6",
          "value": 76.355649420000105
        }
      },
      {
        "reactor_utilization": {
          "shard": "7",
          "value": 70.373573680000106
        }
      },
      {
        "reactor_utilization": {
          "shard": "8",
          "value": 70.274718339999907
        }
      },
      {
        "reactor_utilization": {
          "shard": "9",
          "value": 74.269530180000089
        }
      },
      {
        "reactor_utilization": {
          "shard": "10",
          "value": 77.603042940000023
        }
      },
      {
        "reactor_utilization": {
          "shard": "11",
          "value": 75.57006891999994
        }
      },
      {
        "reactor_utilization": {
          "shard": "12",
          "value": 70.274889120000012
        }
      },
      {
        "reactor_utilization": {
          "shard": "13",
          "value": 72.555391120000053
        }
      },
      {
        "reactor_utilization": {
          "shard": "14",
          "value": 63.527180479999878
        }
      },
      {
        "reactor_utilization": {
          "shard": "15",
          "value": 73.308371500000007
        }
      }
    ]
  },
  {
    "metrics": [
      {
        "reactor_utilization": {
          "shard": "0",
          "value": 70.555855080000228
        }
      },
      {
        "reactor_utilization": {
          "shard": "1",
          "value": 80.173387860000062
        }
      },
      {
        "reactor_utilization": {
          "shard": "2",
          "value": 69.974787279999873
        }
      },
      {
        "reactor_utilization": {
          "shard": "3",
          "value": 66.594464939999938
        }
      },
      {
        "reactor_utilization": {
          "shard": "4",
          "value": 71.208657480000156
        }
      },
      {
        "reactor_utilization": {
          "shard": "5",
          "value": 74.520733120000003
        }
      },
      {
        "reactor_utilization": {
          "shard": "6",
          "value": 76.136665620000116
        }
      },
      {
        "reactor_utilization": {
          "shard": "7",
          "value": 70.649143860000095
        }
      },
      {
        "reactor_utilization": {
          "shard": "8",
          "value": 71.713147139999904
        }
      },
      {
        "reactor_utilization": {
          "shard": "9",
          "value": 74.712609040000075
        }
      },
      {
        "reactor_utilization": {
          "shard": "10",
          "value": 76.884017980000024
        }
      },
      {
        "reactor_utilization": {
          "shard": "11",
          "value": 75.833952379999943
        }
      },
      {
        "reactor_utilization": {
          "shard": "12",
          "value": 71.377954820000028
        }
      },
      {
        "reactor_utilization": {
          "shard": "13",
          "value": 72.485753040000048
        }
      },
      {
        "reactor_utilization": {
          "shard": "14",
          "value": 63.843174999999874
        }
      },
      {
        "reactor_utilization": {
          "shard": "15",
          "value": 74.526864920000023
        }
      }
    ]
  },
  {
    "metrics": [
      {
        "reactor_utilization": {
          "shard": "0",
          "value": 70.676607740000222
        }
      },
      {
        "reactor_utilization": {
          "shard": "1",
          "value": 79.015323160000051
        }
      },
      {
        "reactor_utilization": {
          "shard": "2",
          "value": 69.453869659999867
        }
      },
      {
        "reactor_utilization": {
          "shard": "3",
          "value": 66.511279819999942
        }
      },
      {
        "reactor_utilization": {
          "shard": "4",
          "value": 71.779115700000148
        }
      },
      {
        "reactor_utilization": {
          "shard": "5",
          "value": 75.225279720000003
        }
      },
      {
        "reactor_utilization": {
          "shard": "6",
          "value": 77.670427920000108
        }
      },
      {
        "reactor_utilization": {
          "shard": "7",
          "value": 71.175551380000087
        }
      },
      {
        "reactor_utilization": {
          "shard": "8",
          "value": 71.813998939999919
        }
      },
      {
        "reactor_utilization": {
          "shard": "9",
          "value": 75.584195840000078
        }
      },
      {
        "reactor_utilization": {
          "shard": "10",
          "value": 75.988145320000029
        }
      },
      {
        "reactor_utilization": {
          "shard": "11",
          "value": 76.399674519999948
        }
      },
      {
        "reactor_utilization": {
          "shard": "12",
          "value": 71.018001400000017
        }
      },
      {
        "reactor_utilization": {
          "shard": "13",
          "value": 73.85954518000004
        }
      },
      {
        "reactor_utilization": {
          "shard": "14",
          "value": 62.623597019999892
        }
      },
      {
        "reactor_utilization": {
          "shard": "15",
          "value": 73.499068260000016
        }
      }
    ]
  },
  {
    "metrics": [
      {
        "reactor_utilization": {
          "shard": "0",
          "value": 70.560397020000224
        }
      },
      {
        "reactor_utilization": {
          "shard": "1",
          "value": 79.346726980000042
        }
      },
      {
        "reactor_utilization": {
          "shard": "2",
          "value": 70.817237859999864
        }
      },
      {
        "reactor_utilization": {
          "shard": "3",
          "value": 66.511500719999944
        }
      },
      {
        "reactor_utilization": {
          "shard": "4",
          "value": 71.384757500000148
        }
      },
      {
        "reactor_utilization": {
          "shard": "5",
          "value": 73.079227040000006
        }
      },
      {
        "reactor_utilization": {
          "shard": "6",
          "value": 77.12783198000011
        }
      },
      {
        "reactor_utilization": {
          "shard": "7",
          "value": 70.815365060000104
        }
      },
      {
        "reactor_utilization": {
          "shard": "8",
          "value": 71.72235033999992
        }
      },
      {
        "reactor_utilization": {
          "shard": "9",
          "value": 75.70465182000008
        }
      },
      {
        "reactor_utilization": {
          "shard": "10",
          "value": 78.199395700000025
        }
      },
      {
        "reactor_utilization": {
          "shard": "11",
          "value": 76.330755579999959
        }
      },
      {
        "reactor_utilization": {
          "shard": "12",
          "value": 72.369847900000011
        }
      },
      {
        "reactor_utilization": {
          "shard": "13",
          "value": 74.085113180000036
        }
      },
      {
        "reactor_utilization": {
          "shard": "14",
          "value": 63.56266909999988
        }
      },
      {
        "reactor_utilization": {
          "shard": "15",
          "value": 73.926119660000026
        }
      }
    ]
  },
  {
    "metrics": [
      {
        "reactor_utilization": {
          "shard": "0",
          "value": 72.215535660000228
        }
      },
      {
        "reactor_utilization": {
          "shard": "1",
          "value": 81.10021526000007
        }
      },
      {
        "reactor_utilization": {
          "shard": "2",
          "value": 70.748274939999874
        }
      },
      {
        "reactor_utilization": {
          "shard": "3",
          "value": 67.529847439999941
        }
      },
      {
        "reactor_utilization": {
          "shard": "4",
          "value": 73.270229400000147
        }
      },
      {
        "reactor_utilization": {
          "shard": "5",
          "value": 75.517991139999992
        }
      },
      {
        "reactor_utilization": {
          "shard": "6",
          "value": 78.438611560000112
        }
      },
      {
        "reactor_utilization": {
          "shard": "7",
          "value": 72.190749320000094
        }
      },
      {
        "reactor_utilization": {
          "shard": "8",
          "value": 72.567666439999925
        }
      },
      {
        "reactor_utilization": {
          "shard": "9",
          "value": 76.22446752000009
        }
      },
      {
        "reactor_utilization": {
          "shard": "10",
          "value": 79.11123566000002
        }
      },
      {
        "reactor_utilization": {
          "shard": "11",
          "value": 77.165453319999941
        }
      },
      {
        "reactor_utilization": {
          "shard": "12",
          "value": 73.628870860000006
        }
      },
      {
        "reactor_utilization": {
          "shard": "13",
          "value": 73.765112120000055
        }
      },
      {
        "reactor_utilization": {
          "shard": "14",
          "value": 64.394588879999887
        }
      },
      {
        "reactor_utilization": {
          "shard": "15",
          "value": 74.999870300000026
        }
      }
    ]
  },
  {
    "metrics": [
      {
        "reactor_utilization": {
          "shard": "0",
          "value": 71.273654380000224
        }
      },
      {
        "reactor_utilization": {
          "shard": "1",
          "value": 80.706787700000064
        }
      },
      {
        "reactor_utilization": {
          "shard": "2",
          "value": 69.365286159999869
        }
      },
      {
        "reactor_utilization": {
          "shard": "3",
          "value": 67.059405339999941
        }
      },
      {
        "reactor_utilization": {
          "shard": "4",
          "value": 73.076372280000143
        }
      },
      {
        "reactor_utilization": {
          "shard": "5",
          "value": 74.651792659999998
        }
      },
      {
        "reactor_utilization": {
          "shard": "6",
          "value": 77.484988420000107
        }
      },
      {
        "reactor_utilization": {
          "shard": "7",
          "value": 71.383121180000103
        }
      },
      {
        "reactor_utilization": {
          "shard": "8",
          "value": 72.681875359999921
        }
      },
      {
        "reactor_utilization": {
          "shard": "9",
          "value": 75.621711820000087
        }
      },
      {
        "reactor_utilization": {
          "shard": "10",
          "value": 76.518033540000005
        }
      },
      {
        "reactor_utilization": {
          "shard": "11",
          "value": 76.893781059999938
        }
      },
      {
        "reactor_utilization": {
          "shard": "12",
          "value": 72.622873960000007
        }
      },
      {
        "reactor_utilization": {
          "shard": "13",
          "value": 74.289836820000062
        }
      },
      {
        "reactor_utilization": {
          "shard": "14",
          "value": 65.014690679999902
        }
      },
      {
        "reactor_utilization": {
          "shard": "15",
          "value": 75.051582080000017
        }
      }
    ]
  },
  {
    "metrics": [
      {
        "reactor_utilization": {
          "shard": "0",
          "value": 72.321062560000229
        }
      },
      {
        "reactor_utilization": {
          "shard": "1",
          "value": 80.698831420000062
        }
      },
      {
        "reactor_utilization": {
          "shard": "2",
          "value": 70.592122439999855
        }
      },
      {
        "reactor_utilization": {
          "shard": "3",
          "value": 65.732957039999945
        }
      },
      {
        "reactor_utilization": {
          "shard": "4",
          "value": 72.817401440000154
        }
      },
      {
        "reactor_utilization": {
          "shard": "5",
          "value": 74.916278419999998
        }
      },
      {
        "reactor_utilization": {
          "shard": "6",
          "value": 78.044561180000116
        }
      },
      {
        "reactor_utilization": {
          "shard": "7",
          "value": 71.05553950000008
        }
      },
      {
        "reactor_utilization": {
          "shard": "8",
          "value": 72.802636879999923
        }
      },
      {
        "reactor_utilization": {
          "shard": "9",
          "value": 76.431278320000089
        }
      },
      {
        "reactor_utilization": {
          "shard": "10",
          "value": 77.009655800000004
        }
      },
      {
        "reactor_utilization": {
          "shard": "11",
          "value": 77.148268039999948
        }
      },
      {
        "reactor_utilization": {
          "shard": "12",
          "value": 72.553757860000019
        }
      },
      {
        "reactor_utilization": {
          "shard": "13",
          "value": 75.028552920000052
        }
      },
      {
        "reactor_utilization": {
          "shard": "14",
          "value": 63.0972426599999
        }
      },
      {
        "reactor_utilization": {
          "shard": "15",
          "value": 74.814951360000023
        }
      }
    ]
  },
  {
    "metrics": [
      {
        "reactor_utilization": {
          "shard": "0",
          "value": 72.190670520000239
        }
      },
      {
        "reactor_utilization": {
          "shard": "1",
          "value": 80.712285680000065
        }
      },
      {
        "reactor_utilization": {
          "shard": "2",
          "value": 70.409955899999858
        }
      },
      {
        "reactor_utilization": {
          "shard": "3",
          "value": 66.503371019999946
        }
      },
      {
        "reactor_utilization": {
          "shard": "4",
          "value": 72.602236860000147
        }
      },
      {
        "reactor_utilization": {
          "shard": "5",
          "value": 74.958831480000001
        }
      },
      {
        "reactor_utilization": {
          "shard": "6",
          "value": 77.779404700000114
        }
      },
      {
        "reactor_utilization": {
          "shard": "7",
          "value": 72.129621700000087
        }
      },
      {
        "reactor_utilization": {
          "shard": "8",
          "value": 73.223052139999936
        }
      },
      {
        "reactor_utilization": {
          "shard": "9",
          "value": 76.235960620000085
        }
      },
      {
        "reactor_utilization": {
          "shard": "10",
          "value": 77.234164200000009
        }
      },
      {
        "reactor_utilization": {
          "shard": "11",
          "value": 77.550210099999944
        }
      },
      {
        "reactor_utilization": {
          "shard": "12",
          "value": 71.22489198000001
        }
      },
      {
        "reactor_utilization": {
          "shard": "13",
          "value": 73.976637700000055
        }
      },
      {
        "reactor_utilization": {
          "shard": "14",
          "value": 65.735644399999899
        }
      },
      {
        "reactor_utilization": {
          "shard": "15",
          "value": 74.790319460000035
        }
      }
    ]
  },
  {
    "metrics": [
      {
        "reactor_utilization": {
          "shard": "0",
          "value": 71.560791260000229
        }
      },
      {
        "reactor_utilization": {
          "shard": "1",
          "value": 79.779109240000068
        }
      },
      {
        "reactor_utilization": {
          "shard": "2",
          "value": 69.162626479999872
        }
      },
      {
        "reactor_utilization": {
          "shard": "3",
          "value": 65.985710259999948
        }
      },
      {
        "reactor_utilization": {
          "shard": "4",
          "value": 72.290911480000148
        }
      },
      {
        "reactor_utilization": {
          "shard": "5",
          "value": 75.474552619999997
        }
      },
      {
        "reactor_utilization": {
          "shard": "6",
          "value": 78.159099120000121
        }
      },
      {
        "reactor_utilization": {
          "shard": "7",
          "value": 72.150732620000085
        }
      },
      {
        "reactor_utilization": {
          "shard": "8",
          "value": 72.036734379999928
        }
      },
      {
        "reactor_utilization": {
          "shard": "9",
          "value": 75.736712220000086
        }
      },
      {
        "reactor_utilization": {
          "shard": "10",
          "value": 77.247897400000014
        }
      },
      {
        "reactor_utilization": {
          "shard": "11",
          "value": 75.99526079999994
        }
      },
      {
        "reactor_utilization": {
          "shard": "12",
          "value": 72.92136244000001
        }
      },
      {
        "reactor_utilization": {
          "shard": "13",
          "value": 73.969835020000048
        }
      },
      {
        "reactor_utilization": {
          "shard": "14",
          "value": 64.904849019999901
        }
      },
      {
        "reactor_utilization": {
          "shard": "15",
          "value": 75.10092978000003
        }
      }
    ]
  },
  {
    "metrics": [
      {
        "reactor_utilization": {
          "shard": "0",
          "value": 71.55469892000022
        }
      },
      {
        "reactor_utilization": {
          "shard": "1",
          "value": 81.211210160000064
        }
      },
      {
        "reactor_utilization": {
          "shard": "2",
          "value": 71.294583579999866
        }
      },
      {
        "reactor_utilization": {
          "shard": "3",
          "value": 66.379764459999961
        }
      },
      {
        "reactor_utilization": {
          "shard": "4",
          "value": 72.286201420000154
        }
      },
      {
        "reactor_utilization": {
          "shard": "5",
          "value": 75.64574927999999
        }
      },
      {
        "reactor_utilization": {
          "shard": "6",
          "value": 77.527209320000125
        }
      },
      {
        "reactor_utilization": {
          "shard": "7",
          "value": 71.472672760000094
        }
      },
      {
        "reactor_utilization": {
          "shard": "8",
          "value": 73.510365259999929
        }
      },
      {
        "reactor_utilization": {
          "shard": "9",
          "value": 76.024696180000078
        }
      },
      {
        "reactor_utilization": {
          "shard": "10",
          "value": 77.528027760000001
        }
      },
      {
        "reactor_utilization": {
          "shard": "11",
          "value": 77.195845039999938
        }
      },
      {
        "reactor_utilization": {
          "shard": "12",
          "value": 73.188648299999997
        }
      },
      {
        "reactor_utilization": {
          "shard": "13",
          "value": 74.087632800000051
        }
      },
      {
        "reactor_utilization": {
          "shard": "14",
          "value": 64.817131179999905
        }
      },
      {
        "reactor_utilization": {
          "shard": "15",
          "value": 74.830911320000041
        }
      }
    ]
  },
  {
    "metrics": [
      {
        "reactor_utilization": {
          "shard": "0",
          "value": 70.908723980000232
        }
      },
      {
        "reactor_utilization": {
          "shard": "1",
          "value": 79.849416620000071
        }
      },
      {
        "reactor_utilization": {
          "shard": "2",
          "value": 69.870046739999864
        }
      },
      {
        "reactor_utilization": {
          "shard": "3",
          "value": 65.494053419999958
        }
      },
      {
        "reactor_utilization": {
          "shard": "4",
          "value": 73.318022680000155
        }
      },
      {
        "reactor_utilization": {
          "shard": "5",
          "value": 73.86454101999999
        }
      },
      {
        "reactor_utilization": {
          "shard": "6",
          "value": 77.54224292000012
        }
      },
      {
        "reactor_utilization": {
          "shard": "7",
          "value": 72.014116340000086
        }
      },
      {
        "reactor_utilization": {
          "shard": "8",
          "value": 71.975698759999929
        }
      },
      {
        "reactor_utilization": {
          "shard": "9",
          "value": 75.316714600000097
        }
      },
      {
        "reactor_utilization": {
          "shard": "10",
          "value": 76.28076922000001
        }
      },
      {
        "reactor_utilization": {
          "shard": "11",
          "value": 76.981658159999938
        }
      },
      {
        "reactor_utilization": {
          "shard": "12",
          "value": 73.240811300000004
        }
      },
      {
        "reactor_utilization": {
          "shard": "13",
          "value": 74.132328960000066
        }
      },
      {
        "reactor_utilization": {
          "shard": "14",
          "value": 63.95586361999991
        }
      },
      {
        "reactor_utilization": {
          "shard": "15",
          "value": 74.940113440000033
        }
      }
    ]
  },
  {
    "metrics": [
      {
        "reactor_utilization": {
          "shard": "0",
          "value": 70.89107674000023
        }
      },
      {
        "reactor_utilization": {
          "shard": "1",
          "value": 79.261425400000064
        }
      },
      {
        "reactor_utilization": {
          "shard": "2",
          "value": 69.815708839999871
        }
      },
      {
        "reactor_utilization": {
          "shard": "3",
          "value": 66.50865359999996
        }
      },
      {
        "reactor_utilization": {
          "shard": "4",
          "value": 71.268794620000151
        }
      },
      {
        "reactor_utilization": {
          "shard": "5",
          "value": 73.545050279999984
        }
      },
      {
        "reactor_utilization": {
          "shard": "6",
          "value": 77.21643880000012
        }
      },
      {
        "reactor_utilization": {
          "shard": "7",
          "value": 72.290694960000096
        }
      },
      {
        "reactor_utilization": {
          "shard": "8",
          "value": 72.64196673999993
        }
      },
      {
        "reactor_utilization": {
          "shard": "9",
          "value": 75.345437560000079
        }
      },
      {
        "reactor_utilization": {
          "shard": "10",
          "value": 76.21551762
        }
      },
      {
        "reactor_utilization": {
          "shard": "11",
          "value": 76.650271519999947
        }
      },
      {
        "reactor_utilization": {
          "shard": "12",
          "value": 72.042526100000003
        }
      },
      {
        "reactor_utilization": {
          "shard": "13",
          "value": 72.852000900000064
        }
      },
      {
        "reactor_utilization": {
          "shard": "14",
          "value": 64.250773019999912
        }
      },
      {
        "reactor_utilization": {
          "shard": "15",
          "value": 74.513088340000039
        }
      }
    ]
  },
  {
    "metrics": [
      {
        "reactor_utilization": {
          "shard": "0",
          "value": 71.004623300000233
        }
      },
      {
        "reactor_utilization": {
          "shard": "1",
          "value": 80.590010780000057
        }
      },
      {
        "reactor_utilization": {
          "shard": "2",
          "value": 70.321526579999869
        }
      },
      {
        "reactor_utilization": {
          "shard": "3",
          "value": 66.382025919999961
        }
      },
      {
        "reactor_utilization": {
          "shard": "4",
          "value": 72.147350040000163
        }
      },
      {
        "reactor_utilization": {
          "shard": "5",
          "value": 74.694456519999974
        }
      },
      {
        "reactor_utilization": {
          "shard": "6",
          "value": 77.410328940000113
        }
      },
      {
        "reactor_utilization": {
          "shard": "7",
          "value": 70.65009158000008
        }
      },
      {
        "reactor_utilization": {
          "shard": "8",
          "value": 71.263464099999936
        }
      },
      {
        "reactor_utilization": {
          "shard": "9",
          "value": 75.158533320000089
        }
      },
      {
        "reactor_utilization": {
          "shard": "10",
          "value": 76.633728040000008
        }
      },
      {
        "reactor_utilization": {
          "shard": "11",
          "value": 76.059314299999954
        }
      },
      {
        "reactor_utilization": {
          "shard": "12",
          "value": 72.854570240000001
        }
      },
      {
        "reactor_utilization": {
          "shard": "13",
          "value": 74.538830020000063
        }
      },
      {
        "reactor_utilization": {
          "shard": "14",
          "value": 64.069372299999912
        }
      },
      {
        "reactor_utilization": {
          "shard": "15",
          "value": 74.305072360000025
        }
      }
    ]
  },
  {
    "metrics": [
      {
        "reactor_utilization": {
          "shard": "0",
          "value": 72.413550280000237
        }
      },
      {
        "reactor_utilization": {
          "shard": "1",
          "value": 81.111349220000065
        }
      },
      {
        "reactor_utilization": {
          "shard": "2",
          "value": 71.05696039999988
        }
      },
      {
        "reactor_utilization": {
          "shard": "3",
          "value": 67.796718219999946
        }
      },
      {
        "reactor_utilization": {
          "shard": "4",
          "value": 72.201422740000169
        }
      },
      {
        "reactor_utilization": {
          "shard": "5",
          "value": 75.758481439999983
        }
      },
      {
        "reactor_utilization": {
          "shard": "6",
          "value": 77.395361200000124
        }
      },
      {
        "reactor_utilization": {
          "shard": "7",
          "value": 71.440096060000087
        }
      },
      {
        "reactor_utilization": {
          "shard": "8",
          "value": 71.474190199999924
        }
      },
      {
        "reactor_utilization": {
          "shard": "9",
          "value": 75.490402020000076
        }
      },
      {
        "reactor_utilization": {
          "shard": "10",
          "value": 77.204966260000006
        }
      },
      {
        "reactor_utilization": {
          "shard": "11",
          "value": 76.689125799999943
        }
      },
      {
        "reactor_utilization": {
          "shard": "12",
          "value": 72.123286680000007
        }
      },
      {
        "reactor_utilization": {
          "shard": "13",
          "value": 73.401565820000073
        }
      },
      {
        "reactor_utilization": {
          "shard": "14",
          "value": 63.609925839999917
        }
      },
      {
        "reactor_utilization": {
          "shard": "15",
          "value": 74.162460940000031
        }
      }
    ]
  },
  {
    "metrics": [
      {
        "reactor_utilization": {
          "shard": "0",
          "value": 70.965052740000246
        }
      },
      {
        "reactor_utilization": {
          "shard": "1",
          "value": 79.672793360000057
        }
      },
      {
        "reactor_utilization": {
          "shard": "2",
          "value": 70.056066199999876
        }
      },
      {
        "reactor_utilization": {
          "shard": "3",
          "value": 65.475021879999957
        }
      },
      {
        "reactor_utilization": {
          "shard": "4",
          "value": 73.018673420000169
        }
      },
      {
        "reactor_utilization": {
          "shard": "5",
          "value": 74.379374499999983
        }
      },
      {
        "reactor_utilization": {
          "shard": "6",
          "value": 77.605341760000115
        }
      },
      {
        "reactor_utilization": {
          "shard": "7",
          "value": 71.085454320000082
        }
      },
      {
        "reactor_utilization": {
          "shard": "8",
          "value": 71.740049219999918
        }
      },
      {
        "reactor_utilization": {
          "shard": "9",
          "value": 75.445758180000084
        }
      },
      {
        "reactor_utilization": {
          "shard": "10",
          "value": 77.05344860000001
        }
      },
      {
        "reactor_utilization": {
          "shard": "11",
          "value": 76.490929279999946
        }
      },
      {
        "reactor_utilization": {
          "shard": "12",
          "value": 72.144714960000016
        }
      },
      {
        "reactor_utilization": {
          "shard": "13",
          "value": 73.220404040000076
        }
      },
      {
        "reactor_utilization": {
          "shard": "14",
          "value": 64.532126139999917
        }
      },
      {
        "reactor_utilization": {
          "shard": "15",
          "value": 74.801037360000038
        }
      }
    ]
  },
  {
    "metrics": [
      {
        "reactor_utilization": {
          "shard": "0",
          "value": 70.507895060000251
        }
      },
      {
        "reactor_utilization": {
          "shard": "1",
          "value": 80.561726860000064
        }
      },
      {
        "reactor_utilization": {
          "shard": "2",
          "value": 70.896487299999876
        }
      },
      {
        "reactor_utilization": {
          "shard": "3",
          "value": 66.769855759999956
        }
      },
      {
        "reactor_utilization": {
          "shard": "4",
          "value": 72.831450100000154
        }
      },
      {
        "reactor_utilization": {
          "shard": "5",
          "value": 75.100246999999982
        }
      },
      {
        "reactor_utilization": {
          "shard": "6",
          "value": 77.686560820000111
        }
      },
      {
        "reactor_utilization": {
          "shard": "7",
          "value": 72.312579700000086
        }
      },
      {
        "reactor_utilization": {
          "shard": "8",
          "value": 72.399521079999914
        }
      },
      {
        "reactor_utilization": {
          "shard": "9",
          "value": 75.408112460000083
        }
      },
      {
        "reactor_utilization": {
          "shard": "10",
          "value": 77.612463160000004
        }
      },
      {
        "reactor_utilization": {
          "shard": "11",
          "value": 76.98019707999994
        }
      },
      {
        "reactor_utilization": {
          "shard": "12",
          "value": 73.248106100000015
        }
      },
      {
        "reactor_utilization": {
          "shard": "13",
          "value": 73.512816600000065
        }
      },
      {
        "reactor_utilization": {
          "shard": "14",
          "value": 63.507726579999925
        }
      },
      {
        "reactor_utilization": {
          "shard": "15",
          "value": 73.70948530000004
        }
      }
    ]
  },
  {
    "metrics": [
      {
        "reactor_utilization": {
          "shard": "0",
          "value": 73.324229840000243
        }
      },
      {
        "reactor_utilization": {
          "shard": "1",
          "value": 81.42002676000007
        }
      },
      {
        "reactor_utilization": {
          "shard": "2",
          "value": 69.938405759999881
        }
      },
      {
        "reactor_utilization": {
          "shard": "3",
          "value": 65.802406879999978
        }
      },
      {
        "reactor_utilization": {
          "shard": "4",
          "value": 71.466627800000168
        }
      },
      {
        "reactor_utilization": {
          "shard": "5",
          "value": 75.682146379999978
        }
      },
      {
        "reactor_utilization": {
          "shard": "6",
          "value": 78.242621000000113
        }
      },
      {
        "reactor_utilization": {
          "shard": "7",
          "value": 72.059609060000085
        }
      },
      {
        "reactor_utilization": {
          "shard": "8",
          "value": 73.143609899999902
        }
      },
      {
        "reactor_utilization": {
          "shard": "9",
          "value": 75.169670640000092
        }
      },
      {
        "reactor_utilization": {
          "shard": "10",
          "value": 78.52759420000001
        }
      },
      {
        "reactor_utilization": {
          "shard": "11",
          "value": 77.176443479999946
        }
      },
      {
        "reactor_utilization": {
          "shard": "12",
          "value": 72.27100504000002
        }
      },
      {
        "reactor_utilization": {
          "shard": "13",
          "value": 74.217436360000065
        }
      },
      {
        "reactor_utilization": {
          "shard": "14",
          "value": 65.241235239999924
        }
      },
      {
        "reactor_utilization": {
          "shard": "15",
          "value": 75.599215660000027
        }
      }
    ]
  },
  {
    "metrics": [
      {
        "reactor_utilization": {
          "shard": "0",
          "value": 73.007850900000236
        }
      },
      {
        "reactor_utilization": {
          "shard": "1",
          "value": 81.152504920000055
        }
      },
      {
        "reactor_utilization": {
          "shard": "2",
          "value": 71.181051359999884
        }
      },
      {
        "reactor_utilization": {
          "shard": "3",
          "value": 66.738678119999975
        }
      },
      {
        "reactor_utilization": {
          "shard": "4",
          "value": 72.492935940000166
        }
      },
      {
        "reactor_utilization": {
          "shard": "5",
          "value": 75.367837779999974
        }
      },
      {
        "reactor_utilization": {
          "shard": "6",
          "value": 77.549669680000122
        }
      },
      {
        "reactor_utilization": {
          "shard": "7",
          "value": 71.834486360000085
        }
      },
      {
        "reactor_utilization": {
          "shard": "8",
          "value": 72.004178319999895
        }
      },
      {
        "reactor_utilization": {
          "shard": "9",
          "value": 75.394090740000095
        }
      },
      {
        "reactor_utilization": {
          "shard": "10",
          "value": 77.418563120000002
        }
      },
      {
        "reactor_utilization": {
          "shard": "11",
          "value": 76.760905199999954
        }
      },
      {
        "reactor_utilization": {
          "shard": "12",
          "value": 73.526547840000006
        }
      },
      {
        "reactor_utilization": {
          "shard": "13",
          "value": 73.038786740000063
        }
      },
      {
        "reactor_utilization": {
          "shard": "14",
          "value": 64.06710233999992
        }
      },
      {
        "reactor_utilization": {
          "shard": "15",
          "value": 75.371145460000022
        }
      }
    ]
  },
  {
    "metrics": [
      {
        "reactor_utilization": {
          "shard": "0",
          "value": 72.778303540000238
        }
      },
      {
        "reactor_utilization": {
          "shard": "1",
          "value": 80.798233020000069
        }
      },
      {
        "reactor_utilization": {
          "shard": "2",
          "value": 70.571582459999888
        }
      },
      {
        "reactor_utilization": {
          "shard": "3",
          "value": 66.980427959999972
        }
      },
      {
        "reactor_utilization": {
          "shard": "4",
          "value": 71.828033960000155
        }
      },
      {
        "reactor_utilization": {
          "shard": "5",
          "value": 74.909526779999979
        }
      },
      {
        "reactor_utilization": {
          "shard": "6",
          "value": 78.552189460000108
        }
      },
      {
        "reactor_utilization": {
          "shard": "7",
          "value": 71.186243800000099
        }
      },
      {
        "reactor_utilization": {
          "shard": "8",
          "value": 72.407559399999926
        }
      },
      {
        "reactor_utilization": {
          "shard": "9",
          "value": 75.527388160000086
        }
      },
      {
        "reactor_utilization": {
          "shard": "10",
          "value": 76.605771520000005
        }
      },
      {
        "reactor_utilization": {
          "shard": "11",
          "value": 75.753381559999951
        }
      },
      {
        "reactor_utilization": {
          "shard": "12",
          "value": 72.828907140000013
        }
      },
      {
        "reactor_utilization": {
          "shard": "13",
          "value": 74.178101740000074
        }
      },
      {
        "reactor_utilization": {
          "shard": "14",
          "value": 65.399149339999923
        }
      },
      {
        "reactor_utilization": {
          "shard": "15",
          "value": 76.055129240000014
        }
      }
    ]
  }
]
