{
  "fio version" : "fio-3.39-26-ga72fe",
  "timestamp" : 1747134640,
  "timestamp_ms" : 1747134640799,
  "time" : "Tue May 13 11:10:40 2025",
  "global options" : {
    "write_iops_log" : "sea_1osd_28reactor_32fio_bal_osd_rc_1procs_seqread",
    "write_bw_log" : "sea_1osd_28reactor_32fio_bal_osd_rc_1procs_seqread",
    "write_lat_log" : "sea_1osd_28reactor_32fio_bal_osd_rc_1procs_seqread",
    "ioengine" : "rbd",
    "bs" : "64k",
    "rw" : "read",
    "direct" : "1",
    "runtime" : "5m",
    "time_based" : "",
    "group_reporting" : "",
    "ramp_time" : "30s",
    "thread" : "1",
    "iodepth" : "32",
    "clientname" : "admin",
    "pool" : "rbd"
  },
  "jobs" : [
    {
      "jobname" : "fio_test_0",
      "groupid" : 0,
      "job_start" : 1747134590762,
      "error" : 110,
      "eta" : 0,
      "elapsed" : 81,
      "job options" : {
        "max_latency" : "1s",
        "numjobs" : "1",
        "rbdname" : "fio_test_31"
      },
      "read" : {
        "io_bytes" : 2345467904,
        "io_kbytes" : 2290496,
        "bw_bytes" : 46993947,
        "bw" : 45892,
        "iops" : 697.194951,
        "runtime" : 49910,
        "total_ios" : 34797,
        "short_ios" : 0,
        "drop_ios" : 0,
        "slat_ns" : {
          "min" : 360,
          "max" : 38807,
          "mean" : 3888.231169,
          "stddev" : 3474.037036,
          "N" : 34797
        },
        "clat_ns" : {
          "min" : 234615,
          "max" : 50537565718,
          "mean" : 1413689798.648775,
          "stddev" : 8086522422.810299,
          "N" : 35789,
          "percentile" : {
            "1.000000" : 749568,
            "5.000000" : 1761280,
            "10.000000" : 2867200,
            "20.000000" : 5341184,
            "30.000000" : 8847360,
            "40.000000" : 14221312,
            "50.000000" : 20054016,
            "60.000000" : 25559040,
            "70.000000" : 32112640,
            "80.000000" : 42205184,
            "90.000000" : 72876032,
            "95.000000" : 227540992,
            "99.000000" : 17112760320,
            "99.500000" : 17112760320,
            "99.900000" : 17112760320,
            "99.950000" : 17112760320,
            "99.990000" : 17112760320
          }
        },
        "lat_ns" : {
          "min" : 236254,
          "max" : 50537567601,
          "mean" : 1413693686.079214,
          "stddev" : 8086522601.890454,
          "N" : 35789
        },
        "bw_min" : 32,
        "bw_max" : 2171449,
        "bw_agg" : 100.000000,
        "bw_mean" : 127075.972484,
        "bw_dev" : 16237.380641,
        "bw_samples" : 35789,
        "iops_min" : 32,
        "iops_max" : 32,
        "iops_mean" : 32.000000,
        "iops_stddev" : 0.000000,
        "iops_samples" : 35789
      },
      "write" : {
        "io_bytes" : 0,
        "io_kbytes" : 0,
        "bw_bytes" : 0,
        "bw" : 0,
        "iops" : 0.000000,
        "runtime" : 0,
        "total_ios" : 0,
        "short_ios" : 0,
        "drop_ios" : 0,
        "slat_ns" : {
          "min" : 0,
          "max" : 0,
          "mean" : 0.000000,
          "stddev" : 0.000000,
          "N" : 0
        },
        "clat_ns" : {
          "min" : 0,
          "max" : 0,
          "mean" : 0.000000,
          "stddev" : 0.000000,
          "N" : 0
        },
        "lat_ns" : {
          "min" : 0,
          "max" : 0,
          "mean" : 0.000000,
          "stddev" : 0.000000,
          "N" : 0
        },
        "bw_min" : 0,
        "bw_max" : 0,
        "bw_agg" : 0.000000,
        "bw_mean" : 0.000000,
        "bw_dev" : 0.000000,
        "bw_samples" : 0,
        "iops_min" : 0,
        "iops_max" : 0,
        "iops_mean" : 0.000000,
        "iops_stddev" : 0.000000,
        "iops_samples" : 0
      },
      "trim" : {
        "io_bytes" : 0,
        "io_kbytes" : 0,
        "bw_bytes" : 0,
        "bw" : 0,
        "iops" : 0.000000,
        "runtime" : 0,
        "total_ios" : 0,
        "short_ios" : 0,
        "drop_ios" : 0,
        "slat_ns" : {
          "min" : 0,
          "max" : 0,
          "mean" : 0.000000,
          "stddev" : 0.000000,
          "N" : 0
        },
        "clat_ns" : {
          "min" : 0,
          "max" : 0,
          "mean" : 0.000000,
          "stddev" : 0.000000,
          "N" : 0
        },
        "lat_ns" : {
          "min" : 0,
          "max" : 0,
          "mean" : 0.000000,
          "stddev" : 0.000000,
          "N" : 0
        },
        "bw_min" : 0,
        "bw_max" : 0,
        "bw_agg" : 0.000000,
        "bw_mean" : 0.000000,
        "bw_dev" : 0.000000,
        "bw_samples" : 0,
        "iops_min" : 0,
        "iops_max" : 0,
        "iops_mean" : 0.000000,
        "iops_stddev" : 0.000000,
        "iops_samples" : 0
      },
      "sync" : {
        "total_ios" : 0,
        "lat_ns" : {
          "min" : 0,
          "max" : 0,
          "mean" : 0.000000,
          "stddev" : 0.000000,
          "N" : 0
        }
      },
      "job_runtime" : 1241158,
      "usr_cpu" : 0.016920,
      "sys_cpu" : 0.016839,
      "ctx" : 35494,
      "majf" : 0,
      "minf" : 2392,
      "iodepth_level" : {
        "1" : 0.100000,
        "2" : 0.100000,
        "4" : 0.172429,
        "8" : 0.344857,
        "16" : 0.689715,
        "32" : 98.663678,
        ">=64" : 0.000000
      },
      "iodepth_submit" : {
        "0" : 0.000000,
        "4" : 100.000000,
        "8" : 0.000000,
        "16" : 0.000000,
        "32" : 0.000000,
        "64" : 0.000000,
        ">=64" : 0.000000
      },
      "iodepth_complete" : {
        "0" : 0.100000,
        "4" : 99.908123,
        "8" : 0.000000,
        "16" : 0.000000,
        "32" : 0.100000,
        "64" : 0.000000,
        ">=64" : 0.000000
      },
      "latency_ns" : {
        "2" : 0.000000,
        "4" : 0.000000,
        "10" : 0.000000,
        "20" : 0.000000,
        "50" : 0.000000,
        "100" : 0.000000,
        "250" : 0.000000,
        "500" : 0.000000,
        "750" : 0.000000,
        "1000" : 0.000000
      },
      "latency_us" : {
        "2" : 0.000000,
        "4" : 0.000000,
        "10" : 0.000000,
        "20" : 0.000000,
        "50" : 0.000000,
        "100" : 0.000000,
        "250" : 0.010000,
        "500" : 0.298876,
        "750" : 0.732822,
        "1000" : 0.922493
      },
      "latency_ms" : {
        "2" : 4.287726,
        "4" : 8.880076,
        "10" : 18.148116,
        "20" : 18.150990,
        "50" : 35.669742,
        "100" : 8.253585,
        "250" : 3.017502,
        "500" : 1.563353,
        "750" : 0.000000,
        "1000" : 0.000000,
        "2000" : 0.000000,
        ">=2000" : 2.922666
      },
      "latency_depth" : 32,
      "latency_target" : 0,
      "latency_percentile" : 100.000000,
      "latency_window" : 0
    }
  ],
  "disk_util" : [
    {
      "name" : "sda",
      "read_ios" : 11,
      "write_ios" : 2072,
      "read_sectors" : 104,
      "write_sectors" : 199672,
      "read_merges" : 0,
      "write_merges" : 2698,
      "read_ticks" : 6,
      "write_ticks" : 2119,
      "in_queue" : 2148,
      "util" : 0.398482
    }
  ]
}
