{
  "fio version" : "fio-3.39-26-ga72fe",
  "timestamp" : 1747135288,
  "timestamp_ms" : 1747135288898,
  "time" : "Tue May 13 11:21:28 2025",
  "global options" : {
    "write_iops_log" : "sea_1osd_28reactor_32fio_bal_osd_rc_1procs_seqread",
    "write_bw_log" : "sea_1osd_28reactor_32fio_bal_osd_rc_1procs_seqread",
    "write_lat_log" : "sea_1osd_28reactor_32fio_bal_osd_rc_1procs_seqread",
    "ioengine" : "rbd",
    "bs" : "64k",
    "rw" : "read",
    "direct" : "1",
    "runtime" : "5m",
    "time_based" : "",
    "group_reporting" : "",
    "ramp_time" : "30s",
    "thread" : "1",
    "iodepth" : "64",
    "clientname" : "admin",
    "pool" : "rbd"
  },
  "jobs" : [
    {
      "jobname" : "fio_test_0",
      "groupid" : 0,
      "job_start" : 1747135198648,
      "error" : 110,
      "eta" : 0,
      "elapsed" : 121,
      "job options" : {
        "max_latency" : "1s",
        "numjobs" : "1",
        "rbdname" : "fio_test_31"
      },
      "read" : {
        "io_bytes" : 138374217728,
        "io_kbytes" : 135131072,
        "bw_bytes" : 1533521192,
        "bw" : 1497579,
        "iops" : 23377.334235,
        "runtime" : 90233,
        "total_ios" : 2109407,
        "short_ios" : 0,
        "drop_ios" : 0,
        "slat_ns" : {
          "min" : 373,
          "max" : 57352,
          "mean" : 2698.694303,
          "stddev" : 1541.503564,
          "N" : 2109407
        },
        "clat_ns" : {
          "min" : 156079,
          "max" : 44762600979,
          "mean" : 82747503.566103,
          "stddev" : 1307896430.289097,
          "N" : 2111423,
          "percentile" : {
            "1.000000" : 593920,
            "5.000000" : 1335296,
            "10.000000" : 2113536,
            "20.000000" : 3817472,
            "30.000000" : 5799936,
            "40.000000" : 8454144,
            "50.000000" : 13959168,
            "60.000000" : 26083328,
            "70.000000" : 45350912,
            "80.000000" : 71827456,
            "90.000000" : 117964800,
            "95.000000" : 170917888,
            "99.000000" : 329252864,
            "99.500000" : 434110464,
            "99.900000" : 910163968,
            "99.950000" : 17112760320,
            "99.990000" : 17112760320
          }
        },
        "lat_ns" : {
          "min" : 158274,
          "max" : 44762602580,
          "mean" : 82750202.445699,
          "stddev" : 1307896474.372632,
          "N" : 2111423
        },
        "bw_min" : 143,
        "bw_max" : 8675904,
        "bw_agg" : 23.770561,
        "bw_mean" : 355983.833640,
        "bw_dev" : 21426.684492,
        "bw_samples" : 2111423,
        "iops_min" : 32,
        "iops_max" : 32,
        "iops_mean" : 32.000000,
        "iops_stddev" : 0.000000,
        "iops_samples" : 2111423
      },
      "write" : {
        "io_bytes" : 0,
        "io_kbytes" : 0,
        "bw_bytes" : 0,
        "bw" : 0,
        "iops" : 0.000000,
        "runtime" : 0,
        "total_ios" : 0,
        "short_ios" : 0,
        "drop_ios" : 0,
        "slat_ns" : {
          "min" : 0,
          "max" : 0,
          "mean" : 0.000000,
          "stddev" : 0.000000,
          "N" : 0
        },
        "clat_ns" : {
          "min" : 0,
          "max" : 0,
          "mean" : 0.000000,
          "stddev" : 0.000000,
          "N" : 0
        },
        "lat_ns" : {
          "min" : 0,
          "max" : 0,
          "mean" : 0.000000,
          "stddev" : 0.000000,
          "N" : 0
        },
        "bw_min" : 0,
        "bw_max" : 0,
        "bw_agg" : 0.000000,
        "bw_mean" : 0.000000,
        "bw_dev" : 0.000000,
        "bw_samples" : 0,
        "iops_min" : 0,
        "iops_max" : 0,
        "iops_mean" : 0.000000,
        "iops_stddev" : 0.000000,
        "iops_samples" : 0
      },
      "trim" : {
        "io_bytes" : 0,
        "io_kbytes" : 0,
        "bw_bytes" : 0,
        "bw" : 0,
        "iops" : 0.000000,
        "runtime" : 0,
        "total_ios" : 0,
        "short_ios" : 0,
        "drop_ios" : 0,
        "slat_ns" : {
          "min" : 0,
          "max" : 0,
          "mean" : 0.000000,
          "stddev" : 0.000000,
          "N" : 0
        },
        "clat_ns" : {
          "min" : 0,
          "max" : 0,
          "mean" : 0.000000,
          "stddev" : 0.000000,
          "N" : 0
        },
        "lat_ns" : {
          "min" : 0,
          "max" : 0,
          "mean" : 0.000000,
          "stddev" : 0.000000,
          "N" : 0
        },
        "bw_min" : 0,
        "bw_max" : 0,
        "bw_agg" : 0.000000,
        "bw_mean" : 0.000000,
        "bw_dev" : 0.000000,
        "bw_samples" : 0,
        "iops_min" : 0,
        "iops_max" : 0,
        "iops_mean" : 0.000000,
        "iops_stddev" : 0.000000,
        "iops_samples" : 0
      },
      "sync" : {
        "total_ios" : 0,
        "lat_ns" : {
          "min" : 0,
          "max" : 0,
          "mean" : 0.000000,
          "stddev" : 0.000000,
          "N" : 0
        }
      },
      "job_runtime" : 2741878,
      "usr_cpu" : 0.340241,
      "sys_cpu" : 0.318395,
      "ctx" : 2107323,
      "majf" : 0,
      "minf" : 151192,
      "iodepth_level" : {
        "1" : 0.100000,
        "2" : 0.100000,
        "4" : 0.100000,
        "8" : 0.100000,
        "16" : 0.133497,
        "32" : 0.266994,
        ">=64" : 99.474307
      },
      "iodepth_submit" : {
        "0" : 0.000000,
        "4" : 100.000000,
        "8" : 0.000000,
        "16" : 0.000000,
        "32" : 0.000000,
        "64" : 0.000000,
        ">=64" : 0.000000
      },
      "iodepth_complete" : {
        "0" : 0.100000,
        "4" : 99.998507,
        "8" : 0.000000,
        "16" : 0.000000,
        "32" : 0.000000,
        "64" : 0.100000,
        ">=64" : 0.000000
      },
      "latency_ns" : {
        "2" : 0.000000,
        "4" : 0.000000,
        "10" : 0.000000,
        "20" : 0.000000,
        "50" : 0.000000,
        "100" : 0.000000,
        "250" : 0.000000,
        "500" : 0.000000,
        "750" : 0.000000,
        "1000" : 0.000000
      },
      "latency_us" : {
        "2" : 0.000000,
        "4" : 0.000000,
        "10" : 0.000000,
        "20" : 0.000000,
        "50" : 0.000000,
        "100" : 0.000000,
        "250" : 0.019911,
        "500" : 0.595760,
        "750" : 1.151414,
        "1000" : 1.403522
      },
      "latency_ms" : {
        "2" : 5.869896,
        "4" : 12.122317,
        "10" : 22.700408,
        "20" : 12.079556,
        "50" : 16.083240,
        "100" : 14.995067,
        "250" : 11.009303,
        "500" : 1.689764,
        "750" : 0.240210,
        "1000" : 0.041670,
        "2000" : 0.010000,
        ">=2000" : 0.090689
      },
      "latency_depth" : 64,
      "latency_target" : 0,
      "latency_percentile" : 100.000000,
      "latency_window" : 0
    }
  ],
  "disk_util" : [
    {
      "name" : "sda",
      "read_ios" : 117,
      "write_ios" : 4097,
      "read_sectors" : 2072,
      "write_sectors" : 710224,
      "read_merges" : 13,
      "write_merges" : 5061,
      "read_ticks" : 46,
      "write_ticks" : 4522,
      "in_queue" : 4604,
      "util" : 0.700964
    }
  ]
}
