{
  "fio version" : "fio-3.39-26-ga72fe",
  "timestamp" : 1747134067,
  "timestamp_ms" : 1747134067531,
  "time" : "Tue May 13 11:01:07 2025",
  "global options" : {
    "write_iops_log" : "sea_1osd_28reactor_32fio_bal_osd_rc_1procs_seqread",
    "write_bw_log" : "sea_1osd_28reactor_32fio_bal_osd_rc_1procs_seqread",
    "write_lat_log" : "sea_1osd_28reactor_32fio_bal_osd_rc_1procs_seqread",
    "ioengine" : "rbd",
    "bs" : "64k",
    "rw" : "read",
    "direct" : "1",
    "runtime" : "5m",
    "time_based" : "",
    "group_reporting" : "",
    "ramp_time" : "30s",
    "thread" : "1",
    "iodepth" : "8",
    "clientname" : "admin",
    "pool" : "rbd"
  },
  "jobs" : [
    {
      "jobname" : "fio_test_0",
      "groupid" : 0,
      "job_start" : 1747134066785,
      "error" : 110,
      "eta" : 0,
      "elapsed" : 86,
      "job options" : {
        "max_latency" : "1s",
        "numjobs" : "1",
        "rbdname" : "fio_test_31"
      },
      "read" : {
        "io_bytes" : 2793144320,
        "io_kbytes" : 2727680,
        "bw_bytes" : 50909401,
        "bw" : 49716,
        "iops" : 772.733072,
        "runtime" : 54865,
        "total_ios" : 42396,
        "short_ios" : 0,
        "drop_ios" : 0,
        "slat_ns" : {
          "min" : 446,
          "max" : 42880,
          "mean" : 4867.664567,
          "stddev" : 4032.213207,
          "N" : 42396
        },
        "clat_ns" : {
          "min" : 305187,
          "max" : 55608890840,
          "mean" : 316168581.041952,
          "stddev" : 4025283076.755794,
          "N" : 42620,
          "percentile" : {
            "1.000000" : 1044480,
            "5.000000" : 2113536,
            "10.000000" : 3719168,
            "20.000000" : 5275648,
            "30.000000" : 5996544,
            "40.000000" : 6520832,
            "50.000000" : 7045120,
            "60.000000" : 7700480,
            "70.000000" : 8454144,
            "80.000000" : 10158080,
            "90.000000" : 14352384,
            "95.000000" : 17432576,
            "99.000000" : 183500800,
            "99.500000" : 17112760320,
            "99.900000" : 17112760320,
            "99.950000" : 17112760320,
            "99.990000" : 17112760320
          }
        },
        "lat_ns" : {
          "min" : 309181,
          "max" : 55608893279,
          "mean" : 316173441.615932,
          "stddev" : 4025283076.526182,
          "N" : 42620
        },
        "bw_min" : 32,
        "bw_max" : 1807572,
        "bw_agg" : 100.000000,
        "bw_mean" : 208708.840427,
        "bw_dev" : 10781.713322,
        "bw_samples" : 42620,
        "iops_min" : 32,
        "iops_max" : 32,
        "iops_mean" : 32.000000,
        "iops_stddev" : 0.000000,
        "iops_samples" : 42620
      },
      "write" : {
        "io_bytes" : 0,
        "io_kbytes" : 0,
        "bw_bytes" : 0,
        "bw" : 0,
        "iops" : 0.000000,
        "runtime" : 0,
        "total_ios" : 0,
        "short_ios" : 0,
        "drop_ios" : 0,
        "slat_ns" : {
          "min" : 0,
          "max" : 0,
          "mean" : 0.000000,
          "stddev" : 0.000000,
          "N" : 0
        },
        "clat_ns" : {
          "min" : 0,
          "max" : 0,
          "mean" : 0.000000,
          "stddev" : 0.000000,
          "N" : 0
        },
        "lat_ns" : {
          "min" : 0,
          "max" : 0,
          "mean" : 0.000000,
          "stddev" : 0.000000,
          "N" : 0
        },
        "bw_min" : 0,
        "bw_max" : 0,
        "bw_agg" : 0.000000,
        "bw_mean" : 0.000000,
        "bw_dev" : 0.000000,
        "bw_samples" : 0,
        "iops_min" : 0,
        "iops_max" : 0,
        "iops_mean" : 0.000000,
        "iops_stddev" : 0.000000,
        "iops_samples" : 0
      },
      "trim" : {
        "io_bytes" : 0,
        "io_kbytes" : 0,
        "bw_bytes" : 0,
        "bw" : 0,
        "iops" : 0.000000,
        "runtime" : 0,
        "total_ios" : 0,
        "short_ios" : 0,
        "drop_ios" : 0,
        "slat_ns" : {
          "min" : 0,
          "max" : 0,
          "mean" : 0.000000,
          "stddev" : 0.000000,
          "N" : 0
        },
        "clat_ns" : {
          "min" : 0,
          "max" : 0,
          "mean" : 0.000000,
          "stddev" : 0.000000,
          "N" : 0
        },
        "lat_ns" : {
          "min" : 0,
          "max" : 0,
          "mean" : 0.000000,
          "stddev" : 0.000000,
          "N" : 0
        },
        "bw_min" : 0,
        "bw_max" : 0,
        "bw_agg" : 0.000000,
        "bw_mean" : 0.000000,
        "bw_dev" : 0.000000,
        "bw_samples" : 0,
        "iops_min" : 0,
        "iops_max" : 0,
        "iops_mean" : 0.000000,
        "iops_stddev" : 0.000000,
        "iops_samples" : 0
      },
      "sync" : {
        "total_ios" : 0,
        "lat_ns" : {
          "min" : 0,
          "max" : 0,
          "mean" : 0.000000,
          "stddev" : 0.000000,
          "N" : 0
        }
      },
      "job_runtime" : 1201888,
      "usr_cpu" : 0.027207,
      "sys_cpu" : 0.027124,
      "ctx" : 42506,
      "majf" : 0,
      "minf" : 2948,
      "iodepth_level" : {
        "1" : 0.100000,
        "2" : 0.100000,
        "4" : 0.160392,
        "8" : 99.719313,
        "16" : 0.000000,
        "32" : 0.000000,
        ">=64" : 0.000000
      },
      "iodepth_submit" : {
        "0" : 0.000000,
        "4" : 100.000000,
        "8" : 0.000000,
        "16" : 0.000000,
        "32" : 0.000000,
        "64" : 0.000000,
        ">=64" : 0.000000
      },
      "iodepth_complete" : {
        "0" : 0.100000,
        "4" : 99.924578,
        "8" : 0.100000,
        "16" : 0.000000,
        "32" : 0.000000,
        "64" : 0.000000,
        ">=64" : 0.000000
      },
      "latency_ns" : {
        "2" : 0.000000,
        "4" : 0.000000,
        "10" : 0.000000,
        "20" : 0.000000,
        "50" : 0.000000,
        "100" : 0.000000,
        "250" : 0.000000,
        "500" : 0.000000,
        "750" : 0.000000,
        "1000" : 0.000000
      },
      "latency_us" : {
        "2" : 0.000000,
        "4" : 0.000000,
        "10" : 0.000000,
        "20" : 0.000000,
        "50" : 0.000000,
        "100" : 0.000000,
        "250" : 0.000000,
        "500" : 0.054250,
        "750" : 0.301915,
        "1000" : 0.476460
      },
      "latency_ms" : {
        "2" : 3.875366,
        "4" : 6.363808,
        "10" : 68.645627,
        "20" : 17.942730,
        "50" : 1.179357,
        "100" : 0.000000,
        "250" : 1.082649,
        "500" : 0.025946,
        "750" : 0.000000,
        "1000" : 0.000000,
        "2000" : 0.000000,
        ">=2000" : 0.580243
      },
      "latency_depth" : 8,
      "latency_target" : 0,
      "latency_percentile" : 100.000000,
      "latency_window" : 0
    }
  ],
  "disk_util" : [
    {
      "name" : "sda",
      "read_ios" : 11,
      "write_ios" : 2229,
      "read_sectors" : 104,
      "write_sectors" : 211504,
      "read_merges" : 0,
      "write_merges" : 2962,
      "read_ticks" : 3,
      "write_ticks" : 1849,
      "in_queue" : 1879,
      "util" : 0.357156
    }
  ]
}
