{
  "fio version" : "fio-3.39-26-ga72fe",
  "timestamp" : 1747134256,
  "timestamp_ms" : 1747134256782,
  "time" : "Tue May 13 11:04:16 2025",
  "global options" : {
    "write_iops_log" : "sea_1osd_28reactor_32fio_bal_osd_rc_1procs_seqread",
    "write_bw_log" : "sea_1osd_28reactor_32fio_bal_osd_rc_1procs_seqread",
    "write_lat_log" : "sea_1osd_28reactor_32fio_bal_osd_rc_1procs_seqread",
    "ioengine" : "rbd",
    "bs" : "64k",
    "rw" : "read",
    "direct" : "1",
    "runtime" : "5m",
    "time_based" : "",
    "group_reporting" : "",
    "ramp_time" : "30s",
    "thread" : "1",
    "iodepth" : "16",
    "clientname" : "admin",
    "pool" : "rbd"
  },
  "jobs" : [
    {
      "jobname" : "fio_test_0",
      "groupid" : 0,
      "job_start" : 1747134216773,
      "error" : 110,
      "eta" : 0,
      "elapsed" : 71,
      "job options" : {
        "max_latency" : "1s",
        "numjobs" : "1",
        "rbdname" : "fio_test_31"
      },
      "read" : {
        "io_bytes" : 8403288064,
        "io_kbytes" : 8206336,
        "bw_bytes" : 210761908,
        "bw" : 205822,
        "iops" : 3203.932683,
        "runtime" : 39871,
        "total_ios" : 127744,
        "short_ios" : 0,
        "drop_ios" : 0,
        "slat_ns" : {
          "min" : 441,
          "max" : 65628,
          "mean" : 3454.393788,
          "stddev" : 2297.249384,
          "N" : 127744
        },
        "clat_ns" : {
          "min" : 210966,
          "max" : 35360690338,
          "mean" : 158197592.239191,
          "stddev" : 2136506308.606362,
          "N" : 128224,
          "percentile" : {
            "1.000000" : 1318912,
            "5.000000" : 2998272,
            "10.000000" : 4947968,
            "20.000000" : 9895936,
            "30.000000" : 14352384,
            "40.000000" : 16449536,
            "50.000000" : 18219008,
            "60.000000" : 20054016,
            "70.000000" : 23199744,
            "80.000000" : 30277632,
            "90.000000" : 40108032,
            "95.000000" : 50069504,
            "99.000000" : 227540992,
            "99.500000" : 299892736,
            "99.900000" : 17112760320,
            "99.950000" : 17112760320,
            "99.990000" : 17112760320
          }
        },
        "lat_ns" : {
          "min" : 213183,
          "max" : 35360695989,
          "mean" : 158201045.792590,
          "stddev" : 2136506406.430920,
          "N" : 128224
        },
        "bw_min" : 32,
        "bw_max" : 3719434,
        "bw_agg" : 90.574302,
        "bw_mean" : 186422.212323,
        "bw_dev" : 9573.525860,
        "bw_samples" : 128224,
        "iops_min" : 32,
        "iops_max" : 32,
        "iops_mean" : 32.000000,
        "iops_stddev" : 0.000000,
        "iops_samples" : 128224
      },
      "write" : {
        "io_bytes" : 0,
        "io_kbytes" : 0,
        "bw_bytes" : 0,
        "bw" : 0,
        "iops" : 0.000000,
        "runtime" : 0,
        "total_ios" : 0,
        "short_ios" : 0,
        "drop_ios" : 0,
        "slat_ns" : {
          "min" : 0,
          "max" : 0,
          "mean" : 0.000000,
          "stddev" : 0.000000,
          "N" : 0
        },
        "clat_ns" : {
          "min" : 0,
          "max" : 0,
          "mean" : 0.000000,
          "stddev" : 0.000000,
          "N" : 0
        },
        "lat_ns" : {
          "min" : 0,
          "max" : 0,
          "mean" : 0.000000,
          "stddev" : 0.000000,
          "N" : 0
        },
        "bw_min" : 0,
        "bw_max" : 0,
        "bw_agg" : 0.000000,
        "bw_mean" : 0.000000,
        "bw_dev" : 0.000000,
        "bw_samples" : 0,
        "iops_min" : 0,
        "iops_max" : 0,
        "iops_mean" : 0.000000,
        "iops_stddev" : 0.000000,
        "iops_samples" : 0
      },
      "trim" : {
        "io_bytes" : 0,
        "io_kbytes" : 0,
        "bw_bytes" : 0,
        "bw" : 0,
        "iops" : 0.000000,
        "runtime" : 0,
        "total_ios" : 0,
        "short_ios" : 0,
        "drop_ios" : 0,
        "slat_ns" : {
          "min" : 0,
          "max" : 0,
          "mean" : 0.000000,
          "stddev" : 0.000000,
          "N" : 0
        },
        "clat_ns" : {
          "min" : 0,
          "max" : 0,
          "mean" : 0.000000,
          "stddev" : 0.000000,
          "N" : 0
        },
        "lat_ns" : {
          "min" : 0,
          "max" : 0,
          "mean" : 0.000000,
          "stddev" : 0.000000,
          "N" : 0
        },
        "bw_min" : 0,
        "bw_max" : 0,
        "bw_agg" : 0.000000,
        "bw_mean" : 0.000000,
        "bw_dev" : 0.000000,
        "bw_samples" : 0,
        "iops_min" : 0,
        "iops_max" : 0,
        "iops_mean" : 0.000000,
        "iops_stddev" : 0.000000,
        "iops_samples" : 0
      },
      "sync" : {
        "total_ios" : 0,
        "lat_ns" : {
          "min" : 0,
          "max" : 0,
          "mean" : 0.000000,
          "stddev" : 0.000000,
          "N" : 0
        }
      },
      "job_runtime" : 1268012,
      "usr_cpu" : 0.057807,
      "sys_cpu" : 0.051892,
      "ctx" : 128096,
      "majf" : 0,
      "minf" : 7690,
      "iodepth_level" : {
        "1" : 0.100000,
        "2" : 0.100000,
        "4" : 0.172219,
        "8" : 0.344439,
        "16" : 99.354177,
        "32" : 0.000000,
        ">=64" : 0.000000
      },
      "iodepth_submit" : {
        "0" : 0.000000,
        "4" : 100.000000,
        "8" : 0.000000,
        "16" : 0.000000,
        "32" : 0.000000,
        "64" : 0.000000,
        ">=64" : 0.000000
      },
      "iodepth_complete" : {
        "0" : 0.100000,
        "4" : 99.974956,
        "8" : 0.000000,
        "16" : 0.100000,
        "32" : 0.000000,
        "64" : 0.000000,
        ">=64" : 0.000000
      },
      "latency_ns" : {
        "2" : 0.000000,
        "4" : 0.000000,
        "10" : 0.000000,
        "20" : 0.000000,
        "50" : 0.000000,
        "100" : 0.000000,
        "250" : 0.000000,
        "500" : 0.000000,
        "750" : 0.000000,
        "1000" : 0.000000
      },
      "latency_us" : {
        "2" : 0.000000,
        "4" : 0.000000,
        "10" : 0.000000,
        "20" : 0.000000,
        "50" : 0.000000,
        "100" : 0.000000,
        "250" : 0.010000,
        "500" : 0.035227,
        "750" : 0.146387,
        "1000" : 0.283379
      },
      "latency_ms" : {
        "2" : 2.104991,
        "4" : 5.041333,
        "10" : 12.716840,
        "20" : 39.475044,
        "50" : 35.557052,
        "100" : 3.117172,
        "250" : 1.017660,
        "500" : 0.478300,
        "750" : 0.000000,
        "1000" : 0.000000,
        "2000" : 0.000000,
        ">=2000" : 0.400802
      },
      "latency_depth" : 16,
      "latency_target" : 0,
      "latency_percentile" : 100.000000,
      "latency_window" : 0
    }
  ],
  "disk_util" : [
    {
      "name" : "sda",
      "read_ios" : 13,
      "write_ios" : 1969,
      "read_sectors" : 120,
      "write_sectors" : 217256,
      "read_merges" : 0,
      "write_merges" : 2488,
      "read_ticks" : 3,
      "write_ticks" : 2026,
      "in_queue" : 2051,
      "util" : 0.462638
    }
  ]
}
