{
    "metrics": [
        {
            "reactor_utilization": {
                "shard": "0",
                "value": 0.8338140400000027
            }
        },
        {
            "reactor_utilization": {
                "shard": "1",
                "value": 1.9869246600000334
            }
        },
        {
            "reactor_utilization": {
                "shard": "2",
                "value": 1.871198960000009
            }
        },
        {
            "reactor_utilization": {
                "shard": "3",
                "value": 0.64645598000002691
            }
        },
        {
            "reactor_utilization": {
                "shard": "4",
                "value": 0.55081632000002489
            }
        },
        {
            "reactor_utilization": {
                "shard": "5",
                "value": 0.68997034000001234
            }
        },
        {
            "reactor_utilization": {
                "shard": "6",
                "value": 0.53754837999998584
            }
        },
        {
            "reactor_utilization": {
                "shard": "7",
                "value": 0.55619169999994167
            }
        },
        {
            "reactor_utilization": {
                "shard": "8",
                "value": 0.5507917999999834
            }
        },
        {
            "reactor_utilization": {
                "shard": "9",
                "value": 0.89478491999999132
            }
        },
        {
            "reactor_utilization": {
                "shard": "10",
                "value": 0.76064142000002999
            }
        },
        {
            "reactor_utilization": {
                "shard": "11",
                "value": 0.74871025999998508
            }
        },
        {
            "reactor_utilization": {
                "shard": "12",
                "value": 0.56352956000003118
            }
        },
        {
            "reactor_utilization": {
                "shard": "13",
                "value": 0.52828326000000647
            }
        },
        {
            "reactor_utilization": {
                "shard": "14",
                "value": 0.65813970000001554
            }
        },
        {
            "reactor_utilization": {
                "shard": "15",
                "value": 0.98254289999999411
            }
        },
        {
            "reactor_utilization": {
                "shard": "16",
                "value": 0.67590583999997955
            }
        },
        {
            "reactor_utilization": {
                "shard": "17",
                "value": 0.4756335399999978
            }
        },
        {
            "reactor_utilization": {
                "shard": "18",
                "value": 0.57614459999998369
            }
        },
        {
            "reactor_utilization": {
                "shard": "19",
                "value": 0.47249034000002021
            }
        },
        {
            "reactor_utilization": {
                "shard": "20",
                "value": 0.4733872999999833
            }
        },
        {
            "reactor_utilization": {
                "shard": "21",
                "value": 0.87201008000002966
            }
        },
        {
            "reactor_utilization": {
                "shard": "22",
                "value": 0.65369628000002677
            }
        },
        {
            "reactor_utilization": {
                "shard": "23",
                "value": 0.48789314000002859
            }
        },
        {
            "reactor_utilization": {
                "shard": "24",
                "value": 0.46730223999997822
            }
        },
        {
            "reactor_utilization": {
                "shard": "25",
                "value": 0.51732771999999372
            }
        },
        {
            "reactor_utilization": {
                "shard": "26",
                "value": 0.61433603999998532
            }
        },
        {
            "reactor_utilization": {
                "shard": "27",
                "value": 0.46592683999999718
            }
        }
    ]
}
{
    "metrics": [
        {
            "reactor_utilization": {
                "shard": "0",
                "value": 0.10081293999999463
            }
        },
        {
            "reactor_utilization": {
                "shard": "1",
                "value": 0.019724520000041768
            }
        },
        {
            "reactor_utilization": {
                "shard": "2",
                "value": 0.047961560000020498
            }
        },
        {
            "reactor_utilization": {
                "shard": "3",
                "value": 0.027642480000023006
            }
        },
        {
            "reactor_utilization": {
                "shard": "4",
                "value": 0.021888740000020057
            }
        },
        {
            "reactor_utilization": {
                "shard": "5",
                "value": 0.023934240000023088
            }
        },
        {
            "reactor_utilization": {
                "shard": "6",
                "value": 0.022045859999964001
            }
        },
        {
            "reactor_utilization": {
                "shard": "7",
                "value": 0.02252591999993836
            }
        },
        {
            "reactor_utilization": {
                "shard": "8",
                "value": 0.021538099999984794
            }
        },
        {
            "reactor_utilization": {
                "shard": "9",
                "value": 0.02315464000001155
            }
        },
        {
            "reactor_utilization": {
                "shard": "10",
                "value": 0.022858380000012612
            }
        },
        {
            "reactor_utilization": {
                "shard": "11",
                "value": 0.021475039999985235
            }
        },
        {
            "reactor_utilization": {
                "shard": "12",
                "value": 0.023110480000043676
            }
        },
        {
            "reactor_utilization": {
                "shard": "13",
                "value": 0.019271940000020749
            }
        },
        {
            "reactor_utilization": {
                "shard": "14",
                "value": 0.021449940000017875
            }
        },
        {
            "reactor_utilization": {
                "shard": "15",
                "value": 0.022215199999997548
            }
        },
        {
            "reactor_utilization": {
                "shard": "16",
                "value": 0.020148479999959612
            }
        },
        {
            "reactor_utilization": {
                "shard": "17",
                "value": 0.022391179999992072
            }
        },
        {
            "reactor_utilization": {
                "shard": "18",
                "value": 0.025494439999984575
            }
        },
        {
            "reactor_utilization": {
                "shard": "19",
                "value": 0.02240348000002168
            }
        },
        {
            "reactor_utilization": {
                "shard": "20",
                "value": 0.021702659999989216
            }
        },
        {
            "reactor_utilization": {
                "shard": "21",
                "value": 0.024269680000033045
            }
        },
        {
            "reactor_utilization": {
                "shard": "22",
                "value": 0.020057740000045676
            }
        },
        {
            "reactor_utilization": {
                "shard": "23",
                "value": 0.022631480000057103
            }
        },
        {
            "reactor_utilization": {
                "shard": "24",
                "value": 0.020882160000001981
            }
        },
        {
            "reactor_utilization": {
                "shard": "25",
                "value": 0.020327340000014793
            }
        },
        {
            "reactor_utilization": {
                "shard": "26",
                "value": 0.022461899999981494
            }
        },
        {
            "reactor_utilization": {
                "shard": "27",
                "value": 0.022964880000009291
            }
        }
    ]
}
{
    "metrics": [
        {
            "reactor_utilization": {
                "shard": "0",
                "value": 0.1037437400000063
            }
        },
        {
            "reactor_utilization": {
                "shard": "1",
                "value": 0.048568220000033691
            }
        },
        {
            "reactor_utilization": {
                "shard": "2",
                "value": 0.037934920000026739
            }
        },
        {
            "reactor_utilization": {
                "shard": "3",
                "value": 0.044649640000016255
            }
        },
        {
            "reactor_utilization": {
                "shard": "4",
                "value": 0.04234516000002353
            }
        },
        {
            "reactor_utilization": {
                "shard": "5",
                "value": 0.045029260000017945
            }
        },
        {
            "reactor_utilization": {
                "shard": "6",
                "value": 0.043179619999955676
            }
        },
        {
            "reactor_utilization": {
                "shard": "7",
                "value": 0.045926519999928139
            }
        },
        {
            "reactor_utilization": {
                "shard": "8",
                "value": 0.044067979999984352
            }
        },
        {
            "reactor_utilization": {
                "shard": "9",
                "value": 0.043262060000004432
            }
        },
        {
            "reactor_utilization": {
                "shard": "10",
                "value": 0.040002160000018883
            }
        },
        {
            "reactor_utilization": {
                "shard": "11",
                "value": 0.038058119999972995
            }
        },
        {
            "reactor_utilization": {
                "shard": "12",
                "value": 0.043061860000026542
            }
        },
        {
            "reactor_utilization": {
                "shard": "13",
                "value": 0.041903080000005311
            }
        },
        {
            "reactor_utilization": {
                "shard": "14",
                "value": 0.044584160000027406
            }
        },
        {
            "reactor_utilization": {
                "shard": "15",
                "value": 0.042133900000007607
            }
        },
        {
            "reactor_utilization": {
                "shard": "16",
                "value": 0.050648739999981096
            }
        },
        {
            "reactor_utilization": {
                "shard": "17",
                "value": 0.038558099999974615
            }
        },
        {
            "reactor_utilization": {
                "shard": "18",
                "value": 0.039876839999997138
            }
        },
        {
            "reactor_utilization": {
                "shard": "19",
                "value": 0.046575780000035483
            }
        },
        {
            "reactor_utilization": {
                "shard": "20",
                "value": 0.04498375999999471
            }
        },
        {
            "reactor_utilization": {
                "shard": "21",
                "value": 0.04448946000004117
            }
        },
        {
            "reactor_utilization": {
                "shard": "22",
                "value": 0.041905500000061213
            }
        },
        {
            "reactor_utilization": {
                "shard": "23",
                "value": 0.042084720000068465
            }
        },
        {
            "reactor_utilization": {
                "shard": "24",
                "value": 0.04032080000002658
            }
        },
        {
            "reactor_utilization": {
                "shard": "25",
                "value": 0.037898780000023002
            }
        },
        {
            "reactor_utilization": {
                "shard": "26",
                "value": 0.041783799999972615
            }
        },
        {
            "reactor_utilization": {
                "shard": "27",
                "value": 0.042281980000025143
            }
        }
    ]
}
{
    "metrics": [
        {
            "reactor_utilization": {
                "shard": "0",
                "value": 0.10997438000001081
            }
        },
        {
            "reactor_utilization": {
                "shard": "1",
                "value": 0.035680460000042657
            }
        },
        {
            "reactor_utilization": {
                "shard": "2",
                "value": 0.027659940000024363
            }
        },
        {
            "reactor_utilization": {
                "shard": "3",
                "value": 0.030150119999994285
            }
        },
        {
            "reactor_utilization": {
                "shard": "4",
                "value": 0.028261180000010988
            }
        },
        {
            "reactor_utilization": {
                "shard": "5",
                "value": 0.032224740000019736
            }
        },
        {
            "reactor_utilization": {
                "shard": "6",
                "value": 0.029705739999952296
            }
        },
        {
            "reactor_utilization": {
                "shard": "7",
                "value": 0.032331879999925039
            }
        },
        {
            "reactor_utilization": {
                "shard": "8",
                "value": 0.031029699999995941
            }
        },
        {
            "reactor_utilization": {
                "shard": "9",
                "value": 0.031365020000007071
            }
        },
        {
            "reactor_utilization": {
                "shard": "10",
                "value": 0.025364380000025832
            }
        },
        {
            "reactor_utilization": {
                "shard": "11",
                "value": 0.026339579999978824
            }
        },
        {
            "reactor_utilization": {
                "shard": "12",
                "value": 0.034465620000023733
            }
        },
        {
            "reactor_utilization": {
                "shard": "13",
                "value": 0.031908900000010565
            }
        },
        {
            "reactor_utilization": {
                "shard": "14",
                "value": 0.031763460000000521
            }
        },
        {
            "reactor_utilization": {
                "shard": "15",
                "value": 0.028420540000018146
            }
        },
        {
            "reactor_utilization": {
                "shard": "16",
                "value": 0.046901219999961885
            }
        },
        {
            "reactor_utilization": {
                "shard": "17",
                "value": 0.031219139999982826
            }
        },
        {
            "reactor_utilization": {
                "shard": "18",
                "value": 0.029410180000000175
            }
        },
        {
            "reactor_utilization": {
                "shard": "19",
                "value": 0.032805400000035512
            }
        },
        {
            "reactor_utilization": {
                "shard": "20",
                "value": 0.030363560000001844
            }
        },
        {
            "reactor_utilization": {
                "shard": "21",
                "value": 0.031047880000056871
            }
        },
        {
            "reactor_utilization": {
                "shard": "22",
                "value": 0.030441160000060918
            }
        },
        {
            "reactor_utilization": {
                "shard": "23",
                "value": 0.029283160000059816
            }
        },
        {
            "reactor_utilization": {
                "shard": "24",
                "value": 0.027228280000035632
            }
        },
        {
            "reactor_utilization": {
                "shard": "25",
                "value": 0.028811260000005667
            }
        },
        {
            "reactor_utilization": {
                "shard": "26",
                "value": 0.030214019999974528
            }
        },
        {
            "reactor_utilization": {
                "shard": "27",
                "value": 0.029178760000014847
            }
        }
    ]
}
{
    "metrics": [
        {
            "reactor_utilization": {
                "shard": "0",
                "value": 0.087045400000018702
            }
        },
        {
            "reactor_utilization": {
                "shard": "1",
                "value": 0.017552320000024935
            }
        },
        {
            "reactor_utilization": {
                "shard": "2",
                "value": 0.028960840000036292
            }
        },
        {
            "reactor_utilization": {
                "shard": "3",
                "value": 0.023653340000007184
            }
        },
        {
            "reactor_utilization": {
                "shard": "4",
                "value": 0.018910180000020205
            }
        },
        {
            "reactor_utilization": {
                "shard": "5",
                "value": 0.02576152000001164
            }
        },
        {
            "reactor_utilization": {
                "shard": "6",
                "value": 0.021454519999974941
            }
        },
        {
            "reactor_utilization": {
                "shard": "7",
                "value": 0.024426079999928518
            }
        },
        {
            "reactor_utilization": {
                "shard": "8",
                "value": 0.021017319999994122
            }
        },
        {
            "reactor_utilization": {
                "shard": "9",
                "value": 0.020241020000000276
            }
        },
        {
            "reactor_utilization": {
                "shard": "10",
                "value": 0.021556240000031313
            }
        },
        {
            "reactor_utilization": {
                "shard": "11",
                "value": 0.022116419999995696
            }
        },
        {
            "reactor_utilization": {
                "shard": "12",
                "value": 0.02674154000001927
            }
        },
        {
            "reactor_utilization": {
                "shard": "13",
                "value": 0.022637180000006918
            }
        },
        {
            "reactor_utilization": {
                "shard": "14",
                "value": 0.021501020000014304
            }
        },
        {
            "reactor_utilization": {
                "shard": "15",
                "value": 0.020797780000025856
            }
        },
        {
            "reactor_utilization": {
                "shard": "16",
                "value": 0.039363579999962539
            }
        },
        {
            "reactor_utilization": {
                "shard": "17",
                "value": 0.019720479999985052
            }
        },
        {
            "reactor_utilization": {
                "shard": "18",
                "value": 0.020445140000002748
            }
        },
        {
            "reactor_utilization": {
                "shard": "19",
                "value": 0.025244400000035139
            }
        },
        {
            "reactor_utilization": {
                "shard": "20",
                "value": 0.019830160000000596
            }
        },
        {
            "reactor_utilization": {
                "shard": "21",
                "value": 0.023595940000042948
            }
        },
        {
            "reactor_utilization": {
                "shard": "22",
                "value": 0.023067680000044
            }
        },
        {
            "reactor_utilization": {
                "shard": "23",
                "value": 0.022558420000040602
            }
        },
        {
            "reactor_utilization": {
                "shard": "24",
                "value": 0.020569640000034362
            }
        },
        {
            "reactor_utilization": {
                "shard": "25",
                "value": 0.019220299999989088
            }
        },
        {
            "reactor_utilization": {
                "shard": "26",
                "value": 0.022336879999973469
            }
        },
        {
            "reactor_utilization": {
                "shard": "27",
                "value": 0.0225157200000492
            }
        }
    ]
}
{
    "metrics": [
        {
            "reactor_utilization": {
                "shard": "0",
                "value": 0.10767792000001553
            }
        },
        {
            "reactor_utilization": {
                "shard": "1",
                "value": 0.024190460000028668
            }
        },
        {
            "reactor_utilization": {
                "shard": "2",
                "value": 0.024809600000041954
            }
        },
        {
            "reactor_utilization": {
                "shard": "3",
                "value": 0.026223400000002783
            }
        },
        {
            "reactor_utilization": {
                "shard": "4",
                "value": 0.022522820000048238
            }
        },
        {
            "reactor_utilization": {
                "shard": "5",
                "value": 0.02550318000003049
            }
        },
        {
            "reactor_utilization": {
                "shard": "6",
                "value": 0.025092359999967506
            }
        },
        {
            "reactor_utilization": {
                "shard": "7",
                "value": 0.0260297799999476
            }
        },
        {
            "reactor_utilization": {
                "shard": "8",
                "value": 0.02441449999999179
            }
        },
        {
            "reactor_utilization": {
                "shard": "9",
                "value": 0.02117604000001494
            }
        },
        {
            "reactor_utilization": {
                "shard": "10",
                "value": 0.021902340000024001
            }
        },
        {
            "reactor_utilization": {
                "shard": "11",
                "value": 0.02142901999999669
            }
        },
        {
            "reactor_utilization": {
                "shard": "12",
                "value": 0.026449980000020634
            }
        },
        {
            "reactor_utilization": {
                "shard": "13",
                "value": 0.024218939999998135
            }
        },
        {
            "reactor_utilization": {
                "shard": "14",
                "value": 0.024603260000000127
            }
        },
        {
            "reactor_utilization": {
                "shard": "15",
                "value": 0.023901100000023323
            }
        },
        {
            "reactor_utilization": {
                "shard": "16",
                "value": 0.039306759999968577
            }
        },
        {
            "reactor_utilization": {
                "shard": "17",
                "value": 0.022551100000012259
            }
        },
        {
            "reactor_utilization": {
                "shard": "18",
                "value": 0.023063840000014935
            }
        },
        {
            "reactor_utilization": {
                "shard": "19",
                "value": 0.026722000000023449
            }
        },
        {
            "reactor_utilization": {
                "shard": "20",
                "value": 0.021689940000013674
            }
        },
        {
            "reactor_utilization": {
                "shard": "21",
                "value": 0.025028180000030709
            }
        },
        {
            "reactor_utilization": {
                "shard": "22",
                "value": 0.025199520000029896
            }
        },
        {
            "reactor_utilization": {
                "shard": "23",
                "value": 0.02653492000002089
            }
        },
        {
            "reactor_utilization": {
                "shard": "24",
                "value": 0.024936520000040652
            }
        },
        {
            "reactor_utilization": {
                "shard": "25",
                "value": 0.02439653999998237
            }
        },
        {
            "reactor_utilization": {
                "shard": "26",
                "value": 0.02728247999999045
            }
        },
        {
            "reactor_utilization": {
                "shard": "27",
                "value": 0.027010600000043627
            }
        }
    ]
}
{
    "metrics": [
        {
            "reactor_utilization": {
                "shard": "0",
                "value": 0.073468340000004684
            }
        },
        {
            "reactor_utilization": {
                "shard": "1",
                "value": 0.02479568000004484
            }
        },
        {
            "reactor_utilization": {
                "shard": "2",
                "value": 0.026141900000042906
            }
        },
        {
            "reactor_utilization": {
                "shard": "3",
                "value": 0.023334679999997832
            }
        },
        {
            "reactor_utilization": {
                "shard": "4",
                "value": 0.023548840000042759
            }
        },
        {
            "reactor_utilization": {
                "shard": "5",
                "value": 0.025839380000025614
            }
        },
        {
            "reactor_utilization": {
                "shard": "6",
                "value": 0.028782959999973379
            }
        },
        {
            "reactor_utilization": {
                "shard": "7",
                "value": 0.026119599999951948
            }
        },
        {
            "reactor_utilization": {
                "shard": "8",
                "value": 0.025002779999994118
            }
        },
        {
            "reactor_utilization": {
                "shard": "9",
                "value": 0.024330780000025864
            }
        },
        {
            "reactor_utilization": {
                "shard": "10",
                "value": 0.024780120000045258
            }
        },
        {
            "reactor_utilization": {
                "shard": "11",
                "value": 0.024009879999997708
            }
        },
        {
            "reactor_utilization": {
                "shard": "12",
                "value": 0.025353120000026763
            }
        },
        {
            "reactor_utilization": {
                "shard": "13",
                "value": 0.025516580000006783
            }
        },
        {
            "reactor_utilization": {
                "shard": "14",
                "value": 0.025348860000007356
            }
        },
        {
            "reactor_utilization": {
                "shard": "15",
                "value": 0.025613880000019407
            }
        },
        {
            "reactor_utilization": {
                "shard": "16",
                "value": 0.035987959999972396
            }
        },
        {
            "reactor_utilization": {
                "shard": "17",
                "value": 0.023251699999993214
            }
        },
        {
            "reactor_utilization": {
                "shard": "18",
                "value": 0.024865880000013441
            }
        },
        {
            "reactor_utilization": {
                "shard": "19",
                "value": 0.026947420000023037
            }
        },
        {
            "reactor_utilization": {
                "shard": "20",
                "value": 0.023405799999998145
            }
        },
        {
            "reactor_utilization": {
                "shard": "21",
                "value": 0.026484820000027831
            }
        },
        {
            "reactor_utilization": {
                "shard": "22",
                "value": 0.025639520000053651
            }
        },
        {
            "reactor_utilization": {
                "shard": "23",
                "value": 0.02593666000002548
            }
        },
        {
            "reactor_utilization": {
                "shard": "24",
                "value": 0.027917440000035931
            }
        },
        {
            "reactor_utilization": {
                "shard": "25",
                "value": 0.025266259999978669
            }
        },
        {
            "reactor_utilization": {
                "shard": "26",
                "value": 0.028674839999975887
            }
        },
        {
            "reactor_utilization": {
                "shard": "27",
                "value": 0.021884740000044367
            }
        }
    ]
}
{
    "metrics": [
        {
            "reactor_utilization": {
                "shard": "0",
                "value": 0.09059030000000412
            }
        },
        {
            "reactor_utilization": {
                "shard": "1",
                "value": 0.020359760000043803
            }
        },
        {
            "reactor_utilization": {
                "shard": "2",
                "value": 0.013873320000046263
            }
        },
        {
            "reactor_utilization": {
                "shard": "3",
                "value": 0.016648519999973299
            }
        },
        {
            "reactor_utilization": {
                "shard": "4",
                "value": 0.01581704000004347
            }
        },
        {
            "reactor_utilization": {
                "shard": "5",
                "value": 0.015578480000044692
            }
        },
        {
            "reactor_utilization": {
                "shard": "6",
                "value": 0.01628575999996773
            }
        },
        {
            "reactor_utilization": {
                "shard": "7",
                "value": 0.017866619999951094
            }
        },
        {
            "reactor_utilization": {
                "shard": "8",
                "value": 0.013261600000014084
            }
        },
        {
            "reactor_utilization": {
                "shard": "9",
                "value": 0.016632360000046198
            }
        },
        {
            "reactor_utilization": {
                "shard": "10",
                "value": 0.015594980000033232
            }
        },
        {
            "reactor_utilization": {
                "shard": "11",
                "value": 0.016091380000016198
            }
        },
        {
            "reactor_utilization": {
                "shard": "12",
                "value": 0.015397160000030219
            }
        },
        {
            "reactor_utilization": {
                "shard": "13",
                "value": 0.022898020000006181
            }
        },
        {
            "reactor_utilization": {
                "shard": "14",
                "value": 0.015773760000004078
            }
        },
        {
            "reactor_utilization": {
                "shard": "15",
                "value": 0.021000720000019513
            }
        },
        {
            "reactor_utilization": {
                "shard": "16",
                "value": 0.018022439999976214
            }
        },
        {
            "reactor_utilization": {
                "shard": "17",
                "value": 0.013097740000000968
            }
        },
        {
            "reactor_utilization": {
                "shard": "18",
                "value": 0.01561796000001392
            }
        },
        {
            "reactor_utilization": {
                "shard": "19",
                "value": 0.017157280000068553
            }
        },
        {
            "reactor_utilization": {
                "shard": "20",
                "value": 0.014815739999973765
            }
        },
        {
            "reactor_utilization": {
                "shard": "21",
                "value": 0.016499100000044731
            }
        },
        {
            "reactor_utilization": {
                "shard": "22",
                "value": 0.016015500000043925
            }
        },
        {
            "reactor_utilization": {
                "shard": "23",
                "value": 0.015047640000032114
            }
        },
        {
            "reactor_utilization": {
                "shard": "24",
                "value": 0.014633120000040467
            }
        },
        {
            "reactor_utilization": {
                "shard": "25",
                "value": 0.014451640000001653
            }
        },
        {
            "reactor_utilization": {
                "shard": "26",
                "value": 0.017905579999977217
            }
        },
        {
            "reactor_utilization": {
                "shard": "27",
                "value": 0.021438600000034391
            }
        }
    ]
}
{
    "metrics": [
        {
            "reactor_utilization": {
                "shard": "0",
                "value": 0.1237904400000156
            }
        },
        {
            "reactor_utilization": {
                "shard": "1",
                "value": 0.026304400000054518
            }
        },
        {
            "reactor_utilization": {
                "shard": "2",
                "value": 0.034568660000044993
            }
        },
        {
            "reactor_utilization": {
                "shard": "3",
                "value": 0.034766699999977391
            }
        },
        {
            "reactor_utilization": {
                "shard": "4",
                "value": 0.031451020000061725
            }
        },
        {
            "reactor_utilization": {
                "shard": "5",
                "value": 0.036157280000048697
            }
        },
        {
            "reactor_utilization": {
                "shard": "6",
                "value": 0.034388459999956655
            }
        },
        {
            "reactor_utilization": {
                "shard": "7",
                "value": 0.039197959999948129
            }
        },
        {
            "reactor_utilization": {
                "shard": "8",
                "value": 0.036384000000011518
            }
        },
        {
            "reactor_utilization": {
                "shard": "9",
                "value": 0.037025360000042529
            }
        },
        {
            "reactor_utilization": {
                "shard": "10",
                "value": 0.027520160000049643
            }
        },
        {
            "reactor_utilization": {
                "shard": "11",
                "value": 0.024092320000013157
            }
        },
        {
            "reactor_utilization": {
                "shard": "12",
                "value": 0.037188140000032899
            }
        },
        {
            "reactor_utilization": {
                "shard": "13",
                "value": 0.026761940000008533
            }
        },
        {
            "reactor_utilization": {
                "shard": "14",
                "value": 0.034463660000016993
            }
        },
        {
            "reactor_utilization": {
                "shard": "15",
                "value": 0.029728680000029595
            }
        },
        {
            "reactor_utilization": {
                "shard": "16",
                "value": 0.05401265999996907
            }
        },
        {
            "reactor_utilization": {
                "shard": "17",
                "value": 0.027197599999995159
            }
        },
        {
            "reactor_utilization": {
                "shard": "18",
                "value": 0.029767460000007517
            }
        },
        {
            "reactor_utilization": {
                "shard": "19",
                "value": 0.035151320000070818
            }
        },
        {
            "reactor_utilization": {
                "shard": "20",
                "value": 0.030570379999994568
            }
        },
        {
            "reactor_utilization": {
                "shard": "21",
                "value": 0.036061920000052261
            }
        },
        {
            "reactor_utilization": {
                "shard": "22",
                "value": 0.030194740000033526
            }
        },
        {
            "reactor_utilization": {
                "shard": "23",
                "value": 0.030507720000028105
            }
        },
        {
            "reactor_utilization": {
                "shard": "24",
                "value": 0.029300240000051936
            }
        },
        {
            "reactor_utilization": {
                "shard": "25",
                "value": 0.031604279999974949
            }
        },
        {
            "reactor_utilization": {
                "shard": "26",
                "value": 0.027807260000001222
            }
        },
        {
            "reactor_utilization": {
                "shard": "27",
                "value": 0.028028780000022291
            }
        }
    ]
}
{
    "metrics": [
        {
            "reactor_utilization": {
                "shard": "0",
                "value": 0.10119461999998913
            }
        },
        {
            "reactor_utilization": {
                "shard": "1",
                "value": 0.022296840000057827
            }
        },
        {
            "reactor_utilization": {
                "shard": "2",
                "value": 0.025811680000042969
            }
        },
        {
            "reactor_utilization": {
                "shard": "3",
                "value": 0.02486567999998579
            }
        },
        {
            "reactor_utilization": {
                "shard": "4",
                "value": 0.024400820000070045
            }
        },
        {
            "reactor_utilization": {
                "shard": "5",
                "value": 0.024105400000040689
            }
        },
        {
            "reactor_utilization": {
                "shard": "6",
                "value": 0.026131739999946113
            }
        },
        {
            "reactor_utilization": {
                "shard": "7",
                "value": 0.027277399999947605
            }
        },
        {
            "reactor_utilization": {
                "shard": "8",
                "value": 0.021566939999995149
            }
        },
        {
            "reactor_utilization": {
                "shard": "9",
                "value": 0.027585200000035393
            }
        },
        {
            "reactor_utilization": {
                "shard": "10",
                "value": 0.02396154000003925
            }
        },
        {
            "reactor_utilization": {
                "shard": "11",
                "value": 0.023738339999990199
            }
        },
        {
            "reactor_utilization": {
                "shard": "12",
                "value": 0.025724480000033356
            }
        },
        {
            "reactor_utilization": {
                "shard": "13",
                "value": 0.024395540000021754
            }
        },
        {
            "reactor_utilization": {
                "shard": "14",
                "value": 0.024195420000017176
            }
        },
        {
            "reactor_utilization": {
                "shard": "15",
                "value": 0.024199620000020516
            }
        },
        {
            "reactor_utilization": {
                "shard": "16",
                "value": 0.034981179999959977
            }
        },
        {
            "reactor_utilization": {
                "shard": "17",
                "value": 0.022194920000007112
            }
        },
        {
            "reactor_utilization": {
                "shard": "18",
                "value": 0.024010699999998941
            }
        },
        {
            "reactor_utilization": {
                "shard": "19",
                "value": 0.024955980000052058
            }
        },
        {
            "reactor_utilization": {
                "shard": "20",
                "value": 0.023069219999993784
            }
        },
        {
            "reactor_utilization": {
                "shard": "21",
                "value": 0.024690960000084416
            }
        },
        {
            "reactor_utilization": {
                "shard": "22",
                "value": 0.029320520000020167
            }
        },
        {
            "reactor_utilization": {
                "shard": "23",
                "value": 0.026157600000042969
            }
        },
        {
            "reactor_utilization": {
                "shard": "24",
                "value": 0.024436740000055579
            }
        },
        {
            "reactor_utilization": {
                "shard": "25",
                "value": 0.025291059999976717
            }
        },
        {
            "reactor_utilization": {
                "shard": "26",
                "value": 0.024358160000004236
            }
        },
        {
            "reactor_utilization": {
                "shard": "27",
                "value": 0.025910180000032756
            }
        }
    ]
}
{
    "metrics": [
        {
            "reactor_utilization": {
                "shard": "0",
                "value": 0.10162564000000263
            }
        },
        {
            "reactor_utilization": {
                "shard": "1",
                "value": 0.019572480000062953
            }
        },
        {
            "reactor_utilization": {
                "shard": "2",
                "value": 0.023934980000039907
            }
        },
        {
            "reactor_utilization": {
                "shard": "3",
                "value": 0.022348099999969229
            }
        },
        {
            "reactor_utilization": {
                "shard": "4",
                "value": 0.020983660000062354
            }
        },
        {
            "reactor_utilization": {
                "shard": "5",
                "value": 0.022661060000039868
            }
        },
        {
            "reactor_utilization": {
                "shard": "6",
                "value": 0.021518319999946911
            }
        },
        {
            "reactor_utilization": {
                "shard": "7",
                "value": 0.021985259999945939
            }
        },
        {
            "reactor_utilization": {
                "shard": "8",
                "value": 0.020024939999996327
            }
        },
        {
            "reactor_utilization": {
                "shard": "9",
                "value": 0.020076620000020196
            }
        },
        {
            "reactor_utilization": {
                "shard": "10",
                "value": 0.022199820000023962
            }
        },
        {
            "reactor_utilization": {
                "shard": "11",
                "value": 0.021379879999994245
            }
        },
        {
            "reactor_utilization": {
                "shard": "12",
                "value": 0.023574440000040386
            }
        },
        {
            "reactor_utilization": {
                "shard": "13",
                "value": 0.020796080000018424
            }
        },
        {
            "reactor_utilization": {
                "shard": "14",
                "value": 0.02039834000001628
            }
        },
        {
            "reactor_utilization": {
                "shard": "15",
                "value": 0.022472440000009808
            }
        },
        {
            "reactor_utilization": {
                "shard": "16",
                "value": 0.035860379999963499
            }
        },
        {
            "reactor_utilization": {
                "shard": "17",
                "value": 0.020853299999989972
            }
        },
        {
            "reactor_utilization": {
                "shard": "18",
                "value": 0.019757340000003953
            }
        },
        {
            "reactor_utilization": {
                "shard": "19",
                "value": 0.020996280000062928
            }
        },
        {
            "reactor_utilization": {
                "shard": "20",
                "value": 0.021966479999990796
            }
        },
        {
            "reactor_utilization": {
                "shard": "21",
                "value": 0.02133894000007075
            }
        },
        {
            "reactor_utilization": {
                "shard": "22",
                "value": 0.02045344000002336
            }
        },
        {
            "reactor_utilization": {
                "shard": "23",
                "value": 0.0229123800000397
            }
        },
        {
            "reactor_utilization": {
                "shard": "24",
                "value": 0.0198216400000506
            }
        },
        {
            "reactor_utilization": {
                "shard": "25",
                "value": 0.022980299999963982
            }
        },
        {
            "reactor_utilization": {
                "shard": "26",
                "value": 0.020681019999990724
            }
        },
        {
            "reactor_utilization": {
                "shard": "27",
                "value": 0.022839960000020643
            }
        }
    ]
}
{
    "metrics": [
        {
            "reactor_utilization": {
                "shard": "0",
                "value": 0.10093634000000185
            }
        },
        {
            "reactor_utilization": {
                "shard": "1",
                "value": 0.02239616000005995
            }
        },
        {
            "reactor_utilization": {
                "shard": "2",
                "value": 0.027205400000063218
            }
        },
        {
            "reactor_utilization": {
                "shard": "3",
                "value": 0.024672279999959912
            }
        },
        {
            "reactor_utilization": {
                "shard": "4",
                "value": 0.022230140000056853
            }
        },
        {
            "reactor_utilization": {
                "shard": "5",
                "value": 0.023968900000026494
            }
        },
        {
            "reactor_utilization": {
                "shard": "6",
                "value": 0.023583159999929215
            }
        },
        {
            "reactor_utilization": {
                "shard": "7",
                "value": 0.02428367999994796
            }
        },
        {
            "reactor_utilization": {
                "shard": "8",
                "value": 0.023296340000000804
            }
        },
        {
            "reactor_utilization": {
                "shard": "9",
                "value": 0.022927520000015633
            }
        },
        {
            "reactor_utilization": {
                "shard": "10",
                "value": 0.022074400000038352
            }
        },
        {
            "reactor_utilization": {
                "shard": "11",
                "value": 0.025592239999983057
            }
        },
        {
            "reactor_utilization": {
                "shard": "12",
                "value": 0.027863060000021811
            }
        },
        {
            "reactor_utilization": {
                "shard": "13",
                "value": 0.025205500000002878
            }
        },
        {
            "reactor_utilization": {
                "shard": "14",
                "value": 0.023670620000026954
            }
        },
        {
            "reactor_utilization": {
                "shard": "15",
                "value": 0.02384783999999085
            }
        },
        {
            "reactor_utilization": {
                "shard": "16",
                "value": 0.034122519999946199
            }
        },
        {
            "reactor_utilization": {
                "shard": "17",
                "value": 0.023776340000014606
            }
        },
        {
            "reactor_utilization": {
                "shard": "18",
                "value": 0.024711939999999544
            }
        },
        {
            "reactor_utilization": {
                "shard": "19",
                "value": 0.025586180000058967
            }
        },
        {
            "reactor_utilization": {
                "shard": "20",
                "value": 0.022076659999992199
            }
        },
        {
            "reactor_utilization": {
                "shard": "21",
                "value": 0.025387720000069613
            }
        },
        {
            "reactor_utilization": {
                "shard": "22",
                "value": 0.025576960000006643
            }
        },
        {
            "reactor_utilization": {
                "shard": "23",
                "value": 0.024540160000030564
            }
        },
        {
            "reactor_utilization": {
                "shard": "24",
                "value": 0.027524620000041189
            }
        },
        {
            "reactor_utilization": {
                "shard": "25",
                "value": 0.023655079999951312
            }
        },
        {
            "reactor_utilization": {
                "shard": "26",
                "value": 0.02692868000000459
            }
        },
        {
            "reactor_utilization": {
                "shard": "27",
                "value": 0.027766840000009729
            }
        }
    ]
}
{
    "metrics": [
        {
            "reactor_utilization": {
                "shard": "0",
                "value": 0.08142725999999989
            }
        },
        {
            "reactor_utilization": {
                "shard": "1",
                "value": 0.019137060000062878
            }
        },
        {
            "reactor_utilization": {
                "shard": "2",
                "value": 0.021799180000070528
            }
        },
        {
            "reactor_utilization": {
                "shard": "3",
                "value": 0.022591979999975198
            }
        },
        {
            "reactor_utilization": {
                "shard": "4",
                "value": 0.020095200000047608
            }
        },
        {
            "reactor_utilization": {
                "shard": "5",
                "value": 0.021085600000014804
            }
        },
        {
            "reactor_utilization": {
                "shard": "6",
                "value": 0.021878019999954645
            }
        },
        {
            "reactor_utilization": {
                "shard": "7",
                "value": 0.019057219999973896
            }
        },
        {
            "reactor_utilization": {
                "shard": "8",
                "value": 0.020238619999990437
            }
        },
        {
            "reactor_utilization": {
                "shard": "9",
                "value": 0.019327940000013477
            }
        },
        {
            "reactor_utilization": {
                "shard": "10",
                "value": 0.022050700000053602
            }
        },
        {
            "reactor_utilization": {
                "shard": "11",
                "value": 0.020894499999968286
            }
        },
        {
            "reactor_utilization": {
                "shard": "12",
                "value": 0.021952800000024641
            }
        },
        {
            "reactor_utilization": {
                "shard": "13",
                "value": 0.021946659999994012
            }
        },
        {
            "reactor_utilization": {
                "shard": "14",
                "value": 0.019723600000021158
            }
        },
        {
            "reactor_utilization": {
                "shard": "15",
                "value": 0.020741779999977616
            }
        },
        {
            "reactor_utilization": {
                "shard": "16",
                "value": 0.031166799999970962
            }
        },
        {
            "reactor_utilization": {
                "shard": "17",
                "value": 0.019927580000000944
            }
        },
        {
            "reactor_utilization": {
                "shard": "18",
                "value": 0.020325539999987985
            }
        },
        {
            "reactor_utilization": {
                "shard": "19",
                "value": 0.02285032000006737
            }
        },
        {
            "reactor_utilization": {
                "shard": "20",
                "value": 0.020025819999991423
            }
        },
        {
            "reactor_utilization": {
                "shard": "21",
                "value": 0.021445140000064811
            }
        },
        {
            "reactor_utilization": {
                "shard": "22",
                "value": 0.024730400000005925
            }
        },
        {
            "reactor_utilization": {
                "shard": "23",
                "value": 0.018595920000030741
            }
        },
        {
            "reactor_utilization": {
                "shard": "24",
                "value": 0.021817320000050433
            }
        },
        {
            "reactor_utilization": {
                "shard": "25",
                "value": 0.020038039999970003
            }
        },
        {
            "reactor_utilization": {
                "shard": "26",
                "value": 0.022752859999997099
            }
        },
        {
            "reactor_utilization": {
                "shard": "27",
                "value": 0.020229600000010173
            }
        }
    ]
}
{
    "metrics": [
        {
            "reactor_utilization": {
                "shard": "0",
                "value": 0.10591877999999166
            }
        },
        {
            "reactor_utilization": {
                "shard": "1",
                "value": 0.024895760000076539
            }
        },
        {
            "reactor_utilization": {
                "shard": "2",
                "value": 0.031071680000072099
            }
        },
        {
            "reactor_utilization": {
                "shard": "3",
                "value": 0.02720560000000205
            }
        },
        {
            "reactor_utilization": {
                "shard": "4",
                "value": 0.02470764000004344
            }
        },
        {
            "reactor_utilization": {
                "shard": "5",
                "value": 0.025887660000023516
            }
        },
        {
            "reactor_utilization": {
                "shard": "6",
                "value": 0.024844859999950675
            }
        },
        {
            "reactor_utilization": {
                "shard": "7",
                "value": 0.026189159999967515
            }
        },
        {
            "reactor_utilization": {
                "shard": "8",
                "value": 0.023339980000014471
            }
        },
        {
            "reactor_utilization": {
                "shard": "9",
                "value": 0.02553792000001831
            }
        },
        {
            "reactor_utilization": {
                "shard": "10",
                "value": 0.023098500000062749
            }
        },
        {
            "reactor_utilization": {
                "shard": "11",
                "value": 0.022923419999965056
            }
        },
        {
            "reactor_utilization": {
                "shard": "12",
                "value": 0.027375720000022419
            }
        },
        {
            "reactor_utilization": {
                "shard": "13",
                "value": 0.026050180000014578
            }
        },
        {
            "reactor_utilization": {
                "shard": "14",
                "value": 0.025944860000015613
            }
        },
        {
            "reactor_utilization": {
                "shard": "15",
                "value": 0.025939419999976288
            }
        },
        {
            "reactor_utilization": {
                "shard": "16",
                "value": 0.045819199999985738
            }
        },
        {
            "reactor_utilization": {
                "shard": "17",
                "value": 0.025562400000000984
            }
        },
        {
            "reactor_utilization": {
                "shard": "18",
                "value": 0.027023079999977107
            }
        },
        {
            "reactor_utilization": {
                "shard": "19",
                "value": 0.02539676000004043
            }
        },
        {
            "reactor_utilization": {
                "shard": "20",
                "value": 0.022653960000007523
            }
        },
        {
            "reactor_utilization": {
                "shard": "21",
                "value": 0.025159080000081158
            }
        },
        {
            "reactor_utilization": {
                "shard": "22",
                "value": 0.026017920000009909
            }
        },
        {
            "reactor_utilization": {
                "shard": "23",
                "value": 0.0229816600000321
            }
        },
        {
            "reactor_utilization": {
                "shard": "24",
                "value": 0.025793240000049344
            }
        },
        {
            "reactor_utilization": {
                "shard": "25",
                "value": 0.02585179999996523
            }
        },
        {
            "reactor_utilization": {
                "shard": "26",
                "value": 0.026040719999986806
            }
        },
        {
            "reactor_utilization": {
                "shard": "27",
                "value": 0.023015060000020071
            }
        }
    ]
}
{
    "metrics": [
        {
            "reactor_utilization": {
                "shard": "0",
                "value": 0.10838343999999278
            }
        },
        {
            "reactor_utilization": {
                "shard": "1",
                "value": 0.042988420000089622
            }
        },
        {
            "reactor_utilization": {
                "shard": "2",
                "value": 0.036729860000073167
            }
        },
        {
            "reactor_utilization": {
                "shard": "3",
                "value": 0.040436140000021936
            }
        },
        {
            "reactor_utilization": {
                "shard": "4",
                "value": 0.039331480000059926
            }
        },
        {
            "reactor_utilization": {
                "shard": "5",
                "value": 0.04027218000002275
            }
        },
        {
            "reactor_utilization": {
                "shard": "6",
                "value": 0.037964499999953993
            }
        },
        {
            "reactor_utilization": {
                "shard": "7",
                "value": 0.037616079999946983
            }
        },
        {
            "reactor_utilization": {
                "shard": "8",
                "value": 0.033984880000026418
            }
        },
        {
            "reactor_utilization": {
                "shard": "9",
                "value": 0.038394780000028383
            }
        },
        {
            "reactor_utilization": {
                "shard": "10",
                "value": 0.032009640000063566
            }
        },
        {
            "reactor_utilization": {
                "shard": "11",
                "value": 0.027114639999958889
            }
        },
        {
            "reactor_utilization": {
                "shard": "12",
                "value": 0.035329360000024845
            }
        },
        {
            "reactor_utilization": {
                "shard": "13",
                "value": 0.034993180000020274
            }
        },
        {
            "reactor_utilization": {
                "shard": "14",
                "value": 0.038753760000020954
            }
        },
        {
            "reactor_utilization": {
                "shard": "15",
                "value": 0.032168559999967705
            }
        },
        {
            "reactor_utilization": {
                "shard": "16",
                "value": 0.051843199999979106
            }
        },
        {
            "reactor_utilization": {
                "shard": "17",
                "value": 0.032279499999998684
            }
        },
        {
            "reactor_utilization": {
                "shard": "18",
                "value": 0.031634819999981634
            }
        },
        {
            "reactor_utilization": {
                "shard": "19",
                "value": 0.034442720000038562
            }
        },
        {
            "reactor_utilization": {
                "shard": "20",
                "value": 0.036950120000001085
            }
        },
        {
            "reactor_utilization": {
                "shard": "21",
                "value": 0.033344240000077185
            }
        },
        {
            "reactor_utilization": {
                "shard": "22",
                "value": 0.032339520000002064
            }
        },
        {
            "reactor_utilization": {
                "shard": "23",
                "value": 0.035519020000052137
            }
        },
        {
            "reactor_utilization": {
                "shard": "24",
                "value": 0.026717880000060035
            }
        },
        {
            "reactor_utilization": {
                "shard": "25",
                "value": 0.03367543999996947
            }
        },
        {
            "reactor_utilization": {
                "shard": "26",
                "value": 0.03271291999998871
            }
        },
        {
            "reactor_utilization": {
                "shard": "27",
                "value": 0.035629960000027605
            }
        }
    ]
}
{
    "metrics": [
        {
            "reactor_utilization": {
                "shard": "0",
                "value": 0.060282679999990041
            }
        },
        {
            "reactor_utilization": {
                "shard": "1",
                "value": 0.019320980000092636
            }
        },
        {
            "reactor_utilization": {
                "shard": "2",
                "value": 0.022099860000057703
            }
        },
        {
            "reactor_utilization": {
                "shard": "3",
                "value": 0.01923012000001334
            }
        },
        {
            "reactor_utilization": {
                "shard": "4",
                "value": 0.018615020000067872
            }
        },
        {
            "reactor_utilization": {
                "shard": "5",
                "value": 0.020332660000033087
            }
        },
        {
            "reactor_utilization": {
                "shard": "6",
                "value": 0.019597199999976667
            }
        },
        {
            "reactor_utilization": {
                "shard": "7",
                "value": 0.020074879999942841
            }
        },
        {
            "reactor_utilization": {
                "shard": "8",
                "value": 0.018483520000012188
            }
        },
        {
            "reactor_utilization": {
                "shard": "9",
                "value": 0.02101810000001425
            }
        },
        {
            "reactor_utilization": {
                "shard": "10",
                "value": 0.019197260000058947
            }
        },
        {
            "reactor_utilization": {
                "shard": "11",
                "value": 0.020929659999957551
            }
        },
        {
            "reactor_utilization": {
                "shard": "12",
                "value": 0.019876580000022237
            }
        },
        {
            "reactor_utilization": {
                "shard": "13",
                "value": 0.019599660000046981
            }
        },
        {
            "reactor_utilization": {
                "shard": "14",
                "value": 0.020514860000020452
            }
        },
        {
            "reactor_utilization": {
                "shard": "15",
                "value": 0.020730419999981375
            }
        },
        {
            "reactor_utilization": {
                "shard": "16",
                "value": 0.030680959999973556
            }
        },
        {
            "reactor_utilization": {
                "shard": "17",
                "value": 0.019417920000019961
            }
        },
        {
            "reactor_utilization": {
                "shard": "18",
                "value": 0.019984839999964699
            }
        },
        {
            "reactor_utilization": {
                "shard": "19",
                "value": 0.020612280000054106
            }
        },
        {
            "reactor_utilization": {
                "shard": "20",
                "value": 0.019374120000004158
            }
        },
        {
            "reactor_utilization": {
                "shard": "21",
                "value": 0.021808300000081271
            }
        },
        {
            "reactor_utilization": {
                "shard": "22",
                "value": 0.022106960000023435
            }
        },
        {
            "reactor_utilization": {
                "shard": "23",
                "value": 0.020068900000036471
            }
        },
        {
            "reactor_utilization": {
                "shard": "24",
                "value": 0.019637660000060286
            }
        },
        {
            "reactor_utilization": {
                "shard": "25",
                "value": 0.021469179999988874
            }
        },
        {
            "reactor_utilization": {
                "shard": "26",
                "value": 0.019846359999986518
            }
        },
        {
            "reactor_utilization": {
                "shard": "27",
                "value": 0.021587800000033575
            }
        }
    ]
}
{
    "metrics": [
        {
            "reactor_utilization": {
                "shard": "0",
                "value": 0.10981627999999688
            }
        },
        {
            "reactor_utilization": {
                "shard": "1",
                "value": 0.027807980000082999
            }
        },
        {
            "reactor_utilization": {
                "shard": "2",
                "value": 0.02150624000005763
            }
        },
        {
            "reactor_utilization": {
                "shard": "3",
                "value": 0.026965880000007214
            }
        },
        {
            "reactor_utilization": {
                "shard": "4",
                "value": 0.021838980000066233
            }
        },
        {
            "reactor_utilization": {
                "shard": "5",
                "value": 0.018820560000021302
            }
        },
        {
            "reactor_utilization": {
                "shard": "6",
                "value": 0.019845019999964464
            }
        },
        {
            "reactor_utilization": {
                "shard": "7",
                "value": 0.020973459999962252
            }
        },
        {
            "reactor_utilization": {
                "shard": "8",
                "value": 0.019290800000004715
            }
        },
        {
            "reactor_utilization": {
                "shard": "9",
                "value": 0.024026420000022863
            }
        },
        {
            "reactor_utilization": {
                "shard": "10",
                "value": 0.019683120000046905
            }
        },
        {
            "reactor_utilization": {
                "shard": "11",
                "value": 0.024238519999952857
            }
        },
        {
            "reactor_utilization": {
                "shard": "12",
                "value": 0.022628380000022652
            }
        },
        {
            "reactor_utilization": {
                "shard": "13",
                "value": 0.028015780000045787
            }
        },
        {
            "reactor_utilization": {
                "shard": "14",
                "value": 0.023073920000027393
            }
        },
        {
            "reactor_utilization": {
                "shard": "15",
                "value": 0.024363659999959708
            }
        },
        {
            "reactor_utilization": {
                "shard": "16",
                "value": 0.033242439999958684
            }
        },
        {
            "reactor_utilization": {
                "shard": "17",
                "value": 0.018731220000012261
            }
        },
        {
            "reactor_utilization": {
                "shard": "18",
                "value": 0.023920759999995767
            }
        },
        {
            "reactor_utilization": {
                "shard": "19",
                "value": 0.026933560000041989
            }
        },
        {
            "reactor_utilization": {
                "shard": "20",
                "value": 0.024605039999991973
            }
        },
        {
            "reactor_utilization": {
                "shard": "21",
                "value": 0.025842460000091716
            }
        },
        {
            "reactor_utilization": {
                "shard": "22",
                "value": 0.025790820000026748
            }
        },
        {
            "reactor_utilization": {
                "shard": "23",
                "value": 0.024596160000034395
            }
        },
        {
            "reactor_utilization": {
                "shard": "24",
                "value": 0.025148400000030158
            }
        },
        {
            "reactor_utilization": {
                "shard": "25",
                "value": 0.028142559999966288
            }
        },
        {
            "reactor_utilization": {
                "shard": "26",
                "value": 0.025053519999973517
            }
        },
        {
            "reactor_utilization": {
                "shard": "27",
                "value": 0.026116980000012724
            }
        }
    ]
}
{
    "metrics": [
        {
            "reactor_utilization": {
                "shard": "0",
                "value": 0.096297919999999149
            }
        },
        {
            "reactor_utilization": {
                "shard": "1",
                "value": 0.017884420000080503
            }
        },
        {
            "reactor_utilization": {
                "shard": "2",
                "value": 0.024612240000054797
            }
        },
        {
            "reactor_utilization": {
                "shard": "3",
                "value": 0.020374220000018983
            }
        },
        {
            "reactor_utilization": {
                "shard": "4",
                "value": 0.024360960000047172
            }
        },
        {
            "reactor_utilization": {
                "shard": "5",
                "value": 0.024284780000005668
            }
        },
        {
            "reactor_utilization": {
                "shard": "6",
                "value": 0.022190579999969984
            }
        },
        {
            "reactor_utilization": {
                "shard": "7",
                "value": 0.020527479999965514
            }
        },
        {
            "reactor_utilization": {
                "shard": "8",
                "value": 0.023273979999993699
            }
        },
        {
            "reactor_utilization": {
                "shard": "9",
                "value": 0.017150400000010002
            }
        },
        {
            "reactor_utilization": {
                "shard": "10",
                "value": 0.024156680000042563
            }
        },
        {
            "reactor_utilization": {
                "shard": "11",
                "value": 0.024374199999954715
            }
        },
        {
            "reactor_utilization": {
                "shard": "12",
                "value": 0.02476606000003656
            }
        },
        {
            "reactor_utilization": {
                "shard": "13",
                "value": 0.01946128000005487
            }
        },
        {
            "reactor_utilization": {
                "shard": "14",
                "value": 0.016680480000008657
            }
        },
        {
            "reactor_utilization": {
                "shard": "15",
                "value": 0.017160499999957501
            }
        },
        {
            "reactor_utilization": {
                "shard": "16",
                "value": 0.027267959999943692
            }
        },
        {
            "reactor_utilization": {
                "shard": "17",
                "value": 0.023014280000022147
            }
        },
        {
            "reactor_utilization": {
                "shard": "18",
                "value": 0.016693939999978813
            }
        },
        {
            "reactor_utilization": {
                "shard": "19",
                "value": 0.020013460000045669
            }
        },
        {
            "reactor_utilization": {
                "shard": "20",
                "value": 0.018165859999985656
            }
        },
        {
            "reactor_utilization": {
                "shard": "21",
                "value": 0.018942700000090795
            }
        },
        {
            "reactor_utilization": {
                "shard": "22",
                "value": 0.018691320000030487
            }
        },
        {
            "reactor_utilization": {
                "shard": "23",
                "value": 0.017985920000029854
            }
        },
        {
            "reactor_utilization": {
                "shard": "24",
                "value": 0.018851620000048808
            }
        },
        {
            "reactor_utilization": {
                "shard": "25",
                "value": 0.017870379999984642
            }
        },
        {
            "reactor_utilization": {
                "shard": "26",
                "value": 0.016974219999976725
            }
        },
        {
            "reactor_utilization": {
                "shard": "27",
                "value": 0.019334260000025694
            }
        }
    ]
}
{
    "metrics": [
        {
            "reactor_utilization": {
                "shard": "0",
                "value": 0.095429119999979051
            }
        },
        {
            "reactor_utilization": {
                "shard": "1",
                "value": 0.020135300000090339
            }
        },
        {
            "reactor_utilization": {
                "shard": "2",
                "value": 0.025018040000057695
            }
        },
        {
            "reactor_utilization": {
                "shard": "3",
                "value": 0.020280999999999771
            }
        },
        {
            "reactor_utilization": {
                "shard": "4",
                "value": 0.018802860000044497
            }
        },
        {
            "reactor_utilization": {
                "shard": "5",
                "value": 0.020063620000010385
            }
        },
        {
            "reactor_utilization": {
                "shard": "6",
                "value": 0.020570839999978219
            }
        },
        {
            "reactor_utilization": {
                "shard": "7",
                "value": 0.020401479999976324
            }
        },
        {
            "reactor_utilization": {
                "shard": "8",
                "value": 0.021477420000004521
            }
        },
        {
            "reactor_utilization": {
                "shard": "9",
                "value": 0.02036126000000138
            }
        },
        {
            "reactor_utilization": {
                "shard": "10",
                "value": 0.020341460000028455
            }
        },
        {
            "reactor_utilization": {
                "shard": "11",
                "value": 0.021801539999932729
            }
        },
        {
            "reactor_utilization": {
                "shard": "12",
                "value": 0.022133860000028704
            }
        },
        {
            "reactor_utilization": {
                "shard": "13",
                "value": 0.021016460000056192
            }
        },
        {
            "reactor_utilization": {
                "shard": "14",
                "value": 0.020004580000021477
            }
        },
        {
            "reactor_utilization": {
                "shard": "15",
                "value": 0.021543719999961297
            }
        },
        {
            "reactor_utilization": {
                "shard": "16",
                "value": 0.030563979999942426
            }
        },
        {
            "reactor_utilization": {
                "shard": "17",
                "value": 0.0201193200000227
            }
        },
        {
            "reactor_utilization": {
                "shard": "18",
                "value": 0.021924479999957391
            }
        },
        {
            "reactor_utilization": {
                "shard": "19",
                "value": 0.023106960000029986
            }
        },
        {
            "reactor_utilization": {
                "shard": "20",
                "value": 0.021274239999979905
            }
        },
        {
            "reactor_utilization": {
                "shard": "21",
                "value": 0.022788720000088691
            }
        },
        {
            "reactor_utilization": {
                "shard": "22",
                "value": 0.021837739999996941
            }
        },
        {
            "reactor_utilization": {
                "shard": "23",
                "value": 0.02131598000005841
            }
        },
        {
            "reactor_utilization": {
                "shard": "24",
                "value": 0.020215320000038783
            }
        },
        {
            "reactor_utilization": {
                "shard": "25",
                "value": 0.022114539999984473
            }
        },
        {
            "reactor_utilization": {
                "shard": "26",
                "value": 0.021516139999988582
            }
        },
        {
            "reactor_utilization": {
                "shard": "27",
                "value": 0.022453140000044947
            }
        }
    ]
}
{
    "metrics": [
        {
            "reactor_utilization": {
                "shard": "0",
                "value": 0.1027050599999968
            }
        },
        {
            "reactor_utilization": {
                "shard": "1",
                "value": 0.02907644000009757
            }
        },
        {
            "reactor_utilization": {
                "shard": "2",
                "value": 0.030265080000080324
            }
        },
        {
            "reactor_utilization": {
                "shard": "3",
                "value": 0.026612900000011486
            }
        },
        {
            "reactor_utilization": {
                "shard": "4",
                "value": 0.026339820000031988
            }
        },
        {
            "reactor_utilization": {
                "shard": "5",
                "value": 0.02316792000000012
            }
        },
        {
            "reactor_utilization": {
                "shard": "6",
                "value": 0.024266379999982046
            }
        },
        {
            "reactor_utilization": {
                "shard": "7",
                "value": 0.027480279999991808
            }
        },
        {
            "reactor_utilization": {
                "shard": "8",
                "value": 0.024063060000023562
            }
        },
        {
            "reactor_utilization": {
                "shard": "9",
                "value": 0.021302799999989297
            }
        },
        {
            "reactor_utilization": {
                "shard": "10",
                "value": 0.023444820000029232
            }
        },
        {
            "reactor_utilization": {
                "shard": "11",
                "value": 0.025661719999947596
            }
        },
        {
            "reactor_utilization": {
                "shard": "12",
                "value": 0.024584740000033189
            }
        },
        {
            "reactor_utilization": {
                "shard": "13",
                "value": 0.024894020000065797
            }
        },
        {
            "reactor_utilization": {
                "shard": "14",
                "value": 0.027082820000023933
            }
        },
        {
            "reactor_utilization": {
                "shard": "15",
                "value": 0.027091459999972756
            }
        },
        {
            "reactor_utilization": {
                "shard": "16",
                "value": 0.036697759999948509
            }
        },
        {
            "reactor_utilization": {
                "shard": "17",
                "value": 0.023173840000023649
            }
        },
        {
            "reactor_utilization": {
                "shard": "18",
                "value": 0.024343219999944932
            }
        },
        {
            "reactor_utilization": {
                "shard": "19",
                "value": 0.025096380000033669
            }
        },
        {
            "reactor_utilization": {
                "shard": "20",
                "value": 0.023614959999984642
            }
        },
        {
            "reactor_utilization": {
                "shard": "21",
                "value": 0.026033260000080105
            }
        },
        {
            "reactor_utilization": {
                "shard": "22",
                "value": 0.027847300000005681
            }
        },
        {
            "reactor_utilization": {
                "shard": "23",
                "value": 0.023628340000048098
            }
        },
        {
            "reactor_utilization": {
                "shard": "24",
                "value": 0.024038360000044889
            }
        },
        {
            "reactor_utilization": {
                "shard": "25",
                "value": 0.023400739999990261
            }
        },
        {
            "reactor_utilization": {
                "shard": "26",
                "value": 0.022863299999975606
            }
        },
        {
            "reactor_utilization": {
                "shard": "27",
                "value": 0.022115480000062249
            }
        }
    ]
}
{
    "metrics": [
        {
            "reactor_utilization": {
                "shard": "0",
                "value": 0.10647507999996808
            }
        },
        {
            "reactor_utilization": {
                "shard": "1",
                "value": 0.027508380000074162
            }
        },
        {
            "reactor_utilization": {
                "shard": "2",
                "value": 0.031549680000075853
            }
        },
        {
            "reactor_utilization": {
                "shard": "3",
                "value": 0.026175380000015291
            }
        },
        {
            "reactor_utilization": {
                "shard": "4",
                "value": 0.02695220000004106
            }
        },
        {
            "reactor_utilization": {
                "shard": "5",
                "value": 0.028534759999998549
            }
        },
        {
            "reactor_utilization": {
                "shard": "6",
                "value": 0.025967599999954238
            }
        },
        {
            "reactor_utilization": {
                "shard": "7",
                "value": 0.026309399999968619
            }
        },
        {
            "reactor_utilization": {
                "shard": "8",
                "value": 0.023242080000007714
            }
        },
        {
            "reactor_utilization": {
                "shard": "9",
                "value": 0.024943279999978252
            }
        },
        {
            "reactor_utilization": {
                "shard": "10",
                "value": 0.024782440000037376
            }
        },
        {
            "reactor_utilization": {
                "shard": "11",
                "value": 0.022844399999932818
            }
        },
        {
            "reactor_utilization": {
                "shard": "12",
                "value": 0.024662300000033444
            }
        },
        {
            "reactor_utilization": {
                "shard": "13",
                "value": 0.021017500000075628
            }
        },
        {
            "reactor_utilization": {
                "shard": "14",
                "value": 0.022344200000001813
            }
        },
        {
            "reactor_utilization": {
                "shard": "15",
                "value": 0.022790439999964551
            }
        },
        {
            "reactor_utilization": {
                "shard": "16",
                "value": 0.043719799999930586
            }
        },
        {
            "reactor_utilization": {
                "shard": "17",
                "value": 0.027278280000020416
            }
        },
        {
            "reactor_utilization": {
                "shard": "18",
                "value": 0.027802979999946853
            }
        },
        {
            "reactor_utilization": {
                "shard": "19",
                "value": 0.024503560000033175
            }
        },
        {
            "reactor_utilization": {
                "shard": "20",
                "value": 0.026270499999980768
            }
        },
        {
            "reactor_utilization": {
                "shard": "21",
                "value": 0.024632080000086543
            }
        },
        {
            "reactor_utilization": {
                "shard": "22",
                "value": 0.027470880000013409
            }
        },
        {
            "reactor_utilization": {
                "shard": "23",
                "value": 0.026869500000048507
            }
        },
        {
            "reactor_utilization": {
                "shard": "24",
                "value": 0.023780140000040362
            }
        },
        {
            "reactor_utilization": {
                "shard": "25",
                "value": 0.028309179999985723
            }
        },
        {
            "reactor_utilization": {
                "shard": "26",
                "value": 0.026007279999973321
            }
        },
        {
            "reactor_utilization": {
                "shard": "27",
                "value": 0.027849520000056138
            }
        }
    ]
}
{
    "metrics": [
        {
            "reactor_utilization": {
                "shard": "0",
                "value": 0.10716433999997665
            }
        },
        {
            "reactor_utilization": {
                "shard": "1",
                "value": 0.01902582000007369
            }
        },
        {
            "reactor_utilization": {
                "shard": "2",
                "value": 0.025088500000070013
            }
        },
        {
            "reactor_utilization": {
                "shard": "3",
                "value": 0.021824780000034849
            }
        },
        {
            "reactor_utilization": {
                "shard": "4",
                "value": 0.020922900000019951
            }
        },
        {
            "reactor_utilization": {
                "shard": "5",
                "value": 0.023553320000013755
            }
        },
        {
            "reactor_utilization": {
                "shard": "6",
                "value": 0.023544699999966667
            }
        },
        {
            "reactor_utilization": {
                "shard": "7",
                "value": 0.022668939999959115
            }
        },
        {
            "reactor_utilization": {
                "shard": "8",
                "value": 0.020882140000022531
            }
        },
        {
            "reactor_utilization": {
                "shard": "9",
                "value": 0.021524639999992434
            }
        },
        {
            "reactor_utilization": {
                "shard": "10",
                "value": 0.021454820000021968
            }
        },
        {
            "reactor_utilization": {
                "shard": "11",
                "value": 0.022747419999946672
            }
        },
        {
            "reactor_utilization": {
                "shard": "12",
                "value": 0.023239360000038012
            }
        },
        {
            "reactor_utilization": {
                "shard": "13",
                "value": 0.021693260000044123
            }
        },
        {
            "reactor_utilization": {
                "shard": "14",
                "value": 0.020169959999993825
            }
        },
        {
            "reactor_utilization": {
                "shard": "15",
                "value": 0.022110059999946863
            }
        },
        {
            "reactor_utilization": {
                "shard": "16",
                "value": 0.035911079999939588
            }
        },
        {
            "reactor_utilization": {
                "shard": "17",
                "value": 0.024248580000030273
            }
        },
        {
            "reactor_utilization": {
                "shard": "18",
                "value": 0.020803119999968089
            }
        },
        {
            "reactor_utilization": {
                "shard": "19",
                "value": 0.022643520000031891
            }
        },
        {
            "reactor_utilization": {
                "shard": "20",
                "value": 0.018691919999980211
            }
        },
        {
            "reactor_utilization": {
                "shard": "21",
                "value": 0.023187680000069655
            }
        },
        {
            "reactor_utilization": {
                "shard": "22",
                "value": 0.021824060000008583
            }
        },
        {
            "reactor_utilization": {
                "shard": "23",
                "value": 0.020438080000073633
            }
        },
        {
            "reactor_utilization": {
                "shard": "24",
                "value": 0.02184106000002739
            }
        },
        {
            "reactor_utilization": {
                "shard": "25",
                "value": 0.022238159999987683
            }
        },
        {
            "reactor_utilization": {
                "shard": "26",
                "value": 0.023328799999977612
            }
        },
        {
            "reactor_utilization": {
                "shard": "27",
                "value": 0.022788620000047111
            }
        }
    ]
}
{
    "metrics": [
        {
            "reactor_utilization": {
                "shard": "0",
                "value": 0.110445679999982
            }
        },
        {
            "reactor_utilization": {
                "shard": "1",
                "value": 0.026752420000053512
            }
        },
        {
            "reactor_utilization": {
                "shard": "2",
                "value": 0.024739160000053495
            }
        },
        {
            "reactor_utilization": {
                "shard": "3",
                "value": 0.024425760000035268
            }
        },
        {
            "reactor_utilization": {
                "shard": "4",
                "value": 0.023086940000016654
            }
        },
        {
            "reactor_utilization": {
                "shard": "5",
                "value": 0.022318280000011015
            }
        },
        {
            "reactor_utilization": {
                "shard": "6",
                "value": 0.022786599999946588
            }
        },
        {
            "reactor_utilization": {
                "shard": "7",
                "value": 0.024708279999963167
            }
        },
        {
            "reactor_utilization": {
                "shard": "8",
                "value": 0.022773800000019939
            }
        },
        {
            "reactor_utilization": {
                "shard": "9",
                "value": 0.024413439999992903
            }
        },
        {
            "reactor_utilization": {
                "shard": "10",
                "value": 0.024033120000033215
            }
        },
        {
            "reactor_utilization": {
                "shard": "11",
                "value": 0.026732079999947089
            }
        },
        {
            "reactor_utilization": {
                "shard": "12",
                "value": 0.024954320000025731
            }
        },
        {
            "reactor_utilization": {
                "shard": "13",
                "value": 0.026420100000046354
            }
        },
        {
            "reactor_utilization": {
                "shard": "14",
                "value": 0.022972599999981913
            }
        },
        {
            "reactor_utilization": {
                "shard": "15",
                "value": 0.019668299999930916
            }
        },
        {
            "reactor_utilization": {
                "shard": "16",
                "value": 0.042632199999936837
            }
        },
        {
            "reactor_utilization": {
                "shard": "17",
                "value": 0.023262239999999323
            }
        },
        {
            "reactor_utilization": {
                "shard": "18",
                "value": 0.02438671999996922
            }
        },
        {
            "reactor_utilization": {
                "shard": "19",
                "value": 0.025818640000041526
            }
        },
        {
            "reactor_utilization": {
                "shard": "20",
                "value": 0.025446799999973013
            }
        },
        {
            "reactor_utilization": {
                "shard": "21",
                "value": 0.022358900000085669
            }
        },
        {
            "reactor_utilization": {
                "shard": "22",
                "value": 0.024980339999980394
            }
        },
        {
            "reactor_utilization": {
                "shard": "23",
                "value": 0.023436240000052067
            }
        },
        {
            "reactor_utilization": {
                "shard": "24",
                "value": 0.021116680000021759
            }
        },
        {
            "reactor_utilization": {
                "shard": "25",
                "value": 0.029131899999979005
            }
        },
        {
            "reactor_utilization": {
                "shard": "26",
                "value": 0.024685779999977786
            }
        },
        {
            "reactor_utilization": {
                "shard": "27",
                "value": 0.02582794000005606
            }
        }
    ]
}
