{
    "metrics": [
        {
            "reactor_utilization": {
                "shard": "0",
                "value": 0.55141269999997578
            }
        },
        {
            "reactor_utilization": {
                "shard": "1",
                "value": 0.48869012000001266
            }
        },
        {
            "reactor_utilization": {
                "shard": "2",
                "value": 0.4959629400000054
            }
        },
        {
            "reactor_utilization": {
                "shard": "3",
                "value": 0.50821240000000767
            }
        },
        {
            "reactor_utilization": {
                "shard": "4",
                "value": 0.50015930000002484
            }
        },
        {
            "reactor_utilization": {
                "shard": "5",
                "value": 0.50098578000001837
            }
        },
        {
            "reactor_utilization": {
                "shard": "6",
                "value": 0.50529734000003268
            }
        },
        {
            "reactor_utilization": {
                "shard": "7",
                "value": 0.5128485199999977
            }
        },
        {
            "reactor_utilization": {
                "shard": "8",
                "value": 0.50902244000003982
            }
        },
        {
            "reactor_utilization": {
                "shard": "9",
                "value": 0.50332995999997632
            }
        },
        {
            "reactor_utilization": {
                "shard": "10",
                "value": 0.50503594000000929
            }
        },
        {
            "reactor_utilization": {
                "shard": "11",
                "value": 0.50445503999999586
            }
        },
        {
            "reactor_utilization": {
                "shard": "12",
                "value": 0.51912176000000754
            }
        },
        {
            "reactor_utilization": {
                "shard": "13",
                "value": 0.49964585999998645
            }
        },
        {
            "reactor_utilization": {
                "shard": "14",
                "value": 0.49939566000005708
            }
        },
        {
            "reactor_utilization": {
                "shard": "15",
                "value": 0.5110668200000168
            }
        },
        {
            "reactor_utilization": {
                "shard": "16",
                "value": 0.50462542000002664
            }
        },
        {
            "reactor_utilization": {
                "shard": "17",
                "value": 0.44440292000000881
            }
        },
        {
            "reactor_utilization": {
                "shard": "18",
                "value": 0.44704606000001146
            }
        },
        {
            "reactor_utilization": {
                "shard": "19",
                "value": 0.44769780000001314
            }
        },
        {
            "reactor_utilization": {
                "shard": "20",
                "value": 0.43896302000001608
            }
        },
        {
            "reactor_utilization": {
                "shard": "21",
                "value": 0.44972762000003996
            }
        },
        {
            "reactor_utilization": {
                "shard": "22",
                "value": 0.45497219999999228
            }
        },
        {
            "reactor_utilization": {
                "shard": "23",
                "value": 0.44349105999997862
            }
        },
        {
            "reactor_utilization": {
                "shard": "24",
                "value": 0.45448854000000871
            }
        },
        {
            "reactor_utilization": {
                "shard": "25",
                "value": 0.45897956000000573
            }
        },
        {
            "reactor_utilization": {
                "shard": "26",
                "value": 0.43497646000002499
            }
        },
        {
            "reactor_utilization": {
                "shard": "27",
                "value": 0.4517926200000244
            }
        }
    ]
}
{
    "metrics": [
        {
            "reactor_utilization": {
                "shard": "0",
                "value": 0.37359147999997955
            }
        },
        {
            "reactor_utilization": {
                "shard": "1",
                "value": 1.8766401000000155
            }
        },
        {
            "reactor_utilization": {
                "shard": "2",
                "value": 0.09587150000001099
            }
        },
        {
            "reactor_utilization": {
                "shard": "3",
                "value": 0.074480639999985332
            }
        },
        {
            "reactor_utilization": {
                "shard": "4",
                "value": 0.093320740000002456
            }
        },
        {
            "reactor_utilization": {
                "shard": "5",
                "value": 0.10622914000000261
            }
        },
        {
            "reactor_utilization": {
                "shard": "6",
                "value": 0.061397120000028504
            }
        },
        {
            "reactor_utilization": {
                "shard": "7",
                "value": 0.089643959999996525
            }
        },
        {
            "reactor_utilization": {
                "shard": "8",
                "value": 0.056214620000027971
            }
        },
        {
            "reactor_utilization": {
                "shard": "9",
                "value": 0.038515839999964108
            }
        },
        {
            "reactor_utilization": {
                "shard": "10",
                "value": 0.058786200000038313
            }
        },
        {
            "reactor_utilization": {
                "shard": "11",
                "value": 0.070950559999993779
            }
        },
        {
            "reactor_utilization": {
                "shard": "12",
                "value": 0.076063560000005914
            }
        },
        {
            "reactor_utilization": {
                "shard": "13",
                "value": 0.088527839999963387
            }
        },
        {
            "reactor_utilization": {
                "shard": "14",
                "value": 0.043793120000046315
            }
        },
        {
            "reactor_utilization": {
                "shard": "15",
                "value": 0.047372619999996868
            }
        },
        {
            "reactor_utilization": {
                "shard": "16",
                "value": 0.082740620000043563
            }
        },
        {
            "reactor_utilization": {
                "shard": "17",
                "value": 0.061413680000010906
            }
        },
        {
            "reactor_utilization": {
                "shard": "18",
                "value": 0.059785800000011768
            }
        },
        {
            "reactor_utilization": {
                "shard": "19",
                "value": 0.049595639999999719
            }
        },
        {
            "reactor_utilization": {
                "shard": "20",
                "value": 0.057506360000014745
            }
        },
        {
            "reactor_utilization": {
                "shard": "21",
                "value": 0.054050580000053472
            }
        },
        {
            "reactor_utilization": {
                "shard": "22",
                "value": 0.042738819999998956
            }
        },
        {
            "reactor_utilization": {
                "shard": "23",
                "value": 0.053753079999985243
            }
        },
        {
            "reactor_utilization": {
                "shard": "24",
                "value": 0.048020940000004231
            }
        },
        {
            "reactor_utilization": {
                "shard": "25",
                "value": 0.042846780000016516
            }
        },
        {
            "reactor_utilization": {
                "shard": "26",
                "value": 0.037534300000019449
            }
        },
        {
            "reactor_utilization": {
                "shard": "27",
                "value": 0.042506260000041429
            }
        }
    ]
}
{
    "metrics": [
        {
            "reactor_utilization": {
                "shard": "0",
                "value": 0.081567759999989775
            }
        },
        {
            "reactor_utilization": {
                "shard": "1",
                "value": 0.031320480000018858
            }
        },
        {
            "reactor_utilization": {
                "shard": "2",
                "value": 0.028378200000012122
            }
        },
        {
            "reactor_utilization": {
                "shard": "3",
                "value": 0.026661239999969943
            }
        },
        {
            "reactor_utilization": {
                "shard": "4",
                "value": 0.036793040000016042
            }
        },
        {
            "reactor_utilization": {
                "shard": "5",
                "value": 0.023860220000004873
            }
        },
        {
            "reactor_utilization": {
                "shard": "6",
                "value": 0.024422020000025579
            }
        },
        {
            "reactor_utilization": {
                "shard": "7",
                "value": 0.028910520000013928
            }
        },
        {
            "reactor_utilization": {
                "shard": "8",
                "value": 0.025930520000039259
            }
        },
        {
            "reactor_utilization": {
                "shard": "9",
                "value": 0.025144619999961648
            }
        },
        {
            "reactor_utilization": {
                "shard": "10",
                "value": 0.02789770000001246
            }
        },
        {
            "reactor_utilization": {
                "shard": "11",
                "value": 0.026770739999992799
            }
        },
        {
            "reactor_utilization": {
                "shard": "12",
                "value": 0.029282020000009901
            }
        },
        {
            "reactor_utilization": {
                "shard": "13",
                "value": 0.026640519999965306
            }
        },
        {
            "reactor_utilization": {
                "shard": "14",
                "value": 0.02628962000005286
            }
        },
        {
            "reactor_utilization": {
                "shard": "15",
                "value": 0.026295999999970121
            }
        },
        {
            "reactor_utilization": {
                "shard": "16",
                "value": 0.026970880000054542
            }
        },
        {
            "reactor_utilization": {
                "shard": "17",
                "value": 0.029149340000023116
            }
        },
        {
            "reactor_utilization": {
                "shard": "18",
                "value": 0.026493380000014444
            }
        },
        {
            "reactor_utilization": {
                "shard": "19",
                "value": 0.027675779999980499
            }
        },
        {
            "reactor_utilization": {
                "shard": "20",
                "value": 0.029653680000030214
            }
        },
        {
            "reactor_utilization": {
                "shard": "21",
                "value": 0.027571500000056481
            }
        },
        {
            "reactor_utilization": {
                "shard": "22",
                "value": 0.028594059999975663
            }
        },
        {
            "reactor_utilization": {
                "shard": "23",
                "value": 0.02938915999999292
            }
        },
        {
            "reactor_utilization": {
                "shard": "24",
                "value": 0.022699419999983039
            }
        },
        {
            "reactor_utilization": {
                "shard": "25",
                "value": 0.027678960000010466
            }
        },
        {
            "reactor_utilization": {
                "shard": "26",
                "value": 0.025615120000033187
            }
        },
        {
            "reactor_utilization": {
                "shard": "27",
                "value": 0.029623820000046486
            }
        }
    ]
}
{
    "metrics": [
        {
            "reactor_utilization": {
                "shard": "0",
                "value": 0.10166435999998669
            }
        },
        {
            "reactor_utilization": {
                "shard": "1",
                "value": 0.029632080000019378
            }
        },
        {
            "reactor_utilization": {
                "shard": "2",
                "value": 0.027969500000024627
            }
        },
        {
            "reactor_utilization": {
                "shard": "3",
                "value": 0.021854259999987136
            }
        },
        {
            "reactor_utilization": {
                "shard": "4",
                "value": 0.019317499999993437
            }
        },
        {
            "reactor_utilization": {
                "shard": "5",
                "value": 0.021253859999981195
            }
        },
        {
            "reactor_utilization": {
                "shard": "6",
                "value": 0.021556700000024964
            }
        },
        {
            "reactor_utilization": {
                "shard": "7",
                "value": 0.018922480000038711
            }
        },
        {
            "reactor_utilization": {
                "shard": "8",
                "value": 0.021553500000048853
            }
        },
        {
            "reactor_utilization": {
                "shard": "9",
                "value": 0.018296019999952673
            }
        },
        {
            "reactor_utilization": {
                "shard": "10",
                "value": 0.018264080000007787
            }
        },
        {
            "reactor_utilization": {
                "shard": "11",
                "value": 0.01823067999998651
            }
        },
        {
            "reactor_utilization": {
                "shard": "12",
                "value": 0.022002100000029223
            }
        },
        {
            "reactor_utilization": {
                "shard": "13",
                "value": 0.024823239999971491
            }
        },
        {
            "reactor_utilization": {
                "shard": "14",
                "value": 0.022404600000069941
            }
        },
        {
            "reactor_utilization": {
                "shard": "15",
                "value": 0.020496780000001102
            }
        },
        {
            "reactor_utilization": {
                "shard": "16",
                "value": 0.021829700000053354
            }
        },
        {
            "reactor_utilization": {
                "shard": "17",
                "value": 0.026705080000022363
            }
        },
        {
            "reactor_utilization": {
                "shard": "18",
                "value": 0.020115000000031635
            }
        },
        {
            "reactor_utilization": {
                "shard": "19",
                "value": 0.020740140000019558
            }
        },
        {
            "reactor_utilization": {
                "shard": "20",
                "value": 0.026009640000013157
            }
        },
        {
            "reactor_utilization": {
                "shard": "21",
                "value": 0.027716760000062735
            }
        },
        {
            "reactor_utilization": {
                "shard": "22",
                "value": 0.020875439999978873
            }
        },
        {
            "reactor_utilization": {
                "shard": "23",
                "value": 0.023776780000017705
            }
        },
        {
            "reactor_utilization": {
                "shard": "24",
                "value": 0.02176021999996669
            }
        },
        {
            "reactor_utilization": {
                "shard": "25",
                "value": 0.025972380000038875
            }
        },
        {
            "reactor_utilization": {
                "shard": "26",
                "value": 0.024865900000026198
            }
        },
        {
            "reactor_utilization": {
                "shard": "27",
                "value": 0.024942340000067009
            }
        }
    ]
}
{
    "metrics": [
        {
            "reactor_utilization": {
                "shard": "0",
                "value": 0.085655819999974625
            }
        },
        {
            "reactor_utilization": {
                "shard": "1",
                "value": 0.018753060000009647
            }
        },
        {
            "reactor_utilization": {
                "shard": "2",
                "value": 0.016443100000029798
            }
        },
        {
            "reactor_utilization": {
                "shard": "3",
                "value": 0.023224099999996639
            }
        },
        {
            "reactor_utilization": {
                "shard": "4",
                "value": 0.035745899999972686
            }
        },
        {
            "reactor_utilization": {
                "shard": "5",
                "value": 0.023540059999982432
            }
        },
        {
            "reactor_utilization": {
                "shard": "6",
                "value": 0.02266472000000963
            }
        },
        {
            "reactor_utilization": {
                "shard": "7",
                "value": 0.021939380000035591
            }
        },
        {
            "reactor_utilization": {
                "shard": "8",
                "value": 0.020973820000036447
            }
        },
        {
            "reactor_utilization": {
                "shard": "9",
                "value": 0.020556479999944699
            }
        },
        {
            "reactor_utilization": {
                "shard": "10",
                "value": 0.025457180000010293
            }
        },
        {
            "reactor_utilization": {
                "shard": "11",
                "value": 0.02082915999999102
            }
        },
        {
            "reactor_utilization": {
                "shard": "12",
                "value": 0.022045540000037445
            }
        },
        {
            "reactor_utilization": {
                "shard": "13",
                "value": 0.021706739999960423
            }
        },
        {
            "reactor_utilization": {
                "shard": "14",
                "value": 0.023294960000064258
            }
        },
        {
            "reactor_utilization": {
                "shard": "15",
                "value": 0.024489239999980761
            }
        },
        {
            "reactor_utilization": {
                "shard": "16",
                "value": 0.023715640000054883
            }
        },
        {
            "reactor_utilization": {
                "shard": "17",
                "value": 0.018239340000014703
            }
        },
        {
            "reactor_utilization": {
                "shard": "18",
                "value": 0.018670300000045437
            }
        },
        {
            "reactor_utilization": {
                "shard": "19",
                "value": 0.02245406000003225
            }
        },
        {
            "reactor_utilization": {
                "shard": "20",
                "value": 0.020929699999994167
            }
        },
        {
            "reactor_utilization": {
                "shard": "21",
                "value": 0.022025180000062594
            }
        },
        {
            "reactor_utilization": {
                "shard": "22",
                "value": 0.020789719999980694
            }
        },
        {
            "reactor_utilization": {
                "shard": "23",
                "value": 0.026017080000018122
            }
        },
        {
            "reactor_utilization": {
                "shard": "24",
                "value": 0.022591679999983683
            }
        },
        {
            "reactor_utilization": {
                "shard": "25",
                "value": 0.021795620000031324
            }
        },
        {
            "reactor_utilization": {
                "shard": "26",
                "value": 0.024169300000020932
            }
        },
        {
            "reactor_utilization": {
                "shard": "27",
                "value": 0.021951020000054999
            }
        }
    ]
}
{
    "metrics": [
        {
            "reactor_utilization": {
                "shard": "0",
                "value": 0.11671645999995484
            }
        },
        {
            "reactor_utilization": {
                "shard": "1",
                "value": 0.038718860000019895
            }
        },
        {
            "reactor_utilization": {
                "shard": "2",
                "value": 0.038615060000013468
            }
        },
        {
            "reactor_utilization": {
                "shard": "3",
                "value": 0.031270259999982564
            }
        },
        {
            "reactor_utilization": {
                "shard": "4",
                "value": 0.052036979999992017
            }
        },
        {
            "reactor_utilization": {
                "shard": "5",
                "value": 0.036877579999994303
            }
        },
        {
            "reactor_utilization": {
                "shard": "6",
                "value": 0.028425680000021547
            }
        },
        {
            "reactor_utilization": {
                "shard": "7",
                "value": 0.031796780000026281
            }
        },
        {
            "reactor_utilization": {
                "shard": "8",
                "value": 0.030119020000030083
            }
        },
        {
            "reactor_utilization": {
                "shard": "9",
                "value": 0.034052259999928225
            }
        },
        {
            "reactor_utilization": {
                "shard": "10",
                "value": 0.033616740000019796
            }
        },
        {
            "reactor_utilization": {
                "shard": "11",
                "value": 0.034169359999991489
            }
        },
        {
            "reactor_utilization": {
                "shard": "12",
                "value": 0.029808280000032106
            }
        },
        {
            "reactor_utilization": {
                "shard": "13",
                "value": 0.027538620000000513
            }
        },
        {
            "reactor_utilization": {
                "shard": "14",
                "value": 0.034419820000053392
            }
        },
        {
            "reactor_utilization": {
                "shard": "15",
                "value": 0.037803939999991876
            }
        },
        {
            "reactor_utilization": {
                "shard": "16",
                "value": 0.035463740000041266
            }
        },
        {
            "reactor_utilization": {
                "shard": "17",
                "value": 0.023803160000002155
            }
        },
        {
            "reactor_utilization": {
                "shard": "18",
                "value": 0.025331360000024894
            }
        },
        {
            "reactor_utilization": {
                "shard": "19",
                "value": 0.025118820000025188
            }
        },
        {
            "reactor_utilization": {
                "shard": "20",
                "value": 0.028455559999995828
            }
        },
        {
            "reactor_utilization": {
                "shard": "21",
                "value": 0.029039080000070605
            }
        },
        {
            "reactor_utilization": {
                "shard": "22",
                "value": 0.033421519999976557
            }
        },
        {
            "reactor_utilization": {
                "shard": "23",
                "value": 0.027348940000004873
            }
        },
        {
            "reactor_utilization": {
                "shard": "24",
                "value": 0.033930619999977818
            }
        },
        {
            "reactor_utilization": {
                "shard": "25",
                "value": 0.030540160000036565
            }
        },
        {
            "reactor_utilization": {
                "shard": "26",
                "value": 0.032086760000049619
            }
        },
        {
            "reactor_utilization": {
                "shard": "27",
                "value": 0.034661660000057104
            }
        }
    ]
}
{
    "metrics": [
        {
            "reactor_utilization": {
                "shard": "0",
                "value": 0.097078919999959989
            }
        },
        {
            "reactor_utilization": {
                "shard": "1",
                "value": 0.027727940000010776
            }
        },
        {
            "reactor_utilization": {
                "shard": "2",
                "value": 0.025331720000021374
            }
        },
        {
            "reactor_utilization": {
                "shard": "3",
                "value": 0.025723799999999297
            }
        },
        {
            "reactor_utilization": {
                "shard": "4",
                "value": 0.037045439999960905
            }
        },
        {
            "reactor_utilization": {
                "shard": "5",
                "value": 0.024609279999998623
            }
        },
        {
            "reactor_utilization": {
                "shard": "6",
                "value": 0.023495240000004358
            }
        },
        {
            "reactor_utilization": {
                "shard": "7",
                "value": 0.023577440000011052
            }
        },
        {
            "reactor_utilization": {
                "shard": "8",
                "value": 0.025404220000035949
            }
        },
        {
            "reactor_utilization": {
                "shard": "9",
                "value": 0.023976839999928501
            }
        },
        {
            "reactor_utilization": {
                "shard": "10",
                "value": 0.023576200000008374
            }
        },
        {
            "reactor_utilization": {
                "shard": "11",
                "value": 0.024335379999973483
            }
        },
        {
            "reactor_utilization": {
                "shard": "12",
                "value": 0.022834760000056686
            }
        },
        {
            "reactor_utilization": {
                "shard": "13",
                "value": 0.02423657999999218
            }
        },
        {
            "reactor_utilization": {
                "shard": "14",
                "value": 0.026437420000058331
            }
        },
        {
            "reactor_utilization": {
                "shard": "15",
                "value": 0.028609920000000066
            }
        },
        {
            "reactor_utilization": {
                "shard": "16",
                "value": 0.024153740000043555
            }
        },
        {
            "reactor_utilization": {
                "shard": "17",
                "value": 0.023649020000005017
            }
        },
        {
            "reactor_utilization": {
                "shard": "18",
                "value": 0.023975300000023125
            }
        },
        {
            "reactor_utilization": {
                "shard": "19",
                "value": 0.024749820000036227
            }
        },
        {
            "reactor_utilization": {
                "shard": "20",
                "value": 0.024368120000017868
            }
        },
        {
            "reactor_utilization": {
                "shard": "21",
                "value": 0.024036120000081596
            }
        },
        {
            "reactor_utilization": {
                "shard": "22",
                "value": 0.022829019999981437
            }
        },
        {
            "reactor_utilization": {
                "shard": "23",
                "value": 0.026538280000032444
            }
        },
        {
            "reactor_utilization": {
                "shard": "24",
                "value": 0.026701779999971365
            }
        },
        {
            "reactor_utilization": {
                "shard": "25",
                "value": 0.023868420000028312
            }
        },
        {
            "reactor_utilization": {
                "shard": "26",
                "value": 0.022778660000022377
            }
        },
        {
            "reactor_utilization": {
                "shard": "27",
                "value": 0.02666996000004751
            }
        }
    ]
}
{
    "metrics": [
        {
            "reactor_utilization": {
                "shard": "0",
                "value": 0.099606639999971769
            }
        },
        {
            "reactor_utilization": {
                "shard": "1",
                "value": 0.027485440000019068
            }
        },
        {
            "reactor_utilization": {
                "shard": "2",
                "value": 0.023913820000009967
            }
        },
        {
            "reactor_utilization": {
                "shard": "3",
                "value": 0.022455820000000237
            }
        },
        {
            "reactor_utilization": {
                "shard": "4",
                "value": 0.03842043999995326
            }
        },
        {
            "reactor_utilization": {
                "shard": "5",
                "value": 0.021848800000012769
            }
        },
        {
            "reactor_utilization": {
                "shard": "6",
                "value": 0.023516900000009056
            }
        },
        {
            "reactor_utilization": {
                "shard": "7",
                "value": 0.024723360000011851
            }
        },
        {
            "reactor_utilization": {
                "shard": "8",
                "value": 0.020841920000036485
            }
        },
        {
            "reactor_utilization": {
                "shard": "9",
                "value": 0.019937099999922658
            }
        },
        {
            "reactor_utilization": {
                "shard": "10",
                "value": 0.020666299999994031
            }
        },
        {
            "reactor_utilization": {
                "shard": "11",
                "value": 0.022624559999973037
            }
        },
        {
            "reactor_utilization": {
                "shard": "12",
                "value": 0.023977080000048279
            }
        },
        {
            "reactor_utilization": {
                "shard": "13",
                "value": 0.02276390000000017
            }
        },
        {
            "reactor_utilization": {
                "shard": "14",
                "value": 0.022864180000037315
            }
        },
        {
            "reactor_utilization": {
                "shard": "15",
                "value": 0.02295625999999551
            }
        },
        {
            "reactor_utilization": {
                "shard": "16",
                "value": 0.02077452000006641
            }
        },
        {
            "reactor_utilization": {
                "shard": "17",
                "value": 0.02166914000001352
            }
        },
        {
            "reactor_utilization": {
                "shard": "18",
                "value": 0.020134640000035731
            }
        },
        {
            "reactor_utilization": {
                "shard": "19",
                "value": 0.018851440000033914
            }
        },
        {
            "reactor_utilization": {
                "shard": "20",
                "value": 0.02089076000002521
            }
        },
        {
            "reactor_utilization": {
                "shard": "21",
                "value": 0.018994420000106871
            }
        },
        {
            "reactor_utilization": {
                "shard": "22",
                "value": 0.01870979999997191
            }
        },
        {
            "reactor_utilization": {
                "shard": "23",
                "value": 0.021256020000026687
            }
        },
        {
            "reactor_utilization": {
                "shard": "24",
                "value": 0.023533419999965943
            }
        },
        {
            "reactor_utilization": {
                "shard": "25",
                "value": 0.021344540000023393
            }
        },
        {
            "reactor_utilization": {
                "shard": "26",
                "value": 0.020907500000033608
            }
        },
        {
            "reactor_utilization": {
                "shard": "27",
                "value": 0.022150820000044202
            }
        }
    ]
}
{
    "metrics": [
        {
            "reactor_utilization": {
                "shard": "0",
                "value": 0.10458317999997302
            }
        },
        {
            "reactor_utilization": {
                "shard": "1",
                "value": 0.024567800000019346
            }
        },
        {
            "reactor_utilization": {
                "shard": "2",
                "value": 0.025627820000007073
            }
        },
        {
            "reactor_utilization": {
                "shard": "3",
                "value": 0.024227019999978339
            }
        },
        {
            "reactor_utilization": {
                "shard": "4",
                "value": 0.037607959999952367
            }
        },
        {
            "reactor_utilization": {
                "shard": "5",
                "value": 0.023724720000006805
            }
        },
        {
            "reactor_utilization": {
                "shard": "6",
                "value": 0.023803460000026977
            }
        },
        {
            "reactor_utilization": {
                "shard": "7",
                "value": 0.024263060000018211
            }
        },
        {
            "reactor_utilization": {
                "shard": "8",
                "value": 0.023915220000025883
            }
        },
        {
            "reactor_utilization": {
                "shard": "9",
                "value": 0.021386339999929227
            }
        },
        {
            "reactor_utilization": {
                "shard": "10",
                "value": 0.025236100000003425
            }
        },
        {
            "reactor_utilization": {
                "shard": "11",
                "value": 0.022200059999955002
            }
        },
        {
            "reactor_utilization": {
                "shard": "12",
                "value": 0.022700960000066051
            }
        },
        {
            "reactor_utilization": {
                "shard": "13",
                "value": 0.025474199999986347
            }
        },
        {
            "reactor_utilization": {
                "shard": "14",
                "value": 0.02539480000003369
            }
        },
        {
            "reactor_utilization": {
                "shard": "15",
                "value": 0.027056180000006869
            }
        },
        {
            "reactor_utilization": {
                "shard": "16",
                "value": 0.02309346000005652
            }
        },
        {
            "reactor_utilization": {
                "shard": "17",
                "value": 0.025386720000009078
            }
        },
        {
            "reactor_utilization": {
                "shard": "18",
                "value": 0.021379500000007212
            }
        },
        {
            "reactor_utilization": {
                "shard": "19",
                "value": 0.021636480000042368
            }
        },
        {
            "reactor_utilization": {
                "shard": "20",
                "value": 0.02255712000003296
            }
        },
        {
            "reactor_utilization": {
                "shard": "21",
                "value": 0.023701260000108526
            }
        },
        {
            "reactor_utilization": {
                "shard": "22",
                "value": 0.023845219999985012
            }
        },
        {
            "reactor_utilization": {
                "shard": "23",
                "value": 0.022250100000020812
            }
        },
        {
            "reactor_utilization": {
                "shard": "24",
                "value": 0.022894239999970978
            }
        },
        {
            "reactor_utilization": {
                "shard": "25",
                "value": 0.024228340000043147
            }
        },
        {
            "reactor_utilization": {
                "shard": "26",
                "value": 0.02352192000001363
            }
        },
        {
            "reactor_utilization": {
                "shard": "27",
                "value": 0.026454680000054243
            }
        }
    ]
}
{
    "metrics": [
        {
            "reactor_utilization": {
                "shard": "0",
                "value": 0.0983667799999699
            }
        },
        {
            "reactor_utilization": {
                "shard": "1",
                "value": 0.028999260000017735
            }
        },
        {
            "reactor_utilization": {
                "shard": "2",
                "value": 0.029265540000023016
            }
        },
        {
            "reactor_utilization": {
                "shard": "3",
                "value": 0.025171799999990085
            }
        },
        {
            "reactor_utilization": {
                "shard": "4",
                "value": 0.037141179999966578
            }
        },
        {
            "reactor_utilization": {
                "shard": "5",
                "value": 0.027182180000018263
            }
        },
        {
            "reactor_utilization": {
                "shard": "6",
                "value": 0.021335000000044513
            }
        },
        {
            "reactor_utilization": {
                "shard": "7",
                "value": 0.026758840000007389
            }
        },
        {
            "reactor_utilization": {
                "shard": "8",
                "value": 0.024583040000025758
            }
        },
        {
            "reactor_utilization": {
                "shard": "9",
                "value": 0.027240459999933186
            }
        },
        {
            "reactor_utilization": {
                "shard": "10",
                "value": 0.026775260000000412
            }
        },
        {
            "reactor_utilization": {
                "shard": "11",
                "value": 0.02375963999996511
            }
        },
        {
            "reactor_utilization": {
                "shard": "12",
                "value": 0.022459760000059781
            }
        },
        {
            "reactor_utilization": {
                "shard": "13",
                "value": 0.02363023999998326
            }
        },
        {
            "reactor_utilization": {
                "shard": "14",
                "value": 0.030216960000040149
            }
        },
        {
            "reactor_utilization": {
                "shard": "15",
                "value": 0.026074920000007662
            }
        },
        {
            "reactor_utilization": {
                "shard": "16",
                "value": 0.024873560000060468
            }
        },
        {
            "reactor_utilization": {
                "shard": "17",
                "value": 0.025137880000003499
            }
        },
        {
            "reactor_utilization": {
                "shard": "18",
                "value": 0.025502000000032776
            }
        },
        {
            "reactor_utilization": {
                "shard": "19",
                "value": 0.025535960000044877
            }
        },
        {
            "reactor_utilization": {
                "shard": "20",
                "value": 0.027663740000027914
            }
        },
        {
            "reactor_utilization": {
                "shard": "21",
                "value": 0.027423400000103904
            }
        },
        {
            "reactor_utilization": {
                "shard": "22",
                "value": 0.026382079999986985
            }
        },
        {
            "reactor_utilization": {
                "shard": "23",
                "value": 0.025456480000018988
            }
        },
        {
            "reactor_utilization": {
                "shard": "24",
                "value": 0.022971159999984891
            }
        },
        {
            "reactor_utilization": {
                "shard": "25",
                "value": 0.027074060000076283
            }
        },
        {
            "reactor_utilization": {
                "shard": "26",
                "value": 0.024912960000034179
            }
        },
        {
            "reactor_utilization": {
                "shard": "27",
                "value": 0.028979340000068188
            }
        }
    ]
}
{
    "metrics": [
        {
            "reactor_utilization": {
                "shard": "0",
                "value": 0.081423279999970344
            }
        },
        {
            "reactor_utilization": {
                "shard": "1",
                "value": 0.021307419999994082
            }
        },
        {
            "reactor_utilization": {
                "shard": "2",
                "value": 0.022325260000011227
            }
        },
        {
            "reactor_utilization": {
                "shard": "3",
                "value": 0.017808539999997208
            }
        },
        {
            "reactor_utilization": {
                "shard": "4",
                "value": 0.031621599999975825
            }
        },
        {
            "reactor_utilization": {
                "shard": "5",
                "value": 0.020900960000025393
            }
        },
        {
            "reactor_utilization": {
                "shard": "6",
                "value": 0.018731300000007778
            }
        },
        {
            "reactor_utilization": {
                "shard": "7",
                "value": 0.019272380000012745
            }
        },
        {
            "reactor_utilization": {
                "shard": "8",
                "value": 0.023053060000033376
            }
        },
        {
            "reactor_utilization": {
                "shard": "9",
                "value": 0.018550979999942818
            }
        },
        {
            "reactor_utilization": {
                "shard": "10",
                "value": 0.019686760000015013
            }
        },
        {
            "reactor_utilization": {
                "shard": "11",
                "value": 0.018018639999950459
            }
        },
        {
            "reactor_utilization": {
                "shard": "12",
                "value": 0.019964000000072257
            }
        },
        {
            "reactor_utilization": {
                "shard": "13",
                "value": 0.020620459999975971
            }
        },
        {
            "reactor_utilization": {
                "shard": "14",
                "value": 0.02329008000003796
            }
        },
        {
            "reactor_utilization": {
                "shard": "15",
                "value": 0.019578700000000282
            }
        },
        {
            "reactor_utilization": {
                "shard": "16",
                "value": 0.019250560000083627
            }
        },
        {
            "reactor_utilization": {
                "shard": "17",
                "value": 0.018947840000005378
            }
        },
        {
            "reactor_utilization": {
                "shard": "18",
                "value": 0.018542020000034132
            }
        },
        {
            "reactor_utilization": {
                "shard": "19",
                "value": 0.019126500000055113
            }
        },
        {
            "reactor_utilization": {
                "shard": "20",
                "value": 0.020940820000014959
            }
        },
        {
            "reactor_utilization": {
                "shard": "21",
                "value": 0.021668580000111515
            }
        },
        {
            "reactor_utilization": {
                "shard": "22",
                "value": 0.022046239999995443
            }
        },
        {
            "reactor_utilization": {
                "shard": "23",
                "value": 0.02028142000002342
            }
        },
        {
            "reactor_utilization": {
                "shard": "24",
                "value": 0.02100195999996668
            }
        },
        {
            "reactor_utilization": {
                "shard": "25",
                "value": 0.020310940000078936
            }
        },
        {
            "reactor_utilization": {
                "shard": "26",
                "value": 0.019085760000026042
            }
        },
        {
            "reactor_utilization": {
                "shard": "27",
                "value": 0.02233914000004944
            }
        }
    ]
}
{
    "metrics": [
        {
            "reactor_utilization": {
                "shard": "0",
                "value": 0.068545979999967699
            }
        },
        {
            "reactor_utilization": {
                "shard": "1",
                "value": 0.023562840000002083
            }
        },
        {
            "reactor_utilization": {
                "shard": "2",
                "value": 0.024672359999999838
            }
        },
        {
            "reactor_utilization": {
                "shard": "3",
                "value": 0.025097960000008968
            }
        },
        {
            "reactor_utilization": {
                "shard": "4",
                "value": 0.040280399999959027
            }
        },
        {
            "reactor_utilization": {
                "shard": "5",
                "value": 0.025449060000037882
            }
        },
        {
            "reactor_utilization": {
                "shard": "6",
                "value": 0.024846120000021621
            }
        },
        {
            "reactor_utilization": {
                "shard": "7",
                "value": 0.024897140000035289
            }
        },
        {
            "reactor_utilization": {
                "shard": "8",
                "value": 0.027813420000044609
            }
        },
        {
            "reactor_utilization": {
                "shard": "9",
                "value": 0.021579939999949449
            }
        },
        {
            "reactor_utilization": {
                "shard": "10",
                "value": 0.024215979999997472
            }
        },
        {
            "reactor_utilization": {
                "shard": "11",
                "value": 0.022671819999942056
            }
        },
        {
            "reactor_utilization": {
                "shard": "12",
                "value": 0.022759660000060133
            }
        },
        {
            "reactor_utilization": {
                "shard": "13",
                "value": 0.0231957799999849
            }
        },
        {
            "reactor_utilization": {
                "shard": "14",
                "value": 0.026192480000042373
            }
        },
        {
            "reactor_utilization": {
                "shard": "15",
                "value": 0.025952419999986098
            }
        },
        {
            "reactor_utilization": {
                "shard": "16",
                "value": 0.023829480000059355
            }
        },
        {
            "reactor_utilization": {
                "shard": "17",
                "value": 0.023651620000009199
            }
        },
        {
            "reactor_utilization": {
                "shard": "18",
                "value": 0.024178040000011336
            }
        },
        {
            "reactor_utilization": {
                "shard": "19",
                "value": 0.02088944000004922
            }
        },
        {
            "reactor_utilization": {
                "shard": "20",
                "value": 0.024294440000027784
            }
        },
        {
            "reactor_utilization": {
                "shard": "21",
                "value": 0.024735200000103319
            }
        },
        {
            "reactor_utilization": {
                "shard": "22",
                "value": 0.025251859999964044
            }
        },
        {
            "reactor_utilization": {
                "shard": "23",
                "value": 0.020284540000015117
            }
        },
        {
            "reactor_utilization": {
                "shard": "24",
                "value": 0.025115019999955024
            }
        },
        {
            "reactor_utilization": {
                "shard": "25",
                "value": 0.022472660000083522
            }
        },
        {
            "reactor_utilization": {
                "shard": "26",
                "value": 0.021150240000045173
            }
        },
        {
            "reactor_utilization": {
                "shard": "27",
                "value": 0.024300880000061031
            }
        }
    ]
}
{
    "metrics": [
        {
            "reactor_utilization": {
                "shard": "0",
                "value": 0.0996563999999589
            }
        },
        {
            "reactor_utilization": {
                "shard": "1",
                "value": 0.018707500000003652
            }
        },
        {
            "reactor_utilization": {
                "shard": "2",
                "value": 0.021681239999982171
            }
        },
        {
            "reactor_utilization": {
                "shard": "3",
                "value": 0.018143040000007105
            }
        },
        {
            "reactor_utilization": {
                "shard": "4",
                "value": 0.020669359999958559
            }
        },
        {
            "reactor_utilization": {
                "shard": "5",
                "value": 0.022373640000061812
            }
        },
        {
            "reactor_utilization": {
                "shard": "6",
                "value": 0.019645240000021325
            }
        },
        {
            "reactor_utilization": {
                "shard": "7",
                "value": 0.01904566000002772
            }
        },
        {
            "reactor_utilization": {
                "shard": "8",
                "value": 0.019525080000049044
            }
        },
        {
            "reactor_utilization": {
                "shard": "9",
                "value": 0.021329319999940921
            }
        },
        {
            "reactor_utilization": {
                "shard": "10",
                "value": 0.016925560000002893
            }
        },
        {
            "reactor_utilization": {
                "shard": "11",
                "value": 0.018163219999967062
            }
        },
        {
            "reactor_utilization": {
                "shard": "12",
                "value": 0.020648700000047704
            }
        },
        {
            "reactor_utilization": {
                "shard": "13",
                "value": 0.021807479999980117
            }
        },
        {
            "reactor_utilization": {
                "shard": "14",
                "value": 0.023512080000065438
            }
        },
        {
            "reactor_utilization": {
                "shard": "15",
                "value": 0.02207411999999298
            }
        },
        {
            "reactor_utilization": {
                "shard": "16",
                "value": 0.018728120000033321
            }
        },
        {
            "reactor_utilization": {
                "shard": "17",
                "value": 0.020516560000016781
            }
        },
        {
            "reactor_utilization": {
                "shard": "18",
                "value": 0.021448100000021064
            }
        },
        {
            "reactor_utilization": {
                "shard": "19",
                "value": 0.02290144000007821
            }
        },
        {
            "reactor_utilization": {
                "shard": "20",
                "value": 0.021237400000062578
            }
        },
        {
            "reactor_utilization": {
                "shard": "21",
                "value": 0.021347600000121147
            }
        },
        {
            "reactor_utilization": {
                "shard": "22",
                "value": 0.019990399999936237
            }
        },
        {
            "reactor_utilization": {
                "shard": "23",
                "value": 0.019427760000023664
            }
        },
        {
            "reactor_utilization": {
                "shard": "24",
                "value": 0.021528939999981844
            }
        },
        {
            "reactor_utilization": {
                "shard": "25",
                "value": 0.023517780000092969
            }
        },
        {
            "reactor_utilization": {
                "shard": "26",
                "value": 0.018431820000042176
            }
        },
        {
            "reactor_utilization": {
                "shard": "27",
                "value": 0.021468640000055217
            }
        }
    ]
}
{
    "metrics": [
        {
            "reactor_utilization": {
                "shard": "0",
                "value": 0.10440399999995797
            }
        },
        {
            "reactor_utilization": {
                "shard": "1",
                "value": 0.016952160000016647
            }
        },
        {
            "reactor_utilization": {
                "shard": "2",
                "value": 0.01473133999997378
            }
        },
        {
            "reactor_utilization": {
                "shard": "3",
                "value": 0.019292380000002218
            }
        },
        {
            "reactor_utilization": {
                "shard": "4",
                "value": 0.039245559999956381
            }
        },
        {
            "reactor_utilization": {
                "shard": "5",
                "value": 0.019159440000082739
            }
        },
        {
            "reactor_utilization": {
                "shard": "6",
                "value": 0.021960860000036497
            }
        },
        {
            "reactor_utilization": {
                "shard": "7",
                "value": 0.022631380000026624
            }
        },
        {
            "reactor_utilization": {
                "shard": "8",
                "value": 0.022268340000031195
            }
        },
        {
            "reactor_utilization": {
                "shard": "9",
                "value": 0.019459379999953175
            }
        },
        {
            "reactor_utilization": {
                "shard": "10",
                "value": 0.0227573399999903
            }
        },
        {
            "reactor_utilization": {
                "shard": "11",
                "value": 0.022513719999950332
            }
        },
        {
            "reactor_utilization": {
                "shard": "12",
                "value": 0.014940440000055233
            }
        },
        {
            "reactor_utilization": {
                "shard": "13",
                "value": 0.013446439999964532
            }
        },
        {
            "reactor_utilization": {
                "shard": "14",
                "value": 0.023293440000060617
            }
        },
        {
            "reactor_utilization": {
                "shard": "15",
                "value": 0.020043139999992299
            }
        },
        {
            "reactor_utilization": {
                "shard": "16",
                "value": 0.016279900000037983
            }
        },
        {
            "reactor_utilization": {
                "shard": "17",
                "value": 0.01505350000000627
            }
        },
        {
            "reactor_utilization": {
                "shard": "18",
                "value": 0.021431380000014322
            }
        },
        {
            "reactor_utilization": {
                "shard": "19",
                "value": 0.01950136000006264
            }
        },
        {
            "reactor_utilization": {
                "shard": "20",
                "value": 0.016009100000058396
            }
        },
        {
            "reactor_utilization": {
                "shard": "21",
                "value": 0.014401960000121061
            }
        },
        {
            "reactor_utilization": {
                "shard": "22",
                "value": 0.021769299999951919
            }
        },
        {
            "reactor_utilization": {
                "shard": "23",
                "value": 0.017661900000043307
            }
        },
        {
            "reactor_utilization": {
                "shard": "24",
                "value": 0.01922273999996893
            }
        },
        {
            "reactor_utilization": {
                "shard": "25",
                "value": 0.02327034000007
            }
        },
        {
            "reactor_utilization": {
                "shard": "26",
                "value": 0.016170340000032368
            }
        },
        {
            "reactor_utilization": {
                "shard": "27",
                "value": 0.015359720000052146
            }
        }
    ]
}
{
    "metrics": [
        {
            "reactor_utilization": {
                "shard": "0",
                "value": 0.095034399999949226
            }
        },
        {
            "reactor_utilization": {
                "shard": "1",
                "value": 0.031544380000003702
            }
        },
        {
            "reactor_utilization": {
                "shard": "2",
                "value": 0.027886119999975811
            }
        },
        {
            "reactor_utilization": {
                "shard": "3",
                "value": 0.029363979999996737
            }
        },
        {
            "reactor_utilization": {
                "shard": "4",
                "value": 0.038208479999957135
            }
        },
        {
            "reactor_utilization": {
                "shard": "5",
                "value": 0.030066400000072768
            }
        },
        {
            "reactor_utilization": {
                "shard": "6",
                "value": 0.029639740000042547
            }
        },
        {
            "reactor_utilization": {
                "shard": "7",
                "value": 0.029323180000018212
            }
        },
        {
            "reactor_utilization": {
                "shard": "8",
                "value": 0.030079140000038862
            }
        },
        {
            "reactor_utilization": {
                "shard": "9",
                "value": 0.027133379999955132
            }
        },
        {
            "reactor_utilization": {
                "shard": "10",
                "value": 0.028347760000002609
            }
        },
        {
            "reactor_utilization": {
                "shard": "11",
                "value": 0.026828559999947377
            }
        },
        {
            "reactor_utilization": {
                "shard": "12",
                "value": 0.028463500000042163
            }
        },
        {
            "reactor_utilization": {
                "shard": "13",
                "value": 0.027049899999975757
            }
        },
        {
            "reactor_utilization": {
                "shard": "14",
                "value": 0.02793522000008597
            }
        },
        {
            "reactor_utilization": {
                "shard": "15",
                "value": 0.027331259999996416
            }
        },
        {
            "reactor_utilization": {
                "shard": "16",
                "value": 0.027100980000027697
            }
        },
        {
            "reactor_utilization": {
                "shard": "17",
                "value": 0.026286379999995724
            }
        },
        {
            "reactor_utilization": {
                "shard": "18",
                "value": 0.027746460000022122
            }
        },
        {
            "reactor_utilization": {
                "shard": "19",
                "value": 0.027386120000083558
            }
        },
        {
            "reactor_utilization": {
                "shard": "20",
                "value": 0.027683060000049942
            }
        },
        {
            "reactor_utilization": {
                "shard": "21",
                "value": 0.028753380000112738
            }
        },
        {
            "reactor_utilization": {
                "shard": "22",
                "value": 0.027088559999954853
            }
        },
        {
            "reactor_utilization": {
                "shard": "23",
                "value": 0.02520448000005171
            }
        },
        {
            "reactor_utilization": {
                "shard": "24",
                "value": 0.02732973999997057
            }
        },
        {
            "reactor_utilization": {
                "shard": "25",
                "value": 0.025921280000051894
            }
        },
        {
            "reactor_utilization": {
                "shard": "26",
                "value": 0.026368180000024832
            }
        },
        {
            "reactor_utilization": {
                "shard": "27",
                "value": 0.026682980000047873
            }
        }
    ]
}
{
    "metrics": [
        {
            "reactor_utilization": {
                "shard": "0",
                "value": 0.084345579999944853
            }
        },
        {
            "reactor_utilization": {
                "shard": "1",
                "value": 0.023623399999994632
            }
        },
        {
            "reactor_utilization": {
                "shard": "2",
                "value": 0.019918719999956203
            }
        },
        {
            "reactor_utilization": {
                "shard": "3",
                "value": 0.021651879999995405
            }
        },
        {
            "reactor_utilization": {
                "shard": "4",
                "value": 0.031223019999970791
            }
        },
        {
            "reactor_utilization": {
                "shard": "5",
                "value": 0.018655600000072603
            }
        },
        {
            "reactor_utilization": {
                "shard": "6",
                "value": 0.018427440000046147
            }
        },
        {
            "reactor_utilization": {
                "shard": "7",
                "value": 0.020957520000020047
            }
        },
        {
            "reactor_utilization": {
                "shard": "8",
                "value": 0.019507880000013689
            }
        },
        {
            "reactor_utilization": {
                "shard": "9",
                "value": 0.0212346999999391
            }
        },
        {
            "reactor_utilization": {
                "shard": "10",
                "value": 0.020606340000006718
            }
        },
        {
            "reactor_utilization": {
                "shard": "11",
                "value": 0.018139139999950871
            }
        },
        {
            "reactor_utilization": {
                "shard": "12",
                "value": 0.019217420000061658
            }
        },
        {
            "reactor_utilization": {
                "shard": "13",
                "value": 0.020512499999958411
            }
        },
        {
            "reactor_utilization": {
                "shard": "14",
                "value": 0.022552360000116511
            }
        },
        {
            "reactor_utilization": {
                "shard": "15",
                "value": 0.017927439999998462
            }
        },
        {
            "reactor_utilization": {
                "shard": "16",
                "value": 0.019816400000038925
            }
        },
        {
            "reactor_utilization": {
                "shard": "17",
                "value": 0.020504080000005587
            }
        },
        {
            "reactor_utilization": {
                "shard": "18",
                "value": 0.021095020000028164
            }
        },
        {
            "reactor_utilization": {
                "shard": "19",
                "value": 0.019515880000064989
            }
        },
        {
            "reactor_utilization": {
                "shard": "20",
                "value": 0.022239340000029806
            }
        },
        {
            "reactor_utilization": {
                "shard": "21",
                "value": 0.022618560000087218
            }
        },
        {
            "reactor_utilization": {
                "shard": "22",
                "value": 0.018842919999939589
            }
        },
        {
            "reactor_utilization": {
                "shard": "23",
                "value": 0.020532980000065315
            }
        },
        {
            "reactor_utilization": {
                "shard": "24",
                "value": 0.020752939999968412
            }
        },
        {
            "reactor_utilization": {
                "shard": "25",
                "value": 0.021076200000047507
            }
        },
        {
            "reactor_utilization": {
                "shard": "26",
                "value": 0.020453160000011295
            }
        },
        {
            "reactor_utilization": {
                "shard": "27",
                "value": 0.019531280000051332
            }
        }
    ]
}
{
    "metrics": [
        {
            "reactor_utilization": {
                "shard": "0",
                "value": 0.11240543999992969
            }
        },
        {
            "reactor_utilization": {
                "shard": "1",
                "value": 0.028472679999980155
            }
        },
        {
            "reactor_utilization": {
                "shard": "2",
                "value": 0.026435879999953116
            }
        },
        {
            "reactor_utilization": {
                "shard": "3",
                "value": 0.023820959999998337
            }
        },
        {
            "reactor_utilization": {
                "shard": "4",
                "value": 0.04011157999999071
            }
        },
        {
            "reactor_utilization": {
                "shard": "5",
                "value": 0.021480580000066141
            }
        },
        {
            "reactor_utilization": {
                "shard": "6",
                "value": 0.023786620000043612
            }
        },
        {
            "reactor_utilization": {
                "shard": "7",
                "value": 0.021334360000024866
            }
        },
        {
            "reactor_utilization": {
                "shard": "8",
                "value": 0.024744099999995939
            }
        },
        {
            "reactor_utilization": {
                "shard": "9",
                "value": 0.021682799999944713
            }
        },
        {
            "reactor_utilization": {
                "shard": "10",
                "value": 0.024652660000012983
            }
        },
        {
            "reactor_utilization": {
                "shard": "11",
                "value": 0.022414379999946554
            }
        },
        {
            "reactor_utilization": {
                "shard": "12",
                "value": 0.025254940000052351
            }
        },
        {
            "reactor_utilization": {
                "shard": "13",
                "value": 0.024996459999948595
            }
        },
        {
            "reactor_utilization": {
                "shard": "14",
                "value": 0.025022180000089378
            }
        },
        {
            "reactor_utilization": {
                "shard": "15",
                "value": 0.024475360000009161
            }
        },
        {
            "reactor_utilization": {
                "shard": "16",
                "value": 0.022300980000045101
            }
        },
        {
            "reactor_utilization": {
                "shard": "17",
                "value": 0.023065960000012709
            }
        },
        {
            "reactor_utilization": {
                "shard": "18",
                "value": 0.023893180000023051
            }
        },
        {
            "reactor_utilization": {
                "shard": "19",
                "value": 0.023370540000067219
            }
        },
        {
            "reactor_utilization": {
                "shard": "20",
                "value": 0.023290240000062301
            }
        },
        {
            "reactor_utilization": {
                "shard": "21",
                "value": 0.027116100000101895
            }
        },
        {
            "reactor_utilization": {
                "shard": "22",
                "value": 0.022831619999952313
            }
        },
        {
            "reactor_utilization": {
                "shard": "23",
                "value": 0.020733000000050517
            }
        },
        {
            "reactor_utilization": {
                "shard": "24",
                "value": 0.022949179999964819
            }
        },
        {
            "reactor_utilization": {
                "shard": "25",
                "value": 0.022319720000041343
            }
        },
        {
            "reactor_utilization": {
                "shard": "26",
                "value": 0.022570660000020837
            }
        },
        {
            "reactor_utilization": {
                "shard": "27",
                "value": 0.023623340000056281
            }
        }
    ]
}
{
    "metrics": [
        {
            "reactor_utilization": {
                "shard": "0",
                "value": 0.095501999999925147
            }
        },
        {
            "reactor_utilization": {
                "shard": "1",
                "value": 0.028132619999965414
            }
        },
        {
            "reactor_utilization": {
                "shard": "2",
                "value": 0.025867659999923021
            }
        },
        {
            "reactor_utilization": {
                "shard": "3",
                "value": 0.024297919999982653
            }
        },
        {
            "reactor_utilization": {
                "shard": "4",
                "value": 0.037271379999981313
            }
        },
        {
            "reactor_utilization": {
                "shard": "5",
                "value": 0.023353160000072481
            }
        },
        {
            "reactor_utilization": {
                "shard": "6",
                "value": 0.02378430000002929
            }
        },
        {
            "reactor_utilization": {
                "shard": "7",
                "value": 0.024024000000033574
            }
        },
        {
            "reactor_utilization": {
                "shard": "8",
                "value": 0.024414260000016341
            }
        },
        {
            "reactor_utilization": {
                "shard": "9",
                "value": 0.027540059999919819
            }
        },
        {
            "reactor_utilization": {
                "shard": "10",
                "value": 0.022965380000006252
            }
        },
        {
            "reactor_utilization": {
                "shard": "11",
                "value": 0.022644439999952581
            }
        },
        {
            "reactor_utilization": {
                "shard": "12",
                "value": 0.023935120000062593
            }
        },
        {
            "reactor_utilization": {
                "shard": "13",
                "value": 0.026630639999969397
            }
        },
        {
            "reactor_utilization": {
                "shard": "14",
                "value": 0.029104780000088759
            }
        },
        {
            "reactor_utilization": {
                "shard": "15",
                "value": 0.023576619999998716
            }
        },
        {
            "reactor_utilization": {
                "shard": "16",
                "value": 0.022680020000032108
            }
        },
        {
            "reactor_utilization": {
                "shard": "17",
                "value": 0.024997380000002511
            }
        },
        {
            "reactor_utilization": {
                "shard": "18",
                "value": 0.024552920000031619
            }
        },
        {
            "reactor_utilization": {
                "shard": "19",
                "value": 0.025326100000067076
            }
        },
        {
            "reactor_utilization": {
                "shard": "20",
                "value": 0.026737160000034343
            }
        },
        {
            "reactor_utilization": {
                "shard": "21",
                "value": 0.027387260000100166
            }
        },
        {
            "reactor_utilization": {
                "shard": "22",
                "value": 0.024833879999941466
            }
        },
        {
            "reactor_utilization": {
                "shard": "23",
                "value": 0.024464960000059044
            }
        },
        {
            "reactor_utilization": {
                "shard": "24",
                "value": 0.026250959999962742
            }
        },
        {
            "reactor_utilization": {
                "shard": "25",
                "value": 0.028042680000039955
            }
        },
        {
            "reactor_utilization": {
                "shard": "26",
                "value": 0.024363460000031978
            }
        },
        {
            "reactor_utilization": {
                "shard": "27",
                "value": 0.02390820000006677
            }
        }
    ]
}
{
    "metrics": [
        {
            "reactor_utilization": {
                "shard": "0",
                "value": 0.092856179999922794
            }
        },
        {
            "reactor_utilization": {
                "shard": "1",
                "value": 0.022140379999968651
            }
        },
        {
            "reactor_utilization": {
                "shard": "2",
                "value": 0.021614279999948582
            }
        },
        {
            "reactor_utilization": {
                "shard": "3",
                "value": 0.021470279999991071
            }
        },
        {
            "reactor_utilization": {
                "shard": "4",
                "value": 0.027809860000005404
            }
        },
        {
            "reactor_utilization": {
                "shard": "5",
                "value": 0.022392140000071503
            }
        },
        {
            "reactor_utilization": {
                "shard": "6",
                "value": 0.023453480000024118
            }
        },
        {
            "reactor_utilization": {
                "shard": "7",
                "value": 0.020521440000043079
            }
        },
        {
            "reactor_utilization": {
                "shard": "8",
                "value": 0.020612720000012796
            }
        },
        {
            "reactor_utilization": {
                "shard": "9",
                "value": 0.02129929999992175
            }
        },
        {
            "reactor_utilization": {
                "shard": "10",
                "value": 0.022484300000014112
            }
        },
        {
            "reactor_utilization": {
                "shard": "11",
                "value": 0.019941799999956267
            }
        },
        {
            "reactor_utilization": {
                "shard": "12",
                "value": 0.022484800000066585
            }
        },
        {
            "reactor_utilization": {
                "shard": "13",
                "value": 0.021279619999969857
            }
        },
        {
            "reactor_utilization": {
                "shard": "14",
                "value": 0.023057960000083533
            }
        },
        {
            "reactor_utilization": {
                "shard": "15",
                "value": 0.02004103999999618
            }
        },
        {
            "reactor_utilization": {
                "shard": "16",
                "value": 0.018324160000027234
            }
        },
        {
            "reactor_utilization": {
                "shard": "17",
                "value": 0.021097420000004696
            }
        },
        {
            "reactor_utilization": {
                "shard": "18",
                "value": 0.021923800000034355
            }
        },
        {
            "reactor_utilization": {
                "shard": "19",
                "value": 0.021509320000079324
            }
        },
        {
            "reactor_utilization": {
                "shard": "20",
                "value": 0.022436640000045305
            }
        },
        {
            "reactor_utilization": {
                "shard": "21",
                "value": 0.021792580000079553
            }
        },
        {
            "reactor_utilization": {
                "shard": "22",
                "value": 0.021106319999919521
            }
        },
        {
            "reactor_utilization": {
                "shard": "23",
                "value": 0.020050240000046848
            }
        },
        {
            "reactor_utilization": {
                "shard": "24",
                "value": 0.022647979999956824
            }
        },
        {
            "reactor_utilization": {
                "shard": "25",
                "value": 0.021049160000041756
            }
        },
        {
            "reactor_utilization": {
                "shard": "26",
                "value": 0.022255300000018075
            }
        },
        {
            "reactor_utilization": {
                "shard": "27",
                "value": 0.022109960000071816
            }
        }
    ]
}
{
    "metrics": [
        {
            "reactor_utilization": {
                "shard": "0",
                "value": 0.12320229999993604
            }
        },
        {
            "reactor_utilization": {
                "shard": "1",
                "value": 0.02943217999996639
            }
        },
        {
            "reactor_utilization": {
                "shard": "2",
                "value": 0.029500859999953555
            }
        },
        {
            "reactor_utilization": {
                "shard": "3",
                "value": 0.025210259999997042
            }
        },
        {
            "reactor_utilization": {
                "shard": "4",
                "value": 0.048813659999979997
            }
        },
        {
            "reactor_utilization": {
                "shard": "5",
                "value": 0.025520140000068192
            }
        },
        {
            "reactor_utilization": {
                "shard": "6",
                "value": 0.023195280000021246
            }
        },
        {
            "reactor_utilization": {
                "shard": "7",
                "value": 0.023971440000047917
            }
        },
        {
            "reactor_utilization": {
                "shard": "8",
                "value": 0.023662739999996685
            }
        },
        {
            "reactor_utilization": {
                "shard": "9",
                "value": 0.029553319999919836
            }
        },
        {
            "reactor_utilization": {
                "shard": "10",
                "value": 0.027350180000018653
            }
        },
        {
            "reactor_utilization": {
                "shard": "11",
                "value": 0.027459419999975587
            }
        },
        {
            "reactor_utilization": {
                "shard": "12",
                "value": 0.027868940000064235
            }
        },
        {
            "reactor_utilization": {
                "shard": "13",
                "value": 0.024930059999972443
            }
        },
        {
            "reactor_utilization": {
                "shard": "14",
                "value": 0.029470540000087198
            }
        },
        {
            "reactor_utilization": {
                "shard": "15",
                "value": 0.024465760000003112
            }
        },
        {
            "reactor_utilization": {
                "shard": "16",
                "value": 0.023853100000037486
            }
        },
        {
            "reactor_utilization": {
                "shard": "17",
                "value": 0.024898740000001141
            }
        },
        {
            "reactor_utilization": {
                "shard": "18",
                "value": 0.029161220000017973
            }
        },
        {
            "reactor_utilization": {
                "shard": "19",
                "value": 0.027035260000085604
            }
        },
        {
            "reactor_utilization": {
                "shard": "20",
                "value": 0.028505900000053153
            }
        },
        {
            "reactor_utilization": {
                "shard": "21",
                "value": 0.025634740000102241
            }
        },
        {
            "reactor_utilization": {
                "shard": "22",
                "value": 0.027884099999941903
            }
        },
        {
            "reactor_utilization": {
                "shard": "23",
                "value": 0.025191680000036243
            }
        },
        {
            "reactor_utilization": {
                "shard": "24",
                "value": 0.029699439999975041
            }
        },
        {
            "reactor_utilization": {
                "shard": "25",
                "value": 0.030186580000024499
            }
        },
        {
            "reactor_utilization": {
                "shard": "26",
                "value": 0.02896018000001499
            }
        },
        {
            "reactor_utilization": {
                "shard": "27",
                "value": 0.027158800000059991
            }
        }
    ]
}
{
    "metrics": [
        {
            "reactor_utilization": {
                "shard": "0",
                "value": 0.067570579999931546
            }
        },
        {
            "reactor_utilization": {
                "shard": "1",
                "value": 0.029757399999963408
            }
        },
        {
            "reactor_utilization": {
                "shard": "2",
                "value": 0.02491787999998607
            }
        },
        {
            "reactor_utilization": {
                "shard": "3",
                "value": 0.025243259999996326
            }
        },
        {
            "reactor_utilization": {
                "shard": "4",
                "value": 0.041364700000001697
            }
        },
        {
            "reactor_utilization": {
                "shard": "5",
                "value": 0.025120080000085032
            }
        },
        {
            "reactor_utilization": {
                "shard": "6",
                "value": 0.023897560000030182
            }
        },
        {
            "reactor_utilization": {
                "shard": "7",
                "value": 0.023428160000027454
            }
        },
        {
            "reactor_utilization": {
                "shard": "8",
                "value": 0.024246719999987398
            }
        },
        {
            "reactor_utilization": {
                "shard": "9",
                "value": 0.025524299999934996
            }
        },
        {
            "reactor_utilization": {
                "shard": "10",
                "value": 0.023539760000024224
            }
        },
        {
            "reactor_utilization": {
                "shard": "11",
                "value": 0.024962099999981113
            }
        },
        {
            "reactor_utilization": {
                "shard": "12",
                "value": 0.021788140000067457
            }
        },
        {
            "reactor_utilization": {
                "shard": "13",
                "value": 0.026618519999965784
            }
        },
        {
            "reactor_utilization": {
                "shard": "14",
                "value": 0.02402630000009065
            }
        },
        {
            "reactor_utilization": {
                "shard": "15",
                "value": 0.022636120000019133
            }
        },
        {
            "reactor_utilization": {
                "shard": "16",
                "value": 0.023548120000027595
            }
        },
        {
            "reactor_utilization": {
                "shard": "17",
                "value": 0.026086139999992319
            }
        },
        {
            "reactor_utilization": {
                "shard": "18",
                "value": 0.025613600000018444
            }
        },
        {
            "reactor_utilization": {
                "shard": "19",
                "value": 0.026094520000086163
            }
        },
        {
            "reactor_utilization": {
                "shard": "20",
                "value": 0.026596100000042533
            }
        },
        {
            "reactor_utilization": {
                "shard": "21",
                "value": 0.028169340000105958
            }
        },
        {
            "reactor_utilization": {
                "shard": "22",
                "value": 0.02350805999992156
            }
        },
        {
            "reactor_utilization": {
                "shard": "23",
                "value": 0.023029080000036561
            }
        },
        {
            "reactor_utilization": {
                "shard": "24",
                "value": 0.027129919999957508
            }
        },
        {
            "reactor_utilization": {
                "shard": "25",
                "value": 0.026716940000026668
            }
        },
        {
            "reactor_utilization": {
                "shard": "26",
                "value": 0.024308360000024898
            }
        },
        {
            "reactor_utilization": {
                "shard": "27",
                "value": 0.023243000000050529
            }
        }
    ]
}
{
    "metrics": [
        {
            "reactor_utilization": {
                "shard": "0",
                "value": 0.084780679999929554
            }
        },
        {
            "reactor_utilization": {
                "shard": "1",
                "value": 0.021851059999944411
            }
        },
        {
            "reactor_utilization": {
                "shard": "2",
                "value": 0.022116559999973973
            }
        },
        {
            "reactor_utilization": {
                "shard": "3",
                "value": 0.023284020000002847
            }
        },
        {
            "reactor_utilization": {
                "shard": "4",
                "value": 0.025178519999990989
            }
        },
        {
            "reactor_utilization": {
                "shard": "5",
                "value": 0.01538078000006271
            }
        },
        {
            "reactor_utilization": {
                "shard": "6",
                "value": 0.015083900000023576
            }
        },
        {
            "reactor_utilization": {
                "shard": "7",
                "value": 0.02137282000002072
            }
        },
        {
            "reactor_utilization": {
                "shard": "8",
                "value": 0.021847539999986232
            }
        },
        {
            "reactor_utilization": {
                "shard": "9",
                "value": 0.017370719999920681
            }
        },
        {
            "reactor_utilization": {
                "shard": "10",
                "value": 0.015283180000014163
            }
        },
        {
            "reactor_utilization": {
                "shard": "11",
                "value": 0.016554779999966573
            }
        },
        {
            "reactor_utilization": {
                "shard": "12",
                "value": 0.019712280000050431
            }
        },
        {
            "reactor_utilization": {
                "shard": "13",
                "value": 0.021465159999956018
            }
        },
        {
            "reactor_utilization": {
                "shard": "14",
                "value": 0.016430580000104111
            }
        },
        {
            "reactor_utilization": {
                "shard": "15",
                "value": 0.021294320000020406
            }
        },
        {
            "reactor_utilization": {
                "shard": "16",
                "value": 0.021863140000033532
            }
        },
        {
            "reactor_utilization": {
                "shard": "17",
                "value": 0.021206719999999901
            }
        },
        {
            "reactor_utilization": {
                "shard": "18",
                "value": 0.017096060000032498
            }
        },
        {
            "reactor_utilization": {
                "shard": "19",
                "value": 0.020017660000082316
            }
        },
        {
            "reactor_utilization": {
                "shard": "20",
                "value": 0.024302740000048395
            }
        },
        {
            "reactor_utilization": {
                "shard": "21",
                "value": 0.021375460000094826
            }
        },
        {
            "reactor_utilization": {
                "shard": "22",
                "value": 0.015256079999947936
            }
        },
        {
            "reactor_utilization": {
                "shard": "23",
                "value": 0.019032940000041076
            }
        },
        {
            "reactor_utilization": {
                "shard": "24",
                "value": 0.023080859999957681
            }
        },
        {
            "reactor_utilization": {
                "shard": "25",
                "value": 0.015070060000033081
            }
        },
        {
            "reactor_utilization": {
                "shard": "26",
                "value": 0.020748900000022719
            }
        },
        {
            "reactor_utilization": {
                "shard": "27",
                "value": 0.021163940000046289
            }
        }
    ]
}
{
    "metrics": [
        {
            "reactor_utilization": {
                "shard": "0",
                "value": 0.091435819999918788
            }
        },
        {
            "reactor_utilization": {
                "shard": "1",
                "value": 0.023043139999956441
            }
        },
        {
            "reactor_utilization": {
                "shard": "2",
                "value": 0.018798439999967442
            }
        },
        {
            "reactor_utilization": {
                "shard": "3",
                "value": 0.020052539999992902
            }
        },
        {
            "reactor_utilization": {
                "shard": "4",
                "value": 0.034403399999982653
            }
        },
        {
            "reactor_utilization": {
                "shard": "5",
                "value": 0.022414840000051228
            }
        },
        {
            "reactor_utilization": {
                "shard": "6",
                "value": 0.023485460000016722
            }
        },
        {
            "reactor_utilization": {
                "shard": "7",
                "value": 0.016743880000025246
            }
        },
        {
            "reactor_utilization": {
                "shard": "8",
                "value": 0.016965439999983012
            }
        },
        {
            "reactor_utilization": {
                "shard": "9",
                "value": 0.02425337999989452
            }
        },
        {
            "reactor_utilization": {
                "shard": "10",
                "value": 0.022608280000013803
            }
        },
        {
            "reactor_utilization": {
                "shard": "11",
                "value": 0.024148719999961266
            }
        },
        {
            "reactor_utilization": {
                "shard": "12",
                "value": 0.017228240000055628
            }
        },
        {
            "reactor_utilization": {
                "shard": "13",
                "value": 0.017080739999986161
            }
        },
        {
            "reactor_utilization": {
                "shard": "14",
                "value": 0.023886060000100073
            }
        },
        {
            "reactor_utilization": {
                "shard": "15",
                "value": 0.018567240000022522
            }
        },
        {
            "reactor_utilization": {
                "shard": "16",
                "value": 0.017119640000040626
            }
        },
        {
            "reactor_utilization": {
                "shard": "17",
                "value": 0.019563759999985386
            }
        },
        {
            "reactor_utilization": {
                "shard": "18",
                "value": 0.025556820000027791
            }
        },
        {
            "reactor_utilization": {
                "shard": "19",
                "value": 0.021876520000096988
            }
        },
        {
            "reactor_utilization": {
                "shard": "20",
                "value": 0.023328900000052499
            }
        },
        {
            "reactor_utilization": {
                "shard": "21",
                "value": 0.02247386000008289
            }
        },
        {
            "reactor_utilization": {
                "shard": "22",
                "value": 0.02210029999994978
            }
        },
        {
            "reactor_utilization": {
                "shard": "23",
                "value": 0.021039740000039497
            }
        },
        {
            "reactor_utilization": {
                "shard": "24",
                "value": 0.021108659999957702
            }
        },
        {
            "reactor_utilization": {
                "shard": "25",
                "value": 0.024043000000018022
            }
        },
        {
            "reactor_utilization": {
                "shard": "26",
                "value": 0.019940020000008829
            }
        },
        {
            "reactor_utilization": {
                "shard": "27",
                "value": 0.018306960000036288
            }
        }
    ]
}
