{
  "fio version" : "fio-3.39-26-ga72fe",
  "timestamp" : 1750873828,
  "timestamp_ms" : 1750873828959,
  "time" : "Wed Jun 25 17:50:28 2025",
  "global options" : {
    "ioengine" : "rbd",
    "bs" : "64k",
    "rw" : "read",
    "direct" : "1",
    "runtime" : "5m",
    "time_based" : "",
    "group_reporting" : "",
    "ramp_time" : "30s",
    "thread" : "1",
    "iodepth" : "64",
    "clientname" : "admin",
    "pool" : "rbd"
  },
  "jobs" : [
    {
      "jobname" : "fio_test_0",
      "groupid" : 0,
      "job_start" : 1750873528640,
      "error" : 110,
      "eta" : 0,
      "elapsed" : 331,
      "job options" : {
        "max_latency" : "1s",
        "numjobs" : "1",
        "rbdname" : "fio_test_31"
      },
      "read" : {
        "io_bytes" : 196388913152,
        "io_kbytes" : 191786048,
        "bw_bytes" : 654498810,
        "bw" : 639158,
        "iops" : 9980.140639,
        "runtime" : 300060,
        "total_ios" : 2994641,
        "short_ios" : 0,
        "drop_ios" : 0,
        "slat_ns" : {
          "min" : 376,
          "max" : 143910,
          "mean" : 4337.242769,
          "stddev" : 3791.210217,
          "N" : 2994641
        },
        "clat_ns" : {
          "min" : 222256,
          "max" : 2218632978,
          "mean" : 42871931.630546,
          "stddev" : 74280700.988211,
          "N" : 2996657,
          "percentile" : {
            "1.000000" : 1630208,
            "5.000000" : 3522560,
            "10.000000" : 4882432,
            "20.000000" : 7045120,
            "30.000000" : 9502720,
            "40.000000" : 12910592,
            "50.000000" : 17956864,
            "60.000000" : 25821184,
            "70.000000" : 38010880,
            "80.000000" : 58982400,
            "90.000000" : 103284736,
            "95.000000" : 160432128,
            "99.000000" : 354418688,
            "99.500000" : 459276288,
            "99.900000" : 725614592,
            "99.950000" : 876609536,
            "99.990000" : 1719664640
          }
        },
        "lat_ns" : {
          "min" : 223953,
          "max" : 2218635039,
          "mean" : 42876271.071040,
          "stddev" : 74281591.354727,
          "N" : 2996657
        },
        "bw_min" : 91177,
        "bw_max" : 1971674,
        "bw_agg" : 100.000000,
        "bw_mean" : 1038978.590348,
        "bw_dev" : 51536.135363,
        "bw_samples" : 3958,
        "iops_min" : 1422,
        "iops_max" : 30804,
        "iops_mean" : 16230.014490,
        "iops_stddev" : 805.227714,
        "iops_samples" : 3958
      },
      "write" : {
        "io_bytes" : 0,
        "io_kbytes" : 0,
        "bw_bytes" : 0,
        "bw" : 0,
        "iops" : 0.000000,
        "runtime" : 0,
        "total_ios" : 0,
        "short_ios" : 0,
        "drop_ios" : 0,
        "slat_ns" : {
          "min" : 0,
          "max" : 0,
          "mean" : 0.000000,
          "stddev" : 0.000000,
          "N" : 0
        },
        "clat_ns" : {
          "min" : 0,
          "max" : 0,
          "mean" : 0.000000,
          "stddev" : 0.000000,
          "N" : 0
        },
        "lat_ns" : {
          "min" : 0,
          "max" : 0,
          "mean" : 0.000000,
          "stddev" : 0.000000,
          "N" : 0
        },
        "bw_min" : 0,
        "bw_max" : 0,
        "bw_agg" : 0.000000,
        "bw_mean" : 0.000000,
        "bw_dev" : 0.000000,
        "bw_samples" : 0,
        "iops_min" : 0,
        "iops_max" : 0,
        "iops_mean" : 0.000000,
        "iops_stddev" : 0.000000,
        "iops_samples" : 0
      },
      "trim" : {
        "io_bytes" : 0,
        "io_kbytes" : 0,
        "bw_bytes" : 0,
        "bw" : 0,
        "iops" : 0.000000,
        "runtime" : 0,
        "total_ios" : 0,
        "short_ios" : 0,
        "drop_ios" : 0,
        "slat_ns" : {
          "min" : 0,
          "max" : 0,
          "mean" : 0.000000,
          "stddev" : 0.000000,
          "N" : 0
        },
        "clat_ns" : {
          "min" : 0,
          "max" : 0,
          "mean" : 0.000000,
          "stddev" : 0.000000,
          "N" : 0
        },
        "lat_ns" : {
          "min" : 0,
          "max" : 0,
          "mean" : 0.000000,
          "stddev" : 0.000000,
          "N" : 0
        },
        "bw_min" : 0,
        "bw_max" : 0,
        "bw_agg" : 0.000000,
        "bw_mean" : 0.000000,
        "bw_dev" : 0.000000,
        "bw_samples" : 0,
        "iops_min" : 0,
        "iops_max" : 0,
        "iops_mean" : 0.000000,
        "iops_stddev" : 0.000000,
        "iops_samples" : 0
      },
      "sync" : {
        "total_ios" : 0,
        "lat_ns" : {
          "min" : 0,
          "max" : 0,
          "mean" : 0.000000,
          "stddev" : 0.000000,
          "N" : 0
        }
      },
      "job_runtime" : 1993469,
      "usr_cpu" : 0.983612,
      "sys_cpu" : 0.970620,
      "ctx" : 2946031,
      "majf" : 0,
      "minf" : 393,
      "iodepth_level" : {
        "1" : 0.000000,
        "2" : 0.000000,
        "4" : 0.000000,
        "8" : 0.000000,
        "16" : 0.000000,
        "32" : 0.000000,
        ">=64" : 100.000000
      },
      "iodepth_submit" : {
        "0" : 0.000000,
        "4" : 100.000000,
        "8" : 0.000000,
        "16" : 0.000000,
        "32" : 0.000000,
        "64" : 0.000000,
        ">=64" : 0.000000
      },
      "iodepth_complete" : {
        "0" : 0.100000,
        "4" : 99.998998,
        "8" : 0.000000,
        "16" : 0.000000,
        "32" : 0.000000,
        "64" : 0.100000,
        ">=64" : 0.000000
      },
      "latency_ns" : {
        "2" : 0.000000,
        "4" : 0.000000,
        "10" : 0.000000,
        "20" : 0.000000,
        "50" : 0.000000,
        "100" : 0.000000,
        "250" : 0.000000,
        "500" : 0.000000,
        "750" : 0.000000,
        "1000" : 0.000000
      },
      "latency_us" : {
        "2" : 0.000000,
        "4" : 0.000000,
        "10" : 0.000000,
        "20" : 0.000000,
        "50" : 0.000000,
        "100" : 0.000000,
        "250" : 0.010000,
        "500" : 0.047118,
        "750" : 0.162958,
        "1000" : 0.184730
      },
      "latency_ms" : {
        "2" : 1.081064,
        "4" : 5.103316,
        "10" : 25.209599,
        "20" : 21.315677,
        "50" : 23.296749,
        "100" : 13.226059,
        "250" : 8.260456,
        "500" : 1.798613,
        "750" : 0.291087,
        "1000" : 0.053061,
        "2000" : 0.035931,
        ">=2000" : 0.010000
      },
      "latency_depth" : 64,
      "latency_target" : 0,
      "latency_percentile" : 100.000000,
      "latency_window" : 0
    }
  ],
  "disk_util" : [
    {
      "name" : "sda",
      "read_ios" : 0,
      "write_ios" : 9817,
      "read_sectors" : 0,
      "write_sectors" : 295192,
      "read_merges" : 0,
      "write_merges" : 17393,
      "read_ticks" : 0,
      "write_ticks" : 1416,
      "in_queue" : 1540,
      "util" : 0.242749
    }
  ]
}
