[
  {
    "metrics": [
      {
        "reactor_utilization": {
          "shard": "0",
          "value": 98.462815620000228
        }
      },
      {
        "reactor_utilization": {
          "shard": "1",
          "value": 88.367809699999981
        }
      },
      {
        "reactor_utilization": {
          "shard": "2",
          "value": 80.899792499999691
        }
      },
      {
        "reactor_utilization": {
          "shard": "3",
          "value": 99.985334980000047
        }
      },
      {
        "reactor_utilization": {
          "shard": "4",
          "value": 81.429089760000011
        }
      },
      {
        "reactor_utilization": {
          "shard": "5",
          "value": 98.312849040000359
        }
      },
      {
        "reactor_utilization": {
          "shard": "6",
          "value": 79.944848119999605
        }
      },
      {
        "reactor_utilization": {
          "shard": "7",
          "value": 91.184216339999807
        }
      }
    ]
  },
  {
    "metrics": [
      {
        "reactor_utilization": {
          "shard": "0",
          "value": 93.432422480000227
        }
      },
      {
        "reactor_utilization": {
          "shard": "1",
          "value": 90.965153299999983
        }
      },
      {
        "reactor_utilization": {
          "shard": "2",
          "value": 77.792369199999683
        }
      },
      {
        "reactor_utilization": {
          "shard": "3",
          "value": 99.649509740000056
        }
      },
      {
        "reactor_utilization": {
          "shard": "4",
          "value": 82.454060440000006
        }
      },
      {
        "reactor_utilization": {
          "shard": "5",
          "value": 93.08418122000036
        }
      },
      {
        "reactor_utilization": {
          "shard": "6",
          "value": 98.171805339999594
        }
      },
      {
        "reactor_utilization": {
          "shard": "7",
          "value": 99.330933179999803
        }
      }
    ]
  },
  {
    "metrics": [
      {
        "reactor_utilization": {
          "shard": "0",
          "value": 80.67189152000023
        }
      },
      {
        "reactor_utilization": {
          "shard": "1",
          "value": 64.453870819999977
        }
      },
      {
        "reactor_utilization": {
          "shard": "2",
          "value": 79.87768193999969
        }
      },
      {
        "reactor_utilization": {
          "shard": "3",
          "value": 73.790323440000051
        }
      },
      {
        "reactor_utilization": {
          "shard": "4",
          "value": 56.684677960000009
        }
      },
      {
        "reactor_utilization": {
          "shard": "5",
          "value": 66.418525120000353
        }
      },
      {
        "reactor_utilization": {
          "shard": "6",
          "value": 95.198777019999596
        }
      },
      {
        "reactor_utilization": {
          "shard": "7",
          "value": 96.921601459999806
        }
      }
    ]
  },
  {
    "metrics": [
      {
        "reactor_utilization": {
          "shard": "0",
          "value": 73.25211442000024
        }
      },
      {
        "reactor_utilization": {
          "shard": "1",
          "value": 58.415546579999969
        }
      },
      {
        "reactor_utilization": {
          "shard": "2",
          "value": 71.655162899999695
        }
      },
      {
        "reactor_utilization": {
          "shard": "3",
          "value": 72.200619840000044
        }
      },
      {
        "reactor_utilization": {
          "shard": "4",
          "value": 73.346817320000028
        }
      },
      {
        "reactor_utilization": {
          "shard": "5",
          "value": 72.252944560000358
        }
      },
      {
        "reactor_utilization": {
          "shard": "6",
          "value": 84.262827079999596
        }
      },
      {
        "reactor_utilization": {
          "shard": "7",
          "value": 96.557676319999814
        }
      }
    ]
  },
  {
    "metrics": [
      {
        "reactor_utilization": {
          "shard": "0",
          "value": 71.958688960000231
        }
      },
      {
        "reactor_utilization": {
          "shard": "1",
          "value": 58.249143739999965
        }
      },
      {
        "reactor_utilization": {
          "shard": "2",
          "value": 82.625855539999677
        }
      },
      {
        "reactor_utilization": {
          "shard": "3",
          "value": 71.835156440000048
        }
      },
      {
        "reactor_utilization": {
          "shard": "4",
          "value": 75.956409700000023
        }
      },
      {
        "reactor_utilization": {
          "shard": "5",
          "value": 96.62304424000034
        }
      },
      {
        "reactor_utilization": {
          "shard": "6",
          "value": 87.2292100399996
        }
      },
      {
        "reactor_utilization": {
          "shard": "7",
          "value": 86.675780459999814
        }
      }
    ]
  },
  {
    "metrics": [
      {
        "reactor_utilization": {
          "shard": "0",
          "value": 83.445240940000232
        }
      },
      {
        "reactor_utilization": {
          "shard": "1",
          "value": 76.818007219999956
        }
      },
      {
        "reactor_utilization": {
          "shard": "2",
          "value": 76.687072799999683
        }
      },
      {
        "reactor_utilization": {
          "shard": "3",
          "value": 86.056140580000047
        }
      },
      {
        "reactor_utilization": {
          "shard": "4",
          "value": 65.427660900000035
        }
      },
      {
        "reactor_utilization": {
          "shard": "5",
          "value": 81.259100000000345
        }
      },
      {
        "reactor_utilization": {
          "shard": "6",
          "value": 76.463447219999594
        }
      },
      {
        "reactor_utilization": {
          "shard": "7",
          "value": 95.079565879999805
        }
      }
    ]
  },
  {
    "metrics": [
      {
        "reactor_utilization": {
          "shard": "0",
          "value": 77.228410940000231
        }
      },
      {
        "reactor_utilization": {
          "shard": "1",
          "value": 60.58484745999997
        }
      },
      {
        "reactor_utilization": {
          "shard": "2",
          "value": 83.611901979999686
        }
      },
      {
        "reactor_utilization": {
          "shard": "3",
          "value": 75.129509040000059
        }
      },
      {
        "reactor_utilization": {
          "shard": "4",
          "value": 69.856073280000032
        }
      },
      {
        "reactor_utilization": {
          "shard": "5",
          "value": 88.832647800000345
        }
      },
      {
        "reactor_utilization": {
          "shard": "6",
          "value": 80.700574239999582
        }
      },
      {
        "reactor_utilization": {
          "shard": "7",
          "value": 90.774285979999817
        }
      }
    ]
  },
  {
    "metrics": [
      {
        "reactor_utilization": {
          "shard": "0",
          "value": 77.112234600000235
        }
      },
      {
        "reactor_utilization": {
          "shard": "1",
          "value": 66.887003859999965
        }
      },
      {
        "reactor_utilization": {
          "shard": "2",
          "value": 73.010153759999682
        }
      },
      {
        "reactor_utilization": {
          "shard": "3",
          "value": 69.858220940000066
        }
      },
      {
        "reactor_utilization": {
          "shard": "4",
          "value": 58.080333080000038
        }
      },
      {
        "reactor_utilization": {
          "shard": "5",
          "value": 79.864272200000343
        }
      },
      {
        "reactor_utilization": {
          "shard": "6",
          "value": 78.171255699999591
        }
      },
      {
        "reactor_utilization": {
          "shard": "7",
          "value": 89.805568819999806
        }
      }
    ]
  },
  {
    "metrics": [
      {
        "reactor_utilization": {
          "shard": "0",
          "value": 81.31413156000022
        }
      },
      {
        "reactor_utilization": {
          "shard": "1",
          "value": 57.312317899999975
        }
      },
      {
        "reactor_utilization": {
          "shard": "2",
          "value": 69.011862759999687
        }
      },
      {
        "reactor_utilization": {
          "shard": "3",
          "value": 90.385381700000067
        }
      },
      {
        "reactor_utilization": {
          "shard": "4",
          "value": 69.95956608000003
        }
      },
      {
        "reactor_utilization": {
          "shard": "5",
          "value": 77.008886540000347
        }
      },
      {
        "reactor_utilization": {
          "shard": "6",
          "value": 90.283891419999591
        }
      },
      {
        "reactor_utilization": {
          "shard": "7",
          "value": 91.565228159999805
        }
      }
    ]
  },
  {
    "metrics": [
      {
        "reactor_utilization": {
          "shard": "0",
          "value": 87.763910740000227
        }
      },
      {
        "reactor_utilization": {
          "shard": "1",
          "value": 69.573338959999987
        }
      },
      {
        "reactor_utilization": {
          "shard": "2",
          "value": 77.931010739999678
        }
      },
      {
        "reactor_utilization": {
          "shard": "3",
          "value": 80.899290480000062
        }
      },
      {
        "reactor_utilization": {
          "shard": "4",
          "value": 74.298654040000031
        }
      },
      {
        "reactor_utilization": {
          "shard": "5",
          "value": 90.009247880000345
        }
      },
      {
        "reactor_utilization": {
          "shard": "6",
          "value": 81.229209819999596
        }
      },
      {
        "reactor_utilization": {
          "shard": "7",
          "value": 90.931280299999813
        }
      }
    ]
  },
  {
    "metrics": [
      {
        "reactor_utilization": {
          "shard": "0",
          "value": 72.574455660000226
        }
      },
      {
        "reactor_utilization": {
          "shard": "1",
          "value": 63.593959219999974
        }
      },
      {
        "reactor_utilization": {
          "shard": "2",
          "value": 59.825546379999693
        }
      },
      {
        "reactor_utilization": {
          "shard": "3",
          "value": 82.528016520000051
        }
      },
      {
        "reactor_utilization": {
          "shard": "4",
          "value": 75.896941520000027
        }
      },
      {
        "reactor_utilization": {
          "shard": "5",
          "value": 83.033122040000336
        }
      },
      {
        "reactor_utilization": {
          "shard": "6",
          "value": 82.969092039999609
        }
      },
      {
        "reactor_utilization": {
          "shard": "7",
          "value": 88.27728021999981
        }
      }
    ]
  },
  {
    "metrics": [
      {
        "reactor_utilization": {
          "shard": "0",
          "value": 76.513100800000231
        }
      },
      {
        "reactor_utilization": {
          "shard": "1",
          "value": 69.407078319999982
        }
      },
      {
        "reactor_utilization": {
          "shard": "2",
          "value": 77.067709159999694
        }
      },
      {
        "reactor_utilization": {
          "shard": "3",
          "value": 79.06608988000005
        }
      },
      {
        "reactor_utilization": {
          "shard": "4",
          "value": 67.974268100000032
        }
      },
      {
        "reactor_utilization": {
          "shard": "5",
          "value": 71.308940620000342
        }
      },
      {
        "reactor_utilization": {
          "shard": "6",
          "value": 89.635950499999595
        }
      },
      {
        "reactor_utilization": {
          "shard": "7",
          "value": 98.91195051999982
        }
      }
    ]
  },
  {
    "metrics": [
      {
        "reactor_utilization": {
          "shard": "0",
          "value": 81.272803100000232
        }
      },
      {
        "reactor_utilization": {
          "shard": "1",
          "value": 80.741819679999978
        }
      },
      {
        "reactor_utilization": {
          "shard": "2",
          "value": 78.732029679999684
        }
      },
      {
        "reactor_utilization": {
          "shard": "3",
          "value": 76.603107980000061
        }
      },
      {
        "reactor_utilization": {
          "shard": "4",
          "value": 74.509347840000032
        }
      },
      {
        "reactor_utilization": {
          "shard": "5",
          "value": 78.85188584000035
        }
      },
      {
        "reactor_utilization": {
          "shard": "6",
          "value": 93.8430201999996
        }
      },
      {
        "reactor_utilization": {
          "shard": "7",
          "value": 93.6639456999998
        }
      }
    ]
  },
  {
    "metrics": [
      {
        "reactor_utilization": {
          "shard": "0",
          "value": 73.477697220000238
        }
      },
      {
        "reactor_utilization": {
          "shard": "1",
          "value": 57.997723419999978
        }
      },
      {
        "reactor_utilization": {
          "shard": "2",
          "value": 88.389924739999685
        }
      },
      {
        "reactor_utilization": {
          "shard": "3",
          "value": 78.725826660000052
        }
      },
      {
        "reactor_utilization": {
          "shard": "4",
          "value": 68.701050240000043
        }
      },
      {
        "reactor_utilization": {
          "shard": "5",
          "value": 78.575271460000337
        }
      },
      {
        "reactor_utilization": {
          "shard": "6",
          "value": 91.356137359999607
        }
      },
      {
        "reactor_utilization": {
          "shard": "7",
          "value": 90.09399897999981
        }
      }
    ]
  },
  {
    "metrics": [
      {
        "reactor_utilization": {
          "shard": "0",
          "value": 77.882884680000231
        }
      },
      {
        "reactor_utilization": {
          "shard": "1",
          "value": 59.693864039999987
        }
      },
      {
        "reactor_utilization": {
          "shard": "2",
          "value": 75.471671519999688
        }
      },
      {
        "reactor_utilization": {
          "shard": "3",
          "value": 72.942341140000053
        }
      },
      {
        "reactor_utilization": {
          "shard": "4",
          "value": 72.79981794000004
        }
      },
      {
        "reactor_utilization": {
          "shard": "5",
          "value": 81.518982500000348
        }
      },
      {
        "reactor_utilization": {
          "shard": "6",
          "value": 78.752848779999596
        }
      },
      {
        "reactor_utilization": {
          "shard": "7",
          "value": 96.565379059999813
        }
      }
    ]
  },
  {
    "metrics": [
      {
        "reactor_utilization": {
          "shard": "0",
          "value": 62.307441500000223
        }
      },
      {
        "reactor_utilization": {
          "shard": "1",
          "value": 55.172922140000004
        }
      },
      {
        "reactor_utilization": {
          "shard": "2",
          "value": 71.344294639999674
        }
      },
      {
        "reactor_utilization": {
          "shard": "3",
          "value": 82.386789100000058
        }
      },
      {
        "reactor_utilization": {
          "shard": "4",
          "value": 53.012847120000039
        }
      },
      {
        "reactor_utilization": {
          "shard": "5",
          "value": 69.90383046000035
        }
      },
      {
        "reactor_utilization": {
          "shard": "6",
          "value": 84.094592179999594
        }
      },
      {
        "reactor_utilization": {
          "shard": "7",
          "value": 90.3153460999998
        }
      }
    ]
  },
  {
    "metrics": [
      {
        "reactor_utilization": {
          "shard": "0",
          "value": 68.864642600000224
        }
      },
      {
        "reactor_utilization": {
          "shard": "1",
          "value": 42.291801500000005
        }
      },
      {
        "reactor_utilization": {
          "shard": "2",
          "value": 70.825100799999674
        }
      },
      {
        "reactor_utilization": {
          "shard": "3",
          "value": 78.935571180000068
        }
      },
      {
        "reactor_utilization": {
          "shard": "4",
          "value": 64.670864220000041
        }
      },
      {
        "reactor_utilization": {
          "shard": "5",
          "value": 74.658953100000346
        }
      },
      {
        "reactor_utilization": {
          "shard": "6",
          "value": 71.118468539999597
        }
      },
      {
        "reactor_utilization": {
          "shard": "7",
          "value": 81.758577579999809
        }
      }
    ]
  },
  {
    "metrics": [
      {
        "reactor_utilization": {
          "shard": "0",
          "value": 61.283896800000235
        }
      },
      {
        "reactor_utilization": {
          "shard": "1",
          "value": 56.290379780000002
        }
      },
      {
        "reactor_utilization": {
          "shard": "2",
          "value": 72.945086539999664
        }
      },
      {
        "reactor_utilization": {
          "shard": "3",
          "value": 75.729836580000068
        }
      },
      {
        "reactor_utilization": {
          "shard": "4",
          "value": 62.929131260000034
        }
      },
      {
        "reactor_utilization": {
          "shard": "5",
          "value": 78.46886730000034
        }
      },
      {
        "reactor_utilization": {
          "shard": "6",
          "value": 87.963861639999593
        }
      },
      {
        "reactor_utilization": {
          "shard": "7",
          "value": 88.17167483999981
        }
      }
    ]
  },
  {
    "metrics": [
      {
        "reactor_utilization": {
          "shard": "0",
          "value": 60.290128760000236
        }
      },
      {
        "reactor_utilization": {
          "shard": "1",
          "value": 55.64489076000001
        }
      },
      {
        "reactor_utilization": {
          "shard": "2",
          "value": 72.268121659999679
        }
      },
      {
        "reactor_utilization": {
          "shard": "3",
          "value": 81.272018300000056
        }
      },
      {
        "reactor_utilization": {
          "shard": "4",
          "value": 61.954658340000037
        }
      },
      {
        "reactor_utilization": {
          "shard": "5",
          "value": 82.920617500000347
        }
      },
      {
        "reactor_utilization": {
          "shard": "6",
          "value": 81.10511219999961
        }
      },
      {
        "reactor_utilization": {
          "shard": "7",
          "value": 88.618081259999812
        }
      }
    ]
  },
  {
    "metrics": [
      {
        "reactor_utilization": {
          "shard": "0",
          "value": 68.043019020000244
        }
      },
      {
        "reactor_utilization": {
          "shard": "1",
          "value": 57.277979940000023
        }
      },
      {
        "reactor_utilization": {
          "shard": "2",
          "value": 72.931442559999653
        }
      },
      {
        "reactor_utilization": {
          "shard": "3",
          "value": 94.242441520000071
        }
      },
      {
        "reactor_utilization": {
          "shard": "4",
          "value": 61.783507500000034
        }
      },
      {
        "reactor_utilization": {
          "shard": "5",
          "value": 71.151795160000347
        }
      },
      {
        "reactor_utilization": {
          "shard": "6",
          "value": 70.637060219999597
        }
      },
      {
        "reactor_utilization": {
          "shard": "7",
          "value": 87.695280719999815
        }
      }
    ]
  },
  {
    "metrics": [
      {
        "reactor_utilization": {
          "shard": "0",
          "value": 66.945622580000247
        }
      },
      {
        "reactor_utilization": {
          "shard": "1",
          "value": 55.86743850000002
        }
      },
      {
        "reactor_utilization": {
          "shard": "2",
          "value": 81.445125699999664
        }
      },
      {
        "reactor_utilization": {
          "shard": "3",
          "value": 87.956100040000081
        }
      },
      {
        "reactor_utilization": {
          "shard": "4",
          "value": 71.02004462000005
        }
      },
      {
        "reactor_utilization": {
          "shard": "5",
          "value": 87.904608120000347
        }
      },
      {
        "reactor_utilization": {
          "shard": "6",
          "value": 71.6659074399996
        }
      },
      {
        "reactor_utilization": {
          "shard": "7",
          "value": 72.588658539999813
        }
      }
    ]
  },
  {
    "metrics": [
      {
        "reactor_utilization": {
          "shard": "0",
          "value": 55.654531860000247
        }
      },
      {
        "reactor_utilization": {
          "shard": "1",
          "value": 53.463943820000026
        }
      },
      {
        "reactor_utilization": {
          "shard": "2",
          "value": 77.198755079999671
        }
      },
      {
        "reactor_utilization": {
          "shard": "3",
          "value": 85.900048680000069
        }
      },
      {
        "reactor_utilization": {
          "shard": "4",
          "value": 60.313198580000041
        }
      },
      {
        "reactor_utilization": {
          "shard": "5",
          "value": 71.720528200000345
        }
      },
      {
        "reactor_utilization": {
          "shard": "6",
          "value": 76.508200779999598
        }
      },
      {
        "reactor_utilization": {
          "shard": "7",
          "value": 95.80317291999981
        }
      }
    ]
  },
  {
    "metrics": [
      {
        "reactor_utilization": {
          "shard": "0",
          "value": 61.613017420000247
        }
      },
      {
        "reactor_utilization": {
          "shard": "1",
          "value": 55.128921800000029
        }
      },
      {
        "reactor_utilization": {
          "shard": "2",
          "value": 82.058167299999667
        }
      },
      {
        "reactor_utilization": {
          "shard": "3",
          "value": 84.833650640000073
        }
      },
      {
        "reactor_utilization": {
          "shard": "4",
          "value": 63.07181522000004
        }
      },
      {
        "reactor_utilization": {
          "shard": "5",
          "value": 76.133242000000351
        }
      },
      {
        "reactor_utilization": {
          "shard": "6",
          "value": 83.267265739999601
        }
      },
      {
        "reactor_utilization": {
          "shard": "7",
          "value": 77.655201259999814
        }
      }
    ]
  },
  {
    "metrics": [
      {
        "reactor_utilization": {
          "shard": "0",
          "value": 57.787241540000231
        }
      },
      {
        "reactor_utilization": {
          "shard": "1",
          "value": 47.75110044000003
        }
      },
      {
        "reactor_utilization": {
          "shard": "2",
          "value": 81.45238951999967
        }
      },
      {
        "reactor_utilization": {
          "shard": "3",
          "value": 77.626666200000074
        }
      },
      {
        "reactor_utilization": {
          "shard": "4",
          "value": 76.799517220000041
        }
      },
      {
        "reactor_utilization": {
          "shard": "5",
          "value": 82.816309420000351
        }
      },
      {
        "reactor_utilization": {
          "shard": "6",
          "value": 78.449123779999596
        }
      },
      {
        "reactor_utilization": {
          "shard": "7",
          "value": 90.53398537999982
        }
      }
    ]
  }
]
