[
  {
    "metrics": [
      {
        "reactor_utilization": {
          "shard": "0",
          "value": 90.870420000000195
        }
      },
      {
        "reactor_utilization": {
          "shard": "1",
          "value": 99.878198519999842
        }
      },
      {
        "reactor_utilization": {
          "shard": "2",
          "value": 82.281643259999825
        }
      },
      {
        "reactor_utilization": {
          "shard": "3",
          "value": 85.84523968000002
        }
      },
      {
        "reactor_utilization": {
          "shard": "4",
          "value": 79.687653460000135
        }
      },
      {
        "reactor_utilization": {
          "shard": "5",
          "value": 96.686571740000375
        }
      },
      {
        "reactor_utilization": {
          "shard": "6",
          "value": 90.107620019999658
        }
      },
      {
        "reactor_utilization": {
          "shard": "7",
          "value": 87.583010159999802
        }
      }
    ]
  },
  {
    "metrics": [
      {
        "reactor_utilization": {
          "shard": "0",
          "value": 97.306198700000195
        }
      },
      {
        "reactor_utilization": {
          "shard": "1",
          "value": 97.944500859999835
        }
      },
      {
        "reactor_utilization": {
          "shard": "2",
          "value": 78.943253239999834
        }
      },
      {
        "reactor_utilization": {
          "shard": "3",
          "value": 79.393719760000025
        }
      },
      {
        "reactor_utilization": {
          "shard": "4",
          "value": 65.926759160000131
        }
      },
      {
        "reactor_utilization": {
          "shard": "5",
          "value": 90.573123300000375
        }
      },
      {
        "reactor_utilization": {
          "shard": "6",
          "value": 93.326301439999654
        }
      },
      {
        "reactor_utilization": {
          "shard": "7",
          "value": 83.744788839999799
        }
      }
    ]
  },
  {
    "metrics": [
      {
        "reactor_utilization": {
          "shard": "0",
          "value": 99.761744560000196
        }
      },
      {
        "reactor_utilization": {
          "shard": "1",
          "value": 90.125031639999847
        }
      },
      {
        "reactor_utilization": {
          "shard": "2",
          "value": 98.323887759999835
        }
      },
      {
        "reactor_utilization": {
          "shard": "3",
          "value": 96.734577940000023
        }
      },
      {
        "reactor_utilization": {
          "shard": "4",
          "value": 71.579390060000151
        }
      },
      {
        "reactor_utilization": {
          "shard": "5",
          "value": 82.31135498000036
        }
      },
      {
        "reactor_utilization": {
          "shard": "6",
          "value": 85.921450539999654
        }
      },
      {
        "reactor_utilization": {
          "shard": "7",
          "value": 96.394479119999801
        }
      }
    ]
  },
  {
    "metrics": [
      {
        "reactor_utilization": {
          "shard": "0",
          "value": 91.588161220000202
        }
      },
      {
        "reactor_utilization": {
          "shard": "1",
          "value": 85.717226459999836
        }
      },
      {
        "reactor_utilization": {
          "shard": "2",
          "value": 91.788214959999834
        }
      },
      {
        "reactor_utilization": {
          "shard": "3",
          "value": 98.062186860000025
        }
      },
      {
        "reactor_utilization": {
          "shard": "4",
          "value": 74.285361200000153
        }
      },
      {
        "reactor_utilization": {
          "shard": "5",
          "value": 71.962566600000372
        }
      },
      {
        "reactor_utilization": {
          "shard": "6",
          "value": 84.217884499999656
        }
      },
      {
        "reactor_utilization": {
          "shard": "7",
          "value": 98.159888059999801
        }
      }
    ]
  },
  {
    "metrics": [
      {
        "reactor_utilization": {
          "shard": "0",
          "value": 83.157957780000189
        }
      },
      {
        "reactor_utilization": {
          "shard": "1",
          "value": 86.678161099999855
        }
      },
      {
        "reactor_utilization": {
          "shard": "2",
          "value": 84.437483879999832
        }
      },
      {
        "reactor_utilization": {
          "shard": "3",
          "value": 96.159105160000024
        }
      },
      {
        "reactor_utilization": {
          "shard": "4",
          "value": 79.950296320000149
        }
      },
      {
        "reactor_utilization": {
          "shard": "5",
          "value": 78.038420460000367
        }
      },
      {
        "reactor_utilization": {
          "shard": "6",
          "value": 99.828426539999654
        }
      },
      {
        "reactor_utilization": {
          "shard": "7",
          "value": 99.869482979999788
        }
      }
    ]
  },
  {
    "metrics": [
      {
        "reactor_utilization": {
          "shard": "0",
          "value": 99.843132600000189
        }
      },
      {
        "reactor_utilization": {
          "shard": "1",
          "value": 87.10251785999985
        }
      },
      {
        "reactor_utilization": {
          "shard": "2",
          "value": 92.380900579999832
        }
      },
      {
        "reactor_utilization": {
          "shard": "3",
          "value": 93.215340880000014
        }
      },
      {
        "reactor_utilization": {
          "shard": "4",
          "value": 84.601058680000151
        }
      },
      {
        "reactor_utilization": {
          "shard": "5",
          "value": 99.118237240000369
        }
      },
      {
        "reactor_utilization": {
          "shard": "6",
          "value": 88.934622199999652
        }
      },
      {
        "reactor_utilization": {
          "shard": "7",
          "value": 90.632709299999789
        }
      }
    ]
  },
  {
    "metrics": [
      {
        "reactor_utilization": {
          "shard": "0",
          "value": 96.742292340000191
        }
      },
      {
        "reactor_utilization": {
          "shard": "1",
          "value": 94.150233819999855
        }
      },
      {
        "reactor_utilization": {
          "shard": "2",
          "value": 93.379820759999831
        }
      },
      {
        "reactor_utilization": {
          "shard": "3",
          "value": 81.171226400000023
        }
      },
      {
        "reactor_utilization": {
          "shard": "4",
          "value": 93.750009780000156
        }
      },
      {
        "reactor_utilization": {
          "shard": "5",
          "value": 91.019383320000372
        }
      },
      {
        "reactor_utilization": {
          "shard": "6",
          "value": 81.334022599999656
        }
      },
      {
        "reactor_utilization": {
          "shard": "7",
          "value": 99.641972499999795
        }
      }
    ]
  },
  {
    "metrics": [
      {
        "reactor_utilization": {
          "shard": "0",
          "value": 83.704741320000181
        }
      },
      {
        "reactor_utilization": {
          "shard": "1",
          "value": 91.600279059999849
        }
      },
      {
        "reactor_utilization": {
          "shard": "2",
          "value": 80.633077379999833
        }
      },
      {
        "reactor_utilization": {
          "shard": "3",
          "value": 83.188782680000031
        }
      },
      {
        "reactor_utilization": {
          "shard": "4",
          "value": 70.207947400000151
        }
      },
      {
        "reactor_utilization": {
          "shard": "5",
          "value": 84.771440640000378
        }
      },
      {
        "reactor_utilization": {
          "shard": "6",
          "value": 99.16180241999966
        }
      },
      {
        "reactor_utilization": {
          "shard": "7",
          "value": 93.486144019999799
        }
      }
    ]
  },
  {
    "metrics": [
      {
        "reactor_utilization": {
          "shard": "0",
          "value": 97.336271240000187
        }
      },
      {
        "reactor_utilization": {
          "shard": "1",
          "value": 99.598709439999851
        }
      },
      {
        "reactor_utilization": {
          "shard": "2",
          "value": 79.914171639999836
        }
      },
      {
        "reactor_utilization": {
          "shard": "3",
          "value": 79.505808900000019
        }
      },
      {
        "reactor_utilization": {
          "shard": "4",
          "value": 64.210295680000144
        }
      },
      {
        "reactor_utilization": {
          "shard": "5",
          "value": 79.929056260000365
        }
      },
      {
        "reactor_utilization": {
          "shard": "6",
          "value": 96.544154919999656
        }
      },
      {
        "reactor_utilization": {
          "shard": "7",
          "value": 95.68013701999979
        }
      }
    ]
  },
  {
    "metrics": [
      {
        "reactor_utilization": {
          "shard": "0",
          "value": 85.62369858000018
        }
      },
      {
        "reactor_utilization": {
          "shard": "1",
          "value": 92.574862719999857
        }
      },
      {
        "reactor_utilization": {
          "shard": "2",
          "value": 94.615735599999823
        }
      },
      {
        "reactor_utilization": {
          "shard": "3",
          "value": 92.460054140000025
        }
      },
      {
        "reactor_utilization": {
          "shard": "4",
          "value": 97.916916600000135
        }
      },
      {
        "reactor_utilization": {
          "shard": "5",
          "value": 94.15929780000036
        }
      },
      {
        "reactor_utilization": {
          "shard": "6",
          "value": 90.354919979999664
        }
      },
      {
        "reactor_utilization": {
          "shard": "7",
          "value": 89.5865094199998
        }
      }
    ]
  },
  {
    "metrics": [
      {
        "reactor_utilization": {
          "shard": "0",
          "value": 96.011221840000189
        }
      },
      {
        "reactor_utilization": {
          "shard": "1",
          "value": 98.760681039999852
        }
      },
      {
        "reactor_utilization": {
          "shard": "2",
          "value": 82.567660759999839
        }
      },
      {
        "reactor_utilization": {
          "shard": "3",
          "value": 89.494658700000016
        }
      },
      {
        "reactor_utilization": {
          "shard": "4",
          "value": 79.038939540000143
        }
      },
      {
        "reactor_utilization": {
          "shard": "5",
          "value": 91.310244860000367
        }
      },
      {
        "reactor_utilization": {
          "shard": "6",
          "value": 85.175788639999666
        }
      },
      {
        "reactor_utilization": {
          "shard": "7",
          "value": 88.791397099999784
        }
      }
    ]
  },
  {
    "metrics": [
      {
        "reactor_utilization": {
          "shard": "0",
          "value": 91.49608502000018
        }
      },
      {
        "reactor_utilization": {
          "shard": "1",
          "value": 85.92059293999985
        }
      },
      {
        "reactor_utilization": {
          "shard": "2",
          "value": 86.582546259999845
        }
      },
      {
        "reactor_utilization": {
          "shard": "3",
          "value": 89.090668980000018
        }
      },
      {
        "reactor_utilization": {
          "shard": "4",
          "value": 87.286078600000138
        }
      },
      {
        "reactor_utilization": {
          "shard": "5",
          "value": 99.849078860000361
        }
      },
      {
        "reactor_utilization": {
          "shard": "6",
          "value": 81.839842699999664
        }
      },
      {
        "reactor_utilization": {
          "shard": "7",
          "value": 91.721729839999782
        }
      }
    ]
  },
  {
    "metrics": [
      {
        "reactor_utilization": {
          "shard": "0",
          "value": 92.673606320000189
        }
      },
      {
        "reactor_utilization": {
          "shard": "1",
          "value": 94.569098719999857
        }
      },
      {
        "reactor_utilization": {
          "shard": "2",
          "value": 96.406848259999833
        }
      },
      {
        "reactor_utilization": {
          "shard": "3",
          "value": 80.020805880000026
        }
      },
      {
        "reactor_utilization": {
          "shard": "4",
          "value": 85.958618160000142
        }
      },
      {
        "reactor_utilization": {
          "shard": "5",
          "value": 99.773450000000366
        }
      },
      {
        "reactor_utilization": {
          "shard": "6",
          "value": 82.090598839999657
        }
      },
      {
        "reactor_utilization": {
          "shard": "7",
          "value": 81.358892999999782
        }
      }
    ]
  },
  {
    "metrics": [
      {
        "reactor_utilization": {
          "shard": "0",
          "value": 90.177466020000182
        }
      },
      {
        "reactor_utilization": {
          "shard": "1",
          "value": 97.065684559999852
        }
      },
      {
        "reactor_utilization": {
          "shard": "2",
          "value": 83.443740959999829
        }
      },
      {
        "reactor_utilization": {
          "shard": "3",
          "value": 92.976157760000021
        }
      },
      {
        "reactor_utilization": {
          "shard": "4",
          "value": 92.739309840000146
        }
      },
      {
        "reactor_utilization": {
          "shard": "5",
          "value": 89.729420760000366
        }
      },
      {
        "reactor_utilization": {
          "shard": "6",
          "value": 99.67361211999966
        }
      },
      {
        "reactor_utilization": {
          "shard": "7",
          "value": 94.413088839999787
        }
      }
    ]
  },
  {
    "metrics": [
      {
        "reactor_utilization": {
          "shard": "0",
          "value": 81.299513860000189
        }
      },
      {
        "reactor_utilization": {
          "shard": "1",
          "value": 91.426108019999859
        }
      },
      {
        "reactor_utilization": {
          "shard": "2",
          "value": 83.752520959999828
        }
      },
      {
        "reactor_utilization": {
          "shard": "3",
          "value": 97.677412960000026
        }
      },
      {
        "reactor_utilization": {
          "shard": "4",
          "value": 76.452822980000136
        }
      },
      {
        "reactor_utilization": {
          "shard": "5",
          "value": 98.940455680000355
        }
      },
      {
        "reactor_utilization": {
          "shard": "6",
          "value": 78.908918719999662
        }
      },
      {
        "reactor_utilization": {
          "shard": "7",
          "value": 93.362964759999784
        }
      }
    ]
  },
  {
    "metrics": [
      {
        "reactor_utilization": {
          "shard": "0",
          "value": 80.992146380000179
        }
      },
      {
        "reactor_utilization": {
          "shard": "1",
          "value": 91.974911499999862
        }
      },
      {
        "reactor_utilization": {
          "shard": "2",
          "value": 86.287561859999826
        }
      },
      {
        "reactor_utilization": {
          "shard": "3",
          "value": 92.70902196000003
        }
      },
      {
        "reactor_utilization": {
          "shard": "4",
          "value": 76.220326460000138
        }
      },
      {
        "reactor_utilization": {
          "shard": "5",
          "value": 94.502435580000366
        }
      },
      {
        "reactor_utilization": {
          "shard": "6",
          "value": 92.555948319999658
        }
      },
      {
        "reactor_utilization": {
          "shard": "7",
          "value": 94.244803439999785
        }
      }
    ]
  },
  {
    "metrics": [
      {
        "reactor_utilization": {
          "shard": "0",
          "value": 98.715345880000186
        }
      },
      {
        "reactor_utilization": {
          "shard": "1",
          "value": 95.000432019999849
        }
      },
      {
        "reactor_utilization": {
          "shard": "2",
          "value": 84.235863779999832
        }
      },
      {
        "reactor_utilization": {
          "shard": "3",
          "value": 84.986713680000022
        }
      },
      {
        "reactor_utilization": {
          "shard": "4",
          "value": 93.584269120000144
        }
      },
      {
        "reactor_utilization": {
          "shard": "5",
          "value": 81.291924740000368
        }
      },
      {
        "reactor_utilization": {
          "shard": "6",
          "value": 96.886767119999661
        }
      },
      {
        "reactor_utilization": {
          "shard": "7",
          "value": 86.272845759999797
        }
      }
    ]
  },
  {
    "metrics": [
      {
        "reactor_utilization": {
          "shard": "0",
          "value": 99.135684680000182
        }
      },
      {
        "reactor_utilization": {
          "shard": "1",
          "value": 81.867361059999851
        }
      },
      {
        "reactor_utilization": {
          "shard": "2",
          "value": 79.643194199999826
        }
      },
      {
        "reactor_utilization": {
          "shard": "3",
          "value": 90.851166140000032
        }
      },
      {
        "reactor_utilization": {
          "shard": "4",
          "value": 72.960952380000137
        }
      },
      {
        "reactor_utilization": {
          "shard": "5",
          "value": 85.477296160000378
        }
      },
      {
        "reactor_utilization": {
          "shard": "6",
          "value": 80.354289519999668
        }
      },
      {
        "reactor_utilization": {
          "shard": "7",
          "value": 98.067046819999788
        }
      }
    ]
  },
  {
    "metrics": [
      {
        "reactor_utilization": {
          "shard": "0",
          "value": 92.211275600000178
        }
      },
      {
        "reactor_utilization": {
          "shard": "1",
          "value": 90.231352959999853
        }
      },
      {
        "reactor_utilization": {
          "shard": "2",
          "value": 85.823531099999826
        }
      },
      {
        "reactor_utilization": {
          "shard": "3",
          "value": 91.896545880000019
        }
      },
      {
        "reactor_utilization": {
          "shard": "4",
          "value": 75.084353780000129
        }
      },
      {
        "reactor_utilization": {
          "shard": "5",
          "value": 89.201019260000365
        }
      },
      {
        "reactor_utilization": {
          "shard": "6",
          "value": 93.177136419999655
        }
      },
      {
        "reactor_utilization": {
          "shard": "7",
          "value": 92.915623999999795
        }
      }
    ]
  },
  {
    "metrics": [
      {
        "reactor_utilization": {
          "shard": "0",
          "value": 80.463396400000178
        }
      },
      {
        "reactor_utilization": {
          "shard": "1",
          "value": 80.849332679999847
        }
      },
      {
        "reactor_utilization": {
          "shard": "2",
          "value": 87.012412719999816
        }
      },
      {
        "reactor_utilization": {
          "shard": "3",
          "value": 86.197173660000033
        }
      },
      {
        "reactor_utilization": {
          "shard": "4",
          "value": 69.672657540000131
        }
      },
      {
        "reactor_utilization": {
          "shard": "5",
          "value": 88.274660080000373
        }
      },
      {
        "reactor_utilization": {
          "shard": "6",
          "value": 71.17029981999967
        }
      },
      {
        "reactor_utilization": {
          "shard": "7",
          "value": 72.096280639999804
        }
      }
    ]
  },
  {
    "metrics": [
      {
        "reactor_utilization": {
          "shard": "0",
          "value": 90.612614980000188
        }
      },
      {
        "reactor_utilization": {
          "shard": "1",
          "value": 71.411688139999853
        }
      },
      {
        "reactor_utilization": {
          "shard": "2",
          "value": 76.102087219999831
        }
      },
      {
        "reactor_utilization": {
          "shard": "3",
          "value": 94.330511020000031
        }
      },
      {
        "reactor_utilization": {
          "shard": "4",
          "value": 84.29867666000014
        }
      },
      {
        "reactor_utilization": {
          "shard": "5",
          "value": 96.339823820000376
        }
      },
      {
        "reactor_utilization": {
          "shard": "6",
          "value": 78.229307319999663
        }
      },
      {
        "reactor_utilization": {
          "shard": "7",
          "value": 83.724975899999805
        }
      }
    ]
  },
  {
    "metrics": [
      {
        "reactor_utilization": {
          "shard": "0",
          "value": 84.172144340000173
        }
      },
      {
        "reactor_utilization": {
          "shard": "1",
          "value": 92.872590139999858
        }
      },
      {
        "reactor_utilization": {
          "shard": "2",
          "value": 74.378899759999825
        }
      },
      {
        "reactor_utilization": {
          "shard": "3",
          "value": 76.431678920000024
        }
      },
      {
        "reactor_utilization": {
          "shard": "4",
          "value": 63.239920760000132
        }
      },
      {
        "reactor_utilization": {
          "shard": "5",
          "value": 86.461958040000368
        }
      },
      {
        "reactor_utilization": {
          "shard": "6",
          "value": 85.880247359999657
        }
      },
      {
        "reactor_utilization": {
          "shard": "7",
          "value": 95.644200059999804
        }
      }
    ]
  },
  {
    "metrics": [
      {
        "reactor_utilization": {
          "shard": "0",
          "value": 84.34092994000018
        }
      },
      {
        "reactor_utilization": {
          "shard": "1",
          "value": 82.587950039999853
        }
      },
      {
        "reactor_utilization": {
          "shard": "2",
          "value": 93.116319379999823
        }
      },
      {
        "reactor_utilization": {
          "shard": "3",
          "value": 86.83927742000003
        }
      },
      {
        "reactor_utilization": {
          "shard": "4",
          "value": 76.762751680000136
        }
      },
      {
        "reactor_utilization": {
          "shard": "5",
          "value": 77.308041740000363
        }
      },
      {
        "reactor_utilization": {
          "shard": "6",
          "value": 72.721458559999661
        }
      },
      {
        "reactor_utilization": {
          "shard": "7",
          "value": 86.124002599999798
        }
      }
    ]
  },
  {
    "metrics": [
      {
        "reactor_utilization": {
          "shard": "0",
          "value": 85.371114740000181
        }
      },
      {
        "reactor_utilization": {
          "shard": "1",
          "value": 85.191112599999855
        }
      },
      {
        "reactor_utilization": {
          "shard": "2",
          "value": 91.967391759999828
        }
      },
      {
        "reactor_utilization": {
          "shard": "3",
          "value": 81.478463240000025
        }
      },
      {
        "reactor_utilization": {
          "shard": "4",
          "value": 84.51130374000013
        }
      },
      {
        "reactor_utilization": {
          "shard": "5",
          "value": 92.854975460000361
        }
      },
      {
        "reactor_utilization": {
          "shard": "6",
          "value": 83.735597519999658
        }
      },
      {
        "reactor_utilization": {
          "shard": "7",
          "value": 88.562708519999802
        }
      }
    ]
  }
]
