[
  {
    "metrics": [
      {
        "reactor_utilization": {
          "shard": "0",
          "value": 99.536505620000256
        }
      },
      {
        "reactor_utilization": {
          "shard": "1",
          "value": 98.648914339999948
        }
      },
      {
        "reactor_utilization": {
          "shard": "2",
          "value": 92.019010059999772
        }
      },
      {
        "reactor_utilization": {
          "shard": "3",
          "value": 99.616757980000017
        }
      },
      {
        "reactor_utilization": {
          "shard": "4",
          "value": 85.961953040000097
        }
      },
      {
        "reactor_utilization": {
          "shard": "5",
          "value": 97.305931400000318
        }
      },
      {
        "reactor_utilization": {
          "shard": "6",
          "value": 91.953718279999734
        }
      },
      {
        "reactor_utilization": {
          "shard": "7",
          "value": 95.891687499999748
        }
      }
    ]
  },
  {
    "metrics": [
      {
        "reactor_utilization": {
          "shard": "0",
          "value": 99.91750950000025
        }
      },
      {
        "reactor_utilization": {
          "shard": "1",
          "value": 91.475229819999953
        }
      },
      {
        "reactor_utilization": {
          "shard": "2",
          "value": 84.325917359999764
        }
      },
      {
        "reactor_utilization": {
          "shard": "3",
          "value": 76.117483220000011
        }
      },
      {
        "reactor_utilization": {
          "shard": "4",
          "value": 74.980387080000071
        }
      },
      {
        "reactor_utilization": {
          "shard": "5",
          "value": 82.626854940000328
        }
      },
      {
        "reactor_utilization": {
          "shard": "6",
          "value": 93.944706979999722
        }
      },
      {
        "reactor_utilization": {
          "shard": "7",
          "value": 89.781823739999737
        }
      }
    ]
  },
  {
    "metrics": [
      {
        "reactor_utilization": {
          "shard": "0",
          "value": 96.861825620000246
        }
      },
      {
        "reactor_utilization": {
          "shard": "1",
          "value": 82.871987819999958
        }
      },
      {
        "reactor_utilization": {
          "shard": "2",
          "value": 63.202718979999759
        }
      },
      {
        "reactor_utilization": {
          "shard": "3",
          "value": 78.031680040000012
        }
      },
      {
        "reactor_utilization": {
          "shard": "4",
          "value": 67.794403840000086
        }
      },
      {
        "reactor_utilization": {
          "shard": "5",
          "value": 66.268139120000342
        }
      },
      {
        "reactor_utilization": {
          "shard": "6",
          "value": 67.264024059999727
        }
      },
      {
        "reactor_utilization": {
          "shard": "7",
          "value": 89.935273179999754
        }
      }
    ]
  },
  {
    "metrics": [
      {
        "reactor_utilization": {
          "shard": "0",
          "value": 97.846347100000258
        }
      },
      {
        "reactor_utilization": {
          "shard": "1",
          "value": 72.77812475999994
        }
      },
      {
        "reactor_utilization": {
          "shard": "2",
          "value": 81.10586393999975
        }
      },
      {
        "reactor_utilization": {
          "shard": "3",
          "value": 77.075828920000006
        }
      },
      {
        "reactor_utilization": {
          "shard": "4",
          "value": 64.423580600000079
        }
      },
      {
        "reactor_utilization": {
          "shard": "5",
          "value": 58.375513720000342
        }
      },
      {
        "reactor_utilization": {
          "shard": "6",
          "value": 57.58814729999974
        }
      },
      {
        "reactor_utilization": {
          "shard": "7",
          "value": 69.92729431999976
        }
      }
    ]
  },
  {
    "metrics": [
      {
        "reactor_utilization": {
          "shard": "0",
          "value": 87.97131856000027
        }
      },
      {
        "reactor_utilization": {
          "shard": "1",
          "value": 85.059031919999953
        }
      },
      {
        "reactor_utilization": {
          "shard": "2",
          "value": 78.662009419999748
        }
      },
      {
        "reactor_utilization": {
          "shard": "3",
          "value": 74.290531440000009
        }
      },
      {
        "reactor_utilization": {
          "shard": "4",
          "value": 72.520329560000079
        }
      },
      {
        "reactor_utilization": {
          "shard": "5",
          "value": 79.496946180000336
        }
      },
      {
        "reactor_utilization": {
          "shard": "6",
          "value": 64.332325799999751
        }
      },
      {
        "reactor_utilization": {
          "shard": "7",
          "value": 79.112598699999751
        }
      }
    ]
  },
  {
    "metrics": [
      {
        "reactor_utilization": {
          "shard": "0",
          "value": 91.946343880000256
        }
      },
      {
        "reactor_utilization": {
          "shard": "1",
          "value": 94.192201819999937
        }
      },
      {
        "reactor_utilization": {
          "shard": "2",
          "value": 87.277197459999741
        }
      },
      {
        "reactor_utilization": {
          "shard": "3",
          "value": 73.645841300000015
        }
      },
      {
        "reactor_utilization": {
          "shard": "4",
          "value": 70.063797420000085
        }
      },
      {
        "reactor_utilization": {
          "shard": "5",
          "value": 64.416921760000335
        }
      },
      {
        "reactor_utilization": {
          "shard": "6",
          "value": 80.120451099999741
        }
      },
      {
        "reactor_utilization": {
          "shard": "7",
          "value": 78.318383939999748
        }
      }
    ]
  },
  {
    "metrics": [
      {
        "reactor_utilization": {
          "shard": "0",
          "value": 68.197397220000269
        }
      },
      {
        "reactor_utilization": {
          "shard": "1",
          "value": 83.304742279999942
        }
      },
      {
        "reactor_utilization": {
          "shard": "2",
          "value": 90.513298539999738
        }
      },
      {
        "reactor_utilization": {
          "shard": "3",
          "value": 78.446002980000017
        }
      },
      {
        "reactor_utilization": {
          "shard": "4",
          "value": 64.837220700000088
        }
      },
      {
        "reactor_utilization": {
          "shard": "5",
          "value": 78.668388480000331
        }
      },
      {
        "reactor_utilization": {
          "shard": "6",
          "value": 64.432442379999742
        }
      },
      {
        "reactor_utilization": {
          "shard": "7",
          "value": 74.855424659999741
        }
      }
    ]
  },
  {
    "metrics": [
      {
        "reactor_utilization": {
          "shard": "0",
          "value": 91.219703860000266
        }
      },
      {
        "reactor_utilization": {
          "shard": "1",
          "value": 82.808099699999943
        }
      },
      {
        "reactor_utilization": {
          "shard": "2",
          "value": 75.321443079999753
        }
      },
      {
        "reactor_utilization": {
          "shard": "3",
          "value": 83.998789760000008
        }
      },
      {
        "reactor_utilization": {
          "shard": "4",
          "value": 67.345075820000091
        }
      },
      {
        "reactor_utilization": {
          "shard": "5",
          "value": 76.604270840000339
        }
      },
      {
        "reactor_utilization": {
          "shard": "6",
          "value": 65.028777499999748
        }
      },
      {
        "reactor_utilization": {
          "shard": "7",
          "value": 78.064186919999742
        }
      }
    ]
  },
  {
    "metrics": [
      {
        "reactor_utilization": {
          "shard": "0",
          "value": 83.089415080000279
        }
      },
      {
        "reactor_utilization": {
          "shard": "1",
          "value": 90.315569919999945
        }
      },
      {
        "reactor_utilization": {
          "shard": "2",
          "value": 76.794759459999739
        }
      },
      {
        "reactor_utilization": {
          "shard": "3",
          "value": 79.336741640000014
        }
      },
      {
        "reactor_utilization": {
          "shard": "4",
          "value": 61.429400840000085
        }
      },
      {
        "reactor_utilization": {
          "shard": "5",
          "value": 65.084168860000318
        }
      },
      {
        "reactor_utilization": {
          "shard": "6",
          "value": 66.310007539999731
        }
      },
      {
        "reactor_utilization": {
          "shard": "7",
          "value": 77.643176379999744
        }
      }
    ]
  },
  {
    "metrics": [
      {
        "reactor_utilization": {
          "shard": "0",
          "value": 97.877331920000259
        }
      },
      {
        "reactor_utilization": {
          "shard": "1",
          "value": 80.975449959999949
        }
      },
      {
        "reactor_utilization": {
          "shard": "2",
          "value": 60.718994819999736
        }
      },
      {
        "reactor_utilization": {
          "shard": "3",
          "value": 85.591519900000009
        }
      },
      {
        "reactor_utilization": {
          "shard": "4",
          "value": 64.877384220000096
        }
      },
      {
        "reactor_utilization": {
          "shard": "5",
          "value": 72.719565840000328
        }
      },
      {
        "reactor_utilization": {
          "shard": "6",
          "value": 75.742337399999741
        }
      },
      {
        "reactor_utilization": {
          "shard": "7",
          "value": 78.484702059999734
        }
      }
    ]
  },
  {
    "metrics": [
      {
        "reactor_utilization": {
          "shard": "0",
          "value": 84.742482420000272
        }
      },
      {
        "reactor_utilization": {
          "shard": "1",
          "value": 67.186851479999945
        }
      },
      {
        "reactor_utilization": {
          "shard": "2",
          "value": 87.016547519999747
        }
      },
      {
        "reactor_utilization": {
          "shard": "3",
          "value": 72.636893940000007
        }
      },
      {
        "reactor_utilization": {
          "shard": "4",
          "value": 88.461305380000084
        }
      },
      {
        "reactor_utilization": {
          "shard": "5",
          "value": 88.518795660000322
        }
      },
      {
        "reactor_utilization": {
          "shard": "6",
          "value": 65.882215919999737
        }
      },
      {
        "reactor_utilization": {
          "shard": "7",
          "value": 71.742490879999735
        }
      }
    ]
  },
  {
    "metrics": [
      {
        "reactor_utilization": {
          "shard": "0",
          "value": 94.897697300000274
        }
      },
      {
        "reactor_utilization": {
          "shard": "1",
          "value": 84.954105359999943
        }
      },
      {
        "reactor_utilization": {
          "shard": "2",
          "value": 83.353514779999756
        }
      },
      {
        "reactor_utilization": {
          "shard": "3",
          "value": 78.20749902
        }
      },
      {
        "reactor_utilization": {
          "shard": "4",
          "value": 69.771708640000085
        }
      },
      {
        "reactor_utilization": {
          "shard": "5",
          "value": 65.037098660000339
        }
      },
      {
        "reactor_utilization": {
          "shard": "6",
          "value": 60.366565019999726
        }
      },
      {
        "reactor_utilization": {
          "shard": "7",
          "value": 75.262962459999741
        }
      }
    ]
  },
  {
    "metrics": [
      {
        "reactor_utilization": {
          "shard": "0",
          "value": 88.120368920000274
        }
      },
      {
        "reactor_utilization": {
          "shard": "1",
          "value": 80.199596979999939
        }
      },
      {
        "reactor_utilization": {
          "shard": "2",
          "value": 88.079993499999745
        }
      },
      {
        "reactor_utilization": {
          "shard": "3",
          "value": 93.485486780000002
        }
      },
      {
        "reactor_utilization": {
          "shard": "4",
          "value": 62.198927620000077
        }
      },
      {
        "reactor_utilization": {
          "shard": "5",
          "value": 65.556378480000333
        }
      },
      {
        "reactor_utilization": {
          "shard": "6",
          "value": 52.11463857999972
        }
      },
      {
        "reactor_utilization": {
          "shard": "7",
          "value": 62.372357399999743
        }
      }
    ]
  },
  {
    "metrics": [
      {
        "reactor_utilization": {
          "shard": "0",
          "value": 95.159407980000282
        }
      },
      {
        "reactor_utilization": {
          "shard": "1",
          "value": 76.763477679999951
        }
      },
      {
        "reactor_utilization": {
          "shard": "2",
          "value": 90.618220679999737
        }
      },
      {
        "reactor_utilization": {
          "shard": "3",
          "value": 70.004456880000006
        }
      },
      {
        "reactor_utilization": {
          "shard": "4",
          "value": 81.203062240000079
        }
      },
      {
        "reactor_utilization": {
          "shard": "5",
          "value": 85.126416340000333
        }
      },
      {
        "reactor_utilization": {
          "shard": "6",
          "value": 71.490383439999718
        }
      },
      {
        "reactor_utilization": {
          "shard": "7",
          "value": 69.597667079999752
        }
      }
    ]
  },
  {
    "metrics": [
      {
        "reactor_utilization": {
          "shard": "0",
          "value": 96.40564440000027
        }
      },
      {
        "reactor_utilization": {
          "shard": "1",
          "value": 86.313698539999947
        }
      },
      {
        "reactor_utilization": {
          "shard": "2",
          "value": 77.328093219999744
        }
      },
      {
        "reactor_utilization": {
          "shard": "3",
          "value": 73.513837440000017
        }
      },
      {
        "reactor_utilization": {
          "shard": "4",
          "value": 73.01879136000008
        }
      },
      {
        "reactor_utilization": {
          "shard": "5",
          "value": 81.015390260000331
        }
      },
      {
        "reactor_utilization": {
          "shard": "6",
          "value": 80.207223319999727
        }
      },
      {
        "reactor_utilization": {
          "shard": "7",
          "value": 78.05423619999975
        }
      }
    ]
  },
  {
    "metrics": [
      {
        "reactor_utilization": {
          "shard": "0",
          "value": 89.242229800000274
        }
      },
      {
        "reactor_utilization": {
          "shard": "1",
          "value": 81.42438987999995
        }
      },
      {
        "reactor_utilization": {
          "shard": "2",
          "value": 69.02028201999974
        }
      },
      {
        "reactor_utilization": {
          "shard": "3",
          "value": 79.274851180000013
        }
      },
      {
        "reactor_utilization": {
          "shard": "4",
          "value": 71.473629340000073
        }
      },
      {
        "reactor_utilization": {
          "shard": "5",
          "value": 67.790655500000341
        }
      },
      {
        "reactor_utilization": {
          "shard": "6",
          "value": 79.61283041999971
        }
      },
      {
        "reactor_utilization": {
          "shard": "7",
          "value": 89.368868799999746
        }
      }
    ]
  },
  {
    "metrics": [
      {
        "reactor_utilization": {
          "shard": "0",
          "value": 88.166230600000276
        }
      },
      {
        "reactor_utilization": {
          "shard": "1",
          "value": 87.708738199999942
        }
      },
      {
        "reactor_utilization": {
          "shard": "2",
          "value": 73.257274839999724
        }
      },
      {
        "reactor_utilization": {
          "shard": "3",
          "value": 76.483965140000009
        }
      },
      {
        "reactor_utilization": {
          "shard": "4",
          "value": 71.361881220000072
        }
      },
      {
        "reactor_utilization": {
          "shard": "5",
          "value": 73.10672348000034
        }
      },
      {
        "reactor_utilization": {
          "shard": "6",
          "value": 73.495979339999721
        }
      },
      {
        "reactor_utilization": {
          "shard": "7",
          "value": 83.01928527999975
        }
      }
    ]
  },
  {
    "metrics": [
      {
        "reactor_utilization": {
          "shard": "0",
          "value": 77.835006180000278
        }
      },
      {
        "reactor_utilization": {
          "shard": "1",
          "value": 96.109999179999946
        }
      },
      {
        "reactor_utilization": {
          "shard": "2",
          "value": 87.806753099999725
        }
      },
      {
        "reactor_utilization": {
          "shard": "3",
          "value": 83.091944980000008
        }
      },
      {
        "reactor_utilization": {
          "shard": "4",
          "value": 66.637568840000071
        }
      },
      {
        "reactor_utilization": {
          "shard": "5",
          "value": 55.111420280000345
        }
      },
      {
        "reactor_utilization": {
          "shard": "6",
          "value": 65.249496139999721
        }
      },
      {
        "reactor_utilization": {
          "shard": "7",
          "value": 72.736865619999747
        }
      }
    ]
  },
  {
    "metrics": [
      {
        "reactor_utilization": {
          "shard": "0",
          "value": 70.32377682000029
        }
      },
      {
        "reactor_utilization": {
          "shard": "1",
          "value": 86.97776415999995
        }
      },
      {
        "reactor_utilization": {
          "shard": "2",
          "value": 92.98442347999972
        }
      },
      {
        "reactor_utilization": {
          "shard": "3",
          "value": 86.330619280000008
        }
      },
      {
        "reactor_utilization": {
          "shard": "4",
          "value": 53.553743900000072
        }
      },
      {
        "reactor_utilization": {
          "shard": "5",
          "value": 58.632673460000348
        }
      },
      {
        "reactor_utilization": {
          "shard": "6",
          "value": 65.984072859999714
        }
      },
      {
        "reactor_utilization": {
          "shard": "7",
          "value": 74.005873399999757
        }
      }
    ]
  },
  {
    "metrics": [
      {
        "reactor_utilization": {
          "shard": "0",
          "value": 93.266359920000269
        }
      },
      {
        "reactor_utilization": {
          "shard": "1",
          "value": 83.95102815999995
        }
      },
      {
        "reactor_utilization": {
          "shard": "2",
          "value": 81.964381339999733
        }
      },
      {
        "reactor_utilization": {
          "shard": "3",
          "value": 68.124106220000002
        }
      },
      {
        "reactor_utilization": {
          "shard": "4",
          "value": 74.682216900000071
        }
      },
      {
        "reactor_utilization": {
          "shard": "5",
          "value": 80.298964420000345
        }
      },
      {
        "reactor_utilization": {
          "shard": "6",
          "value": 61.288858839999719
        }
      },
      {
        "reactor_utilization": {
          "shard": "7",
          "value": 81.539030999999753
        }
      }
    ]
  },
  {
    "metrics": [
      {
        "reactor_utilization": {
          "shard": "0",
          "value": 96.466865720000285
        }
      },
      {
        "reactor_utilization": {
          "shard": "1",
          "value": 78.028600559999944
        }
      },
      {
        "reactor_utilization": {
          "shard": "2",
          "value": 74.491149179999724
        }
      },
      {
        "reactor_utilization": {
          "shard": "3",
          "value": 79.80813474
        }
      },
      {
        "reactor_utilization": {
          "shard": "4",
          "value": 72.437096320000066
        }
      },
      {
        "reactor_utilization": {
          "shard": "5",
          "value": 69.78336484000036
        }
      },
      {
        "reactor_utilization": {
          "shard": "6",
          "value": 68.008485299999705
        }
      },
      {
        "reactor_utilization": {
          "shard": "7",
          "value": 82.825452739999747
        }
      }
    ]
  },
  {
    "metrics": [
      {
        "reactor_utilization": {
          "shard": "0",
          "value": 87.711809680000286
        }
      },
      {
        "reactor_utilization": {
          "shard": "1",
          "value": 90.865395919999955
        }
      },
      {
        "reactor_utilization": {
          "shard": "2",
          "value": 63.536624339999712
        }
      },
      {
        "reactor_utilization": {
          "shard": "3",
          "value": 81.650407619999996
        }
      },
      {
        "reactor_utilization": {
          "shard": "4",
          "value": 78.25708362000006
        }
      },
      {
        "reactor_utilization": {
          "shard": "5",
          "value": 85.584603360000358
        }
      },
      {
        "reactor_utilization": {
          "shard": "6",
          "value": 66.906909259999708
        }
      },
      {
        "reactor_utilization": {
          "shard": "7",
          "value": 78.719896939999742
        }
      }
    ]
  },
  {
    "metrics": [
      {
        "reactor_utilization": {
          "shard": "0",
          "value": 99.609318260000279
        }
      },
      {
        "reactor_utilization": {
          "shard": "1",
          "value": 74.097825759999949
        }
      },
      {
        "reactor_utilization": {
          "shard": "2",
          "value": 72.251415639999706
        }
      },
      {
        "reactor_utilization": {
          "shard": "3",
          "value": 77.866185819999998
        }
      },
      {
        "reactor_utilization": {
          "shard": "4",
          "value": 64.645134760000062
        }
      },
      {
        "reactor_utilization": {
          "shard": "5",
          "value": 69.812395280000345
        }
      },
      {
        "reactor_utilization": {
          "shard": "6",
          "value": 53.928511599999695
        }
      },
      {
        "reactor_utilization": {
          "shard": "7",
          "value": 63.86394137999973
        }
      }
    ]
  },
  {
    "metrics": [
      {
        "reactor_utilization": {
          "shard": "0",
          "value": 90.02340494000029
        }
      },
      {
        "reactor_utilization": {
          "shard": "1",
          "value": 70.310476219999956
        }
      },
      {
        "reactor_utilization": {
          "shard": "2",
          "value": 92.52734375999971
        }
      },
      {
        "reactor_utilization": {
          "shard": "3",
          "value": 74.103952180000007
        }
      },
      {
        "reactor_utilization": {
          "shard": "4",
          "value": 73.559441740000068
        }
      },
      {
        "reactor_utilization": {
          "shard": "5",
          "value": 79.268841500000349
        }
      },
      {
        "reactor_utilization": {
          "shard": "6",
          "value": 72.064161539999702
        }
      },
      {
        "reactor_utilization": {
          "shard": "7",
          "value": 68.50197475999974
        }
      }
    ]
  }
]
