[
  {
    "metrics": [
      {
        "reactor_utilization": {
          "shard": "0",
          "value": 96.13810224000018
        }
      },
      {
        "reactor_utilization": {
          "shard": "1",
          "value": 93.706379419999848
        }
      },
      {
        "reactor_utilization": {
          "shard": "2",
          "value": 84.163997119999863
        }
      },
      {
        "reactor_utilization": {
          "shard": "3",
          "value": 94.492492219999974
        }
      },
      {
        "reactor_utilization": {
          "shard": "4",
          "value": 65.263290420000104
        }
      },
      {
        "reactor_utilization": {
          "shard": "5",
          "value": 84.691546320000384
        }
      },
      {
        "reactor_utilization": {
          "shard": "6",
          "value": 87.511715499999724
        }
      },
      {
        "reactor_utilization": {
          "shard": "7",
          "value": 80.081224859999793
        }
      }
    ]
  },
  {
    "metrics": [
      {
        "reactor_utilization": {
          "shard": "0",
          "value": 97.950193840000182
        }
      },
      {
        "reactor_utilization": {
          "shard": "1",
          "value": 96.199854779999839
        }
      },
      {
        "reactor_utilization": {
          "shard": "2",
          "value": 99.046035599999854
        }
      },
      {
        "reactor_utilization": {
          "shard": "3",
          "value": 89.375839259999964
        }
      },
      {
        "reactor_utilization": {
          "shard": "4",
          "value": 70.190737440000106
        }
      },
      {
        "reactor_utilization": {
          "shard": "5",
          "value": 86.264746700000373
        }
      },
      {
        "reactor_utilization": {
          "shard": "6",
          "value": 90.351982459999718
        }
      },
      {
        "reactor_utilization": {
          "shard": "7",
          "value": 95.9524391799998
        }
      }
    ]
  },
  {
    "metrics": [
      {
        "reactor_utilization": {
          "shard": "0",
          "value": 93.937584280000181
        }
      },
      {
        "reactor_utilization": {
          "shard": "1",
          "value": 99.264526659999845
        }
      },
      {
        "reactor_utilization": {
          "shard": "2",
          "value": 89.165641199999854
        }
      },
      {
        "reactor_utilization": {
          "shard": "3",
          "value": 90.412405939999971
        }
      },
      {
        "reactor_utilization": {
          "shard": "4",
          "value": 68.668765340000107
        }
      },
      {
        "reactor_utilization": {
          "shard": "5",
          "value": 80.356608000000378
        }
      },
      {
        "reactor_utilization": {
          "shard": "6",
          "value": 92.928768339999706
        }
      },
      {
        "reactor_utilization": {
          "shard": "7",
          "value": 96.910488299999784
        }
      }
    ]
  },
  {
    "metrics": [
      {
        "reactor_utilization": {
          "shard": "0",
          "value": 88.414109420000173
        }
      },
      {
        "reactor_utilization": {
          "shard": "1",
          "value": 93.286178379999839
        }
      },
      {
        "reactor_utilization": {
          "shard": "2",
          "value": 88.744988739999869
        }
      },
      {
        "reactor_utilization": {
          "shard": "3",
          "value": 88.007034559999965
        }
      },
      {
        "reactor_utilization": {
          "shard": "4",
          "value": 76.400567520000109
        }
      },
      {
        "reactor_utilization": {
          "shard": "5",
          "value": 81.966351520000387
        }
      },
      {
        "reactor_utilization": {
          "shard": "6",
          "value": 87.341620799999717
        }
      },
      {
        "reactor_utilization": {
          "shard": "7",
          "value": 98.610107579999791
        }
      }
    ]
  },
  {
    "metrics": [
      {
        "reactor_utilization": {
          "shard": "0",
          "value": 89.29928858000018
        }
      },
      {
        "reactor_utilization": {
          "shard": "1",
          "value": 86.414168579999838
        }
      },
      {
        "reactor_utilization": {
          "shard": "2",
          "value": 93.301656799999861
        }
      },
      {
        "reactor_utilization": {
          "shard": "3",
          "value": 94.069593639999965
        }
      },
      {
        "reactor_utilization": {
          "shard": "4",
          "value": 77.087229740000112
        }
      },
      {
        "reactor_utilization": {
          "shard": "5",
          "value": 84.902099320000374
        }
      },
      {
        "reactor_utilization": {
          "shard": "6",
          "value": 93.274011059999708
        }
      },
      {
        "reactor_utilization": {
          "shard": "7",
          "value": 98.663650199999779
        }
      }
    ]
  },
  {
    "metrics": [
      {
        "reactor_utilization": {
          "shard": "0",
          "value": 95.929652160000174
        }
      },
      {
        "reactor_utilization": {
          "shard": "1",
          "value": 77.493686059999845
        }
      },
      {
        "reactor_utilization": {
          "shard": "2",
          "value": 82.565130159999867
        }
      },
      {
        "reactor_utilization": {
          "shard": "3",
          "value": 89.228782019999969
        }
      },
      {
        "reactor_utilization": {
          "shard": "4",
          "value": 84.749068800000103
        }
      },
      {
        "reactor_utilization": {
          "shard": "5",
          "value": 92.963710360000377
        }
      },
      {
        "reactor_utilization": {
          "shard": "6",
          "value": 94.945448919999706
        }
      },
      {
        "reactor_utilization": {
          "shard": "7",
          "value": 84.438803599999787
        }
      }
    ]
  },
  {
    "metrics": [
      {
        "reactor_utilization": {
          "shard": "0",
          "value": 86.055805460000173
        }
      },
      {
        "reactor_utilization": {
          "shard": "1",
          "value": 92.756805999999841
        }
      },
      {
        "reactor_utilization": {
          "shard": "2",
          "value": 88.776278739999867
        }
      },
      {
        "reactor_utilization": {
          "shard": "3",
          "value": 86.611024439999966
        }
      },
      {
        "reactor_utilization": {
          "shard": "4",
          "value": 84.588177060000106
        }
      },
      {
        "reactor_utilization": {
          "shard": "5",
          "value": 85.401994580000377
        }
      },
      {
        "reactor_utilization": {
          "shard": "6",
          "value": 93.473883819999713
        }
      },
      {
        "reactor_utilization": {
          "shard": "7",
          "value": 99.060750999999797
        }
      }
    ]
  },
  {
    "metrics": [
      {
        "reactor_utilization": {
          "shard": "0",
          "value": 95.058420500000182
        }
      },
      {
        "reactor_utilization": {
          "shard": "1",
          "value": 89.795559959999849
        }
      },
      {
        "reactor_utilization": {
          "shard": "2",
          "value": 94.307079719999862
        }
      },
      {
        "reactor_utilization": {
          "shard": "3",
          "value": 92.319576659999967
        }
      },
      {
        "reactor_utilization": {
          "shard": "4",
          "value": 77.364835020000115
        }
      },
      {
        "reactor_utilization": {
          "shard": "5",
          "value": 91.319496880000372
        }
      },
      {
        "reactor_utilization": {
          "shard": "6",
          "value": 84.59141421999972
        }
      },
      {
        "reactor_utilization": {
          "shard": "7",
          "value": 99.791980879999784
        }
      }
    ]
  },
  {
    "metrics": [
      {
        "reactor_utilization": {
          "shard": "0",
          "value": 93.55973696000018
        }
      },
      {
        "reactor_utilization": {
          "shard": "1",
          "value": 99.831805479999844
        }
      },
      {
        "reactor_utilization": {
          "shard": "2",
          "value": 95.691898919999858
        }
      },
      {
        "reactor_utilization": {
          "shard": "3",
          "value": 85.922719519999973
        }
      },
      {
        "reactor_utilization": {
          "shard": "4",
          "value": 71.435324920000113
        }
      },
      {
        "reactor_utilization": {
          "shard": "5",
          "value": 74.378408720000365
        }
      },
      {
        "reactor_utilization": {
          "shard": "6",
          "value": 83.120752779999705
        }
      },
      {
        "reactor_utilization": {
          "shard": "7",
          "value": 79.755371679999797
        }
      }
    ]
  },
  {
    "metrics": [
      {
        "reactor_utilization": {
          "shard": "0",
          "value": 88.232989620000183
        }
      },
      {
        "reactor_utilization": {
          "shard": "1",
          "value": 83.534243699999848
        }
      },
      {
        "reactor_utilization": {
          "shard": "2",
          "value": 91.174364159999868
        }
      },
      {
        "reactor_utilization": {
          "shard": "3",
          "value": 83.224097819999969
        }
      },
      {
        "reactor_utilization": {
          "shard": "4",
          "value": 96.422620420000115
        }
      },
      {
        "reactor_utilization": {
          "shard": "5",
          "value": 99.701032320000365
        }
      },
      {
        "reactor_utilization": {
          "shard": "6",
          "value": 82.387405639999713
        }
      },
      {
        "reactor_utilization": {
          "shard": "7",
          "value": 94.381072939999783
        }
      }
    ]
  },
  {
    "metrics": [
      {
        "reactor_utilization": {
          "shard": "0",
          "value": 74.848983040000178
        }
      },
      {
        "reactor_utilization": {
          "shard": "1",
          "value": 85.238918639999838
        }
      },
      {
        "reactor_utilization": {
          "shard": "2",
          "value": 99.50995839999986
        }
      },
      {
        "reactor_utilization": {
          "shard": "3",
          "value": 84.203364779999973
        }
      },
      {
        "reactor_utilization": {
          "shard": "4",
          "value": 84.126892940000104
        }
      },
      {
        "reactor_utilization": {
          "shard": "5",
          "value": 95.248992680000384
        }
      },
      {
        "reactor_utilization": {
          "shard": "6",
          "value": 92.866288499999712
        }
      },
      {
        "reactor_utilization": {
          "shard": "7",
          "value": 79.996739719999795
        }
      }
    ]
  },
  {
    "metrics": [
      {
        "reactor_utilization": {
          "shard": "0",
          "value": 88.813204200000186
        }
      },
      {
        "reactor_utilization": {
          "shard": "1",
          "value": 99.044072159999843
        }
      },
      {
        "reactor_utilization": {
          "shard": "2",
          "value": 83.039810619999869
        }
      },
      {
        "reactor_utilization": {
          "shard": "3",
          "value": 89.804720759999967
        }
      },
      {
        "reactor_utilization": {
          "shard": "4",
          "value": 71.414399100000097
        }
      },
      {
        "reactor_utilization": {
          "shard": "5",
          "value": 86.70216766000037
        }
      },
      {
        "reactor_utilization": {
          "shard": "6",
          "value": 90.303390919999714
        }
      },
      {
        "reactor_utilization": {
          "shard": "7",
          "value": 95.777476679999793
        }
      }
    ]
  },
  {
    "metrics": [
      {
        "reactor_utilization": {
          "shard": "0",
          "value": 91.356232260000183
        }
      },
      {
        "reactor_utilization": {
          "shard": "1",
          "value": 90.721382119999845
        }
      },
      {
        "reactor_utilization": {
          "shard": "2",
          "value": 88.127438319999868
        }
      },
      {
        "reactor_utilization": {
          "shard": "3",
          "value": 84.33521015999996
        }
      },
      {
        "reactor_utilization": {
          "shard": "4",
          "value": 69.454946880000108
        }
      },
      {
        "reactor_utilization": {
          "shard": "5",
          "value": 99.72684126000037
        }
      },
      {
        "reactor_utilization": {
          "shard": "6",
          "value": 72.857801179999711
        }
      },
      {
        "reactor_utilization": {
          "shard": "7",
          "value": 96.681198859999796
        }
      }
    ]
  },
  {
    "metrics": [
      {
        "reactor_utilization": {
          "shard": "0",
          "value": 90.429823360000185
        }
      },
      {
        "reactor_utilization": {
          "shard": "1",
          "value": 92.106543699999847
        }
      },
      {
        "reactor_utilization": {
          "shard": "2",
          "value": 93.074077599999868
        }
      },
      {
        "reactor_utilization": {
          "shard": "3",
          "value": 98.603441099999969
        }
      },
      {
        "reactor_utilization": {
          "shard": "4",
          "value": 82.976320100000109
        }
      },
      {
        "reactor_utilization": {
          "shard": "5",
          "value": 90.546899000000366
        }
      },
      {
        "reactor_utilization": {
          "shard": "6",
          "value": 97.064109219999722
        }
      },
      {
        "reactor_utilization": {
          "shard": "7",
          "value": 86.646353579999797
        }
      }
    ]
  },
  {
    "metrics": [
      {
        "reactor_utilization": {
          "shard": "0",
          "value": 82.983584560000196
        }
      },
      {
        "reactor_utilization": {
          "shard": "1",
          "value": 82.719455579999845
        }
      },
      {
        "reactor_utilization": {
          "shard": "2",
          "value": 91.172120059999855
        }
      },
      {
        "reactor_utilization": {
          "shard": "3",
          "value": 89.070558159999962
        }
      },
      {
        "reactor_utilization": {
          "shard": "4",
          "value": 82.713548580000108
        }
      },
      {
        "reactor_utilization": {
          "shard": "5",
          "value": 96.876583180000381
        }
      },
      {
        "reactor_utilization": {
          "shard": "6",
          "value": 91.780291699999722
        }
      },
      {
        "reactor_utilization": {
          "shard": "7",
          "value": 97.182651259999801
        }
      }
    ]
  },
  {
    "metrics": [
      {
        "reactor_utilization": {
          "shard": "0",
          "value": 86.849875760000188
        }
      },
      {
        "reactor_utilization": {
          "shard": "1",
          "value": 91.232890599999848
        }
      },
      {
        "reactor_utilization": {
          "shard": "2",
          "value": 86.633433619999863
        }
      },
      {
        "reactor_utilization": {
          "shard": "3",
          "value": 82.012773819999964
        }
      },
      {
        "reactor_utilization": {
          "shard": "4",
          "value": 83.796106980000104
        }
      },
      {
        "reactor_utilization": {
          "shard": "5",
          "value": 97.419750960000371
        }
      },
      {
        "reactor_utilization": {
          "shard": "6",
          "value": 88.384204799999708
        }
      },
      {
        "reactor_utilization": {
          "shard": "7",
          "value": 86.792334059999803
        }
      }
    ]
  },
  {
    "metrics": [
      {
        "reactor_utilization": {
          "shard": "0",
          "value": 84.667236640000169
        }
      },
      {
        "reactor_utilization": {
          "shard": "1",
          "value": 92.981643159999848
        }
      },
      {
        "reactor_utilization": {
          "shard": "2",
          "value": 91.067938119999866
        }
      },
      {
        "reactor_utilization": {
          "shard": "3",
          "value": 97.728398179999971
        }
      },
      {
        "reactor_utilization": {
          "shard": "4",
          "value": 75.727749900000106
        }
      },
      {
        "reactor_utilization": {
          "shard": "5",
          "value": 92.735063480000363
        }
      },
      {
        "reactor_utilization": {
          "shard": "6",
          "value": 92.780565739999716
        }
      },
      {
        "reactor_utilization": {
          "shard": "7",
          "value": 91.609049179999786
        }
      }
    ]
  },
  {
    "metrics": [
      {
        "reactor_utilization": {
          "shard": "0",
          "value": 83.812133440000181
        }
      },
      {
        "reactor_utilization": {
          "shard": "1",
          "value": 90.306565119999846
        }
      },
      {
        "reactor_utilization": {
          "shard": "2",
          "value": 89.187738499999867
        }
      },
      {
        "reactor_utilization": {
          "shard": "3",
          "value": 81.672208619999964
        }
      },
      {
        "reactor_utilization": {
          "shard": "4",
          "value": 68.788102940000101
        }
      },
      {
        "reactor_utilization": {
          "shard": "5",
          "value": 82.692824780000379
        }
      },
      {
        "reactor_utilization": {
          "shard": "6",
          "value": 90.899265319999714
        }
      },
      {
        "reactor_utilization": {
          "shard": "7",
          "value": 99.869588419999801
        }
      }
    ]
  },
  {
    "metrics": [
      {
        "reactor_utilization": {
          "shard": "0",
          "value": 91.715034140000199
        }
      },
      {
        "reactor_utilization": {
          "shard": "1",
          "value": 81.197323419999847
        }
      },
      {
        "reactor_utilization": {
          "shard": "2",
          "value": 84.948726139999863
        }
      },
      {
        "reactor_utilization": {
          "shard": "3",
          "value": 97.820480319999959
        }
      },
      {
        "reactor_utilization": {
          "shard": "4",
          "value": 82.586382100000108
        }
      },
      {
        "reactor_utilization": {
          "shard": "5",
          "value": 76.358229780000372
        }
      },
      {
        "reactor_utilization": {
          "shard": "6",
          "value": 92.37339209999972
        }
      },
      {
        "reactor_utilization": {
          "shard": "7",
          "value": 89.009161239999798
        }
      }
    ]
  },
  {
    "metrics": [
      {
        "reactor_utilization": {
          "shard": "0",
          "value": 99.914594460000188
        }
      },
      {
        "reactor_utilization": {
          "shard": "1",
          "value": 90.911023559999848
        }
      },
      {
        "reactor_utilization": {
          "shard": "2",
          "value": 80.375997559999874
        }
      },
      {
        "reactor_utilization": {
          "shard": "3",
          "value": 94.609732519999966
        }
      },
      {
        "reactor_utilization": {
          "shard": "4",
          "value": 81.763718080000118
        }
      },
      {
        "reactor_utilization": {
          "shard": "5",
          "value": 86.153373820000368
        }
      },
      {
        "reactor_utilization": {
          "shard": "6",
          "value": 88.55015007999971
        }
      },
      {
        "reactor_utilization": {
          "shard": "7",
          "value": 88.115311119999802
        }
      }
    ]
  },
  {
    "metrics": [
      {
        "reactor_utilization": {
          "shard": "0",
          "value": 86.69911070000019
        }
      },
      {
        "reactor_utilization": {
          "shard": "1",
          "value": 73.862525679999848
        }
      },
      {
        "reactor_utilization": {
          "shard": "2",
          "value": 89.571876599999882
        }
      },
      {
        "reactor_utilization": {
          "shard": "3",
          "value": 99.893136519999956
        }
      },
      {
        "reactor_utilization": {
          "shard": "4",
          "value": 77.495144960000104
        }
      },
      {
        "reactor_utilization": {
          "shard": "5",
          "value": 90.583972760000378
        }
      },
      {
        "reactor_utilization": {
          "shard": "6",
          "value": 85.215033119999717
        }
      },
      {
        "reactor_utilization": {
          "shard": "7",
          "value": 80.67207759999981
        }
      }
    ]
  },
  {
    "metrics": [
      {
        "reactor_utilization": {
          "shard": "0",
          "value": 89.28281250000019
        }
      },
      {
        "reactor_utilization": {
          "shard": "1",
          "value": 76.832340159999845
        }
      },
      {
        "reactor_utilization": {
          "shard": "2",
          "value": 89.144671899999878
        }
      },
      {
        "reactor_utilization": {
          "shard": "3",
          "value": 94.58852149999997
        }
      },
      {
        "reactor_utilization": {
          "shard": "4",
          "value": 84.764195820000097
        }
      },
      {
        "reactor_utilization": {
          "shard": "5",
          "value": 84.842445020000383
        }
      },
      {
        "reactor_utilization": {
          "shard": "6",
          "value": 78.599353779999717
        }
      },
      {
        "reactor_utilization": {
          "shard": "7",
          "value": 91.476323319999793
        }
      }
    ]
  },
  {
    "metrics": [
      {
        "reactor_utilization": {
          "shard": "0",
          "value": 96.563467020000189
        }
      },
      {
        "reactor_utilization": {
          "shard": "1",
          "value": 93.194063139999841
        }
      },
      {
        "reactor_utilization": {
          "shard": "2",
          "value": 86.442192459999873
        }
      },
      {
        "reactor_utilization": {
          "shard": "3",
          "value": 89.751406299999957
        }
      },
      {
        "reactor_utilization": {
          "shard": "4",
          "value": 82.095366480000109
        }
      },
      {
        "reactor_utilization": {
          "shard": "5",
          "value": 96.526164500000377
        }
      },
      {
        "reactor_utilization": {
          "shard": "6",
          "value": 86.82925969999971
        }
      },
      {
        "reactor_utilization": {
          "shard": "7",
          "value": 88.724089739999798
        }
      }
    ]
  },
  {
    "metrics": [
      {
        "reactor_utilization": {
          "shard": "0",
          "value": 92.512203980000194
        }
      },
      {
        "reactor_utilization": {
          "shard": "1",
          "value": 95.162487419999849
        }
      },
      {
        "reactor_utilization": {
          "shard": "2",
          "value": 91.963521479999883
        }
      },
      {
        "reactor_utilization": {
          "shard": "3",
          "value": 95.453540059999966
        }
      },
      {
        "reactor_utilization": {
          "shard": "4",
          "value": 80.371730780000107
        }
      },
      {
        "reactor_utilization": {
          "shard": "5",
          "value": 88.417348100000368
        }
      },
      {
        "reactor_utilization": {
          "shard": "6",
          "value": 99.31485069999971
        }
      },
      {
        "reactor_utilization": {
          "shard": "7",
          "value": 83.034587539999791
        }
      }
    ]
  }
]
