[
  {
    "metrics": [
      {
        "reactor_utilization": {
          "shard": "0",
          "value": 99.373937980000207
        }
      },
      {
        "reactor_utilization": {
          "shard": "1",
          "value": 98.656509339999872
        }
      },
      {
        "reactor_utilization": {
          "shard": "2",
          "value": 86.74574215999975
        }
      },
      {
        "reactor_utilization": {
          "shard": "3",
          "value": 96.462084799999985
        }
      },
      {
        "reactor_utilization": {
          "shard": "4",
          "value": 87.241223460000086
        }
      },
      {
        "reactor_utilization": {
          "shard": "5",
          "value": 92.906268580000358
        }
      },
      {
        "reactor_utilization": {
          "shard": "6",
          "value": 85.462538039999686
        }
      },
      {
        "reactor_utilization": {
          "shard": "7",
          "value": 91.754731479999791
        }
      }
    ]
  },
  {
    "metrics": [
      {
        "reactor_utilization": {
          "shard": "0",
          "value": 96.597639180000201
        }
      },
      {
        "reactor_utilization": {
          "shard": "1",
          "value": 88.810123059999881
        }
      },
      {
        "reactor_utilization": {
          "shard": "2",
          "value": 91.147525939999753
        }
      },
      {
        "reactor_utilization": {
          "shard": "3",
          "value": 92.972807519999989
        }
      },
      {
        "reactor_utilization": {
          "shard": "4",
          "value": 76.943256380000093
        }
      },
      {
        "reactor_utilization": {
          "shard": "5",
          "value": 92.509631560000358
        }
      },
      {
        "reactor_utilization": {
          "shard": "6",
          "value": 93.988837099999671
        }
      },
      {
        "reactor_utilization": {
          "shard": "7",
          "value": 82.374135099999791
        }
      }
    ]
  },
  {
    "metrics": [
      {
        "reactor_utilization": {
          "shard": "0",
          "value": 99.564385040000204
        }
      },
      {
        "reactor_utilization": {
          "shard": "1",
          "value": 80.390968199999861
        }
      },
      {
        "reactor_utilization": {
          "shard": "2",
          "value": 85.047216279999759
        }
      },
      {
        "reactor_utilization": {
          "shard": "3",
          "value": 86.223481739999997
        }
      },
      {
        "reactor_utilization": {
          "shard": "4",
          "value": 64.134500620000097
        }
      },
      {
        "reactor_utilization": {
          "shard": "5",
          "value": 78.941805940000364
        }
      },
      {
        "reactor_utilization": {
          "shard": "6",
          "value": 99.151538259999683
        }
      },
      {
        "reactor_utilization": {
          "shard": "7",
          "value": 98.415315519999794
        }
      }
    ]
  },
  {
    "metrics": [
      {
        "reactor_utilization": {
          "shard": "0",
          "value": 87.648244620000199
        }
      },
      {
        "reactor_utilization": {
          "shard": "1",
          "value": 80.121936839999876
        }
      },
      {
        "reactor_utilization": {
          "shard": "2",
          "value": 87.704380679999758
        }
      },
      {
        "reactor_utilization": {
          "shard": "3",
          "value": 96.581738180000002
        }
      },
      {
        "reactor_utilization": {
          "shard": "4",
          "value": 72.977709880000091
        }
      },
      {
        "reactor_utilization": {
          "shard": "5",
          "value": 78.699481760000367
        }
      },
      {
        "reactor_utilization": {
          "shard": "6",
          "value": 84.304281839999689
        }
      },
      {
        "reactor_utilization": {
          "shard": "7",
          "value": 99.127632439999786
        }
      }
    ]
  },
  {
    "metrics": [
      {
        "reactor_utilization": {
          "shard": "0",
          "value": 93.456955200000209
        }
      },
      {
        "reactor_utilization": {
          "shard": "1",
          "value": 96.354088519999863
        }
      },
      {
        "reactor_utilization": {
          "shard": "2",
          "value": 91.391897739999763
        }
      },
      {
        "reactor_utilization": {
          "shard": "3",
          "value": 97.757599279999994
        }
      },
      {
        "reactor_utilization": {
          "shard": "4",
          "value": 96.243294500000104
        }
      },
      {
        "reactor_utilization": {
          "shard": "5",
          "value": 97.116762240000369
        }
      },
      {
        "reactor_utilization": {
          "shard": "6",
          "value": 85.837284839999683
        }
      },
      {
        "reactor_utilization": {
          "shard": "7",
          "value": 85.760760339999791
        }
      }
    ]
  },
  {
    "metrics": [
      {
        "reactor_utilization": {
          "shard": "0",
          "value": 89.691987440000204
        }
      },
      {
        "reactor_utilization": {
          "shard": "1",
          "value": 96.412242139999876
        }
      },
      {
        "reactor_utilization": {
          "shard": "2",
          "value": 84.260751899999747
        }
      },
      {
        "reactor_utilization": {
          "shard": "3",
          "value": 96.669035239999999
        }
      },
      {
        "reactor_utilization": {
          "shard": "4",
          "value": 77.220715840000096
        }
      },
      {
        "reactor_utilization": {
          "shard": "5",
          "value": 93.231006500000362
        }
      },
      {
        "reactor_utilization": {
          "shard": "6",
          "value": 94.255888839999685
        }
      },
      {
        "reactor_utilization": {
          "shard": "7",
          "value": 95.085785259999795
        }
      }
    ]
  },
  {
    "metrics": [
      {
        "reactor_utilization": {
          "shard": "0",
          "value": 93.990107720000211
        }
      },
      {
        "reactor_utilization": {
          "shard": "1",
          "value": 79.500429519999869
        }
      },
      {
        "reactor_utilization": {
          "shard": "2",
          "value": 83.171168219999743
        }
      },
      {
        "reactor_utilization": {
          "shard": "3",
          "value": 77.974144840000008
        }
      },
      {
        "reactor_utilization": {
          "shard": "4",
          "value": 84.558827260000086
        }
      },
      {
        "reactor_utilization": {
          "shard": "5",
          "value": 99.667961240000366
        }
      },
      {
        "reactor_utilization": {
          "shard": "6",
          "value": 86.808598119999687
        }
      },
      {
        "reactor_utilization": {
          "shard": "7",
          "value": 98.013394059999797
        }
      }
    ]
  },
  {
    "metrics": [
      {
        "reactor_utilization": {
          "shard": "0",
          "value": 83.146559760000201
        }
      },
      {
        "reactor_utilization": {
          "shard": "1",
          "value": 90.595020099999871
        }
      },
      {
        "reactor_utilization": {
          "shard": "2",
          "value": 86.256528099999755
        }
      },
      {
        "reactor_utilization": {
          "shard": "3",
          "value": 85.540893179999998
        }
      },
      {
        "reactor_utilization": {
          "shard": "4",
          "value": 70.367696520000095
        }
      },
      {
        "reactor_utilization": {
          "shard": "5",
          "value": 82.202727260000373
        }
      },
      {
        "reactor_utilization": {
          "shard": "6",
          "value": 77.714859059999682
        }
      },
      {
        "reactor_utilization": {
          "shard": "7",
          "value": 66.791384779999788
        }
      }
    ]
  },
  {
    "metrics": [
      {
        "reactor_utilization": {
          "shard": "0",
          "value": 70.57861806000021
        }
      },
      {
        "reactor_utilization": {
          "shard": "1",
          "value": 87.731023079999872
        }
      },
      {
        "reactor_utilization": {
          "shard": "2",
          "value": 91.437922459999754
        }
      },
      {
        "reactor_utilization": {
          "shard": "3",
          "value": 79.965673080000002
        }
      },
      {
        "reactor_utilization": {
          "shard": "4",
          "value": 71.211777620000078
        }
      },
      {
        "reactor_utilization": {
          "shard": "5",
          "value": 83.582986220000379
        }
      },
      {
        "reactor_utilization": {
          "shard": "6",
          "value": 83.209312419999691
        }
      },
      {
        "reactor_utilization": {
          "shard": "7",
          "value": 86.74608773999978
        }
      }
    ]
  },
  {
    "metrics": [
      {
        "reactor_utilization": {
          "shard": "0",
          "value": 75.467203260000218
        }
      },
      {
        "reactor_utilization": {
          "shard": "1",
          "value": 86.959719859999865
        }
      },
      {
        "reactor_utilization": {
          "shard": "2",
          "value": 87.960172659999742
        }
      },
      {
        "reactor_utilization": {
          "shard": "3",
          "value": 82.319793180000005
        }
      },
      {
        "reactor_utilization": {
          "shard": "4",
          "value": 83.184987260000085
        }
      },
      {
        "reactor_utilization": {
          "shard": "5",
          "value": 98.174558500000373
        }
      },
      {
        "reactor_utilization": {
          "shard": "6",
          "value": 69.249660579999684
        }
      },
      {
        "reactor_utilization": {
          "shard": "7",
          "value": 82.972216559999779
        }
      }
    ]
  },
  {
    "metrics": [
      {
        "reactor_utilization": {
          "shard": "0",
          "value": 75.259507640000223
        }
      },
      {
        "reactor_utilization": {
          "shard": "1",
          "value": 78.753761219999859
        }
      },
      {
        "reactor_utilization": {
          "shard": "2",
          "value": 81.599277059999736
        }
      },
      {
        "reactor_utilization": {
          "shard": "3",
          "value": 79.765325000000004
        }
      },
      {
        "reactor_utilization": {
          "shard": "4",
          "value": 66.469263060000088
        }
      },
      {
        "reactor_utilization": {
          "shard": "5",
          "value": 96.126630820000372
        }
      },
      {
        "reactor_utilization": {
          "shard": "6",
          "value": 84.042521539999697
        }
      },
      {
        "reactor_utilization": {
          "shard": "7",
          "value": 82.077878299999782
        }
      }
    ]
  },
  {
    "metrics": [
      {
        "reactor_utilization": {
          "shard": "0",
          "value": 74.536319060000224
        }
      },
      {
        "reactor_utilization": {
          "shard": "1",
          "value": 73.124080339999878
        }
      },
      {
        "reactor_utilization": {
          "shard": "2",
          "value": 75.089960299999746
        }
      },
      {
        "reactor_utilization": {
          "shard": "3",
          "value": 73.539228220000012
        }
      },
      {
        "reactor_utilization": {
          "shard": "4",
          "value": 66.83209048000009
        }
      },
      {
        "reactor_utilization": {
          "shard": "5",
          "value": 97.806393760000375
        }
      },
      {
        "reactor_utilization": {
          "shard": "6",
          "value": 71.474725839999692
        }
      },
      {
        "reactor_utilization": {
          "shard": "7",
          "value": 92.115470979999785
        }
      }
    ]
  },
  {
    "metrics": [
      {
        "reactor_utilization": {
          "shard": "0",
          "value": 92.340881520000224
        }
      },
      {
        "reactor_utilization": {
          "shard": "1",
          "value": 81.071840099999875
        }
      },
      {
        "reactor_utilization": {
          "shard": "2",
          "value": 72.077085239999732
        }
      },
      {
        "reactor_utilization": {
          "shard": "3",
          "value": 82.621406579999999
        }
      },
      {
        "reactor_utilization": {
          "shard": "4",
          "value": 76.515268280000086
        }
      },
      {
        "reactor_utilization": {
          "shard": "5",
          "value": 80.307834060000374
        }
      },
      {
        "reactor_utilization": {
          "shard": "6",
          "value": 77.700994679999695
        }
      },
      {
        "reactor_utilization": {
          "shard": "7",
          "value": 90.584706439999792
        }
      }
    ]
  },
  {
    "metrics": [
      {
        "reactor_utilization": {
          "shard": "0",
          "value": 88.843612400000211
        }
      },
      {
        "reactor_utilization": {
          "shard": "1",
          "value": 75.589603499999882
        }
      },
      {
        "reactor_utilization": {
          "shard": "2",
          "value": 87.886184179999731
        }
      },
      {
        "reactor_utilization": {
          "shard": "3",
          "value": 86.443780820000001
        }
      },
      {
        "reactor_utilization": {
          "shard": "4",
          "value": 77.407011200000085
        }
      },
      {
        "reactor_utilization": {
          "shard": "5",
          "value": 87.199955560000376
        }
      },
      {
        "reactor_utilization": {
          "shard": "6",
          "value": 63.000950859999705
        }
      },
      {
        "reactor_utilization": {
          "shard": "7",
          "value": 91.564106719999785
        }
      }
    ]
  },
  {
    "metrics": [
      {
        "reactor_utilization": {
          "shard": "0",
          "value": 90.688008920000215
        }
      },
      {
        "reactor_utilization": {
          "shard": "1",
          "value": 66.951022559999871
        }
      },
      {
        "reactor_utilization": {
          "shard": "2",
          "value": 79.092218519999733
        }
      },
      {
        "reactor_utilization": {
          "shard": "3",
          "value": 85.731568600000003
        }
      },
      {
        "reactor_utilization": {
          "shard": "4",
          "value": 82.549177780000079
        }
      },
      {
        "reactor_utilization": {
          "shard": "5",
          "value": 95.978581980000371
        }
      },
      {
        "reactor_utilization": {
          "shard": "6",
          "value": 83.177054779999708
        }
      },
      {
        "reactor_utilization": {
          "shard": "7",
          "value": 73.905865939999771
        }
      }
    ]
  },
  {
    "metrics": [
      {
        "reactor_utilization": {
          "shard": "0",
          "value": 91.530933380000207
        }
      },
      {
        "reactor_utilization": {
          "shard": "1",
          "value": 77.025025559999875
        }
      },
      {
        "reactor_utilization": {
          "shard": "2",
          "value": 87.428736199999733
        }
      },
      {
        "reactor_utilization": {
          "shard": "3",
          "value": 82.128908100000004
        }
      },
      {
        "reactor_utilization": {
          "shard": "4",
          "value": 79.499680360000085
        }
      },
      {
        "reactor_utilization": {
          "shard": "5",
          "value": 88.717236040000373
        }
      },
      {
        "reactor_utilization": {
          "shard": "6",
          "value": 76.437672339999693
        }
      },
      {
        "reactor_utilization": {
          "shard": "7",
          "value": 76.220437599999769
        }
      }
    ]
  },
  {
    "metrics": [
      {
        "reactor_utilization": {
          "shard": "0",
          "value": 74.7490778800002
        }
      },
      {
        "reactor_utilization": {
          "shard": "1",
          "value": 87.43741283999988
        }
      },
      {
        "reactor_utilization": {
          "shard": "2",
          "value": 86.641881659999726
        }
      },
      {
        "reactor_utilization": {
          "shard": "3",
          "value": 81.544359740000004
        }
      },
      {
        "reactor_utilization": {
          "shard": "4",
          "value": 80.737030400000094
        }
      },
      {
        "reactor_utilization": {
          "shard": "5",
          "value": 85.586377520000383
        }
      },
      {
        "reactor_utilization": {
          "shard": "6",
          "value": 72.977105439999718
        }
      },
      {
        "reactor_utilization": {
          "shard": "7",
          "value": 70.125124139999784
        }
      }
    ]
  },
  {
    "metrics": [
      {
        "reactor_utilization": {
          "shard": "0",
          "value": 84.258025300000199
        }
      },
      {
        "reactor_utilization": {
          "shard": "1",
          "value": 86.702196159999872
        }
      },
      {
        "reactor_utilization": {
          "shard": "2",
          "value": 89.314778379999737
        }
      },
      {
        "reactor_utilization": {
          "shard": "3",
          "value": 92.792530180000014
        }
      },
      {
        "reactor_utilization": {
          "shard": "4",
          "value": 68.54874132000009
        }
      },
      {
        "reactor_utilization": {
          "shard": "5",
          "value": 87.577481760000381
        }
      },
      {
        "reactor_utilization": {
          "shard": "6",
          "value": 83.438984959999701
        }
      },
      {
        "reactor_utilization": {
          "shard": "7",
          "value": 74.685531879999772
        }
      }
    ]
  },
  {
    "metrics": [
      {
        "reactor_utilization": {
          "shard": "0",
          "value": 87.915798300000205
        }
      },
      {
        "reactor_utilization": {
          "shard": "1",
          "value": 70.181970259999886
        }
      },
      {
        "reactor_utilization": {
          "shard": "2",
          "value": 79.258628219999736
        }
      },
      {
        "reactor_utilization": {
          "shard": "3",
          "value": 85.430549859999999
        }
      },
      {
        "reactor_utilization": {
          "shard": "4",
          "value": 60.720949320000095
        }
      },
      {
        "reactor_utilization": {
          "shard": "5",
          "value": 90.180879200000376
        }
      },
      {
        "reactor_utilization": {
          "shard": "6",
          "value": 90.663138879999707
        }
      },
      {
        "reactor_utilization": {
          "shard": "7",
          "value": 90.55282407999978
        }
      }
    ]
  },
  {
    "metrics": [
      {
        "reactor_utilization": {
          "shard": "0",
          "value": 78.312779820000216
        }
      },
      {
        "reactor_utilization": {
          "shard": "1",
          "value": 72.43449069999987
        }
      },
      {
        "reactor_utilization": {
          "shard": "2",
          "value": 91.419584339999744
        }
      },
      {
        "reactor_utilization": {
          "shard": "3",
          "value": 77.615179640000008
        }
      },
      {
        "reactor_utilization": {
          "shard": "4",
          "value": 77.567665240000096
        }
      },
      {
        "reactor_utilization": {
          "shard": "5",
          "value": 94.279971020000374
        }
      },
      {
        "reactor_utilization": {
          "shard": "6",
          "value": 83.344925259999698
        }
      },
      {
        "reactor_utilization": {
          "shard": "7",
          "value": 82.972171399999766
        }
      }
    ]
  },
  {
    "metrics": [
      {
        "reactor_utilization": {
          "shard": "0",
          "value": 83.344644820000212
        }
      },
      {
        "reactor_utilization": {
          "shard": "1",
          "value": 91.379812839999886
        }
      },
      {
        "reactor_utilization": {
          "shard": "2",
          "value": 81.430008019999732
        }
      },
      {
        "reactor_utilization": {
          "shard": "3",
          "value": 83.899486100000004
        }
      },
      {
        "reactor_utilization": {
          "shard": "4",
          "value": 72.796211080000091
        }
      },
      {
        "reactor_utilization": {
          "shard": "5",
          "value": 92.248653680000373
        }
      },
      {
        "reactor_utilization": {
          "shard": "6",
          "value": 80.690365119999697
        }
      },
      {
        "reactor_utilization": {
          "shard": "7",
          "value": 89.710797179999773
        }
      }
    ]
  },
  {
    "metrics": [
      {
        "reactor_utilization": {
          "shard": "0",
          "value": 84.403313600000217
        }
      },
      {
        "reactor_utilization": {
          "shard": "1",
          "value": 85.067203079999885
        }
      },
      {
        "reactor_utilization": {
          "shard": "2",
          "value": 84.562511059999736
        }
      },
      {
        "reactor_utilization": {
          "shard": "3",
          "value": 81.28522894000001
        }
      },
      {
        "reactor_utilization": {
          "shard": "4",
          "value": 74.47579980000009
        }
      },
      {
        "reactor_utilization": {
          "shard": "5",
          "value": 89.417841680000379
        }
      },
      {
        "reactor_utilization": {
          "shard": "6",
          "value": 72.232030539999698
        }
      },
      {
        "reactor_utilization": {
          "shard": "7",
          "value": 85.829798039999773
        }
      }
    ]
  },
  {
    "metrics": [
      {
        "reactor_utilization": {
          "shard": "0",
          "value": 75.767861740000228
        }
      },
      {
        "reactor_utilization": {
          "shard": "1",
          "value": 87.581987019999886
        }
      },
      {
        "reactor_utilization": {
          "shard": "2",
          "value": 79.206847479999738
        }
      },
      {
        "reactor_utilization": {
          "shard": "3",
          "value": 88.217524280000006
        }
      },
      {
        "reactor_utilization": {
          "shard": "4",
          "value": 74.919703860000084
        }
      },
      {
        "reactor_utilization": {
          "shard": "5",
          "value": 89.89168192000038
        }
      },
      {
        "reactor_utilization": {
          "shard": "6",
          "value": 70.245793759999714
        }
      },
      {
        "reactor_utilization": {
          "shard": "7",
          "value": 87.201412939999784
        }
      }
    ]
  },
  {
    "metrics": [
      {
        "reactor_utilization": {
          "shard": "0",
          "value": 89.352699440000222
        }
      },
      {
        "reactor_utilization": {
          "shard": "1",
          "value": 82.705290299999888
        }
      },
      {
        "reactor_utilization": {
          "shard": "2",
          "value": 86.605299079999725
        }
      },
      {
        "reactor_utilization": {
          "shard": "3",
          "value": 81.535454860000002
        }
      },
      {
        "reactor_utilization": {
          "shard": "4",
          "value": 67.941472960000084
        }
      },
      {
        "reactor_utilization": {
          "shard": "5",
          "value": 76.181883400000373
        }
      },
      {
        "reactor_utilization": {
          "shard": "6",
          "value": 80.895883779999707
        }
      },
      {
        "reactor_utilization": {
          "shard": "7",
          "value": 82.111764119999776
        }
      }
    ]
  }
]
