[
  {
    "metrics": [
      {
        "reactor_utilization": {
          "shard": "0",
          "value": 86.821540220000145
        }
      },
      {
        "reactor_utilization": {
          "shard": "1",
          "value": 89.794031999999817
        }
      },
      {
        "reactor_utilization": {
          "shard": "2",
          "value": 95.620746899999872
        }
      },
      {
        "reactor_utilization": {
          "shard": "3",
          "value": 88.432433799999956
        }
      },
      {
        "reactor_utilization": {
          "shard": "4",
          "value": 70.505012480000033
        }
      },
      {
        "reactor_utilization": {
          "shard": "5",
          "value": 78.897798720000395
        }
      },
      {
        "reactor_utilization": {
          "shard": "6",
          "value": 82.955709539999688
        }
      },
      {
        "reactor_utilization": {
          "shard": "7",
          "value": 88.138254439999784
        }
      }
    ]
  },
  {
    "metrics": [
      {
        "reactor_utilization": {
          "shard": "0",
          "value": 93.67313838000014
        }
      },
      {
        "reactor_utilization": {
          "shard": "1",
          "value": 90.071496959999834
        }
      },
      {
        "reactor_utilization": {
          "shard": "2",
          "value": 81.146297279999871
        }
      },
      {
        "reactor_utilization": {
          "shard": "3",
          "value": 85.074597779999948
        }
      },
      {
        "reactor_utilization": {
          "shard": "4",
          "value": 79.158649220000044
        }
      },
      {
        "reactor_utilization": {
          "shard": "5",
          "value": 89.798211760000385
        }
      },
      {
        "reactor_utilization": {
          "shard": "6",
          "value": 95.341804879999685
        }
      },
      {
        "reactor_utilization": {
          "shard": "7",
          "value": 78.169428679999783
        }
      }
    ]
  },
  {
    "metrics": [
      {
        "reactor_utilization": {
          "shard": "0",
          "value": 93.863108220000143
        }
      },
      {
        "reactor_utilization": {
          "shard": "1",
          "value": 93.560698979999827
        }
      },
      {
        "reactor_utilization": {
          "shard": "2",
          "value": 96.461095939999879
        }
      },
      {
        "reactor_utilization": {
          "shard": "3",
          "value": 96.940275339999943
        }
      },
      {
        "reactor_utilization": {
          "shard": "4",
          "value": 71.343757440000047
        }
      },
      {
        "reactor_utilization": {
          "shard": "5",
          "value": 83.846376860000376
        }
      },
      {
        "reactor_utilization": {
          "shard": "6",
          "value": 93.242689439999694
        }
      },
      {
        "reactor_utilization": {
          "shard": "7",
          "value": 97.925259519999784
        }
      }
    ]
  },
  {
    "metrics": [
      {
        "reactor_utilization": {
          "shard": "0",
          "value": 92.767181060000155
        }
      },
      {
        "reactor_utilization": {
          "shard": "1",
          "value": 91.624243559999826
        }
      },
      {
        "reactor_utilization": {
          "shard": "2",
          "value": 91.736276499999875
        }
      },
      {
        "reactor_utilization": {
          "shard": "3",
          "value": 95.814805319999948
        }
      },
      {
        "reactor_utilization": {
          "shard": "4",
          "value": 69.634736940000039
        }
      },
      {
        "reactor_utilization": {
          "shard": "5",
          "value": 76.435537680000394
        }
      },
      {
        "reactor_utilization": {
          "shard": "6",
          "value": 87.012913739999703
        }
      },
      {
        "reactor_utilization": {
          "shard": "7",
          "value": 96.608180299999788
        }
      }
    ]
  },
  {
    "metrics": [
      {
        "reactor_utilization": {
          "shard": "0",
          "value": 98.543891660000156
        }
      },
      {
        "reactor_utilization": {
          "shard": "1",
          "value": 90.225627699999819
        }
      },
      {
        "reactor_utilization": {
          "shard": "2",
          "value": 90.523229339999872
        }
      },
      {
        "reactor_utilization": {
          "shard": "3",
          "value": 84.569154019999942
        }
      },
      {
        "reactor_utilization": {
          "shard": "4",
          "value": 81.158280480000045
        }
      },
      {
        "reactor_utilization": {
          "shard": "5",
          "value": 76.161047520000395
        }
      },
      {
        "reactor_utilization": {
          "shard": "6",
          "value": 91.513941779999698
        }
      },
      {
        "reactor_utilization": {
          "shard": "7",
          "value": 96.374344379999783
        }
      }
    ]
  },
  {
    "metrics": [
      {
        "reactor_utilization": {
          "shard": "0",
          "value": 95.41232194000014
        }
      },
      {
        "reactor_utilization": {
          "shard": "1",
          "value": 91.704143139999829
        }
      },
      {
        "reactor_utilization": {
          "shard": "2",
          "value": 85.104885439999876
        }
      },
      {
        "reactor_utilization": {
          "shard": "3",
          "value": 88.191236579999952
        }
      },
      {
        "reactor_utilization": {
          "shard": "4",
          "value": 68.298952940000049
        }
      },
      {
        "reactor_utilization": {
          "shard": "5",
          "value": 72.845880960000386
        }
      },
      {
        "reactor_utilization": {
          "shard": "6",
          "value": 92.390691779999699
        }
      },
      {
        "reactor_utilization": {
          "shard": "7",
          "value": 88.654677499999792
        }
      }
    ]
  },
  {
    "metrics": [
      {
        "reactor_utilization": {
          "shard": "0",
          "value": 77.232984440000152
        }
      },
      {
        "reactor_utilization": {
          "shard": "1",
          "value": 88.647969839999817
        }
      },
      {
        "reactor_utilization": {
          "shard": "2",
          "value": 90.025766039999866
        }
      },
      {
        "reactor_utilization": {
          "shard": "3",
          "value": 94.985490399999946
        }
      },
      {
        "reactor_utilization": {
          "shard": "4",
          "value": 86.361095620000043
        }
      },
      {
        "reactor_utilization": {
          "shard": "5",
          "value": 93.133734220000392
        }
      },
      {
        "reactor_utilization": {
          "shard": "6",
          "value": 90.031056259999701
        }
      },
      {
        "reactor_utilization": {
          "shard": "7",
          "value": 86.247726979999783
        }
      }
    ]
  },
  {
    "metrics": [
      {
        "reactor_utilization": {
          "shard": "0",
          "value": 88.096531200000143
        }
      },
      {
        "reactor_utilization": {
          "shard": "1",
          "value": 91.964180799999824
        }
      },
      {
        "reactor_utilization": {
          "shard": "2",
          "value": 85.026561839999871
        }
      },
      {
        "reactor_utilization": {
          "shard": "3",
          "value": 85.145874839999948
        }
      },
      {
        "reactor_utilization": {
          "shard": "4",
          "value": 78.820668580000046
        }
      },
      {
        "reactor_utilization": {
          "shard": "5",
          "value": 91.776704020000395
        }
      },
      {
        "reactor_utilization": {
          "shard": "6",
          "value": 88.201481579999694
        }
      },
      {
        "reactor_utilization": {
          "shard": "7",
          "value": 91.885773239999793
        }
      }
    ]
  },
  {
    "metrics": [
      {
        "reactor_utilization": {
          "shard": "0",
          "value": 95.689594360000157
        }
      },
      {
        "reactor_utilization": {
          "shard": "1",
          "value": 77.02417071999983
        }
      },
      {
        "reactor_utilization": {
          "shard": "2",
          "value": 84.593977599999874
        }
      },
      {
        "reactor_utilization": {
          "shard": "3",
          "value": 86.091281679999952
        }
      },
      {
        "reactor_utilization": {
          "shard": "4",
          "value": 81.102826020000037
        }
      },
      {
        "reactor_utilization": {
          "shard": "5",
          "value": 84.636434380000395
        }
      },
      {
        "reactor_utilization": {
          "shard": "6",
          "value": 91.390910579999698
        }
      },
      {
        "reactor_utilization": {
          "shard": "7",
          "value": 96.066645179999782
        }
      }
    ]
  },
  {
    "metrics": [
      {
        "reactor_utilization": {
          "shard": "0",
          "value": 90.006992300000149
        }
      },
      {
        "reactor_utilization": {
          "shard": "1",
          "value": 84.859042859999832
        }
      },
      {
        "reactor_utilization": {
          "shard": "2",
          "value": 85.158228279999875
        }
      },
      {
        "reactor_utilization": {
          "shard": "3",
          "value": 94.655871919999939
        }
      },
      {
        "reactor_utilization": {
          "shard": "4",
          "value": 67.517369880000047
        }
      },
      {
        "reactor_utilization": {
          "shard": "5",
          "value": 77.353052640000385
        }
      },
      {
        "reactor_utilization": {
          "shard": "6",
          "value": 87.472262699999689
        }
      },
      {
        "reactor_utilization": {
          "shard": "7",
          "value": 81.372530439999792
        }
      }
    ]
  },
  {
    "metrics": [
      {
        "reactor_utilization": {
          "shard": "0",
          "value": 80.680765400000155
        }
      },
      {
        "reactor_utilization": {
          "shard": "1",
          "value": 88.528333879999835
        }
      },
      {
        "reactor_utilization": {
          "shard": "2",
          "value": 94.286124399999878
        }
      },
      {
        "reactor_utilization": {
          "shard": "3",
          "value": 75.694685819999947
        }
      },
      {
        "reactor_utilization": {
          "shard": "4",
          "value": 78.979685760000052
        }
      },
      {
        "reactor_utilization": {
          "shard": "5",
          "value": 87.061797000000382
        }
      },
      {
        "reactor_utilization": {
          "shard": "6",
          "value": 79.077932079999698
        }
      },
      {
        "reactor_utilization": {
          "shard": "7",
          "value": 76.527448079999786
        }
      }
    ]
  },
  {
    "metrics": [
      {
        "reactor_utilization": {
          "shard": "0",
          "value": 80.632765360000164
        }
      },
      {
        "reactor_utilization": {
          "shard": "1",
          "value": 95.451259299999819
        }
      },
      {
        "reactor_utilization": {
          "shard": "2",
          "value": 91.022167559999872
        }
      },
      {
        "reactor_utilization": {
          "shard": "3",
          "value": 70.553438159999942
        }
      },
      {
        "reactor_utilization": {
          "shard": "4",
          "value": 83.495325640000047
        }
      },
      {
        "reactor_utilization": {
          "shard": "5",
          "value": 84.398250440000382
        }
      },
      {
        "reactor_utilization": {
          "shard": "6",
          "value": 89.985484739999706
        }
      },
      {
        "reactor_utilization": {
          "shard": "7",
          "value": 92.231255619999786
        }
      }
    ]
  },
  {
    "metrics": [
      {
        "reactor_utilization": {
          "shard": "0",
          "value": 83.57229256000015
        }
      },
      {
        "reactor_utilization": {
          "shard": "1",
          "value": 92.380284799999828
        }
      },
      {
        "reactor_utilization": {
          "shard": "2",
          "value": 92.06491309999987
        }
      },
      {
        "reactor_utilization": {
          "shard": "3",
          "value": 92.238825659999961
        }
      },
      {
        "reactor_utilization": {
          "shard": "4",
          "value": 65.287492900000061
        }
      },
      {
        "reactor_utilization": {
          "shard": "5",
          "value": 80.951347320000394
        }
      },
      {
        "reactor_utilization": {
          "shard": "6",
          "value": 72.355841039999703
        }
      },
      {
        "reactor_utilization": {
          "shard": "7",
          "value": 83.123045939999798
        }
      }
    ]
  },
  {
    "metrics": [
      {
        "reactor_utilization": {
          "shard": "0",
          "value": 93.027367780000148
        }
      },
      {
        "reactor_utilization": {
          "shard": "1",
          "value": 74.357428719999817
        }
      },
      {
        "reactor_utilization": {
          "shard": "2",
          "value": 89.641263419999873
        }
      },
      {
        "reactor_utilization": {
          "shard": "3",
          "value": 85.316221379999959
        }
      },
      {
        "reactor_utilization": {
          "shard": "4",
          "value": 87.386775800000052
        }
      },
      {
        "reactor_utilization": {
          "shard": "5",
          "value": 99.636747000000398
        }
      },
      {
        "reactor_utilization": {
          "shard": "6",
          "value": 85.351985359999688
        }
      },
      {
        "reactor_utilization": {
          "shard": "7",
          "value": 92.432606059999785
        }
      }
    ]
  },
  {
    "metrics": [
      {
        "reactor_utilization": {
          "shard": "0",
          "value": 83.671314140000149
        }
      },
      {
        "reactor_utilization": {
          "shard": "1",
          "value": 90.395545219999832
        }
      },
      {
        "reactor_utilization": {
          "shard": "2",
          "value": 93.727558079999866
        }
      },
      {
        "reactor_utilization": {
          "shard": "3",
          "value": 97.035354139999953
        }
      },
      {
        "reactor_utilization": {
          "shard": "4",
          "value": 72.146994500000048
        }
      },
      {
        "reactor_utilization": {
          "shard": "5",
          "value": 92.550352260000395
        }
      },
      {
        "reactor_utilization": {
          "shard": "6",
          "value": 80.339867559999703
        }
      },
      {
        "reactor_utilization": {
          "shard": "7",
          "value": 86.555112639999805
        }
      }
    ]
  },
  {
    "metrics": [
      {
        "reactor_utilization": {
          "shard": "0",
          "value": 85.76692470000016
        }
      },
      {
        "reactor_utilization": {
          "shard": "1",
          "value": 86.395428739999829
        }
      },
      {
        "reactor_utilization": {
          "shard": "2",
          "value": 85.050373139999863
        }
      },
      {
        "reactor_utilization": {
          "shard": "3",
          "value": 93.727302919999957
        }
      },
      {
        "reactor_utilization": {
          "shard": "4",
          "value": 84.019706720000059
        }
      },
      {
        "reactor_utilization": {
          "shard": "5",
          "value": 85.863766880000398
        }
      },
      {
        "reactor_utilization": {
          "shard": "6",
          "value": 92.793519559999709
        }
      },
      {
        "reactor_utilization": {
          "shard": "7",
          "value": 90.76032131999979
        }
      }
    ]
  },
  {
    "metrics": [
      {
        "reactor_utilization": {
          "shard": "0",
          "value": 75.529025260000154
        }
      },
      {
        "reactor_utilization": {
          "shard": "1",
          "value": 79.216522599999834
        }
      },
      {
        "reactor_utilization": {
          "shard": "2",
          "value": 74.370692659999875
        }
      },
      {
        "reactor_utilization": {
          "shard": "3",
          "value": 81.706827999999959
        }
      },
      {
        "reactor_utilization": {
          "shard": "4",
          "value": 72.726622980000059
        }
      },
      {
        "reactor_utilization": {
          "shard": "5",
          "value": 92.333314540000401
        }
      },
      {
        "reactor_utilization": {
          "shard": "6",
          "value": 94.216038939999706
        }
      },
      {
        "reactor_utilization": {
          "shard": "7",
          "value": 98.537683599999795
        }
      }
    ]
  },
  {
    "metrics": [
      {
        "reactor_utilization": {
          "shard": "0",
          "value": 84.992734900000144
        }
      },
      {
        "reactor_utilization": {
          "shard": "1",
          "value": 85.028101259999829
        }
      },
      {
        "reactor_utilization": {
          "shard": "2",
          "value": 88.919889759999876
        }
      },
      {
        "reactor_utilization": {
          "shard": "3",
          "value": 87.186431699999957
        }
      },
      {
        "reactor_utilization": {
          "shard": "4",
          "value": 82.012288620000049
        }
      },
      {
        "reactor_utilization": {
          "shard": "5",
          "value": 81.712318020000382
        }
      },
      {
        "reactor_utilization": {
          "shard": "6",
          "value": 89.773813939999698
        }
      },
      {
        "reactor_utilization": {
          "shard": "7",
          "value": 91.507523059999798
        }
      }
    ]
  },
  {
    "metrics": [
      {
        "reactor_utilization": {
          "shard": "0",
          "value": 90.427869720000146
        }
      },
      {
        "reactor_utilization": {
          "shard": "1",
          "value": 86.140217719999825
        }
      },
      {
        "reactor_utilization": {
          "shard": "2",
          "value": 84.16974821999986
        }
      },
      {
        "reactor_utilization": {
          "shard": "3",
          "value": 89.200895779999954
        }
      },
      {
        "reactor_utilization": {
          "shard": "4",
          "value": 77.964324140000059
        }
      },
      {
        "reactor_utilization": {
          "shard": "5",
          "value": 84.627652360000383
        }
      },
      {
        "reactor_utilization": {
          "shard": "6",
          "value": 92.978703639999694
        }
      },
      {
        "reactor_utilization": {
          "shard": "7",
          "value": 86.942334439999797
        }
      }
    ]
  },
  {
    "metrics": [
      {
        "reactor_utilization": {
          "shard": "0",
          "value": 95.773183000000145
        }
      },
      {
        "reactor_utilization": {
          "shard": "1",
          "value": 83.633667739999822
        }
      },
      {
        "reactor_utilization": {
          "shard": "2",
          "value": 77.158832419999868
        }
      },
      {
        "reactor_utilization": {
          "shard": "3",
          "value": 92.16774941999995
        }
      },
      {
        "reactor_utilization": {
          "shard": "4",
          "value": 74.754600380000042
        }
      },
      {
        "reactor_utilization": {
          "shard": "5",
          "value": 82.416735400000391
        }
      },
      {
        "reactor_utilization": {
          "shard": "6",
          "value": 80.289885839999698
        }
      },
      {
        "reactor_utilization": {
          "shard": "7",
          "value": 93.291734599999799
        }
      }
    ]
  },
  {
    "metrics": [
      {
        "reactor_utilization": {
          "shard": "0",
          "value": 91.187255720000152
        }
      },
      {
        "reactor_utilization": {
          "shard": "1",
          "value": 91.233344799999827
        }
      },
      {
        "reactor_utilization": {
          "shard": "2",
          "value": 92.043654079999868
        }
      },
      {
        "reactor_utilization": {
          "shard": "3",
          "value": 95.096574859999961
        }
      },
      {
        "reactor_utilization": {
          "shard": "4",
          "value": 84.469503060000051
        }
      },
      {
        "reactor_utilization": {
          "shard": "5",
          "value": 85.198263860000381
        }
      },
      {
        "reactor_utilization": {
          "shard": "6",
          "value": 88.141131039999692
        }
      },
      {
        "reactor_utilization": {
          "shard": "7",
          "value": 84.90919885999979
        }
      }
    ]
  },
  {
    "metrics": [
      {
        "reactor_utilization": {
          "shard": "0",
          "value": 96.07718904000015
        }
      },
      {
        "reactor_utilization": {
          "shard": "1",
          "value": 75.708163919999834
        }
      },
      {
        "reactor_utilization": {
          "shard": "2",
          "value": 80.548790939999876
        }
      },
      {
        "reactor_utilization": {
          "shard": "3",
          "value": 94.233322099999953
        }
      },
      {
        "reactor_utilization": {
          "shard": "4",
          "value": 71.781733640000041
        }
      },
      {
        "reactor_utilization": {
          "shard": "5",
          "value": 83.504483000000391
        }
      },
      {
        "reactor_utilization": {
          "shard": "6",
          "value": 84.2363125199997
        }
      },
      {
        "reactor_utilization": {
          "shard": "7",
          "value": 72.675923959999793
        }
      }
    ]
  },
  {
    "metrics": [
      {
        "reactor_utilization": {
          "shard": "0",
          "value": 78.611533280000145
        }
      },
      {
        "reactor_utilization": {
          "shard": "1",
          "value": 74.485438339999831
        }
      },
      {
        "reactor_utilization": {
          "shard": "2",
          "value": 94.148786719999876
        }
      },
      {
        "reactor_utilization": {
          "shard": "3",
          "value": 91.44329357999996
        }
      },
      {
        "reactor_utilization": {
          "shard": "4",
          "value": 73.459777520000046
        }
      },
      {
        "reactor_utilization": {
          "shard": "5",
          "value": 83.077569860000395
        }
      },
      {
        "reactor_utilization": {
          "shard": "6",
          "value": 92.3938199199997
        }
      },
      {
        "reactor_utilization": {
          "shard": "7",
          "value": 84.56600829999978
        }
      }
    ]
  },
  {
    "metrics": [
      {
        "reactor_utilization": {
          "shard": "0",
          "value": 96.344191480000134
        }
      },
      {
        "reactor_utilization": {
          "shard": "1",
          "value": 79.971406719999834
        }
      },
      {
        "reactor_utilization": {
          "shard": "2",
          "value": 90.285780679999874
        }
      },
      {
        "reactor_utilization": {
          "shard": "3",
          "value": 80.05879051999996
        }
      },
      {
        "reactor_utilization": {
          "shard": "4",
          "value": 60.58828364000005
        }
      },
      {
        "reactor_utilization": {
          "shard": "5",
          "value": 82.610563680000396
        }
      },
      {
        "reactor_utilization": {
          "shard": "6",
          "value": 90.685530079999694
        }
      },
      {
        "reactor_utilization": {
          "shard": "7",
          "value": 88.133604819999789
        }
      }
    ]
  }
]
