[
  {
    "metrics": [
      {
        "reactor_utilization": {
          "shard": "0",
          "value": 99.540980800000199
        }
      },
      {
        "reactor_utilization": {
          "shard": "1",
          "value": 89.617535019999849
        }
      },
      {
        "reactor_utilization": {
          "shard": "2",
          "value": 86.912414619999836
        }
      },
      {
        "reactor_utilization": {
          "shard": "3",
          "value": 95.463298460000019
        }
      },
      {
        "reactor_utilization": {
          "shard": "4",
          "value": 79.619462680000069
        }
      },
      {
        "reactor_utilization": {
          "shard": "5",
          "value": 92.908809680000346
        }
      },
      {
        "reactor_utilization": {
          "shard": "6",
          "value": 83.78298065999968
        }
      },
      {
        "reactor_utilization": {
          "shard": "7",
          "value": 99.885625259999784
        }
      }
    ]
  },
  {
    "metrics": [
      {
        "reactor_utilization": {
          "shard": "0",
          "value": 92.909768140000196
        }
      },
      {
        "reactor_utilization": {
          "shard": "1",
          "value": 96.233984699999851
        }
      },
      {
        "reactor_utilization": {
          "shard": "2",
          "value": 81.831362059999833
        }
      },
      {
        "reactor_utilization": {
          "shard": "3",
          "value": 97.253974900000003
        }
      },
      {
        "reactor_utilization": {
          "shard": "4",
          "value": 73.18816376000008
        }
      },
      {
        "reactor_utilization": {
          "shard": "5",
          "value": 94.662694300000354
        }
      },
      {
        "reactor_utilization": {
          "shard": "6",
          "value": 81.799365299999664
        }
      },
      {
        "reactor_utilization": {
          "shard": "7",
          "value": 91.942847299999798
        }
      }
    ]
  },
  {
    "metrics": [
      {
        "reactor_utilization": {
          "shard": "0",
          "value": 99.700562940000196
        }
      },
      {
        "reactor_utilization": {
          "shard": "1",
          "value": 85.815124379999858
        }
      },
      {
        "reactor_utilization": {
          "shard": "2",
          "value": 79.119692099999824
        }
      },
      {
        "reactor_utilization": {
          "shard": "3",
          "value": 82.476918340000012
        }
      },
      {
        "reactor_utilization": {
          "shard": "4",
          "value": 75.386715080000073
        }
      },
      {
        "reactor_utilization": {
          "shard": "5",
          "value": 89.264554420000351
        }
      },
      {
        "reactor_utilization": {
          "shard": "6",
          "value": 98.901732799999664
        }
      },
      {
        "reactor_utilization": {
          "shard": "7",
          "value": 94.519083379999785
        }
      }
    ]
  },
  {
    "metrics": [
      {
        "reactor_utilization": {
          "shard": "0",
          "value": 94.686241640000191
        }
      },
      {
        "reactor_utilization": {
          "shard": "1",
          "value": 93.585331419999847
        }
      },
      {
        "reactor_utilization": {
          "shard": "2",
          "value": 89.852942599999835
        }
      },
      {
        "reactor_utilization": {
          "shard": "3",
          "value": 97.826198340000019
        }
      },
      {
        "reactor_utilization": {
          "shard": "4",
          "value": 73.631026220000081
        }
      },
      {
        "reactor_utilization": {
          "shard": "5",
          "value": 87.987149560000361
        }
      },
      {
        "reactor_utilization": {
          "shard": "6",
          "value": 99.107532759999671
        }
      },
      {
        "reactor_utilization": {
          "shard": "7",
          "value": 93.998584259999788
        }
      }
    ]
  },
  {
    "metrics": [
      {
        "reactor_utilization": {
          "shard": "0",
          "value": 97.602386220000199
        }
      },
      {
        "reactor_utilization": {
          "shard": "1",
          "value": 89.708253799999852
        }
      },
      {
        "reactor_utilization": {
          "shard": "2",
          "value": 94.956157459999829
        }
      },
      {
        "reactor_utilization": {
          "shard": "3",
          "value": 99.895455400000017
        }
      },
      {
        "reactor_utilization": {
          "shard": "4",
          "value": 81.796585900000082
        }
      },
      {
        "reactor_utilization": {
          "shard": "5",
          "value": 84.704659600000355
        }
      },
      {
        "reactor_utilization": {
          "shard": "6",
          "value": 84.342557839999671
        }
      },
      {
        "reactor_utilization": {
          "shard": "7",
          "value": 94.371920959999784
        }
      }
    ]
  },
  {
    "metrics": [
      {
        "reactor_utilization": {
          "shard": "0",
          "value": 99.575607040000207
        }
      },
      {
        "reactor_utilization": {
          "shard": "1",
          "value": 90.269967159999851
        }
      },
      {
        "reactor_utilization": {
          "shard": "2",
          "value": 96.122304199999832
        }
      },
      {
        "reactor_utilization": {
          "shard": "3",
          "value": 98.772375580000002
        }
      },
      {
        "reactor_utilization": {
          "shard": "4",
          "value": 70.208477360000089
        }
      },
      {
        "reactor_utilization": {
          "shard": "5",
          "value": 91.161094800000356
        }
      },
      {
        "reactor_utilization": {
          "shard": "6",
          "value": 89.262947059999675
        }
      },
      {
        "reactor_utilization": {
          "shard": "7",
          "value": 84.185512019999791
        }
      }
    ]
  },
  {
    "metrics": [
      {
        "reactor_utilization": {
          "shard": "0",
          "value": 88.922519180000208
        }
      },
      {
        "reactor_utilization": {
          "shard": "1",
          "value": 83.214108879999856
        }
      },
      {
        "reactor_utilization": {
          "shard": "2",
          "value": 68.667718099999831
        }
      },
      {
        "reactor_utilization": {
          "shard": "3",
          "value": 83.933259460000016
        }
      },
      {
        "reactor_utilization": {
          "shard": "4",
          "value": 60.915846500000093
        }
      },
      {
        "reactor_utilization": {
          "shard": "5",
          "value": 83.129673800000361
        }
      },
      {
        "reactor_utilization": {
          "shard": "6",
          "value": 85.069448999999679
        }
      },
      {
        "reactor_utilization": {
          "shard": "7",
          "value": 99.990492659999802
        }
      }
    ]
  },
  {
    "metrics": [
      {
        "reactor_utilization": {
          "shard": "0",
          "value": 99.607449540000189
        }
      },
      {
        "reactor_utilization": {
          "shard": "1",
          "value": 91.003145459999857
        }
      },
      {
        "reactor_utilization": {
          "shard": "2",
          "value": 97.878189359999837
        }
      },
      {
        "reactor_utilization": {
          "shard": "3",
          "value": 84.753931180000009
        }
      },
      {
        "reactor_utilization": {
          "shard": "4",
          "value": 69.599318740000086
        }
      },
      {
        "reactor_utilization": {
          "shard": "5",
          "value": 78.380717760000366
        }
      },
      {
        "reactor_utilization": {
          "shard": "6",
          "value": 88.541881759999669
        }
      },
      {
        "reactor_utilization": {
          "shard": "7",
          "value": 99.840402079999791
        }
      }
    ]
  },
  {
    "metrics": [
      {
        "reactor_utilization": {
          "shard": "0",
          "value": 87.8542990400002
        }
      },
      {
        "reactor_utilization": {
          "shard": "1",
          "value": 98.595286319999857
        }
      },
      {
        "reactor_utilization": {
          "shard": "2",
          "value": 92.90544477999984
        }
      },
      {
        "reactor_utilization": {
          "shard": "3",
          "value": 89.505017020000011
        }
      },
      {
        "reactor_utilization": {
          "shard": "4",
          "value": 76.263782740000096
        }
      },
      {
        "reactor_utilization": {
          "shard": "5",
          "value": 77.337696840000362
        }
      },
      {
        "reactor_utilization": {
          "shard": "6",
          "value": 92.95211431999968
        }
      },
      {
        "reactor_utilization": {
          "shard": "7",
          "value": 99.936501719999796
        }
      }
    ]
  },
  {
    "metrics": [
      {
        "reactor_utilization": {
          "shard": "0",
          "value": 94.193574000000197
        }
      },
      {
        "reactor_utilization": {
          "shard": "1",
          "value": 93.822351159999869
        }
      },
      {
        "reactor_utilization": {
          "shard": "2",
          "value": 94.392220479999835
        }
      },
      {
        "reactor_utilization": {
          "shard": "3",
          "value": 92.365137099999998
        }
      },
      {
        "reactor_utilization": {
          "shard": "4",
          "value": 86.604820500000102
        }
      },
      {
        "reactor_utilization": {
          "shard": "5",
          "value": 94.057277920000359
        }
      },
      {
        "reactor_utilization": {
          "shard": "6",
          "value": 95.905177979999678
        }
      },
      {
        "reactor_utilization": {
          "shard": "7",
          "value": 83.436445959999787
        }
      }
    ]
  },
  {
    "metrics": [
      {
        "reactor_utilization": {
          "shard": "0",
          "value": 91.062790920000197
        }
      },
      {
        "reactor_utilization": {
          "shard": "1",
          "value": 99.49507673999986
        }
      },
      {
        "reactor_utilization": {
          "shard": "2",
          "value": 87.00716259999983
        }
      },
      {
        "reactor_utilization": {
          "shard": "3",
          "value": 90.974439440000012
        }
      },
      {
        "reactor_utilization": {
          "shard": "4",
          "value": 71.607887380000108
        }
      },
      {
        "reactor_utilization": {
          "shard": "5",
          "value": 86.169960340000358
        }
      },
      {
        "reactor_utilization": {
          "shard": "6",
          "value": 87.127086999999676
        }
      },
      {
        "reactor_utilization": {
          "shard": "7",
          "value": 88.202684479999789
        }
      }
    ]
  },
  {
    "metrics": [
      {
        "reactor_utilization": {
          "shard": "0",
          "value": 92.713411560000196
        }
      },
      {
        "reactor_utilization": {
          "shard": "1",
          "value": 84.417469899999858
        }
      },
      {
        "reactor_utilization": {
          "shard": "2",
          "value": 89.079488739999832
        }
      },
      {
        "reactor_utilization": {
          "shard": "3",
          "value": 92.924763840000011
        }
      },
      {
        "reactor_utilization": {
          "shard": "4",
          "value": 85.217374300000102
        }
      },
      {
        "reactor_utilization": {
          "shard": "5",
          "value": 89.46314560000036
        }
      },
      {
        "reactor_utilization": {
          "shard": "6",
          "value": 86.303771639999681
        }
      },
      {
        "reactor_utilization": {
          "shard": "7",
          "value": 93.859617159999786
        }
      }
    ]
  },
  {
    "metrics": [
      {
        "reactor_utilization": {
          "shard": "0",
          "value": 99.139886500000202
        }
      },
      {
        "reactor_utilization": {
          "shard": "1",
          "value": 75.586228479999846
        }
      },
      {
        "reactor_utilization": {
          "shard": "2",
          "value": 81.69600637999983
        }
      },
      {
        "reactor_utilization": {
          "shard": "3",
          "value": 81.238564860000011
        }
      },
      {
        "reactor_utilization": {
          "shard": "4",
          "value": 75.947324860000109
        }
      },
      {
        "reactor_utilization": {
          "shard": "5",
          "value": 81.259929080000362
        }
      },
      {
        "reactor_utilization": {
          "shard": "6",
          "value": 84.37823589999968
        }
      },
      {
        "reactor_utilization": {
          "shard": "7",
          "value": 99.87078935999979
        }
      }
    ]
  },
  {
    "metrics": [
      {
        "reactor_utilization": {
          "shard": "0",
          "value": 92.466724520000199
        }
      },
      {
        "reactor_utilization": {
          "shard": "1",
          "value": 93.34541327999986
        }
      },
      {
        "reactor_utilization": {
          "shard": "2",
          "value": 96.053188999999833
        }
      },
      {
        "reactor_utilization": {
          "shard": "3",
          "value": 85.707077380000001
        }
      },
      {
        "reactor_utilization": {
          "shard": "4",
          "value": 92.223424520000108
        }
      },
      {
        "reactor_utilization": {
          "shard": "5",
          "value": 89.569684300000361
        }
      },
      {
        "reactor_utilization": {
          "shard": "6",
          "value": 90.011079879999684
        }
      },
      {
        "reactor_utilization": {
          "shard": "7",
          "value": 92.925507779999791
        }
      }
    ]
  },
  {
    "metrics": [
      {
        "reactor_utilization": {
          "shard": "0",
          "value": 95.028870420000203
        }
      },
      {
        "reactor_utilization": {
          "shard": "1",
          "value": 95.808741419999848
        }
      },
      {
        "reactor_utilization": {
          "shard": "2",
          "value": 96.979342879999848
        }
      },
      {
        "reactor_utilization": {
          "shard": "3",
          "value": 80.339867960000007
        }
      },
      {
        "reactor_utilization": {
          "shard": "4",
          "value": 78.920334980000106
        }
      },
      {
        "reactor_utilization": {
          "shard": "5",
          "value": 97.379499660000363
        }
      },
      {
        "reactor_utilization": {
          "shard": "6",
          "value": 87.087066259999673
        }
      },
      {
        "reactor_utilization": {
          "shard": "7",
          "value": 81.135874999999785
        }
      }
    ]
  },
  {
    "metrics": [
      {
        "reactor_utilization": {
          "shard": "0",
          "value": 83.184237240000186
        }
      },
      {
        "reactor_utilization": {
          "shard": "1",
          "value": 93.343898499999852
        }
      },
      {
        "reactor_utilization": {
          "shard": "2",
          "value": 99.712737459999829
        }
      },
      {
        "reactor_utilization": {
          "shard": "3",
          "value": 79.701153200000022
        }
      },
      {
        "reactor_utilization": {
          "shard": "4",
          "value": 89.582452840000101
        }
      },
      {
        "reactor_utilization": {
          "shard": "5",
          "value": 89.423926040000353
        }
      },
      {
        "reactor_utilization": {
          "shard": "6",
          "value": 78.114615799999683
        }
      },
      {
        "reactor_utilization": {
          "shard": "7",
          "value": 87.738216359999782
        }
      }
    ]
  },
  {
    "metrics": [
      {
        "reactor_utilization": {
          "shard": "0",
          "value": 80.308326320000205
        }
      },
      {
        "reactor_utilization": {
          "shard": "1",
          "value": 89.921059039999847
        }
      },
      {
        "reactor_utilization": {
          "shard": "2",
          "value": 81.669879819999835
        }
      },
      {
        "reactor_utilization": {
          "shard": "3",
          "value": 87.156791820000009
        }
      },
      {
        "reactor_utilization": {
          "shard": "4",
          "value": 74.817524100000114
        }
      },
      {
        "reactor_utilization": {
          "shard": "5",
          "value": 85.573272220000348
        }
      },
      {
        "reactor_utilization": {
          "shard": "6",
          "value": 95.128428239999678
        }
      },
      {
        "reactor_utilization": {
          "shard": "7",
          "value": 88.578327099999782
        }
      }
    ]
  },
  {
    "metrics": [
      {
        "reactor_utilization": {
          "shard": "0",
          "value": 94.5459298600002
        }
      },
      {
        "reactor_utilization": {
          "shard": "1",
          "value": 86.742207139999849
        }
      },
      {
        "reactor_utilization": {
          "shard": "2",
          "value": 83.558130499999834
        }
      },
      {
        "reactor_utilization": {
          "shard": "3",
          "value": 84.411390780000019
        }
      },
      {
        "reactor_utilization": {
          "shard": "4",
          "value": 81.611231620000098
        }
      },
      {
        "reactor_utilization": {
          "shard": "5",
          "value": 86.520915400000348
        }
      },
      {
        "reactor_utilization": {
          "shard": "6",
          "value": 69.606798719999659
        }
      },
      {
        "reactor_utilization": {
          "shard": "7",
          "value": 94.615385439999784
        }
      }
    ]
  },
  {
    "metrics": [
      {
        "reactor_utilization": {
          "shard": "0",
          "value": 83.289706040000198
        }
      },
      {
        "reactor_utilization": {
          "shard": "1",
          "value": 71.498852479999854
        }
      },
      {
        "reactor_utilization": {
          "shard": "2",
          "value": 84.33380153999984
        }
      },
      {
        "reactor_utilization": {
          "shard": "3",
          "value": 91.802722620000026
        }
      },
      {
        "reactor_utilization": {
          "shard": "4",
          "value": 74.007784320000098
        }
      },
      {
        "reactor_utilization": {
          "shard": "5",
          "value": 93.629676160000358
        }
      },
      {
        "reactor_utilization": {
          "shard": "6",
          "value": 88.68788507999966
        }
      },
      {
        "reactor_utilization": {
          "shard": "7",
          "value": 90.203316779999781
        }
      }
    ]
  },
  {
    "metrics": [
      {
        "reactor_utilization": {
          "shard": "0",
          "value": 90.373145260000214
        }
      },
      {
        "reactor_utilization": {
          "shard": "1",
          "value": 87.596395659999857
        }
      },
      {
        "reactor_utilization": {
          "shard": "2",
          "value": 84.713727139999833
        }
      },
      {
        "reactor_utilization": {
          "shard": "3",
          "value": 80.695125200000021
        }
      },
      {
        "reactor_utilization": {
          "shard": "4",
          "value": 72.395961600000106
        }
      },
      {
        "reactor_utilization": {
          "shard": "5",
          "value": 90.393868880000355
        }
      },
      {
        "reactor_utilization": {
          "shard": "6",
          "value": 87.745819239999662
        }
      },
      {
        "reactor_utilization": {
          "shard": "7",
          "value": 93.186855659999779
        }
      }
    ]
  },
  {
    "metrics": [
      {
        "reactor_utilization": {
          "shard": "0",
          "value": 90.153887860000196
        }
      },
      {
        "reactor_utilization": {
          "shard": "1",
          "value": 88.246683359999849
        }
      },
      {
        "reactor_utilization": {
          "shard": "2",
          "value": 81.932128279999844
        }
      },
      {
        "reactor_utilization": {
          "shard": "3",
          "value": 72.588555360000015
        }
      },
      {
        "reactor_utilization": {
          "shard": "4",
          "value": 81.54621594000011
        }
      },
      {
        "reactor_utilization": {
          "shard": "5",
          "value": 98.47315946000036
        }
      },
      {
        "reactor_utilization": {
          "shard": "6",
          "value": 93.982618379999664
        }
      },
      {
        "reactor_utilization": {
          "shard": "7",
          "value": 86.610928459999784
        }
      }
    ]
  },
  {
    "metrics": [
      {
        "reactor_utilization": {
          "shard": "0",
          "value": 93.314208380000196
        }
      },
      {
        "reactor_utilization": {
          "shard": "1",
          "value": 92.199070219999854
        }
      },
      {
        "reactor_utilization": {
          "shard": "2",
          "value": 84.253650279999832
        }
      },
      {
        "reactor_utilization": {
          "shard": "3",
          "value": 83.84225342000002
        }
      },
      {
        "reactor_utilization": {
          "shard": "4",
          "value": 78.511830020000104
        }
      },
      {
        "reactor_utilization": {
          "shard": "5",
          "value": 73.705744060000342
        }
      },
      {
        "reactor_utilization": {
          "shard": "6",
          "value": 90.967147119999652
        }
      },
      {
        "reactor_utilization": {
          "shard": "7",
          "value": 91.10279903999978
        }
      }
    ]
  },
  {
    "metrics": [
      {
        "reactor_utilization": {
          "shard": "0",
          "value": 84.867563580000208
        }
      },
      {
        "reactor_utilization": {
          "shard": "1",
          "value": 73.074136519999854
        }
      },
      {
        "reactor_utilization": {
          "shard": "2",
          "value": 83.045239139999836
        }
      },
      {
        "reactor_utilization": {
          "shard": "3",
          "value": 80.128960520000021
        }
      },
      {
        "reactor_utilization": {
          "shard": "4",
          "value": 70.035804360000114
        }
      },
      {
        "reactor_utilization": {
          "shard": "5",
          "value": 83.295233360000353
        }
      },
      {
        "reactor_utilization": {
          "shard": "6",
          "value": 97.390499399999669
        }
      },
      {
        "reactor_utilization": {
          "shard": "7",
          "value": 99.773512539999786
        }
      }
    ]
  },
  {
    "metrics": [
      {
        "reactor_utilization": {
          "shard": "0",
          "value": 87.200693880000202
        }
      },
      {
        "reactor_utilization": {
          "shard": "1",
          "value": 87.605576979999853
        }
      },
      {
        "reactor_utilization": {
          "shard": "2",
          "value": 91.683564159999833
        }
      },
      {
        "reactor_utilization": {
          "shard": "3",
          "value": 90.199175480000022
        }
      },
      {
        "reactor_utilization": {
          "shard": "4",
          "value": 90.637384840000109
        }
      },
      {
        "reactor_utilization": {
          "shard": "5",
          "value": 92.331991760000349
        }
      },
      {
        "reactor_utilization": {
          "shard": "6",
          "value": 92.39684891999967
        }
      },
      {
        "reactor_utilization": {
          "shard": "7",
          "value": 91.657769039999778
        }
      }
    ]
  }
]
