[
  {
    "metrics": [
      {
        "reactor_utilization": {
          "shard": "0",
          "value": 91.65432436000016
        }
      },
      {
        "reactor_utilization": {
          "shard": "1",
          "value": 91.95993441999984
        }
      },
      {
        "reactor_utilization": {
          "shard": "2",
          "value": 83.965229599999873
        }
      },
      {
        "reactor_utilization": {
          "shard": "3",
          "value": 85.918808979999966
        }
      },
      {
        "reactor_utilization": {
          "shard": "4",
          "value": 71.380556880000071
        }
      },
      {
        "reactor_utilization": {
          "shard": "5",
          "value": 84.561288320000401
        }
      },
      {
        "reactor_utilization": {
          "shard": "6",
          "value": 93.821640939999696
        }
      },
      {
        "reactor_utilization": {
          "shard": "7",
          "value": 92.696310559999802
        }
      }
    ]
  },
  {
    "metrics": [
      {
        "reactor_utilization": {
          "shard": "0",
          "value": 82.366392380000164
        }
      },
      {
        "reactor_utilization": {
          "shard": "1",
          "value": 79.620076279999836
        }
      },
      {
        "reactor_utilization": {
          "shard": "2",
          "value": 88.321300179999866
        }
      },
      {
        "reactor_utilization": {
          "shard": "3",
          "value": 89.977697699999965
        }
      },
      {
        "reactor_utilization": {
          "shard": "4",
          "value": 71.356259940000072
        }
      },
      {
        "reactor_utilization": {
          "shard": "5",
          "value": 91.394009260000402
        }
      },
      {
        "reactor_utilization": {
          "shard": "6",
          "value": 84.107459059999698
        }
      },
      {
        "reactor_utilization": {
          "shard": "7",
          "value": 85.121806499999792
        }
      }
    ]
  },
  {
    "metrics": [
      {
        "reactor_utilization": {
          "shard": "0",
          "value": 97.179398360000164
        }
      },
      {
        "reactor_utilization": {
          "shard": "1",
          "value": 85.908106639999843
        }
      },
      {
        "reactor_utilization": {
          "shard": "2",
          "value": 81.418612379999871
        }
      },
      {
        "reactor_utilization": {
          "shard": "3",
          "value": 89.98897107999997
        }
      },
      {
        "reactor_utilization": {
          "shard": "4",
          "value": 69.537518460000072
        }
      },
      {
        "reactor_utilization": {
          "shard": "5",
          "value": 78.683111880000396
        }
      },
      {
        "reactor_utilization": {
          "shard": "6",
          "value": 87.753459039999697
        }
      },
      {
        "reactor_utilization": {
          "shard": "7",
          "value": 84.86692755999978
        }
      }
    ]
  },
  {
    "metrics": [
      {
        "reactor_utilization": {
          "shard": "0",
          "value": 82.634119660000167
        }
      },
      {
        "reactor_utilization": {
          "shard": "1",
          "value": 94.23482923999984
        }
      },
      {
        "reactor_utilization": {
          "shard": "2",
          "value": 84.42387485999987
        }
      },
      {
        "reactor_utilization": {
          "shard": "3",
          "value": 99.332211079999965
        }
      },
      {
        "reactor_utilization": {
          "shard": "4",
          "value": 68.04119398000006
        }
      },
      {
        "reactor_utilization": {
          "shard": "5",
          "value": 68.493924920000396
        }
      },
      {
        "reactor_utilization": {
          "shard": "6",
          "value": 81.137796259999703
        }
      },
      {
        "reactor_utilization": {
          "shard": "7",
          "value": 96.86318025999978
        }
      }
    ]
  },
  {
    "metrics": [
      {
        "reactor_utilization": {
          "shard": "0",
          "value": 90.662318320000168
        }
      },
      {
        "reactor_utilization": {
          "shard": "1",
          "value": 96.093910659999835
        }
      },
      {
        "reactor_utilization": {
          "shard": "2",
          "value": 94.427139079999861
        }
      },
      {
        "reactor_utilization": {
          "shard": "3",
          "value": 85.491495219999962
        }
      },
      {
        "reactor_utilization": {
          "shard": "4",
          "value": 70.843226520000073
        }
      },
      {
        "reactor_utilization": {
          "shard": "5",
          "value": 68.008060340000398
        }
      },
      {
        "reactor_utilization": {
          "shard": "6",
          "value": 86.835622719999691
        }
      },
      {
        "reactor_utilization": {
          "shard": "7",
          "value": 90.073747819999781
        }
      }
    ]
  },
  {
    "metrics": [
      {
        "reactor_utilization": {
          "shard": "0",
          "value": 97.527784760000173
        }
      },
      {
        "reactor_utilization": {
          "shard": "1",
          "value": 90.351626319999838
        }
      },
      {
        "reactor_utilization": {
          "shard": "2",
          "value": 79.742041579999864
        }
      },
      {
        "reactor_utilization": {
          "shard": "3",
          "value": 93.164455659999973
        }
      },
      {
        "reactor_utilization": {
          "shard": "4",
          "value": 74.16104446000007
        }
      },
      {
        "reactor_utilization": {
          "shard": "5",
          "value": 82.819229520000405
        }
      },
      {
        "reactor_utilization": {
          "shard": "6",
          "value": 76.595721879999701
        }
      },
      {
        "reactor_utilization": {
          "shard": "7",
          "value": 81.473070799999775
        }
      }
    ]
  },
  {
    "metrics": [
      {
        "reactor_utilization": {
          "shard": "0",
          "value": 84.509259660000154
        }
      },
      {
        "reactor_utilization": {
          "shard": "1",
          "value": 75.20709265999983
        }
      },
      {
        "reactor_utilization": {
          "shard": "2",
          "value": 84.218314099999873
        }
      },
      {
        "reactor_utilization": {
          "shard": "3",
          "value": 78.816029439999966
        }
      },
      {
        "reactor_utilization": {
          "shard": "4",
          "value": 88.019011540000065
        }
      },
      {
        "reactor_utilization": {
          "shard": "5",
          "value": 90.769510200000397
        }
      },
      {
        "reactor_utilization": {
          "shard": "6",
          "value": 92.031538079999706
        }
      },
      {
        "reactor_utilization": {
          "shard": "7",
          "value": 95.662991619999787
        }
      }
    ]
  },
  {
    "metrics": [
      {
        "reactor_utilization": {
          "shard": "0",
          "value": 82.183408800000166
        }
      },
      {
        "reactor_utilization": {
          "shard": "1",
          "value": 86.231289439999841
        }
      },
      {
        "reactor_utilization": {
          "shard": "2",
          "value": 94.70761881999988
        }
      },
      {
        "reactor_utilization": {
          "shard": "3",
          "value": 89.142414959999954
        }
      },
      {
        "reactor_utilization": {
          "shard": "4",
          "value": 73.472343900000084
        }
      },
      {
        "reactor_utilization": {
          "shard": "5",
          "value": 89.008757600000393
        }
      },
      {
        "reactor_utilization": {
          "shard": "6",
          "value": 87.592043839999704
        }
      },
      {
        "reactor_utilization": {
          "shard": "7",
          "value": 92.591403099999781
        }
      }
    ]
  },
  {
    "metrics": [
      {
        "reactor_utilization": {
          "shard": "0",
          "value": 87.426702680000162
        }
      },
      {
        "reactor_utilization": {
          "shard": "1",
          "value": 95.517406159999837
        }
      },
      {
        "reactor_utilization": {
          "shard": "2",
          "value": 94.783776839999874
        }
      },
      {
        "reactor_utilization": {
          "shard": "3",
          "value": 88.090804679999962
        }
      },
      {
        "reactor_utilization": {
          "shard": "4",
          "value": 72.664088280000087
        }
      },
      {
        "reactor_utilization": {
          "shard": "5",
          "value": 78.465565900000399
        }
      },
      {
        "reactor_utilization": {
          "shard": "6",
          "value": 85.086081799999704
        }
      },
      {
        "reactor_utilization": {
          "shard": "7",
          "value": 91.201113619999788
        }
      }
    ]
  },
  {
    "metrics": [
      {
        "reactor_utilization": {
          "shard": "0",
          "value": 95.178119900000169
        }
      },
      {
        "reactor_utilization": {
          "shard": "1",
          "value": 85.62644141999985
        }
      },
      {
        "reactor_utilization": {
          "shard": "2",
          "value": 94.709713639999876
        }
      },
      {
        "reactor_utilization": {
          "shard": "3",
          "value": 80.708149639999974
        }
      },
      {
        "reactor_utilization": {
          "shard": "4",
          "value": 73.904002060000067
        }
      },
      {
        "reactor_utilization": {
          "shard": "5",
          "value": 88.729977740000393
        }
      },
      {
        "reactor_utilization": {
          "shard": "6",
          "value": 84.084383419999696
        }
      },
      {
        "reactor_utilization": {
          "shard": "7",
          "value": 98.741143299999777
        }
      }
    ]
  },
  {
    "metrics": [
      {
        "reactor_utilization": {
          "shard": "0",
          "value": 76.373175200000162
        }
      },
      {
        "reactor_utilization": {
          "shard": "1",
          "value": 92.617624859999836
        }
      },
      {
        "reactor_utilization": {
          "shard": "2",
          "value": 89.785676599999874
        }
      },
      {
        "reactor_utilization": {
          "shard": "3",
          "value": 92.056653759999961
        }
      },
      {
        "reactor_utilization": {
          "shard": "4",
          "value": 71.515137760000087
        }
      },
      {
        "reactor_utilization": {
          "shard": "5",
          "value": 90.524739380000412
        }
      },
      {
        "reactor_utilization": {
          "shard": "6",
          "value": 92.822384819999698
        }
      },
      {
        "reactor_utilization": {
          "shard": "7",
          "value": 76.352676859999775
        }
      }
    ]
  },
  {
    "metrics": [
      {
        "reactor_utilization": {
          "shard": "0",
          "value": 81.989421920000154
        }
      },
      {
        "reactor_utilization": {
          "shard": "1",
          "value": 83.957431479999826
        }
      },
      {
        "reactor_utilization": {
          "shard": "2",
          "value": 82.263285439999862
        }
      },
      {
        "reactor_utilization": {
          "shard": "3",
          "value": 85.134725419999967
        }
      },
      {
        "reactor_utilization": {
          "shard": "4",
          "value": 85.970205060000083
        }
      },
      {
        "reactor_utilization": {
          "shard": "5",
          "value": 93.186073880000407
        }
      },
      {
        "reactor_utilization": {
          "shard": "6",
          "value": 86.477858399999704
        }
      },
      {
        "reactor_utilization": {
          "shard": "7",
          "value": 92.035387139999784
        }
      }
    ]
  },
  {
    "metrics": [
      {
        "reactor_utilization": {
          "shard": "0",
          "value": 86.255324060000163
        }
      },
      {
        "reactor_utilization": {
          "shard": "1",
          "value": 89.112845999999848
        }
      },
      {
        "reactor_utilization": {
          "shard": "2",
          "value": 87.458887739999867
        }
      },
      {
        "reactor_utilization": {
          "shard": "3",
          "value": 87.802342199999956
        }
      },
      {
        "reactor_utilization": {
          "shard": "4",
          "value": 79.392265660000078
        }
      },
      {
        "reactor_utilization": {
          "shard": "5",
          "value": 95.222153820000401
        }
      },
      {
        "reactor_utilization": {
          "shard": "6",
          "value": 92.907422699999699
        }
      },
      {
        "reactor_utilization": {
          "shard": "7",
          "value": 86.318900959999795
        }
      }
    ]
  },
  {
    "metrics": [
      {
        "reactor_utilization": {
          "shard": "0",
          "value": 81.898673200000161
        }
      },
      {
        "reactor_utilization": {
          "shard": "1",
          "value": 81.18076995999985
        }
      },
      {
        "reactor_utilization": {
          "shard": "2",
          "value": 83.130516059999877
        }
      },
      {
        "reactor_utilization": {
          "shard": "3",
          "value": 78.738618039999963
        }
      },
      {
        "reactor_utilization": {
          "shard": "4",
          "value": 73.930356180000075
        }
      },
      {
        "reactor_utilization": {
          "shard": "5",
          "value": 97.717151360000415
        }
      },
      {
        "reactor_utilization": {
          "shard": "6",
          "value": 84.990276539999698
        }
      },
      {
        "reactor_utilization": {
          "shard": "7",
          "value": 93.742957019999778
        }
      }
    ]
  },
  {
    "metrics": [
      {
        "reactor_utilization": {
          "shard": "0",
          "value": 90.733590000000163
        }
      },
      {
        "reactor_utilization": {
          "shard": "1",
          "value": 69.314948739999835
        }
      },
      {
        "reactor_utilization": {
          "shard": "2",
          "value": 82.40791979999986
        }
      },
      {
        "reactor_utilization": {
          "shard": "3",
          "value": 94.900042499999969
        }
      },
      {
        "reactor_utilization": {
          "shard": "4",
          "value": 76.685493320000077
        }
      },
      {
        "reactor_utilization": {
          "shard": "5",
          "value": 99.557706540000396
        }
      },
      {
        "reactor_utilization": {
          "shard": "6",
          "value": 83.489915399999703
        }
      },
      {
        "reactor_utilization": {
          "shard": "7",
          "value": 88.723974599999792
        }
      }
    ]
  },
  {
    "metrics": [
      {
        "reactor_utilization": {
          "shard": "0",
          "value": 93.31811514000016
        }
      },
      {
        "reactor_utilization": {
          "shard": "1",
          "value": 99.687616779999843
        }
      },
      {
        "reactor_utilization": {
          "shard": "2",
          "value": 90.600869299999857
        }
      },
      {
        "reactor_utilization": {
          "shard": "3",
          "value": 85.590192139999971
        }
      },
      {
        "reactor_utilization": {
          "shard": "4",
          "value": 74.882140980000074
        }
      },
      {
        "reactor_utilization": {
          "shard": "5",
          "value": 90.624527120000408
        }
      },
      {
        "reactor_utilization": {
          "shard": "6",
          "value": 89.249153959999688
        }
      },
      {
        "reactor_utilization": {
          "shard": "7",
          "value": 87.847509499999774
        }
      }
    ]
  },
  {
    "metrics": [
      {
        "reactor_utilization": {
          "shard": "0",
          "value": 82.629280380000154
        }
      },
      {
        "reactor_utilization": {
          "shard": "1",
          "value": 89.873024879999846
        }
      },
      {
        "reactor_utilization": {
          "shard": "2",
          "value": 85.780455679999861
        }
      },
      {
        "reactor_utilization": {
          "shard": "3",
          "value": 91.955357799999973
        }
      },
      {
        "reactor_utilization": {
          "shard": "4",
          "value": 74.40919142000007
        }
      },
      {
        "reactor_utilization": {
          "shard": "5",
          "value": 99.88735618000041
        }
      },
      {
        "reactor_utilization": {
          "shard": "6",
          "value": 87.185384659999698
        }
      },
      {
        "reactor_utilization": {
          "shard": "7",
          "value": 84.197354659999775
        }
      }
    ]
  },
  {
    "metrics": [
      {
        "reactor_utilization": {
          "shard": "0",
          "value": 92.194693500000156
        }
      },
      {
        "reactor_utilization": {
          "shard": "1",
          "value": 90.759179219999837
        }
      },
      {
        "reactor_utilization": {
          "shard": "2",
          "value": 93.315546139999867
        }
      },
      {
        "reactor_utilization": {
          "shard": "3",
          "value": 99.306511439999966
        }
      },
      {
        "reactor_utilization": {
          "shard": "4",
          "value": 75.128664040000075
        }
      },
      {
        "reactor_utilization": {
          "shard": "5",
          "value": 74.397338100000397
        }
      },
      {
        "reactor_utilization": {
          "shard": "6",
          "value": 85.806081619999702
        }
      },
      {
        "reactor_utilization": {
          "shard": "7",
          "value": 89.036896799999781
        }
      }
    ]
  },
  {
    "metrics": [
      {
        "reactor_utilization": {
          "shard": "0",
          "value": 78.462075420000161
        }
      },
      {
        "reactor_utilization": {
          "shard": "1",
          "value": 79.466487619999839
        }
      },
      {
        "reactor_utilization": {
          "shard": "2",
          "value": 73.739089859999865
        }
      },
      {
        "reactor_utilization": {
          "shard": "3",
          "value": 99.927301419999964
        }
      },
      {
        "reactor_utilization": {
          "shard": "4",
          "value": 76.151586820000077
        }
      },
      {
        "reactor_utilization": {
          "shard": "5",
          "value": 83.414287180000414
        }
      },
      {
        "reactor_utilization": {
          "shard": "6",
          "value": 76.925608159999697
        }
      },
      {
        "reactor_utilization": {
          "shard": "7",
          "value": 85.195776099999776
        }
      }
    ]
  },
  {
    "metrics": [
      {
        "reactor_utilization": {
          "shard": "0",
          "value": 82.05075636000015
        }
      },
      {
        "reactor_utilization": {
          "shard": "1",
          "value": 69.471280159999836
        }
      },
      {
        "reactor_utilization": {
          "shard": "2",
          "value": 76.743429959999858
        }
      },
      {
        "reactor_utilization": {
          "shard": "3",
          "value": 77.598245299999974
        }
      },
      {
        "reactor_utilization": {
          "shard": "4",
          "value": 82.275447120000067
        }
      },
      {
        "reactor_utilization": {
          "shard": "5",
          "value": 85.790782240000411
        }
      },
      {
        "reactor_utilization": {
          "shard": "6",
          "value": 83.461535539999687
        }
      },
      {
        "reactor_utilization": {
          "shard": "7",
          "value": 94.752624239999776
        }
      }
    ]
  },
  {
    "metrics": [
      {
        "reactor_utilization": {
          "shard": "0",
          "value": 94.881316140000166
        }
      },
      {
        "reactor_utilization": {
          "shard": "1",
          "value": 77.704356619999842
        }
      },
      {
        "reactor_utilization": {
          "shard": "2",
          "value": 83.793017559999868
        }
      },
      {
        "reactor_utilization": {
          "shard": "3",
          "value": 91.282670039999971
        }
      },
      {
        "reactor_utilization": {
          "shard": "4",
          "value": 73.578448560000069
        }
      },
      {
        "reactor_utilization": {
          "shard": "5",
          "value": 71.334485120000409
        }
      },
      {
        "reactor_utilization": {
          "shard": "6",
          "value": 99.852258359999695
        }
      },
      {
        "reactor_utilization": {
          "shard": "7",
          "value": 88.579991939999772
        }
      }
    ]
  },
  {
    "metrics": [
      {
        "reactor_utilization": {
          "shard": "0",
          "value": 92.150717300000153
        }
      },
      {
        "reactor_utilization": {
          "shard": "1",
          "value": 95.56887853999983
        }
      },
      {
        "reactor_utilization": {
          "shard": "2",
          "value": 93.960286319999867
        }
      },
      {
        "reactor_utilization": {
          "shard": "3",
          "value": 89.486540899999966
        }
      },
      {
        "reactor_utilization": {
          "shard": "4",
          "value": 90.699399920000062
        }
      },
      {
        "reactor_utilization": {
          "shard": "5",
          "value": 89.463151940000401
        }
      },
      {
        "reactor_utilization": {
          "shard": "6",
          "value": 90.633246199999689
        }
      },
      {
        "reactor_utilization": {
          "shard": "7",
          "value": 82.143406819999782
        }
      }
    ]
  },
  {
    "metrics": [
      {
        "reactor_utilization": {
          "shard": "0",
          "value": 90.498039260000155
        }
      },
      {
        "reactor_utilization": {
          "shard": "1",
          "value": 77.923035119999838
        }
      },
      {
        "reactor_utilization": {
          "shard": "2",
          "value": 96.451299019999865
        }
      },
      {
        "reactor_utilization": {
          "shard": "3",
          "value": 99.776027119999966
        }
      },
      {
        "reactor_utilization": {
          "shard": "4",
          "value": 82.230036060000074
        }
      },
      {
        "reactor_utilization": {
          "shard": "5",
          "value": 89.769338420000395
        }
      },
      {
        "reactor_utilization": {
          "shard": "6",
          "value": 72.086921019999693
        }
      },
      {
        "reactor_utilization": {
          "shard": "7",
          "value": 91.799839599999771
        }
      }
    ]
  },
  {
    "metrics": [
      {
        "reactor_utilization": {
          "shard": "0",
          "value": 81.99109726000016
        }
      },
      {
        "reactor_utilization": {
          "shard": "1",
          "value": 84.408498699999839
        }
      },
      {
        "reactor_utilization": {
          "shard": "2",
          "value": 95.028439799999859
        }
      },
      {
        "reactor_utilization": {
          "shard": "3",
          "value": 92.714645359999963
        }
      },
      {
        "reactor_utilization": {
          "shard": "4",
          "value": 71.266271360000076
        }
      },
      {
        "reactor_utilization": {
          "shard": "5",
          "value": 89.266173960000401
        }
      },
      {
        "reactor_utilization": {
          "shard": "6",
          "value": 96.22355651999969
        }
      },
      {
        "reactor_utilization": {
          "shard": "7",
          "value": 79.729102219999788
        }
      }
    ]
  }
]
