[
  {
    "metrics": [
      {
        "reactor_utilization": {
          "shard": "0",
          "value": 98.032385880000163
        }
      },
      {
        "reactor_utilization": {
          "shard": "1",
          "value": 85.044354639999852
        }
      },
      {
        "reactor_utilization": {
          "shard": "2",
          "value": 82.814429499999861
        }
      },
      {
        "reactor_utilization": {
          "shard": "3",
          "value": 81.703661839999981
        }
      },
      {
        "reactor_utilization": {
          "shard": "4",
          "value": 72.397140900000025
        }
      },
      {
        "reactor_utilization": {
          "shard": "5",
          "value": 96.646835920000385
        }
      },
      {
        "reactor_utilization": {
          "shard": "6",
          "value": 98.619780739999698
        }
      },
      {
        "reactor_utilization": {
          "shard": "7",
          "value": 83.327880019999782
        }
      }
    ]
  },
  {
    "metrics": [
      {
        "reactor_utilization": {
          "shard": "0",
          "value": 79.957821640000162
        }
      },
      {
        "reactor_utilization": {
          "shard": "1",
          "value": 95.038695799999857
        }
      },
      {
        "reactor_utilization": {
          "shard": "2",
          "value": 78.007596739999869
        }
      },
      {
        "reactor_utilization": {
          "shard": "3",
          "value": 93.152985299999969
        }
      },
      {
        "reactor_utilization": {
          "shard": "4",
          "value": 74.330739940000029
        }
      },
      {
        "reactor_utilization": {
          "shard": "5",
          "value": 82.158793500000399
        }
      },
      {
        "reactor_utilization": {
          "shard": "6",
          "value": 84.915526799999697
        }
      },
      {
        "reactor_utilization": {
          "shard": "7",
          "value": 86.706791399999773
        }
      }
    ]
  },
  {
    "metrics": [
      {
        "reactor_utilization": {
          "shard": "0",
          "value": 95.506328640000163
        }
      },
      {
        "reactor_utilization": {
          "shard": "1",
          "value": 72.168493879999858
        }
      },
      {
        "reactor_utilization": {
          "shard": "2",
          "value": 89.876468279999884
        }
      },
      {
        "reactor_utilization": {
          "shard": "3",
          "value": 81.709693259999966
        }
      },
      {
        "reactor_utilization": {
          "shard": "4",
          "value": 48.587527660000028
        }
      },
      {
        "reactor_utilization": {
          "shard": "5",
          "value": 76.85202464000038
        }
      },
      {
        "reactor_utilization": {
          "shard": "6",
          "value": 78.020919999999691
        }
      },
      {
        "reactor_utilization": {
          "shard": "7",
          "value": 87.694707599999774
        }
      }
    ]
  },
  {
    "metrics": [
      {
        "reactor_utilization": {
          "shard": "0",
          "value": 85.81130048000017
        }
      },
      {
        "reactor_utilization": {
          "shard": "1",
          "value": 93.716990779999847
        }
      },
      {
        "reactor_utilization": {
          "shard": "2",
          "value": 80.330977079999883
        }
      },
      {
        "reactor_utilization": {
          "shard": "3",
          "value": 89.653042219999975
        }
      },
      {
        "reactor_utilization": {
          "shard": "4",
          "value": 63.402513540000029
        }
      },
      {
        "reactor_utilization": {
          "shard": "5",
          "value": 71.030693000000383
        }
      },
      {
        "reactor_utilization": {
          "shard": "6",
          "value": 80.079151699999713
        }
      },
      {
        "reactor_utilization": {
          "shard": "7",
          "value": 89.046689899999777
        }
      }
    ]
  },
  {
    "metrics": [
      {
        "reactor_utilization": {
          "shard": "0",
          "value": 86.443863320000176
        }
      },
      {
        "reactor_utilization": {
          "shard": "1",
          "value": 93.805867139999862
        }
      },
      {
        "reactor_utilization": {
          "shard": "2",
          "value": 96.188116039999869
        }
      },
      {
        "reactor_utilization": {
          "shard": "3",
          "value": 91.007337739999969
        }
      },
      {
        "reactor_utilization": {
          "shard": "4",
          "value": 89.246332920000029
        }
      },
      {
        "reactor_utilization": {
          "shard": "5",
          "value": 72.336831140000385
        }
      },
      {
        "reactor_utilization": {
          "shard": "6",
          "value": 86.217600879999708
        }
      },
      {
        "reactor_utilization": {
          "shard": "7",
          "value": 93.797654659999779
        }
      }
    ]
  },
  {
    "metrics": [
      {
        "reactor_utilization": {
          "shard": "0",
          "value": 87.108960020000168
        }
      },
      {
        "reactor_utilization": {
          "shard": "1",
          "value": 95.538577659999845
        }
      },
      {
        "reactor_utilization": {
          "shard": "2",
          "value": 80.066696779999873
        }
      },
      {
        "reactor_utilization": {
          "shard": "3",
          "value": 87.072414459999976
        }
      },
      {
        "reactor_utilization": {
          "shard": "4",
          "value": 68.083869200000038
        }
      },
      {
        "reactor_utilization": {
          "shard": "5",
          "value": 88.472901300000387
        }
      },
      {
        "reactor_utilization": {
          "shard": "6",
          "value": 92.666860659999699
        }
      },
      {
        "reactor_utilization": {
          "shard": "7",
          "value": 83.844254559999769
        }
      }
    ]
  },
  {
    "metrics": [
      {
        "reactor_utilization": {
          "shard": "0",
          "value": 92.052791760000162
        }
      },
      {
        "reactor_utilization": {
          "shard": "1",
          "value": 83.023394279999849
        }
      },
      {
        "reactor_utilization": {
          "shard": "2",
          "value": 77.427533459999879
        }
      },
      {
        "reactor_utilization": {
          "shard": "3",
          "value": 90.380742199999958
        }
      },
      {
        "reactor_utilization": {
          "shard": "4",
          "value": 93.311736420000031
        }
      },
      {
        "reactor_utilization": {
          "shard": "5",
          "value": 94.608679400000383
        }
      },
      {
        "reactor_utilization": {
          "shard": "6",
          "value": 81.346503019999702
        }
      },
      {
        "reactor_utilization": {
          "shard": "7",
          "value": 77.799946319999776
        }
      }
    ]
  },
  {
    "metrics": [
      {
        "reactor_utilization": {
          "shard": "0",
          "value": 82.008436660000172
        }
      },
      {
        "reactor_utilization": {
          "shard": "1",
          "value": 84.497459199999852
        }
      },
      {
        "reactor_utilization": {
          "shard": "2",
          "value": 82.888993759999877
        }
      },
      {
        "reactor_utilization": {
          "shard": "3",
          "value": 73.677000879999966
        }
      },
      {
        "reactor_utilization": {
          "shard": "4",
          "value": 72.248308480000048
        }
      },
      {
        "reactor_utilization": {
          "shard": "5",
          "value": 95.629269660000375
        }
      },
      {
        "reactor_utilization": {
          "shard": "6",
          "value": 81.192924759999698
        }
      },
      {
        "reactor_utilization": {
          "shard": "7",
          "value": 89.540174979999776
        }
      }
    ]
  },
  {
    "metrics": [
      {
        "reactor_utilization": {
          "shard": "0",
          "value": 95.824738360000168
        }
      },
      {
        "reactor_utilization": {
          "shard": "1",
          "value": 84.38380139999984
        }
      },
      {
        "reactor_utilization": {
          "shard": "2",
          "value": 90.37733373999987
        }
      },
      {
        "reactor_utilization": {
          "shard": "3",
          "value": 84.588100459999964
        }
      },
      {
        "reactor_utilization": {
          "shard": "4",
          "value": 85.859917520000039
        }
      },
      {
        "reactor_utilization": {
          "shard": "5",
          "value": 69.635025880000384
        }
      },
      {
        "reactor_utilization": {
          "shard": "6",
          "value": 84.626869119999697
        }
      },
      {
        "reactor_utilization": {
          "shard": "7",
          "value": 87.489570519999788
        }
      }
    ]
  },
  {
    "metrics": [
      {
        "reactor_utilization": {
          "shard": "0",
          "value": 88.156141980000172
        }
      },
      {
        "reactor_utilization": {
          "shard": "1",
          "value": 84.56627437999984
        }
      },
      {
        "reactor_utilization": {
          "shard": "2",
          "value": 98.51414927999987
        }
      },
      {
        "reactor_utilization": {
          "shard": "3",
          "value": 87.61096579999996
        }
      },
      {
        "reactor_utilization": {
          "shard": "4",
          "value": 71.604687840000054
        }
      },
      {
        "reactor_utilization": {
          "shard": "5",
          "value": 84.443548120000386
        }
      },
      {
        "reactor_utilization": {
          "shard": "6",
          "value": 92.426861279999699
        }
      },
      {
        "reactor_utilization": {
          "shard": "7",
          "value": 90.250674519999791
        }
      }
    ]
  },
  {
    "metrics": [
      {
        "reactor_utilization": {
          "shard": "0",
          "value": 86.247013480000163
        }
      },
      {
        "reactor_utilization": {
          "shard": "1",
          "value": 92.995559139999841
        }
      },
      {
        "reactor_utilization": {
          "shard": "2",
          "value": 97.983245639999865
        }
      },
      {
        "reactor_utilization": {
          "shard": "3",
          "value": 79.599983739999971
        }
      },
      {
        "reactor_utilization": {
          "shard": "4",
          "value": 79.896749100000036
        }
      },
      {
        "reactor_utilization": {
          "shard": "5",
          "value": 91.1465250600004
        }
      },
      {
        "reactor_utilization": {
          "shard": "6",
          "value": 86.196951759999692
        }
      },
      {
        "reactor_utilization": {
          "shard": "7",
          "value": 85.501262319999782
        }
      }
    ]
  },
  {
    "metrics": [
      {
        "reactor_utilization": {
          "shard": "0",
          "value": 87.353032340000155
        }
      },
      {
        "reactor_utilization": {
          "shard": "1",
          "value": 97.261388799999835
        }
      },
      {
        "reactor_utilization": {
          "shard": "2",
          "value": 89.844062999999878
        }
      },
      {
        "reactor_utilization": {
          "shard": "3",
          "value": 84.95238523999997
        }
      },
      {
        "reactor_utilization": {
          "shard": "4",
          "value": 89.831944320000034
        }
      },
      {
        "reactor_utilization": {
          "shard": "5",
          "value": 84.442148660000399
        }
      },
      {
        "reactor_utilization": {
          "shard": "6",
          "value": 83.7809658999997
        }
      },
      {
        "reactor_utilization": {
          "shard": "7",
          "value": 87.510865259999775
        }
      }
    ]
  },
  {
    "metrics": [
      {
        "reactor_utilization": {
          "shard": "0",
          "value": 84.86807310000016
        }
      },
      {
        "reactor_utilization": {
          "shard": "1",
          "value": 86.65371517999985
        }
      },
      {
        "reactor_utilization": {
          "shard": "2",
          "value": 79.780696939999871
        }
      },
      {
        "reactor_utilization": {
          "shard": "3",
          "value": 91.77277181999996
        }
      },
      {
        "reactor_utilization": {
          "shard": "4",
          "value": 86.81255326000003
        }
      },
      {
        "reactor_utilization": {
          "shard": "5",
          "value": 94.714912500000395
        }
      },
      {
        "reactor_utilization": {
          "shard": "6",
          "value": 79.733021179999696
        }
      },
      {
        "reactor_utilization": {
          "shard": "7",
          "value": 89.007880439999781
        }
      }
    ]
  },
  {
    "metrics": [
      {
        "reactor_utilization": {
          "shard": "0",
          "value": 86.47028992000017
        }
      },
      {
        "reactor_utilization": {
          "shard": "1",
          "value": 82.028968799999845
        }
      },
      {
        "reactor_utilization": {
          "shard": "2",
          "value": 81.000863099999876
        }
      },
      {
        "reactor_utilization": {
          "shard": "3",
          "value": 69.521272559999971
        }
      },
      {
        "reactor_utilization": {
          "shard": "4",
          "value": 72.787734040000046
        }
      },
      {
        "reactor_utilization": {
          "shard": "5",
          "value": 99.893642500000396
        }
      },
      {
        "reactor_utilization": {
          "shard": "6",
          "value": 74.062755179999684
        }
      },
      {
        "reactor_utilization": {
          "shard": "7",
          "value": 84.802510139999782
        }
      }
    ]
  },
  {
    "metrics": [
      {
        "reactor_utilization": {
          "shard": "0",
          "value": 88.731196280000162
        }
      },
      {
        "reactor_utilization": {
          "shard": "1",
          "value": 77.30515113999985
        }
      },
      {
        "reactor_utilization": {
          "shard": "2",
          "value": 86.536355539999875
        }
      },
      {
        "reactor_utilization": {
          "shard": "3",
          "value": 87.042757799999976
        }
      },
      {
        "reactor_utilization": {
          "shard": "4",
          "value": 77.221794460000055
        }
      },
      {
        "reactor_utilization": {
          "shard": "5",
          "value": 97.259913480000392
        }
      },
      {
        "reactor_utilization": {
          "shard": "6",
          "value": 86.983000599999684
        }
      },
      {
        "reactor_utilization": {
          "shard": "7",
          "value": 99.347708719999787
        }
      }
    ]
  },
  {
    "metrics": [
      {
        "reactor_utilization": {
          "shard": "0",
          "value": 69.344408740000162
        }
      },
      {
        "reactor_utilization": {
          "shard": "1",
          "value": 83.934620399999844
        }
      },
      {
        "reactor_utilization": {
          "shard": "2",
          "value": 73.793084419999872
        }
      },
      {
        "reactor_utilization": {
          "shard": "3",
          "value": 83.648808559999978
        }
      },
      {
        "reactor_utilization": {
          "shard": "4",
          "value": 80.399964340000054
        }
      },
      {
        "reactor_utilization": {
          "shard": "5",
          "value": 89.517294140000388
        }
      },
      {
        "reactor_utilization": {
          "shard": "6",
          "value": 90.99382157999969
        }
      },
      {
        "reactor_utilization": {
          "shard": "7",
          "value": 91.205886419999786
        }
      }
    ]
  },
  {
    "metrics": [
      {
        "reactor_utilization": {
          "shard": "0",
          "value": 91.050937900000164
        }
      },
      {
        "reactor_utilization": {
          "shard": "1",
          "value": 97.020968879999842
        }
      },
      {
        "reactor_utilization": {
          "shard": "2",
          "value": 88.759975559999873
        }
      },
      {
        "reactor_utilization": {
          "shard": "3",
          "value": 84.634016279999969
        }
      },
      {
        "reactor_utilization": {
          "shard": "4",
          "value": 72.038489600000048
        }
      },
      {
        "reactor_utilization": {
          "shard": "5",
          "value": 76.587681340000387
        }
      },
      {
        "reactor_utilization": {
          "shard": "6",
          "value": 90.187528819999685
        }
      },
      {
        "reactor_utilization": {
          "shard": "7",
          "value": 83.381982279999789
        }
      }
    ]
  },
  {
    "metrics": [
      {
        "reactor_utilization": {
          "shard": "0",
          "value": 87.110097640000163
        }
      },
      {
        "reactor_utilization": {
          "shard": "1",
          "value": 87.377322899999839
        }
      },
      {
        "reactor_utilization": {
          "shard": "2",
          "value": 78.639236659999881
        }
      },
      {
        "reactor_utilization": {
          "shard": "3",
          "value": 92.50644137999997
        }
      },
      {
        "reactor_utilization": {
          "shard": "4",
          "value": 73.249944940000063
        }
      },
      {
        "reactor_utilization": {
          "shard": "5",
          "value": 96.127106000000396
        }
      },
      {
        "reactor_utilization": {
          "shard": "6",
          "value": 81.105610519999686
        }
      },
      {
        "reactor_utilization": {
          "shard": "7",
          "value": 86.404223259999796
        }
      }
    ]
  },
  {
    "metrics": [
      {
        "reactor_utilization": {
          "shard": "0",
          "value": 87.225901340000163
        }
      },
      {
        "reactor_utilization": {
          "shard": "1",
          "value": 91.679589979999847
        }
      },
      {
        "reactor_utilization": {
          "shard": "2",
          "value": 94.062774859999877
        }
      },
      {
        "reactor_utilization": {
          "shard": "3",
          "value": 88.852600979999977
        }
      },
      {
        "reactor_utilization": {
          "shard": "4",
          "value": 71.328127720000055
        }
      },
      {
        "reactor_utilization": {
          "shard": "5",
          "value": 64.317359840000393
        }
      },
      {
        "reactor_utilization": {
          "shard": "6",
          "value": 93.91091671999969
        }
      },
      {
        "reactor_utilization": {
          "shard": "7",
          "value": 84.099090179999791
        }
      }
    ]
  },
  {
    "metrics": [
      {
        "reactor_utilization": {
          "shard": "0",
          "value": 87.546155280000164
        }
      },
      {
        "reactor_utilization": {
          "shard": "1",
          "value": 76.829442339999844
        }
      },
      {
        "reactor_utilization": {
          "shard": "2",
          "value": 75.095122259999883
        }
      },
      {
        "reactor_utilization": {
          "shard": "3",
          "value": 95.876652319999963
        }
      },
      {
        "reactor_utilization": {
          "shard": "4",
          "value": 88.925347100000067
        }
      },
      {
        "reactor_utilization": {
          "shard": "5",
          "value": 96.377811760000384
        }
      },
      {
        "reactor_utilization": {
          "shard": "6",
          "value": 84.182850479999701
        }
      },
      {
        "reactor_utilization": {
          "shard": "7",
          "value": 85.734996239999788
        }
      }
    ]
  },
  {
    "metrics": [
      {
        "reactor_utilization": {
          "shard": "0",
          "value": 95.633483960000163
        }
      },
      {
        "reactor_utilization": {
          "shard": "1",
          "value": 78.998199919999848
        }
      },
      {
        "reactor_utilization": {
          "shard": "2",
          "value": 82.47239163999987
        }
      },
      {
        "reactor_utilization": {
          "shard": "3",
          "value": 78.207019559999964
        }
      },
      {
        "reactor_utilization": {
          "shard": "4",
          "value": 80.220217420000068
        }
      },
      {
        "reactor_utilization": {
          "shard": "5",
          "value": 87.296769320000394
        }
      },
      {
        "reactor_utilization": {
          "shard": "6",
          "value": 86.956322979999683
        }
      },
      {
        "reactor_utilization": {
          "shard": "7",
          "value": 92.951296639999796
        }
      }
    ]
  },
  {
    "metrics": [
      {
        "reactor_utilization": {
          "shard": "0",
          "value": 77.059207240000177
        }
      },
      {
        "reactor_utilization": {
          "shard": "1",
          "value": 74.279753059999848
        }
      },
      {
        "reactor_utilization": {
          "shard": "2",
          "value": 90.136474479999876
        }
      },
      {
        "reactor_utilization": {
          "shard": "3",
          "value": 97.659024219999964
        }
      },
      {
        "reactor_utilization": {
          "shard": "4",
          "value": 61.222183040000054
        }
      },
      {
        "reactor_utilization": {
          "shard": "5",
          "value": 78.086282240000386
        }
      },
      {
        "reactor_utilization": {
          "shard": "6",
          "value": 85.57896145999969
        }
      },
      {
        "reactor_utilization": {
          "shard": "7",
          "value": 76.321470779999785
        }
      }
    ]
  },
  {
    "metrics": [
      {
        "reactor_utilization": {
          "shard": "0",
          "value": 95.270963820000162
        }
      },
      {
        "reactor_utilization": {
          "shard": "1",
          "value": 93.342764199999849
        }
      },
      {
        "reactor_utilization": {
          "shard": "2",
          "value": 84.423999099999875
        }
      },
      {
        "reactor_utilization": {
          "shard": "3",
          "value": 88.119521879999965
        }
      },
      {
        "reactor_utilization": {
          "shard": "4",
          "value": 83.953491920000062
        }
      },
      {
        "reactor_utilization": {
          "shard": "5",
          "value": 92.826480880000389
        }
      },
      {
        "reactor_utilization": {
          "shard": "6",
          "value": 74.683932479999697
        }
      },
      {
        "reactor_utilization": {
          "shard": "7",
          "value": 67.435877479999789
        }
      }
    ]
  },
  {
    "metrics": [
      {
        "reactor_utilization": {
          "shard": "0",
          "value": 78.51138220000017
        }
      },
      {
        "reactor_utilization": {
          "shard": "1",
          "value": 83.587459339999853
        }
      },
      {
        "reactor_utilization": {
          "shard": "2",
          "value": 89.584310679999874
        }
      },
      {
        "reactor_utilization": {
          "shard": "3",
          "value": 91.451238719999964
        }
      },
      {
        "reactor_utilization": {
          "shard": "4",
          "value": 88.732082040000051
        }
      },
      {
        "reactor_utilization": {
          "shard": "5",
          "value": 90.115854500000395
        }
      },
      {
        "reactor_utilization": {
          "shard": "6",
          "value": 87.846789259999696
        }
      },
      {
        "reactor_utilization": {
          "shard": "7",
          "value": 96.175989919999779
        }
      }
    ]
  }
]
