[
  {
    "metrics": [
      {
        "reactor_utilization": {
          "shard": "0",
          "value": 99.774569980000265
        }
      },
      {
        "reactor_utilization": {
          "shard": "1",
          "value": 91.976536379999914
        }
      },
      {
        "reactor_utilization": {
          "shard": "2",
          "value": 99.053023399999745
        }
      },
      {
        "reactor_utilization": {
          "shard": "3",
          "value": 96.74019985999999
        }
      },
      {
        "reactor_utilization": {
          "shard": "4",
          "value": 82.085101820000119
        }
      },
      {
        "reactor_utilization": {
          "shard": "5",
          "value": 99.50767206000036
        }
      },
      {
        "reactor_utilization": {
          "shard": "6",
          "value": 89.066022199999722
        }
      },
      {
        "reactor_utilization": {
          "shard": "7",
          "value": 86.480525799999739
        }
      }
    ]
  },
  {
    "metrics": [
      {
        "reactor_utilization": {
          "shard": "0",
          "value": 98.828100700000249
        }
      },
      {
        "reactor_utilization": {
          "shard": "1",
          "value": 99.058169879999909
        }
      },
      {
        "reactor_utilization": {
          "shard": "2",
          "value": 88.996454899999762
        }
      },
      {
        "reactor_utilization": {
          "shard": "3",
          "value": 82.792173319999989
        }
      },
      {
        "reactor_utilization": {
          "shard": "4",
          "value": 70.081436680000124
        }
      },
      {
        "reactor_utilization": {
          "shard": "5",
          "value": 91.715472120000356
        }
      },
      {
        "reactor_utilization": {
          "shard": "6",
          "value": 94.513787719999726
        }
      },
      {
        "reactor_utilization": {
          "shard": "7",
          "value": 98.390593279999749
        }
      }
    ]
  },
  {
    "metrics": [
      {
        "reactor_utilization": {
          "shard": "0",
          "value": 93.232676500000252
        }
      },
      {
        "reactor_utilization": {
          "shard": "1",
          "value": 94.925414799999913
        }
      },
      {
        "reactor_utilization": {
          "shard": "2",
          "value": 99.824131559999756
        }
      },
      {
        "reactor_utilization": {
          "shard": "3",
          "value": 90.090533260000001
        }
      },
      {
        "reactor_utilization": {
          "shard": "4",
          "value": 71.05948548000012
        }
      },
      {
        "reactor_utilization": {
          "shard": "5",
          "value": 78.423497660000365
        }
      },
      {
        "reactor_utilization": {
          "shard": "6",
          "value": 84.140341059999727
        }
      },
      {
        "reactor_utilization": {
          "shard": "7",
          "value": 96.026274539999747
        }
      }
    ]
  },
  {
    "metrics": [
      {
        "reactor_utilization": {
          "shard": "0",
          "value": 79.901336060000261
        }
      },
      {
        "reactor_utilization": {
          "shard": "1",
          "value": 78.900163999999904
        }
      },
      {
        "reactor_utilization": {
          "shard": "2",
          "value": 84.522887819999752
        }
      },
      {
        "reactor_utilization": {
          "shard": "3",
          "value": 97.513196499999992
        }
      },
      {
        "reactor_utilization": {
          "shard": "4",
          "value": 77.679990160000116
        }
      },
      {
        "reactor_utilization": {
          "shard": "5",
          "value": 74.925254200000367
        }
      },
      {
        "reactor_utilization": {
          "shard": "6",
          "value": 95.552920359999717
        }
      },
      {
        "reactor_utilization": {
          "shard": "7",
          "value": 99.728020839999743
        }
      }
    ]
  },
  {
    "metrics": [
      {
        "reactor_utilization": {
          "shard": "0",
          "value": 95.203605180000253
        }
      },
      {
        "reactor_utilization": {
          "shard": "1",
          "value": 66.289361119999924
        }
      },
      {
        "reactor_utilization": {
          "shard": "2",
          "value": 91.47628753999976
        }
      },
      {
        "reactor_utilization": {
          "shard": "3",
          "value": 94.900188759999992
        }
      },
      {
        "reactor_utilization": {
          "shard": "4",
          "value": 80.468573440000128
        }
      },
      {
        "reactor_utilization": {
          "shard": "5",
          "value": 91.392158740000369
        }
      },
      {
        "reactor_utilization": {
          "shard": "6",
          "value": 95.182132339999725
        }
      },
      {
        "reactor_utilization": {
          "shard": "7",
          "value": 90.862759979999751
        }
      }
    ]
  },
  {
    "metrics": [
      {
        "reactor_utilization": {
          "shard": "0",
          "value": 95.416747340000256
        }
      },
      {
        "reactor_utilization": {
          "shard": "1",
          "value": 87.801808679999922
        }
      },
      {
        "reactor_utilization": {
          "shard": "2",
          "value": 93.94612255999975
        }
      },
      {
        "reactor_utilization": {
          "shard": "3",
          "value": 93.951668359999999
        }
      },
      {
        "reactor_utilization": {
          "shard": "4",
          "value": 82.537414760000118
        }
      },
      {
        "reactor_utilization": {
          "shard": "5",
          "value": 83.103465740000374
        }
      },
      {
        "reactor_utilization": {
          "shard": "6",
          "value": 86.60084147999973
        }
      },
      {
        "reactor_utilization": {
          "shard": "7",
          "value": 89.282693019999755
        }
      }
    ]
  },
  {
    "metrics": [
      {
        "reactor_utilization": {
          "shard": "0",
          "value": 89.26749720000025
        }
      },
      {
        "reactor_utilization": {
          "shard": "1",
          "value": 94.42071195999992
        }
      },
      {
        "reactor_utilization": {
          "shard": "2",
          "value": 94.750491999999753
        }
      },
      {
        "reactor_utilization": {
          "shard": "3",
          "value": 94.411911539999991
        }
      },
      {
        "reactor_utilization": {
          "shard": "4",
          "value": 89.851684240000111
        }
      },
      {
        "reactor_utilization": {
          "shard": "5",
          "value": 92.067565680000371
        }
      },
      {
        "reactor_utilization": {
          "shard": "6",
          "value": 87.196741639999715
        }
      },
      {
        "reactor_utilization": {
          "shard": "7",
          "value": 91.903748519999752
        }
      }
    ]
  },
  {
    "metrics": [
      {
        "reactor_utilization": {
          "shard": "0",
          "value": 93.591959800000254
        }
      },
      {
        "reactor_utilization": {
          "shard": "1",
          "value": 77.054883639999929
        }
      },
      {
        "reactor_utilization": {
          "shard": "2",
          "value": 92.409208059999756
        }
      },
      {
        "reactor_utilization": {
          "shard": "3",
          "value": 79.243353679999998
        }
      },
      {
        "reactor_utilization": {
          "shard": "4",
          "value": 84.851220960000134
        }
      },
      {
        "reactor_utilization": {
          "shard": "5",
          "value": 97.532703820000364
        }
      },
      {
        "reactor_utilization": {
          "shard": "6",
          "value": 89.930714219999714
        }
      },
      {
        "reactor_utilization": {
          "shard": "7",
          "value": 89.679249299999753
        }
      }
    ]
  },
  {
    "metrics": [
      {
        "reactor_utilization": {
          "shard": "0",
          "value": 83.583137080000256
        }
      },
      {
        "reactor_utilization": {
          "shard": "1",
          "value": 86.116287719999931
        }
      },
      {
        "reactor_utilization": {
          "shard": "2",
          "value": 94.694273019999756
        }
      },
      {
        "reactor_utilization": {
          "shard": "3",
          "value": 93.109963899999997
        }
      },
      {
        "reactor_utilization": {
          "shard": "4",
          "value": 92.070543980000124
        }
      },
      {
        "reactor_utilization": {
          "shard": "5",
          "value": 93.73375452000036
        }
      },
      {
        "reactor_utilization": {
          "shard": "6",
          "value": 90.66904473999972
        }
      },
      {
        "reactor_utilization": {
          "shard": "7",
          "value": 86.222352619999754
        }
      }
    ]
  },
  {
    "metrics": [
      {
        "reactor_utilization": {
          "shard": "0",
          "value": 85.170443120000257
        }
      },
      {
        "reactor_utilization": {
          "shard": "1",
          "value": 99.705195619999927
        }
      },
      {
        "reactor_utilization": {
          "shard": "2",
          "value": 91.535317759999757
        }
      },
      {
        "reactor_utilization": {
          "shard": "3",
          "value": 88.844582279999997
        }
      },
      {
        "reactor_utilization": {
          "shard": "4",
          "value": 76.200290620000118
        }
      },
      {
        "reactor_utilization": {
          "shard": "5",
          "value": 90.959558840000369
        }
      },
      {
        "reactor_utilization": {
          "shard": "6",
          "value": 81.339844299999726
        }
      },
      {
        "reactor_utilization": {
          "shard": "7",
          "value": 92.571041079999745
        }
      }
    ]
  },
  {
    "metrics": [
      {
        "reactor_utilization": {
          "shard": "0",
          "value": 90.568313340000259
        }
      },
      {
        "reactor_utilization": {
          "shard": "1",
          "value": 86.423232519999928
        }
      },
      {
        "reactor_utilization": {
          "shard": "2",
          "value": 89.390082459999746
        }
      },
      {
        "reactor_utilization": {
          "shard": "3",
          "value": 97.020795779999986
        }
      },
      {
        "reactor_utilization": {
          "shard": "4",
          "value": 72.543617980000107
        }
      },
      {
        "reactor_utilization": {
          "shard": "5",
          "value": 99.102421380000365
        }
      },
      {
        "reactor_utilization": {
          "shard": "6",
          "value": 72.669715379999715
        }
      },
      {
        "reactor_utilization": {
          "shard": "7",
          "value": 92.750992519999741
        }
      }
    ]
  },
  {
    "metrics": [
      {
        "reactor_utilization": {
          "shard": "0",
          "value": 85.57871966000026
        }
      },
      {
        "reactor_utilization": {
          "shard": "1",
          "value": 75.710607199999941
        }
      },
      {
        "reactor_utilization": {
          "shard": "2",
          "value": 87.203245719999757
        }
      },
      {
        "reactor_utilization": {
          "shard": "3",
          "value": 97.606478639999992
        }
      },
      {
        "reactor_utilization": {
          "shard": "4",
          "value": 81.552311500000101
        }
      },
      {
        "reactor_utilization": {
          "shard": "5",
          "value": 83.580847480000358
        }
      },
      {
        "reactor_utilization": {
          "shard": "6",
          "value": 83.687696199999721
        }
      },
      {
        "reactor_utilization": {
          "shard": "7",
          "value": 79.700032199999754
        }
      }
    ]
  },
  {
    "metrics": [
      {
        "reactor_utilization": {
          "shard": "0",
          "value": 83.08458534000026
        }
      },
      {
        "reactor_utilization": {
          "shard": "1",
          "value": 85.017968479999936
        }
      },
      {
        "reactor_utilization": {
          "shard": "2",
          "value": 90.114117459999761
        }
      },
      {
        "reactor_utilization": {
          "shard": "3",
          "value": 97.557635579999996
        }
      },
      {
        "reactor_utilization": {
          "shard": "4",
          "value": 78.205689300000117
        }
      },
      {
        "reactor_utilization": {
          "shard": "5",
          "value": 90.500661560000367
        }
      },
      {
        "reactor_utilization": {
          "shard": "6",
          "value": 85.212376499999721
        }
      },
      {
        "reactor_utilization": {
          "shard": "7",
          "value": 95.649475499999753
        }
      }
    ]
  },
  {
    "metrics": [
      {
        "reactor_utilization": {
          "shard": "0",
          "value": 87.169405520000268
        }
      },
      {
        "reactor_utilization": {
          "shard": "1",
          "value": 78.361695079999933
        }
      },
      {
        "reactor_utilization": {
          "shard": "2",
          "value": 90.759183139999749
        }
      },
      {
        "reactor_utilization": {
          "shard": "3",
          "value": 90.601304759999991
        }
      },
      {
        "reactor_utilization": {
          "shard": "4",
          "value": 86.149691720000106
        }
      },
      {
        "reactor_utilization": {
          "shard": "5",
          "value": 85.083119240000372
        }
      },
      {
        "reactor_utilization": {
          "shard": "6",
          "value": 80.685823759999707
        }
      },
      {
        "reactor_utilization": {
          "shard": "7",
          "value": 85.221849539999752
        }
      }
    ]
  },
  {
    "metrics": [
      {
        "reactor_utilization": {
          "shard": "0",
          "value": 99.360966760000267
        }
      },
      {
        "reactor_utilization": {
          "shard": "1",
          "value": 76.696633359999936
        }
      },
      {
        "reactor_utilization": {
          "shard": "2",
          "value": 91.259077699999764
        }
      },
      {
        "reactor_utilization": {
          "shard": "3",
          "value": 92.286787799999985
        }
      },
      {
        "reactor_utilization": {
          "shard": "4",
          "value": 74.944587080000119
        }
      },
      {
        "reactor_utilization": {
          "shard": "5",
          "value": 84.052327440000369
        }
      },
      {
        "reactor_utilization": {
          "shard": "6",
          "value": 79.694984839999719
        }
      },
      {
        "reactor_utilization": {
          "shard": "7",
          "value": 83.173678819999751
        }
      }
    ]
  },
  {
    "metrics": [
      {
        "reactor_utilization": {
          "shard": "0",
          "value": 96.534389160000273
        }
      },
      {
        "reactor_utilization": {
          "shard": "1",
          "value": 75.35352009999994
        }
      },
      {
        "reactor_utilization": {
          "shard": "2",
          "value": 79.782599579999754
        }
      },
      {
        "reactor_utilization": {
          "shard": "3",
          "value": 99.6142629
        }
      },
      {
        "reactor_utilization": {
          "shard": "4",
          "value": 70.34087946000011
        }
      },
      {
        "reactor_utilization": {
          "shard": "5",
          "value": 82.055948840000354
        }
      },
      {
        "reactor_utilization": {
          "shard": "6",
          "value": 87.564111579999718
        }
      },
      {
        "reactor_utilization": {
          "shard": "7",
          "value": 83.903535579999755
        }
      }
    ]
  },
  {
    "metrics": [
      {
        "reactor_utilization": {
          "shard": "0",
          "value": 98.939107400000253
        }
      },
      {
        "reactor_utilization": {
          "shard": "1",
          "value": 82.436447819999941
        }
      },
      {
        "reactor_utilization": {
          "shard": "2",
          "value": 91.011526279999757
        }
      },
      {
        "reactor_utilization": {
          "shard": "3",
          "value": 97.363534619999996
        }
      },
      {
        "reactor_utilization": {
          "shard": "4",
          "value": 76.870958940000108
        }
      },
      {
        "reactor_utilization": {
          "shard": "5",
          "value": 94.428091220000368
        }
      },
      {
        "reactor_utilization": {
          "shard": "6",
          "value": 89.042608539999719
        }
      },
      {
        "reactor_utilization": {
          "shard": "7",
          "value": 86.597943199999747
        }
      }
    ]
  },
  {
    "metrics": [
      {
        "reactor_utilization": {
          "shard": "0",
          "value": 94.715235780000256
        }
      },
      {
        "reactor_utilization": {
          "shard": "1",
          "value": 88.771437639999945
        }
      },
      {
        "reactor_utilization": {
          "shard": "2",
          "value": 84.338546939999759
        }
      },
      {
        "reactor_utilization": {
          "shard": "3",
          "value": 94.386175899999998
        }
      },
      {
        "reactor_utilization": {
          "shard": "4",
          "value": 97.371948420000109
        }
      },
      {
        "reactor_utilization": {
          "shard": "5",
          "value": 87.27291234000036
        }
      },
      {
        "reactor_utilization": {
          "shard": "6",
          "value": 77.219946019999711
        }
      },
      {
        "reactor_utilization": {
          "shard": "7",
          "value": 83.180289459999756
        }
      }
    ]
  },
  {
    "metrics": [
      {
        "reactor_utilization": {
          "shard": "0",
          "value": 91.194637360000257
        }
      },
      {
        "reactor_utilization": {
          "shard": "1",
          "value": 68.797717939999941
        }
      },
      {
        "reactor_utilization": {
          "shard": "2",
          "value": 79.264120979999745
        }
      },
      {
        "reactor_utilization": {
          "shard": "3",
          "value": 93.448766639999988
        }
      },
      {
        "reactor_utilization": {
          "shard": "4",
          "value": 91.580299780000104
        }
      },
      {
        "reactor_utilization": {
          "shard": "5",
          "value": 88.366238960000359
        }
      },
      {
        "reactor_utilization": {
          "shard": "6",
          "value": 88.283022719999721
        }
      },
      {
        "reactor_utilization": {
          "shard": "7",
          "value": 86.208830719999753
        }
      }
    ]
  },
  {
    "metrics": [
      {
        "reactor_utilization": {
          "shard": "0",
          "value": 85.477850840000258
        }
      },
      {
        "reactor_utilization": {
          "shard": "1",
          "value": 87.809547459999919
        }
      },
      {
        "reactor_utilization": {
          "shard": "2",
          "value": 87.79464331999975
        }
      },
      {
        "reactor_utilization": {
          "shard": "3",
          "value": 92.442516279999992
        }
      },
      {
        "reactor_utilization": {
          "shard": "4",
          "value": 78.477112240000096
        }
      },
      {
        "reactor_utilization": {
          "shard": "5",
          "value": 90.28461010000035
        }
      },
      {
        "reactor_utilization": {
          "shard": "6",
          "value": 90.44337317999971
        }
      },
      {
        "reactor_utilization": {
          "shard": "7",
          "value": 84.849475699999743
        }
      }
    ]
  },
  {
    "metrics": [
      {
        "reactor_utilization": {
          "shard": "0",
          "value": 71.52438184000026
        }
      },
      {
        "reactor_utilization": {
          "shard": "1",
          "value": 78.470008739999926
        }
      },
      {
        "reactor_utilization": {
          "shard": "2",
          "value": 98.401499259999753
        }
      },
      {
        "reactor_utilization": {
          "shard": "3",
          "value": 98.577197799999993
        }
      },
      {
        "reactor_utilization": {
          "shard": "4",
          "value": 74.055850700000107
        }
      },
      {
        "reactor_utilization": {
          "shard": "5",
          "value": 86.874527200000358
        }
      },
      {
        "reactor_utilization": {
          "shard": "6",
          "value": 83.531043099999707
        }
      },
      {
        "reactor_utilization": {
          "shard": "7",
          "value": 73.400162779999746
        }
      }
    ]
  },
  {
    "metrics": [
      {
        "reactor_utilization": {
          "shard": "0",
          "value": 93.680371560000268
        }
      },
      {
        "reactor_utilization": {
          "shard": "1",
          "value": 74.09684795999992
        }
      },
      {
        "reactor_utilization": {
          "shard": "2",
          "value": 87.861828819999758
        }
      },
      {
        "reactor_utilization": {
          "shard": "3",
          "value": 98.99856041999999
        }
      },
      {
        "reactor_utilization": {
          "shard": "4",
          "value": 74.930831480000109
        }
      },
      {
        "reactor_utilization": {
          "shard": "5",
          "value": 88.495352220000356
        }
      },
      {
        "reactor_utilization": {
          "shard": "6",
          "value": 81.653645379999702
        }
      },
      {
        "reactor_utilization": {
          "shard": "7",
          "value": 86.056966039999736
        }
      }
    ]
  },
  {
    "metrics": [
      {
        "reactor_utilization": {
          "shard": "0",
          "value": 87.236104800000263
        }
      },
      {
        "reactor_utilization": {
          "shard": "1",
          "value": 78.560802319999922
        }
      },
      {
        "reactor_utilization": {
          "shard": "2",
          "value": 82.731338299999749
        }
      },
      {
        "reactor_utilization": {
          "shard": "3",
          "value": 88.95260648
        }
      },
      {
        "reactor_utilization": {
          "shard": "4",
          "value": 82.364205100000106
        }
      },
      {
        "reactor_utilization": {
          "shard": "5",
          "value": 95.407329760000366
        }
      },
      {
        "reactor_utilization": {
          "shard": "6",
          "value": 92.005567059999706
        }
      },
      {
        "reactor_utilization": {
          "shard": "7",
          "value": 89.468910139999736
        }
      }
    ]
  },
  {
    "metrics": [
      {
        "reactor_utilization": {
          "shard": "0",
          "value": 89.891519400000263
        }
      },
      {
        "reactor_utilization": {
          "shard": "1",
          "value": 69.726141519999928
        }
      },
      {
        "reactor_utilization": {
          "shard": "2",
          "value": 95.023084639999738
        }
      },
      {
        "reactor_utilization": {
          "shard": "3",
          "value": 97.022599959999994
        }
      },
      {
        "reactor_utilization": {
          "shard": "4",
          "value": 83.429584900000094
        }
      },
      {
        "reactor_utilization": {
          "shard": "5",
          "value": 89.90010154000035
        }
      },
      {
        "reactor_utilization": {
          "shard": "6",
          "value": 94.007396139999713
        }
      },
      {
        "reactor_utilization": {
          "shard": "7",
          "value": 92.799100799999749
        }
      }
    ]
  }
]
