[
  {
    "metrics": [
      {
        "reactor_utilization": {
          "shard": "0",
          "value": 88.67213886000016
        }
      },
      {
        "reactor_utilization": {
          "shard": "1",
          "value": 79.893762619999791
        }
      },
      {
        "reactor_utilization": {
          "shard": "2",
          "value": 83.505785419999896
        }
      },
      {
        "reactor_utilization": {
          "shard": "3",
          "value": 89.043693499999918
        }
      },
      {
        "reactor_utilization": {
          "shard": "4",
          "value": 74.607952039999972
        }
      },
      {
        "reactor_utilization": {
          "shard": "5",
          "value": 75.6110418800003
        }
      },
      {
        "reactor_utilization": {
          "shard": "6",
          "value": 82.961021819999686
        }
      },
      {
        "reactor_utilization": {
          "shard": "7",
          "value": 84.652891359999799
        }
      }
    ]
  },
  {
    "metrics": [
      {
        "reactor_utilization": {
          "shard": "0",
          "value": 92.583343480000167
        }
      },
      {
        "reactor_utilization": {
          "shard": "1",
          "value": 85.916178099999811
        }
      },
      {
        "reactor_utilization": {
          "shard": "2",
          "value": 69.470712739999883
        }
      },
      {
        "reactor_utilization": {
          "shard": "3",
          "value": 71.744612619999913
        }
      },
      {
        "reactor_utilization": {
          "shard": "4",
          "value": 79.588324559999961
        }
      },
      {
        "reactor_utilization": {
          "shard": "5",
          "value": 86.808481540000315
        }
      },
      {
        "reactor_utilization": {
          "shard": "6",
          "value": 90.423817439999681
        }
      },
      {
        "reactor_utilization": {
          "shard": "7",
          "value": 68.431563239999804
        }
      }
    ]
  },
  {
    "metrics": [
      {
        "reactor_utilization": {
          "shard": "0",
          "value": 73.935068140000169
        }
      },
      {
        "reactor_utilization": {
          "shard": "1",
          "value": 90.349626879999803
        }
      },
      {
        "reactor_utilization": {
          "shard": "2",
          "value": 85.917638539999871
        }
      },
      {
        "reactor_utilization": {
          "shard": "3",
          "value": 78.874048679999916
        }
      },
      {
        "reactor_utilization": {
          "shard": "4",
          "value": 67.167699959999965
        }
      },
      {
        "reactor_utilization": {
          "shard": "5",
          "value": 90.026147680000307
        }
      },
      {
        "reactor_utilization": {
          "shard": "6",
          "value": 75.240266459999688
        }
      },
      {
        "reactor_utilization": {
          "shard": "7",
          "value": 83.412166919999791
        }
      }
    ]
  },
  {
    "metrics": [
      {
        "reactor_utilization": {
          "shard": "0",
          "value": 86.990354500000166
        }
      },
      {
        "reactor_utilization": {
          "shard": "1",
          "value": 90.437147159999796
        }
      },
      {
        "reactor_utilization": {
          "shard": "2",
          "value": 79.546350979999886
        }
      },
      {
        "reactor_utilization": {
          "shard": "3",
          "value": 78.82433757999992
        }
      },
      {
        "reactor_utilization": {
          "shard": "4",
          "value": 73.088120799999956
        }
      },
      {
        "reactor_utilization": {
          "shard": "5",
          "value": 68.007186280000312
        }
      },
      {
        "reactor_utilization": {
          "shard": "6",
          "value": 85.267856479999679
        }
      },
      {
        "reactor_utilization": {
          "shard": "7",
          "value": 88.118931559999808
        }
      }
    ]
  },
  {
    "metrics": [
      {
        "reactor_utilization": {
          "shard": "0",
          "value": 93.601762600000157
        }
      },
      {
        "reactor_utilization": {
          "shard": "1",
          "value": 76.192746479999812
        }
      },
      {
        "reactor_utilization": {
          "shard": "2",
          "value": 88.568699759999873
        }
      },
      {
        "reactor_utilization": {
          "shard": "3",
          "value": 87.874034439999917
        }
      },
      {
        "reactor_utilization": {
          "shard": "4",
          "value": 68.438044699999949
        }
      },
      {
        "reactor_utilization": {
          "shard": "5",
          "value": 70.109575500000318
        }
      },
      {
        "reactor_utilization": {
          "shard": "6",
          "value": 78.802634919999676
        }
      },
      {
        "reactor_utilization": {
          "shard": "7",
          "value": 93.432348459999801
        }
      }
    ]
  },
  {
    "metrics": [
      {
        "reactor_utilization": {
          "shard": "0",
          "value": 87.371159820000173
        }
      },
      {
        "reactor_utilization": {
          "shard": "1",
          "value": 88.337672839999797
        }
      },
      {
        "reactor_utilization": {
          "shard": "2",
          "value": 79.820363879999874
        }
      },
      {
        "reactor_utilization": {
          "shard": "3",
          "value": 89.284538119999908
        }
      },
      {
        "reactor_utilization": {
          "shard": "4",
          "value": 81.147968159999948
        }
      },
      {
        "reactor_utilization": {
          "shard": "5",
          "value": 86.322490780000322
        }
      },
      {
        "reactor_utilization": {
          "shard": "6",
          "value": 87.444267819999681
        }
      },
      {
        "reactor_utilization": {
          "shard": "7",
          "value": 87.367308099999804
        }
      }
    ]
  },
  {
    "metrics": [
      {
        "reactor_utilization": {
          "shard": "0",
          "value": 88.885661160000168
        }
      },
      {
        "reactor_utilization": {
          "shard": "1",
          "value": 79.654398079999794
        }
      },
      {
        "reactor_utilization": {
          "shard": "2",
          "value": 81.760916419999873
        }
      },
      {
        "reactor_utilization": {
          "shard": "3",
          "value": 90.208249999999907
        }
      },
      {
        "reactor_utilization": {
          "shard": "4",
          "value": 73.400684879999957
        }
      },
      {
        "reactor_utilization": {
          "shard": "5",
          "value": 85.00483394000031
        }
      },
      {
        "reactor_utilization": {
          "shard": "6",
          "value": 86.545931859999683
        }
      },
      {
        "reactor_utilization": {
          "shard": "7",
          "value": 87.229458539999811
        }
      }
    ]
  },
  {
    "metrics": [
      {
        "reactor_utilization": {
          "shard": "0",
          "value": 79.215205520000168
        }
      },
      {
        "reactor_utilization": {
          "shard": "1",
          "value": 79.136172059999808
        }
      },
      {
        "reactor_utilization": {
          "shard": "2",
          "value": 70.369486619999876
        }
      },
      {
        "reactor_utilization": {
          "shard": "3",
          "value": 72.171127459999923
        }
      },
      {
        "reactor_utilization": {
          "shard": "4",
          "value": 81.346153099999938
        }
      },
      {
        "reactor_utilization": {
          "shard": "5",
          "value": 82.603226420000325
        }
      },
      {
        "reactor_utilization": {
          "shard": "6",
          "value": 82.083444379999676
        }
      },
      {
        "reactor_utilization": {
          "shard": "7",
          "value": 91.261245719999806
        }
      }
    ]
  },
  {
    "metrics": [
      {
        "reactor_utilization": {
          "shard": "0",
          "value": 88.579562640000177
        }
      },
      {
        "reactor_utilization": {
          "shard": "1",
          "value": 89.783397599999802
        }
      },
      {
        "reactor_utilization": {
          "shard": "2",
          "value": 76.784262139999882
        }
      },
      {
        "reactor_utilization": {
          "shard": "3",
          "value": 80.071040379999914
        }
      },
      {
        "reactor_utilization": {
          "shard": "4",
          "value": 76.561862379999937
        }
      },
      {
        "reactor_utilization": {
          "shard": "5",
          "value": 89.089631720000312
        }
      },
      {
        "reactor_utilization": {
          "shard": "6",
          "value": 95.83796717999968
        }
      },
      {
        "reactor_utilization": {
          "shard": "7",
          "value": 89.805864319999813
        }
      }
    ]
  },
  {
    "metrics": [
      {
        "reactor_utilization": {
          "shard": "0",
          "value": 93.430844540000166
        }
      },
      {
        "reactor_utilization": {
          "shard": "1",
          "value": 92.467499879999806
        }
      },
      {
        "reactor_utilization": {
          "shard": "2",
          "value": 75.681184579999879
        }
      },
      {
        "reactor_utilization": {
          "shard": "3",
          "value": 85.33057653999991
        }
      },
      {
        "reactor_utilization": {
          "shard": "4",
          "value": 74.959095039999937
        }
      },
      {
        "reactor_utilization": {
          "shard": "5",
          "value": 76.385611200000312
        }
      },
      {
        "reactor_utilization": {
          "shard": "6",
          "value": 85.13269291999967
        }
      },
      {
        "reactor_utilization": {
          "shard": "7",
          "value": 81.454915659999799
        }
      }
    ]
  },
  {
    "metrics": [
      {
        "reactor_utilization": {
          "shard": "0",
          "value": 79.286494460000171
        }
      },
      {
        "reactor_utilization": {
          "shard": "1",
          "value": 92.031291519999797
        }
      },
      {
        "reactor_utilization": {
          "shard": "2",
          "value": 88.640418259999876
        }
      },
      {
        "reactor_utilization": {
          "shard": "3",
          "value": 81.134085919999904
        }
      },
      {
        "reactor_utilization": {
          "shard": "4",
          "value": 83.632016159999949
        }
      },
      {
        "reactor_utilization": {
          "shard": "5",
          "value": 92.839994740000321
        }
      },
      {
        "reactor_utilization": {
          "shard": "6",
          "value": 83.268280699999693
        }
      },
      {
        "reactor_utilization": {
          "shard": "7",
          "value": 89.079637619999801
        }
      }
    ]
  },
  {
    "metrics": [
      {
        "reactor_utilization": {
          "shard": "0",
          "value": 76.183612700000168
        }
      },
      {
        "reactor_utilization": {
          "shard": "1",
          "value": 76.0138842799998
        }
      },
      {
        "reactor_utilization": {
          "shard": "2",
          "value": 86.643163939999866
        }
      },
      {
        "reactor_utilization": {
          "shard": "3",
          "value": 90.068652859999915
        }
      },
      {
        "reactor_utilization": {
          "shard": "4",
          "value": 83.186321019999937
        }
      },
      {
        "reactor_utilization": {
          "shard": "5",
          "value": 80.389171640000328
        }
      },
      {
        "reactor_utilization": {
          "shard": "6",
          "value": 97.898523379999673
        }
      },
      {
        "reactor_utilization": {
          "shard": "7",
          "value": 74.826774639999798
        }
      }
    ]
  },
  {
    "metrics": [
      {
        "reactor_utilization": {
          "shard": "0",
          "value": 77.880665800000173
        }
      },
      {
        "reactor_utilization": {
          "shard": "1",
          "value": 90.974881239999789
        }
      },
      {
        "reactor_utilization": {
          "shard": "2",
          "value": 88.484208039999871
        }
      },
      {
        "reactor_utilization": {
          "shard": "3",
          "value": 79.360864379999924
        }
      },
      {
        "reactor_utilization": {
          "shard": "4",
          "value": 66.785897659999932
        }
      },
      {
        "reactor_utilization": {
          "shard": "5",
          "value": 80.445719020000325
        }
      },
      {
        "reactor_utilization": {
          "shard": "6",
          "value": 78.235468179999685
        }
      },
      {
        "reactor_utilization": {
          "shard": "7",
          "value": 86.824333539999813
        }
      }
    ]
  },
  {
    "metrics": [
      {
        "reactor_utilization": {
          "shard": "0",
          "value": 79.235632980000176
        }
      },
      {
        "reactor_utilization": {
          "shard": "1",
          "value": 90.849989779999802
        }
      },
      {
        "reactor_utilization": {
          "shard": "2",
          "value": 77.412969239999867
        }
      },
      {
        "reactor_utilization": {
          "shard": "3",
          "value": 72.003999239999914
        }
      },
      {
        "reactor_utilization": {
          "shard": "4",
          "value": 77.139450959999934
        }
      },
      {
        "reactor_utilization": {
          "shard": "5",
          "value": 88.198349700000321
        }
      },
      {
        "reactor_utilization": {
          "shard": "6",
          "value": 67.725245119999684
        }
      },
      {
        "reactor_utilization": {
          "shard": "7",
          "value": 83.630591139999808
        }
      }
    ]
  },
  {
    "metrics": [
      {
        "reactor_utilization": {
          "shard": "0",
          "value": 84.717053860000163
        }
      },
      {
        "reactor_utilization": {
          "shard": "1",
          "value": 80.898861479999809
        }
      },
      {
        "reactor_utilization": {
          "shard": "2",
          "value": 83.656191899999882
        }
      },
      {
        "reactor_utilization": {
          "shard": "3",
          "value": 84.014360639999921
        }
      },
      {
        "reactor_utilization": {
          "shard": "4",
          "value": 78.494808419999941
        }
      },
      {
        "reactor_utilization": {
          "shard": "5",
          "value": 91.241171560000325
        }
      },
      {
        "reactor_utilization": {
          "shard": "6",
          "value": 87.091344819999676
        }
      },
      {
        "reactor_utilization": {
          "shard": "7",
          "value": 86.147552119999801
        }
      }
    ]
  },
  {
    "metrics": [
      {
        "reactor_utilization": {
          "shard": "0",
          "value": 84.296680240000171
        }
      },
      {
        "reactor_utilization": {
          "shard": "1",
          "value": 72.618864559999793
        }
      },
      {
        "reactor_utilization": {
          "shard": "2",
          "value": 82.16106723999988
        }
      },
      {
        "reactor_utilization": {
          "shard": "3",
          "value": 81.126457139999914
        }
      },
      {
        "reactor_utilization": {
          "shard": "4",
          "value": 77.376569839999945
        }
      },
      {
        "reactor_utilization": {
          "shard": "5",
          "value": 97.866906500000326
        }
      },
      {
        "reactor_utilization": {
          "shard": "6",
          "value": 79.413064279999674
        }
      },
      {
        "reactor_utilization": {
          "shard": "7",
          "value": 76.181515319999804
        }
      }
    ]
  },
  {
    "metrics": [
      {
        "reactor_utilization": {
          "shard": "0",
          "value": 78.746031280000167
        }
      },
      {
        "reactor_utilization": {
          "shard": "1",
          "value": 83.434316839999795
        }
      },
      {
        "reactor_utilization": {
          "shard": "2",
          "value": 81.777460659999875
        }
      },
      {
        "reactor_utilization": {
          "shard": "3",
          "value": 81.65490185999991
        }
      },
      {
        "reactor_utilization": {
          "shard": "4",
          "value": 81.806495739999946
        }
      },
      {
        "reactor_utilization": {
          "shard": "5",
          "value": 89.863487400000324
        }
      },
      {
        "reactor_utilization": {
          "shard": "6",
          "value": 79.894559559999692
        }
      },
      {
        "reactor_utilization": {
          "shard": "7",
          "value": 93.05501393999981
        }
      }
    ]
  },
  {
    "metrics": [
      {
        "reactor_utilization": {
          "shard": "0",
          "value": 73.330974760000174
        }
      },
      {
        "reactor_utilization": {
          "shard": "1",
          "value": 80.767719859999801
        }
      },
      {
        "reactor_utilization": {
          "shard": "2",
          "value": 81.882827099999872
        }
      },
      {
        "reactor_utilization": {
          "shard": "3",
          "value": 91.30078539999991
        }
      },
      {
        "reactor_utilization": {
          "shard": "4",
          "value": 80.012129779999938
        }
      },
      {
        "reactor_utilization": {
          "shard": "5",
          "value": 86.879842200000326
        }
      },
      {
        "reactor_utilization": {
          "shard": "6",
          "value": 90.7538534199997
        }
      },
      {
        "reactor_utilization": {
          "shard": "7",
          "value": 89.906110019999801
        }
      }
    ]
  },
  {
    "metrics": [
      {
        "reactor_utilization": {
          "shard": "0",
          "value": 82.612914660000172
        }
      },
      {
        "reactor_utilization": {
          "shard": "1",
          "value": 82.14636867999981
        }
      },
      {
        "reactor_utilization": {
          "shard": "2",
          "value": 80.906465679999869
        }
      },
      {
        "reactor_utilization": {
          "shard": "3",
          "value": 89.537913939999896
        }
      },
      {
        "reactor_utilization": {
          "shard": "4",
          "value": 74.852642759999938
        }
      },
      {
        "reactor_utilization": {
          "shard": "5",
          "value": 81.104108500000322
        }
      },
      {
        "reactor_utilization": {
          "shard": "6",
          "value": 91.773235839999685
        }
      },
      {
        "reactor_utilization": {
          "shard": "7",
          "value": 91.520117359999801
        }
      }
    ]
  },
  {
    "metrics": [
      {
        "reactor_utilization": {
          "shard": "0",
          "value": 86.03191960000018
        }
      },
      {
        "reactor_utilization": {
          "shard": "1",
          "value": 88.998794379999808
        }
      },
      {
        "reactor_utilization": {
          "shard": "2",
          "value": 71.624698599999874
        }
      },
      {
        "reactor_utilization": {
          "shard": "3",
          "value": 84.1960771399999
        }
      },
      {
        "reactor_utilization": {
          "shard": "4",
          "value": 88.436354839999936
        }
      },
      {
        "reactor_utilization": {
          "shard": "5",
          "value": 68.44134020000034
        }
      },
      {
        "reactor_utilization": {
          "shard": "6",
          "value": 81.571182299999691
        }
      },
      {
        "reactor_utilization": {
          "shard": "7",
          "value": 92.159043739999802
        }
      }
    ]
  },
  {
    "metrics": [
      {
        "reactor_utilization": {
          "shard": "0",
          "value": 90.501660420000178
        }
      },
      {
        "reactor_utilization": {
          "shard": "1",
          "value": 88.276789199999797
        }
      },
      {
        "reactor_utilization": {
          "shard": "2",
          "value": 77.442022539999883
        }
      },
      {
        "reactor_utilization": {
          "shard": "3",
          "value": 84.9365182599999
        }
      },
      {
        "reactor_utilization": {
          "shard": "4",
          "value": 75.515904699999936
        }
      },
      {
        "reactor_utilization": {
          "shard": "5",
          "value": 90.650414760000331
        }
      },
      {
        "reactor_utilization": {
          "shard": "6",
          "value": 80.055630539999683
        }
      },
      {
        "reactor_utilization": {
          "shard": "7",
          "value": 82.387446939999805
        }
      }
    ]
  },
  {
    "metrics": [
      {
        "reactor_utilization": {
          "shard": "0",
          "value": 91.407530600000172
        }
      },
      {
        "reactor_utilization": {
          "shard": "1",
          "value": 64.851974359999787
        }
      },
      {
        "reactor_utilization": {
          "shard": "2",
          "value": 74.436312059999878
        }
      },
      {
        "reactor_utilization": {
          "shard": "3",
          "value": 83.499808359999903
        }
      },
      {
        "reactor_utilization": {
          "shard": "4",
          "value": 87.041988459999942
        }
      },
      {
        "reactor_utilization": {
          "shard": "5",
          "value": 96.289110040000338
        }
      },
      {
        "reactor_utilization": {
          "shard": "6",
          "value": 82.684433699999687
        }
      },
      {
        "reactor_utilization": {
          "shard": "7",
          "value": 80.312629039999806
        }
      }
    ]
  },
  {
    "metrics": [
      {
        "reactor_utilization": {
          "shard": "0",
          "value": 84.756647760000163
        }
      },
      {
        "reactor_utilization": {
          "shard": "1",
          "value": 79.093740319999782
        }
      },
      {
        "reactor_utilization": {
          "shard": "2",
          "value": 73.106165519999877
        }
      },
      {
        "reactor_utilization": {
          "shard": "3",
          "value": 93.475896779999914
        }
      },
      {
        "reactor_utilization": {
          "shard": "4",
          "value": 70.989121039999944
        }
      },
      {
        "reactor_utilization": {
          "shard": "5",
          "value": 75.745289000000326
        }
      },
      {
        "reactor_utilization": {
          "shard": "6",
          "value": 71.531625279999687
        }
      },
      {
        "reactor_utilization": {
          "shard": "7",
          "value": 85.644356759999809
        }
      }
    ]
  },
  {
    "metrics": [
      {
        "reactor_utilization": {
          "shard": "0",
          "value": 91.538523680000168
        }
      },
      {
        "reactor_utilization": {
          "shard": "1",
          "value": 80.654776219999789
        }
      },
      {
        "reactor_utilization": {
          "shard": "2",
          "value": 82.689686319999879
        }
      },
      {
        "reactor_utilization": {
          "shard": "3",
          "value": 79.494104659999905
        }
      },
      {
        "reactor_utilization": {
          "shard": "4",
          "value": 75.76571593999995
        }
      },
      {
        "reactor_utilization": {
          "shard": "5",
          "value": 91.504076440000333
        }
      },
      {
        "reactor_utilization": {
          "shard": "6",
          "value": 88.082581899999695
        }
      },
      {
        "reactor_utilization": {
          "shard": "7",
          "value": 92.724307539999813
        }
      }
    ]
  }
]
