[
  {
    "metrics": [
      {
        "reactor_utilization": {
          "shard": "0",
          "value": 77.411117520000133
        }
      },
      {
        "reactor_utilization": {
          "shard": "1",
          "value": 68.731941799999774
        }
      },
      {
        "reactor_utilization": {
          "shard": "2",
          "value": 82.831064439999906
        }
      },
      {
        "reactor_utilization": {
          "shard": "3",
          "value": 90.622066679999918
        }
      },
      {
        "reactor_utilization": {
          "shard": "4",
          "value": 77.099688260000022
        }
      },
      {
        "reactor_utilization": {
          "shard": "5",
          "value": 80.359243800000286
        }
      },
      {
        "reactor_utilization": {
          "shard": "6",
          "value": 76.933316279999687
        }
      },
      {
        "reactor_utilization": {
          "shard": "7",
          "value": 67.908524639999811
        }
      }
    ]
  },
  {
    "metrics": [
      {
        "reactor_utilization": {
          "shard": "0",
          "value": 89.937365580000133
        }
      },
      {
        "reactor_utilization": {
          "shard": "1",
          "value": 94.064213079999774
        }
      },
      {
        "reactor_utilization": {
          "shard": "2",
          "value": 80.961239299999903
        }
      },
      {
        "reactor_utilization": {
          "shard": "3",
          "value": 76.936807579999922
        }
      },
      {
        "reactor_utilization": {
          "shard": "4",
          "value": 78.340310440000025
        }
      },
      {
        "reactor_utilization": {
          "shard": "5",
          "value": 91.130019520000289
        }
      },
      {
        "reactor_utilization": {
          "shard": "6",
          "value": 94.077326899999676
        }
      },
      {
        "reactor_utilization": {
          "shard": "7",
          "value": 82.72413213999981
        }
      }
    ]
  },
  {
    "metrics": [
      {
        "reactor_utilization": {
          "shard": "0",
          "value": 74.816556320000146
        }
      },
      {
        "reactor_utilization": {
          "shard": "1",
          "value": 79.633213659999768
        }
      },
      {
        "reactor_utilization": {
          "shard": "2",
          "value": 80.540138599999906
        }
      },
      {
        "reactor_utilization": {
          "shard": "3",
          "value": 88.119504059999926
        }
      },
      {
        "reactor_utilization": {
          "shard": "4",
          "value": 81.769942480000026
        }
      },
      {
        "reactor_utilization": {
          "shard": "5",
          "value": 89.602276420000294
        }
      },
      {
        "reactor_utilization": {
          "shard": "6",
          "value": 80.455348139999685
        }
      },
      {
        "reactor_utilization": {
          "shard": "7",
          "value": 97.53783697999981
        }
      }
    ]
  },
  {
    "metrics": [
      {
        "reactor_utilization": {
          "shard": "0",
          "value": 88.365847740000149
        }
      },
      {
        "reactor_utilization": {
          "shard": "1",
          "value": 89.790115759999765
        }
      },
      {
        "reactor_utilization": {
          "shard": "2",
          "value": 70.636610439999913
        }
      },
      {
        "reactor_utilization": {
          "shard": "3",
          "value": 69.229342999999915
        }
      },
      {
        "reactor_utilization": {
          "shard": "4",
          "value": 75.371395700000022
        }
      },
      {
        "reactor_utilization": {
          "shard": "5",
          "value": 76.236452520000284
        }
      },
      {
        "reactor_utilization": {
          "shard": "6",
          "value": 86.591326619999691
        }
      },
      {
        "reactor_utilization": {
          "shard": "7",
          "value": 92.399246099999814
        }
      }
    ]
  },
  {
    "metrics": [
      {
        "reactor_utilization": {
          "shard": "0",
          "value": 88.335493220000146
        }
      },
      {
        "reactor_utilization": {
          "shard": "1",
          "value": 78.51404839999978
        }
      },
      {
        "reactor_utilization": {
          "shard": "2",
          "value": 91.964683279999917
        }
      },
      {
        "reactor_utilization": {
          "shard": "3",
          "value": 94.058855499999922
        }
      },
      {
        "reactor_utilization": {
          "shard": "4",
          "value": 80.936924840000032
        }
      },
      {
        "reactor_utilization": {
          "shard": "5",
          "value": 89.696639460000299
        }
      },
      {
        "reactor_utilization": {
          "shard": "6",
          "value": 85.10500599999969
        }
      },
      {
        "reactor_utilization": {
          "shard": "7",
          "value": 88.673429899999803
        }
      }
    ]
  },
  {
    "metrics": [
      {
        "reactor_utilization": {
          "shard": "0",
          "value": 83.256912800000151
        }
      },
      {
        "reactor_utilization": {
          "shard": "1",
          "value": 89.979746919999769
        }
      },
      {
        "reactor_utilization": {
          "shard": "2",
          "value": 85.680351339999916
        }
      },
      {
        "reactor_utilization": {
          "shard": "3",
          "value": 91.80169431999991
        }
      },
      {
        "reactor_utilization": {
          "shard": "4",
          "value": 75.995045500000032
        }
      },
      {
        "reactor_utilization": {
          "shard": "5",
          "value": 63.021797740000295
        }
      },
      {
        "reactor_utilization": {
          "shard": "6",
          "value": 78.685523619999685
        }
      },
      {
        "reactor_utilization": {
          "shard": "7",
          "value": 79.765773339999797
        }
      }
    ]
  },
  {
    "metrics": [
      {
        "reactor_utilization": {
          "shard": "0",
          "value": 89.120647180000148
        }
      },
      {
        "reactor_utilization": {
          "shard": "1",
          "value": 87.430000199999768
        }
      },
      {
        "reactor_utilization": {
          "shard": "2",
          "value": 73.523227059999925
        }
      },
      {
        "reactor_utilization": {
          "shard": "3",
          "value": 91.795235159999905
        }
      },
      {
        "reactor_utilization": {
          "shard": "4",
          "value": 77.687301660000017
        }
      },
      {
        "reactor_utilization": {
          "shard": "5",
          "value": 75.641985100000312
        }
      },
      {
        "reactor_utilization": {
          "shard": "6",
          "value": 76.751751259999693
        }
      },
      {
        "reactor_utilization": {
          "shard": "7",
          "value": 76.170178879999796
        }
      }
    ]
  },
  {
    "metrics": [
      {
        "reactor_utilization": {
          "shard": "0",
          "value": 92.602866560000152
        }
      },
      {
        "reactor_utilization": {
          "shard": "1",
          "value": 70.614802999999782
        }
      },
      {
        "reactor_utilization": {
          "shard": "2",
          "value": 71.830053899999896
        }
      },
      {
        "reactor_utilization": {
          "shard": "3",
          "value": 66.683541279999901
        }
      },
      {
        "reactor_utilization": {
          "shard": "4",
          "value": 77.151749720000012
        }
      },
      {
        "reactor_utilization": {
          "shard": "5",
          "value": 84.66236892000029
        }
      },
      {
        "reactor_utilization": {
          "shard": "6",
          "value": 82.613602979999683
        }
      },
      {
        "reactor_utilization": {
          "shard": "7",
          "value": 94.250867519999787
        }
      }
    ]
  },
  {
    "metrics": [
      {
        "reactor_utilization": {
          "shard": "0",
          "value": 68.674993120000153
        }
      },
      {
        "reactor_utilization": {
          "shard": "1",
          "value": 84.504742359999767
        }
      },
      {
        "reactor_utilization": {
          "shard": "2",
          "value": 86.6388260599999
        }
      },
      {
        "reactor_utilization": {
          "shard": "3",
          "value": 82.499099159999901
        }
      },
      {
        "reactor_utilization": {
          "shard": "4",
          "value": 93.75167088000002
        }
      },
      {
        "reactor_utilization": {
          "shard": "5",
          "value": 91.20662150000031
        }
      },
      {
        "reactor_utilization": {
          "shard": "6",
          "value": 89.514177219999681
        }
      },
      {
        "reactor_utilization": {
          "shard": "7",
          "value": 85.830852499999793
        }
      }
    ]
  },
  {
    "metrics": [
      {
        "reactor_utilization": {
          "shard": "0",
          "value": 76.423895480000141
        }
      },
      {
        "reactor_utilization": {
          "shard": "1",
          "value": 85.799588919999763
        }
      },
      {
        "reactor_utilization": {
          "shard": "2",
          "value": 74.198762739999907
        }
      },
      {
        "reactor_utilization": {
          "shard": "3",
          "value": 72.69773053999991
        }
      },
      {
        "reactor_utilization": {
          "shard": "4",
          "value": 74.737217420000007
        }
      },
      {
        "reactor_utilization": {
          "shard": "5",
          "value": 79.203603080000306
        }
      },
      {
        "reactor_utilization": {
          "shard": "6",
          "value": 95.988521639999675
        }
      },
      {
        "reactor_utilization": {
          "shard": "7",
          "value": 90.253722519999798
        }
      }
    ]
  },
  {
    "metrics": [
      {
        "reactor_utilization": {
          "shard": "0",
          "value": 92.349970140000153
        }
      },
      {
        "reactor_utilization": {
          "shard": "1",
          "value": 93.351908459999777
        }
      },
      {
        "reactor_utilization": {
          "shard": "2",
          "value": 83.824521039999908
        }
      },
      {
        "reactor_utilization": {
          "shard": "3",
          "value": 76.65765933999991
        }
      },
      {
        "reactor_utilization": {
          "shard": "4",
          "value": 77.21029178000002
        }
      },
      {
        "reactor_utilization": {
          "shard": "5",
          "value": 83.6161295200003
        }
      },
      {
        "reactor_utilization": {
          "shard": "6",
          "value": 81.442068719999682
        }
      },
      {
        "reactor_utilization": {
          "shard": "7",
          "value": 81.616903839999793
        }
      }
    ]
  },
  {
    "metrics": [
      {
        "reactor_utilization": {
          "shard": "0",
          "value": 78.565528140000154
        }
      },
      {
        "reactor_utilization": {
          "shard": "1",
          "value": 83.212351359999772
        }
      },
      {
        "reactor_utilization": {
          "shard": "2",
          "value": 83.202400859999898
        }
      },
      {
        "reactor_utilization": {
          "shard": "3",
          "value": 79.940983519999904
        }
      },
      {
        "reactor_utilization": {
          "shard": "4",
          "value": 87.587473160000016
        }
      },
      {
        "reactor_utilization": {
          "shard": "5",
          "value": 78.385228840000295
        }
      },
      {
        "reactor_utilization": {
          "shard": "6",
          "value": 82.26788499999968
        }
      },
      {
        "reactor_utilization": {
          "shard": "7",
          "value": 79.969123979999793
        }
      }
    ]
  },
  {
    "metrics": [
      {
        "reactor_utilization": {
          "shard": "0",
          "value": 80.098642060000145
        }
      },
      {
        "reactor_utilization": {
          "shard": "1",
          "value": 79.307094419999785
        }
      },
      {
        "reactor_utilization": {
          "shard": "2",
          "value": 77.621977779999909
        }
      },
      {
        "reactor_utilization": {
          "shard": "3",
          "value": 88.728787779999905
        }
      },
      {
        "reactor_utilization": {
          "shard": "4",
          "value": 71.524602000000016
        }
      },
      {
        "reactor_utilization": {
          "shard": "5",
          "value": 88.418804480000304
        }
      },
      {
        "reactor_utilization": {
          "shard": "6",
          "value": 80.121855939999676
        }
      },
      {
        "reactor_utilization": {
          "shard": "7",
          "value": 82.455548979999804
        }
      }
    ]
  },
  {
    "metrics": [
      {
        "reactor_utilization": {
          "shard": "0",
          "value": 62.079348680000145
        }
      },
      {
        "reactor_utilization": {
          "shard": "1",
          "value": 77.272594019999772
        }
      },
      {
        "reactor_utilization": {
          "shard": "2",
          "value": 79.814406459999915
        }
      },
      {
        "reactor_utilization": {
          "shard": "3",
          "value": 84.6959263399999
        }
      },
      {
        "reactor_utilization": {
          "shard": "4",
          "value": 86.107539160000016
        }
      },
      {
        "reactor_utilization": {
          "shard": "5",
          "value": 94.478729680000299
        }
      },
      {
        "reactor_utilization": {
          "shard": "6",
          "value": 73.123903279999695
        }
      },
      {
        "reactor_utilization": {
          "shard": "7",
          "value": 80.418344939999798
        }
      }
    ]
  },
  {
    "metrics": [
      {
        "reactor_utilization": {
          "shard": "0",
          "value": 80.024502060000131
        }
      },
      {
        "reactor_utilization": {
          "shard": "1",
          "value": 86.850085959999774
        }
      },
      {
        "reactor_utilization": {
          "shard": "2",
          "value": 82.451933819999908
        }
      },
      {
        "reactor_utilization": {
          "shard": "3",
          "value": 70.549440479999916
        }
      },
      {
        "reactor_utilization": {
          "shard": "4",
          "value": 82.612290120000026
        }
      },
      {
        "reactor_utilization": {
          "shard": "5",
          "value": 93.176850780000308
        }
      },
      {
        "reactor_utilization": {
          "shard": "6",
          "value": 86.732647959999682
        }
      },
      {
        "reactor_utilization": {
          "shard": "7",
          "value": 86.359779059999795
        }
      }
    ]
  },
  {
    "metrics": [
      {
        "reactor_utilization": {
          "shard": "0",
          "value": 77.954477040000143
        }
      },
      {
        "reactor_utilization": {
          "shard": "1",
          "value": 79.541920019999779
        }
      },
      {
        "reactor_utilization": {
          "shard": "2",
          "value": 83.726170459999906
        }
      },
      {
        "reactor_utilization": {
          "shard": "3",
          "value": 79.366494499999902
        }
      },
      {
        "reactor_utilization": {
          "shard": "4",
          "value": 87.053321520000011
        }
      },
      {
        "reactor_utilization": {
          "shard": "5",
          "value": 97.953009620000302
        }
      },
      {
        "reactor_utilization": {
          "shard": "6",
          "value": 89.147088339999684
        }
      },
      {
        "reactor_utilization": {
          "shard": "7",
          "value": 94.725566899999805
        }
      }
    ]
  },
  {
    "metrics": [
      {
        "reactor_utilization": {
          "shard": "0",
          "value": 78.186190000000138
        }
      },
      {
        "reactor_utilization": {
          "shard": "1",
          "value": 82.439925639999785
        }
      },
      {
        "reactor_utilization": {
          "shard": "2",
          "value": 93.066346799999906
        }
      },
      {
        "reactor_utilization": {
          "shard": "3",
          "value": 89.807609279999909
        }
      },
      {
        "reactor_utilization": {
          "shard": "4",
          "value": 74.27099388000002
        }
      },
      {
        "reactor_utilization": {
          "shard": "5",
          "value": 77.633217080000307
        }
      },
      {
        "reactor_utilization": {
          "shard": "6",
          "value": 84.579515759999694
        }
      },
      {
        "reactor_utilization": {
          "shard": "7",
          "value": 81.591962719999799
        }
      }
    ]
  },
  {
    "metrics": [
      {
        "reactor_utilization": {
          "shard": "0",
          "value": 63.731690520000143
        }
      },
      {
        "reactor_utilization": {
          "shard": "1",
          "value": 83.41881347999977
        }
      },
      {
        "reactor_utilization": {
          "shard": "2",
          "value": 78.126811539999906
        }
      },
      {
        "reactor_utilization": {
          "shard": "3",
          "value": 88.050600259999911
        }
      },
      {
        "reactor_utilization": {
          "shard": "4",
          "value": 74.819010280000015
        }
      },
      {
        "reactor_utilization": {
          "shard": "5",
          "value": 91.311524120000314
        }
      },
      {
        "reactor_utilization": {
          "shard": "6",
          "value": 78.569303599999685
        }
      },
      {
        "reactor_utilization": {
          "shard": "7",
          "value": 75.324648159999796
        }
      }
    ]
  },
  {
    "metrics": [
      {
        "reactor_utilization": {
          "shard": "0",
          "value": 93.057231460000139
        }
      },
      {
        "reactor_utilization": {
          "shard": "1",
          "value": 86.414212039999768
        }
      },
      {
        "reactor_utilization": {
          "shard": "2",
          "value": 71.752900139999909
        }
      },
      {
        "reactor_utilization": {
          "shard": "3",
          "value": 86.082466139999909
        }
      },
      {
        "reactor_utilization": {
          "shard": "4",
          "value": 80.436716300000029
        }
      },
      {
        "reactor_utilization": {
          "shard": "5",
          "value": 75.9857710200003
        }
      },
      {
        "reactor_utilization": {
          "shard": "6",
          "value": 84.06035781999968
        }
      },
      {
        "reactor_utilization": {
          "shard": "7",
          "value": 85.401384879999796
        }
      }
    ]
  },
  {
    "metrics": [
      {
        "reactor_utilization": {
          "shard": "0",
          "value": 65.509845540000143
        }
      },
      {
        "reactor_utilization": {
          "shard": "1",
          "value": 85.386108139999777
        }
      },
      {
        "reactor_utilization": {
          "shard": "2",
          "value": 79.364740899999902
        }
      },
      {
        "reactor_utilization": {
          "shard": "3",
          "value": 84.47657063999992
        }
      },
      {
        "reactor_utilization": {
          "shard": "4",
          "value": 77.351062420000019
        }
      },
      {
        "reactor_utilization": {
          "shard": "5",
          "value": 69.055977760000303
        }
      },
      {
        "reactor_utilization": {
          "shard": "6",
          "value": 87.136610039999681
        }
      },
      {
        "reactor_utilization": {
          "shard": "7",
          "value": 90.502765379999801
        }
      }
    ]
  },
  {
    "metrics": [
      {
        "reactor_utilization": {
          "shard": "0",
          "value": 83.661835940000145
        }
      },
      {
        "reactor_utilization": {
          "shard": "1",
          "value": 69.671161379999774
        }
      },
      {
        "reactor_utilization": {
          "shard": "2",
          "value": 76.620452979999911
        }
      },
      {
        "reactor_utilization": {
          "shard": "3",
          "value": 83.186684179999901
        }
      },
      {
        "reactor_utilization": {
          "shard": "4",
          "value": 86.107347900000008
        }
      },
      {
        "reactor_utilization": {
          "shard": "5",
          "value": 86.597962380000297
        }
      },
      {
        "reactor_utilization": {
          "shard": "6",
          "value": 74.652880539999686
        }
      },
      {
        "reactor_utilization": {
          "shard": "7",
          "value": 90.635974119999801
        }
      }
    ]
  },
  {
    "metrics": [
      {
        "reactor_utilization": {
          "shard": "0",
          "value": 96.357736560000134
        }
      },
      {
        "reactor_utilization": {
          "shard": "1",
          "value": 79.015609039999774
        }
      },
      {
        "reactor_utilization": {
          "shard": "2",
          "value": 75.492003539999899
        }
      },
      {
        "reactor_utilization": {
          "shard": "3",
          "value": 90.827610659999905
        }
      },
      {
        "reactor_utilization": {
          "shard": "4",
          "value": 77.210378040000023
        }
      },
      {
        "reactor_utilization": {
          "shard": "5",
          "value": 89.8095476000003
        }
      },
      {
        "reactor_utilization": {
          "shard": "6",
          "value": 79.696135099999694
        }
      },
      {
        "reactor_utilization": {
          "shard": "7",
          "value": 78.610806879999799
        }
      }
    ]
  },
  {
    "metrics": [
      {
        "reactor_utilization": {
          "shard": "0",
          "value": 94.464618920000149
        }
      },
      {
        "reactor_utilization": {
          "shard": "1",
          "value": 79.918917939999773
        }
      },
      {
        "reactor_utilization": {
          "shard": "2",
          "value": 77.579507159999906
        }
      },
      {
        "reactor_utilization": {
          "shard": "3",
          "value": 80.290140279999903
        }
      },
      {
        "reactor_utilization": {
          "shard": "4",
          "value": 87.870809940000015
        }
      },
      {
        "reactor_utilization": {
          "shard": "5",
          "value": 86.459723280000304
        }
      },
      {
        "reactor_utilization": {
          "shard": "6",
          "value": 82.923685619999688
        }
      },
      {
        "reactor_utilization": {
          "shard": "7",
          "value": 74.881220159999799
        }
      }
    ]
  },
  {
    "metrics": [
      {
        "reactor_utilization": {
          "shard": "0",
          "value": 86.357349900000145
        }
      },
      {
        "reactor_utilization": {
          "shard": "1",
          "value": 84.32483281999977
        }
      },
      {
        "reactor_utilization": {
          "shard": "2",
          "value": 74.915108439999898
        }
      },
      {
        "reactor_utilization": {
          "shard": "3",
          "value": 77.747666759999916
        }
      },
      {
        "reactor_utilization": {
          "shard": "4",
          "value": 64.955822060000017
        }
      },
      {
        "reactor_utilization": {
          "shard": "5",
          "value": 82.67692466000031
        }
      },
      {
        "reactor_utilization": {
          "shard": "6",
          "value": 86.17504287999968
        }
      },
      {
        "reactor_utilization": {
          "shard": "7",
          "value": 93.915057899999809
        }
      }
    ]
  }
]
