[
  {
    "metrics": [
      {
        "reactor_utilization": {
          "shard": "0",
          "value": 99.940994280000254
        }
      },
      {
        "reactor_utilization": {
          "shard": "1",
          "value": 94.504053140000039
        }
      },
      {
        "reactor_utilization": {
          "shard": "2",
          "value": 86.853011559999672
        }
      },
      {
        "reactor_utilization": {
          "shard": "3",
          "value": 99.767479680000079
        }
      },
      {
        "reactor_utilization": {
          "shard": "4",
          "value": 93.95269354000007
        }
      },
      {
        "reactor_utilization": {
          "shard": "5",
          "value": 99.786525700000325
        }
      },
      {
        "reactor_utilization": {
          "shard": "6",
          "value": 86.835953479999617
        }
      },
      {
        "reactor_utilization": {
          "shard": "7",
          "value": 98.509610839999823
        }
      }
    ]
  },
  {
    "metrics": [
      {
        "reactor_utilization": {
          "shard": "0",
          "value": 99.438897980000249
        }
      },
      {
        "reactor_utilization": {
          "shard": "1",
          "value": 92.025621480000027
        }
      },
      {
        "reactor_utilization": {
          "shard": "2",
          "value": 93.958102059999675
        }
      },
      {
        "reactor_utilization": {
          "shard": "3",
          "value": 95.267941400000083
        }
      },
      {
        "reactor_utilization": {
          "shard": "4",
          "value": 80.167186700000073
        }
      },
      {
        "reactor_utilization": {
          "shard": "5",
          "value": 91.784192600000324
        }
      },
      {
        "reactor_utilization": {
          "shard": "6",
          "value": 99.827666579999601
        }
      },
      {
        "reactor_utilization": {
          "shard": "7",
          "value": 97.315582659999819
        }
      }
    ]
  },
  {
    "metrics": [
      {
        "reactor_utilization": {
          "shard": "0",
          "value": 81.135174360000249
        }
      },
      {
        "reactor_utilization": {
          "shard": "1",
          "value": 92.781814880000042
        }
      },
      {
        "reactor_utilization": {
          "shard": "2",
          "value": 85.681434819999666
        }
      },
      {
        "reactor_utilization": {
          "shard": "3",
          "value": 85.906345560000091
        }
      },
      {
        "reactor_utilization": {
          "shard": "4",
          "value": 83.987152760000086
        }
      },
      {
        "reactor_utilization": {
          "shard": "5",
          "value": 65.053478760000331
        }
      },
      {
        "reactor_utilization": {
          "shard": "6",
          "value": 84.765321079999609
        }
      },
      {
        "reactor_utilization": {
          "shard": "7",
          "value": 93.092363319999833
        }
      }
    ]
  },
  {
    "metrics": [
      {
        "reactor_utilization": {
          "shard": "0",
          "value": 78.434089080000248
        }
      },
      {
        "reactor_utilization": {
          "shard": "1",
          "value": 88.155010160000032
        }
      },
      {
        "reactor_utilization": {
          "shard": "2",
          "value": 88.422834699999669
        }
      },
      {
        "reactor_utilization": {
          "shard": "3",
          "value": 94.687586120000091
        }
      },
      {
        "reactor_utilization": {
          "shard": "4",
          "value": 84.200957220000078
        }
      },
      {
        "reactor_utilization": {
          "shard": "5",
          "value": 75.379684740000343
        }
      },
      {
        "reactor_utilization": {
          "shard": "6",
          "value": 82.732350719999616
        }
      },
      {
        "reactor_utilization": {
          "shard": "7",
          "value": 84.659655419999822
        }
      }
    ]
  },
  {
    "metrics": [
      {
        "reactor_utilization": {
          "shard": "0",
          "value": 84.283000540000259
        }
      },
      {
        "reactor_utilization": {
          "shard": "1",
          "value": 86.68471024000003
        }
      },
      {
        "reactor_utilization": {
          "shard": "2",
          "value": 80.028978219999658
        }
      },
      {
        "reactor_utilization": {
          "shard": "3",
          "value": 66.259158760000105
        }
      },
      {
        "reactor_utilization": {
          "shard": "4",
          "value": 92.986719820000076
        }
      },
      {
        "reactor_utilization": {
          "shard": "5",
          "value": 86.173136600000348
        }
      },
      {
        "reactor_utilization": {
          "shard": "6",
          "value": 92.846468679999617
        }
      },
      {
        "reactor_utilization": {
          "shard": "7",
          "value": 77.075347359999824
        }
      }
    ]
  },
  {
    "metrics": [
      {
        "reactor_utilization": {
          "shard": "0",
          "value": 85.23992104000024
        }
      },
      {
        "reactor_utilization": {
          "shard": "1",
          "value": 95.459372540000032
        }
      },
      {
        "reactor_utilization": {
          "shard": "2",
          "value": 72.710262919999664
        }
      },
      {
        "reactor_utilization": {
          "shard": "3",
          "value": 72.061731400000099
        }
      },
      {
        "reactor_utilization": {
          "shard": "4",
          "value": 83.293134820000063
        }
      },
      {
        "reactor_utilization": {
          "shard": "5",
          "value": 88.157638800000342
        }
      },
      {
        "reactor_utilization": {
          "shard": "6",
          "value": 82.280750759999606
        }
      },
      {
        "reactor_utilization": {
          "shard": "7",
          "value": 72.904147399999815
        }
      }
    ]
  },
  {
    "metrics": [
      {
        "reactor_utilization": {
          "shard": "0",
          "value": 59.565968000000247
        }
      },
      {
        "reactor_utilization": {
          "shard": "1",
          "value": 78.011989180000029
        }
      },
      {
        "reactor_utilization": {
          "shard": "2",
          "value": 89.795985679999674
        }
      },
      {
        "reactor_utilization": {
          "shard": "3",
          "value": 65.493809940000091
        }
      },
      {
        "reactor_utilization": {
          "shard": "4",
          "value": 86.435083340000077
        }
      },
      {
        "reactor_utilization": {
          "shard": "5",
          "value": 93.398366480000334
        }
      },
      {
        "reactor_utilization": {
          "shard": "6",
          "value": 71.409211739999606
        }
      },
      {
        "reactor_utilization": {
          "shard": "7",
          "value": 77.646733779999821
        }
      }
    ]
  },
  {
    "metrics": [
      {
        "reactor_utilization": {
          "shard": "0",
          "value": 62.799321180000248
        }
      },
      {
        "reactor_utilization": {
          "shard": "1",
          "value": 74.603277680000019
        }
      },
      {
        "reactor_utilization": {
          "shard": "2",
          "value": 79.99296475999968
        }
      },
      {
        "reactor_utilization": {
          "shard": "3",
          "value": 76.238841760000099
        }
      },
      {
        "reactor_utilization": {
          "shard": "4",
          "value": 69.935445480000084
        }
      },
      {
        "reactor_utilization": {
          "shard": "5",
          "value": 89.021921040000336
        }
      },
      {
        "reactor_utilization": {
          "shard": "6",
          "value": 80.285456119999608
        }
      },
      {
        "reactor_utilization": {
          "shard": "7",
          "value": 82.852022279999815
        }
      }
    ]
  },
  {
    "metrics": [
      {
        "reactor_utilization": {
          "shard": "0",
          "value": 70.192374560000246
        }
      },
      {
        "reactor_utilization": {
          "shard": "1",
          "value": 80.865740800000026
        }
      },
      {
        "reactor_utilization": {
          "shard": "2",
          "value": 69.941396959999679
        }
      },
      {
        "reactor_utilization": {
          "shard": "3",
          "value": 90.114251320000093
        }
      },
      {
        "reactor_utilization": {
          "shard": "4",
          "value": 81.768114240000074
        }
      },
      {
        "reactor_utilization": {
          "shard": "5",
          "value": 73.557681720000346
        }
      },
      {
        "reactor_utilization": {
          "shard": "6",
          "value": 89.428232999999608
        }
      },
      {
        "reactor_utilization": {
          "shard": "7",
          "value": 74.726880099999818
        }
      }
    ]
  },
  {
    "metrics": [
      {
        "reactor_utilization": {
          "shard": "0",
          "value": 75.58611456000024
        }
      },
      {
        "reactor_utilization": {
          "shard": "1",
          "value": 74.906025700000029
        }
      },
      {
        "reactor_utilization": {
          "shard": "2",
          "value": 65.644309199999668
        }
      },
      {
        "reactor_utilization": {
          "shard": "3",
          "value": 76.986644520000098
        }
      },
      {
        "reactor_utilization": {
          "shard": "4",
          "value": 74.075685160000077
        }
      },
      {
        "reactor_utilization": {
          "shard": "5",
          "value": 78.883006320000334
        }
      },
      {
        "reactor_utilization": {
          "shard": "6",
          "value": 65.149612199999623
        }
      },
      {
        "reactor_utilization": {
          "shard": "7",
          "value": 82.707423419999813
        }
      }
    ]
  },
  {
    "metrics": [
      {
        "reactor_utilization": {
          "shard": "0",
          "value": 69.300133800000253
        }
      },
      {
        "reactor_utilization": {
          "shard": "1",
          "value": 87.697367160000027
        }
      },
      {
        "reactor_utilization": {
          "shard": "2",
          "value": 88.144374779999666
        }
      },
      {
        "reactor_utilization": {
          "shard": "3",
          "value": 81.134674060000094
        }
      },
      {
        "reactor_utilization": {
          "shard": "4",
          "value": 65.939401580000066
        }
      },
      {
        "reactor_utilization": {
          "shard": "5",
          "value": 60.295371060000335
        }
      },
      {
        "reactor_utilization": {
          "shard": "6",
          "value": 92.156372259999614
        }
      },
      {
        "reactor_utilization": {
          "shard": "7",
          "value": 76.16451409999982
        }
      }
    ]
  },
  {
    "metrics": [
      {
        "reactor_utilization": {
          "shard": "0",
          "value": 62.592282180000261
        }
      },
      {
        "reactor_utilization": {
          "shard": "1",
          "value": 91.047514700000022
        }
      },
      {
        "reactor_utilization": {
          "shard": "2",
          "value": 90.287428659999662
        }
      },
      {
        "reactor_utilization": {
          "shard": "3",
          "value": 74.972445300000089
        }
      },
      {
        "reactor_utilization": {
          "shard": "4",
          "value": 79.39633490000007
        }
      },
      {
        "reactor_utilization": {
          "shard": "5",
          "value": 63.900688700000345
        }
      },
      {
        "reactor_utilization": {
          "shard": "6",
          "value": 79.282007859999609
        }
      },
      {
        "reactor_utilization": {
          "shard": "7",
          "value": 78.526610239999826
        }
      }
    ]
  },
  {
    "metrics": [
      {
        "reactor_utilization": {
          "shard": "0",
          "value": 81.027378700000256
        }
      },
      {
        "reactor_utilization": {
          "shard": "1",
          "value": 82.911644280000019
        }
      },
      {
        "reactor_utilization": {
          "shard": "2",
          "value": 82.532178599999668
        }
      },
      {
        "reactor_utilization": {
          "shard": "3",
          "value": 85.787988380000087
        }
      },
      {
        "reactor_utilization": {
          "shard": "4",
          "value": 76.713738500000076
        }
      },
      {
        "reactor_utilization": {
          "shard": "5",
          "value": 69.069727320000339
        }
      },
      {
        "reactor_utilization": {
          "shard": "6",
          "value": 87.616257459999616
        }
      },
      {
        "reactor_utilization": {
          "shard": "7",
          "value": 85.512738799999838
        }
      }
    ]
  },
  {
    "metrics": [
      {
        "reactor_utilization": {
          "shard": "0",
          "value": 57.086268440000268
        }
      },
      {
        "reactor_utilization": {
          "shard": "1",
          "value": 75.168626060000022
        }
      },
      {
        "reactor_utilization": {
          "shard": "2",
          "value": 91.573837659999668
        }
      },
      {
        "reactor_utilization": {
          "shard": "3",
          "value": 82.69485334000008
        }
      },
      {
        "reactor_utilization": {
          "shard": "4",
          "value": 76.52200026000007
        }
      },
      {
        "reactor_utilization": {
          "shard": "5",
          "value": 85.614137520000327
        }
      },
      {
        "reactor_utilization": {
          "shard": "6",
          "value": 80.549937279999611
        }
      },
      {
        "reactor_utilization": {
          "shard": "7",
          "value": 79.561277459999829
        }
      }
    ]
  },
  {
    "metrics": [
      {
        "reactor_utilization": {
          "shard": "0",
          "value": 57.911623100000263
        }
      },
      {
        "reactor_utilization": {
          "shard": "1",
          "value": 77.840087600000032
        }
      },
      {
        "reactor_utilization": {
          "shard": "2",
          "value": 76.793083879999656
        }
      },
      {
        "reactor_utilization": {
          "shard": "3",
          "value": 84.009698700000087
        }
      },
      {
        "reactor_utilization": {
          "shard": "4",
          "value": 83.29142396000006
        }
      },
      {
        "reactor_utilization": {
          "shard": "5",
          "value": 90.832086360000346
        }
      },
      {
        "reactor_utilization": {
          "shard": "6",
          "value": 80.483166419999606
        }
      },
      {
        "reactor_utilization": {
          "shard": "7",
          "value": 84.232264099999838
        }
      }
    ]
  },
  {
    "metrics": [
      {
        "reactor_utilization": {
          "shard": "0",
          "value": 64.341600200000272
        }
      },
      {
        "reactor_utilization": {
          "shard": "1",
          "value": 78.370223840000023
        }
      },
      {
        "reactor_utilization": {
          "shard": "2",
          "value": 78.926897439999664
        }
      },
      {
        "reactor_utilization": {
          "shard": "3",
          "value": 83.626875380000087
        }
      },
      {
        "reactor_utilization": {
          "shard": "4",
          "value": 76.331595780000058
        }
      },
      {
        "reactor_utilization": {
          "shard": "5",
          "value": 77.015075080000344
        }
      },
      {
        "reactor_utilization": {
          "shard": "6",
          "value": 79.940967499999616
        }
      },
      {
        "reactor_utilization": {
          "shard": "7",
          "value": 71.334411179999833
        }
      }
    ]
  },
  {
    "metrics": [
      {
        "reactor_utilization": {
          "shard": "0",
          "value": 78.740971940000264
        }
      },
      {
        "reactor_utilization": {
          "shard": "1",
          "value": 87.259476780000014
        }
      },
      {
        "reactor_utilization": {
          "shard": "2",
          "value": 67.026524319999652
        }
      },
      {
        "reactor_utilization": {
          "shard": "3",
          "value": 70.337962100000098
        }
      },
      {
        "reactor_utilization": {
          "shard": "4",
          "value": 80.561894320000064
        }
      },
      {
        "reactor_utilization": {
          "shard": "5",
          "value": 78.816182120000349
        }
      },
      {
        "reactor_utilization": {
          "shard": "6",
          "value": 74.20939903999961
        }
      },
      {
        "reactor_utilization": {
          "shard": "7",
          "value": 93.013461699999837
        }
      }
    ]
  },
  {
    "metrics": [
      {
        "reactor_utilization": {
          "shard": "0",
          "value": 61.091063500000274
        }
      },
      {
        "reactor_utilization": {
          "shard": "1",
          "value": 73.730157100000014
        }
      },
      {
        "reactor_utilization": {
          "shard": "2",
          "value": 86.267843119999668
        }
      },
      {
        "reactor_utilization": {
          "shard": "3",
          "value": 76.624347200000102
        }
      },
      {
        "reactor_utilization": {
          "shard": "4",
          "value": 90.37665534000007
        }
      },
      {
        "reactor_utilization": {
          "shard": "5",
          "value": 93.590461020000333
        }
      },
      {
        "reactor_utilization": {
          "shard": "6",
          "value": 69.058693419999599
        }
      },
      {
        "reactor_utilization": {
          "shard": "7",
          "value": 73.288147779999832
        }
      }
    ]
  },
  {
    "metrics": [
      {
        "reactor_utilization": {
          "shard": "0",
          "value": 74.063880160000267
        }
      },
      {
        "reactor_utilization": {
          "shard": "1",
          "value": 87.75802382000002
        }
      },
      {
        "reactor_utilization": {
          "shard": "2",
          "value": 71.281802939999665
        }
      },
      {
        "reactor_utilization": {
          "shard": "3",
          "value": 74.27453162000009
        }
      },
      {
        "reactor_utilization": {
          "shard": "4",
          "value": 71.589935180000069
        }
      },
      {
        "reactor_utilization": {
          "shard": "5",
          "value": 57.487314640000342
        }
      },
      {
        "reactor_utilization": {
          "shard": "6",
          "value": 89.221027599999601
        }
      },
      {
        "reactor_utilization": {
          "shard": "7",
          "value": 82.590560259999833
        }
      }
    ]
  },
  {
    "metrics": [
      {
        "reactor_utilization": {
          "shard": "0",
          "value": 74.031376960000287
        }
      },
      {
        "reactor_utilization": {
          "shard": "1",
          "value": 81.36114022000001
        }
      },
      {
        "reactor_utilization": {
          "shard": "2",
          "value": 72.488371159999659
        }
      },
      {
        "reactor_utilization": {
          "shard": "3",
          "value": 84.2808597800001
        }
      },
      {
        "reactor_utilization": {
          "shard": "4",
          "value": 89.027848340000077
        }
      },
      {
        "reactor_utilization": {
          "shard": "5",
          "value": 66.220544380000334
        }
      },
      {
        "reactor_utilization": {
          "shard": "6",
          "value": 84.92562969999959
        }
      },
      {
        "reactor_utilization": {
          "shard": "7",
          "value": 79.431233439999829
        }
      }
    ]
  },
  {
    "metrics": [
      {
        "reactor_utilization": {
          "shard": "0",
          "value": 71.644515600000275
        }
      },
      {
        "reactor_utilization": {
          "shard": "1",
          "value": 86.847501640000019
        }
      },
      {
        "reactor_utilization": {
          "shard": "2",
          "value": 70.392053539999665
        }
      },
      {
        "reactor_utilization": {
          "shard": "3",
          "value": 71.322046800000095
        }
      },
      {
        "reactor_utilization": {
          "shard": "4",
          "value": 81.511699320000062
        }
      },
      {
        "reactor_utilization": {
          "shard": "5",
          "value": 79.871904780000335
        }
      },
      {
        "reactor_utilization": {
          "shard": "6",
          "value": 78.6110480199996
        }
      },
      {
        "reactor_utilization": {
          "shard": "7",
          "value": 80.327894919999835
        }
      }
    ]
  },
  {
    "metrics": [
      {
        "reactor_utilization": {
          "shard": "0",
          "value": 64.456363320000293
        }
      },
      {
        "reactor_utilization": {
          "shard": "1",
          "value": 84.91278896
        }
      },
      {
        "reactor_utilization": {
          "shard": "2",
          "value": 81.481407699999664
        }
      },
      {
        "reactor_utilization": {
          "shard": "3",
          "value": 78.802181780000097
        }
      },
      {
        "reactor_utilization": {
          "shard": "4",
          "value": 79.853246380000058
        }
      },
      {
        "reactor_utilization": {
          "shard": "5",
          "value": 81.283995300000328
        }
      },
      {
        "reactor_utilization": {
          "shard": "6",
          "value": 79.067958619999587
        }
      },
      {
        "reactor_utilization": {
          "shard": "7",
          "value": 69.510701559999831
        }
      }
    ]
  },
  {
    "metrics": [
      {
        "reactor_utilization": {
          "shard": "0",
          "value": 61.281038340000272
        }
      },
      {
        "reactor_utilization": {
          "shard": "1",
          "value": 86.70739214000001
        }
      },
      {
        "reactor_utilization": {
          "shard": "2",
          "value": 80.410504339999662
        }
      },
      {
        "reactor_utilization": {
          "shard": "3",
          "value": 79.831142740000089
        }
      },
      {
        "reactor_utilization": {
          "shard": "4",
          "value": 89.927238480000057
        }
      },
      {
        "reactor_utilization": {
          "shard": "5",
          "value": 74.996577020000331
        }
      },
      {
        "reactor_utilization": {
          "shard": "6",
          "value": 66.653711739999594
        }
      },
      {
        "reactor_utilization": {
          "shard": "7",
          "value": 76.323468499999819
        }
      }
    ]
  },
  {
    "metrics": [
      {
        "reactor_utilization": {
          "shard": "0",
          "value": 75.223733880000282
        }
      },
      {
        "reactor_utilization": {
          "shard": "1",
          "value": 96.648651360000017
        }
      },
      {
        "reactor_utilization": {
          "shard": "2",
          "value": 80.24390589999966
        }
      },
      {
        "reactor_utilization": {
          "shard": "3",
          "value": 70.050742180000086
        }
      },
      {
        "reactor_utilization": {
          "shard": "4",
          "value": 76.508857880000065
        }
      },
      {
        "reactor_utilization": {
          "shard": "5",
          "value": 69.90098428000033
        }
      },
      {
        "reactor_utilization": {
          "shard": "6",
          "value": 76.412696339999584
        }
      },
      {
        "reactor_utilization": {
          "shard": "7",
          "value": 73.288910579999822
        }
      }
    ]
  }
]
