[
  {
    "metrics": [
      {
        "reactor_utilization": {
          "shard": "0",
          "value": 96.38854230000014
        }
      },
      {
        "reactor_utilization": {
          "shard": "1",
          "value": 81.142123359999815
        }
      },
      {
        "reactor_utilization": {
          "shard": "2",
          "value": 78.033563399999821
        }
      },
      {
        "reactor_utilization": {
          "shard": "3",
          "value": 90.807888479999917
        }
      },
      {
        "reactor_utilization": {
          "shard": "4",
          "value": 66.953547599999993
        }
      },
      {
        "reactor_utilization": {
          "shard": "5",
          "value": 82.898616100000353
        }
      },
      {
        "reactor_utilization": {
          "shard": "6",
          "value": 81.661771599999696
        }
      },
      {
        "reactor_utilization": {
          "shard": "7",
          "value": 94.6028296799998
        }
      }
    ]
  },
  {
    "metrics": [
      {
        "reactor_utilization": {
          "shard": "0",
          "value": 89.625882800000142
        }
      },
      {
        "reactor_utilization": {
          "shard": "1",
          "value": 84.99058183999982
        }
      },
      {
        "reactor_utilization": {
          "shard": "2",
          "value": 82.809513179999811
        }
      },
      {
        "reactor_utilization": {
          "shard": "3",
          "value": 74.079783839999934
        }
      },
      {
        "reactor_utilization": {
          "shard": "4",
          "value": 70.836489339999986
        }
      },
      {
        "reactor_utilization": {
          "shard": "5",
          "value": 72.056448560000348
        }
      },
      {
        "reactor_utilization": {
          "shard": "6",
          "value": 84.66426485999969
        }
      },
      {
        "reactor_utilization": {
          "shard": "7",
          "value": 73.995172219999802
        }
      }
    ]
  },
  {
    "metrics": [
      {
        "reactor_utilization": {
          "shard": "0",
          "value": 83.993652600000132
        }
      },
      {
        "reactor_utilization": {
          "shard": "1",
          "value": 81.056669839999827
        }
      },
      {
        "reactor_utilization": {
          "shard": "2",
          "value": 90.634530259999821
        }
      },
      {
        "reactor_utilization": {
          "shard": "3",
          "value": 86.59730017999992
        }
      },
      {
        "reactor_utilization": {
          "shard": "4",
          "value": 75.740039679999981
        }
      },
      {
        "reactor_utilization": {
          "shard": "5",
          "value": 87.693099280000354
        }
      },
      {
        "reactor_utilization": {
          "shard": "6",
          "value": 96.740762239999697
        }
      },
      {
        "reactor_utilization": {
          "shard": "7",
          "value": 92.335897719999792
        }
      }
    ]
  },
  {
    "metrics": [
      {
        "reactor_utilization": {
          "shard": "0",
          "value": 84.906301420000148
        }
      },
      {
        "reactor_utilization": {
          "shard": "1",
          "value": 89.945376119999821
        }
      },
      {
        "reactor_utilization": {
          "shard": "2",
          "value": 81.226228419999813
        }
      },
      {
        "reactor_utilization": {
          "shard": "3",
          "value": 83.143801519999926
        }
      },
      {
        "reactor_utilization": {
          "shard": "4",
          "value": 74.960770599999975
        }
      },
      {
        "reactor_utilization": {
          "shard": "5",
          "value": 81.458185700000357
        }
      },
      {
        "reactor_utilization": {
          "shard": "6",
          "value": 83.972175739999699
        }
      },
      {
        "reactor_utilization": {
          "shard": "7",
          "value": 89.876893219999801
        }
      }
    ]
  },
  {
    "metrics": [
      {
        "reactor_utilization": {
          "shard": "0",
          "value": 89.539368420000145
        }
      },
      {
        "reactor_utilization": {
          "shard": "1",
          "value": 83.380423759999829
        }
      },
      {
        "reactor_utilization": {
          "shard": "2",
          "value": 81.056864479999831
        }
      },
      {
        "reactor_utilization": {
          "shard": "3",
          "value": 89.871585899999928
        }
      },
      {
        "reactor_utilization": {
          "shard": "4",
          "value": 73.773481979999971
        }
      },
      {
        "reactor_utilization": {
          "shard": "5",
          "value": 66.055000460000343
        }
      },
      {
        "reactor_utilization": {
          "shard": "6",
          "value": 89.234310499999708
        }
      },
      {
        "reactor_utilization": {
          "shard": "7",
          "value": 93.111292579999798
        }
      }
    ]
  },
  {
    "metrics": [
      {
        "reactor_utilization": {
          "shard": "0",
          "value": 94.948286920000143
        }
      },
      {
        "reactor_utilization": {
          "shard": "1",
          "value": 82.578798999999819
        }
      },
      {
        "reactor_utilization": {
          "shard": "2",
          "value": 80.405246979999816
        }
      },
      {
        "reactor_utilization": {
          "shard": "3",
          "value": 78.107665059999931
        }
      },
      {
        "reactor_utilization": {
          "shard": "4",
          "value": 66.224179599999971
        }
      },
      {
        "reactor_utilization": {
          "shard": "5",
          "value": 71.444416420000351
        }
      },
      {
        "reactor_utilization": {
          "shard": "6",
          "value": 70.052243339999691
        }
      },
      {
        "reactor_utilization": {
          "shard": "7",
          "value": 75.225955639999782
        }
      }
    ]
  },
  {
    "metrics": [
      {
        "reactor_utilization": {
          "shard": "0",
          "value": 88.981756080000139
        }
      },
      {
        "reactor_utilization": {
          "shard": "1",
          "value": 87.807859519999823
        }
      },
      {
        "reactor_utilization": {
          "shard": "2",
          "value": 78.756964659999824
        }
      },
      {
        "reactor_utilization": {
          "shard": "3",
          "value": 84.607116699999935
        }
      },
      {
        "reactor_utilization": {
          "shard": "4",
          "value": 78.221520659999982
        }
      },
      {
        "reactor_utilization": {
          "shard": "5",
          "value": 78.182933600000354
        }
      },
      {
        "reactor_utilization": {
          "shard": "6",
          "value": 86.68538729999969
        }
      },
      {
        "reactor_utilization": {
          "shard": "7",
          "value": 82.983084859999806
        }
      }
    ]
  },
  {
    "metrics": [
      {
        "reactor_utilization": {
          "shard": "0",
          "value": 75.510329040000144
        }
      },
      {
        "reactor_utilization": {
          "shard": "1",
          "value": 95.469323059999823
        }
      },
      {
        "reactor_utilization": {
          "shard": "2",
          "value": 89.372452039999814
        }
      },
      {
        "reactor_utilization": {
          "shard": "3",
          "value": 77.488736199999934
        }
      },
      {
        "reactor_utilization": {
          "shard": "4",
          "value": 77.225599939999981
        }
      },
      {
        "reactor_utilization": {
          "shard": "5",
          "value": 91.278617640000348
        }
      },
      {
        "reactor_utilization": {
          "shard": "6",
          "value": 85.049473359999695
        }
      },
      {
        "reactor_utilization": {
          "shard": "7",
          "value": 94.215210839999799
        }
      }
    ]
  },
  {
    "metrics": [
      {
        "reactor_utilization": {
          "shard": "0",
          "value": 86.830154760000141
        }
      },
      {
        "reactor_utilization": {
          "shard": "1",
          "value": 84.304510119999819
        }
      },
      {
        "reactor_utilization": {
          "shard": "2",
          "value": 73.872175039999817
        }
      },
      {
        "reactor_utilization": {
          "shard": "3",
          "value": 78.003133499999933
        }
      },
      {
        "reactor_utilization": {
          "shard": "4",
          "value": 82.192896459999972
        }
      },
      {
        "reactor_utilization": {
          "shard": "5",
          "value": 91.673563440000351
        }
      },
      {
        "reactor_utilization": {
          "shard": "6",
          "value": 87.400500419999688
        }
      },
      {
        "reactor_utilization": {
          "shard": "7",
          "value": 87.642429539999796
        }
      }
    ]
  },
  {
    "metrics": [
      {
        "reactor_utilization": {
          "shard": "0",
          "value": 89.95634494000015
        }
      },
      {
        "reactor_utilization": {
          "shard": "1",
          "value": 77.497795399999816
        }
      },
      {
        "reactor_utilization": {
          "shard": "2",
          "value": 78.953898039999828
        }
      },
      {
        "reactor_utilization": {
          "shard": "3",
          "value": 90.606311899999938
        }
      },
      {
        "reactor_utilization": {
          "shard": "4",
          "value": 72.114134439999972
        }
      },
      {
        "reactor_utilization": {
          "shard": "5",
          "value": 77.72539560000034
        }
      },
      {
        "reactor_utilization": {
          "shard": "6",
          "value": 81.661023239999679
        }
      },
      {
        "reactor_utilization": {
          "shard": "7",
          "value": 89.226530159999797
        }
      }
    ]
  },
  {
    "metrics": [
      {
        "reactor_utilization": {
          "shard": "0",
          "value": 88.106295600000138
        }
      },
      {
        "reactor_utilization": {
          "shard": "1",
          "value": 87.732479779999821
        }
      },
      {
        "reactor_utilization": {
          "shard": "2",
          "value": 94.759011459999826
        }
      },
      {
        "reactor_utilization": {
          "shard": "3",
          "value": 83.034043939999933
        }
      },
      {
        "reactor_utilization": {
          "shard": "4",
          "value": 85.159814439999977
        }
      },
      {
        "reactor_utilization": {
          "shard": "5",
          "value": 75.09440792000035
        }
      },
      {
        "reactor_utilization": {
          "shard": "6",
          "value": 91.925784319999678
        }
      },
      {
        "reactor_utilization": {
          "shard": "7",
          "value": 79.155374059999801
        }
      }
    ]
  },
  {
    "metrics": [
      {
        "reactor_utilization": {
          "shard": "0",
          "value": 74.358467840000145
        }
      },
      {
        "reactor_utilization": {
          "shard": "1",
          "value": 98.986298619999815
        }
      },
      {
        "reactor_utilization": {
          "shard": "2",
          "value": 80.797277039999813
        }
      },
      {
        "reactor_utilization": {
          "shard": "3",
          "value": 78.68802247999993
        }
      },
      {
        "reactor_utilization": {
          "shard": "4",
          "value": 70.207608619999974
        }
      },
      {
        "reactor_utilization": {
          "shard": "5",
          "value": 76.509226140000337
        }
      },
      {
        "reactor_utilization": {
          "shard": "6",
          "value": 87.33462813999968
        }
      },
      {
        "reactor_utilization": {
          "shard": "7",
          "value": 87.318025559999796
        }
      }
    ]
  },
  {
    "metrics": [
      {
        "reactor_utilization": {
          "shard": "0",
          "value": 85.859768600000137
        }
      },
      {
        "reactor_utilization": {
          "shard": "1",
          "value": 87.179390839999812
        }
      },
      {
        "reactor_utilization": {
          "shard": "2",
          "value": 90.537061059999829
        }
      },
      {
        "reactor_utilization": {
          "shard": "3",
          "value": 87.57649863999994
        }
      },
      {
        "reactor_utilization": {
          "shard": "4",
          "value": 84.579961739999973
        }
      },
      {
        "reactor_utilization": {
          "shard": "5",
          "value": 91.818916760000349
        }
      },
      {
        "reactor_utilization": {
          "shard": "6",
          "value": 73.749522159999685
        }
      },
      {
        "reactor_utilization": {
          "shard": "7",
          "value": 87.351896699999799
        }
      }
    ]
  },
  {
    "metrics": [
      {
        "reactor_utilization": {
          "shard": "0",
          "value": 86.974812160000141
        }
      },
      {
        "reactor_utilization": {
          "shard": "1",
          "value": 79.601291059999824
        }
      },
      {
        "reactor_utilization": {
          "shard": "2",
          "value": 84.592414979999816
        }
      },
      {
        "reactor_utilization": {
          "shard": "3",
          "value": 68.172609039999926
        }
      },
      {
        "reactor_utilization": {
          "shard": "4",
          "value": 79.633280519999971
        }
      },
      {
        "reactor_utilization": {
          "shard": "5",
          "value": 99.729637980000348
        }
      },
      {
        "reactor_utilization": {
          "shard": "6",
          "value": 87.875685939999698
        }
      },
      {
        "reactor_utilization": {
          "shard": "7",
          "value": 85.132140739999798
        }
      }
    ]
  },
  {
    "metrics": [
      {
        "reactor_utilization": {
          "shard": "0",
          "value": 74.855578360000138
        }
      },
      {
        "reactor_utilization": {
          "shard": "1",
          "value": 72.529242319999824
        }
      },
      {
        "reactor_utilization": {
          "shard": "2",
          "value": 76.365553279999816
        }
      },
      {
        "reactor_utilization": {
          "shard": "3",
          "value": 83.147840479999928
        }
      },
      {
        "reactor_utilization": {
          "shard": "4",
          "value": 91.301394819999985
        }
      },
      {
        "reactor_utilization": {
          "shard": "5",
          "value": 93.116893060000351
        }
      },
      {
        "reactor_utilization": {
          "shard": "6",
          "value": 68.881580019999689
        }
      },
      {
        "reactor_utilization": {
          "shard": "7",
          "value": 79.32869147999979
        }
      }
    ]
  },
  {
    "metrics": [
      {
        "reactor_utilization": {
          "shard": "0",
          "value": 85.357895480000138
        }
      },
      {
        "reactor_utilization": {
          "shard": "1",
          "value": 87.561640959999821
        }
      },
      {
        "reactor_utilization": {
          "shard": "2",
          "value": 88.476835339999809
        }
      },
      {
        "reactor_utilization": {
          "shard": "3",
          "value": 88.770178939999937
        }
      },
      {
        "reactor_utilization": {
          "shard": "4",
          "value": 66.451904079999977
        }
      },
      {
        "reactor_utilization": {
          "shard": "5",
          "value": 78.379447800000349
        }
      },
      {
        "reactor_utilization": {
          "shard": "6",
          "value": 84.785422699999685
        }
      },
      {
        "reactor_utilization": {
          "shard": "7",
          "value": 91.46053923999979
        }
      }
    ]
  },
  {
    "metrics": [
      {
        "reactor_utilization": {
          "shard": "0",
          "value": 83.348261960000144
        }
      },
      {
        "reactor_utilization": {
          "shard": "1",
          "value": 75.548972639999818
        }
      },
      {
        "reactor_utilization": {
          "shard": "2",
          "value": 77.794674919999821
        }
      },
      {
        "reactor_utilization": {
          "shard": "3",
          "value": 93.817643859999933
        }
      },
      {
        "reactor_utilization": {
          "shard": "4",
          "value": 72.114024979999982
        }
      },
      {
        "reactor_utilization": {
          "shard": "5",
          "value": 94.275772280000353
        }
      },
      {
        "reactor_utilization": {
          "shard": "6",
          "value": 94.776198099999689
        }
      },
      {
        "reactor_utilization": {
          "shard": "7",
          "value": 83.685072019999794
        }
      }
    ]
  },
  {
    "metrics": [
      {
        "reactor_utilization": {
          "shard": "0",
          "value": 76.192189980000151
        }
      },
      {
        "reactor_utilization": {
          "shard": "1",
          "value": 94.140386279999817
        }
      },
      {
        "reactor_utilization": {
          "shard": "2",
          "value": 82.627385779999813
        }
      },
      {
        "reactor_utilization": {
          "shard": "3",
          "value": 82.440749079999932
        }
      },
      {
        "reactor_utilization": {
          "shard": "4",
          "value": 75.985402419999986
        }
      },
      {
        "reactor_utilization": {
          "shard": "5",
          "value": 88.48217226000034
        }
      },
      {
        "reactor_utilization": {
          "shard": "6",
          "value": 84.383720779999678
        }
      },
      {
        "reactor_utilization": {
          "shard": "7",
          "value": 92.1367208799998
        }
      }
    ]
  },
  {
    "metrics": [
      {
        "reactor_utilization": {
          "shard": "0",
          "value": 86.201476540000144
        }
      },
      {
        "reactor_utilization": {
          "shard": "1",
          "value": 92.900398779999819
        }
      },
      {
        "reactor_utilization": {
          "shard": "2",
          "value": 79.74154777999982
        }
      },
      {
        "reactor_utilization": {
          "shard": "3",
          "value": 85.046070779999923
        }
      },
      {
        "reactor_utilization": {
          "shard": "4",
          "value": 81.494047299999977
        }
      },
      {
        "reactor_utilization": {
          "shard": "5",
          "value": 75.129701280000347
        }
      },
      {
        "reactor_utilization": {
          "shard": "6",
          "value": 84.561617939999678
        }
      },
      {
        "reactor_utilization": {
          "shard": "7",
          "value": 83.453195979999791
        }
      }
    ]
  },
  {
    "metrics": [
      {
        "reactor_utilization": {
          "shard": "0",
          "value": 82.799757780000149
        }
      },
      {
        "reactor_utilization": {
          "shard": "1",
          "value": 79.236979579999826
        }
      },
      {
        "reactor_utilization": {
          "shard": "2",
          "value": 69.540139699999813
        }
      },
      {
        "reactor_utilization": {
          "shard": "3",
          "value": 66.136320819999938
        }
      },
      {
        "reactor_utilization": {
          "shard": "4",
          "value": 76.108439639999986
        }
      },
      {
        "reactor_utilization": {
          "shard": "5",
          "value": 70.667638400000342
        }
      },
      {
        "reactor_utilization": {
          "shard": "6",
          "value": 85.471225439999671
        }
      },
      {
        "reactor_utilization": {
          "shard": "7",
          "value": 95.520782719999801
        }
      }
    ]
  },
  {
    "metrics": [
      {
        "reactor_utilization": {
          "shard": "0",
          "value": 97.243139860000156
        }
      },
      {
        "reactor_utilization": {
          "shard": "1",
          "value": 80.198113139999819
        }
      },
      {
        "reactor_utilization": {
          "shard": "2",
          "value": 78.374927719999818
        }
      },
      {
        "reactor_utilization": {
          "shard": "3",
          "value": 93.847893039999931
        }
      },
      {
        "reactor_utilization": {
          "shard": "4",
          "value": 79.186378159999975
        }
      },
      {
        "reactor_utilization": {
          "shard": "5",
          "value": 78.384402100000344
        }
      },
      {
        "reactor_utilization": {
          "shard": "6",
          "value": 78.783545519999677
        }
      },
      {
        "reactor_utilization": {
          "shard": "7",
          "value": 80.995820339999796
        }
      }
    ]
  },
  {
    "metrics": [
      {
        "reactor_utilization": {
          "shard": "0",
          "value": 88.932029040000145
        }
      },
      {
        "reactor_utilization": {
          "shard": "1",
          "value": 75.923884619999811
        }
      },
      {
        "reactor_utilization": {
          "shard": "2",
          "value": 87.467716199999828
        }
      },
      {
        "reactor_utilization": {
          "shard": "3",
          "value": 94.574303339999929
        }
      },
      {
        "reactor_utilization": {
          "shard": "4",
          "value": 79.693529499999983
        }
      },
      {
        "reactor_utilization": {
          "shard": "5",
          "value": 84.772324240000344
        }
      },
      {
        "reactor_utilization": {
          "shard": "6",
          "value": 78.808816799999676
        }
      },
      {
        "reactor_utilization": {
          "shard": "7",
          "value": 90.342788059999791
        }
      }
    ]
  },
  {
    "metrics": [
      {
        "reactor_utilization": {
          "shard": "0",
          "value": 94.910374180000147
        }
      },
      {
        "reactor_utilization": {
          "shard": "1",
          "value": 77.576905679999825
        }
      },
      {
        "reactor_utilization": {
          "shard": "2",
          "value": 80.171844339999822
        }
      },
      {
        "reactor_utilization": {
          "shard": "3",
          "value": 90.571578359999933
        }
      },
      {
        "reactor_utilization": {
          "shard": "4",
          "value": 87.994922959999982
        }
      },
      {
        "reactor_utilization": {
          "shard": "5",
          "value": 87.306617160000343
        }
      },
      {
        "reactor_utilization": {
          "shard": "6",
          "value": 84.367598799999683
        }
      },
      {
        "reactor_utilization": {
          "shard": "7",
          "value": 79.965625939999782
        }
      }
    ]
  },
  {
    "metrics": [
      {
        "reactor_utilization": {
          "shard": "0",
          "value": 84.842274100000154
        }
      },
      {
        "reactor_utilization": {
          "shard": "1",
          "value": 75.64080693999982
        }
      },
      {
        "reactor_utilization": {
          "shard": "2",
          "value": 85.350952999999819
        }
      },
      {
        "reactor_utilization": {
          "shard": "3",
          "value": 87.664115419999945
        }
      },
      {
        "reactor_utilization": {
          "shard": "4",
          "value": 80.647846579999964
        }
      },
      {
        "reactor_utilization": {
          "shard": "5",
          "value": 89.131911040000332
        }
      },
      {
        "reactor_utilization": {
          "shard": "6",
          "value": 93.775645879999686
        }
      },
      {
        "reactor_utilization": {
          "shard": "7",
          "value": 84.003951919999793
        }
      }
    ]
  }
]
