[
  {
    "metrics": [
      {
        "reactor_utilization": {
          "shard": "0",
          "value": 98.956530820000211
        }
      },
      {
        "reactor_utilization": {
          "shard": "1",
          "value": 93.655070419999888
        }
      },
      {
        "reactor_utilization": {
          "shard": "2",
          "value": 94.146672639999764
        }
      },
      {
        "reactor_utilization": {
          "shard": "3",
          "value": 99.906694080000022
        }
      },
      {
        "reactor_utilization": {
          "shard": "4",
          "value": 87.509523840000142
        }
      },
      {
        "reactor_utilization": {
          "shard": "5",
          "value": 95.093407400000359
        }
      },
      {
        "reactor_utilization": {
          "shard": "6",
          "value": 88.452067059999678
        }
      },
      {
        "reactor_utilization": {
          "shard": "7",
          "value": 95.30233403999982
        }
      }
    ]
  },
  {
    "metrics": [
      {
        "reactor_utilization": {
          "shard": "0",
          "value": 95.794939940000205
        }
      },
      {
        "reactor_utilization": {
          "shard": "1",
          "value": 86.901507339999881
        }
      },
      {
        "reactor_utilization": {
          "shard": "2",
          "value": 79.349561359999768
        }
      },
      {
        "reactor_utilization": {
          "shard": "3",
          "value": 89.038465180000031
        }
      },
      {
        "reactor_utilization": {
          "shard": "4",
          "value": 75.839538580000138
        }
      },
      {
        "reactor_utilization": {
          "shard": "5",
          "value": 98.709963180000358
        }
      },
      {
        "reactor_utilization": {
          "shard": "6",
          "value": 92.28679871999968
        }
      },
      {
        "reactor_utilization": {
          "shard": "7",
          "value": 88.694475499999825
        }
      }
    ]
  },
  {
    "metrics": [
      {
        "reactor_utilization": {
          "shard": "0",
          "value": 91.217800920000215
        }
      },
      {
        "reactor_utilization": {
          "shard": "1",
          "value": 86.902530479999882
        }
      },
      {
        "reactor_utilization": {
          "shard": "2",
          "value": 85.540393419999759
        }
      },
      {
        "reactor_utilization": {
          "shard": "3",
          "value": 90.569219560000022
        }
      },
      {
        "reactor_utilization": {
          "shard": "4",
          "value": 71.744660720000141
        }
      },
      {
        "reactor_utilization": {
          "shard": "5",
          "value": 90.617556180000363
        }
      },
      {
        "reactor_utilization": {
          "shard": "6",
          "value": 98.335142399999683
        }
      },
      {
        "reactor_utilization": {
          "shard": "7",
          "value": 99.507956719999825
        }
      }
    ]
  },
  {
    "metrics": [
      {
        "reactor_utilization": {
          "shard": "0",
          "value": 95.768288400000216
        }
      },
      {
        "reactor_utilization": {
          "shard": "1",
          "value": 74.509545279999884
        }
      },
      {
        "reactor_utilization": {
          "shard": "2",
          "value": 95.750307559999754
        }
      },
      {
        "reactor_utilization": {
          "shard": "3",
          "value": 97.477791660000022
        }
      },
      {
        "reactor_utilization": {
          "shard": "4",
          "value": 91.514491760000141
        }
      },
      {
        "reactor_utilization": {
          "shard": "5",
          "value": 81.705384520000351
        }
      },
      {
        "reactor_utilization": {
          "shard": "6",
          "value": 86.248431479999681
        }
      },
      {
        "reactor_utilization": {
          "shard": "7",
          "value": 95.508484059999816
        }
      }
    ]
  },
  {
    "metrics": [
      {
        "reactor_utilization": {
          "shard": "0",
          "value": 92.582031840000212
        }
      },
      {
        "reactor_utilization": {
          "shard": "1",
          "value": 68.868052959999886
        }
      },
      {
        "reactor_utilization": {
          "shard": "2",
          "value": 99.377295039999751
        }
      },
      {
        "reactor_utilization": {
          "shard": "3",
          "value": 90.050723680000019
        }
      },
      {
        "reactor_utilization": {
          "shard": "4",
          "value": 85.474835580000146
        }
      },
      {
        "reactor_utilization": {
          "shard": "5",
          "value": 71.281137740000361
        }
      },
      {
        "reactor_utilization": {
          "shard": "6",
          "value": 90.385895899999696
        }
      },
      {
        "reactor_utilization": {
          "shard": "7",
          "value": 97.346163279999814
        }
      }
    ]
  },
  {
    "metrics": [
      {
        "reactor_utilization": {
          "shard": "0",
          "value": 90.63154848000022
        }
      },
      {
        "reactor_utilization": {
          "shard": "1",
          "value": 86.438268679999879
        }
      },
      {
        "reactor_utilization": {
          "shard": "2",
          "value": 91.253359159999761
        }
      },
      {
        "reactor_utilization": {
          "shard": "3",
          "value": 97.191263500000019
        }
      },
      {
        "reactor_utilization": {
          "shard": "4",
          "value": 95.966303280000133
        }
      },
      {
        "reactor_utilization": {
          "shard": "5",
          "value": 85.218553520000356
        }
      },
      {
        "reactor_utilization": {
          "shard": "6",
          "value": 93.594337259999691
        }
      },
      {
        "reactor_utilization": {
          "shard": "7",
          "value": 97.24680351999983
        }
      }
    ]
  },
  {
    "metrics": [
      {
        "reactor_utilization": {
          "shard": "0",
          "value": 84.901684680000216
        }
      },
      {
        "reactor_utilization": {
          "shard": "1",
          "value": 79.007625779999884
        }
      },
      {
        "reactor_utilization": {
          "shard": "2",
          "value": 87.692321979999761
        }
      },
      {
        "reactor_utilization": {
          "shard": "3",
          "value": 85.575694080000034
        }
      },
      {
        "reactor_utilization": {
          "shard": "4",
          "value": 85.874595100000136
        }
      },
      {
        "reactor_utilization": {
          "shard": "5",
          "value": 93.599464600000346
        }
      },
      {
        "reactor_utilization": {
          "shard": "6",
          "value": 89.594734359999691
        }
      },
      {
        "reactor_utilization": {
          "shard": "7",
          "value": 99.813519199999817
        }
      }
    ]
  },
  {
    "metrics": [
      {
        "reactor_utilization": {
          "shard": "0",
          "value": 93.96149102000021
        }
      },
      {
        "reactor_utilization": {
          "shard": "1",
          "value": 85.696090859999899
        }
      },
      {
        "reactor_utilization": {
          "shard": "2",
          "value": 82.95338801999975
        }
      },
      {
        "reactor_utilization": {
          "shard": "3",
          "value": 86.473005120000025
        }
      },
      {
        "reactor_utilization": {
          "shard": "4",
          "value": 95.234575500000147
        }
      },
      {
        "reactor_utilization": {
          "shard": "5",
          "value": 91.590411560000348
        }
      },
      {
        "reactor_utilization": {
          "shard": "6",
          "value": 87.727688079999695
        }
      },
      {
        "reactor_utilization": {
          "shard": "7",
          "value": 90.315847239999826
        }
      }
    ]
  },
  {
    "metrics": [
      {
        "reactor_utilization": {
          "shard": "0",
          "value": 94.172824500000218
        }
      },
      {
        "reactor_utilization": {
          "shard": "1",
          "value": 86.148678139999888
        }
      },
      {
        "reactor_utilization": {
          "shard": "2",
          "value": 83.395691859999758
        }
      },
      {
        "reactor_utilization": {
          "shard": "3",
          "value": 90.963902560000022
        }
      },
      {
        "reactor_utilization": {
          "shard": "4",
          "value": 85.563234640000147
        }
      },
      {
        "reactor_utilization": {
          "shard": "5",
          "value": 89.544929740000342
        }
      },
      {
        "reactor_utilization": {
          "shard": "6",
          "value": 97.848516019999693
        }
      },
      {
        "reactor_utilization": {
          "shard": "7",
          "value": 91.630371119999822
        }
      }
    ]
  },
  {
    "metrics": [
      {
        "reactor_utilization": {
          "shard": "0",
          "value": 87.254260660000213
        }
      },
      {
        "reactor_utilization": {
          "shard": "1",
          "value": 93.40754539999989
        }
      },
      {
        "reactor_utilization": {
          "shard": "2",
          "value": 93.379462799999757
        }
      },
      {
        "reactor_utilization": {
          "shard": "3",
          "value": 86.642852640000029
        }
      },
      {
        "reactor_utilization": {
          "shard": "4",
          "value": 92.076049020000141
        }
      },
      {
        "reactor_utilization": {
          "shard": "5",
          "value": 93.760026040000341
        }
      },
      {
        "reactor_utilization": {
          "shard": "6",
          "value": 95.916831999999687
        }
      },
      {
        "reactor_utilization": {
          "shard": "7",
          "value": 91.90177057999982
        }
      }
    ]
  },
  {
    "metrics": [
      {
        "reactor_utilization": {
          "shard": "0",
          "value": 72.390885060000215
        }
      },
      {
        "reactor_utilization": {
          "shard": "1",
          "value": 75.498839459999886
        }
      },
      {
        "reactor_utilization": {
          "shard": "2",
          "value": 89.270409819999756
        }
      },
      {
        "reactor_utilization": {
          "shard": "3",
          "value": 83.591423600000027
        }
      },
      {
        "reactor_utilization": {
          "shard": "4",
          "value": 82.37073364000014
        }
      },
      {
        "reactor_utilization": {
          "shard": "5",
          "value": 86.006058120000347
        }
      },
      {
        "reactor_utilization": {
          "shard": "6",
          "value": 93.717012219999688
        }
      },
      {
        "reactor_utilization": {
          "shard": "7",
          "value": 86.108250839999826
        }
      }
    ]
  },
  {
    "metrics": [
      {
        "reactor_utilization": {
          "shard": "0",
          "value": 92.683251240000203
        }
      },
      {
        "reactor_utilization": {
          "shard": "1",
          "value": 57.720318379999888
        }
      },
      {
        "reactor_utilization": {
          "shard": "2",
          "value": 86.156170779999755
        }
      },
      {
        "reactor_utilization": {
          "shard": "3",
          "value": 83.631509240000028
        }
      },
      {
        "reactor_utilization": {
          "shard": "4",
          "value": 87.514018400000154
        }
      },
      {
        "reactor_utilization": {
          "shard": "5",
          "value": 99.745139240000341
        }
      },
      {
        "reactor_utilization": {
          "shard": "6",
          "value": 81.426764959999687
        }
      },
      {
        "reactor_utilization": {
          "shard": "7",
          "value": 92.496782319999809
        }
      }
    ]
  },
  {
    "metrics": [
      {
        "reactor_utilization": {
          "shard": "0",
          "value": 83.162038400000213
        }
      },
      {
        "reactor_utilization": {
          "shard": "1",
          "value": 86.475297799999893
        }
      },
      {
        "reactor_utilization": {
          "shard": "2",
          "value": 94.786260219999747
        }
      },
      {
        "reactor_utilization": {
          "shard": "3",
          "value": 88.774887940000028
        }
      },
      {
        "reactor_utilization": {
          "shard": "4",
          "value": 78.387634920000153
        }
      },
      {
        "reactor_utilization": {
          "shard": "5",
          "value": 93.154890380000353
        }
      },
      {
        "reactor_utilization": {
          "shard": "6",
          "value": 80.976271439999692
        }
      },
      {
        "reactor_utilization": {
          "shard": "7",
          "value": 92.670978819999817
        }
      }
    ]
  },
  {
    "metrics": [
      {
        "reactor_utilization": {
          "shard": "0",
          "value": 80.645722560000223
        }
      },
      {
        "reactor_utilization": {
          "shard": "1",
          "value": 84.009835679999895
        }
      },
      {
        "reactor_utilization": {
          "shard": "2",
          "value": 90.691627959999749
        }
      },
      {
        "reactor_utilization": {
          "shard": "3",
          "value": 85.354016760000036
        }
      },
      {
        "reactor_utilization": {
          "shard": "4",
          "value": 80.192967960000146
        }
      },
      {
        "reactor_utilization": {
          "shard": "5",
          "value": 97.087569980000353
        }
      },
      {
        "reactor_utilization": {
          "shard": "6",
          "value": 85.605237059999695
        }
      },
      {
        "reactor_utilization": {
          "shard": "7",
          "value": 95.75865929999982
        }
      }
    ]
  },
  {
    "metrics": [
      {
        "reactor_utilization": {
          "shard": "0",
          "value": 82.343237680000215
        }
      },
      {
        "reactor_utilization": {
          "shard": "1",
          "value": 75.219040739999897
        }
      },
      {
        "reactor_utilization": {
          "shard": "2",
          "value": 89.008999419999753
        }
      },
      {
        "reactor_utilization": {
          "shard": "3",
          "value": 96.346445920000022
        }
      },
      {
        "reactor_utilization": {
          "shard": "4",
          "value": 75.535306620000142
        }
      },
      {
        "reactor_utilization": {
          "shard": "5",
          "value": 75.080573520000343
        }
      },
      {
        "reactor_utilization": {
          "shard": "6",
          "value": 86.029096239999689
        }
      },
      {
        "reactor_utilization": {
          "shard": "7",
          "value": 90.161974919999821
        }
      }
    ]
  },
  {
    "metrics": [
      {
        "reactor_utilization": {
          "shard": "0",
          "value": 84.346682260000222
        }
      },
      {
        "reactor_utilization": {
          "shard": "1",
          "value": 65.2093547999999
        }
      },
      {
        "reactor_utilization": {
          "shard": "2",
          "value": 82.18155817999974
        }
      },
      {
        "reactor_utilization": {
          "shard": "3",
          "value": 87.686914600000023
        }
      },
      {
        "reactor_utilization": {
          "shard": "4",
          "value": 79.52689240000015
        }
      },
      {
        "reactor_utilization": {
          "shard": "5",
          "value": 73.640770040000348
        }
      },
      {
        "reactor_utilization": {
          "shard": "6",
          "value": 82.365091159999693
        }
      },
      {
        "reactor_utilization": {
          "shard": "7",
          "value": 97.951181779999814
        }
      }
    ]
  },
  {
    "metrics": [
      {
        "reactor_utilization": {
          "shard": "0",
          "value": 89.086580640000221
        }
      },
      {
        "reactor_utilization": {
          "shard": "1",
          "value": 66.235359799999898
        }
      },
      {
        "reactor_utilization": {
          "shard": "2",
          "value": 61.068901259999755
        }
      },
      {
        "reactor_utilization": {
          "shard": "3",
          "value": 77.724299020000018
        }
      },
      {
        "reactor_utilization": {
          "shard": "4",
          "value": 79.442920980000139
        }
      },
      {
        "reactor_utilization": {
          "shard": "5",
          "value": 83.113818560000354
        }
      },
      {
        "reactor_utilization": {
          "shard": "6",
          "value": 65.7913127799997
        }
      },
      {
        "reactor_utilization": {
          "shard": "7",
          "value": 67.838103639999815
        }
      }
    ]
  },
  {
    "metrics": [
      {
        "reactor_utilization": {
          "shard": "0",
          "value": 86.569271820000225
        }
      },
      {
        "reactor_utilization": {
          "shard": "1",
          "value": 69.89982701999989
        }
      },
      {
        "reactor_utilization": {
          "shard": "2",
          "value": 72.715478039999766
        }
      },
      {
        "reactor_utilization": {
          "shard": "3",
          "value": 83.565737080000019
        }
      },
      {
        "reactor_utilization": {
          "shard": "4",
          "value": 77.489196300000145
        }
      },
      {
        "reactor_utilization": {
          "shard": "5",
          "value": 85.837348300000343
        }
      },
      {
        "reactor_utilization": {
          "shard": "6",
          "value": 57.744587919999688
        }
      },
      {
        "reactor_utilization": {
          "shard": "7",
          "value": 72.885233599999808
        }
      }
    ]
  },
  {
    "metrics": [
      {
        "reactor_utilization": {
          "shard": "0",
          "value": 94.831577400000228
        }
      },
      {
        "reactor_utilization": {
          "shard": "1",
          "value": 77.2772158799999
        }
      },
      {
        "reactor_utilization": {
          "shard": "2",
          "value": 79.322100519999765
        }
      },
      {
        "reactor_utilization": {
          "shard": "3",
          "value": 83.783275480000015
        }
      },
      {
        "reactor_utilization": {
          "shard": "4",
          "value": 70.979350640000135
        }
      },
      {
        "reactor_utilization": {
          "shard": "5",
          "value": 84.154973960000348
        }
      },
      {
        "reactor_utilization": {
          "shard": "6",
          "value": 53.595993299999691
        }
      },
      {
        "reactor_utilization": {
          "shard": "7",
          "value": 59.41783995999981
        }
      }
    ]
  },
  {
    "metrics": [
      {
        "reactor_utilization": {
          "shard": "0",
          "value": 79.227290960000232
        }
      },
      {
        "reactor_utilization": {
          "shard": "1",
          "value": 79.603271779999886
        }
      },
      {
        "reactor_utilization": {
          "shard": "2",
          "value": 80.700817319999757
        }
      },
      {
        "reactor_utilization": {
          "shard": "3",
          "value": 82.809129000000013
        }
      },
      {
        "reactor_utilization": {
          "shard": "4",
          "value": 89.460231880000137
        }
      },
      {
        "reactor_utilization": {
          "shard": "5",
          "value": 90.181218920000347
        }
      },
      {
        "reactor_utilization": {
          "shard": "6",
          "value": 79.393559999999681
        }
      },
      {
        "reactor_utilization": {
          "shard": "7",
          "value": 72.962966419999802
        }
      }
    ]
  },
  {
    "metrics": [
      {
        "reactor_utilization": {
          "shard": "0",
          "value": 81.970381540000233
        }
      },
      {
        "reactor_utilization": {
          "shard": "1",
          "value": 80.083261219999883
        }
      },
      {
        "reactor_utilization": {
          "shard": "2",
          "value": 84.118061939999762
        }
      },
      {
        "reactor_utilization": {
          "shard": "3",
          "value": 85.654344720000026
        }
      },
      {
        "reactor_utilization": {
          "shard": "4",
          "value": 78.443520160000134
        }
      },
      {
        "reactor_utilization": {
          "shard": "5",
          "value": 70.685185320000343
        }
      },
      {
        "reactor_utilization": {
          "shard": "6",
          "value": 56.536074819999691
        }
      },
      {
        "reactor_utilization": {
          "shard": "7",
          "value": 76.37841969999981
        }
      }
    ]
  },
  {
    "metrics": [
      {
        "reactor_utilization": {
          "shard": "0",
          "value": 88.449612020000217
        }
      },
      {
        "reactor_utilization": {
          "shard": "1",
          "value": 69.815538439999898
        }
      },
      {
        "reactor_utilization": {
          "shard": "2",
          "value": 85.538360159999755
        }
      },
      {
        "reactor_utilization": {
          "shard": "3",
          "value": 82.164936460000021
        }
      },
      {
        "reactor_utilization": {
          "shard": "4",
          "value": 75.174674500000137
        }
      },
      {
        "reactor_utilization": {
          "shard": "5",
          "value": 85.279762060000337
        }
      },
      {
        "reactor_utilization": {
          "shard": "6",
          "value": 86.814508839999689
        }
      },
      {
        "reactor_utilization": {
          "shard": "7",
          "value": 77.825684919999802
        }
      }
    ]
  },
  {
    "metrics": [
      {
        "reactor_utilization": {
          "shard": "0",
          "value": 87.769141500000231
        }
      },
      {
        "reactor_utilization": {
          "shard": "1",
          "value": 74.642870559999892
        }
      },
      {
        "reactor_utilization": {
          "shard": "2",
          "value": 78.042830699999755
        }
      },
      {
        "reactor_utilization": {
          "shard": "3",
          "value": 76.645901920000028
        }
      },
      {
        "reactor_utilization": {
          "shard": "4",
          "value": 78.251547220000134
        }
      },
      {
        "reactor_utilization": {
          "shard": "5",
          "value": 86.622990680000342
        }
      },
      {
        "reactor_utilization": {
          "shard": "6",
          "value": 80.517546319999695
        }
      },
      {
        "reactor_utilization": {
          "shard": "7",
          "value": 89.501676259999812
        }
      }
    ]
  },
  {
    "metrics": [
      {
        "reactor_utilization": {
          "shard": "0",
          "value": 85.979450540000229
        }
      },
      {
        "reactor_utilization": {
          "shard": "1",
          "value": 75.7830731399999
        }
      },
      {
        "reactor_utilization": {
          "shard": "2",
          "value": 75.361065279999778
        }
      },
      {
        "reactor_utilization": {
          "shard": "3",
          "value": 75.60615454000002
        }
      },
      {
        "reactor_utilization": {
          "shard": "4",
          "value": 79.557555440000144
        }
      },
      {
        "reactor_utilization": {
          "shard": "5",
          "value": 72.629180320000344
        }
      },
      {
        "reactor_utilization": {
          "shard": "6",
          "value": 77.083878599999707
        }
      },
      {
        "reactor_utilization": {
          "shard": "7",
          "value": 90.551846839999797
        }
      }
    ]
  }
]
