[
  {
    "metrics": [
      {
        "reactor_utilization": {
          "shard": "0",
          "value": 84.011313380000161
        }
      },
      {
        "reactor_utilization": {
          "shard": "1",
          "value": 79.777377579999836
        }
      },
      {
        "reactor_utilization": {
          "shard": "2",
          "value": 88.645617839999858
        }
      },
      {
        "reactor_utilization": {
          "shard": "3",
          "value": 94.840319499999978
        }
      },
      {
        "reactor_utilization": {
          "shard": "4",
          "value": 62.873167040000055
        }
      },
      {
        "reactor_utilization": {
          "shard": "5",
          "value": 93.593122820000403
        }
      },
      {
        "reactor_utilization": {
          "shard": "6",
          "value": 88.126907259999712
        }
      },
      {
        "reactor_utilization": {
          "shard": "7",
          "value": 92.771818059999774
        }
      }
    ]
  },
  {
    "metrics": [
      {
        "reactor_utilization": {
          "shard": "0",
          "value": 99.172428680000152
        }
      },
      {
        "reactor_utilization": {
          "shard": "1",
          "value": 99.677020379999831
        }
      },
      {
        "reactor_utilization": {
          "shard": "2",
          "value": 82.321462039999858
        }
      },
      {
        "reactor_utilization": {
          "shard": "3",
          "value": 84.465643419999978
        }
      },
      {
        "reactor_utilization": {
          "shard": "4",
          "value": 84.447943220000056
        }
      },
      {
        "reactor_utilization": {
          "shard": "5",
          "value": 94.9536083400004
        }
      },
      {
        "reactor_utilization": {
          "shard": "6",
          "value": 96.509628479999705
        }
      },
      {
        "reactor_utilization": {
          "shard": "7",
          "value": 94.974236339999791
        }
      }
    ]
  },
  {
    "metrics": [
      {
        "reactor_utilization": {
          "shard": "0",
          "value": 99.065302740000163
        }
      },
      {
        "reactor_utilization": {
          "shard": "1",
          "value": 91.063846719999844
        }
      },
      {
        "reactor_utilization": {
          "shard": "2",
          "value": 80.465621959999865
        }
      },
      {
        "reactor_utilization": {
          "shard": "3",
          "value": 97.205167319999973
        }
      },
      {
        "reactor_utilization": {
          "shard": "4",
          "value": 59.888552380000057
        }
      },
      {
        "reactor_utilization": {
          "shard": "5",
          "value": 72.960625420000412
        }
      },
      {
        "reactor_utilization": {
          "shard": "6",
          "value": 70.257459859999699
        }
      },
      {
        "reactor_utilization": {
          "shard": "7",
          "value": 88.768491039999773
        }
      }
    ]
  },
  {
    "metrics": [
      {
        "reactor_utilization": {
          "shard": "0",
          "value": 95.321021640000154
        }
      },
      {
        "reactor_utilization": {
          "shard": "1",
          "value": 98.052763539999845
        }
      },
      {
        "reactor_utilization": {
          "shard": "2",
          "value": 91.324948219999854
        }
      },
      {
        "reactor_utilization": {
          "shard": "3",
          "value": 95.675065079999982
        }
      },
      {
        "reactor_utilization": {
          "shard": "4",
          "value": 82.555323040000061
        }
      },
      {
        "reactor_utilization": {
          "shard": "5",
          "value": 88.606764880000412
        }
      },
      {
        "reactor_utilization": {
          "shard": "6",
          "value": 90.893092059999702
        }
      },
      {
        "reactor_utilization": {
          "shard": "7",
          "value": 94.429802939999774
        }
      }
    ]
  },
  {
    "metrics": [
      {
        "reactor_utilization": {
          "shard": "0",
          "value": 96.434634440000167
        }
      },
      {
        "reactor_utilization": {
          "shard": "1",
          "value": 89.120865639999835
        }
      },
      {
        "reactor_utilization": {
          "shard": "2",
          "value": 95.797137339999864
        }
      },
      {
        "reactor_utilization": {
          "shard": "3",
          "value": 99.121229479999968
        }
      },
      {
        "reactor_utilization": {
          "shard": "4",
          "value": 76.059820680000072
        }
      },
      {
        "reactor_utilization": {
          "shard": "5",
          "value": 76.154324220000419
        }
      },
      {
        "reactor_utilization": {
          "shard": "6",
          "value": 90.892434259999703
        }
      },
      {
        "reactor_utilization": {
          "shard": "7",
          "value": 89.373279759999775
        }
      }
    ]
  },
  {
    "metrics": [
      {
        "reactor_utilization": {
          "shard": "0",
          "value": 94.68345986000017
        }
      },
      {
        "reactor_utilization": {
          "shard": "1",
          "value": 89.774631399999834
        }
      },
      {
        "reactor_utilization": {
          "shard": "2",
          "value": 97.014230979999866
        }
      },
      {
        "reactor_utilization": {
          "shard": "3",
          "value": 97.569454799999974
        }
      },
      {
        "reactor_utilization": {
          "shard": "4",
          "value": 83.327005940000063
        }
      },
      {
        "reactor_utilization": {
          "shard": "5",
          "value": 91.049746220000415
        }
      },
      {
        "reactor_utilization": {
          "shard": "6",
          "value": 87.148896599999702
        }
      },
      {
        "reactor_utilization": {
          "shard": "7",
          "value": 87.201537199999777
        }
      }
    ]
  },
  {
    "metrics": [
      {
        "reactor_utilization": {
          "shard": "0",
          "value": 98.798721360000158
        }
      },
      {
        "reactor_utilization": {
          "shard": "1",
          "value": 87.983075019999845
        }
      },
      {
        "reactor_utilization": {
          "shard": "2",
          "value": 99.740435199999865
        }
      },
      {
        "reactor_utilization": {
          "shard": "3",
          "value": 86.620420279999976
        }
      },
      {
        "reactor_utilization": {
          "shard": "4",
          "value": 78.092492540000066
        }
      },
      {
        "reactor_utilization": {
          "shard": "5",
          "value": 80.988182440000415
        }
      },
      {
        "reactor_utilization": {
          "shard": "6",
          "value": 80.595481799999703
        }
      },
      {
        "reactor_utilization": {
          "shard": "7",
          "value": 99.604030739999786
        }
      }
    ]
  },
  {
    "metrics": [
      {
        "reactor_utilization": {
          "shard": "0",
          "value": 92.717489540000159
        }
      },
      {
        "reactor_utilization": {
          "shard": "1",
          "value": 86.145122219999834
        }
      },
      {
        "reactor_utilization": {
          "shard": "2",
          "value": 92.890998659999852
        }
      },
      {
        "reactor_utilization": {
          "shard": "3",
          "value": 86.343653979999985
        }
      },
      {
        "reactor_utilization": {
          "shard": "4",
          "value": 80.284068600000055
        }
      },
      {
        "reactor_utilization": {
          "shard": "5",
          "value": 82.842996820000408
        }
      },
      {
        "reactor_utilization": {
          "shard": "6",
          "value": 94.723277039999701
        }
      },
      {
        "reactor_utilization": {
          "shard": "7",
          "value": 89.921636439999773
        }
      }
    ]
  },
  {
    "metrics": [
      {
        "reactor_utilization": {
          "shard": "0",
          "value": 84.600029020000164
        }
      },
      {
        "reactor_utilization": {
          "shard": "1",
          "value": 98.660263259999837
        }
      },
      {
        "reactor_utilization": {
          "shard": "2",
          "value": 97.748537339999871
        }
      },
      {
        "reactor_utilization": {
          "shard": "3",
          "value": 91.312622719999979
        }
      },
      {
        "reactor_utilization": {
          "shard": "4",
          "value": 76.456148920000061
        }
      },
      {
        "reactor_utilization": {
          "shard": "5",
          "value": 83.486966440000415
        }
      },
      {
        "reactor_utilization": {
          "shard": "6",
          "value": 92.022325699999698
        }
      },
      {
        "reactor_utilization": {
          "shard": "7",
          "value": 95.704609179999778
        }
      }
    ]
  },
  {
    "metrics": [
      {
        "reactor_utilization": {
          "shard": "0",
          "value": 85.098251760000167
        }
      },
      {
        "reactor_utilization": {
          "shard": "1",
          "value": 87.848953799999833
        }
      },
      {
        "reactor_utilization": {
          "shard": "2",
          "value": 85.589368879999867
        }
      },
      {
        "reactor_utilization": {
          "shard": "3",
          "value": 84.878657419999982
        }
      },
      {
        "reactor_utilization": {
          "shard": "4",
          "value": 74.143521820000075
        }
      },
      {
        "reactor_utilization": {
          "shard": "5",
          "value": 87.107124920000416
        }
      },
      {
        "reactor_utilization": {
          "shard": "6",
          "value": 99.894811179999692
        }
      },
      {
        "reactor_utilization": {
          "shard": "7",
          "value": 86.355003719999786
        }
      }
    ]
  },
  {
    "metrics": [
      {
        "reactor_utilization": {
          "shard": "0",
          "value": 89.452528560000161
        }
      },
      {
        "reactor_utilization": {
          "shard": "1",
          "value": 85.075957799999841
        }
      },
      {
        "reactor_utilization": {
          "shard": "2",
          "value": 89.759835019999869
        }
      },
      {
        "reactor_utilization": {
          "shard": "3",
          "value": 95.63090145999999
        }
      },
      {
        "reactor_utilization": {
          "shard": "4",
          "value": 82.838996920000071
        }
      },
      {
        "reactor_utilization": {
          "shard": "5",
          "value": 89.851879060000414
        }
      },
      {
        "reactor_utilization": {
          "shard": "6",
          "value": 96.910844679999698
        }
      },
      {
        "reactor_utilization": {
          "shard": "7",
          "value": 82.566412599999779
        }
      }
    ]
  },
  {
    "metrics": [
      {
        "reactor_utilization": {
          "shard": "0",
          "value": 86.108176580000162
        }
      },
      {
        "reactor_utilization": {
          "shard": "1",
          "value": 92.378154639999849
        }
      },
      {
        "reactor_utilization": {
          "shard": "2",
          "value": 78.320717619999854
        }
      },
      {
        "reactor_utilization": {
          "shard": "3",
          "value": 88.099897839999983
        }
      },
      {
        "reactor_utilization": {
          "shard": "4",
          "value": 86.177735000000069
        }
      },
      {
        "reactor_utilization": {
          "shard": "5",
          "value": 94.998574520000417
        }
      },
      {
        "reactor_utilization": {
          "shard": "6",
          "value": 95.3284095799997
        }
      },
      {
        "reactor_utilization": {
          "shard": "7",
          "value": 93.674162499999795
        }
      }
    ]
  },
  {
    "metrics": [
      {
        "reactor_utilization": {
          "shard": "0",
          "value": 81.59107254000017
        }
      },
      {
        "reactor_utilization": {
          "shard": "1",
          "value": 84.619463259999847
        }
      },
      {
        "reactor_utilization": {
          "shard": "2",
          "value": 99.800214859999855
        }
      },
      {
        "reactor_utilization": {
          "shard": "3",
          "value": 78.813971999999978
        }
      },
      {
        "reactor_utilization": {
          "shard": "4",
          "value": 74.389487760000065
        }
      },
      {
        "reactor_utilization": {
          "shard": "5",
          "value": 99.786631260000419
        }
      },
      {
        "reactor_utilization": {
          "shard": "6",
          "value": 72.013798899999699
        }
      },
      {
        "reactor_utilization": {
          "shard": "7",
          "value": 88.33451341999978
        }
      }
    ]
  },
  {
    "metrics": [
      {
        "reactor_utilization": {
          "shard": "0",
          "value": 97.131875220000168
        }
      },
      {
        "reactor_utilization": {
          "shard": "1",
          "value": 93.082398179999842
        }
      },
      {
        "reactor_utilization": {
          "shard": "2",
          "value": 71.60615797999985
        }
      },
      {
        "reactor_utilization": {
          "shard": "3",
          "value": 86.838960479999983
        }
      },
      {
        "reactor_utilization": {
          "shard": "4",
          "value": 68.735927020000076
        }
      },
      {
        "reactor_utilization": {
          "shard": "5",
          "value": 97.638659680000416
        }
      },
      {
        "reactor_utilization": {
          "shard": "6",
          "value": 77.106585519999697
        }
      },
      {
        "reactor_utilization": {
          "shard": "7",
          "value": 87.404230939999778
        }
      }
    ]
  },
  {
    "metrics": [
      {
        "reactor_utilization": {
          "shard": "0",
          "value": 80.369448380000165
        }
      },
      {
        "reactor_utilization": {
          "shard": "1",
          "value": 92.162114999999844
        }
      },
      {
        "reactor_utilization": {
          "shard": "2",
          "value": 96.606011599999846
        }
      },
      {
        "reactor_utilization": {
          "shard": "3",
          "value": 94.935774939999988
        }
      },
      {
        "reactor_utilization": {
          "shard": "4",
          "value": 77.66415244000008
        }
      },
      {
        "reactor_utilization": {
          "shard": "5",
          "value": 90.350744800000413
        }
      },
      {
        "reactor_utilization": {
          "shard": "6",
          "value": 79.694231839999702
        }
      },
      {
        "reactor_utilization": {
          "shard": "7",
          "value": 87.171754619999803
        }
      }
    ]
  },
  {
    "metrics": [
      {
        "reactor_utilization": {
          "shard": "0",
          "value": 99.840635040000166
        }
      },
      {
        "reactor_utilization": {
          "shard": "1",
          "value": 93.20755885999985
        }
      },
      {
        "reactor_utilization": {
          "shard": "2",
          "value": 84.644939719999854
        }
      },
      {
        "reactor_utilization": {
          "shard": "3",
          "value": 83.04727883999999
        }
      },
      {
        "reactor_utilization": {
          "shard": "4",
          "value": 70.492303960000086
        }
      },
      {
        "reactor_utilization": {
          "shard": "5",
          "value": 79.921947080000407
        }
      },
      {
        "reactor_utilization": {
          "shard": "6",
          "value": 89.977555319999709
        }
      },
      {
        "reactor_utilization": {
          "shard": "7",
          "value": 89.095280879999791
        }
      }
    ]
  },
  {
    "metrics": [
      {
        "reactor_utilization": {
          "shard": "0",
          "value": 86.146577900000167
        }
      },
      {
        "reactor_utilization": {
          "shard": "1",
          "value": 83.676830739999843
        }
      },
      {
        "reactor_utilization": {
          "shard": "2",
          "value": 90.641826239999858
        }
      },
      {
        "reactor_utilization": {
          "shard": "3",
          "value": 97.376888239999985
        }
      },
      {
        "reactor_utilization": {
          "shard": "4",
          "value": 64.942513180000077
        }
      },
      {
        "reactor_utilization": {
          "shard": "5",
          "value": 84.360929580000416
        }
      },
      {
        "reactor_utilization": {
          "shard": "6",
          "value": 69.497373159999697
        }
      },
      {
        "reactor_utilization": {
          "shard": "7",
          "value": 73.155171939999789
        }
      }
    ]
  },
  {
    "metrics": [
      {
        "reactor_utilization": {
          "shard": "0",
          "value": 74.632545600000171
        }
      },
      {
        "reactor_utilization": {
          "shard": "1",
          "value": 88.776185779999835
        }
      },
      {
        "reactor_utilization": {
          "shard": "2",
          "value": 84.905364539999852
        }
      },
      {
        "reactor_utilization": {
          "shard": "3",
          "value": 94.125170439999977
        }
      },
      {
        "reactor_utilization": {
          "shard": "4",
          "value": 85.952836660000074
        }
      },
      {
        "reactor_utilization": {
          "shard": "5",
          "value": 91.027300380000412
        }
      },
      {
        "reactor_utilization": {
          "shard": "6",
          "value": 83.652926019999697
        }
      },
      {
        "reactor_utilization": {
          "shard": "7",
          "value": 86.34642559999979
        }
      }
    ]
  },
  {
    "metrics": [
      {
        "reactor_utilization": {
          "shard": "0",
          "value": 97.487544620000151
        }
      },
      {
        "reactor_utilization": {
          "shard": "1",
          "value": 88.516671299999842
        }
      },
      {
        "reactor_utilization": {
          "shard": "2",
          "value": 93.791304319999853
        }
      },
      {
        "reactor_utilization": {
          "shard": "3",
          "value": 94.313465719999982
        }
      },
      {
        "reactor_utilization": {
          "shard": "4",
          "value": 70.709200220000071
        }
      },
      {
        "reactor_utilization": {
          "shard": "5",
          "value": 81.706133320000404
        }
      },
      {
        "reactor_utilization": {
          "shard": "6",
          "value": 81.636705539999696
        }
      },
      {
        "reactor_utilization": {
          "shard": "7",
          "value": 94.023035879999796
        }
      }
    ]
  },
  {
    "metrics": [
      {
        "reactor_utilization": {
          "shard": "0",
          "value": 94.709017400000164
        }
      },
      {
        "reactor_utilization": {
          "shard": "1",
          "value": 88.183616659999842
        }
      },
      {
        "reactor_utilization": {
          "shard": "2",
          "value": 83.208200459999844
        }
      },
      {
        "reactor_utilization": {
          "shard": "3",
          "value": 94.826591219999983
        }
      },
      {
        "reactor_utilization": {
          "shard": "4",
          "value": 91.500577700000079
        }
      },
      {
        "reactor_utilization": {
          "shard": "5",
          "value": 81.532287640000405
        }
      },
      {
        "reactor_utilization": {
          "shard": "6",
          "value": 86.443034379999688
        }
      },
      {
        "reactor_utilization": {
          "shard": "7",
          "value": 85.33519023999979
        }
      }
    ]
  },
  {
    "metrics": [
      {
        "reactor_utilization": {
          "shard": "0",
          "value": 99.830944080000165
        }
      },
      {
        "reactor_utilization": {
          "shard": "1",
          "value": 91.592620959999834
        }
      },
      {
        "reactor_utilization": {
          "shard": "2",
          "value": 88.879234479999852
        }
      },
      {
        "reactor_utilization": {
          "shard": "3",
          "value": 91.619734739999984
        }
      },
      {
        "reactor_utilization": {
          "shard": "4",
          "value": 66.764096360000082
        }
      },
      {
        "reactor_utilization": {
          "shard": "5",
          "value": 71.79134300000041
        }
      },
      {
        "reactor_utilization": {
          "shard": "6",
          "value": 85.0682232799997
        }
      },
      {
        "reactor_utilization": {
          "shard": "7",
          "value": 79.114783739999794
        }
      }
    ]
  },
  {
    "metrics": [
      {
        "reactor_utilization": {
          "shard": "0",
          "value": 95.61126066000017
        }
      },
      {
        "reactor_utilization": {
          "shard": "1",
          "value": 84.65841849999984
        }
      },
      {
        "reactor_utilization": {
          "shard": "2",
          "value": 90.099537359999843
        }
      },
      {
        "reactor_utilization": {
          "shard": "3",
          "value": 91.301973239999981
        }
      },
      {
        "reactor_utilization": {
          "shard": "4",
          "value": 77.637291820000073
        }
      },
      {
        "reactor_utilization": {
          "shard": "5",
          "value": 88.003125600000402
        }
      },
      {
        "reactor_utilization": {
          "shard": "6",
          "value": 81.857686439999696
        }
      },
      {
        "reactor_utilization": {
          "shard": "7",
          "value": 94.317765439999803
        }
      }
    ]
  },
  {
    "metrics": [
      {
        "reactor_utilization": {
          "shard": "0",
          "value": 95.060235760000154
        }
      },
      {
        "reactor_utilization": {
          "shard": "1",
          "value": 87.967064999999849
        }
      },
      {
        "reactor_utilization": {
          "shard": "2",
          "value": 96.35525043999985
        }
      },
      {
        "reactor_utilization": {
          "shard": "3",
          "value": 97.129689579999976
        }
      },
      {
        "reactor_utilization": {
          "shard": "4",
          "value": 77.668016760000086
        }
      },
      {
        "reactor_utilization": {
          "shard": "5",
          "value": 99.883332120000404
        }
      },
      {
        "reactor_utilization": {
          "shard": "6",
          "value": 71.037297019999698
        }
      },
      {
        "reactor_utilization": {
          "shard": "7",
          "value": 66.428273859999791
        }
      }
    ]
  },
  {
    "metrics": [
      {
        "reactor_utilization": {
          "shard": "0",
          "value": 83.429453860000152
        }
      },
      {
        "reactor_utilization": {
          "shard": "1",
          "value": 89.292824659999852
        }
      },
      {
        "reactor_utilization": {
          "shard": "2",
          "value": 94.241116919999854
        }
      },
      {
        "reactor_utilization": {
          "shard": "3",
          "value": 99.898713039999976
        }
      },
      {
        "reactor_utilization": {
          "shard": "4",
          "value": 74.782748560000087
        }
      },
      {
        "reactor_utilization": {
          "shard": "5",
          "value": 83.467595520000401
        }
      },
      {
        "reactor_utilization": {
          "shard": "6",
          "value": 73.174457199999708
        }
      },
      {
        "reactor_utilization": {
          "shard": "7",
          "value": 83.439416239999801
        }
      }
    ]
  }
]
