[
  {
    "metrics": [
      {
        "reactor_utilization": {
          "shard": "0",
          "value": 99.89418842000029
        }
      },
      {
        "reactor_utilization": {
          "shard": "1",
          "value": 94.230339660000013
        }
      },
      {
        "reactor_utilization": {
          "shard": "2",
          "value": 87.77570755999966
        }
      },
      {
        "reactor_utilization": {
          "shard": "3",
          "value": 99.965187260000093
        }
      },
      {
        "reactor_utilization": {
          "shard": "4",
          "value": 79.685548380000043
        }
      },
      {
        "reactor_utilization": {
          "shard": "5",
          "value": 91.180845780000382
        }
      },
      {
        "reactor_utilization": {
          "shard": "6",
          "value": 92.015201899999553
        }
      },
      {
        "reactor_utilization": {
          "shard": "7",
          "value": 92.627223219999806
        }
      }
    ]
  },
  {
    "metrics": [
      {
        "reactor_utilization": {
          "shard": "0",
          "value": 90.669018300000275
        }
      },
      {
        "reactor_utilization": {
          "shard": "1",
          "value": 85.031759360000009
        }
      },
      {
        "reactor_utilization": {
          "shard": "2",
          "value": 86.479297539999649
        }
      },
      {
        "reactor_utilization": {
          "shard": "3",
          "value": 98.548167980000102
        }
      },
      {
        "reactor_utilization": {
          "shard": "4",
          "value": 61.102966260000038
        }
      },
      {
        "reactor_utilization": {
          "shard": "5",
          "value": 74.26116432000039
        }
      },
      {
        "reactor_utilization": {
          "shard": "6",
          "value": 92.607341759999557
        }
      },
      {
        "reactor_utilization": {
          "shard": "7",
          "value": 95.877298519999812
        }
      }
    ]
  },
  {
    "metrics": [
      {
        "reactor_utilization": {
          "shard": "0",
          "value": 88.154144260000294
        }
      },
      {
        "reactor_utilization": {
          "shard": "1",
          "value": 84.252595540000016
        }
      },
      {
        "reactor_utilization": {
          "shard": "2",
          "value": 85.482924499999655
        }
      },
      {
        "reactor_utilization": {
          "shard": "3",
          "value": 94.323285280000107
        }
      },
      {
        "reactor_utilization": {
          "shard": "4",
          "value": 73.801192380000046
        }
      },
      {
        "reactor_utilization": {
          "shard": "5",
          "value": 81.056692160000381
        }
      },
      {
        "reactor_utilization": {
          "shard": "6",
          "value": 90.133773079999557
        }
      },
      {
        "reactor_utilization": {
          "shard": "7",
          "value": 94.824143799999803
        }
      }
    ]
  },
  {
    "metrics": [
      {
        "reactor_utilization": {
          "shard": "0",
          "value": 84.189303080000272
        }
      },
      {
        "reactor_utilization": {
          "shard": "1",
          "value": 71.405778880000014
        }
      },
      {
        "reactor_utilization": {
          "shard": "2",
          "value": 73.403501819999661
        }
      },
      {
        "reactor_utilization": {
          "shard": "3",
          "value": 94.522411340000104
        }
      },
      {
        "reactor_utilization": {
          "shard": "4",
          "value": 74.760625300000044
        }
      },
      {
        "reactor_utilization": {
          "shard": "5",
          "value": 93.385842760000386
        }
      },
      {
        "reactor_utilization": {
          "shard": "6",
          "value": 85.384933119999559
        }
      },
      {
        "reactor_utilization": {
          "shard": "7",
          "value": 91.428587139999806
        }
      }
    ]
  },
  {
    "metrics": [
      {
        "reactor_utilization": {
          "shard": "0",
          "value": 78.387101040000289
        }
      },
      {
        "reactor_utilization": {
          "shard": "1",
          "value": 72.537310400000024
        }
      },
      {
        "reactor_utilization": {
          "shard": "2",
          "value": 78.828527999999665
        }
      },
      {
        "reactor_utilization": {
          "shard": "3",
          "value": 78.024222520000095
        }
      },
      {
        "reactor_utilization": {
          "shard": "4",
          "value": 68.833092660000048
        }
      },
      {
        "reactor_utilization": {
          "shard": "5",
          "value": 84.853234280000379
        }
      },
      {
        "reactor_utilization": {
          "shard": "6",
          "value": 86.690439439999565
        }
      },
      {
        "reactor_utilization": {
          "shard": "7",
          "value": 93.635764459999805
        }
      }
    ]
  },
  {
    "metrics": [
      {
        "reactor_utilization": {
          "shard": "0",
          "value": 79.52740780000029
        }
      },
      {
        "reactor_utilization": {
          "shard": "1",
          "value": 80.112357660000015
        }
      },
      {
        "reactor_utilization": {
          "shard": "2",
          "value": 85.695831859999672
        }
      },
      {
        "reactor_utilization": {
          "shard": "3",
          "value": 94.008428420000101
        }
      },
      {
        "reactor_utilization": {
          "shard": "4",
          "value": 85.653968640000059
        }
      },
      {
        "reactor_utilization": {
          "shard": "5",
          "value": 96.576314060000385
        }
      },
      {
        "reactor_utilization": {
          "shard": "6",
          "value": 86.68396499999956
        }
      },
      {
        "reactor_utilization": {
          "shard": "7",
          "value": 84.330087579999812
        }
      }
    ]
  },
  {
    "metrics": [
      {
        "reactor_utilization": {
          "shard": "0",
          "value": 73.488355040000286
        }
      },
      {
        "reactor_utilization": {
          "shard": "1",
          "value": 82.205725040000033
        }
      },
      {
        "reactor_utilization": {
          "shard": "2",
          "value": 82.090678739999674
        }
      },
      {
        "reactor_utilization": {
          "shard": "3",
          "value": 95.155523280000097
        }
      },
      {
        "reactor_utilization": {
          "shard": "4",
          "value": 77.426201320000061
        }
      },
      {
        "reactor_utilization": {
          "shard": "5",
          "value": 96.321582240000382
        }
      },
      {
        "reactor_utilization": {
          "shard": "6",
          "value": 76.324376739999565
        }
      },
      {
        "reactor_utilization": {
          "shard": "7",
          "value": 88.749055479999811
        }
      }
    ]
  },
  {
    "metrics": [
      {
        "reactor_utilization": {
          "shard": "0",
          "value": 79.0328090200003
        }
      },
      {
        "reactor_utilization": {
          "shard": "1",
          "value": 84.616096780000035
        }
      },
      {
        "reactor_utilization": {
          "shard": "2",
          "value": 88.952922459999655
        }
      },
      {
        "reactor_utilization": {
          "shard": "3",
          "value": 99.1987966800001
        }
      },
      {
        "reactor_utilization": {
          "shard": "4",
          "value": 75.922817220000056
        }
      },
      {
        "reactor_utilization": {
          "shard": "5",
          "value": 82.128415960000382
        }
      },
      {
        "reactor_utilization": {
          "shard": "6",
          "value": 90.453222299999553
        }
      },
      {
        "reactor_utilization": {
          "shard": "7",
          "value": 84.294532079999811
        }
      }
    ]
  },
  {
    "metrics": [
      {
        "reactor_utilization": {
          "shard": "0",
          "value": 54.589993600000284
        }
      },
      {
        "reactor_utilization": {
          "shard": "1",
          "value": 71.315782040000045
        }
      },
      {
        "reactor_utilization": {
          "shard": "2",
          "value": 75.503695939999673
        }
      },
      {
        "reactor_utilization": {
          "shard": "3",
          "value": 97.450435220000102
        }
      },
      {
        "reactor_utilization": {
          "shard": "4",
          "value": 68.964963440000048
        }
      },
      {
        "reactor_utilization": {
          "shard": "5",
          "value": 84.115253700000366
        }
      },
      {
        "reactor_utilization": {
          "shard": "6",
          "value": 80.888314179999568
        }
      },
      {
        "reactor_utilization": {
          "shard": "7",
          "value": 89.575331539999809
        }
      }
    ]
  },
  {
    "metrics": [
      {
        "reactor_utilization": {
          "shard": "0",
          "value": 81.898682760000298
        }
      },
      {
        "reactor_utilization": {
          "shard": "1",
          "value": 61.511414960000032
        }
      },
      {
        "reactor_utilization": {
          "shard": "2",
          "value": 81.546967939999675
        }
      },
      {
        "reactor_utilization": {
          "shard": "3",
          "value": 98.72785884000011
        }
      },
      {
        "reactor_utilization": {
          "shard": "4",
          "value": 86.120246560000055
        }
      },
      {
        "reactor_utilization": {
          "shard": "5",
          "value": 86.999091100000385
        }
      },
      {
        "reactor_utilization": {
          "shard": "6",
          "value": 69.722675439999563
        }
      },
      {
        "reactor_utilization": {
          "shard": "7",
          "value": 92.703881619999805
        }
      }
    ]
  },
  {
    "metrics": [
      {
        "reactor_utilization": {
          "shard": "0",
          "value": 86.3047141400003
        }
      },
      {
        "reactor_utilization": {
          "shard": "1",
          "value": 80.580186140000038
        }
      },
      {
        "reactor_utilization": {
          "shard": "2",
          "value": 70.089180219999662
        }
      },
      {
        "reactor_utilization": {
          "shard": "3",
          "value": 98.124758100000093
        }
      },
      {
        "reactor_utilization": {
          "shard": "4",
          "value": 76.90855530000006
        }
      },
      {
        "reactor_utilization": {
          "shard": "5",
          "value": 78.469743720000366
        }
      },
      {
        "reactor_utilization": {
          "shard": "6",
          "value": 81.124092279999559
        }
      },
      {
        "reactor_utilization": {
          "shard": "7",
          "value": 85.1202558399998
        }
      }
    ]
  },
  {
    "metrics": [
      {
        "reactor_utilization": {
          "shard": "0",
          "value": 81.828895880000303
        }
      },
      {
        "reactor_utilization": {
          "shard": "1",
          "value": 78.145219760000046
        }
      },
      {
        "reactor_utilization": {
          "shard": "2",
          "value": 82.700111139999663
        }
      },
      {
        "reactor_utilization": {
          "shard": "3",
          "value": 98.510281260000099
        }
      },
      {
        "reactor_utilization": {
          "shard": "4",
          "value": 88.398149460000056
        }
      },
      {
        "reactor_utilization": {
          "shard": "5",
          "value": 80.75907432000038
        }
      },
      {
        "reactor_utilization": {
          "shard": "6",
          "value": 81.291478079999564
        }
      },
      {
        "reactor_utilization": {
          "shard": "7",
          "value": 91.81465731999981
        }
      }
    ]
  },
  {
    "metrics": [
      {
        "reactor_utilization": {
          "shard": "0",
          "value": 74.582086780000296
        }
      },
      {
        "reactor_utilization": {
          "shard": "1",
          "value": 78.132718960000034
        }
      },
      {
        "reactor_utilization": {
          "shard": "2",
          "value": 88.805595479999667
        }
      },
      {
        "reactor_utilization": {
          "shard": "3",
          "value": 96.978530180000106
        }
      },
      {
        "reactor_utilization": {
          "shard": "4",
          "value": 72.796606220000058
        }
      },
      {
        "reactor_utilization": {
          "shard": "5",
          "value": 84.331858600000373
        }
      },
      {
        "reactor_utilization": {
          "shard": "6",
          "value": 90.228968399999559
        }
      },
      {
        "reactor_utilization": {
          "shard": "7",
          "value": 90.531145599999803
        }
      }
    ]
  },
  {
    "metrics": [
      {
        "reactor_utilization": {
          "shard": "0",
          "value": 70.118978820000294
        }
      },
      {
        "reactor_utilization": {
          "shard": "1",
          "value": 62.738722440000039
        }
      },
      {
        "reactor_utilization": {
          "shard": "2",
          "value": 63.069070839999661
        }
      },
      {
        "reactor_utilization": {
          "shard": "3",
          "value": 99.667755200000101
        }
      },
      {
        "reactor_utilization": {
          "shard": "4",
          "value": 62.555592820000072
        }
      },
      {
        "reactor_utilization": {
          "shard": "5",
          "value": 72.519338900000378
        }
      },
      {
        "reactor_utilization": {
          "shard": "6",
          "value": 74.762361459999553
        }
      },
      {
        "reactor_utilization": {
          "shard": "7",
          "value": 68.16529063999981
        }
      }
    ]
  },
  {
    "metrics": [
      {
        "reactor_utilization": {
          "shard": "0",
          "value": 62.258188580000308
        }
      },
      {
        "reactor_utilization": {
          "shard": "1",
          "value": 61.662298340000035
        }
      },
      {
        "reactor_utilization": {
          "shard": "2",
          "value": 67.086221359999669
        }
      },
      {
        "reactor_utilization": {
          "shard": "3",
          "value": 91.894803380000099
        }
      },
      {
        "reactor_utilization": {
          "shard": "4",
          "value": 62.090426420000064
        }
      },
      {
        "reactor_utilization": {
          "shard": "5",
          "value": 66.414296440000385
        }
      },
      {
        "reactor_utilization": {
          "shard": "6",
          "value": 71.175383339999556
        }
      },
      {
        "reactor_utilization": {
          "shard": "7",
          "value": 79.618151659999796
        }
      }
    ]
  },
  {
    "metrics": [
      {
        "reactor_utilization": {
          "shard": "0",
          "value": 56.117587280000301
        }
      },
      {
        "reactor_utilization": {
          "shard": "1",
          "value": 59.458658320000033
        }
      },
      {
        "reactor_utilization": {
          "shard": "2",
          "value": 61.147604199999648
        }
      },
      {
        "reactor_utilization": {
          "shard": "3",
          "value": 93.675601500000099
        }
      },
      {
        "reactor_utilization": {
          "shard": "4",
          "value": 71.472387420000089
        }
      },
      {
        "reactor_utilization": {
          "shard": "5",
          "value": 68.017824320000372
        }
      },
      {
        "reactor_utilization": {
          "shard": "6",
          "value": 66.342465759999556
        }
      },
      {
        "reactor_utilization": {
          "shard": "7",
          "value": 67.725643539999808
        }
      }
    ]
  },
  {
    "metrics": [
      {
        "reactor_utilization": {
          "shard": "0",
          "value": 59.366465520000297
        }
      },
      {
        "reactor_utilization": {
          "shard": "1",
          "value": 83.094178740000032
        }
      },
      {
        "reactor_utilization": {
          "shard": "2",
          "value": 61.686310319999649
        }
      },
      {
        "reactor_utilization": {
          "shard": "3",
          "value": 91.208346720000094
        }
      },
      {
        "reactor_utilization": {
          "shard": "4",
          "value": 62.836306340000078
        }
      },
      {
        "reactor_utilization": {
          "shard": "5",
          "value": 50.118131280000377
        }
      },
      {
        "reactor_utilization": {
          "shard": "6",
          "value": 72.370517479999563
        }
      },
      {
        "reactor_utilization": {
          "shard": "7",
          "value": 74.547996519999813
        }
      }
    ]
  },
  {
    "metrics": [
      {
        "reactor_utilization": {
          "shard": "0",
          "value": 50.326438960000296
        }
      },
      {
        "reactor_utilization": {
          "shard": "1",
          "value": 55.772256320000032
        }
      },
      {
        "reactor_utilization": {
          "shard": "2",
          "value": 71.384897619999649
        }
      },
      {
        "reactor_utilization": {
          "shard": "3",
          "value": 87.173054980000103
        }
      },
      {
        "reactor_utilization": {
          "shard": "4",
          "value": 66.908947260000076
        }
      },
      {
        "reactor_utilization": {
          "shard": "5",
          "value": 56.894131600000385
        }
      },
      {
        "reactor_utilization": {
          "shard": "6",
          "value": 69.671138079999565
        }
      },
      {
        "reactor_utilization": {
          "shard": "7",
          "value": 65.333927659999802
        }
      }
    ]
  },
  {
    "metrics": [
      {
        "reactor_utilization": {
          "shard": "0",
          "value": 62.738898040000294
        }
      },
      {
        "reactor_utilization": {
          "shard": "1",
          "value": 70.315445140000037
        }
      },
      {
        "reactor_utilization": {
          "shard": "2",
          "value": 66.143078179999662
        }
      },
      {
        "reactor_utilization": {
          "shard": "3",
          "value": 93.733919940000092
        }
      },
      {
        "reactor_utilization": {
          "shard": "4",
          "value": 70.118507360000081
        }
      },
      {
        "reactor_utilization": {
          "shard": "5",
          "value": 65.092279860000374
        }
      },
      {
        "reactor_utilization": {
          "shard": "6",
          "value": 64.232765379999563
        }
      },
      {
        "reactor_utilization": {
          "shard": "7",
          "value": 77.021064879999798
        }
      }
    ]
  },
  {
    "metrics": [
      {
        "reactor_utilization": {
          "shard": "0",
          "value": 55.604548720000288
        }
      },
      {
        "reactor_utilization": {
          "shard": "1",
          "value": 73.296152680000034
        }
      },
      {
        "reactor_utilization": {
          "shard": "2",
          "value": 56.105614599999655
        }
      },
      {
        "reactor_utilization": {
          "shard": "3",
          "value": 95.469245440000094
        }
      },
      {
        "reactor_utilization": {
          "shard": "4",
          "value": 69.390190300000071
        }
      },
      {
        "reactor_utilization": {
          "shard": "5",
          "value": 67.184978060000361
        }
      },
      {
        "reactor_utilization": {
          "shard": "6",
          "value": 73.529164899999557
        }
      },
      {
        "reactor_utilization": {
          "shard": "7",
          "value": 76.4160833199998
        }
      }
    ]
  },
  {
    "metrics": [
      {
        "reactor_utilization": {
          "shard": "0",
          "value": 57.633371220000299
        }
      },
      {
        "reactor_utilization": {
          "shard": "1",
          "value": 56.168439160000041
        }
      },
      {
        "reactor_utilization": {
          "shard": "2",
          "value": 57.615099139999636
        }
      },
      {
        "reactor_utilization": {
          "shard": "3",
          "value": 98.514511000000098
        }
      },
      {
        "reactor_utilization": {
          "shard": "4",
          "value": 68.687803840000072
        }
      },
      {
        "reactor_utilization": {
          "shard": "5",
          "value": 64.764072640000364
        }
      },
      {
        "reactor_utilization": {
          "shard": "6",
          "value": 55.804940339999554
        }
      },
      {
        "reactor_utilization": {
          "shard": "7",
          "value": 56.182925119999794
        }
      }
    ]
  },
  {
    "metrics": [
      {
        "reactor_utilization": {
          "shard": "0",
          "value": 41.817456340000291
        }
      },
      {
        "reactor_utilization": {
          "shard": "1",
          "value": 43.982873520000034
        }
      },
      {
        "reactor_utilization": {
          "shard": "2",
          "value": 60.981768099999641
        }
      },
      {
        "reactor_utilization": {
          "shard": "3",
          "value": 95.623940100000098
        }
      },
      {
        "reactor_utilization": {
          "shard": "4",
          "value": 68.777514300000078
        }
      },
      {
        "reactor_utilization": {
          "shard": "5",
          "value": 63.211219000000376
        }
      },
      {
        "reactor_utilization": {
          "shard": "6",
          "value": 45.976828999999555
        }
      },
      {
        "reactor_utilization": {
          "shard": "7",
          "value": 48.964165019999797
        }
      }
    ]
  },
  {
    "metrics": [
      {
        "reactor_utilization": {
          "shard": "0",
          "value": 42.898610560000286
        }
      },
      {
        "reactor_utilization": {
          "shard": "1",
          "value": 44.440293580000024
        }
      },
      {
        "reactor_utilization": {
          "shard": "2",
          "value": 58.162039239999643
        }
      },
      {
        "reactor_utilization": {
          "shard": "3",
          "value": 96.576219440000102
        }
      },
      {
        "reactor_utilization": {
          "shard": "4",
          "value": 59.509099700000078
        }
      },
      {
        "reactor_utilization": {
          "shard": "5",
          "value": 52.176826460000356
        }
      },
      {
        "reactor_utilization": {
          "shard": "6",
          "value": 39.473340339999567
        }
      },
      {
        "reactor_utilization": {
          "shard": "7",
          "value": 43.929978639999803
        }
      }
    ]
  },
  {
    "metrics": [
      {
        "reactor_utilization": {
          "shard": "0",
          "value": 48.904152640000277
        }
      },
      {
        "reactor_utilization": {
          "shard": "1",
          "value": 41.851319520000033
        }
      },
      {
        "reactor_utilization": {
          "shard": "2",
          "value": 51.980046419999645
        }
      },
      {
        "reactor_utilization": {
          "shard": "3",
          "value": 90.177566100000092
        }
      },
      {
        "reactor_utilization": {
          "shard": "4",
          "value": 68.782363520000075
        }
      },
      {
        "reactor_utilization": {
          "shard": "5",
          "value": 65.333787980000352
        }
      },
      {
        "reactor_utilization": {
          "shard": "6",
          "value": 48.527393799999565
        }
      },
      {
        "reactor_utilization": {
          "shard": "7",
          "value": 44.9838698599998
        }
      }
    ]
  }
]
