[
  {
    "metrics": [
      {
        "reactor_utilization": {
          "shard": "0",
          "value": 84.610552880000128
        }
      },
      {
        "reactor_utilization": {
          "shard": "1",
          "value": 95.662113099999814
        }
      },
      {
        "reactor_utilization": {
          "shard": "2",
          "value": 86.479946359999857
        }
      },
      {
        "reactor_utilization": {
          "shard": "3",
          "value": 84.301177639999921
        }
      },
      {
        "reactor_utilization": {
          "shard": "4",
          "value": 65.453430160000039
        }
      },
      {
        "reactor_utilization": {
          "shard": "5",
          "value": 88.851838680000355
        }
      },
      {
        "reactor_utilization": {
          "shard": "6",
          "value": 78.249585979999679
        }
      },
      {
        "reactor_utilization": {
          "shard": "7",
          "value": 80.077039259999793
        }
      }
    ]
  },
  {
    "metrics": [
      {
        "reactor_utilization": {
          "shard": "0",
          "value": 89.92531466000014
        }
      },
      {
        "reactor_utilization": {
          "shard": "1",
          "value": 88.310451819999798
        }
      },
      {
        "reactor_utilization": {
          "shard": "2",
          "value": 83.851585379999861
        }
      },
      {
        "reactor_utilization": {
          "shard": "3",
          "value": 82.775097859999931
        }
      },
      {
        "reactor_utilization": {
          "shard": "4",
          "value": 72.188981340000041
        }
      },
      {
        "reactor_utilization": {
          "shard": "5",
          "value": 79.269898300000349
        }
      },
      {
        "reactor_utilization": {
          "shard": "6",
          "value": 96.347806459999674
        }
      },
      {
        "reactor_utilization": {
          "shard": "7",
          "value": 89.765603739999804
        }
      }
    ]
  },
  {
    "metrics": [
      {
        "reactor_utilization": {
          "shard": "0",
          "value": 94.919801180000135
        }
      },
      {
        "reactor_utilization": {
          "shard": "1",
          "value": 86.727868139999813
        }
      },
      {
        "reactor_utilization": {
          "shard": "2",
          "value": 81.448077959999864
        }
      },
      {
        "reactor_utilization": {
          "shard": "3",
          "value": 91.989266659999927
        }
      },
      {
        "reactor_utilization": {
          "shard": "4",
          "value": 73.478089720000042
        }
      },
      {
        "reactor_utilization": {
          "shard": "5",
          "value": 88.023424320000359
        }
      },
      {
        "reactor_utilization": {
          "shard": "6",
          "value": 83.92330525999968
        }
      },
      {
        "reactor_utilization": {
          "shard": "7",
          "value": 97.349151999999791
        }
      }
    ]
  },
  {
    "metrics": [
      {
        "reactor_utilization": {
          "shard": "0",
          "value": 84.543992600000138
        }
      },
      {
        "reactor_utilization": {
          "shard": "1",
          "value": 84.97900281999982
        }
      },
      {
        "reactor_utilization": {
          "shard": "2",
          "value": 80.575715199999863
        }
      },
      {
        "reactor_utilization": {
          "shard": "3",
          "value": 82.707326379999927
        }
      },
      {
        "reactor_utilization": {
          "shard": "4",
          "value": 62.566253520000039
        }
      },
      {
        "reactor_utilization": {
          "shard": "5",
          "value": 68.897219900000366
        }
      },
      {
        "reactor_utilization": {
          "shard": "6",
          "value": 72.473957459999667
        }
      },
      {
        "reactor_utilization": {
          "shard": "7",
          "value": 93.180708299999793
        }
      }
    ]
  },
  {
    "metrics": [
      {
        "reactor_utilization": {
          "shard": "0",
          "value": 83.487524120000131
        }
      },
      {
        "reactor_utilization": {
          "shard": "1",
          "value": 77.268797579999799
        }
      },
      {
        "reactor_utilization": {
          "shard": "2",
          "value": 86.223656119999859
        }
      },
      {
        "reactor_utilization": {
          "shard": "3",
          "value": 85.730624079999913
        }
      },
      {
        "reactor_utilization": {
          "shard": "4",
          "value": 57.774340280000033
        }
      },
      {
        "reactor_utilization": {
          "shard": "5",
          "value": 73.967068640000349
        }
      },
      {
        "reactor_utilization": {
          "shard": "6",
          "value": 96.756483819999687
        }
      },
      {
        "reactor_utilization": {
          "shard": "7",
          "value": 85.207209199999795
        }
      }
    ]
  },
  {
    "metrics": [
      {
        "reactor_utilization": {
          "shard": "0",
          "value": 98.158040160000141
        }
      },
      {
        "reactor_utilization": {
          "shard": "1",
          "value": 85.863053159999808
        }
      },
      {
        "reactor_utilization": {
          "shard": "2",
          "value": 85.555416679999865
        }
      },
      {
        "reactor_utilization": {
          "shard": "3",
          "value": 84.498150259999932
        }
      },
      {
        "reactor_utilization": {
          "shard": "4",
          "value": 79.307790160000053
        }
      },
      {
        "reactor_utilization": {
          "shard": "5",
          "value": 76.684707700000359
        }
      },
      {
        "reactor_utilization": {
          "shard": "6",
          "value": 91.142269159999671
        }
      },
      {
        "reactor_utilization": {
          "shard": "7",
          "value": 79.679803499999792
        }
      }
    ]
  },
  {
    "metrics": [
      {
        "reactor_utilization": {
          "shard": "0",
          "value": 84.249125400000139
        }
      },
      {
        "reactor_utilization": {
          "shard": "1",
          "value": 92.532783719999813
        }
      },
      {
        "reactor_utilization": {
          "shard": "2",
          "value": 80.022586259999855
        }
      },
      {
        "reactor_utilization": {
          "shard": "3",
          "value": 92.115464279999927
        }
      },
      {
        "reactor_utilization": {
          "shard": "4",
          "value": 81.509521880000051
        }
      },
      {
        "reactor_utilization": {
          "shard": "5",
          "value": 78.672975020000351
        }
      },
      {
        "reactor_utilization": {
          "shard": "6",
          "value": 75.419157359999687
        }
      },
      {
        "reactor_utilization": {
          "shard": "7",
          "value": 81.866554019999796
        }
      }
    ]
  },
  {
    "metrics": [
      {
        "reactor_utilization": {
          "shard": "0",
          "value": 78.518182340000138
        }
      },
      {
        "reactor_utilization": {
          "shard": "1",
          "value": 84.397637859999804
        }
      },
      {
        "reactor_utilization": {
          "shard": "2",
          "value": 83.365802099999868
        }
      },
      {
        "reactor_utilization": {
          "shard": "3",
          "value": 67.88266119999993
        }
      },
      {
        "reactor_utilization": {
          "shard": "4",
          "value": 80.335285060000047
        }
      },
      {
        "reactor_utilization": {
          "shard": "5",
          "value": 88.418766280000355
        }
      },
      {
        "reactor_utilization": {
          "shard": "6",
          "value": 88.35677079999968
        }
      },
      {
        "reactor_utilization": {
          "shard": "7",
          "value": 94.1732153399998
        }
      }
    ]
  },
  {
    "metrics": [
      {
        "reactor_utilization": {
          "shard": "0",
          "value": 85.731567840000153
        }
      },
      {
        "reactor_utilization": {
          "shard": "1",
          "value": 81.877788499999809
        }
      },
      {
        "reactor_utilization": {
          "shard": "2",
          "value": 88.876463079999851
        }
      },
      {
        "reactor_utilization": {
          "shard": "3",
          "value": 79.864565299999924
        }
      },
      {
        "reactor_utilization": {
          "shard": "4",
          "value": 79.843431620000047
        }
      },
      {
        "reactor_utilization": {
          "shard": "5",
          "value": 83.832990180000351
        }
      },
      {
        "reactor_utilization": {
          "shard": "6",
          "value": 83.124916019999688
        }
      },
      {
        "reactor_utilization": {
          "shard": "7",
          "value": 80.219109659999788
        }
      }
    ]
  },
  {
    "metrics": [
      {
        "reactor_utilization": {
          "shard": "0",
          "value": 96.818245920000152
        }
      },
      {
        "reactor_utilization": {
          "shard": "1",
          "value": 85.94160343999981
        }
      },
      {
        "reactor_utilization": {
          "shard": "2",
          "value": 83.748003039999858
        }
      },
      {
        "reactor_utilization": {
          "shard": "3",
          "value": 94.460564219999938
        }
      },
      {
        "reactor_utilization": {
          "shard": "4",
          "value": 64.099360400000037
        }
      },
      {
        "reactor_utilization": {
          "shard": "5",
          "value": 69.257053900000358
        }
      },
      {
        "reactor_utilization": {
          "shard": "6",
          "value": 79.880786779999681
        }
      },
      {
        "reactor_utilization": {
          "shard": "7",
          "value": 86.312478459999795
        }
      }
    ]
  },
  {
    "metrics": [
      {
        "reactor_utilization": {
          "shard": "0",
          "value": 78.361582480000152
        }
      },
      {
        "reactor_utilization": {
          "shard": "1",
          "value": 89.274412999999811
        }
      },
      {
        "reactor_utilization": {
          "shard": "2",
          "value": 88.957474559999866
        }
      },
      {
        "reactor_utilization": {
          "shard": "3",
          "value": 73.157651939999923
        }
      },
      {
        "reactor_utilization": {
          "shard": "4",
          "value": 78.659293840000046
        }
      },
      {
        "reactor_utilization": {
          "shard": "5",
          "value": 66.922927220000375
        }
      },
      {
        "reactor_utilization": {
          "shard": "6",
          "value": 96.505968979999679
        }
      },
      {
        "reactor_utilization": {
          "shard": "7",
          "value": 89.324007879999783
        }
      }
    ]
  },
  {
    "metrics": [
      {
        "reactor_utilization": {
          "shard": "0",
          "value": 79.246534300000164
        }
      },
      {
        "reactor_utilization": {
          "shard": "1",
          "value": 87.076164219999811
        }
      },
      {
        "reactor_utilization": {
          "shard": "2",
          "value": 91.255333499999864
        }
      },
      {
        "reactor_utilization": {
          "shard": "3",
          "value": 87.132509579999933
        }
      },
      {
        "reactor_utilization": {
          "shard": "4",
          "value": 79.068476680000032
        }
      },
      {
        "reactor_utilization": {
          "shard": "5",
          "value": 92.579607640000376
        }
      },
      {
        "reactor_utilization": {
          "shard": "6",
          "value": 92.089202039999691
        }
      },
      {
        "reactor_utilization": {
          "shard": "7",
          "value": 79.789888159999791
        }
      }
    ]
  },
  {
    "metrics": [
      {
        "reactor_utilization": {
          "shard": "0",
          "value": 78.960312940000151
        }
      },
      {
        "reactor_utilization": {
          "shard": "1",
          "value": 89.105533019999811
        }
      },
      {
        "reactor_utilization": {
          "shard": "2",
          "value": 84.398776379999859
        }
      },
      {
        "reactor_utilization": {
          "shard": "3",
          "value": 61.809103159999935
        }
      },
      {
        "reactor_utilization": {
          "shard": "4",
          "value": 80.929954280000032
        }
      },
      {
        "reactor_utilization": {
          "shard": "5",
          "value": 97.295211960000373
        }
      },
      {
        "reactor_utilization": {
          "shard": "6",
          "value": 69.75431295999968
        }
      },
      {
        "reactor_utilization": {
          "shard": "7",
          "value": 85.320474939999798
        }
      }
    ]
  },
  {
    "metrics": [
      {
        "reactor_utilization": {
          "shard": "0",
          "value": 78.260886620000164
        }
      },
      {
        "reactor_utilization": {
          "shard": "1",
          "value": 84.990421099999807
        }
      },
      {
        "reactor_utilization": {
          "shard": "2",
          "value": 95.124435259999856
        }
      },
      {
        "reactor_utilization": {
          "shard": "3",
          "value": 85.727079219999936
        }
      },
      {
        "reactor_utilization": {
          "shard": "4",
          "value": 76.281395860000032
        }
      },
      {
        "reactor_utilization": {
          "shard": "5",
          "value": 95.539541160000368
        }
      },
      {
        "reactor_utilization": {
          "shard": "6",
          "value": 72.856492619999685
        }
      },
      {
        "reactor_utilization": {
          "shard": "7",
          "value": 89.670983599999801
        }
      }
    ]
  },
  {
    "metrics": [
      {
        "reactor_utilization": {
          "shard": "0",
          "value": 89.705805840000167
        }
      },
      {
        "reactor_utilization": {
          "shard": "1",
          "value": 79.200850079999825
        }
      },
      {
        "reactor_utilization": {
          "shard": "2",
          "value": 82.732223079999855
        }
      },
      {
        "reactor_utilization": {
          "shard": "3",
          "value": 96.626601739999941
        }
      },
      {
        "reactor_utilization": {
          "shard": "4",
          "value": 82.749971320000043
        }
      },
      {
        "reactor_utilization": {
          "shard": "5",
          "value": 93.704881700000371
        }
      },
      {
        "reactor_utilization": {
          "shard": "6",
          "value": 74.757880199999676
        }
      },
      {
        "reactor_utilization": {
          "shard": "7",
          "value": 86.056331279999782
        }
      }
    ]
  },
  {
    "metrics": [
      {
        "reactor_utilization": {
          "shard": "0",
          "value": 90.282323480000159
        }
      },
      {
        "reactor_utilization": {
          "shard": "1",
          "value": 83.27832785999982
        }
      },
      {
        "reactor_utilization": {
          "shard": "2",
          "value": 82.728042379999863
        }
      },
      {
        "reactor_utilization": {
          "shard": "3",
          "value": 83.923888059999939
        }
      },
      {
        "reactor_utilization": {
          "shard": "4",
          "value": 73.737111420000033
        }
      },
      {
        "reactor_utilization": {
          "shard": "5",
          "value": 85.960912000000377
        }
      },
      {
        "reactor_utilization": {
          "shard": "6",
          "value": 79.998577619999679
        }
      },
      {
        "reactor_utilization": {
          "shard": "7",
          "value": 81.73323511999979
        }
      }
    ]
  },
  {
    "metrics": [
      {
        "reactor_utilization": {
          "shard": "0",
          "value": 75.010481900000173
        }
      },
      {
        "reactor_utilization": {
          "shard": "1",
          "value": 85.734014479999814
        }
      },
      {
        "reactor_utilization": {
          "shard": "2",
          "value": 83.753307619999859
        }
      },
      {
        "reactor_utilization": {
          "shard": "3",
          "value": 82.469034539999939
        }
      },
      {
        "reactor_utilization": {
          "shard": "4",
          "value": 62.602841500000025
        }
      },
      {
        "reactor_utilization": {
          "shard": "5",
          "value": 82.93993322000037
        }
      },
      {
        "reactor_utilization": {
          "shard": "6",
          "value": 95.821605879999666
        }
      },
      {
        "reactor_utilization": {
          "shard": "7",
          "value": 93.828417679999802
        }
      }
    ]
  },
  {
    "metrics": [
      {
        "reactor_utilization": {
          "shard": "0",
          "value": 85.282894740000174
        }
      },
      {
        "reactor_utilization": {
          "shard": "1",
          "value": 95.356303419999819
        }
      },
      {
        "reactor_utilization": {
          "shard": "2",
          "value": 77.763138999999853
        }
      },
      {
        "reactor_utilization": {
          "shard": "3",
          "value": 76.455438479999955
        }
      },
      {
        "reactor_utilization": {
          "shard": "4",
          "value": 72.227183060000044
        }
      },
      {
        "reactor_utilization": {
          "shard": "5",
          "value": 75.794088820000383
        }
      },
      {
        "reactor_utilization": {
          "shard": "6",
          "value": 95.405888039999681
        }
      },
      {
        "reactor_utilization": {
          "shard": "7",
          "value": 82.446864859999792
        }
      }
    ]
  },
  {
    "metrics": [
      {
        "reactor_utilization": {
          "shard": "0",
          "value": 83.041468660000177
        }
      },
      {
        "reactor_utilization": {
          "shard": "1",
          "value": 86.480214939999826
        }
      },
      {
        "reactor_utilization": {
          "shard": "2",
          "value": 93.913583799999856
        }
      },
      {
        "reactor_utilization": {
          "shard": "3",
          "value": 84.114335799999949
        }
      },
      {
        "reactor_utilization": {
          "shard": "4",
          "value": 85.444030600000048
        }
      },
      {
        "reactor_utilization": {
          "shard": "5",
          "value": 89.424544420000387
        }
      },
      {
        "reactor_utilization": {
          "shard": "6",
          "value": 86.392209279999662
        }
      },
      {
        "reactor_utilization": {
          "shard": "7",
          "value": 85.911189199999797
        }
      }
    ]
  },
  {
    "metrics": [
      {
        "reactor_utilization": {
          "shard": "0",
          "value": 83.545738320000169
        }
      },
      {
        "reactor_utilization": {
          "shard": "1",
          "value": 86.000010599999825
        }
      },
      {
        "reactor_utilization": {
          "shard": "2",
          "value": 78.17366141999986
        }
      },
      {
        "reactor_utilization": {
          "shard": "3",
          "value": 93.861196159999949
        }
      },
      {
        "reactor_utilization": {
          "shard": "4",
          "value": 87.304055440000042
        }
      },
      {
        "reactor_utilization": {
          "shard": "5",
          "value": 88.03703938000038
        }
      },
      {
        "reactor_utilization": {
          "shard": "6",
          "value": 85.45283915999967
        }
      },
      {
        "reactor_utilization": {
          "shard": "7",
          "value": 89.562680659999799
        }
      }
    ]
  },
  {
    "metrics": [
      {
        "reactor_utilization": {
          "shard": "0",
          "value": 96.734421360000169
        }
      },
      {
        "reactor_utilization": {
          "shard": "1",
          "value": 89.251510039999815
        }
      },
      {
        "reactor_utilization": {
          "shard": "2",
          "value": 80.44341087999986
        }
      },
      {
        "reactor_utilization": {
          "shard": "3",
          "value": 92.416542459999945
        }
      },
      {
        "reactor_utilization": {
          "shard": "4",
          "value": 70.819338900000034
        }
      },
      {
        "reactor_utilization": {
          "shard": "5",
          "value": 77.07545810000039
        }
      },
      {
        "reactor_utilization": {
          "shard": "6",
          "value": 89.541562619999667
        }
      },
      {
        "reactor_utilization": {
          "shard": "7",
          "value": 87.429185159999804
        }
      }
    ]
  },
  {
    "metrics": [
      {
        "reactor_utilization": {
          "shard": "0",
          "value": 91.341711200000162
        }
      },
      {
        "reactor_utilization": {
          "shard": "1",
          "value": 78.257838059999813
        }
      },
      {
        "reactor_utilization": {
          "shard": "2",
          "value": 87.294057879999869
        }
      },
      {
        "reactor_utilization": {
          "shard": "3",
          "value": 93.853341919999949
        }
      },
      {
        "reactor_utilization": {
          "shard": "4",
          "value": 68.468964560000032
        }
      },
      {
        "reactor_utilization": {
          "shard": "5",
          "value": 86.291502820000375
        }
      },
      {
        "reactor_utilization": {
          "shard": "6",
          "value": 72.117246499999681
        }
      },
      {
        "reactor_utilization": {
          "shard": "7",
          "value": 86.26366035999979
        }
      }
    ]
  },
  {
    "metrics": [
      {
        "reactor_utilization": {
          "shard": "0",
          "value": 90.218767460000166
        }
      },
      {
        "reactor_utilization": {
          "shard": "1",
          "value": 84.874142139999819
        }
      },
      {
        "reactor_utilization": {
          "shard": "2",
          "value": 78.220253959999852
        }
      },
      {
        "reactor_utilization": {
          "shard": "3",
          "value": 88.219037139999941
        }
      },
      {
        "reactor_utilization": {
          "shard": "4",
          "value": 86.25819346000003
        }
      },
      {
        "reactor_utilization": {
          "shard": "5",
          "value": 88.115555740000389
        }
      },
      {
        "reactor_utilization": {
          "shard": "6",
          "value": 81.437717619999674
        }
      },
      {
        "reactor_utilization": {
          "shard": "7",
          "value": 85.687127479999802
        }
      }
    ]
  },
  {
    "metrics": [
      {
        "reactor_utilization": {
          "shard": "0",
          "value": 84.320703480000176
        }
      },
      {
        "reactor_utilization": {
          "shard": "1",
          "value": 75.479377379999818
        }
      },
      {
        "reactor_utilization": {
          "shard": "2",
          "value": 89.588922799999864
        }
      },
      {
        "reactor_utilization": {
          "shard": "3",
          "value": 83.630678259999939
        }
      },
      {
        "reactor_utilization": {
          "shard": "4",
          "value": 75.702726320000039
        }
      },
      {
        "reactor_utilization": {
          "shard": "5",
          "value": 84.321586060000371
        }
      },
      {
        "reactor_utilization": {
          "shard": "6",
          "value": 95.855986339999674
        }
      },
      {
        "reactor_utilization": {
          "shard": "7",
          "value": 84.800616299999803
        }
      }
    ]
  }
]
