[
  {
    "metrics": [
      {
        "reactor_utilization": {
          "shard": "0",
          "value": 83.594670700000179
        }
      },
      {
        "reactor_utilization": {
          "shard": "1",
          "value": 87.436404819999808
        }
      },
      {
        "reactor_utilization": {
          "shard": "2",
          "value": 76.360873899999831
        }
      },
      {
        "reactor_utilization": {
          "shard": "3",
          "value": 86.650647859999921
        }
      },
      {
        "reactor_utilization": {
          "shard": "4",
          "value": 80.969010219999959
        }
      },
      {
        "reactor_utilization": {
          "shard": "5",
          "value": 92.59309608000035
        }
      },
      {
        "reactor_utilization": {
          "shard": "6",
          "value": 83.830395619999678
        }
      },
      {
        "reactor_utilization": {
          "shard": "7",
          "value": 76.891872099999787
        }
      }
    ]
  },
  {
    "metrics": [
      {
        "reactor_utilization": {
          "shard": "0",
          "value": 99.705398660000171
        }
      },
      {
        "reactor_utilization": {
          "shard": "1",
          "value": 78.660728659999805
        }
      },
      {
        "reactor_utilization": {
          "shard": "2",
          "value": 78.752465399999821
        }
      },
      {
        "reactor_utilization": {
          "shard": "3",
          "value": 79.381410519999918
        }
      },
      {
        "reactor_utilization": {
          "shard": "4",
          "value": 68.658938559999967
        }
      },
      {
        "reactor_utilization": {
          "shard": "5",
          "value": 81.205551180000342
        }
      },
      {
        "reactor_utilization": {
          "shard": "6",
          "value": 78.235838379999677
        }
      },
      {
        "reactor_utilization": {
          "shard": "7",
          "value": 76.625872559999792
        }
      }
    ]
  },
  {
    "metrics": [
      {
        "reactor_utilization": {
          "shard": "0",
          "value": 80.561939920000171
        }
      },
      {
        "reactor_utilization": {
          "shard": "1",
          "value": 93.103752679999801
        }
      },
      {
        "reactor_utilization": {
          "shard": "2",
          "value": 79.233103719999832
        }
      },
      {
        "reactor_utilization": {
          "shard": "3",
          "value": 77.126801259999908
        }
      },
      {
        "reactor_utilization": {
          "shard": "4",
          "value": 74.435341779999959
        }
      },
      {
        "reactor_utilization": {
          "shard": "5",
          "value": 92.371939060000358
        }
      },
      {
        "reactor_utilization": {
          "shard": "6",
          "value": 84.699892979999674
        }
      },
      {
        "reactor_utilization": {
          "shard": "7",
          "value": 86.118670319999779
        }
      }
    ]
  },
  {
    "metrics": [
      {
        "reactor_utilization": {
          "shard": "0",
          "value": 88.23541512000017
        }
      },
      {
        "reactor_utilization": {
          "shard": "1",
          "value": 81.068461719999803
        }
      },
      {
        "reactor_utilization": {
          "shard": "2",
          "value": 84.463857099999828
        }
      },
      {
        "reactor_utilization": {
          "shard": "3",
          "value": 83.625218519999905
        }
      },
      {
        "reactor_utilization": {
          "shard": "4",
          "value": 66.918668219999958
        }
      },
      {
        "reactor_utilization": {
          "shard": "5",
          "value": 66.063683080000345
        }
      },
      {
        "reactor_utilization": {
          "shard": "6",
          "value": 96.37913197999967
        }
      },
      {
        "reactor_utilization": {
          "shard": "7",
          "value": 94.642844759999775
        }
      }
    ]
  },
  {
    "metrics": [
      {
        "reactor_utilization": {
          "shard": "0",
          "value": 88.79509564000017
        }
      },
      {
        "reactor_utilization": {
          "shard": "1",
          "value": 78.537695619999809
        }
      },
      {
        "reactor_utilization": {
          "shard": "2",
          "value": 87.885561639999835
        }
      },
      {
        "reactor_utilization": {
          "shard": "3",
          "value": 97.921155459999923
        }
      },
      {
        "reactor_utilization": {
          "shard": "4",
          "value": 77.089262619999957
        }
      },
      {
        "reactor_utilization": {
          "shard": "5",
          "value": 80.737941800000357
        }
      },
      {
        "reactor_utilization": {
          "shard": "6",
          "value": 76.633537159999676
        }
      },
      {
        "reactor_utilization": {
          "shard": "7",
          "value": 87.818038019999776
        }
      }
    ]
  },
  {
    "metrics": [
      {
        "reactor_utilization": {
          "shard": "0",
          "value": 87.269560440000177
        }
      },
      {
        "reactor_utilization": {
          "shard": "1",
          "value": 89.945851779999813
        }
      },
      {
        "reactor_utilization": {
          "shard": "2",
          "value": 88.510631159999818
        }
      },
      {
        "reactor_utilization": {
          "shard": "3",
          "value": 85.073133859999913
        }
      },
      {
        "reactor_utilization": {
          "shard": "4",
          "value": 83.302505459999949
        }
      },
      {
        "reactor_utilization": {
          "shard": "5",
          "value": 84.970171960000357
        }
      },
      {
        "reactor_utilization": {
          "shard": "6",
          "value": 91.583092119999691
        }
      },
      {
        "reactor_utilization": {
          "shard": "7",
          "value": 90.605722619999781
        }
      }
    ]
  },
  {
    "metrics": [
      {
        "reactor_utilization": {
          "shard": "0",
          "value": 93.266384440000166
        }
      },
      {
        "reactor_utilization": {
          "shard": "1",
          "value": 86.547835279999802
        }
      },
      {
        "reactor_utilization": {
          "shard": "2",
          "value": 80.042064159999825
        }
      },
      {
        "reactor_utilization": {
          "shard": "3",
          "value": 90.553937579999925
        }
      },
      {
        "reactor_utilization": {
          "shard": "4",
          "value": 76.254059479999952
        }
      },
      {
        "reactor_utilization": {
          "shard": "5",
          "value": 88.709459160000364
        }
      },
      {
        "reactor_utilization": {
          "shard": "6",
          "value": 80.570175099999688
        }
      },
      {
        "reactor_utilization": {
          "shard": "7",
          "value": 83.632751999999783
        }
      }
    ]
  },
  {
    "metrics": [
      {
        "reactor_utilization": {
          "shard": "0",
          "value": 83.100731840000179
        }
      },
      {
        "reactor_utilization": {
          "shard": "1",
          "value": 85.319807599999805
        }
      },
      {
        "reactor_utilization": {
          "shard": "2",
          "value": 77.680207419999817
        }
      },
      {
        "reactor_utilization": {
          "shard": "3",
          "value": 77.548802359999925
        }
      },
      {
        "reactor_utilization": {
          "shard": "4",
          "value": 79.788805279999949
        }
      },
      {
        "reactor_utilization": {
          "shard": "5",
          "value": 77.05994358000035
        }
      },
      {
        "reactor_utilization": {
          "shard": "6",
          "value": 90.118764139999683
        }
      },
      {
        "reactor_utilization": {
          "shard": "7",
          "value": 97.952008799999788
        }
      }
    ]
  },
  {
    "metrics": [
      {
        "reactor_utilization": {
          "shard": "0",
          "value": 84.170688400000174
        }
      },
      {
        "reactor_utilization": {
          "shard": "1",
          "value": 85.493577399999808
        }
      },
      {
        "reactor_utilization": {
          "shard": "2",
          "value": 86.87254485999982
        }
      },
      {
        "reactor_utilization": {
          "shard": "3",
          "value": 84.689053279999911
        }
      },
      {
        "reactor_utilization": {
          "shard": "4",
          "value": 78.960254959999958
        }
      },
      {
        "reactor_utilization": {
          "shard": "5",
          "value": 80.301820680000361
        }
      },
      {
        "reactor_utilization": {
          "shard": "6",
          "value": 85.735409879999679
        }
      },
      {
        "reactor_utilization": {
          "shard": "7",
          "value": 84.837486719999788
        }
      }
    ]
  },
  {
    "metrics": [
      {
        "reactor_utilization": {
          "shard": "0",
          "value": 85.102533740000169
        }
      },
      {
        "reactor_utilization": {
          "shard": "1",
          "value": 86.416482199999805
        }
      },
      {
        "reactor_utilization": {
          "shard": "2",
          "value": 83.238866879999819
        }
      },
      {
        "reactor_utilization": {
          "shard": "3",
          "value": 85.607929979999923
        }
      },
      {
        "reactor_utilization": {
          "shard": "4",
          "value": 80.947801119999951
        }
      },
      {
        "reactor_utilization": {
          "shard": "5",
          "value": 93.560150600000355
        }
      },
      {
        "reactor_utilization": {
          "shard": "6",
          "value": 81.260213279999675
        }
      },
      {
        "reactor_utilization": {
          "shard": "7",
          "value": 92.944401319999798
        }
      }
    ]
  },
  {
    "metrics": [
      {
        "reactor_utilization": {
          "shard": "0",
          "value": 87.991663580000164
        }
      },
      {
        "reactor_utilization": {
          "shard": "1",
          "value": 78.06523525999981
        }
      },
      {
        "reactor_utilization": {
          "shard": "2",
          "value": 91.126731339999822
        }
      },
      {
        "reactor_utilization": {
          "shard": "3",
          "value": 80.044821999999911
        }
      },
      {
        "reactor_utilization": {
          "shard": "4",
          "value": 86.656608599999956
        }
      },
      {
        "reactor_utilization": {
          "shard": "5",
          "value": 85.32975332000035
        }
      },
      {
        "reactor_utilization": {
          "shard": "6",
          "value": 86.787909979999682
        }
      },
      {
        "reactor_utilization": {
          "shard": "7",
          "value": 72.252811119999791
        }
      }
    ]
  },
  {
    "metrics": [
      {
        "reactor_utilization": {
          "shard": "0",
          "value": 80.514525740000181
        }
      },
      {
        "reactor_utilization": {
          "shard": "1",
          "value": 93.184869359999794
        }
      },
      {
        "reactor_utilization": {
          "shard": "2",
          "value": 85.67199035999981
        }
      },
      {
        "reactor_utilization": {
          "shard": "3",
          "value": 91.128328379999928
        }
      },
      {
        "reactor_utilization": {
          "shard": "4",
          "value": 79.19266055999995
        }
      },
      {
        "reactor_utilization": {
          "shard": "5",
          "value": 87.031818000000357
        }
      },
      {
        "reactor_utilization": {
          "shard": "6",
          "value": 97.105847919999675
        }
      },
      {
        "reactor_utilization": {
          "shard": "7",
          "value": 83.38532613999979
        }
      }
    ]
  },
  {
    "metrics": [
      {
        "reactor_utilization": {
          "shard": "0",
          "value": 81.325231580000164
        }
      },
      {
        "reactor_utilization": {
          "shard": "1",
          "value": 93.376561979999806
        }
      },
      {
        "reactor_utilization": {
          "shard": "2",
          "value": 84.823194019999818
        }
      },
      {
        "reactor_utilization": {
          "shard": "3",
          "value": 83.012542499999924
        }
      },
      {
        "reactor_utilization": {
          "shard": "4",
          "value": 72.663438559999946
        }
      },
      {
        "reactor_utilization": {
          "shard": "5",
          "value": 82.613204880000353
        }
      },
      {
        "reactor_utilization": {
          "shard": "6",
          "value": 73.63651681999967
        }
      },
      {
        "reactor_utilization": {
          "shard": "7",
          "value": 96.844396599999797
        }
      }
    ]
  },
  {
    "metrics": [
      {
        "reactor_utilization": {
          "shard": "0",
          "value": 87.439433700000166
        }
      },
      {
        "reactor_utilization": {
          "shard": "1",
          "value": 94.191353699999809
        }
      },
      {
        "reactor_utilization": {
          "shard": "2",
          "value": 80.778330739999817
        }
      },
      {
        "reactor_utilization": {
          "shard": "3",
          "value": 59.27186173999992
        }
      },
      {
        "reactor_utilization": {
          "shard": "4",
          "value": 78.894955779999961
        }
      },
      {
        "reactor_utilization": {
          "shard": "5",
          "value": 99.607492320000361
        }
      },
      {
        "reactor_utilization": {
          "shard": "6",
          "value": 72.660951959999679
        }
      },
      {
        "reactor_utilization": {
          "shard": "7",
          "value": 82.928763039999779
        }
      }
    ]
  },
  {
    "metrics": [
      {
        "reactor_utilization": {
          "shard": "0",
          "value": 83.174072820000163
        }
      },
      {
        "reactor_utilization": {
          "shard": "1",
          "value": 81.412937619999809
        }
      },
      {
        "reactor_utilization": {
          "shard": "2",
          "value": 87.915935559999809
        }
      },
      {
        "reactor_utilization": {
          "shard": "3",
          "value": 89.965663359999908
        }
      },
      {
        "reactor_utilization": {
          "shard": "4",
          "value": 75.214663839999957
        }
      },
      {
        "reactor_utilization": {
          "shard": "5",
          "value": 92.153567100000359
        }
      },
      {
        "reactor_utilization": {
          "shard": "6",
          "value": 82.448944039999674
        }
      },
      {
        "reactor_utilization": {
          "shard": "7",
          "value": 75.918728239999794
        }
      }
    ]
  },
  {
    "metrics": [
      {
        "reactor_utilization": {
          "shard": "0",
          "value": 81.151721980000175
        }
      },
      {
        "reactor_utilization": {
          "shard": "1",
          "value": 84.427885879999806
        }
      },
      {
        "reactor_utilization": {
          "shard": "2",
          "value": 86.107852659999821
        }
      },
      {
        "reactor_utilization": {
          "shard": "3",
          "value": 92.885983339999925
        }
      },
      {
        "reactor_utilization": {
          "shard": "4",
          "value": 79.277297779999969
        }
      },
      {
        "reactor_utilization": {
          "shard": "5",
          "value": 89.463710020000349
        }
      },
      {
        "reactor_utilization": {
          "shard": "6",
          "value": 77.160778719999684
        }
      },
      {
        "reactor_utilization": {
          "shard": "7",
          "value": 98.077237119999779
        }
      }
    ]
  },
  {
    "metrics": [
      {
        "reactor_utilization": {
          "shard": "0",
          "value": 83.461805220000159
        }
      },
      {
        "reactor_utilization": {
          "shard": "1",
          "value": 89.429589859999808
        }
      },
      {
        "reactor_utilization": {
          "shard": "2",
          "value": 85.563285799999818
        }
      },
      {
        "reactor_utilization": {
          "shard": "3",
          "value": 92.310078459999929
        }
      },
      {
        "reactor_utilization": {
          "shard": "4",
          "value": 77.169676179999968
        }
      },
      {
        "reactor_utilization": {
          "shard": "5",
          "value": 92.858310860000344
        }
      },
      {
        "reactor_utilization": {
          "shard": "6",
          "value": 87.541570439999688
        }
      },
      {
        "reactor_utilization": {
          "shard": "7",
          "value": 77.896062259999781
        }
      }
    ]
  },
  {
    "metrics": [
      {
        "reactor_utilization": {
          "shard": "0",
          "value": 86.95124894000017
        }
      },
      {
        "reactor_utilization": {
          "shard": "1",
          "value": 87.110286519999818
        }
      },
      {
        "reactor_utilization": {
          "shard": "2",
          "value": 78.799997179999821
        }
      },
      {
        "reactor_utilization": {
          "shard": "3",
          "value": 77.515540119999926
        }
      },
      {
        "reactor_utilization": {
          "shard": "4",
          "value": 78.480390339999971
        }
      },
      {
        "reactor_utilization": {
          "shard": "5",
          "value": 86.326589580000345
        }
      },
      {
        "reactor_utilization": {
          "shard": "6",
          "value": 89.397031319999684
        }
      },
      {
        "reactor_utilization": {
          "shard": "7",
          "value": 86.787197279999788
        }
      }
    ]
  },
  {
    "metrics": [
      {
        "reactor_utilization": {
          "shard": "0",
          "value": 91.039173220000166
        }
      },
      {
        "reactor_utilization": {
          "shard": "1",
          "value": 84.275107059999812
        }
      },
      {
        "reactor_utilization": {
          "shard": "2",
          "value": 84.909045459999817
        }
      },
      {
        "reactor_utilization": {
          "shard": "3",
          "value": 85.176682499999927
        }
      },
      {
        "reactor_utilization": {
          "shard": "4",
          "value": 78.633178679999972
        }
      },
      {
        "reactor_utilization": {
          "shard": "5",
          "value": 74.724414960000345
        }
      },
      {
        "reactor_utilization": {
          "shard": "6",
          "value": 85.493737279999678
        }
      },
      {
        "reactor_utilization": {
          "shard": "7",
          "value": 89.406148659999801
        }
      }
    ]
  },
  {
    "metrics": [
      {
        "reactor_utilization": {
          "shard": "0",
          "value": 85.433772060000166
        }
      },
      {
        "reactor_utilization": {
          "shard": "1",
          "value": 88.140670779999809
        }
      },
      {
        "reactor_utilization": {
          "shard": "2",
          "value": 72.420959239999817
        }
      },
      {
        "reactor_utilization": {
          "shard": "3",
          "value": 83.021089279999913
        }
      },
      {
        "reactor_utilization": {
          "shard": "4",
          "value": 82.985698139999968
        }
      },
      {
        "reactor_utilization": {
          "shard": "5",
          "value": 90.389913580000353
        }
      },
      {
        "reactor_utilization": {
          "shard": "6",
          "value": 89.034654539999678
        }
      },
      {
        "reactor_utilization": {
          "shard": "7",
          "value": 81.032196759999792
        }
      }
    ]
  },
  {
    "metrics": [
      {
        "reactor_utilization": {
          "shard": "0",
          "value": 97.182803540000165
        }
      },
      {
        "reactor_utilization": {
          "shard": "1",
          "value": 76.00828423999981
        }
      },
      {
        "reactor_utilization": {
          "shard": "2",
          "value": 81.402965379999827
        }
      },
      {
        "reactor_utilization": {
          "shard": "3",
          "value": 86.10787475999993
        }
      },
      {
        "reactor_utilization": {
          "shard": "4",
          "value": 78.572569519999973
        }
      },
      {
        "reactor_utilization": {
          "shard": "5",
          "value": 86.414742820000342
        }
      },
      {
        "reactor_utilization": {
          "shard": "6",
          "value": 83.060702659999677
        }
      },
      {
        "reactor_utilization": {
          "shard": "7",
          "value": 92.731604379999794
        }
      }
    ]
  },
  {
    "metrics": [
      {
        "reactor_utilization": {
          "shard": "0",
          "value": 78.244649540000168
        }
      },
      {
        "reactor_utilization": {
          "shard": "1",
          "value": 75.720612719999821
        }
      },
      {
        "reactor_utilization": {
          "shard": "2",
          "value": 77.387744359999829
        }
      },
      {
        "reactor_utilization": {
          "shard": "3",
          "value": 97.811630279999918
        }
      },
      {
        "reactor_utilization": {
          "shard": "4",
          "value": 74.132222319999968
        }
      },
      {
        "reactor_utilization": {
          "shard": "5",
          "value": 79.88079028000034
        }
      },
      {
        "reactor_utilization": {
          "shard": "6",
          "value": 68.769546739999683
        }
      },
      {
        "reactor_utilization": {
          "shard": "7",
          "value": 83.807636699999804
        }
      }
    ]
  },
  {
    "metrics": [
      {
        "reactor_utilization": {
          "shard": "0",
          "value": 83.480719920000169
        }
      },
      {
        "reactor_utilization": {
          "shard": "1",
          "value": 73.97118143999981
        }
      },
      {
        "reactor_utilization": {
          "shard": "2",
          "value": 82.32940019999981
        }
      },
      {
        "reactor_utilization": {
          "shard": "3",
          "value": 89.109922799999921
        }
      },
      {
        "reactor_utilization": {
          "shard": "4",
          "value": 85.776781939999964
        }
      },
      {
        "reactor_utilization": {
          "shard": "5",
          "value": 96.10092506000035
        }
      },
      {
        "reactor_utilization": {
          "shard": "6",
          "value": 71.395931699999664
        }
      },
      {
        "reactor_utilization": {
          "shard": "7",
          "value": 82.069867599999796
        }
      }
    ]
  },
  {
    "metrics": [
      {
        "reactor_utilization": {
          "shard": "0",
          "value": 94.941844800000169
        }
      },
      {
        "reactor_utilization": {
          "shard": "1",
          "value": 86.072733239999806
        }
      },
      {
        "reactor_utilization": {
          "shard": "2",
          "value": 76.815231859999827
        }
      },
      {
        "reactor_utilization": {
          "shard": "3",
          "value": 79.234394539999926
        }
      },
      {
        "reactor_utilization": {
          "shard": "4",
          "value": 71.588380099999966
        }
      },
      {
        "reactor_utilization": {
          "shard": "5",
          "value": 85.144388080000354
        }
      },
      {
        "reactor_utilization": {
          "shard": "6",
          "value": 84.244391379999669
        }
      },
      {
        "reactor_utilization": {
          "shard": "7",
          "value": 83.612217259999795
        }
      }
    ]
  }
]
