[
    {
        "FIO": {
            "cpu": {
                "data": [
                    157.25333333333285,
                    166.16333333333304,
                    164.59333333333248,
                    165.56999999999883,
                    164.1666666666661,
                    163.63333333333284,
                    164.30333333333311,
                    163.07666666666626,
                    163.4899999999997,
                    164.62333333333297,
                    156.91999999999925,
                    128.7133333333328,
                    142.85999999999981,
                    144.723333333333,
                    146.633333333333,
                    134.87333333333268,
                    140.48999999999995,
                    140.5833333333329,
                    122.53666666666678,
                    124.29666666666662,
                    132.33999999999966,
                    115.75666666666669,
                    136.73333333333358,
                    139.78333333333347
                ],
                "index": 24,
                "time": [
                    "15:39:19",
                    "15:44:51",
                    "15:50:23",
                    "15:55:56",
                    "16:01:28",
                    "16:07:00",
                    "16:12:33",
                    "16:18:05",
                    "16:23:38",
                    "16:29:10",
                    "16:34:43",
                    "16:40:18",
                    "16:45:56",
                    "16:51:29",
                    "16:57:02",
                    "17:02:34",
                    "17:08:06",
                    "17:13:39",
                    "17:19:12",
                    "17:24:44",
                    "17:30:17",
                    "17:35:50",
                    "17:41:22",
                    "17:46:55"
                ],
                "total": 120.19999999999999
            },
            "mem": {
                "data": [
                    0.0,
                    0.0,
                    0.0,
                    0.0,
                    0.0,
                    0.0,
                    43.49999999999695,
                    1.5000000000000122,
                    33.000000000005215,
                    44.4399999999961,
                    44.90666666666234,
                    44.626666666662594,
                    40.75333333333278,
                    36.08666666667036,
                    40.333333333333165,
                    28.34000000000416,
                    33.33333333333863,
                    33.52000000000534,
                    18.86666666666867,
                    20.686666666669087,
                    23.16000000000298,
                    17.093333333334936,
                    17.093333333334936,
                    18.4000000000019
                ],
                "index": 24,
                "time": [
                    "15:39:19",
                    "15:44:51",
                    "15:50:23",
                    "15:55:56",
                    "16:01:28",
                    "16:07:00",
                    "16:12:33",
                    "16:18:05",
                    "16:23:38",
                    "16:29:10",
                    "16:34:43",
                    "16:40:18",
                    "16:45:56",
                    "16:51:29",
                    "16:57:02",
                    "17:02:34",
                    "17:08:06",
                    "17:13:39",
                    "17:19:12",
                    "17:24:44",
                    "17:30:17",
                    "17:35:50",
                    "17:41:22",
                    "17:46:55"
                ],
                "total": 11.399999999999975
            }
        },
        "OSD": {
            "cpu": {
                "data": [
                    707.1666666666665,
                    749.2300000000001,
                    747.7466666666667,
                    750.6499999999991,
                    748.6200000000001,
                    747.8766666666664,
                    750.9466666666666,
                    751.2,
                    751.5966666666664,
                    754.8466666666664,
                    755.8066666666662,
                    743.803333333333,
                    757.179999999999,
                    752.17,
                    756.3266666666665,
                    748.9933333333332,
                    754.7066666666663,
                    752.1666666666667,
                    727.9399999999998,
                    733.0233333333329,
                    747.0699999999994,
                    727.4833333333333,
                    737.7199999999998,
                    732.3466666666661
                ],
                "index": 24,
                "time": [
                    "15:39:19",
                    "15:44:51",
                    "15:50:23",
                    "15:55:56",
                    "16:01:28",
                    "16:07:00",
                    "16:12:33",
                    "16:18:05",
                    "16:23:38",
                    "16:29:10",
                    "16:34:43",
                    "16:40:18",
                    "16:45:56",
                    "16:51:29",
                    "16:57:02",
                    "17:02:34",
                    "17:08:06",
                    "17:13:39",
                    "17:19:12",
                    "17:24:44",
                    "17:30:17",
                    "17:35:50",
                    "17:41:22",
                    "17:46:55"
                ],
                "total": 702.5999999999998
            },
            "mem": {
                "data": [
                    182.48000000000027,
                    192.0,
                    192.0,
                    192.0,
                    192.0,
                    192.0,
                    192.0,
                    192.0,
                    192.0,
                    192.0,
                    192.0,
                    192.0,
                    192.0,
                    192.0,
                    192.0,
                    192.0,
                    192.0,
                    192.0,
                    192.0,
                    192.0,
                    192.0,
                    192.0,
                    192.0,
                    192.0
                ],
                "index": 24,
                "time": [
                    "15:39:19",
                    "15:44:51",
                    "15:50:23",
                    "15:55:56",
                    "16:01:28",
                    "16:07:00",
                    "16:12:33",
                    "16:18:05",
                    "16:23:38",
                    "16:29:10",
                    "16:34:43",
                    "16:40:18",
                    "16:45:56",
                    "16:51:29",
                    "16:57:02",
                    "17:02:34",
                    "17:08:06",
                    "17:13:39",
                    "17:19:12",
                    "17:24:44",
                    "17:30:17",
                    "17:35:50",
                    "17:41:22",
                    "17:46:55"
                ],
                "total": 192.0
            }
        }
    }
]