{
  "fio version" : "fio-3.39-26-ga72fe",
  "timestamp" : 1751031977,
  "timestamp_ms" : 1751031977479,
  "time" : "Fri Jun 27 13:46:17 2025",
  "global options" : {
    "ioengine" : "rbd",
    "bs" : "64k",
    "rw" : "read",
    "direct" : "1",
    "runtime" : "5m",
    "time_based" : "",
    "group_reporting" : "",
    "ramp_time" : "30s",
    "thread" : "1",
    "iodepth" : "32",
    "clientname" : "admin",
    "pool" : "rbd"
  },
  "jobs" : [
    {
      "jobname" : "fio_test_0",
      "groupid" : 0,
      "job_start" : 1751031677184,
      "error" : 110,
      "eta" : 0,
      "elapsed" : 331,
      "job options" : {
        "max_latency" : "1s",
        "numjobs" : "1",
        "rbdname" : "fio_test_31"
      },
      "read" : {
        "io_bytes" : 230034440192,
        "io_kbytes" : 224643008,
        "bw_bytes" : 766268067,
        "bw" : 748308,
        "iops" : 11689.018358,
        "runtime" : 300201,
        "total_ios" : 3509055,
        "short_ios" : 0,
        "drop_ios" : 0,
        "slat_ns" : {
          "min" : 499,
          "max" : 155074,
          "mean" : 5660.195890,
          "stddev" : 4374.472974,
          "N" : 3509055
        },
        "clat_ns" : {
          "min" : 1151841,
          "max" : 1045336937,
          "mean" : 86907031.640752,
          "stddev" : 76176618.173934,
          "N" : 3510047,
          "percentile" : {
            "1.000000" : 3620864,
            "5.000000" : 8847360,
            "10.000000" : 15400960,
            "20.000000" : 28442624,
            "30.000000" : 41156608,
            "40.000000" : 54263808,
            "50.000000" : 68681728,
            "60.000000" : 83361792,
            "70.000000" : 102236160,
            "80.000000" : 130547712,
            "90.000000" : 181403648,
            "95.000000" : 229638144,
            "99.000000" : 367001600,
            "99.500000" : 434110464,
            "99.900000" : 608174080,
            "99.950000" : 666894336,
            "99.990000" : 809500672
          }
        },
        "lat_ns" : {
          "min" : 1155779,
          "max" : 1045344900,
          "mean" : 86912691.960100,
          "stddev" : 76176975.006012,
          "N" : 3510047
        },
        "bw_min" : 71433,
        "bw_max" : 1439021,
        "bw_agg" : 100.000000,
        "bw_mean" : 754823.656324,
        "bw_dev" : 8339.724798,
        "bw_samples" : 19027,
        "iops_min" : 1116,
        "iops_max" : 22484,
        "iops_mean" : 11793.578240,
        "iops_stddev" : 130.307274,
        "iops_samples" : 19027
      },
      "write" : {
        "io_bytes" : 0,
        "io_kbytes" : 0,
        "bw_bytes" : 0,
        "bw" : 0,
        "iops" : 0.000000,
        "runtime" : 0,
        "total_ios" : 0,
        "short_ios" : 0,
        "drop_ios" : 0,
        "slat_ns" : {
          "min" : 0,
          "max" : 0,
          "mean" : 0.000000,
          "stddev" : 0.000000,
          "N" : 0
        },
        "clat_ns" : {
          "min" : 0,
          "max" : 0,
          "mean" : 0.000000,
          "stddev" : 0.000000,
          "N" : 0
        },
        "lat_ns" : {
          "min" : 0,
          "max" : 0,
          "mean" : 0.000000,
          "stddev" : 0.000000,
          "N" : 0
        },
        "bw_min" : 0,
        "bw_max" : 0,
        "bw_agg" : 0.000000,
        "bw_mean" : 0.000000,
        "bw_dev" : 0.000000,
        "bw_samples" : 0,
        "iops_min" : 0,
        "iops_max" : 0,
        "iops_mean" : 0.000000,
        "iops_stddev" : 0.000000,
        "iops_samples" : 0
      },
      "trim" : {
        "io_bytes" : 0,
        "io_kbytes" : 0,
        "bw_bytes" : 0,
        "bw" : 0,
        "iops" : 0.000000,
        "runtime" : 0,
        "total_ios" : 0,
        "short_ios" : 0,
        "drop_ios" : 0,
        "slat_ns" : {
          "min" : 0,
          "max" : 0,
          "mean" : 0.000000,
          "stddev" : 0.000000,
          "N" : 0
        },
        "clat_ns" : {
          "min" : 0,
          "max" : 0,
          "mean" : 0.000000,
          "stddev" : 0.000000,
          "N" : 0
        },
        "lat_ns" : {
          "min" : 0,
          "max" : 0,
          "mean" : 0.000000,
          "stddev" : 0.000000,
          "N" : 0
        },
        "bw_min" : 0,
        "bw_max" : 0,
        "bw_agg" : 0.000000,
        "bw_mean" : 0.000000,
        "bw_dev" : 0.000000,
        "bw_samples" : 0,
        "iops_min" : 0,
        "iops_max" : 0,
        "iops_mean" : 0.000000,
        "iops_stddev" : 0.000000,
        "iops_samples" : 0
      },
      "sync" : {
        "total_ios" : 0,
        "lat_ns" : {
          "min" : 0,
          "max" : 0,
          "mean" : 0.000000,
          "stddev" : 0.000000,
          "N" : 0
        }
      },
      "job_runtime" : 9531350,
      "usr_cpu" : 0.350496,
      "sys_cpu" : 0.280674,
      "ctx" : 3482256,
      "majf" : 0,
      "minf" : 337,
      "iodepth_level" : {
        "1" : 0.000000,
        "2" : 0.000000,
        "4" : 0.000000,
        "8" : 0.000000,
        "16" : 0.000000,
        "32" : 100.000000,
        ">=64" : 0.000000
      },
      "iodepth_submit" : {
        "0" : 0.000000,
        "4" : 100.000000,
        "8" : 0.000000,
        "16" : 0.000000,
        "32" : 0.000000,
        "64" : 0.000000,
        ">=64" : 0.000000
      },
      "iodepth_complete" : {
        "0" : 0.100000,
        "4" : 99.999530,
        "8" : 0.000000,
        "16" : 0.000000,
        "32" : 0.100000,
        "64" : 0.000000,
        ">=64" : 0.000000
      },
      "latency_ns" : {
        "2" : 0.000000,
        "4" : 0.000000,
        "10" : 0.000000,
        "20" : 0.000000,
        "50" : 0.000000,
        "100" : 0.000000,
        "250" : 0.000000,
        "500" : 0.000000,
        "750" : 0.000000,
        "1000" : 0.000000
      },
      "latency_us" : {
        "2" : 0.000000,
        "4" : 0.000000,
        "10" : 0.000000,
        "20" : 0.000000,
        "50" : 0.000000,
        "100" : 0.000000,
        "250" : 0.000000,
        "500" : 0.000000,
        "750" : 0.000000,
        "1000" : 0.000000
      },
      "latency_ms" : {
        "2" : 0.010000,
        "4" : 1.265953,
        "10" : 4.651309,
        "20" : 7.563147,
        "50" : 23.352612,
        "100" : 31.990208,
        "250" : 27.422084,
        "500" : 3.511202,
        "750" : 0.250609,
        "1000" : 0.018780,
        "2000" : 0.010000,
        ">=2000" : 0.000000
      },
      "latency_depth" : 32,
      "latency_target" : 0,
      "latency_percentile" : 100.000000,
      "latency_window" : 0
    }
  ],
  "disk_util" : [
    {
      "name" : "sda",
      "read_ios" : 0,
      "write_ios" : 4000,
      "read_sectors" : 0,
      "write_sectors" : 97936,
      "read_merges" : 0,
      "write_merges" : 5255,
      "read_ticks" : 0,
      "write_ticks" : 693,
      "in_queue" : 731,
      "util" : 0.090624
    }
  ]
}
