{
  "fio version" : "fio-3.39-26-ga72fe",
  "timestamp" : 1751027656,
  "timestamp_ms" : 1751027656201,
  "time" : "Fri Jun 27 12:34:16 2025",
  "global options" : {
    "ioengine" : "rbd",
    "bs" : "64k",
    "rw" : "read",
    "direct" : "1",
    "runtime" : "5m",
    "time_based" : "",
    "group_reporting" : "",
    "ramp_time" : "30s",
    "thread" : "1",
    "iodepth" : "2",
    "clientname" : "admin",
    "pool" : "rbd"
  },
  "jobs" : [
    {
      "jobname" : "fio_test_0",
      "groupid" : 0,
      "job_start" : 1751027356056,
      "error" : 0,
      "eta" : 0,
      "elapsed" : 331,
      "job options" : {
        "max_latency" : "1s",
        "numjobs" : "1",
        "rbdname" : "fio_test_31"
      },
      "read" : {
        "io_bytes" : 211039682560,
        "io_kbytes" : 206093440,
        "bw_bytes" : 703444505,
        "bw" : 686957,
        "iops" : 10733.604659,
        "runtime" : 300009,
        "total_ios" : 3220178,
        "short_ios" : 0,
        "drop_ios" : 0,
        "slat_ns" : {
          "min" : 500,
          "max" : 233157,
          "mean" : 6259.192072,
          "stddev" : 4600.678522,
          "N" : 3220178
        },
        "clat_ns" : {
          "min" : 486527,
          "max" : 65846641,
          "mean" : 5954102.693254,
          "stddev" : 4037757.887751,
          "N" : 3220210,
          "percentile" : {
            "1.000000" : 946176,
            "5.000000" : 1318912,
            "10.000000" : 1548288,
            "20.000000" : 3915776,
            "30.000000" : 4489216,
            "40.000000" : 4816896,
            "50.000000" : 5144576,
            "60.000000" : 5603328,
            "70.000000" : 6455296,
            "80.000000" : 7766016,
            "90.000000" : 10027008,
            "95.000000" : 12517376,
            "99.000000" : 22151168,
            "99.500000" : 28442624,
            "99.900000" : 38535168,
            "99.950000" : 41156608,
            "99.990000" : 48496640
          }
        },
        "lat_ns" : {
          "min" : 488859,
          "max" : 65850394,
          "mean" : 5960361.886507,
          "stddev" : 4038288.164219,
          "N" : 3220210
        },
        "bw_min" : 210443,
        "bw_max" : 1071673,
        "bw_agg" : 100.000000,
        "bw_mean" : 687251.413823,
        "bw_dev" : 5353.125587,
        "bw_samples" : 19178,
        "iops_min" : 3288,
        "iops_max" : 16744,
        "iops_mean" : 10737.022613,
        "iops_stddev" : 83.637271,
        "iops_samples" : 19178
      },
      "write" : {
        "io_bytes" : 0,
        "io_kbytes" : 0,
        "bw_bytes" : 0,
        "bw" : 0,
        "iops" : 0.000000,
        "runtime" : 0,
        "total_ios" : 0,
        "short_ios" : 0,
        "drop_ios" : 0,
        "slat_ns" : {
          "min" : 0,
          "max" : 0,
          "mean" : 0.000000,
          "stddev" : 0.000000,
          "N" : 0
        },
        "clat_ns" : {
          "min" : 0,
          "max" : 0,
          "mean" : 0.000000,
          "stddev" : 0.000000,
          "N" : 0
        },
        "lat_ns" : {
          "min" : 0,
          "max" : 0,
          "mean" : 0.000000,
          "stddev" : 0.000000,
          "N" : 0
        },
        "bw_min" : 0,
        "bw_max" : 0,
        "bw_agg" : 0.000000,
        "bw_mean" : 0.000000,
        "bw_dev" : 0.000000,
        "bw_samples" : 0,
        "iops_min" : 0,
        "iops_max" : 0,
        "iops_mean" : 0.000000,
        "iops_stddev" : 0.000000,
        "iops_samples" : 0
      },
      "trim" : {
        "io_bytes" : 0,
        "io_kbytes" : 0,
        "bw_bytes" : 0,
        "bw" : 0,
        "iops" : 0.000000,
        "runtime" : 0,
        "total_ios" : 0,
        "short_ios" : 0,
        "drop_ios" : 0,
        "slat_ns" : {
          "min" : 0,
          "max" : 0,
          "mean" : 0.000000,
          "stddev" : 0.000000,
          "N" : 0
        },
        "clat_ns" : {
          "min" : 0,
          "max" : 0,
          "mean" : 0.000000,
          "stddev" : 0.000000,
          "N" : 0
        },
        "lat_ns" : {
          "min" : 0,
          "max" : 0,
          "mean" : 0.000000,
          "stddev" : 0.000000,
          "N" : 0
        },
        "bw_min" : 0,
        "bw_max" : 0,
        "bw_agg" : 0.000000,
        "bw_mean" : 0.000000,
        "bw_dev" : 0.000000,
        "bw_samples" : 0,
        "iops_min" : 0,
        "iops_max" : 0,
        "iops_mean" : 0.000000,
        "iops_stddev" : 0.000000,
        "iops_samples" : 0
      },
      "sync" : {
        "total_ios" : 0,
        "lat_ns" : {
          "min" : 0,
          "max" : 0,
          "mean" : 0.000000,
          "stddev" : 0.000000,
          "N" : 0
        }
      },
      "job_runtime" : 9600128,
      "usr_cpu" : 0.357933,
      "sys_cpu" : 0.275132,
      "ctx" : 3214622,
      "majf" : 0,
      "minf" : 361,
      "iodepth_level" : {
        "1" : 0.000000,
        "2" : 100.000000,
        "4" : 0.000000,
        "8" : 0.000000,
        "16" : 0.000000,
        "32" : 0.000000,
        ">=64" : 0.000000
      },
      "iodepth_submit" : {
        "0" : 0.000000,
        "4" : 100.000000,
        "8" : 0.000000,
        "16" : 0.000000,
        "32" : 0.000000,
        "64" : 0.000000,
        ">=64" : 0.000000
      },
      "iodepth_complete" : {
        "0" : 0.000000,
        "4" : 100.000000,
        "8" : 0.000000,
        "16" : 0.000000,
        "32" : 0.000000,
        "64" : 0.000000,
        ">=64" : 0.000000
      },
      "latency_ns" : {
        "2" : 0.000000,
        "4" : 0.000000,
        "10" : 0.000000,
        "20" : 0.000000,
        "50" : 0.000000,
        "100" : 0.000000,
        "250" : 0.000000,
        "500" : 0.000000,
        "750" : 0.000000,
        "1000" : 0.000000
      },
      "latency_us" : {
        "2" : 0.000000,
        "4" : 0.000000,
        "10" : 0.000000,
        "20" : 0.000000,
        "50" : 0.000000,
        "100" : 0.000000,
        "250" : 0.000000,
        "500" : 0.010000,
        "750" : 0.083846,
        "1000" : 1.669721
      },
      "latency_ms" : {
        "2" : 12.002007,
        "4" : 7.085198,
        "10" : 69.233750,
        "20" : 8.619927,
        "50" : 1.299276,
        "100" : 0.010000,
        "250" : 0.000000,
        "500" : 0.000000,
        "750" : 0.000000,
        "1000" : 0.000000,
        "2000" : 0.000000,
        ">=2000" : 0.000000
      },
      "latency_depth" : 2,
      "latency_target" : 0,
      "latency_percentile" : 100.000000,
      "latency_window" : 0
    }
  ],
  "disk_util" : [
    {
      "name" : "sda",
      "read_ios" : 2,
      "write_ios" : 3999,
      "read_sectors" : 16,
      "write_sectors" : 104160,
      "read_merges" : 0,
      "write_merges" : 5433,
      "read_ticks" : 1,
      "write_ticks" : 758,
      "in_queue" : 796,
      "util" : 0.099405
    }
  ]
}
