[
    {
        "FIO": {
            "cpu": {
                "data": [
                    182.06666666666663,
                    194.80000000000058,
                    194.03666666666743,
                    194.98000000000098,
                    193.7100000000011,
                    192.89333333333397,
                    197.92333333333514,
                    195.91333333333495,
                    197.3666666666683,
                    199.336666666668,
                    200.5233333333351,
                    199.81666666666868,
                    202.96666666666837,
                    200.7133333333351,
                    202.0100000000021,
                    204.8166666666681,
                    201.63666666666623,
                    205.00000000000168,
                    189.34333333333416,
                    201.30000000000027,
                    202.25666666666592,
                    193.15333333333407,
                    198.62333333333234,
                    195.01333333333326
                ],
                "index": 24,
                "time": [
                    "12:25:10",
                    "12:30:42",
                    "12:36:15",
                    "12:41:47",
                    "12:47:19",
                    "12:52:52",
                    "12:58:24",
                    "13:03:56",
                    "13:09:29",
                    "13:15:01",
                    "13:20:33",
                    "13:26:06",
                    "13:31:38",
                    "13:37:11",
                    "13:42:44",
                    "13:48:16",
                    "13:53:49",
                    "13:59:21",
                    "14:04:54",
                    "14:10:26",
                    "14:15:59",
                    "14:21:32",
                    "14:27:04",
                    "14:32:37"
                ],
                "total": 189.5999999999999
            },
            "mem": {
                "data": [
                    0.0,
                    0.0,
                    0.0,
                    0.0,
                    1.5000000000000122,
                    0.0,
                    43.49999999999695,
                    33.000000000005215,
                    36.00000000000377,
                    44.99999999999559,
                    44.99999999999559,
                    44.99999999999559,
                    44.626666666662594,
                    44.95333333332896,
                    44.99999999999559,
                    43.973333333329855,
                    38.98000000000106,
                    44.626666666662594,
                    29.6933333333378,
                    37.06666666666947,
                    36.460000000003355,
                    29.226666666671026,
                    33.240000000005274,
                    29.50666666667109
                ],
                "index": 24,
                "time": [
                    "12:25:10",
                    "12:30:42",
                    "12:36:15",
                    "12:41:47",
                    "12:47:19",
                    "12:52:52",
                    "12:58:24",
                    "13:03:56",
                    "13:09:29",
                    "13:15:01",
                    "13:20:33",
                    "13:26:06",
                    "13:31:38",
                    "13:37:11",
                    "13:42:44",
                    "13:48:16",
                    "13:53:49",
                    "13:59:21",
                    "14:04:54",
                    "14:10:26",
                    "14:15:59",
                    "14:21:32",
                    "14:27:04",
                    "14:32:37"
                ],
                "total": 26.80000000000011
            }
        },
        "OSD": {
            "cpu": {
                "data": [
                    1324.6266666666668,
                    1372.316666666666,
                    1374.0500000000009,
                    1400.5433333333326,
                    1398.4199999999992,
                    1385.4799999999998,
                    1424.7266666666685,
                    1426.4666666666665,
                    1422.803333333334,
                    1447.0766666666682,
                    1435.4699999999998,
                    1445.7366666666678,
                    1468.0833333333344,
                    1469.910000000001,
                    1462.5133333333338,
                    1473.2500000000007,
                    1467.8933333333362,
                    1486.586666666666,
                    1437.450000000003,
                    1469.4033333333339,
                    1474.6499999999992,
                    1459.970000000001,
                    1475.6566666666681,
                    1458.326666666669
                ],
                "index": 24,
                "time": [
                    "12:25:10",
                    "12:30:42",
                    "12:36:15",
                    "12:41:47",
                    "12:47:19",
                    "12:52:52",
                    "12:58:24",
                    "13:03:56",
                    "13:09:29",
                    "13:15:01",
                    "13:20:33",
                    "13:26:06",
                    "13:31:38",
                    "13:37:11",
                    "13:42:44",
                    "13:48:16",
                    "13:53:49",
                    "13:59:21",
                    "14:04:54",
                    "14:10:26",
                    "14:15:59",
                    "14:21:32",
                    "14:27:04",
                    "14:32:37"
                ],
                "total": 1420.6000000000001
            },
            "mem": {
                "data": [
                    660.6599999999828,
                    686.3999999999814,
                    686.3999999999814,
                    686.3999999999814,
                    686.3999999999814,
                    686.3999999999814,
                    686.3999999999814,
                    686.3999999999814,
                    686.3999999999814,
                    686.3999999999814,
                    686.3999999999814,
                    686.3999999999814,
                    686.3999999999814,
                    686.3999999999814,
                    686.3999999999814,
                    686.3999999999814,
                    686.3999999999814,
                    686.3999999999814,
                    686.3999999999814,
                    686.3999999999814,
                    686.3999999999814,
                    686.3999999999814,
                    686.3999999999814,
                    686.3999999999814
                ],
                "index": 24,
                "time": [
                    "12:25:10",
                    "12:30:42",
                    "12:36:15",
                    "12:41:47",
                    "12:47:19",
                    "12:52:52",
                    "12:58:24",
                    "13:03:56",
                    "13:09:29",
                    "13:15:01",
                    "13:20:33",
                    "13:26:06",
                    "13:31:38",
                    "13:37:11",
                    "13:42:44",
                    "13:48:16",
                    "13:53:49",
                    "13:59:21",
                    "14:04:54",
                    "14:10:26",
                    "14:15:59",
                    "14:21:32",
                    "14:27:04",
                    "14:32:37"
                ],
                "total": 686.3999999999997
            }
        }
    }
]