[
  {
    "metrics": [
      {
        "reactor_utilization": {
          "shard": "0",
          "value": 87.092512500000154
        }
      },
      {
        "reactor_utilization": {
          "shard": "1",
          "value": 71.876405860000091
        }
      },
      {
        "reactor_utilization": {
          "shard": "2",
          "value": 73.198673679999899
        }
      },
      {
        "reactor_utilization": {
          "shard": "3",
          "value": 69.665851599999627
        }
      },
      {
        "reactor_utilization": {
          "shard": "4",
          "value": 66.323494439999834
        }
      },
      {
        "reactor_utilization": {
          "shard": "5",
          "value": 67.487815500000011
        }
      },
      {
        "reactor_utilization": {
          "shard": "6",
          "value": 72.484286739999732
        }
      },
      {
        "reactor_utilization": {
          "shard": "7",
          "value": 67.625558139999967
        }
      },
      {
        "reactor_utilization": {
          "shard": "8",
          "value": 71.160718959999585
        }
      },
      {
        "reactor_utilization": {
          "shard": "9",
          "value": 91.202075940000185
        }
      },
      {
        "reactor_utilization": {
          "shard": "10",
          "value": 62.243616160000627
        }
      },
      {
        "reactor_utilization": {
          "shard": "11",
          "value": 71.325657659999891
        }
      },
      {
        "reactor_utilization": {
          "shard": "12",
          "value": 82.483007399999735
        }
      },
      {
        "reactor_utilization": {
          "shard": "13",
          "value": 85.843745560000187
        }
      },
      {
        "reactor_utilization": {
          "shard": "14",
          "value": 85.637770399999894
        }
      },
      {
        "reactor_utilization": {
          "shard": "15",
          "value": 71.354511060000362
        }
      }
    ]
  },
  {
    "metrics": [
      {
        "reactor_utilization": {
          "shard": "0",
          "value": 74.850248880000152
        }
      },
      {
        "reactor_utilization": {
          "shard": "1",
          "value": 86.995230920000097
        }
      },
      {
        "reactor_utilization": {
          "shard": "2",
          "value": 63.562827099999893
        }
      },
      {
        "reactor_utilization": {
          "shard": "3",
          "value": 60.019394599999622
        }
      },
      {
        "reactor_utilization": {
          "shard": "4",
          "value": 67.628122439999842
        }
      },
      {
        "reactor_utilization": {
          "shard": "5",
          "value": 73.83982678000001
        }
      },
      {
        "reactor_utilization": {
          "shard": "6",
          "value": 73.219781159999741
        }
      },
      {
        "reactor_utilization": {
          "shard": "7",
          "value": 71.561831359999957
        }
      },
      {
        "reactor_utilization": {
          "shard": "8",
          "value": 80.735929359999574
        }
      },
      {
        "reactor_utilization": {
          "shard": "9",
          "value": 62.242352180000182
        }
      },
      {
        "reactor_utilization": {
          "shard": "10",
          "value": 71.515082460000627
        }
      },
      {
        "reactor_utilization": {
          "shard": "11",
          "value": 89.194514799999894
        }
      },
      {
        "reactor_utilization": {
          "shard": "12",
          "value": 75.477187259999738
        }
      },
      {
        "reactor_utilization": {
          "shard": "13",
          "value": 82.870049280000188
        }
      },
      {
        "reactor_utilization": {
          "shard": "14",
          "value": 70.889478219999887
        }
      },
      {
        "reactor_utilization": {
          "shard": "15",
          "value": 85.068744240000356
        }
      }
    ]
  },
  {
    "metrics": [
      {
        "reactor_utilization": {
          "shard": "0",
          "value": 75.579709560000154
        }
      },
      {
        "reactor_utilization": {
          "shard": "1",
          "value": 83.295505700000092
        }
      },
      {
        "reactor_utilization": {
          "shard": "2",
          "value": 79.838999099999896
        }
      },
      {
        "reactor_utilization": {
          "shard": "3",
          "value": 74.073066059999633
        }
      },
      {
        "reactor_utilization": {
          "shard": "4",
          "value": 58.723745679999837
        }
      },
      {
        "reactor_utilization": {
          "shard": "5",
          "value": 65.622398099999998
        }
      },
      {
        "reactor_utilization": {
          "shard": "6",
          "value": 85.739911979999732
        }
      },
      {
        "reactor_utilization": {
          "shard": "7",
          "value": 79.719795079999969
        }
      },
      {
        "reactor_utilization": {
          "shard": "8",
          "value": 60.620524699999592
        }
      },
      {
        "reactor_utilization": {
          "shard": "9",
          "value": 64.281087800000208
        }
      },
      {
        "reactor_utilization": {
          "shard": "10",
          "value": 66.676469160000636
        }
      },
      {
        "reactor_utilization": {
          "shard": "11",
          "value": 83.609866739999887
        }
      },
      {
        "reactor_utilization": {
          "shard": "12",
          "value": 80.795867059999736
        }
      },
      {
        "reactor_utilization": {
          "shard": "13",
          "value": 87.527995680000188
        }
      },
      {
        "reactor_utilization": {
          "shard": "14",
          "value": 68.33787799999989
        }
      },
      {
        "reactor_utilization": {
          "shard": "15",
          "value": 76.719170280000355
        }
      }
    ]
  },
  {
    "metrics": [
      {
        "reactor_utilization": {
          "shard": "0",
          "value": 67.316804640000143
        }
      },
      {
        "reactor_utilization": {
          "shard": "1",
          "value": 77.370940340000089
        }
      },
      {
        "reactor_utilization": {
          "shard": "2",
          "value": 87.183869159999887
        }
      },
      {
        "reactor_utilization": {
          "shard": "3",
          "value": 75.236061619999631
        }
      },
      {
        "reactor_utilization": {
          "shard": "4",
          "value": 68.835751699999847
        }
      },
      {
        "reactor_utilization": {
          "shard": "5",
          "value": 74.623340519999999
        }
      },
      {
        "reactor_utilization": {
          "shard": "6",
          "value": 73.203685819999734
        }
      },
      {
        "reactor_utilization": {
          "shard": "7",
          "value": 78.579875799999968
        }
      },
      {
        "reactor_utilization": {
          "shard": "8",
          "value": 68.519175739999596
        }
      },
      {
        "reactor_utilization": {
          "shard": "9",
          "value": 81.733470460000206
        }
      },
      {
        "reactor_utilization": {
          "shard": "10",
          "value": 78.448852000000642
        }
      },
      {
        "reactor_utilization": {
          "shard": "11",
          "value": 77.837270699999877
        }
      },
      {
        "reactor_utilization": {
          "shard": "12",
          "value": 83.259201019999736
        }
      },
      {
        "reactor_utilization": {
          "shard": "13",
          "value": 76.36883484000019
        }
      },
      {
        "reactor_utilization": {
          "shard": "14",
          "value": 70.2283519799999
        }
      },
      {
        "reactor_utilization": {
          "shard": "15",
          "value": 87.620534120000357
        }
      }
    ]
  },
  {
    "metrics": [
      {
        "reactor_utilization": {
          "shard": "0",
          "value": 76.069186960000152
        }
      },
      {
        "reactor_utilization": {
          "shard": "1",
          "value": 74.480846100000093
        }
      },
      {
        "reactor_utilization": {
          "shard": "2",
          "value": 69.842526399999912
        }
      },
      {
        "reactor_utilization": {
          "shard": "3",
          "value": 62.180794979999618
        }
      },
      {
        "reactor_utilization": {
          "shard": "4",
          "value": 66.025182559999848
        }
      },
      {
        "reactor_utilization": {
          "shard": "5",
          "value": 62.412901899999994
        }
      },
      {
        "reactor_utilization": {
          "shard": "6",
          "value": 59.442175899999739
        }
      },
      {
        "reactor_utilization": {
          "shard": "7",
          "value": 58.778529359999965
        }
      },
      {
        "reactor_utilization": {
          "shard": "8",
          "value": 71.817708379999587
        }
      },
      {
        "reactor_utilization": {
          "shard": "9",
          "value": 76.097768100000195
        }
      },
      {
        "reactor_utilization": {
          "shard": "10",
          "value": 66.834601700000633
        }
      },
      {
        "reactor_utilization": {
          "shard": "11",
          "value": 73.797304979999879
        }
      },
      {
        "reactor_utilization": {
          "shard": "12",
          "value": 58.488805219999747
        }
      },
      {
        "reactor_utilization": {
          "shard": "13",
          "value": 76.592868320000179
        }
      },
      {
        "reactor_utilization": {
          "shard": "14",
          "value": 71.187517939999907
        }
      },
      {
        "reactor_utilization": {
          "shard": "15",
          "value": 86.868539280000363
        }
      }
    ]
  },
  {
    "metrics": [
      {
        "reactor_utilization": {
          "shard": "0",
          "value": 87.589618040000161
        }
      },
      {
        "reactor_utilization": {
          "shard": "1",
          "value": 97.473624180000101
        }
      },
      {
        "reactor_utilization": {
          "shard": "2",
          "value": 59.099600119999906
        }
      },
      {
        "reactor_utilization": {
          "shard": "3",
          "value": 59.300019759999621
        }
      },
      {
        "reactor_utilization": {
          "shard": "4",
          "value": 79.583153879999841
        }
      },
      {
        "reactor_utilization": {
          "shard": "5",
          "value": 74.052291120000007
        }
      },
      {
        "reactor_utilization": {
          "shard": "6",
          "value": 78.539066339999721
        }
      },
      {
        "reactor_utilization": {
          "shard": "7",
          "value": 71.925849819999968
        }
      },
      {
        "reactor_utilization": {
          "shard": "8",
          "value": 72.388840019999591
        }
      },
      {
        "reactor_utilization": {
          "shard": "9",
          "value": 76.685023920000191
        }
      },
      {
        "reactor_utilization": {
          "shard": "10",
          "value": 62.026807400000635
        }
      },
      {
        "reactor_utilization": {
          "shard": "11",
          "value": 78.534237419999883
        }
      },
      {
        "reactor_utilization": {
          "shard": "12",
          "value": 83.198443519999742
        }
      },
      {
        "reactor_utilization": {
          "shard": "13",
          "value": 69.065223860000188
        }
      },
      {
        "reactor_utilization": {
          "shard": "14",
          "value": 68.824283919999914
        }
      },
      {
        "reactor_utilization": {
          "shard": "15",
          "value": 78.78596518000036
        }
      }
    ]
  },
  {
    "metrics": [
      {
        "reactor_utilization": {
          "shard": "0",
          "value": 78.155474300000165
        }
      },
      {
        "reactor_utilization": {
          "shard": "1",
          "value": 84.666990900000087
        }
      },
      {
        "reactor_utilization": {
          "shard": "2",
          "value": 81.097895959999917
        }
      },
      {
        "reactor_utilization": {
          "shard": "3",
          "value": 61.995197979999617
        }
      },
      {
        "reactor_utilization": {
          "shard": "4",
          "value": 63.901892099999856
        }
      },
      {
        "reactor_utilization": {
          "shard": "5",
          "value": 58.846010199999995
        }
      },
      {
        "reactor_utilization": {
          "shard": "6",
          "value": 70.011834699999724
        }
      },
      {
        "reactor_utilization": {
          "shard": "7",
          "value": 82.942703519999966
        }
      },
      {
        "reactor_utilization": {
          "shard": "8",
          "value": 75.478024159999592
        }
      },
      {
        "reactor_utilization": {
          "shard": "9",
          "value": 75.798790000000196
        }
      },
      {
        "reactor_utilization": {
          "shard": "10",
          "value": 64.835586380000635
        }
      },
      {
        "reactor_utilization": {
          "shard": "11",
          "value": 70.798021399999882
        }
      },
      {
        "reactor_utilization": {
          "shard": "12",
          "value": 90.528197099999744
        }
      },
      {
        "reactor_utilization": {
          "shard": "13",
          "value": 74.733369500000208
        }
      },
      {
        "reactor_utilization": {
          "shard": "14",
          "value": 77.433561579999903
        }
      },
      {
        "reactor_utilization": {
          "shard": "15",
          "value": 85.270429900000352
        }
      }
    ]
  },
  {
    "metrics": [
      {
        "reactor_utilization": {
          "shard": "0",
          "value": 81.447963300000154
        }
      },
      {
        "reactor_utilization": {
          "shard": "1",
          "value": 78.235127740000095
        }
      },
      {
        "reactor_utilization": {
          "shard": "2",
          "value": 63.864939339999928
        }
      },
      {
        "reactor_utilization": {
          "shard": "3",
          "value": 51.961569799999616
        }
      },
      {
        "reactor_utilization": {
          "shard": "4",
          "value": 74.110608759999849
        }
      },
      {
        "reactor_utilization": {
          "shard": "5",
          "value": 73.046205700000002
        }
      },
      {
        "reactor_utilization": {
          "shard": "6",
          "value": 57.671857459999721
        }
      },
      {
        "reactor_utilization": {
          "shard": "7",
          "value": 74.232438799999969
        }
      },
      {
        "reactor_utilization": {
          "shard": "8",
          "value": 81.617839659999589
        }
      },
      {
        "reactor_utilization": {
          "shard": "9",
          "value": 70.533589840000204
        }
      },
      {
        "reactor_utilization": {
          "shard": "10",
          "value": 67.323175220000621
        }
      },
      {
        "reactor_utilization": {
          "shard": "11",
          "value": 64.358422079999869
        }
      },
      {
        "reactor_utilization": {
          "shard": "12",
          "value": 84.611779579999748
        }
      },
      {
        "reactor_utilization": {
          "shard": "13",
          "value": 77.971460540000194
        }
      },
      {
        "reactor_utilization": {
          "shard": "14",
          "value": 83.562616639999902
        }
      },
      {
        "reactor_utilization": {
          "shard": "15",
          "value": 82.046656080000361
        }
      }
    ]
  },
  {
    "metrics": [
      {
        "reactor_utilization": {
          "shard": "0",
          "value": 60.838339640000157
        }
      },
      {
        "reactor_utilization": {
          "shard": "1",
          "value": 67.396985700000087
        }
      },
      {
        "reactor_utilization": {
          "shard": "2",
          "value": 70.424896379999922
        }
      },
      {
        "reactor_utilization": {
          "shard": "3",
          "value": 74.417390079999606
        }
      },
      {
        "reactor_utilization": {
          "shard": "4",
          "value": 76.110990679999858
        }
      },
      {
        "reactor_utilization": {
          "shard": "5",
          "value": 69.669457899999998
        }
      },
      {
        "reactor_utilization": {
          "shard": "6",
          "value": 72.523724459999727
        }
      },
      {
        "reactor_utilization": {
          "shard": "7",
          "value": 70.557014239999958
        }
      },
      {
        "reactor_utilization": {
          "shard": "8",
          "value": 70.571159219999586
        }
      },
      {
        "reactor_utilization": {
          "shard": "9",
          "value": 53.896283400000186
        }
      },
      {
        "reactor_utilization": {
          "shard": "10",
          "value": 60.952088340000621
        }
      },
      {
        "reactor_utilization": {
          "shard": "11",
          "value": 84.954309279999876
        }
      },
      {
        "reactor_utilization": {
          "shard": "12",
          "value": 79.098961679999746
        }
      },
      {
        "reactor_utilization": {
          "shard": "13",
          "value": 79.871545300000207
        }
      },
      {
        "reactor_utilization": {
          "shard": "14",
          "value": 85.990189359999903
        }
      },
      {
        "reactor_utilization": {
          "shard": "15",
          "value": 89.519720740000366
        }
      }
    ]
  },
  {
    "metrics": [
      {
        "reactor_utilization": {
          "shard": "0",
          "value": 72.218084180000147
        }
      },
      {
        "reactor_utilization": {
          "shard": "1",
          "value": 90.872086620000076
        }
      },
      {
        "reactor_utilization": {
          "shard": "2",
          "value": 67.784378119999928
        }
      },
      {
        "reactor_utilization": {
          "shard": "3",
          "value": 58.013987459999619
        }
      },
      {
        "reactor_utilization": {
          "shard": "4",
          "value": 56.222613499999866
        }
      },
      {
        "reactor_utilization": {
          "shard": "5",
          "value": 64.014363060000008
        }
      },
      {
        "reactor_utilization": {
          "shard": "6",
          "value": 78.437203899999716
        }
      },
      {
        "reactor_utilization": {
          "shard": "7",
          "value": 65.293652139999963
        }
      },
      {
        "reactor_utilization": {
          "shard": "8",
          "value": 70.313740439999606
        }
      },
      {
        "reactor_utilization": {
          "shard": "9",
          "value": 74.84653486000019
        }
      },
      {
        "reactor_utilization": {
          "shard": "10",
          "value": 62.335351480000625
        }
      },
      {
        "reactor_utilization": {
          "shard": "11",
          "value": 62.322305379999875
        }
      },
      {
        "reactor_utilization": {
          "shard": "12",
          "value": 79.647619959999744
        }
      },
      {
        "reactor_utilization": {
          "shard": "13",
          "value": 49.984698500000192
        }
      },
      {
        "reactor_utilization": {
          "shard": "14",
          "value": 81.059473119999907
        }
      },
      {
        "reactor_utilization": {
          "shard": "15",
          "value": 67.006729340000362
        }
      }
    ]
  },
  {
    "metrics": [
      {
        "reactor_utilization": {
          "shard": "0",
          "value": 79.175839680000152
        }
      },
      {
        "reactor_utilization": {
          "shard": "1",
          "value": 69.608638880000086
        }
      },
      {
        "reactor_utilization": {
          "shard": "2",
          "value": 61.567121739999919
        }
      },
      {
        "reactor_utilization": {
          "shard": "3",
          "value": 54.302516679999634
        }
      },
      {
        "reactor_utilization": {
          "shard": "4",
          "value": 67.169950519999858
        }
      },
      {
        "reactor_utilization": {
          "shard": "5",
          "value": 67.466365400000001
        }
      },
      {
        "reactor_utilization": {
          "shard": "6",
          "value": 73.459954919999717
        }
      },
      {
        "reactor_utilization": {
          "shard": "7",
          "value": 73.722894639999964
        }
      },
      {
        "reactor_utilization": {
          "shard": "8",
          "value": 77.2714291799996
        }
      },
      {
        "reactor_utilization": {
          "shard": "9",
          "value": 70.419721400000185
        }
      },
      {
        "reactor_utilization": {
          "shard": "10",
          "value": 63.386508640000613
        }
      },
      {
        "reactor_utilization": {
          "shard": "11",
          "value": 74.546142439999869
        }
      },
      {
        "reactor_utilization": {
          "shard": "12",
          "value": 79.847026779999737
        }
      },
      {
        "reactor_utilization": {
          "shard": "13",
          "value": 82.649678860000193
        }
      },
      {
        "reactor_utilization": {
          "shard": "14",
          "value": 91.235737339999901
        }
      },
      {
        "reactor_utilization": {
          "shard": "15",
          "value": 66.036149540000366
        }
      }
    ]
  },
  {
    "metrics": [
      {
        "reactor_utilization": {
          "shard": "0",
          "value": 63.179713980000152
        }
      },
      {
        "reactor_utilization": {
          "shard": "1",
          "value": 71.277356620000077
        }
      },
      {
        "reactor_utilization": {
          "shard": "2",
          "value": 59.666016739999939
        }
      },
      {
        "reactor_utilization": {
          "shard": "3",
          "value": 53.395919319999621
        }
      },
      {
        "reactor_utilization": {
          "shard": "4",
          "value": 55.35188543999984
        }
      },
      {
        "reactor_utilization": {
          "shard": "5",
          "value": 63.946531519999994
        }
      },
      {
        "reactor_utilization": {
          "shard": "6",
          "value": 77.411694419999719
        }
      },
      {
        "reactor_utilization": {
          "shard": "7",
          "value": 74.640712819999976
        }
      },
      {
        "reactor_utilization": {
          "shard": "8",
          "value": 78.359284419999597
        }
      },
      {
        "reactor_utilization": {
          "shard": "9",
          "value": 62.493467660000192
        }
      },
      {
        "reactor_utilization": {
          "shard": "10",
          "value": 81.69575028000061
        }
      },
      {
        "reactor_utilization": {
          "shard": "11",
          "value": 93.216751199999877
        }
      },
      {
        "reactor_utilization": {
          "shard": "12",
          "value": 68.290961579999745
        }
      },
      {
        "reactor_utilization": {
          "shard": "13",
          "value": 79.325912500000186
        }
      },
      {
        "reactor_utilization": {
          "shard": "14",
          "value": 84.033489619999898
        }
      },
      {
        "reactor_utilization": {
          "shard": "15",
          "value": 81.442098880000373
        }
      }
    ]
  },
  {
    "metrics": [
      {
        "reactor_utilization": {
          "shard": "0",
          "value": 76.469805620000145
        }
      },
      {
        "reactor_utilization": {
          "shard": "1",
          "value": 62.315417680000081
        }
      },
      {
        "reactor_utilization": {
          "shard": "2",
          "value": 64.591692239999929
        }
      },
      {
        "reactor_utilization": {
          "shard": "3",
          "value": 65.764627319999619
        }
      },
      {
        "reactor_utilization": {
          "shard": "4",
          "value": 70.533417679999843
        }
      },
      {
        "reactor_utilization": {
          "shard": "5",
          "value": 69.650919020000003
        }
      },
      {
        "reactor_utilization": {
          "shard": "6",
          "value": 72.092153879999728
        }
      },
      {
        "reactor_utilization": {
          "shard": "7",
          "value": 65.063973299999972
        }
      },
      {
        "reactor_utilization": {
          "shard": "8",
          "value": 75.294240859999604
        }
      },
      {
        "reactor_utilization": {
          "shard": "9",
          "value": 49.756300380000198
        }
      },
      {
        "reactor_utilization": {
          "shard": "10",
          "value": 84.083711200000621
        }
      },
      {
        "reactor_utilization": {
          "shard": "11",
          "value": 82.681661759999869
        }
      },
      {
        "reactor_utilization": {
          "shard": "12",
          "value": 94.111547519999746
        }
      },
      {
        "reactor_utilization": {
          "shard": "13",
          "value": 80.567788680000191
        }
      },
      {
        "reactor_utilization": {
          "shard": "14",
          "value": 75.1938970799999
        }
      },
      {
        "reactor_utilization": {
          "shard": "15",
          "value": 75.501783560000362
        }
      }
    ]
  },
  {
    "metrics": [
      {
        "reactor_utilization": {
          "shard": "0",
          "value": 74.788445960000146
        }
      },
      {
        "reactor_utilization": {
          "shard": "1",
          "value": 77.286030480000093
        }
      },
      {
        "reactor_utilization": {
          "shard": "2",
          "value": 56.671644399999941
        }
      },
      {
        "reactor_utilization": {
          "shard": "3",
          "value": 52.587726459999615
        }
      },
      {
        "reactor_utilization": {
          "shard": "4",
          "value": 69.285501519999841
        }
      },
      {
        "reactor_utilization": {
          "shard": "5",
          "value": 76.22169092
        }
      },
      {
        "reactor_utilization": {
          "shard": "6",
          "value": 67.101160839999707
        }
      },
      {
        "reactor_utilization": {
          "shard": "7",
          "value": 71.754896179999974
        }
      },
      {
        "reactor_utilization": {
          "shard": "8",
          "value": 76.918571039999591
        }
      },
      {
        "reactor_utilization": {
          "shard": "9",
          "value": 70.086967480000197
        }
      },
      {
        "reactor_utilization": {
          "shard": "10",
          "value": 60.568839700000623
        }
      },
      {
        "reactor_utilization": {
          "shard": "11",
          "value": 63.933799759999864
        }
      },
      {
        "reactor_utilization": {
          "shard": "12",
          "value": 94.568882819999757
        }
      },
      {
        "reactor_utilization": {
          "shard": "13",
          "value": 93.909749680000203
        }
      },
      {
        "reactor_utilization": {
          "shard": "14",
          "value": 64.480442759999917
        }
      },
      {
        "reactor_utilization": {
          "shard": "15",
          "value": 73.903996300000358
        }
      }
    ]
  },
  {
    "metrics": [
      {
        "reactor_utilization": {
          "shard": "0",
          "value": 93.742322020000145
        }
      },
      {
        "reactor_utilization": {
          "shard": "1",
          "value": 79.65305804000009
        }
      },
      {
        "reactor_utilization": {
          "shard": "2",
          "value": 56.572120979999937
        }
      },
      {
        "reactor_utilization": {
          "shard": "3",
          "value": 65.98024977999961
        }
      },
      {
        "reactor_utilization": {
          "shard": "4",
          "value": 80.481216659999845
        }
      },
      {
        "reactor_utilization": {
          "shard": "5",
          "value": 85.180290959999994
        }
      },
      {
        "reactor_utilization": {
          "shard": "6",
          "value": 74.913838719999703
        }
      },
      {
        "reactor_utilization": {
          "shard": "7",
          "value": 68.322996919999966
        }
      },
      {
        "reactor_utilization": {
          "shard": "8",
          "value": 67.302886359999604
        }
      },
      {
        "reactor_utilization": {
          "shard": "9",
          "value": 65.511743000000195
        }
      },
      {
        "reactor_utilization": {
          "shard": "10",
          "value": 70.884836120000614
        }
      },
      {
        "reactor_utilization": {
          "shard": "11",
          "value": 82.496458939999869
        }
      },
      {
        "reactor_utilization": {
          "shard": "12",
          "value": 87.632995879999754
        }
      },
      {
        "reactor_utilization": {
          "shard": "13",
          "value": 63.044947540000194
        }
      },
      {
        "reactor_utilization": {
          "shard": "14",
          "value": 68.17969121999991
        }
      },
      {
        "reactor_utilization": {
          "shard": "15",
          "value": 82.814930900000363
        }
      }
    ]
  },
  {
    "metrics": [
      {
        "reactor_utilization": {
          "shard": "0",
          "value": 94.508744560000153
        }
      },
      {
        "reactor_utilization": {
          "shard": "1",
          "value": 72.325808720000097
        }
      },
      {
        "reactor_utilization": {
          "shard": "2",
          "value": 66.111497879999931
        }
      },
      {
        "reactor_utilization": {
          "shard": "3",
          "value": 54.938653119999614
        }
      },
      {
        "reactor_utilization": {
          "shard": "4",
          "value": 77.686509799999854
        }
      },
      {
        "reactor_utilization": {
          "shard": "5",
          "value": 78.274007439999991
        }
      },
      {
        "reactor_utilization": {
          "shard": "6",
          "value": 62.116295879999704
        }
      },
      {
        "reactor_utilization": {
          "shard": "7",
          "value": 73.011347119999968
        }
      },
      {
        "reactor_utilization": {
          "shard": "8",
          "value": 71.506758619999601
        }
      },
      {
        "reactor_utilization": {
          "shard": "9",
          "value": 65.161711320000208
        }
      },
      {
        "reactor_utilization": {
          "shard": "10",
          "value": 63.681233080000609
        }
      },
      {
        "reactor_utilization": {
          "shard": "11",
          "value": 81.418475619999882
        }
      },
      {
        "reactor_utilization": {
          "shard": "12",
          "value": 78.754219399999755
        }
      },
      {
        "reactor_utilization": {
          "shard": "13",
          "value": 77.715665400000191
        }
      },
      {
        "reactor_utilization": {
          "shard": "14",
          "value": 83.398377079999904
        }
      },
      {
        "reactor_utilization": {
          "shard": "15",
          "value": 84.77228910000035
        }
      }
    ]
  },
  {
    "metrics": [
      {
        "reactor_utilization": {
          "shard": "0",
          "value": 83.763664960000156
        }
      },
      {
        "reactor_utilization": {
          "shard": "1",
          "value": 84.744841140000105
        }
      },
      {
        "reactor_utilization": {
          "shard": "2",
          "value": 82.796732559999924
        }
      },
      {
        "reactor_utilization": {
          "shard": "3",
          "value": 65.437727619999592
        }
      },
      {
        "reactor_utilization": {
          "shard": "4",
          "value": 70.871290859999846
        }
      },
      {
        "reactor_utilization": {
          "shard": "5",
          "value": 70.386330419999993
        }
      },
      {
        "reactor_utilization": {
          "shard": "6",
          "value": 75.155934539999706
        }
      },
      {
        "reactor_utilization": {
          "shard": "7",
          "value": 70.313829939999977
        }
      },
      {
        "reactor_utilization": {
          "shard": "8",
          "value": 72.998315899999582
        }
      },
      {
        "reactor_utilization": {
          "shard": "9",
          "value": 71.125302580000209
        }
      },
      {
        "reactor_utilization": {
          "shard": "10",
          "value": 65.003899960000624
        }
      },
      {
        "reactor_utilization": {
          "shard": "11",
          "value": 76.628488979999872
        }
      },
      {
        "reactor_utilization": {
          "shard": "12",
          "value": 64.612156999999755
        }
      },
      {
        "reactor_utilization": {
          "shard": "13",
          "value": 85.427685060000186
        }
      },
      {
        "reactor_utilization": {
          "shard": "14",
          "value": 67.772830619999908
        }
      },
      {
        "reactor_utilization": {
          "shard": "15",
          "value": 84.13647226000036
        }
      }
    ]
  },
  {
    "metrics": [
      {
        "reactor_utilization": {
          "shard": "0",
          "value": 78.022813340000141
        }
      },
      {
        "reactor_utilization": {
          "shard": "1",
          "value": 82.824607040000103
        }
      },
      {
        "reactor_utilization": {
          "shard": "2",
          "value": 61.220037999999931
        }
      },
      {
        "reactor_utilization": {
          "shard": "3",
          "value": 77.374843779999608
        }
      },
      {
        "reactor_utilization": {
          "shard": "4",
          "value": 66.444844699999848
        }
      },
      {
        "reactor_utilization": {
          "shard": "5",
          "value": 72.92685053999999
        }
      },
      {
        "reactor_utilization": {
          "shard": "6",
          "value": 74.745409059999687
        }
      },
      {
        "reactor_utilization": {
          "shard": "7",
          "value": 70.958048299999959
        }
      },
      {
        "reactor_utilization": {
          "shard": "8",
          "value": 90.246926719999593
        }
      },
      {
        "reactor_utilization": {
          "shard": "9",
          "value": 77.1695508600002
        }
      },
      {
        "reactor_utilization": {
          "shard": "10",
          "value": 52.012589760000616
        }
      },
      {
        "reactor_utilization": {
          "shard": "11",
          "value": 71.358070039999873
        }
      },
      {
        "reactor_utilization": {
          "shard": "12",
          "value": 77.505357979999758
        }
      },
      {
        "reactor_utilization": {
          "shard": "13",
          "value": 85.605587960000193
        }
      },
      {
        "reactor_utilization": {
          "shard": "14",
          "value": 83.927406119999915
        }
      },
      {
        "reactor_utilization": {
          "shard": "15",
          "value": 77.291211840000358
        }
      }
    ]
  },
  {
    "metrics": [
      {
        "reactor_utilization": {
          "shard": "0",
          "value": 83.571592020000139
        }
      },
      {
        "reactor_utilization": {
          "shard": "1",
          "value": 70.132385660000111
        }
      },
      {
        "reactor_utilization": {
          "shard": "2",
          "value": 80.016219059999941
        }
      },
      {
        "reactor_utilization": {
          "shard": "3",
          "value": 68.429815779999601
        }
      },
      {
        "reactor_utilization": {
          "shard": "4",
          "value": 69.427470399999848
        }
      },
      {
        "reactor_utilization": {
          "shard": "5",
          "value": 67.85233067999998
        }
      },
      {
        "reactor_utilization": {
          "shard": "6",
          "value": 68.912091419999697
        }
      },
      {
        "reactor_utilization": {
          "shard": "7",
          "value": 65.09479663999997
        }
      },
      {
        "reactor_utilization": {
          "shard": "8",
          "value": 69.976395059999589
        }
      },
      {
        "reactor_utilization": {
          "shard": "9",
          "value": 79.260261060000204
        }
      },
      {
        "reactor_utilization": {
          "shard": "10",
          "value": 62.496389640000615
        }
      },
      {
        "reactor_utilization": {
          "shard": "11",
          "value": 68.17361769999988
        }
      },
      {
        "reactor_utilization": {
          "shard": "12",
          "value": 88.807338319999758
        }
      },
      {
        "reactor_utilization": {
          "shard": "13",
          "value": 86.645675180000197
        }
      },
      {
        "reactor_utilization": {
          "shard": "14",
          "value": 84.799525619999912
        }
      },
      {
        "reactor_utilization": {
          "shard": "15",
          "value": 76.008830780000352
        }
      }
    ]
  },
  {
    "metrics": [
      {
        "reactor_utilization": {
          "shard": "0",
          "value": 74.763579980000145
        }
      },
      {
        "reactor_utilization": {
          "shard": "1",
          "value": 83.555665420000111
        }
      },
      {
        "reactor_utilization": {
          "shard": "2",
          "value": 68.106479479999933
        }
      },
      {
        "reactor_utilization": {
          "shard": "3",
          "value": 64.980301199999602
        }
      },
      {
        "reactor_utilization": {
          "shard": "4",
          "value": 68.418220719999852
        }
      },
      {
        "reactor_utilization": {
          "shard": "5",
          "value": 84.15652971999998
        }
      },
      {
        "reactor_utilization": {
          "shard": "6",
          "value": 72.876836799999694
        }
      },
      {
        "reactor_utilization": {
          "shard": "7",
          "value": 72.675469559999968
        }
      },
      {
        "reactor_utilization": {
          "shard": "8",
          "value": 84.266584939999589
        }
      },
      {
        "reactor_utilization": {
          "shard": "9",
          "value": 64.661254320000211
        }
      },
      {
        "reactor_utilization": {
          "shard": "10",
          "value": 72.133368460000597
        }
      },
      {
        "reactor_utilization": {
          "shard": "11",
          "value": 92.421075379999877
        }
      },
      {
        "reactor_utilization": {
          "shard": "12",
          "value": 78.522327279999757
        }
      },
      {
        "reactor_utilization": {
          "shard": "13",
          "value": 78.809456400000187
        }
      },
      {
        "reactor_utilization": {
          "shard": "14",
          "value": 82.928799179999913
        }
      },
      {
        "reactor_utilization": {
          "shard": "15",
          "value": 74.250146760000362
        }
      }
    ]
  },
  {
    "metrics": [
      {
        "reactor_utilization": {
          "shard": "0",
          "value": 79.561331160000137
        }
      },
      {
        "reactor_utilization": {
          "shard": "1",
          "value": 92.310618540000107
        }
      },
      {
        "reactor_utilization": {
          "shard": "2",
          "value": 70.788943319999944
        }
      },
      {
        "reactor_utilization": {
          "shard": "3",
          "value": 67.429911739999596
        }
      },
      {
        "reactor_utilization": {
          "shard": "4",
          "value": 59.391780659999839
        }
      },
      {
        "reactor_utilization": {
          "shard": "5",
          "value": 66.12707739999999
        }
      },
      {
        "reactor_utilization": {
          "shard": "6",
          "value": 83.998504319999711
        }
      },
      {
        "reactor_utilization": {
          "shard": "7",
          "value": 77.40652975999997
        }
      },
      {
        "reactor_utilization": {
          "shard": "8",
          "value": 54.746853319999587
        }
      },
      {
        "reactor_utilization": {
          "shard": "9",
          "value": 68.888753240000213
        }
      },
      {
        "reactor_utilization": {
          "shard": "10",
          "value": 70.158364600000596
        }
      },
      {
        "reactor_utilization": {
          "shard": "11",
          "value": 87.029073779999877
        }
      },
      {
        "reactor_utilization": {
          "shard": "12",
          "value": 72.155623499999749
        }
      },
      {
        "reactor_utilization": {
          "shard": "13",
          "value": 77.300097020000194
        }
      },
      {
        "reactor_utilization": {
          "shard": "14",
          "value": 68.180683499999901
        }
      },
      {
        "reactor_utilization": {
          "shard": "15",
          "value": 83.971795240000361
        }
      }
    ]
  },
  {
    "metrics": [
      {
        "reactor_utilization": {
          "shard": "0",
          "value": 71.753713460000128
        }
      },
      {
        "reactor_utilization": {
          "shard": "1",
          "value": 74.430873280000114
        }
      },
      {
        "reactor_utilization": {
          "shard": "2",
          "value": 90.638439139999946
        }
      },
      {
        "reactor_utilization": {
          "shard": "3",
          "value": 69.823843959999593
        }
      },
      {
        "reactor_utilization": {
          "shard": "4",
          "value": 63.460293919999842
        }
      },
      {
        "reactor_utilization": {
          "shard": "5",
          "value": 79.465246079999986
        }
      },
      {
        "reactor_utilization": {
          "shard": "6",
          "value": 75.421160599999709
        }
      },
      {
        "reactor_utilization": {
          "shard": "7",
          "value": 85.698658779999988
        }
      },
      {
        "reactor_utilization": {
          "shard": "8",
          "value": 69.145071079999582
        }
      },
      {
        "reactor_utilization": {
          "shard": "9",
          "value": 75.935363660000206
        }
      },
      {
        "reactor_utilization": {
          "shard": "10",
          "value": 72.312869560000593
        }
      },
      {
        "reactor_utilization": {
          "shard": "11",
          "value": 78.594447299999871
        }
      },
      {
        "reactor_utilization": {
          "shard": "12",
          "value": 78.713540099999761
        }
      },
      {
        "reactor_utilization": {
          "shard": "13",
          "value": 84.742590440000185
        }
      },
      {
        "reactor_utilization": {
          "shard": "14",
          "value": 61.673129719999906
        }
      },
      {
        "reactor_utilization": {
          "shard": "15",
          "value": 71.673733780000362
        }
      }
    ]
  },
  {
    "metrics": [
      {
        "reactor_utilization": {
          "shard": "0",
          "value": 69.560275440000126
        }
      },
      {
        "reactor_utilization": {
          "shard": "1",
          "value": 77.782763880000104
        }
      },
      {
        "reactor_utilization": {
          "shard": "2",
          "value": 70.93966747999994
        }
      },
      {
        "reactor_utilization": {
          "shard": "3",
          "value": 62.857312079999602
        }
      },
      {
        "reactor_utilization": {
          "shard": "4",
          "value": 74.976107579999862
        }
      },
      {
        "reactor_utilization": {
          "shard": "5",
          "value": 66.2930542
        }
      },
      {
        "reactor_utilization": {
          "shard": "6",
          "value": 64.823043559999704
        }
      },
      {
        "reactor_utilization": {
          "shard": "7",
          "value": 54.371760719999983
        }
      },
      {
        "reactor_utilization": {
          "shard": "8",
          "value": 70.389867719999572
        }
      },
      {
        "reactor_utilization": {
          "shard": "9",
          "value": 93.251259500000202
        }
      },
      {
        "reactor_utilization": {
          "shard": "10",
          "value": 72.262386980000599
        }
      },
      {
        "reactor_utilization": {
          "shard": "11",
          "value": 82.456573299999874
        }
      },
      {
        "reactor_utilization": {
          "shard": "12",
          "value": 63.853467379999763
        }
      },
      {
        "reactor_utilization": {
          "shard": "13",
          "value": 79.385359620000202
        }
      },
      {
        "reactor_utilization": {
          "shard": "14",
          "value": 76.95548447999991
        }
      },
      {
        "reactor_utilization": {
          "shard": "15",
          "value": 98.87063446000036
        }
      }
    ]
  },
  {
    "metrics": [
      {
        "reactor_utilization": {
          "shard": "0",
          "value": 83.041669460000136
        }
      },
      {
        "reactor_utilization": {
          "shard": "1",
          "value": 88.718161320000092
        }
      },
      {
        "reactor_utilization": {
          "shard": "2",
          "value": 67.031323899999947
        }
      },
      {
        "reactor_utilization": {
          "shard": "3",
          "value": 67.381859219999598
        }
      },
      {
        "reactor_utilization": {
          "shard": "4",
          "value": 68.716561339999856
        }
      },
      {
        "reactor_utilization": {
          "shard": "5",
          "value": 71.542518679999986
        }
      },
      {
        "reactor_utilization": {
          "shard": "6",
          "value": 63.816212399999692
        }
      },
      {
        "reactor_utilization": {
          "shard": "7",
          "value": 69.352140399999982
        }
      },
      {
        "reactor_utilization": {
          "shard": "8",
          "value": 62.410720239999563
        }
      },
      {
        "reactor_utilization": {
          "shard": "9",
          "value": 66.637325380000206
        }
      },
      {
        "reactor_utilization": {
          "shard": "10",
          "value": 60.697184800000592
        }
      },
      {
        "reactor_utilization": {
          "shard": "11",
          "value": 71.491976239999872
        }
      },
      {
        "reactor_utilization": {
          "shard": "12",
          "value": 89.688902599999764
        }
      },
      {
        "reactor_utilization": {
          "shard": "13",
          "value": 66.310141520000187
        }
      },
      {
        "reactor_utilization": {
          "shard": "14",
          "value": 72.757902539999904
        }
      },
      {
        "reactor_utilization": {
          "shard": "15",
          "value": 83.149622880000365
        }
      }
    ]
  }
]
