[
  {
    "metrics": [
      {
        "reactor_utilization": {
          "shard": "0",
          "value": 51.378361900000201
        }
      },
      {
        "reactor_utilization": {
          "shard": "1",
          "value": 52.623085560000035
        }
      },
      {
        "reactor_utilization": {
          "shard": "2",
          "value": 78.806208659999925
        }
      },
      {
        "reactor_utilization": {
          "shard": "3",
          "value": 67.435625539999677
        }
      },
      {
        "reactor_utilization": {
          "shard": "4",
          "value": 77.657467539999871
        }
      },
      {
        "reactor_utilization": {
          "shard": "5",
          "value": 64.696849360000044
        }
      },
      {
        "reactor_utilization": {
          "shard": "6",
          "value": 85.06092181999972
        }
      },
      {
        "reactor_utilization": {
          "shard": "7",
          "value": 89.526008759999968
        }
      },
      {
        "reactor_utilization": {
          "shard": "8",
          "value": 76.238275639999557
        }
      },
      {
        "reactor_utilization": {
          "shard": "9",
          "value": 79.960712060000134
        }
      },
      {
        "reactor_utilization": {
          "shard": "10",
          "value": 81.955044680000611
        }
      },
      {
        "reactor_utilization": {
          "shard": "11",
          "value": 77.638393879999853
        }
      },
      {
        "reactor_utilization": {
          "shard": "12",
          "value": 62.376053439999815
        }
      },
      {
        "reactor_utilization": {
          "shard": "13",
          "value": 80.943964520000137
        }
      },
      {
        "reactor_utilization": {
          "shard": "14",
          "value": 67.457954879999917
        }
      },
      {
        "reactor_utilization": {
          "shard": "15",
          "value": 74.157538600000365
        }
      }
    ]
  },
  {
    "metrics": [
      {
        "reactor_utilization": {
          "shard": "0",
          "value": 63.689016360000196
        }
      },
      {
        "reactor_utilization": {
          "shard": "1",
          "value": 78.371075240000039
        }
      },
      {
        "reactor_utilization": {
          "shard": "2",
          "value": 78.185960539999925
        }
      },
      {
        "reactor_utilization": {
          "shard": "3",
          "value": 77.69655091999968
        }
      },
      {
        "reactor_utilization": {
          "shard": "4",
          "value": 74.174769459999851
        }
      },
      {
        "reactor_utilization": {
          "shard": "5",
          "value": 81.75971880000003
        }
      },
      {
        "reactor_utilization": {
          "shard": "6",
          "value": 65.693054279999714
        }
      },
      {
        "reactor_utilization": {
          "shard": "7",
          "value": 53.861496559999956
        }
      },
      {
        "reactor_utilization": {
          "shard": "8",
          "value": 76.199901459999552
        }
      },
      {
        "reactor_utilization": {
          "shard": "9",
          "value": 82.05074426000013
        }
      },
      {
        "reactor_utilization": {
          "shard": "10",
          "value": 87.487371240000613
        }
      },
      {
        "reactor_utilization": {
          "shard": "11",
          "value": 78.717913619999862
        }
      },
      {
        "reactor_utilization": {
          "shard": "12",
          "value": 77.853014419999809
        }
      },
      {
        "reactor_utilization": {
          "shard": "13",
          "value": 86.015483540000133
        }
      },
      {
        "reactor_utilization": {
          "shard": "14",
          "value": 76.654356819999919
        }
      },
      {
        "reactor_utilization": {
          "shard": "15",
          "value": 87.355225440000368
        }
      }
    ]
  },
  {
    "metrics": [
      {
        "reactor_utilization": {
          "shard": "0",
          "value": 74.465026280000174
        }
      },
      {
        "reactor_utilization": {
          "shard": "1",
          "value": 78.145319800000038
        }
      },
      {
        "reactor_utilization": {
          "shard": "2",
          "value": 69.32655627999992
        }
      },
      {
        "reactor_utilization": {
          "shard": "3",
          "value": 74.810249859999672
        }
      },
      {
        "reactor_utilization": {
          "shard": "4",
          "value": 83.220581059999859
        }
      },
      {
        "reactor_utilization": {
          "shard": "5",
          "value": 82.326318880000031
        }
      },
      {
        "reactor_utilization": {
          "shard": "6",
          "value": 78.335475679999718
        }
      },
      {
        "reactor_utilization": {
          "shard": "7",
          "value": 66.04848743999996
        }
      },
      {
        "reactor_utilization": {
          "shard": "8",
          "value": 65.882674479999565
        }
      },
      {
        "reactor_utilization": {
          "shard": "9",
          "value": 82.060903020000126
        }
      },
      {
        "reactor_utilization": {
          "shard": "10",
          "value": 72.710518500000603
        }
      },
      {
        "reactor_utilization": {
          "shard": "11",
          "value": 82.640289199999856
        }
      },
      {
        "reactor_utilization": {
          "shard": "12",
          "value": 82.772843299999806
        }
      },
      {
        "reactor_utilization": {
          "shard": "13",
          "value": 77.172811940000145
        }
      },
      {
        "reactor_utilization": {
          "shard": "14",
          "value": 72.633922259999906
        }
      },
      {
        "reactor_utilization": {
          "shard": "15",
          "value": 76.759637560000371
        }
      }
    ]
  },
  {
    "metrics": [
      {
        "reactor_utilization": {
          "shard": "0",
          "value": 65.429810320000186
        }
      },
      {
        "reactor_utilization": {
          "shard": "1",
          "value": 67.855094980000047
        }
      },
      {
        "reactor_utilization": {
          "shard": "2",
          "value": 85.237626919999926
        }
      },
      {
        "reactor_utilization": {
          "shard": "3",
          "value": 75.292913939999679
        }
      },
      {
        "reactor_utilization": {
          "shard": "4",
          "value": 67.719080239999869
        }
      },
      {
        "reactor_utilization": {
          "shard": "5",
          "value": 57.032896680000036
        }
      },
      {
        "reactor_utilization": {
          "shard": "6",
          "value": 79.974568819999718
        }
      },
      {
        "reactor_utilization": {
          "shard": "7",
          "value": 75.203111779999958
        }
      },
      {
        "reactor_utilization": {
          "shard": "8",
          "value": 76.279194719999552
        }
      },
      {
        "reactor_utilization": {
          "shard": "9",
          "value": 80.728558560000124
        }
      },
      {
        "reactor_utilization": {
          "shard": "10",
          "value": 78.289545740000619
        }
      },
      {
        "reactor_utilization": {
          "shard": "11",
          "value": 64.146555039999868
        }
      },
      {
        "reactor_utilization": {
          "shard": "12",
          "value": 83.557821319999817
        }
      },
      {
        "reactor_utilization": {
          "shard": "13",
          "value": 80.636957980000133
        }
      },
      {
        "reactor_utilization": {
          "shard": "14",
          "value": 56.523060559999905
        }
      },
      {
        "reactor_utilization": {
          "shard": "15",
          "value": 81.673633880000367
        }
      }
    ]
  },
  {
    "metrics": [
      {
        "reactor_utilization": {
          "shard": "0",
          "value": 66.702119820000178
        }
      },
      {
        "reactor_utilization": {
          "shard": "1",
          "value": 64.808680620000047
        }
      },
      {
        "reactor_utilization": {
          "shard": "2",
          "value": 75.689980059999911
        }
      },
      {
        "reactor_utilization": {
          "shard": "3",
          "value": 62.309934399999676
        }
      },
      {
        "reactor_utilization": {
          "shard": "4",
          "value": 73.998523839999848
        }
      },
      {
        "reactor_utilization": {
          "shard": "5",
          "value": 64.830426640000056
        }
      },
      {
        "reactor_utilization": {
          "shard": "6",
          "value": 71.369660399999731
        }
      },
      {
        "reactor_utilization": {
          "shard": "7",
          "value": 73.176672239999945
        }
      },
      {
        "reactor_utilization": {
          "shard": "8",
          "value": 77.036957999999572
        }
      },
      {
        "reactor_utilization": {
          "shard": "9",
          "value": 73.502965940000138
        }
      },
      {
        "reactor_utilization": {
          "shard": "10",
          "value": 79.937627400000608
        }
      },
      {
        "reactor_utilization": {
          "shard": "11",
          "value": 78.006229379999866
        }
      },
      {
        "reactor_utilization": {
          "shard": "12",
          "value": 79.793242599999815
        }
      },
      {
        "reactor_utilization": {
          "shard": "13",
          "value": 86.466600400000132
        }
      },
      {
        "reactor_utilization": {
          "shard": "14",
          "value": 83.018164779999907
        }
      },
      {
        "reactor_utilization": {
          "shard": "15",
          "value": 85.898746680000372
        }
      }
    ]
  },
  {
    "metrics": [
      {
        "reactor_utilization": {
          "shard": "0",
          "value": 60.912926360000185
        }
      },
      {
        "reactor_utilization": {
          "shard": "1",
          "value": 69.470852160000035
        }
      },
      {
        "reactor_utilization": {
          "shard": "2",
          "value": 69.717134879999918
        }
      },
      {
        "reactor_utilization": {
          "shard": "3",
          "value": 69.796873699999679
        }
      },
      {
        "reactor_utilization": {
          "shard": "4",
          "value": 83.569324879999854
        }
      },
      {
        "reactor_utilization": {
          "shard": "5",
          "value": 71.414605120000061
        }
      },
      {
        "reactor_utilization": {
          "shard": "6",
          "value": 77.290995859999725
        }
      },
      {
        "reactor_utilization": {
          "shard": "7",
          "value": 67.706528919999954
        }
      },
      {
        "reactor_utilization": {
          "shard": "8",
          "value": 75.150903039999562
        }
      },
      {
        "reactor_utilization": {
          "shard": "9",
          "value": 84.101499940000153
        }
      },
      {
        "reactor_utilization": {
          "shard": "10",
          "value": 72.645869560000619
        }
      },
      {
        "reactor_utilization": {
          "shard": "11",
          "value": 71.901805159999853
        }
      },
      {
        "reactor_utilization": {
          "shard": "12",
          "value": 82.489206759999817
        }
      },
      {
        "reactor_utilization": {
          "shard": "13",
          "value": 68.989135820000143
        }
      },
      {
        "reactor_utilization": {
          "shard": "14",
          "value": 86.644503099999895
        }
      },
      {
        "reactor_utilization": {
          "shard": "15",
          "value": 85.230681540000376
        }
      }
    ]
  },
  {
    "metrics": [
      {
        "reactor_utilization": {
          "shard": "0",
          "value": 60.426824740000185
        }
      },
      {
        "reactor_utilization": {
          "shard": "1",
          "value": 77.406171360000045
        }
      },
      {
        "reactor_utilization": {
          "shard": "2",
          "value": 82.030808259999915
        }
      },
      {
        "reactor_utilization": {
          "shard": "3",
          "value": 74.929834299999683
        }
      },
      {
        "reactor_utilization": {
          "shard": "4",
          "value": 76.932787579999854
        }
      },
      {
        "reactor_utilization": {
          "shard": "5",
          "value": 66.293089300000048
        }
      },
      {
        "reactor_utilization": {
          "shard": "6",
          "value": 89.617572519999726
        }
      },
      {
        "reactor_utilization": {
          "shard": "7",
          "value": 66.209987059999946
        }
      },
      {
        "reactor_utilization": {
          "shard": "8",
          "value": 63.146742899999566
        }
      },
      {
        "reactor_utilization": {
          "shard": "9",
          "value": 72.882962140000146
        }
      },
      {
        "reactor_utilization": {
          "shard": "10",
          "value": 72.884951640000622
        }
      },
      {
        "reactor_utilization": {
          "shard": "11",
          "value": 76.574252479999842
        }
      },
      {
        "reactor_utilization": {
          "shard": "12",
          "value": 82.168100299999807
        }
      },
      {
        "reactor_utilization": {
          "shard": "13",
          "value": 82.203994320000149
        }
      },
      {
        "reactor_utilization": {
          "shard": "14",
          "value": 88.379671179999903
        }
      },
      {
        "reactor_utilization": {
          "shard": "15",
          "value": 76.761155040000375
        }
      }
    ]
  },
  {
    "metrics": [
      {
        "reactor_utilization": {
          "shard": "0",
          "value": 57.718734760000181
        }
      },
      {
        "reactor_utilization": {
          "shard": "1",
          "value": 56.778236180000043
        }
      },
      {
        "reactor_utilization": {
          "shard": "2",
          "value": 71.704923059999913
        }
      },
      {
        "reactor_utilization": {
          "shard": "3",
          "value": 65.365542999999676
        }
      },
      {
        "reactor_utilization": {
          "shard": "4",
          "value": 67.123202759999828
        }
      },
      {
        "reactor_utilization": {
          "shard": "5",
          "value": 68.718491540000045
        }
      },
      {
        "reactor_utilization": {
          "shard": "6",
          "value": 89.623671619999726
        }
      },
      {
        "reactor_utilization": {
          "shard": "7",
          "value": 81.779018939999943
        }
      },
      {
        "reactor_utilization": {
          "shard": "8",
          "value": 81.697784759999564
        }
      },
      {
        "reactor_utilization": {
          "shard": "9",
          "value": 78.79317028000014
        }
      },
      {
        "reactor_utilization": {
          "shard": "10",
          "value": 79.706875160000607
        }
      },
      {
        "reactor_utilization": {
          "shard": "11",
          "value": 83.816726339999832
        }
      },
      {
        "reactor_utilization": {
          "shard": "12",
          "value": 80.623008879999816
        }
      },
      {
        "reactor_utilization": {
          "shard": "13",
          "value": 70.759196100000153
        }
      },
      {
        "reactor_utilization": {
          "shard": "14",
          "value": 79.343482339999909
        }
      },
      {
        "reactor_utilization": {
          "shard": "15",
          "value": 83.116307980000371
        }
      }
    ]
  },
  {
    "metrics": [
      {
        "reactor_utilization": {
          "shard": "0",
          "value": 56.621980260000186
        }
      },
      {
        "reactor_utilization": {
          "shard": "1",
          "value": 71.111151340000049
        }
      },
      {
        "reactor_utilization": {
          "shard": "2",
          "value": 64.810834399999919
        }
      },
      {
        "reactor_utilization": {
          "shard": "3",
          "value": 65.268383779999667
        }
      },
      {
        "reactor_utilization": {
          "shard": "4",
          "value": 67.977792819999834
        }
      },
      {
        "reactor_utilization": {
          "shard": "5",
          "value": 72.345332120000052
        }
      },
      {
        "reactor_utilization": {
          "shard": "6",
          "value": 76.091392179999715
        }
      },
      {
        "reactor_utilization": {
          "shard": "7",
          "value": 65.694919179999943
        }
      },
      {
        "reactor_utilization": {
          "shard": "8",
          "value": 77.232518699999559
        }
      },
      {
        "reactor_utilization": {
          "shard": "9",
          "value": 74.337299220000148
        }
      },
      {
        "reactor_utilization": {
          "shard": "10",
          "value": 88.277802020000607
        }
      },
      {
        "reactor_utilization": {
          "shard": "11",
          "value": 92.305735019999844
        }
      },
      {
        "reactor_utilization": {
          "shard": "12",
          "value": 78.650381879999813
        }
      },
      {
        "reactor_utilization": {
          "shard": "13",
          "value": 76.695152560000153
        }
      },
      {
        "reactor_utilization": {
          "shard": "14",
          "value": 76.563471439999901
        }
      },
      {
        "reactor_utilization": {
          "shard": "15",
          "value": 80.142662540000373
        }
      }
    ]
  },
  {
    "metrics": [
      {
        "reactor_utilization": {
          "shard": "0",
          "value": 58.36242470000019
        }
      },
      {
        "reactor_utilization": {
          "shard": "1",
          "value": 47.411282080000049
        }
      },
      {
        "reactor_utilization": {
          "shard": "2",
          "value": 63.690965239999919
        }
      },
      {
        "reactor_utilization": {
          "shard": "3",
          "value": 63.931009999999667
        }
      },
      {
        "reactor_utilization": {
          "shard": "4",
          "value": 71.289513039999846
        }
      },
      {
        "reactor_utilization": {
          "shard": "5",
          "value": 69.256637900000044
        }
      },
      {
        "reactor_utilization": {
          "shard": "6",
          "value": 72.39547121999972
        }
      },
      {
        "reactor_utilization": {
          "shard": "7",
          "value": 65.33918799999995
        }
      },
      {
        "reactor_utilization": {
          "shard": "8",
          "value": 85.036801699999558
        }
      },
      {
        "reactor_utilization": {
          "shard": "9",
          "value": 68.751449460000146
        }
      },
      {
        "reactor_utilization": {
          "shard": "10",
          "value": 85.592100300000624
        }
      },
      {
        "reactor_utilization": {
          "shard": "11",
          "value": 79.95574257999985
        }
      },
      {
        "reactor_utilization": {
          "shard": "12",
          "value": 80.301826639999803
        }
      },
      {
        "reactor_utilization": {
          "shard": "13",
          "value": 91.479641540000159
        }
      },
      {
        "reactor_utilization": {
          "shard": "14",
          "value": 77.565790299999904
        }
      },
      {
        "reactor_utilization": {
          "shard": "15",
          "value": 79.044998480000373
        }
      }
    ]
  },
  {
    "metrics": [
      {
        "reactor_utilization": {
          "shard": "0",
          "value": 59.367087500000181
        }
      },
      {
        "reactor_utilization": {
          "shard": "1",
          "value": 68.596974480000057
        }
      },
      {
        "reactor_utilization": {
          "shard": "2",
          "value": 55.140554419999923
        }
      },
      {
        "reactor_utilization": {
          "shard": "3",
          "value": 72.623491319999673
        }
      },
      {
        "reactor_utilization": {
          "shard": "4",
          "value": 72.911826179999821
        }
      },
      {
        "reactor_utilization": {
          "shard": "5",
          "value": 70.541408420000053
        }
      },
      {
        "reactor_utilization": {
          "shard": "6",
          "value": 83.737683199999722
        }
      },
      {
        "reactor_utilization": {
          "shard": "7",
          "value": 54.19855581999996
        }
      },
      {
        "reactor_utilization": {
          "shard": "8",
          "value": 65.936137339999561
        }
      },
      {
        "reactor_utilization": {
          "shard": "9",
          "value": 71.703575620000152
        }
      },
      {
        "reactor_utilization": {
          "shard": "10",
          "value": 79.89614454000062
        }
      },
      {
        "reactor_utilization": {
          "shard": "11",
          "value": 77.121263339999842
        }
      },
      {
        "reactor_utilization": {
          "shard": "12",
          "value": 98.091893239999806
        }
      },
      {
        "reactor_utilization": {
          "shard": "13",
          "value": 89.96906148000015
        }
      },
      {
        "reactor_utilization": {
          "shard": "14",
          "value": 68.115120899999894
        }
      },
      {
        "reactor_utilization": {
          "shard": "15",
          "value": 78.630586260000371
        }
      }
    ]
  },
  {
    "metrics": [
      {
        "reactor_utilization": {
          "shard": "0",
          "value": 66.34216622000018
        }
      },
      {
        "reactor_utilization": {
          "shard": "1",
          "value": 76.984841360000061
        }
      },
      {
        "reactor_utilization": {
          "shard": "2",
          "value": 64.046064359999917
        }
      },
      {
        "reactor_utilization": {
          "shard": "3",
          "value": 64.496740519999662
        }
      },
      {
        "reactor_utilization": {
          "shard": "4",
          "value": 72.106415259999835
        }
      },
      {
        "reactor_utilization": {
          "shard": "5",
          "value": 78.488723900000039
        }
      },
      {
        "reactor_utilization": {
          "shard": "6",
          "value": 69.117000659999732
        }
      },
      {
        "reactor_utilization": {
          "shard": "7",
          "value": 69.520581579999956
        }
      },
      {
        "reactor_utilization": {
          "shard": "8",
          "value": 68.543611519999544
        }
      },
      {
        "reactor_utilization": {
          "shard": "9",
          "value": 68.732637100000147
        }
      },
      {
        "reactor_utilization": {
          "shard": "10",
          "value": 79.795149040000624
        }
      },
      {
        "reactor_utilization": {
          "shard": "11",
          "value": 61.322870779999846
        }
      },
      {
        "reactor_utilization": {
          "shard": "12",
          "value": 78.385112079999814
        }
      },
      {
        "reactor_utilization": {
          "shard": "13",
          "value": 76.359486100000169
        }
      },
      {
        "reactor_utilization": {
          "shard": "14",
          "value": 84.879505879999897
        }
      },
      {
        "reactor_utilization": {
          "shard": "15",
          "value": 90.000410440000365
        }
      }
    ]
  },
  {
    "metrics": [
      {
        "reactor_utilization": {
          "shard": "0",
          "value": 71.204248640000174
        }
      },
      {
        "reactor_utilization": {
          "shard": "1",
          "value": 53.127785820000049
        }
      },
      {
        "reactor_utilization": {
          "shard": "2",
          "value": 71.210579279999919
        }
      },
      {
        "reactor_utilization": {
          "shard": "3",
          "value": 71.196591779999665
        }
      },
      {
        "reactor_utilization": {
          "shard": "4",
          "value": 78.595672919999828
        }
      },
      {
        "reactor_utilization": {
          "shard": "5",
          "value": 82.988535780000049
        }
      },
      {
        "reactor_utilization": {
          "shard": "6",
          "value": 78.384915819999733
        }
      },
      {
        "reactor_utilization": {
          "shard": "7",
          "value": 68.634843319999959
        }
      },
      {
        "reactor_utilization": {
          "shard": "8",
          "value": 66.235468459999552
        }
      },
      {
        "reactor_utilization": {
          "shard": "9",
          "value": 58.632331240000156
        }
      },
      {
        "reactor_utilization": {
          "shard": "10",
          "value": 82.106230260000615
        }
      },
      {
        "reactor_utilization": {
          "shard": "11",
          "value": 76.865699659999848
        }
      },
      {
        "reactor_utilization": {
          "shard": "12",
          "value": 68.961287419999806
        }
      },
      {
        "reactor_utilization": {
          "shard": "13",
          "value": 82.558927660000165
        }
      },
      {
        "reactor_utilization": {
          "shard": "14",
          "value": 72.483619199999893
        }
      },
      {
        "reactor_utilization": {
          "shard": "15",
          "value": 80.416101760000373
        }
      }
    ]
  },
  {
    "metrics": [
      {
        "reactor_utilization": {
          "shard": "0",
          "value": 69.87107820000017
        }
      },
      {
        "reactor_utilization": {
          "shard": "1",
          "value": 67.595040160000067
        }
      },
      {
        "reactor_utilization": {
          "shard": "2",
          "value": 79.017242159999896
        }
      },
      {
        "reactor_utilization": {
          "shard": "3",
          "value": 75.609542919999654
        }
      },
      {
        "reactor_utilization": {
          "shard": "4",
          "value": 72.867840939999823
        }
      },
      {
        "reactor_utilization": {
          "shard": "5",
          "value": 64.061003560000046
        }
      },
      {
        "reactor_utilization": {
          "shard": "6",
          "value": 70.330771999999726
        }
      },
      {
        "reactor_utilization": {
          "shard": "7",
          "value": 75.201272759999966
        }
      },
      {
        "reactor_utilization": {
          "shard": "8",
          "value": 71.472110919999551
        }
      },
      {
        "reactor_utilization": {
          "shard": "9",
          "value": 83.886959260000154
        }
      },
      {
        "reactor_utilization": {
          "shard": "10",
          "value": 59.313325120000613
        }
      },
      {
        "reactor_utilization": {
          "shard": "11",
          "value": 68.88648085999985
        }
      },
      {
        "reactor_utilization": {
          "shard": "12",
          "value": 68.433315519999809
        }
      },
      {
        "reactor_utilization": {
          "shard": "13",
          "value": 94.446740220000152
        }
      },
      {
        "reactor_utilization": {
          "shard": "14",
          "value": 64.194818019999886
        }
      },
      {
        "reactor_utilization": {
          "shard": "15",
          "value": 72.886871240000374
        }
      }
    ]
  },
  {
    "metrics": [
      {
        "reactor_utilization": {
          "shard": "0",
          "value": 55.515679180000163
        }
      },
      {
        "reactor_utilization": {
          "shard": "1",
          "value": 45.800423620000061
        }
      },
      {
        "reactor_utilization": {
          "shard": "2",
          "value": 91.300716839999907
        }
      },
      {
        "reactor_utilization": {
          "shard": "3",
          "value": 78.644037699999672
        }
      },
      {
        "reactor_utilization": {
          "shard": "4",
          "value": 71.065168399999806
        }
      },
      {
        "reactor_utilization": {
          "shard": "5",
          "value": 77.506494940000039
        }
      },
      {
        "reactor_utilization": {
          "shard": "6",
          "value": 86.835622919999736
        }
      },
      {
        "reactor_utilization": {
          "shard": "7",
          "value": 75.509797599999956
        }
      },
      {
        "reactor_utilization": {
          "shard": "8",
          "value": 65.025686859999553
        }
      },
      {
        "reactor_utilization": {
          "shard": "9",
          "value": 71.184266420000156
        }
      },
      {
        "reactor_utilization": {
          "shard": "10",
          "value": 61.049993740000616
        }
      },
      {
        "reactor_utilization": {
          "shard": "11",
          "value": 73.849322399999849
        }
      },
      {
        "reactor_utilization": {
          "shard": "12",
          "value": 76.883902959999801
        }
      },
      {
        "reactor_utilization": {
          "shard": "13",
          "value": 83.519239300000152
        }
      },
      {
        "reactor_utilization": {
          "shard": "14",
          "value": 69.342850039999888
        }
      },
      {
        "reactor_utilization": {
          "shard": "15",
          "value": 74.885446200000374
        }
      }
    ]
  },
  {
    "metrics": [
      {
        "reactor_utilization": {
          "shard": "0",
          "value": 56.812361200000169
        }
      },
      {
        "reactor_utilization": {
          "shard": "1",
          "value": 53.659812640000062
        }
      },
      {
        "reactor_utilization": {
          "shard": "2",
          "value": 78.422219959999907
        }
      },
      {
        "reactor_utilization": {
          "shard": "3",
          "value": 77.831390439999666
        }
      },
      {
        "reactor_utilization": {
          "shard": "4",
          "value": 73.738441559999828
        }
      },
      {
        "reactor_utilization": {
          "shard": "5",
          "value": 51.426694660000038
        }
      },
      {
        "reactor_utilization": {
          "shard": "6",
          "value": 86.669334799999731
        }
      },
      {
        "reactor_utilization": {
          "shard": "7",
          "value": 77.586585979999967
        }
      },
      {
        "reactor_utilization": {
          "shard": "8",
          "value": 81.511711379999554
        }
      },
      {
        "reactor_utilization": {
          "shard": "9",
          "value": 93.178240160000158
        }
      },
      {
        "reactor_utilization": {
          "shard": "10",
          "value": 76.744740340000632
        }
      },
      {
        "reactor_utilization": {
          "shard": "11",
          "value": 67.10721477999985
        }
      },
      {
        "reactor_utilization": {
          "shard": "12",
          "value": 72.750581999999795
        }
      },
      {
        "reactor_utilization": {
          "shard": "13",
          "value": 89.906468160000159
        }
      },
      {
        "reactor_utilization": {
          "shard": "14",
          "value": 78.507113659999888
        }
      },
      {
        "reactor_utilization": {
          "shard": "15",
          "value": 73.011543240000364
        }
      }
    ]
  },
  {
    "metrics": [
      {
        "reactor_utilization": {
          "shard": "0",
          "value": 63.718330660000177
        }
      },
      {
        "reactor_utilization": {
          "shard": "1",
          "value": 65.577185400000062
        }
      },
      {
        "reactor_utilization": {
          "shard": "2",
          "value": 82.796338239999898
        }
      },
      {
        "reactor_utilization": {
          "shard": "3",
          "value": 77.36386805999966
        }
      },
      {
        "reactor_utilization": {
          "shard": "4",
          "value": 55.744190379999814
        }
      },
      {
        "reactor_utilization": {
          "shard": "5",
          "value": 88.815791460000042
        }
      },
      {
        "reactor_utilization": {
          "shard": "6",
          "value": 77.122160259999745
        }
      },
      {
        "reactor_utilization": {
          "shard": "7",
          "value": 71.083785959999972
        }
      },
      {
        "reactor_utilization": {
          "shard": "8",
          "value": 75.719473399999558
        }
      },
      {
        "reactor_utilization": {
          "shard": "9",
          "value": 72.458294640000148
        }
      },
      {
        "reactor_utilization": {
          "shard": "10",
          "value": 76.706760900000631
        }
      },
      {
        "reactor_utilization": {
          "shard": "11",
          "value": 88.328500339999849
        }
      },
      {
        "reactor_utilization": {
          "shard": "12",
          "value": 75.834198199999804
        }
      },
      {
        "reactor_utilization": {
          "shard": "13",
          "value": 85.104019780000158
        }
      },
      {
        "reactor_utilization": {
          "shard": "14",
          "value": 65.415578579999888
        }
      },
      {
        "reactor_utilization": {
          "shard": "15",
          "value": 71.179526780000373
        }
      }
    ]
  },
  {
    "metrics": [
      {
        "reactor_utilization": {
          "shard": "0",
          "value": 45.398538380000176
        }
      },
      {
        "reactor_utilization": {
          "shard": "1",
          "value": 62.19676196000006
        }
      },
      {
        "reactor_utilization": {
          "shard": "2",
          "value": 80.154669379999916
        }
      },
      {
        "reactor_utilization": {
          "shard": "3",
          "value": 80.835405139999665
        }
      },
      {
        "reactor_utilization": {
          "shard": "4",
          "value": 64.241822599999821
        }
      },
      {
        "reactor_utilization": {
          "shard": "5",
          "value": 75.796526140000054
        }
      },
      {
        "reactor_utilization": {
          "shard": "6",
          "value": 83.178125399999743
        }
      },
      {
        "reactor_utilization": {
          "shard": "7",
          "value": 74.060055819999974
        }
      },
      {
        "reactor_utilization": {
          "shard": "8",
          "value": 63.588700339999562
        }
      },
      {
        "reactor_utilization": {
          "shard": "9",
          "value": 75.925368740000152
        }
      },
      {
        "reactor_utilization": {
          "shard": "10",
          "value": 73.98105388000063
        }
      },
      {
        "reactor_utilization": {
          "shard": "11",
          "value": 81.023420719999834
        }
      },
      {
        "reactor_utilization": {
          "shard": "12",
          "value": 85.681766659999809
        }
      },
      {
        "reactor_utilization": {
          "shard": "13",
          "value": 86.263400920000166
        }
      },
      {
        "reactor_utilization": {
          "shard": "14",
          "value": 77.429780319999892
        }
      },
      {
        "reactor_utilization": {
          "shard": "15",
          "value": 87.725083000000382
        }
      }
    ]
  },
  {
    "metrics": [
      {
        "reactor_utilization": {
          "shard": "0",
          "value": 54.941600780000165
        }
      },
      {
        "reactor_utilization": {
          "shard": "1",
          "value": 63.47030740000006
        }
      },
      {
        "reactor_utilization": {
          "shard": "2",
          "value": 70.390931019999897
        }
      },
      {
        "reactor_utilization": {
          "shard": "3",
          "value": 60.261712679999668
        }
      },
      {
        "reactor_utilization": {
          "shard": "4",
          "value": 79.13242829999983
        }
      },
      {
        "reactor_utilization": {
          "shard": "5",
          "value": 60.173488780000049
        }
      },
      {
        "reactor_utilization": {
          "shard": "6",
          "value": 78.703671719999733
        }
      },
      {
        "reactor_utilization": {
          "shard": "7",
          "value": 82.918737039999982
        }
      },
      {
        "reactor_utilization": {
          "shard": "8",
          "value": 74.298598459999553
        }
      },
      {
        "reactor_utilization": {
          "shard": "9",
          "value": 70.678308680000157
        }
      },
      {
        "reactor_utilization": {
          "shard": "10",
          "value": 91.790753100000614
        }
      },
      {
        "reactor_utilization": {
          "shard": "11",
          "value": 75.068736999999857
        }
      },
      {
        "reactor_utilization": {
          "shard": "12",
          "value": 64.658630359999805
        }
      },
      {
        "reactor_utilization": {
          "shard": "13",
          "value": 74.228714900000156
        }
      },
      {
        "reactor_utilization": {
          "shard": "14",
          "value": 65.096813739999888
        }
      },
      {
        "reactor_utilization": {
          "shard": "15",
          "value": 71.282723280000383
        }
      }
    ]
  },
  {
    "metrics": [
      {
        "reactor_utilization": {
          "shard": "0",
          "value": 66.755545540000156
        }
      },
      {
        "reactor_utilization": {
          "shard": "1",
          "value": 71.654453480000086
        }
      },
      {
        "reactor_utilization": {
          "shard": "2",
          "value": 79.0174149999999
        }
      },
      {
        "reactor_utilization": {
          "shard": "3",
          "value": 70.026014899999666
        }
      },
      {
        "reactor_utilization": {
          "shard": "4",
          "value": 75.824211539999837
        }
      },
      {
        "reactor_utilization": {
          "shard": "5",
          "value": 78.495850680000061
        }
      },
      {
        "reactor_utilization": {
          "shard": "6",
          "value": 66.854846999999722
        }
      },
      {
        "reactor_utilization": {
          "shard": "7",
          "value": 59.126605319999982
        }
      },
      {
        "reactor_utilization": {
          "shard": "8",
          "value": 75.059468439999549
        }
      },
      {
        "reactor_utilization": {
          "shard": "9",
          "value": 83.063530720000159
        }
      },
      {
        "reactor_utilization": {
          "shard": "10",
          "value": 71.172382620000633
        }
      },
      {
        "reactor_utilization": {
          "shard": "11",
          "value": 74.301754979999856
        }
      },
      {
        "reactor_utilization": {
          "shard": "12",
          "value": 67.917789579999805
        }
      },
      {
        "reactor_utilization": {
          "shard": "13",
          "value": 78.218240800000174
        }
      },
      {
        "reactor_utilization": {
          "shard": "14",
          "value": 74.921623799999892
        }
      },
      {
        "reactor_utilization": {
          "shard": "15",
          "value": 75.495244560000387
        }
      }
    ]
  },
  {
    "metrics": [
      {
        "reactor_utilization": {
          "shard": "0",
          "value": 57.31514452000016
        }
      },
      {
        "reactor_utilization": {
          "shard": "1",
          "value": 64.455386160000074
        }
      },
      {
        "reactor_utilization": {
          "shard": "2",
          "value": 85.992726859999919
        }
      },
      {
        "reactor_utilization": {
          "shard": "3",
          "value": 80.479886659999678
        }
      },
      {
        "reactor_utilization": {
          "shard": "4",
          "value": 73.54758713999982
        }
      },
      {
        "reactor_utilization": {
          "shard": "5",
          "value": 73.833401160000051
        }
      },
      {
        "reactor_utilization": {
          "shard": "6",
          "value": 71.975324259999724
        }
      },
      {
        "reactor_utilization": {
          "shard": "7",
          "value": 60.845375039999979
        }
      },
      {
        "reactor_utilization": {
          "shard": "8",
          "value": 63.918194999999557
        }
      },
      {
        "reactor_utilization": {
          "shard": "9",
          "value": 77.039231620000166
        }
      },
      {
        "reactor_utilization": {
          "shard": "10",
          "value": 74.092046740000612
        }
      },
      {
        "reactor_utilization": {
          "shard": "11",
          "value": 85.96995353999985
        }
      },
      {
        "reactor_utilization": {
          "shard": "12",
          "value": 74.729875279999789
        }
      },
      {
        "reactor_utilization": {
          "shard": "13",
          "value": 79.931034020000169
        }
      },
      {
        "reactor_utilization": {
          "shard": "14",
          "value": 67.531394519999878
        }
      },
      {
        "reactor_utilization": {
          "shard": "15",
          "value": 84.618229220000387
        }
      }
    ]
  },
  {
    "metrics": [
      {
        "reactor_utilization": {
          "shard": "0",
          "value": 79.147696080000159
        }
      },
      {
        "reactor_utilization": {
          "shard": "1",
          "value": 75.341291500000068
        }
      },
      {
        "reactor_utilization": {
          "shard": "2",
          "value": 73.687865239999908
        }
      },
      {
        "reactor_utilization": {
          "shard": "3",
          "value": 63.782563259999669
        }
      },
      {
        "reactor_utilization": {
          "shard": "4",
          "value": 66.800496419999831
        }
      },
      {
        "reactor_utilization": {
          "shard": "5",
          "value": 69.305477340000053
        }
      },
      {
        "reactor_utilization": {
          "shard": "6",
          "value": 81.466553639999731
        }
      },
      {
        "reactor_utilization": {
          "shard": "7",
          "value": 77.289229459999987
        }
      },
      {
        "reactor_utilization": {
          "shard": "8",
          "value": 76.65885273999956
        }
      },
      {
        "reactor_utilization": {
          "shard": "9",
          "value": 83.868199300000157
        }
      },
      {
        "reactor_utilization": {
          "shard": "10",
          "value": 85.172991560000625
        }
      },
      {
        "reactor_utilization": {
          "shard": "11",
          "value": 65.533601979999858
        }
      },
      {
        "reactor_utilization": {
          "shard": "12",
          "value": 80.439737539999783
        }
      },
      {
        "reactor_utilization": {
          "shard": "13",
          "value": 81.314049220000157
        }
      },
      {
        "reactor_utilization": {
          "shard": "14",
          "value": 60.918039159999879
        }
      },
      {
        "reactor_utilization": {
          "shard": "15",
          "value": 79.389332380000383
        }
      }
    ]
  },
  {
    "metrics": [
      {
        "reactor_utilization": {
          "shard": "0",
          "value": 54.311885440000161
        }
      },
      {
        "reactor_utilization": {
          "shard": "1",
          "value": 58.118008940000074
        }
      },
      {
        "reactor_utilization": {
          "shard": "2",
          "value": 80.426815639999901
        }
      },
      {
        "reactor_utilization": {
          "shard": "3",
          "value": 68.394429899999679
        }
      },
      {
        "reactor_utilization": {
          "shard": "4",
          "value": 80.324600799999828
        }
      },
      {
        "reactor_utilization": {
          "shard": "5",
          "value": 50.498059360000049
        }
      },
      {
        "reactor_utilization": {
          "shard": "6",
          "value": 69.703711379999731
        }
      },
      {
        "reactor_utilization": {
          "shard": "7",
          "value": 71.611415019999981
        }
      },
      {
        "reactor_utilization": {
          "shard": "8",
          "value": 80.409780019999559
        }
      },
      {
        "reactor_utilization": {
          "shard": "9",
          "value": 75.870711120000166
        }
      },
      {
        "reactor_utilization": {
          "shard": "10",
          "value": 78.055226920000621
        }
      },
      {
        "reactor_utilization": {
          "shard": "11",
          "value": 78.077896779999861
        }
      },
      {
        "reactor_utilization": {
          "shard": "12",
          "value": 82.939233939999795
        }
      },
      {
        "reactor_utilization": {
          "shard": "13",
          "value": 69.60808128000015
        }
      },
      {
        "reactor_utilization": {
          "shard": "14",
          "value": 81.004509139999882
        }
      },
      {
        "reactor_utilization": {
          "shard": "15",
          "value": 87.865168820000378
        }
      }
    ]
  },
  {
    "metrics": [
      {
        "reactor_utilization": {
          "shard": "0",
          "value": 52.308382900000161
        }
      },
      {
        "reactor_utilization": {
          "shard": "1",
          "value": 67.057374680000081
        }
      },
      {
        "reactor_utilization": {
          "shard": "2",
          "value": 79.088324519999915
        }
      },
      {
        "reactor_utilization": {
          "shard": "3",
          "value": 75.809897539999668
        }
      },
      {
        "reactor_utilization": {
          "shard": "4",
          "value": 75.846815399999841
        }
      },
      {
        "reactor_utilization": {
          "shard": "5",
          "value": 76.467451280000049
        }
      },
      {
        "reactor_utilization": {
          "shard": "6",
          "value": 83.794856879999728
        }
      },
      {
        "reactor_utilization": {
          "shard": "7",
          "value": 66.371598299999974
        }
      },
      {
        "reactor_utilization": {
          "shard": "8",
          "value": 77.34631843999955
        }
      },
      {
        "reactor_utilization": {
          "shard": "9",
          "value": 69.423651920000168
        }
      },
      {
        "reactor_utilization": {
          "shard": "10",
          "value": 71.650275520000633
        }
      },
      {
        "reactor_utilization": {
          "shard": "11",
          "value": 80.628778519999855
        }
      },
      {
        "reactor_utilization": {
          "shard": "12",
          "value": 80.387836839999778
        }
      },
      {
        "reactor_utilization": {
          "shard": "13",
          "value": 79.558164640000157
        }
      },
      {
        "reactor_utilization": {
          "shard": "14",
          "value": 87.665572379999873
        }
      },
      {
        "reactor_utilization": {
          "shard": "15",
          "value": 80.008420860000399
        }
      }
    ]
  }
]
