[
  {
    "metrics": [
      {
        "reactor_utilization": {
          "shard": "0",
          "value": 63.307857380000222
        }
      },
      {
        "reactor_utilization": {
          "shard": "1",
          "value": 63.173859360000066
        }
      },
      {
        "reactor_utilization": {
          "shard": "2",
          "value": 68.423569819999912
        }
      },
      {
        "reactor_utilization": {
          "shard": "3",
          "value": 66.390880459999863
        }
      },
      {
        "reactor_utilization": {
          "shard": "4",
          "value": 68.206551099999984
        }
      },
      {
        "reactor_utilization": {
          "shard": "5",
          "value": 65.982661859999908
        }
      },
      {
        "reactor_utilization": {
          "shard": "6",
          "value": 75.636076979999771
        }
      },
      {
        "reactor_utilization": {
          "shard": "7",
          "value": 66.210885980000043
        }
      },
      {
        "reactor_utilization": {
          "shard": "8",
          "value": 77.259334679999839
        }
      },
      {
        "reactor_utilization": {
          "shard": "9",
          "value": 69.517927820000082
        }
      },
      {
        "reactor_utilization": {
          "shard": "10",
          "value": 63.66918336000036
        }
      },
      {
        "reactor_utilization": {
          "shard": "11",
          "value": 77.15320801999988
        }
      },
      {
        "reactor_utilization": {
          "shard": "12",
          "value": 62.368948239999867
        }
      },
      {
        "reactor_utilization": {
          "shard": "13",
          "value": 70.027422720000104
        }
      },
      {
        "reactor_utilization": {
          "shard": "14",
          "value": 65.359868880000008
        }
      },
      {
        "reactor_utilization": {
          "shard": "15",
          "value": 52.239240380000354
        }
      }
    ]
  },
  {
    "metrics": [
      {
        "reactor_utilization": {
          "shard": "0",
          "value": 60.373470880000212
        }
      },
      {
        "reactor_utilization": {
          "shard": "1",
          "value": 69.394054000000068
        }
      },
      {
        "reactor_utilization": {
          "shard": "2",
          "value": 56.036267859999903
        }
      },
      {
        "reactor_utilization": {
          "shard": "3",
          "value": 64.524552679999871
        }
      },
      {
        "reactor_utilization": {
          "shard": "4",
          "value": 59.205157519999993
        }
      },
      {
        "reactor_utilization": {
          "shard": "5",
          "value": 56.671341299999888
        }
      },
      {
        "reactor_utilization": {
          "shard": "6",
          "value": 83.800494219999777
        }
      },
      {
        "reactor_utilization": {
          "shard": "7",
          "value": 71.287690060000045
        }
      },
      {
        "reactor_utilization": {
          "shard": "8",
          "value": 61.951737719999841
        }
      },
      {
        "reactor_utilization": {
          "shard": "9",
          "value": 61.953560520000075
        }
      },
      {
        "reactor_utilization": {
          "shard": "10",
          "value": 75.765943500000361
        }
      },
      {
        "reactor_utilization": {
          "shard": "11",
          "value": 69.492443979999891
        }
      },
      {
        "reactor_utilization": {
          "shard": "12",
          "value": 73.099854839999864
        }
      },
      {
        "reactor_utilization": {
          "shard": "13",
          "value": 84.549348840000093
        }
      },
      {
        "reactor_utilization": {
          "shard": "14",
          "value": 58.762346000000001
        }
      },
      {
        "reactor_utilization": {
          "shard": "15",
          "value": 60.135434860000359
        }
      }
    ]
  },
  {
    "metrics": [
      {
        "reactor_utilization": {
          "shard": "0",
          "value": 66.571501120000221
        }
      },
      {
        "reactor_utilization": {
          "shard": "1",
          "value": 75.81815442000007
        }
      },
      {
        "reactor_utilization": {
          "shard": "2",
          "value": 66.409104439999894
        }
      },
      {
        "reactor_utilization": {
          "shard": "3",
          "value": 69.945432319999853
        }
      },
      {
        "reactor_utilization": {
          "shard": "4",
          "value": 59.098874419999994
        }
      },
      {
        "reactor_utilization": {
          "shard": "5",
          "value": 68.356701979999883
        }
      },
      {
        "reactor_utilization": {
          "shard": "6",
          "value": 71.278068739999782
        }
      },
      {
        "reactor_utilization": {
          "shard": "7",
          "value": 70.353428980000032
        }
      },
      {
        "reactor_utilization": {
          "shard": "8",
          "value": 61.550065359999827
        }
      },
      {
        "reactor_utilization": {
          "shard": "9",
          "value": 74.115680560000058
        }
      },
      {
        "reactor_utilization": {
          "shard": "10",
          "value": 62.695339080000366
        }
      },
      {
        "reactor_utilization": {
          "shard": "11",
          "value": 76.854130879999886
        }
      },
      {
        "reactor_utilization": {
          "shard": "12",
          "value": 66.33129265999986
        }
      },
      {
        "reactor_utilization": {
          "shard": "13",
          "value": 70.270279360000103
        }
      },
      {
        "reactor_utilization": {
          "shard": "14",
          "value": 47.709755319999999
        }
      },
      {
        "reactor_utilization": {
          "shard": "15",
          "value": 59.123408140000343
        }
      }
    ]
  },
  {
    "metrics": [
      {
        "reactor_utilization": {
          "shard": "0",
          "value": 46.682850560000219
        }
      },
      {
        "reactor_utilization": {
          "shard": "1",
          "value": 65.991138980000073
        }
      },
      {
        "reactor_utilization": {
          "shard": "2",
          "value": 70.290192499999904
        }
      },
      {
        "reactor_utilization": {
          "shard": "3",
          "value": 61.945014499999864
        }
      },
      {
        "reactor_utilization": {
          "shard": "4",
          "value": 58.786860739999995
        }
      },
      {
        "reactor_utilization": {
          "shard": "5",
          "value": 59.881681439999888
        }
      },
      {
        "reactor_utilization": {
          "shard": "6",
          "value": 64.776970799999773
        }
      },
      {
        "reactor_utilization": {
          "shard": "7",
          "value": 63.805119160000032
        }
      },
      {
        "reactor_utilization": {
          "shard": "8",
          "value": 67.619487199999824
        }
      },
      {
        "reactor_utilization": {
          "shard": "9",
          "value": 90.317273720000074
        }
      },
      {
        "reactor_utilization": {
          "shard": "10",
          "value": 64.829506280000373
        }
      },
      {
        "reactor_utilization": {
          "shard": "11",
          "value": 70.736017899999879
        }
      },
      {
        "reactor_utilization": {
          "shard": "12",
          "value": 68.551554639999864
        }
      },
      {
        "reactor_utilization": {
          "shard": "13",
          "value": 70.59650400000011
        }
      },
      {
        "reactor_utilization": {
          "shard": "14",
          "value": 59.365549800000004
        }
      },
      {
        "reactor_utilization": {
          "shard": "15",
          "value": 69.624889820000348
        }
      }
    ]
  },
  {
    "metrics": [
      {
        "reactor_utilization": {
          "shard": "0",
          "value": 74.135651680000223
        }
      },
      {
        "reactor_utilization": {
          "shard": "1",
          "value": 60.739691320000077
        }
      },
      {
        "reactor_utilization": {
          "shard": "2",
          "value": 51.4128864999999
        }
      },
      {
        "reactor_utilization": {
          "shard": "3",
          "value": 80.772811899999866
        }
      },
      {
        "reactor_utilization": {
          "shard": "4",
          "value": 69.438150800000003
        }
      },
      {
        "reactor_utilization": {
          "shard": "5",
          "value": 46.797155119999886
        }
      },
      {
        "reactor_utilization": {
          "shard": "6",
          "value": 79.74548127999978
        }
      },
      {
        "reactor_utilization": {
          "shard": "7",
          "value": 64.771078340000045
        }
      },
      {
        "reactor_utilization": {
          "shard": "8",
          "value": 56.958941279999834
        }
      },
      {
        "reactor_utilization": {
          "shard": "9",
          "value": 73.599319880000067
        }
      },
      {
        "reactor_utilization": {
          "shard": "10",
          "value": 62.06651850000037
        }
      },
      {
        "reactor_utilization": {
          "shard": "11",
          "value": 63.091757659999878
        }
      },
      {
        "reactor_utilization": {
          "shard": "12",
          "value": 76.14162817999987
        }
      },
      {
        "reactor_utilization": {
          "shard": "13",
          "value": 71.939745960000096
        }
      },
      {
        "reactor_utilization": {
          "shard": "14",
          "value": 63.047407399999997
        }
      },
      {
        "reactor_utilization": {
          "shard": "15",
          "value": 76.838265740000352
        }
      }
    ]
  },
  {
    "metrics": [
      {
        "reactor_utilization": {
          "shard": "0",
          "value": 70.288815120000223
        }
      },
      {
        "reactor_utilization": {
          "shard": "1",
          "value": 74.270510120000083
        }
      },
      {
        "reactor_utilization": {
          "shard": "2",
          "value": 52.548667019999904
        }
      },
      {
        "reactor_utilization": {
          "shard": "3",
          "value": 56.91061891999987
        }
      },
      {
        "reactor_utilization": {
          "shard": "4",
          "value": 66.199655939999985
        }
      },
      {
        "reactor_utilization": {
          "shard": "5",
          "value": 69.368581019999894
        }
      },
      {
        "reactor_utilization": {
          "shard": "6",
          "value": 55.443176639999791
        }
      },
      {
        "reactor_utilization": {
          "shard": "7",
          "value": 68.325955800000031
        }
      },
      {
        "reactor_utilization": {
          "shard": "8",
          "value": 75.286634599999829
        }
      },
      {
        "reactor_utilization": {
          "shard": "9",
          "value": 80.800433200000072
        }
      },
      {
        "reactor_utilization": {
          "shard": "10",
          "value": 64.154131140000359
        }
      },
      {
        "reactor_utilization": {
          "shard": "11",
          "value": 74.139139719999903
        }
      },
      {
        "reactor_utilization": {
          "shard": "12",
          "value": 62.836849459999875
        }
      },
      {
        "reactor_utilization": {
          "shard": "13",
          "value": 68.944476480000091
        }
      },
      {
        "reactor_utilization": {
          "shard": "14",
          "value": 56.118712880000011
        }
      },
      {
        "reactor_utilization": {
          "shard": "15",
          "value": 70.106413540000361
        }
      }
    ]
  },
  {
    "metrics": [
      {
        "reactor_utilization": {
          "shard": "0",
          "value": 63.35160986000021
        }
      },
      {
        "reactor_utilization": {
          "shard": "1",
          "value": 58.049761340000082
        }
      },
      {
        "reactor_utilization": {
          "shard": "2",
          "value": 59.216537619999897
        }
      },
      {
        "reactor_utilization": {
          "shard": "3",
          "value": 55.54646727999986
        }
      },
      {
        "reactor_utilization": {
          "shard": "4",
          "value": 66.030847179999995
        }
      },
      {
        "reactor_utilization": {
          "shard": "5",
          "value": 59.785687219999886
        }
      },
      {
        "reactor_utilization": {
          "shard": "6",
          "value": 59.509391759999787
        }
      },
      {
        "reactor_utilization": {
          "shard": "7",
          "value": 73.105834300000026
        }
      },
      {
        "reactor_utilization": {
          "shard": "8",
          "value": 61.403411839999819
        }
      },
      {
        "reactor_utilization": {
          "shard": "9",
          "value": 62.613030640000076
        }
      },
      {
        "reactor_utilization": {
          "shard": "10",
          "value": 79.753557660000368
        }
      },
      {
        "reactor_utilization": {
          "shard": "11",
          "value": 78.565266639999891
        }
      },
      {
        "reactor_utilization": {
          "shard": "12",
          "value": 76.036557519999874
        }
      },
      {
        "reactor_utilization": {
          "shard": "13",
          "value": 70.339154660000091
        }
      },
      {
        "reactor_utilization": {
          "shard": "14",
          "value": 61.945741360000007
        }
      },
      {
        "reactor_utilization": {
          "shard": "15",
          "value": 59.646329180000343
        }
      }
    ]
  },
  {
    "metrics": [
      {
        "reactor_utilization": {
          "shard": "0",
          "value": 65.024528300000213
        }
      },
      {
        "reactor_utilization": {
          "shard": "1",
          "value": 70.340543440000076
        }
      },
      {
        "reactor_utilization": {
          "shard": "2",
          "value": 56.988470019999902
        }
      },
      {
        "reactor_utilization": {
          "shard": "3",
          "value": 66.416458479999847
        }
      },
      {
        "reactor_utilization": {
          "shard": "4",
          "value": 74.80234016
        }
      },
      {
        "reactor_utilization": {
          "shard": "5",
          "value": 65.382033019999881
        }
      },
      {
        "reactor_utilization": {
          "shard": "6",
          "value": 67.244865679999791
        }
      },
      {
        "reactor_utilization": {
          "shard": "7",
          "value": 59.714496260000026
        }
      },
      {
        "reactor_utilization": {
          "shard": "8",
          "value": 70.399657819999817
        }
      },
      {
        "reactor_utilization": {
          "shard": "9",
          "value": 75.86972238000007
        }
      },
      {
        "reactor_utilization": {
          "shard": "10",
          "value": 57.558650440000356
        }
      },
      {
        "reactor_utilization": {
          "shard": "11",
          "value": 62.988796799999889
        }
      },
      {
        "reactor_utilization": {
          "shard": "12",
          "value": 83.427174319999878
        }
      },
      {
        "reactor_utilization": {
          "shard": "13",
          "value": 70.983143120000094
        }
      },
      {
        "reactor_utilization": {
          "shard": "14",
          "value": 64.377280280000008
        }
      },
      {
        "reactor_utilization": {
          "shard": "15",
          "value": 64.558491040000348
        }
      }
    ]
  },
  {
    "metrics": [
      {
        "reactor_utilization": {
          "shard": "0",
          "value": 51.846804240000225
        }
      },
      {
        "reactor_utilization": {
          "shard": "1",
          "value": 67.540707060000059
        }
      },
      {
        "reactor_utilization": {
          "shard": "2",
          "value": 56.974540119999908
        }
      },
      {
        "reactor_utilization": {
          "shard": "3",
          "value": 66.158341399999856
        }
      },
      {
        "reactor_utilization": {
          "shard": "4",
          "value": 60.700623240000006
        }
      },
      {
        "reactor_utilization": {
          "shard": "5",
          "value": 63.605065099999891
        }
      },
      {
        "reactor_utilization": {
          "shard": "6",
          "value": 70.653637819999787
        }
      },
      {
        "reactor_utilization": {
          "shard": "7",
          "value": 66.576522800000021
        }
      },
      {
        "reactor_utilization": {
          "shard": "8",
          "value": 71.973716819999822
        }
      },
      {
        "reactor_utilization": {
          "shard": "9",
          "value": 55.369015580000081
        }
      },
      {
        "reactor_utilization": {
          "shard": "10",
          "value": 74.383061380000356
        }
      },
      {
        "reactor_utilization": {
          "shard": "11",
          "value": 66.7961063999999
        }
      },
      {
        "reactor_utilization": {
          "shard": "12",
          "value": 76.71021387999987
        }
      },
      {
        "reactor_utilization": {
          "shard": "13",
          "value": 71.096430480000095
        }
      },
      {
        "reactor_utilization": {
          "shard": "14",
          "value": 72.947236400000008
        }
      },
      {
        "reactor_utilization": {
          "shard": "15",
          "value": 72.735370800000339
        }
      }
    ]
  },
  {
    "metrics": [
      {
        "reactor_utilization": {
          "shard": "0",
          "value": 57.550155260000224
        }
      },
      {
        "reactor_utilization": {
          "shard": "1",
          "value": 64.628224280000069
        }
      },
      {
        "reactor_utilization": {
          "shard": "2",
          "value": 61.679744239999891
        }
      },
      {
        "reactor_utilization": {
          "shard": "3",
          "value": 73.197373419999849
        }
      },
      {
        "reactor_utilization": {
          "shard": "4",
          "value": 53.861057960000004
        }
      },
      {
        "reactor_utilization": {
          "shard": "5",
          "value": 54.822444619999899
        }
      },
      {
        "reactor_utilization": {
          "shard": "6",
          "value": 59.423066919999776
        }
      },
      {
        "reactor_utilization": {
          "shard": "7",
          "value": 67.602467140000016
        }
      },
      {
        "reactor_utilization": {
          "shard": "8",
          "value": 77.665337919999828
        }
      },
      {
        "reactor_utilization": {
          "shard": "9",
          "value": 84.126097200000075
        }
      },
      {
        "reactor_utilization": {
          "shard": "10",
          "value": 49.412936520000358
        }
      },
      {
        "reactor_utilization": {
          "shard": "11",
          "value": 67.826449519999898
        }
      },
      {
        "reactor_utilization": {
          "shard": "12",
          "value": 78.459528739999868
        }
      },
      {
        "reactor_utilization": {
          "shard": "13",
          "value": 66.003672480000077
        }
      },
      {
        "reactor_utilization": {
          "shard": "14",
          "value": 77.421152140000018
        }
      },
      {
        "reactor_utilization": {
          "shard": "15",
          "value": 59.369014120000351
        }
      }
    ]
  },
  {
    "metrics": [
      {
        "reactor_utilization": {
          "shard": "0",
          "value": 66.297705120000231
        }
      },
      {
        "reactor_utilization": {
          "shard": "1",
          "value": 60.225171800000076
        }
      },
      {
        "reactor_utilization": {
          "shard": "2",
          "value": 59.560265639999898
        }
      },
      {
        "reactor_utilization": {
          "shard": "3",
          "value": 54.285732539999856
        }
      },
      {
        "reactor_utilization": {
          "shard": "4",
          "value": 70.643346680000008
        }
      },
      {
        "reactor_utilization": {
          "shard": "5",
          "value": 63.092542499999901
        }
      },
      {
        "reactor_utilization": {
          "shard": "6",
          "value": 87.855188059999776
        }
      },
      {
        "reactor_utilization": {
          "shard": "7",
          "value": 67.32733668000003
        }
      },
      {
        "reactor_utilization": {
          "shard": "8",
          "value": 69.414721239999821
        }
      },
      {
        "reactor_utilization": {
          "shard": "9",
          "value": 71.990941880000079
        }
      },
      {
        "reactor_utilization": {
          "shard": "10",
          "value": 63.831688400000353
        }
      },
      {
        "reactor_utilization": {
          "shard": "11",
          "value": 65.481187499999891
        }
      },
      {
        "reactor_utilization": {
          "shard": "12",
          "value": 59.614816379999866
        }
      },
      {
        "reactor_utilization": {
          "shard": "13",
          "value": 70.647357640000081
        }
      },
      {
        "reactor_utilization": {
          "shard": "14",
          "value": 75.131164460000008
        }
      },
      {
        "reactor_utilization": {
          "shard": "15",
          "value": 57.652527860000355
        }
      }
    ]
  },
  {
    "metrics": [
      {
        "reactor_utilization": {
          "shard": "0",
          "value": 60.811292180000223
        }
      },
      {
        "reactor_utilization": {
          "shard": "1",
          "value": 58.713475800000083
        }
      },
      {
        "reactor_utilization": {
          "shard": "2",
          "value": 43.875757059999899
        }
      },
      {
        "reactor_utilization": {
          "shard": "3",
          "value": 53.917558539999852
        }
      },
      {
        "reactor_utilization": {
          "shard": "4",
          "value": 53.248008360000007
        }
      },
      {
        "reactor_utilization": {
          "shard": "5",
          "value": 69.856345399999896
        }
      },
      {
        "reactor_utilization": {
          "shard": "6",
          "value": 71.771206879999781
        }
      },
      {
        "reactor_utilization": {
          "shard": "7",
          "value": 77.130947780000028
        }
      },
      {
        "reactor_utilization": {
          "shard": "8",
          "value": 78.809175519999826
        }
      },
      {
        "reactor_utilization": {
          "shard": "9",
          "value": 80.61594910000008
        }
      },
      {
        "reactor_utilization": {
          "shard": "10",
          "value": 72.676486220000356
        }
      },
      {
        "reactor_utilization": {
          "shard": "11",
          "value": 83.417706839999894
        }
      },
      {
        "reactor_utilization": {
          "shard": "12",
          "value": 59.289020439999859
        }
      },
      {
        "reactor_utilization": {
          "shard": "13",
          "value": 71.929022460000084
        }
      },
      {
        "reactor_utilization": {
          "shard": "14",
          "value": 68.327141040000015
        }
      },
      {
        "reactor_utilization": {
          "shard": "15",
          "value": 65.426564360000356
        }
      }
    ]
  },
  {
    "metrics": [
      {
        "reactor_utilization": {
          "shard": "0",
          "value": 56.272058440000229
        }
      },
      {
        "reactor_utilization": {
          "shard": "1",
          "value": 54.078516820000075
        }
      },
      {
        "reactor_utilization": {
          "shard": "2",
          "value": 58.802173859999897
        }
      },
      {
        "reactor_utilization": {
          "shard": "3",
          "value": 58.135619259999856
        }
      },
      {
        "reactor_utilization": {
          "shard": "4",
          "value": 74.861893540000011
        }
      },
      {
        "reactor_utilization": {
          "shard": "5",
          "value": 66.708663819999899
        }
      },
      {
        "reactor_utilization": {
          "shard": "6",
          "value": 73.973524559999774
        }
      },
      {
        "reactor_utilization": {
          "shard": "7",
          "value": 71.445778680000032
        }
      },
      {
        "reactor_utilization": {
          "shard": "8",
          "value": 71.611786939999817
        }
      },
      {
        "reactor_utilization": {
          "shard": "9",
          "value": 51.311978440000082
        }
      },
      {
        "reactor_utilization": {
          "shard": "10",
          "value": 76.599141380000347
        }
      },
      {
        "reactor_utilization": {
          "shard": "11",
          "value": 63.550707359999883
        }
      },
      {
        "reactor_utilization": {
          "shard": "12",
          "value": 70.650536639999871
        }
      },
      {
        "reactor_utilization": {
          "shard": "13",
          "value": 72.695612200000085
        }
      },
      {
        "reactor_utilization": {
          "shard": "14",
          "value": 57.029546300000021
        }
      },
      {
        "reactor_utilization": {
          "shard": "15",
          "value": 57.455002320000361
        }
      }
    ]
  },
  {
    "metrics": [
      {
        "reactor_utilization": {
          "shard": "0",
          "value": 60.13148806000023
        }
      },
      {
        "reactor_utilization": {
          "shard": "1",
          "value": 74.161990080000066
        }
      },
      {
        "reactor_utilization": {
          "shard": "2",
          "value": 54.402243179999886
        }
      },
      {
        "reactor_utilization": {
          "shard": "3",
          "value": 60.916734799999858
        }
      },
      {
        "reactor_utilization": {
          "shard": "4",
          "value": 67.969441900000021
        }
      },
      {
        "reactor_utilization": {
          "shard": "5",
          "value": 58.504134539999896
        }
      },
      {
        "reactor_utilization": {
          "shard": "6",
          "value": 63.218240979999777
        }
      },
      {
        "reactor_utilization": {
          "shard": "7",
          "value": 55.747146720000032
        }
      },
      {
        "reactor_utilization": {
          "shard": "8",
          "value": 55.488149179999816
        }
      },
      {
        "reactor_utilization": {
          "shard": "9",
          "value": 69.442012460000086
        }
      },
      {
        "reactor_utilization": {
          "shard": "10",
          "value": 72.461242860000354
        }
      },
      {
        "reactor_utilization": {
          "shard": "11",
          "value": 78.711894819999898
        }
      },
      {
        "reactor_utilization": {
          "shard": "12",
          "value": 79.692990319999879
        }
      },
      {
        "reactor_utilization": {
          "shard": "13",
          "value": 78.663727360000081
        }
      },
      {
        "reactor_utilization": {
          "shard": "14",
          "value": 62.497247080000015
        }
      },
      {
        "reactor_utilization": {
          "shard": "15",
          "value": 63.601204420000357
        }
      }
    ]
  },
  {
    "metrics": [
      {
        "reactor_utilization": {
          "shard": "0",
          "value": 59.886266620000214
        }
      },
      {
        "reactor_utilization": {
          "shard": "1",
          "value": 69.318652500000084
        }
      },
      {
        "reactor_utilization": {
          "shard": "2",
          "value": 46.415261659999899
        }
      },
      {
        "reactor_utilization": {
          "shard": "3",
          "value": 58.77884557999986
        }
      },
      {
        "reactor_utilization": {
          "shard": "4",
          "value": 78.320552320000019
        }
      },
      {
        "reactor_utilization": {
          "shard": "5",
          "value": 78.00777767999989
        }
      },
      {
        "reactor_utilization": {
          "shard": "6",
          "value": 67.432565879999771
        }
      },
      {
        "reactor_utilization": {
          "shard": "7",
          "value": 71.333541960000034
        }
      },
      {
        "reactor_utilization": {
          "shard": "8",
          "value": 67.072893959999803
        }
      },
      {
        "reactor_utilization": {
          "shard": "9",
          "value": 63.440639320000081
        }
      },
      {
        "reactor_utilization": {
          "shard": "10",
          "value": 66.365094020000342
        }
      },
      {
        "reactor_utilization": {
          "shard": "11",
          "value": 61.813941799999895
        }
      },
      {
        "reactor_utilization": {
          "shard": "12",
          "value": 80.383797899999877
        }
      },
      {
        "reactor_utilization": {
          "shard": "13",
          "value": 75.094832300000078
        }
      },
      {
        "reactor_utilization": {
          "shard": "14",
          "value": 65.15804734000001
        }
      },
      {
        "reactor_utilization": {
          "shard": "15",
          "value": 67.564778080000352
        }
      }
    ]
  },
  {
    "metrics": [
      {
        "reactor_utilization": {
          "shard": "0",
          "value": 71.823565460000211
        }
      },
      {
        "reactor_utilization": {
          "shard": "1",
          "value": 61.574529780000084
        }
      },
      {
        "reactor_utilization": {
          "shard": "2",
          "value": 47.621669499999896
        }
      },
      {
        "reactor_utilization": {
          "shard": "3",
          "value": 59.293120099999854
        }
      },
      {
        "reactor_utilization": {
          "shard": "4",
          "value": 53.467651540000027
        }
      },
      {
        "reactor_utilization": {
          "shard": "5",
          "value": 55.656720979999882
        }
      },
      {
        "reactor_utilization": {
          "shard": "6",
          "value": 75.16871449999978
        }
      },
      {
        "reactor_utilization": {
          "shard": "7",
          "value": 65.767023960000031
        }
      },
      {
        "reactor_utilization": {
          "shard": "8",
          "value": 76.654377759999804
        }
      },
      {
        "reactor_utilization": {
          "shard": "9",
          "value": 61.951748060000078
        }
      },
      {
        "reactor_utilization": {
          "shard": "10",
          "value": 72.052711460000339
        }
      },
      {
        "reactor_utilization": {
          "shard": "11",
          "value": 79.05946757999989
        }
      },
      {
        "reactor_utilization": {
          "shard": "12",
          "value": 76.258466079999877
        }
      },
      {
        "reactor_utilization": {
          "shard": "13",
          "value": 72.178591460000078
        }
      },
      {
        "reactor_utilization": {
          "shard": "14",
          "value": 68.200977040000012
        }
      },
      {
        "reactor_utilization": {
          "shard": "15",
          "value": 69.081224400000366
        }
      }
    ]
  },
  {
    "metrics": [
      {
        "reactor_utilization": {
          "shard": "0",
          "value": 76.895376380000229
        }
      },
      {
        "reactor_utilization": {
          "shard": "1",
          "value": 54.54831456000008
        }
      },
      {
        "reactor_utilization": {
          "shard": "2",
          "value": 55.412513959999885
        }
      },
      {
        "reactor_utilization": {
          "shard": "3",
          "value": 64.047228519999862
        }
      },
      {
        "reactor_utilization": {
          "shard": "4",
          "value": 64.437520260000028
        }
      },
      {
        "reactor_utilization": {
          "shard": "5",
          "value": 74.780853159999879
        }
      },
      {
        "reactor_utilization": {
          "shard": "6",
          "value": 66.375530319999768
        }
      },
      {
        "reactor_utilization": {
          "shard": "7",
          "value": 72.379611120000021
        }
      },
      {
        "reactor_utilization": {
          "shard": "8",
          "value": 59.788750619999796
        }
      },
      {
        "reactor_utilization": {
          "shard": "9",
          "value": 68.662321840000075
        }
      },
      {
        "reactor_utilization": {
          "shard": "10",
          "value": 65.595677600000343
        }
      },
      {
        "reactor_utilization": {
          "shard": "11",
          "value": 59.8963082799999
        }
      },
      {
        "reactor_utilization": {
          "shard": "12",
          "value": 63.097891699999863
        }
      },
      {
        "reactor_utilization": {
          "shard": "13",
          "value": 66.973300240000071
        }
      },
      {
        "reactor_utilization": {
          "shard": "14",
          "value": 67.963692260000002
        }
      },
      {
        "reactor_utilization": {
          "shard": "15",
          "value": 73.117517900000365
        }
      }
    ]
  },
  {
    "metrics": [
      {
        "reactor_utilization": {
          "shard": "0",
          "value": 68.117989460000217
        }
      },
      {
        "reactor_utilization": {
          "shard": "1",
          "value": 61.96949952000007
        }
      },
      {
        "reactor_utilization": {
          "shard": "2",
          "value": 43.06420069999988
        }
      },
      {
        "reactor_utilization": {
          "shard": "3",
          "value": 55.30298657999986
        }
      },
      {
        "reactor_utilization": {
          "shard": "4",
          "value": 73.748594820000022
        }
      },
      {
        "reactor_utilization": {
          "shard": "5",
          "value": 71.330300419999887
        }
      },
      {
        "reactor_utilization": {
          "shard": "6",
          "value": 53.469002319999781
        }
      },
      {
        "reactor_utilization": {
          "shard": "7",
          "value": 60.860156660000023
        }
      },
      {
        "reactor_utilization": {
          "shard": "8",
          "value": 67.988995439999798
        }
      },
      {
        "reactor_utilization": {
          "shard": "9",
          "value": 67.349769220000084
        }
      },
      {
        "reactor_utilization": {
          "shard": "10",
          "value": 74.839511040000346
        }
      },
      {
        "reactor_utilization": {
          "shard": "11",
          "value": 81.066288279999895
        }
      },
      {
        "reactor_utilization": {
          "shard": "12",
          "value": 58.69541179999986
        }
      },
      {
        "reactor_utilization": {
          "shard": "13",
          "value": 78.025030760000078
        }
      },
      {
        "reactor_utilization": {
          "shard": "14",
          "value": 45.589952100000005
        }
      },
      {
        "reactor_utilization": {
          "shard": "15",
          "value": 51.351298920000367
        }
      }
    ]
  },
  {
    "metrics": [
      {
        "reactor_utilization": {
          "shard": "0",
          "value": 60.954248440000214
        }
      },
      {
        "reactor_utilization": {
          "shard": "1",
          "value": 66.13552198000005
        }
      },
      {
        "reactor_utilization": {
          "shard": "2",
          "value": 71.787678719999874
        }
      },
      {
        "reactor_utilization": {
          "shard": "3",
          "value": 76.644252579999858
        }
      },
      {
        "reactor_utilization": {
          "shard": "4",
          "value": 67.355593900000017
        }
      },
      {
        "reactor_utilization": {
          "shard": "5",
          "value": 68.017489079999891
        }
      },
      {
        "reactor_utilization": {
          "shard": "6",
          "value": 69.062132239999769
        }
      },
      {
        "reactor_utilization": {
          "shard": "7",
          "value": 60.315034300000001
        }
      },
      {
        "reactor_utilization": {
          "shard": "8",
          "value": 66.302506499999794
        }
      },
      {
        "reactor_utilization": {
          "shard": "9",
          "value": 62.025746100000092
        }
      },
      {
        "reactor_utilization": {
          "shard": "10",
          "value": 52.088027500000358
        }
      },
      {
        "reactor_utilization": {
          "shard": "11",
          "value": 61.462427519999906
        }
      },
      {
        "reactor_utilization": {
          "shard": "12",
          "value": 59.284898099999864
        }
      },
      {
        "reactor_utilization": {
          "shard": "13",
          "value": 76.066929940000065
        }
      },
      {
        "reactor_utilization": {
          "shard": "14",
          "value": 80.127113319999992
        }
      },
      {
        "reactor_utilization": {
          "shard": "15",
          "value": 68.506529900000373
        }
      }
    ]
  },
  {
    "metrics": [
      {
        "reactor_utilization": {
          "shard": "0",
          "value": 70.867979200000221
        }
      },
      {
        "reactor_utilization": {
          "shard": "1",
          "value": 49.175413080000062
        }
      },
      {
        "reactor_utilization": {
          "shard": "2",
          "value": 59.202642659999881
        }
      },
      {
        "reactor_utilization": {
          "shard": "3",
          "value": 69.147099259999862
        }
      },
      {
        "reactor_utilization": {
          "shard": "4",
          "value": 55.821724820000021
        }
      },
      {
        "reactor_utilization": {
          "shard": "5",
          "value": 59.9196692599999
        }
      },
      {
        "reactor_utilization": {
          "shard": "6",
          "value": 68.502972699999773
        }
      },
      {
        "reactor_utilization": {
          "shard": "7",
          "value": 65.186938319999996
        }
      },
      {
        "reactor_utilization": {
          "shard": "8",
          "value": 66.472770179999799
        }
      },
      {
        "reactor_utilization": {
          "shard": "9",
          "value": 82.509106020000104
        }
      },
      {
        "reactor_utilization": {
          "shard": "10",
          "value": 56.569274860000341
        }
      },
      {
        "reactor_utilization": {
          "shard": "11",
          "value": 58.700203679999909
        }
      },
      {
        "reactor_utilization": {
          "shard": "12",
          "value": 56.738823939999875
        }
      },
      {
        "reactor_utilization": {
          "shard": "13",
          "value": 66.757183540000085
        }
      },
      {
        "reactor_utilization": {
          "shard": "14",
          "value": 55.217211379999995
        }
      },
      {
        "reactor_utilization": {
          "shard": "15",
          "value": 58.036421080000366
        }
      }
    ]
  },
  {
    "metrics": [
      {
        "reactor_utilization": {
          "shard": "0",
          "value": 56.398183460000226
        }
      },
      {
        "reactor_utilization": {
          "shard": "1",
          "value": 46.946601720000061
        }
      },
      {
        "reactor_utilization": {
          "shard": "2",
          "value": 73.613794319999897
        }
      },
      {
        "reactor_utilization": {
          "shard": "3",
          "value": 53.123583099999848
        }
      },
      {
        "reactor_utilization": {
          "shard": "4",
          "value": 63.162561080000003
        }
      },
      {
        "reactor_utilization": {
          "shard": "5",
          "value": 73.617888159999893
        }
      },
      {
        "reactor_utilization": {
          "shard": "6",
          "value": 64.167440999999783
        }
      },
      {
        "reactor_utilization": {
          "shard": "7",
          "value": 58.646624960000004
        }
      },
      {
        "reactor_utilization": {
          "shard": "8",
          "value": 83.184985719999787
        }
      },
      {
        "reactor_utilization": {
          "shard": "9",
          "value": 84.997182840000107
        }
      },
      {
        "reactor_utilization": {
          "shard": "10",
          "value": 52.612941280000356
        }
      },
      {
        "reactor_utilization": {
          "shard": "11",
          "value": 69.190712479999931
        }
      },
      {
        "reactor_utilization": {
          "shard": "12",
          "value": 73.964542119999862
        }
      },
      {
        "reactor_utilization": {
          "shard": "13",
          "value": 73.069266760000076
        }
      },
      {
        "reactor_utilization": {
          "shard": "14",
          "value": 61.686894719999998
        }
      },
      {
        "reactor_utilization": {
          "shard": "15",
          "value": 52.878474100000346
        }
      }
    ]
  },
  {
    "metrics": [
      {
        "reactor_utilization": {
          "shard": "0",
          "value": 62.100113480000232
        }
      },
      {
        "reactor_utilization": {
          "shard": "1",
          "value": 70.421568160000064
        }
      },
      {
        "reactor_utilization": {
          "shard": "2",
          "value": 58.961064859999901
        }
      },
      {
        "reactor_utilization": {
          "shard": "3",
          "value": 61.340957439999855
        }
      },
      {
        "reactor_utilization": {
          "shard": "4",
          "value": 62.961685960000025
        }
      },
      {
        "reactor_utilization": {
          "shard": "5",
          "value": 56.183620259999898
        }
      },
      {
        "reactor_utilization": {
          "shard": "6",
          "value": 76.200656239999773
        }
      },
      {
        "reactor_utilization": {
          "shard": "7",
          "value": 67.747553640000007
        }
      },
      {
        "reactor_utilization": {
          "shard": "8",
          "value": 64.944934999999788
        }
      },
      {
        "reactor_utilization": {
          "shard": "9",
          "value": 61.500106860000095
        }
      },
      {
        "reactor_utilization": {
          "shard": "10",
          "value": 74.634078500000356
        }
      },
      {
        "reactor_utilization": {
          "shard": "11",
          "value": 75.947340399999931
        }
      },
      {
        "reactor_utilization": {
          "shard": "12",
          "value": 64.314623939999876
        }
      },
      {
        "reactor_utilization": {
          "shard": "13",
          "value": 79.230979020000078
        }
      },
      {
        "reactor_utilization": {
          "shard": "14",
          "value": 71.462435139999997
        }
      },
      {
        "reactor_utilization": {
          "shard": "15",
          "value": 58.020027180000369
        }
      }
    ]
  },
  {
    "metrics": [
      {
        "reactor_utilization": {
          "shard": "0",
          "value": 54.57221160000023
        }
      },
      {
        "reactor_utilization": {
          "shard": "1",
          "value": 68.628369440000057
        }
      },
      {
        "reactor_utilization": {
          "shard": "2",
          "value": 58.957721039999889
        }
      },
      {
        "reactor_utilization": {
          "shard": "3",
          "value": 76.600491159999848
        }
      },
      {
        "reactor_utilization": {
          "shard": "4",
          "value": 53.004069260000023
        }
      },
      {
        "reactor_utilization": {
          "shard": "5",
          "value": 59.281318719999895
        }
      },
      {
        "reactor_utilization": {
          "shard": "6",
          "value": 76.794038179999774
        }
      },
      {
        "reactor_utilization": {
          "shard": "7",
          "value": 67.401356800000016
        }
      },
      {
        "reactor_utilization": {
          "shard": "8",
          "value": 54.784597179999793
        }
      },
      {
        "reactor_utilization": {
          "shard": "9",
          "value": 62.126878000000104
        }
      },
      {
        "reactor_utilization": {
          "shard": "10",
          "value": 64.300585760000345
        }
      },
      {
        "reactor_utilization": {
          "shard": "11",
          "value": 72.121224879999929
        }
      },
      {
        "reactor_utilization": {
          "shard": "12",
          "value": 66.986566059999859
        }
      },
      {
        "reactor_utilization": {
          "shard": "13",
          "value": 72.714804380000061
        }
      },
      {
        "reactor_utilization": {
          "shard": "14",
          "value": 49.972194679999994
        }
      },
      {
        "reactor_utilization": {
          "shard": "15",
          "value": 65.356709400000355
        }
      }
    ]
  },
  {
    "metrics": [
      {
        "reactor_utilization": {
          "shard": "0",
          "value": 63.781167720000219
        }
      },
      {
        "reactor_utilization": {
          "shard": "1",
          "value": 74.623724220000057
        }
      },
      {
        "reactor_utilization": {
          "shard": "2",
          "value": 63.784817239999889
        }
      },
      {
        "reactor_utilization": {
          "shard": "3",
          "value": 66.738244679999852
        }
      },
      {
        "reactor_utilization": {
          "shard": "4",
          "value": 61.771205780000017
        }
      },
      {
        "reactor_utilization": {
          "shard": "5",
          "value": 57.339965799999895
        }
      },
      {
        "reactor_utilization": {
          "shard": "6",
          "value": 71.895831219999778
        }
      },
      {
        "reactor_utilization": {
          "shard": "7",
          "value": 73.922874360000009
        }
      },
      {
        "reactor_utilization": {
          "shard": "8",
          "value": 59.801095179999805
        }
      },
      {
        "reactor_utilization": {
          "shard": "9",
          "value": 84.939760540000094
        }
      },
      {
        "reactor_utilization": {
          "shard": "10",
          "value": 63.481821760000358
        }
      },
      {
        "reactor_utilization": {
          "shard": "11",
          "value": 69.429915019999925
        }
      },
      {
        "reactor_utilization": {
          "shard": "12",
          "value": 75.27449941999987
        }
      },
      {
        "reactor_utilization": {
          "shard": "13",
          "value": 75.793102980000072
        }
      },
      {
        "reactor_utilization": {
          "shard": "14",
          "value": 62.017975380000003
        }
      },
      {
        "reactor_utilization": {
          "shard": "15",
          "value": 61.950181180000349
        }
      }
    ]
  }
]
