[
  {
    "metrics": [
      {
        "reactor_utilization": {
          "shard": "0",
          "value": 94.566708160000189
        }
      },
      {
        "reactor_utilization": {
          "shard": "1",
          "value": 83.396905959999998
        }
      },
      {
        "reactor_utilization": {
          "shard": "2",
          "value": 86.30345587999976
        }
      },
      {
        "reactor_utilization": {
          "shard": "3",
          "value": 79.749704299999465
        }
      },
      {
        "reactor_utilization": {
          "shard": "4",
          "value": 80.996153619999859
        }
      },
      {
        "reactor_utilization": {
          "shard": "5",
          "value": 84.517659659999993
        }
      },
      {
        "reactor_utilization": {
          "shard": "6",
          "value": 97.990968659999737
        }
      },
      {
        "reactor_utilization": {
          "shard": "7",
          "value": 82.83624203999986
        }
      },
      {
        "reactor_utilization": {
          "shard": "8",
          "value": 89.149709519999675
        }
      },
      {
        "reactor_utilization": {
          "shard": "9",
          "value": 89.359403040000231
        }
      },
      {
        "reactor_utilization": {
          "shard": "10",
          "value": 68.956441160000608
        }
      },
      {
        "reactor_utilization": {
          "shard": "11",
          "value": 78.49730751999985
        }
      },
      {
        "reactor_utilization": {
          "shard": "12",
          "value": 89.053614839999881
        }
      },
      {
        "reactor_utilization": {
          "shard": "13",
          "value": 93.066814880000095
        }
      },
      {
        "reactor_utilization": {
          "shard": "14",
          "value": 75.584269019999937
        }
      },
      {
        "reactor_utilization": {
          "shard": "15",
          "value": 82.576999980000437
        }
      }
    ]
  },
  {
    "metrics": [
      {
        "reactor_utilization": {
          "shard": "0",
          "value": 78.992485200000189
        }
      },
      {
        "reactor_utilization": {
          "shard": "1",
          "value": 89.494239379999996
        }
      },
      {
        "reactor_utilization": {
          "shard": "2",
          "value": 91.543413839999758
        }
      },
      {
        "reactor_utilization": {
          "shard": "3",
          "value": 79.826530839999464
        }
      },
      {
        "reactor_utilization": {
          "shard": "4",
          "value": 82.153142699999847
        }
      },
      {
        "reactor_utilization": {
          "shard": "5",
          "value": 89.274063339999998
        }
      },
      {
        "reactor_utilization": {
          "shard": "6",
          "value": 96.290767399999737
        }
      },
      {
        "reactor_utilization": {
          "shard": "7",
          "value": 77.845463519999868
        }
      },
      {
        "reactor_utilization": {
          "shard": "8",
          "value": 74.043350079999684
        }
      },
      {
        "reactor_utilization": {
          "shard": "9",
          "value": 90.033479000000227
        }
      },
      {
        "reactor_utilization": {
          "shard": "10",
          "value": 74.817866460000616
        }
      },
      {
        "reactor_utilization": {
          "shard": "11",
          "value": 73.359426299999853
        }
      },
      {
        "reactor_utilization": {
          "shard": "12",
          "value": 70.767296019999876
        }
      },
      {
        "reactor_utilization": {
          "shard": "13",
          "value": 81.171918360000078
        }
      },
      {
        "reactor_utilization": {
          "shard": "14",
          "value": 97.274192219999932
        }
      },
      {
        "reactor_utilization": {
          "shard": "15",
          "value": 88.307061480000428
        }
      }
    ]
  },
  {
    "metrics": [
      {
        "reactor_utilization": {
          "shard": "0",
          "value": 61.675316620000189
        }
      },
      {
        "reactor_utilization": {
          "shard": "1",
          "value": 96.324461660000011
        }
      },
      {
        "reactor_utilization": {
          "shard": "2",
          "value": 86.818642679999755
        }
      },
      {
        "reactor_utilization": {
          "shard": "3",
          "value": 89.951537879999464
        }
      },
      {
        "reactor_utilization": {
          "shard": "4",
          "value": 74.090699959999867
        }
      },
      {
        "reactor_utilization": {
          "shard": "5",
          "value": 77.482212439999998
        }
      },
      {
        "reactor_utilization": {
          "shard": "6",
          "value": 85.664256219999743
        }
      },
      {
        "reactor_utilization": {
          "shard": "7",
          "value": 94.443808979999872
        }
      },
      {
        "reactor_utilization": {
          "shard": "8",
          "value": 74.90938765999968
        }
      },
      {
        "reactor_utilization": {
          "shard": "9",
          "value": 91.022718640000221
        }
      },
      {
        "reactor_utilization": {
          "shard": "10",
          "value": 88.343592680000597
        }
      },
      {
        "reactor_utilization": {
          "shard": "11",
          "value": 92.499900879999842
        }
      },
      {
        "reactor_utilization": {
          "shard": "12",
          "value": 82.203951299999886
        }
      },
      {
        "reactor_utilization": {
          "shard": "13",
          "value": 80.510832680000107
        }
      },
      {
        "reactor_utilization": {
          "shard": "14",
          "value": 73.937301579999939
        }
      },
      {
        "reactor_utilization": {
          "shard": "15",
          "value": 85.28401474000043
        }
      }
    ]
  },
  {
    "metrics": [
      {
        "reactor_utilization": {
          "shard": "0",
          "value": 72.897191860000191
        }
      },
      {
        "reactor_utilization": {
          "shard": "1",
          "value": 78.510596680000006
        }
      },
      {
        "reactor_utilization": {
          "shard": "2",
          "value": 75.966212639999753
        }
      },
      {
        "reactor_utilization": {
          "shard": "3",
          "value": 62.522692579999472
        }
      },
      {
        "reactor_utilization": {
          "shard": "4",
          "value": 85.081192019999861
        }
      },
      {
        "reactor_utilization": {
          "shard": "5",
          "value": 76.478304179999995
        }
      },
      {
        "reactor_utilization": {
          "shard": "6",
          "value": 94.407331419999736
        }
      },
      {
        "reactor_utilization": {
          "shard": "7",
          "value": 83.047991059999873
        }
      },
      {
        "reactor_utilization": {
          "shard": "8",
          "value": 82.802613199999684
        }
      },
      {
        "reactor_utilization": {
          "shard": "9",
          "value": 91.721264260000225
        }
      },
      {
        "reactor_utilization": {
          "shard": "10",
          "value": 70.258009380000601
        }
      },
      {
        "reactor_utilization": {
          "shard": "11",
          "value": 68.123608139999845
        }
      },
      {
        "reactor_utilization": {
          "shard": "12",
          "value": 78.487369359999875
        }
      },
      {
        "reactor_utilization": {
          "shard": "13",
          "value": 76.083514120000089
        }
      },
      {
        "reactor_utilization": {
          "shard": "14",
          "value": 80.218431479999936
        }
      },
      {
        "reactor_utilization": {
          "shard": "15",
          "value": 69.437613560000415
        }
      }
    ]
  },
  {
    "metrics": [
      {
        "reactor_utilization": {
          "shard": "0",
          "value": 64.096775420000185
        }
      },
      {
        "reactor_utilization": {
          "shard": "1",
          "value": 71.306685699999989
        }
      },
      {
        "reactor_utilization": {
          "shard": "2",
          "value": 94.17065763999976
        }
      },
      {
        "reactor_utilization": {
          "shard": "3",
          "value": 86.620550559999458
        }
      },
      {
        "reactor_utilization": {
          "shard": "4",
          "value": 75.792845699999873
        }
      },
      {
        "reactor_utilization": {
          "shard": "5",
          "value": 78.299512859999993
        }
      },
      {
        "reactor_utilization": {
          "shard": "6",
          "value": 79.093537599999735
        }
      },
      {
        "reactor_utilization": {
          "shard": "7",
          "value": 70.510319419999874
        }
      },
      {
        "reactor_utilization": {
          "shard": "8",
          "value": 88.169215019999683
        }
      },
      {
        "reactor_utilization": {
          "shard": "9",
          "value": 82.331666420000232
        }
      },
      {
        "reactor_utilization": {
          "shard": "10",
          "value": 73.133674340000596
        }
      },
      {
        "reactor_utilization": {
          "shard": "11",
          "value": 82.690806439999847
        }
      },
      {
        "reactor_utilization": {
          "shard": "12",
          "value": 69.57730737999988
        }
      },
      {
        "reactor_utilization": {
          "shard": "13",
          "value": 55.637224480000093
        }
      },
      {
        "reactor_utilization": {
          "shard": "14",
          "value": 73.044532779999926
        }
      },
      {
        "reactor_utilization": {
          "shard": "15",
          "value": 69.395773060000437
        }
      }
    ]
  },
  {
    "metrics": [
      {
        "reactor_utilization": {
          "shard": "0",
          "value": 68.721242400000193
        }
      },
      {
        "reactor_utilization": {
          "shard": "1",
          "value": 64.481387400000003
        }
      },
      {
        "reactor_utilization": {
          "shard": "2",
          "value": 71.620805319999761
        }
      },
      {
        "reactor_utilization": {
          "shard": "3",
          "value": 87.301105079999459
        }
      },
      {
        "reactor_utilization": {
          "shard": "4",
          "value": 67.290096799999873
        }
      },
      {
        "reactor_utilization": {
          "shard": "5",
          "value": 72.486503900000002
        }
      },
      {
        "reactor_utilization": {
          "shard": "6",
          "value": 88.472635379999744
        }
      },
      {
        "reactor_utilization": {
          "shard": "7",
          "value": 68.492125599999866
        }
      },
      {
        "reactor_utilization": {
          "shard": "8",
          "value": 84.000219159999673
        }
      },
      {
        "reactor_utilization": {
          "shard": "9",
          "value": 69.152424100000218
        }
      },
      {
        "reactor_utilization": {
          "shard": "10",
          "value": 75.6917672200006
        }
      },
      {
        "reactor_utilization": {
          "shard": "11",
          "value": 77.585202499999852
        }
      },
      {
        "reactor_utilization": {
          "shard": "12",
          "value": 63.920834839999884
        }
      },
      {
        "reactor_utilization": {
          "shard": "13",
          "value": 79.411899620000085
        }
      },
      {
        "reactor_utilization": {
          "shard": "14",
          "value": 86.635835559999933
        }
      },
      {
        "reactor_utilization": {
          "shard": "15",
          "value": 81.909684220000429
        }
      }
    ]
  },
  {
    "metrics": [
      {
        "reactor_utilization": {
          "shard": "0",
          "value": 81.804003620000188
        }
      },
      {
        "reactor_utilization": {
          "shard": "1",
          "value": 68.595816739999989
        }
      },
      {
        "reactor_utilization": {
          "shard": "2",
          "value": 78.852863139999755
        }
      },
      {
        "reactor_utilization": {
          "shard": "3",
          "value": 71.657544359999463
        }
      },
      {
        "reactor_utilization": {
          "shard": "4",
          "value": 65.590009919999872
        }
      },
      {
        "reactor_utilization": {
          "shard": "5",
          "value": 68.351528919999993
        }
      },
      {
        "reactor_utilization": {
          "shard": "6",
          "value": 83.77305507999975
        }
      },
      {
        "reactor_utilization": {
          "shard": "7",
          "value": 69.385793039999882
        }
      },
      {
        "reactor_utilization": {
          "shard": "8",
          "value": 75.653543519999673
        }
      },
      {
        "reactor_utilization": {
          "shard": "9",
          "value": 79.831200160000222
        }
      },
      {
        "reactor_utilization": {
          "shard": "10",
          "value": 88.959622900000596
        }
      },
      {
        "reactor_utilization": {
          "shard": "11",
          "value": 71.739134799999846
        }
      },
      {
        "reactor_utilization": {
          "shard": "12",
          "value": 70.479756639999891
        }
      },
      {
        "reactor_utilization": {
          "shard": "13",
          "value": 67.175543440000069
        }
      },
      {
        "reactor_utilization": {
          "shard": "14",
          "value": 91.213852479999929
        }
      },
      {
        "reactor_utilization": {
          "shard": "15",
          "value": 76.197734860000438
        }
      }
    ]
  },
  {
    "metrics": [
      {
        "reactor_utilization": {
          "shard": "0",
          "value": 79.632572940000188
        }
      },
      {
        "reactor_utilization": {
          "shard": "1",
          "value": 72.038686119999994
        }
      },
      {
        "reactor_utilization": {
          "shard": "2",
          "value": 75.463087239999751
        }
      },
      {
        "reactor_utilization": {
          "shard": "3",
          "value": 64.89376281999948
        }
      },
      {
        "reactor_utilization": {
          "shard": "4",
          "value": 71.544071339999874
        }
      },
      {
        "reactor_utilization": {
          "shard": "5",
          "value": 76.583802379999995
        }
      },
      {
        "reactor_utilization": {
          "shard": "6",
          "value": 86.479247359999746
        }
      },
      {
        "reactor_utilization": {
          "shard": "7",
          "value": 75.536682039999874
        }
      },
      {
        "reactor_utilization": {
          "shard": "8",
          "value": 84.438209399999664
        }
      },
      {
        "reactor_utilization": {
          "shard": "9",
          "value": 74.684710500000222
        }
      },
      {
        "reactor_utilization": {
          "shard": "10",
          "value": 87.766863020000599
        }
      },
      {
        "reactor_utilization": {
          "shard": "11",
          "value": 85.41473761999984
        }
      },
      {
        "reactor_utilization": {
          "shard": "12",
          "value": 59.098099699999885
        }
      },
      {
        "reactor_utilization": {
          "shard": "13",
          "value": 70.179720360000076
        }
      },
      {
        "reactor_utilization": {
          "shard": "14",
          "value": 84.391006959999928
        }
      },
      {
        "reactor_utilization": {
          "shard": "15",
          "value": 66.266547320000441
        }
      }
    ]
  },
  {
    "metrics": [
      {
        "reactor_utilization": {
          "shard": "0",
          "value": 68.897078020000194
        }
      },
      {
        "reactor_utilization": {
          "shard": "1",
          "value": 74.552695199999988
        }
      },
      {
        "reactor_utilization": {
          "shard": "2",
          "value": 86.524137539999742
        }
      },
      {
        "reactor_utilization": {
          "shard": "3",
          "value": 76.05456927999947
        }
      },
      {
        "reactor_utilization": {
          "shard": "4",
          "value": 76.465541839999858
        }
      },
      {
        "reactor_utilization": {
          "shard": "5",
          "value": 73.510153459999998
        }
      },
      {
        "reactor_utilization": {
          "shard": "6",
          "value": 82.975993219999751
        }
      },
      {
        "reactor_utilization": {
          "shard": "7",
          "value": 67.410199319999876
        }
      },
      {
        "reactor_utilization": {
          "shard": "8",
          "value": 74.928484259999678
        }
      },
      {
        "reactor_utilization": {
          "shard": "9",
          "value": 86.570844300000218
        }
      },
      {
        "reactor_utilization": {
          "shard": "10",
          "value": 75.146889060000603
        }
      },
      {
        "reactor_utilization": {
          "shard": "11",
          "value": 66.957690379999846
        }
      },
      {
        "reactor_utilization": {
          "shard": "12",
          "value": 68.887664399999878
        }
      },
      {
        "reactor_utilization": {
          "shard": "13",
          "value": 62.695925760000073
        }
      },
      {
        "reactor_utilization": {
          "shard": "14",
          "value": 70.455187859999924
        }
      },
      {
        "reactor_utilization": {
          "shard": "15",
          "value": 71.137788080000419
        }
      }
    ]
  },
  {
    "metrics": [
      {
        "reactor_utilization": {
          "shard": "0",
          "value": 67.452837820000184
        }
      },
      {
        "reactor_utilization": {
          "shard": "1",
          "value": 79.988649899999984
        }
      },
      {
        "reactor_utilization": {
          "shard": "2",
          "value": 70.203183099999748
        }
      },
      {
        "reactor_utilization": {
          "shard": "3",
          "value": 54.074361939999484
        }
      },
      {
        "reactor_utilization": {
          "shard": "4",
          "value": 78.944043179999881
        }
      },
      {
        "reactor_utilization": {
          "shard": "5",
          "value": 68.430647339999993
        }
      },
      {
        "reactor_utilization": {
          "shard": "6",
          "value": 80.273439159999754
        }
      },
      {
        "reactor_utilization": {
          "shard": "7",
          "value": 81.035839779999876
        }
      },
      {
        "reactor_utilization": {
          "shard": "8",
          "value": 83.922293319999667
        }
      },
      {
        "reactor_utilization": {
          "shard": "9",
          "value": 66.310380100000216
        }
      },
      {
        "reactor_utilization": {
          "shard": "10",
          "value": 78.753192040000599
        }
      },
      {
        "reactor_utilization": {
          "shard": "11",
          "value": 95.113468639999851
        }
      },
      {
        "reactor_utilization": {
          "shard": "12",
          "value": 65.571719919999879
        }
      },
      {
        "reactor_utilization": {
          "shard": "13",
          "value": 51.344282040000067
        }
      },
      {
        "reactor_utilization": {
          "shard": "14",
          "value": 64.712994659999922
        }
      },
      {
        "reactor_utilization": {
          "shard": "15",
          "value": 51.319829100000426
        }
      }
    ]
  },
  {
    "metrics": [
      {
        "reactor_utilization": {
          "shard": "0",
          "value": 70.547494860000185
        }
      },
      {
        "reactor_utilization": {
          "shard": "1",
          "value": 70.74437549999999
        }
      },
      {
        "reactor_utilization": {
          "shard": "2",
          "value": 77.979402359999739
        }
      },
      {
        "reactor_utilization": {
          "shard": "3",
          "value": 59.21086499999948
        }
      },
      {
        "reactor_utilization": {
          "shard": "4",
          "value": 79.004048259999877
        }
      },
      {
        "reactor_utilization": {
          "shard": "5",
          "value": 83.933122999999995
        }
      },
      {
        "reactor_utilization": {
          "shard": "6",
          "value": 91.989683839999742
        }
      },
      {
        "reactor_utilization": {
          "shard": "7",
          "value": 83.636482699999874
        }
      },
      {
        "reactor_utilization": {
          "shard": "8",
          "value": 67.197825479999665
        }
      },
      {
        "reactor_utilization": {
          "shard": "9",
          "value": 76.74724088000022
        }
      },
      {
        "reactor_utilization": {
          "shard": "10",
          "value": 69.2757847000006
        }
      },
      {
        "reactor_utilization": {
          "shard": "11",
          "value": 66.689377259999844
        }
      },
      {
        "reactor_utilization": {
          "shard": "12",
          "value": 48.362835739999888
        }
      },
      {
        "reactor_utilization": {
          "shard": "13",
          "value": 59.212998120000051
        }
      },
      {
        "reactor_utilization": {
          "shard": "14",
          "value": 72.238095659999928
        }
      },
      {
        "reactor_utilization": {
          "shard": "15",
          "value": 67.28976180000042
        }
      }
    ]
  },
  {
    "metrics": [
      {
        "reactor_utilization": {
          "shard": "0",
          "value": 76.107143100000201
        }
      },
      {
        "reactor_utilization": {
          "shard": "1",
          "value": 75.840005619999985
        }
      },
      {
        "reactor_utilization": {
          "shard": "2",
          "value": 88.849856019999734
        }
      },
      {
        "reactor_utilization": {
          "shard": "3",
          "value": 80.09145591999949
        }
      },
      {
        "reactor_utilization": {
          "shard": "4",
          "value": 60.074763879999871
        }
      },
      {
        "reactor_utilization": {
          "shard": "5",
          "value": 65.075443100000001
        }
      },
      {
        "reactor_utilization": {
          "shard": "6",
          "value": 81.639879739999742
        }
      },
      {
        "reactor_utilization": {
          "shard": "7",
          "value": 72.390185299999871
        }
      },
      {
        "reactor_utilization": {
          "shard": "8",
          "value": 81.980345159999672
        }
      },
      {
        "reactor_utilization": {
          "shard": "9",
          "value": 77.767803020000215
        }
      },
      {
        "reactor_utilization": {
          "shard": "10",
          "value": 61.884310100000597
        }
      },
      {
        "reactor_utilization": {
          "shard": "11",
          "value": 70.636453279999856
        }
      },
      {
        "reactor_utilization": {
          "shard": "12",
          "value": 70.623389799999899
        }
      },
      {
        "reactor_utilization": {
          "shard": "13",
          "value": 75.246802740000035
        }
      },
      {
        "reactor_utilization": {
          "shard": "14",
          "value": 71.83344187999991
        }
      },
      {
        "reactor_utilization": {
          "shard": "15",
          "value": 74.697538900000424
        }
      }
    ]
  },
  {
    "metrics": [
      {
        "reactor_utilization": {
          "shard": "0",
          "value": 74.933746180000199
        }
      },
      {
        "reactor_utilization": {
          "shard": "1",
          "value": 79.29415603999999
        }
      },
      {
        "reactor_utilization": {
          "shard": "2",
          "value": 92.536809279999744
        }
      },
      {
        "reactor_utilization": {
          "shard": "3",
          "value": 71.442708039999474
        }
      },
      {
        "reactor_utilization": {
          "shard": "4",
          "value": 79.484505839999869
        }
      },
      {
        "reactor_utilization": {
          "shard": "5",
          "value": 74.808034559999996
        }
      },
      {
        "reactor_utilization": {
          "shard": "6",
          "value": 75.912232479999744
        }
      },
      {
        "reactor_utilization": {
          "shard": "7",
          "value": 72.449747379999891
        }
      },
      {
        "reactor_utilization": {
          "shard": "8",
          "value": 76.474071279999663
        }
      },
      {
        "reactor_utilization": {
          "shard": "9",
          "value": 86.691214900000219
        }
      },
      {
        "reactor_utilization": {
          "shard": "10",
          "value": 64.461400860000595
        }
      },
      {
        "reactor_utilization": {
          "shard": "11",
          "value": 73.115581399999854
        }
      },
      {
        "reactor_utilization": {
          "shard": "12",
          "value": 78.508987579999882
        }
      },
      {
        "reactor_utilization": {
          "shard": "13",
          "value": 58.199509300000038
        }
      },
      {
        "reactor_utilization": {
          "shard": "14",
          "value": 83.314030799999912
        }
      },
      {
        "reactor_utilization": {
          "shard": "15",
          "value": 72.84920358000042
        }
      }
    ]
  },
  {
    "metrics": [
      {
        "reactor_utilization": {
          "shard": "0",
          "value": 66.020308980000195
        }
      },
      {
        "reactor_utilization": {
          "shard": "1",
          "value": 81.719474179999992
        }
      },
      {
        "reactor_utilization": {
          "shard": "2",
          "value": 73.507138559999746
        }
      },
      {
        "reactor_utilization": {
          "shard": "3",
          "value": 81.134961439999472
        }
      },
      {
        "reactor_utilization": {
          "shard": "4",
          "value": 70.295796199999856
        }
      },
      {
        "reactor_utilization": {
          "shard": "5",
          "value": 79.042765819999985
        }
      },
      {
        "reactor_utilization": {
          "shard": "6",
          "value": 83.679569119999741
        }
      },
      {
        "reactor_utilization": {
          "shard": "7",
          "value": 76.867929659999874
        }
      },
      {
        "reactor_utilization": {
          "shard": "8",
          "value": 70.455837119999671
        }
      },
      {
        "reactor_utilization": {
          "shard": "9",
          "value": 84.991315900000217
        }
      },
      {
        "reactor_utilization": {
          "shard": "10",
          "value": 83.906387680000606
        }
      },
      {
        "reactor_utilization": {
          "shard": "11",
          "value": 73.224261579999848
        }
      },
      {
        "reactor_utilization": {
          "shard": "12",
          "value": 64.192252079999903
        }
      },
      {
        "reactor_utilization": {
          "shard": "13",
          "value": 71.593133460000061
        }
      },
      {
        "reactor_utilization": {
          "shard": "14",
          "value": 82.184187399999914
        }
      },
      {
        "reactor_utilization": {
          "shard": "15",
          "value": 81.809536180000421
        }
      }
    ]
  },
  {
    "metrics": [
      {
        "reactor_utilization": {
          "shard": "0",
          "value": 67.523753680000183
        }
      },
      {
        "reactor_utilization": {
          "shard": "1",
          "value": 69.135556639999976
        }
      },
      {
        "reactor_utilization": {
          "shard": "2",
          "value": 83.663962159999741
        }
      },
      {
        "reactor_utilization": {
          "shard": "3",
          "value": 72.813314719999482
        }
      },
      {
        "reactor_utilization": {
          "shard": "4",
          "value": 81.198601419999861
        }
      },
      {
        "reactor_utilization": {
          "shard": "5",
          "value": 72.657828039999984
        }
      },
      {
        "reactor_utilization": {
          "shard": "6",
          "value": 91.167809239999741
        }
      },
      {
        "reactor_utilization": {
          "shard": "7",
          "value": 83.461380499999876
        }
      },
      {
        "reactor_utilization": {
          "shard": "8",
          "value": 81.789100899999667
        }
      },
      {
        "reactor_utilization": {
          "shard": "9",
          "value": 80.831820200000223
        }
      },
      {
        "reactor_utilization": {
          "shard": "10",
          "value": 72.258826740000586
        }
      },
      {
        "reactor_utilization": {
          "shard": "11",
          "value": 81.333204019999854
        }
      },
      {
        "reactor_utilization": {
          "shard": "12",
          "value": 69.8186171199999
        }
      },
      {
        "reactor_utilization": {
          "shard": "13",
          "value": 64.285394900000043
        }
      },
      {
        "reactor_utilization": {
          "shard": "14",
          "value": 66.056932679999932
        }
      },
      {
        "reactor_utilization": {
          "shard": "15",
          "value": 64.177390300000425
        }
      }
    ]
  },
  {
    "metrics": [
      {
        "reactor_utilization": {
          "shard": "0",
          "value": 74.270145720000201
        }
      },
      {
        "reactor_utilization": {
          "shard": "1",
          "value": 69.740807999999973
        }
      },
      {
        "reactor_utilization": {
          "shard": "2",
          "value": 85.747198139999739
        }
      },
      {
        "reactor_utilization": {
          "shard": "3",
          "value": 73.17925389999948
        }
      },
      {
        "reactor_utilization": {
          "shard": "4",
          "value": 73.77307335999987
        }
      },
      {
        "reactor_utilization": {
          "shard": "5",
          "value": 76.872037479999975
        }
      },
      {
        "reactor_utilization": {
          "shard": "6",
          "value": 75.101164519999756
        }
      },
      {
        "reactor_utilization": {
          "shard": "7",
          "value": 65.471980879999876
        }
      },
      {
        "reactor_utilization": {
          "shard": "8",
          "value": 91.831955819999664
        }
      },
      {
        "reactor_utilization": {
          "shard": "9",
          "value": 83.478529000000222
        }
      },
      {
        "reactor_utilization": {
          "shard": "10",
          "value": 66.3867171600006
        }
      },
      {
        "reactor_utilization": {
          "shard": "11",
          "value": 70.11392261999984
        }
      },
      {
        "reactor_utilization": {
          "shard": "12",
          "value": 66.304117879999907
        }
      },
      {
        "reactor_utilization": {
          "shard": "13",
          "value": 68.612034460000046
        }
      },
      {
        "reactor_utilization": {
          "shard": "14",
          "value": 65.620251979999935
        }
      },
      {
        "reactor_utilization": {
          "shard": "15",
          "value": 68.740064840000414
        }
      }
    ]
  },
  {
    "metrics": [
      {
        "reactor_utilization": {
          "shard": "0",
          "value": 72.112052040000194
        }
      },
      {
        "reactor_utilization": {
          "shard": "1",
          "value": 67.984771339999966
        }
      },
      {
        "reactor_utilization": {
          "shard": "2",
          "value": 72.729569159999741
        }
      },
      {
        "reactor_utilization": {
          "shard": "3",
          "value": 80.505885659999478
        }
      },
      {
        "reactor_utilization": {
          "shard": "4",
          "value": 72.848425899999867
        }
      },
      {
        "reactor_utilization": {
          "shard": "5",
          "value": 75.494488499999974
        }
      },
      {
        "reactor_utilization": {
          "shard": "6",
          "value": 81.666175339999754
        }
      },
      {
        "reactor_utilization": {
          "shard": "7",
          "value": 63.263251019999878
        }
      },
      {
        "reactor_utilization": {
          "shard": "8",
          "value": 80.700936359999659
        }
      },
      {
        "reactor_utilization": {
          "shard": "9",
          "value": 77.008839440000216
        }
      },
      {
        "reactor_utilization": {
          "shard": "10",
          "value": 76.616269780000607
        }
      },
      {
        "reactor_utilization": {
          "shard": "11",
          "value": 71.15964527999985
        }
      },
      {
        "reactor_utilization": {
          "shard": "12",
          "value": 65.064882179999898
        }
      },
      {
        "reactor_utilization": {
          "shard": "13",
          "value": 71.492793940000041
        }
      },
      {
        "reactor_utilization": {
          "shard": "14",
          "value": 94.784518659999932
        }
      },
      {
        "reactor_utilization": {
          "shard": "15",
          "value": 87.408305600000418
        }
      }
    ]
  },
  {
    "metrics": [
      {
        "reactor_utilization": {
          "shard": "0",
          "value": 80.3925840200002
        }
      },
      {
        "reactor_utilization": {
          "shard": "1",
          "value": 69.587189879999983
        }
      },
      {
        "reactor_utilization": {
          "shard": "2",
          "value": 69.540465399999746
        }
      },
      {
        "reactor_utilization": {
          "shard": "3",
          "value": 63.945745679999476
        }
      },
      {
        "reactor_utilization": {
          "shard": "4",
          "value": 71.215130979999856
        }
      },
      {
        "reactor_utilization": {
          "shard": "5",
          "value": 74.173613059999994
        }
      },
      {
        "reactor_utilization": {
          "shard": "6",
          "value": 78.631639339999751
        }
      },
      {
        "reactor_utilization": {
          "shard": "7",
          "value": 71.165481619999881
        }
      },
      {
        "reactor_utilization": {
          "shard": "8",
          "value": 74.29242765999966
        }
      },
      {
        "reactor_utilization": {
          "shard": "9",
          "value": 63.070593380000226
        }
      },
      {
        "reactor_utilization": {
          "shard": "10",
          "value": 97.199419480000586
        }
      },
      {
        "reactor_utilization": {
          "shard": "11",
          "value": 76.317763139999855
        }
      },
      {
        "reactor_utilization": {
          "shard": "12",
          "value": 61.562632859999908
        }
      },
      {
        "reactor_utilization": {
          "shard": "13",
          "value": 64.597025640000055
        }
      },
      {
        "reactor_utilization": {
          "shard": "14",
          "value": 91.241925459999933
        }
      },
      {
        "reactor_utilization": {
          "shard": "15",
          "value": 71.128569420000403
        }
      }
    ]
  },
  {
    "metrics": [
      {
        "reactor_utilization": {
          "shard": "0",
          "value": 73.274833540000202
        }
      },
      {
        "reactor_utilization": {
          "shard": "1",
          "value": 71.998680039999982
        }
      },
      {
        "reactor_utilization": {
          "shard": "2",
          "value": 78.588268039999747
        }
      },
      {
        "reactor_utilization": {
          "shard": "3",
          "value": 66.653636479999477
        }
      },
      {
        "reactor_utilization": {
          "shard": "4",
          "value": 68.552864179999858
        }
      },
      {
        "reactor_utilization": {
          "shard": "5",
          "value": 73.689784599999982
        }
      },
      {
        "reactor_utilization": {
          "shard": "6",
          "value": 83.209758759999758
        }
      },
      {
        "reactor_utilization": {
          "shard": "7",
          "value": 72.92580083999988
        }
      },
      {
        "reactor_utilization": {
          "shard": "8",
          "value": 91.19319411999966
        }
      },
      {
        "reactor_utilization": {
          "shard": "9",
          "value": 81.210023100000228
        }
      },
      {
        "reactor_utilization": {
          "shard": "10",
          "value": 72.299331820000589
        }
      },
      {
        "reactor_utilization": {
          "shard": "11",
          "value": 75.89384731999985
        }
      },
      {
        "reactor_utilization": {
          "shard": "12",
          "value": 53.690908679999907
        }
      },
      {
        "reactor_utilization": {
          "shard": "13",
          "value": 74.185895420000051
        }
      },
      {
        "reactor_utilization": {
          "shard": "14",
          "value": 84.019469819999927
        }
      },
      {
        "reactor_utilization": {
          "shard": "15",
          "value": 76.126625520000403
        }
      }
    ]
  },
  {
    "metrics": [
      {
        "reactor_utilization": {
          "shard": "0",
          "value": 60.942588400000218
        }
      },
      {
        "reactor_utilization": {
          "shard": "1",
          "value": 78.421784819999985
        }
      },
      {
        "reactor_utilization": {
          "shard": "2",
          "value": 83.485171599999745
        }
      },
      {
        "reactor_utilization": {
          "shard": "3",
          "value": 64.106229259999466
        }
      },
      {
        "reactor_utilization": {
          "shard": "4",
          "value": 69.23590057999985
        }
      },
      {
        "reactor_utilization": {
          "shard": "5",
          "value": 70.133456779999989
        }
      },
      {
        "reactor_utilization": {
          "shard": "6",
          "value": 83.740173159999756
        }
      },
      {
        "reactor_utilization": {
          "shard": "7",
          "value": 62.72768195999987
        }
      },
      {
        "reactor_utilization": {
          "shard": "8",
          "value": 71.464214859999657
        }
      },
      {
        "reactor_utilization": {
          "shard": "9",
          "value": 76.253931720000224
        }
      },
      {
        "reactor_utilization": {
          "shard": "10",
          "value": 86.877548780000609
        }
      },
      {
        "reactor_utilization": {
          "shard": "11",
          "value": 81.276065459999842
        }
      },
      {
        "reactor_utilization": {
          "shard": "12",
          "value": 75.004873399999909
        }
      },
      {
        "reactor_utilization": {
          "shard": "13",
          "value": 59.160443180000044
        }
      },
      {
        "reactor_utilization": {
          "shard": "14",
          "value": 65.416934239999918
        }
      },
      {
        "reactor_utilization": {
          "shard": "15",
          "value": 53.496067700000403
        }
      }
    ]
  },
  {
    "metrics": [
      {
        "reactor_utilization": {
          "shard": "0",
          "value": 67.067956980000204
        }
      },
      {
        "reactor_utilization": {
          "shard": "1",
          "value": 75.772423459999985
        }
      },
      {
        "reactor_utilization": {
          "shard": "2",
          "value": 69.423185799999743
        }
      },
      {
        "reactor_utilization": {
          "shard": "3",
          "value": 64.108076339999471
        }
      },
      {
        "reactor_utilization": {
          "shard": "4",
          "value": 78.66104367999985
        }
      },
      {
        "reactor_utilization": {
          "shard": "5",
          "value": 74.910703580000003
        }
      },
      {
        "reactor_utilization": {
          "shard": "6",
          "value": 88.913161459999742
        }
      },
      {
        "reactor_utilization": {
          "shard": "7",
          "value": 80.801450539999877
        }
      },
      {
        "reactor_utilization": {
          "shard": "8",
          "value": 72.804516579999657
        }
      },
      {
        "reactor_utilization": {
          "shard": "9",
          "value": 74.701703000000236
        }
      },
      {
        "reactor_utilization": {
          "shard": "10",
          "value": 65.036938880000591
        }
      },
      {
        "reactor_utilization": {
          "shard": "11",
          "value": 76.760514159999843
        }
      },
      {
        "reactor_utilization": {
          "shard": "12",
          "value": 55.007807999999891
        }
      },
      {
        "reactor_utilization": {
          "shard": "13",
          "value": 46.636220280000039
        }
      },
      {
        "reactor_utilization": {
          "shard": "14",
          "value": 61.460026579999941
        }
      },
      {
        "reactor_utilization": {
          "shard": "15",
          "value": 56.282376020000399
        }
      }
    ]
  },
  {
    "metrics": [
      {
        "reactor_utilization": {
          "shard": "0",
          "value": 72.289450340000215
        }
      },
      {
        "reactor_utilization": {
          "shard": "1",
          "value": 65.613254259999977
        }
      },
      {
        "reactor_utilization": {
          "shard": "2",
          "value": 69.668093219999733
        }
      },
      {
        "reactor_utilization": {
          "shard": "3",
          "value": 67.92784351999947
        }
      },
      {
        "reactor_utilization": {
          "shard": "4",
          "value": 80.075293879999847
        }
      },
      {
        "reactor_utilization": {
          "shard": "5",
          "value": 79.905520440000004
        }
      },
      {
        "reactor_utilization": {
          "shard": "6",
          "value": 85.54000651999975
        }
      },
      {
        "reactor_utilization": {
          "shard": "7",
          "value": 82.289472539999878
        }
      },
      {
        "reactor_utilization": {
          "shard": "8",
          "value": 79.506934859999646
        }
      },
      {
        "reactor_utilization": {
          "shard": "9",
          "value": 68.62416446000023
        }
      },
      {
        "reactor_utilization": {
          "shard": "10",
          "value": 57.427707020000597
        }
      },
      {
        "reactor_utilization": {
          "shard": "11",
          "value": 61.453106339999849
        }
      },
      {
        "reactor_utilization": {
          "shard": "12",
          "value": 54.682309359999891
        }
      },
      {
        "reactor_utilization": {
          "shard": "13",
          "value": 65.23009902000004
        }
      },
      {
        "reactor_utilization": {
          "shard": "14",
          "value": 55.864019899999953
        }
      },
      {
        "reactor_utilization": {
          "shard": "15",
          "value": 68.890604860000408
        }
      }
    ]
  },
  {
    "metrics": [
      {
        "reactor_utilization": {
          "shard": "0",
          "value": 71.817944240000202
        }
      },
      {
        "reactor_utilization": {
          "shard": "1",
          "value": 71.985206299999987
        }
      },
      {
        "reactor_utilization": {
          "shard": "2",
          "value": 79.718137679999728
        }
      },
      {
        "reactor_utilization": {
          "shard": "3",
          "value": 68.473605019999482
        }
      },
      {
        "reactor_utilization": {
          "shard": "4",
          "value": 64.449832939999865
        }
      },
      {
        "reactor_utilization": {
          "shard": "5",
          "value": 64.090576379999987
        }
      },
      {
        "reactor_utilization": {
          "shard": "6",
          "value": 74.132650679999742
        }
      },
      {
        "reactor_utilization": {
          "shard": "7",
          "value": 69.741810019999861
        }
      },
      {
        "reactor_utilization": {
          "shard": "8",
          "value": 67.082492819999658
        }
      },
      {
        "reactor_utilization": {
          "shard": "9",
          "value": 84.836399120000223
        }
      },
      {
        "reactor_utilization": {
          "shard": "10",
          "value": 61.054627280000595
        }
      },
      {
        "reactor_utilization": {
          "shard": "11",
          "value": 63.866986699999849
        }
      },
      {
        "reactor_utilization": {
          "shard": "12",
          "value": 69.319113719999876
        }
      },
      {
        "reactor_utilization": {
          "shard": "13",
          "value": 64.163131200000052
        }
      },
      {
        "reactor_utilization": {
          "shard": "14",
          "value": 67.608840739999934
        }
      },
      {
        "reactor_utilization": {
          "shard": "15",
          "value": 66.925285820000397
        }
      }
    ]
  },
  {
    "metrics": [
      {
        "reactor_utilization": {
          "shard": "0",
          "value": 66.814808600000219
        }
      },
      {
        "reactor_utilization": {
          "shard": "1",
          "value": 81.732782199999974
        }
      },
      {
        "reactor_utilization": {
          "shard": "2",
          "value": 75.127520599999727
        }
      },
      {
        "reactor_utilization": {
          "shard": "3",
          "value": 62.570661819999486
        }
      },
      {
        "reactor_utilization": {
          "shard": "4",
          "value": 72.415654919999866
        }
      },
      {
        "reactor_utilization": {
          "shard": "5",
          "value": 69.109358199999988
        }
      },
      {
        "reactor_utilization": {
          "shard": "6",
          "value": 69.251867799999744
        }
      },
      {
        "reactor_utilization": {
          "shard": "7",
          "value": 71.102893079999873
        }
      },
      {
        "reactor_utilization": {
          "shard": "8",
          "value": 84.067014559999635
        }
      },
      {
        "reactor_utilization": {
          "shard": "9",
          "value": 84.20114272000022
        }
      },
      {
        "reactor_utilization": {
          "shard": "10",
          "value": 73.843930700000598
        }
      },
      {
        "reactor_utilization": {
          "shard": "11",
          "value": 66.637215379999844
        }
      },
      {
        "reactor_utilization": {
          "shard": "12",
          "value": 67.610985479999883
        }
      },
      {
        "reactor_utilization": {
          "shard": "13",
          "value": 61.942949380000044
        }
      },
      {
        "reactor_utilization": {
          "shard": "14",
          "value": 79.86709367999994
        }
      },
      {
        "reactor_utilization": {
          "shard": "15",
          "value": 72.319531880000397
        }
      }
    ]
  }
]
