[
  {
    "metrics": [
      {
        "reactor_utilization": {
          "shard": "0",
          "value": 57.303553120000153
        }
      },
      {
        "reactor_utilization": {
          "shard": "1",
          "value": 59.089284780000014
        }
      },
      {
        "reactor_utilization": {
          "shard": "2",
          "value": 59.916414159999945
        }
      },
      {
        "reactor_utilization": {
          "shard": "3",
          "value": 64.089062539999887
        }
      },
      {
        "reactor_utilization": {
          "shard": "4",
          "value": 59.576932580000097
        }
      },
      {
        "reactor_utilization": {
          "shard": "5",
          "value": 64.841292699999812
        }
      },
      {
        "reactor_utilization": {
          "shard": "6",
          "value": 78.056920359999808
        }
      },
      {
        "reactor_utilization": {
          "shard": "7",
          "value": 83.758065640000083
        }
      },
      {
        "reactor_utilization": {
          "shard": "8",
          "value": 75.000964819999922
        }
      },
      {
        "reactor_utilization": {
          "shard": "9",
          "value": 76.47530737999999
        }
      },
      {
        "reactor_utilization": {
          "shard": "10",
          "value": 57.226216140000318
        }
      },
      {
        "reactor_utilization": {
          "shard": "11",
          "value": 56.708694479999892
        }
      },
      {
        "reactor_utilization": {
          "shard": "12",
          "value": 72.709828019999833
        }
      },
      {
        "reactor_utilization": {
          "shard": "13",
          "value": 72.011993260000125
        }
      },
      {
        "reactor_utilization": {
          "shard": "14",
          "value": 67.219997099999972
        }
      },
      {
        "reactor_utilization": {
          "shard": "15",
          "value": 65.395311780000299
        }
      }
    ]
  },
  {
    "metrics": [
      {
        "reactor_utilization": {
          "shard": "0",
          "value": 63.922157500000139
        }
      },
      {
        "reactor_utilization": {
          "shard": "1",
          "value": 57.661670380000032
        }
      },
      {
        "reactor_utilization": {
          "shard": "2",
          "value": 58.164828379999946
        }
      },
      {
        "reactor_utilization": {
          "shard": "3",
          "value": 60.401608819999872
        }
      },
      {
        "reactor_utilization": {
          "shard": "4",
          "value": 53.089949000000082
        }
      },
      {
        "reactor_utilization": {
          "shard": "5",
          "value": 53.722677399999796
        }
      },
      {
        "reactor_utilization": {
          "shard": "6",
          "value": 78.074948239999813
        }
      },
      {
        "reactor_utilization": {
          "shard": "7",
          "value": 57.800331020000094
        }
      },
      {
        "reactor_utilization": {
          "shard": "8",
          "value": 71.070745479999914
        }
      },
      {
        "reactor_utilization": {
          "shard": "9",
          "value": 83.157995599999992
        }
      },
      {
        "reactor_utilization": {
          "shard": "10",
          "value": 64.896443820000329
        }
      },
      {
        "reactor_utilization": {
          "shard": "11",
          "value": 63.399134699999891
        }
      },
      {
        "reactor_utilization": {
          "shard": "12",
          "value": 72.378908199999842
        }
      },
      {
        "reactor_utilization": {
          "shard": "13",
          "value": 86.864347820000134
        }
      },
      {
        "reactor_utilization": {
          "shard": "14",
          "value": 58.87535533999997
        }
      },
      {
        "reactor_utilization": {
          "shard": "15",
          "value": 48.270487700000288
        }
      }
    ]
  },
  {
    "metrics": [
      {
        "reactor_utilization": {
          "shard": "0",
          "value": 63.336175320000152
        }
      },
      {
        "reactor_utilization": {
          "shard": "1",
          "value": 63.504554700000028
        }
      },
      {
        "reactor_utilization": {
          "shard": "2",
          "value": 60.854820359999941
        }
      },
      {
        "reactor_utilization": {
          "shard": "3",
          "value": 62.174003899999875
        }
      },
      {
        "reactor_utilization": {
          "shard": "4",
          "value": 60.034558100000091
        }
      },
      {
        "reactor_utilization": {
          "shard": "5",
          "value": 63.736926699999799
        }
      },
      {
        "reactor_utilization": {
          "shard": "6",
          "value": 63.068402879999809
        }
      },
      {
        "reactor_utilization": {
          "shard": "7",
          "value": 65.793666400000106
        }
      },
      {
        "reactor_utilization": {
          "shard": "8",
          "value": 75.982247999999927
        }
      },
      {
        "reactor_utilization": {
          "shard": "9",
          "value": 64.516037759999989
        }
      },
      {
        "reactor_utilization": {
          "shard": "10",
          "value": 64.153444940000327
        }
      },
      {
        "reactor_utilization": {
          "shard": "11",
          "value": 66.836668039999893
        }
      },
      {
        "reactor_utilization": {
          "shard": "12",
          "value": 65.471179039999839
        }
      },
      {
        "reactor_utilization": {
          "shard": "13",
          "value": 70.211561600000124
        }
      },
      {
        "reactor_utilization": {
          "shard": "14",
          "value": 54.248174039999974
        }
      },
      {
        "reactor_utilization": {
          "shard": "15",
          "value": 58.435173620000299
        }
      }
    ]
  },
  {
    "metrics": [
      {
        "reactor_utilization": {
          "shard": "0",
          "value": 63.550700740000153
        }
      },
      {
        "reactor_utilization": {
          "shard": "1",
          "value": 65.764827440000033
        }
      },
      {
        "reactor_utilization": {
          "shard": "2",
          "value": 54.058038459999921
        }
      },
      {
        "reactor_utilization": {
          "shard": "3",
          "value": 68.695425039999876
        }
      },
      {
        "reactor_utilization": {
          "shard": "4",
          "value": 59.610645480000088
        }
      },
      {
        "reactor_utilization": {
          "shard": "5",
          "value": 57.516363099999793
        }
      },
      {
        "reactor_utilization": {
          "shard": "6",
          "value": 75.151665259999803
        }
      },
      {
        "reactor_utilization": {
          "shard": "7",
          "value": 55.695356760000102
        }
      },
      {
        "reactor_utilization": {
          "shard": "8",
          "value": 49.895446099999909
        }
      },
      {
        "reactor_utilization": {
          "shard": "9",
          "value": 66.10781271999997
        }
      },
      {
        "reactor_utilization": {
          "shard": "10",
          "value": 68.980523360000319
        }
      },
      {
        "reactor_utilization": {
          "shard": "11",
          "value": 70.850948039999892
        }
      },
      {
        "reactor_utilization": {
          "shard": "12",
          "value": 69.317993879999847
        }
      },
      {
        "reactor_utilization": {
          "shard": "13",
          "value": 73.611301200000128
        }
      },
      {
        "reactor_utilization": {
          "shard": "14",
          "value": 59.594507259999972
        }
      },
      {
        "reactor_utilization": {
          "shard": "15",
          "value": 65.721818020000299
        }
      }
    ]
  },
  {
    "metrics": [
      {
        "reactor_utilization": {
          "shard": "0",
          "value": 49.775475840000162
        }
      },
      {
        "reactor_utilization": {
          "shard": "1",
          "value": 69.208903060000054
        }
      },
      {
        "reactor_utilization": {
          "shard": "2",
          "value": 58.195824579999922
        }
      },
      {
        "reactor_utilization": {
          "shard": "3",
          "value": 71.529797879999876
        }
      },
      {
        "reactor_utilization": {
          "shard": "4",
          "value": 47.912734420000092
        }
      },
      {
        "reactor_utilization": {
          "shard": "5",
          "value": 57.635267279999795
        }
      },
      {
        "reactor_utilization": {
          "shard": "6",
          "value": 74.490396879999793
        }
      },
      {
        "reactor_utilization": {
          "shard": "7",
          "value": 71.157928820000109
        }
      },
      {
        "reactor_utilization": {
          "shard": "8",
          "value": 53.063308999999911
        }
      },
      {
        "reactor_utilization": {
          "shard": "9",
          "value": 68.657199659999989
        }
      },
      {
        "reactor_utilization": {
          "shard": "10",
          "value": 67.495770040000309
        }
      },
      {
        "reactor_utilization": {
          "shard": "11",
          "value": 73.446955059999894
        }
      },
      {
        "reactor_utilization": {
          "shard": "12",
          "value": 74.319265459999855
        }
      },
      {
        "reactor_utilization": {
          "shard": "13",
          "value": 73.127677180000134
        }
      },
      {
        "reactor_utilization": {
          "shard": "14",
          "value": 45.826353859999955
        }
      },
      {
        "reactor_utilization": {
          "shard": "15",
          "value": 55.757378680000301
        }
      }
    ]
  },
  {
    "metrics": [
      {
        "reactor_utilization": {
          "shard": "0",
          "value": 55.548369820000168
        }
      },
      {
        "reactor_utilization": {
          "shard": "1",
          "value": 49.774047380000042
        }
      },
      {
        "reactor_utilization": {
          "shard": "2",
          "value": 68.946706879999923
        }
      },
      {
        "reactor_utilization": {
          "shard": "3",
          "value": 57.100446279999893
        }
      },
      {
        "reactor_utilization": {
          "shard": "4",
          "value": 52.562303620000073
        }
      },
      {
        "reactor_utilization": {
          "shard": "5",
          "value": 53.647536839999788
        }
      },
      {
        "reactor_utilization": {
          "shard": "6",
          "value": 61.476996479999798
        }
      },
      {
        "reactor_utilization": {
          "shard": "7",
          "value": 60.969140700000104
        }
      },
      {
        "reactor_utilization": {
          "shard": "8",
          "value": 60.103849279999913
        }
      },
      {
        "reactor_utilization": {
          "shard": "9",
          "value": 76.652107559999976
        }
      },
      {
        "reactor_utilization": {
          "shard": "10",
          "value": 74.770577480000313
        }
      },
      {
        "reactor_utilization": {
          "shard": "11",
          "value": 53.37235539999989
        }
      },
      {
        "reactor_utilization": {
          "shard": "12",
          "value": 66.286967919999853
        }
      },
      {
        "reactor_utilization": {
          "shard": "13",
          "value": 71.481661800000126
        }
      },
      {
        "reactor_utilization": {
          "shard": "14",
          "value": 47.597675079999959
        }
      },
      {
        "reactor_utilization": {
          "shard": "15",
          "value": 76.857225600000305
        }
      }
    ]
  },
  {
    "metrics": [
      {
        "reactor_utilization": {
          "shard": "0",
          "value": 69.233567160000163
        }
      },
      {
        "reactor_utilization": {
          "shard": "1",
          "value": 73.347479840000048
        }
      },
      {
        "reactor_utilization": {
          "shard": "2",
          "value": 49.720601299999913
        }
      },
      {
        "reactor_utilization": {
          "shard": "3",
          "value": 59.194193239999905
        }
      },
      {
        "reactor_utilization": {
          "shard": "4",
          "value": 66.783084340000073
        }
      },
      {
        "reactor_utilization": {
          "shard": "5",
          "value": 62.785759579999798
        }
      },
      {
        "reactor_utilization": {
          "shard": "6",
          "value": 65.732717379999812
        }
      },
      {
        "reactor_utilization": {
          "shard": "7",
          "value": 71.530094180000106
        }
      },
      {
        "reactor_utilization": {
          "shard": "8",
          "value": 53.640911039999914
        }
      },
      {
        "reactor_utilization": {
          "shard": "9",
          "value": 80.041416019999971
        }
      },
      {
        "reactor_utilization": {
          "shard": "10",
          "value": 71.26713690000031
        }
      },
      {
        "reactor_utilization": {
          "shard": "11",
          "value": 75.700788019999905
        }
      },
      {
        "reactor_utilization": {
          "shard": "12",
          "value": 60.358148639999854
        }
      },
      {
        "reactor_utilization": {
          "shard": "13",
          "value": 68.793415400000129
        }
      },
      {
        "reactor_utilization": {
          "shard": "14",
          "value": 57.48585189999995
        }
      },
      {
        "reactor_utilization": {
          "shard": "15",
          "value": 58.760103880000294
        }
      }
    ]
  },
  {
    "metrics": [
      {
        "reactor_utilization": {
          "shard": "0",
          "value": 66.773122380000174
        }
      },
      {
        "reactor_utilization": {
          "shard": "1",
          "value": 65.705727200000041
        }
      },
      {
        "reactor_utilization": {
          "shard": "2",
          "value": 57.827242739999917
        }
      },
      {
        "reactor_utilization": {
          "shard": "3",
          "value": 55.654621019999908
        }
      },
      {
        "reactor_utilization": {
          "shard": "4",
          "value": 66.143654000000069
        }
      },
      {
        "reactor_utilization": {
          "shard": "5",
          "value": 65.821409059999809
        }
      },
      {
        "reactor_utilization": {
          "shard": "6",
          "value": 73.134031179999809
        }
      },
      {
        "reactor_utilization": {
          "shard": "7",
          "value": 63.914675260000109
        }
      },
      {
        "reactor_utilization": {
          "shard": "8",
          "value": 63.531991419999912
        }
      },
      {
        "reactor_utilization": {
          "shard": "9",
          "value": 63.373288859999974
        }
      },
      {
        "reactor_utilization": {
          "shard": "10",
          "value": 63.168996780000306
        }
      },
      {
        "reactor_utilization": {
          "shard": "11",
          "value": 69.630960099999911
        }
      },
      {
        "reactor_utilization": {
          "shard": "12",
          "value": 76.426361939999836
        }
      },
      {
        "reactor_utilization": {
          "shard": "13",
          "value": 62.987959040000121
        }
      },
      {
        "reactor_utilization": {
          "shard": "14",
          "value": 60.801938459999946
        }
      },
      {
        "reactor_utilization": {
          "shard": "15",
          "value": 77.447851680000284
        }
      }
    ]
  },
  {
    "metrics": [
      {
        "reactor_utilization": {
          "shard": "0",
          "value": 53.919682340000165
        }
      },
      {
        "reactor_utilization": {
          "shard": "1",
          "value": 60.74077228000003
        }
      },
      {
        "reactor_utilization": {
          "shard": "2",
          "value": 64.532615299999918
        }
      },
      {
        "reactor_utilization": {
          "shard": "3",
          "value": 60.468979359999899
        }
      },
      {
        "reactor_utilization": {
          "shard": "4",
          "value": 54.681115340000062
        }
      },
      {
        "reactor_utilization": {
          "shard": "5",
          "value": 53.873884959999799
        }
      },
      {
        "reactor_utilization": {
          "shard": "6",
          "value": 69.995233259999821
        }
      },
      {
        "reactor_utilization": {
          "shard": "7",
          "value": 76.437495060000103
        }
      },
      {
        "reactor_utilization": {
          "shard": "8",
          "value": 61.891476959999906
        }
      },
      {
        "reactor_utilization": {
          "shard": "9",
          "value": 65.902231239999978
        }
      },
      {
        "reactor_utilization": {
          "shard": "10",
          "value": 68.221040040000318
        }
      },
      {
        "reactor_utilization": {
          "shard": "11",
          "value": 61.715866539999894
        }
      },
      {
        "reactor_utilization": {
          "shard": "12",
          "value": 70.990552699999853
        }
      },
      {
        "reactor_utilization": {
          "shard": "13",
          "value": 63.621973500000117
        }
      },
      {
        "reactor_utilization": {
          "shard": "14",
          "value": 52.512171699999946
        }
      },
      {
        "reactor_utilization": {
          "shard": "15",
          "value": 51.121398420000297
        }
      }
    ]
  },
  {
    "metrics": [
      {
        "reactor_utilization": {
          "shard": "0",
          "value": 61.393869140000156
        }
      },
      {
        "reactor_utilization": {
          "shard": "1",
          "value": 55.523269720000037
        }
      },
      {
        "reactor_utilization": {
          "shard": "2",
          "value": 51.520801199999909
        }
      },
      {
        "reactor_utilization": {
          "shard": "3",
          "value": 54.406073819999904
        }
      },
      {
        "reactor_utilization": {
          "shard": "4",
          "value": 59.402430960000061
        }
      },
      {
        "reactor_utilization": {
          "shard": "5",
          "value": 48.158872579999802
        }
      },
      {
        "reactor_utilization": {
          "shard": "6",
          "value": 70.660543799999814
        }
      },
      {
        "reactor_utilization": {
          "shard": "7",
          "value": 69.377589240000106
        }
      },
      {
        "reactor_utilization": {
          "shard": "8",
          "value": 64.486138799999921
        }
      },
      {
        "reactor_utilization": {
          "shard": "9",
          "value": 72.062021199999975
        }
      },
      {
        "reactor_utilization": {
          "shard": "10",
          "value": 64.037651160000308
        }
      },
      {
        "reactor_utilization": {
          "shard": "11",
          "value": 57.018387259999905
        }
      },
      {
        "reactor_utilization": {
          "shard": "12",
          "value": 77.613130599999849
        }
      },
      {
        "reactor_utilization": {
          "shard": "13",
          "value": 74.99211058000013
        }
      },
      {
        "reactor_utilization": {
          "shard": "14",
          "value": 68.097027059999959
        }
      },
      {
        "reactor_utilization": {
          "shard": "15",
          "value": 65.063897800000291
        }
      }
    ]
  },
  {
    "metrics": [
      {
        "reactor_utilization": {
          "shard": "0",
          "value": 59.319256460000162
        }
      },
      {
        "reactor_utilization": {
          "shard": "1",
          "value": 58.213418480000044
        }
      },
      {
        "reactor_utilization": {
          "shard": "2",
          "value": 55.048420059999906
        }
      },
      {
        "reactor_utilization": {
          "shard": "3",
          "value": 70.068695039999909
        }
      },
      {
        "reactor_utilization": {
          "shard": "4",
          "value": 61.768915700000072
        }
      },
      {
        "reactor_utilization": {
          "shard": "5",
          "value": 68.47597623999981
        }
      },
      {
        "reactor_utilization": {
          "shard": "6",
          "value": 58.370204379999826
        }
      },
      {
        "reactor_utilization": {
          "shard": "7",
          "value": 60.222165200000099
        }
      },
      {
        "reactor_utilization": {
          "shard": "8",
          "value": 70.835495899999913
        }
      },
      {
        "reactor_utilization": {
          "shard": "9",
          "value": 63.847484359999982
        }
      },
      {
        "reactor_utilization": {
          "shard": "10",
          "value": 65.289964700000297
        }
      },
      {
        "reactor_utilization": {
          "shard": "11",
          "value": 75.207091859999906
        }
      },
      {
        "reactor_utilization": {
          "shard": "12",
          "value": 78.256096639999839
        }
      },
      {
        "reactor_utilization": {
          "shard": "13",
          "value": 69.445764400000115
        }
      },
      {
        "reactor_utilization": {
          "shard": "14",
          "value": 62.925525919999956
        }
      },
      {
        "reactor_utilization": {
          "shard": "15",
          "value": 61.360324180000305
        }
      }
    ]
  },
  {
    "metrics": [
      {
        "reactor_utilization": {
          "shard": "0",
          "value": 47.596801960000157
        }
      },
      {
        "reactor_utilization": {
          "shard": "1",
          "value": 62.655792960000042
        }
      },
      {
        "reactor_utilization": {
          "shard": "2",
          "value": 58.5710251799999
        }
      },
      {
        "reactor_utilization": {
          "shard": "3",
          "value": 67.528104399999904
        }
      },
      {
        "reactor_utilization": {
          "shard": "4",
          "value": 50.993782620000076
        }
      },
      {
        "reactor_utilization": {
          "shard": "5",
          "value": 45.174242819999812
        }
      },
      {
        "reactor_utilization": {
          "shard": "6",
          "value": 78.07235571999982
        }
      },
      {
        "reactor_utilization": {
          "shard": "7",
          "value": 67.374219620000105
        }
      },
      {
        "reactor_utilization": {
          "shard": "8",
          "value": 64.037582979999911
        }
      },
      {
        "reactor_utilization": {
          "shard": "9",
          "value": 87.844746579999992
        }
      },
      {
        "reactor_utilization": {
          "shard": "10",
          "value": 56.533908900000306
        }
      },
      {
        "reactor_utilization": {
          "shard": "11",
          "value": 57.737164739999905
        }
      },
      {
        "reactor_utilization": {
          "shard": "12",
          "value": 78.861645739999844
        }
      },
      {
        "reactor_utilization": {
          "shard": "13",
          "value": 76.762657860000118
        }
      },
      {
        "reactor_utilization": {
          "shard": "14",
          "value": 60.930495259999951
        }
      },
      {
        "reactor_utilization": {
          "shard": "15",
          "value": 61.959260800000301
        }
      }
    ]
  },
  {
    "metrics": [
      {
        "reactor_utilization": {
          "shard": "0",
          "value": 65.262123420000165
        }
      },
      {
        "reactor_utilization": {
          "shard": "1",
          "value": 67.115083580000046
        }
      },
      {
        "reactor_utilization": {
          "shard": "2",
          "value": 58.155556739999902
        }
      },
      {
        "reactor_utilization": {
          "shard": "3",
          "value": 61.728319499999905
        }
      },
      {
        "reactor_utilization": {
          "shard": "4",
          "value": 59.32257734000008
        }
      },
      {
        "reactor_utilization": {
          "shard": "5",
          "value": 66.771955299999803
        }
      },
      {
        "reactor_utilization": {
          "shard": "6",
          "value": 77.19726073999982
        }
      },
      {
        "reactor_utilization": {
          "shard": "7",
          "value": 70.836270980000108
        }
      },
      {
        "reactor_utilization": {
          "shard": "8",
          "value": 58.151018699999902
        }
      },
      {
        "reactor_utilization": {
          "shard": "9",
          "value": 60.24856659999999
        }
      },
      {
        "reactor_utilization": {
          "shard": "10",
          "value": 67.931517940000319
        }
      },
      {
        "reactor_utilization": {
          "shard": "11",
          "value": 68.011723559999922
        }
      },
      {
        "reactor_utilization": {
          "shard": "12",
          "value": 64.248069019999846
        }
      },
      {
        "reactor_utilization": {
          "shard": "13",
          "value": 58.463547560000116
        }
      },
      {
        "reactor_utilization": {
          "shard": "14",
          "value": 70.926303119999943
        }
      },
      {
        "reactor_utilization": {
          "shard": "15",
          "value": 59.805072980000304
        }
      }
    ]
  },
  {
    "metrics": [
      {
        "reactor_utilization": {
          "shard": "0",
          "value": 52.870465260000167
        }
      },
      {
        "reactor_utilization": {
          "shard": "1",
          "value": 48.534982380000045
        }
      },
      {
        "reactor_utilization": {
          "shard": "2",
          "value": 44.688315319999901
        }
      },
      {
        "reactor_utilization": {
          "shard": "3",
          "value": 52.714220879999893
        }
      },
      {
        "reactor_utilization": {
          "shard": "4",
          "value": 50.552127100000078
        }
      },
      {
        "reactor_utilization": {
          "shard": "5",
          "value": 65.617606539999812
        }
      },
      {
        "reactor_utilization": {
          "shard": "6",
          "value": 78.692951959999817
        }
      },
      {
        "reactor_utilization": {
          "shard": "7",
          "value": 79.710063700000106
        }
      },
      {
        "reactor_utilization": {
          "shard": "8",
          "value": 67.049976139999899
        }
      },
      {
        "reactor_utilization": {
          "shard": "9",
          "value": 61.932716839999991
        }
      },
      {
        "reactor_utilization": {
          "shard": "10",
          "value": 74.324779500000318
        }
      },
      {
        "reactor_utilization": {
          "shard": "11",
          "value": 71.635328899999905
        }
      },
      {
        "reactor_utilization": {
          "shard": "12",
          "value": 67.55650063999984
        }
      },
      {
        "reactor_utilization": {
          "shard": "13",
          "value": 71.833571660000118
        }
      },
      {
        "reactor_utilization": {
          "shard": "14",
          "value": 71.500589819999959
        }
      },
      {
        "reactor_utilization": {
          "shard": "15",
          "value": 48.421192200000306
        }
      }
    ]
  },
  {
    "metrics": [
      {
        "reactor_utilization": {
          "shard": "0",
          "value": 58.243757640000169
        }
      },
      {
        "reactor_utilization": {
          "shard": "1",
          "value": 63.424299980000058
        }
      },
      {
        "reactor_utilization": {
          "shard": "2",
          "value": 63.193816939999905
        }
      },
      {
        "reactor_utilization": {
          "shard": "3",
          "value": 61.181312079999891
        }
      },
      {
        "reactor_utilization": {
          "shard": "4",
          "value": 64.475983760000076
        }
      },
      {
        "reactor_utilization": {
          "shard": "5",
          "value": 62.227361959999804
        }
      },
      {
        "reactor_utilization": {
          "shard": "6",
          "value": 81.946774999999803
        }
      },
      {
        "reactor_utilization": {
          "shard": "7",
          "value": 77.975518760000114
        }
      },
      {
        "reactor_utilization": {
          "shard": "8",
          "value": 79.273825959999911
        }
      },
      {
        "reactor_utilization": {
          "shard": "9",
          "value": 70.535886779999984
        }
      },
      {
        "reactor_utilization": {
          "shard": "10",
          "value": 73.905358880000321
        }
      },
      {
        "reactor_utilization": {
          "shard": "11",
          "value": 69.509239319999907
        }
      },
      {
        "reactor_utilization": {
          "shard": "12",
          "value": 60.433436979999833
        }
      },
      {
        "reactor_utilization": {
          "shard": "13",
          "value": 66.889467020000112
        }
      },
      {
        "reactor_utilization": {
          "shard": "14",
          "value": 52.798581139999953
        }
      },
      {
        "reactor_utilization": {
          "shard": "15",
          "value": 58.629025340000304
        }
      }
    ]
  },
  {
    "metrics": [
      {
        "reactor_utilization": {
          "shard": "0",
          "value": 57.431418800000166
        }
      },
      {
        "reactor_utilization": {
          "shard": "1",
          "value": 57.090501420000052
        }
      },
      {
        "reactor_utilization": {
          "shard": "2",
          "value": 63.388012619999913
        }
      },
      {
        "reactor_utilization": {
          "shard": "3",
          "value": 57.993512319999887
        }
      },
      {
        "reactor_utilization": {
          "shard": "4",
          "value": 71.684313880000076
        }
      },
      {
        "reactor_utilization": {
          "shard": "5",
          "value": 68.1423177799998
        }
      },
      {
        "reactor_utilization": {
          "shard": "6",
          "value": 69.974203139999815
        }
      },
      {
        "reactor_utilization": {
          "shard": "7",
          "value": 66.678320280000108
        }
      },
      {
        "reactor_utilization": {
          "shard": "8",
          "value": 55.345959099999909
        }
      },
      {
        "reactor_utilization": {
          "shard": "9",
          "value": 60.147853579999996
        }
      },
      {
        "reactor_utilization": {
          "shard": "10",
          "value": 67.725280780000318
        }
      },
      {
        "reactor_utilization": {
          "shard": "11",
          "value": 53.305089419999909
        }
      },
      {
        "reactor_utilization": {
          "shard": "12",
          "value": 85.729011719999832
        }
      },
      {
        "reactor_utilization": {
          "shard": "13",
          "value": 81.036780260000114
        }
      },
      {
        "reactor_utilization": {
          "shard": "14",
          "value": 55.413137779999964
        }
      },
      {
        "reactor_utilization": {
          "shard": "15",
          "value": 64.173062440000308
        }
      }
    ]
  },
  {
    "metrics": [
      {
        "reactor_utilization": {
          "shard": "0",
          "value": 53.125956760000172
        }
      },
      {
        "reactor_utilization": {
          "shard": "1",
          "value": 67.751912680000046
        }
      },
      {
        "reactor_utilization": {
          "shard": "2",
          "value": 44.572355499999915
        }
      },
      {
        "reactor_utilization": {
          "shard": "3",
          "value": 49.639985159999881
        }
      },
      {
        "reactor_utilization": {
          "shard": "4",
          "value": 57.859780900000082
        }
      },
      {
        "reactor_utilization": {
          "shard": "5",
          "value": 55.201851799999815
        }
      },
      {
        "reactor_utilization": {
          "shard": "6",
          "value": 64.359189999999813
        }
      },
      {
        "reactor_utilization": {
          "shard": "7",
          "value": 60.734846120000107
        }
      },
      {
        "reactor_utilization": {
          "shard": "8",
          "value": 55.467436299999918
        }
      },
      {
        "reactor_utilization": {
          "shard": "9",
          "value": 60.16453842
        }
      },
      {
        "reactor_utilization": {
          "shard": "10",
          "value": 61.602601380000308
        }
      },
      {
        "reactor_utilization": {
          "shard": "11",
          "value": 67.301810179999919
        }
      },
      {
        "reactor_utilization": {
          "shard": "12",
          "value": 69.342869139999834
        }
      },
      {
        "reactor_utilization": {
          "shard": "13",
          "value": 86.090972940000114
        }
      },
      {
        "reactor_utilization": {
          "shard": "14",
          "value": 60.626301899999966
        }
      },
      {
        "reactor_utilization": {
          "shard": "15",
          "value": 67.496822440000301
        }
      }
    ]
  },
  {
    "metrics": [
      {
        "reactor_utilization": {
          "shard": "0",
          "value": 81.558752200000171
        }
      },
      {
        "reactor_utilization": {
          "shard": "1",
          "value": 59.736198860000044
        }
      },
      {
        "reactor_utilization": {
          "shard": "2",
          "value": 35.643164839999905
        }
      },
      {
        "reactor_utilization": {
          "shard": "3",
          "value": 66.084003079999889
        }
      },
      {
        "reactor_utilization": {
          "shard": "4",
          "value": 70.356098080000081
        }
      },
      {
        "reactor_utilization": {
          "shard": "5",
          "value": 67.83150621999981
        }
      },
      {
        "reactor_utilization": {
          "shard": "6",
          "value": 69.425590259999808
        }
      },
      {
        "reactor_utilization": {
          "shard": "7",
          "value": 76.798785040000112
        }
      },
      {
        "reactor_utilization": {
          "shard": "8",
          "value": 67.93557191999993
        }
      },
      {
        "reactor_utilization": {
          "shard": "9",
          "value": 72.755264300000007
        }
      },
      {
        "reactor_utilization": {
          "shard": "10",
          "value": 75.553364520000315
        }
      },
      {
        "reactor_utilization": {
          "shard": "11",
          "value": 65.408975979999923
        }
      },
      {
        "reactor_utilization": {
          "shard": "12",
          "value": 74.544014779999827
        }
      },
      {
        "reactor_utilization": {
          "shard": "13",
          "value": 58.52584992000012
        }
      },
      {
        "reactor_utilization": {
          "shard": "14",
          "value": 50.604325579999966
        }
      },
      {
        "reactor_utilization": {
          "shard": "15",
          "value": 58.7094994400003
        }
      }
    ]
  },
  {
    "metrics": [
      {
        "reactor_utilization": {
          "shard": "0",
          "value": 65.625303020000175
        }
      },
      {
        "reactor_utilization": {
          "shard": "1",
          "value": 58.907518100000033
        }
      },
      {
        "reactor_utilization": {
          "shard": "2",
          "value": 46.814236539999918
        }
      },
      {
        "reactor_utilization": {
          "shard": "3",
          "value": 51.780880599999875
        }
      },
      {
        "reactor_utilization": {
          "shard": "4",
          "value": 62.35697114000007
        }
      },
      {
        "reactor_utilization": {
          "shard": "5",
          "value": 77.528857219999807
        }
      },
      {
        "reactor_utilization": {
          "shard": "6",
          "value": 60.024435339999812
        }
      },
      {
        "reactor_utilization": {
          "shard": "7",
          "value": 65.89358202000011
        }
      },
      {
        "reactor_utilization": {
          "shard": "8",
          "value": 65.891491859999917
        }
      },
      {
        "reactor_utilization": {
          "shard": "9",
          "value": 64.167316560000003
        }
      },
      {
        "reactor_utilization": {
          "shard": "10",
          "value": 66.11575694000031
        }
      },
      {
        "reactor_utilization": {
          "shard": "11",
          "value": 69.877060179999916
        }
      },
      {
        "reactor_utilization": {
          "shard": "12",
          "value": 72.624457999999834
        }
      },
      {
        "reactor_utilization": {
          "shard": "13",
          "value": 77.738384760000116
        }
      },
      {
        "reactor_utilization": {
          "shard": "14",
          "value": 63.113003879999951
        }
      },
      {
        "reactor_utilization": {
          "shard": "15",
          "value": 67.128000820000295
        }
      }
    ]
  },
  {
    "metrics": [
      {
        "reactor_utilization": {
          "shard": "0",
          "value": 63.983257880000167
        }
      },
      {
        "reactor_utilization": {
          "shard": "1",
          "value": 57.920979700000032
        }
      },
      {
        "reactor_utilization": {
          "shard": "2",
          "value": 67.804780639999933
        }
      },
      {
        "reactor_utilization": {
          "shard": "3",
          "value": 72.67462221999989
        }
      },
      {
        "reactor_utilization": {
          "shard": "4",
          "value": 63.761206240000078
        }
      },
      {
        "reactor_utilization": {
          "shard": "5",
          "value": 63.733628579999824
        }
      },
      {
        "reactor_utilization": {
          "shard": "6",
          "value": 70.661969319999812
        }
      },
      {
        "reactor_utilization": {
          "shard": "7",
          "value": 76.787319920000101
        }
      },
      {
        "reactor_utilization": {
          "shard": "8",
          "value": 59.298430739999915
        }
      },
      {
        "reactor_utilization": {
          "shard": "9",
          "value": 65.562729420000011
        }
      },
      {
        "reactor_utilization": {
          "shard": "10",
          "value": 66.331914160000309
        }
      },
      {
        "reactor_utilization": {
          "shard": "11",
          "value": 70.155480579999917
        }
      },
      {
        "reactor_utilization": {
          "shard": "12",
          "value": 69.662305339999847
        }
      },
      {
        "reactor_utilization": {
          "shard": "13",
          "value": 65.891702320000107
        }
      },
      {
        "reactor_utilization": {
          "shard": "14",
          "value": 53.870597779999954
        }
      },
      {
        "reactor_utilization": {
          "shard": "15",
          "value": 63.143621220000298
        }
      }
    ]
  },
  {
    "metrics": [
      {
        "reactor_utilization": {
          "shard": "0",
          "value": 61.209509240000173
        }
      },
      {
        "reactor_utilization": {
          "shard": "1",
          "value": 54.089474080000045
        }
      },
      {
        "reactor_utilization": {
          "shard": "2",
          "value": 56.948502559999923
        }
      },
      {
        "reactor_utilization": {
          "shard": "3",
          "value": 69.856312939999881
        }
      },
      {
        "reactor_utilization": {
          "shard": "4",
          "value": 69.020111220000075
        }
      },
      {
        "reactor_utilization": {
          "shard": "5",
          "value": 63.232518079999814
        }
      },
      {
        "reactor_utilization": {
          "shard": "6",
          "value": 58.27557815999981
        }
      },
      {
        "reactor_utilization": {
          "shard": "7",
          "value": 59.873148320000112
        }
      },
      {
        "reactor_utilization": {
          "shard": "8",
          "value": 62.872057519999935
        }
      },
      {
        "reactor_utilization": {
          "shard": "9",
          "value": 64.747444860000016
        }
      },
      {
        "reactor_utilization": {
          "shard": "10",
          "value": 56.737940240000306
        }
      },
      {
        "reactor_utilization": {
          "shard": "11",
          "value": 64.049870799999908
        }
      },
      {
        "reactor_utilization": {
          "shard": "12",
          "value": 60.181940519999841
        }
      },
      {
        "reactor_utilization": {
          "shard": "13",
          "value": 61.400559680000121
        }
      },
      {
        "reactor_utilization": {
          "shard": "14",
          "value": 65.936779519999959
        }
      },
      {
        "reactor_utilization": {
          "shard": "15",
          "value": 52.704267300000311
        }
      }
    ]
  },
  {
    "metrics": [
      {
        "reactor_utilization": {
          "shard": "0",
          "value": 59.058100680000166
        }
      },
      {
        "reactor_utilization": {
          "shard": "1",
          "value": 61.792320160000045
        }
      },
      {
        "reactor_utilization": {
          "shard": "2",
          "value": 65.908291679999934
        }
      },
      {
        "reactor_utilization": {
          "shard": "3",
          "value": 61.972876459999867
        }
      },
      {
        "reactor_utilization": {
          "shard": "4",
          "value": 54.469987480000071
        }
      },
      {
        "reactor_utilization": {
          "shard": "5",
          "value": 58.19400173999982
        }
      },
      {
        "reactor_utilization": {
          "shard": "6",
          "value": 78.23796867999981
        }
      },
      {
        "reactor_utilization": {
          "shard": "7",
          "value": 78.457762720000119
        }
      },
      {
        "reactor_utilization": {
          "shard": "8",
          "value": 60.557570899999938
        }
      },
      {
        "reactor_utilization": {
          "shard": "9",
          "value": 67.526719600000021
        }
      },
      {
        "reactor_utilization": {
          "shard": "10",
          "value": 55.35637504000033
        }
      },
      {
        "reactor_utilization": {
          "shard": "11",
          "value": 62.201304339999922
        }
      },
      {
        "reactor_utilization": {
          "shard": "12",
          "value": 69.301933259999842
        }
      },
      {
        "reactor_utilization": {
          "shard": "13",
          "value": 73.080108140000121
        }
      },
      {
        "reactor_utilization": {
          "shard": "14",
          "value": 60.398598239999956
        }
      },
      {
        "reactor_utilization": {
          "shard": "15",
          "value": 68.512734100000301
        }
      }
    ]
  },
  {
    "metrics": [
      {
        "reactor_utilization": {
          "shard": "0",
          "value": 54.466118540000174
        }
      },
      {
        "reactor_utilization": {
          "shard": "1",
          "value": 50.024312660000049
        }
      },
      {
        "reactor_utilization": {
          "shard": "2",
          "value": 50.456616379999943
        }
      },
      {
        "reactor_utilization": {
          "shard": "3",
          "value": 56.202620699999869
        }
      },
      {
        "reactor_utilization": {
          "shard": "4",
          "value": 51.718216720000079
        }
      },
      {
        "reactor_utilization": {
          "shard": "5",
          "value": 67.04223699999983
        }
      },
      {
        "reactor_utilization": {
          "shard": "6",
          "value": 66.891270519999807
        }
      },
      {
        "reactor_utilization": {
          "shard": "7",
          "value": 54.189688740000108
        }
      },
      {
        "reactor_utilization": {
          "shard": "8",
          "value": 79.745279759999917
        }
      },
      {
        "reactor_utilization": {
          "shard": "9",
          "value": 87.39746344000001
        }
      },
      {
        "reactor_utilization": {
          "shard": "10",
          "value": 62.853641880000325
        }
      },
      {
        "reactor_utilization": {
          "shard": "11",
          "value": 66.571659659999909
        }
      },
      {
        "reactor_utilization": {
          "shard": "12",
          "value": 69.946965299999846
        }
      },
      {
        "reactor_utilization": {
          "shard": "13",
          "value": 80.398545500000125
        }
      },
      {
        "reactor_utilization": {
          "shard": "14",
          "value": 55.294305339999958
        }
      },
      {
        "reactor_utilization": {
          "shard": "15",
          "value": 49.682873500000305
        }
      }
    ]
  },
  {
    "metrics": [
      {
        "reactor_utilization": {
          "shard": "0",
          "value": 73.918127960000163
        }
      },
      {
        "reactor_utilization": {
          "shard": "1",
          "value": 68.06366720000004
        }
      },
      {
        "reactor_utilization": {
          "shard": "2",
          "value": 54.464140039999933
        }
      },
      {
        "reactor_utilization": {
          "shard": "3",
          "value": 60.86559089999988
        }
      },
      {
        "reactor_utilization": {
          "shard": "4",
          "value": 62.152281880000068
        }
      },
      {
        "reactor_utilization": {
          "shard": "5",
          "value": 60.366641119999819
        }
      },
      {
        "reactor_utilization": {
          "shard": "6",
          "value": 73.724792219999799
        }
      },
      {
        "reactor_utilization": {
          "shard": "7",
          "value": 75.102173640000117
        }
      },
      {
        "reactor_utilization": {
          "shard": "8",
          "value": 70.831544359999924
        }
      },
      {
        "reactor_utilization": {
          "shard": "9",
          "value": 70.169269060000019
        }
      },
      {
        "reactor_utilization": {
          "shard": "10",
          "value": 71.278979840000318
        }
      },
      {
        "reactor_utilization": {
          "shard": "11",
          "value": 62.032080699999923
        }
      },
      {
        "reactor_utilization": {
          "shard": "12",
          "value": 61.375221999999852
        }
      },
      {
        "reactor_utilization": {
          "shard": "13",
          "value": 77.965869960000134
        }
      },
      {
        "reactor_utilization": {
          "shard": "14",
          "value": 63.223552099999957
        }
      },
      {
        "reactor_utilization": {
          "shard": "15",
          "value": 63.928589500000299
        }
      }
    ]
  }
]
