[
  {
    "metrics": [
      {
        "reactor_utilization": {
          "shard": "0",
          "value": 68.032716580000184
        }
      },
      {
        "reactor_utilization": {
          "shard": "1",
          "value": 62.93389228000008
        }
      },
      {
        "reactor_utilization": {
          "shard": "2",
          "value": 65.256255999999937
        }
      },
      {
        "reactor_utilization": {
          "shard": "3",
          "value": 70.920878139999829
        }
      },
      {
        "reactor_utilization": {
          "shard": "4",
          "value": 54.911472320000051
        }
      },
      {
        "reactor_utilization": {
          "shard": "5",
          "value": 57.22314863999982
        }
      },
      {
        "reactor_utilization": {
          "shard": "6",
          "value": 77.333363059999783
        }
      },
      {
        "reactor_utilization": {
          "shard": "7",
          "value": 64.738918620000121
        }
      },
      {
        "reactor_utilization": {
          "shard": "8",
          "value": 74.182340639999921
        }
      },
      {
        "reactor_utilization": {
          "shard": "9",
          "value": 80.620454300000048
        }
      },
      {
        "reactor_utilization": {
          "shard": "10",
          "value": 59.159074300000306
        }
      },
      {
        "reactor_utilization": {
          "shard": "11",
          "value": 60.616482339999934
        }
      },
      {
        "reactor_utilization": {
          "shard": "12",
          "value": 68.197638919999861
        }
      },
      {
        "reactor_utilization": {
          "shard": "13",
          "value": 68.9050101200001
        }
      },
      {
        "reactor_utilization": {
          "shard": "14",
          "value": 67.648706419999982
        }
      },
      {
        "reactor_utilization": {
          "shard": "15",
          "value": 64.232930660000292
        }
      }
    ]
  },
  {
    "metrics": [
      {
        "reactor_utilization": {
          "shard": "0",
          "value": 72.068334640000202
        }
      },
      {
        "reactor_utilization": {
          "shard": "1",
          "value": 73.529808260000081
        }
      },
      {
        "reactor_utilization": {
          "shard": "2",
          "value": 64.239152719999922
        }
      },
      {
        "reactor_utilization": {
          "shard": "3",
          "value": 57.42888885999983
        }
      },
      {
        "reactor_utilization": {
          "shard": "4",
          "value": 63.973548220000055
        }
      },
      {
        "reactor_utilization": {
          "shard": "5",
          "value": 63.765102299999832
        }
      },
      {
        "reactor_utilization": {
          "shard": "6",
          "value": 72.027986339999785
        }
      },
      {
        "reactor_utilization": {
          "shard": "7",
          "value": 64.074061200000116
        }
      },
      {
        "reactor_utilization": {
          "shard": "8",
          "value": 76.938837179999922
        }
      },
      {
        "reactor_utilization": {
          "shard": "9",
          "value": 65.757756760000049
        }
      },
      {
        "reactor_utilization": {
          "shard": "10",
          "value": 57.612885180000305
        }
      },
      {
        "reactor_utilization": {
          "shard": "11",
          "value": 66.03429169999994
        }
      },
      {
        "reactor_utilization": {
          "shard": "12",
          "value": 63.304486099999856
        }
      },
      {
        "reactor_utilization": {
          "shard": "13",
          "value": 73.388663780000101
        }
      },
      {
        "reactor_utilization": {
          "shard": "14",
          "value": 72.641804419999985
        }
      },
      {
        "reactor_utilization": {
          "shard": "15",
          "value": 67.569777380000289
        }
      }
    ]
  },
  {
    "metrics": [
      {
        "reactor_utilization": {
          "shard": "0",
          "value": 78.198401620000197
        }
      },
      {
        "reactor_utilization": {
          "shard": "1",
          "value": 79.952000420000076
        }
      },
      {
        "reactor_utilization": {
          "shard": "2",
          "value": 62.171909519999922
        }
      },
      {
        "reactor_utilization": {
          "shard": "3",
          "value": 68.639280219999833
        }
      },
      {
        "reactor_utilization": {
          "shard": "4",
          "value": 64.785794820000049
        }
      },
      {
        "reactor_utilization": {
          "shard": "5",
          "value": 62.553104639999837
        }
      },
      {
        "reactor_utilization": {
          "shard": "6",
          "value": 60.343384419999801
        }
      },
      {
        "reactor_utilization": {
          "shard": "7",
          "value": 64.763986420000109
        }
      },
      {
        "reactor_utilization": {
          "shard": "8",
          "value": 56.793411259999928
        }
      },
      {
        "reactor_utilization": {
          "shard": "9",
          "value": 62.606943580000049
        }
      },
      {
        "reactor_utilization": {
          "shard": "10",
          "value": 67.985688380000312
        }
      },
      {
        "reactor_utilization": {
          "shard": "11",
          "value": 78.959207059999954
        }
      },
      {
        "reactor_utilization": {
          "shard": "12",
          "value": 59.498286219999862
        }
      },
      {
        "reactor_utilization": {
          "shard": "13",
          "value": 68.504026080000102
        }
      },
      {
        "reactor_utilization": {
          "shard": "14",
          "value": 62.300161039999978
        }
      },
      {
        "reactor_utilization": {
          "shard": "15",
          "value": 66.178731020000299
        }
      }
    ]
  },
  {
    "metrics": [
      {
        "reactor_utilization": {
          "shard": "0",
          "value": 59.095130580000202
        }
      },
      {
        "reactor_utilization": {
          "shard": "1",
          "value": 76.72040030000008
        }
      },
      {
        "reactor_utilization": {
          "shard": "2",
          "value": 78.896563859999929
        }
      },
      {
        "reactor_utilization": {
          "shard": "3",
          "value": 77.587746319999823
        }
      },
      {
        "reactor_utilization": {
          "shard": "4",
          "value": 62.56450346000004
        }
      },
      {
        "reactor_utilization": {
          "shard": "5",
          "value": 55.353274379999839
        }
      },
      {
        "reactor_utilization": {
          "shard": "6",
          "value": 71.147248719999794
        }
      },
      {
        "reactor_utilization": {
          "shard": "7",
          "value": 65.22133100000012
        }
      },
      {
        "reactor_utilization": {
          "shard": "8",
          "value": 62.360191959999931
        }
      },
      {
        "reactor_utilization": {
          "shard": "9",
          "value": 60.981789660000054
        }
      },
      {
        "reactor_utilization": {
          "shard": "10",
          "value": 63.960138200000316
        }
      },
      {
        "reactor_utilization": {
          "shard": "11",
          "value": 60.642682639999933
        }
      },
      {
        "reactor_utilization": {
          "shard": "12",
          "value": 69.027604719999871
        }
      },
      {
        "reactor_utilization": {
          "shard": "13",
          "value": 67.24679420000011
        }
      },
      {
        "reactor_utilization": {
          "shard": "14",
          "value": 56.045141099999981
        }
      },
      {
        "reactor_utilization": {
          "shard": "15",
          "value": 64.544642540000282
        }
      }
    ]
  },
  {
    "metrics": [
      {
        "reactor_utilization": {
          "shard": "0",
          "value": 60.155927920000195
        }
      },
      {
        "reactor_utilization": {
          "shard": "1",
          "value": 72.68306958000008
        }
      },
      {
        "reactor_utilization": {
          "shard": "2",
          "value": 69.555263779999919
        }
      },
      {
        "reactor_utilization": {
          "shard": "3",
          "value": 68.090106179999822
        }
      },
      {
        "reactor_utilization": {
          "shard": "4",
          "value": 63.87671074000005
        }
      },
      {
        "reactor_utilization": {
          "shard": "5",
          "value": 68.828209199999833
        }
      },
      {
        "reactor_utilization": {
          "shard": "6",
          "value": 76.583227479999792
        }
      },
      {
        "reactor_utilization": {
          "shard": "7",
          "value": 65.899916580000109
        }
      },
      {
        "reactor_utilization": {
          "shard": "8",
          "value": 61.282891719999945
        }
      },
      {
        "reactor_utilization": {
          "shard": "9",
          "value": 78.338675880000054
        }
      },
      {
        "reactor_utilization": {
          "shard": "10",
          "value": 75.131958160000323
        }
      },
      {
        "reactor_utilization": {
          "shard": "11",
          "value": 74.29158275999994
        }
      },
      {
        "reactor_utilization": {
          "shard": "12",
          "value": 57.303020079999868
        }
      },
      {
        "reactor_utilization": {
          "shard": "13",
          "value": 52.101125100000111
        }
      },
      {
        "reactor_utilization": {
          "shard": "14",
          "value": 61.930071639999973
        }
      },
      {
        "reactor_utilization": {
          "shard": "15",
          "value": 84.998894640000273
        }
      }
    ]
  },
  {
    "metrics": [
      {
        "reactor_utilization": {
          "shard": "0",
          "value": 73.253391940000199
        }
      },
      {
        "reactor_utilization": {
          "shard": "1",
          "value": 72.89333090000008
        }
      },
      {
        "reactor_utilization": {
          "shard": "2",
          "value": 73.466914079999924
        }
      },
      {
        "reactor_utilization": {
          "shard": "3",
          "value": 58.603020039999834
        }
      },
      {
        "reactor_utilization": {
          "shard": "4",
          "value": 69.485266800000062
        }
      },
      {
        "reactor_utilization": {
          "shard": "5",
          "value": 56.983309559999839
        }
      },
      {
        "reactor_utilization": {
          "shard": "6",
          "value": 75.754253419999799
        }
      },
      {
        "reactor_utilization": {
          "shard": "7",
          "value": 73.896103460000106
        }
      },
      {
        "reactor_utilization": {
          "shard": "8",
          "value": 55.717718019999943
        }
      },
      {
        "reactor_utilization": {
          "shard": "9",
          "value": 73.060037080000058
        }
      },
      {
        "reactor_utilization": {
          "shard": "10",
          "value": 63.731286960000318
        }
      },
      {
        "reactor_utilization": {
          "shard": "11",
          "value": 65.743998259999927
        }
      },
      {
        "reactor_utilization": {
          "shard": "12",
          "value": 73.664016339999876
        }
      },
      {
        "reactor_utilization": {
          "shard": "13",
          "value": 62.388662780000118
        }
      },
      {
        "reactor_utilization": {
          "shard": "14",
          "value": 63.529336719999982
        }
      },
      {
        "reactor_utilization": {
          "shard": "15",
          "value": 73.645559820000287
        }
      }
    ]
  },
  {
    "metrics": [
      {
        "reactor_utilization": {
          "shard": "0",
          "value": 76.986814620000203
        }
      },
      {
        "reactor_utilization": {
          "shard": "1",
          "value": 72.977365140000089
        }
      },
      {
        "reactor_utilization": {
          "shard": "2",
          "value": 57.084203319999929
        }
      },
      {
        "reactor_utilization": {
          "shard": "3",
          "value": 65.003891499999824
        }
      },
      {
        "reactor_utilization": {
          "shard": "4",
          "value": 70.114609100000052
        }
      },
      {
        "reactor_utilization": {
          "shard": "5",
          "value": 73.267460079999836
        }
      },
      {
        "reactor_utilization": {
          "shard": "6",
          "value": 58.992240499999802
        }
      },
      {
        "reactor_utilization": {
          "shard": "7",
          "value": 60.457592000000091
        }
      },
      {
        "reactor_utilization": {
          "shard": "8",
          "value": 69.245377099999942
        }
      },
      {
        "reactor_utilization": {
          "shard": "9",
          "value": 67.571492440000057
        }
      },
      {
        "reactor_utilization": {
          "shard": "10",
          "value": 67.34479154000033
        }
      },
      {
        "reactor_utilization": {
          "shard": "11",
          "value": 79.409168639999933
        }
      },
      {
        "reactor_utilization": {
          "shard": "12",
          "value": 63.48341057999987
        }
      },
      {
        "reactor_utilization": {
          "shard": "13",
          "value": 60.012104200000117
        }
      },
      {
        "reactor_utilization": {
          "shard": "14",
          "value": 64.159965799999981
        }
      },
      {
        "reactor_utilization": {
          "shard": "15",
          "value": 74.995016900000294
        }
      }
    ]
  },
  {
    "metrics": [
      {
        "reactor_utilization": {
          "shard": "0",
          "value": 73.232217760000196
        }
      },
      {
        "reactor_utilization": {
          "shard": "1",
          "value": 72.912486800000082
        }
      },
      {
        "reactor_utilization": {
          "shard": "2",
          "value": 75.818283659999935
        }
      },
      {
        "reactor_utilization": {
          "shard": "3",
          "value": 56.664222199999827
        }
      },
      {
        "reactor_utilization": {
          "shard": "4",
          "value": 70.983271040000048
        }
      },
      {
        "reactor_utilization": {
          "shard": "5",
          "value": 65.962712479999837
        }
      },
      {
        "reactor_utilization": {
          "shard": "6",
          "value": 61.386469539999787
        }
      },
      {
        "reactor_utilization": {
          "shard": "7",
          "value": 70.340466680000091
        }
      },
      {
        "reactor_utilization": {
          "shard": "8",
          "value": 51.346725719999931
        }
      },
      {
        "reactor_utilization": {
          "shard": "9",
          "value": 65.144134340000065
        }
      },
      {
        "reactor_utilization": {
          "shard": "10",
          "value": 72.11929430000032
        }
      },
      {
        "reactor_utilization": {
          "shard": "11",
          "value": 66.831720199999936
        }
      },
      {
        "reactor_utilization": {
          "shard": "12",
          "value": 74.831370039999868
        }
      },
      {
        "reactor_utilization": {
          "shard": "13",
          "value": 58.31758386000012
        }
      },
      {
        "reactor_utilization": {
          "shard": "14",
          "value": 75.185078539999978
        }
      },
      {
        "reactor_utilization": {
          "shard": "15",
          "value": 66.417005440000295
        }
      }
    ]
  },
  {
    "metrics": [
      {
        "reactor_utilization": {
          "shard": "0",
          "value": 72.439130900000208
        }
      },
      {
        "reactor_utilization": {
          "shard": "1",
          "value": 70.428054800000098
        }
      },
      {
        "reactor_utilization": {
          "shard": "2",
          "value": 63.989858679999934
        }
      },
      {
        "reactor_utilization": {
          "shard": "3",
          "value": 54.213910279999823
        }
      },
      {
        "reactor_utilization": {
          "shard": "4",
          "value": 64.567551220000055
        }
      },
      {
        "reactor_utilization": {
          "shard": "5",
          "value": 55.127402959999849
        }
      },
      {
        "reactor_utilization": {
          "shard": "6",
          "value": 78.327520259999787
        }
      },
      {
        "reactor_utilization": {
          "shard": "7",
          "value": 68.496687620000074
        }
      },
      {
        "reactor_utilization": {
          "shard": "8",
          "value": 69.734194039999949
        }
      },
      {
        "reactor_utilization": {
          "shard": "9",
          "value": 65.096773420000076
        }
      },
      {
        "reactor_utilization": {
          "shard": "10",
          "value": 61.870974140000321
        }
      },
      {
        "reactor_utilization": {
          "shard": "11",
          "value": 63.483787579999927
        }
      },
      {
        "reactor_utilization": {
          "shard": "12",
          "value": 76.453807519999884
        }
      },
      {
        "reactor_utilization": {
          "shard": "13",
          "value": 61.525148240000128
        }
      },
      {
        "reactor_utilization": {
          "shard": "14",
          "value": 62.755830099999976
        }
      },
      {
        "reactor_utilization": {
          "shard": "15",
          "value": 79.406204420000307
        }
      }
    ]
  },
  {
    "metrics": [
      {
        "reactor_utilization": {
          "shard": "0",
          "value": 62.654720920000194
        }
      },
      {
        "reactor_utilization": {
          "shard": "1",
          "value": 78.746207600000091
        }
      },
      {
        "reactor_utilization": {
          "shard": "2",
          "value": 54.657513099999946
        }
      },
      {
        "reactor_utilization": {
          "shard": "3",
          "value": 71.434445759999818
        }
      },
      {
        "reactor_utilization": {
          "shard": "4",
          "value": 71.162146020000066
        }
      },
      {
        "reactor_utilization": {
          "shard": "5",
          "value": 71.333612399999836
        }
      },
      {
        "reactor_utilization": {
          "shard": "6",
          "value": 53.020184919999778
        }
      },
      {
        "reactor_utilization": {
          "shard": "7",
          "value": 59.312443240000079
        }
      },
      {
        "reactor_utilization": {
          "shard": "8",
          "value": 69.638360619999929
        }
      },
      {
        "reactor_utilization": {
          "shard": "9",
          "value": 59.698091040000079
        }
      },
      {
        "reactor_utilization": {
          "shard": "10",
          "value": 80.308888800000318
        }
      },
      {
        "reactor_utilization": {
          "shard": "11",
          "value": 75.59398943999993
        }
      },
      {
        "reactor_utilization": {
          "shard": "12",
          "value": 65.553561779999868
        }
      },
      {
        "reactor_utilization": {
          "shard": "13",
          "value": 63.106887060000119
        }
      },
      {
        "reactor_utilization": {
          "shard": "14",
          "value": 74.290370899999971
        }
      },
      {
        "reactor_utilization": {
          "shard": "15",
          "value": 70.503437560000307
        }
      }
    ]
  },
  {
    "metrics": [
      {
        "reactor_utilization": {
          "shard": "0",
          "value": 58.8946077800002
        }
      },
      {
        "reactor_utilization": {
          "shard": "1",
          "value": 74.75181788000009
        }
      },
      {
        "reactor_utilization": {
          "shard": "2",
          "value": 74.084948939999947
        }
      },
      {
        "reactor_utilization": {
          "shard": "3",
          "value": 72.747590679999831
        }
      },
      {
        "reactor_utilization": {
          "shard": "4",
          "value": 57.401981260000056
        }
      },
      {
        "reactor_utilization": {
          "shard": "5",
          "value": 53.933505579999832
        }
      },
      {
        "reactor_utilization": {
          "shard": "6",
          "value": 67.789880739999788
        }
      },
      {
        "reactor_utilization": {
          "shard": "7",
          "value": 62.200846440000078
        }
      },
      {
        "reactor_utilization": {
          "shard": "8",
          "value": 58.879014179999935
        }
      },
      {
        "reactor_utilization": {
          "shard": "9",
          "value": 78.253586720000072
        }
      },
      {
        "reactor_utilization": {
          "shard": "10",
          "value": 60.19685702000033
        }
      },
      {
        "reactor_utilization": {
          "shard": "11",
          "value": 64.886936479999932
        }
      },
      {
        "reactor_utilization": {
          "shard": "12",
          "value": 69.771505239999883
        }
      },
      {
        "reactor_utilization": {
          "shard": "13",
          "value": 59.834846560000109
        }
      },
      {
        "reactor_utilization": {
          "shard": "14",
          "value": 78.477351179999971
        }
      },
      {
        "reactor_utilization": {
          "shard": "15",
          "value": 69.763282900000306
        }
      }
    ]
  },
  {
    "metrics": [
      {
        "reactor_utilization": {
          "shard": "0",
          "value": 66.378474720000185
        }
      },
      {
        "reactor_utilization": {
          "shard": "1",
          "value": 69.088715060000084
        }
      },
      {
        "reactor_utilization": {
          "shard": "2",
          "value": 51.398817279999939
        }
      },
      {
        "reactor_utilization": {
          "shard": "3",
          "value": 53.677521079999821
        }
      },
      {
        "reactor_utilization": {
          "shard": "4",
          "value": 61.913711200000051
        }
      },
      {
        "reactor_utilization": {
          "shard": "5",
          "value": 57.900558999999838
        }
      },
      {
        "reactor_utilization": {
          "shard": "6",
          "value": 79.668393579999801
        }
      },
      {
        "reactor_utilization": {
          "shard": "7",
          "value": 69.136570420000083
        }
      },
      {
        "reactor_utilization": {
          "shard": "8",
          "value": 57.463545099999934
        }
      },
      {
        "reactor_utilization": {
          "shard": "9",
          "value": 47.309809460000075
        }
      },
      {
        "reactor_utilization": {
          "shard": "10",
          "value": 63.465031840000321
        }
      },
      {
        "reactor_utilization": {
          "shard": "11",
          "value": 70.934621519999951
        }
      },
      {
        "reactor_utilization": {
          "shard": "12",
          "value": 59.701286939999889
        }
      },
      {
        "reactor_utilization": {
          "shard": "13",
          "value": 51.743992040000109
        }
      },
      {
        "reactor_utilization": {
          "shard": "14",
          "value": 85.838507139999962
        }
      },
      {
        "reactor_utilization": {
          "shard": "15",
          "value": 68.615639880000302
        }
      }
    ]
  },
  {
    "metrics": [
      {
        "reactor_utilization": {
          "shard": "0",
          "value": 61.544208120000185
        }
      },
      {
        "reactor_utilization": {
          "shard": "1",
          "value": 58.734542860000083
        }
      },
      {
        "reactor_utilization": {
          "shard": "2",
          "value": 56.529543279999928
        }
      },
      {
        "reactor_utilization": {
          "shard": "3",
          "value": 54.356120259999827
        }
      },
      {
        "reactor_utilization": {
          "shard": "4",
          "value": 61.083740580000054
        }
      },
      {
        "reactor_utilization": {
          "shard": "5",
          "value": 65.681247319999841
        }
      },
      {
        "reactor_utilization": {
          "shard": "6",
          "value": 67.864801479999798
        }
      },
      {
        "reactor_utilization": {
          "shard": "7",
          "value": 71.703990860000062
        }
      },
      {
        "reactor_utilization": {
          "shard": "8",
          "value": 76.833022419999935
        }
      },
      {
        "reactor_utilization": {
          "shard": "9",
          "value": 72.816080480000068
        }
      },
      {
        "reactor_utilization": {
          "shard": "10",
          "value": 68.05968838000031
        }
      },
      {
        "reactor_utilization": {
          "shard": "11",
          "value": 70.598383379999945
        }
      },
      {
        "reactor_utilization": {
          "shard": "12",
          "value": 60.32068747999989
        }
      },
      {
        "reactor_utilization": {
          "shard": "13",
          "value": 58.22391506000011
        }
      },
      {
        "reactor_utilization": {
          "shard": "14",
          "value": 80.066812599999963
        }
      },
      {
        "reactor_utilization": {
          "shard": "15",
          "value": 61.729815600000308
        }
      }
    ]
  },
  {
    "metrics": [
      {
        "reactor_utilization": {
          "shard": "0",
          "value": 61.705970480000197
        }
      },
      {
        "reactor_utilization": {
          "shard": "1",
          "value": 64.243491100000085
        }
      },
      {
        "reactor_utilization": {
          "shard": "2",
          "value": 67.127751999999944
        }
      },
      {
        "reactor_utilization": {
          "shard": "3",
          "value": 53.450573559999839
        }
      },
      {
        "reactor_utilization": {
          "shard": "4",
          "value": 79.971797060000043
        }
      },
      {
        "reactor_utilization": {
          "shard": "5",
          "value": 71.882319939999846
        }
      },
      {
        "reactor_utilization": {
          "shard": "6",
          "value": 71.271285019999794
        }
      },
      {
        "reactor_utilization": {
          "shard": "7",
          "value": 70.079721380000066
        }
      },
      {
        "reactor_utilization": {
          "shard": "8",
          "value": 80.438646619999915
        }
      },
      {
        "reactor_utilization": {
          "shard": "9",
          "value": 60.159156100000068
        }
      },
      {
        "reactor_utilization": {
          "shard": "10",
          "value": 75.778675440000313
        }
      },
      {
        "reactor_utilization": {
          "shard": "11",
          "value": 61.991817319999939
        }
      },
      {
        "reactor_utilization": {
          "shard": "12",
          "value": 64.785576199999895
        }
      },
      {
        "reactor_utilization": {
          "shard": "13",
          "value": 64.25148510000011
        }
      },
      {
        "reactor_utilization": {
          "shard": "14",
          "value": 56.677571319999977
        }
      },
      {
        "reactor_utilization": {
          "shard": "15",
          "value": 69.690699880000324
        }
      }
    ]
  },
  {
    "metrics": [
      {
        "reactor_utilization": {
          "shard": "0",
          "value": 62.233273720000206
        }
      },
      {
        "reactor_utilization": {
          "shard": "1",
          "value": 65.656421020000096
        }
      },
      {
        "reactor_utilization": {
          "shard": "2",
          "value": 69.565272939999929
        }
      },
      {
        "reactor_utilization": {
          "shard": "3",
          "value": 52.072560099999855
        }
      },
      {
        "reactor_utilization": {
          "shard": "4",
          "value": 69.66900614000005
        }
      },
      {
        "reactor_utilization": {
          "shard": "5",
          "value": 65.554251279999832
        }
      },
      {
        "reactor_utilization": {
          "shard": "6",
          "value": 64.496182999999803
        }
      },
      {
        "reactor_utilization": {
          "shard": "7",
          "value": 61.17248296000006
        }
      },
      {
        "reactor_utilization": {
          "shard": "8",
          "value": 41.001427479999919
        }
      },
      {
        "reactor_utilization": {
          "shard": "9",
          "value": 51.678092500000069
        }
      },
      {
        "reactor_utilization": {
          "shard": "10",
          "value": 69.800031860000317
        }
      },
      {
        "reactor_utilization": {
          "shard": "11",
          "value": 67.116579339999944
        }
      },
      {
        "reactor_utilization": {
          "shard": "12",
          "value": 93.555639879999902
        }
      },
      {
        "reactor_utilization": {
          "shard": "13",
          "value": 75.2903482400001
        }
      },
      {
        "reactor_utilization": {
          "shard": "14",
          "value": 65.191777279999982
        }
      },
      {
        "reactor_utilization": {
          "shard": "15",
          "value": 82.174778380000319
        }
      }
    ]
  },
  {
    "metrics": [
      {
        "reactor_utilization": {
          "shard": "0",
          "value": 65.960204560000207
        }
      },
      {
        "reactor_utilization": {
          "shard": "1",
          "value": 78.891527460000077
        }
      },
      {
        "reactor_utilization": {
          "shard": "2",
          "value": 48.142451579999936
        }
      },
      {
        "reactor_utilization": {
          "shard": "3",
          "value": 58.882175699999848
        }
      },
      {
        "reactor_utilization": {
          "shard": "4",
          "value": 72.652028620000038
        }
      },
      {
        "reactor_utilization": {
          "shard": "5",
          "value": 62.516159779999846
        }
      },
      {
        "reactor_utilization": {
          "shard": "6",
          "value": 66.252347659999785
        }
      },
      {
        "reactor_utilization": {
          "shard": "7",
          "value": 62.536841400000064
        }
      },
      {
        "reactor_utilization": {
          "shard": "8",
          "value": 62.280073699999924
        }
      },
      {
        "reactor_utilization": {
          "shard": "9",
          "value": 52.495408700000077
        }
      },
      {
        "reactor_utilization": {
          "shard": "10",
          "value": 62.48568856000032
        }
      },
      {
        "reactor_utilization": {
          "shard": "11",
          "value": 60.286271939999949
        }
      },
      {
        "reactor_utilization": {
          "shard": "12",
          "value": 69.188607399999896
        }
      },
      {
        "reactor_utilization": {
          "shard": "13",
          "value": 70.877701540000103
        }
      },
      {
        "reactor_utilization": {
          "shard": "14",
          "value": 67.550929959999991
        }
      },
      {
        "reactor_utilization": {
          "shard": "15",
          "value": 77.768839700000328
        }
      }
    ]
  },
  {
    "metrics": [
      {
        "reactor_utilization": {
          "shard": "0",
          "value": 84.21192950000021
        }
      },
      {
        "reactor_utilization": {
          "shard": "1",
          "value": 55.376575860000088
        }
      },
      {
        "reactor_utilization": {
          "shard": "2",
          "value": 40.09871257999994
        }
      },
      {
        "reactor_utilization": {
          "shard": "3",
          "value": 61.016874099999853
        }
      },
      {
        "reactor_utilization": {
          "shard": "4",
          "value": 61.571110240000039
        }
      },
      {
        "reactor_utilization": {
          "shard": "5",
          "value": 70.939441319999844
        }
      },
      {
        "reactor_utilization": {
          "shard": "6",
          "value": 73.865437319999799
        }
      },
      {
        "reactor_utilization": {
          "shard": "7",
          "value": 68.32190194000006
        }
      },
      {
        "reactor_utilization": {
          "shard": "8",
          "value": 68.563119299999926
        }
      },
      {
        "reactor_utilization": {
          "shard": "9",
          "value": 66.507110740000059
        }
      },
      {
        "reactor_utilization": {
          "shard": "10",
          "value": 71.100362640000327
        }
      },
      {
        "reactor_utilization": {
          "shard": "11",
          "value": 79.963691159999954
        }
      },
      {
        "reactor_utilization": {
          "shard": "12",
          "value": 70.403350139999887
        }
      },
      {
        "reactor_utilization": {
          "shard": "13",
          "value": 65.079075720000105
        }
      },
      {
        "reactor_utilization": {
          "shard": "14",
          "value": 71.344722719999993
        }
      },
      {
        "reactor_utilization": {
          "shard": "15",
          "value": 66.38686526000032
        }
      }
    ]
  },
  {
    "metrics": [
      {
        "reactor_utilization": {
          "shard": "0",
          "value": 76.980599440000219
        }
      },
      {
        "reactor_utilization": {
          "shard": "1",
          "value": 68.527592260000091
        }
      },
      {
        "reactor_utilization": {
          "shard": "2",
          "value": 59.33175899999992
        }
      },
      {
        "reactor_utilization": {
          "shard": "3",
          "value": 61.419741639999856
        }
      },
      {
        "reactor_utilization": {
          "shard": "4",
          "value": 68.665523080000028
        }
      },
      {
        "reactor_utilization": {
          "shard": "5",
          "value": 80.09163361999984
        }
      },
      {
        "reactor_utilization": {
          "shard": "6",
          "value": 66.078308499999793
        }
      },
      {
        "reactor_utilization": {
          "shard": "7",
          "value": 61.577214480000066
        }
      },
      {
        "reactor_utilization": {
          "shard": "8",
          "value": 67.150205999999926
        }
      },
      {
        "reactor_utilization": {
          "shard": "9",
          "value": 64.620509100000049
        }
      },
      {
        "reactor_utilization": {
          "shard": "10",
          "value": 61.822660080000311
        }
      },
      {
        "reactor_utilization": {
          "shard": "11",
          "value": 70.545269639999944
        }
      },
      {
        "reactor_utilization": {
          "shard": "12",
          "value": 72.818278199999881
        }
      },
      {
        "reactor_utilization": {
          "shard": "13",
          "value": 61.744039320000098
        }
      },
      {
        "reactor_utilization": {
          "shard": "14",
          "value": 65.438126859999983
        }
      },
      {
        "reactor_utilization": {
          "shard": "15",
          "value": 77.88161238000032
        }
      }
    ]
  },
  {
    "metrics": [
      {
        "reactor_utilization": {
          "shard": "0",
          "value": 70.364739280000222
        }
      },
      {
        "reactor_utilization": {
          "shard": "1",
          "value": 70.245172540000084
        }
      },
      {
        "reactor_utilization": {
          "shard": "2",
          "value": 61.754072439999909
        }
      },
      {
        "reactor_utilization": {
          "shard": "3",
          "value": 72.947555059999857
        }
      },
      {
        "reactor_utilization": {
          "shard": "4",
          "value": 71.476501340000041
        }
      },
      {
        "reactor_utilization": {
          "shard": "5",
          "value": 69.471714559999825
        }
      },
      {
        "reactor_utilization": {
          "shard": "6",
          "value": 57.648406679999788
        }
      },
      {
        "reactor_utilization": {
          "shard": "7",
          "value": 72.051692340000045
        }
      },
      {
        "reactor_utilization": {
          "shard": "8",
          "value": 57.810190439999921
        }
      },
      {
        "reactor_utilization": {
          "shard": "9",
          "value": 56.846313600000052
        }
      },
      {
        "reactor_utilization": {
          "shard": "10",
          "value": 69.810994500000319
        }
      },
      {
        "reactor_utilization": {
          "shard": "11",
          "value": 72.741290959999944
        }
      },
      {
        "reactor_utilization": {
          "shard": "12",
          "value": 61.122865619999885
        }
      },
      {
        "reactor_utilization": {
          "shard": "13",
          "value": 65.923140200000091
        }
      },
      {
        "reactor_utilization": {
          "shard": "14",
          "value": 72.722612059999975
        }
      },
      {
        "reactor_utilization": {
          "shard": "15",
          "value": 73.405899320000316
        }
      }
    ]
  },
  {
    "metrics": [
      {
        "reactor_utilization": {
          "shard": "0",
          "value": 68.008725600000218
        }
      },
      {
        "reactor_utilization": {
          "shard": "1",
          "value": 67.455621960000087
        }
      },
      {
        "reactor_utilization": {
          "shard": "2",
          "value": 73.406614699999921
        }
      },
      {
        "reactor_utilization": {
          "shard": "3",
          "value": 69.663022799999865
        }
      },
      {
        "reactor_utilization": {
          "shard": "4",
          "value": 80.731906580000043
        }
      },
      {
        "reactor_utilization": {
          "shard": "5",
          "value": 63.166168779999829
        }
      },
      {
        "reactor_utilization": {
          "shard": "6",
          "value": 65.845429719999785
        }
      },
      {
        "reactor_utilization": {
          "shard": "7",
          "value": 58.130937660000036
        }
      },
      {
        "reactor_utilization": {
          "shard": "8",
          "value": 67.180293899999938
        }
      },
      {
        "reactor_utilization": {
          "shard": "9",
          "value": 63.156958000000074
        }
      },
      {
        "reactor_utilization": {
          "shard": "10",
          "value": 72.023590160000325
        }
      },
      {
        "reactor_utilization": {
          "shard": "11",
          "value": 59.998513959999947
        }
      },
      {
        "reactor_utilization": {
          "shard": "12",
          "value": 50.317653119999882
        }
      },
      {
        "reactor_utilization": {
          "shard": "13",
          "value": 66.675835840000104
        }
      },
      {
        "reactor_utilization": {
          "shard": "14",
          "value": 82.843512639999972
        }
      },
      {
        "reactor_utilization": {
          "shard": "15",
          "value": 66.853725180000339
        }
      }
    ]
  },
  {
    "metrics": [
      {
        "reactor_utilization": {
          "shard": "0",
          "value": 69.819213280000199
        }
      },
      {
        "reactor_utilization": {
          "shard": "1",
          "value": 61.529641120000086
        }
      },
      {
        "reactor_utilization": {
          "shard": "2",
          "value": 69.397207839999908
        }
      },
      {
        "reactor_utilization": {
          "shard": "3",
          "value": 68.387367639999866
        }
      },
      {
        "reactor_utilization": {
          "shard": "4",
          "value": 50.129892520000041
        }
      },
      {
        "reactor_utilization": {
          "shard": "5",
          "value": 62.54780911999984
        }
      },
      {
        "reactor_utilization": {
          "shard": "6",
          "value": 76.656253659999777
        }
      },
      {
        "reactor_utilization": {
          "shard": "7",
          "value": 68.245834360000046
        }
      },
      {
        "reactor_utilization": {
          "shard": "8",
          "value": 72.607482739999924
        }
      },
      {
        "reactor_utilization": {
          "shard": "9",
          "value": 73.524427600000081
        }
      },
      {
        "reactor_utilization": {
          "shard": "10",
          "value": 52.258841100000332
        }
      },
      {
        "reactor_utilization": {
          "shard": "11",
          "value": 64.153445999999946
        }
      },
      {
        "reactor_utilization": {
          "shard": "12",
          "value": 62.701506679999888
        }
      },
      {
        "reactor_utilization": {
          "shard": "13",
          "value": 56.377569400000091
        }
      },
      {
        "reactor_utilization": {
          "shard": "14",
          "value": 69.041099019999976
        }
      },
      {
        "reactor_utilization": {
          "shard": "15",
          "value": 73.156526920000346
        }
      }
    ]
  },
  {
    "metrics": [
      {
        "reactor_utilization": {
          "shard": "0",
          "value": 66.902003440000215
        }
      },
      {
        "reactor_utilization": {
          "shard": "1",
          "value": 65.386184160000099
        }
      },
      {
        "reactor_utilization": {
          "shard": "2",
          "value": 74.379866639999918
        }
      },
      {
        "reactor_utilization": {
          "shard": "3",
          "value": 62.974755259999867
        }
      },
      {
        "reactor_utilization": {
          "shard": "4",
          "value": 60.748961920000056
        }
      },
      {
        "reactor_utilization": {
          "shard": "5",
          "value": 73.488866419999837
        }
      },
      {
        "reactor_utilization": {
          "shard": "6",
          "value": 72.910973939999792
        }
      },
      {
        "reactor_utilization": {
          "shard": "7",
          "value": 63.685309400000058
        }
      },
      {
        "reactor_utilization": {
          "shard": "8",
          "value": 78.688951599999925
        }
      },
      {
        "reactor_utilization": {
          "shard": "9",
          "value": 71.423076100000074
        }
      },
      {
        "reactor_utilization": {
          "shard": "10",
          "value": 61.117126280000321
        }
      },
      {
        "reactor_utilization": {
          "shard": "11",
          "value": 65.499686459999936
        }
      },
      {
        "reactor_utilization": {
          "shard": "12",
          "value": 75.440791179999891
        }
      },
      {
        "reactor_utilization": {
          "shard": "13",
          "value": 76.357675280000109
        }
      },
      {
        "reactor_utilization": {
          "shard": "14",
          "value": 61.676553639999973
        }
      },
      {
        "reactor_utilization": {
          "shard": "15",
          "value": 58.727353940000349
        }
      }
    ]
  },
  {
    "metrics": [
      {
        "reactor_utilization": {
          "shard": "0",
          "value": 72.858050620000213
        }
      },
      {
        "reactor_utilization": {
          "shard": "1",
          "value": 84.72498484000009
        }
      },
      {
        "reactor_utilization": {
          "shard": "2",
          "value": 65.213426579999918
        }
      },
      {
        "reactor_utilization": {
          "shard": "3",
          "value": 68.363952579999861
        }
      },
      {
        "reactor_utilization": {
          "shard": "4",
          "value": 69.858078360000036
        }
      },
      {
        "reactor_utilization": {
          "shard": "5",
          "value": 57.837339039999833
        }
      },
      {
        "reactor_utilization": {
          "shard": "6",
          "value": 72.437592479999779
        }
      },
      {
        "reactor_utilization": {
          "shard": "7",
          "value": 60.665799900000053
        }
      },
      {
        "reactor_utilization": {
          "shard": "8",
          "value": 60.974559499999913
        }
      },
      {
        "reactor_utilization": {
          "shard": "9",
          "value": 59.177184300000071
        }
      },
      {
        "reactor_utilization": {
          "shard": "10",
          "value": 64.756038940000323
        }
      },
      {
        "reactor_utilization": {
          "shard": "11",
          "value": 74.668532739999932
        }
      },
      {
        "reactor_utilization": {
          "shard": "12",
          "value": 62.337932739999879
        }
      },
      {
        "reactor_utilization": {
          "shard": "13",
          "value": 75.430108700000105
        }
      },
      {
        "reactor_utilization": {
          "shard": "14",
          "value": 72.185730139999976
        }
      },
      {
        "reactor_utilization": {
          "shard": "15",
          "value": 68.048352020000351
        }
      }
    ]
  },
  {
    "metrics": [
      {
        "reactor_utilization": {
          "shard": "0",
          "value": 71.532796640000214
        }
      },
      {
        "reactor_utilization": {
          "shard": "1",
          "value": 73.63764996000009
        }
      },
      {
        "reactor_utilization": {
          "shard": "2",
          "value": 81.280545399999909
        }
      },
      {
        "reactor_utilization": {
          "shard": "3",
          "value": 69.240442899999863
        }
      },
      {
        "reactor_utilization": {
          "shard": "4",
          "value": 58.693942640000039
        }
      },
      {
        "reactor_utilization": {
          "shard": "5",
          "value": 58.953389919999836
        }
      },
      {
        "reactor_utilization": {
          "shard": "6",
          "value": 75.506830579999786
        }
      },
      {
        "reactor_utilization": {
          "shard": "7",
          "value": 80.233253920000053
        }
      },
      {
        "reactor_utilization": {
          "shard": "8",
          "value": 53.515152679999915
        }
      },
      {
        "reactor_utilization": {
          "shard": "9",
          "value": 67.462949740000084
        }
      },
      {
        "reactor_utilization": {
          "shard": "10",
          "value": 70.610752340000332
        }
      },
      {
        "reactor_utilization": {
          "shard": "11",
          "value": 66.032136919999928
        }
      },
      {
        "reactor_utilization": {
          "shard": "12",
          "value": 56.856314659999882
        }
      },
      {
        "reactor_utilization": {
          "shard": "13",
          "value": 57.012485000000105
        }
      },
      {
        "reactor_utilization": {
          "shard": "14",
          "value": 60.12389653999999
        }
      },
      {
        "reactor_utilization": {
          "shard": "15",
          "value": 69.448584620000346
        }
      }
    ]
  }
]
