[
  {
    "metrics": [
      {
        "reactor_utilization": {
          "shard": "0",
          "value": 53.071807700000143
        }
      },
      {
        "reactor_utilization": {
          "shard": "1",
          "value": 62.920706379999999
        }
      },
      {
        "reactor_utilization": {
          "shard": "2",
          "value": 71.428064139999933
        }
      },
      {
        "reactor_utilization": {
          "shard": "3",
          "value": 71.379554259999907
        }
      },
      {
        "reactor_utilization": {
          "shard": "4",
          "value": 62.728111220000081
        }
      },
      {
        "reactor_utilization": {
          "shard": "5",
          "value": 70.368670559999828
        }
      },
      {
        "reactor_utilization": {
          "shard": "6",
          "value": 69.454262839999828
        }
      },
      {
        "reactor_utilization": {
          "shard": "7",
          "value": 70.595095460000067
        }
      },
      {
        "reactor_utilization": {
          "shard": "8",
          "value": 75.832384319999974
        }
      },
      {
        "reactor_utilization": {
          "shard": "9",
          "value": 81.644291579999987
        }
      },
      {
        "reactor_utilization": {
          "shard": "10",
          "value": 57.292480980000285
        }
      },
      {
        "reactor_utilization": {
          "shard": "11",
          "value": 51.217720639999854
        }
      },
      {
        "reactor_utilization": {
          "shard": "12",
          "value": 58.890731079999824
        }
      },
      {
        "reactor_utilization": {
          "shard": "13",
          "value": 61.091444100000139
        }
      },
      {
        "reactor_utilization": {
          "shard": "14",
          "value": 77.76500893999993
        }
      },
      {
        "reactor_utilization": {
          "shard": "15",
          "value": 64.343930860000228
        }
      }
    ]
  },
  {
    "metrics": [
      {
        "reactor_utilization": {
          "shard": "0",
          "value": 66.079489300000134
        }
      },
      {
        "reactor_utilization": {
          "shard": "1",
          "value": 70.057297560000009
        }
      },
      {
        "reactor_utilization": {
          "shard": "2",
          "value": 59.854228119999931
        }
      },
      {
        "reactor_utilization": {
          "shard": "3",
          "value": 62.050446399999913
        }
      },
      {
        "reactor_utilization": {
          "shard": "4",
          "value": 58.49974540000008
        }
      },
      {
        "reactor_utilization": {
          "shard": "5",
          "value": 60.62764151999982
        }
      },
      {
        "reactor_utilization": {
          "shard": "6",
          "value": 66.697848099999817
        }
      },
      {
        "reactor_utilization": {
          "shard": "7",
          "value": 55.226550680000074
        }
      },
      {
        "reactor_utilization": {
          "shard": "8",
          "value": 56.578163379999971
        }
      },
      {
        "reactor_utilization": {
          "shard": "9",
          "value": 75.894334239999978
        }
      },
      {
        "reactor_utilization": {
          "shard": "10",
          "value": 56.981179520000289
        }
      },
      {
        "reactor_utilization": {
          "shard": "11",
          "value": 56.496454239999849
        }
      },
      {
        "reactor_utilization": {
          "shard": "12",
          "value": 48.135022639999825
        }
      },
      {
        "reactor_utilization": {
          "shard": "13",
          "value": 67.558866020000124
        }
      },
      {
        "reactor_utilization": {
          "shard": "14",
          "value": 66.580835199999939
        }
      },
      {
        "reactor_utilization": {
          "shard": "15",
          "value": 50.746316600000242
        }
      }
    ]
  },
  {
    "metrics": [
      {
        "reactor_utilization": {
          "shard": "0",
          "value": 63.614750160000135
        }
      },
      {
        "reactor_utilization": {
          "shard": "1",
          "value": 65.020772320000006
        }
      },
      {
        "reactor_utilization": {
          "shard": "2",
          "value": 72.383100119999938
        }
      },
      {
        "reactor_utilization": {
          "shard": "3",
          "value": 64.196208439999907
        }
      },
      {
        "reactor_utilization": {
          "shard": "4",
          "value": 62.417318940000087
        }
      },
      {
        "reactor_utilization": {
          "shard": "5",
          "value": 68.690348839999828
        }
      },
      {
        "reactor_utilization": {
          "shard": "6",
          "value": 64.616630439999824
        }
      },
      {
        "reactor_utilization": {
          "shard": "7",
          "value": 61.510443580000072
        }
      },
      {
        "reactor_utilization": {
          "shard": "8",
          "value": 78.430409959999963
        }
      },
      {
        "reactor_utilization": {
          "shard": "9",
          "value": 62.553695879999992
        }
      },
      {
        "reactor_utilization": {
          "shard": "10",
          "value": 53.142341560000283
        }
      },
      {
        "reactor_utilization": {
          "shard": "11",
          "value": 59.993492799999835
        }
      },
      {
        "reactor_utilization": {
          "shard": "12",
          "value": 57.093942899999831
        }
      },
      {
        "reactor_utilization": {
          "shard": "13",
          "value": 68.015855700000131
        }
      },
      {
        "reactor_utilization": {
          "shard": "14",
          "value": 66.33325971999993
        }
      },
      {
        "reactor_utilization": {
          "shard": "15",
          "value": 54.260693360000246
        }
      }
    ]
  },
  {
    "metrics": [
      {
        "reactor_utilization": {
          "shard": "0",
          "value": 69.722637020000121
        }
      },
      {
        "reactor_utilization": {
          "shard": "1",
          "value": 78.818339680000022
        }
      },
      {
        "reactor_utilization": {
          "shard": "2",
          "value": 62.505242419999938
        }
      },
      {
        "reactor_utilization": {
          "shard": "3",
          "value": 63.151440699999917
        }
      },
      {
        "reactor_utilization": {
          "shard": "4",
          "value": 58.384955760000089
        }
      },
      {
        "reactor_utilization": {
          "shard": "5",
          "value": 61.390858659999822
        }
      },
      {
        "reactor_utilization": {
          "shard": "6",
          "value": 74.551853899999827
        }
      },
      {
        "reactor_utilization": {
          "shard": "7",
          "value": 62.547321860000068
        }
      },
      {
        "reactor_utilization": {
          "shard": "8",
          "value": 55.477783119999955
        }
      },
      {
        "reactor_utilization": {
          "shard": "9",
          "value": 53.712033639999966
        }
      },
      {
        "reactor_utilization": {
          "shard": "10",
          "value": 54.818625680000288
        }
      },
      {
        "reactor_utilization": {
          "shard": "11",
          "value": 64.748522759999844
        }
      },
      {
        "reactor_utilization": {
          "shard": "12",
          "value": 57.53554563999981
        }
      },
      {
        "reactor_utilization": {
          "shard": "13",
          "value": 64.836029300000135
        }
      },
      {
        "reactor_utilization": {
          "shard": "14",
          "value": 62.712274119999933
        }
      },
      {
        "reactor_utilization": {
          "shard": "15",
          "value": 62.72542832000024
        }
      }
    ]
  },
  {
    "metrics": [
      {
        "reactor_utilization": {
          "shard": "0",
          "value": 56.142800680000128
        }
      },
      {
        "reactor_utilization": {
          "shard": "1",
          "value": 70.310503000000011
        }
      },
      {
        "reactor_utilization": {
          "shard": "2",
          "value": 79.265170419999947
        }
      },
      {
        "reactor_utilization": {
          "shard": "3",
          "value": 68.200698579999923
        }
      },
      {
        "reactor_utilization": {
          "shard": "4",
          "value": 61.003520320000085
        }
      },
      {
        "reactor_utilization": {
          "shard": "5",
          "value": 68.833331579999822
        }
      },
      {
        "reactor_utilization": {
          "shard": "6",
          "value": 66.381374339999823
        }
      },
      {
        "reactor_utilization": {
          "shard": "7",
          "value": 66.763521340000068
        }
      },
      {
        "reactor_utilization": {
          "shard": "8",
          "value": 49.372858739999955
        }
      },
      {
        "reactor_utilization": {
          "shard": "9",
          "value": 66.821315659999982
        }
      },
      {
        "reactor_utilization": {
          "shard": "10",
          "value": 60.224999380000298
        }
      },
      {
        "reactor_utilization": {
          "shard": "11",
          "value": 62.514537559999852
        }
      },
      {
        "reactor_utilization": {
          "shard": "12",
          "value": 61.486081199999809
        }
      },
      {
        "reactor_utilization": {
          "shard": "13",
          "value": 64.074930060000128
        }
      },
      {
        "reactor_utilization": {
          "shard": "14",
          "value": 58.328080399999948
        }
      },
      {
        "reactor_utilization": {
          "shard": "15",
          "value": 53.088930980000249
        }
      }
    ]
  },
  {
    "metrics": [
      {
        "reactor_utilization": {
          "shard": "0",
          "value": 50.218636460000113
        }
      },
      {
        "reactor_utilization": {
          "shard": "1",
          "value": 66.423781580000011
        }
      },
      {
        "reactor_utilization": {
          "shard": "2",
          "value": 80.44387775999995
        }
      },
      {
        "reactor_utilization": {
          "shard": "3",
          "value": 76.367928519999921
        }
      },
      {
        "reactor_utilization": {
          "shard": "4",
          "value": 52.83842582000009
        }
      },
      {
        "reactor_utilization": {
          "shard": "5",
          "value": 64.763037559999816
        }
      },
      {
        "reactor_utilization": {
          "shard": "6",
          "value": 65.488290559999825
        }
      },
      {
        "reactor_utilization": {
          "shard": "7",
          "value": 66.214207240000064
        }
      },
      {
        "reactor_utilization": {
          "shard": "8",
          "value": 57.182782359999962
        }
      },
      {
        "reactor_utilization": {
          "shard": "9",
          "value": 75.01557327999997
        }
      },
      {
        "reactor_utilization": {
          "shard": "10",
          "value": 54.343659460000282
        }
      },
      {
        "reactor_utilization": {
          "shard": "11",
          "value": 56.403534819999848
        }
      },
      {
        "reactor_utilization": {
          "shard": "12",
          "value": 51.5139249799998
        }
      },
      {
        "reactor_utilization": {
          "shard": "13",
          "value": 61.309693620000139
        }
      },
      {
        "reactor_utilization": {
          "shard": "14",
          "value": 60.955518819999931
        }
      },
      {
        "reactor_utilization": {
          "shard": "15",
          "value": 76.099386080000258
        }
      }
    ]
  },
  {
    "metrics": [
      {
        "reactor_utilization": {
          "shard": "0",
          "value": 60.564587680000102
        }
      },
      {
        "reactor_utilization": {
          "shard": "1",
          "value": 65.724806660000013
        }
      },
      {
        "reactor_utilization": {
          "shard": "2",
          "value": 79.266137159999943
        }
      },
      {
        "reactor_utilization": {
          "shard": "3",
          "value": 61.449543199999908
        }
      },
      {
        "reactor_utilization": {
          "shard": "4",
          "value": 64.838727940000084
        }
      },
      {
        "reactor_utilization": {
          "shard": "5",
          "value": 68.747051559999818
        }
      },
      {
        "reactor_utilization": {
          "shard": "6",
          "value": 61.722285519999829
        }
      },
      {
        "reactor_utilization": {
          "shard": "7",
          "value": 53.652215920000067
        }
      },
      {
        "reactor_utilization": {
          "shard": "8",
          "value": 57.845227179999959
        }
      },
      {
        "reactor_utilization": {
          "shard": "9",
          "value": 76.180476919999975
        }
      },
      {
        "reactor_utilization": {
          "shard": "10",
          "value": 63.103155360000287
        }
      },
      {
        "reactor_utilization": {
          "shard": "11",
          "value": 59.715543059999845
        }
      },
      {
        "reactor_utilization": {
          "shard": "12",
          "value": 50.873627339999807
        }
      },
      {
        "reactor_utilization": {
          "shard": "13",
          "value": 58.267415340000127
        }
      },
      {
        "reactor_utilization": {
          "shard": "14",
          "value": 71.765873059999947
        }
      },
      {
        "reactor_utilization": {
          "shard": "15",
          "value": 70.279978340000255
        }
      }
    ]
  },
  {
    "metrics": [
      {
        "reactor_utilization": {
          "shard": "0",
          "value": 76.1472869400001
        }
      },
      {
        "reactor_utilization": {
          "shard": "1",
          "value": 77.550790360000008
        }
      },
      {
        "reactor_utilization": {
          "shard": "2",
          "value": 54.600860379999936
        }
      },
      {
        "reactor_utilization": {
          "shard": "3",
          "value": 62.887990259999917
        }
      },
      {
        "reactor_utilization": {
          "shard": "4",
          "value": 68.435735100000073
        }
      },
      {
        "reactor_utilization": {
          "shard": "5",
          "value": 70.798566539999825
        }
      },
      {
        "reactor_utilization": {
          "shard": "6",
          "value": 66.692343219999842
        }
      },
      {
        "reactor_utilization": {
          "shard": "7",
          "value": 59.370871140000069
        }
      },
      {
        "reactor_utilization": {
          "shard": "8",
          "value": 58.544161699999961
        }
      },
      {
        "reactor_utilization": {
          "shard": "9",
          "value": 76.12062423999997
        }
      },
      {
        "reactor_utilization": {
          "shard": "10",
          "value": 60.753932380000286
        }
      },
      {
        "reactor_utilization": {
          "shard": "11",
          "value": 60.787141739999861
        }
      },
      {
        "reactor_utilization": {
          "shard": "12",
          "value": 58.191741559999798
        }
      },
      {
        "reactor_utilization": {
          "shard": "13",
          "value": 50.27074720000013
        }
      },
      {
        "reactor_utilization": {
          "shard": "14",
          "value": 63.908979439999939
        }
      },
      {
        "reactor_utilization": {
          "shard": "15",
          "value": 55.681099560000234
        }
      }
    ]
  },
  {
    "metrics": [
      {
        "reactor_utilization": {
          "shard": "0",
          "value": 54.178697180000114
        }
      },
      {
        "reactor_utilization": {
          "shard": "1",
          "value": 75.27045222000001
        }
      },
      {
        "reactor_utilization": {
          "shard": "2",
          "value": 73.564921079999948
        }
      },
      {
        "reactor_utilization": {
          "shard": "3",
          "value": 62.931815779999909
        }
      },
      {
        "reactor_utilization": {
          "shard": "4",
          "value": 68.651454920000063
        }
      },
      {
        "reactor_utilization": {
          "shard": "5",
          "value": 69.834406439999825
        }
      },
      {
        "reactor_utilization": {
          "shard": "6",
          "value": 61.571104759999827
        }
      },
      {
        "reactor_utilization": {
          "shard": "7",
          "value": 68.939514200000062
        }
      },
      {
        "reactor_utilization": {
          "shard": "8",
          "value": 62.396378779999964
        }
      },
      {
        "reactor_utilization": {
          "shard": "9",
          "value": 63.371873959999967
        }
      },
      {
        "reactor_utilization": {
          "shard": "10",
          "value": 56.704966440000291
        }
      },
      {
        "reactor_utilization": {
          "shard": "11",
          "value": 75.16197263999986
        }
      },
      {
        "reactor_utilization": {
          "shard": "12",
          "value": 66.880350619999803
        }
      },
      {
        "reactor_utilization": {
          "shard": "13",
          "value": 62.499400540000138
        }
      },
      {
        "reactor_utilization": {
          "shard": "14",
          "value": 57.265867739999941
        }
      },
      {
        "reactor_utilization": {
          "shard": "15",
          "value": 70.280344120000237
        }
      }
    ]
  },
  {
    "metrics": [
      {
        "reactor_utilization": {
          "shard": "0",
          "value": 73.478612860000112
        }
      },
      {
        "reactor_utilization": {
          "shard": "1",
          "value": 79.44206392000001
        }
      },
      {
        "reactor_utilization": {
          "shard": "2",
          "value": 79.380556979999938
        }
      },
      {
        "reactor_utilization": {
          "shard": "3",
          "value": 62.464997039999929
        }
      },
      {
        "reactor_utilization": {
          "shard": "4",
          "value": 53.196055840000071
        }
      },
      {
        "reactor_utilization": {
          "shard": "5",
          "value": 54.20385331999983
        }
      },
      {
        "reactor_utilization": {
          "shard": "6",
          "value": 70.741670099999837
        }
      },
      {
        "reactor_utilization": {
          "shard": "7",
          "value": 71.617755560000063
        }
      },
      {
        "reactor_utilization": {
          "shard": "8",
          "value": 70.853717079999967
        }
      },
      {
        "reactor_utilization": {
          "shard": "9",
          "value": 65.926806779999964
        }
      },
      {
        "reactor_utilization": {
          "shard": "10",
          "value": 53.423218180000298
        }
      },
      {
        "reactor_utilization": {
          "shard": "11",
          "value": 44.873336159999852
        }
      },
      {
        "reactor_utilization": {
          "shard": "12",
          "value": 62.750238479999808
        }
      },
      {
        "reactor_utilization": {
          "shard": "13",
          "value": 69.730267480000151
        }
      },
      {
        "reactor_utilization": {
          "shard": "14",
          "value": 70.766737819999932
        }
      },
      {
        "reactor_utilization": {
          "shard": "15",
          "value": 67.832469540000233
        }
      }
    ]
  },
  {
    "metrics": [
      {
        "reactor_utilization": {
          "shard": "0",
          "value": 55.955053380000116
        }
      },
      {
        "reactor_utilization": {
          "shard": "1",
          "value": 58.130636840000015
        }
      },
      {
        "reactor_utilization": {
          "shard": "2",
          "value": 65.394387519999938
        }
      },
      {
        "reactor_utilization": {
          "shard": "3",
          "value": 66.151263479999912
        }
      },
      {
        "reactor_utilization": {
          "shard": "4",
          "value": 69.647690460000078
        }
      },
      {
        "reactor_utilization": {
          "shard": "5",
          "value": 73.47316043999983
        }
      },
      {
        "reactor_utilization": {
          "shard": "6",
          "value": 58.721773219999839
        }
      },
      {
        "reactor_utilization": {
          "shard": "7",
          "value": 61.637322380000072
        }
      },
      {
        "reactor_utilization": {
          "shard": "8",
          "value": 54.534279879999957
        }
      },
      {
        "reactor_utilization": {
          "shard": "9",
          "value": 64.450276559999978
        }
      },
      {
        "reactor_utilization": {
          "shard": "10",
          "value": 71.961013320000305
        }
      },
      {
        "reactor_utilization": {
          "shard": "11",
          "value": 74.04049437999987
        }
      },
      {
        "reactor_utilization": {
          "shard": "12",
          "value": 63.5614677599998
        }
      },
      {
        "reactor_utilization": {
          "shard": "13",
          "value": 56.906550820000149
        }
      },
      {
        "reactor_utilization": {
          "shard": "14",
          "value": 65.110935719999958
        }
      },
      {
        "reactor_utilization": {
          "shard": "15",
          "value": 61.548682600000234
        }
      }
    ]
  },
  {
    "metrics": [
      {
        "reactor_utilization": {
          "shard": "0",
          "value": 59.243763980000111
        }
      },
      {
        "reactor_utilization": {
          "shard": "1",
          "value": 76.610353680000017
        }
      },
      {
        "reactor_utilization": {
          "shard": "2",
          "value": 52.391110699999935
        }
      },
      {
        "reactor_utilization": {
          "shard": "3",
          "value": 67.908518439999924
        }
      },
      {
        "reactor_utilization": {
          "shard": "4",
          "value": 65.70825604000008
        }
      },
      {
        "reactor_utilization": {
          "shard": "5",
          "value": 73.956680259999828
        }
      },
      {
        "reactor_utilization": {
          "shard": "6",
          "value": 56.848132099999837
        }
      },
      {
        "reactor_utilization": {
          "shard": "7",
          "value": 57.804024140000067
        }
      },
      {
        "reactor_utilization": {
          "shard": "8",
          "value": 59.111785239999968
        }
      },
      {
        "reactor_utilization": {
          "shard": "9",
          "value": 59.038237999999964
        }
      },
      {
        "reactor_utilization": {
          "shard": "10",
          "value": 54.395719200000293
        }
      },
      {
        "reactor_utilization": {
          "shard": "11",
          "value": 59.681191319999868
        }
      },
      {
        "reactor_utilization": {
          "shard": "12",
          "value": 61.553067839999798
        }
      },
      {
        "reactor_utilization": {
          "shard": "13",
          "value": 53.793919500000143
        }
      },
      {
        "reactor_utilization": {
          "shard": "14",
          "value": 81.849982859999955
        }
      },
      {
        "reactor_utilization": {
          "shard": "15",
          "value": 63.149324960000229
        }
      }
    ]
  },
  {
    "metrics": [
      {
        "reactor_utilization": {
          "shard": "0",
          "value": 51.972094500000111
        }
      },
      {
        "reactor_utilization": {
          "shard": "1",
          "value": 67.590439920000023
        }
      },
      {
        "reactor_utilization": {
          "shard": "2",
          "value": 87.367735959999933
        }
      },
      {
        "reactor_utilization": {
          "shard": "3",
          "value": 74.114911119999931
        }
      },
      {
        "reactor_utilization": {
          "shard": "4",
          "value": 65.139125440000086
        }
      },
      {
        "reactor_utilization": {
          "shard": "5",
          "value": 59.970193919999829
        }
      },
      {
        "reactor_utilization": {
          "shard": "6",
          "value": 62.76481553999983
        }
      },
      {
        "reactor_utilization": {
          "shard": "7",
          "value": 55.411786720000066
        }
      },
      {
        "reactor_utilization": {
          "shard": "8",
          "value": 77.298864259999959
        }
      },
      {
        "reactor_utilization": {
          "shard": "9",
          "value": 73.456233139999966
        }
      },
      {
        "reactor_utilization": {
          "shard": "10",
          "value": 55.077519420000279
        }
      },
      {
        "reactor_utilization": {
          "shard": "11",
          "value": 53.166856819999865
        }
      },
      {
        "reactor_utilization": {
          "shard": "12",
          "value": 59.567048459999803
        }
      },
      {
        "reactor_utilization": {
          "shard": "13",
          "value": 52.806526620000128
        }
      },
      {
        "reactor_utilization": {
          "shard": "14",
          "value": 76.205949239999953
        }
      },
      {
        "reactor_utilization": {
          "shard": "15",
          "value": 61.116966680000239
        }
      }
    ]
  },
  {
    "metrics": [
      {
        "reactor_utilization": {
          "shard": "0",
          "value": 71.926441480000108
        }
      },
      {
        "reactor_utilization": {
          "shard": "1",
          "value": 71.756929140000011
        }
      },
      {
        "reactor_utilization": {
          "shard": "2",
          "value": 56.947191259999933
        }
      },
      {
        "reactor_utilization": {
          "shard": "3",
          "value": 52.263265539999928
        }
      },
      {
        "reactor_utilization": {
          "shard": "4",
          "value": 54.682592240000091
        }
      },
      {
        "reactor_utilization": {
          "shard": "5",
          "value": 65.758328919999826
        }
      },
      {
        "reactor_utilization": {
          "shard": "6",
          "value": 74.656794639999831
        }
      },
      {
        "reactor_utilization": {
          "shard": "7",
          "value": 62.239716880000074
        }
      },
      {
        "reactor_utilization": {
          "shard": "8",
          "value": 68.564054239999962
        }
      },
      {
        "reactor_utilization": {
          "shard": "9",
          "value": 72.311027799999977
        }
      },
      {
        "reactor_utilization": {
          "shard": "10",
          "value": 48.70272176000028
        }
      },
      {
        "reactor_utilization": {
          "shard": "11",
          "value": 55.843744559999863
        }
      },
      {
        "reactor_utilization": {
          "shard": "12",
          "value": 62.705160579999799
        }
      },
      {
        "reactor_utilization": {
          "shard": "13",
          "value": 62.505533120000138
        }
      },
      {
        "reactor_utilization": {
          "shard": "14",
          "value": 77.624680859999941
        }
      },
      {
        "reactor_utilization": {
          "shard": "15",
          "value": 64.660821480000237
        }
      }
    ]
  },
  {
    "metrics": [
      {
        "reactor_utilization": {
          "shard": "0",
          "value": 49.748327300000113
        }
      },
      {
        "reactor_utilization": {
          "shard": "1",
          "value": 62.79039714000001
        }
      },
      {
        "reactor_utilization": {
          "shard": "2",
          "value": 63.306213999999926
        }
      },
      {
        "reactor_utilization": {
          "shard": "3",
          "value": 57.59863365999994
        }
      },
      {
        "reactor_utilization": {
          "shard": "4",
          "value": 54.187035500000093
        }
      },
      {
        "reactor_utilization": {
          "shard": "5",
          "value": 57.465370879999824
        }
      },
      {
        "reactor_utilization": {
          "shard": "6",
          "value": 76.424782119999833
        }
      },
      {
        "reactor_utilization": {
          "shard": "7",
          "value": 67.510746280000077
        }
      },
      {
        "reactor_utilization": {
          "shard": "8",
          "value": 70.983957419999967
        }
      },
      {
        "reactor_utilization": {
          "shard": "9",
          "value": 52.424118039999968
        }
      },
      {
        "reactor_utilization": {
          "shard": "10",
          "value": 73.23329966000027
        }
      },
      {
        "reactor_utilization": {
          "shard": "11",
          "value": 79.451280639999865
        }
      },
      {
        "reactor_utilization": {
          "shard": "12",
          "value": 37.333955279999806
        }
      },
      {
        "reactor_utilization": {
          "shard": "13",
          "value": 59.883314900000116
        }
      },
      {
        "reactor_utilization": {
          "shard": "14",
          "value": 82.682338659999942
        }
      },
      {
        "reactor_utilization": {
          "shard": "15",
          "value": 59.759288280000234
        }
      }
    ]
  },
  {
    "metrics": [
      {
        "reactor_utilization": {
          "shard": "0",
          "value": 57.222386480000118
        }
      },
      {
        "reactor_utilization": {
          "shard": "1",
          "value": 66.074382020000016
        }
      },
      {
        "reactor_utilization": {
          "shard": "2",
          "value": 63.577241319999935
        }
      },
      {
        "reactor_utilization": {
          "shard": "3",
          "value": 62.581554079999947
        }
      },
      {
        "reactor_utilization": {
          "shard": "4",
          "value": 62.042437380000081
        }
      },
      {
        "reactor_utilization": {
          "shard": "5",
          "value": 67.113841379999812
        }
      },
      {
        "reactor_utilization": {
          "shard": "6",
          "value": 71.973396479999835
        }
      },
      {
        "reactor_utilization": {
          "shard": "7",
          "value": 70.219482620000079
        }
      },
      {
        "reactor_utilization": {
          "shard": "8",
          "value": 75.409623159999967
        }
      },
      {
        "reactor_utilization": {
          "shard": "9",
          "value": 69.028852759999964
        }
      },
      {
        "reactor_utilization": {
          "shard": "10",
          "value": 66.678992840000291
        }
      },
      {
        "reactor_utilization": {
          "shard": "11",
          "value": 67.644785279999866
        }
      },
      {
        "reactor_utilization": {
          "shard": "12",
          "value": 69.408003079999787
        }
      },
      {
        "reactor_utilization": {
          "shard": "13",
          "value": 69.413416260000119
        }
      },
      {
        "reactor_utilization": {
          "shard": "14",
          "value": 56.885650159999948
        }
      },
      {
        "reactor_utilization": {
          "shard": "15",
          "value": 60.048144200000245
        }
      }
    ]
  },
  {
    "metrics": [
      {
        "reactor_utilization": {
          "shard": "0",
          "value": 65.411069560000129
        }
      },
      {
        "reactor_utilization": {
          "shard": "1",
          "value": 65.190129840000012
        }
      },
      {
        "reactor_utilization": {
          "shard": "2",
          "value": 67.52765317999993
        }
      },
      {
        "reactor_utilization": {
          "shard": "3",
          "value": 61.178613119999945
        }
      },
      {
        "reactor_utilization": {
          "shard": "4",
          "value": 76.205265940000075
        }
      },
      {
        "reactor_utilization": {
          "shard": "5",
          "value": 65.438317839999826
        }
      },
      {
        "reactor_utilization": {
          "shard": "6",
          "value": 61.870887219999837
        }
      },
      {
        "reactor_utilization": {
          "shard": "7",
          "value": 53.825410460000079
        }
      },
      {
        "reactor_utilization": {
          "shard": "8",
          "value": 54.883493819999948
        }
      },
      {
        "reactor_utilization": {
          "shard": "9",
          "value": 58.959071119999962
        }
      },
      {
        "reactor_utilization": {
          "shard": "10",
          "value": 73.430857580000279
        }
      },
      {
        "reactor_utilization": {
          "shard": "11",
          "value": 61.402450399999864
        }
      },
      {
        "reactor_utilization": {
          "shard": "12",
          "value": 80.075701079999789
        }
      },
      {
        "reactor_utilization": {
          "shard": "13",
          "value": 73.052267800000109
        }
      },
      {
        "reactor_utilization": {
          "shard": "14",
          "value": 58.524185339999946
        }
      },
      {
        "reactor_utilization": {
          "shard": "15",
          "value": 67.980864080000231
        }
      }
    ]
  },
  {
    "metrics": [
      {
        "reactor_utilization": {
          "shard": "0",
          "value": 64.845663160000129
        }
      },
      {
        "reactor_utilization": {
          "shard": "1",
          "value": 69.329848380000016
        }
      },
      {
        "reactor_utilization": {
          "shard": "2",
          "value": 58.842750399999929
        }
      },
      {
        "reactor_utilization": {
          "shard": "3",
          "value": 58.239254259999939
        }
      },
      {
        "reactor_utilization": {
          "shard": "4",
          "value": 60.313801160000068
        }
      },
      {
        "reactor_utilization": {
          "shard": "5",
          "value": 80.51688549999983
        }
      },
      {
        "reactor_utilization": {
          "shard": "6",
          "value": 73.747860119999828
        }
      },
      {
        "reactor_utilization": {
          "shard": "7",
          "value": 68.980762020000085
        }
      },
      {
        "reactor_utilization": {
          "shard": "8",
          "value": 53.282598239999956
        }
      },
      {
        "reactor_utilization": {
          "shard": "9",
          "value": 72.188349939999981
        }
      },
      {
        "reactor_utilization": {
          "shard": "10",
          "value": 54.193874860000271
        }
      },
      {
        "reactor_utilization": {
          "shard": "11",
          "value": 59.526247179999878
        }
      },
      {
        "reactor_utilization": {
          "shard": "12",
          "value": 62.939882859999784
        }
      },
      {
        "reactor_utilization": {
          "shard": "13",
          "value": 62.921692580000112
        }
      },
      {
        "reactor_utilization": {
          "shard": "14",
          "value": 64.786086039999944
        }
      },
      {
        "reactor_utilization": {
          "shard": "15",
          "value": 69.17622032000024
        }
      }
    ]
  },
  {
    "metrics": [
      {
        "reactor_utilization": {
          "shard": "0",
          "value": 69.673369180000137
        }
      },
      {
        "reactor_utilization": {
          "shard": "1",
          "value": 77.508150300000011
        }
      },
      {
        "reactor_utilization": {
          "shard": "2",
          "value": 53.699084899999939
        }
      },
      {
        "reactor_utilization": {
          "shard": "3",
          "value": 71.699183739999953
        }
      },
      {
        "reactor_utilization": {
          "shard": "4",
          "value": 76.307639600000073
        }
      },
      {
        "reactor_utilization": {
          "shard": "5",
          "value": 72.684717539999809
        }
      },
      {
        "reactor_utilization": {
          "shard": "6",
          "value": 61.419615699999831
        }
      },
      {
        "reactor_utilization": {
          "shard": "7",
          "value": 64.881398480000101
        }
      },
      {
        "reactor_utilization": {
          "shard": "8",
          "value": 67.009947399999959
        }
      },
      {
        "reactor_utilization": {
          "shard": "9",
          "value": 67.451594699999973
        }
      },
      {
        "reactor_utilization": {
          "shard": "10",
          "value": 60.585805060000283
        }
      },
      {
        "reactor_utilization": {
          "shard": "11",
          "value": 53.651222739999874
        }
      },
      {
        "reactor_utilization": {
          "shard": "12",
          "value": 58.939530919999797
        }
      },
      {
        "reactor_utilization": {
          "shard": "13",
          "value": 55.707146100000116
        }
      },
      {
        "reactor_utilization": {
          "shard": "14",
          "value": 63.23310201999994
        }
      },
      {
        "reactor_utilization": {
          "shard": "15",
          "value": 59.007400300000242
        }
      }
    ]
  },
  {
    "metrics": [
      {
        "reactor_utilization": {
          "shard": "0",
          "value": 83.755979120000134
        }
      },
      {
        "reactor_utilization": {
          "shard": "1",
          "value": 64.250620500000011
        }
      },
      {
        "reactor_utilization": {
          "shard": "2",
          "value": 61.855190819999947
        }
      },
      {
        "reactor_utilization": {
          "shard": "3",
          "value": 63.157813019999928
        }
      },
      {
        "reactor_utilization": {
          "shard": "4",
          "value": 55.380407680000076
        }
      },
      {
        "reactor_utilization": {
          "shard": "5",
          "value": 82.292815119999815
        }
      },
      {
        "reactor_utilization": {
          "shard": "6",
          "value": 57.28465095999983
        }
      },
      {
        "reactor_utilization": {
          "shard": "7",
          "value": 60.073254860000105
        }
      },
      {
        "reactor_utilization": {
          "shard": "8",
          "value": 53.178127659999944
        }
      },
      {
        "reactor_utilization": {
          "shard": "9",
          "value": 63.181686199999973
        }
      },
      {
        "reactor_utilization": {
          "shard": "10",
          "value": 62.355912460000283
        }
      },
      {
        "reactor_utilization": {
          "shard": "11",
          "value": 70.893384959999878
        }
      },
      {
        "reactor_utilization": {
          "shard": "12",
          "value": 54.963627979999785
        }
      },
      {
        "reactor_utilization": {
          "shard": "13",
          "value": 67.410421240000119
        }
      },
      {
        "reactor_utilization": {
          "shard": "14",
          "value": 71.290443199999942
        }
      },
      {
        "reactor_utilization": {
          "shard": "15",
          "value": 68.461536640000247
        }
      }
    ]
  },
  {
    "metrics": [
      {
        "reactor_utilization": {
          "shard": "0",
          "value": 56.512424980000134
        }
      },
      {
        "reactor_utilization": {
          "shard": "1",
          "value": 62.438039160000024
        }
      },
      {
        "reactor_utilization": {
          "shard": "2",
          "value": 71.861977899999957
        }
      },
      {
        "reactor_utilization": {
          "shard": "3",
          "value": 70.120002859999943
        }
      },
      {
        "reactor_utilization": {
          "shard": "4",
          "value": 73.277829640000064
        }
      },
      {
        "reactor_utilization": {
          "shard": "5",
          "value": 66.036807419999803
        }
      },
      {
        "reactor_utilization": {
          "shard": "6",
          "value": 61.661785979999841
        }
      },
      {
        "reactor_utilization": {
          "shard": "7",
          "value": 64.186312260000108
        }
      },
      {
        "reactor_utilization": {
          "shard": "8",
          "value": 58.947081319999953
        }
      },
      {
        "reactor_utilization": {
          "shard": "9",
          "value": 60.98994439999997
        }
      },
      {
        "reactor_utilization": {
          "shard": "10",
          "value": 60.342606240000293
        }
      },
      {
        "reactor_utilization": {
          "shard": "11",
          "value": 58.14576999999985
        }
      },
      {
        "reactor_utilization": {
          "shard": "12",
          "value": 61.432772699999781
        }
      },
      {
        "reactor_utilization": {
          "shard": "13",
          "value": 69.289166780000116
        }
      },
      {
        "reactor_utilization": {
          "shard": "14",
          "value": 79.503983719999951
        }
      },
      {
        "reactor_utilization": {
          "shard": "15",
          "value": 68.189858820000254
        }
      }
    ]
  },
  {
    "metrics": [
      {
        "reactor_utilization": {
          "shard": "0",
          "value": 80.496761380000123
        }
      },
      {
        "reactor_utilization": {
          "shard": "1",
          "value": 61.931031140000016
        }
      },
      {
        "reactor_utilization": {
          "shard": "2",
          "value": 69.572881759999945
        }
      },
      {
        "reactor_utilization": {
          "shard": "3",
          "value": 71.328693639999941
        }
      },
      {
        "reactor_utilization": {
          "shard": "4",
          "value": 60.220513240000074
        }
      },
      {
        "reactor_utilization": {
          "shard": "5",
          "value": 63.626372179999805
        }
      },
      {
        "reactor_utilization": {
          "shard": "6",
          "value": 68.113023639999852
        }
      },
      {
        "reactor_utilization": {
          "shard": "7",
          "value": 68.083992600000116
        }
      },
      {
        "reactor_utilization": {
          "shard": "8",
          "value": 80.095943799999958
        }
      },
      {
        "reactor_utilization": {
          "shard": "9",
          "value": 58.748307659999973
        }
      },
      {
        "reactor_utilization": {
          "shard": "10",
          "value": 50.268300760000287
        }
      },
      {
        "reactor_utilization": {
          "shard": "11",
          "value": 62.830330059999874
        }
      },
      {
        "reactor_utilization": {
          "shard": "12",
          "value": 54.225519459999781
        }
      },
      {
        "reactor_utilization": {
          "shard": "13",
          "value": 69.374471560000117
        }
      },
      {
        "reactor_utilization": {
          "shard": "14",
          "value": 59.217244499999943
        }
      },
      {
        "reactor_utilization": {
          "shard": "15",
          "value": 53.576326040000247
        }
      }
    ]
  },
  {
    "metrics": [
      {
        "reactor_utilization": {
          "shard": "0",
          "value": 49.425904640000127
        }
      },
      {
        "reactor_utilization": {
          "shard": "1",
          "value": 69.506506380000019
        }
      },
      {
        "reactor_utilization": {
          "shard": "2",
          "value": 71.138952939999939
        }
      },
      {
        "reactor_utilization": {
          "shard": "3",
          "value": 67.435954639999935
        }
      },
      {
        "reactor_utilization": {
          "shard": "4",
          "value": 66.052974460000073
        }
      },
      {
        "reactor_utilization": {
          "shard": "5",
          "value": 71.580660599999817
        }
      },
      {
        "reactor_utilization": {
          "shard": "6",
          "value": 66.894021319999837
        }
      },
      {
        "reactor_utilization": {
          "shard": "7",
          "value": 52.962012200000096
        }
      },
      {
        "reactor_utilization": {
          "shard": "8",
          "value": 72.414895999999956
        }
      },
      {
        "reactor_utilization": {
          "shard": "9",
          "value": 81.185891379999987
        }
      },
      {
        "reactor_utilization": {
          "shard": "10",
          "value": 70.044838060000274
        }
      },
      {
        "reactor_utilization": {
          "shard": "11",
          "value": 52.036750699999871
        }
      },
      {
        "reactor_utilization": {
          "shard": "12",
          "value": 51.266824999999784
        }
      },
      {
        "reactor_utilization": {
          "shard": "13",
          "value": 59.799720960000116
        }
      },
      {
        "reactor_utilization": {
          "shard": "14",
          "value": 71.334557639999957
        }
      },
      {
        "reactor_utilization": {
          "shard": "15",
          "value": 64.658853640000231
        }
      }
    ]
  },
  {
    "metrics": [
      {
        "reactor_utilization": {
          "shard": "0",
          "value": 63.605859960000124
        }
      },
      {
        "reactor_utilization": {
          "shard": "1",
          "value": 63.340374200000028
        }
      },
      {
        "reactor_utilization": {
          "shard": "2",
          "value": 74.855166399999945
        }
      },
      {
        "reactor_utilization": {
          "shard": "3",
          "value": 67.80097405999993
        }
      },
      {
        "reactor_utilization": {
          "shard": "4",
          "value": 59.776885180000072
        }
      },
      {
        "reactor_utilization": {
          "shard": "5",
          "value": 61.822445379999813
        }
      },
      {
        "reactor_utilization": {
          "shard": "6",
          "value": 75.919232659999835
        }
      },
      {
        "reactor_utilization": {
          "shard": "7",
          "value": 73.575560760000101
        }
      },
      {
        "reactor_utilization": {
          "shard": "8",
          "value": 55.650212399999951
        }
      },
      {
        "reactor_utilization": {
          "shard": "9",
          "value": 83.611964659999984
        }
      },
      {
        "reactor_utilization": {
          "shard": "10",
          "value": 42.752248500000277
        }
      },
      {
        "reactor_utilization": {
          "shard": "11",
          "value": 53.387496219999875
        }
      },
      {
        "reactor_utilization": {
          "shard": "12",
          "value": 44.997671979999787
        }
      },
      {
        "reactor_utilization": {
          "shard": "13",
          "value": 66.054215340000113
        }
      },
      {
        "reactor_utilization": {
          "shard": "14",
          "value": 75.078805019999947
        }
      },
      {
        "reactor_utilization": {
          "shard": "15",
          "value": 53.820380520000235
        }
      }
    ]
  }
]
