[
  {
    "metrics": [
      {
        "reactor_utilization": {
          "shard": "0",
          "value": 91.162387860000152
        }
      },
      {
        "reactor_utilization": {
          "shard": "1",
          "value": 83.538482720000047
        }
      },
      {
        "reactor_utilization": {
          "shard": "2",
          "value": 79.085067579999929
        }
      },
      {
        "reactor_utilization": {
          "shard": "3",
          "value": 75.365182239999527
        }
      },
      {
        "reactor_utilization": {
          "shard": "4",
          "value": 74.303811159999825
        }
      },
      {
        "reactor_utilization": {
          "shard": "5",
          "value": 70.694882639999832
        }
      },
      {
        "reactor_utilization": {
          "shard": "6",
          "value": 76.40304341999979
        }
      },
      {
        "reactor_utilization": {
          "shard": "7",
          "value": 72.610987559999998
        }
      },
      {
        "reactor_utilization": {
          "shard": "8",
          "value": 77.319115319999597
        }
      },
      {
        "reactor_utilization": {
          "shard": "9",
          "value": 87.228230680000181
        }
      },
      {
        "reactor_utilization": {
          "shard": "10",
          "value": 77.603143560000689
        }
      },
      {
        "reactor_utilization": {
          "shard": "11",
          "value": 85.351014439999815
        }
      },
      {
        "reactor_utilization": {
          "shard": "12",
          "value": 69.816348659999818
        }
      },
      {
        "reactor_utilization": {
          "shard": "13",
          "value": 89.000580120000151
        }
      },
      {
        "reactor_utilization": {
          "shard": "14",
          "value": 61.264531719999852
        }
      },
      {
        "reactor_utilization": {
          "shard": "15",
          "value": 63.000972700000332
        }
      }
    ]
  },
  {
    "metrics": [
      {
        "reactor_utilization": {
          "shard": "0",
          "value": 79.362641040000142
        }
      },
      {
        "reactor_utilization": {
          "shard": "1",
          "value": 95.949126160000034
        }
      },
      {
        "reactor_utilization": {
          "shard": "2",
          "value": 82.142785419999925
        }
      },
      {
        "reactor_utilization": {
          "shard": "3",
          "value": 78.074369559999539
        }
      },
      {
        "reactor_utilization": {
          "shard": "4",
          "value": 74.515894979999814
        }
      },
      {
        "reactor_utilization": {
          "shard": "5",
          "value": 87.364417659999845
        }
      },
      {
        "reactor_utilization": {
          "shard": "6",
          "value": 79.78498015999979
        }
      },
      {
        "reactor_utilization": {
          "shard": "7",
          "value": 67.862245639999998
        }
      },
      {
        "reactor_utilization": {
          "shard": "8",
          "value": 79.7128382599996
        }
      },
      {
        "reactor_utilization": {
          "shard": "9",
          "value": 86.196742760000191
        }
      },
      {
        "reactor_utilization": {
          "shard": "10",
          "value": 73.302755100000681
        }
      },
      {
        "reactor_utilization": {
          "shard": "11",
          "value": 89.782688299999819
        }
      },
      {
        "reactor_utilization": {
          "shard": "12",
          "value": 75.950707419999816
        }
      },
      {
        "reactor_utilization": {
          "shard": "13",
          "value": 88.745287680000146
        }
      },
      {
        "reactor_utilization": {
          "shard": "14",
          "value": 59.857195659999853
        }
      },
      {
        "reactor_utilization": {
          "shard": "15",
          "value": 70.02063316000033
        }
      }
    ]
  },
  {
    "metrics": [
      {
        "reactor_utilization": {
          "shard": "0",
          "value": 70.921269360000153
        }
      },
      {
        "reactor_utilization": {
          "shard": "1",
          "value": 83.196691060000035
        }
      },
      {
        "reactor_utilization": {
          "shard": "2",
          "value": 98.998431979999935
        }
      },
      {
        "reactor_utilization": {
          "shard": "3",
          "value": 83.987812919999541
        }
      },
      {
        "reactor_utilization": {
          "shard": "4",
          "value": 70.49534529999984
        }
      },
      {
        "reactor_utilization": {
          "shard": "5",
          "value": 64.279764239999835
        }
      },
      {
        "reactor_utilization": {
          "shard": "6",
          "value": 91.349065179999798
        }
      },
      {
        "reactor_utilization": {
          "shard": "7",
          "value": 85.942316140000003
        }
      },
      {
        "reactor_utilization": {
          "shard": "8",
          "value": 60.450512119999608
        }
      },
      {
        "reactor_utilization": {
          "shard": "9",
          "value": 77.596554520000183
        }
      },
      {
        "reactor_utilization": {
          "shard": "10",
          "value": 87.983391300000676
        }
      },
      {
        "reactor_utilization": {
          "shard": "11",
          "value": 93.435742819999817
        }
      },
      {
        "reactor_utilization": {
          "shard": "12",
          "value": 82.611607339999821
        }
      },
      {
        "reactor_utilization": {
          "shard": "13",
          "value": 71.256522600000153
        }
      },
      {
        "reactor_utilization": {
          "shard": "14",
          "value": 56.62383047999986
        }
      },
      {
        "reactor_utilization": {
          "shard": "15",
          "value": 78.287342620000345
        }
      }
    ]
  },
  {
    "metrics": [
      {
        "reactor_utilization": {
          "shard": "0",
          "value": 80.033270640000154
        }
      },
      {
        "reactor_utilization": {
          "shard": "1",
          "value": 88.542600960000044
        }
      },
      {
        "reactor_utilization": {
          "shard": "2",
          "value": 90.848456259999935
        }
      },
      {
        "reactor_utilization": {
          "shard": "3",
          "value": 73.996347819999542
        }
      },
      {
        "reactor_utilization": {
          "shard": "4",
          "value": 76.814230179999825
        }
      },
      {
        "reactor_utilization": {
          "shard": "5",
          "value": 74.29485759999983
        }
      },
      {
        "reactor_utilization": {
          "shard": "6",
          "value": 64.424564039999794
        }
      },
      {
        "reactor_utilization": {
          "shard": "7",
          "value": 62.405225220000005
        }
      },
      {
        "reactor_utilization": {
          "shard": "8",
          "value": 76.999641399999604
        }
      },
      {
        "reactor_utilization": {
          "shard": "9",
          "value": 95.210020780000193
        }
      },
      {
        "reactor_utilization": {
          "shard": "10",
          "value": 86.378272900000681
        }
      },
      {
        "reactor_utilization": {
          "shard": "11",
          "value": 88.356228839999815
        }
      },
      {
        "reactor_utilization": {
          "shard": "12",
          "value": 62.891310019999814
        }
      },
      {
        "reactor_utilization": {
          "shard": "13",
          "value": 88.257227720000145
        }
      },
      {
        "reactor_utilization": {
          "shard": "14",
          "value": 66.142261339999848
        }
      },
      {
        "reactor_utilization": {
          "shard": "15",
          "value": 78.230187800000337
        }
      }
    ]
  },
  {
    "metrics": [
      {
        "reactor_utilization": {
          "shard": "0",
          "value": 83.803349260000147
        }
      },
      {
        "reactor_utilization": {
          "shard": "1",
          "value": 99.535786020000046
        }
      },
      {
        "reactor_utilization": {
          "shard": "2",
          "value": 64.959919919999948
        }
      },
      {
        "reactor_utilization": {
          "shard": "3",
          "value": 70.819736319999549
        }
      },
      {
        "reactor_utilization": {
          "shard": "4",
          "value": 90.111517979999832
        }
      },
      {
        "reactor_utilization": {
          "shard": "5",
          "value": 76.998247499999835
        }
      },
      {
        "reactor_utilization": {
          "shard": "6",
          "value": 74.082164799999802
        }
      },
      {
        "reactor_utilization": {
          "shard": "7",
          "value": 72.435415280000001
        }
      },
      {
        "reactor_utilization": {
          "shard": "8",
          "value": 69.777737799999613
        }
      },
      {
        "reactor_utilization": {
          "shard": "9",
          "value": 90.992492000000198
        }
      },
      {
        "reactor_utilization": {
          "shard": "10",
          "value": 72.764607320000678
        }
      },
      {
        "reactor_utilization": {
          "shard": "11",
          "value": 82.50676881999982
        }
      },
      {
        "reactor_utilization": {
          "shard": "12",
          "value": 78.556069419999801
        }
      },
      {
        "reactor_utilization": {
          "shard": "13",
          "value": 84.100302740000146
        }
      },
      {
        "reactor_utilization": {
          "shard": "14",
          "value": 69.918012199999851
        }
      },
      {
        "reactor_utilization": {
          "shard": "15",
          "value": 79.370602220000336
        }
      }
    ]
  },
  {
    "metrics": [
      {
        "reactor_utilization": {
          "shard": "0",
          "value": 85.121290520000144
        }
      },
      {
        "reactor_utilization": {
          "shard": "1",
          "value": 87.98749404000003
        }
      },
      {
        "reactor_utilization": {
          "shard": "2",
          "value": 89.254617879999941
        }
      },
      {
        "reactor_utilization": {
          "shard": "3",
          "value": 83.615439499999539
        }
      },
      {
        "reactor_utilization": {
          "shard": "4",
          "value": 76.097437039999832
        }
      },
      {
        "reactor_utilization": {
          "shard": "5",
          "value": 67.235774759999842
        }
      },
      {
        "reactor_utilization": {
          "shard": "6",
          "value": 80.459028479999802
        }
      },
      {
        "reactor_utilization": {
          "shard": "7",
          "value": 79.195800460000015
        }
      },
      {
        "reactor_utilization": {
          "shard": "8",
          "value": 82.365810399999603
        }
      },
      {
        "reactor_utilization": {
          "shard": "9",
          "value": 94.083044140000197
        }
      },
      {
        "reactor_utilization": {
          "shard": "10",
          "value": 73.320248060000679
        }
      },
      {
        "reactor_utilization": {
          "shard": "11",
          "value": 81.948088439999822
        }
      },
      {
        "reactor_utilization": {
          "shard": "12",
          "value": 89.86253981999981
        }
      },
      {
        "reactor_utilization": {
          "shard": "13",
          "value": 73.956383700000146
        }
      },
      {
        "reactor_utilization": {
          "shard": "14",
          "value": 69.172454319999858
        }
      },
      {
        "reactor_utilization": {
          "shard": "15",
          "value": 77.373299720000347
        }
      }
    ]
  },
  {
    "metrics": [
      {
        "reactor_utilization": {
          "shard": "0",
          "value": 80.70634162000016
        }
      },
      {
        "reactor_utilization": {
          "shard": "1",
          "value": 96.419693380000041
        }
      },
      {
        "reactor_utilization": {
          "shard": "2",
          "value": 72.833359419999937
        }
      },
      {
        "reactor_utilization": {
          "shard": "3",
          "value": 63.820498799999534
        }
      },
      {
        "reactor_utilization": {
          "shard": "4",
          "value": 74.393391139999835
        }
      },
      {
        "reactor_utilization": {
          "shard": "5",
          "value": 69.615534519999841
        }
      },
      {
        "reactor_utilization": {
          "shard": "6",
          "value": 66.005540919999788
        }
      },
      {
        "reactor_utilization": {
          "shard": "7",
          "value": 77.678730000000002
        }
      },
      {
        "reactor_utilization": {
          "shard": "8",
          "value": 75.221586779999598
        }
      },
      {
        "reactor_utilization": {
          "shard": "9",
          "value": 80.753621340000194
        }
      },
      {
        "reactor_utilization": {
          "shard": "10",
          "value": 77.329051980000671
        }
      },
      {
        "reactor_utilization": {
          "shard": "11",
          "value": 78.618452459999816
        }
      },
      {
        "reactor_utilization": {
          "shard": "12",
          "value": 87.052214319999806
        }
      },
      {
        "reactor_utilization": {
          "shard": "13",
          "value": 89.03861214000014
        }
      },
      {
        "reactor_utilization": {
          "shard": "14",
          "value": 80.279340739999867
        }
      },
      {
        "reactor_utilization": {
          "shard": "15",
          "value": 82.114972460000345
        }
      }
    ]
  },
  {
    "metrics": [
      {
        "reactor_utilization": {
          "shard": "0",
          "value": 72.296850780000156
        }
      },
      {
        "reactor_utilization": {
          "shard": "1",
          "value": 78.863551160000029
        }
      },
      {
        "reactor_utilization": {
          "shard": "2",
          "value": 74.063519299999939
        }
      },
      {
        "reactor_utilization": {
          "shard": "3",
          "value": 83.249214899999529
        }
      },
      {
        "reactor_utilization": {
          "shard": "4",
          "value": 86.069690059999829
        }
      },
      {
        "reactor_utilization": {
          "shard": "5",
          "value": 73.082136639999845
        }
      },
      {
        "reactor_utilization": {
          "shard": "6",
          "value": 65.119402539999797
        }
      },
      {
        "reactor_utilization": {
          "shard": "7",
          "value": 66.123557399999996
        }
      },
      {
        "reactor_utilization": {
          "shard": "8",
          "value": 83.9920160599996
        }
      },
      {
        "reactor_utilization": {
          "shard": "9",
          "value": 76.503180140000183
        }
      },
      {
        "reactor_utilization": {
          "shard": "10",
          "value": 69.270407500000672
        }
      },
      {
        "reactor_utilization": {
          "shard": "11",
          "value": 81.626677499999829
        }
      },
      {
        "reactor_utilization": {
          "shard": "12",
          "value": 83.162042859999801
        }
      },
      {
        "reactor_utilization": {
          "shard": "13",
          "value": 82.845282820000136
        }
      },
      {
        "reactor_utilization": {
          "shard": "14",
          "value": 84.778638499999843
        }
      },
      {
        "reactor_utilization": {
          "shard": "15",
          "value": 82.794861820000349
        }
      }
    ]
  },
  {
    "metrics": [
      {
        "reactor_utilization": {
          "shard": "0",
          "value": 81.101825000000161
        }
      },
      {
        "reactor_utilization": {
          "shard": "1",
          "value": 93.072524180000045
        }
      },
      {
        "reactor_utilization": {
          "shard": "2",
          "value": 87.949975839999922
        }
      },
      {
        "reactor_utilization": {
          "shard": "3",
          "value": 75.072043319999537
        }
      },
      {
        "reactor_utilization": {
          "shard": "4",
          "value": 65.82935045999983
        }
      },
      {
        "reactor_utilization": {
          "shard": "5",
          "value": 64.247761999999824
        }
      },
      {
        "reactor_utilization": {
          "shard": "6",
          "value": 84.361228779999792
        }
      },
      {
        "reactor_utilization": {
          "shard": "7",
          "value": 62.289521640000004
        }
      },
      {
        "reactor_utilization": {
          "shard": "8",
          "value": 86.846102479999601
        }
      },
      {
        "reactor_utilization": {
          "shard": "9",
          "value": 93.849113340000173
        }
      },
      {
        "reactor_utilization": {
          "shard": "10",
          "value": 69.80357806000066
        }
      },
      {
        "reactor_utilization": {
          "shard": "11",
          "value": 74.522569299999816
        }
      },
      {
        "reactor_utilization": {
          "shard": "12",
          "value": 83.19317961999981
        }
      },
      {
        "reactor_utilization": {
          "shard": "13",
          "value": 67.486559040000145
        }
      },
      {
        "reactor_utilization": {
          "shard": "14",
          "value": 72.938001119999853
        }
      },
      {
        "reactor_utilization": {
          "shard": "15",
          "value": 64.554595980000357
        }
      }
    ]
  },
  {
    "metrics": [
      {
        "reactor_utilization": {
          "shard": "0",
          "value": 75.908066400000166
        }
      },
      {
        "reactor_utilization": {
          "shard": "1",
          "value": 93.150668860000025
        }
      },
      {
        "reactor_utilization": {
          "shard": "2",
          "value": 69.381322279999921
        }
      },
      {
        "reactor_utilization": {
          "shard": "3",
          "value": 62.014260859999524
        }
      },
      {
        "reactor_utilization": {
          "shard": "4",
          "value": 68.66669139999982
        }
      },
      {
        "reactor_utilization": {
          "shard": "5",
          "value": 66.128987519999825
        }
      },
      {
        "reactor_utilization": {
          "shard": "6",
          "value": 85.786094699999779
        }
      },
      {
        "reactor_utilization": {
          "shard": "7",
          "value": 88.333443579999994
        }
      },
      {
        "reactor_utilization": {
          "shard": "8",
          "value": 82.413468999999594
        }
      },
      {
        "reactor_utilization": {
          "shard": "9",
          "value": 76.58129154000018
        }
      },
      {
        "reactor_utilization": {
          "shard": "10",
          "value": 84.422485040000666
        }
      },
      {
        "reactor_utilization": {
          "shard": "11",
          "value": 83.789155279999818
        }
      },
      {
        "reactor_utilization": {
          "shard": "12",
          "value": 83.365984239999818
        }
      },
      {
        "reactor_utilization": {
          "shard": "13",
          "value": 91.529058660000146
        }
      },
      {
        "reactor_utilization": {
          "shard": "14",
          "value": 79.721250119999851
        }
      },
      {
        "reactor_utilization": {
          "shard": "15",
          "value": 66.838029740000351
        }
      }
    ]
  },
  {
    "metrics": [
      {
        "reactor_utilization": {
          "shard": "0",
          "value": 79.354033420000164
        }
      },
      {
        "reactor_utilization": {
          "shard": "1",
          "value": 78.631813340000036
        }
      },
      {
        "reactor_utilization": {
          "shard": "2",
          "value": 77.028305139999915
        }
      },
      {
        "reactor_utilization": {
          "shard": "3",
          "value": 79.111087299999525
        }
      },
      {
        "reactor_utilization": {
          "shard": "4",
          "value": 64.05500575999983
        }
      },
      {
        "reactor_utilization": {
          "shard": "5",
          "value": 71.855759439999815
        }
      },
      {
        "reactor_utilization": {
          "shard": "6",
          "value": 89.578032999999792
        }
      },
      {
        "reactor_utilization": {
          "shard": "7",
          "value": 81.931579839999984
        }
      },
      {
        "reactor_utilization": {
          "shard": "8",
          "value": 94.858382959999602
        }
      },
      {
        "reactor_utilization": {
          "shard": "9",
          "value": 77.470719700000174
        }
      },
      {
        "reactor_utilization": {
          "shard": "10",
          "value": 90.457581700000674
        }
      },
      {
        "reactor_utilization": {
          "shard": "11",
          "value": 98.501937099999822
        }
      },
      {
        "reactor_utilization": {
          "shard": "12",
          "value": 78.726919539999813
        }
      },
      {
        "reactor_utilization": {
          "shard": "13",
          "value": 85.05181388000014
        }
      },
      {
        "reactor_utilization": {
          "shard": "14",
          "value": 71.538590339999857
        }
      },
      {
        "reactor_utilization": {
          "shard": "15",
          "value": 66.236560080000359
        }
      }
    ]
  },
  {
    "metrics": [
      {
        "reactor_utilization": {
          "shard": "0",
          "value": 88.434410900000159
        }
      },
      {
        "reactor_utilization": {
          "shard": "1",
          "value": 88.853651660000025
        }
      },
      {
        "reactor_utilization": {
          "shard": "2",
          "value": 70.100747099999921
        }
      },
      {
        "reactor_utilization": {
          "shard": "3",
          "value": 66.489486619999511
        }
      },
      {
        "reactor_utilization": {
          "shard": "4",
          "value": 90.433199379999834
        }
      },
      {
        "reactor_utilization": {
          "shard": "5",
          "value": 71.531033899999812
        }
      },
      {
        "reactor_utilization": {
          "shard": "6",
          "value": 79.269312599999779
        }
      },
      {
        "reactor_utilization": {
          "shard": "7",
          "value": 69.754858879999986
        }
      },
      {
        "reactor_utilization": {
          "shard": "8",
          "value": 78.142252659999599
        }
      },
      {
        "reactor_utilization": {
          "shard": "9",
          "value": 81.580280520000187
        }
      },
      {
        "reactor_utilization": {
          "shard": "10",
          "value": 70.165875980000678
        }
      },
      {
        "reactor_utilization": {
          "shard": "11",
          "value": 77.950929479999814
        }
      },
      {
        "reactor_utilization": {
          "shard": "12",
          "value": 85.002090559999814
        }
      },
      {
        "reactor_utilization": {
          "shard": "13",
          "value": 96.859919460000128
        }
      },
      {
        "reactor_utilization": {
          "shard": "14",
          "value": 60.164524599999858
        }
      },
      {
        "reactor_utilization": {
          "shard": "15",
          "value": 86.785584080000362
        }
      }
    ]
  },
  {
    "metrics": [
      {
        "reactor_utilization": {
          "shard": "0",
          "value": 84.365812700000163
        }
      },
      {
        "reactor_utilization": {
          "shard": "1",
          "value": 88.209670880000033
        }
      },
      {
        "reactor_utilization": {
          "shard": "2",
          "value": 69.968270239999924
        }
      },
      {
        "reactor_utilization": {
          "shard": "3",
          "value": 73.398305999999522
        }
      },
      {
        "reactor_utilization": {
          "shard": "4",
          "value": 85.195519799999829
        }
      },
      {
        "reactor_utilization": {
          "shard": "5",
          "value": 90.125483519999833
        }
      },
      {
        "reactor_utilization": {
          "shard": "6",
          "value": 73.554051739999792
        }
      },
      {
        "reactor_utilization": {
          "shard": "7",
          "value": 69.407872799999993
        }
      },
      {
        "reactor_utilization": {
          "shard": "8",
          "value": 71.100761839999606
        }
      },
      {
        "reactor_utilization": {
          "shard": "9",
          "value": 86.672999860000175
        }
      },
      {
        "reactor_utilization": {
          "shard": "10",
          "value": 87.022302820000675
        }
      },
      {
        "reactor_utilization": {
          "shard": "11",
          "value": 88.791802659999831
        }
      },
      {
        "reactor_utilization": {
          "shard": "12",
          "value": 91.461015099999827
        }
      },
      {
        "reactor_utilization": {
          "shard": "13",
          "value": 88.209953180000127
        }
      },
      {
        "reactor_utilization": {
          "shard": "14",
          "value": 74.898512679999868
        }
      },
      {
        "reactor_utilization": {
          "shard": "15",
          "value": 77.505631100000357
        }
      }
    ]
  },
  {
    "metrics": [
      {
        "reactor_utilization": {
          "shard": "0",
          "value": 94.455405180000156
        }
      },
      {
        "reactor_utilization": {
          "shard": "1",
          "value": 92.452832980000039
        }
      },
      {
        "reactor_utilization": {
          "shard": "2",
          "value": 78.970190579999922
        }
      },
      {
        "reactor_utilization": {
          "shard": "3",
          "value": 82.727769859999526
        }
      },
      {
        "reactor_utilization": {
          "shard": "4",
          "value": 83.672649379999825
        }
      },
      {
        "reactor_utilization": {
          "shard": "5",
          "value": 83.430910339999826
        }
      },
      {
        "reactor_utilization": {
          "shard": "6",
          "value": 69.970337979999783
        }
      },
      {
        "reactor_utilization": {
          "shard": "7",
          "value": 76.953165379999987
        }
      },
      {
        "reactor_utilization": {
          "shard": "8",
          "value": 74.799735319999598
        }
      },
      {
        "reactor_utilization": {
          "shard": "9",
          "value": 80.409944220000185
        }
      },
      {
        "reactor_utilization": {
          "shard": "10",
          "value": 67.781835520000683
        }
      },
      {
        "reactor_utilization": {
          "shard": "11",
          "value": 85.294911659999826
        }
      },
      {
        "reactor_utilization": {
          "shard": "12",
          "value": 65.721102319999815
        }
      },
      {
        "reactor_utilization": {
          "shard": "13",
          "value": 85.530907320000125
        }
      },
      {
        "reactor_utilization": {
          "shard": "14",
          "value": 66.919752779999868
        }
      },
      {
        "reactor_utilization": {
          "shard": "15",
          "value": 71.482594780000369
        }
      }
    ]
  },
  {
    "metrics": [
      {
        "reactor_utilization": {
          "shard": "0",
          "value": 87.187755580000157
        }
      },
      {
        "reactor_utilization": {
          "shard": "1",
          "value": 89.375535920000033
        }
      },
      {
        "reactor_utilization": {
          "shard": "2",
          "value": 84.017975559999925
        }
      },
      {
        "reactor_utilization": {
          "shard": "3",
          "value": 84.072391219999517
        }
      },
      {
        "reactor_utilization": {
          "shard": "4",
          "value": 76.672780019999848
        }
      },
      {
        "reactor_utilization": {
          "shard": "5",
          "value": 80.428656819999816
        }
      },
      {
        "reactor_utilization": {
          "shard": "6",
          "value": 73.444862879999789
        }
      },
      {
        "reactor_utilization": {
          "shard": "7",
          "value": 84.613353619999998
        }
      },
      {
        "reactor_utilization": {
          "shard": "8",
          "value": 66.080565639999605
        }
      },
      {
        "reactor_utilization": {
          "shard": "9",
          "value": 75.53863478000018
        }
      },
      {
        "reactor_utilization": {
          "shard": "10",
          "value": 84.769353900000667
        }
      },
      {
        "reactor_utilization": {
          "shard": "11",
          "value": 78.936092599999824
        }
      },
      {
        "reactor_utilization": {
          "shard": "12",
          "value": 82.566387739999797
        }
      },
      {
        "reactor_utilization": {
          "shard": "13",
          "value": 91.868265980000132
        }
      },
      {
        "reactor_utilization": {
          "shard": "14",
          "value": 66.327995219999863
        }
      },
      {
        "reactor_utilization": {
          "shard": "15",
          "value": 82.881342680000358
        }
      }
    ]
  },
  {
    "metrics": [
      {
        "reactor_utilization": {
          "shard": "0",
          "value": 77.628759980000154
        }
      },
      {
        "reactor_utilization": {
          "shard": "1",
          "value": 79.940050000000042
        }
      },
      {
        "reactor_utilization": {
          "shard": "2",
          "value": 82.248522459999919
        }
      },
      {
        "reactor_utilization": {
          "shard": "3",
          "value": 75.218341259999519
        }
      },
      {
        "reactor_utilization": {
          "shard": "4",
          "value": 79.218751999999839
        }
      },
      {
        "reactor_utilization": {
          "shard": "5",
          "value": 65.201972419999805
        }
      },
      {
        "reactor_utilization": {
          "shard": "6",
          "value": 68.476893279999786
        }
      },
      {
        "reactor_utilization": {
          "shard": "7",
          "value": 67.024543159999993
        }
      },
      {
        "reactor_utilization": {
          "shard": "8",
          "value": 94.3771307399996
        }
      },
      {
        "reactor_utilization": {
          "shard": "9",
          "value": 79.718208420000181
        }
      },
      {
        "reactor_utilization": {
          "shard": "10",
          "value": 58.320943800000677
        }
      },
      {
        "reactor_utilization": {
          "shard": "11",
          "value": 76.949648659999824
        }
      },
      {
        "reactor_utilization": {
          "shard": "12",
          "value": 72.024852179999812
        }
      },
      {
        "reactor_utilization": {
          "shard": "13",
          "value": 95.832342820000136
        }
      },
      {
        "reactor_utilization": {
          "shard": "14",
          "value": 81.531701119999866
        }
      },
      {
        "reactor_utilization": {
          "shard": "15",
          "value": 73.318441360000364
        }
      }
    ]
  },
  {
    "metrics": [
      {
        "reactor_utilization": {
          "shard": "0",
          "value": 88.585220440000157
        }
      },
      {
        "reactor_utilization": {
          "shard": "1",
          "value": 78.849935040000048
        }
      },
      {
        "reactor_utilization": {
          "shard": "2",
          "value": 87.279981359999923
        }
      },
      {
        "reactor_utilization": {
          "shard": "3",
          "value": 92.465322459999527
        }
      },
      {
        "reactor_utilization": {
          "shard": "4",
          "value": 68.528239919999848
        }
      },
      {
        "reactor_utilization": {
          "shard": "5",
          "value": 78.711057619999821
        }
      },
      {
        "reactor_utilization": {
          "shard": "6",
          "value": 82.183419919999778
        }
      },
      {
        "reactor_utilization": {
          "shard": "7",
          "value": 61.640100180000005
        }
      },
      {
        "reactor_utilization": {
          "shard": "8",
          "value": 84.5889031199996
        }
      },
      {
        "reactor_utilization": {
          "shard": "9",
          "value": 98.976514800000189
        }
      },
      {
        "reactor_utilization": {
          "shard": "10",
          "value": 79.099272060000672
        }
      },
      {
        "reactor_utilization": {
          "shard": "11",
          "value": 81.540593819999827
        }
      },
      {
        "reactor_utilization": {
          "shard": "12",
          "value": 73.059073479999824
        }
      },
      {
        "reactor_utilization": {
          "shard": "13",
          "value": 78.742630040000122
        }
      },
      {
        "reactor_utilization": {
          "shard": "14",
          "value": 62.700979939999868
        }
      },
      {
        "reactor_utilization": {
          "shard": "15",
          "value": 69.026821920000373
        }
      }
    ]
  },
  {
    "metrics": [
      {
        "reactor_utilization": {
          "shard": "0",
          "value": 77.33150484000015
        }
      },
      {
        "reactor_utilization": {
          "shard": "1",
          "value": 91.163400620000033
        }
      },
      {
        "reactor_utilization": {
          "shard": "2",
          "value": 86.055740219999933
        }
      },
      {
        "reactor_utilization": {
          "shard": "3",
          "value": 79.623534659999521
        }
      },
      {
        "reactor_utilization": {
          "shard": "4",
          "value": 74.443374239999841
        }
      },
      {
        "reactor_utilization": {
          "shard": "5",
          "value": 73.31098451999982
        }
      },
      {
        "reactor_utilization": {
          "shard": "6",
          "value": 86.521273819999791
        }
      },
      {
        "reactor_utilization": {
          "shard": "7",
          "value": 68.906560400000004
        }
      },
      {
        "reactor_utilization": {
          "shard": "8",
          "value": 79.011277219999613
        }
      },
      {
        "reactor_utilization": {
          "shard": "9",
          "value": 79.275344620000183
        }
      },
      {
        "reactor_utilization": {
          "shard": "10",
          "value": 68.449537560000678
        }
      },
      {
        "reactor_utilization": {
          "shard": "11",
          "value": 85.504411819999831
        }
      },
      {
        "reactor_utilization": {
          "shard": "12",
          "value": 85.604486059999815
        }
      },
      {
        "reactor_utilization": {
          "shard": "13",
          "value": 95.362386180000129
        }
      },
      {
        "reactor_utilization": {
          "shard": "14",
          "value": 76.497378939999876
        }
      },
      {
        "reactor_utilization": {
          "shard": "15",
          "value": 69.950719740000366
        }
      }
    ]
  },
  {
    "metrics": [
      {
        "reactor_utilization": {
          "shard": "0",
          "value": 85.238604860000166
        }
      },
      {
        "reactor_utilization": {
          "shard": "1",
          "value": 86.034351980000039
        }
      },
      {
        "reactor_utilization": {
          "shard": "2",
          "value": 90.905237959999923
        }
      },
      {
        "reactor_utilization": {
          "shard": "3",
          "value": 80.041954519999521
        }
      },
      {
        "reactor_utilization": {
          "shard": "4",
          "value": 75.099982979999837
        }
      },
      {
        "reactor_utilization": {
          "shard": "5",
          "value": 72.88010779999982
        }
      },
      {
        "reactor_utilization": {
          "shard": "6",
          "value": 86.923517839999789
        }
      },
      {
        "reactor_utilization": {
          "shard": "7",
          "value": 77.310673940000001
        }
      },
      {
        "reactor_utilization": {
          "shard": "8",
          "value": 61.746051719999606
        }
      },
      {
        "reactor_utilization": {
          "shard": "9",
          "value": 87.003810780000194
        }
      },
      {
        "reactor_utilization": {
          "shard": "10",
          "value": 76.942671940000665
        }
      },
      {
        "reactor_utilization": {
          "shard": "11",
          "value": 87.04963923999982
        }
      },
      {
        "reactor_utilization": {
          "shard": "12",
          "value": 71.333652279999811
        }
      },
      {
        "reactor_utilization": {
          "shard": "13",
          "value": 83.767796940000125
        }
      },
      {
        "reactor_utilization": {
          "shard": "14",
          "value": 48.949031319999868
        }
      },
      {
        "reactor_utilization": {
          "shard": "15",
          "value": 69.228084360000352
        }
      }
    ]
  },
  {
    "metrics": [
      {
        "reactor_utilization": {
          "shard": "0",
          "value": 70.043705720000162
        }
      },
      {
        "reactor_utilization": {
          "shard": "1",
          "value": 90.721423360000031
        }
      },
      {
        "reactor_utilization": {
          "shard": "2",
          "value": 97.062312939999927
        }
      },
      {
        "reactor_utilization": {
          "shard": "3",
          "value": 78.358203439999528
        }
      },
      {
        "reactor_utilization": {
          "shard": "4",
          "value": 67.557681499999845
        }
      },
      {
        "reactor_utilization": {
          "shard": "5",
          "value": 67.491002839999823
        }
      },
      {
        "reactor_utilization": {
          "shard": "6",
          "value": 78.677939719999785
        }
      },
      {
        "reactor_utilization": {
          "shard": "7",
          "value": 74.746932080000008
        }
      },
      {
        "reactor_utilization": {
          "shard": "8",
          "value": 76.055347159999613
        }
      },
      {
        "reactor_utilization": {
          "shard": "9",
          "value": 81.789363760000185
        }
      },
      {
        "reactor_utilization": {
          "shard": "10",
          "value": 84.117868620000664
        }
      },
      {
        "reactor_utilization": {
          "shard": "11",
          "value": 90.99397497999982
        }
      },
      {
        "reactor_utilization": {
          "shard": "12",
          "value": 79.171927479999809
        }
      },
      {
        "reactor_utilization": {
          "shard": "13",
          "value": 82.131334560000141
        }
      },
      {
        "reactor_utilization": {
          "shard": "14",
          "value": 59.148181139999863
        }
      },
      {
        "reactor_utilization": {
          "shard": "15",
          "value": 78.880783040000352
        }
      }
    ]
  },
  {
    "metrics": [
      {
        "reactor_utilization": {
          "shard": "0",
          "value": 80.261544740000161
        }
      },
      {
        "reactor_utilization": {
          "shard": "1",
          "value": 97.677098540000031
        }
      },
      {
        "reactor_utilization": {
          "shard": "2",
          "value": 75.145705839999934
        }
      },
      {
        "reactor_utilization": {
          "shard": "3",
          "value": 75.799540199999527
        }
      },
      {
        "reactor_utilization": {
          "shard": "4",
          "value": 84.407703259999849
        }
      },
      {
        "reactor_utilization": {
          "shard": "5",
          "value": 82.998959359999816
        }
      },
      {
        "reactor_utilization": {
          "shard": "6",
          "value": 71.41595151999978
        }
      },
      {
        "reactor_utilization": {
          "shard": "7",
          "value": 70.41200594
        }
      },
      {
        "reactor_utilization": {
          "shard": "8",
          "value": 63.425859619999599
        }
      },
      {
        "reactor_utilization": {
          "shard": "9",
          "value": 89.829846400000179
        }
      },
      {
        "reactor_utilization": {
          "shard": "10",
          "value": 74.631530460000675
        }
      },
      {
        "reactor_utilization": {
          "shard": "11",
          "value": 83.608593979999824
        }
      },
      {
        "reactor_utilization": {
          "shard": "12",
          "value": 67.629121519999799
        }
      },
      {
        "reactor_utilization": {
          "shard": "13",
          "value": 91.685771280000125
        }
      },
      {
        "reactor_utilization": {
          "shard": "14",
          "value": 71.163687559999872
        }
      },
      {
        "reactor_utilization": {
          "shard": "15",
          "value": 77.957454840000366
        }
      }
    ]
  },
  {
    "metrics": [
      {
        "reactor_utilization": {
          "shard": "0",
          "value": 93.893643320000166
        }
      },
      {
        "reactor_utilization": {
          "shard": "1",
          "value": 96.477971160000038
        }
      },
      {
        "reactor_utilization": {
          "shard": "2",
          "value": 72.634758939999926
        }
      },
      {
        "reactor_utilization": {
          "shard": "3",
          "value": 70.319247439999529
        }
      },
      {
        "reactor_utilization": {
          "shard": "4",
          "value": 81.075544119999847
        }
      },
      {
        "reactor_utilization": {
          "shard": "5",
          "value": 69.653588859999815
        }
      },
      {
        "reactor_utilization": {
          "shard": "6",
          "value": 73.732971199999781
        }
      },
      {
        "reactor_utilization": {
          "shard": "7",
          "value": 74.401042660000002
        }
      },
      {
        "reactor_utilization": {
          "shard": "8",
          "value": 77.547526539999595
        }
      },
      {
        "reactor_utilization": {
          "shard": "9",
          "value": 92.070341420000176
        }
      },
      {
        "reactor_utilization": {
          "shard": "10",
          "value": 78.664386580000667
        }
      },
      {
        "reactor_utilization": {
          "shard": "11",
          "value": 76.460811479999819
        }
      },
      {
        "reactor_utilization": {
          "shard": "12",
          "value": 86.688497539999801
        }
      },
      {
        "reactor_utilization": {
          "shard": "13",
          "value": 74.382932400000129
        }
      },
      {
        "reactor_utilization": {
          "shard": "14",
          "value": 61.738639719999874
        }
      },
      {
        "reactor_utilization": {
          "shard": "15",
          "value": 80.819775500000361
        }
      }
    ]
  },
  {
    "metrics": [
      {
        "reactor_utilization": {
          "shard": "0",
          "value": 83.010328600000179
        }
      },
      {
        "reactor_utilization": {
          "shard": "1",
          "value": 93.22043560000003
        }
      },
      {
        "reactor_utilization": {
          "shard": "2",
          "value": 82.381160859999937
        }
      },
      {
        "reactor_utilization": {
          "shard": "3",
          "value": 73.439293799999533
        }
      },
      {
        "reactor_utilization": {
          "shard": "4",
          "value": 72.085015439999836
        }
      },
      {
        "reactor_utilization": {
          "shard": "5",
          "value": 66.631784319999809
        }
      },
      {
        "reactor_utilization": {
          "shard": "6",
          "value": 71.317785639999769
        }
      },
      {
        "reactor_utilization": {
          "shard": "7",
          "value": 75.431327280000005
        }
      },
      {
        "reactor_utilization": {
          "shard": "8",
          "value": 85.074915759999598
        }
      },
      {
        "reactor_utilization": {
          "shard": "9",
          "value": 88.91764520000018
        }
      },
      {
        "reactor_utilization": {
          "shard": "10",
          "value": 75.961575180000665
        }
      },
      {
        "reactor_utilization": {
          "shard": "11",
          "value": 88.23825711999983
        }
      },
      {
        "reactor_utilization": {
          "shard": "12",
          "value": 92.783578479999804
        }
      },
      {
        "reactor_utilization": {
          "shard": "13",
          "value": 82.41271748000014
        }
      },
      {
        "reactor_utilization": {
          "shard": "14",
          "value": 70.058759539999869
        }
      },
      {
        "reactor_utilization": {
          "shard": "15",
          "value": 76.751355080000366
        }
      }
    ]
  },
  {
    "metrics": [
      {
        "reactor_utilization": {
          "shard": "0",
          "value": 78.715250720000171
        }
      },
      {
        "reactor_utilization": {
          "shard": "1",
          "value": 84.924937400000019
        }
      },
      {
        "reactor_utilization": {
          "shard": "2",
          "value": 87.21581161999994
        }
      },
      {
        "reactor_utilization": {
          "shard": "3",
          "value": 82.312967079999538
        }
      },
      {
        "reactor_utilization": {
          "shard": "4",
          "value": 89.196809839999844
        }
      },
      {
        "reactor_utilization": {
          "shard": "5",
          "value": 82.870099039999829
        }
      },
      {
        "reactor_utilization": {
          "shard": "6",
          "value": 65.186579059999787
        }
      },
      {
        "reactor_utilization": {
          "shard": "7",
          "value": 76.187024219999998
        }
      },
      {
        "reactor_utilization": {
          "shard": "8",
          "value": 86.542128919999612
        }
      },
      {
        "reactor_utilization": {
          "shard": "9",
          "value": 82.531018700000175
        }
      },
      {
        "reactor_utilization": {
          "shard": "10",
          "value": 73.028908480000666
        }
      },
      {
        "reactor_utilization": {
          "shard": "11",
          "value": 78.083094199999834
        }
      },
      {
        "reactor_utilization": {
          "shard": "12",
          "value": 80.565966539999806
        }
      },
      {
        "reactor_utilization": {
          "shard": "13",
          "value": 92.298587800000135
        }
      },
      {
        "reactor_utilization": {
          "shard": "14",
          "value": 81.146762799999877
        }
      },
      {
        "reactor_utilization": {
          "shard": "15",
          "value": 86.695048360000371
        }
      }
    ]
  }
]
