[
  {
    "metrics": [
      {
        "reactor_utilization": {
          "shard": "0",
          "value": 73.624099540000202
        }
      },
      {
        "reactor_utilization": {
          "shard": "1",
          "value": 80.533779420000016
        }
      },
      {
        "reactor_utilization": {
          "shard": "2",
          "value": 81.110256979999747
        }
      },
      {
        "reactor_utilization": {
          "shard": "3",
          "value": 89.067840899999496
        }
      },
      {
        "reactor_utilization": {
          "shard": "4",
          "value": 79.326758599999835
        }
      },
      {
        "reactor_utilization": {
          "shard": "5",
          "value": 78.834689880000013
        }
      },
      {
        "reactor_utilization": {
          "shard": "6",
          "value": 84.64019975999976
        }
      },
      {
        "reactor_utilization": {
          "shard": "7",
          "value": 85.543565599999837
        }
      },
      {
        "reactor_utilization": {
          "shard": "8",
          "value": 84.317198899999568
        }
      },
      {
        "reactor_utilization": {
          "shard": "9",
          "value": 78.447913020000243
        }
      },
      {
        "reactor_utilization": {
          "shard": "10",
          "value": 63.555524020000654
        }
      },
      {
        "reactor_utilization": {
          "shard": "11",
          "value": 71.993717739999823
        }
      },
      {
        "reactor_utilization": {
          "shard": "12",
          "value": 82.536370199999837
        }
      },
      {
        "reactor_utilization": {
          "shard": "13",
          "value": 99.226026400000151
        }
      },
      {
        "reactor_utilization": {
          "shard": "14",
          "value": 60.623256899999909
        }
      },
      {
        "reactor_utilization": {
          "shard": "15",
          "value": 82.072946680000442
        }
      }
    ]
  },
  {
    "metrics": [
      {
        "reactor_utilization": {
          "shard": "0",
          "value": 87.401001420000185
        }
      },
      {
        "reactor_utilization": {
          "shard": "1",
          "value": 73.879327960000026
        }
      },
      {
        "reactor_utilization": {
          "shard": "2",
          "value": 62.799515679999743
        }
      },
      {
        "reactor_utilization": {
          "shard": "3",
          "value": 65.20885037999949
        }
      },
      {
        "reactor_utilization": {
          "shard": "4",
          "value": 81.536961399999839
        }
      },
      {
        "reactor_utilization": {
          "shard": "5",
          "value": 93.331637420000021
        }
      },
      {
        "reactor_utilization": {
          "shard": "6",
          "value": 92.054349239999752
        }
      },
      {
        "reactor_utilization": {
          "shard": "7",
          "value": 71.249152199999841
        }
      },
      {
        "reactor_utilization": {
          "shard": "8",
          "value": 75.808004539999558
        }
      },
      {
        "reactor_utilization": {
          "shard": "9",
          "value": 99.219168520000238
        }
      },
      {
        "reactor_utilization": {
          "shard": "10",
          "value": 74.878198040000655
        }
      },
      {
        "reactor_utilization": {
          "shard": "11",
          "value": 78.853828359999838
        }
      },
      {
        "reactor_utilization": {
          "shard": "12",
          "value": 82.225907539999838
        }
      },
      {
        "reactor_utilization": {
          "shard": "13",
          "value": 92.963090700000166
        }
      },
      {
        "reactor_utilization": {
          "shard": "14",
          "value": 79.037704059999911
        }
      },
      {
        "reactor_utilization": {
          "shard": "15",
          "value": 76.165185700000436
        }
      }
    ]
  },
  {
    "metrics": [
      {
        "reactor_utilization": {
          "shard": "0",
          "value": 69.330055860000201
        }
      },
      {
        "reactor_utilization": {
          "shard": "1",
          "value": 70.066249060000018
        }
      },
      {
        "reactor_utilization": {
          "shard": "2",
          "value": 84.861773199999732
        }
      },
      {
        "reactor_utilization": {
          "shard": "3",
          "value": 82.7264855199995
        }
      },
      {
        "reactor_utilization": {
          "shard": "4",
          "value": 80.591825819999826
        }
      },
      {
        "reactor_utilization": {
          "shard": "5",
          "value": 83.378250680000022
        }
      },
      {
        "reactor_utilization": {
          "shard": "6",
          "value": 94.081719379999768
        }
      },
      {
        "reactor_utilization": {
          "shard": "7",
          "value": 84.978423159999835
        }
      },
      {
        "reactor_utilization": {
          "shard": "8",
          "value": 76.118558519999567
        }
      },
      {
        "reactor_utilization": {
          "shard": "9",
          "value": 91.708194840000232
        }
      },
      {
        "reactor_utilization": {
          "shard": "10",
          "value": 71.438688960000647
        }
      },
      {
        "reactor_utilization": {
          "shard": "11",
          "value": 70.259819419999843
        }
      },
      {
        "reactor_utilization": {
          "shard": "12",
          "value": 91.377056819999837
        }
      },
      {
        "reactor_utilization": {
          "shard": "13",
          "value": 76.214902480000163
        }
      },
      {
        "reactor_utilization": {
          "shard": "14",
          "value": 73.459224639999903
        }
      },
      {
        "reactor_utilization": {
          "shard": "15",
          "value": 92.77338528000044
        }
      }
    ]
  },
  {
    "metrics": [
      {
        "reactor_utilization": {
          "shard": "0",
          "value": 71.632654720000204
        }
      },
      {
        "reactor_utilization": {
          "shard": "1",
          "value": 78.872972340000018
        }
      },
      {
        "reactor_utilization": {
          "shard": "2",
          "value": 84.397167759999732
        }
      },
      {
        "reactor_utilization": {
          "shard": "3",
          "value": 74.724924759999496
        }
      },
      {
        "reactor_utilization": {
          "shard": "4",
          "value": 81.345764859999832
        }
      },
      {
        "reactor_utilization": {
          "shard": "5",
          "value": 81.959355920000021
        }
      },
      {
        "reactor_utilization": {
          "shard": "6",
          "value": 94.632470659999754
        }
      },
      {
        "reactor_utilization": {
          "shard": "7",
          "value": 82.301978119999845
        }
      },
      {
        "reactor_utilization": {
          "shard": "8",
          "value": 77.710647419999574
        }
      },
      {
        "reactor_utilization": {
          "shard": "9",
          "value": 74.594647080000229
        }
      },
      {
        "reactor_utilization": {
          "shard": "10",
          "value": 67.015155360000648
        }
      },
      {
        "reactor_utilization": {
          "shard": "11",
          "value": 78.071850279999836
        }
      },
      {
        "reactor_utilization": {
          "shard": "12",
          "value": 79.108507719999835
        }
      },
      {
        "reactor_utilization": {
          "shard": "13",
          "value": 82.899350660000152
        }
      },
      {
        "reactor_utilization": {
          "shard": "14",
          "value": 86.772528459999904
        }
      },
      {
        "reactor_utilization": {
          "shard": "15",
          "value": 87.272504600000445
        }
      }
    ]
  },
  {
    "metrics": [
      {
        "reactor_utilization": {
          "shard": "0",
          "value": 69.607265620000192
        }
      },
      {
        "reactor_utilization": {
          "shard": "1",
          "value": 75.473107760000019
        }
      },
      {
        "reactor_utilization": {
          "shard": "2",
          "value": 69.092070199999739
        }
      },
      {
        "reactor_utilization": {
          "shard": "3",
          "value": 66.163875299999503
        }
      },
      {
        "reactor_utilization": {
          "shard": "4",
          "value": 77.457914979999828
        }
      },
      {
        "reactor_utilization": {
          "shard": "5",
          "value": 75.133720240000031
        }
      },
      {
        "reactor_utilization": {
          "shard": "6",
          "value": 76.896072459999758
        }
      },
      {
        "reactor_utilization": {
          "shard": "7",
          "value": 65.905659199999846
        }
      },
      {
        "reactor_utilization": {
          "shard": "8",
          "value": 89.865117959999566
        }
      },
      {
        "reactor_utilization": {
          "shard": "9",
          "value": 90.566158100000237
        }
      },
      {
        "reactor_utilization": {
          "shard": "10",
          "value": 76.299970200000644
        }
      },
      {
        "reactor_utilization": {
          "shard": "11",
          "value": 89.528016959999832
        }
      },
      {
        "reactor_utilization": {
          "shard": "12",
          "value": 92.825907739999835
        }
      },
      {
        "reactor_utilization": {
          "shard": "13",
          "value": 75.921124780000156
        }
      },
      {
        "reactor_utilization": {
          "shard": "14",
          "value": 82.50178135999991
        }
      },
      {
        "reactor_utilization": {
          "shard": "15",
          "value": 68.263713040000425
        }
      }
    ]
  },
  {
    "metrics": [
      {
        "reactor_utilization": {
          "shard": "0",
          "value": 72.424642600000183
        }
      },
      {
        "reactor_utilization": {
          "shard": "1",
          "value": 68.968739160000013
        }
      },
      {
        "reactor_utilization": {
          "shard": "2",
          "value": 86.337969899999734
        }
      },
      {
        "reactor_utilization": {
          "shard": "3",
          "value": 71.834411319999504
        }
      },
      {
        "reactor_utilization": {
          "shard": "4",
          "value": 86.005503539999822
        }
      },
      {
        "reactor_utilization": {
          "shard": "5",
          "value": 77.177376460000019
        }
      },
      {
        "reactor_utilization": {
          "shard": "6",
          "value": 89.399155939999758
        }
      },
      {
        "reactor_utilization": {
          "shard": "7",
          "value": 66.860352559999853
        }
      },
      {
        "reactor_utilization": {
          "shard": "8",
          "value": 87.130710819999564
        }
      },
      {
        "reactor_utilization": {
          "shard": "9",
          "value": 78.878480560000227
        }
      },
      {
        "reactor_utilization": {
          "shard": "10",
          "value": 73.931935880000637
        }
      },
      {
        "reactor_utilization": {
          "shard": "11",
          "value": 78.191112119999829
        }
      },
      {
        "reactor_utilization": {
          "shard": "12",
          "value": 77.441774799999834
        }
      },
      {
        "reactor_utilization": {
          "shard": "13",
          "value": 93.737535540000167
        }
      },
      {
        "reactor_utilization": {
          "shard": "14",
          "value": 86.199348699999916
        }
      },
      {
        "reactor_utilization": {
          "shard": "15",
          "value": 80.634847780000442
        }
      }
    ]
  },
  {
    "metrics": [
      {
        "reactor_utilization": {
          "shard": "0",
          "value": 64.523989100000193
        }
      },
      {
        "reactor_utilization": {
          "shard": "1",
          "value": 74.571164880000012
        }
      },
      {
        "reactor_utilization": {
          "shard": "2",
          "value": 67.214867299999753
        }
      },
      {
        "reactor_utilization": {
          "shard": "3",
          "value": 62.761231779999505
        }
      },
      {
        "reactor_utilization": {
          "shard": "4",
          "value": 78.45517125999983
        }
      },
      {
        "reactor_utilization": {
          "shard": "5",
          "value": 78.72032516000003
        }
      },
      {
        "reactor_utilization": {
          "shard": "6",
          "value": 83.774852959999762
        }
      },
      {
        "reactor_utilization": {
          "shard": "7",
          "value": 70.322587579999862
        }
      },
      {
        "reactor_utilization": {
          "shard": "8",
          "value": 73.85484377999957
        }
      },
      {
        "reactor_utilization": {
          "shard": "9",
          "value": 88.54387516000024
        }
      },
      {
        "reactor_utilization": {
          "shard": "10",
          "value": 69.004683140000637
        }
      },
      {
        "reactor_utilization": {
          "shard": "11",
          "value": 70.609116839999842
        }
      },
      {
        "reactor_utilization": {
          "shard": "12",
          "value": 94.332915439999837
        }
      },
      {
        "reactor_utilization": {
          "shard": "13",
          "value": 88.859225240000157
        }
      },
      {
        "reactor_utilization": {
          "shard": "14",
          "value": 86.481724579999906
        }
      },
      {
        "reactor_utilization": {
          "shard": "15",
          "value": 77.804268280000429
        }
      }
    ]
  },
  {
    "metrics": [
      {
        "reactor_utilization": {
          "shard": "0",
          "value": 80.258084060000186
        }
      },
      {
        "reactor_utilization": {
          "shard": "1",
          "value": 85.451484120000018
        }
      },
      {
        "reactor_utilization": {
          "shard": "2",
          "value": 62.629643799999755
        }
      },
      {
        "reactor_utilization": {
          "shard": "3",
          "value": 67.813970579999506
        }
      },
      {
        "reactor_utilization": {
          "shard": "4",
          "value": 82.947129879999835
        }
      },
      {
        "reactor_utilization": {
          "shard": "5",
          "value": 77.424929380000023
        }
      },
      {
        "reactor_utilization": {
          "shard": "6",
          "value": 89.972106879999757
        }
      },
      {
        "reactor_utilization": {
          "shard": "7",
          "value": 72.761058999999861
        }
      },
      {
        "reactor_utilization": {
          "shard": "8",
          "value": 58.435816759999568
        }
      },
      {
        "reactor_utilization": {
          "shard": "9",
          "value": 66.344477960000248
        }
      },
      {
        "reactor_utilization": {
          "shard": "10",
          "value": 76.900222660000637
        }
      },
      {
        "reactor_utilization": {
          "shard": "11",
          "value": 84.322953059999833
        }
      },
      {
        "reactor_utilization": {
          "shard": "12",
          "value": 73.768131839999839
        }
      },
      {
        "reactor_utilization": {
          "shard": "13",
          "value": 93.835655520000159
        }
      },
      {
        "reactor_utilization": {
          "shard": "14",
          "value": 86.665945339999922
        }
      },
      {
        "reactor_utilization": {
          "shard": "15",
          "value": 75.49600714000043
        }
      }
    ]
  },
  {
    "metrics": [
      {
        "reactor_utilization": {
          "shard": "0",
          "value": 57.575283140000181
        }
      },
      {
        "reactor_utilization": {
          "shard": "1",
          "value": 48.224303520000021
        }
      },
      {
        "reactor_utilization": {
          "shard": "2",
          "value": 63.445982199999747
        }
      },
      {
        "reactor_utilization": {
          "shard": "3",
          "value": 54.693088219999495
        }
      },
      {
        "reactor_utilization": {
          "shard": "4",
          "value": 68.543065039999831
        }
      },
      {
        "reactor_utilization": {
          "shard": "5",
          "value": 79.200723720000028
        }
      },
      {
        "reactor_utilization": {
          "shard": "6",
          "value": 79.365280419999749
        }
      },
      {
        "reactor_utilization": {
          "shard": "7",
          "value": 70.469813559999864
        }
      },
      {
        "reactor_utilization": {
          "shard": "8",
          "value": 76.554303079999571
        }
      },
      {
        "reactor_utilization": {
          "shard": "9",
          "value": 69.835562800000233
        }
      },
      {
        "reactor_utilization": {
          "shard": "10",
          "value": 66.667676320000638
        }
      },
      {
        "reactor_utilization": {
          "shard": "11",
          "value": 70.370366519999834
        }
      },
      {
        "reactor_utilization": {
          "shard": "12",
          "value": 92.059988399999838
        }
      },
      {
        "reactor_utilization": {
          "shard": "13",
          "value": 88.31355460000016
        }
      },
      {
        "reactor_utilization": {
          "shard": "14",
          "value": 87.38364263999992
        }
      },
      {
        "reactor_utilization": {
          "shard": "15",
          "value": 83.05616960000043
        }
      }
    ]
  },
  {
    "metrics": [
      {
        "reactor_utilization": {
          "shard": "0",
          "value": 61.863761180000189
        }
      },
      {
        "reactor_utilization": {
          "shard": "1",
          "value": 63.89489672000002
        }
      },
      {
        "reactor_utilization": {
          "shard": "2",
          "value": 70.131812479999752
        }
      },
      {
        "reactor_utilization": {
          "shard": "3",
          "value": 76.439273339999502
        }
      },
      {
        "reactor_utilization": {
          "shard": "4",
          "value": 82.078322119999839
        }
      },
      {
        "reactor_utilization": {
          "shard": "5",
          "value": 79.870687160000031
        }
      },
      {
        "reactor_utilization": {
          "shard": "6",
          "value": 88.114808359999756
        }
      },
      {
        "reactor_utilization": {
          "shard": "7",
          "value": 61.043603279999871
        }
      },
      {
        "reactor_utilization": {
          "shard": "8",
          "value": 83.136140519999572
        }
      },
      {
        "reactor_utilization": {
          "shard": "9",
          "value": 97.750474080000231
        }
      },
      {
        "reactor_utilization": {
          "shard": "10",
          "value": 68.922819100000638
        }
      },
      {
        "reactor_utilization": {
          "shard": "11",
          "value": 81.211110399999825
        }
      },
      {
        "reactor_utilization": {
          "shard": "12",
          "value": 64.44968057999985
        }
      },
      {
        "reactor_utilization": {
          "shard": "13",
          "value": 68.174149020000158
        }
      },
      {
        "reactor_utilization": {
          "shard": "14",
          "value": 72.101946099999907
        }
      },
      {
        "reactor_utilization": {
          "shard": "15",
          "value": 69.471623920000425
        }
      }
    ]
  },
  {
    "metrics": [
      {
        "reactor_utilization": {
          "shard": "0",
          "value": 70.19681442000018
        }
      },
      {
        "reactor_utilization": {
          "shard": "1",
          "value": 66.358344900000006
        }
      },
      {
        "reactor_utilization": {
          "shard": "2",
          "value": 58.929774719999763
        }
      },
      {
        "reactor_utilization": {
          "shard": "3",
          "value": 66.714049539999507
        }
      },
      {
        "reactor_utilization": {
          "shard": "4",
          "value": 75.685041019999829
        }
      },
      {
        "reactor_utilization": {
          "shard": "5",
          "value": 78.223044700000031
        }
      },
      {
        "reactor_utilization": {
          "shard": "6",
          "value": 93.858802559999759
        }
      },
      {
        "reactor_utilization": {
          "shard": "7",
          "value": 71.596210179999858
        }
      },
      {
        "reactor_utilization": {
          "shard": "8",
          "value": 64.344148959999558
        }
      },
      {
        "reactor_utilization": {
          "shard": "9",
          "value": 80.923293800000238
        }
      },
      {
        "reactor_utilization": {
          "shard": "10",
          "value": 59.305207200000645
        }
      },
      {
        "reactor_utilization": {
          "shard": "11",
          "value": 70.220587059999815
        }
      },
      {
        "reactor_utilization": {
          "shard": "12",
          "value": 67.878485119999851
        }
      },
      {
        "reactor_utilization": {
          "shard": "13",
          "value": 81.156476260000176
        }
      },
      {
        "reactor_utilization": {
          "shard": "14",
          "value": 84.6637761799999
        }
      },
      {
        "reactor_utilization": {
          "shard": "15",
          "value": 74.153175960000439
        }
      }
    ]
  },
  {
    "metrics": [
      {
        "reactor_utilization": {
          "shard": "0",
          "value": 54.151579100000177
        }
      },
      {
        "reactor_utilization": {
          "shard": "1",
          "value": 58.682920740000014
        }
      },
      {
        "reactor_utilization": {
          "shard": "2",
          "value": 76.004435339999759
        }
      },
      {
        "reactor_utilization": {
          "shard": "3",
          "value": 80.168176179999506
        }
      },
      {
        "reactor_utilization": {
          "shard": "4",
          "value": 79.712388139999831
        }
      },
      {
        "reactor_utilization": {
          "shard": "5",
          "value": 87.064869280000039
        }
      },
      {
        "reactor_utilization": {
          "shard": "6",
          "value": 83.926241219999753
        }
      },
      {
        "reactor_utilization": {
          "shard": "7",
          "value": 78.882014239999847
        }
      },
      {
        "reactor_utilization": {
          "shard": "8",
          "value": 71.757511139999565
        }
      },
      {
        "reactor_utilization": {
          "shard": "9",
          "value": 77.030752940000241
        }
      },
      {
        "reactor_utilization": {
          "shard": "10",
          "value": 65.044483380000642
        }
      },
      {
        "reactor_utilization": {
          "shard": "11",
          "value": 77.241392159999819
        }
      },
      {
        "reactor_utilization": {
          "shard": "12",
          "value": 74.03937567999985
        }
      },
      {
        "reactor_utilization": {
          "shard": "13",
          "value": 81.794426380000161
        }
      },
      {
        "reactor_utilization": {
          "shard": "14",
          "value": 71.563040839999914
        }
      },
      {
        "reactor_utilization": {
          "shard": "15",
          "value": 66.606008960000437
        }
      }
    ]
  },
  {
    "metrics": [
      {
        "reactor_utilization": {
          "shard": "0",
          "value": 82.815280040000189
        }
      },
      {
        "reactor_utilization": {
          "shard": "1",
          "value": 59.983068800000005
        }
      },
      {
        "reactor_utilization": {
          "shard": "2",
          "value": 61.280643059999761
        }
      },
      {
        "reactor_utilization": {
          "shard": "3",
          "value": 78.716209639999519
        }
      },
      {
        "reactor_utilization": {
          "shard": "4",
          "value": 84.307954739999829
        }
      },
      {
        "reactor_utilization": {
          "shard": "5",
          "value": 79.575117600000041
        }
      },
      {
        "reactor_utilization": {
          "shard": "6",
          "value": 71.567243659999747
        }
      },
      {
        "reactor_utilization": {
          "shard": "7",
          "value": 61.29556683999985
        }
      },
      {
        "reactor_utilization": {
          "shard": "8",
          "value": 70.484206759999566
        }
      },
      {
        "reactor_utilization": {
          "shard": "9",
          "value": 89.283873740000246
        }
      },
      {
        "reactor_utilization": {
          "shard": "10",
          "value": 60.901110380000624
        }
      },
      {
        "reactor_utilization": {
          "shard": "11",
          "value": 67.10536561999983
        }
      },
      {
        "reactor_utilization": {
          "shard": "12",
          "value": 78.351674479999843
        }
      },
      {
        "reactor_utilization": {
          "shard": "13",
          "value": 91.99696856000017
        }
      },
      {
        "reactor_utilization": {
          "shard": "14",
          "value": 71.376718279999906
        }
      },
      {
        "reactor_utilization": {
          "shard": "15",
          "value": 60.692081360000437
        }
      }
    ]
  },
  {
    "metrics": [
      {
        "reactor_utilization": {
          "shard": "0",
          "value": 69.245127800000176
        }
      },
      {
        "reactor_utilization": {
          "shard": "1",
          "value": 66.861316819999999
        }
      },
      {
        "reactor_utilization": {
          "shard": "2",
          "value": 63.807679759999743
        }
      },
      {
        "reactor_utilization": {
          "shard": "3",
          "value": 62.198116819999512
        }
      },
      {
        "reactor_utilization": {
          "shard": "4",
          "value": 79.575644619999835
        }
      },
      {
        "reactor_utilization": {
          "shard": "5",
          "value": 80.10350276000004
        }
      },
      {
        "reactor_utilization": {
          "shard": "6",
          "value": 84.457160239999737
        }
      },
      {
        "reactor_utilization": {
          "shard": "7",
          "value": 72.088228859999845
        }
      },
      {
        "reactor_utilization": {
          "shard": "8",
          "value": 68.46150685999956
        }
      },
      {
        "reactor_utilization": {
          "shard": "9",
          "value": 89.827940380000243
        }
      },
      {
        "reactor_utilization": {
          "shard": "10",
          "value": 63.243708340000616
        }
      },
      {
        "reactor_utilization": {
          "shard": "11",
          "value": 66.389598019999823
        }
      },
      {
        "reactor_utilization": {
          "shard": "12",
          "value": 85.939817259999842
        }
      },
      {
        "reactor_utilization": {
          "shard": "13",
          "value": 69.497614640000165
        }
      },
      {
        "reactor_utilization": {
          "shard": "14",
          "value": 80.50051279999991
        }
      },
      {
        "reactor_utilization": {
          "shard": "15",
          "value": 69.062877200000429
        }
      }
    ]
  },
  {
    "metrics": [
      {
        "reactor_utilization": {
          "shard": "0",
          "value": 63.993946900000168
        }
      },
      {
        "reactor_utilization": {
          "shard": "1",
          "value": 79.579756799999998
        }
      },
      {
        "reactor_utilization": {
          "shard": "2",
          "value": 73.222225739999743
        }
      },
      {
        "reactor_utilization": {
          "shard": "3",
          "value": 73.563067099999515
        }
      },
      {
        "reactor_utilization": {
          "shard": "4",
          "value": 81.646627019999826
        }
      },
      {
        "reactor_utilization": {
          "shard": "5",
          "value": 75.993075540000049
        }
      },
      {
        "reactor_utilization": {
          "shard": "6",
          "value": 87.236876199999742
        }
      },
      {
        "reactor_utilization": {
          "shard": "7",
          "value": 81.417696579999841
        }
      },
      {
        "reactor_utilization": {
          "shard": "8",
          "value": 79.757376879999569
        }
      },
      {
        "reactor_utilization": {
          "shard": "9",
          "value": 69.287516400000243
        }
      },
      {
        "reactor_utilization": {
          "shard": "10",
          "value": 61.121190280000626
        }
      },
      {
        "reactor_utilization": {
          "shard": "11",
          "value": 65.677283559999836
        }
      },
      {
        "reactor_utilization": {
          "shard": "12",
          "value": 82.561348919999844
        }
      },
      {
        "reactor_utilization": {
          "shard": "13",
          "value": 76.19570198000018
        }
      },
      {
        "reactor_utilization": {
          "shard": "14",
          "value": 80.140622799999917
        }
      },
      {
        "reactor_utilization": {
          "shard": "15",
          "value": 80.773890820000432
        }
      }
    ]
  },
  {
    "metrics": [
      {
        "reactor_utilization": {
          "shard": "0",
          "value": 60.353289720000156
        }
      },
      {
        "reactor_utilization": {
          "shard": "1",
          "value": 63.437239640000001
        }
      },
      {
        "reactor_utilization": {
          "shard": "2",
          "value": 75.337458099999736
        }
      },
      {
        "reactor_utilization": {
          "shard": "3",
          "value": 63.955884139999519
        }
      },
      {
        "reactor_utilization": {
          "shard": "4",
          "value": 72.695690499999841
        }
      },
      {
        "reactor_utilization": {
          "shard": "5",
          "value": 61.405154480000043
        }
      },
      {
        "reactor_utilization": {
          "shard": "6",
          "value": 76.298058879999743
        }
      },
      {
        "reactor_utilization": {
          "shard": "7",
          "value": 54.370008979999838
        }
      },
      {
        "reactor_utilization": {
          "shard": "8",
          "value": 83.264297539999575
        }
      },
      {
        "reactor_utilization": {
          "shard": "9",
          "value": 91.398488880000244
        }
      },
      {
        "reactor_utilization": {
          "shard": "10",
          "value": 66.683178240000629
        }
      },
      {
        "reactor_utilization": {
          "shard": "11",
          "value": 85.910713959999825
        }
      },
      {
        "reactor_utilization": {
          "shard": "12",
          "value": 70.445556539999842
        }
      },
      {
        "reactor_utilization": {
          "shard": "13",
          "value": 68.410512940000174
        }
      },
      {
        "reactor_utilization": {
          "shard": "14",
          "value": 76.083652859999916
        }
      },
      {
        "reactor_utilization": {
          "shard": "15",
          "value": 69.301869400000427
        }
      }
    ]
  },
  {
    "metrics": [
      {
        "reactor_utilization": {
          "shard": "0",
          "value": 68.942756260000166
        }
      },
      {
        "reactor_utilization": {
          "shard": "1",
          "value": 66.706641999999988
        }
      },
      {
        "reactor_utilization": {
          "shard": "2",
          "value": 67.575330919999743
        }
      },
      {
        "reactor_utilization": {
          "shard": "3",
          "value": 76.471363399999518
        }
      },
      {
        "reactor_utilization": {
          "shard": "4",
          "value": 81.057367419999835
        }
      },
      {
        "reactor_utilization": {
          "shard": "5",
          "value": 77.813143500000038
        }
      },
      {
        "reactor_utilization": {
          "shard": "6",
          "value": 80.762173679999734
        }
      },
      {
        "reactor_utilization": {
          "shard": "7",
          "value": 66.760315699999836
        }
      },
      {
        "reactor_utilization": {
          "shard": "8",
          "value": 68.77791481999958
        }
      },
      {
        "reactor_utilization": {
          "shard": "9",
          "value": 82.950475080000245
        }
      },
      {
        "reactor_utilization": {
          "shard": "10",
          "value": 85.084926000000621
        }
      },
      {
        "reactor_utilization": {
          "shard": "11",
          "value": 78.446219539999845
        }
      },
      {
        "reactor_utilization": {
          "shard": "12",
          "value": 72.997089439999826
        }
      },
      {
        "reactor_utilization": {
          "shard": "13",
          "value": 84.226871180000188
        }
      },
      {
        "reactor_utilization": {
          "shard": "14",
          "value": 83.015914179999911
        }
      },
      {
        "reactor_utilization": {
          "shard": "15",
          "value": 64.895489580000429
        }
      }
    ]
  },
  {
    "metrics": [
      {
        "reactor_utilization": {
          "shard": "0",
          "value": 69.328876520000165
        }
      },
      {
        "reactor_utilization": {
          "shard": "1",
          "value": 77.046026459999993
        }
      },
      {
        "reactor_utilization": {
          "shard": "2",
          "value": 53.591479379999726
        }
      },
      {
        "reactor_utilization": {
          "shard": "3",
          "value": 62.379217839999512
        }
      },
      {
        "reactor_utilization": {
          "shard": "4",
          "value": 78.727733799999839
        }
      },
      {
        "reactor_utilization": {
          "shard": "5",
          "value": 75.296655300000054
        }
      },
      {
        "reactor_utilization": {
          "shard": "6",
          "value": 79.06052027999975
        }
      },
      {
        "reactor_utilization": {
          "shard": "7",
          "value": 54.784821399999849
        }
      },
      {
        "reactor_utilization": {
          "shard": "8",
          "value": 64.563009219999572
        }
      },
      {
        "reactor_utilization": {
          "shard": "9",
          "value": 71.513870600000246
        }
      },
      {
        "reactor_utilization": {
          "shard": "10",
          "value": 63.154484100000616
        }
      },
      {
        "reactor_utilization": {
          "shard": "11",
          "value": 77.516021639999835
        }
      },
      {
        "reactor_utilization": {
          "shard": "12",
          "value": 71.015439179999845
        }
      },
      {
        "reactor_utilization": {
          "shard": "13",
          "value": 86.680661440000179
        }
      },
      {
        "reactor_utilization": {
          "shard": "14",
          "value": 84.550598379999926
        }
      },
      {
        "reactor_utilization": {
          "shard": "15",
          "value": 72.222192000000433
        }
      }
    ]
  },
  {
    "metrics": [
      {
        "reactor_utilization": {
          "shard": "0",
          "value": 58.928250840000175
        }
      },
      {
        "reactor_utilization": {
          "shard": "1",
          "value": 60.619337879999989
        }
      },
      {
        "reactor_utilization": {
          "shard": "2",
          "value": 65.895287179999741
        }
      },
      {
        "reactor_utilization": {
          "shard": "3",
          "value": 61.264463039999505
        }
      },
      {
        "reactor_utilization": {
          "shard": "4",
          "value": 67.432871699999836
        }
      },
      {
        "reactor_utilization": {
          "shard": "5",
          "value": 73.06745640000004
        }
      },
      {
        "reactor_utilization": {
          "shard": "6",
          "value": 75.586325899999736
        }
      },
      {
        "reactor_utilization": {
          "shard": "7",
          "value": 71.344369159999843
        }
      },
      {
        "reactor_utilization": {
          "shard": "8",
          "value": 73.341647659999552
        }
      },
      {
        "reactor_utilization": {
          "shard": "9",
          "value": 64.170589800000243
        }
      },
      {
        "reactor_utilization": {
          "shard": "10",
          "value": 61.429902040000627
        }
      },
      {
        "reactor_utilization": {
          "shard": "11",
          "value": 71.910041159999821
        }
      },
      {
        "reactor_utilization": {
          "shard": "12",
          "value": 80.054739999999839
        }
      },
      {
        "reactor_utilization": {
          "shard": "13",
          "value": 78.167368060000172
        }
      },
      {
        "reactor_utilization": {
          "shard": "14",
          "value": 87.876988079999919
        }
      },
      {
        "reactor_utilization": {
          "shard": "15",
          "value": 96.79486738000044
        }
      }
    ]
  },
  {
    "metrics": [
      {
        "reactor_utilization": {
          "shard": "0",
          "value": 55.861401100000172
        }
      },
      {
        "reactor_utilization": {
          "shard": "1",
          "value": 67.656549499999997
        }
      },
      {
        "reactor_utilization": {
          "shard": "2",
          "value": 68.402502739999733
        }
      },
      {
        "reactor_utilization": {
          "shard": "3",
          "value": 65.253223599999487
        }
      },
      {
        "reactor_utilization": {
          "shard": "4",
          "value": 79.395125659999849
        }
      },
      {
        "reactor_utilization": {
          "shard": "5",
          "value": 84.993545480000037
        }
      },
      {
        "reactor_utilization": {
          "shard": "6",
          "value": 84.273398899999734
        }
      },
      {
        "reactor_utilization": {
          "shard": "7",
          "value": 60.017105259999845
        }
      },
      {
        "reactor_utilization": {
          "shard": "8",
          "value": 79.495030679999559
        }
      },
      {
        "reactor_utilization": {
          "shard": "9",
          "value": 94.52606146000025
        }
      },
      {
        "reactor_utilization": {
          "shard": "10",
          "value": 75.802739340000628
        }
      },
      {
        "reactor_utilization": {
          "shard": "11",
          "value": 80.680687779999829
        }
      },
      {
        "reactor_utilization": {
          "shard": "12",
          "value": 70.009489019999833
        }
      },
      {
        "reactor_utilization": {
          "shard": "13",
          "value": 83.676568380000177
        }
      },
      {
        "reactor_utilization": {
          "shard": "14",
          "value": 75.843428979999914
        }
      },
      {
        "reactor_utilization": {
          "shard": "15",
          "value": 68.091975880000433
        }
      }
    ]
  },
  {
    "metrics": [
      {
        "reactor_utilization": {
          "shard": "0",
          "value": 70.750423920000173
        }
      },
      {
        "reactor_utilization": {
          "shard": "1",
          "value": 70.090372279999997
        }
      },
      {
        "reactor_utilization": {
          "shard": "2",
          "value": 60.413816419999748
        }
      },
      {
        "reactor_utilization": {
          "shard": "3",
          "value": 68.174580519999495
        }
      },
      {
        "reactor_utilization": {
          "shard": "4",
          "value": 77.426131779999835
        }
      },
      {
        "reactor_utilization": {
          "shard": "5",
          "value": 84.838183160000042
        }
      },
      {
        "reactor_utilization": {
          "shard": "6",
          "value": 91.620273859999742
        }
      },
      {
        "reactor_utilization": {
          "shard": "7",
          "value": 68.410103759999828
        }
      },
      {
        "reactor_utilization": {
          "shard": "8",
          "value": 67.839528179999547
        }
      },
      {
        "reactor_utilization": {
          "shard": "9",
          "value": 93.20956118000025
        }
      },
      {
        "reactor_utilization": {
          "shard": "10",
          "value": 58.894386980000611
        }
      },
      {
        "reactor_utilization": {
          "shard": "11",
          "value": 66.21311623999982
        }
      },
      {
        "reactor_utilization": {
          "shard": "12",
          "value": 59.982503259999831
        }
      },
      {
        "reactor_utilization": {
          "shard": "13",
          "value": 70.033357820000177
        }
      },
      {
        "reactor_utilization": {
          "shard": "14",
          "value": 83.011469279999915
        }
      },
      {
        "reactor_utilization": {
          "shard": "15",
          "value": 67.40244470000043
        }
      }
    ]
  },
  {
    "metrics": [
      {
        "reactor_utilization": {
          "shard": "0",
          "value": 63.478515420000178
        }
      },
      {
        "reactor_utilization": {
          "shard": "1",
          "value": 53.640851979999994
        }
      },
      {
        "reactor_utilization": {
          "shard": "2",
          "value": 70.002234419999738
        }
      },
      {
        "reactor_utilization": {
          "shard": "3",
          "value": 82.783768279999492
        }
      },
      {
        "reactor_utilization": {
          "shard": "4",
          "value": 82.606363399999822
        }
      },
      {
        "reactor_utilization": {
          "shard": "5",
          "value": 74.214070300000046
        }
      },
      {
        "reactor_utilization": {
          "shard": "6",
          "value": 85.144750479999743
        }
      },
      {
        "reactor_utilization": {
          "shard": "7",
          "value": 72.859651319999827
        }
      },
      {
        "reactor_utilization": {
          "shard": "8",
          "value": 70.489761839999559
        }
      },
      {
        "reactor_utilization": {
          "shard": "9",
          "value": 73.894499900000255
        }
      },
      {
        "reactor_utilization": {
          "shard": "10",
          "value": 64.885401780000606
        }
      },
      {
        "reactor_utilization": {
          "shard": "11",
          "value": 79.604984679999831
        }
      },
      {
        "reactor_utilization": {
          "shard": "12",
          "value": 77.570826919999831
        }
      },
      {
        "reactor_utilization": {
          "shard": "13",
          "value": 75.567927320000166
        }
      },
      {
        "reactor_utilization": {
          "shard": "14",
          "value": 68.586895559999931
        }
      },
      {
        "reactor_utilization": {
          "shard": "15",
          "value": 72.709034420000435
        }
      }
    ]
  },
  {
    "metrics": [
      {
        "reactor_utilization": {
          "shard": "0",
          "value": 78.614161740000185
        }
      },
      {
        "reactor_utilization": {
          "shard": "1",
          "value": 62.41009369999999
        }
      },
      {
        "reactor_utilization": {
          "shard": "2",
          "value": 71.821134859999745
        }
      },
      {
        "reactor_utilization": {
          "shard": "3",
          "value": 79.440116019999493
        }
      },
      {
        "reactor_utilization": {
          "shard": "4",
          "value": 77.720090419999835
        }
      },
      {
        "reactor_utilization": {
          "shard": "5",
          "value": 76.555016080000044
        }
      },
      {
        "reactor_utilization": {
          "shard": "6",
          "value": 72.307221979999753
        }
      },
      {
        "reactor_utilization": {
          "shard": "7",
          "value": 63.095485819999844
        }
      },
      {
        "reactor_utilization": {
          "shard": "8",
          "value": 75.285364739999565
        }
      },
      {
        "reactor_utilization": {
          "shard": "9",
          "value": 86.595806920000243
        }
      },
      {
        "reactor_utilization": {
          "shard": "10",
          "value": 59.911128020000604
        }
      },
      {
        "reactor_utilization": {
          "shard": "11",
          "value": 63.218617579999822
        }
      },
      {
        "reactor_utilization": {
          "shard": "12",
          "value": 78.702849059999849
        }
      },
      {
        "reactor_utilization": {
          "shard": "13",
          "value": 92.050157960000178
        }
      },
      {
        "reactor_utilization": {
          "shard": "14",
          "value": 64.08770535999993
        }
      },
      {
        "reactor_utilization": {
          "shard": "15",
          "value": 61.132925600000434
        }
      }
    ]
  },
  {
    "metrics": [
      {
        "reactor_utilization": {
          "shard": "0",
          "value": 79.32909552000018
        }
      },
      {
        "reactor_utilization": {
          "shard": "1",
          "value": 65.588777519999979
        }
      },
      {
        "reactor_utilization": {
          "shard": "2",
          "value": 61.130603339999745
        }
      },
      {
        "reactor_utilization": {
          "shard": "3",
          "value": 57.006849399999496
        }
      },
      {
        "reactor_utilization": {
          "shard": "4",
          "value": 80.874677479999832
        }
      },
      {
        "reactor_utilization": {
          "shard": "5",
          "value": 87.348212360000048
        }
      },
      {
        "reactor_utilization": {
          "shard": "6",
          "value": 82.041718539999749
        }
      },
      {
        "reactor_utilization": {
          "shard": "7",
          "value": 75.000328199999842
        }
      },
      {
        "reactor_utilization": {
          "shard": "8",
          "value": 69.691954499999554
        }
      },
      {
        "reactor_utilization": {
          "shard": "9",
          "value": 90.498108240000249
        }
      },
      {
        "reactor_utilization": {
          "shard": "10",
          "value": 60.561933700000601
        }
      },
      {
        "reactor_utilization": {
          "shard": "11",
          "value": 75.715010979999846
        }
      },
      {
        "reactor_utilization": {
          "shard": "12",
          "value": 81.933595199999857
        }
      },
      {
        "reactor_utilization": {
          "shard": "13",
          "value": 76.750002440000173
        }
      },
      {
        "reactor_utilization": {
          "shard": "14",
          "value": 76.574280559999934
        }
      },
      {
        "reactor_utilization": {
          "shard": "15",
          "value": 61.942786300000428
        }
      }
    ]
  }
]
