[
  {
    "metrics": [
      {
        "reactor_utilization": {
          "shard": "0",
          "value": 76.910248420000144
        }
      },
      {
        "reactor_utilization": {
          "shard": "1",
          "value": 71.636815580000061
        }
      },
      {
        "reactor_utilization": {
          "shard": "2",
          "value": 81.309909499999932
        }
      },
      {
        "reactor_utilization": {
          "shard": "3",
          "value": 83.600042239999553
        }
      },
      {
        "reactor_utilization": {
          "shard": "4",
          "value": 76.026731719999844
        }
      },
      {
        "reactor_utilization": {
          "shard": "5",
          "value": 85.229954439999872
        }
      },
      {
        "reactor_utilization": {
          "shard": "6",
          "value": 88.198228419999737
        }
      },
      {
        "reactor_utilization": {
          "shard": "7",
          "value": 82.463173559999973
        }
      },
      {
        "reactor_utilization": {
          "shard": "8",
          "value": 82.337502619999597
        }
      },
      {
        "reactor_utilization": {
          "shard": "9",
          "value": 92.453622480000178
        }
      },
      {
        "reactor_utilization": {
          "shard": "10",
          "value": 79.952757780000667
        }
      },
      {
        "reactor_utilization": {
          "shard": "11",
          "value": 90.02755205999982
        }
      },
      {
        "reactor_utilization": {
          "shard": "12",
          "value": 81.565173979999798
        }
      },
      {
        "reactor_utilization": {
          "shard": "13",
          "value": 84.288191180000112
        }
      },
      {
        "reactor_utilization": {
          "shard": "14",
          "value": 68.636383099999847
        }
      },
      {
        "reactor_utilization": {
          "shard": "15",
          "value": 68.386222160000344
        }
      }
    ]
  },
  {
    "metrics": [
      {
        "reactor_utilization": {
          "shard": "0",
          "value": 80.850365400000143
        }
      },
      {
        "reactor_utilization": {
          "shard": "1",
          "value": 87.842936920000042
        }
      },
      {
        "reactor_utilization": {
          "shard": "2",
          "value": 90.076254319999933
        }
      },
      {
        "reactor_utilization": {
          "shard": "3",
          "value": 78.233021699999554
        }
      },
      {
        "reactor_utilization": {
          "shard": "4",
          "value": 76.155156019999851
        }
      },
      {
        "reactor_utilization": {
          "shard": "5",
          "value": 68.776280699999887
        }
      },
      {
        "reactor_utilization": {
          "shard": "6",
          "value": 91.960402739999751
        }
      },
      {
        "reactor_utilization": {
          "shard": "7",
          "value": 81.937584839999971
        }
      },
      {
        "reactor_utilization": {
          "shard": "8",
          "value": 70.122667459999604
        }
      },
      {
        "reactor_utilization": {
          "shard": "9",
          "value": 77.145718740000177
        }
      },
      {
        "reactor_utilization": {
          "shard": "10",
          "value": 95.115230280000645
        }
      },
      {
        "reactor_utilization": {
          "shard": "11",
          "value": 93.935175239999808
        }
      },
      {
        "reactor_utilization": {
          "shard": "12",
          "value": 82.954274479999796
        }
      },
      {
        "reactor_utilization": {
          "shard": "13",
          "value": 86.640472980000112
        }
      },
      {
        "reactor_utilization": {
          "shard": "14",
          "value": 67.624378519999851
        }
      },
      {
        "reactor_utilization": {
          "shard": "15",
          "value": 76.574823980000346
        }
      }
    ]
  },
  {
    "metrics": [
      {
        "reactor_utilization": {
          "shard": "0",
          "value": 67.780064040000141
        }
      },
      {
        "reactor_utilization": {
          "shard": "1",
          "value": 74.400216660000055
        }
      },
      {
        "reactor_utilization": {
          "shard": "2",
          "value": 83.025898999999939
        }
      },
      {
        "reactor_utilization": {
          "shard": "3",
          "value": 79.398482839999559
        }
      },
      {
        "reactor_utilization": {
          "shard": "4",
          "value": 63.30634329999986
        }
      },
      {
        "reactor_utilization": {
          "shard": "5",
          "value": 78.205994419999868
        }
      },
      {
        "reactor_utilization": {
          "shard": "6",
          "value": 87.303142119999748
        }
      },
      {
        "reactor_utilization": {
          "shard": "7",
          "value": 88.006757759999971
        }
      },
      {
        "reactor_utilization": {
          "shard": "8",
          "value": 76.536281179999605
        }
      },
      {
        "reactor_utilization": {
          "shard": "9",
          "value": 82.218551260000169
        }
      },
      {
        "reactor_utilization": {
          "shard": "10",
          "value": 93.505809520000653
        }
      },
      {
        "reactor_utilization": {
          "shard": "11",
          "value": 86.598217699999807
        }
      },
      {
        "reactor_utilization": {
          "shard": "12",
          "value": 86.247544599999799
        }
      },
      {
        "reactor_utilization": {
          "shard": "13",
          "value": 79.85056916000012
        }
      },
      {
        "reactor_utilization": {
          "shard": "14",
          "value": 51.558250579999864
        }
      },
      {
        "reactor_utilization": {
          "shard": "15",
          "value": 77.38460794000035
        }
      }
    ]
  },
  {
    "metrics": [
      {
        "reactor_utilization": {
          "shard": "0",
          "value": 68.656068940000139
        }
      },
      {
        "reactor_utilization": {
          "shard": "1",
          "value": 77.619488940000053
        }
      },
      {
        "reactor_utilization": {
          "shard": "2",
          "value": 82.592056399999933
        }
      },
      {
        "reactor_utilization": {
          "shard": "3",
          "value": 79.751981579999565
        }
      },
      {
        "reactor_utilization": {
          "shard": "4",
          "value": 72.924583259999864
        }
      },
      {
        "reactor_utilization": {
          "shard": "5",
          "value": 76.127412639999875
        }
      },
      {
        "reactor_utilization": {
          "shard": "6",
          "value": 73.212671819999741
        }
      },
      {
        "reactor_utilization": {
          "shard": "7",
          "value": 75.693403359999962
        }
      },
      {
        "reactor_utilization": {
          "shard": "8",
          "value": 71.961771279999596
        }
      },
      {
        "reactor_utilization": {
          "shard": "9",
          "value": 99.324705500000178
        }
      },
      {
        "reactor_utilization": {
          "shard": "10",
          "value": 75.781994800000646
        }
      },
      {
        "reactor_utilization": {
          "shard": "11",
          "value": 82.202975419999817
        }
      },
      {
        "reactor_utilization": {
          "shard": "12",
          "value": 83.368432539999802
        }
      },
      {
        "reactor_utilization": {
          "shard": "13",
          "value": 88.326841920000106
        }
      },
      {
        "reactor_utilization": {
          "shard": "14",
          "value": 84.240744839999863
        }
      },
      {
        "reactor_utilization": {
          "shard": "15",
          "value": 87.748788420000352
        }
      }
    ]
  },
  {
    "metrics": [
      {
        "reactor_utilization": {
          "shard": "0",
          "value": 86.43352820000014
        }
      },
      {
        "reactor_utilization": {
          "shard": "1",
          "value": 80.00742592000006
        }
      },
      {
        "reactor_utilization": {
          "shard": "2",
          "value": 79.755276499999937
        }
      },
      {
        "reactor_utilization": {
          "shard": "3",
          "value": 73.801883099999557
        }
      },
      {
        "reactor_utilization": {
          "shard": "4",
          "value": 89.758974679999852
        }
      },
      {
        "reactor_utilization": {
          "shard": "5",
          "value": 79.339897059999885
        }
      },
      {
        "reactor_utilization": {
          "shard": "6",
          "value": 95.499874099999744
        }
      },
      {
        "reactor_utilization": {
          "shard": "7",
          "value": 74.588449159999982
        }
      },
      {
        "reactor_utilization": {
          "shard": "8",
          "value": 74.088064319999603
        }
      },
      {
        "reactor_utilization": {
          "shard": "9",
          "value": 93.305099800000178
        }
      },
      {
        "reactor_utilization": {
          "shard": "10",
          "value": 75.183326500000661
        }
      },
      {
        "reactor_utilization": {
          "shard": "11",
          "value": 65.821790959999831
        }
      },
      {
        "reactor_utilization": {
          "shard": "12",
          "value": 79.367455139999805
        }
      },
      {
        "reactor_utilization": {
          "shard": "13",
          "value": 73.063837140000103
        }
      },
      {
        "reactor_utilization": {
          "shard": "14",
          "value": 61.144823999999872
        }
      },
      {
        "reactor_utilization": {
          "shard": "15",
          "value": 77.047030600000355
        }
      }
    ]
  },
  {
    "metrics": [
      {
        "reactor_utilization": {
          "shard": "0",
          "value": 75.623799920000138
        }
      },
      {
        "reactor_utilization": {
          "shard": "1",
          "value": 89.231153620000043
        }
      },
      {
        "reactor_utilization": {
          "shard": "2",
          "value": 84.637613579999936
        }
      },
      {
        "reactor_utilization": {
          "shard": "3",
          "value": 75.933414159999543
        }
      },
      {
        "reactor_utilization": {
          "shard": "4",
          "value": 72.466844879999854
        }
      },
      {
        "reactor_utilization": {
          "shard": "5",
          "value": 68.11126173999989
        }
      },
      {
        "reactor_utilization": {
          "shard": "6",
          "value": 74.927378859999735
        }
      },
      {
        "reactor_utilization": {
          "shard": "7",
          "value": 83.331845259999966
        }
      },
      {
        "reactor_utilization": {
          "shard": "8",
          "value": 79.09045261999961
        }
      },
      {
        "reactor_utilization": {
          "shard": "9",
          "value": 81.99605192000017
        }
      },
      {
        "reactor_utilization": {
          "shard": "10",
          "value": 89.514393200000654
        }
      },
      {
        "reactor_utilization": {
          "shard": "11",
          "value": 96.498917199999823
        }
      },
      {
        "reactor_utilization": {
          "shard": "12",
          "value": 95.095381099999798
        }
      },
      {
        "reactor_utilization": {
          "shard": "13",
          "value": 75.459829840000097
        }
      },
      {
        "reactor_utilization": {
          "shard": "14",
          "value": 85.45527903999988
        }
      },
      {
        "reactor_utilization": {
          "shard": "15",
          "value": 87.518682880000355
        }
      }
    ]
  },
  {
    "metrics": [
      {
        "reactor_utilization": {
          "shard": "0",
          "value": 75.687533460000139
        }
      },
      {
        "reactor_utilization": {
          "shard": "1",
          "value": 67.842199520000051
        }
      },
      {
        "reactor_utilization": {
          "shard": "2",
          "value": 80.904530819999934
        }
      },
      {
        "reactor_utilization": {
          "shard": "3",
          "value": 74.778846499999545
        }
      },
      {
        "reactor_utilization": {
          "shard": "4",
          "value": 79.701798559999858
        }
      },
      {
        "reactor_utilization": {
          "shard": "5",
          "value": 76.899776799999884
        }
      },
      {
        "reactor_utilization": {
          "shard": "6",
          "value": 77.056539019999732
        }
      },
      {
        "reactor_utilization": {
          "shard": "7",
          "value": 76.528512319999976
        }
      },
      {
        "reactor_utilization": {
          "shard": "8",
          "value": 93.158797319999593
        }
      },
      {
        "reactor_utilization": {
          "shard": "9",
          "value": 87.033032140000174
        }
      },
      {
        "reactor_utilization": {
          "shard": "10",
          "value": 72.184500880000655
        }
      },
      {
        "reactor_utilization": {
          "shard": "11",
          "value": 64.571424979999819
        }
      },
      {
        "reactor_utilization": {
          "shard": "12",
          "value": 97.3096456399998
        }
      },
      {
        "reactor_utilization": {
          "shard": "13",
          "value": 95.054407520000112
        }
      },
      {
        "reactor_utilization": {
          "shard": "14",
          "value": 80.841470999999885
        }
      },
      {
        "reactor_utilization": {
          "shard": "15",
          "value": 82.819705100000363
        }
      }
    ]
  },
  {
    "metrics": [
      {
        "reactor_utilization": {
          "shard": "0",
          "value": 64.215616120000135
        }
      },
      {
        "reactor_utilization": {
          "shard": "1",
          "value": 84.050988920000052
        }
      },
      {
        "reactor_utilization": {
          "shard": "2",
          "value": 85.194946299999927
        }
      },
      {
        "reactor_utilization": {
          "shard": "3",
          "value": 88.962473839999561
        }
      },
      {
        "reactor_utilization": {
          "shard": "4",
          "value": 77.923011559999864
        }
      },
      {
        "reactor_utilization": {
          "shard": "5",
          "value": 76.764440279999874
        }
      },
      {
        "reactor_utilization": {
          "shard": "6",
          "value": 79.657592639999734
        }
      },
      {
        "reactor_utilization": {
          "shard": "7",
          "value": 73.822809119999974
        }
      },
      {
        "reactor_utilization": {
          "shard": "8",
          "value": 79.496229219999606
        }
      },
      {
        "reactor_utilization": {
          "shard": "9",
          "value": 87.443690460000184
        }
      },
      {
        "reactor_utilization": {
          "shard": "10",
          "value": 79.865862620000655
        }
      },
      {
        "reactor_utilization": {
          "shard": "11",
          "value": 73.600600579999835
        }
      },
      {
        "reactor_utilization": {
          "shard": "12",
          "value": 86.435497119999809
        }
      },
      {
        "reactor_utilization": {
          "shard": "13",
          "value": 70.763155100000105
        }
      },
      {
        "reactor_utilization": {
          "shard": "14",
          "value": 82.431297359999874
        }
      },
      {
        "reactor_utilization": {
          "shard": "15",
          "value": 86.526747040000345
        }
      }
    ]
  },
  {
    "metrics": [
      {
        "reactor_utilization": {
          "shard": "0",
          "value": 73.638426220000127
        }
      },
      {
        "reactor_utilization": {
          "shard": "1",
          "value": 72.394701660000067
        }
      },
      {
        "reactor_utilization": {
          "shard": "2",
          "value": 65.420532559999941
        }
      },
      {
        "reactor_utilization": {
          "shard": "3",
          "value": 71.176402939999562
        }
      },
      {
        "reactor_utilization": {
          "shard": "4",
          "value": 51.713995079999862
        }
      },
      {
        "reactor_utilization": {
          "shard": "5",
          "value": 62.849313779999882
        }
      },
      {
        "reactor_utilization": {
          "shard": "6",
          "value": 94.151840999999735
        }
      },
      {
        "reactor_utilization": {
          "shard": "7",
          "value": 78.28030253999998
        }
      },
      {
        "reactor_utilization": {
          "shard": "8",
          "value": 75.804380419999603
        }
      },
      {
        "reactor_utilization": {
          "shard": "9",
          "value": 86.531544980000177
        }
      },
      {
        "reactor_utilization": {
          "shard": "10",
          "value": 74.455383760000657
        }
      },
      {
        "reactor_utilization": {
          "shard": "11",
          "value": 67.50240207999984
        }
      },
      {
        "reactor_utilization": {
          "shard": "12",
          "value": 88.136663779999807
        }
      },
      {
        "reactor_utilization": {
          "shard": "13",
          "value": 63.195045200000102
        }
      },
      {
        "reactor_utilization": {
          "shard": "14",
          "value": 72.392458659999875
        }
      },
      {
        "reactor_utilization": {
          "shard": "15",
          "value": 50.907879100000351
        }
      }
    ]
  },
  {
    "metrics": [
      {
        "reactor_utilization": {
          "shard": "0",
          "value": 68.987588220000134
        }
      },
      {
        "reactor_utilization": {
          "shard": "1",
          "value": 70.284244440000052
        }
      },
      {
        "reactor_utilization": {
          "shard": "2",
          "value": 68.590452979999938
        }
      },
      {
        "reactor_utilization": {
          "shard": "3",
          "value": 53.270328559999555
        }
      },
      {
        "reactor_utilization": {
          "shard": "4",
          "value": 66.293288699999877
        }
      },
      {
        "reactor_utilization": {
          "shard": "5",
          "value": 72.028970559999877
        }
      },
      {
        "reactor_utilization": {
          "shard": "6",
          "value": 87.986962959999744
        }
      },
      {
        "reactor_utilization": {
          "shard": "7",
          "value": 72.200045199999991
        }
      },
      {
        "reactor_utilization": {
          "shard": "8",
          "value": 86.7240641599996
        }
      },
      {
        "reactor_utilization": {
          "shard": "9",
          "value": 75.107227600000186
        }
      },
      {
        "reactor_utilization": {
          "shard": "10",
          "value": 79.232424900000666
        }
      },
      {
        "reactor_utilization": {
          "shard": "11",
          "value": 77.35327727999983
        }
      },
      {
        "reactor_utilization": {
          "shard": "12",
          "value": 71.926716639999796
        }
      },
      {
        "reactor_utilization": {
          "shard": "13",
          "value": 79.286199500000109
        }
      },
      {
        "reactor_utilization": {
          "shard": "14",
          "value": 74.452768379999895
        }
      },
      {
        "reactor_utilization": {
          "shard": "15",
          "value": 71.036900900000362
        }
      }
    ]
  },
  {
    "metrics": [
      {
        "reactor_utilization": {
          "shard": "0",
          "value": 77.576092760000122
        }
      },
      {
        "reactor_utilization": {
          "shard": "1",
          "value": 71.950827080000053
        }
      },
      {
        "reactor_utilization": {
          "shard": "2",
          "value": 67.487187299999945
        }
      },
      {
        "reactor_utilization": {
          "shard": "3",
          "value": 71.458004719999551
        }
      },
      {
        "reactor_utilization": {
          "shard": "4",
          "value": 67.004184099999875
        }
      },
      {
        "reactor_utilization": {
          "shard": "5",
          "value": 68.818689659999876
        }
      },
      {
        "reactor_utilization": {
          "shard": "6",
          "value": 80.60355717999974
        }
      },
      {
        "reactor_utilization": {
          "shard": "7",
          "value": 82.019522919999986
        }
      },
      {
        "reactor_utilization": {
          "shard": "8",
          "value": 67.300527239999596
        }
      },
      {
        "reactor_utilization": {
          "shard": "9",
          "value": 71.684299560000184
        }
      },
      {
        "reactor_utilization": {
          "shard": "10",
          "value": 64.921316780000666
        }
      },
      {
        "reactor_utilization": {
          "shard": "11",
          "value": 71.324224519999831
        }
      },
      {
        "reactor_utilization": {
          "shard": "12",
          "value": 84.990411139999793
        }
      },
      {
        "reactor_utilization": {
          "shard": "13",
          "value": 88.849760440000097
        }
      },
      {
        "reactor_utilization": {
          "shard": "14",
          "value": 62.532096939999896
        }
      },
      {
        "reactor_utilization": {
          "shard": "15",
          "value": 70.191625160000356
        }
      }
    ]
  },
  {
    "metrics": [
      {
        "reactor_utilization": {
          "shard": "0",
          "value": 72.29990290000012
        }
      },
      {
        "reactor_utilization": {
          "shard": "1",
          "value": 85.411867240000049
        }
      },
      {
        "reactor_utilization": {
          "shard": "2",
          "value": 68.707923439999945
        }
      },
      {
        "reactor_utilization": {
          "shard": "3",
          "value": 63.000695339999567
        }
      },
      {
        "reactor_utilization": {
          "shard": "4",
          "value": 78.864168079999871
        }
      },
      {
        "reactor_utilization": {
          "shard": "5",
          "value": 76.187780539999878
        }
      },
      {
        "reactor_utilization": {
          "shard": "6",
          "value": 81.354008879999739
        }
      },
      {
        "reactor_utilization": {
          "shard": "7",
          "value": 71.797876439999982
        }
      },
      {
        "reactor_utilization": {
          "shard": "8",
          "value": 71.132892119999596
        }
      },
      {
        "reactor_utilization": {
          "shard": "9",
          "value": 76.258404140000195
        }
      },
      {
        "reactor_utilization": {
          "shard": "10",
          "value": 76.849568840000671
        }
      },
      {
        "reactor_utilization": {
          "shard": "11",
          "value": 76.603405519999839
        }
      },
      {
        "reactor_utilization": {
          "shard": "12",
          "value": 74.561432919999788
        }
      },
      {
        "reactor_utilization": {
          "shard": "13",
          "value": 62.844928820000099
        }
      },
      {
        "reactor_utilization": {
          "shard": "14",
          "value": 61.880941579999885
        }
      },
      {
        "reactor_utilization": {
          "shard": "15",
          "value": 81.733793240000367
        }
      }
    ]
  },
  {
    "metrics": [
      {
        "reactor_utilization": {
          "shard": "0",
          "value": 86.427884480000131
        }
      },
      {
        "reactor_utilization": {
          "shard": "1",
          "value": 71.676798560000051
        }
      },
      {
        "reactor_utilization": {
          "shard": "2",
          "value": 59.114027739999941
        }
      },
      {
        "reactor_utilization": {
          "shard": "3",
          "value": 71.692711099999556
        }
      },
      {
        "reactor_utilization": {
          "shard": "4",
          "value": 69.979899599999868
        }
      },
      {
        "reactor_utilization": {
          "shard": "5",
          "value": 81.999035399999869
        }
      },
      {
        "reactor_utilization": {
          "shard": "6",
          "value": 85.315165319999736
        }
      },
      {
        "reactor_utilization": {
          "shard": "7",
          "value": 72.266557179999978
        }
      },
      {
        "reactor_utilization": {
          "shard": "8",
          "value": 79.690384179999597
        }
      },
      {
        "reactor_utilization": {
          "shard": "9",
          "value": 74.321123100000193
        }
      },
      {
        "reactor_utilization": {
          "shard": "10",
          "value": 80.420125260000674
        }
      },
      {
        "reactor_utilization": {
          "shard": "11",
          "value": 77.197672879999828
        }
      },
      {
        "reactor_utilization": {
          "shard": "12",
          "value": 71.408585739999793
        }
      },
      {
        "reactor_utilization": {
          "shard": "13",
          "value": 72.978123060000101
        }
      },
      {
        "reactor_utilization": {
          "shard": "14",
          "value": 69.773980139999892
        }
      },
      {
        "reactor_utilization": {
          "shard": "15",
          "value": 75.038105200000359
        }
      }
    ]
  },
  {
    "metrics": [
      {
        "reactor_utilization": {
          "shard": "0",
          "value": 63.515267080000129
        }
      },
      {
        "reactor_utilization": {
          "shard": "1",
          "value": 54.921351780000059
        }
      },
      {
        "reactor_utilization": {
          "shard": "2",
          "value": 86.137519239999932
        }
      },
      {
        "reactor_utilization": {
          "shard": "3",
          "value": 82.744790459999564
        }
      },
      {
        "reactor_utilization": {
          "shard": "4",
          "value": 70.233684939999875
        }
      },
      {
        "reactor_utilization": {
          "shard": "5",
          "value": 78.162872359999866
        }
      },
      {
        "reactor_utilization": {
          "shard": "6",
          "value": 82.60209745999974
        }
      },
      {
        "reactor_utilization": {
          "shard": "7",
          "value": 77.510962759999984
        }
      },
      {
        "reactor_utilization": {
          "shard": "8",
          "value": 72.338897479999602
        }
      },
      {
        "reactor_utilization": {
          "shard": "9",
          "value": 76.255236800000205
        }
      },
      {
        "reactor_utilization": {
          "shard": "10",
          "value": 66.188405560000675
        }
      },
      {
        "reactor_utilization": {
          "shard": "11",
          "value": 72.902300099999835
        }
      },
      {
        "reactor_utilization": {
          "shard": "12",
          "value": 80.712751119999808
        }
      },
      {
        "reactor_utilization": {
          "shard": "13",
          "value": 85.894381260000102
        }
      },
      {
        "reactor_utilization": {
          "shard": "14",
          "value": 69.490672799999899
        }
      },
      {
        "reactor_utilization": {
          "shard": "15",
          "value": 74.246664600000358
        }
      }
    ]
  },
  {
    "metrics": [
      {
        "reactor_utilization": {
          "shard": "0",
          "value": 72.80727846000012
        }
      },
      {
        "reactor_utilization": {
          "shard": "1",
          "value": 68.638645700000041
        }
      },
      {
        "reactor_utilization": {
          "shard": "2",
          "value": 81.418112839999935
        }
      },
      {
        "reactor_utilization": {
          "shard": "3",
          "value": 89.108339699999561
        }
      },
      {
        "reactor_utilization": {
          "shard": "4",
          "value": 74.333756159999879
        }
      },
      {
        "reactor_utilization": {
          "shard": "5",
          "value": 76.494407839999866
        }
      },
      {
        "reactor_utilization": {
          "shard": "6",
          "value": 93.174287339999736
        }
      },
      {
        "reactor_utilization": {
          "shard": "7",
          "value": 76.940306099999972
        }
      },
      {
        "reactor_utilization": {
          "shard": "8",
          "value": 83.033942279999593
        }
      },
      {
        "reactor_utilization": {
          "shard": "9",
          "value": 78.300583760000194
        }
      },
      {
        "reactor_utilization": {
          "shard": "10",
          "value": 57.889733100000697
        }
      },
      {
        "reactor_utilization": {
          "shard": "11",
          "value": 66.511073359999841
        }
      },
      {
        "reactor_utilization": {
          "shard": "12",
          "value": 81.364880799999796
        }
      },
      {
        "reactor_utilization": {
          "shard": "13",
          "value": 82.921230820000105
        }
      },
      {
        "reactor_utilization": {
          "shard": "14",
          "value": 66.508735159999887
        }
      },
      {
        "reactor_utilization": {
          "shard": "15",
          "value": 67.448803020000355
        }
      }
    ]
  },
  {
    "metrics": [
      {
        "reactor_utilization": {
          "shard": "0",
          "value": 83.090869840000124
        }
      },
      {
        "reactor_utilization": {
          "shard": "1",
          "value": 66.634726400000062
        }
      },
      {
        "reactor_utilization": {
          "shard": "2",
          "value": 73.094900399999929
        }
      },
      {
        "reactor_utilization": {
          "shard": "3",
          "value": 75.501006219999553
        }
      },
      {
        "reactor_utilization": {
          "shard": "4",
          "value": 72.419527679999874
        }
      },
      {
        "reactor_utilization": {
          "shard": "5",
          "value": 73.674103699999876
        }
      },
      {
        "reactor_utilization": {
          "shard": "6",
          "value": 72.844810659999752
        }
      },
      {
        "reactor_utilization": {
          "shard": "7",
          "value": 65.444862259999965
        }
      },
      {
        "reactor_utilization": {
          "shard": "8",
          "value": 82.508032439999596
        }
      },
      {
        "reactor_utilization": {
          "shard": "9",
          "value": 94.998552020000204
        }
      },
      {
        "reactor_utilization": {
          "shard": "10",
          "value": 82.20098214000069
        }
      },
      {
        "reactor_utilization": {
          "shard": "11",
          "value": 83.78527027999985
        }
      },
      {
        "reactor_utilization": {
          "shard": "12",
          "value": 83.291411159999811
        }
      },
      {
        "reactor_utilization": {
          "shard": "13",
          "value": 75.230716620000095
        }
      },
      {
        "reactor_utilization": {
          "shard": "14",
          "value": 53.424641179999895
        }
      },
      {
        "reactor_utilization": {
          "shard": "15",
          "value": 63.640461680000357
        }
      }
    ]
  },
  {
    "metrics": [
      {
        "reactor_utilization": {
          "shard": "0",
          "value": 74.159330080000132
        }
      },
      {
        "reactor_utilization": {
          "shard": "1",
          "value": 81.181650960000056
        }
      },
      {
        "reactor_utilization": {
          "shard": "2",
          "value": 71.871358959999938
        }
      },
      {
        "reactor_utilization": {
          "shard": "3",
          "value": 78.313657899999555
        }
      },
      {
        "reactor_utilization": {
          "shard": "4",
          "value": 68.746060019999874
        }
      },
      {
        "reactor_utilization": {
          "shard": "5",
          "value": 77.348649779999874
        }
      },
      {
        "reactor_utilization": {
          "shard": "6",
          "value": 93.792404539999737
        }
      },
      {
        "reactor_utilization": {
          "shard": "7",
          "value": 77.781851759999967
        }
      },
      {
        "reactor_utilization": {
          "shard": "8",
          "value": 66.559275099999596
        }
      },
      {
        "reactor_utilization": {
          "shard": "9",
          "value": 69.261135460000204
        }
      },
      {
        "reactor_utilization": {
          "shard": "10",
          "value": 73.014770580000686
        }
      },
      {
        "reactor_utilization": {
          "shard": "11",
          "value": 76.207410759999846
        }
      },
      {
        "reactor_utilization": {
          "shard": "12",
          "value": 68.505993639999801
        }
      },
      {
        "reactor_utilization": {
          "shard": "13",
          "value": 63.453046280000095
        }
      },
      {
        "reactor_utilization": {
          "shard": "14",
          "value": 63.403060719999893
        }
      },
      {
        "reactor_utilization": {
          "shard": "15",
          "value": 75.813119560000359
        }
      }
    ]
  },
  {
    "metrics": [
      {
        "reactor_utilization": {
          "shard": "0",
          "value": 65.436539160000123
        }
      },
      {
        "reactor_utilization": {
          "shard": "1",
          "value": 60.244021180000054
        }
      },
      {
        "reactor_utilization": {
          "shard": "2",
          "value": 67.274435539999928
        }
      },
      {
        "reactor_utilization": {
          "shard": "3",
          "value": 75.293457039999552
        }
      },
      {
        "reactor_utilization": {
          "shard": "4",
          "value": 59.916596479999875
        }
      },
      {
        "reactor_utilization": {
          "shard": "5",
          "value": 63.416845899999871
        }
      },
      {
        "reactor_utilization": {
          "shard": "6",
          "value": 82.681060599999739
        }
      },
      {
        "reactor_utilization": {
          "shard": "7",
          "value": 77.402572679999963
        }
      },
      {
        "reactor_utilization": {
          "shard": "8",
          "value": 67.258848519999589
        }
      },
      {
        "reactor_utilization": {
          "shard": "9",
          "value": 81.411200020000209
        }
      },
      {
        "reactor_utilization": {
          "shard": "10",
          "value": 75.082835500000684
        }
      },
      {
        "reactor_utilization": {
          "shard": "11",
          "value": 80.157286079999849
        }
      },
      {
        "reactor_utilization": {
          "shard": "12",
          "value": 82.882364819999793
        }
      },
      {
        "reactor_utilization": {
          "shard": "13",
          "value": 76.857808460000101
        }
      },
      {
        "reactor_utilization": {
          "shard": "14",
          "value": 55.9520079999999
        }
      },
      {
        "reactor_utilization": {
          "shard": "15",
          "value": 60.357781460000361
        }
      }
    ]
  },
  {
    "metrics": [
      {
        "reactor_utilization": {
          "shard": "0",
          "value": 72.749603560000125
        }
      },
      {
        "reactor_utilization": {
          "shard": "1",
          "value": 82.363671500000052
        }
      },
      {
        "reactor_utilization": {
          "shard": "2",
          "value": 84.050822299999922
        }
      },
      {
        "reactor_utilization": {
          "shard": "3",
          "value": 63.340374459999559
        }
      },
      {
        "reactor_utilization": {
          "shard": "4",
          "value": 78.831170019999874
        }
      },
      {
        "reactor_utilization": {
          "shard": "5",
          "value": 81.280125039999859
        }
      },
      {
        "reactor_utilization": {
          "shard": "6",
          "value": 87.553817999999737
        }
      },
      {
        "reactor_utilization": {
          "shard": "7",
          "value": 56.154594159999974
        }
      },
      {
        "reactor_utilization": {
          "shard": "8",
          "value": 73.804817939999595
        }
      },
      {
        "reactor_utilization": {
          "shard": "9",
          "value": 78.749257880000201
        }
      },
      {
        "reactor_utilization": {
          "shard": "10",
          "value": 55.811915280000676
        }
      },
      {
        "reactor_utilization": {
          "shard": "11",
          "value": 59.645323059999846
        }
      },
      {
        "reactor_utilization": {
          "shard": "12",
          "value": 73.005091979999804
        }
      },
      {
        "reactor_utilization": {
          "shard": "13",
          "value": 77.678822100000104
        }
      },
      {
        "reactor_utilization": {
          "shard": "14",
          "value": 69.153417899999894
        }
      },
      {
        "reactor_utilization": {
          "shard": "15",
          "value": 71.973454560000363
        }
      }
    ]
  },
  {
    "metrics": [
      {
        "reactor_utilization": {
          "shard": "0",
          "value": 67.822613740000136
        }
      },
      {
        "reactor_utilization": {
          "shard": "1",
          "value": 72.617079240000052
        }
      },
      {
        "reactor_utilization": {
          "shard": "2",
          "value": 84.208815159999929
        }
      },
      {
        "reactor_utilization": {
          "shard": "3",
          "value": 83.983792279999548
        }
      },
      {
        "reactor_utilization": {
          "shard": "4",
          "value": 65.50302281999987
        }
      },
      {
        "reactor_utilization": {
          "shard": "5",
          "value": 58.540539479999865
        }
      },
      {
        "reactor_utilization": {
          "shard": "6",
          "value": 83.473231319999741
        }
      },
      {
        "reactor_utilization": {
          "shard": "7",
          "value": 53.026533159999964
        }
      },
      {
        "reactor_utilization": {
          "shard": "8",
          "value": 76.593525239999607
        }
      },
      {
        "reactor_utilization": {
          "shard": "9",
          "value": 77.455655560000196
        }
      },
      {
        "reactor_utilization": {
          "shard": "10",
          "value": 58.233580300000689
        }
      },
      {
        "reactor_utilization": {
          "shard": "11",
          "value": 67.059751499999834
        }
      },
      {
        "reactor_utilization": {
          "shard": "12",
          "value": 81.082166479999799
        }
      },
      {
        "reactor_utilization": {
          "shard": "13",
          "value": 56.988722000000102
        }
      },
      {
        "reactor_utilization": {
          "shard": "14",
          "value": 60.754502219999893
        }
      },
      {
        "reactor_utilization": {
          "shard": "15",
          "value": 73.960097960000354
        }
      }
    ]
  },
  {
    "metrics": [
      {
        "reactor_utilization": {
          "shard": "0",
          "value": 76.163716080000128
        }
      },
      {
        "reactor_utilization": {
          "shard": "1",
          "value": 76.817760900000053
        }
      },
      {
        "reactor_utilization": {
          "shard": "2",
          "value": 65.49091241999993
        }
      },
      {
        "reactor_utilization": {
          "shard": "3",
          "value": 61.565782519999559
        }
      },
      {
        "reactor_utilization": {
          "shard": "4",
          "value": 73.191954939999874
        }
      },
      {
        "reactor_utilization": {
          "shard": "5",
          "value": 73.293312959999881
        }
      },
      {
        "reactor_utilization": {
          "shard": "6",
          "value": 70.219834139999733
        }
      },
      {
        "reactor_utilization": {
          "shard": "7",
          "value": 76.645821239999961
        }
      },
      {
        "reactor_utilization": {
          "shard": "8",
          "value": 76.945294679999591
        }
      },
      {
        "reactor_utilization": {
          "shard": "9",
          "value": 66.588609700000205
        }
      },
      {
        "reactor_utilization": {
          "shard": "10",
          "value": 65.529222160000685
        }
      },
      {
        "reactor_utilization": {
          "shard": "11",
          "value": 71.55559601999984
        }
      },
      {
        "reactor_utilization": {
          "shard": "12",
          "value": 80.804438019999807
        }
      },
      {
        "reactor_utilization": {
          "shard": "13",
          "value": 79.002477200000101
        }
      },
      {
        "reactor_utilization": {
          "shard": "14",
          "value": 75.097078539999899
        }
      },
      {
        "reactor_utilization": {
          "shard": "15",
          "value": 72.420749120000366
        }
      }
    ]
  },
  {
    "metrics": [
      {
        "reactor_utilization": {
          "shard": "0",
          "value": 69.893462360000143
        }
      },
      {
        "reactor_utilization": {
          "shard": "1",
          "value": 77.882560540000057
        }
      },
      {
        "reactor_utilization": {
          "shard": "2",
          "value": 76.900738339999933
        }
      },
      {
        "reactor_utilization": {
          "shard": "3",
          "value": 75.578612099999546
        }
      },
      {
        "reactor_utilization": {
          "shard": "4",
          "value": 67.959085219999878
        }
      },
      {
        "reactor_utilization": {
          "shard": "5",
          "value": 58.423383919999885
        }
      },
      {
        "reactor_utilization": {
          "shard": "6",
          "value": 93.029457079999744
        }
      },
      {
        "reactor_utilization": {
          "shard": "7",
          "value": 74.018360179999959
        }
      },
      {
        "reactor_utilization": {
          "shard": "8",
          "value": 71.379405119999603
        }
      },
      {
        "reactor_utilization": {
          "shard": "9",
          "value": 95.519085420000209
        }
      },
      {
        "reactor_utilization": {
          "shard": "10",
          "value": 75.874731580000685
        }
      },
      {
        "reactor_utilization": {
          "shard": "11",
          "value": 63.532697099999837
        }
      },
      {
        "reactor_utilization": {
          "shard": "12",
          "value": 65.472572579999806
        }
      },
      {
        "reactor_utilization": {
          "shard": "13",
          "value": 75.403503800000095
        }
      },
      {
        "reactor_utilization": {
          "shard": "14",
          "value": 62.5730485999999
        }
      },
      {
        "reactor_utilization": {
          "shard": "15",
          "value": 71.641157180000363
        }
      }
    ]
  },
  {
    "metrics": [
      {
        "reactor_utilization": {
          "shard": "0",
          "value": 69.998069700000144
        }
      },
      {
        "reactor_utilization": {
          "shard": "1",
          "value": 76.058515020000044
        }
      },
      {
        "reactor_utilization": {
          "shard": "2",
          "value": 69.561096099999915
        }
      },
      {
        "reactor_utilization": {
          "shard": "3",
          "value": 65.747517599999554
        }
      },
      {
        "reactor_utilization": {
          "shard": "4",
          "value": 56.435936259999878
        }
      },
      {
        "reactor_utilization": {
          "shard": "5",
          "value": 76.084044339999892
        }
      },
      {
        "reactor_utilization": {
          "shard": "6",
          "value": 88.04297405999975
        }
      },
      {
        "reactor_utilization": {
          "shard": "7",
          "value": 76.998505519999966
        }
      },
      {
        "reactor_utilization": {
          "shard": "8",
          "value": 87.64543037999961
        }
      },
      {
        "reactor_utilization": {
          "shard": "9",
          "value": 77.553915860000203
        }
      },
      {
        "reactor_utilization": {
          "shard": "10",
          "value": 74.059768600000695
        }
      },
      {
        "reactor_utilization": {
          "shard": "11",
          "value": 66.831071439999846
        }
      },
      {
        "reactor_utilization": {
          "shard": "12",
          "value": 73.315096979999808
        }
      },
      {
        "reactor_utilization": {
          "shard": "13",
          "value": 67.154736240000119
        }
      },
      {
        "reactor_utilization": {
          "shard": "14",
          "value": 82.709206079999902
        }
      },
      {
        "reactor_utilization": {
          "shard": "15",
          "value": 66.465743340000344
        }
      }
    ]
  },
  {
    "metrics": [
      {
        "reactor_utilization": {
          "shard": "0",
          "value": 73.442536820000143
        }
      },
      {
        "reactor_utilization": {
          "shard": "1",
          "value": 73.445273620000052
        }
      },
      {
        "reactor_utilization": {
          "shard": "2",
          "value": 78.698600219999932
        }
      },
      {
        "reactor_utilization": {
          "shard": "3",
          "value": 75.474997159999546
        }
      },
      {
        "reactor_utilization": {
          "shard": "4",
          "value": 69.936304799999874
        }
      },
      {
        "reactor_utilization": {
          "shard": "5",
          "value": 70.220202479999884
        }
      },
      {
        "reactor_utilization": {
          "shard": "6",
          "value": 90.690868259999746
        }
      },
      {
        "reactor_utilization": {
          "shard": "7",
          "value": 72.133645719999961
        }
      },
      {
        "reactor_utilization": {
          "shard": "8",
          "value": 74.828044619999616
        }
      },
      {
        "reactor_utilization": {
          "shard": "9",
          "value": 73.576898380000216
        }
      },
      {
        "reactor_utilization": {
          "shard": "10",
          "value": 75.231697040000697
        }
      },
      {
        "reactor_utilization": {
          "shard": "11",
          "value": 78.55380339999985
        }
      },
      {
        "reactor_utilization": {
          "shard": "12",
          "value": 81.524932279999803
        }
      },
      {
        "reactor_utilization": {
          "shard": "13",
          "value": 82.446564720000111
        }
      },
      {
        "reactor_utilization": {
          "shard": "14",
          "value": 59.0803060799999
        }
      },
      {
        "reactor_utilization": {
          "shard": "15",
          "value": 61.937828720000354
        }
      }
    ]
  }
]
