[
  {
    "metrics": [
      {
        "reactor_utilization": {
          "shard": "0",
          "value": 71.402969260000262
        }
      },
      {
        "reactor_utilization": {
          "shard": "1",
          "value": 71.559463700000038
        }
      },
      {
        "reactor_utilization": {
          "shard": "2",
          "value": 70.845605479999875
        }
      },
      {
        "reactor_utilization": {
          "shard": "3",
          "value": 62.191175299999799
        }
      },
      {
        "reactor_utilization": {
          "shard": "4",
          "value": 60.067735699999972
        }
      },
      {
        "reactor_utilization": {
          "shard": "5",
          "value": 63.140228899999883
        }
      },
      {
        "reactor_utilization": {
          "shard": "6",
          "value": 67.45542257999972
        }
      },
      {
        "reactor_utilization": {
          "shard": "7",
          "value": 62.480470879999991
        }
      },
      {
        "reactor_utilization": {
          "shard": "8",
          "value": 66.836773959999761
        }
      },
      {
        "reactor_utilization": {
          "shard": "9",
          "value": 64.644611040000129
        }
      },
      {
        "reactor_utilization": {
          "shard": "10",
          "value": 57.866268420000402
        }
      },
      {
        "reactor_utilization": {
          "shard": "11",
          "value": 78.9054884399999
        }
      },
      {
        "reactor_utilization": {
          "shard": "12",
          "value": 64.704691919999874
        }
      },
      {
        "reactor_utilization": {
          "shard": "13",
          "value": 79.289919120000079
        }
      },
      {
        "reactor_utilization": {
          "shard": "14",
          "value": 54.599989059999942
        }
      },
      {
        "reactor_utilization": {
          "shard": "15",
          "value": 63.195449040000341
        }
      }
    ]
  },
  {
    "metrics": [
      {
        "reactor_utilization": {
          "shard": "0",
          "value": 66.933998280000267
        }
      },
      {
        "reactor_utilization": {
          "shard": "1",
          "value": 80.444740180000039
        }
      },
      {
        "reactor_utilization": {
          "shard": "2",
          "value": 55.703763199999877
        }
      },
      {
        "reactor_utilization": {
          "shard": "3",
          "value": 62.639676619999804
        }
      },
      {
        "reactor_utilization": {
          "shard": "4",
          "value": 62.414903439999968
        }
      },
      {
        "reactor_utilization": {
          "shard": "5",
          "value": 51.771720159999887
        }
      },
      {
        "reactor_utilization": {
          "shard": "6",
          "value": 78.94212975999973
        }
      },
      {
        "reactor_utilization": {
          "shard": "7",
          "value": 72.970045439999993
        }
      },
      {
        "reactor_utilization": {
          "shard": "8",
          "value": 50.576161479999747
        }
      },
      {
        "reactor_utilization": {
          "shard": "9",
          "value": 61.589806780000124
        }
      },
      {
        "reactor_utilization": {
          "shard": "10",
          "value": 66.607470380000393
        }
      },
      {
        "reactor_utilization": {
          "shard": "11",
          "value": 51.709859839999893
        }
      },
      {
        "reactor_utilization": {
          "shard": "12",
          "value": 71.861859879999869
        }
      },
      {
        "reactor_utilization": {
          "shard": "13",
          "value": 74.995622280000077
        }
      },
      {
        "reactor_utilization": {
          "shard": "14",
          "value": 53.09594249999995
        }
      },
      {
        "reactor_utilization": {
          "shard": "15",
          "value": 71.602455400000366
        }
      }
    ]
  },
  {
    "metrics": [
      {
        "reactor_utilization": {
          "shard": "0",
          "value": 51.531169880000263
        }
      },
      {
        "reactor_utilization": {
          "shard": "1",
          "value": 66.215463780000036
        }
      },
      {
        "reactor_utilization": {
          "shard": "2",
          "value": 72.657460339999872
        }
      },
      {
        "reactor_utilization": {
          "shard": "3",
          "value": 62.355864139999795
        }
      },
      {
        "reactor_utilization": {
          "shard": "4",
          "value": 57.805054659999968
        }
      },
      {
        "reactor_utilization": {
          "shard": "5",
          "value": 56.258635719999894
        }
      },
      {
        "reactor_utilization": {
          "shard": "6",
          "value": 73.311373679999718
        }
      },
      {
        "reactor_utilization": {
          "shard": "7",
          "value": 66.255400739999985
        }
      },
      {
        "reactor_utilization": {
          "shard": "8",
          "value": 55.973968239999749
        }
      },
      {
        "reactor_utilization": {
          "shard": "9",
          "value": 78.746034700000124
        }
      },
      {
        "reactor_utilization": {
          "shard": "10",
          "value": 63.885286220000403
        }
      },
      {
        "reactor_utilization": {
          "shard": "11",
          "value": 68.513985719999908
        }
      },
      {
        "reactor_utilization": {
          "shard": "12",
          "value": 72.999871239999862
        }
      },
      {
        "reactor_utilization": {
          "shard": "13",
          "value": 70.898214100000075
        }
      },
      {
        "reactor_utilization": {
          "shard": "14",
          "value": 60.998491039999948
        }
      },
      {
        "reactor_utilization": {
          "shard": "15",
          "value": 74.957015360000341
        }
      }
    ]
  },
  {
    "metrics": [
      {
        "reactor_utilization": {
          "shard": "0",
          "value": 65.363751860000264
        }
      },
      {
        "reactor_utilization": {
          "shard": "1",
          "value": 72.875416020000046
        }
      },
      {
        "reactor_utilization": {
          "shard": "2",
          "value": 60.84307087999985
        }
      },
      {
        "reactor_utilization": {
          "shard": "3",
          "value": 58.517916279999795
        }
      },
      {
        "reactor_utilization": {
          "shard": "4",
          "value": 63.262803559999959
        }
      },
      {
        "reactor_utilization": {
          "shard": "5",
          "value": 56.22453663999989
        }
      },
      {
        "reactor_utilization": {
          "shard": "6",
          "value": 76.040835799999712
        }
      },
      {
        "reactor_utilization": {
          "shard": "7",
          "value": 77.413936419999985
        }
      },
      {
        "reactor_utilization": {
          "shard": "8",
          "value": 59.699628619999736
        }
      },
      {
        "reactor_utilization": {
          "shard": "9",
          "value": 71.217681400000131
        }
      },
      {
        "reactor_utilization": {
          "shard": "10",
          "value": 70.1471490400004
        }
      },
      {
        "reactor_utilization": {
          "shard": "11",
          "value": 62.780901699999902
        }
      },
      {
        "reactor_utilization": {
          "shard": "12",
          "value": 68.168028399999869
        }
      },
      {
        "reactor_utilization": {
          "shard": "13",
          "value": 75.439756040000077
        }
      },
      {
        "reactor_utilization": {
          "shard": "14",
          "value": 47.452384659999957
        }
      },
      {
        "reactor_utilization": {
          "shard": "15",
          "value": 57.576846120000347
        }
      }
    ]
  },
  {
    "metrics": [
      {
        "reactor_utilization": {
          "shard": "0",
          "value": 70.992588220000272
        }
      },
      {
        "reactor_utilization": {
          "shard": "1",
          "value": 66.753294700000041
        }
      },
      {
        "reactor_utilization": {
          "shard": "2",
          "value": 59.584430599999848
        }
      },
      {
        "reactor_utilization": {
          "shard": "3",
          "value": 64.767075719999795
        }
      },
      {
        "reactor_utilization": {
          "shard": "4",
          "value": 57.028901859999962
        }
      },
      {
        "reactor_utilization": {
          "shard": "5",
          "value": 57.6042428599999
        }
      },
      {
        "reactor_utilization": {
          "shard": "6",
          "value": 65.931938839999717
        }
      },
      {
        "reactor_utilization": {
          "shard": "7",
          "value": 55.432442739999985
        }
      },
      {
        "reactor_utilization": {
          "shard": "8",
          "value": 62.686502819999731
        }
      },
      {
        "reactor_utilization": {
          "shard": "9",
          "value": 73.282370240000134
        }
      },
      {
        "reactor_utilization": {
          "shard": "10",
          "value": 60.387389480000408
        }
      },
      {
        "reactor_utilization": {
          "shard": "11",
          "value": 62.90898157999991
        }
      },
      {
        "reactor_utilization": {
          "shard": "12",
          "value": 68.498921779999861
        }
      },
      {
        "reactor_utilization": {
          "shard": "13",
          "value": 70.275240020000069
        }
      },
      {
        "reactor_utilization": {
          "shard": "14",
          "value": 57.657335179999961
        }
      },
      {
        "reactor_utilization": {
          "shard": "15",
          "value": 75.528186260000339
        }
      }
    ]
  },
  {
    "metrics": [
      {
        "reactor_utilization": {
          "shard": "0",
          "value": 76.005228020000288
        }
      },
      {
        "reactor_utilization": {
          "shard": "1",
          "value": 77.992746460000035
        }
      },
      {
        "reactor_utilization": {
          "shard": "2",
          "value": 58.080265639999865
        }
      },
      {
        "reactor_utilization": {
          "shard": "3",
          "value": 56.870214279999786
        }
      },
      {
        "reactor_utilization": {
          "shard": "4",
          "value": 61.381493059999961
        }
      },
      {
        "reactor_utilization": {
          "shard": "5",
          "value": 57.940385419999885
        }
      },
      {
        "reactor_utilization": {
          "shard": "6",
          "value": 53.505258619999708
        }
      },
      {
        "reactor_utilization": {
          "shard": "7",
          "value": 75.307605099999989
        }
      },
      {
        "reactor_utilization": {
          "shard": "8",
          "value": 57.665873399999732
        }
      },
      {
        "reactor_utilization": {
          "shard": "9",
          "value": 73.234124680000136
        }
      },
      {
        "reactor_utilization": {
          "shard": "10",
          "value": 62.672210420000397
        }
      },
      {
        "reactor_utilization": {
          "shard": "11",
          "value": 63.969630399999907
        }
      },
      {
        "reactor_utilization": {
          "shard": "12",
          "value": 65.574399459999853
        }
      },
      {
        "reactor_utilization": {
          "shard": "13",
          "value": 64.31281476000008
        }
      },
      {
        "reactor_utilization": {
          "shard": "14",
          "value": 53.25208441999996
        }
      },
      {
        "reactor_utilization": {
          "shard": "15",
          "value": 73.161831840000332
        }
      }
    ]
  },
  {
    "metrics": [
      {
        "reactor_utilization": {
          "shard": "0",
          "value": 67.135315940000282
        }
      },
      {
        "reactor_utilization": {
          "shard": "1",
          "value": 58.339915320000046
        }
      },
      {
        "reactor_utilization": {
          "shard": "2",
          "value": 68.416794719999857
        }
      },
      {
        "reactor_utilization": {
          "shard": "3",
          "value": 49.133967459999795
        }
      },
      {
        "reactor_utilization": {
          "shard": "4",
          "value": 57.791031839999953
        }
      },
      {
        "reactor_utilization": {
          "shard": "5",
          "value": 55.615660659999897
        }
      },
      {
        "reactor_utilization": {
          "shard": "6",
          "value": 66.5277472599997
        }
      },
      {
        "reactor_utilization": {
          "shard": "7",
          "value": 72.528890579999981
        }
      },
      {
        "reactor_utilization": {
          "shard": "8",
          "value": 64.645021699999745
        }
      },
      {
        "reactor_utilization": {
          "shard": "9",
          "value": 66.61050378000013
        }
      },
      {
        "reactor_utilization": {
          "shard": "10",
          "value": 64.063060440000399
        }
      },
      {
        "reactor_utilization": {
          "shard": "11",
          "value": 67.130319539999903
        }
      },
      {
        "reactor_utilization": {
          "shard": "12",
          "value": 81.985185919999864
        }
      },
      {
        "reactor_utilization": {
          "shard": "13",
          "value": 73.697040560000076
        }
      },
      {
        "reactor_utilization": {
          "shard": "14",
          "value": 65.832310259999957
        }
      },
      {
        "reactor_utilization": {
          "shard": "15",
          "value": 77.448493380000343
        }
      }
    ]
  },
  {
    "metrics": [
      {
        "reactor_utilization": {
          "shard": "0",
          "value": 58.809897340000269
        }
      },
      {
        "reactor_utilization": {
          "shard": "1",
          "value": 60.765997400000039
        }
      },
      {
        "reactor_utilization": {
          "shard": "2",
          "value": 68.108917899999867
        }
      },
      {
        "reactor_utilization": {
          "shard": "3",
          "value": 67.585220239999785
        }
      },
      {
        "reactor_utilization": {
          "shard": "4",
          "value": 66.792428139999942
        }
      },
      {
        "reactor_utilization": {
          "shard": "5",
          "value": 71.747512719999904
        }
      },
      {
        "reactor_utilization": {
          "shard": "6",
          "value": 64.173647079999711
        }
      },
      {
        "reactor_utilization": {
          "shard": "7",
          "value": 65.902541119999981
        }
      },
      {
        "reactor_utilization": {
          "shard": "8",
          "value": 68.132186919999739
        }
      },
      {
        "reactor_utilization": {
          "shard": "9",
          "value": 65.347160020000132
        }
      },
      {
        "reactor_utilization": {
          "shard": "10",
          "value": 74.661875380000396
        }
      },
      {
        "reactor_utilization": {
          "shard": "11",
          "value": 61.301094959999901
        }
      },
      {
        "reactor_utilization": {
          "shard": "12",
          "value": 80.255661399999852
        }
      },
      {
        "reactor_utilization": {
          "shard": "13",
          "value": 63.033407720000078
        }
      },
      {
        "reactor_utilization": {
          "shard": "14",
          "value": 67.741627539999953
        }
      },
      {
        "reactor_utilization": {
          "shard": "15",
          "value": 70.821399180000327
        }
      }
    ]
  },
  {
    "metrics": [
      {
        "reactor_utilization": {
          "shard": "0",
          "value": 54.572432500000268
        }
      },
      {
        "reactor_utilization": {
          "shard": "1",
          "value": 72.240660180000035
        }
      },
      {
        "reactor_utilization": {
          "shard": "2",
          "value": 52.400963539999864
        }
      },
      {
        "reactor_utilization": {
          "shard": "3",
          "value": 66.350530759999799
        }
      },
      {
        "reactor_utilization": {
          "shard": "4",
          "value": 65.212157239999954
        }
      },
      {
        "reactor_utilization": {
          "shard": "5",
          "value": 56.977780939999903
        }
      },
      {
        "reactor_utilization": {
          "shard": "6",
          "value": 67.886956679999713
        }
      },
      {
        "reactor_utilization": {
          "shard": "7",
          "value": 54.543152259999971
        }
      },
      {
        "reactor_utilization": {
          "shard": "8",
          "value": 68.791642879999742
        }
      },
      {
        "reactor_utilization": {
          "shard": "9",
          "value": 62.011483280000121
        }
      },
      {
        "reactor_utilization": {
          "shard": "10",
          "value": 59.235001220000406
        }
      },
      {
        "reactor_utilization": {
          "shard": "11",
          "value": 63.906340119999896
        }
      },
      {
        "reactor_utilization": {
          "shard": "12",
          "value": 83.431397499999861
        }
      },
      {
        "reactor_utilization": {
          "shard": "13",
          "value": 73.913761280000074
        }
      },
      {
        "reactor_utilization": {
          "shard": "14",
          "value": 78.45652675999996
        }
      },
      {
        "reactor_utilization": {
          "shard": "15",
          "value": 69.106037240000333
        }
      }
    ]
  },
  {
    "metrics": [
      {
        "reactor_utilization": {
          "shard": "0",
          "value": 65.503200920000253
        }
      },
      {
        "reactor_utilization": {
          "shard": "1",
          "value": 78.235173540000048
        }
      },
      {
        "reactor_utilization": {
          "shard": "2",
          "value": 63.311568959999853
        }
      },
      {
        "reactor_utilization": {
          "shard": "3",
          "value": 55.071094859999782
        }
      },
      {
        "reactor_utilization": {
          "shard": "4",
          "value": 58.615395799999945
        }
      },
      {
        "reactor_utilization": {
          "shard": "5",
          "value": 44.934745899999903
        }
      },
      {
        "reactor_utilization": {
          "shard": "6",
          "value": 73.798472439999713
        }
      },
      {
        "reactor_utilization": {
          "shard": "7",
          "value": 76.254296879999984
        }
      },
      {
        "reactor_utilization": {
          "shard": "8",
          "value": 57.531977219999739
        }
      },
      {
        "reactor_utilization": {
          "shard": "9",
          "value": 72.776126020000135
        }
      },
      {
        "reactor_utilization": {
          "shard": "10",
          "value": 48.800593520000405
        }
      },
      {
        "reactor_utilization": {
          "shard": "11",
          "value": 60.292896479999889
        }
      },
      {
        "reactor_utilization": {
          "shard": "12",
          "value": 70.859824619999841
        }
      },
      {
        "reactor_utilization": {
          "shard": "13",
          "value": 67.707036460000069
        }
      },
      {
        "reactor_utilization": {
          "shard": "14",
          "value": 80.681978179999959
        }
      },
      {
        "reactor_utilization": {
          "shard": "15",
          "value": 67.395928860000325
        }
      }
    ]
  },
  {
    "metrics": [
      {
        "reactor_utilization": {
          "shard": "0",
          "value": 65.631652280000267
        }
      },
      {
        "reactor_utilization": {
          "shard": "1",
          "value": 66.663974620000047
        }
      },
      {
        "reactor_utilization": {
          "shard": "2",
          "value": 64.489441359999859
        }
      },
      {
        "reactor_utilization": {
          "shard": "3",
          "value": 58.071928659999784
        }
      },
      {
        "reactor_utilization": {
          "shard": "4",
          "value": 60.273656999999936
        }
      },
      {
        "reactor_utilization": {
          "shard": "5",
          "value": 64.619050459999912
        }
      },
      {
        "reactor_utilization": {
          "shard": "6",
          "value": 83.305572619999708
        }
      },
      {
        "reactor_utilization": {
          "shard": "7",
          "value": 68.296490319999975
        }
      },
      {
        "reactor_utilization": {
          "shard": "8",
          "value": 63.794965079999741
        }
      },
      {
        "reactor_utilization": {
          "shard": "9",
          "value": 78.482854340000131
        }
      },
      {
        "reactor_utilization": {
          "shard": "10",
          "value": 66.827611740000407
        }
      },
      {
        "reactor_utilization": {
          "shard": "11",
          "value": 58.123204179999888
        }
      },
      {
        "reactor_utilization": {
          "shard": "12",
          "value": 65.869423099999864
        }
      },
      {
        "reactor_utilization": {
          "shard": "13",
          "value": 70.795974540000074
        }
      },
      {
        "reactor_utilization": {
          "shard": "14",
          "value": 69.215640899999954
        }
      },
      {
        "reactor_utilization": {
          "shard": "15",
          "value": 59.115796600000337
        }
      }
    ]
  },
  {
    "metrics": [
      {
        "reactor_utilization": {
          "shard": "0",
          "value": 57.484687000000243
        }
      },
      {
        "reactor_utilization": {
          "shard": "1",
          "value": 56.139749540000054
        }
      },
      {
        "reactor_utilization": {
          "shard": "2",
          "value": 51.961823519999861
        }
      },
      {
        "reactor_utilization": {
          "shard": "3",
          "value": 48.629808179999777
        }
      },
      {
        "reactor_utilization": {
          "shard": "4",
          "value": 57.194444359999942
        }
      },
      {
        "reactor_utilization": {
          "shard": "5",
          "value": 66.472454139999897
        }
      },
      {
        "reactor_utilization": {
          "shard": "6",
          "value": 81.753006059999706
        }
      },
      {
        "reactor_utilization": {
          "shard": "7",
          "value": 70.153061359999967
        }
      },
      {
        "reactor_utilization": {
          "shard": "8",
          "value": 83.629449679999752
        }
      },
      {
        "reactor_utilization": {
          "shard": "9",
          "value": 72.957258860000124
        }
      },
      {
        "reactor_utilization": {
          "shard": "10",
          "value": 74.736622080000402
        }
      },
      {
        "reactor_utilization": {
          "shard": "11",
          "value": 68.919301559999894
        }
      },
      {
        "reactor_utilization": {
          "shard": "12",
          "value": 73.614160239999848
        }
      },
      {
        "reactor_utilization": {
          "shard": "13",
          "value": 72.757860940000057
        }
      },
      {
        "reactor_utilization": {
          "shard": "14",
          "value": 57.699729079999948
        }
      },
      {
        "reactor_utilization": {
          "shard": "15",
          "value": 64.851607800000338
        }
      }
    ]
  },
  {
    "metrics": [
      {
        "reactor_utilization": {
          "shard": "0",
          "value": 67.915593760000249
        }
      },
      {
        "reactor_utilization": {
          "shard": "1",
          "value": 56.356300040000029
        }
      },
      {
        "reactor_utilization": {
          "shard": "2",
          "value": 64.21956945999986
        }
      },
      {
        "reactor_utilization": {
          "shard": "3",
          "value": 53.114956659999777
        }
      },
      {
        "reactor_utilization": {
          "shard": "4",
          "value": 73.915037439999935
        }
      },
      {
        "reactor_utilization": {
          "shard": "5",
          "value": 63.170439819999913
        }
      },
      {
        "reactor_utilization": {
          "shard": "6",
          "value": 73.792661359999713
        }
      },
      {
        "reactor_utilization": {
          "shard": "7",
          "value": 81.829092639999985
        }
      },
      {
        "reactor_utilization": {
          "shard": "8",
          "value": 43.092780699999743
        }
      },
      {
        "reactor_utilization": {
          "shard": "9",
          "value": 55.042141980000125
        }
      },
      {
        "reactor_utilization": {
          "shard": "10",
          "value": 78.033491380000399
        }
      },
      {
        "reactor_utilization": {
          "shard": "11",
          "value": 65.732138879999894
        }
      },
      {
        "reactor_utilization": {
          "shard": "12",
          "value": 78.750605379999854
        }
      },
      {
        "reactor_utilization": {
          "shard": "13",
          "value": 63.392370820000068
        }
      },
      {
        "reactor_utilization": {
          "shard": "14",
          "value": 60.713006539999945
        }
      },
      {
        "reactor_utilization": {
          "shard": "15",
          "value": 79.771749100000335
        }
      }
    ]
  },
  {
    "metrics": [
      {
        "reactor_utilization": {
          "shard": "0",
          "value": 63.582823880000241
        }
      },
      {
        "reactor_utilization": {
          "shard": "1",
          "value": 75.313002720000043
        }
      },
      {
        "reactor_utilization": {
          "shard": "2",
          "value": 61.645589079999866
        }
      },
      {
        "reactor_utilization": {
          "shard": "3",
          "value": 57.763333899999793
        }
      },
      {
        "reactor_utilization": {
          "shard": "4",
          "value": 68.775288459999956
        }
      },
      {
        "reactor_utilization": {
          "shard": "5",
          "value": 56.17707657999992
        }
      },
      {
        "reactor_utilization": {
          "shard": "6",
          "value": 55.335763079999722
        }
      },
      {
        "reactor_utilization": {
          "shard": "7",
          "value": 68.48963179999997
        }
      },
      {
        "reactor_utilization": {
          "shard": "8",
          "value": 53.324464999999719
        }
      },
      {
        "reactor_utilization": {
          "shard": "9",
          "value": 63.786840100000134
        }
      },
      {
        "reactor_utilization": {
          "shard": "10",
          "value": 57.535534800000413
        }
      },
      {
        "reactor_utilization": {
          "shard": "11",
          "value": 69.336925299999891
        }
      },
      {
        "reactor_utilization": {
          "shard": "12",
          "value": 78.560398759999856
        }
      },
      {
        "reactor_utilization": {
          "shard": "13",
          "value": 85.759658860000059
        }
      },
      {
        "reactor_utilization": {
          "shard": "14",
          "value": 59.906530079999939
        }
      },
      {
        "reactor_utilization": {
          "shard": "15",
          "value": 69.617068680000344
        }
      }
    ]
  },
  {
    "metrics": [
      {
        "reactor_utilization": {
          "shard": "0",
          "value": 56.857325500000243
        }
      },
      {
        "reactor_utilization": {
          "shard": "1",
          "value": 65.255981040000037
        }
      },
      {
        "reactor_utilization": {
          "shard": "2",
          "value": 54.901791719999849
        }
      },
      {
        "reactor_utilization": {
          "shard": "3",
          "value": 59.090246519999788
        }
      },
      {
        "reactor_utilization": {
          "shard": "4",
          "value": 73.96622119999995
        }
      },
      {
        "reactor_utilization": {
          "shard": "5",
          "value": 76.604942679999908
        }
      },
      {
        "reactor_utilization": {
          "shard": "6",
          "value": 73.406038399999716
        }
      },
      {
        "reactor_utilization": {
          "shard": "7",
          "value": 59.443608999999974
        }
      },
      {
        "reactor_utilization": {
          "shard": "8",
          "value": 72.49705719999973
        }
      },
      {
        "reactor_utilization": {
          "shard": "9",
          "value": 69.828052040000117
        }
      },
      {
        "reactor_utilization": {
          "shard": "10",
          "value": 69.598325760000407
        }
      },
      {
        "reactor_utilization": {
          "shard": "11",
          "value": 67.374049059999905
        }
      },
      {
        "reactor_utilization": {
          "shard": "12",
          "value": 68.14171879999985
        }
      },
      {
        "reactor_utilization": {
          "shard": "13",
          "value": 67.582927880000071
        }
      },
      {
        "reactor_utilization": {
          "shard": "14",
          "value": 61.369585639999947
        }
      },
      {
        "reactor_utilization": {
          "shard": "15",
          "value": 62.476249800000346
        }
      }
    ]
  },
  {
    "metrics": [
      {
        "reactor_utilization": {
          "shard": "0",
          "value": 73.643512840000241
        }
      },
      {
        "reactor_utilization": {
          "shard": "1",
          "value": 57.018719580000045
        }
      },
      {
        "reactor_utilization": {
          "shard": "2",
          "value": 43.576830659999857
        }
      },
      {
        "reactor_utilization": {
          "shard": "3",
          "value": 52.963809239999769
        }
      },
      {
        "reactor_utilization": {
          "shard": "4",
          "value": 60.561790919999957
        }
      },
      {
        "reactor_utilization": {
          "shard": "5",
          "value": 60.953756719999916
        }
      },
      {
        "reactor_utilization": {
          "shard": "6",
          "value": 69.535370039999719
        }
      },
      {
        "reactor_utilization": {
          "shard": "7",
          "value": 71.205865899999978
        }
      },
      {
        "reactor_utilization": {
          "shard": "8",
          "value": 57.888652779999717
        }
      },
      {
        "reactor_utilization": {
          "shard": "9",
          "value": 59.882484960000127
        }
      },
      {
        "reactor_utilization": {
          "shard": "10",
          "value": 60.239722440000406
        }
      },
      {
        "reactor_utilization": {
          "shard": "11",
          "value": 67.256685539999907
        }
      },
      {
        "reactor_utilization": {
          "shard": "12",
          "value": 81.572555639999848
        }
      },
      {
        "reactor_utilization": {
          "shard": "13",
          "value": 75.799509520000072
        }
      },
      {
        "reactor_utilization": {
          "shard": "14",
          "value": 60.829045759999957
        }
      },
      {
        "reactor_utilization": {
          "shard": "15",
          "value": 77.98971494000034
        }
      }
    ]
  },
  {
    "metrics": [
      {
        "reactor_utilization": {
          "shard": "0",
          "value": 81.777758620000242
        }
      },
      {
        "reactor_utilization": {
          "shard": "1",
          "value": 67.352143260000034
        }
      },
      {
        "reactor_utilization": {
          "shard": "2",
          "value": 56.638227219999848
        }
      },
      {
        "reactor_utilization": {
          "shard": "3",
          "value": 61.163441019999773
        }
      },
      {
        "reactor_utilization": {
          "shard": "4",
          "value": 60.288880179999936
        }
      },
      {
        "reactor_utilization": {
          "shard": "5",
          "value": 56.013219999999919
        }
      },
      {
        "reactor_utilization": {
          "shard": "6",
          "value": 69.631060479999718
        }
      },
      {
        "reactor_utilization": {
          "shard": "7",
          "value": 72.38407097999999
        }
      },
      {
        "reactor_utilization": {
          "shard": "8",
          "value": 57.336271499999711
        }
      },
      {
        "reactor_utilization": {
          "shard": "9",
          "value": 63.831197160000116
        }
      },
      {
        "reactor_utilization": {
          "shard": "10",
          "value": 65.948098680000399
        }
      },
      {
        "reactor_utilization": {
          "shard": "11",
          "value": 59.648971599999889
        }
      },
      {
        "reactor_utilization": {
          "shard": "12",
          "value": 61.015316099999851
        }
      },
      {
        "reactor_utilization": {
          "shard": "13",
          "value": 72.096001820000069
        }
      },
      {
        "reactor_utilization": {
          "shard": "14",
          "value": 65.49293155999996
        }
      },
      {
        "reactor_utilization": {
          "shard": "15",
          "value": 69.342317160000349
        }
      }
    ]
  },
  {
    "metrics": [
      {
        "reactor_utilization": {
          "shard": "0",
          "value": 63.708473540000256
        }
      },
      {
        "reactor_utilization": {
          "shard": "1",
          "value": 57.446157560000046
        }
      },
      {
        "reactor_utilization": {
          "shard": "2",
          "value": 66.496349439999861
        }
      },
      {
        "reactor_utilization": {
          "shard": "3",
          "value": 58.173993839999774
        }
      },
      {
        "reactor_utilization": {
          "shard": "4",
          "value": 63.281039359999959
        }
      },
      {
        "reactor_utilization": {
          "shard": "5",
          "value": 72.000873799999937
        }
      },
      {
        "reactor_utilization": {
          "shard": "6",
          "value": 53.354177459999704
        }
      },
      {
        "reactor_utilization": {
          "shard": "7",
          "value": 51.666739719999988
        }
      },
      {
        "reactor_utilization": {
          "shard": "8",
          "value": 57.469156779999707
        }
      },
      {
        "reactor_utilization": {
          "shard": "9",
          "value": 69.792153560000131
        }
      },
      {
        "reactor_utilization": {
          "shard": "10",
          "value": 65.229459260000411
        }
      },
      {
        "reactor_utilization": {
          "shard": "11",
          "value": 67.158833239999893
        }
      },
      {
        "reactor_utilization": {
          "shard": "12",
          "value": 73.237466979999866
        }
      },
      {
        "reactor_utilization": {
          "shard": "13",
          "value": 81.310886040000071
        }
      },
      {
        "reactor_utilization": {
          "shard": "14",
          "value": 66.829220559999953
        }
      },
      {
        "reactor_utilization": {
          "shard": "15",
          "value": 67.415319360000353
        }
      }
    ]
  },
  {
    "metrics": [
      {
        "reactor_utilization": {
          "shard": "0",
          "value": 63.954599360000252
        }
      },
      {
        "reactor_utilization": {
          "shard": "1",
          "value": 60.586330220000036
        }
      },
      {
        "reactor_utilization": {
          "shard": "2",
          "value": 76.545482559999854
        }
      },
      {
        "reactor_utilization": {
          "shard": "3",
          "value": 64.800584639999784
        }
      },
      {
        "reactor_utilization": {
          "shard": "4",
          "value": 66.152153499999955
        }
      },
      {
        "reactor_utilization": {
          "shard": "5",
          "value": 64.024895079999936
        }
      },
      {
        "reactor_utilization": {
          "shard": "6",
          "value": 77.952058739999714
        }
      },
      {
        "reactor_utilization": {
          "shard": "7",
          "value": 65.997709539999974
        }
      },
      {
        "reactor_utilization": {
          "shard": "8",
          "value": 68.972611259999724
        }
      },
      {
        "reactor_utilization": {
          "shard": "9",
          "value": 67.612512580000114
        }
      },
      {
        "reactor_utilization": {
          "shard": "10",
          "value": 56.794061620000413
        }
      },
      {
        "reactor_utilization": {
          "shard": "11",
          "value": 60.319951199999913
        }
      },
      {
        "reactor_utilization": {
          "shard": "12",
          "value": 59.651503899999867
        }
      },
      {
        "reactor_utilization": {
          "shard": "13",
          "value": 76.975643460000072
        }
      },
      {
        "reactor_utilization": {
          "shard": "14",
          "value": 58.710445019999959
        }
      },
      {
        "reactor_utilization": {
          "shard": "15",
          "value": 56.421505920000349
        }
      }
    ]
  },
  {
    "metrics": [
      {
        "reactor_utilization": {
          "shard": "0",
          "value": 66.758527060000262
        }
      },
      {
        "reactor_utilization": {
          "shard": "1",
          "value": 55.658362980000042
        }
      },
      {
        "reactor_utilization": {
          "shard": "2",
          "value": 58.978103459999851
        }
      },
      {
        "reactor_utilization": {
          "shard": "3",
          "value": 61.373000899999774
        }
      },
      {
        "reactor_utilization": {
          "shard": "4",
          "value": 62.911937139999949
        }
      },
      {
        "reactor_utilization": {
          "shard": "5",
          "value": 62.954164559999924
        }
      },
      {
        "reactor_utilization": {
          "shard": "6",
          "value": 75.156042439999723
        }
      },
      {
        "reactor_utilization": {
          "shard": "7",
          "value": 71.809218019999975
        }
      },
      {
        "reactor_utilization": {
          "shard": "8",
          "value": 66.668655939999709
        }
      },
      {
        "reactor_utilization": {
          "shard": "9",
          "value": 75.383112900000128
        }
      },
      {
        "reactor_utilization": {
          "shard": "10",
          "value": 60.321479080000415
        }
      },
      {
        "reactor_utilization": {
          "shard": "11",
          "value": 58.645097519999908
        }
      },
      {
        "reactor_utilization": {
          "shard": "12",
          "value": 71.70329441999985
        }
      },
      {
        "reactor_utilization": {
          "shard": "13",
          "value": 73.116969460000064
        }
      },
      {
        "reactor_utilization": {
          "shard": "14",
          "value": 66.447334839999968
        }
      },
      {
        "reactor_utilization": {
          "shard": "15",
          "value": 70.351031120000343
        }
      }
    ]
  },
  {
    "metrics": [
      {
        "reactor_utilization": {
          "shard": "0",
          "value": 78.074957660000251
        }
      },
      {
        "reactor_utilization": {
          "shard": "1",
          "value": 74.145066060000033
        }
      },
      {
        "reactor_utilization": {
          "shard": "2",
          "value": 63.568023959999856
        }
      },
      {
        "reactor_utilization": {
          "shard": "3",
          "value": 61.43504759999977
        }
      },
      {
        "reactor_utilization": {
          "shard": "4",
          "value": 62.062224239999942
        }
      },
      {
        "reactor_utilization": {
          "shard": "5",
          "value": 61.884836319999934
        }
      },
      {
        "reactor_utilization": {
          "shard": "6",
          "value": 66.490643999999733
        }
      },
      {
        "reactor_utilization": {
          "shard": "7",
          "value": 67.133321459999976
        }
      },
      {
        "reactor_utilization": {
          "shard": "8",
          "value": 67.183860859999697
        }
      },
      {
        "reactor_utilization": {
          "shard": "9",
          "value": 84.770771360000126
        }
      },
      {
        "reactor_utilization": {
          "shard": "10",
          "value": 56.22635440000041
        }
      },
      {
        "reactor_utilization": {
          "shard": "11",
          "value": 65.5807725599999
        }
      },
      {
        "reactor_utilization": {
          "shard": "12",
          "value": 77.208177619999844
        }
      },
      {
        "reactor_utilization": {
          "shard": "13",
          "value": 79.103448580000062
        }
      },
      {
        "reactor_utilization": {
          "shard": "14",
          "value": 56.66468387999997
        }
      },
      {
        "reactor_utilization": {
          "shard": "15",
          "value": 61.660304240000343
        }
      }
    ]
  },
  {
    "metrics": [
      {
        "reactor_utilization": {
          "shard": "0",
          "value": 60.711968080000254
        }
      },
      {
        "reactor_utilization": {
          "shard": "1",
          "value": 69.890481000000023
        }
      },
      {
        "reactor_utilization": {
          "shard": "2",
          "value": 70.880847539999863
        }
      },
      {
        "reactor_utilization": {
          "shard": "3",
          "value": 62.41815449999978
        }
      },
      {
        "reactor_utilization": {
          "shard": "4",
          "value": 67.179736479999946
        }
      },
      {
        "reactor_utilization": {
          "shard": "5",
          "value": 66.294481279999943
        }
      },
      {
        "reactor_utilization": {
          "shard": "6",
          "value": 83.310896239999735
        }
      },
      {
        "reactor_utilization": {
          "shard": "7",
          "value": 71.35998521999997
        }
      },
      {
        "reactor_utilization": {
          "shard": "8",
          "value": 61.144799999999712
        }
      },
      {
        "reactor_utilization": {
          "shard": "9",
          "value": 50.216409920000125
        }
      },
      {
        "reactor_utilization": {
          "shard": "10",
          "value": 66.620137300000422
        }
      },
      {
        "reactor_utilization": {
          "shard": "11",
          "value": 66.621770059999903
        }
      },
      {
        "reactor_utilization": {
          "shard": "12",
          "value": 66.936183819999854
        }
      },
      {
        "reactor_utilization": {
          "shard": "13",
          "value": 82.970577640000059
        }
      },
      {
        "reactor_utilization": {
          "shard": "14",
          "value": 54.695417279999958
        }
      },
      {
        "reactor_utilization": {
          "shard": "15",
          "value": 64.402909100000343
        }
      }
    ]
  },
  {
    "metrics": [
      {
        "reactor_utilization": {
          "shard": "0",
          "value": 64.766632300000254
        }
      },
      {
        "reactor_utilization": {
          "shard": "1",
          "value": 78.18377140000004
        }
      },
      {
        "reactor_utilization": {
          "shard": "2",
          "value": 77.477012599999867
        }
      },
      {
        "reactor_utilization": {
          "shard": "3",
          "value": 68.028594499999784
        }
      },
      {
        "reactor_utilization": {
          "shard": "4",
          "value": 54.746601819999938
        }
      },
      {
        "reactor_utilization": {
          "shard": "5",
          "value": 43.804381519999922
        }
      },
      {
        "reactor_utilization": {
          "shard": "6",
          "value": 67.82077153999974
        }
      },
      {
        "reactor_utilization": {
          "shard": "7",
          "value": 66.123362779999979
        }
      },
      {
        "reactor_utilization": {
          "shard": "8",
          "value": 65.688754559999694
        }
      },
      {
        "reactor_utilization": {
          "shard": "9",
          "value": 79.01502762000014
        }
      },
      {
        "reactor_utilization": {
          "shard": "10",
          "value": 73.80496760000041
        }
      },
      {
        "reactor_utilization": {
          "shard": "11",
          "value": 68.20464717999991
        }
      },
      {
        "reactor_utilization": {
          "shard": "12",
          "value": 74.626422099999857
        }
      },
      {
        "reactor_utilization": {
          "shard": "13",
          "value": 66.155846100000076
        }
      },
      {
        "reactor_utilization": {
          "shard": "14",
          "value": 58.106079859999973
        }
      },
      {
        "reactor_utilization": {
          "shard": "15",
          "value": 69.265719100000339
        }
      }
    ]
  },
  {
    "metrics": [
      {
        "reactor_utilization": {
          "shard": "0",
          "value": 55.530090020000259
        }
      },
      {
        "reactor_utilization": {
          "shard": "1",
          "value": 76.019464020000044
        }
      },
      {
        "reactor_utilization": {
          "shard": "2",
          "value": 63.669166679999854
        }
      },
      {
        "reactor_utilization": {
          "shard": "3",
          "value": 59.246545819999788
        }
      },
      {
        "reactor_utilization": {
          "shard": "4",
          "value": 58.621849279999935
        }
      },
      {
        "reactor_utilization": {
          "shard": "5",
          "value": 56.517683599999927
        }
      },
      {
        "reactor_utilization": {
          "shard": "6",
          "value": 85.394300079999724
        }
      },
      {
        "reactor_utilization": {
          "shard": "7",
          "value": 73.68429559999997
        }
      },
      {
        "reactor_utilization": {
          "shard": "8",
          "value": 50.223678279999696
        }
      },
      {
        "reactor_utilization": {
          "shard": "9",
          "value": 69.437864500000117
        }
      },
      {
        "reactor_utilization": {
          "shard": "10",
          "value": 69.37814162000042
        }
      },
      {
        "reactor_utilization": {
          "shard": "11",
          "value": 63.637696879999908
        }
      },
      {
        "reactor_utilization": {
          "shard": "12",
          "value": 73.944928339999848
        }
      },
      {
        "reactor_utilization": {
          "shard": "13",
          "value": 77.691211800000076
        }
      },
      {
        "reactor_utilization": {
          "shard": "14",
          "value": 54.352840319999963
        }
      },
      {
        "reactor_utilization": {
          "shard": "15",
          "value": 80.069629460000328
        }
      }
    ]
  }
]
