[
  {
    "metrics": [
      {
        "reactor_utilization": {
          "shard": "0",
          "value": 52.156504400000237
        }
      },
      {
        "reactor_utilization": {
          "shard": "1",
          "value": 61.848531880000039
        }
      },
      {
        "reactor_utilization": {
          "shard": "2",
          "value": 67.545591379999877
        }
      },
      {
        "reactor_utilization": {
          "shard": "3",
          "value": 65.686218519999741
        }
      },
      {
        "reactor_utilization": {
          "shard": "4",
          "value": 74.511877799999894
        }
      },
      {
        "reactor_utilization": {
          "shard": "5",
          "value": 68.045682320000097
        }
      },
      {
        "reactor_utilization": {
          "shard": "6",
          "value": 77.061959379999763
        }
      },
      {
        "reactor_utilization": {
          "shard": "7",
          "value": 82.918874879999976
        }
      },
      {
        "reactor_utilization": {
          "shard": "8",
          "value": 67.794614619999663
        }
      },
      {
        "reactor_utilization": {
          "shard": "9",
          "value": 81.692935700000149
        }
      },
      {
        "reactor_utilization": {
          "shard": "10",
          "value": 76.992622020000496
        }
      },
      {
        "reactor_utilization": {
          "shard": "11",
          "value": 68.305796499999886
        }
      },
      {
        "reactor_utilization": {
          "shard": "12",
          "value": 79.266659239999825
        }
      },
      {
        "reactor_utilization": {
          "shard": "13",
          "value": 85.328095200000092
        }
      },
      {
        "reactor_utilization": {
          "shard": "14",
          "value": 58.935420659999906
        }
      },
      {
        "reactor_utilization": {
          "shard": "15",
          "value": 75.350740040000346
        }
      }
    ]
  },
  {
    "metrics": [
      {
        "reactor_utilization": {
          "shard": "0",
          "value": 67.728457220000237
        }
      },
      {
        "reactor_utilization": {
          "shard": "1",
          "value": 81.257269840000049
        }
      },
      {
        "reactor_utilization": {
          "shard": "2",
          "value": 70.028096219999881
        }
      },
      {
        "reactor_utilization": {
          "shard": "3",
          "value": 65.842938799999743
        }
      },
      {
        "reactor_utilization": {
          "shard": "4",
          "value": 69.261934179999884
        }
      },
      {
        "reactor_utilization": {
          "shard": "5",
          "value": 75.475652900000085
        }
      },
      {
        "reactor_utilization": {
          "shard": "6",
          "value": 68.617166679999755
        }
      },
      {
        "reactor_utilization": {
          "shard": "7",
          "value": 72.160164699999967
        }
      },
      {
        "reactor_utilization": {
          "shard": "8",
          "value": 72.467139579999667
        }
      },
      {
        "reactor_utilization": {
          "shard": "9",
          "value": 87.918508120000155
        }
      },
      {
        "reactor_utilization": {
          "shard": "10",
          "value": 75.520942140000486
        }
      },
      {
        "reactor_utilization": {
          "shard": "11",
          "value": 66.921187559999879
        }
      },
      {
        "reactor_utilization": {
          "shard": "12",
          "value": 63.918505879999813
        }
      },
      {
        "reactor_utilization": {
          "shard": "13",
          "value": 74.935940580000079
        }
      },
      {
        "reactor_utilization": {
          "shard": "14",
          "value": 67.190370459999897
        }
      },
      {
        "reactor_utilization": {
          "shard": "15",
          "value": 71.818814540000346
        }
      }
    ]
  },
  {
    "metrics": [
      {
        "reactor_utilization": {
          "shard": "0",
          "value": 86.050597560000227
        }
      },
      {
        "reactor_utilization": {
          "shard": "1",
          "value": 76.711042800000058
        }
      },
      {
        "reactor_utilization": {
          "shard": "2",
          "value": 56.121355099999867
        }
      },
      {
        "reactor_utilization": {
          "shard": "3",
          "value": 63.874170019999731
        }
      },
      {
        "reactor_utilization": {
          "shard": "4",
          "value": 74.764433979999893
        }
      },
      {
        "reactor_utilization": {
          "shard": "5",
          "value": 51.56723862000009
        }
      },
      {
        "reactor_utilization": {
          "shard": "6",
          "value": 66.588882919999747
        }
      },
      {
        "reactor_utilization": {
          "shard": "7",
          "value": 66.350882799999965
        }
      },
      {
        "reactor_utilization": {
          "shard": "8",
          "value": 66.390434559999662
        }
      },
      {
        "reactor_utilization": {
          "shard": "9",
          "value": 74.345637640000135
        }
      },
      {
        "reactor_utilization": {
          "shard": "10",
          "value": 74.575600820000503
        }
      },
      {
        "reactor_utilization": {
          "shard": "11",
          "value": 74.913133459999884
        }
      },
      {
        "reactor_utilization": {
          "shard": "12",
          "value": 73.80439437999982
        }
      },
      {
        "reactor_utilization": {
          "shard": "13",
          "value": 59.028025620000079
        }
      },
      {
        "reactor_utilization": {
          "shard": "14",
          "value": 67.954035879999907
        }
      },
      {
        "reactor_utilization": {
          "shard": "15",
          "value": 83.330243000000365
        }
      }
    ]
  },
  {
    "metrics": [
      {
        "reactor_utilization": {
          "shard": "0",
          "value": 66.301167420000226
        }
      },
      {
        "reactor_utilization": {
          "shard": "1",
          "value": 66.361043500000036
        }
      },
      {
        "reactor_utilization": {
          "shard": "2",
          "value": 72.148234559999878
        }
      },
      {
        "reactor_utilization": {
          "shard": "3",
          "value": 70.91329235999973
        }
      },
      {
        "reactor_utilization": {
          "shard": "4",
          "value": 60.421712479999876
        }
      },
      {
        "reactor_utilization": {
          "shard": "5",
          "value": 54.325559040000101
        }
      },
      {
        "reactor_utilization": {
          "shard": "6",
          "value": 56.740010559999746
        }
      },
      {
        "reactor_utilization": {
          "shard": "7",
          "value": 74.237668559999975
        }
      },
      {
        "reactor_utilization": {
          "shard": "8",
          "value": 71.067702599999649
        }
      },
      {
        "reactor_utilization": {
          "shard": "9",
          "value": 71.632131540000145
        }
      },
      {
        "reactor_utilization": {
          "shard": "10",
          "value": 73.65978732000049
        }
      },
      {
        "reactor_utilization": {
          "shard": "11",
          "value": 81.145875859999876
        }
      },
      {
        "reactor_utilization": {
          "shard": "12",
          "value": 77.243891479999803
        }
      },
      {
        "reactor_utilization": {
          "shard": "13",
          "value": 58.406488760000073
        }
      },
      {
        "reactor_utilization": {
          "shard": "14",
          "value": 82.977936219999904
        }
      },
      {
        "reactor_utilization": {
          "shard": "15",
          "value": 83.457672860000358
        }
      }
    ]
  },
  {
    "metrics": [
      {
        "reactor_utilization": {
          "shard": "0",
          "value": 58.923217240000227
        }
      },
      {
        "reactor_utilization": {
          "shard": "1",
          "value": 74.977573220000039
        }
      },
      {
        "reactor_utilization": {
          "shard": "2",
          "value": 59.545404119999866
        }
      },
      {
        "reactor_utilization": {
          "shard": "3",
          "value": 65.66665921999973
        }
      },
      {
        "reactor_utilization": {
          "shard": "4",
          "value": 75.089580039999888
        }
      },
      {
        "reactor_utilization": {
          "shard": "5",
          "value": 65.011956640000108
        }
      },
      {
        "reactor_utilization": {
          "shard": "6",
          "value": 68.286512139999743
        }
      },
      {
        "reactor_utilization": {
          "shard": "7",
          "value": 73.670504299999976
        }
      },
      {
        "reactor_utilization": {
          "shard": "8",
          "value": 63.624788159999653
        }
      },
      {
        "reactor_utilization": {
          "shard": "9",
          "value": 64.745664500000146
        }
      },
      {
        "reactor_utilization": {
          "shard": "10",
          "value": 71.294577540000489
        }
      },
      {
        "reactor_utilization": {
          "shard": "11",
          "value": 72.983007619999896
        }
      },
      {
        "reactor_utilization": {
          "shard": "12",
          "value": 87.2638487199998
        }
      },
      {
        "reactor_utilization": {
          "shard": "13",
          "value": 71.911162720000078
        }
      },
      {
        "reactor_utilization": {
          "shard": "14",
          "value": 79.4549807799999
        }
      },
      {
        "reactor_utilization": {
          "shard": "15",
          "value": 90.439763060000359
        }
      }
    ]
  },
  {
    "metrics": [
      {
        "reactor_utilization": {
          "shard": "0",
          "value": 53.398910860000228
        }
      },
      {
        "reactor_utilization": {
          "shard": "1",
          "value": 65.412273600000034
        }
      },
      {
        "reactor_utilization": {
          "shard": "2",
          "value": 67.953933479999876
        }
      },
      {
        "reactor_utilization": {
          "shard": "3",
          "value": 63.368514679999734
        }
      },
      {
        "reactor_utilization": {
          "shard": "4",
          "value": 60.021897399999879
        }
      },
      {
        "reactor_utilization": {
          "shard": "5",
          "value": 69.203380860000109
        }
      },
      {
        "reactor_utilization": {
          "shard": "6",
          "value": 69.268744539999744
        }
      },
      {
        "reactor_utilization": {
          "shard": "7",
          "value": 61.666576239999962
        }
      },
      {
        "reactor_utilization": {
          "shard": "8",
          "value": 70.815894719999648
        }
      },
      {
        "reactor_utilization": {
          "shard": "9",
          "value": 82.98301756000015
        }
      },
      {
        "reactor_utilization": {
          "shard": "10",
          "value": 63.470200780000496
        }
      },
      {
        "reactor_utilization": {
          "shard": "11",
          "value": 66.462976879999886
        }
      },
      {
        "reactor_utilization": {
          "shard": "12",
          "value": 80.408969379999803
        }
      },
      {
        "reactor_utilization": {
          "shard": "13",
          "value": 71.772532880000071
        }
      },
      {
        "reactor_utilization": {
          "shard": "14",
          "value": 86.7547635399999
        }
      },
      {
        "reactor_utilization": {
          "shard": "15",
          "value": 81.362133120000351
        }
      }
    ]
  },
  {
    "metrics": [
      {
        "reactor_utilization": {
          "shard": "0",
          "value": 65.361647080000225
        }
      },
      {
        "reactor_utilization": {
          "shard": "1",
          "value": 75.985408000000049
        }
      },
      {
        "reactor_utilization": {
          "shard": "2",
          "value": 69.476821279999854
        }
      },
      {
        "reactor_utilization": {
          "shard": "3",
          "value": 73.860687219999718
        }
      },
      {
        "reactor_utilization": {
          "shard": "4",
          "value": 68.990473159999894
        }
      },
      {
        "reactor_utilization": {
          "shard": "5",
          "value": 61.134261880000111
        }
      },
      {
        "reactor_utilization": {
          "shard": "6",
          "value": 80.501590499999736
        }
      },
      {
        "reactor_utilization": {
          "shard": "7",
          "value": 74.11855737999997
        }
      },
      {
        "reactor_utilization": {
          "shard": "8",
          "value": 71.262768219999657
        }
      },
      {
        "reactor_utilization": {
          "shard": "9",
          "value": 66.705596040000145
        }
      },
      {
        "reactor_utilization": {
          "shard": "10",
          "value": 69.139007980000486
        }
      },
      {
        "reactor_utilization": {
          "shard": "11",
          "value": 67.996278979999886
        }
      },
      {
        "reactor_utilization": {
          "shard": "12",
          "value": 78.470707239999797
        }
      },
      {
        "reactor_utilization": {
          "shard": "13",
          "value": 69.003385360000081
        }
      },
      {
        "reactor_utilization": {
          "shard": "14",
          "value": 81.746105079999907
        }
      },
      {
        "reactor_utilization": {
          "shard": "15",
          "value": 71.075273440000359
        }
      }
    ]
  },
  {
    "metrics": [
      {
        "reactor_utilization": {
          "shard": "0",
          "value": 61.455710720000226
        }
      },
      {
        "reactor_utilization": {
          "shard": "1",
          "value": 73.479337240000035
        }
      },
      {
        "reactor_utilization": {
          "shard": "2",
          "value": 62.370793899999867
        }
      },
      {
        "reactor_utilization": {
          "shard": "3",
          "value": 62.971961819999713
        }
      },
      {
        "reactor_utilization": {
          "shard": "4",
          "value": 70.653581039999892
        }
      },
      {
        "reactor_utilization": {
          "shard": "5",
          "value": 66.190387540000103
        }
      },
      {
        "reactor_utilization": {
          "shard": "6",
          "value": 69.935467319999731
        }
      },
      {
        "reactor_utilization": {
          "shard": "7",
          "value": 68.422550739999963
        }
      },
      {
        "reactor_utilization": {
          "shard": "8",
          "value": 74.816993519999656
        }
      },
      {
        "reactor_utilization": {
          "shard": "9",
          "value": 68.575370980000145
        }
      },
      {
        "reactor_utilization": {
          "shard": "10",
          "value": 81.915149500000481
        }
      },
      {
        "reactor_utilization": {
          "shard": "11",
          "value": 83.722493379999889
        }
      },
      {
        "reactor_utilization": {
          "shard": "12",
          "value": 58.251149079999799
        }
      },
      {
        "reactor_utilization": {
          "shard": "13",
          "value": 54.847040120000081
        }
      },
      {
        "reactor_utilization": {
          "shard": "14",
          "value": 79.993030159999918
        }
      },
      {
        "reactor_utilization": {
          "shard": "15",
          "value": 75.36189020000036
        }
      }
    ]
  },
  {
    "metrics": [
      {
        "reactor_utilization": {
          "shard": "0",
          "value": 52.484235840000224
        }
      },
      {
        "reactor_utilization": {
          "shard": "1",
          "value": 54.182544080000049
        }
      },
      {
        "reactor_utilization": {
          "shard": "2",
          "value": 48.837462939999853
        }
      },
      {
        "reactor_utilization": {
          "shard": "3",
          "value": 52.515041679999705
        }
      },
      {
        "reactor_utilization": {
          "shard": "4",
          "value": 58.925316779999882
        }
      },
      {
        "reactor_utilization": {
          "shard": "5",
          "value": 56.704574080000093
        }
      },
      {
        "reactor_utilization": {
          "shard": "6",
          "value": 74.978145099999736
        }
      },
      {
        "reactor_utilization": {
          "shard": "7",
          "value": 54.506199039999984
        }
      },
      {
        "reactor_utilization": {
          "shard": "8",
          "value": 76.496334239999641
        }
      },
      {
        "reactor_utilization": {
          "shard": "9",
          "value": 65.129849720000138
        }
      },
      {
        "reactor_utilization": {
          "shard": "10",
          "value": 95.145566640000496
        }
      },
      {
        "reactor_utilization": {
          "shard": "11",
          "value": 86.721335919999902
        }
      },
      {
        "reactor_utilization": {
          "shard": "12",
          "value": 71.906349179999793
        }
      },
      {
        "reactor_utilization": {
          "shard": "13",
          "value": 58.206610080000075
        }
      },
      {
        "reactor_utilization": {
          "shard": "14",
          "value": 68.10527417999991
        }
      },
      {
        "reactor_utilization": {
          "shard": "15",
          "value": 45.527095680000365
        }
      }
    ]
  },
  {
    "metrics": [
      {
        "reactor_utilization": {
          "shard": "0",
          "value": 63.284039740000217
        }
      },
      {
        "reactor_utilization": {
          "shard": "1",
          "value": 70.809240780000039
        }
      },
      {
        "reactor_utilization": {
          "shard": "2",
          "value": 61.345574539999859
        }
      },
      {
        "reactor_utilization": {
          "shard": "3",
          "value": 63.570163999999707
        }
      },
      {
        "reactor_utilization": {
          "shard": "4",
          "value": 69.73938059999989
        }
      },
      {
        "reactor_utilization": {
          "shard": "5",
          "value": 69.171386820000095
        }
      },
      {
        "reactor_utilization": {
          "shard": "6",
          "value": 67.957308519999728
        }
      },
      {
        "reactor_utilization": {
          "shard": "7",
          "value": 66.649029259999963
        }
      },
      {
        "reactor_utilization": {
          "shard": "8",
          "value": 62.682998279999644
        }
      },
      {
        "reactor_utilization": {
          "shard": "9",
          "value": 64.934613520000127
        }
      },
      {
        "reactor_utilization": {
          "shard": "10",
          "value": 72.340891300000493
        }
      },
      {
        "reactor_utilization": {
          "shard": "11",
          "value": 58.898250659999896
        }
      },
      {
        "reactor_utilization": {
          "shard": "12",
          "value": 86.571904279999785
        }
      },
      {
        "reactor_utilization": {
          "shard": "13",
          "value": 62.527723020000067
        }
      },
      {
        "reactor_utilization": {
          "shard": "14",
          "value": 69.197414559999899
        }
      },
      {
        "reactor_utilization": {
          "shard": "15",
          "value": 84.13755430000036
        }
      }
    ]
  },
  {
    "metrics": [
      {
        "reactor_utilization": {
          "shard": "0",
          "value": 62.255565400000215
        }
      },
      {
        "reactor_utilization": {
          "shard": "1",
          "value": 76.735624840000042
        }
      },
      {
        "reactor_utilization": {
          "shard": "2",
          "value": 64.536703559999864
        }
      },
      {
        "reactor_utilization": {
          "shard": "3",
          "value": 58.127098879999707
        }
      },
      {
        "reactor_utilization": {
          "shard": "4",
          "value": 64.922806479999878
        }
      },
      {
        "reactor_utilization": {
          "shard": "5",
          "value": 57.778622400000089
        }
      },
      {
        "reactor_utilization": {
          "shard": "6",
          "value": 73.86347541999973
        }
      },
      {
        "reactor_utilization": {
          "shard": "7",
          "value": 64.151984419999962
        }
      },
      {
        "reactor_utilization": {
          "shard": "8",
          "value": 59.943984759999644
        }
      },
      {
        "reactor_utilization": {
          "shard": "9",
          "value": 57.172474740000133
        }
      },
      {
        "reactor_utilization": {
          "shard": "10",
          "value": 78.189947500000486
        }
      },
      {
        "reactor_utilization": {
          "shard": "11",
          "value": 77.902092179999897
        }
      },
      {
        "reactor_utilization": {
          "shard": "12",
          "value": 72.801217699999782
        }
      },
      {
        "reactor_utilization": {
          "shard": "13",
          "value": 85.207059980000068
        }
      },
      {
        "reactor_utilization": {
          "shard": "14",
          "value": 66.190181879999898
        }
      },
      {
        "reactor_utilization": {
          "shard": "15",
          "value": 70.601774900000365
        }
      }
    ]
  },
  {
    "metrics": [
      {
        "reactor_utilization": {
          "shard": "0",
          "value": 76.850417640000217
        }
      },
      {
        "reactor_utilization": {
          "shard": "1",
          "value": 66.40193086000005
        }
      },
      {
        "reactor_utilization": {
          "shard": "2",
          "value": 47.503429099999863
        }
      },
      {
        "reactor_utilization": {
          "shard": "3",
          "value": 67.18736389999971
        }
      },
      {
        "reactor_utilization": {
          "shard": "4",
          "value": 79.163836019999877
        }
      },
      {
        "reactor_utilization": {
          "shard": "5",
          "value": 71.404767040000095
        }
      },
      {
        "reactor_utilization": {
          "shard": "6",
          "value": 71.078813819999723
        }
      },
      {
        "reactor_utilization": {
          "shard": "7",
          "value": 70.945985539999967
        }
      },
      {
        "reactor_utilization": {
          "shard": "8",
          "value": 62.448714659999652
        }
      },
      {
        "reactor_utilization": {
          "shard": "9",
          "value": 66.740528940000118
        }
      },
      {
        "reactor_utilization": {
          "shard": "10",
          "value": 69.032157360000497
        }
      },
      {
        "reactor_utilization": {
          "shard": "11",
          "value": 84.3703714399999
        }
      },
      {
        "reactor_utilization": {
          "shard": "12",
          "value": 81.7768994999998
        }
      },
      {
        "reactor_utilization": {
          "shard": "13",
          "value": 68.831691280000072
        }
      },
      {
        "reactor_utilization": {
          "shard": "14",
          "value": 71.432450659999901
        }
      },
      {
        "reactor_utilization": {
          "shard": "15",
          "value": 83.781467600000383
        }
      }
    ]
  },
  {
    "metrics": [
      {
        "reactor_utilization": {
          "shard": "0",
          "value": 67.655133160000219
        }
      },
      {
        "reactor_utilization": {
          "shard": "1",
          "value": 69.477604120000052
        }
      },
      {
        "reactor_utilization": {
          "shard": "2",
          "value": 63.952489819999847
        }
      },
      {
        "reactor_utilization": {
          "shard": "3",
          "value": 74.9519347399997
        }
      },
      {
        "reactor_utilization": {
          "shard": "4",
          "value": 62.314578079999883
        }
      },
      {
        "reactor_utilization": {
          "shard": "5",
          "value": 69.132556200000096
        }
      },
      {
        "reactor_utilization": {
          "shard": "6",
          "value": 73.203562239999727
        }
      },
      {
        "reactor_utilization": {
          "shard": "7",
          "value": 76.459881759999959
        }
      },
      {
        "reactor_utilization": {
          "shard": "8",
          "value": 59.79894489999964
        }
      },
      {
        "reactor_utilization": {
          "shard": "9",
          "value": 65.087408540000126
        }
      },
      {
        "reactor_utilization": {
          "shard": "10",
          "value": 65.721247640000485
        }
      },
      {
        "reactor_utilization": {
          "shard": "11",
          "value": 67.045296459999904
        }
      },
      {
        "reactor_utilization": {
          "shard": "12",
          "value": 74.072276419999795
        }
      },
      {
        "reactor_utilization": {
          "shard": "13",
          "value": 71.26551600000009
        }
      },
      {
        "reactor_utilization": {
          "shard": "14",
          "value": 84.966413659999901
        }
      },
      {
        "reactor_utilization": {
          "shard": "15",
          "value": 85.689150400000386
        }
      }
    ]
  },
  {
    "metrics": [
      {
        "reactor_utilization": {
          "shard": "0",
          "value": 63.341122520000226
        }
      },
      {
        "reactor_utilization": {
          "shard": "1",
          "value": 56.823682160000047
        }
      },
      {
        "reactor_utilization": {
          "shard": "2",
          "value": 59.054655339999854
        }
      },
      {
        "reactor_utilization": {
          "shard": "3",
          "value": 55.7523434599997
        }
      },
      {
        "reactor_utilization": {
          "shard": "4",
          "value": 83.100792179999885
        }
      },
      {
        "reactor_utilization": {
          "shard": "5",
          "value": 72.629703300000088
        }
      },
      {
        "reactor_utilization": {
          "shard": "6",
          "value": 70.180921619999722
        }
      },
      {
        "reactor_utilization": {
          "shard": "7",
          "value": 64.866962619999981
        }
      },
      {
        "reactor_utilization": {
          "shard": "8",
          "value": 64.095978219999651
        }
      },
      {
        "reactor_utilization": {
          "shard": "9",
          "value": 70.313294840000125
        }
      },
      {
        "reactor_utilization": {
          "shard": "10",
          "value": 74.640770240000492
        }
      },
      {
        "reactor_utilization": {
          "shard": "11",
          "value": 75.069080319999898
        }
      },
      {
        "reactor_utilization": {
          "shard": "12",
          "value": 64.996636839999795
        }
      },
      {
        "reactor_utilization": {
          "shard": "13",
          "value": 81.753384380000085
        }
      },
      {
        "reactor_utilization": {
          "shard": "14",
          "value": 77.055206899999902
        }
      },
      {
        "reactor_utilization": {
          "shard": "15",
          "value": 72.055827520000378
        }
      }
    ]
  },
  {
    "metrics": [
      {
        "reactor_utilization": {
          "shard": "0",
          "value": 73.10677716000022
        }
      },
      {
        "reactor_utilization": {
          "shard": "1",
          "value": 65.812375260000053
        }
      },
      {
        "reactor_utilization": {
          "shard": "2",
          "value": 68.114067399999868
        }
      },
      {
        "reactor_utilization": {
          "shard": "3",
          "value": 68.327248299999695
        }
      },
      {
        "reactor_utilization": {
          "shard": "4",
          "value": 68.369217079999885
        }
      },
      {
        "reactor_utilization": {
          "shard": "5",
          "value": 60.558259160000084
        }
      },
      {
        "reactor_utilization": {
          "shard": "6",
          "value": 76.212612679999722
        }
      },
      {
        "reactor_utilization": {
          "shard": "7",
          "value": 64.318290139999974
        }
      },
      {
        "reactor_utilization": {
          "shard": "8",
          "value": 80.429414319999665
        }
      },
      {
        "reactor_utilization": {
          "shard": "9",
          "value": 68.993166480000127
        }
      },
      {
        "reactor_utilization": {
          "shard": "10",
          "value": 67.335445040000479
        }
      },
      {
        "reactor_utilization": {
          "shard": "11",
          "value": 58.362279539999903
        }
      },
      {
        "reactor_utilization": {
          "shard": "12",
          "value": 79.903878499999777
        }
      },
      {
        "reactor_utilization": {
          "shard": "13",
          "value": 80.789877020000077
        }
      },
      {
        "reactor_utilization": {
          "shard": "14",
          "value": 75.224587719999917
        }
      },
      {
        "reactor_utilization": {
          "shard": "15",
          "value": 87.219088680000382
        }
      }
    ]
  },
  {
    "metrics": [
      {
        "reactor_utilization": {
          "shard": "0",
          "value": 55.584899700000221
        }
      },
      {
        "reactor_utilization": {
          "shard": "1",
          "value": 67.44088040000004
        }
      },
      {
        "reactor_utilization": {
          "shard": "2",
          "value": 75.713914359999862
        }
      },
      {
        "reactor_utilization": {
          "shard": "3",
          "value": 74.804613419999683
        }
      },
      {
        "reactor_utilization": {
          "shard": "4",
          "value": 59.890396279999877
        }
      },
      {
        "reactor_utilization": {
          "shard": "5",
          "value": 65.66042604000009
        }
      },
      {
        "reactor_utilization": {
          "shard": "6",
          "value": 72.488994939999714
        }
      },
      {
        "reactor_utilization": {
          "shard": "7",
          "value": 71.217002539999982
        }
      },
      {
        "reactor_utilization": {
          "shard": "8",
          "value": 67.075182959999651
        }
      },
      {
        "reactor_utilization": {
          "shard": "9",
          "value": 87.543743840000147
        }
      },
      {
        "reactor_utilization": {
          "shard": "10",
          "value": 67.78931516000047
        }
      },
      {
        "reactor_utilization": {
          "shard": "11",
          "value": 64.370831699999883
        }
      },
      {
        "reactor_utilization": {
          "shard": "12",
          "value": 70.946229379999792
        }
      },
      {
        "reactor_utilization": {
          "shard": "13",
          "value": 83.187660580000085
        }
      },
      {
        "reactor_utilization": {
          "shard": "14",
          "value": 81.60073299999992
        }
      },
      {
        "reactor_utilization": {
          "shard": "15",
          "value": 65.606773060000378
        }
      }
    ]
  },
  {
    "metrics": [
      {
        "reactor_utilization": {
          "shard": "0",
          "value": 66.624175360000223
        }
      },
      {
        "reactor_utilization": {
          "shard": "1",
          "value": 68.952884840000038
        }
      },
      {
        "reactor_utilization": {
          "shard": "2",
          "value": 69.671215479999873
        }
      },
      {
        "reactor_utilization": {
          "shard": "3",
          "value": 72.653579899999684
        }
      },
      {
        "reactor_utilization": {
          "shard": "4",
          "value": 61.237561939999885
        }
      },
      {
        "reactor_utilization": {
          "shard": "5",
          "value": 61.774559380000085
        }
      },
      {
        "reactor_utilization": {
          "shard": "6",
          "value": 63.185335679999731
        }
      },
      {
        "reactor_utilization": {
          "shard": "7",
          "value": 57.915466659999971
        }
      },
      {
        "reactor_utilization": {
          "shard": "8",
          "value": 70.225362699999664
        }
      },
      {
        "reactor_utilization": {
          "shard": "9",
          "value": 84.742197560000136
        }
      },
      {
        "reactor_utilization": {
          "shard": "10",
          "value": 67.049696440000474
        }
      },
      {
        "reactor_utilization": {
          "shard": "11",
          "value": 79.821283879999896
        }
      },
      {
        "reactor_utilization": {
          "shard": "12",
          "value": 62.219951539999784
        }
      },
      {
        "reactor_utilization": {
          "shard": "13",
          "value": 74.960523660000078
        }
      },
      {
        "reactor_utilization": {
          "shard": "14",
          "value": 81.815040759999917
        }
      },
      {
        "reactor_utilization": {
          "shard": "15",
          "value": 68.218351240000374
        }
      }
    ]
  },
  {
    "metrics": [
      {
        "reactor_utilization": {
          "shard": "0",
          "value": 68.762756700000239
        }
      },
      {
        "reactor_utilization": {
          "shard": "1",
          "value": 71.251666060000048
        }
      },
      {
        "reactor_utilization": {
          "shard": "2",
          "value": 59.989835619999866
        }
      },
      {
        "reactor_utilization": {
          "shard": "3",
          "value": 51.396009919999685
        }
      },
      {
        "reactor_utilization": {
          "shard": "4",
          "value": 67.189722079999882
        }
      },
      {
        "reactor_utilization": {
          "shard": "5",
          "value": 76.146929120000081
        }
      },
      {
        "reactor_utilization": {
          "shard": "6",
          "value": 80.524647779999725
        }
      },
      {
        "reactor_utilization": {
          "shard": "7",
          "value": 79.140649099999976
        }
      },
      {
        "reactor_utilization": {
          "shard": "8",
          "value": 68.833374759999643
        }
      },
      {
        "reactor_utilization": {
          "shard": "9",
          "value": 62.180099280000135
        }
      },
      {
        "reactor_utilization": {
          "shard": "10",
          "value": 75.296969840000472
        }
      },
      {
        "reactor_utilization": {
          "shard": "11",
          "value": 80.64644401999989
        }
      },
      {
        "reactor_utilization": {
          "shard": "12",
          "value": 82.047343739999789
        }
      },
      {
        "reactor_utilization": {
          "shard": "13",
          "value": 70.740422180000095
        }
      },
      {
        "reactor_utilization": {
          "shard": "14",
          "value": 57.276133619999911
        }
      },
      {
        "reactor_utilization": {
          "shard": "15",
          "value": 65.745268020000381
        }
      }
    ]
  },
  {
    "metrics": [
      {
        "reactor_utilization": {
          "shard": "0",
          "value": 64.207243240000238
        }
      },
      {
        "reactor_utilization": {
          "shard": "1",
          "value": 75.828859860000037
        }
      },
      {
        "reactor_utilization": {
          "shard": "2",
          "value": 75.646681739999877
        }
      },
      {
        "reactor_utilization": {
          "shard": "3",
          "value": 74.014804899999689
        }
      },
      {
        "reactor_utilization": {
          "shard": "4",
          "value": 59.007016599999886
        }
      },
      {
        "reactor_utilization": {
          "shard": "5",
          "value": 62.699965400000082
        }
      },
      {
        "reactor_utilization": {
          "shard": "6",
          "value": 80.606656899999734
        }
      },
      {
        "reactor_utilization": {
          "shard": "7",
          "value": 69.106664879999968
        }
      },
      {
        "reactor_utilization": {
          "shard": "8",
          "value": 67.087247079999656
        }
      },
      {
        "reactor_utilization": {
          "shard": "9",
          "value": 77.525473120000143
        }
      },
      {
        "reactor_utilization": {
          "shard": "10",
          "value": 76.93517598000048
        }
      },
      {
        "reactor_utilization": {
          "shard": "11",
          "value": 65.371709119999906
        }
      },
      {
        "reactor_utilization": {
          "shard": "12",
          "value": 68.359522459999795
        }
      },
      {
        "reactor_utilization": {
          "shard": "13",
          "value": 68.79339192000009
        }
      },
      {
        "reactor_utilization": {
          "shard": "14",
          "value": 60.295452299999916
        }
      },
      {
        "reactor_utilization": {
          "shard": "15",
          "value": 69.116292100000379
        }
      }
    ]
  },
  {
    "metrics": [
      {
        "reactor_utilization": {
          "shard": "0",
          "value": 51.871734920000257
        }
      },
      {
        "reactor_utilization": {
          "shard": "1",
          "value": 65.021349960000038
        }
      },
      {
        "reactor_utilization": {
          "shard": "2",
          "value": 49.803865359999875
        }
      },
      {
        "reactor_utilization": {
          "shard": "3",
          "value": 71.243177659999674
        }
      },
      {
        "reactor_utilization": {
          "shard": "4",
          "value": 77.076933159999882
        }
      },
      {
        "reactor_utilization": {
          "shard": "5",
          "value": 64.716434920000083
        }
      },
      {
        "reactor_utilization": {
          "shard": "6",
          "value": 80.980902519999731
        }
      },
      {
        "reactor_utilization": {
          "shard": "7",
          "value": 76.123790159999984
        }
      },
      {
        "reactor_utilization": {
          "shard": "8",
          "value": 62.375178739999647
        }
      },
      {
        "reactor_utilization": {
          "shard": "9",
          "value": 72.91467408000014
        }
      },
      {
        "reactor_utilization": {
          "shard": "10",
          "value": 73.708155140000471
        }
      },
      {
        "reactor_utilization": {
          "shard": "11",
          "value": 77.802909639999896
        }
      },
      {
        "reactor_utilization": {
          "shard": "12",
          "value": 81.091223779999794
        }
      },
      {
        "reactor_utilization": {
          "shard": "13",
          "value": 76.847549240000106
        }
      },
      {
        "reactor_utilization": {
          "shard": "14",
          "value": 64.944088779999916
        }
      },
      {
        "reactor_utilization": {
          "shard": "15",
          "value": 78.111404860000363
        }
      }
    ]
  },
  {
    "metrics": [
      {
        "reactor_utilization": {
          "shard": "0",
          "value": 60.993213360000254
        }
      },
      {
        "reactor_utilization": {
          "shard": "1",
          "value": 71.486640060000056
        }
      },
      {
        "reactor_utilization": {
          "shard": "2",
          "value": 76.984087899999878
        }
      },
      {
        "reactor_utilization": {
          "shard": "3",
          "value": 62.451227199999671
        }
      },
      {
        "reactor_utilization": {
          "shard": "4",
          "value": 73.573357879999875
        }
      },
      {
        "reactor_utilization": {
          "shard": "5",
          "value": 80.129348680000078
        }
      },
      {
        "reactor_utilization": {
          "shard": "6",
          "value": 64.064254039999739
        }
      },
      {
        "reactor_utilization": {
          "shard": "7",
          "value": 69.083785359999979
        }
      },
      {
        "reactor_utilization": {
          "shard": "8",
          "value": 77.834868219999649
        }
      },
      {
        "reactor_utilization": {
          "shard": "9",
          "value": 84.26123636000014
        }
      },
      {
        "reactor_utilization": {
          "shard": "10",
          "value": 73.111157840000487
        }
      },
      {
        "reactor_utilization": {
          "shard": "11",
          "value": 68.86454409999989
        }
      },
      {
        "reactor_utilization": {
          "shard": "12",
          "value": 75.779501299999794
        }
      },
      {
        "reactor_utilization": {
          "shard": "13",
          "value": 76.1216281600001
        }
      },
      {
        "reactor_utilization": {
          "shard": "14",
          "value": 70.362208339999924
        }
      },
      {
        "reactor_utilization": {
          "shard": "15",
          "value": 70.872406440000361
        }
      }
    ]
  },
  {
    "metrics": [
      {
        "reactor_utilization": {
          "shard": "0",
          "value": 84.050722600000256
        }
      },
      {
        "reactor_utilization": {
          "shard": "1",
          "value": 75.569736960000043
        }
      },
      {
        "reactor_utilization": {
          "shard": "2",
          "value": 58.494522639999879
        }
      },
      {
        "reactor_utilization": {
          "shard": "3",
          "value": 62.442294319999682
        }
      },
      {
        "reactor_utilization": {
          "shard": "4",
          "value": 71.061716699999906
        }
      },
      {
        "reactor_utilization": {
          "shard": "5",
          "value": 46.540673000000076
        }
      },
      {
        "reactor_utilization": {
          "shard": "6",
          "value": 64.692027939999733
        }
      },
      {
        "reactor_utilization": {
          "shard": "7",
          "value": 66.538827719999972
        }
      },
      {
        "reactor_utilization": {
          "shard": "8",
          "value": 73.871649579999641
        }
      },
      {
        "reactor_utilization": {
          "shard": "9",
          "value": 82.940945440000149
        }
      },
      {
        "reactor_utilization": {
          "shard": "10",
          "value": 73.793644260000477
        }
      },
      {
        "reactor_utilization": {
          "shard": "11",
          "value": 68.593124939999896
        }
      },
      {
        "reactor_utilization": {
          "shard": "12",
          "value": 72.241254659999797
        }
      },
      {
        "reactor_utilization": {
          "shard": "13",
          "value": 62.607541740000094
        }
      },
      {
        "reactor_utilization": {
          "shard": "14",
          "value": 57.505137219999916
        }
      },
      {
        "reactor_utilization": {
          "shard": "15",
          "value": 83.504954080000374
        }
      }
    ]
  },
  {
    "metrics": [
      {
        "reactor_utilization": {
          "shard": "0",
          "value": 64.634014060000254
        }
      },
      {
        "reactor_utilization": {
          "shard": "1",
          "value": 65.531393240000043
        }
      },
      {
        "reactor_utilization": {
          "shard": "2",
          "value": 69.08029375999989
        }
      },
      {
        "reactor_utilization": {
          "shard": "3",
          "value": 64.727613079999685
        }
      },
      {
        "reactor_utilization": {
          "shard": "4",
          "value": 68.27279861999989
        }
      },
      {
        "reactor_utilization": {
          "shard": "5",
          "value": 56.265425860000072
        }
      },
      {
        "reactor_utilization": {
          "shard": "6",
          "value": 66.858430439999722
        }
      },
      {
        "reactor_utilization": {
          "shard": "7",
          "value": 71.115524899999969
        }
      },
      {
        "reactor_utilization": {
          "shard": "8",
          "value": 59.837916359999646
        }
      },
      {
        "reactor_utilization": {
          "shard": "9",
          "value": 64.61733810000014
        }
      },
      {
        "reactor_utilization": {
          "shard": "10",
          "value": 79.374444260000473
        }
      },
      {
        "reactor_utilization": {
          "shard": "11",
          "value": 85.347432979999894
        }
      },
      {
        "reactor_utilization": {
          "shard": "12",
          "value": 77.230356799999797
        }
      },
      {
        "reactor_utilization": {
          "shard": "13",
          "value": 60.642999200000105
        }
      },
      {
        "reactor_utilization": {
          "shard": "14",
          "value": 81.76287547999992
        }
      },
      {
        "reactor_utilization": {
          "shard": "15",
          "value": 88.46986480000038
        }
      }
    ]
  },
  {
    "metrics": [
      {
        "reactor_utilization": {
          "shard": "0",
          "value": 60.143467660000248
        }
      },
      {
        "reactor_utilization": {
          "shard": "1",
          "value": 77.82587496000005
        }
      },
      {
        "reactor_utilization": {
          "shard": "2",
          "value": 63.670877799999893
        }
      },
      {
        "reactor_utilization": {
          "shard": "3",
          "value": 67.052700979999685
        }
      },
      {
        "reactor_utilization": {
          "shard": "4",
          "value": 73.427508239999881
        }
      },
      {
        "reactor_utilization": {
          "shard": "5",
          "value": 71.537317540000075
        }
      },
      {
        "reactor_utilization": {
          "shard": "6",
          "value": 62.026947459999739
        }
      },
      {
        "reactor_utilization": {
          "shard": "7",
          "value": 63.990408539999976
        }
      },
      {
        "reactor_utilization": {
          "shard": "8",
          "value": 57.105295999999647
        }
      },
      {
        "reactor_utilization": {
          "shard": "9",
          "value": 64.799344100000141
        }
      },
      {
        "reactor_utilization": {
          "shard": "10",
          "value": 68.150731020000478
        }
      },
      {
        "reactor_utilization": {
          "shard": "11",
          "value": 65.010346399999889
        }
      },
      {
        "reactor_utilization": {
          "shard": "12",
          "value": 77.705067439999809
        }
      },
      {
        "reactor_utilization": {
          "shard": "13",
          "value": 72.390132860000094
        }
      },
      {
        "reactor_utilization": {
          "shard": "14",
          "value": 89.569757919999901
        }
      },
      {
        "reactor_utilization": {
          "shard": "15",
          "value": 84.780056440000379
        }
      }
    ]
  }
]
