[
  {
    "metrics": [
      {
        "reactor_utilization": {
          "shard": "0",
          "value": 88.102080900000118
        }
      },
      {
        "reactor_utilization": {
          "shard": "1",
          "value": 94.322637060000062
        }
      },
      {
        "reactor_utilization": {
          "shard": "2",
          "value": 74.518096159999857
        }
      },
      {
        "reactor_utilization": {
          "shard": "3",
          "value": 80.964703479999486
        }
      },
      {
        "reactor_utilization": {
          "shard": "4",
          "value": 80.763232439999882
        }
      },
      {
        "reactor_utilization": {
          "shard": "5",
          "value": 76.53261031999989
        }
      },
      {
        "reactor_utilization": {
          "shard": "6",
          "value": 87.693321219999731
        }
      },
      {
        "reactor_utilization": {
          "shard": "7",
          "value": 75.033328339999912
        }
      },
      {
        "reactor_utilization": {
          "shard": "8",
          "value": 80.096860119999619
        }
      },
      {
        "reactor_utilization": {
          "shard": "9",
          "value": 82.240138220000205
        }
      },
      {
        "reactor_utilization": {
          "shard": "10",
          "value": 73.608895940000735
        }
      },
      {
        "reactor_utilization": {
          "shard": "11",
          "value": 81.319997399999806
        }
      },
      {
        "reactor_utilization": {
          "shard": "12",
          "value": 82.020318279999799
        }
      },
      {
        "reactor_utilization": {
          "shard": "13",
          "value": 81.593260100000094
        }
      },
      {
        "reactor_utilization": {
          "shard": "14",
          "value": 73.094507559999883
        }
      },
      {
        "reactor_utilization": {
          "shard": "15",
          "value": 70.561109560000347
        }
      }
    ]
  },
  {
    "metrics": [
      {
        "reactor_utilization": {
          "shard": "0",
          "value": 87.46722972000012
        }
      },
      {
        "reactor_utilization": {
          "shard": "1",
          "value": 78.094031420000064
        }
      },
      {
        "reactor_utilization": {
          "shard": "2",
          "value": 80.639398459999853
        }
      },
      {
        "reactor_utilization": {
          "shard": "3",
          "value": 88.465097319999501
        }
      },
      {
        "reactor_utilization": {
          "shard": "4",
          "value": 79.145313499999872
        }
      },
      {
        "reactor_utilization": {
          "shard": "5",
          "value": 77.033917119999899
        }
      },
      {
        "reactor_utilization": {
          "shard": "6",
          "value": 97.145502719999726
        }
      },
      {
        "reactor_utilization": {
          "shard": "7",
          "value": 73.17869311999992
        }
      },
      {
        "reactor_utilization": {
          "shard": "8",
          "value": 79.78124837999961
        }
      },
      {
        "reactor_utilization": {
          "shard": "9",
          "value": 82.928588340000204
        }
      },
      {
        "reactor_utilization": {
          "shard": "10",
          "value": 69.249796360000744
        }
      },
      {
        "reactor_utilization": {
          "shard": "11",
          "value": 80.789583879999796
        }
      },
      {
        "reactor_utilization": {
          "shard": "12",
          "value": 97.355309459999802
        }
      },
      {
        "reactor_utilization": {
          "shard": "13",
          "value": 73.842601360000117
        }
      },
      {
        "reactor_utilization": {
          "shard": "14",
          "value": 83.149111399999882
        }
      },
      {
        "reactor_utilization": {
          "shard": "15",
          "value": 84.578258420000353
        }
      }
    ]
  },
  {
    "metrics": [
      {
        "reactor_utilization": {
          "shard": "0",
          "value": 80.039490900000104
        }
      },
      {
        "reactor_utilization": {
          "shard": "1",
          "value": 90.867701900000057
        }
      },
      {
        "reactor_utilization": {
          "shard": "2",
          "value": 82.044731519999857
        }
      },
      {
        "reactor_utilization": {
          "shard": "3",
          "value": 81.792243639999498
        }
      },
      {
        "reactor_utilization": {
          "shard": "4",
          "value": 80.766020199999872
        }
      },
      {
        "reactor_utilization": {
          "shard": "5",
          "value": 72.069231739999879
        }
      },
      {
        "reactor_utilization": {
          "shard": "6",
          "value": 80.957568099999719
        }
      },
      {
        "reactor_utilization": {
          "shard": "7",
          "value": 74.229276199999902
        }
      },
      {
        "reactor_utilization": {
          "shard": "8",
          "value": 85.972212219999619
        }
      },
      {
        "reactor_utilization": {
          "shard": "9",
          "value": 82.60398066000019
        }
      },
      {
        "reactor_utilization": {
          "shard": "10",
          "value": 78.038548740000735
        }
      },
      {
        "reactor_utilization": {
          "shard": "11",
          "value": 83.296506639999791
        }
      },
      {
        "reactor_utilization": {
          "shard": "12",
          "value": 81.715420079999802
        }
      },
      {
        "reactor_utilization": {
          "shard": "13",
          "value": 93.669806820000119
        }
      },
      {
        "reactor_utilization": {
          "shard": "14",
          "value": 74.236869019999887
        }
      },
      {
        "reactor_utilization": {
          "shard": "15",
          "value": 86.708263180000344
        }
      }
    ]
  },
  {
    "metrics": [
      {
        "reactor_utilization": {
          "shard": "0",
          "value": 72.411941600000119
        }
      },
      {
        "reactor_utilization": {
          "shard": "1",
          "value": 74.780006380000046
        }
      },
      {
        "reactor_utilization": {
          "shard": "2",
          "value": 91.401001439999845
        }
      },
      {
        "reactor_utilization": {
          "shard": "3",
          "value": 85.836979139999499
        }
      },
      {
        "reactor_utilization": {
          "shard": "4",
          "value": 81.251714099999873
        }
      },
      {
        "reactor_utilization": {
          "shard": "5",
          "value": 79.249296019999889
        }
      },
      {
        "reactor_utilization": {
          "shard": "6",
          "value": 79.764357179999735
        }
      },
      {
        "reactor_utilization": {
          "shard": "7",
          "value": 79.219966619999909
        }
      },
      {
        "reactor_utilization": {
          "shard": "8",
          "value": 70.956371479999618
        }
      },
      {
        "reactor_utilization": {
          "shard": "9",
          "value": 74.622792320000201
        }
      },
      {
        "reactor_utilization": {
          "shard": "10",
          "value": 86.83772550000073
        }
      },
      {
        "reactor_utilization": {
          "shard": "11",
          "value": 85.634032199999794
        }
      },
      {
        "reactor_utilization": {
          "shard": "12",
          "value": 83.752967499999812
        }
      },
      {
        "reactor_utilization": {
          "shard": "13",
          "value": 91.463311100000112
        }
      },
      {
        "reactor_utilization": {
          "shard": "14",
          "value": 79.166967379999889
        }
      },
      {
        "reactor_utilization": {
          "shard": "15",
          "value": 88.50001574000035
        }
      }
    ]
  },
  {
    "metrics": [
      {
        "reactor_utilization": {
          "shard": "0",
          "value": 77.736470880000113
        }
      },
      {
        "reactor_utilization": {
          "shard": "1",
          "value": 91.768173320000045
        }
      },
      {
        "reactor_utilization": {
          "shard": "2",
          "value": 80.26914089999984
        }
      },
      {
        "reactor_utilization": {
          "shard": "3",
          "value": 74.142187699999496
        }
      },
      {
        "reactor_utilization": {
          "shard": "4",
          "value": 81.800243059999872
        }
      },
      {
        "reactor_utilization": {
          "shard": "5",
          "value": 71.34873485999988
        }
      },
      {
        "reactor_utilization": {
          "shard": "6",
          "value": 97.468931819999739
        }
      },
      {
        "reactor_utilization": {
          "shard": "7",
          "value": 85.110318579999912
        }
      },
      {
        "reactor_utilization": {
          "shard": "8",
          "value": 74.296880799999613
        }
      },
      {
        "reactor_utilization": {
          "shard": "9",
          "value": 85.192320680000194
        }
      },
      {
        "reactor_utilization": {
          "shard": "10",
          "value": 77.758102240000724
        }
      },
      {
        "reactor_utilization": {
          "shard": "11",
          "value": 83.304195099999788
        }
      },
      {
        "reactor_utilization": {
          "shard": "12",
          "value": 88.504782299999803
        }
      },
      {
        "reactor_utilization": {
          "shard": "13",
          "value": 80.306222200000107
        }
      },
      {
        "reactor_utilization": {
          "shard": "14",
          "value": 72.27354029999988
        }
      },
      {
        "reactor_utilization": {
          "shard": "15",
          "value": 88.698252940000344
        }
      }
    ]
  },
  {
    "metrics": [
      {
        "reactor_utilization": {
          "shard": "0",
          "value": 78.82023700000012
        }
      },
      {
        "reactor_utilization": {
          "shard": "1",
          "value": 76.291445460000048
        }
      },
      {
        "reactor_utilization": {
          "shard": "2",
          "value": 71.954212119999852
        }
      },
      {
        "reactor_utilization": {
          "shard": "3",
          "value": 73.580756119999506
        }
      },
      {
        "reactor_utilization": {
          "shard": "4",
          "value": 59.412908799999876
        }
      },
      {
        "reactor_utilization": {
          "shard": "5",
          "value": 89.438638319999882
        }
      },
      {
        "reactor_utilization": {
          "shard": "6",
          "value": 78.589804959999725
        }
      },
      {
        "reactor_utilization": {
          "shard": "7",
          "value": 91.782217659999915
        }
      },
      {
        "reactor_utilization": {
          "shard": "8",
          "value": 84.675570619999604
        }
      },
      {
        "reactor_utilization": {
          "shard": "9",
          "value": 83.076420000000198
        }
      },
      {
        "reactor_utilization": {
          "shard": "10",
          "value": 96.157479220000724
        }
      },
      {
        "reactor_utilization": {
          "shard": "11",
          "value": 89.930518759999785
        }
      },
      {
        "reactor_utilization": {
          "shard": "12",
          "value": 74.349566519999811
        }
      },
      {
        "reactor_utilization": {
          "shard": "13",
          "value": 85.679294420000105
        }
      },
      {
        "reactor_utilization": {
          "shard": "14",
          "value": 84.268094539999879
        }
      },
      {
        "reactor_utilization": {
          "shard": "15",
          "value": 75.381630260000335
        }
      }
    ]
  },
  {
    "metrics": [
      {
        "reactor_utilization": {
          "shard": "0",
          "value": 77.33236306000012
        }
      },
      {
        "reactor_utilization": {
          "shard": "1",
          "value": 75.228172460000053
        }
      },
      {
        "reactor_utilization": {
          "shard": "2",
          "value": 72.952539979999841
        }
      },
      {
        "reactor_utilization": {
          "shard": "3",
          "value": 83.115526559999495
        }
      },
      {
        "reactor_utilization": {
          "shard": "4",
          "value": 81.947574439999869
        }
      },
      {
        "reactor_utilization": {
          "shard": "5",
          "value": 72.729480399999886
        }
      },
      {
        "reactor_utilization": {
          "shard": "6",
          "value": 80.468895019999735
        }
      },
      {
        "reactor_utilization": {
          "shard": "7",
          "value": 74.974722639999911
        }
      },
      {
        "reactor_utilization": {
          "shard": "8",
          "value": 56.829849959999599
        }
      },
      {
        "reactor_utilization": {
          "shard": "9",
          "value": 80.059031460000199
        }
      },
      {
        "reactor_utilization": {
          "shard": "10",
          "value": 88.693905860000726
        }
      },
      {
        "reactor_utilization": {
          "shard": "11",
          "value": 90.859229759999778
        }
      },
      {
        "reactor_utilization": {
          "shard": "12",
          "value": 95.499733399999812
        }
      },
      {
        "reactor_utilization": {
          "shard": "13",
          "value": 94.834313800000118
        }
      },
      {
        "reactor_utilization": {
          "shard": "14",
          "value": 63.013867319999875
        }
      },
      {
        "reactor_utilization": {
          "shard": "15",
          "value": 83.352368360000341
        }
      }
    ]
  },
  {
    "metrics": [
      {
        "reactor_utilization": {
          "shard": "0",
          "value": 78.781735820000122
        }
      },
      {
        "reactor_utilization": {
          "shard": "1",
          "value": 85.404726500000066
        }
      },
      {
        "reactor_utilization": {
          "shard": "2",
          "value": 78.128461059999836
        }
      },
      {
        "reactor_utilization": {
          "shard": "3",
          "value": 70.063730639999505
        }
      },
      {
        "reactor_utilization": {
          "shard": "4",
          "value": 77.116483279999869
        }
      },
      {
        "reactor_utilization": {
          "shard": "5",
          "value": 87.387929259999879
        }
      },
      {
        "reactor_utilization": {
          "shard": "6",
          "value": 74.954590759999732
        }
      },
      {
        "reactor_utilization": {
          "shard": "7",
          "value": 88.674264039999912
        }
      },
      {
        "reactor_utilization": {
          "shard": "8",
          "value": 73.236400319999603
        }
      },
      {
        "reactor_utilization": {
          "shard": "9",
          "value": 66.983430360000185
        }
      },
      {
        "reactor_utilization": {
          "shard": "10",
          "value": 81.597618820000733
        }
      },
      {
        "reactor_utilization": {
          "shard": "11",
          "value": 86.383439839999781
        }
      },
      {
        "reactor_utilization": {
          "shard": "12",
          "value": 92.383577439999812
        }
      },
      {
        "reactor_utilization": {
          "shard": "13",
          "value": 86.938505440000114
        }
      },
      {
        "reactor_utilization": {
          "shard": "14",
          "value": 71.33338775999988
        }
      },
      {
        "reactor_utilization": {
          "shard": "15",
          "value": 87.556120720000337
        }
      }
    ]
  },
  {
    "metrics": [
      {
        "reactor_utilization": {
          "shard": "0",
          "value": 83.669912780000118
        }
      },
      {
        "reactor_utilization": {
          "shard": "1",
          "value": 81.258374500000059
        }
      },
      {
        "reactor_utilization": {
          "shard": "2",
          "value": 60.686897859999831
        }
      },
      {
        "reactor_utilization": {
          "shard": "3",
          "value": 73.539866399999497
        }
      },
      {
        "reactor_utilization": {
          "shard": "4",
          "value": 82.992294619999868
        }
      },
      {
        "reactor_utilization": {
          "shard": "5",
          "value": 79.438458039999887
        }
      },
      {
        "reactor_utilization": {
          "shard": "6",
          "value": 69.503515059999742
        }
      },
      {
        "reactor_utilization": {
          "shard": "7",
          "value": 75.223575079999918
        }
      },
      {
        "reactor_utilization": {
          "shard": "8",
          "value": 81.0301911199996
        }
      },
      {
        "reactor_utilization": {
          "shard": "9",
          "value": 75.573750300000185
        }
      },
      {
        "reactor_utilization": {
          "shard": "10",
          "value": 90.602551580000721
        }
      },
      {
        "reactor_utilization": {
          "shard": "11",
          "value": 89.809187679999795
        }
      },
      {
        "reactor_utilization": {
          "shard": "12",
          "value": 94.789650739999814
        }
      },
      {
        "reactor_utilization": {
          "shard": "13",
          "value": 72.205111680000115
        }
      },
      {
        "reactor_utilization": {
          "shard": "14",
          "value": 86.298051959999881
        }
      },
      {
        "reactor_utilization": {
          "shard": "15",
          "value": 88.708456240000331
        }
      }
    ]
  },
  {
    "metrics": [
      {
        "reactor_utilization": {
          "shard": "0",
          "value": 94.028145060000114
        }
      },
      {
        "reactor_utilization": {
          "shard": "1",
          "value": 67.729201920000065
        }
      },
      {
        "reactor_utilization": {
          "shard": "2",
          "value": 41.811399919999836
        }
      },
      {
        "reactor_utilization": {
          "shard": "3",
          "value": 75.804239999999496
        }
      },
      {
        "reactor_utilization": {
          "shard": "4",
          "value": 79.884616279999875
        }
      },
      {
        "reactor_utilization": {
          "shard": "5",
          "value": 96.377966519999887
        }
      },
      {
        "reactor_utilization": {
          "shard": "6",
          "value": 87.920213299999745
        }
      },
      {
        "reactor_utilization": {
          "shard": "7",
          "value": 81.767786579999921
        }
      },
      {
        "reactor_utilization": {
          "shard": "8",
          "value": 77.607517319999602
        }
      },
      {
        "reactor_utilization": {
          "shard": "9",
          "value": 75.586416300000181
        }
      },
      {
        "reactor_utilization": {
          "shard": "10",
          "value": 79.020285520000726
        }
      },
      {
        "reactor_utilization": {
          "shard": "11",
          "value": 84.696261679999793
        }
      },
      {
        "reactor_utilization": {
          "shard": "12",
          "value": 90.453252179999808
        }
      },
      {
        "reactor_utilization": {
          "shard": "13",
          "value": 90.217581720000112
        }
      },
      {
        "reactor_utilization": {
          "shard": "14",
          "value": 83.259661039999884
        }
      },
      {
        "reactor_utilization": {
          "shard": "15",
          "value": 85.13732528000034
        }
      }
    ]
  },
  {
    "metrics": [
      {
        "reactor_utilization": {
          "shard": "0",
          "value": 73.922209580000114
        }
      },
      {
        "reactor_utilization": {
          "shard": "1",
          "value": 73.599247480000059
        }
      },
      {
        "reactor_utilization": {
          "shard": "2",
          "value": 82.508523319999838
        }
      },
      {
        "reactor_utilization": {
          "shard": "3",
          "value": 82.0041632399995
        }
      },
      {
        "reactor_utilization": {
          "shard": "4",
          "value": 86.365362079999869
        }
      },
      {
        "reactor_utilization": {
          "shard": "5",
          "value": 89.265912619999881
        }
      },
      {
        "reactor_utilization": {
          "shard": "6",
          "value": 75.187511659999743
        }
      },
      {
        "reactor_utilization": {
          "shard": "7",
          "value": 77.15708523999993
        }
      },
      {
        "reactor_utilization": {
          "shard": "8",
          "value": 66.256319059999598
        }
      },
      {
        "reactor_utilization": {
          "shard": "9",
          "value": 73.470960760000196
        }
      },
      {
        "reactor_utilization": {
          "shard": "10",
          "value": 80.764005040000725
        }
      },
      {
        "reactor_utilization": {
          "shard": "11",
          "value": 87.193820599999796
        }
      },
      {
        "reactor_utilization": {
          "shard": "12",
          "value": 85.477318999999824
        }
      },
      {
        "reactor_utilization": {
          "shard": "13",
          "value": 98.310034540000117
        }
      },
      {
        "reactor_utilization": {
          "shard": "14",
          "value": 92.584131279999866
        }
      },
      {
        "reactor_utilization": {
          "shard": "15",
          "value": 77.677082080000332
        }
      }
    ]
  },
  {
    "metrics": [
      {
        "reactor_utilization": {
          "shard": "0",
          "value": 70.247979760000121
        }
      },
      {
        "reactor_utilization": {
          "shard": "1",
          "value": 65.987725520000069
        }
      },
      {
        "reactor_utilization": {
          "shard": "2",
          "value": 73.49039281999984
        }
      },
      {
        "reactor_utilization": {
          "shard": "3",
          "value": 81.755750079999501
        }
      },
      {
        "reactor_utilization": {
          "shard": "4",
          "value": 82.781563519999864
        }
      },
      {
        "reactor_utilization": {
          "shard": "5",
          "value": 78.760003299999894
        }
      },
      {
        "reactor_utilization": {
          "shard": "6",
          "value": 84.991867659999727
        }
      },
      {
        "reactor_utilization": {
          "shard": "7",
          "value": 82.969372299999918
        }
      },
      {
        "reactor_utilization": {
          "shard": "8",
          "value": 88.600087499999603
        }
      },
      {
        "reactor_utilization": {
          "shard": "9",
          "value": 78.225831820000181
        }
      },
      {
        "reactor_utilization": {
          "shard": "10",
          "value": 90.324292040000728
        }
      },
      {
        "reactor_utilization": {
          "shard": "11",
          "value": 88.387979699999804
        }
      },
      {
        "reactor_utilization": {
          "shard": "12",
          "value": 96.332967219999816
        }
      },
      {
        "reactor_utilization": {
          "shard": "13",
          "value": 90.500795080000103
        }
      },
      {
        "reactor_utilization": {
          "shard": "14",
          "value": 73.133849619999864
        }
      },
      {
        "reactor_utilization": {
          "shard": "15",
          "value": 78.813537740000342
        }
      }
    ]
  },
  {
    "metrics": [
      {
        "reactor_utilization": {
          "shard": "0",
          "value": 76.040399840000106
        }
      },
      {
        "reactor_utilization": {
          "shard": "1",
          "value": 73.765008260000059
        }
      },
      {
        "reactor_utilization": {
          "shard": "2",
          "value": 72.565914299999832
        }
      },
      {
        "reactor_utilization": {
          "shard": "3",
          "value": 90.668101519999496
        }
      },
      {
        "reactor_utilization": {
          "shard": "4",
          "value": 81.692270079999872
        }
      },
      {
        "reactor_utilization": {
          "shard": "5",
          "value": 80.404154339999891
        }
      },
      {
        "reactor_utilization": {
          "shard": "6",
          "value": 90.254092539999732
        }
      },
      {
        "reactor_utilization": {
          "shard": "7",
          "value": 75.064953239999909
        }
      },
      {
        "reactor_utilization": {
          "shard": "8",
          "value": 79.673761959999595
        }
      },
      {
        "reactor_utilization": {
          "shard": "9",
          "value": 78.801576480000193
        }
      },
      {
        "reactor_utilization": {
          "shard": "10",
          "value": 84.94845992000073
        }
      },
      {
        "reactor_utilization": {
          "shard": "11",
          "value": 93.179881639999792
        }
      },
      {
        "reactor_utilization": {
          "shard": "12",
          "value": 94.323861839999807
        }
      },
      {
        "reactor_utilization": {
          "shard": "13",
          "value": 81.846664140000115
        }
      },
      {
        "reactor_utilization": {
          "shard": "14",
          "value": 72.690097719999869
        }
      },
      {
        "reactor_utilization": {
          "shard": "15",
          "value": 77.079780540000328
        }
      }
    ]
  },
  {
    "metrics": [
      {
        "reactor_utilization": {
          "shard": "0",
          "value": 87.385129580000111
        }
      },
      {
        "reactor_utilization": {
          "shard": "1",
          "value": 76.155670420000064
        }
      },
      {
        "reactor_utilization": {
          "shard": "2",
          "value": 64.162551239999829
        }
      },
      {
        "reactor_utilization": {
          "shard": "3",
          "value": 77.072834719999506
        }
      },
      {
        "reactor_utilization": {
          "shard": "4",
          "value": 85.744644359999867
        }
      },
      {
        "reactor_utilization": {
          "shard": "5",
          "value": 86.112847919999894
        }
      },
      {
        "reactor_utilization": {
          "shard": "6",
          "value": 71.464748899999734
        }
      },
      {
        "reactor_utilization": {
          "shard": "7",
          "value": 73.780277599999906
        }
      },
      {
        "reactor_utilization": {
          "shard": "8",
          "value": 70.508830239999611
        }
      },
      {
        "reactor_utilization": {
          "shard": "9",
          "value": 76.084629820000188
        }
      },
      {
        "reactor_utilization": {
          "shard": "10",
          "value": 81.795435600000715
        }
      },
      {
        "reactor_utilization": {
          "shard": "11",
          "value": 89.740291419999792
        }
      },
      {
        "reactor_utilization": {
          "shard": "12",
          "value": 84.041067279999808
        }
      },
      {
        "reactor_utilization": {
          "shard": "13",
          "value": 91.823151580000115
        }
      },
      {
        "reactor_utilization": {
          "shard": "14",
          "value": 64.550641419999877
        }
      },
      {
        "reactor_utilization": {
          "shard": "15",
          "value": 77.347273600000335
        }
      }
    ]
  },
  {
    "metrics": [
      {
        "reactor_utilization": {
          "shard": "0",
          "value": 85.127155040000119
        }
      },
      {
        "reactor_utilization": {
          "shard": "1",
          "value": 72.807330300000061
        }
      },
      {
        "reactor_utilization": {
          "shard": "2",
          "value": 73.864246079999845
        }
      },
      {
        "reactor_utilization": {
          "shard": "3",
          "value": 77.708604859999497
        }
      },
      {
        "reactor_utilization": {
          "shard": "4",
          "value": 78.196633919999869
        }
      },
      {
        "reactor_utilization": {
          "shard": "5",
          "value": 84.435955859999893
        }
      },
      {
        "reactor_utilization": {
          "shard": "6",
          "value": 89.608997079999725
        }
      },
      {
        "reactor_utilization": {
          "shard": "7",
          "value": 77.054356819999896
        }
      },
      {
        "reactor_utilization": {
          "shard": "8",
          "value": 65.443393299999599
        }
      },
      {
        "reactor_utilization": {
          "shard": "9",
          "value": 74.928059120000185
        }
      },
      {
        "reactor_utilization": {
          "shard": "10",
          "value": 72.775126100000719
        }
      },
      {
        "reactor_utilization": {
          "shard": "11",
          "value": 82.557065159999794
        }
      },
      {
        "reactor_utilization": {
          "shard": "12",
          "value": 89.505223579999821
        }
      },
      {
        "reactor_utilization": {
          "shard": "13",
          "value": 83.625916540000105
        }
      },
      {
        "reactor_utilization": {
          "shard": "14",
          "value": 70.733756699999887
        }
      },
      {
        "reactor_utilization": {
          "shard": "15",
          "value": 75.309802700000333
        }
      }
    ]
  },
  {
    "metrics": [
      {
        "reactor_utilization": {
          "shard": "0",
          "value": 82.857518020000114
        }
      },
      {
        "reactor_utilization": {
          "shard": "1",
          "value": 78.483682760000065
        }
      },
      {
        "reactor_utilization": {
          "shard": "2",
          "value": 83.662774059999848
        }
      },
      {
        "reactor_utilization": {
          "shard": "3",
          "value": 81.648010359999503
        }
      },
      {
        "reactor_utilization": {
          "shard": "4",
          "value": 72.543204779999868
        }
      },
      {
        "reactor_utilization": {
          "shard": "5",
          "value": 84.483648219999893
        }
      },
      {
        "reactor_utilization": {
          "shard": "6",
          "value": 87.512962419999724
        }
      },
      {
        "reactor_utilization": {
          "shard": "7",
          "value": 81.868698899999899
        }
      },
      {
        "reactor_utilization": {
          "shard": "8",
          "value": 57.609050099999592
        }
      },
      {
        "reactor_utilization": {
          "shard": "9",
          "value": 74.88038192000019
        }
      },
      {
        "reactor_utilization": {
          "shard": "10",
          "value": 81.096468940000719
        }
      },
      {
        "reactor_utilization": {
          "shard": "11",
          "value": 90.839426039999793
        }
      },
      {
        "reactor_utilization": {
          "shard": "12",
          "value": 90.927637819999816
        }
      },
      {
        "reactor_utilization": {
          "shard": "13",
          "value": 84.821645100000111
        }
      },
      {
        "reactor_utilization": {
          "shard": "14",
          "value": 80.932911699999877
        }
      },
      {
        "reactor_utilization": {
          "shard": "15",
          "value": 80.414854580000338
        }
      }
    ]
  },
  {
    "metrics": [
      {
        "reactor_utilization": {
          "shard": "0",
          "value": 88.955249960000117
        }
      },
      {
        "reactor_utilization": {
          "shard": "1",
          "value": 97.416982820000058
        }
      },
      {
        "reactor_utilization": {
          "shard": "2",
          "value": 72.655557559999835
        }
      },
      {
        "reactor_utilization": {
          "shard": "3",
          "value": 80.586629419999497
        }
      },
      {
        "reactor_utilization": {
          "shard": "4",
          "value": 82.101655619999875
        }
      },
      {
        "reactor_utilization": {
          "shard": "5",
          "value": 79.214620879999899
        }
      },
      {
        "reactor_utilization": {
          "shard": "6",
          "value": 82.102250659999726
        }
      },
      {
        "reactor_utilization": {
          "shard": "7",
          "value": 82.633165679999905
        }
      },
      {
        "reactor_utilization": {
          "shard": "8",
          "value": 83.303844919999577
        }
      },
      {
        "reactor_utilization": {
          "shard": "9",
          "value": 72.721041100000193
        }
      },
      {
        "reactor_utilization": {
          "shard": "10",
          "value": 72.96647366000073
        }
      },
      {
        "reactor_utilization": {
          "shard": "11",
          "value": 81.545814959999802
        }
      },
      {
        "reactor_utilization": {
          "shard": "12",
          "value": 75.356023259999816
        }
      },
      {
        "reactor_utilization": {
          "shard": "13",
          "value": 91.724309740000109
        }
      },
      {
        "reactor_utilization": {
          "shard": "14",
          "value": 66.352235879999881
        }
      },
      {
        "reactor_utilization": {
          "shard": "15",
          "value": 78.752717960000339
        }
      }
    ]
  },
  {
    "metrics": [
      {
        "reactor_utilization": {
          "shard": "0",
          "value": 98.411158120000124
        }
      },
      {
        "reactor_utilization": {
          "shard": "1",
          "value": 80.425180940000061
        }
      },
      {
        "reactor_utilization": {
          "shard": "2",
          "value": 84.999029599999844
        }
      },
      {
        "reactor_utilization": {
          "shard": "3",
          "value": 79.419959159999493
        }
      },
      {
        "reactor_utilization": {
          "shard": "4",
          "value": 85.623679159999867
        }
      },
      {
        "reactor_utilization": {
          "shard": "5",
          "value": 84.286617199999895
        }
      },
      {
        "reactor_utilization": {
          "shard": "6",
          "value": 93.735857379999729
        }
      },
      {
        "reactor_utilization": {
          "shard": "7",
          "value": 68.436066179999912
        }
      },
      {
        "reactor_utilization": {
          "shard": "8",
          "value": 74.265573659999589
        }
      },
      {
        "reactor_utilization": {
          "shard": "9",
          "value": 87.289937060000184
        }
      },
      {
        "reactor_utilization": {
          "shard": "10",
          "value": 72.925703800000733
        }
      },
      {
        "reactor_utilization": {
          "shard": "11",
          "value": 74.248594919999803
        }
      },
      {
        "reactor_utilization": {
          "shard": "12",
          "value": 83.888207659999821
        }
      },
      {
        "reactor_utilization": {
          "shard": "13",
          "value": 66.922061620000122
        }
      },
      {
        "reactor_utilization": {
          "shard": "14",
          "value": 81.855557699999878
        }
      },
      {
        "reactor_utilization": {
          "shard": "15",
          "value": 88.263521560000342
        }
      }
    ]
  },
  {
    "metrics": [
      {
        "reactor_utilization": {
          "shard": "0",
          "value": 77.705229800000126
        }
      },
      {
        "reactor_utilization": {
          "shard": "1",
          "value": 84.030147940000063
        }
      },
      {
        "reactor_utilization": {
          "shard": "2",
          "value": 88.25054595999984
        }
      },
      {
        "reactor_utilization": {
          "shard": "3",
          "value": 90.728635439999508
        }
      },
      {
        "reactor_utilization": {
          "shard": "4",
          "value": 77.278102719999865
        }
      },
      {
        "reactor_utilization": {
          "shard": "5",
          "value": 70.512239659999892
        }
      },
      {
        "reactor_utilization": {
          "shard": "6",
          "value": 78.180358999999726
        }
      },
      {
        "reactor_utilization": {
          "shard": "7",
          "value": 70.97721217999991
        }
      },
      {
        "reactor_utilization": {
          "shard": "8",
          "value": 83.515649279999579
        }
      },
      {
        "reactor_utilization": {
          "shard": "9",
          "value": 87.773506300000193
        }
      },
      {
        "reactor_utilization": {
          "shard": "10",
          "value": 64.530030820000732
        }
      },
      {
        "reactor_utilization": {
          "shard": "11",
          "value": 81.152328159999797
        }
      },
      {
        "reactor_utilization": {
          "shard": "12",
          "value": 95.360283659999823
        }
      },
      {
        "reactor_utilization": {
          "shard": "13",
          "value": 81.677684420000119
        }
      },
      {
        "reactor_utilization": {
          "shard": "14",
          "value": 85.735342939999896
        }
      },
      {
        "reactor_utilization": {
          "shard": "15",
          "value": 74.21909688000035
        }
      }
    ]
  },
  {
    "metrics": [
      {
        "reactor_utilization": {
          "shard": "0",
          "value": 72.903522160000108
        }
      },
      {
        "reactor_utilization": {
          "shard": "1",
          "value": 91.340692860000061
        }
      },
      {
        "reactor_utilization": {
          "shard": "2",
          "value": 80.148870459999827
        }
      },
      {
        "reactor_utilization": {
          "shard": "3",
          "value": 69.9637596999995
        }
      },
      {
        "reactor_utilization": {
          "shard": "4",
          "value": 85.986691239999871
        }
      },
      {
        "reactor_utilization": {
          "shard": "5",
          "value": 75.456152559999907
        }
      },
      {
        "reactor_utilization": {
          "shard": "6",
          "value": 76.224338759999725
        }
      },
      {
        "reactor_utilization": {
          "shard": "7",
          "value": 81.178202999999911
        }
      },
      {
        "reactor_utilization": {
          "shard": "8",
          "value": 84.301355719999577
        }
      },
      {
        "reactor_utilization": {
          "shard": "9",
          "value": 73.612121000000187
        }
      },
      {
        "reactor_utilization": {
          "shard": "10",
          "value": 87.315957520000737
        }
      },
      {
        "reactor_utilization": {
          "shard": "11",
          "value": 89.19307975999979
        }
      },
      {
        "reactor_utilization": {
          "shard": "12",
          "value": 86.631115299999834
        }
      },
      {
        "reactor_utilization": {
          "shard": "13",
          "value": 87.943008500000118
        }
      },
      {
        "reactor_utilization": {
          "shard": "14",
          "value": 79.874165139999889
        }
      },
      {
        "reactor_utilization": {
          "shard": "15",
          "value": 89.477013300000337
        }
      }
    ]
  },
  {
    "metrics": [
      {
        "reactor_utilization": {
          "shard": "0",
          "value": 74.357111160000116
        }
      },
      {
        "reactor_utilization": {
          "shard": "1",
          "value": 75.770797760000065
        }
      },
      {
        "reactor_utilization": {
          "shard": "2",
          "value": 82.668127639999838
        }
      },
      {
        "reactor_utilization": {
          "shard": "3",
          "value": 90.735822559999505
        }
      },
      {
        "reactor_utilization": {
          "shard": "4",
          "value": 71.224496599999867
        }
      },
      {
        "reactor_utilization": {
          "shard": "5",
          "value": 79.850618279999907
        }
      },
      {
        "reactor_utilization": {
          "shard": "6",
          "value": 78.581104499999725
        }
      },
      {
        "reactor_utilization": {
          "shard": "7",
          "value": 76.189979739999899
        }
      },
      {
        "reactor_utilization": {
          "shard": "8",
          "value": 59.316738299999592
        }
      },
      {
        "reactor_utilization": {
          "shard": "9",
          "value": 81.482145660000185
        }
      },
      {
        "reactor_utilization": {
          "shard": "10",
          "value": 80.090279560000724
        }
      },
      {
        "reactor_utilization": {
          "shard": "11",
          "value": 74.902048979999805
        }
      },
      {
        "reactor_utilization": {
          "shard": "12",
          "value": 83.846727999999828
        }
      },
      {
        "reactor_utilization": {
          "shard": "13",
          "value": 84.496927380000116
        }
      },
      {
        "reactor_utilization": {
          "shard": "14",
          "value": 65.290763139999882
        }
      },
      {
        "reactor_utilization": {
          "shard": "15",
          "value": 87.684747100000337
        }
      }
    ]
  },
  {
    "metrics": [
      {
        "reactor_utilization": {
          "shard": "0",
          "value": 79.524873500000126
        }
      },
      {
        "reactor_utilization": {
          "shard": "1",
          "value": 81.195428740000068
        }
      },
      {
        "reactor_utilization": {
          "shard": "2",
          "value": 78.312065199999836
        }
      },
      {
        "reactor_utilization": {
          "shard": "3",
          "value": 82.2862786999995
        }
      },
      {
        "reactor_utilization": {
          "shard": "4",
          "value": 69.991037639999874
        }
      },
      {
        "reactor_utilization": {
          "shard": "5",
          "value": 68.647015299999907
        }
      },
      {
        "reactor_utilization": {
          "shard": "6",
          "value": 88.773664339999726
        }
      },
      {
        "reactor_utilization": {
          "shard": "7",
          "value": 89.033809159999905
        }
      },
      {
        "reactor_utilization": {
          "shard": "8",
          "value": 78.45131583999958
        }
      },
      {
        "reactor_utilization": {
          "shard": "9",
          "value": 89.235165360000195
        }
      },
      {
        "reactor_utilization": {
          "shard": "10",
          "value": 91.603226820000728
        }
      },
      {
        "reactor_utilization": {
          "shard": "11",
          "value": 88.651931879999808
        }
      },
      {
        "reactor_utilization": {
          "shard": "12",
          "value": 85.288882859999831
        }
      },
      {
        "reactor_utilization": {
          "shard": "13",
          "value": 74.116394420000134
        }
      },
      {
        "reactor_utilization": {
          "shard": "14",
          "value": 74.496120779999885
        }
      },
      {
        "reactor_utilization": {
          "shard": "15",
          "value": 83.562054160000343
        }
      }
    ]
  },
  {
    "metrics": [
      {
        "reactor_utilization": {
          "shard": "0",
          "value": 78.520555460000125
        }
      },
      {
        "reactor_utilization": {
          "shard": "1",
          "value": 71.114056920000053
        }
      },
      {
        "reactor_utilization": {
          "shard": "2",
          "value": 70.09777737999984
        }
      },
      {
        "reactor_utilization": {
          "shard": "3",
          "value": 66.618334479999504
        }
      },
      {
        "reactor_utilization": {
          "shard": "4",
          "value": 81.364864579999875
        }
      },
      {
        "reactor_utilization": {
          "shard": "5",
          "value": 86.017266499999906
        }
      },
      {
        "reactor_utilization": {
          "shard": "6",
          "value": 85.71682487999972
        }
      },
      {
        "reactor_utilization": {
          "shard": "7",
          "value": 80.290188659999899
        }
      },
      {
        "reactor_utilization": {
          "shard": "8",
          "value": 74.484340259999584
        }
      },
      {
        "reactor_utilization": {
          "shard": "9",
          "value": 80.298806180000199
        }
      },
      {
        "reactor_utilization": {
          "shard": "10",
          "value": 87.710175700000718
        }
      },
      {
        "reactor_utilization": {
          "shard": "11",
          "value": 84.992729679999798
        }
      },
      {
        "reactor_utilization": {
          "shard": "12",
          "value": 77.382577179999828
        }
      },
      {
        "reactor_utilization": {
          "shard": "13",
          "value": 94.968581300000139
        }
      },
      {
        "reactor_utilization": {
          "shard": "14",
          "value": 84.846449039999882
        }
      },
      {
        "reactor_utilization": {
          "shard": "15",
          "value": 77.548014280000345
        }
      }
    ]
  },
  {
    "metrics": [
      {
        "reactor_utilization": {
          "shard": "0",
          "value": 79.750659300000109
        }
      },
      {
        "reactor_utilization": {
          "shard": "1",
          "value": 78.428947140000062
        }
      },
      {
        "reactor_utilization": {
          "shard": "2",
          "value": 79.087412319999842
        }
      },
      {
        "reactor_utilization": {
          "shard": "3",
          "value": 80.174307239999507
        }
      },
      {
        "reactor_utilization": {
          "shard": "4",
          "value": 88.319052439999865
        }
      },
      {
        "reactor_utilization": {
          "shard": "5",
          "value": 78.76152091999991
        }
      },
      {
        "reactor_utilization": {
          "shard": "6",
          "value": 79.522721639999716
        }
      },
      {
        "reactor_utilization": {
          "shard": "7",
          "value": 88.434755359999897
        }
      },
      {
        "reactor_utilization": {
          "shard": "8",
          "value": 77.783581479999583
        }
      },
      {
        "reactor_utilization": {
          "shard": "9",
          "value": 75.990427640000206
        }
      },
      {
        "reactor_utilization": {
          "shard": "10",
          "value": 79.808386840000722
        }
      },
      {
        "reactor_utilization": {
          "shard": "11",
          "value": 81.468132579999804
        }
      },
      {
        "reactor_utilization": {
          "shard": "12",
          "value": 88.911358679999836
        }
      },
      {
        "reactor_utilization": {
          "shard": "13",
          "value": 90.600955920000132
        }
      },
      {
        "reactor_utilization": {
          "shard": "14",
          "value": 52.919238639999875
        }
      },
      {
        "reactor_utilization": {
          "shard": "15",
          "value": 81.579321220000338
        }
      }
    ]
  }
]
