[
  {
    "metrics": [
      {
        "reactor_utilization": {
          "shard": "0",
          "value": 74.952729660000102
        }
      },
      {
        "reactor_utilization": {
          "shard": "1",
          "value": 77.011104700000075
        }
      },
      {
        "reactor_utilization": {
          "shard": "2",
          "value": 70.545476199999896
        }
      },
      {
        "reactor_utilization": {
          "shard": "3",
          "value": 74.060501039999536
        }
      },
      {
        "reactor_utilization": {
          "shard": "4",
          "value": 68.809349059999803
        }
      },
      {
        "reactor_utilization": {
          "shard": "5",
          "value": 80.671254599999898
        }
      },
      {
        "reactor_utilization": {
          "shard": "6",
          "value": 83.842837739999794
        }
      },
      {
        "reactor_utilization": {
          "shard": "7",
          "value": 65.765166919999984
        }
      },
      {
        "reactor_utilization": {
          "shard": "8",
          "value": 75.635271939999612
        }
      },
      {
        "reactor_utilization": {
          "shard": "9",
          "value": 83.178785460000213
        }
      },
      {
        "reactor_utilization": {
          "shard": "10",
          "value": 75.065203000000707
        }
      },
      {
        "reactor_utilization": {
          "shard": "11",
          "value": 79.274415619999857
        }
      },
      {
        "reactor_utilization": {
          "shard": "12",
          "value": 81.604677139999808
        }
      },
      {
        "reactor_utilization": {
          "shard": "13",
          "value": 99.362847680000172
        }
      },
      {
        "reactor_utilization": {
          "shard": "14",
          "value": 57.902304899999834
        }
      },
      {
        "reactor_utilization": {
          "shard": "15",
          "value": 61.982710820000349
        }
      }
    ]
  },
  {
    "metrics": [
      {
        "reactor_utilization": {
          "shard": "0",
          "value": 73.883215960000101
        }
      },
      {
        "reactor_utilization": {
          "shard": "1",
          "value": 91.589221680000065
        }
      },
      {
        "reactor_utilization": {
          "shard": "2",
          "value": 77.673847279999904
        }
      },
      {
        "reactor_utilization": {
          "shard": "3",
          "value": 78.363391439999532
        }
      },
      {
        "reactor_utilization": {
          "shard": "4",
          "value": 76.817948259999795
        }
      },
      {
        "reactor_utilization": {
          "shard": "5",
          "value": 89.317414039999903
        }
      },
      {
        "reactor_utilization": {
          "shard": "6",
          "value": 83.69278073999979
        }
      },
      {
        "reactor_utilization": {
          "shard": "7",
          "value": 80.931738779999989
        }
      },
      {
        "reactor_utilization": {
          "shard": "8",
          "value": 75.31940105999962
        }
      },
      {
        "reactor_utilization": {
          "shard": "9",
          "value": 70.240326880000225
        }
      },
      {
        "reactor_utilization": {
          "shard": "10",
          "value": 74.908968800000707
        }
      },
      {
        "reactor_utilization": {
          "shard": "11",
          "value": 86.355438759999856
        }
      },
      {
        "reactor_utilization": {
          "shard": "12",
          "value": 71.489214019999821
        }
      },
      {
        "reactor_utilization": {
          "shard": "13",
          "value": 80.510379020000173
        }
      },
      {
        "reactor_utilization": {
          "shard": "14",
          "value": 68.431202119999853
        }
      },
      {
        "reactor_utilization": {
          "shard": "15",
          "value": 75.939672620000351
        }
      }
    ]
  },
  {
    "metrics": [
      {
        "reactor_utilization": {
          "shard": "0",
          "value": 67.548998820000108
        }
      },
      {
        "reactor_utilization": {
          "shard": "1",
          "value": 79.701643080000068
        }
      },
      {
        "reactor_utilization": {
          "shard": "2",
          "value": 91.697586079999923
        }
      },
      {
        "reactor_utilization": {
          "shard": "3",
          "value": 76.30923789999953
        }
      },
      {
        "reactor_utilization": {
          "shard": "4",
          "value": 71.975522779999807
        }
      },
      {
        "reactor_utilization": {
          "shard": "5",
          "value": 78.850866339999897
        }
      },
      {
        "reactor_utilization": {
          "shard": "6",
          "value": 91.889039699999799
        }
      },
      {
        "reactor_utilization": {
          "shard": "7",
          "value": 73.408208099999996
        }
      },
      {
        "reactor_utilization": {
          "shard": "8",
          "value": 59.76632321999962
        }
      },
      {
        "reactor_utilization": {
          "shard": "9",
          "value": 81.492865080000215
        }
      },
      {
        "reactor_utilization": {
          "shard": "10",
          "value": 83.250429760000728
        }
      },
      {
        "reactor_utilization": {
          "shard": "11",
          "value": 86.796889859999865
        }
      },
      {
        "reactor_utilization": {
          "shard": "12",
          "value": 85.169799539999815
        }
      },
      {
        "reactor_utilization": {
          "shard": "13",
          "value": 85.370061780000171
        }
      },
      {
        "reactor_utilization": {
          "shard": "14",
          "value": 61.980639179999855
        }
      },
      {
        "reactor_utilization": {
          "shard": "15",
          "value": 72.147851540000346
        }
      }
    ]
  },
  {
    "metrics": [
      {
        "reactor_utilization": {
          "shard": "0",
          "value": 75.735159980000105
        }
      },
      {
        "reactor_utilization": {
          "shard": "1",
          "value": 80.453683040000072
        }
      },
      {
        "reactor_utilization": {
          "shard": "2",
          "value": 88.293001019999906
        }
      },
      {
        "reactor_utilization": {
          "shard": "3",
          "value": 78.487924979999534
        }
      },
      {
        "reactor_utilization": {
          "shard": "4",
          "value": 77.137082179999808
        }
      },
      {
        "reactor_utilization": {
          "shard": "5",
          "value": 72.791206739999907
        }
      },
      {
        "reactor_utilization": {
          "shard": "6",
          "value": 73.897940079999785
        }
      },
      {
        "reactor_utilization": {
          "shard": "7",
          "value": 74.287645959999992
        }
      },
      {
        "reactor_utilization": {
          "shard": "8",
          "value": 78.262424399999617
        }
      },
      {
        "reactor_utilization": {
          "shard": "9",
          "value": 92.346664560000221
        }
      },
      {
        "reactor_utilization": {
          "shard": "10",
          "value": 83.755996760000713
        }
      },
      {
        "reactor_utilization": {
          "shard": "11",
          "value": 76.392541199999854
        }
      },
      {
        "reactor_utilization": {
          "shard": "12",
          "value": 67.73575599999981
        }
      },
      {
        "reactor_utilization": {
          "shard": "13",
          "value": 76.597041860000175
        }
      },
      {
        "reactor_utilization": {
          "shard": "14",
          "value": 54.466692779999846
        }
      },
      {
        "reactor_utilization": {
          "shard": "15",
          "value": 84.106213240000343
        }
      }
    ]
  },
  {
    "metrics": [
      {
        "reactor_utilization": {
          "shard": "0",
          "value": 81.665739240000107
        }
      },
      {
        "reactor_utilization": {
          "shard": "1",
          "value": 91.667651100000072
        }
      },
      {
        "reactor_utilization": {
          "shard": "2",
          "value": 75.836131079999916
        }
      },
      {
        "reactor_utilization": {
          "shard": "3",
          "value": 76.942558679999536
        }
      },
      {
        "reactor_utilization": {
          "shard": "4",
          "value": 84.497034119999796
        }
      },
      {
        "reactor_utilization": {
          "shard": "5",
          "value": 83.747502079999904
        }
      },
      {
        "reactor_utilization": {
          "shard": "6",
          "value": 75.160023339999782
        }
      },
      {
        "reactor_utilization": {
          "shard": "7",
          "value": 65.944998539999972
        }
      },
      {
        "reactor_utilization": {
          "shard": "8",
          "value": 69.542329039999615
        }
      },
      {
        "reactor_utilization": {
          "shard": "9",
          "value": 82.770602280000233
        }
      },
      {
        "reactor_utilization": {
          "shard": "10",
          "value": 63.576516000000716
        }
      },
      {
        "reactor_utilization": {
          "shard": "11",
          "value": 90.391272339999858
        }
      },
      {
        "reactor_utilization": {
          "shard": "12",
          "value": 75.664358939999815
        }
      },
      {
        "reactor_utilization": {
          "shard": "13",
          "value": 75.481973120000163
        }
      },
      {
        "reactor_utilization": {
          "shard": "14",
          "value": 63.166227159999842
        }
      },
      {
        "reactor_utilization": {
          "shard": "15",
          "value": 74.350361300000344
        }
      }
    ]
  },
  {
    "metrics": [
      {
        "reactor_utilization": {
          "shard": "0",
          "value": 75.733311760000106
        }
      },
      {
        "reactor_utilization": {
          "shard": "1",
          "value": 77.049825420000076
        }
      },
      {
        "reactor_utilization": {
          "shard": "2",
          "value": 80.71454011999991
        }
      },
      {
        "reactor_utilization": {
          "shard": "3",
          "value": 75.102240539999542
        }
      },
      {
        "reactor_utilization": {
          "shard": "4",
          "value": 82.079094879999801
        }
      },
      {
        "reactor_utilization": {
          "shard": "5",
          "value": 74.979698339999899
        }
      },
      {
        "reactor_utilization": {
          "shard": "6",
          "value": 86.446128399999793
        }
      },
      {
        "reactor_utilization": {
          "shard": "7",
          "value": 78.838655679999974
        }
      },
      {
        "reactor_utilization": {
          "shard": "8",
          "value": 74.299172119999611
        }
      },
      {
        "reactor_utilization": {
          "shard": "9",
          "value": 84.710475640000226
        }
      },
      {
        "reactor_utilization": {
          "shard": "10",
          "value": 69.972435140000712
        }
      },
      {
        "reactor_utilization": {
          "shard": "11",
          "value": 78.624431919999864
        }
      },
      {
        "reactor_utilization": {
          "shard": "12",
          "value": 95.604000339999814
        }
      },
      {
        "reactor_utilization": {
          "shard": "13",
          "value": 69.73170596000017
        }
      },
      {
        "reactor_utilization": {
          "shard": "14",
          "value": 61.732615179999861
        }
      },
      {
        "reactor_utilization": {
          "shard": "15",
          "value": 71.919170880000351
        }
      }
    ]
  },
  {
    "metrics": [
      {
        "reactor_utilization": {
          "shard": "0",
          "value": 74.90763582000011
        }
      },
      {
        "reactor_utilization": {
          "shard": "1",
          "value": 96.911925120000063
        }
      },
      {
        "reactor_utilization": {
          "shard": "2",
          "value": 75.757181119999913
        }
      },
      {
        "reactor_utilization": {
          "shard": "3",
          "value": 70.261190199999547
        }
      },
      {
        "reactor_utilization": {
          "shard": "4",
          "value": 69.997577519999808
        }
      },
      {
        "reactor_utilization": {
          "shard": "5",
          "value": 65.616322119999907
        }
      },
      {
        "reactor_utilization": {
          "shard": "6",
          "value": 73.629683099999781
        }
      },
      {
        "reactor_utilization": {
          "shard": "7",
          "value": 77.02768841999999
        }
      },
      {
        "reactor_utilization": {
          "shard": "8",
          "value": 79.429029039999605
        }
      },
      {
        "reactor_utilization": {
          "shard": "9",
          "value": 79.213517140000221
        }
      },
      {
        "reactor_utilization": {
          "shard": "10",
          "value": 82.304074220000714
        }
      },
      {
        "reactor_utilization": {
          "shard": "11",
          "value": 69.399720379999863
        }
      },
      {
        "reactor_utilization": {
          "shard": "12",
          "value": 91.138188879999817
        }
      },
      {
        "reactor_utilization": {
          "shard": "13",
          "value": 86.202543400000152
        }
      },
      {
        "reactor_utilization": {
          "shard": "14",
          "value": 59.222823759999855
        }
      },
      {
        "reactor_utilization": {
          "shard": "15",
          "value": 79.166207700000342
        }
      }
    ]
  },
  {
    "metrics": [
      {
        "reactor_utilization": {
          "shard": "0",
          "value": 73.792675120000112
        }
      },
      {
        "reactor_utilization": {
          "shard": "1",
          "value": 75.759622600000071
        }
      },
      {
        "reactor_utilization": {
          "shard": "2",
          "value": 85.0177176199999
        }
      },
      {
        "reactor_utilization": {
          "shard": "3",
          "value": 74.012403999999549
        }
      },
      {
        "reactor_utilization": {
          "shard": "4",
          "value": 88.437439099999821
        }
      },
      {
        "reactor_utilization": {
          "shard": "5",
          "value": 87.603752859999901
        }
      },
      {
        "reactor_utilization": {
          "shard": "6",
          "value": 75.463371459999777
        }
      },
      {
        "reactor_utilization": {
          "shard": "7",
          "value": 71.691777939999994
        }
      },
      {
        "reactor_utilization": {
          "shard": "8",
          "value": 78.462456839999618
        }
      },
      {
        "reactor_utilization": {
          "shard": "9",
          "value": 67.617065600000231
        }
      },
      {
        "reactor_utilization": {
          "shard": "10",
          "value": 84.842324020000717
        }
      },
      {
        "reactor_utilization": {
          "shard": "11",
          "value": 84.860890839999854
        }
      },
      {
        "reactor_utilization": {
          "shard": "12",
          "value": 80.439782679999823
        }
      },
      {
        "reactor_utilization": {
          "shard": "13",
          "value": 76.601105660000158
        }
      },
      {
        "reactor_utilization": {
          "shard": "14",
          "value": 77.484631999999849
        }
      },
      {
        "reactor_utilization": {
          "shard": "15",
          "value": 79.688199180000339
        }
      }
    ]
  },
  {
    "metrics": [
      {
        "reactor_utilization": {
          "shard": "0",
          "value": 58.51951930000012
        }
      },
      {
        "reactor_utilization": {
          "shard": "1",
          "value": 85.85501270000006
        }
      },
      {
        "reactor_utilization": {
          "shard": "2",
          "value": 79.091123139999908
        }
      },
      {
        "reactor_utilization": {
          "shard": "3",
          "value": 84.716056659999538
        }
      },
      {
        "reactor_utilization": {
          "shard": "4",
          "value": 75.487537079999811
        }
      },
      {
        "reactor_utilization": {
          "shard": "5",
          "value": 74.696338319999896
        }
      },
      {
        "reactor_utilization": {
          "shard": "6",
          "value": 81.829937819999785
        }
      },
      {
        "reactor_utilization": {
          "shard": "7",
          "value": 63.068823879999982
        }
      },
      {
        "reactor_utilization": {
          "shard": "8",
          "value": 71.58240047999962
        }
      },
      {
        "reactor_utilization": {
          "shard": "9",
          "value": 82.56145652000022
        }
      },
      {
        "reactor_utilization": {
          "shard": "10",
          "value": 75.132056360000703
        }
      },
      {
        "reactor_utilization": {
          "shard": "11",
          "value": 68.477629639999861
        }
      },
      {
        "reactor_utilization": {
          "shard": "12",
          "value": 86.181179239999821
        }
      },
      {
        "reactor_utilization": {
          "shard": "13",
          "value": 64.665238300000155
        }
      },
      {
        "reactor_utilization": {
          "shard": "14",
          "value": 79.673035759999848
        }
      },
      {
        "reactor_utilization": {
          "shard": "15",
          "value": 75.515656440000328
        }
      }
    ]
  },
  {
    "metrics": [
      {
        "reactor_utilization": {
          "shard": "0",
          "value": 89.759264860000116
        }
      },
      {
        "reactor_utilization": {
          "shard": "1",
          "value": 85.760800940000067
        }
      },
      {
        "reactor_utilization": {
          "shard": "2",
          "value": 73.163484919999917
        }
      },
      {
        "reactor_utilization": {
          "shard": "3",
          "value": 66.778340439999539
        }
      },
      {
        "reactor_utilization": {
          "shard": "4",
          "value": 73.735641299999813
        }
      },
      {
        "reactor_utilization": {
          "shard": "5",
          "value": 73.533731799999899
        }
      },
      {
        "reactor_utilization": {
          "shard": "6",
          "value": 89.286407599999791
        }
      },
      {
        "reactor_utilization": {
          "shard": "7",
          "value": 80.988430579999985
        }
      },
      {
        "reactor_utilization": {
          "shard": "8",
          "value": 80.746427119999623
        }
      },
      {
        "reactor_utilization": {
          "shard": "9",
          "value": 75.196946360000211
        }
      },
      {
        "reactor_utilization": {
          "shard": "10",
          "value": 80.801492300000717
        }
      },
      {
        "reactor_utilization": {
          "shard": "11",
          "value": 77.836214539999844
        }
      },
      {
        "reactor_utilization": {
          "shard": "12",
          "value": 79.195414319999827
        }
      },
      {
        "reactor_utilization": {
          "shard": "13",
          "value": 81.920060720000151
        }
      },
      {
        "reactor_utilization": {
          "shard": "14",
          "value": 90.063155859999839
        }
      },
      {
        "reactor_utilization": {
          "shard": "15",
          "value": 68.924970440000337
        }
      }
    ]
  },
  {
    "metrics": [
      {
        "reactor_utilization": {
          "shard": "0",
          "value": 61.842885080000109
        }
      },
      {
        "reactor_utilization": {
          "shard": "1",
          "value": 71.033328560000058
        }
      },
      {
        "reactor_utilization": {
          "shard": "2",
          "value": 82.48639131999991
        }
      },
      {
        "reactor_utilization": {
          "shard": "3",
          "value": 66.082826559999532
        }
      },
      {
        "reactor_utilization": {
          "shard": "4",
          "value": 76.321653979999809
        }
      },
      {
        "reactor_utilization": {
          "shard": "5",
          "value": 76.324558759999888
        }
      },
      {
        "reactor_utilization": {
          "shard": "6",
          "value": 83.419606499999787
        }
      },
      {
        "reactor_utilization": {
          "shard": "7",
          "value": 74.055182359999989
        }
      },
      {
        "reactor_utilization": {
          "shard": "8",
          "value": 91.977051339999619
        }
      },
      {
        "reactor_utilization": {
          "shard": "9",
          "value": 84.368179260000218
        }
      },
      {
        "reactor_utilization": {
          "shard": "10",
          "value": 85.035787440000718
        }
      },
      {
        "reactor_utilization": {
          "shard": "11",
          "value": 89.945033559999857
        }
      },
      {
        "reactor_utilization": {
          "shard": "12",
          "value": 68.790330239999832
        }
      },
      {
        "reactor_utilization": {
          "shard": "13",
          "value": 87.171009640000165
        }
      },
      {
        "reactor_utilization": {
          "shard": "14",
          "value": 81.65409561999985
        }
      },
      {
        "reactor_utilization": {
          "shard": "15",
          "value": 68.339808620000326
        }
      }
    ]
  },
  {
    "metrics": [
      {
        "reactor_utilization": {
          "shard": "0",
          "value": 80.133994440000109
        }
      },
      {
        "reactor_utilization": {
          "shard": "1",
          "value": 66.844133360000072
        }
      },
      {
        "reactor_utilization": {
          "shard": "2",
          "value": 68.114497539999903
        }
      },
      {
        "reactor_utilization": {
          "shard": "3",
          "value": 68.275542839999531
        }
      },
      {
        "reactor_utilization": {
          "shard": "4",
          "value": 78.875015319999818
        }
      },
      {
        "reactor_utilization": {
          "shard": "5",
          "value": 78.388832919999899
        }
      },
      {
        "reactor_utilization": {
          "shard": "6",
          "value": 89.570447099999797
        }
      },
      {
        "reactor_utilization": {
          "shard": "7",
          "value": 80.782495759999989
        }
      },
      {
        "reactor_utilization": {
          "shard": "8",
          "value": 78.704239999999615
        }
      },
      {
        "reactor_utilization": {
          "shard": "9",
          "value": 74.309634060000221
        }
      },
      {
        "reactor_utilization": {
          "shard": "10",
          "value": 81.266735980000718
        }
      },
      {
        "reactor_utilization": {
          "shard": "11",
          "value": 76.72709259999985
        }
      },
      {
        "reactor_utilization": {
          "shard": "12",
          "value": 85.456335339999825
        }
      },
      {
        "reactor_utilization": {
          "shard": "13",
          "value": 92.280219480000156
        }
      },
      {
        "reactor_utilization": {
          "shard": "14",
          "value": 57.242231699999849
        }
      },
      {
        "reactor_utilization": {
          "shard": "15",
          "value": 71.000641980000339
        }
      }
    ]
  },
  {
    "metrics": [
      {
        "reactor_utilization": {
          "shard": "0",
          "value": 62.439214380000109
        }
      },
      {
        "reactor_utilization": {
          "shard": "1",
          "value": 78.161887820000075
        }
      },
      {
        "reactor_utilization": {
          "shard": "2",
          "value": 54.236171999999904
        }
      },
      {
        "reactor_utilization": {
          "shard": "3",
          "value": 54.147890559999531
        }
      },
      {
        "reactor_utilization": {
          "shard": "4",
          "value": 69.377891939999813
        }
      },
      {
        "reactor_utilization": {
          "shard": "5",
          "value": 80.057119819999897
        }
      },
      {
        "reactor_utilization": {
          "shard": "6",
          "value": 89.917310739999792
        }
      },
      {
        "reactor_utilization": {
          "shard": "7",
          "value": 74.578661299999979
        }
      },
      {
        "reactor_utilization": {
          "shard": "8",
          "value": 73.883064239999612
        }
      },
      {
        "reactor_utilization": {
          "shard": "9",
          "value": 76.865702120000208
        }
      },
      {
        "reactor_utilization": {
          "shard": "10",
          "value": 75.047562020000711
        }
      },
      {
        "reactor_utilization": {
          "shard": "11",
          "value": 83.813622719999842
        }
      },
      {
        "reactor_utilization": {
          "shard": "12",
          "value": 99.556215779999818
        }
      },
      {
        "reactor_utilization": {
          "shard": "13",
          "value": 84.631648500000153
        }
      },
      {
        "reactor_utilization": {
          "shard": "14",
          "value": 52.919439779999841
        }
      },
      {
        "reactor_utilization": {
          "shard": "15",
          "value": 67.446995220000332
        }
      }
    ]
  },
  {
    "metrics": [
      {
        "reactor_utilization": {
          "shard": "0",
          "value": 88.486390740000104
        }
      },
      {
        "reactor_utilization": {
          "shard": "1",
          "value": 87.807607140000073
        }
      },
      {
        "reactor_utilization": {
          "shard": "2",
          "value": 78.241173379999893
        }
      },
      {
        "reactor_utilization": {
          "shard": "3",
          "value": 81.44610963999952
        }
      },
      {
        "reactor_utilization": {
          "shard": "4",
          "value": 82.384389359999815
        }
      },
      {
        "reactor_utilization": {
          "shard": "5",
          "value": 79.685300379999902
        }
      },
      {
        "reactor_utilization": {
          "shard": "6",
          "value": 68.971155859999783
        }
      },
      {
        "reactor_utilization": {
          "shard": "7",
          "value": 73.530026939999999
        }
      },
      {
        "reactor_utilization": {
          "shard": "8",
          "value": 61.290804419999603
        }
      },
      {
        "reactor_utilization": {
          "shard": "9",
          "value": 67.951737040000211
        }
      },
      {
        "reactor_utilization": {
          "shard": "10",
          "value": 84.640658620000721
        }
      },
      {
        "reactor_utilization": {
          "shard": "11",
          "value": 76.591211959999853
        }
      },
      {
        "reactor_utilization": {
          "shard": "12",
          "value": 68.816537199999829
        }
      },
      {
        "reactor_utilization": {
          "shard": "13",
          "value": 75.532372720000168
        }
      },
      {
        "reactor_utilization": {
          "shard": "14",
          "value": 64.255387179999857
        }
      },
      {
        "reactor_utilization": {
          "shard": "15",
          "value": 77.977219400000337
        }
      }
    ]
  },
  {
    "metrics": [
      {
        "reactor_utilization": {
          "shard": "0",
          "value": 85.78932604000012
        }
      },
      {
        "reactor_utilization": {
          "shard": "1",
          "value": 73.096494260000071
        }
      },
      {
        "reactor_utilization": {
          "shard": "2",
          "value": 67.279107059999916
        }
      },
      {
        "reactor_utilization": {
          "shard": "3",
          "value": 80.090534579999527
        }
      },
      {
        "reactor_utilization": {
          "shard": "4",
          "value": 72.548533359999809
        }
      },
      {
        "reactor_utilization": {
          "shard": "5",
          "value": 84.119835579999886
        }
      },
      {
        "reactor_utilization": {
          "shard": "6",
          "value": 73.736203899999779
        }
      },
      {
        "reactor_utilization": {
          "shard": "7",
          "value": 77.527284839999993
        }
      },
      {
        "reactor_utilization": {
          "shard": "8",
          "value": 80.413678739999597
        }
      },
      {
        "reactor_utilization": {
          "shard": "9",
          "value": 83.054494980000214
        }
      },
      {
        "reactor_utilization": {
          "shard": "10",
          "value": 76.588386740000715
        }
      },
      {
        "reactor_utilization": {
          "shard": "11",
          "value": 84.220831479999845
        }
      },
      {
        "reactor_utilization": {
          "shard": "12",
          "value": 85.158805419999823
        }
      },
      {
        "reactor_utilization": {
          "shard": "13",
          "value": 81.603663740000172
        }
      },
      {
        "reactor_utilization": {
          "shard": "14",
          "value": 69.209280359999852
        }
      },
      {
        "reactor_utilization": {
          "shard": "15",
          "value": 79.04314544000033
        }
      }
    ]
  },
  {
    "metrics": [
      {
        "reactor_utilization": {
          "shard": "0",
          "value": 84.210743780000115
        }
      },
      {
        "reactor_utilization": {
          "shard": "1",
          "value": 93.572981180000085
        }
      },
      {
        "reactor_utilization": {
          "shard": "2",
          "value": 87.094884959999902
        }
      },
      {
        "reactor_utilization": {
          "shard": "3",
          "value": 77.634355739999535
        }
      },
      {
        "reactor_utilization": {
          "shard": "4",
          "value": 87.614421899999812
        }
      },
      {
        "reactor_utilization": {
          "shard": "5",
          "value": 91.476724019999907
        }
      },
      {
        "reactor_utilization": {
          "shard": "6",
          "value": 87.592517639999784
        }
      },
      {
        "reactor_utilization": {
          "shard": "7",
          "value": 69.043990179999994
        }
      },
      {
        "reactor_utilization": {
          "shard": "8",
          "value": 75.015615659999597
        }
      },
      {
        "reactor_utilization": {
          "shard": "9",
          "value": 68.762477420000209
        }
      },
      {
        "reactor_utilization": {
          "shard": "10",
          "value": 78.339098740000708
        }
      },
      {
        "reactor_utilization": {
          "shard": "11",
          "value": 73.809405199999844
        }
      },
      {
        "reactor_utilization": {
          "shard": "12",
          "value": 69.397231319999847
        }
      },
      {
        "reactor_utilization": {
          "shard": "13",
          "value": 88.572080140000168
        }
      },
      {
        "reactor_utilization": {
          "shard": "14",
          "value": 66.315642939999847
        }
      },
      {
        "reactor_utilization": {
          "shard": "15",
          "value": 69.373601380000324
        }
      }
    ]
  },
  {
    "metrics": [
      {
        "reactor_utilization": {
          "shard": "0",
          "value": 79.016052740000106
        }
      },
      {
        "reactor_utilization": {
          "shard": "1",
          "value": 68.653758540000069
        }
      },
      {
        "reactor_utilization": {
          "shard": "2",
          "value": 81.839424379999897
        }
      },
      {
        "reactor_utilization": {
          "shard": "3",
          "value": 84.816603039999521
        }
      },
      {
        "reactor_utilization": {
          "shard": "4",
          "value": 76.707290979999811
        }
      },
      {
        "reactor_utilization": {
          "shard": "5",
          "value": 75.887829519999897
        }
      },
      {
        "reactor_utilization": {
          "shard": "6",
          "value": 81.773174199999772
        }
      },
      {
        "reactor_utilization": {
          "shard": "7",
          "value": 82.051800939999993
        }
      },
      {
        "reactor_utilization": {
          "shard": "8",
          "value": 81.683889999999593
        }
      },
      {
        "reactor_utilization": {
          "shard": "9",
          "value": 75.77927940000022
        }
      },
      {
        "reactor_utilization": {
          "shard": "10",
          "value": 74.956015280000727
        }
      },
      {
        "reactor_utilization": {
          "shard": "11",
          "value": 74.679603559999848
        }
      },
      {
        "reactor_utilization": {
          "shard": "12",
          "value": 86.706865499999836
        }
      },
      {
        "reactor_utilization": {
          "shard": "13",
          "value": 82.931302860000173
        }
      },
      {
        "reactor_utilization": {
          "shard": "14",
          "value": 65.414106579999839
        }
      },
      {
        "reactor_utilization": {
          "shard": "15",
          "value": 72.032649520000334
        }
      }
    ]
  },
  {
    "metrics": [
      {
        "reactor_utilization": {
          "shard": "0",
          "value": 75.357674680000102
        }
      },
      {
        "reactor_utilization": {
          "shard": "1",
          "value": 77.420092480000079
        }
      },
      {
        "reactor_utilization": {
          "shard": "2",
          "value": 83.500048839999906
        }
      },
      {
        "reactor_utilization": {
          "shard": "3",
          "value": 78.497774679999523
        }
      },
      {
        "reactor_utilization": {
          "shard": "4",
          "value": 72.584356619999809
        }
      },
      {
        "reactor_utilization": {
          "shard": "5",
          "value": 62.812141839999889
        }
      },
      {
        "reactor_utilization": {
          "shard": "6",
          "value": 70.363862379999773
        }
      },
      {
        "reactor_utilization": {
          "shard": "7",
          "value": 61.891190180000002
        }
      },
      {
        "reactor_utilization": {
          "shard": "8",
          "value": 77.468326679999592
        }
      },
      {
        "reactor_utilization": {
          "shard": "9",
          "value": 80.300955620000209
        }
      },
      {
        "reactor_utilization": {
          "shard": "10",
          "value": 70.927484160000716
        }
      },
      {
        "reactor_utilization": {
          "shard": "11",
          "value": 74.336981719999841
        }
      },
      {
        "reactor_utilization": {
          "shard": "12",
          "value": 76.337922959999844
        }
      },
      {
        "reactor_utilization": {
          "shard": "13",
          "value": 97.268643580000159
        }
      },
      {
        "reactor_utilization": {
          "shard": "14",
          "value": 65.71302647999984
        }
      },
      {
        "reactor_utilization": {
          "shard": "15",
          "value": 59.382859680000344
        }
      }
    ]
  },
  {
    "metrics": [
      {
        "reactor_utilization": {
          "shard": "0",
          "value": 78.274447500000107
        }
      },
      {
        "reactor_utilization": {
          "shard": "1",
          "value": 87.236691040000082
        }
      },
      {
        "reactor_utilization": {
          "shard": "2",
          "value": 67.949263179999903
        }
      },
      {
        "reactor_utilization": {
          "shard": "3",
          "value": 73.130302239999523
        }
      },
      {
        "reactor_utilization": {
          "shard": "4",
          "value": 73.028578259999819
        }
      },
      {
        "reactor_utilization": {
          "shard": "5",
          "value": 91.358467079999897
        }
      },
      {
        "reactor_utilization": {
          "shard": "6",
          "value": 84.839296859999777
        }
      },
      {
        "reactor_utilization": {
          "shard": "7",
          "value": 73.912744680000003
        }
      },
      {
        "reactor_utilization": {
          "shard": "8",
          "value": 78.050396639999605
        }
      },
      {
        "reactor_utilization": {
          "shard": "9",
          "value": 89.569814480000204
        }
      },
      {
        "reactor_utilization": {
          "shard": "10",
          "value": 78.094190820000719
        }
      },
      {
        "reactor_utilization": {
          "shard": "11",
          "value": 82.069988519999853
        }
      },
      {
        "reactor_utilization": {
          "shard": "12",
          "value": 73.374941119999832
        }
      },
      {
        "reactor_utilization": {
          "shard": "13",
          "value": 79.910171560000165
        }
      },
      {
        "reactor_utilization": {
          "shard": "14",
          "value": 66.384103699999827
        }
      },
      {
        "reactor_utilization": {
          "shard": "15",
          "value": 67.189684640000351
        }
      }
    ]
  },
  {
    "metrics": [
      {
        "reactor_utilization": {
          "shard": "0",
          "value": 71.72991936000011
        }
      },
      {
        "reactor_utilization": {
          "shard": "1",
          "value": 81.804759200000078
        }
      },
      {
        "reactor_utilization": {
          "shard": "2",
          "value": 89.508333559999912
        }
      },
      {
        "reactor_utilization": {
          "shard": "3",
          "value": 78.772743739999527
        }
      },
      {
        "reactor_utilization": {
          "shard": "4",
          "value": 67.842640359999805
        }
      },
      {
        "reactor_utilization": {
          "shard": "5",
          "value": 76.193474819999892
        }
      },
      {
        "reactor_utilization": {
          "shard": "6",
          "value": 84.465914079999777
        }
      },
      {
        "reactor_utilization": {
          "shard": "7",
          "value": 65.784798599999988
        }
      },
      {
        "reactor_utilization": {
          "shard": "8",
          "value": 54.029007159999587
        }
      },
      {
        "reactor_utilization": {
          "shard": "9",
          "value": 77.763002340000213
        }
      },
      {
        "reactor_utilization": {
          "shard": "10",
          "value": 72.645410020000725
        }
      },
      {
        "reactor_utilization": {
          "shard": "11",
          "value": 88.604075719999841
        }
      },
      {
        "reactor_utilization": {
          "shard": "12",
          "value": 76.740012719999839
        }
      },
      {
        "reactor_utilization": {
          "shard": "13",
          "value": 83.176087040000155
        }
      },
      {
        "reactor_utilization": {
          "shard": "14",
          "value": 62.260426139999836
        }
      },
      {
        "reactor_utilization": {
          "shard": "15",
          "value": 72.364278700000355
        }
      }
    ]
  },
  {
    "metrics": [
      {
        "reactor_utilization": {
          "shard": "0",
          "value": 59.953403340000108
        }
      },
      {
        "reactor_utilization": {
          "shard": "1",
          "value": 69.779027940000077
        }
      },
      {
        "reactor_utilization": {
          "shard": "2",
          "value": 92.077534919999906
        }
      },
      {
        "reactor_utilization": {
          "shard": "3",
          "value": 77.342276499999514
        }
      },
      {
        "reactor_utilization": {
          "shard": "4",
          "value": 70.467254259999805
        }
      },
      {
        "reactor_utilization": {
          "shard": "5",
          "value": 74.560841059999888
        }
      },
      {
        "reactor_utilization": {
          "shard": "6",
          "value": 92.347302939999778
        }
      },
      {
        "reactor_utilization": {
          "shard": "7",
          "value": 84.491831099999999
        }
      },
      {
        "reactor_utilization": {
          "shard": "8",
          "value": 68.925274379999593
        }
      },
      {
        "reactor_utilization": {
          "shard": "9",
          "value": 86.689203620000214
        }
      },
      {
        "reactor_utilization": {
          "shard": "10",
          "value": 78.698895360000719
        }
      },
      {
        "reactor_utilization": {
          "shard": "11",
          "value": 73.902972679999834
        }
      },
      {
        "reactor_utilization": {
          "shard": "12",
          "value": 79.925111359999832
        }
      },
      {
        "reactor_utilization": {
          "shard": "13",
          "value": 76.721843700000164
        }
      },
      {
        "reactor_utilization": {
          "shard": "14",
          "value": 64.20622307999983
        }
      },
      {
        "reactor_utilization": {
          "shard": "15",
          "value": 73.223990900000345
        }
      }
    ]
  },
  {
    "metrics": [
      {
        "reactor_utilization": {
          "shard": "0",
          "value": 80.51238570000011
        }
      },
      {
        "reactor_utilization": {
          "shard": "1",
          "value": 90.562340080000084
        }
      },
      {
        "reactor_utilization": {
          "shard": "2",
          "value": 80.309831139999915
        }
      },
      {
        "reactor_utilization": {
          "shard": "3",
          "value": 81.665137879999534
        }
      },
      {
        "reactor_utilization": {
          "shard": "4",
          "value": 91.809740579999811
        }
      },
      {
        "reactor_utilization": {
          "shard": "5",
          "value": 75.420379359999885
        }
      },
      {
        "reactor_utilization": {
          "shard": "6",
          "value": 64.856059539999777
        }
      },
      {
        "reactor_utilization": {
          "shard": "7",
          "value": 60.449006779999991
        }
      },
      {
        "reactor_utilization": {
          "shard": "8",
          "value": 72.1297545999996
        }
      },
      {
        "reactor_utilization": {
          "shard": "9",
          "value": 78.19239056000022
        }
      },
      {
        "reactor_utilization": {
          "shard": "10",
          "value": 78.121324820000723
        }
      },
      {
        "reactor_utilization": {
          "shard": "11",
          "value": 85.989229299999835
        }
      },
      {
        "reactor_utilization": {
          "shard": "12",
          "value": 78.432423139999841
        }
      },
      {
        "reactor_utilization": {
          "shard": "13",
          "value": 88.41122846000016
        }
      },
      {
        "reactor_utilization": {
          "shard": "14",
          "value": 65.410076759999839
        }
      },
      {
        "reactor_utilization": {
          "shard": "15",
          "value": 82.667487500000348
        }
      }
    ]
  },
  {
    "metrics": [
      {
        "reactor_utilization": {
          "shard": "0",
          "value": 76.3166042000001
        }
      },
      {
        "reactor_utilization": {
          "shard": "1",
          "value": 84.821082880000077
        }
      },
      {
        "reactor_utilization": {
          "shard": "2",
          "value": 83.516146979999903
        }
      },
      {
        "reactor_utilization": {
          "shard": "3",
          "value": 86.32369583999953
        }
      },
      {
        "reactor_utilization": {
          "shard": "4",
          "value": 76.161318719999798
        }
      },
      {
        "reactor_utilization": {
          "shard": "5",
          "value": 73.566850199999891
        }
      },
      {
        "reactor_utilization": {
          "shard": "6",
          "value": 76.810428039999778
        }
      },
      {
        "reactor_utilization": {
          "shard": "7",
          "value": 73.762605259999987
        }
      },
      {
        "reactor_utilization": {
          "shard": "8",
          "value": 77.347451339999594
        }
      },
      {
        "reactor_utilization": {
          "shard": "9",
          "value": 81.366224580000207
        }
      },
      {
        "reactor_utilization": {
          "shard": "10",
          "value": 75.784214780000724
        }
      },
      {
        "reactor_utilization": {
          "shard": "11",
          "value": 77.813153819999854
        }
      },
      {
        "reactor_utilization": {
          "shard": "12",
          "value": 81.386988299999828
        }
      },
      {
        "reactor_utilization": {
          "shard": "13",
          "value": 59.622507860000148
        }
      },
      {
        "reactor_utilization": {
          "shard": "14",
          "value": 65.623706259999835
        }
      },
      {
        "reactor_utilization": {
          "shard": "15",
          "value": 81.088635500000336
        }
      }
    ]
  },
  {
    "metrics": [
      {
        "reactor_utilization": {
          "shard": "0",
          "value": 69.508527480000097
        }
      },
      {
        "reactor_utilization": {
          "shard": "1",
          "value": 81.528046740000079
        }
      },
      {
        "reactor_utilization": {
          "shard": "2",
          "value": 78.117320919999898
        }
      },
      {
        "reactor_utilization": {
          "shard": "3",
          "value": 71.784091039999538
        }
      },
      {
        "reactor_utilization": {
          "shard": "4",
          "value": 79.739272499999814
        }
      },
      {
        "reactor_utilization": {
          "shard": "5",
          "value": 71.088287619999889
        }
      },
      {
        "reactor_utilization": {
          "shard": "6",
          "value": 88.766209499999775
        }
      },
      {
        "reactor_utilization": {
          "shard": "7",
          "value": 77.342898559999995
        }
      },
      {
        "reactor_utilization": {
          "shard": "8",
          "value": 79.667306839999597
        }
      },
      {
        "reactor_utilization": {
          "shard": "9",
          "value": 93.596452160000212
        }
      },
      {
        "reactor_utilization": {
          "shard": "10",
          "value": 81.953898140000732
        }
      },
      {
        "reactor_utilization": {
          "shard": "11",
          "value": 81.869521639999846
        }
      },
      {
        "reactor_utilization": {
          "shard": "12",
          "value": 84.522901779999842
        }
      },
      {
        "reactor_utilization": {
          "shard": "13",
          "value": 74.902102580000147
        }
      },
      {
        "reactor_utilization": {
          "shard": "14",
          "value": 49.859398099999844
        }
      },
      {
        "reactor_utilization": {
          "shard": "15",
          "value": 66.496173300000351
        }
      }
    ]
  }
]
