[
  {
    "metrics": [
      {
        "reactor_utilization": {
          "shard": "0",
          "value": 65.815629200000259
        }
      },
      {
        "reactor_utilization": {
          "shard": "1",
          "value": 77.441656020000067
        }
      },
      {
        "reactor_utilization": {
          "shard": "2",
          "value": 85.183861199999853
        }
      },
      {
        "reactor_utilization": {
          "shard": "3",
          "value": 71.345735859999778
        }
      },
      {
        "reactor_utilization": {
          "shard": "4",
          "value": 60.192862459999951
        }
      },
      {
        "reactor_utilization": {
          "shard": "5",
          "value": 64.073046319999975
        }
      },
      {
        "reactor_utilization": {
          "shard": "6",
          "value": 84.565411539999701
        }
      },
      {
        "reactor_utilization": {
          "shard": "7",
          "value": 68.708838639999954
        }
      },
      {
        "reactor_utilization": {
          "shard": "8",
          "value": 68.759190399999653
        }
      },
      {
        "reactor_utilization": {
          "shard": "9",
          "value": 51.846811260000145
        }
      },
      {
        "reactor_utilization": {
          "shard": "10",
          "value": 64.161575060000445
        }
      },
      {
        "reactor_utilization": {
          "shard": "11",
          "value": 80.469565919999908
        }
      },
      {
        "reactor_utilization": {
          "shard": "12",
          "value": 69.19191395999988
        }
      },
      {
        "reactor_utilization": {
          "shard": "13",
          "value": 83.834167720000053
        }
      },
      {
        "reactor_utilization": {
          "shard": "14",
          "value": 57.477458079999963
        }
      },
      {
        "reactor_utilization": {
          "shard": "15",
          "value": 59.324217500000323
        }
      }
    ]
  },
  {
    "metrics": [
      {
        "reactor_utilization": {
          "shard": "0",
          "value": 67.974950180000263
        }
      },
      {
        "reactor_utilization": {
          "shard": "1",
          "value": 75.256452920000072
        }
      },
      {
        "reactor_utilization": {
          "shard": "2",
          "value": 75.840647119999844
        }
      },
      {
        "reactor_utilization": {
          "shard": "3",
          "value": 76.601971599999786
        }
      },
      {
        "reactor_utilization": {
          "shard": "4",
          "value": 66.29854639999995
        }
      },
      {
        "reactor_utilization": {
          "shard": "5",
          "value": 49.585868119999986
        }
      },
      {
        "reactor_utilization": {
          "shard": "6",
          "value": 81.738029079999706
        }
      },
      {
        "reactor_utilization": {
          "shard": "7",
          "value": 76.409023819999945
        }
      },
      {
        "reactor_utilization": {
          "shard": "8",
          "value": 64.789969639999654
        }
      },
      {
        "reactor_utilization": {
          "shard": "9",
          "value": 78.92387360000015
        }
      },
      {
        "reactor_utilization": {
          "shard": "10",
          "value": 79.698884040000451
        }
      },
      {
        "reactor_utilization": {
          "shard": "11",
          "value": 68.806023079999903
        }
      },
      {
        "reactor_utilization": {
          "shard": "12",
          "value": 70.597351379999878
        }
      },
      {
        "reactor_utilization": {
          "shard": "13",
          "value": 78.600407120000057
        }
      },
      {
        "reactor_utilization": {
          "shard": "14",
          "value": 61.963173919999967
        }
      },
      {
        "reactor_utilization": {
          "shard": "15",
          "value": 75.524974860000327
        }
      }
    ]
  },
  {
    "metrics": [
      {
        "reactor_utilization": {
          "shard": "0",
          "value": 63.699225760000267
        }
      },
      {
        "reactor_utilization": {
          "shard": "1",
          "value": 75.742618900000053
        }
      },
      {
        "reactor_utilization": {
          "shard": "2",
          "value": 70.297746439999855
        }
      },
      {
        "reactor_utilization": {
          "shard": "3",
          "value": 63.354037519999785
        }
      },
      {
        "reactor_utilization": {
          "shard": "4",
          "value": 50.794761239999929
        }
      },
      {
        "reactor_utilization": {
          "shard": "5",
          "value": 56.012852399999979
        }
      },
      {
        "reactor_utilization": {
          "shard": "6",
          "value": 76.409904839999712
        }
      },
      {
        "reactor_utilization": {
          "shard": "7",
          "value": 55.67374657999995
        }
      },
      {
        "reactor_utilization": {
          "shard": "8",
          "value": 64.267667479999659
        }
      },
      {
        "reactor_utilization": {
          "shard": "9",
          "value": 79.822045000000145
        }
      },
      {
        "reactor_utilization": {
          "shard": "10",
          "value": 77.030085660000452
        }
      },
      {
        "reactor_utilization": {
          "shard": "11",
          "value": 76.593006939999896
        }
      },
      {
        "reactor_utilization": {
          "shard": "12",
          "value": 61.778712799999866
        }
      },
      {
        "reactor_utilization": {
          "shard": "13",
          "value": 64.634053420000058
        }
      },
      {
        "reactor_utilization": {
          "shard": "14",
          "value": 61.466404499999975
        }
      },
      {
        "reactor_utilization": {
          "shard": "15",
          "value": 82.34001906000033
        }
      }
    ]
  },
  {
    "metrics": [
      {
        "reactor_utilization": {
          "shard": "0",
          "value": 76.203167540000265
        }
      },
      {
        "reactor_utilization": {
          "shard": "1",
          "value": 74.137691760000052
        }
      },
      {
        "reactor_utilization": {
          "shard": "2",
          "value": 70.947929239999866
        }
      },
      {
        "reactor_utilization": {
          "shard": "3",
          "value": 60.591501079999787
        }
      },
      {
        "reactor_utilization": {
          "shard": "4",
          "value": 65.835133219999932
        }
      },
      {
        "reactor_utilization": {
          "shard": "5",
          "value": 65.658219159999987
        }
      },
      {
        "reactor_utilization": {
          "shard": "6",
          "value": 81.170257439999702
        }
      },
      {
        "reactor_utilization": {
          "shard": "7",
          "value": 75.264696259999937
        }
      },
      {
        "reactor_utilization": {
          "shard": "8",
          "value": 67.54388737999966
        }
      },
      {
        "reactor_utilization": {
          "shard": "9",
          "value": 79.089670160000153
        }
      },
      {
        "reactor_utilization": {
          "shard": "10",
          "value": 72.744804500000456
        }
      },
      {
        "reactor_utilization": {
          "shard": "11",
          "value": 68.316664039999893
        }
      },
      {
        "reactor_utilization": {
          "shard": "12",
          "value": 66.575024279999866
        }
      },
      {
        "reactor_utilization": {
          "shard": "13",
          "value": 80.923026500000049
        }
      },
      {
        "reactor_utilization": {
          "shard": "14",
          "value": 66.085772099999957
        }
      },
      {
        "reactor_utilization": {
          "shard": "15",
          "value": 64.869511900000319
        }
      }
    ]
  },
  {
    "metrics": [
      {
        "reactor_utilization": {
          "shard": "0",
          "value": 78.982782520000256
        }
      },
      {
        "reactor_utilization": {
          "shard": "1",
          "value": 77.133281120000035
        }
      },
      {
        "reactor_utilization": {
          "shard": "2",
          "value": 73.17995557999987
        }
      },
      {
        "reactor_utilization": {
          "shard": "3",
          "value": 70.713843979999808
        }
      },
      {
        "reactor_utilization": {
          "shard": "4",
          "value": 65.261087099999941
        }
      },
      {
        "reactor_utilization": {
          "shard": "5",
          "value": 62.232635459999997
        }
      },
      {
        "reactor_utilization": {
          "shard": "6",
          "value": 57.203279979999699
        }
      },
      {
        "reactor_utilization": {
          "shard": "7",
          "value": 60.817810499999936
        }
      },
      {
        "reactor_utilization": {
          "shard": "8",
          "value": 58.515456119999641
        }
      },
      {
        "reactor_utilization": {
          "shard": "9",
          "value": 70.07904718000016
        }
      },
      {
        "reactor_utilization": {
          "shard": "10",
          "value": 68.006877160000457
        }
      },
      {
        "reactor_utilization": {
          "shard": "11",
          "value": 70.073168299999907
        }
      },
      {
        "reactor_utilization": {
          "shard": "12",
          "value": 79.57715233999987
        }
      },
      {
        "reactor_utilization": {
          "shard": "13",
          "value": 67.596336040000054
        }
      },
      {
        "reactor_utilization": {
          "shard": "14",
          "value": 63.964307499999975
        }
      },
      {
        "reactor_utilization": {
          "shard": "15",
          "value": 83.74009192000031
        }
      }
    ]
  },
  {
    "metrics": [
      {
        "reactor_utilization": {
          "shard": "0",
          "value": 80.246107620000259
        }
      },
      {
        "reactor_utilization": {
          "shard": "1",
          "value": 79.396493420000041
        }
      },
      {
        "reactor_utilization": {
          "shard": "2",
          "value": 76.362652639999865
        }
      },
      {
        "reactor_utilization": {
          "shard": "3",
          "value": 69.916775999999786
        }
      },
      {
        "reactor_utilization": {
          "shard": "4",
          "value": 64.227301839999939
        }
      },
      {
        "reactor_utilization": {
          "shard": "5",
          "value": 60.645624359999992
        }
      },
      {
        "reactor_utilization": {
          "shard": "6",
          "value": 59.380697559999703
        }
      },
      {
        "reactor_utilization": {
          "shard": "7",
          "value": 67.67447047999994
        }
      },
      {
        "reactor_utilization": {
          "shard": "8",
          "value": 71.76865997999964
        }
      },
      {
        "reactor_utilization": {
          "shard": "9",
          "value": 78.765405200000146
        }
      },
      {
        "reactor_utilization": {
          "shard": "10",
          "value": 77.839376400000447
        }
      },
      {
        "reactor_utilization": {
          "shard": "11",
          "value": 74.621483639999894
        }
      },
      {
        "reactor_utilization": {
          "shard": "12",
          "value": 69.210180459999862
        }
      },
      {
        "reactor_utilization": {
          "shard": "13",
          "value": 80.001099560000057
        }
      },
      {
        "reactor_utilization": {
          "shard": "14",
          "value": 69.706864959999976
        }
      },
      {
        "reactor_utilization": {
          "shard": "15",
          "value": 76.083564900000312
        }
      }
    ]
  },
  {
    "metrics": [
      {
        "reactor_utilization": {
          "shard": "0",
          "value": 63.297635940000255
        }
      },
      {
        "reactor_utilization": {
          "shard": "1",
          "value": 61.840505920000041
        }
      },
      {
        "reactor_utilization": {
          "shard": "2",
          "value": 66.092037459999858
        }
      },
      {
        "reactor_utilization": {
          "shard": "3",
          "value": 71.924130479999789
        }
      },
      {
        "reactor_utilization": {
          "shard": "4",
          "value": 65.401022639999937
        }
      },
      {
        "reactor_utilization": {
          "shard": "5",
          "value": 64.052373519999989
        }
      },
      {
        "reactor_utilization": {
          "shard": "6",
          "value": 72.228763099999711
        }
      },
      {
        "reactor_utilization": {
          "shard": "7",
          "value": 77.634033739999936
        }
      },
      {
        "reactor_utilization": {
          "shard": "8",
          "value": 74.647749299999646
        }
      },
      {
        "reactor_utilization": {
          "shard": "9",
          "value": 71.144068260000154
        }
      },
      {
        "reactor_utilization": {
          "shard": "10",
          "value": 75.708255320000447
        }
      },
      {
        "reactor_utilization": {
          "shard": "11",
          "value": 72.867225339999891
        }
      },
      {
        "reactor_utilization": {
          "shard": "12",
          "value": 81.020592199999868
        }
      },
      {
        "reactor_utilization": {
          "shard": "13",
          "value": 67.468483860000063
        }
      },
      {
        "reactor_utilization": {
          "shard": "14",
          "value": 84.162195239999974
        }
      },
      {
        "reactor_utilization": {
          "shard": "15",
          "value": 80.357344840000309
        }
      }
    ]
  },
  {
    "metrics": [
      {
        "reactor_utilization": {
          "shard": "0",
          "value": 65.432900080000252
        }
      },
      {
        "reactor_utilization": {
          "shard": "1",
          "value": 77.778472860000036
        }
      },
      {
        "reactor_utilization": {
          "shard": "2",
          "value": 66.933650859999872
        }
      },
      {
        "reactor_utilization": {
          "shard": "3",
          "value": 66.6089145199998
        }
      },
      {
        "reactor_utilization": {
          "shard": "4",
          "value": 60.244871879999941
        }
      },
      {
        "reactor_utilization": {
          "shard": "5",
          "value": 61.278805979999994
        }
      },
      {
        "reactor_utilization": {
          "shard": "6",
          "value": 75.634617679999721
        }
      },
      {
        "reactor_utilization": {
          "shard": "7",
          "value": 58.519547119999935
        }
      },
      {
        "reactor_utilization": {
          "shard": "8",
          "value": 83.791551739999633
        }
      },
      {
        "reactor_utilization": {
          "shard": "9",
          "value": 77.422561960000166
        }
      },
      {
        "reactor_utilization": {
          "shard": "10",
          "value": 62.345474540000453
        }
      },
      {
        "reactor_utilization": {
          "shard": "11",
          "value": 75.299246839999896
        }
      },
      {
        "reactor_utilization": {
          "shard": "12",
          "value": 79.272252359999868
        }
      },
      {
        "reactor_utilization": {
          "shard": "13",
          "value": 84.032862580000057
        }
      },
      {
        "reactor_utilization": {
          "shard": "14",
          "value": 70.845273199999951
        }
      },
      {
        "reactor_utilization": {
          "shard": "15",
          "value": 73.120112340000304
        }
      }
    ]
  },
  {
    "metrics": [
      {
        "reactor_utilization": {
          "shard": "0",
          "value": 67.336633740000252
        }
      },
      {
        "reactor_utilization": {
          "shard": "1",
          "value": 86.460181480000045
        }
      },
      {
        "reactor_utilization": {
          "shard": "2",
          "value": 74.564563819999876
        }
      },
      {
        "reactor_utilization": {
          "shard": "3",
          "value": 70.984230139999795
        }
      },
      {
        "reactor_utilization": {
          "shard": "4",
          "value": 61.230461279999936
        }
      },
      {
        "reactor_utilization": {
          "shard": "5",
          "value": 58.611909399999995
        }
      },
      {
        "reactor_utilization": {
          "shard": "6",
          "value": 67.198980099999716
        }
      },
      {
        "reactor_utilization": {
          "shard": "7",
          "value": 69.77609571999993
        }
      },
      {
        "reactor_utilization": {
          "shard": "8",
          "value": 63.672228539999644
        }
      },
      {
        "reactor_utilization": {
          "shard": "9",
          "value": 63.234304900000168
        }
      },
      {
        "reactor_utilization": {
          "shard": "10",
          "value": 70.259716820000477
        }
      },
      {
        "reactor_utilization": {
          "shard": "11",
          "value": 66.917175519999901
        }
      },
      {
        "reactor_utilization": {
          "shard": "12",
          "value": 75.328091379999861
        }
      },
      {
        "reactor_utilization": {
          "shard": "13",
          "value": 72.675963860000053
        }
      },
      {
        "reactor_utilization": {
          "shard": "14",
          "value": 87.963192719999967
        }
      },
      {
        "reactor_utilization": {
          "shard": "15",
          "value": 75.0811245000003
        }
      }
    ]
  },
  {
    "metrics": [
      {
        "reactor_utilization": {
          "shard": "0",
          "value": 73.818692920000245
        }
      },
      {
        "reactor_utilization": {
          "shard": "1",
          "value": 59.229564620000033
        }
      },
      {
        "reactor_utilization": {
          "shard": "2",
          "value": 70.519375319999881
        }
      },
      {
        "reactor_utilization": {
          "shard": "3",
          "value": 64.673769079999786
        }
      },
      {
        "reactor_utilization": {
          "shard": "4",
          "value": 65.939383539999938
        }
      },
      {
        "reactor_utilization": {
          "shard": "5",
          "value": 67.449437999999986
        }
      },
      {
        "reactor_utilization": {
          "shard": "6",
          "value": 79.810427979999716
        }
      },
      {
        "reactor_utilization": {
          "shard": "7",
          "value": 69.967012399999945
        }
      },
      {
        "reactor_utilization": {
          "shard": "8",
          "value": 64.846709219999639
        }
      },
      {
        "reactor_utilization": {
          "shard": "9",
          "value": 72.964465480000172
        }
      },
      {
        "reactor_utilization": {
          "shard": "10",
          "value": 80.433557960000471
        }
      },
      {
        "reactor_utilization": {
          "shard": "11",
          "value": 83.047308479999899
        }
      },
      {
        "reactor_utilization": {
          "shard": "12",
          "value": 60.059269099999867
        }
      },
      {
        "reactor_utilization": {
          "shard": "13",
          "value": 69.683810140000062
        }
      },
      {
        "reactor_utilization": {
          "shard": "14",
          "value": 82.727469019999958
        }
      },
      {
        "reactor_utilization": {
          "shard": "15",
          "value": 59.0411465600003
        }
      }
    ]
  },
  {
    "metrics": [
      {
        "reactor_utilization": {
          "shard": "0",
          "value": 61.634344900000258
        }
      },
      {
        "reactor_utilization": {
          "shard": "1",
          "value": 58.818786280000033
        }
      },
      {
        "reactor_utilization": {
          "shard": "2",
          "value": 61.27616111999987
        }
      },
      {
        "reactor_utilization": {
          "shard": "3",
          "value": 60.820162519999791
        }
      },
      {
        "reactor_utilization": {
          "shard": "4",
          "value": 69.511009979999955
        }
      },
      {
        "reactor_utilization": {
          "shard": "5",
          "value": 66.765481799999989
        }
      },
      {
        "reactor_utilization": {
          "shard": "6",
          "value": 75.396469399999717
        }
      },
      {
        "reactor_utilization": {
          "shard": "7",
          "value": 69.124979439999933
        }
      },
      {
        "reactor_utilization": {
          "shard": "8",
          "value": 83.019938159999626
        }
      },
      {
        "reactor_utilization": {
          "shard": "9",
          "value": 76.464288400000171
        }
      },
      {
        "reactor_utilization": {
          "shard": "10",
          "value": 83.710753660000464
        }
      },
      {
        "reactor_utilization": {
          "shard": "11",
          "value": 74.635136779999911
        }
      },
      {
        "reactor_utilization": {
          "shard": "12",
          "value": 73.174154659999857
        }
      },
      {
        "reactor_utilization": {
          "shard": "13",
          "value": 74.775220540000049
        }
      },
      {
        "reactor_utilization": {
          "shard": "14",
          "value": 46.602130379999963
        }
      },
      {
        "reactor_utilization": {
          "shard": "15",
          "value": 62.906091120000298
        }
      }
    ]
  },
  {
    "metrics": [
      {
        "reactor_utilization": {
          "shard": "0",
          "value": 62.665003060000259
        }
      },
      {
        "reactor_utilization": {
          "shard": "1",
          "value": 63.717670160000026
        }
      },
      {
        "reactor_utilization": {
          "shard": "2",
          "value": 71.786181859999871
        }
      },
      {
        "reactor_utilization": {
          "shard": "3",
          "value": 59.141078399999792
        }
      },
      {
        "reactor_utilization": {
          "shard": "4",
          "value": 67.679949439999945
        }
      },
      {
        "reactor_utilization": {
          "shard": "5",
          "value": 72.215392959999988
        }
      },
      {
        "reactor_utilization": {
          "shard": "6",
          "value": 72.726777459999724
        }
      },
      {
        "reactor_utilization": {
          "shard": "7",
          "value": 71.315929419999932
        }
      },
      {
        "reactor_utilization": {
          "shard": "8",
          "value": 60.104839659999634
        }
      },
      {
        "reactor_utilization": {
          "shard": "9",
          "value": 63.969804620000168
        }
      },
      {
        "reactor_utilization": {
          "shard": "10",
          "value": 76.826873100000469
        }
      },
      {
        "reactor_utilization": {
          "shard": "11",
          "value": 71.910271759999901
        }
      },
      {
        "reactor_utilization": {
          "shard": "12",
          "value": 74.411076399999871
        }
      },
      {
        "reactor_utilization": {
          "shard": "13",
          "value": 74.026022800000064
        }
      },
      {
        "reactor_utilization": {
          "shard": "14",
          "value": 67.247643159999953
        }
      },
      {
        "reactor_utilization": {
          "shard": "15",
          "value": 70.777943800000287
        }
      }
    ]
  },
  {
    "metrics": [
      {
        "reactor_utilization": {
          "shard": "0",
          "value": 67.432786680000262
        }
      },
      {
        "reactor_utilization": {
          "shard": "1",
          "value": 85.906807000000029
        }
      },
      {
        "reactor_utilization": {
          "shard": "2",
          "value": 58.779057479999878
        }
      },
      {
        "reactor_utilization": {
          "shard": "3",
          "value": 60.639168219999782
        }
      },
      {
        "reactor_utilization": {
          "shard": "4",
          "value": 68.284438999999949
        }
      },
      {
        "reactor_utilization": {
          "shard": "5",
          "value": 60.248673479999994
        }
      },
      {
        "reactor_utilization": {
          "shard": "6",
          "value": 70.993043599999723
        }
      },
      {
        "reactor_utilization": {
          "shard": "7",
          "value": 61.153463319999936
        }
      },
      {
        "reactor_utilization": {
          "shard": "8",
          "value": 60.435515099999627
        }
      },
      {
        "reactor_utilization": {
          "shard": "9",
          "value": 59.368726360000167
        }
      },
      {
        "reactor_utilization": {
          "shard": "10",
          "value": 82.930531220000475
        }
      },
      {
        "reactor_utilization": {
          "shard": "11",
          "value": 74.040445319999904
        }
      },
      {
        "reactor_utilization": {
          "shard": "12",
          "value": 77.921625279999859
        }
      },
      {
        "reactor_utilization": {
          "shard": "13",
          "value": 83.54286204000006
        }
      },
      {
        "reactor_utilization": {
          "shard": "14",
          "value": 69.06122167999996
        }
      },
      {
        "reactor_utilization": {
          "shard": "15",
          "value": 78.293064340000299
        }
      }
    ]
  },
  {
    "metrics": [
      {
        "reactor_utilization": {
          "shard": "0",
          "value": 79.35282196000027
        }
      },
      {
        "reactor_utilization": {
          "shard": "1",
          "value": 72.809073780000034
        }
      },
      {
        "reactor_utilization": {
          "shard": "2",
          "value": 56.76514667999988
        }
      },
      {
        "reactor_utilization": {
          "shard": "3",
          "value": 69.844411839999793
        }
      },
      {
        "reactor_utilization": {
          "shard": "4",
          "value": 72.396740299999948
        }
      },
      {
        "reactor_utilization": {
          "shard": "5",
          "value": 79.136521879999989
        }
      },
      {
        "reactor_utilization": {
          "shard": "6",
          "value": 65.929397759999731
        }
      },
      {
        "reactor_utilization": {
          "shard": "7",
          "value": 68.497975639999936
        }
      },
      {
        "reactor_utilization": {
          "shard": "8",
          "value": 73.451907519999637
        }
      },
      {
        "reactor_utilization": {
          "shard": "9",
          "value": 70.406369560000172
        }
      },
      {
        "reactor_utilization": {
          "shard": "10",
          "value": 74.543562000000463
        }
      },
      {
        "reactor_utilization": {
          "shard": "11",
          "value": 79.825043999999906
        }
      },
      {
        "reactor_utilization": {
          "shard": "12",
          "value": 74.084615579999863
        }
      },
      {
        "reactor_utilization": {
          "shard": "13",
          "value": 74.137156800000056
        }
      },
      {
        "reactor_utilization": {
          "shard": "14",
          "value": 66.437575519999953
        }
      },
      {
        "reactor_utilization": {
          "shard": "15",
          "value": 71.493048760000292
        }
      }
    ]
  },
  {
    "metrics": [
      {
        "reactor_utilization": {
          "shard": "0",
          "value": 77.16636518000027
        }
      },
      {
        "reactor_utilization": {
          "shard": "1",
          "value": 63.229657240000023
        }
      },
      {
        "reactor_utilization": {
          "shard": "2",
          "value": 72.176167819999876
        }
      },
      {
        "reactor_utilization": {
          "shard": "3",
          "value": 64.824206899999794
        }
      },
      {
        "reactor_utilization": {
          "shard": "4",
          "value": 62.755193019999957
        }
      },
      {
        "reactor_utilization": {
          "shard": "5",
          "value": 62.827060879999983
        }
      },
      {
        "reactor_utilization": {
          "shard": "6",
          "value": 69.901836239999724
        }
      },
      {
        "reactor_utilization": {
          "shard": "7",
          "value": 66.932685939999942
        }
      },
      {
        "reactor_utilization": {
          "shard": "8",
          "value": 66.041290479999631
        }
      },
      {
        "reactor_utilization": {
          "shard": "9",
          "value": 60.18354642000017
        }
      },
      {
        "reactor_utilization": {
          "shard": "10",
          "value": 65.212226580000447
        }
      },
      {
        "reactor_utilization": {
          "shard": "11",
          "value": 75.08851389999991
        }
      },
      {
        "reactor_utilization": {
          "shard": "12",
          "value": 69.913545499999856
        }
      },
      {
        "reactor_utilization": {
          "shard": "13",
          "value": 82.064505920000059
        }
      },
      {
        "reactor_utilization": {
          "shard": "14",
          "value": 71.513509999999954
        }
      },
      {
        "reactor_utilization": {
          "shard": "15",
          "value": 84.636928400000286
        }
      }
    ]
  },
  {
    "metrics": [
      {
        "reactor_utilization": {
          "shard": "0",
          "value": 80.430744820000271
        }
      },
      {
        "reactor_utilization": {
          "shard": "1",
          "value": 72.090551160000032
        }
      },
      {
        "reactor_utilization": {
          "shard": "2",
          "value": 71.604261259999859
        }
      },
      {
        "reactor_utilization": {
          "shard": "3",
          "value": 78.716890919999798
        }
      },
      {
        "reactor_utilization": {
          "shard": "4",
          "value": 60.700900419999947
        }
      },
      {
        "reactor_utilization": {
          "shard": "5",
          "value": 63.616827659999998
        }
      },
      {
        "reactor_utilization": {
          "shard": "6",
          "value": 66.61540293999974
        }
      },
      {
        "reactor_utilization": {
          "shard": "7",
          "value": 61.335443739999938
        }
      },
      {
        "reactor_utilization": {
          "shard": "8",
          "value": 59.031662879999637
        }
      },
      {
        "reactor_utilization": {
          "shard": "9",
          "value": 64.809583060000165
        }
      },
      {
        "reactor_utilization": {
          "shard": "10",
          "value": 73.922900020000469
        }
      },
      {
        "reactor_utilization": {
          "shard": "11",
          "value": 67.706689399999902
        }
      },
      {
        "reactor_utilization": {
          "shard": "12",
          "value": 60.842953719999869
        }
      },
      {
        "reactor_utilization": {
          "shard": "13",
          "value": 83.010675640000059
        }
      },
      {
        "reactor_utilization": {
          "shard": "14",
          "value": 68.430949259999963
        }
      },
      {
        "reactor_utilization": {
          "shard": "15",
          "value": 58.884665040000293
        }
      }
    ]
  },
  {
    "metrics": [
      {
        "reactor_utilization": {
          "shard": "0",
          "value": 60.797728480000266
        }
      },
      {
        "reactor_utilization": {
          "shard": "1",
          "value": 64.71401566000003
        }
      },
      {
        "reactor_utilization": {
          "shard": "2",
          "value": 79.336113579999861
        }
      },
      {
        "reactor_utilization": {
          "shard": "3",
          "value": 63.191726759999803
        }
      },
      {
        "reactor_utilization": {
          "shard": "4",
          "value": 73.469696639999952
        }
      },
      {
        "reactor_utilization": {
          "shard": "5",
          "value": 75.83307056000001
        }
      },
      {
        "reactor_utilization": {
          "shard": "6",
          "value": 63.747290059999742
        }
      },
      {
        "reactor_utilization": {
          "shard": "7",
          "value": 50.508223619999939
        }
      },
      {
        "reactor_utilization": {
          "shard": "8",
          "value": 70.159697739999643
        }
      },
      {
        "reactor_utilization": {
          "shard": "9",
          "value": 67.042080280000164
        }
      },
      {
        "reactor_utilization": {
          "shard": "10",
          "value": 77.101608460000477
        }
      },
      {
        "reactor_utilization": {
          "shard": "11",
          "value": 65.736419979999908
        }
      },
      {
        "reactor_utilization": {
          "shard": "12",
          "value": 72.612747719999859
        }
      },
      {
        "reactor_utilization": {
          "shard": "13",
          "value": 75.03011206000005
        }
      },
      {
        "reactor_utilization": {
          "shard": "14",
          "value": 72.244317439999961
        }
      },
      {
        "reactor_utilization": {
          "shard": "15",
          "value": 83.978377900000282
        }
      }
    ]
  },
  {
    "metrics": [
      {
        "reactor_utilization": {
          "shard": "0",
          "value": 70.545533900000265
        }
      },
      {
        "reactor_utilization": {
          "shard": "1",
          "value": 61.466643780000041
        }
      },
      {
        "reactor_utilization": {
          "shard": "2",
          "value": 76.533243199999873
        }
      },
      {
        "reactor_utilization": {
          "shard": "3",
          "value": 72.1279393599998
        }
      },
      {
        "reactor_utilization": {
          "shard": "4",
          "value": 45.099983679999944
        }
      },
      {
        "reactor_utilization": {
          "shard": "5",
          "value": 53.57155288000002
        }
      },
      {
        "reactor_utilization": {
          "shard": "6",
          "value": 82.702877759999737
        }
      },
      {
        "reactor_utilization": {
          "shard": "7",
          "value": 76.857365239999936
        }
      },
      {
        "reactor_utilization": {
          "shard": "8",
          "value": 81.157066079999623
        }
      },
      {
        "reactor_utilization": {
          "shard": "9",
          "value": 81.164230320000158
        }
      },
      {
        "reactor_utilization": {
          "shard": "10",
          "value": 58.923680760000465
        }
      },
      {
        "reactor_utilization": {
          "shard": "11",
          "value": 72.119353539999892
        }
      },
      {
        "reactor_utilization": {
          "shard": "12",
          "value": 56.142930379999868
        }
      },
      {
        "reactor_utilization": {
          "shard": "13",
          "value": 69.373214100000055
        }
      },
      {
        "reactor_utilization": {
          "shard": "14",
          "value": 79.714924399999958
        }
      },
      {
        "reactor_utilization": {
          "shard": "15",
          "value": 61.168843120000297
        }
      }
    ]
  },
  {
    "metrics": [
      {
        "reactor_utilization": {
          "shard": "0",
          "value": 80.046866880000266
        }
      },
      {
        "reactor_utilization": {
          "shard": "1",
          "value": 68.034360080000027
        }
      },
      {
        "reactor_utilization": {
          "shard": "2",
          "value": 70.986677719999875
        }
      },
      {
        "reactor_utilization": {
          "shard": "3",
          "value": 67.410325599999794
        }
      },
      {
        "reactor_utilization": {
          "shard": "4",
          "value": 64.543515559999946
        }
      },
      {
        "reactor_utilization": {
          "shard": "5",
          "value": 59.090651020000017
        }
      },
      {
        "reactor_utilization": {
          "shard": "6",
          "value": 67.90925853999974
        }
      },
      {
        "reactor_utilization": {
          "shard": "7",
          "value": 60.900047299999926
        }
      },
      {
        "reactor_utilization": {
          "shard": "8",
          "value": 71.932606519999638
        }
      },
      {
        "reactor_utilization": {
          "shard": "9",
          "value": 92.508107420000158
        }
      },
      {
        "reactor_utilization": {
          "shard": "10",
          "value": 78.672866120000464
        }
      },
      {
        "reactor_utilization": {
          "shard": "11",
          "value": 61.618392619999895
        }
      },
      {
        "reactor_utilization": {
          "shard": "12",
          "value": 69.393717719999856
        }
      },
      {
        "reactor_utilization": {
          "shard": "13",
          "value": 86.417676740000061
        }
      },
      {
        "reactor_utilization": {
          "shard": "14",
          "value": 64.420324099999959
        }
      },
      {
        "reactor_utilization": {
          "shard": "15",
          "value": 65.403908640000296
        }
      }
    ]
  },
  {
    "metrics": [
      {
        "reactor_utilization": {
          "shard": "0",
          "value": 75.33166808000027
        }
      },
      {
        "reactor_utilization": {
          "shard": "1",
          "value": 79.753408300000046
        }
      },
      {
        "reactor_utilization": {
          "shard": "2",
          "value": 74.123287759999869
        }
      },
      {
        "reactor_utilization": {
          "shard": "3",
          "value": 69.221847659999796
        }
      },
      {
        "reactor_utilization": {
          "shard": "4",
          "value": 61.581605319999944
        }
      },
      {
        "reactor_utilization": {
          "shard": "5",
          "value": 74.845174560000018
        }
      },
      {
        "reactor_utilization": {
          "shard": "6",
          "value": 77.492921159999739
        }
      },
      {
        "reactor_utilization": {
          "shard": "7",
          "value": 67.077623579999937
        }
      },
      {
        "reactor_utilization": {
          "shard": "8",
          "value": 60.127788799999628
        }
      },
      {
        "reactor_utilization": {
          "shard": "9",
          "value": 58.410681520000161
        }
      },
      {
        "reactor_utilization": {
          "shard": "10",
          "value": 61.893037780000462
        }
      },
      {
        "reactor_utilization": {
          "shard": "11",
          "value": 78.042550759999898
        }
      },
      {
        "reactor_utilization": {
          "shard": "12",
          "value": 73.674094159999854
        }
      },
      {
        "reactor_utilization": {
          "shard": "13",
          "value": 74.528698260000056
        }
      },
      {
        "reactor_utilization": {
          "shard": "14",
          "value": 58.553536599999958
        }
      },
      {
        "reactor_utilization": {
          "shard": "15",
          "value": 64.986421920000296
        }
      }
    ]
  },
  {
    "metrics": [
      {
        "reactor_utilization": {
          "shard": "0",
          "value": 59.43385512000026
        }
      },
      {
        "reactor_utilization": {
          "shard": "1",
          "value": 77.848291560000035
        }
      },
      {
        "reactor_utilization": {
          "shard": "2",
          "value": 87.009052399999874
        }
      },
      {
        "reactor_utilization": {
          "shard": "3",
          "value": 79.064925879999791
        }
      },
      {
        "reactor_utilization": {
          "shard": "4",
          "value": 63.342520979999946
        }
      },
      {
        "reactor_utilization": {
          "shard": "5",
          "value": 55.867268540000026
        }
      },
      {
        "reactor_utilization": {
          "shard": "6",
          "value": 81.783328199999744
        }
      },
      {
        "reactor_utilization": {
          "shard": "7",
          "value": 74.903280379999941
        }
      },
      {
        "reactor_utilization": {
          "shard": "8",
          "value": 65.296281199999626
        }
      },
      {
        "reactor_utilization": {
          "shard": "9",
          "value": 73.070076980000152
        }
      },
      {
        "reactor_utilization": {
          "shard": "10",
          "value": 79.898805120000461
        }
      },
      {
        "reactor_utilization": {
          "shard": "11",
          "value": 75.791714079999892
        }
      },
      {
        "reactor_utilization": {
          "shard": "12",
          "value": 66.947384619999852
        }
      },
      {
        "reactor_utilization": {
          "shard": "13",
          "value": 74.131871740000065
        }
      },
      {
        "reactor_utilization": {
          "shard": "14",
          "value": 61.475565119999956
        }
      },
      {
        "reactor_utilization": {
          "shard": "15",
          "value": 75.220879380000298
        }
      }
    ]
  },
  {
    "metrics": [
      {
        "reactor_utilization": {
          "shard": "0",
          "value": 69.32020594000025
        }
      },
      {
        "reactor_utilization": {
          "shard": "1",
          "value": 71.104481440000029
        }
      },
      {
        "reactor_utilization": {
          "shard": "2",
          "value": 68.072853279999862
        }
      },
      {
        "reactor_utilization": {
          "shard": "3",
          "value": 67.465949859999796
        }
      },
      {
        "reactor_utilization": {
          "shard": "4",
          "value": 56.542833319999943
        }
      },
      {
        "reactor_utilization": {
          "shard": "5",
          "value": 50.276510780000038
        }
      },
      {
        "reactor_utilization": {
          "shard": "6",
          "value": 67.205561519999719
        }
      },
      {
        "reactor_utilization": {
          "shard": "7",
          "value": 55.275584439999925
        }
      },
      {
        "reactor_utilization": {
          "shard": "8",
          "value": 63.604918279999637
        }
      },
      {
        "reactor_utilization": {
          "shard": "9",
          "value": 75.832027180000154
        }
      },
      {
        "reactor_utilization": {
          "shard": "10",
          "value": 82.513372440000467
        }
      },
      {
        "reactor_utilization": {
          "shard": "11",
          "value": 77.028940899999895
        }
      },
      {
        "reactor_utilization": {
          "shard": "12",
          "value": 67.79926031999986
        }
      },
      {
        "reactor_utilization": {
          "shard": "13",
          "value": 72.659919980000055
        }
      },
      {
        "reactor_utilization": {
          "shard": "14",
          "value": 60.66471223999995
        }
      },
      {
        "reactor_utilization": {
          "shard": "15",
          "value": 76.609196360000297
        }
      }
    ]
  },
  {
    "metrics": [
      {
        "reactor_utilization": {
          "shard": "0",
          "value": 71.570289040000247
        }
      },
      {
        "reactor_utilization": {
          "shard": "1",
          "value": 75.598964640000034
        }
      },
      {
        "reactor_utilization": {
          "shard": "2",
          "value": 70.651026539999862
        }
      },
      {
        "reactor_utilization": {
          "shard": "3",
          "value": 60.6290828799998
        }
      },
      {
        "reactor_utilization": {
          "shard": "4",
          "value": 65.687186679999925
        }
      },
      {
        "reactor_utilization": {
          "shard": "5",
          "value": 68.074496100000033
        }
      },
      {
        "reactor_utilization": {
          "shard": "6",
          "value": 78.020699979999733
        }
      },
      {
        "reactor_utilization": {
          "shard": "7",
          "value": 69.533982999999935
        }
      },
      {
        "reactor_utilization": {
          "shard": "8",
          "value": 65.461545939999638
        }
      },
      {
        "reactor_utilization": {
          "shard": "9",
          "value": 74.918831180000154
        }
      },
      {
        "reactor_utilization": {
          "shard": "10",
          "value": 66.223384360000466
        }
      },
      {
        "reactor_utilization": {
          "shard": "11",
          "value": 65.53845299999989
        }
      },
      {
        "reactor_utilization": {
          "shard": "12",
          "value": 63.224390019999845
        }
      },
      {
        "reactor_utilization": {
          "shard": "13",
          "value": 81.237813280000054
        }
      },
      {
        "reactor_utilization": {
          "shard": "14",
          "value": 58.565116819999965
        }
      },
      {
        "reactor_utilization": {
          "shard": "15",
          "value": 66.217251700000304
        }
      }
    ]
  },
  {
    "metrics": [
      {
        "reactor_utilization": {
          "shard": "0",
          "value": 70.904890880000252
        }
      },
      {
        "reactor_utilization": {
          "shard": "1",
          "value": 79.351682320000023
        }
      },
      {
        "reactor_utilization": {
          "shard": "2",
          "value": 68.402135599999852
        }
      },
      {
        "reactor_utilization": {
          "shard": "3",
          "value": 63.357899019999799
        }
      },
      {
        "reactor_utilization": {
          "shard": "4",
          "value": 67.645491779999929
        }
      },
      {
        "reactor_utilization": {
          "shard": "5",
          "value": 55.812704900000028
        }
      },
      {
        "reactor_utilization": {
          "shard": "6",
          "value": 49.887030379999729
        }
      },
      {
        "reactor_utilization": {
          "shard": "7",
          "value": 58.774316239999933
        }
      },
      {
        "reactor_utilization": {
          "shard": "8",
          "value": 63.051517179999635
        }
      },
      {
        "reactor_utilization": {
          "shard": "9",
          "value": 73.556906520000155
        }
      },
      {
        "reactor_utilization": {
          "shard": "10",
          "value": 73.432061300000456
        }
      },
      {
        "reactor_utilization": {
          "shard": "11",
          "value": 67.943375579999881
        }
      },
      {
        "reactor_utilization": {
          "shard": "12",
          "value": 69.069881719999842
        }
      },
      {
        "reactor_utilization": {
          "shard": "13",
          "value": 65.971660480000054
        }
      },
      {
        "reactor_utilization": {
          "shard": "14",
          "value": 60.337695539999949
        }
      },
      {
        "reactor_utilization": {
          "shard": "15",
          "value": 69.960968700000308
        }
      }
    ]
  }
]
