[
  {
    "metrics": [
      {
        "reactor_utilization": {
          "shard": "0",
          "value": 87.534280900000212
        }
      },
      {
        "reactor_utilization": {
          "shard": "1",
          "value": 91.482242519999986
        }
      },
      {
        "reactor_utilization": {
          "shard": "2",
          "value": 88.085696459999753
        }
      },
      {
        "reactor_utilization": {
          "shard": "3",
          "value": 90.404115139999448
        }
      },
      {
        "reactor_utilization": {
          "shard": "4",
          "value": 80.315716899999828
        }
      },
      {
        "reactor_utilization": {
          "shard": "5",
          "value": 79.014872220000058
        }
      },
      {
        "reactor_utilization": {
          "shard": "6",
          "value": 81.379651579999774
        }
      },
      {
        "reactor_utilization": {
          "shard": "7",
          "value": 80.85181533999986
        }
      },
      {
        "reactor_utilization": {
          "shard": "8",
          "value": 82.544323399999627
        }
      },
      {
        "reactor_utilization": {
          "shard": "9",
          "value": 99.100437000000213
        }
      },
      {
        "reactor_utilization": {
          "shard": "10",
          "value": 92.77940014000059
        }
      },
      {
        "reactor_utilization": {
          "shard": "11",
          "value": 86.643649279999849
        }
      },
      {
        "reactor_utilization": {
          "shard": "12",
          "value": 82.662858139999855
        }
      },
      {
        "reactor_utilization": {
          "shard": "13",
          "value": 96.297471180000159
        }
      },
      {
        "reactor_utilization": {
          "shard": "14",
          "value": 87.588324259999922
        }
      },
      {
        "reactor_utilization": {
          "shard": "15",
          "value": 86.322961800000414
        }
      }
    ]
  },
  {
    "metrics": [
      {
        "reactor_utilization": {
          "shard": "0",
          "value": 73.878434380000215
        }
      },
      {
        "reactor_utilization": {
          "shard": "1",
          "value": 87.237865839999969
        }
      },
      {
        "reactor_utilization": {
          "shard": "2",
          "value": 81.890489299999757
        }
      },
      {
        "reactor_utilization": {
          "shard": "3",
          "value": 84.219268259999453
        }
      },
      {
        "reactor_utilization": {
          "shard": "4",
          "value": 75.545073899999835
        }
      },
      {
        "reactor_utilization": {
          "shard": "5",
          "value": 82.21622194000004
        }
      },
      {
        "reactor_utilization": {
          "shard": "6",
          "value": 90.357268519999764
        }
      },
      {
        "reactor_utilization": {
          "shard": "7",
          "value": 87.664760579999864
        }
      },
      {
        "reactor_utilization": {
          "shard": "8",
          "value": 87.810201839999621
        }
      },
      {
        "reactor_utilization": {
          "shard": "9",
          "value": 89.290825180000226
        }
      },
      {
        "reactor_utilization": {
          "shard": "10",
          "value": 70.751526320000593
        }
      },
      {
        "reactor_utilization": {
          "shard": "11",
          "value": 95.706920599999847
        }
      },
      {
        "reactor_utilization": {
          "shard": "12",
          "value": 84.408137419999861
        }
      },
      {
        "reactor_utilization": {
          "shard": "13",
          "value": 98.171977540000157
        }
      },
      {
        "reactor_utilization": {
          "shard": "14",
          "value": 72.460809619999921
        }
      },
      {
        "reactor_utilization": {
          "shard": "15",
          "value": 82.287759860000421
        }
      }
    ]
  },
  {
    "metrics": [
      {
        "reactor_utilization": {
          "shard": "0",
          "value": 67.892450220000214
        }
      },
      {
        "reactor_utilization": {
          "shard": "1",
          "value": 86.404404919999962
        }
      },
      {
        "reactor_utilization": {
          "shard": "2",
          "value": 84.35480353999975
        }
      },
      {
        "reactor_utilization": {
          "shard": "3",
          "value": 76.408549019999455
        }
      },
      {
        "reactor_utilization": {
          "shard": "4",
          "value": 87.69123573999984
        }
      },
      {
        "reactor_utilization": {
          "shard": "5",
          "value": 85.708666100000059
        }
      },
      {
        "reactor_utilization": {
          "shard": "6",
          "value": 76.531078999999764
        }
      },
      {
        "reactor_utilization": {
          "shard": "7",
          "value": 83.325959779999863
        }
      },
      {
        "reactor_utilization": {
          "shard": "8",
          "value": 73.200855099999629
        }
      },
      {
        "reactor_utilization": {
          "shard": "9",
          "value": 81.379432060000227
        }
      },
      {
        "reactor_utilization": {
          "shard": "10",
          "value": 81.493786020000584
        }
      },
      {
        "reactor_utilization": {
          "shard": "11",
          "value": 86.494560699999852
        }
      },
      {
        "reactor_utilization": {
          "shard": "12",
          "value": 79.932829079999863
        }
      },
      {
        "reactor_utilization": {
          "shard": "13",
          "value": 75.564004040000157
        }
      },
      {
        "reactor_utilization": {
          "shard": "14",
          "value": 76.651612379999918
        }
      },
      {
        "reactor_utilization": {
          "shard": "15",
          "value": 90.324833540000412
        }
      }
    ]
  },
  {
    "metrics": [
      {
        "reactor_utilization": {
          "shard": "0",
          "value": 78.706563860000216
        }
      },
      {
        "reactor_utilization": {
          "shard": "1",
          "value": 91.908990299999971
        }
      },
      {
        "reactor_utilization": {
          "shard": "2",
          "value": 71.423921059999756
        }
      },
      {
        "reactor_utilization": {
          "shard": "3",
          "value": 82.549871919999447
        }
      },
      {
        "reactor_utilization": {
          "shard": "4",
          "value": 78.343504099999834
        }
      },
      {
        "reactor_utilization": {
          "shard": "5",
          "value": 85.871658200000041
        }
      },
      {
        "reactor_utilization": {
          "shard": "6",
          "value": 81.410938839999773
        }
      },
      {
        "reactor_utilization": {
          "shard": "7",
          "value": 69.501542359999874
        }
      },
      {
        "reactor_utilization": {
          "shard": "8",
          "value": 76.694110779999633
        }
      },
      {
        "reactor_utilization": {
          "shard": "9",
          "value": 93.555828320000217
        }
      },
      {
        "reactor_utilization": {
          "shard": "10",
          "value": 73.634992460000575
        }
      },
      {
        "reactor_utilization": {
          "shard": "11",
          "value": 82.280339459999851
        }
      },
      {
        "reactor_utilization": {
          "shard": "12",
          "value": 67.355406999999872
        }
      },
      {
        "reactor_utilization": {
          "shard": "13",
          "value": 70.484703440000146
        }
      },
      {
        "reactor_utilization": {
          "shard": "14",
          "value": 75.394615539999918
        }
      },
      {
        "reactor_utilization": {
          "shard": "15",
          "value": 88.441508800000406
        }
      }
    ]
  },
  {
    "metrics": [
      {
        "reactor_utilization": {
          "shard": "0",
          "value": 82.364887560000199
        }
      },
      {
        "reactor_utilization": {
          "shard": "1",
          "value": 86.250591399999976
        }
      },
      {
        "reactor_utilization": {
          "shard": "2",
          "value": 62.223194659999749
        }
      },
      {
        "reactor_utilization": {
          "shard": "3",
          "value": 68.187707319999461
        }
      },
      {
        "reactor_utilization": {
          "shard": "4",
          "value": 76.016674779999832
        }
      },
      {
        "reactor_utilization": {
          "shard": "5",
          "value": 87.124044720000043
        }
      },
      {
        "reactor_utilization": {
          "shard": "6",
          "value": 87.481094559999775
        }
      },
      {
        "reactor_utilization": {
          "shard": "7",
          "value": 92.784573299999877
        }
      },
      {
        "reactor_utilization": {
          "shard": "8",
          "value": 82.714455439999639
        }
      },
      {
        "reactor_utilization": {
          "shard": "9",
          "value": 95.876846500000241
        }
      },
      {
        "reactor_utilization": {
          "shard": "10",
          "value": 75.225969440000583
        }
      },
      {
        "reactor_utilization": {
          "shard": "11",
          "value": 75.358305339999859
        }
      },
      {
        "reactor_utilization": {
          "shard": "12",
          "value": 98.106486019999863
        }
      },
      {
        "reactor_utilization": {
          "shard": "13",
          "value": 78.75857032000016
        }
      },
      {
        "reactor_utilization": {
          "shard": "14",
          "value": 62.371589579999934
        }
      },
      {
        "reactor_utilization": {
          "shard": "15",
          "value": 85.194788980000425
        }
      }
    ]
  },
  {
    "metrics": [
      {
        "reactor_utilization": {
          "shard": "0",
          "value": 75.652903120000204
        }
      },
      {
        "reactor_utilization": {
          "shard": "1",
          "value": 82.948614739999968
        }
      },
      {
        "reactor_utilization": {
          "shard": "2",
          "value": 75.75506955999974
        }
      },
      {
        "reactor_utilization": {
          "shard": "3",
          "value": 83.814379599999455
        }
      },
      {
        "reactor_utilization": {
          "shard": "4",
          "value": 86.151156439999838
        }
      },
      {
        "reactor_utilization": {
          "shard": "5",
          "value": 76.567412900000036
        }
      },
      {
        "reactor_utilization": {
          "shard": "6",
          "value": 88.466179259999763
        }
      },
      {
        "reactor_utilization": {
          "shard": "7",
          "value": 88.91832067999988
        }
      },
      {
        "reactor_utilization": {
          "shard": "8",
          "value": 84.467353859999633
        }
      },
      {
        "reactor_utilization": {
          "shard": "9",
          "value": 83.468803980000231
        }
      },
      {
        "reactor_utilization": {
          "shard": "10",
          "value": 70.599041060000573
        }
      },
      {
        "reactor_utilization": {
          "shard": "11",
          "value": 73.31979581999984
        }
      },
      {
        "reactor_utilization": {
          "shard": "12",
          "value": 89.608191979999859
        }
      },
      {
        "reactor_utilization": {
          "shard": "13",
          "value": 76.718648460000168
        }
      },
      {
        "reactor_utilization": {
          "shard": "14",
          "value": 77.604486799999918
        }
      },
      {
        "reactor_utilization": {
          "shard": "15",
          "value": 90.722276760000426
        }
      }
    ]
  },
  {
    "metrics": [
      {
        "reactor_utilization": {
          "shard": "0",
          "value": 82.905475520000209
        }
      },
      {
        "reactor_utilization": {
          "shard": "1",
          "value": 82.776535599999974
        }
      },
      {
        "reactor_utilization": {
          "shard": "2",
          "value": 73.502925119999745
        }
      },
      {
        "reactor_utilization": {
          "shard": "3",
          "value": 86.998299919999454
        }
      },
      {
        "reactor_utilization": {
          "shard": "4",
          "value": 74.448151539999841
        }
      },
      {
        "reactor_utilization": {
          "shard": "5",
          "value": 80.270748820000051
        }
      },
      {
        "reactor_utilization": {
          "shard": "6",
          "value": 76.783214559999763
        }
      },
      {
        "reactor_utilization": {
          "shard": "7",
          "value": 83.190694579999871
        }
      },
      {
        "reactor_utilization": {
          "shard": "8",
          "value": 83.963222759999638
        }
      },
      {
        "reactor_utilization": {
          "shard": "9",
          "value": 79.591232640000229
        }
      },
      {
        "reactor_utilization": {
          "shard": "10",
          "value": 69.392120860000574
        }
      },
      {
        "reactor_utilization": {
          "shard": "11",
          "value": 77.042338439999838
        }
      },
      {
        "reactor_utilization": {
          "shard": "12",
          "value": 96.645723379999865
        }
      },
      {
        "reactor_utilization": {
          "shard": "13",
          "value": 85.182985000000144
        }
      },
      {
        "reactor_utilization": {
          "shard": "14",
          "value": 86.317644059999921
        }
      },
      {
        "reactor_utilization": {
          "shard": "15",
          "value": 76.702480280000415
        }
      }
    ]
  },
  {
    "metrics": [
      {
        "reactor_utilization": {
          "shard": "0",
          "value": 88.514961660000196
        }
      },
      {
        "reactor_utilization": {
          "shard": "1",
          "value": 88.195042499999971
        }
      },
      {
        "reactor_utilization": {
          "shard": "2",
          "value": 72.724883719999738
        }
      },
      {
        "reactor_utilization": {
          "shard": "3",
          "value": 82.804720259999456
        }
      },
      {
        "reactor_utilization": {
          "shard": "4",
          "value": 69.774152219999834
        }
      },
      {
        "reactor_utilization": {
          "shard": "5",
          "value": 81.220975040000042
        }
      },
      {
        "reactor_utilization": {
          "shard": "6",
          "value": 91.793993339999773
        }
      },
      {
        "reactor_utilization": {
          "shard": "7",
          "value": 82.391469459999882
        }
      },
      {
        "reactor_utilization": {
          "shard": "8",
          "value": 86.795153719999647
        }
      },
      {
        "reactor_utilization": {
          "shard": "9",
          "value": 99.088002660000228
        }
      },
      {
        "reactor_utilization": {
          "shard": "10",
          "value": 72.863839560000571
        }
      },
      {
        "reactor_utilization": {
          "shard": "11",
          "value": 73.79355515999984
        }
      },
      {
        "reactor_utilization": {
          "shard": "12",
          "value": 82.682070219999872
        }
      },
      {
        "reactor_utilization": {
          "shard": "13",
          "value": 76.748877380000152
        }
      },
      {
        "reactor_utilization": {
          "shard": "14",
          "value": 84.681599159999919
        }
      },
      {
        "reactor_utilization": {
          "shard": "15",
          "value": 69.622763460000414
        }
      }
    ]
  },
  {
    "metrics": [
      {
        "reactor_utilization": {
          "shard": "0",
          "value": 84.885276500000202
        }
      },
      {
        "reactor_utilization": {
          "shard": "1",
          "value": 60.725087539999969
        }
      },
      {
        "reactor_utilization": {
          "shard": "2",
          "value": 76.240267779999755
        }
      },
      {
        "reactor_utilization": {
          "shard": "3",
          "value": 77.871445779999448
        }
      },
      {
        "reactor_utilization": {
          "shard": "4",
          "value": 67.056262019999849
        }
      },
      {
        "reactor_utilization": {
          "shard": "5",
          "value": 72.085184260000034
        }
      },
      {
        "reactor_utilization": {
          "shard": "6",
          "value": 94.329270679999766
        }
      },
      {
        "reactor_utilization": {
          "shard": "7",
          "value": 93.788146159999869
        }
      },
      {
        "reactor_utilization": {
          "shard": "8",
          "value": 84.847840239999627
        }
      },
      {
        "reactor_utilization": {
          "shard": "9",
          "value": 74.575707080000228
        }
      },
      {
        "reactor_utilization": {
          "shard": "10",
          "value": 95.20196856000058
        }
      },
      {
        "reactor_utilization": {
          "shard": "11",
          "value": 79.723745079999844
        }
      },
      {
        "reactor_utilization": {
          "shard": "12",
          "value": 75.931785959999871
        }
      },
      {
        "reactor_utilization": {
          "shard": "13",
          "value": 79.755289660000145
        }
      },
      {
        "reactor_utilization": {
          "shard": "14",
          "value": 66.455523599999921
        }
      },
      {
        "reactor_utilization": {
          "shard": "15",
          "value": 66.38457414000041
        }
      }
    ]
  },
  {
    "metrics": [
      {
        "reactor_utilization": {
          "shard": "0",
          "value": 80.349419580000202
        }
      },
      {
        "reactor_utilization": {
          "shard": "1",
          "value": 87.329246659999967
        }
      },
      {
        "reactor_utilization": {
          "shard": "2",
          "value": 52.857975799999736
        }
      },
      {
        "reactor_utilization": {
          "shard": "3",
          "value": 79.675954019999452
        }
      },
      {
        "reactor_utilization": {
          "shard": "4",
          "value": 94.940210179999852
        }
      },
      {
        "reactor_utilization": {
          "shard": "5",
          "value": 74.44356248000004
        }
      },
      {
        "reactor_utilization": {
          "shard": "6",
          "value": 88.751957419999769
        }
      },
      {
        "reactor_utilization": {
          "shard": "7",
          "value": 89.839323719999868
        }
      },
      {
        "reactor_utilization": {
          "shard": "8",
          "value": 66.946534259999638
        }
      },
      {
        "reactor_utilization": {
          "shard": "9",
          "value": 93.704549920000233
        }
      },
      {
        "reactor_utilization": {
          "shard": "10",
          "value": 62.067084040000573
        }
      },
      {
        "reactor_utilization": {
          "shard": "11",
          "value": 79.054085419999836
        }
      },
      {
        "reactor_utilization": {
          "shard": "12",
          "value": 86.048925759999861
        }
      },
      {
        "reactor_utilization": {
          "shard": "13",
          "value": 83.603414540000159
        }
      },
      {
        "reactor_utilization": {
          "shard": "14",
          "value": 46.177400479999918
        }
      },
      {
        "reactor_utilization": {
          "shard": "15",
          "value": 60.514307020000402
        }
      }
    ]
  },
  {
    "metrics": [
      {
        "reactor_utilization": {
          "shard": "0",
          "value": 90.208245180000191
        }
      },
      {
        "reactor_utilization": {
          "shard": "1",
          "value": 94.926590179999977
        }
      },
      {
        "reactor_utilization": {
          "shard": "2",
          "value": 67.100583019999732
        }
      },
      {
        "reactor_utilization": {
          "shard": "3",
          "value": 73.081570499999458
        }
      },
      {
        "reactor_utilization": {
          "shard": "4",
          "value": 71.732823139999851
        }
      },
      {
        "reactor_utilization": {
          "shard": "5",
          "value": 77.685714340000047
        }
      },
      {
        "reactor_utilization": {
          "shard": "6",
          "value": 85.25895439999978
        }
      },
      {
        "reactor_utilization": {
          "shard": "7",
          "value": 88.79020067999987
        }
      },
      {
        "reactor_utilization": {
          "shard": "8",
          "value": 65.389364199999633
        }
      },
      {
        "reactor_utilization": {
          "shard": "9",
          "value": 88.816715080000236
        }
      },
      {
        "reactor_utilization": {
          "shard": "10",
          "value": 57.324223360000573
        }
      },
      {
        "reactor_utilization": {
          "shard": "11",
          "value": 78.210219039999842
        }
      },
      {
        "reactor_utilization": {
          "shard": "12",
          "value": 81.724755159999859
        }
      },
      {
        "reactor_utilization": {
          "shard": "13",
          "value": 73.96016952000015
        }
      },
      {
        "reactor_utilization": {
          "shard": "14",
          "value": 74.285012199999926
        }
      },
      {
        "reactor_utilization": {
          "shard": "15",
          "value": 74.720260540000396
        }
      }
    ]
  },
  {
    "metrics": [
      {
        "reactor_utilization": {
          "shard": "0",
          "value": 81.037875620000193
        }
      },
      {
        "reactor_utilization": {
          "shard": "1",
          "value": 78.966713779999978
        }
      },
      {
        "reactor_utilization": {
          "shard": "2",
          "value": 77.74304957999972
        }
      },
      {
        "reactor_utilization": {
          "shard": "3",
          "value": 82.772248879999452
        }
      },
      {
        "reactor_utilization": {
          "shard": "4",
          "value": 73.741919479999837
        }
      },
      {
        "reactor_utilization": {
          "shard": "5",
          "value": 85.040745380000047
        }
      },
      {
        "reactor_utilization": {
          "shard": "6",
          "value": 94.000600199999766
        }
      },
      {
        "reactor_utilization": {
          "shard": "7",
          "value": 68.84356087999987
        }
      },
      {
        "reactor_utilization": {
          "shard": "8",
          "value": 57.700397479999623
        }
      },
      {
        "reactor_utilization": {
          "shard": "9",
          "value": 64.41129864000024
        }
      },
      {
        "reactor_utilization": {
          "shard": "10",
          "value": 72.249944880000569
        }
      },
      {
        "reactor_utilization": {
          "shard": "11",
          "value": 76.512762439999833
        }
      },
      {
        "reactor_utilization": {
          "shard": "12",
          "value": 80.930568359999867
        }
      },
      {
        "reactor_utilization": {
          "shard": "13",
          "value": 93.632176680000143
        }
      },
      {
        "reactor_utilization": {
          "shard": "14",
          "value": 70.136503879999921
        }
      },
      {
        "reactor_utilization": {
          "shard": "15",
          "value": 84.717622140000387
        }
      }
    ]
  },
  {
    "metrics": [
      {
        "reactor_utilization": {
          "shard": "0",
          "value": 85.139462480000191
        }
      },
      {
        "reactor_utilization": {
          "shard": "1",
          "value": 83.782878579999974
        }
      },
      {
        "reactor_utilization": {
          "shard": "2",
          "value": 64.193805259999735
        }
      },
      {
        "reactor_utilization": {
          "shard": "3",
          "value": 84.142001159999452
        }
      },
      {
        "reactor_utilization": {
          "shard": "4",
          "value": 71.637214699999845
        }
      },
      {
        "reactor_utilization": {
          "shard": "5",
          "value": 63.722178880000044
        }
      },
      {
        "reactor_utilization": {
          "shard": "6",
          "value": 70.815956839999771
        }
      },
      {
        "reactor_utilization": {
          "shard": "7",
          "value": 75.873300059999877
        }
      },
      {
        "reactor_utilization": {
          "shard": "8",
          "value": 69.774625459999626
        }
      },
      {
        "reactor_utilization": {
          "shard": "9",
          "value": 84.848843080000236
        }
      },
      {
        "reactor_utilization": {
          "shard": "10",
          "value": 76.200800580000589
        }
      },
      {
        "reactor_utilization": {
          "shard": "11",
          "value": 65.626274099999833
        }
      },
      {
        "reactor_utilization": {
          "shard": "12",
          "value": 94.414207219999867
        }
      },
      {
        "reactor_utilization": {
          "shard": "13",
          "value": 82.729402080000142
        }
      },
      {
        "reactor_utilization": {
          "shard": "14",
          "value": 86.805635319999922
        }
      },
      {
        "reactor_utilization": {
          "shard": "15",
          "value": 77.205470320000401
        }
      }
    ]
  },
  {
    "metrics": [
      {
        "reactor_utilization": {
          "shard": "0",
          "value": 87.947522940000184
        }
      },
      {
        "reactor_utilization": {
          "shard": "1",
          "value": 89.093003719999984
        }
      },
      {
        "reactor_utilization": {
          "shard": "2",
          "value": 74.545471219999726
        }
      },
      {
        "reactor_utilization": {
          "shard": "3",
          "value": 78.810736079999458
        }
      },
      {
        "reactor_utilization": {
          "shard": "4",
          "value": 68.23133429999983
        }
      },
      {
        "reactor_utilization": {
          "shard": "5",
          "value": 83.551943620000046
        }
      },
      {
        "reactor_utilization": {
          "shard": "6",
          "value": 82.593010999999777
        }
      },
      {
        "reactor_utilization": {
          "shard": "7",
          "value": 80.862310479999877
        }
      },
      {
        "reactor_utilization": {
          "shard": "8",
          "value": 78.807668399999642
        }
      },
      {
        "reactor_utilization": {
          "shard": "9",
          "value": 92.675400720000241
        }
      },
      {
        "reactor_utilization": {
          "shard": "10",
          "value": 67.489273880000582
        }
      },
      {
        "reactor_utilization": {
          "shard": "11",
          "value": 78.549266799999856
        }
      },
      {
        "reactor_utilization": {
          "shard": "12",
          "value": 72.671501399999855
        }
      },
      {
        "reactor_utilization": {
          "shard": "13",
          "value": 81.42109402000014
        }
      },
      {
        "reactor_utilization": {
          "shard": "14",
          "value": 86.918992099999912
        }
      },
      {
        "reactor_utilization": {
          "shard": "15",
          "value": 88.373282880000389
        }
      }
    ]
  },
  {
    "metrics": [
      {
        "reactor_utilization": {
          "shard": "0",
          "value": 73.6754263400002
        }
      },
      {
        "reactor_utilization": {
          "shard": "1",
          "value": 78.180111939999989
        }
      },
      {
        "reactor_utilization": {
          "shard": "2",
          "value": 86.76766203999972
        }
      },
      {
        "reactor_utilization": {
          "shard": "3",
          "value": 83.619335239999458
        }
      },
      {
        "reactor_utilization": {
          "shard": "4",
          "value": 80.382397119999851
        }
      },
      {
        "reactor_utilization": {
          "shard": "5",
          "value": 77.761969940000057
        }
      },
      {
        "reactor_utilization": {
          "shard": "6",
          "value": 96.973612779999769
        }
      },
      {
        "reactor_utilization": {
          "shard": "7",
          "value": 81.489580179999876
        }
      },
      {
        "reactor_utilization": {
          "shard": "8",
          "value": 60.904879199999627
        }
      },
      {
        "reactor_utilization": {
          "shard": "9",
          "value": 80.177380000000241
        }
      },
      {
        "reactor_utilization": {
          "shard": "10",
          "value": 65.76260286000057
        }
      },
      {
        "reactor_utilization": {
          "shard": "11",
          "value": 76.547785539999836
        }
      },
      {
        "reactor_utilization": {
          "shard": "12",
          "value": 87.779157959999864
        }
      },
      {
        "reactor_utilization": {
          "shard": "13",
          "value": 74.080519120000147
        }
      },
      {
        "reactor_utilization": {
          "shard": "14",
          "value": 75.757310859999933
        }
      },
      {
        "reactor_utilization": {
          "shard": "15",
          "value": 85.538482500000399
        }
      }
    ]
  },
  {
    "metrics": [
      {
        "reactor_utilization": {
          "shard": "0",
          "value": 76.125761900000185
        }
      },
      {
        "reactor_utilization": {
          "shard": "1",
          "value": 98.384555379999981
        }
      },
      {
        "reactor_utilization": {
          "shard": "2",
          "value": 67.930301659999742
        }
      },
      {
        "reactor_utilization": {
          "shard": "3",
          "value": 85.591680139999454
        }
      },
      {
        "reactor_utilization": {
          "shard": "4",
          "value": 74.579626359999835
        }
      },
      {
        "reactor_utilization": {
          "shard": "5",
          "value": 81.378968900000046
        }
      },
      {
        "reactor_utilization": {
          "shard": "6",
          "value": 74.245207479999777
        }
      },
      {
        "reactor_utilization": {
          "shard": "7",
          "value": 80.686262419999878
        }
      },
      {
        "reactor_utilization": {
          "shard": "8",
          "value": 69.644899899999629
        }
      },
      {
        "reactor_utilization": {
          "shard": "9",
          "value": 87.613993560000253
        }
      },
      {
        "reactor_utilization": {
          "shard": "10",
          "value": 75.108317320000566
        }
      },
      {
        "reactor_utilization": {
          "shard": "11",
          "value": 83.441206499999836
        }
      },
      {
        "reactor_utilization": {
          "shard": "12",
          "value": 74.791040919999858
        }
      },
      {
        "reactor_utilization": {
          "shard": "13",
          "value": 72.498035620000138
        }
      },
      {
        "reactor_utilization": {
          "shard": "14",
          "value": 76.73350255999992
        }
      },
      {
        "reactor_utilization": {
          "shard": "15",
          "value": 83.514915620000394
        }
      }
    ]
  },
  {
    "metrics": [
      {
        "reactor_utilization": {
          "shard": "0",
          "value": 76.652908480000193
        }
      },
      {
        "reactor_utilization": {
          "shard": "1",
          "value": 85.890708139999987
        }
      },
      {
        "reactor_utilization": {
          "shard": "2",
          "value": 62.577020219999739
        }
      },
      {
        "reactor_utilization": {
          "shard": "3",
          "value": 73.070275819999466
        }
      },
      {
        "reactor_utilization": {
          "shard": "4",
          "value": 75.815158559999844
        }
      },
      {
        "reactor_utilization": {
          "shard": "5",
          "value": 73.731601980000036
        }
      },
      {
        "reactor_utilization": {
          "shard": "6",
          "value": 91.211588719999781
        }
      },
      {
        "reactor_utilization": {
          "shard": "7",
          "value": 83.280536239999876
        }
      },
      {
        "reactor_utilization": {
          "shard": "8",
          "value": 75.286183159999638
        }
      },
      {
        "reactor_utilization": {
          "shard": "9",
          "value": 94.635640940000243
        }
      },
      {
        "reactor_utilization": {
          "shard": "10",
          "value": 62.63799128000057
        }
      },
      {
        "reactor_utilization": {
          "shard": "11",
          "value": 64.737125939999856
        }
      },
      {
        "reactor_utilization": {
          "shard": "12",
          "value": 83.666434439999861
        }
      },
      {
        "reactor_utilization": {
          "shard": "13",
          "value": 70.59828338000014
        }
      },
      {
        "reactor_utilization": {
          "shard": "14",
          "value": 62.219967599999926
        }
      },
      {
        "reactor_utilization": {
          "shard": "15",
          "value": 88.682006500000398
        }
      }
    ]
  },
  {
    "metrics": [
      {
        "reactor_utilization": {
          "shard": "0",
          "value": 74.755585420000187
        }
      },
      {
        "reactor_utilization": {
          "shard": "1",
          "value": 68.137810759999979
        }
      },
      {
        "reactor_utilization": {
          "shard": "2",
          "value": 66.180704779999743
        }
      },
      {
        "reactor_utilization": {
          "shard": "3",
          "value": 68.531690939999464
        }
      },
      {
        "reactor_utilization": {
          "shard": "4",
          "value": 81.845127999999846
        }
      },
      {
        "reactor_utilization": {
          "shard": "5",
          "value": 78.751058800000038
        }
      },
      {
        "reactor_utilization": {
          "shard": "6",
          "value": 80.947448079999788
        }
      },
      {
        "reactor_utilization": {
          "shard": "7",
          "value": 84.154582979999887
        }
      },
      {
        "reactor_utilization": {
          "shard": "8",
          "value": 76.271619939999653
        }
      },
      {
        "reactor_utilization": {
          "shard": "9",
          "value": 79.403770960000244
        }
      },
      {
        "reactor_utilization": {
          "shard": "10",
          "value": 59.331932400000568
        }
      },
      {
        "reactor_utilization": {
          "shard": "11",
          "value": 77.939068599999857
        }
      },
      {
        "reactor_utilization": {
          "shard": "12",
          "value": 85.091020339999858
        }
      },
      {
        "reactor_utilization": {
          "shard": "13",
          "value": 73.174910640000149
        }
      },
      {
        "reactor_utilization": {
          "shard": "14",
          "value": 81.12747603999992
        }
      },
      {
        "reactor_utilization": {
          "shard": "15",
          "value": 82.196764700000401
        }
      }
    ]
  },
  {
    "metrics": [
      {
        "reactor_utilization": {
          "shard": "0",
          "value": 70.789037140000175
        }
      },
      {
        "reactor_utilization": {
          "shard": "1",
          "value": 78.086385159999992
        }
      },
      {
        "reactor_utilization": {
          "shard": "2",
          "value": 83.876244339999744
        }
      },
      {
        "reactor_utilization": {
          "shard": "3",
          "value": 86.248917339999466
        }
      },
      {
        "reactor_utilization": {
          "shard": "4",
          "value": 71.515132159999851
        }
      },
      {
        "reactor_utilization": {
          "shard": "5",
          "value": 70.72310252000004
        }
      },
      {
        "reactor_utilization": {
          "shard": "6",
          "value": 69.216047079999782
        }
      },
      {
        "reactor_utilization": {
          "shard": "7",
          "value": 83.270075499999876
        }
      },
      {
        "reactor_utilization": {
          "shard": "8",
          "value": 72.37499873999964
        }
      },
      {
        "reactor_utilization": {
          "shard": "9",
          "value": 73.97205244000024
        }
      },
      {
        "reactor_utilization": {
          "shard": "10",
          "value": 67.124313720000558
        }
      },
      {
        "reactor_utilization": {
          "shard": "11",
          "value": 69.220784939999859
        }
      },
      {
        "reactor_utilization": {
          "shard": "12",
          "value": 90.275246639999864
        }
      },
      {
        "reactor_utilization": {
          "shard": "13",
          "value": 78.496754040000141
        }
      },
      {
        "reactor_utilization": {
          "shard": "14",
          "value": 78.877566779999924
        }
      },
      {
        "reactor_utilization": {
          "shard": "15",
          "value": 74.131740660000403
        }
      }
    ]
  },
  {
    "metrics": [
      {
        "reactor_utilization": {
          "shard": "0",
          "value": 79.937761420000186
        }
      },
      {
        "reactor_utilization": {
          "shard": "1",
          "value": 75.266585120000002
        }
      },
      {
        "reactor_utilization": {
          "shard": "2",
          "value": 67.290238959999755
        }
      },
      {
        "reactor_utilization": {
          "shard": "3",
          "value": 77.276378839999467
        }
      },
      {
        "reactor_utilization": {
          "shard": "4",
          "value": 60.17930049999984
        }
      },
      {
        "reactor_utilization": {
          "shard": "5",
          "value": 72.146903760000043
        }
      },
      {
        "reactor_utilization": {
          "shard": "6",
          "value": 84.088168399999773
        }
      },
      {
        "reactor_utilization": {
          "shard": "7",
          "value": 87.016878479999889
        }
      },
      {
        "reactor_utilization": {
          "shard": "8",
          "value": 78.112471319999642
        }
      },
      {
        "reactor_utilization": {
          "shard": "9",
          "value": 80.463737980000232
        }
      },
      {
        "reactor_utilization": {
          "shard": "10",
          "value": 79.038770120000578
        }
      },
      {
        "reactor_utilization": {
          "shard": "11",
          "value": 65.838659999999848
        }
      },
      {
        "reactor_utilization": {
          "shard": "12",
          "value": 80.004013079999865
        }
      },
      {
        "reactor_utilization": {
          "shard": "13",
          "value": 74.702147140000136
        }
      },
      {
        "reactor_utilization": {
          "shard": "14",
          "value": 75.596379219999918
        }
      },
      {
        "reactor_utilization": {
          "shard": "15",
          "value": 60.805580260000404
        }
      }
    ]
  },
  {
    "metrics": [
      {
        "reactor_utilization": {
          "shard": "0",
          "value": 91.554173780000184
        }
      },
      {
        "reactor_utilization": {
          "shard": "1",
          "value": 70.205078599999993
        }
      },
      {
        "reactor_utilization": {
          "shard": "2",
          "value": 70.375107299999755
        }
      },
      {
        "reactor_utilization": {
          "shard": "3",
          "value": 79.86060417999947
        }
      },
      {
        "reactor_utilization": {
          "shard": "4",
          "value": 78.979958059999845
        }
      },
      {
        "reactor_utilization": {
          "shard": "5",
          "value": 60.630227620000035
        }
      },
      {
        "reactor_utilization": {
          "shard": "6",
          "value": 89.185520759999775
        }
      },
      {
        "reactor_utilization": {
          "shard": "7",
          "value": 85.209345199999873
        }
      },
      {
        "reactor_utilization": {
          "shard": "8",
          "value": 67.550062699999643
        }
      },
      {
        "reactor_utilization": {
          "shard": "9",
          "value": 71.54476426000025
        }
      },
      {
        "reactor_utilization": {
          "shard": "10",
          "value": 77.99202688000058
        }
      },
      {
        "reactor_utilization": {
          "shard": "11",
          "value": 69.871579439999849
        }
      },
      {
        "reactor_utilization": {
          "shard": "12",
          "value": 70.428348959999852
        }
      },
      {
        "reactor_utilization": {
          "shard": "13",
          "value": 76.440794860000139
        }
      },
      {
        "reactor_utilization": {
          "shard": "14",
          "value": 66.798921859999922
        }
      },
      {
        "reactor_utilization": {
          "shard": "15",
          "value": 68.449604260000413
        }
      }
    ]
  },
  {
    "metrics": [
      {
        "reactor_utilization": {
          "shard": "0",
          "value": 75.620686560000181
        }
      },
      {
        "reactor_utilization": {
          "shard": "1",
          "value": 88.157798139999997
        }
      },
      {
        "reactor_utilization": {
          "shard": "2",
          "value": 63.40907745999975
        }
      },
      {
        "reactor_utilization": {
          "shard": "3",
          "value": 84.261144319999474
        }
      },
      {
        "reactor_utilization": {
          "shard": "4",
          "value": 93.153369559999845
        }
      },
      {
        "reactor_utilization": {
          "shard": "5",
          "value": 77.348461000000029
        }
      },
      {
        "reactor_utilization": {
          "shard": "6",
          "value": 84.223307299999775
        }
      },
      {
        "reactor_utilization": {
          "shard": "7",
          "value": 91.126592219999878
        }
      },
      {
        "reactor_utilization": {
          "shard": "8",
          "value": 61.354919759999639
        }
      },
      {
        "reactor_utilization": {
          "shard": "9",
          "value": 78.423209680000255
        }
      },
      {
        "reactor_utilization": {
          "shard": "10",
          "value": 61.48857058000057
        }
      },
      {
        "reactor_utilization": {
          "shard": "11",
          "value": 74.718614159999845
        }
      },
      {
        "reactor_utilization": {
          "shard": "12",
          "value": 70.67435649999986
        }
      },
      {
        "reactor_utilization": {
          "shard": "13",
          "value": 70.875358160000133
        }
      },
      {
        "reactor_utilization": {
          "shard": "14",
          "value": 58.683581879999927
        }
      },
      {
        "reactor_utilization": {
          "shard": "15",
          "value": 70.282850500000421
        }
      }
    ]
  },
  {
    "metrics": [
      {
        "reactor_utilization": {
          "shard": "0",
          "value": 96.538819380000191
        }
      },
      {
        "reactor_utilization": {
          "shard": "1",
          "value": 89.348762339999993
        }
      },
      {
        "reactor_utilization": {
          "shard": "2",
          "value": 64.298525859999742
        }
      },
      {
        "reactor_utilization": {
          "shard": "3",
          "value": 75.426483139999462
        }
      },
      {
        "reactor_utilization": {
          "shard": "4",
          "value": 60.729364219999852
        }
      },
      {
        "reactor_utilization": {
          "shard": "5",
          "value": 73.597358380000031
        }
      },
      {
        "reactor_utilization": {
          "shard": "6",
          "value": 71.893059419999773
        }
      },
      {
        "reactor_utilization": {
          "shard": "7",
          "value": 68.635711059999878
        }
      },
      {
        "reactor_utilization": {
          "shard": "8",
          "value": 64.53304435999965
        }
      },
      {
        "reactor_utilization": {
          "shard": "9",
          "value": 66.148793940000246
        }
      },
      {
        "reactor_utilization": {
          "shard": "10",
          "value": 77.359237160000561
        }
      },
      {
        "reactor_utilization": {
          "shard": "11",
          "value": 84.319655259999848
        }
      },
      {
        "reactor_utilization": {
          "shard": "12",
          "value": 85.494450919999863
        }
      },
      {
        "reactor_utilization": {
          "shard": "13",
          "value": 80.999039120000134
        }
      },
      {
        "reactor_utilization": {
          "shard": "14",
          "value": 64.780289959999919
        }
      },
      {
        "reactor_utilization": {
          "shard": "15",
          "value": 73.615500660000421
        }
      }
    ]
  },
  {
    "metrics": [
      {
        "reactor_utilization": {
          "shard": "0",
          "value": 75.445213220000198
        }
      },
      {
        "reactor_utilization": {
          "shard": "1",
          "value": 79.402463740000002
        }
      },
      {
        "reactor_utilization": {
          "shard": "2",
          "value": 61.274053299999743
        }
      },
      {
        "reactor_utilization": {
          "shard": "3",
          "value": 77.560017439999456
        }
      },
      {
        "reactor_utilization": {
          "shard": "4",
          "value": 77.982667679999849
        }
      },
      {
        "reactor_utilization": {
          "shard": "5",
          "value": 83.577780160000032
        }
      },
      {
        "reactor_utilization": {
          "shard": "6",
          "value": 78.088835599999769
        }
      },
      {
        "reactor_utilization": {
          "shard": "7",
          "value": 75.064238319999887
        }
      },
      {
        "reactor_utilization": {
          "shard": "8",
          "value": 63.161222839999645
        }
      },
      {
        "reactor_utilization": {
          "shard": "9",
          "value": 78.842336080000237
        }
      },
      {
        "reactor_utilization": {
          "shard": "10",
          "value": 64.169212160000569
        }
      },
      {
        "reactor_utilization": {
          "shard": "11",
          "value": 73.147702539999841
        }
      },
      {
        "reactor_utilization": {
          "shard": "12",
          "value": 78.955482199999864
        }
      },
      {
        "reactor_utilization": {
          "shard": "13",
          "value": 80.038898300000128
        }
      },
      {
        "reactor_utilization": {
          "shard": "14",
          "value": 80.968264279999929
        }
      },
      {
        "reactor_utilization": {
          "shard": "15",
          "value": 80.045368760000429
        }
      }
    ]
  }
]
