[
  {
    "metrics": [
      {
        "reactor_utilization": {
          "shard": "0",
          "value": 66.972130740000154
        }
      },
      {
        "reactor_utilization": {
          "shard": "1",
          "value": 84.371448140000041
        }
      },
      {
        "reactor_utilization": {
          "shard": "2",
          "value": 86.070186219999783
        }
      },
      {
        "reactor_utilization": {
          "shard": "3",
          "value": 71.04406221999956
        }
      },
      {
        "reactor_utilization": {
          "shard": "4",
          "value": 81.672758319999843
        }
      },
      {
        "reactor_utilization": {
          "shard": "5",
          "value": 68.848900759999935
        }
      },
      {
        "reactor_utilization": {
          "shard": "6",
          "value": 76.518591359999718
        }
      },
      {
        "reactor_utilization": {
          "shard": "7",
          "value": 79.785225459999879
        }
      },
      {
        "reactor_utilization": {
          "shard": "8",
          "value": 90.404416679999585
        }
      },
      {
        "reactor_utilization": {
          "shard": "9",
          "value": 99.789940500000213
        }
      },
      {
        "reactor_utilization": {
          "shard": "10",
          "value": 73.497111120000653
        }
      },
      {
        "reactor_utilization": {
          "shard": "11",
          "value": 86.0894894999998
        }
      },
      {
        "reactor_utilization": {
          "shard": "12",
          "value": 80.089881999999818
        }
      },
      {
        "reactor_utilization": {
          "shard": "13",
          "value": 87.177180960000115
        }
      },
      {
        "reactor_utilization": {
          "shard": "14",
          "value": 65.933321439999872
        }
      },
      {
        "reactor_utilization": {
          "shard": "15",
          "value": 78.533905500000344
        }
      }
    ]
  },
  {
    "metrics": [
      {
        "reactor_utilization": {
          "shard": "0",
          "value": 65.307822620000138
        }
      },
      {
        "reactor_utilization": {
          "shard": "1",
          "value": 63.975903420000037
        }
      },
      {
        "reactor_utilization": {
          "shard": "2",
          "value": 68.936112039999784
        }
      },
      {
        "reactor_utilization": {
          "shard": "3",
          "value": 76.242740559999561
        }
      },
      {
        "reactor_utilization": {
          "shard": "4",
          "value": 58.883611359999833
        }
      },
      {
        "reactor_utilization": {
          "shard": "5",
          "value": 61.784435119999934
        }
      },
      {
        "reactor_utilization": {
          "shard": "6",
          "value": 80.645889499999726
        }
      },
      {
        "reactor_utilization": {
          "shard": "7",
          "value": 81.473620139999881
        }
      },
      {
        "reactor_utilization": {
          "shard": "8",
          "value": 63.889454259999589
        }
      },
      {
        "reactor_utilization": {
          "shard": "9",
          "value": 98.998308420000214
        }
      },
      {
        "reactor_utilization": {
          "shard": "10",
          "value": 88.435452060000657
        }
      },
      {
        "reactor_utilization": {
          "shard": "11",
          "value": 73.163004419999794
        }
      },
      {
        "reactor_utilization": {
          "shard": "12",
          "value": 80.897187259999839
        }
      },
      {
        "reactor_utilization": {
          "shard": "13",
          "value": 70.213839100000115
        }
      },
      {
        "reactor_utilization": {
          "shard": "14",
          "value": 60.722367139999875
        }
      },
      {
        "reactor_utilization": {
          "shard": "15",
          "value": 68.242116220000341
        }
      }
    ]
  },
  {
    "metrics": [
      {
        "reactor_utilization": {
          "shard": "0",
          "value": 73.974183160000152
        }
      },
      {
        "reactor_utilization": {
          "shard": "1",
          "value": 58.913643420000028
        }
      },
      {
        "reactor_utilization": {
          "shard": "2",
          "value": 92.041196179999787
        }
      },
      {
        "reactor_utilization": {
          "shard": "3",
          "value": 86.153308079999562
        }
      },
      {
        "reactor_utilization": {
          "shard": "4",
          "value": 58.692865439999821
        }
      },
      {
        "reactor_utilization": {
          "shard": "5",
          "value": 75.236029679999945
        }
      },
      {
        "reactor_utilization": {
          "shard": "6",
          "value": 82.17301285999973
        }
      },
      {
        "reactor_utilization": {
          "shard": "7",
          "value": 80.876131519999888
        }
      },
      {
        "reactor_utilization": {
          "shard": "8",
          "value": 89.152151059999596
        }
      },
      {
        "reactor_utilization": {
          "shard": "9",
          "value": 98.019423300000213
        }
      },
      {
        "reactor_utilization": {
          "shard": "10",
          "value": 72.633742200000668
        }
      },
      {
        "reactor_utilization": {
          "shard": "11",
          "value": 79.27575023999978
        }
      },
      {
        "reactor_utilization": {
          "shard": "12",
          "value": 84.232802319999834
        }
      },
      {
        "reactor_utilization": {
          "shard": "13",
          "value": 64.942020140000125
        }
      },
      {
        "reactor_utilization": {
          "shard": "14",
          "value": 72.67830331999987
        }
      },
      {
        "reactor_utilization": {
          "shard": "15",
          "value": 77.438789600000348
        }
      }
    ]
  },
  {
    "metrics": [
      {
        "reactor_utilization": {
          "shard": "0",
          "value": 81.260803340000137
        }
      },
      {
        "reactor_utilization": {
          "shard": "1",
          "value": 75.69810190000004
        }
      },
      {
        "reactor_utilization": {
          "shard": "2",
          "value": 80.413738139999779
        }
      },
      {
        "reactor_utilization": {
          "shard": "3",
          "value": 81.075013299999554
        }
      },
      {
        "reactor_utilization": {
          "shard": "4",
          "value": 60.810630919999831
        }
      },
      {
        "reactor_utilization": {
          "shard": "5",
          "value": 68.819308979999946
        }
      },
      {
        "reactor_utilization": {
          "shard": "6",
          "value": 88.387920619999733
        }
      },
      {
        "reactor_utilization": {
          "shard": "7",
          "value": 87.295740359999883
        }
      },
      {
        "reactor_utilization": {
          "shard": "8",
          "value": 74.463933319999597
        }
      },
      {
        "reactor_utilization": {
          "shard": "9",
          "value": 74.955210080000214
        }
      },
      {
        "reactor_utilization": {
          "shard": "10",
          "value": 88.954234740000658
        }
      },
      {
        "reactor_utilization": {
          "shard": "11",
          "value": 83.592939399999793
        }
      },
      {
        "reactor_utilization": {
          "shard": "12",
          "value": 75.520421039999832
        }
      },
      {
        "reactor_utilization": {
          "shard": "13",
          "value": 75.109534360000126
        }
      },
      {
        "reactor_utilization": {
          "shard": "14",
          "value": 74.641077639999878
        }
      },
      {
        "reactor_utilization": {
          "shard": "15",
          "value": 81.715940460000354
        }
      }
    ]
  },
  {
    "metrics": [
      {
        "reactor_utilization": {
          "shard": "0",
          "value": 80.804544460000145
        }
      },
      {
        "reactor_utilization": {
          "shard": "1",
          "value": 72.271366740000033
        }
      },
      {
        "reactor_utilization": {
          "shard": "2",
          "value": 81.834958999999785
        }
      },
      {
        "reactor_utilization": {
          "shard": "3",
          "value": 72.441818219999561
        }
      },
      {
        "reactor_utilization": {
          "shard": "4",
          "value": 68.092063159999825
        }
      },
      {
        "reactor_utilization": {
          "shard": "5",
          "value": 60.389443079999936
        }
      },
      {
        "reactor_utilization": {
          "shard": "6",
          "value": 73.971244559999732
        }
      },
      {
        "reactor_utilization": {
          "shard": "7",
          "value": 84.083565779999887
        }
      },
      {
        "reactor_utilization": {
          "shard": "8",
          "value": 84.823284519999604
        }
      },
      {
        "reactor_utilization": {
          "shard": "9",
          "value": 92.525181360000232
        }
      },
      {
        "reactor_utilization": {
          "shard": "10",
          "value": 85.701295780000663
        }
      },
      {
        "reactor_utilization": {
          "shard": "11",
          "value": 85.786929839999786
        }
      },
      {
        "reactor_utilization": {
          "shard": "12",
          "value": 76.14765339999984
        }
      },
      {
        "reactor_utilization": {
          "shard": "13",
          "value": 82.742946580000122
        }
      },
      {
        "reactor_utilization": {
          "shard": "14",
          "value": 86.395599439999884
        }
      },
      {
        "reactor_utilization": {
          "shard": "15",
          "value": 68.661440880000342
        }
      }
    ]
  },
  {
    "metrics": [
      {
        "reactor_utilization": {
          "shard": "0",
          "value": 62.637241120000141
        }
      },
      {
        "reactor_utilization": {
          "shard": "1",
          "value": 66.491723040000025
        }
      },
      {
        "reactor_utilization": {
          "shard": "2",
          "value": 67.440872339999785
        }
      },
      {
        "reactor_utilization": {
          "shard": "3",
          "value": 73.478163439999548
        }
      },
      {
        "reactor_utilization": {
          "shard": "4",
          "value": 74.66267187999982
        }
      },
      {
        "reactor_utilization": {
          "shard": "5",
          "value": 55.929220959999938
        }
      },
      {
        "reactor_utilization": {
          "shard": "6",
          "value": 98.275023939999727
        }
      },
      {
        "reactor_utilization": {
          "shard": "7",
          "value": 79.865773579999882
        }
      },
      {
        "reactor_utilization": {
          "shard": "8",
          "value": 86.969143019999606
        }
      },
      {
        "reactor_utilization": {
          "shard": "9",
          "value": 76.310563140000227
        }
      },
      {
        "reactor_utilization": {
          "shard": "10",
          "value": 59.435322120000656
        }
      },
      {
        "reactor_utilization": {
          "shard": "11",
          "value": 69.174315279999789
        }
      },
      {
        "reactor_utilization": {
          "shard": "12",
          "value": 78.246274519999844
        }
      },
      {
        "reactor_utilization": {
          "shard": "13",
          "value": 84.631851140000123
        }
      },
      {
        "reactor_utilization": {
          "shard": "14",
          "value": 67.550288919999872
        }
      },
      {
        "reactor_utilization": {
          "shard": "15",
          "value": 73.795220300000352
        }
      }
    ]
  },
  {
    "metrics": [
      {
        "reactor_utilization": {
          "shard": "0",
          "value": 84.007828400000136
        }
      },
      {
        "reactor_utilization": {
          "shard": "1",
          "value": 79.555875900000018
        }
      },
      {
        "reactor_utilization": {
          "shard": "2",
          "value": 48.495084979999767
        }
      },
      {
        "reactor_utilization": {
          "shard": "3",
          "value": 64.093322879999548
        }
      },
      {
        "reactor_utilization": {
          "shard": "4",
          "value": 63.074964959999825
        }
      },
      {
        "reactor_utilization": {
          "shard": "5",
          "value": 61.290346499999934
        }
      },
      {
        "reactor_utilization": {
          "shard": "6",
          "value": 69.661918159999715
        }
      },
      {
        "reactor_utilization": {
          "shard": "7",
          "value": 67.503598239999889
        }
      },
      {
        "reactor_utilization": {
          "shard": "8",
          "value": 89.164402439999606
        }
      },
      {
        "reactor_utilization": {
          "shard": "9",
          "value": 62.56911576000023
        }
      },
      {
        "reactor_utilization": {
          "shard": "10",
          "value": 71.59004406000065
        }
      },
      {
        "reactor_utilization": {
          "shard": "11",
          "value": 60.462503559999789
        }
      },
      {
        "reactor_utilization": {
          "shard": "12",
          "value": 74.453598919999834
        }
      },
      {
        "reactor_utilization": {
          "shard": "13",
          "value": 70.009805700000129
        }
      },
      {
        "reactor_utilization": {
          "shard": "14",
          "value": 61.251821679999871
        }
      },
      {
        "reactor_utilization": {
          "shard": "15",
          "value": 73.427758040000356
        }
      }
    ]
  },
  {
    "metrics": [
      {
        "reactor_utilization": {
          "shard": "0",
          "value": 61.498788300000143
        }
      },
      {
        "reactor_utilization": {
          "shard": "1",
          "value": 54.151202520000027
        }
      },
      {
        "reactor_utilization": {
          "shard": "2",
          "value": 55.920976539999756
        }
      },
      {
        "reactor_utilization": {
          "shard": "3",
          "value": 65.952778579999546
        }
      },
      {
        "reactor_utilization": {
          "shard": "4",
          "value": 73.657149459999829
        }
      },
      {
        "reactor_utilization": {
          "shard": "5",
          "value": 83.889296499999929
        }
      },
      {
        "reactor_utilization": {
          "shard": "6",
          "value": 79.919098739999711
        }
      },
      {
        "reactor_utilization": {
          "shard": "7",
          "value": 71.503190139999873
        }
      },
      {
        "reactor_utilization": {
          "shard": "8",
          "value": 85.063135499999603
        }
      },
      {
        "reactor_utilization": {
          "shard": "9",
          "value": 61.175280480000225
        }
      },
      {
        "reactor_utilization": {
          "shard": "10",
          "value": 62.083714900000651
        }
      },
      {
        "reactor_utilization": {
          "shard": "11",
          "value": 55.494664759999793
        }
      },
      {
        "reactor_utilization": {
          "shard": "12",
          "value": 81.545039079999839
        }
      },
      {
        "reactor_utilization": {
          "shard": "13",
          "value": 75.378755500000139
        }
      },
      {
        "reactor_utilization": {
          "shard": "14",
          "value": 67.49105191999989
        }
      },
      {
        "reactor_utilization": {
          "shard": "15",
          "value": 70.397945520000363
        }
      }
    ]
  },
  {
    "metrics": [
      {
        "reactor_utilization": {
          "shard": "0",
          "value": 61.089399360000129
        }
      },
      {
        "reactor_utilization": {
          "shard": "1",
          "value": 50.655664700000024
        }
      },
      {
        "reactor_utilization": {
          "shard": "2",
          "value": 62.002979679999761
        }
      },
      {
        "reactor_utilization": {
          "shard": "3",
          "value": 68.800768559999554
        }
      },
      {
        "reactor_utilization": {
          "shard": "4",
          "value": 55.358139479999835
        }
      },
      {
        "reactor_utilization": {
          "shard": "5",
          "value": 56.126935219999929
        }
      },
      {
        "reactor_utilization": {
          "shard": "6",
          "value": 87.145003799999728
        }
      },
      {
        "reactor_utilization": {
          "shard": "7",
          "value": 80.656050119999875
        }
      },
      {
        "reactor_utilization": {
          "shard": "8",
          "value": 81.5497466799996
        }
      },
      {
        "reactor_utilization": {
          "shard": "9",
          "value": 80.033812060000216
        }
      },
      {
        "reactor_utilization": {
          "shard": "10",
          "value": 84.487076000000656
        }
      },
      {
        "reactor_utilization": {
          "shard": "11",
          "value": 79.235115719999783
        }
      },
      {
        "reactor_utilization": {
          "shard": "12",
          "value": 71.243361359999852
        }
      },
      {
        "reactor_utilization": {
          "shard": "13",
          "value": 75.299862540000134
        }
      },
      {
        "reactor_utilization": {
          "shard": "14",
          "value": 66.171537699999888
        }
      },
      {
        "reactor_utilization": {
          "shard": "15",
          "value": 59.666882280000365
        }
      }
    ]
  },
  {
    "metrics": [
      {
        "reactor_utilization": {
          "shard": "0",
          "value": 84.61169020000014
        }
      },
      {
        "reactor_utilization": {
          "shard": "1",
          "value": 62.749815200000036
        }
      },
      {
        "reactor_utilization": {
          "shard": "2",
          "value": 64.215199979999767
        }
      },
      {
        "reactor_utilization": {
          "shard": "3",
          "value": 66.837300839999543
        }
      },
      {
        "reactor_utilization": {
          "shard": "4",
          "value": 70.248408319999839
        }
      },
      {
        "reactor_utilization": {
          "shard": "5",
          "value": 61.974847799999935
        }
      },
      {
        "reactor_utilization": {
          "shard": "6",
          "value": 73.318647999999726
        }
      },
      {
        "reactor_utilization": {
          "shard": "7",
          "value": 64.679213679999876
        }
      },
      {
        "reactor_utilization": {
          "shard": "8",
          "value": 88.553872219999604
        }
      },
      {
        "reactor_utilization": {
          "shard": "9",
          "value": 75.40947748000022
        }
      },
      {
        "reactor_utilization": {
          "shard": "10",
          "value": 78.556017600000644
        }
      },
      {
        "reactor_utilization": {
          "shard": "11",
          "value": 70.756040119999781
        }
      },
      {
        "reactor_utilization": {
          "shard": "12",
          "value": 80.888433279999845
        }
      },
      {
        "reactor_utilization": {
          "shard": "13",
          "value": 74.132614080000138
        }
      },
      {
        "reactor_utilization": {
          "shard": "14",
          "value": 66.591703519999882
        }
      },
      {
        "reactor_utilization": {
          "shard": "15",
          "value": 65.663118300000363
        }
      }
    ]
  },
  {
    "metrics": [
      {
        "reactor_utilization": {
          "shard": "0",
          "value": 70.485182300000133
        }
      },
      {
        "reactor_utilization": {
          "shard": "1",
          "value": 84.838048120000039
        }
      },
      {
        "reactor_utilization": {
          "shard": "2",
          "value": 54.649483419999754
        }
      },
      {
        "reactor_utilization": {
          "shard": "3",
          "value": 63.895108799999548
        }
      },
      {
        "reactor_utilization": {
          "shard": "4",
          "value": 76.349616959999821
        }
      },
      {
        "reactor_utilization": {
          "shard": "5",
          "value": 53.669980939999931
        }
      },
      {
        "reactor_utilization": {
          "shard": "6",
          "value": 72.181308059999722
        }
      },
      {
        "reactor_utilization": {
          "shard": "7",
          "value": 70.840851439999881
        }
      },
      {
        "reactor_utilization": {
          "shard": "8",
          "value": 69.577833899999604
        }
      },
      {
        "reactor_utilization": {
          "shard": "9",
          "value": 70.782799100000233
        }
      },
      {
        "reactor_utilization": {
          "shard": "10",
          "value": 67.920418180000652
        }
      },
      {
        "reactor_utilization": {
          "shard": "11",
          "value": 82.554079519999775
        }
      },
      {
        "reactor_utilization": {
          "shard": "12",
          "value": 73.401526799999857
        }
      },
      {
        "reactor_utilization": {
          "shard": "13",
          "value": 79.233582460000136
        }
      },
      {
        "reactor_utilization": {
          "shard": "14",
          "value": 68.129427139999876
        }
      },
      {
        "reactor_utilization": {
          "shard": "15",
          "value": 67.783376900000363
        }
      }
    ]
  },
  {
    "metrics": [
      {
        "reactor_utilization": {
          "shard": "0",
          "value": 68.87743324000013
        }
      },
      {
        "reactor_utilization": {
          "shard": "1",
          "value": 61.720331600000037
        }
      },
      {
        "reactor_utilization": {
          "shard": "2",
          "value": 66.235646059999752
        }
      },
      {
        "reactor_utilization": {
          "shard": "3",
          "value": 63.322062579999539
        }
      },
      {
        "reactor_utilization": {
          "shard": "4",
          "value": 71.913175159999838
        }
      },
      {
        "reactor_utilization": {
          "shard": "5",
          "value": 52.661617639999946
        }
      },
      {
        "reactor_utilization": {
          "shard": "6",
          "value": 84.740891859999707
        }
      },
      {
        "reactor_utilization": {
          "shard": "7",
          "value": 67.233887599999889
        }
      },
      {
        "reactor_utilization": {
          "shard": "8",
          "value": 68.004658619999603
        }
      },
      {
        "reactor_utilization": {
          "shard": "9",
          "value": 64.462775060000226
        }
      },
      {
        "reactor_utilization": {
          "shard": "10",
          "value": 68.07861686000065
        }
      },
      {
        "reactor_utilization": {
          "shard": "11",
          "value": 62.150108539999763
        }
      },
      {
        "reactor_utilization": {
          "shard": "12",
          "value": 72.27060147999984
        }
      },
      {
        "reactor_utilization": {
          "shard": "13",
          "value": 70.665430500000141
        }
      },
      {
        "reactor_utilization": {
          "shard": "14",
          "value": 82.950595779999887
        }
      },
      {
        "reactor_utilization": {
          "shard": "15",
          "value": 80.18963918000037
        }
      }
    ]
  },
  {
    "metrics": [
      {
        "reactor_utilization": {
          "shard": "0",
          "value": 55.830787860000129
        }
      },
      {
        "reactor_utilization": {
          "shard": "1",
          "value": 64.767070720000035
        }
      },
      {
        "reactor_utilization": {
          "shard": "2",
          "value": 72.484309619999749
        }
      },
      {
        "reactor_utilization": {
          "shard": "3",
          "value": 67.894345299999543
        }
      },
      {
        "reactor_utilization": {
          "shard": "4",
          "value": 72.337536779999837
        }
      },
      {
        "reactor_utilization": {
          "shard": "5",
          "value": 71.888932299999937
        }
      },
      {
        "reactor_utilization": {
          "shard": "6",
          "value": 61.243822319999722
        }
      },
      {
        "reactor_utilization": {
          "shard": "7",
          "value": 55.81736617999988
        }
      },
      {
        "reactor_utilization": {
          "shard": "8",
          "value": 73.641670579999612
        }
      },
      {
        "reactor_utilization": {
          "shard": "9",
          "value": 77.123732460000213
        }
      },
      {
        "reactor_utilization": {
          "shard": "10",
          "value": 60.59991418000066
        }
      },
      {
        "reactor_utilization": {
          "shard": "11",
          "value": 78.225620899999768
        }
      },
      {
        "reactor_utilization": {
          "shard": "12",
          "value": 79.775114919999851
        }
      },
      {
        "reactor_utilization": {
          "shard": "13",
          "value": 85.87089904000014
        }
      },
      {
        "reactor_utilization": {
          "shard": "14",
          "value": 71.865663519999885
        }
      },
      {
        "reactor_utilization": {
          "shard": "15",
          "value": 70.89049590000036
        }
      }
    ]
  },
  {
    "metrics": [
      {
        "reactor_utilization": {
          "shard": "0",
          "value": 61.677923240000119
        }
      },
      {
        "reactor_utilization": {
          "shard": "1",
          "value": 56.996322060000026
        }
      },
      {
        "reactor_utilization": {
          "shard": "2",
          "value": 67.370710699999762
        }
      },
      {
        "reactor_utilization": {
          "shard": "3",
          "value": 71.333802519999551
        }
      },
      {
        "reactor_utilization": {
          "shard": "4",
          "value": 53.403632479999843
        }
      },
      {
        "reactor_utilization": {
          "shard": "5",
          "value": 71.59732395999994
        }
      },
      {
        "reactor_utilization": {
          "shard": "6",
          "value": 73.552700339999717
        }
      },
      {
        "reactor_utilization": {
          "shard": "7",
          "value": 90.882260359999876
        }
      },
      {
        "reactor_utilization": {
          "shard": "8",
          "value": 80.728896679999607
        }
      },
      {
        "reactor_utilization": {
          "shard": "9",
          "value": 89.849903540000213
        }
      },
      {
        "reactor_utilization": {
          "shard": "10",
          "value": 65.359735180000641
        }
      },
      {
        "reactor_utilization": {
          "shard": "11",
          "value": 66.434850099999778
        }
      },
      {
        "reactor_utilization": {
          "shard": "12",
          "value": 74.362178379999847
        }
      },
      {
        "reactor_utilization": {
          "shard": "13",
          "value": 59.424766120000136
        }
      },
      {
        "reactor_utilization": {
          "shard": "14",
          "value": 66.161571419999873
        }
      },
      {
        "reactor_utilization": {
          "shard": "15",
          "value": 72.369918620000362
        }
      }
    ]
  },
  {
    "metrics": [
      {
        "reactor_utilization": {
          "shard": "0",
          "value": 77.132088720000127
        }
      },
      {
        "reactor_utilization": {
          "shard": "1",
          "value": 56.557124840000029
        }
      },
      {
        "reactor_utilization": {
          "shard": "2",
          "value": 66.719419039999764
        }
      },
      {
        "reactor_utilization": {
          "shard": "3",
          "value": 71.383965419999541
        }
      },
      {
        "reactor_utilization": {
          "shard": "4",
          "value": 63.690130359999841
        }
      },
      {
        "reactor_utilization": {
          "shard": "5",
          "value": 64.577137339999922
        }
      },
      {
        "reactor_utilization": {
          "shard": "6",
          "value": 84.796347499999712
        }
      },
      {
        "reactor_utilization": {
          "shard": "7",
          "value": 71.728281459999877
        }
      },
      {
        "reactor_utilization": {
          "shard": "8",
          "value": 66.113776319999602
        }
      },
      {
        "reactor_utilization": {
          "shard": "9",
          "value": 72.218524540000217
        }
      },
      {
        "reactor_utilization": {
          "shard": "10",
          "value": 78.507934960000654
        }
      },
      {
        "reactor_utilization": {
          "shard": "11",
          "value": 69.561298899999784
        }
      },
      {
        "reactor_utilization": {
          "shard": "12",
          "value": 81.409740279999852
        }
      },
      {
        "reactor_utilization": {
          "shard": "13",
          "value": 76.27596624000013
        }
      },
      {
        "reactor_utilization": {
          "shard": "14",
          "value": 59.967919959999882
        }
      },
      {
        "reactor_utilization": {
          "shard": "15",
          "value": 72.454089880000367
        }
      }
    ]
  },
  {
    "metrics": [
      {
        "reactor_utilization": {
          "shard": "0",
          "value": 75.449012940000131
        }
      },
      {
        "reactor_utilization": {
          "shard": "1",
          "value": 76.090780040000041
        }
      },
      {
        "reactor_utilization": {
          "shard": "2",
          "value": 52.525780679999755
        }
      },
      {
        "reactor_utilization": {
          "shard": "3",
          "value": 58.635601839999538
        }
      },
      {
        "reactor_utilization": {
          "shard": "4",
          "value": 68.850428739999842
        }
      },
      {
        "reactor_utilization": {
          "shard": "5",
          "value": 54.910074259999945
        }
      },
      {
        "reactor_utilization": {
          "shard": "6",
          "value": 68.415530819999717
        }
      },
      {
        "reactor_utilization": {
          "shard": "7",
          "value": 77.403050019999881
        }
      },
      {
        "reactor_utilization": {
          "shard": "8",
          "value": 85.499291819999598
        }
      },
      {
        "reactor_utilization": {
          "shard": "9",
          "value": 81.112152440000216
        }
      },
      {
        "reactor_utilization": {
          "shard": "10",
          "value": 64.800600340000642
        }
      },
      {
        "reactor_utilization": {
          "shard": "11",
          "value": 74.979054859999778
        }
      },
      {
        "reactor_utilization": {
          "shard": "12",
          "value": 64.767857139999848
        }
      },
      {
        "reactor_utilization": {
          "shard": "13",
          "value": 72.649245600000128
        }
      },
      {
        "reactor_utilization": {
          "shard": "14",
          "value": 80.797804599999878
        }
      },
      {
        "reactor_utilization": {
          "shard": "15",
          "value": 72.816460200000364
        }
      }
    ]
  },
  {
    "metrics": [
      {
        "reactor_utilization": {
          "shard": "0",
          "value": 71.763016140000119
        }
      },
      {
        "reactor_utilization": {
          "shard": "1",
          "value": 68.397385320000041
        }
      },
      {
        "reactor_utilization": {
          "shard": "2",
          "value": 72.785112519999757
        }
      },
      {
        "reactor_utilization": {
          "shard": "3",
          "value": 67.930172039999547
        }
      },
      {
        "reactor_utilization": {
          "shard": "4",
          "value": 66.958887519999848
        }
      },
      {
        "reactor_utilization": {
          "shard": "5",
          "value": 70.880045719999927
        }
      },
      {
        "reactor_utilization": {
          "shard": "6",
          "value": 81.405220439999709
        }
      },
      {
        "reactor_utilization": {
          "shard": "7",
          "value": 65.02498307999987
        }
      },
      {
        "reactor_utilization": {
          "shard": "8",
          "value": 84.201156199999602
        }
      },
      {
        "reactor_utilization": {
          "shard": "9",
          "value": 61.197557980000219
        }
      },
      {
        "reactor_utilization": {
          "shard": "10",
          "value": 70.147691760000654
        }
      },
      {
        "reactor_utilization": {
          "shard": "11",
          "value": 68.088826259999763
        }
      },
      {
        "reactor_utilization": {
          "shard": "12",
          "value": 79.763407379999848
        }
      },
      {
        "reactor_utilization": {
          "shard": "13",
          "value": 66.509711780000131
        }
      },
      {
        "reactor_utilization": {
          "shard": "14",
          "value": 70.485369399999882
        }
      },
      {
        "reactor_utilization": {
          "shard": "15",
          "value": 70.552253860000363
        }
      }
    ]
  },
  {
    "metrics": [
      {
        "reactor_utilization": {
          "shard": "0",
          "value": 82.064390680000116
        }
      },
      {
        "reactor_utilization": {
          "shard": "1",
          "value": 66.650055560000041
        }
      },
      {
        "reactor_utilization": {
          "shard": "2",
          "value": 43.191284619999749
        }
      },
      {
        "reactor_utilization": {
          "shard": "3",
          "value": 63.244629919999554
        }
      },
      {
        "reactor_utilization": {
          "shard": "4",
          "value": 73.65434487999984
        }
      },
      {
        "reactor_utilization": {
          "shard": "5",
          "value": 61.390522199999943
        }
      },
      {
        "reactor_utilization": {
          "shard": "6",
          "value": 80.641383659999718
        }
      },
      {
        "reactor_utilization": {
          "shard": "7",
          "value": 71.891766599999869
        }
      },
      {
        "reactor_utilization": {
          "shard": "8",
          "value": 86.469926779999611
        }
      },
      {
        "reactor_utilization": {
          "shard": "9",
          "value": 54.646473180000221
        }
      },
      {
        "reactor_utilization": {
          "shard": "10",
          "value": 63.214166100000647
        }
      },
      {
        "reactor_utilization": {
          "shard": "11",
          "value": 61.240517799999772
        }
      },
      {
        "reactor_utilization": {
          "shard": "12",
          "value": 76.880622359999848
        }
      },
      {
        "reactor_utilization": {
          "shard": "13",
          "value": 74.009013120000134
        }
      },
      {
        "reactor_utilization": {
          "shard": "14",
          "value": 68.022689339999886
        }
      },
      {
        "reactor_utilization": {
          "shard": "15",
          "value": 76.654360000000352
        }
      }
    ]
  },
  {
    "metrics": [
      {
        "reactor_utilization": {
          "shard": "0",
          "value": 57.763338640000114
        }
      },
      {
        "reactor_utilization": {
          "shard": "1",
          "value": 54.981213620000048
        }
      },
      {
        "reactor_utilization": {
          "shard": "2",
          "value": 60.405213899999751
        }
      },
      {
        "reactor_utilization": {
          "shard": "3",
          "value": 66.851474239999547
        }
      },
      {
        "reactor_utilization": {
          "shard": "4",
          "value": 69.761437019999846
        }
      },
      {
        "reactor_utilization": {
          "shard": "5",
          "value": 78.424956899999941
        }
      },
      {
        "reactor_utilization": {
          "shard": "6",
          "value": 80.860660259999719
        }
      },
      {
        "reactor_utilization": {
          "shard": "7",
          "value": 68.072943959999876
        }
      },
      {
        "reactor_utilization": {
          "shard": "8",
          "value": 78.816936939999607
        }
      },
      {
        "reactor_utilization": {
          "shard": "9",
          "value": 77.487849060000215
        }
      },
      {
        "reactor_utilization": {
          "shard": "10",
          "value": 68.016463360000643
        }
      },
      {
        "reactor_utilization": {
          "shard": "11",
          "value": 65.689520939999767
        }
      },
      {
        "reactor_utilization": {
          "shard": "12",
          "value": 82.543709539999853
        }
      },
      {
        "reactor_utilization": {
          "shard": "13",
          "value": 77.637689080000129
        }
      },
      {
        "reactor_utilization": {
          "shard": "14",
          "value": 61.305656519999886
        }
      },
      {
        "reactor_utilization": {
          "shard": "15",
          "value": 59.046093160000353
        }
      }
    ]
  },
  {
    "metrics": [
      {
        "reactor_utilization": {
          "shard": "0",
          "value": 73.972729620000109
        }
      },
      {
        "reactor_utilization": {
          "shard": "1",
          "value": 55.842413240000056
        }
      },
      {
        "reactor_utilization": {
          "shard": "2",
          "value": 54.931354499999749
        }
      },
      {
        "reactor_utilization": {
          "shard": "3",
          "value": 65.415850299999548
        }
      },
      {
        "reactor_utilization": {
          "shard": "4",
          "value": 53.242628519999855
        }
      },
      {
        "reactor_utilization": {
          "shard": "5",
          "value": 59.784375039999937
        }
      },
      {
        "reactor_utilization": {
          "shard": "6",
          "value": 82.498013199999718
        }
      },
      {
        "reactor_utilization": {
          "shard": "7",
          "value": 73.431003459999872
        }
      },
      {
        "reactor_utilization": {
          "shard": "8",
          "value": 79.9927195599996
        }
      },
      {
        "reactor_utilization": {
          "shard": "9",
          "value": 67.175829360000222
        }
      },
      {
        "reactor_utilization": {
          "shard": "10",
          "value": 84.981714740000641
        }
      },
      {
        "reactor_utilization": {
          "shard": "11",
          "value": 74.874995119999753
        }
      },
      {
        "reactor_utilization": {
          "shard": "12",
          "value": 73.183369199999845
        }
      },
      {
        "reactor_utilization": {
          "shard": "13",
          "value": 73.536971460000132
        }
      },
      {
        "reactor_utilization": {
          "shard": "14",
          "value": 60.306146959999872
        }
      },
      {
        "reactor_utilization": {
          "shard": "15",
          "value": 59.793791860000354
        }
      }
    ]
  },
  {
    "metrics": [
      {
        "reactor_utilization": {
          "shard": "0",
          "value": 73.390535740000118
        }
      },
      {
        "reactor_utilization": {
          "shard": "1",
          "value": 71.672512020000042
        }
      },
      {
        "reactor_utilization": {
          "shard": "2",
          "value": 63.080323919999756
        }
      },
      {
        "reactor_utilization": {
          "shard": "3",
          "value": 64.502102179999554
        }
      },
      {
        "reactor_utilization": {
          "shard": "4",
          "value": 78.375105639999859
        }
      },
      {
        "reactor_utilization": {
          "shard": "5",
          "value": 53.881807099999932
        }
      },
      {
        "reactor_utilization": {
          "shard": "6",
          "value": 75.192271719999709
        }
      },
      {
        "reactor_utilization": {
          "shard": "7",
          "value": 67.260148739999863
        }
      },
      {
        "reactor_utilization": {
          "shard": "8",
          "value": 79.833697179999604
        }
      },
      {
        "reactor_utilization": {
          "shard": "9",
          "value": 78.196830940000211
        }
      },
      {
        "reactor_utilization": {
          "shard": "10",
          "value": 76.076865360000639
        }
      },
      {
        "reactor_utilization": {
          "shard": "11",
          "value": 70.40555853999976
        }
      },
      {
        "reactor_utilization": {
          "shard": "12",
          "value": 79.812653919999846
        }
      },
      {
        "reactor_utilization": {
          "shard": "13",
          "value": 82.529898360000132
        }
      },
      {
        "reactor_utilization": {
          "shard": "14",
          "value": 72.052435819999872
        }
      },
      {
        "reactor_utilization": {
          "shard": "15",
          "value": 64.33525610000035
        }
      }
    ]
  },
  {
    "metrics": [
      {
        "reactor_utilization": {
          "shard": "0",
          "value": 66.072132020000112
        }
      },
      {
        "reactor_utilization": {
          "shard": "1",
          "value": 75.041752600000038
        }
      },
      {
        "reactor_utilization": {
          "shard": "2",
          "value": 65.594431299999755
        }
      },
      {
        "reactor_utilization": {
          "shard": "3",
          "value": 73.045158379999549
        }
      },
      {
        "reactor_utilization": {
          "shard": "4",
          "value": 67.652266019999857
        }
      },
      {
        "reactor_utilization": {
          "shard": "5",
          "value": 54.929167519999943
        }
      },
      {
        "reactor_utilization": {
          "shard": "6",
          "value": 76.260196659999707
        }
      },
      {
        "reactor_utilization": {
          "shard": "7",
          "value": 68.991133299999859
        }
      },
      {
        "reactor_utilization": {
          "shard": "8",
          "value": 72.668126179999604
        }
      },
      {
        "reactor_utilization": {
          "shard": "9",
          "value": 69.399712680000221
        }
      },
      {
        "reactor_utilization": {
          "shard": "10",
          "value": 65.436212860000637
        }
      },
      {
        "reactor_utilization": {
          "shard": "11",
          "value": 80.144463939999753
        }
      },
      {
        "reactor_utilization": {
          "shard": "12",
          "value": 83.098710199999843
        }
      },
      {
        "reactor_utilization": {
          "shard": "13",
          "value": 67.959350640000125
        }
      },
      {
        "reactor_utilization": {
          "shard": "14",
          "value": 76.945388719999869
        }
      },
      {
        "reactor_utilization": {
          "shard": "15",
          "value": 75.356381400000345
        }
      }
    ]
  },
  {
    "metrics": [
      {
        "reactor_utilization": {
          "shard": "0",
          "value": 72.465491440000122
        }
      },
      {
        "reactor_utilization": {
          "shard": "1",
          "value": 65.526073200000042
        }
      },
      {
        "reactor_utilization": {
          "shard": "2",
          "value": 64.001170759999752
        }
      },
      {
        "reactor_utilization": {
          "shard": "3",
          "value": 59.241569999999541
        }
      },
      {
        "reactor_utilization": {
          "shard": "4",
          "value": 79.072183979999849
        }
      },
      {
        "reactor_utilization": {
          "shard": "5",
          "value": 53.534885539999941
        }
      },
      {
        "reactor_utilization": {
          "shard": "6",
          "value": 72.997724219999711
        }
      },
      {
        "reactor_utilization": {
          "shard": "7",
          "value": 66.965598159999857
        }
      },
      {
        "reactor_utilization": {
          "shard": "8",
          "value": 68.918010639999608
        }
      },
      {
        "reactor_utilization": {
          "shard": "9",
          "value": 67.508926980000211
        }
      },
      {
        "reactor_utilization": {
          "shard": "10",
          "value": 75.454333560000649
        }
      },
      {
        "reactor_utilization": {
          "shard": "11",
          "value": 76.160887199999749
        }
      },
      {
        "reactor_utilization": {
          "shard": "12",
          "value": 67.104956519999845
        }
      },
      {
        "reactor_utilization": {
          "shard": "13",
          "value": 78.634819960000129
        }
      },
      {
        "reactor_utilization": {
          "shard": "14",
          "value": 74.670668999999876
        }
      },
      {
        "reactor_utilization": {
          "shard": "15",
          "value": 76.308234280000349
        }
      }
    ]
  },
  {
    "metrics": [
      {
        "reactor_utilization": {
          "shard": "0",
          "value": 54.70009584000011
        }
      },
      {
        "reactor_utilization": {
          "shard": "1",
          "value": 56.094082940000042
        }
      },
      {
        "reactor_utilization": {
          "shard": "2",
          "value": 74.14066307999974
        }
      },
      {
        "reactor_utilization": {
          "shard": "3",
          "value": 77.877226659999536
        }
      },
      {
        "reactor_utilization": {
          "shard": "4",
          "value": 62.905421899999858
        }
      },
      {
        "reactor_utilization": {
          "shard": "5",
          "value": 73.941438919999953
        }
      },
      {
        "reactor_utilization": {
          "shard": "6",
          "value": 69.52506467999973
        }
      },
      {
        "reactor_utilization": {
          "shard": "7",
          "value": 63.953236999999859
        }
      },
      {
        "reactor_utilization": {
          "shard": "8",
          "value": 71.987637139999606
        }
      },
      {
        "reactor_utilization": {
          "shard": "9",
          "value": 84.32911862000023
        }
      },
      {
        "reactor_utilization": {
          "shard": "10",
          "value": 68.474993780000645
        }
      },
      {
        "reactor_utilization": {
          "shard": "11",
          "value": 72.395214819999751
        }
      },
      {
        "reactor_utilization": {
          "shard": "12",
          "value": 82.624580799999833
        }
      },
      {
        "reactor_utilization": {
          "shard": "13",
          "value": 75.906880140000126
        }
      },
      {
        "reactor_utilization": {
          "shard": "14",
          "value": 68.381850599999865
        }
      },
      {
        "reactor_utilization": {
          "shard": "15",
          "value": 64.467292520000342
        }
      }
    ]
  }
]
