[
  {
    "metrics": [
      {
        "reactor_utilization": {
          "shard": "0",
          "value": 59.05344966000019
        }
      },
      {
        "reactor_utilization": {
          "shard": "1",
          "value": 59.562993620000036
        }
      },
      {
        "reactor_utilization": {
          "shard": "2",
          "value": 53.655104640000047
        }
      },
      {
        "reactor_utilization": {
          "shard": "3",
          "value": 60.017515719999935
        }
      },
      {
        "reactor_utilization": {
          "shard": "4",
          "value": 51.768720340000108
        }
      },
      {
        "reactor_utilization": {
          "shard": "5",
          "value": 65.318644079999743
        }
      },
      {
        "reactor_utilization": {
          "shard": "6",
          "value": 68.339828619999892
        }
      },
      {
        "reactor_utilization": {
          "shard": "7",
          "value": 53.218777920000079
        }
      },
      {
        "reactor_utilization": {
          "shard": "8",
          "value": 72.148089359999986
        }
      },
      {
        "reactor_utilization": {
          "shard": "9",
          "value": 64.720238500000008
        }
      },
      {
        "reactor_utilization": {
          "shard": "10",
          "value": 67.424905800000289
        }
      },
      {
        "reactor_utilization": {
          "shard": "11",
          "value": 56.611958079999916
        }
      },
      {
        "reactor_utilization": {
          "shard": "12",
          "value": 68.395257019999832
        }
      },
      {
        "reactor_utilization": {
          "shard": "13",
          "value": 62.702118960000064
        }
      },
      {
        "reactor_utilization": {
          "shard": "14",
          "value": 63.601830359999866
        }
      },
      {
        "reactor_utilization": {
          "shard": "15",
          "value": 53.836783120000234
        }
      }
    ]
  },
  {
    "metrics": [
      {
        "reactor_utilization": {
          "shard": "0",
          "value": 66.894108460000183
        }
      },
      {
        "reactor_utilization": {
          "shard": "1",
          "value": 71.329603320000018
        }
      },
      {
        "reactor_utilization": {
          "shard": "2",
          "value": 53.552526400000055
        }
      },
      {
        "reactor_utilization": {
          "shard": "3",
          "value": 66.502886619999927
        }
      },
      {
        "reactor_utilization": {
          "shard": "4",
          "value": 47.266279140000101
        }
      },
      {
        "reactor_utilization": {
          "shard": "5",
          "value": 63.911050199999742
        }
      },
      {
        "reactor_utilization": {
          "shard": "6",
          "value": 69.744735539999894
        }
      },
      {
        "reactor_utilization": {
          "shard": "7",
          "value": 67.265339300000079
        }
      },
      {
        "reactor_utilization": {
          "shard": "8",
          "value": 66.837828839999986
        }
      },
      {
        "reactor_utilization": {
          "shard": "9",
          "value": 74.412230800000003
        }
      },
      {
        "reactor_utilization": {
          "shard": "10",
          "value": 53.567285260000283
        }
      },
      {
        "reactor_utilization": {
          "shard": "11",
          "value": 55.396059979999904
        }
      },
      {
        "reactor_utilization": {
          "shard": "12",
          "value": 71.472946539999825
        }
      },
      {
        "reactor_utilization": {
          "shard": "13",
          "value": 62.681529680000068
        }
      },
      {
        "reactor_utilization": {
          "shard": "14",
          "value": 57.086684939999856
        }
      },
      {
        "reactor_utilization": {
          "shard": "15",
          "value": 55.513971340000232
        }
      }
    ]
  },
  {
    "metrics": [
      {
        "reactor_utilization": {
          "shard": "0",
          "value": 70.542411940000164
        }
      },
      {
        "reactor_utilization": {
          "shard": "1",
          "value": 56.13287320000002
        }
      },
      {
        "reactor_utilization": {
          "shard": "2",
          "value": 51.179247240000045
        }
      },
      {
        "reactor_utilization": {
          "shard": "3",
          "value": 62.817654579999925
        }
      },
      {
        "reactor_utilization": {
          "shard": "4",
          "value": 61.636032020000108
        }
      },
      {
        "reactor_utilization": {
          "shard": "5",
          "value": 53.571848359999741
        }
      },
      {
        "reactor_utilization": {
          "shard": "6",
          "value": 61.190065059999888
        }
      },
      {
        "reactor_utilization": {
          "shard": "7",
          "value": 62.387651740000074
        }
      },
      {
        "reactor_utilization": {
          "shard": "8",
          "value": 58.573076259999993
        }
      },
      {
        "reactor_utilization": {
          "shard": "9",
          "value": 64.925466240000006
        }
      },
      {
        "reactor_utilization": {
          "shard": "10",
          "value": 52.985086780000287
        }
      },
      {
        "reactor_utilization": {
          "shard": "11",
          "value": 64.825017999999901
        }
      },
      {
        "reactor_utilization": {
          "shard": "12",
          "value": 64.862332079999831
        }
      },
      {
        "reactor_utilization": {
          "shard": "13",
          "value": 83.876081900000074
        }
      },
      {
        "reactor_utilization": {
          "shard": "14",
          "value": 53.701182759999867
        }
      },
      {
        "reactor_utilization": {
          "shard": "15",
          "value": 48.777377880000252
        }
      }
    ]
  },
  {
    "metrics": [
      {
        "reactor_utilization": {
          "shard": "0",
          "value": 51.701634280000164
        }
      },
      {
        "reactor_utilization": {
          "shard": "1",
          "value": 64.603570840000017
        }
      },
      {
        "reactor_utilization": {
          "shard": "2",
          "value": 75.041173760000063
        }
      },
      {
        "reactor_utilization": {
          "shard": "3",
          "value": 55.207665779999935
        }
      },
      {
        "reactor_utilization": {
          "shard": "4",
          "value": 54.108256460000113
        }
      },
      {
        "reactor_utilization": {
          "shard": "5",
          "value": 69.457438379999729
        }
      },
      {
        "reactor_utilization": {
          "shard": "6",
          "value": 63.901989439999873
        }
      },
      {
        "reactor_utilization": {
          "shard": "7",
          "value": 57.628660760000081
        }
      },
      {
        "reactor_utilization": {
          "shard": "8",
          "value": 62.079854779999998
        }
      },
      {
        "reactor_utilization": {
          "shard": "9",
          "value": 65.450650580000001
        }
      },
      {
        "reactor_utilization": {
          "shard": "10",
          "value": 61.325823260000291
        }
      },
      {
        "reactor_utilization": {
          "shard": "11",
          "value": 65.207567279999907
        }
      },
      {
        "reactor_utilization": {
          "shard": "12",
          "value": 64.246041539999823
        }
      },
      {
        "reactor_utilization": {
          "shard": "13",
          "value": 70.329672480000085
        }
      },
      {
        "reactor_utilization": {
          "shard": "14",
          "value": 48.913165099999866
        }
      },
      {
        "reactor_utilization": {
          "shard": "15",
          "value": 48.971295640000235
        }
      }
    ]
  },
  {
    "metrics": [
      {
        "reactor_utilization": {
          "shard": "0",
          "value": 59.028567400000178
        }
      },
      {
        "reactor_utilization": {
          "shard": "1",
          "value": 58.784702880000019
        }
      },
      {
        "reactor_utilization": {
          "shard": "2",
          "value": 69.161000900000062
        }
      },
      {
        "reactor_utilization": {
          "shard": "3",
          "value": 57.910810299999937
        }
      },
      {
        "reactor_utilization": {
          "shard": "4",
          "value": 50.025458660000098
        }
      },
      {
        "reactor_utilization": {
          "shard": "5",
          "value": 61.031661179999745
        }
      },
      {
        "reactor_utilization": {
          "shard": "6",
          "value": 66.697316979999883
        }
      },
      {
        "reactor_utilization": {
          "shard": "7",
          "value": 58.549882100000076
        }
      },
      {
        "reactor_utilization": {
          "shard": "8",
          "value": 61.708865280000012
        }
      },
      {
        "reactor_utilization": {
          "shard": "9",
          "value": 53.225712619999996
        }
      },
      {
        "reactor_utilization": {
          "shard": "10",
          "value": 59.639920280000268
        }
      },
      {
        "reactor_utilization": {
          "shard": "11",
          "value": 50.468693679999902
        }
      },
      {
        "reactor_utilization": {
          "shard": "12",
          "value": 78.802937439999823
        }
      },
      {
        "reactor_utilization": {
          "shard": "13",
          "value": 80.139935900000083
        }
      },
      {
        "reactor_utilization": {
          "shard": "14",
          "value": 49.768173099999871
        }
      },
      {
        "reactor_utilization": {
          "shard": "15",
          "value": 59.039292580000236
        }
      }
    ]
  },
  {
    "metrics": [
      {
        "reactor_utilization": {
          "shard": "0",
          "value": 69.428182560000167
        }
      },
      {
        "reactor_utilization": {
          "shard": "1",
          "value": 68.389072880000029
        }
      },
      {
        "reactor_utilization": {
          "shard": "2",
          "value": 61.516834940000052
        }
      },
      {
        "reactor_utilization": {
          "shard": "3",
          "value": 64.059417079999946
        }
      },
      {
        "reactor_utilization": {
          "shard": "4",
          "value": 46.665238400000099
        }
      },
      {
        "reactor_utilization": {
          "shard": "5",
          "value": 60.44568279999973
        }
      },
      {
        "reactor_utilization": {
          "shard": "6",
          "value": 60.98286895999987
        }
      },
      {
        "reactor_utilization": {
          "shard": "7",
          "value": 52.810514500000075
        }
      },
      {
        "reactor_utilization": {
          "shard": "8",
          "value": 44.897866000000008
        }
      },
      {
        "reactor_utilization": {
          "shard": "9",
          "value": 64.836678559999996
        }
      },
      {
        "reactor_utilization": {
          "shard": "10",
          "value": 68.783986440000277
        }
      },
      {
        "reactor_utilization": {
          "shard": "11",
          "value": 72.321362999999891
        }
      },
      {
        "reactor_utilization": {
          "shard": "12",
          "value": 65.235256139999819
        }
      },
      {
        "reactor_utilization": {
          "shard": "13",
          "value": 63.537854800000069
        }
      },
      {
        "reactor_utilization": {
          "shard": "14",
          "value": 43.956976419999862
        }
      },
      {
        "reactor_utilization": {
          "shard": "15",
          "value": 48.116850620000228
        }
      }
    ]
  },
  {
    "metrics": [
      {
        "reactor_utilization": {
          "shard": "0",
          "value": 55.698705380000156
        }
      },
      {
        "reactor_utilization": {
          "shard": "1",
          "value": 69.339131420000029
        }
      },
      {
        "reactor_utilization": {
          "shard": "2",
          "value": 45.272694820000034
        }
      },
      {
        "reactor_utilization": {
          "shard": "3",
          "value": 48.613206879999936
        }
      },
      {
        "reactor_utilization": {
          "shard": "4",
          "value": 59.896658180000109
        }
      },
      {
        "reactor_utilization": {
          "shard": "5",
          "value": 71.573114959999742
        }
      },
      {
        "reactor_utilization": {
          "shard": "6",
          "value": 70.312156359999875
        }
      },
      {
        "reactor_utilization": {
          "shard": "7",
          "value": 71.256782020000074
        }
      },
      {
        "reactor_utilization": {
          "shard": "8",
          "value": 55.988485420000011
        }
      },
      {
        "reactor_utilization": {
          "shard": "9",
          "value": 59.016780940000004
        }
      },
      {
        "reactor_utilization": {
          "shard": "10",
          "value": 57.467603700000282
        }
      },
      {
        "reactor_utilization": {
          "shard": "11",
          "value": 66.403501579999897
        }
      },
      {
        "reactor_utilization": {
          "shard": "12",
          "value": 61.575358979999827
        }
      },
      {
        "reactor_utilization": {
          "shard": "13",
          "value": 51.649752880000079
        }
      },
      {
        "reactor_utilization": {
          "shard": "14",
          "value": 44.444026859999873
        }
      },
      {
        "reactor_utilization": {
          "shard": "15",
          "value": 60.390600920000217
        }
      }
    ]
  },
  {
    "metrics": [
      {
        "reactor_utilization": {
          "shard": "0",
          "value": 57.720458080000157
        }
      },
      {
        "reactor_utilization": {
          "shard": "1",
          "value": 67.286076120000033
        }
      },
      {
        "reactor_utilization": {
          "shard": "2",
          "value": 62.453473480000035
        }
      },
      {
        "reactor_utilization": {
          "shard": "3",
          "value": 51.296269199999934
        }
      },
      {
        "reactor_utilization": {
          "shard": "4",
          "value": 58.158396060000108
        }
      },
      {
        "reactor_utilization": {
          "shard": "5",
          "value": 56.806363779999749
        }
      },
      {
        "reactor_utilization": {
          "shard": "6",
          "value": 57.037194079999878
        }
      },
      {
        "reactor_utilization": {
          "shard": "7",
          "value": 57.085742940000074
        }
      },
      {
        "reactor_utilization": {
          "shard": "8",
          "value": 68.28395024000001
        }
      },
      {
        "reactor_utilization": {
          "shard": "9",
          "value": 70.24753604
        }
      },
      {
        "reactor_utilization": {
          "shard": "10",
          "value": 50.798837720000293
        }
      },
      {
        "reactor_utilization": {
          "shard": "11",
          "value": 49.941618939999884
        }
      },
      {
        "reactor_utilization": {
          "shard": "12",
          "value": 71.128728679999824
        }
      },
      {
        "reactor_utilization": {
          "shard": "13",
          "value": 51.439757600000078
        }
      },
      {
        "reactor_utilization": {
          "shard": "14",
          "value": 55.423622419999873
        }
      },
      {
        "reactor_utilization": {
          "shard": "15",
          "value": 59.186822540000229
        }
      }
    ]
  },
  {
    "metrics": [
      {
        "reactor_utilization": {
          "shard": "0",
          "value": 65.888124940000154
        }
      },
      {
        "reactor_utilization": {
          "shard": "1",
          "value": 62.025177780000028
        }
      },
      {
        "reactor_utilization": {
          "shard": "2",
          "value": 49.478262760000035
        }
      },
      {
        "reactor_utilization": {
          "shard": "3",
          "value": 52.117997959999926
        }
      },
      {
        "reactor_utilization": {
          "shard": "4",
          "value": 57.816440660000104
        }
      },
      {
        "reactor_utilization": {
          "shard": "5",
          "value": 62.06810367999973
        }
      },
      {
        "reactor_utilization": {
          "shard": "6",
          "value": 55.996198799999874
        }
      },
      {
        "reactor_utilization": {
          "shard": "7",
          "value": 57.894834700000075
        }
      },
      {
        "reactor_utilization": {
          "shard": "8",
          "value": 55.494278620000003
        }
      },
      {
        "reactor_utilization": {
          "shard": "9",
          "value": 74.218555699999996
        }
      },
      {
        "reactor_utilization": {
          "shard": "10",
          "value": 64.504485480000298
        }
      },
      {
        "reactor_utilization": {
          "shard": "11",
          "value": 43.641312819999889
        }
      },
      {
        "reactor_utilization": {
          "shard": "12",
          "value": 69.02388285999983
        }
      },
      {
        "reactor_utilization": {
          "shard": "13",
          "value": 61.965271680000079
        }
      },
      {
        "reactor_utilization": {
          "shard": "14",
          "value": 63.491498419999893
        }
      },
      {
        "reactor_utilization": {
          "shard": "15",
          "value": 66.952270660000224
        }
      }
    ]
  },
  {
    "metrics": [
      {
        "reactor_utilization": {
          "shard": "0",
          "value": 64.735058700000152
        }
      },
      {
        "reactor_utilization": {
          "shard": "1",
          "value": 63.482168460000032
        }
      },
      {
        "reactor_utilization": {
          "shard": "2",
          "value": 65.336435280000032
        }
      },
      {
        "reactor_utilization": {
          "shard": "3",
          "value": 49.990120419999926
        }
      },
      {
        "reactor_utilization": {
          "shard": "4",
          "value": 68.567429980000085
        }
      },
      {
        "reactor_utilization": {
          "shard": "5",
          "value": 57.023331639999732
        }
      },
      {
        "reactor_utilization": {
          "shard": "6",
          "value": 65.458001839999881
        }
      },
      {
        "reactor_utilization": {
          "shard": "7",
          "value": 58.656725720000068
        }
      },
      {
        "reactor_utilization": {
          "shard": "8",
          "value": 67.43841968000001
        }
      },
      {
        "reactor_utilization": {
          "shard": "9",
          "value": 65.357227480000006
        }
      },
      {
        "reactor_utilization": {
          "shard": "10",
          "value": 70.796988500000296
        }
      },
      {
        "reactor_utilization": {
          "shard": "11",
          "value": 59.164030019999878
        }
      },
      {
        "reactor_utilization": {
          "shard": "12",
          "value": 72.994567659999831
        }
      },
      {
        "reactor_utilization": {
          "shard": "13",
          "value": 61.666448440000067
        }
      },
      {
        "reactor_utilization": {
          "shard": "14",
          "value": 58.304368159999896
        }
      },
      {
        "reactor_utilization": {
          "shard": "15",
          "value": 48.63598146000021
        }
      }
    ]
  },
  {
    "metrics": [
      {
        "reactor_utilization": {
          "shard": "0",
          "value": 48.465091660000162
        }
      },
      {
        "reactor_utilization": {
          "shard": "1",
          "value": 62.967560520000035
        }
      },
      {
        "reactor_utilization": {
          "shard": "2",
          "value": 66.441508440000035
        }
      },
      {
        "reactor_utilization": {
          "shard": "3",
          "value": 70.314942459999912
        }
      },
      {
        "reactor_utilization": {
          "shard": "4",
          "value": 52.84864938000009
        }
      },
      {
        "reactor_utilization": {
          "shard": "5",
          "value": 59.439714619999727
        }
      },
      {
        "reactor_utilization": {
          "shard": "6",
          "value": 53.679694839999883
        }
      },
      {
        "reactor_utilization": {
          "shard": "7",
          "value": 48.344560120000068
        }
      },
      {
        "reactor_utilization": {
          "shard": "8",
          "value": 55.637622620000002
        }
      },
      {
        "reactor_utilization": {
          "shard": "9",
          "value": 53.955105320000008
        }
      },
      {
        "reactor_utilization": {
          "shard": "10",
          "value": 43.288433500000288
        }
      },
      {
        "reactor_utilization": {
          "shard": "11",
          "value": 75.29934609999988
        }
      },
      {
        "reactor_utilization": {
          "shard": "12",
          "value": 66.586052379999842
        }
      },
      {
        "reactor_utilization": {
          "shard": "13",
          "value": 67.594300080000082
        }
      },
      {
        "reactor_utilization": {
          "shard": "14",
          "value": 66.4777760999999
        }
      },
      {
        "reactor_utilization": {
          "shard": "15",
          "value": 64.992511660000204
        }
      }
    ]
  },
  {
    "metrics": [
      {
        "reactor_utilization": {
          "shard": "0",
          "value": 63.330641460000159
        }
      },
      {
        "reactor_utilization": {
          "shard": "1",
          "value": 77.813083660000032
        }
      },
      {
        "reactor_utilization": {
          "shard": "2",
          "value": 67.35120270000003
        }
      },
      {
        "reactor_utilization": {
          "shard": "3",
          "value": 58.817845919999925
        }
      },
      {
        "reactor_utilization": {
          "shard": "4",
          "value": 55.398218840000091
        }
      },
      {
        "reactor_utilization": {
          "shard": "5",
          "value": 59.375640199999737
        }
      },
      {
        "reactor_utilization": {
          "shard": "6",
          "value": 65.196920279999887
        }
      },
      {
        "reactor_utilization": {
          "shard": "7",
          "value": 63.240185960000076
        }
      },
      {
        "reactor_utilization": {
          "shard": "8",
          "value": 59.724234520000017
        }
      },
      {
        "reactor_utilization": {
          "shard": "9",
          "value": 69.387606300000002
        }
      },
      {
        "reactor_utilization": {
          "shard": "10",
          "value": 55.904176320000289
        }
      },
      {
        "reactor_utilization": {
          "shard": "11",
          "value": 39.645319559999884
        }
      },
      {
        "reactor_utilization": {
          "shard": "12",
          "value": 68.993196879999829
        }
      },
      {
        "reactor_utilization": {
          "shard": "13",
          "value": 62.614065340000089
        }
      },
      {
        "reactor_utilization": {
          "shard": "14",
          "value": 50.281208179999894
        }
      },
      {
        "reactor_utilization": {
          "shard": "15",
          "value": 55.653133020000212
        }
      }
    ]
  },
  {
    "metrics": [
      {
        "reactor_utilization": {
          "shard": "0",
          "value": 63.237063300000173
        }
      },
      {
        "reactor_utilization": {
          "shard": "1",
          "value": 63.085898780000036
        }
      },
      {
        "reactor_utilization": {
          "shard": "2",
          "value": 53.731607080000018
        }
      },
      {
        "reactor_utilization": {
          "shard": "3",
          "value": 49.052867659999919
        }
      },
      {
        "reactor_utilization": {
          "shard": "4",
          "value": 60.323275060000093
        }
      },
      {
        "reactor_utilization": {
          "shard": "5",
          "value": 58.739534499999735
        }
      },
      {
        "reactor_utilization": {
          "shard": "6",
          "value": 65.284594199999873
        }
      },
      {
        "reactor_utilization": {
          "shard": "7",
          "value": 59.808618000000081
        }
      },
      {
        "reactor_utilization": {
          "shard": "8",
          "value": 61.097334000000018
        }
      },
      {
        "reactor_utilization": {
          "shard": "9",
          "value": 55.975140539999998
        }
      },
      {
        "reactor_utilization": {
          "shard": "10",
          "value": 59.905768720000282
        }
      },
      {
        "reactor_utilization": {
          "shard": "11",
          "value": 66.55198575999988
        }
      },
      {
        "reactor_utilization": {
          "shard": "12",
          "value": 78.250758259999827
        }
      },
      {
        "reactor_utilization": {
          "shard": "13",
          "value": 51.798320860000089
        }
      },
      {
        "reactor_utilization": {
          "shard": "14",
          "value": 57.361068999999887
        }
      },
      {
        "reactor_utilization": {
          "shard": "15",
          "value": 60.355097460000209
        }
      }
    ]
  },
  {
    "metrics": [
      {
        "reactor_utilization": {
          "shard": "0",
          "value": 73.667293700000172
        }
      },
      {
        "reactor_utilization": {
          "shard": "1",
          "value": 64.946072560000033
        }
      },
      {
        "reactor_utilization": {
          "shard": "2",
          "value": 44.468993160000025
        }
      },
      {
        "reactor_utilization": {
          "shard": "3",
          "value": 54.673034179999938
        }
      },
      {
        "reactor_utilization": {
          "shard": "4",
          "value": 57.33283184000009
        }
      },
      {
        "reactor_utilization": {
          "shard": "5",
          "value": 71.571905479999728
        }
      },
      {
        "reactor_utilization": {
          "shard": "6",
          "value": 58.10669279999987
        }
      },
      {
        "reactor_utilization": {
          "shard": "7",
          "value": 67.615253220000085
        }
      },
      {
        "reactor_utilization": {
          "shard": "8",
          "value": 54.737530600000028
        }
      },
      {
        "reactor_utilization": {
          "shard": "9",
          "value": 54.059983339999995
        }
      },
      {
        "reactor_utilization": {
          "shard": "10",
          "value": 55.656079220000301
        }
      },
      {
        "reactor_utilization": {
          "shard": "11",
          "value": 71.598047499999879
        }
      },
      {
        "reactor_utilization": {
          "shard": "12",
          "value": 61.183351299999835
        }
      },
      {
        "reactor_utilization": {
          "shard": "13",
          "value": 66.088827020000096
        }
      },
      {
        "reactor_utilization": {
          "shard": "14",
          "value": 59.35097411999989
        }
      },
      {
        "reactor_utilization": {
          "shard": "15",
          "value": 52.197985440000203
        }
      }
    ]
  },
  {
    "metrics": [
      {
        "reactor_utilization": {
          "shard": "0",
          "value": 51.107030920000163
        }
      },
      {
        "reactor_utilization": {
          "shard": "1",
          "value": 66.005865120000024
        }
      },
      {
        "reactor_utilization": {
          "shard": "2",
          "value": 56.942134900000021
        }
      },
      {
        "reactor_utilization": {
          "shard": "3",
          "value": 51.497783179999935
        }
      },
      {
        "reactor_utilization": {
          "shard": "4",
          "value": 46.1019924000001
        }
      },
      {
        "reactor_utilization": {
          "shard": "5",
          "value": 54.077582539999739
        }
      },
      {
        "reactor_utilization": {
          "shard": "6",
          "value": 69.067783499999877
        }
      },
      {
        "reactor_utilization": {
          "shard": "7",
          "value": 62.052800780000084
        }
      },
      {
        "reactor_utilization": {
          "shard": "8",
          "value": 66.048477420000012
        }
      },
      {
        "reactor_utilization": {
          "shard": "9",
          "value": 73.911396139999994
        }
      },
      {
        "reactor_utilization": {
          "shard": "10",
          "value": 71.229171180000293
        }
      },
      {
        "reactor_utilization": {
          "shard": "11",
          "value": 68.434998779999873
        }
      },
      {
        "reactor_utilization": {
          "shard": "12",
          "value": 75.546536819999844
        }
      },
      {
        "reactor_utilization": {
          "shard": "13",
          "value": 51.925124160000088
        }
      },
      {
        "reactor_utilization": {
          "shard": "14",
          "value": 53.645110939999896
        }
      },
      {
        "reactor_utilization": {
          "shard": "15",
          "value": 51.934757600000204
        }
      }
    ]
  },
  {
    "metrics": [
      {
        "reactor_utilization": {
          "shard": "0",
          "value": 55.799906380000166
        }
      },
      {
        "reactor_utilization": {
          "shard": "1",
          "value": 53.935326940000024
        }
      },
      {
        "reactor_utilization": {
          "shard": "2",
          "value": 62.839669800000017
        }
      },
      {
        "reactor_utilization": {
          "shard": "3",
          "value": 57.833604379999947
        }
      },
      {
        "reactor_utilization": {
          "shard": "4",
          "value": 56.981701600000093
        }
      },
      {
        "reactor_utilization": {
          "shard": "5",
          "value": 63.576809739999732
        }
      },
      {
        "reactor_utilization": {
          "shard": "6",
          "value": 69.399341299999875
        }
      },
      {
        "reactor_utilization": {
          "shard": "7",
          "value": 59.178727260000088
        }
      },
      {
        "reactor_utilization": {
          "shard": "8",
          "value": 65.256863280000019
        }
      },
      {
        "reactor_utilization": {
          "shard": "9",
          "value": 50.39753386000001
        }
      },
      {
        "reactor_utilization": {
          "shard": "10",
          "value": 68.412348100000301
        }
      },
      {
        "reactor_utilization": {
          "shard": "11",
          "value": 53.360386579999876
        }
      },
      {
        "reactor_utilization": {
          "shard": "12",
          "value": 70.941427139999831
        }
      },
      {
        "reactor_utilization": {
          "shard": "13",
          "value": 67.789129740000092
        }
      },
      {
        "reactor_utilization": {
          "shard": "14",
          "value": 59.692573059999908
        }
      },
      {
        "reactor_utilization": {
          "shard": "15",
          "value": 58.224384360000215
        }
      }
    ]
  },
  {
    "metrics": [
      {
        "reactor_utilization": {
          "shard": "0",
          "value": 61.834221780000178
        }
      },
      {
        "reactor_utilization": {
          "shard": "1",
          "value": 69.72673466000002
        }
      },
      {
        "reactor_utilization": {
          "shard": "2",
          "value": 49.593314740000004
        }
      },
      {
        "reactor_utilization": {
          "shard": "3",
          "value": 49.095671739999936
        }
      },
      {
        "reactor_utilization": {
          "shard": "4",
          "value": 56.727699260000094
        }
      },
      {
        "reactor_utilization": {
          "shard": "5",
          "value": 55.248497959999732
        }
      },
      {
        "reactor_utilization": {
          "shard": "6",
          "value": 63.308664479999877
        }
      },
      {
        "reactor_utilization": {
          "shard": "7",
          "value": 51.480583340000088
        }
      },
      {
        "reactor_utilization": {
          "shard": "8",
          "value": 65.685920320000022
        }
      },
      {
        "reactor_utilization": {
          "shard": "9",
          "value": 64.017971419999995
        }
      },
      {
        "reactor_utilization": {
          "shard": "10",
          "value": 72.064653640000301
        }
      },
      {
        "reactor_utilization": {
          "shard": "11",
          "value": 56.556055579999878
        }
      },
      {
        "reactor_utilization": {
          "shard": "12",
          "value": 81.344367819999846
        }
      },
      {
        "reactor_utilization": {
          "shard": "13",
          "value": 77.584179660000089
        }
      },
      {
        "reactor_utilization": {
          "shard": "14",
          "value": 58.902875619999897
        }
      },
      {
        "reactor_utilization": {
          "shard": "15",
          "value": 52.857964940000201
        }
      }
    ]
  },
  {
    "metrics": [
      {
        "reactor_utilization": {
          "shard": "0",
          "value": 60.941877660000173
        }
      },
      {
        "reactor_utilization": {
          "shard": "1",
          "value": 61.528948660000019
        }
      },
      {
        "reactor_utilization": {
          "shard": "2",
          "value": 50.311836420000013
        }
      },
      {
        "reactor_utilization": {
          "shard": "3",
          "value": 48.288098679999926
        }
      },
      {
        "reactor_utilization": {
          "shard": "4",
          "value": 52.417005920000079
        }
      },
      {
        "reactor_utilization": {
          "shard": "5",
          "value": 64.144111979999735
        }
      },
      {
        "reactor_utilization": {
          "shard": "6",
          "value": 60.735970979999877
        }
      },
      {
        "reactor_utilization": {
          "shard": "7",
          "value": 65.573889840000106
        }
      },
      {
        "reactor_utilization": {
          "shard": "8",
          "value": 57.561167680000025
        }
      },
      {
        "reactor_utilization": {
          "shard": "9",
          "value": 51.453811539999997
        }
      },
      {
        "reactor_utilization": {
          "shard": "10",
          "value": 54.848089720000303
        }
      },
      {
        "reactor_utilization": {
          "shard": "11",
          "value": 56.597222719999877
        }
      },
      {
        "reactor_utilization": {
          "shard": "12",
          "value": 75.018894539999835
        }
      },
      {
        "reactor_utilization": {
          "shard": "13",
          "value": 75.590305540000088
        }
      },
      {
        "reactor_utilization": {
          "shard": "14",
          "value": 56.824998439999895
        }
      },
      {
        "reactor_utilization": {
          "shard": "15",
          "value": 65.504203160000202
        }
      }
    ]
  },
  {
    "metrics": [
      {
        "reactor_utilization": {
          "shard": "0",
          "value": 63.323140040000169
        }
      },
      {
        "reactor_utilization": {
          "shard": "1",
          "value": 58.384370760000024
        }
      },
      {
        "reactor_utilization": {
          "shard": "2",
          "value": 52.610719920000001
        }
      },
      {
        "reactor_utilization": {
          "shard": "3",
          "value": 52.919602219999916
        }
      },
      {
        "reactor_utilization": {
          "shard": "4",
          "value": 68.824750960000088
        }
      },
      {
        "reactor_utilization": {
          "shard": "5",
          "value": 70.382982819999725
        }
      },
      {
        "reactor_utilization": {
          "shard": "6",
          "value": 53.299552479999868
        }
      },
      {
        "reactor_utilization": {
          "shard": "7",
          "value": 51.944486780000098
        }
      },
      {
        "reactor_utilization": {
          "shard": "8",
          "value": 59.420339700000028
        }
      },
      {
        "reactor_utilization": {
          "shard": "9",
          "value": 63.105659639999999
        }
      },
      {
        "reactor_utilization": {
          "shard": "10",
          "value": 68.862903940000294
        }
      },
      {
        "reactor_utilization": {
          "shard": "11",
          "value": 75.797962059999875
        }
      },
      {
        "reactor_utilization": {
          "shard": "12",
          "value": 74.803111199999833
        }
      },
      {
        "reactor_utilization": {
          "shard": "13",
          "value": 52.312885880000096
        }
      },
      {
        "reactor_utilization": {
          "shard": "14",
          "value": 51.028524079999883
        }
      },
      {
        "reactor_utilization": {
          "shard": "15",
          "value": 45.932043700000214
        }
      }
    ]
  },
  {
    "metrics": [
      {
        "reactor_utilization": {
          "shard": "0",
          "value": 63.77280720000018
        }
      },
      {
        "reactor_utilization": {
          "shard": "1",
          "value": 51.330124840000011
        }
      },
      {
        "reactor_utilization": {
          "shard": "2",
          "value": 48.604991639999994
        }
      },
      {
        "reactor_utilization": {
          "shard": "3",
          "value": 49.209068419999923
        }
      },
      {
        "reactor_utilization": {
          "shard": "4",
          "value": 65.700669800000071
        }
      },
      {
        "reactor_utilization": {
          "shard": "5",
          "value": 70.421440099999728
        }
      },
      {
        "reactor_utilization": {
          "shard": "6",
          "value": 60.510285059999866
        }
      },
      {
        "reactor_utilization": {
          "shard": "7",
          "value": 57.727932740000085
        }
      },
      {
        "reactor_utilization": {
          "shard": "8",
          "value": 57.609345220000016
        }
      },
      {
        "reactor_utilization": {
          "shard": "9",
          "value": 51.599719319999991
        }
      },
      {
        "reactor_utilization": {
          "shard": "10",
          "value": 60.987602200000303
        }
      },
      {
        "reactor_utilization": {
          "shard": "11",
          "value": 64.947922059999868
        }
      },
      {
        "reactor_utilization": {
          "shard": "12",
          "value": 72.504617119999835
        }
      },
      {
        "reactor_utilization": {
          "shard": "13",
          "value": 65.392934540000098
        }
      },
      {
        "reactor_utilization": {
          "shard": "14",
          "value": 50.134393599999868
        }
      },
      {
        "reactor_utilization": {
          "shard": "15",
          "value": 51.875241540000218
        }
      }
    ]
  },
  {
    "metrics": [
      {
        "reactor_utilization": {
          "shard": "0",
          "value": 67.463153560000165
        }
      },
      {
        "reactor_utilization": {
          "shard": "1",
          "value": 66.198879180000006
        }
      },
      {
        "reactor_utilization": {
          "shard": "2",
          "value": 62.024339239999989
        }
      },
      {
        "reactor_utilization": {
          "shard": "3",
          "value": 66.936568299999919
        }
      },
      {
        "reactor_utilization": {
          "shard": "4",
          "value": 57.418546920000082
        }
      },
      {
        "reactor_utilization": {
          "shard": "5",
          "value": 74.472384539999737
        }
      },
      {
        "reactor_utilization": {
          "shard": "6",
          "value": 60.828746919999865
        }
      },
      {
        "reactor_utilization": {
          "shard": "7",
          "value": 68.1830715400001
        }
      },
      {
        "reactor_utilization": {
          "shard": "8",
          "value": 49.441088940000014
        }
      },
      {
        "reactor_utilization": {
          "shard": "9",
          "value": 56.379465060000001
        }
      },
      {
        "reactor_utilization": {
          "shard": "10",
          "value": 60.213850240000298
        }
      },
      {
        "reactor_utilization": {
          "shard": "11",
          "value": 56.249338939999873
        }
      },
      {
        "reactor_utilization": {
          "shard": "12",
          "value": 70.27611713999984
        }
      },
      {
        "reactor_utilization": {
          "shard": "13",
          "value": 69.272677500000086
        }
      },
      {
        "reactor_utilization": {
          "shard": "14",
          "value": 54.483693159999888
        }
      },
      {
        "reactor_utilization": {
          "shard": "15",
          "value": 59.268817800000228
        }
      }
    ]
  },
  {
    "metrics": [
      {
        "reactor_utilization": {
          "shard": "0",
          "value": 65.216149420000164
        }
      },
      {
        "reactor_utilization": {
          "shard": "1",
          "value": 65.524796920000014
        }
      },
      {
        "reactor_utilization": {
          "shard": "2",
          "value": 49.136276779999989
        }
      },
      {
        "reactor_utilization": {
          "shard": "3",
          "value": 53.762073759999929
        }
      },
      {
        "reactor_utilization": {
          "shard": "4",
          "value": 55.317703660000085
        }
      },
      {
        "reactor_utilization": {
          "shard": "5",
          "value": 59.757244739999749
        }
      },
      {
        "reactor_utilization": {
          "shard": "6",
          "value": 64.636187679999864
        }
      },
      {
        "reactor_utilization": {
          "shard": "7",
          "value": 55.519032460000084
        }
      },
      {
        "reactor_utilization": {
          "shard": "8",
          "value": 62.847909220000005
        }
      },
      {
        "reactor_utilization": {
          "shard": "9",
          "value": 57.285362280000008
        }
      },
      {
        "reactor_utilization": {
          "shard": "10",
          "value": 58.494068280000299
        }
      },
      {
        "reactor_utilization": {
          "shard": "11",
          "value": 58.637996119999869
        }
      },
      {
        "reactor_utilization": {
          "shard": "12",
          "value": 63.938848259999837
        }
      },
      {
        "reactor_utilization": {
          "shard": "13",
          "value": 73.5480961600001
        }
      },
      {
        "reactor_utilization": {
          "shard": "14",
          "value": 50.109276059999885
        }
      },
      {
        "reactor_utilization": {
          "shard": "15",
          "value": 57.298109640000241
        }
      }
    ]
  },
  {
    "metrics": [
      {
        "reactor_utilization": {
          "shard": "0",
          "value": 60.028148820000169
        }
      },
      {
        "reactor_utilization": {
          "shard": "1",
          "value": 63.83547504000002
        }
      },
      {
        "reactor_utilization": {
          "shard": "2",
          "value": 58.871572140000005
        }
      },
      {
        "reactor_utilization": {
          "shard": "3",
          "value": 62.828346019999913
        }
      },
      {
        "reactor_utilization": {
          "shard": "4",
          "value": 60.037843440000081
        }
      },
      {
        "reactor_utilization": {
          "shard": "5",
          "value": 65.778021399999744
        }
      },
      {
        "reactor_utilization": {
          "shard": "6",
          "value": 48.584559219999853
        }
      },
      {
        "reactor_utilization": {
          "shard": "7",
          "value": 63.30842858000009
        }
      },
      {
        "reactor_utilization": {
          "shard": "8",
          "value": 56.85286078
        }
      },
      {
        "reactor_utilization": {
          "shard": "9",
          "value": 55.989608340000018
        }
      },
      {
        "reactor_utilization": {
          "shard": "10",
          "value": 56.324550660000305
        }
      },
      {
        "reactor_utilization": {
          "shard": "11",
          "value": 54.800429559999877
        }
      },
      {
        "reactor_utilization": {
          "shard": "12",
          "value": 59.128419999999849
        }
      },
      {
        "reactor_utilization": {
          "shard": "13",
          "value": 68.359013960000098
        }
      },
      {
        "reactor_utilization": {
          "shard": "14",
          "value": 63.022689219999897
        }
      },
      {
        "reactor_utilization": {
          "shard": "15",
          "value": 58.449421400000226
        }
      }
    ]
  },
  {
    "metrics": [
      {
        "reactor_utilization": {
          "shard": "0",
          "value": 71.472577480000155
        }
      },
      {
        "reactor_utilization": {
          "shard": "1",
          "value": 61.247458440000038
        }
      },
      {
        "reactor_utilization": {
          "shard": "2",
          "value": 49.946207440000002
        }
      },
      {
        "reactor_utilization": {
          "shard": "3",
          "value": 58.66063369999992
        }
      },
      {
        "reactor_utilization": {
          "shard": "4",
          "value": 64.66699768000008
        }
      },
      {
        "reactor_utilization": {
          "shard": "5",
          "value": 55.759633199999747
        }
      },
      {
        "reactor_utilization": {
          "shard": "6",
          "value": 57.23595977999986
        }
      },
      {
        "reactor_utilization": {
          "shard": "7",
          "value": 58.969674200000078
        }
      },
      {
        "reactor_utilization": {
          "shard": "8",
          "value": 63.830273700000006
        }
      },
      {
        "reactor_utilization": {
          "shard": "9",
          "value": 63.110071300000016
        }
      },
      {
        "reactor_utilization": {
          "shard": "10",
          "value": 55.4167538800003
        }
      },
      {
        "reactor_utilization": {
          "shard": "11",
          "value": 52.859717759999867
        }
      },
      {
        "reactor_utilization": {
          "shard": "12",
          "value": 64.713521619999838
        }
      },
      {
        "reactor_utilization": {
          "shard": "13",
          "value": 67.052944700000097
        }
      },
      {
        "reactor_utilization": {
          "shard": "14",
          "value": 56.938663479999896
        }
      },
      {
        "reactor_utilization": {
          "shard": "15",
          "value": 70.475333020000235
        }
      }
    ]
  }
]
