{
  "fio version" : "fio-3.39-26-ga72fe",
  "timestamp" : 1750783039,
  "timestamp_ms" : 1750783039570,
  "time" : "Tue Jun 24 16:37:19 2025",
  "global options" : {
    "ioengine" : "rbd",
    "bs" : "64k",
    "rw" : "read",
    "direct" : "1",
    "runtime" : "5m",
    "time_based" : "",
    "group_reporting" : "",
    "ramp_time" : "30s",
    "thread" : "1",
    "iodepth" : "1",
    "clientname" : "admin",
    "pool" : "rbd"
  },
  "jobs" : [
    {
      "jobname" : "fio_test_0",
      "groupid" : 0,
      "job_start" : 1750782739309,
      "error" : 0,
      "eta" : 0,
      "elapsed" : 331,
      "job options" : {
        "max_latency" : "1s",
        "numjobs" : "1",
        "rbdname" : "fio_test_31"
      },
      "read" : {
        "io_bytes" : 108877316096,
        "io_kbytes" : 106325504,
        "bw_bytes" : 362914709,
        "bw" : 354408,
        "iops" : 5537.638996,
        "runtime" : 300008,
        "total_ios" : 1661336,
        "short_ios" : 0,
        "drop_ios" : 0,
        "slat_ns" : {
          "min" : 1217,
          "max" : 163041,
          "mean" : 9658.681658,
          "stddev" : 5527.070690,
          "N" : 1661336
        },
        "clat_ns" : {
          "min" : 352504,
          "max" : 32328706,
          "mean" : 5765659.644058,
          "stddev" : 3803127.721677,
          "N" : 1661336,
          "percentile" : {
            "1.000000" : 1138688,
            "5.000000" : 1826816,
            "10.000000" : 2211840,
            "20.000000" : 2834432,
            "30.000000" : 3424256,
            "40.000000" : 4014080,
            "50.000000" : 4685824,
            "60.000000" : 5537792,
            "70.000000" : 6586368,
            "80.000000" : 8093696,
            "90.000000" : 10682368,
            "95.000000" : 13434880,
            "99.000000" : 19529728,
            "99.500000" : 21626880,
            "99.900000" : 25559040,
            "99.950000" : 26869760,
            "99.990000" : 28704768
          }
        },
        "lat_ns" : {
          "min" : 354660,
          "max" : 32339497,
          "mean" : 5775318.325716,
          "stddev" : 3803200.679118,
          "N" : 1661336
        },
        "bw_min" : 141323,
        "bw_max" : 820698,
        "bw_agg" : 100.000000,
        "bw_mean" : 354664.496093,
        "bw_dev" : 3575.423752,
        "bw_samples" : 19169,
        "iops_min" : 2208,
        "iops_max" : 12820,
        "iops_mean" : 5540.322020,
        "iops_stddev" : 55.852862,
        "iops_samples" : 19169
      },
      "write" : {
        "io_bytes" : 0,
        "io_kbytes" : 0,
        "bw_bytes" : 0,
        "bw" : 0,
        "iops" : 0.000000,
        "runtime" : 0,
        "total_ios" : 0,
        "short_ios" : 0,
        "drop_ios" : 0,
        "slat_ns" : {
          "min" : 0,
          "max" : 0,
          "mean" : 0.000000,
          "stddev" : 0.000000,
          "N" : 0
        },
        "clat_ns" : {
          "min" : 0,
          "max" : 0,
          "mean" : 0.000000,
          "stddev" : 0.000000,
          "N" : 0
        },
        "lat_ns" : {
          "min" : 0,
          "max" : 0,
          "mean" : 0.000000,
          "stddev" : 0.000000,
          "N" : 0
        },
        "bw_min" : 0,
        "bw_max" : 0,
        "bw_agg" : 0.000000,
        "bw_mean" : 0.000000,
        "bw_dev" : 0.000000,
        "bw_samples" : 0,
        "iops_min" : 0,
        "iops_max" : 0,
        "iops_mean" : 0.000000,
        "iops_stddev" : 0.000000,
        "iops_samples" : 0
      },
      "trim" : {
        "io_bytes" : 0,
        "io_kbytes" : 0,
        "bw_bytes" : 0,
        "bw" : 0,
        "iops" : 0.000000,
        "runtime" : 0,
        "total_ios" : 0,
        "short_ios" : 0,
        "drop_ios" : 0,
        "slat_ns" : {
          "min" : 0,
          "max" : 0,
          "mean" : 0.000000,
          "stddev" : 0.000000,
          "N" : 0
        },
        "clat_ns" : {
          "min" : 0,
          "max" : 0,
          "mean" : 0.000000,
          "stddev" : 0.000000,
          "N" : 0
        },
        "lat_ns" : {
          "min" : 0,
          "max" : 0,
          "mean" : 0.000000,
          "stddev" : 0.000000,
          "N" : 0
        },
        "bw_min" : 0,
        "bw_max" : 0,
        "bw_agg" : 0.000000,
        "bw_mean" : 0.000000,
        "bw_dev" : 0.000000,
        "bw_samples" : 0,
        "iops_min" : 0,
        "iops_max" : 0,
        "iops_mean" : 0.000000,
        "iops_stddev" : 0.000000,
        "iops_samples" : 0
      },
      "sync" : {
        "total_ios" : 0,
        "lat_ns" : {
          "min" : 0,
          "max" : 0,
          "mean" : 0.000000,
          "stddev" : 0.000000,
          "N" : 0
        }
      },
      "job_runtime" : 9600056,
      "usr_cpu" : 0.287102,
      "sys_cpu" : 0.208363,
      "ctx" : 1662120,
      "majf" : 0,
      "minf" : 433,
      "iodepth_level" : {
        "1" : 100.000000,
        "2" : 0.000000,
        "4" : 0.000000,
        "8" : 0.000000,
        "16" : 0.000000,
        "32" : 0.000000,
        ">=64" : 0.000000
      },
      "iodepth_submit" : {
        "0" : 0.000000,
        "4" : 100.000000,
        "8" : 0.000000,
        "16" : 0.000000,
        "32" : 0.000000,
        "64" : 0.000000,
        ">=64" : 0.000000
      },
      "iodepth_complete" : {
        "0" : 0.000000,
        "4" : 100.000000,
        "8" : 0.000000,
        "16" : 0.000000,
        "32" : 0.000000,
        "64" : 0.000000,
        ">=64" : 0.000000
      },
      "latency_ns" : {
        "2" : 0.000000,
        "4" : 0.000000,
        "10" : 0.000000,
        "20" : 0.000000,
        "50" : 0.000000,
        "100" : 0.000000,
        "250" : 0.000000,
        "500" : 0.000000,
        "750" : 0.000000,
        "1000" : 0.000000
      },
      "latency_us" : {
        "2" : 0.000000,
        "4" : 0.000000,
        "10" : 0.000000,
        "20" : 0.000000,
        "50" : 0.000000,
        "100" : 0.000000,
        "250" : 0.000000,
        "500" : 0.010000,
        "750" : 0.128993,
        "1000" : 0.470104
      },
      "latency_ms" : {
        "2" : 6.489897,
        "4" : 32.422942,
        "10" : 48.550985,
        "20" : 11.065853,
        "50" : 0.865328,
        "100" : 0.000000,
        "250" : 0.000000,
        "500" : 0.000000,
        "750" : 0.000000,
        "1000" : 0.000000,
        "2000" : 0.000000,
        ">=2000" : 0.000000
      },
      "latency_depth" : 1,
      "latency_target" : 0,
      "latency_percentile" : 100.000000,
      "latency_window" : 0
    }
  ],
  "disk_util" : [
    {
      "name" : "sda",
      "read_ios" : 0,
      "write_ios" : 3982,
      "read_sectors" : 0,
      "write_sectors" : 104272,
      "read_merges" : 0,
      "write_merges" : 5468,
      "read_ticks" : 0,
      "write_ticks" : 739,
      "in_queue" : 778,
      "util" : 0.100954
    }
  ]
}
