{
  "fio version" : "fio-3.39-26-ga72fe",
  "timestamp" : 1750784369,
  "timestamp_ms" : 1750784369266,
  "time" : "Tue Jun 24 16:59:29 2025",
  "global options" : {
    "ioengine" : "rbd",
    "bs" : "64k",
    "rw" : "read",
    "direct" : "1",
    "runtime" : "5m",
    "time_based" : "",
    "group_reporting" : "",
    "ramp_time" : "30s",
    "thread" : "1",
    "iodepth" : "4",
    "clientname" : "admin",
    "pool" : "rbd"
  },
  "jobs" : [
    {
      "jobname" : "fio_test_0",
      "groupid" : 0,
      "job_start" : 1750784068994,
      "error" : 0,
      "eta" : 0,
      "elapsed" : 331,
      "job options" : {
        "max_latency" : "1s",
        "numjobs" : "1",
        "rbdname" : "fio_test_31"
      },
      "read" : {
        "io_bytes" : 109953220608,
        "io_kbytes" : 107376192,
        "bw_bytes" : 366459431,
        "bw" : 357870,
        "iops" : 5591.407203,
        "runtime" : 300042,
        "total_ios" : 1677657,
        "short_ios" : 0,
        "drop_ios" : 0,
        "slat_ns" : {
          "min" : 455,
          "max" : 264586,
          "mean" : 8885.040226,
          "stddev" : 5528.852051,
          "N" : 1677657
        },
        "clat_ns" : {
          "min" : 490824,
          "max" : 158591292,
          "mean" : 22878747.427242,
          "stddev" : 18533189.561013,
          "N" : 1677753,
          "percentile" : {
            "1.000000" : 2899968,
            "5.000000" : 4751360,
            "10.000000" : 5996544,
            "20.000000" : 8355840,
            "30.000000" : 11075584,
            "40.000000" : 13828096,
            "50.000000" : 17170432,
            "60.000000" : 21364736,
            "70.000000" : 26607616,
            "80.000000" : 33816576,
            "90.000000" : 47448064,
            "95.000000" : 62128128,
            "99.000000" : 89653248,
            "99.500000" : 98041856,
            "99.900000" : 110624768,
            "99.950000" : 115867648,
            "99.990000" : 133693440
          }
        },
        "lat_ns" : {
          "min" : 508066,
          "max" : 158605245,
          "mean" : 22887632.530298,
          "stddev" : 18533621.040906,
          "N" : 1677753
        },
        "bw_min" : 81553,
        "bw_max" : 1069722,
        "bw_agg" : 100.000000,
        "bw_mean" : 358230.868194,
        "bw_dev" : 5388.917780,
        "bw_samples" : 19172,
        "iops_min" : 1274,
        "iops_max" : 16713,
        "iops_mean" : 5596.434026,
        "iops_stddev" : 84.192966,
        "iops_samples" : 19172
      },
      "write" : {
        "io_bytes" : 0,
        "io_kbytes" : 0,
        "bw_bytes" : 0,
        "bw" : 0,
        "iops" : 0.000000,
        "runtime" : 0,
        "total_ios" : 0,
        "short_ios" : 0,
        "drop_ios" : 0,
        "slat_ns" : {
          "min" : 0,
          "max" : 0,
          "mean" : 0.000000,
          "stddev" : 0.000000,
          "N" : 0
        },
        "clat_ns" : {
          "min" : 0,
          "max" : 0,
          "mean" : 0.000000,
          "stddev" : 0.000000,
          "N" : 0
        },
        "lat_ns" : {
          "min" : 0,
          "max" : 0,
          "mean" : 0.000000,
          "stddev" : 0.000000,
          "N" : 0
        },
        "bw_min" : 0,
        "bw_max" : 0,
        "bw_agg" : 0.000000,
        "bw_mean" : 0.000000,
        "bw_dev" : 0.000000,
        "bw_samples" : 0,
        "iops_min" : 0,
        "iops_max" : 0,
        "iops_mean" : 0.000000,
        "iops_stddev" : 0.000000,
        "iops_samples" : 0
      },
      "trim" : {
        "io_bytes" : 0,
        "io_kbytes" : 0,
        "bw_bytes" : 0,
        "bw" : 0,
        "iops" : 0.000000,
        "runtime" : 0,
        "total_ios" : 0,
        "short_ios" : 0,
        "drop_ios" : 0,
        "slat_ns" : {
          "min" : 0,
          "max" : 0,
          "mean" : 0.000000,
          "stddev" : 0.000000,
          "N" : 0
        },
        "clat_ns" : {
          "min" : 0,
          "max" : 0,
          "mean" : 0.000000,
          "stddev" : 0.000000,
          "N" : 0
        },
        "lat_ns" : {
          "min" : 0,
          "max" : 0,
          "mean" : 0.000000,
          "stddev" : 0.000000,
          "N" : 0
        },
        "bw_min" : 0,
        "bw_max" : 0,
        "bw_agg" : 0.000000,
        "bw_mean" : 0.000000,
        "bw_dev" : 0.000000,
        "bw_samples" : 0,
        "iops_min" : 0,
        "iops_max" : 0,
        "iops_mean" : 0.000000,
        "iops_stddev" : 0.000000,
        "iops_samples" : 0
      },
      "sync" : {
        "total_ios" : 0,
        "lat_ns" : {
          "min" : 0,
          "max" : 0,
          "mean" : 0.000000,
          "stddev" : 0.000000,
          "N" : 0
        }
      },
      "job_runtime" : 9600646,
      "usr_cpu" : 0.264482,
      "sys_cpu" : 0.201278,
      "ctx" : 1674704,
      "majf" : 0,
      "minf" : 560,
      "iodepth_level" : {
        "1" : 0.000000,
        "2" : 0.000000,
        "4" : 100.000000,
        "8" : 0.000000,
        "16" : 0.000000,
        "32" : 0.000000,
        ">=64" : 0.000000
      },
      "iodepth_submit" : {
        "0" : 0.000000,
        "4" : 100.000000,
        "8" : 0.000000,
        "16" : 0.000000,
        "32" : 0.000000,
        "64" : 0.000000,
        ">=64" : 0.000000
      },
      "iodepth_complete" : {
        "0" : 0.000000,
        "4" : 100.000000,
        "8" : 0.000000,
        "16" : 0.000000,
        "32" : 0.000000,
        "64" : 0.000000,
        ">=64" : 0.000000
      },
      "latency_ns" : {
        "2" : 0.000000,
        "4" : 0.000000,
        "10" : 0.000000,
        "20" : 0.000000,
        "50" : 0.000000,
        "100" : 0.000000,
        "250" : 0.000000,
        "500" : 0.000000,
        "750" : 0.000000,
        "1000" : 0.000000
      },
      "latency_us" : {
        "2" : 0.000000,
        "4" : 0.000000,
        "10" : 0.000000,
        "20" : 0.000000,
        "50" : 0.000000,
        "100" : 0.000000,
        "250" : 0.000000,
        "500" : 0.010000,
        "750" : 0.010000,
        "1000" : 0.016511
      },
      "latency_ms" : {
        "2" : 0.266920,
        "4" : 2.479828,
        "10" : 23.442813,
        "20" : 30.534549,
        "50" : 34.448102,
        "100" : 8.417871,
        "250" : 0.394181,
        "500" : 0.000000,
        "750" : 0.000000,
        "1000" : 0.000000,
        "2000" : 0.000000,
        ">=2000" : 0.000000
      },
      "latency_depth" : 4,
      "latency_target" : 0,
      "latency_percentile" : 100.000000,
      "latency_window" : 0
    }
  ],
  "disk_util" : [
    {
      "name" : "sda",
      "read_ios" : 0,
      "write_ios" : 3973,
      "read_sectors" : 0,
      "write_sectors" : 97800,
      "read_merges" : 0,
      "write_merges" : 5617,
      "read_ticks" : 0,
      "write_ticks" : 675,
      "in_queue" : 715,
      "util" : 0.095814
    }
  ]
}
