{
  "fio version" : "fio-3.39-26-ga72fe",
  "timestamp" : 1750788360,
  "timestamp_ms" : 1750788360437,
  "time" : "Tue Jun 24 18:06:00 2025",
  "global options" : {
    "ioengine" : "rbd",
    "bs" : "64k",
    "rw" : "read",
    "direct" : "1",
    "runtime" : "5m",
    "time_based" : "",
    "group_reporting" : "",
    "ramp_time" : "30s",
    "thread" : "1",
    "iodepth" : "32",
    "clientname" : "admin",
    "pool" : "rbd"
  },
  "jobs" : [
    {
      "jobname" : "fio_test_0",
      "groupid" : 0,
      "job_start" : 1750788059792,
      "error" : 110,
      "eta" : 0,
      "elapsed" : 331,
      "job options" : {
        "max_latency" : "1s",
        "numjobs" : "1",
        "rbdname" : "fio_test_31"
      },
      "read" : {
        "io_bytes" : 112207069184,
        "io_kbytes" : 109577216,
        "bw_bytes" : 373816718,
        "bw" : 365055,
        "iops" : 5700.685621,
        "runtime" : 300166,
        "total_ios" : 1711152,
        "short_ios" : 0,
        "drop_ios" : 0,
        "slat_ns" : {
          "min" : 426,
          "max" : 170272,
          "mean" : 7763.032146,
          "stddev" : 5782.369082,
          "N" : 1711152
        },
        "clat_ns" : {
          "min" : 439201,
          "max" : 2340906902,
          "mean" : 74547017.704952,
          "stddev" : 85937390.674286,
          "N" : 1712144,
          "percentile" : {
            "1.000000" : 2408448,
            "5.000000" : 5144576,
            "10.000000" : 8585216,
            "20.000000" : 15794176,
            "30.000000" : 24248320,
            "40.000000" : 34340864,
            "50.000000" : 47448064,
            "60.000000" : 64225280,
            "70.000000" : 86507520,
            "80.000000" : 117964800,
            "90.000000" : 170917888,
            "95.000000" : 225443840,
            "99.000000" : 408944640,
            "99.500000" : 480247808,
            "99.900000" : 683671552,
            "99.950000" : 910163968,
            "99.990000" : 1669332992
          }
        },
        "lat_ns" : {
          "min" : 448256,
          "max" : 2340920689,
          "mean" : 74554781.751863,
          "stddev" : 85938414.001967,
          "N" : 1712144
        },
        "bw_min" : 47546,
        "bw_max" : 1155955,
        "bw_agg" : 100.000000,
        "bw_mean" : 498957.642152,
        "bw_dev" : 10350.293917,
        "bw_samples" : 7927,
        "iops_min" : 741,
        "iops_max" : 18058,
        "iops_mean" : 7792.277551,
        "iops_stddev" : 161.733959,
        "iops_samples" : 7927
      },
      "write" : {
        "io_bytes" : 0,
        "io_kbytes" : 0,
        "bw_bytes" : 0,
        "bw" : 0,
        "iops" : 0.000000,
        "runtime" : 0,
        "total_ios" : 0,
        "short_ios" : 0,
        "drop_ios" : 0,
        "slat_ns" : {
          "min" : 0,
          "max" : 0,
          "mean" : 0.000000,
          "stddev" : 0.000000,
          "N" : 0
        },
        "clat_ns" : {
          "min" : 0,
          "max" : 0,
          "mean" : 0.000000,
          "stddev" : 0.000000,
          "N" : 0
        },
        "lat_ns" : {
          "min" : 0,
          "max" : 0,
          "mean" : 0.000000,
          "stddev" : 0.000000,
          "N" : 0
        },
        "bw_min" : 0,
        "bw_max" : 0,
        "bw_agg" : 0.000000,
        "bw_mean" : 0.000000,
        "bw_dev" : 0.000000,
        "bw_samples" : 0,
        "iops_min" : 0,
        "iops_max" : 0,
        "iops_mean" : 0.000000,
        "iops_stddev" : 0.000000,
        "iops_samples" : 0
      },
      "trim" : {
        "io_bytes" : 0,
        "io_kbytes" : 0,
        "bw_bytes" : 0,
        "bw" : 0,
        "iops" : 0.000000,
        "runtime" : 0,
        "total_ios" : 0,
        "short_ios" : 0,
        "drop_ios" : 0,
        "slat_ns" : {
          "min" : 0,
          "max" : 0,
          "mean" : 0.000000,
          "stddev" : 0.000000,
          "N" : 0
        },
        "clat_ns" : {
          "min" : 0,
          "max" : 0,
          "mean" : 0.000000,
          "stddev" : 0.000000,
          "N" : 0
        },
        "lat_ns" : {
          "min" : 0,
          "max" : 0,
          "mean" : 0.000000,
          "stddev" : 0.000000,
          "N" : 0
        },
        "bw_min" : 0,
        "bw_max" : 0,
        "bw_agg" : 0.000000,
        "bw_mean" : 0.000000,
        "bw_dev" : 0.000000,
        "bw_samples" : 0,
        "iops_min" : 0,
        "iops_max" : 0,
        "iops_mean" : 0.000000,
        "iops_stddev" : 0.000000,
        "iops_samples" : 0
      },
      "sync" : {
        "total_ios" : 0,
        "lat_ns" : {
          "min" : 0,
          "max" : 0,
          "mean" : 0.000000,
          "stddev" : 0.000000,
          "N" : 0
        }
      },
      "job_runtime" : 3978201,
      "usr_cpu" : 0.547936,
      "sys_cpu" : 0.463124,
      "ctx" : 1668885,
      "majf" : 0,
      "minf" : 256,
      "iodepth_level" : {
        "1" : 0.000000,
        "2" : 0.000000,
        "4" : 0.000000,
        "8" : 0.000000,
        "16" : 0.000000,
        "32" : 100.000000,
        ">=64" : 0.000000
      },
      "iodepth_submit" : {
        "0" : 0.000000,
        "4" : 100.000000,
        "8" : 0.000000,
        "16" : 0.000000,
        "32" : 0.000000,
        "64" : 0.000000,
        ">=64" : 0.000000
      },
      "iodepth_complete" : {
        "0" : 0.100000,
        "4" : 99.998481,
        "8" : 0.000000,
        "16" : 0.000000,
        "32" : 0.100000,
        "64" : 0.000000,
        ">=64" : 0.000000
      },
      "latency_ns" : {
        "2" : 0.000000,
        "4" : 0.000000,
        "10" : 0.000000,
        "20" : 0.000000,
        "50" : 0.000000,
        "100" : 0.000000,
        "250" : 0.000000,
        "500" : 0.000000,
        "750" : 0.000000,
        "1000" : 0.000000
      },
      "latency_us" : {
        "2" : 0.000000,
        "4" : 0.000000,
        "10" : 0.000000,
        "20" : 0.000000,
        "50" : 0.000000,
        "100" : 0.000000,
        "250" : 0.000000,
        "500" : 0.010000,
        "750" : 0.010000,
        "1000" : 0.033895
      },
      "latency_ms" : {
        "2" : 0.524851,
        "4" : 2.715656,
        "10" : 8.831477,
        "20" : 13.070025,
        "50" : 26.673434,
        "100" : 23.052540,
        "250" : 21.319555,
        "500" : 3.403497,
        "750" : 0.346667,
        "1000" : 0.050025,
        "2000" : 0.023668,
        ">=2000" : 0.010000
      },
      "latency_depth" : 32,
      "latency_target" : 0,
      "latency_percentile" : 100.000000,
      "latency_window" : 0
    }
  ],
  "disk_util" : [
    {
      "name" : "sda",
      "read_ios" : 0,
      "write_ios" : 3945,
      "read_sectors" : 0,
      "write_sectors" : 93656,
      "read_merges" : 0,
      "write_merges" : 5136,
      "read_ticks" : 0,
      "write_ticks" : 624,
      "in_queue" : 663,
      "util" : 0.080526
    }
  ]
}
