{
    "osd_0": {
        "0": {
            "reactor": [
                "947939",
                "947953",
                "947961"
            ]
        },
        "1": {
            "reactor": [
                "947947",
                "947957",
                "947966"
            ]
        },
        "2": {
            "reactor": [
                "947949",
                "947958",
                "947968"
            ]
        },
        "3": {
            "reactor": [
                "947951",
                "947956",
                "947967"
            ]
        },
        "56": {
            "reactor": [
                "947946",
                "947954",
                "947964"
            ]
        },
        "57": {
            "reactor": [
                "947948",
                "947960",
                "947962"
            ]
        },
        "58": {
            "reactor": [
                "947950",
                "947959",
                "947963"
            ]
        },
        "59": {
            "reactor": [
                "947952",
                "947955",
                "947965"
            ]
        }
    }
}