[
    {
        "FIO": {
            "cpu": {
                "data": [
                    329.35666666666776
                ],
                "index": 1,
                "time": [
                    "17:55:37"
                ],
                "total": 344.80000000000007
            },
            "mem": {
                "data": [
                    0.0
                ],
                "index": 1,
                "time": [
                    "17:55:37"
                ],
                "total": 0.0
            }
        },
        "OSD": {
            "cpu": {
                "data": [
                    730.7633333333342
                ],
                "index": 1,
                "time": [
                    "17:55:37"
                ],
                "total": 752.0000000000001
            },
            "mem": {
                "data": [
                    120.63999999999858
                ],
                "index": 1,
                "time": [
                    "17:55:37"
                ],
                "total": 124.80000000000004
            }
        }
    }
]