{
  "fio version" : "fio-3.39-26-ga72fe",
  "timestamp" : 1750857798,
  "timestamp_ms" : 1750857798100,
  "time" : "Wed Jun 25 13:23:18 2025",
  "global options" : {
    "ioengine" : "rbd",
    "bs" : "4k",
    "rw" : "randread",
    "direct" : "1",
    "runtime" : "5m",
    "time_based" : "",
    "group_reporting" : "",
    "ramp_time" : "30s",
    "thread" : "1",
    "iodepth" : "24",
    "clientname" : "admin",
    "pool" : "rbd"
  },
  "jobs" : [
    {
      "jobname" : "fio_test_0",
      "groupid" : 0,
      "job_start" : 1750857497954,
      "error" : 0,
      "eta" : 0,
      "elapsed" : 331,
      "job options" : {
        "max_latency" : "1s",
        "numjobs" : "1",
        "rbdname" : "fio_test_31"
      },
      "read" : {
        "io_bytes" : 102537183232,
        "io_kbytes" : 100133968,
        "bw_bytes" : 341773522,
        "bw" : 333763,
        "iops" : 83438.348083,
        "runtime" : 300015,
        "total_ios" : 25032756,
        "short_ios" : 0,
        "drop_ios" : 0,
        "slat_ns" : {
          "min" : 418,
          "max" : 319047,
          "mean" : 4260.868275,
          "stddev" : 3710.557689,
          "N" : 25032756
        },
        "clat_ns" : {
          "min" : 129017,
          "max" : 276473613,
          "mean" : 9198474.830193,
          "stddev" : 8365856.296328,
          "N" : 25033492,
          "percentile" : {
            "1.000000" : 1044480,
            "5.000000" : 2408448,
            "10.000000" : 3424256,
            "20.000000" : 4816896,
            "30.000000" : 5931008,
            "40.000000" : 6914048,
            "50.000000" : 7962624,
            "60.000000" : 8978432,
            "70.000000" : 10027008,
            "80.000000" : 11599872,
            "90.000000" : 14483456,
            "95.000000" : 19005440,
            "99.000000" : 39583744,
            "99.500000" : 55836672,
            "99.900000" : 110624768,
            "99.950000" : 132644864,
            "99.990000" : 177209344
          }
        },
        "lat_ns" : {
          "min" : 131421,
          "max" : 276475168,
          "mean" : 9202735.687789,
          "stddev" : 8365883.924689,
          "N" : 25033492
        },
        "bw_min" : 105322,
        "bw_max" : 433602,
        "bw_agg" : 100.000000,
        "bw_mean" : 333930.063208,
        "bw_dev" : 972.584069,
        "bw_samples" : 19180,
        "iops_min" : 26330,
        "iops_max" : 108400,
        "iops_mean" : 83481.464986,
        "iops_stddev" : 243.145380,
        "iops_samples" : 19180
      },
      "write" : {
        "io_bytes" : 0,
        "io_kbytes" : 0,
        "bw_bytes" : 0,
        "bw" : 0,
        "iops" : 0.000000,
        "runtime" : 0,
        "total_ios" : 0,
        "short_ios" : 0,
        "drop_ios" : 0,
        "slat_ns" : {
          "min" : 0,
          "max" : 0,
          "mean" : 0.000000,
          "stddev" : 0.000000,
          "N" : 0
        },
        "clat_ns" : {
          "min" : 0,
          "max" : 0,
          "mean" : 0.000000,
          "stddev" : 0.000000,
          "N" : 0
        },
        "lat_ns" : {
          "min" : 0,
          "max" : 0,
          "mean" : 0.000000,
          "stddev" : 0.000000,
          "N" : 0
        },
        "bw_min" : 0,
        "bw_max" : 0,
        "bw_agg" : 0.000000,
        "bw_mean" : 0.000000,
        "bw_dev" : 0.000000,
        "bw_samples" : 0,
        "iops_min" : 0,
        "iops_max" : 0,
        "iops_mean" : 0.000000,
        "iops_stddev" : 0.000000,
        "iops_samples" : 0
      },
      "trim" : {
        "io_bytes" : 0,
        "io_kbytes" : 0,
        "bw_bytes" : 0,
        "bw" : 0,
        "iops" : 0.000000,
        "runtime" : 0,
        "total_ios" : 0,
        "short_ios" : 0,
        "drop_ios" : 0,
        "slat_ns" : {
          "min" : 0,
          "max" : 0,
          "mean" : 0.000000,
          "stddev" : 0.000000,
          "N" : 0
        },
        "clat_ns" : {
          "min" : 0,
          "max" : 0,
          "mean" : 0.000000,
          "stddev" : 0.000000,
          "N" : 0
        },
        "lat_ns" : {
          "min" : 0,
          "max" : 0,
          "mean" : 0.000000,
          "stddev" : 0.000000,
          "N" : 0
        },
        "bw_min" : 0,
        "bw_max" : 0,
        "bw_agg" : 0.000000,
        "bw_mean" : 0.000000,
        "bw_dev" : 0.000000,
        "bw_samples" : 0,
        "iops_min" : 0,
        "iops_max" : 0,
        "iops_mean" : 0.000000,
        "iops_stddev" : 0.000000,
        "iops_samples" : 0
      },
      "sync" : {
        "total_ios" : 0,
        "lat_ns" : {
          "min" : 0,
          "max" : 0,
          "mean" : 0.000000,
          "stddev" : 0.000000,
          "N" : 0
        }
      },
      "job_runtime" : 9600343,
      "usr_cpu" : 1.719324,
      "sys_cpu" : 1.415887,
      "ctx" : 14758201,
      "majf" : 0,
      "minf" : 341,
      "iodepth_level" : {
        "1" : 0.000000,
        "2" : 0.000000,
        "4" : 0.000000,
        "8" : 0.000000,
        "16" : 100.000000,
        "32" : 0.000000,
        ">=64" : 0.000000
      },
      "iodepth_submit" : {
        "0" : 0.000000,
        "4" : 100.000000,
        "8" : 0.000000,
        "16" : 0.000000,
        "32" : 0.000000,
        "64" : 0.000000,
        ">=64" : 0.000000
      },
      "iodepth_complete" : {
        "0" : 0.000000,
        "4" : 99.999936,
        "8" : 0.000000,
        "16" : 0.000000,
        "32" : 0.100000,
        "64" : 0.000000,
        ">=64" : 0.000000
      },
      "latency_ns" : {
        "2" : 0.000000,
        "4" : 0.000000,
        "10" : 0.000000,
        "20" : 0.000000,
        "50" : 0.000000,
        "100" : 0.000000,
        "250" : 0.000000,
        "500" : 0.000000,
        "750" : 0.000000,
        "1000" : 0.000000
      },
      "latency_us" : {
        "2" : 0.000000,
        "4" : 0.000000,
        "10" : 0.000000,
        "20" : 0.000000,
        "50" : 0.000000,
        "100" : 0.000000,
        "250" : 0.024588,
        "500" : 0.203178,
        "750" : 0.281200,
        "1000" : 0.398873
      },
      "latency_ms" : {
        "2" : 2.623830,
        "4" : 10.685639,
        "10" : 55.250836,
        "20" : 26.125110,
        "50" : 3.779029,
        "100" : 0.492942,
        "250" : 0.136389,
        "500" : 0.010000,
        "750" : 0.000000,
        "1000" : 0.000000,
        "2000" : 0.000000,
        ">=2000" : 0.000000
      },
      "latency_depth" : 24,
      "latency_target" : 0,
      "latency_percentile" : 100.000000,
      "latency_window" : 0
    }
  ],
  "disk_util" : [
    {
      "name" : "sda",
      "read_ios" : 0,
      "write_ios" : 4113,
      "read_sectors" : 0,
      "write_sectors" : 98320,
      "read_merges" : 0,
      "write_merges" : 5809,
      "read_ticks" : 0,
      "write_ticks" : 659,
      "in_queue" : 700,
      "util" : 0.093649
    }
  ]
}
