{
  "fio version" : "fio-3.39-26-ga72fe",
  "timestamp" : 1750858462,
  "timestamp_ms" : 1750858462626,
  "time" : "Wed Jun 25 13:34:22 2025",
  "global options" : {
    "ioengine" : "rbd",
    "bs" : "4k",
    "rw" : "randread",
    "direct" : "1",
    "runtime" : "5m",
    "time_based" : "",
    "group_reporting" : "",
    "ramp_time" : "30s",
    "thread" : "1",
    "iodepth" : "40",
    "clientname" : "admin",
    "pool" : "rbd"
  },
  "jobs" : [
    {
      "jobname" : "fio_test_0",
      "groupid" : 0,
      "job_start" : 1750858162488,
      "error" : 0,
      "eta" : 0,
      "elapsed" : 331,
      "job options" : {
        "max_latency" : "1s",
        "numjobs" : "1",
        "rbdname" : "fio_test_31"
      },
      "read" : {
        "io_bytes" : 101968224256,
        "io_kbytes" : 99578344,
        "bw_bytes" : 339862360,
        "bw" : 331896,
        "iops" : 82970.049462,
        "runtime" : 300028,
        "total_ios" : 24893338,
        "short_ios" : 0,
        "drop_ios" : 0,
        "slat_ns" : {
          "min" : 437,
          "max" : 390188,
          "mean" : 3399.843755,
          "stddev" : 3001.656803,
          "N" : 24893338
        },
        "clat_ns" : {
          "min" : 136004,
          "max" : 649935455,
          "mean" : 15424939.403827,
          "stddev" : 32423465.473187,
          "N" : 24894586,
          "percentile" : {
            "1.000000" : 1056768,
            "5.000000" : 2768896,
            "10.000000" : 4014080,
            "20.000000" : 5931008,
            "30.000000" : 7045120,
            "40.000000" : 8454144,
            "50.000000" : 9502720,
            "60.000000" : 10944512,
            "70.000000" : 12386304,
            "80.000000" : 14483456,
            "90.000000" : 20840448,
            "95.000000" : 35913728,
            "99.000000" : 168820736,
            "99.500000" : 248512512,
            "99.900000" : 438304768,
            "99.950000" : 488636416,
            "99.990000" : 574619648
          }
        },
        "lat_ns" : {
          "min" : 138390,
          "max" : 649948065,
          "mean" : 15428339.250983,
          "stddev" : 32423470.349434,
          "N" : 24894586
        },
        "bw_min" : 101433,
        "bw_max" : 448841,
        "bw_agg" : 100.000000,
        "bw_mean" : 332064.134666,
        "bw_dev" : 1155.108273,
        "bw_samples" : 19176,
        "iops_min" : 25358,
        "iops_max" : 112210,
        "iops_mean" : 83015.331149,
        "iops_stddev" : 288.777287,
        "iops_samples" : 19176
      },
      "write" : {
        "io_bytes" : 0,
        "io_kbytes" : 0,
        "bw_bytes" : 0,
        "bw" : 0,
        "iops" : 0.000000,
        "runtime" : 0,
        "total_ios" : 0,
        "short_ios" : 0,
        "drop_ios" : 0,
        "slat_ns" : {
          "min" : 0,
          "max" : 0,
          "mean" : 0.000000,
          "stddev" : 0.000000,
          "N" : 0
        },
        "clat_ns" : {
          "min" : 0,
          "max" : 0,
          "mean" : 0.000000,
          "stddev" : 0.000000,
          "N" : 0
        },
        "lat_ns" : {
          "min" : 0,
          "max" : 0,
          "mean" : 0.000000,
          "stddev" : 0.000000,
          "N" : 0
        },
        "bw_min" : 0,
        "bw_max" : 0,
        "bw_agg" : 0.000000,
        "bw_mean" : 0.000000,
        "bw_dev" : 0.000000,
        "bw_samples" : 0,
        "iops_min" : 0,
        "iops_max" : 0,
        "iops_mean" : 0.000000,
        "iops_stddev" : 0.000000,
        "iops_samples" : 0
      },
      "trim" : {
        "io_bytes" : 0,
        "io_kbytes" : 0,
        "bw_bytes" : 0,
        "bw" : 0,
        "iops" : 0.000000,
        "runtime" : 0,
        "total_ios" : 0,
        "short_ios" : 0,
        "drop_ios" : 0,
        "slat_ns" : {
          "min" : 0,
          "max" : 0,
          "mean" : 0.000000,
          "stddev" : 0.000000,
          "N" : 0
        },
        "clat_ns" : {
          "min" : 0,
          "max" : 0,
          "mean" : 0.000000,
          "stddev" : 0.000000,
          "N" : 0
        },
        "lat_ns" : {
          "min" : 0,
          "max" : 0,
          "mean" : 0.000000,
          "stddev" : 0.000000,
          "N" : 0
        },
        "bw_min" : 0,
        "bw_max" : 0,
        "bw_agg" : 0.000000,
        "bw_mean" : 0.000000,
        "bw_dev" : 0.000000,
        "bw_samples" : 0,
        "iops_min" : 0,
        "iops_max" : 0,
        "iops_mean" : 0.000000,
        "iops_stddev" : 0.000000,
        "iops_samples" : 0
      },
      "sync" : {
        "total_ios" : 0,
        "lat_ns" : {
          "min" : 0,
          "max" : 0,
          "mean" : 0.000000,
          "stddev" : 0.000000,
          "N" : 0
        }
      },
      "job_runtime" : 9600729,
      "usr_cpu" : 1.357553,
      "sys_cpu" : 1.091219,
      "ctx" : 14683612,
      "majf" : 0,
      "minf" : 715,
      "iodepth_level" : {
        "1" : 0.000000,
        "2" : 0.000000,
        "4" : 0.000000,
        "8" : 0.000000,
        "16" : 0.000000,
        "32" : 100.000000,
        ">=64" : 0.000000
      },
      "iodepth_submit" : {
        "0" : 0.000000,
        "4" : 100.000000,
        "8" : 0.000000,
        "16" : 0.000000,
        "32" : 0.000000,
        "64" : 0.000000,
        ">=64" : 0.000000
      },
      "iodepth_complete" : {
        "0" : 0.000000,
        "4" : 99.999936,
        "8" : 0.000000,
        "16" : 0.000000,
        "32" : 0.000000,
        "64" : 0.100000,
        ">=64" : 0.000000
      },
      "latency_ns" : {
        "2" : 0.000000,
        "4" : 0.000000,
        "10" : 0.000000,
        "20" : 0.000000,
        "50" : 0.000000,
        "100" : 0.000000,
        "250" : 0.000000,
        "500" : 0.000000,
        "750" : 0.000000,
        "1000" : 0.000000
      },
      "latency_us" : {
        "2" : 0.000000,
        "4" : 0.000000,
        "10" : 0.000000,
        "20" : 0.000000,
        "50" : 0.000000,
        "100" : 0.000000,
        "250" : 0.019680,
        "500" : 0.228077,
        "750" : 0.277327,
        "1000" : 0.373783
      },
      "latency_ms" : {
        "2" : 1.942359,
        "4" : 6.890948,
        "10" : 44.174598,
        "20" : 35.451863,
        "50" : 6.976461,
        "100" : 1.669792,
        "250" : 1.512087,
        "500" : 0.445718,
        "750" : 0.042321,
        "1000" : 0.000000,
        "2000" : 0.000000,
        ">=2000" : 0.000000
      },
      "latency_depth" : 40,
      "latency_target" : 0,
      "latency_percentile" : 100.000000,
      "latency_window" : 0
    }
  ],
  "disk_util" : [
    {
      "name" : "sda",
      "read_ios" : 0,
      "write_ios" : 4114,
      "read_sectors" : 0,
      "write_sectors" : 107680,
      "read_merges" : 0,
      "write_merges" : 5617,
      "read_ticks" : 0,
      "write_ticks" : 695,
      "in_queue" : 735,
      "util" : 0.098193
    }
  ]
}
