{
  "fio version" : "fio-3.39-26-ga72fe",
  "timestamp" : 1750857133,
  "timestamp_ms" : 1750857133516,
  "time" : "Wed Jun 25 13:12:13 2025",
  "global options" : {
    "ioengine" : "rbd",
    "bs" : "4k",
    "rw" : "randread",
    "direct" : "1",
    "runtime" : "5m",
    "time_based" : "",
    "group_reporting" : "",
    "ramp_time" : "30s",
    "thread" : "1",
    "iodepth" : "8",
    "clientname" : "admin",
    "pool" : "rbd"
  },
  "jobs" : [
    {
      "jobname" : "fio_test_0",
      "groupid" : 0,
      "job_start" : 1750856833412,
      "error" : 0,
      "eta" : 0,
      "elapsed" : 331,
      "job options" : {
        "max_latency" : "1s",
        "numjobs" : "1",
        "rbdname" : "fio_test_31"
      },
      "read" : {
        "io_bytes" : 99145170944,
        "io_kbytes" : 96821456,
        "bw_bytes" : 330479496,
        "bw" : 322733,
        "iops" : 80682.724230,
        "runtime" : 300004,
        "total_ios" : 24205140,
        "short_ios" : 0,
        "drop_ios" : 0,
        "slat_ns" : {
          "min" : 443,
          "max" : 1046917,
          "mean" : 2975.103292,
          "stddev" : 2221.246832,
          "N" : 24205140
        },
        "clat_ns" : {
          "min" : 130309,
          "max" : 31992368,
          "mean" : 3168933.612802,
          "stddev" : 1502533.971163,
          "N" : 24205364,
          "percentile" : {
            "1.000000" : 536576,
            "5.000000" : 1044480,
            "10.000000" : 1417216,
            "20.000000" : 1925120,
            "30.000000" : 2310144,
            "40.000000" : 2605056,
            "50.000000" : 2998272,
            "60.000000" : 3424256,
            "70.000000" : 3850240,
            "80.000000" : 4423680,
            "90.000000" : 5013504,
            "95.000000" : 5799936,
            "99.000000" : 7438336,
            "99.500000" : 8224768,
            "99.900000" : 10813440,
            "99.950000" : 12386304,
            "99.990000" : 16580608
          }
        },
        "lat_ns" : {
          "min" : 132398,
          "max" : 31994935,
          "mean" : 3171908.728937,
          "stddev" : 1502524.696697,
          "N" : 24205364
        },
        "bw_min" : 185819,
        "bw_max" : 365416,
        "bw_agg" : 100.000000,
        "bw_mean" : 322842.305289,
        "bw_dev" : 447.128234,
        "bw_samples" : 19188,
        "iops_min" : 46453,
        "iops_max" : 91354,
        "iops_mean" : 80709.191313,
        "iops_stddev" : 111.782475,
        "iops_samples" : 19188
      },
      "write" : {
        "io_bytes" : 0,
        "io_kbytes" : 0,
        "bw_bytes" : 0,
        "bw" : 0,
        "iops" : 0.000000,
        "runtime" : 0,
        "total_ios" : 0,
        "short_ios" : 0,
        "drop_ios" : 0,
        "slat_ns" : {
          "min" : 0,
          "max" : 0,
          "mean" : 0.000000,
          "stddev" : 0.000000,
          "N" : 0
        },
        "clat_ns" : {
          "min" : 0,
          "max" : 0,
          "mean" : 0.000000,
          "stddev" : 0.000000,
          "N" : 0
        },
        "lat_ns" : {
          "min" : 0,
          "max" : 0,
          "mean" : 0.000000,
          "stddev" : 0.000000,
          "N" : 0
        },
        "bw_min" : 0,
        "bw_max" : 0,
        "bw_agg" : 0.000000,
        "bw_mean" : 0.000000,
        "bw_dev" : 0.000000,
        "bw_samples" : 0,
        "iops_min" : 0,
        "iops_max" : 0,
        "iops_mean" : 0.000000,
        "iops_stddev" : 0.000000,
        "iops_samples" : 0
      },
      "trim" : {
        "io_bytes" : 0,
        "io_kbytes" : 0,
        "bw_bytes" : 0,
        "bw" : 0,
        "iops" : 0.000000,
        "runtime" : 0,
        "total_ios" : 0,
        "short_ios" : 0,
        "drop_ios" : 0,
        "slat_ns" : {
          "min" : 0,
          "max" : 0,
          "mean" : 0.000000,
          "stddev" : 0.000000,
          "N" : 0
        },
        "clat_ns" : {
          "min" : 0,
          "max" : 0,
          "mean" : 0.000000,
          "stddev" : 0.000000,
          "N" : 0
        },
        "lat_ns" : {
          "min" : 0,
          "max" : 0,
          "mean" : 0.000000,
          "stddev" : 0.000000,
          "N" : 0
        },
        "bw_min" : 0,
        "bw_max" : 0,
        "bw_agg" : 0.000000,
        "bw_mean" : 0.000000,
        "bw_dev" : 0.000000,
        "bw_samples" : 0,
        "iops_min" : 0,
        "iops_max" : 0,
        "iops_mean" : 0.000000,
        "iops_stddev" : 0.000000,
        "iops_samples" : 0
      },
      "sync" : {
        "total_ios" : 0,
        "lat_ns" : {
          "min" : 0,
          "max" : 0,
          "mean" : 0.000000,
          "stddev" : 0.000000,
          "N" : 0
        }
      },
      "job_runtime" : 9600055,
      "usr_cpu" : 1.133358,
      "sys_cpu" : 0.969849,
      "ctx" : 16292733,
      "majf" : 0,
      "minf" : 401,
      "iodepth_level" : {
        "1" : 0.000000,
        "2" : 0.000000,
        "4" : 0.000000,
        "8" : 100.000000,
        "16" : 0.000000,
        "32" : 0.000000,
        ">=64" : 0.000000
      },
      "iodepth_submit" : {
        "0" : 0.000000,
        "4" : 100.000000,
        "8" : 0.000000,
        "16" : 0.000000,
        "32" : 0.000000,
        "64" : 0.000000,
        ">=64" : 0.000000
      },
      "iodepth_complete" : {
        "0" : 0.000000,
        "4" : 99.999934,
        "8" : 0.100000,
        "16" : 0.000000,
        "32" : 0.000000,
        "64" : 0.000000,
        ">=64" : 0.000000
      },
      "latency_ns" : {
        "2" : 0.000000,
        "4" : 0.000000,
        "10" : 0.000000,
        "20" : 0.000000,
        "50" : 0.000000,
        "100" : 0.000000,
        "250" : 0.000000,
        "500" : 0.000000,
        "750" : 0.000000,
        "1000" : 0.000000
      },
      "latency_us" : {
        "2" : 0.000000,
        "4" : 0.000000,
        "10" : 0.000000,
        "20" : 0.000000,
        "50" : 0.000000,
        "100" : 0.000000,
        "250" : 0.098434,
        "500" : 0.737765,
        "750" : 1.292102,
        "1000" : 2.343329
      },
      "latency_ms" : {
        "2" : 18.324641,
        "4" : 51.135230,
        "10" : 25.915723,
        "20" : 0.150699,
        "50" : 0.010000,
        "100" : 0.000000,
        "250" : 0.000000,
        "500" : 0.000000,
        "750" : 0.000000,
        "1000" : 0.000000,
        "2000" : 0.000000,
        ">=2000" : 0.000000
      },
      "latency_depth" : 8,
      "latency_target" : 0,
      "latency_percentile" : 100.000000,
      "latency_window" : 0
    }
  ],
  "disk_util" : [
    {
      "name" : "sda",
      "read_ios" : 0,
      "write_ios" : 3318,
      "read_sectors" : 0,
      "write_sectors" : 80520,
      "read_merges" : 0,
      "write_merges" : 5277,
      "read_ticks" : 0,
      "write_ticks" : 429,
      "in_queue" : 468,
      "util" : 0.077273
    }
  ]
}
