{
  "fio version" : "fio-3.39-26-ga72fe",
  "timestamp" : 1750856469,
  "timestamp_ms" : 1750856469033,
  "time" : "Wed Jun 25 13:01:09 2025",
  "global options" : {
    "ioengine" : "rbd",
    "bs" : "4k",
    "rw" : "randread",
    "direct" : "1",
    "runtime" : "5m",
    "time_based" : "",
    "group_reporting" : "",
    "ramp_time" : "30s",
    "thread" : "1",
    "iodepth" : "2",
    "clientname" : "admin",
    "pool" : "rbd"
  },
  "jobs" : [
    {
      "jobname" : "fio_test_0",
      "groupid" : 0,
      "job_start" : 1750856168781,
      "error" : 0,
      "eta" : 0,
      "elapsed" : 331,
      "job options" : {
        "max_latency" : "1s",
        "numjobs" : "1",
        "rbdname" : "fio_test_31"
      },
      "read" : {
        "io_bytes" : 81021763584,
        "io_kbytes" : 79122816,
        "bw_bytes" : 270069844,
        "bw" : 263740,
        "iops" : 65934.913984,
        "runtime" : 300003,
        "total_ios" : 19780672,
        "short_ios" : 0,
        "drop_ios" : 0,
        "slat_ns" : {
          "min" : 498,
          "max" : 551974,
          "mean" : 2849.409679,
          "stddev" : 1539.859052,
          "N" : 19780672
        },
        "clat_ns" : {
          "min" : 129038,
          "max" : 9922207,
          "mean" : 966820.220868,
          "stddev" : 436919.653807,
          "N" : 19780704,
          "percentile" : {
            "1.000000" : 254976,
            "5.000000" : 370688,
            "10.000000" : 464896,
            "20.000000" : 602112,
            "30.000000" : 708608,
            "40.000000" : 815104,
            "50.000000" : 913408,
            "60.000000" : 1019904,
            "70.000000" : 1138688,
            "80.000000" : 1286144,
            "90.000000" : 1515520,
            "95.000000" : 1712128,
            "99.000000" : 2211840,
            "99.500000" : 2473984,
            "99.900000" : 3719168,
            "99.950000" : 4489216,
            "99.990000" : 5931008
          }
        },
        "lat_ns" : {
          "min" : 130861,
          "max" : 9925999,
          "mean" : 969669.630156,
          "stddev" : 436952.770117,
          "N" : 19780704
        },
        "bw_min" : 241041,
        "bw_max" : 287891,
        "bw_agg" : 100.000000,
        "bw_mean" : 263799.056667,
        "bw_dev" : 218.124793,
        "bw_samples" : 19200,
        "iops_min" : 60258,
        "iops_max" : 71972,
        "iops_mean" : 65948.681667,
        "iops_stddev" : 54.536246,
        "iops_samples" : 19200
      },
      "write" : {
        "io_bytes" : 0,
        "io_kbytes" : 0,
        "bw_bytes" : 0,
        "bw" : 0,
        "iops" : 0.000000,
        "runtime" : 0,
        "total_ios" : 0,
        "short_ios" : 0,
        "drop_ios" : 0,
        "slat_ns" : {
          "min" : 0,
          "max" : 0,
          "mean" : 0.000000,
          "stddev" : 0.000000,
          "N" : 0
        },
        "clat_ns" : {
          "min" : 0,
          "max" : 0,
          "mean" : 0.000000,
          "stddev" : 0.000000,
          "N" : 0
        },
        "lat_ns" : {
          "min" : 0,
          "max" : 0,
          "mean" : 0.000000,
          "stddev" : 0.000000,
          "N" : 0
        },
        "bw_min" : 0,
        "bw_max" : 0,
        "bw_agg" : 0.000000,
        "bw_mean" : 0.000000,
        "bw_dev" : 0.000000,
        "bw_samples" : 0,
        "iops_min" : 0,
        "iops_max" : 0,
        "iops_mean" : 0.000000,
        "iops_stddev" : 0.000000,
        "iops_samples" : 0
      },
      "trim" : {
        "io_bytes" : 0,
        "io_kbytes" : 0,
        "bw_bytes" : 0,
        "bw" : 0,
        "iops" : 0.000000,
        "runtime" : 0,
        "total_ios" : 0,
        "short_ios" : 0,
        "drop_ios" : 0,
        "slat_ns" : {
          "min" : 0,
          "max" : 0,
          "mean" : 0.000000,
          "stddev" : 0.000000,
          "N" : 0
        },
        "clat_ns" : {
          "min" : 0,
          "max" : 0,
          "mean" : 0.000000,
          "stddev" : 0.000000,
          "N" : 0
        },
        "lat_ns" : {
          "min" : 0,
          "max" : 0,
          "mean" : 0.000000,
          "stddev" : 0.000000,
          "N" : 0
        },
        "bw_min" : 0,
        "bw_max" : 0,
        "bw_agg" : 0.000000,
        "bw_mean" : 0.000000,
        "bw_dev" : 0.000000,
        "bw_samples" : 0,
        "iops_min" : 0,
        "iops_max" : 0,
        "iops_mean" : 0.000000,
        "iops_stddev" : 0.000000,
        "iops_samples" : 0
      },
      "sync" : {
        "total_ios" : 0,
        "lat_ns" : {
          "min" : 0,
          "max" : 0,
          "mean" : 0.000000,
          "stddev" : 0.000000,
          "N" : 0
        }
      },
      "job_runtime" : 9600016,
      "usr_cpu" : 0.896019,
      "sys_cpu" : 0.830176,
      "ctx" : 18337980,
      "majf" : 0,
      "minf" : 337,
      "iodepth_level" : {
        "1" : 0.000000,
        "2" : 100.000000,
        "4" : 0.000000,
        "8" : 0.000000,
        "16" : 0.000000,
        "32" : 0.000000,
        ">=64" : 0.000000
      },
      "iodepth_submit" : {
        "0" : 0.000000,
        "4" : 100.000000,
        "8" : 0.000000,
        "16" : 0.000000,
        "32" : 0.000000,
        "64" : 0.000000,
        ">=64" : 0.000000
      },
      "iodepth_complete" : {
        "0" : 0.000000,
        "4" : 100.000000,
        "8" : 0.000000,
        "16" : 0.000000,
        "32" : 0.000000,
        "64" : 0.000000,
        ">=64" : 0.000000
      },
      "latency_ns" : {
        "2" : 0.000000,
        "4" : 0.000000,
        "10" : 0.000000,
        "20" : 0.000000,
        "50" : 0.000000,
        "100" : 0.000000,
        "250" : 0.000000,
        "500" : 0.000000,
        "750" : 0.000000,
        "1000" : 0.000000
      },
      "latency_us" : {
        "2" : 0.000000,
        "4" : 0.000000,
        "10" : 0.000000,
        "20" : 0.000000,
        "50" : 0.000000,
        "100" : 0.000000,
        "250" : 0.890288,
        "500" : 11.540154,
        "750" : 21.172107,
        "1000" : 24.400536
      },
      "latency_ms" : {
        "2" : 40.075979,
        "4" : 1.842789,
        "10" : 0.078309,
        "20" : 0.000000,
        "50" : 0.000000,
        "100" : 0.000000,
        "250" : 0.000000,
        "500" : 0.000000,
        "750" : 0.000000,
        "1000" : 0.000000,
        "2000" : 0.000000,
        ">=2000" : 0.000000
      },
      "latency_depth" : 2,
      "latency_target" : 0,
      "latency_percentile" : 100.000000,
      "latency_window" : 0
    }
  ],
  "disk_util" : [
    {
      "name" : "sda",
      "read_ios" : 0,
      "write_ios" : 4673,
      "read_sectors" : 0,
      "write_sectors" : 118144,
      "read_merges" : 0,
      "write_merges" : 7207,
      "read_ticks" : 0,
      "write_ticks" : 715,
      "in_queue" : 762,
      "util" : 0.106656
    }
  ]
}
