[
  {
    "metrics": [
      {
        "reactor_utilization": {
          "shard": "0",
          "value": 86.375899459999999
        }
      },
      {
        "reactor_utilization": {
          "shard": "1",
          "value": 84.096812179999972
        }
      },
      {
        "reactor_utilization": {
          "shard": "2",
          "value": 83.604074759999918
        }
      },
      {
        "reactor_utilization": {
          "shard": "3",
          "value": 87.714958899999942
        }
      },
      {
        "reactor_utilization": {
          "shard": "4",
          "value": 76.333191979999995
        }
      },
      {
        "reactor_utilization": {
          "shard": "5",
          "value": 84.703934259999997
        }
      },
      {
        "reactor_utilization": {
          "shard": "6",
          "value": 83.788634920000064
        }
      },
      {
        "reactor_utilization": {
          "shard": "7",
          "value": 84.497650939999971
        }
      }
    ]
  },
  {
    "metrics": [
      {
        "reactor_utilization": {
          "shard": "0",
          "value": 87.347512099999989
        }
      },
      {
        "reactor_utilization": {
          "shard": "1",
          "value": 85.12353343999996
        }
      },
      {
        "reactor_utilization": {
          "shard": "2",
          "value": 84.811413999999914
        }
      },
      {
        "reactor_utilization": {
          "shard": "3",
          "value": 88.450218419999942
        }
      },
      {
        "reactor_utilization": {
          "shard": "4",
          "value": 77.25856263999998
        }
      },
      {
        "reactor_utilization": {
          "shard": "5",
          "value": 85.410415919999991
        }
      },
      {
        "reactor_utilization": {
          "shard": "6",
          "value": 84.166222820000058
        }
      },
      {
        "reactor_utilization": {
          "shard": "7",
          "value": 85.786157539999977
        }
      }
    ]
  },
  {
    "metrics": [
      {
        "reactor_utilization": {
          "shard": "0",
          "value": 87.136914099999998
        }
      },
      {
        "reactor_utilization": {
          "shard": "1",
          "value": 85.115556939999976
        }
      },
      {
        "reactor_utilization": {
          "shard": "2",
          "value": 84.957150359999915
        }
      },
      {
        "reactor_utilization": {
          "shard": "3",
          "value": 88.157477019999945
        }
      },
      {
        "reactor_utilization": {
          "shard": "4",
          "value": 77.010871579999986
        }
      },
      {
        "reactor_utilization": {
          "shard": "5",
          "value": 85.405057879999987
        }
      },
      {
        "reactor_utilization": {
          "shard": "6",
          "value": 84.673220160000056
        }
      },
      {
        "reactor_utilization": {
          "shard": "7",
          "value": 85.643184859999977
        }
      }
    ]
  },
  {
    "metrics": [
      {
        "reactor_utilization": {
          "shard": "0",
          "value": 87.195462419999984
        }
      },
      {
        "reactor_utilization": {
          "shard": "1",
          "value": 85.169802419999982
        }
      },
      {
        "reactor_utilization": {
          "shard": "2",
          "value": 84.857777799999923
        }
      },
      {
        "reactor_utilization": {
          "shard": "3",
          "value": 88.27504849999994
        }
      },
      {
        "reactor_utilization": {
          "shard": "4",
          "value": 77.473972799999984
        }
      },
      {
        "reactor_utilization": {
          "shard": "5",
          "value": 85.325639579999986
        }
      },
      {
        "reactor_utilization": {
          "shard": "6",
          "value": 84.419478720000058
        }
      },
      {
        "reactor_utilization": {
          "shard": "7",
          "value": 85.635425599999976
        }
      }
    ]
  },
  {
    "metrics": [
      {
        "reactor_utilization": {
          "shard": "0",
          "value": 87.066024699999986
        }
      },
      {
        "reactor_utilization": {
          "shard": "1",
          "value": 84.657525759999984
        }
      },
      {
        "reactor_utilization": {
          "shard": "2",
          "value": 84.703012899999919
        }
      },
      {
        "reactor_utilization": {
          "shard": "3",
          "value": 88.40754209999993
        }
      },
      {
        "reactor_utilization": {
          "shard": "4",
          "value": 77.159802279999994
        }
      },
      {
        "reactor_utilization": {
          "shard": "5",
          "value": 85.343838079999983
        }
      },
      {
        "reactor_utilization": {
          "shard": "6",
          "value": 84.07557280000006
        }
      },
      {
        "reactor_utilization": {
          "shard": "7",
          "value": 85.293136519999976
        }
      }
    ]
  },
  {
    "metrics": [
      {
        "reactor_utilization": {
          "shard": "0",
          "value": 86.796663139999993
        }
      },
      {
        "reactor_utilization": {
          "shard": "1",
          "value": 84.605581679999986
        }
      },
      {
        "reactor_utilization": {
          "shard": "2",
          "value": 84.551896819999911
        }
      },
      {
        "reactor_utilization": {
          "shard": "3",
          "value": 88.415095179999938
        }
      },
      {
        "reactor_utilization": {
          "shard": "4",
          "value": 77.268723799999989
        }
      },
      {
        "reactor_utilization": {
          "shard": "5",
          "value": 85.664480260000005
        }
      },
      {
        "reactor_utilization": {
          "shard": "6",
          "value": 84.855656440000061
        }
      },
      {
        "reactor_utilization": {
          "shard": "7",
          "value": 85.375180279999967
        }
      }
    ]
  },
  {
    "metrics": [
      {
        "reactor_utilization": {
          "shard": "0",
          "value": 86.927994259999991
        }
      },
      {
        "reactor_utilization": {
          "shard": "1",
          "value": 84.941976799999992
        }
      },
      {
        "reactor_utilization": {
          "shard": "2",
          "value": 84.558711579999922
        }
      },
      {
        "reactor_utilization": {
          "shard": "3",
          "value": 88.299251519999942
        }
      },
      {
        "reactor_utilization": {
          "shard": "4",
          "value": 77.586667479999988
        }
      },
      {
        "reactor_utilization": {
          "shard": "5",
          "value": 85.189758560000001
        }
      },
      {
        "reactor_utilization": {
          "shard": "6",
          "value": 84.454441300000056
        }
      },
      {
        "reactor_utilization": {
          "shard": "7",
          "value": 85.285584059999977
        }
      }
    ]
  },
  {
    "metrics": [
      {
        "reactor_utilization": {
          "shard": "0",
          "value": 86.921070539999988
        }
      },
      {
        "reactor_utilization": {
          "shard": "1",
          "value": 84.70963927999999
        }
      },
      {
        "reactor_utilization": {
          "shard": "2",
          "value": 84.645967959999922
        }
      },
      {
        "reactor_utilization": {
          "shard": "3",
          "value": 88.140813119999933
        }
      },
      {
        "reactor_utilization": {
          "shard": "4",
          "value": 77.456901299999998
        }
      },
      {
        "reactor_utilization": {
          "shard": "5",
          "value": 85.044087799999986
        }
      },
      {
        "reactor_utilization": {
          "shard": "6",
          "value": 84.512804360000061
        }
      },
      {
        "reactor_utilization": {
          "shard": "7",
          "value": 85.231578299999981
        }
      }
    ]
  },
  {
    "metrics": [
      {
        "reactor_utilization": {
          "shard": "0",
          "value": 87.020279839999986
        }
      },
      {
        "reactor_utilization": {
          "shard": "1",
          "value": 84.662638959999995
        }
      },
      {
        "reactor_utilization": {
          "shard": "2",
          "value": 84.070289219999921
        }
      },
      {
        "reactor_utilization": {
          "shard": "3",
          "value": 87.855523879999936
        }
      },
      {
        "reactor_utilization": {
          "shard": "4",
          "value": 76.997409759999996
        }
      },
      {
        "reactor_utilization": {
          "shard": "5",
          "value": 84.891766379999993
        }
      },
      {
        "reactor_utilization": {
          "shard": "6",
          "value": 83.796471880000055
        }
      },
      {
        "reactor_utilization": {
          "shard": "7",
          "value": 85.489913959999981
        }
      }
    ]
  },
  {
    "metrics": [
      {
        "reactor_utilization": {
          "shard": "0",
          "value": 86.436968499999978
        }
      },
      {
        "reactor_utilization": {
          "shard": "1",
          "value": 84.603234619999995
        }
      },
      {
        "reactor_utilization": {
          "shard": "2",
          "value": 84.154901999999936
        }
      },
      {
        "reactor_utilization": {
          "shard": "3",
          "value": 88.255975999999947
        }
      },
      {
        "reactor_utilization": {
          "shard": "4",
          "value": 77.505391779999997
        }
      },
      {
        "reactor_utilization": {
          "shard": "5",
          "value": 85.025524159999989
        }
      },
      {
        "reactor_utilization": {
          "shard": "6",
          "value": 84.177278000000058
        }
      },
      {
        "reactor_utilization": {
          "shard": "7",
          "value": 85.212620979999969
        }
      }
    ]
  },
  {
    "metrics": [
      {
        "reactor_utilization": {
          "shard": "0",
          "value": 87.133016199999986
        }
      },
      {
        "reactor_utilization": {
          "shard": "1",
          "value": 84.795890639999996
        }
      },
      {
        "reactor_utilization": {
          "shard": "2",
          "value": 84.683060519999913
        }
      },
      {
        "reactor_utilization": {
          "shard": "3",
          "value": 88.382710179999947
        }
      },
      {
        "reactor_utilization": {
          "shard": "4",
          "value": 76.773722839999991
        }
      },
      {
        "reactor_utilization": {
          "shard": "5",
          "value": 85.076969639999987
        }
      },
      {
        "reactor_utilization": {
          "shard": "6",
          "value": 84.204654740000052
        }
      },
      {
        "reactor_utilization": {
          "shard": "7",
          "value": 85.222569519999979
        }
      }
    ]
  },
  {
    "metrics": [
      {
        "reactor_utilization": {
          "shard": "0",
          "value": 86.70138267999998
        }
      },
      {
        "reactor_utilization": {
          "shard": "1",
          "value": 84.487125699999993
        }
      },
      {
        "reactor_utilization": {
          "shard": "2",
          "value": 84.026092379999923
        }
      },
      {
        "reactor_utilization": {
          "shard": "3",
          "value": 88.263968599999941
        }
      },
      {
        "reactor_utilization": {
          "shard": "4",
          "value": 77.75347597999999
        }
      },
      {
        "reactor_utilization": {
          "shard": "5",
          "value": 85.541186719999999
        }
      },
      {
        "reactor_utilization": {
          "shard": "6",
          "value": 84.337552460000055
        }
      },
      {
        "reactor_utilization": {
          "shard": "7",
          "value": 85.439411639999975
        }
      }
    ]
  },
  {
    "metrics": [
      {
        "reactor_utilization": {
          "shard": "0",
          "value": 86.723714439999981
        }
      },
      {
        "reactor_utilization": {
          "shard": "1",
          "value": 85.064955679999983
        }
      },
      {
        "reactor_utilization": {
          "shard": "2",
          "value": 84.146436959999932
        }
      },
      {
        "reactor_utilization": {
          "shard": "3",
          "value": 87.906143639999939
        }
      },
      {
        "reactor_utilization": {
          "shard": "4",
          "value": 77.60092139999999
        }
      },
      {
        "reactor_utilization": {
          "shard": "5",
          "value": 84.960516919999989
        }
      },
      {
        "reactor_utilization": {
          "shard": "6",
          "value": 84.671953480000056
        }
      },
      {
        "reactor_utilization": {
          "shard": "7",
          "value": 85.139837919999977
        }
      }
    ]
  },
  {
    "metrics": [
      {
        "reactor_utilization": {
          "shard": "0",
          "value": 86.729104899999982
        }
      },
      {
        "reactor_utilization": {
          "shard": "1",
          "value": 84.60212349999999
        }
      },
      {
        "reactor_utilization": {
          "shard": "2",
          "value": 84.075489599999926
        }
      },
      {
        "reactor_utilization": {
          "shard": "3",
          "value": 88.141340159999942
        }
      },
      {
        "reactor_utilization": {
          "shard": "4",
          "value": 77.578699720000003
        }
      },
      {
        "reactor_utilization": {
          "shard": "5",
          "value": 85.440770479999983
        }
      },
      {
        "reactor_utilization": {
          "shard": "6",
          "value": 84.166875920000052
        }
      },
      {
        "reactor_utilization": {
          "shard": "7",
          "value": 85.204193839999974
        }
      }
    ]
  },
  {
    "metrics": [
      {
        "reactor_utilization": {
          "shard": "0",
          "value": 86.62272935999998
        }
      },
      {
        "reactor_utilization": {
          "shard": "1",
          "value": 84.789493800000002
        }
      },
      {
        "reactor_utilization": {
          "shard": "2",
          "value": 83.740055919999918
        }
      },
      {
        "reactor_utilization": {
          "shard": "3",
          "value": 88.049736799999948
        }
      },
      {
        "reactor_utilization": {
          "shard": "4",
          "value": 77.661709479999999
        }
      },
      {
        "reactor_utilization": {
          "shard": "5",
          "value": 84.87441247999999
        }
      },
      {
        "reactor_utilization": {
          "shard": "6",
          "value": 83.829269660000051
        }
      },
      {
        "reactor_utilization": {
          "shard": "7",
          "value": 85.057292419999982
        }
      }
    ]
  },
  {
    "metrics": [
      {
        "reactor_utilization": {
          "shard": "0",
          "value": 86.329158339999978
        }
      },
      {
        "reactor_utilization": {
          "shard": "1",
          "value": 84.611043940000002
        }
      },
      {
        "reactor_utilization": {
          "shard": "2",
          "value": 84.060999639999906
        }
      },
      {
        "reactor_utilization": {
          "shard": "3",
          "value": 88.093252439999944
        }
      },
      {
        "reactor_utilization": {
          "shard": "4",
          "value": 77.540113879999993
        }
      },
      {
        "reactor_utilization": {
          "shard": "5",
          "value": 84.800851059999999
        }
      },
      {
        "reactor_utilization": {
          "shard": "6",
          "value": 84.231419460000041
        }
      },
      {
        "reactor_utilization": {
          "shard": "7",
          "value": 85.05015063999997
        }
      }
    ]
  },
  {
    "metrics": [
      {
        "reactor_utilization": {
          "shard": "0",
          "value": 86.513715119999972
        }
      },
      {
        "reactor_utilization": {
          "shard": "1",
          "value": 85.19194929999999
        }
      },
      {
        "reactor_utilization": {
          "shard": "2",
          "value": 84.164230099999912
        }
      },
      {
        "reactor_utilization": {
          "shard": "3",
          "value": 88.202742759999936
        }
      },
      {
        "reactor_utilization": {
          "shard": "4",
          "value": 77.340528559999996
        }
      },
      {
        "reactor_utilization": {
          "shard": "5",
          "value": 85.100164379999981
        }
      },
      {
        "reactor_utilization": {
          "shard": "6",
          "value": 84.077254620000048
        }
      },
      {
        "reactor_utilization": {
          "shard": "7",
          "value": 84.98513549999997
        }
      }
    ]
  },
  {
    "metrics": [
      {
        "reactor_utilization": {
          "shard": "0",
          "value": 86.812101779999978
        }
      },
      {
        "reactor_utilization": {
          "shard": "1",
          "value": 84.981162979999993
        }
      },
      {
        "reactor_utilization": {
          "shard": "2",
          "value": 83.801130959999924
        }
      },
      {
        "reactor_utilization": {
          "shard": "3",
          "value": 88.141657579999944
        }
      },
      {
        "reactor_utilization": {
          "shard": "4",
          "value": 77.846963860000002
        }
      },
      {
        "reactor_utilization": {
          "shard": "5",
          "value": 84.836164219999986
        }
      },
      {
        "reactor_utilization": {
          "shard": "6",
          "value": 84.412660200000047
        }
      },
      {
        "reactor_utilization": {
          "shard": "7",
          "value": 84.926211939999973
        }
      }
    ]
  },
  {
    "metrics": [
      {
        "reactor_utilization": {
          "shard": "0",
          "value": 86.470825799999972
        }
      },
      {
        "reactor_utilization": {
          "shard": "1",
          "value": 84.635224179999994
        }
      },
      {
        "reactor_utilization": {
          "shard": "2",
          "value": 83.958100239999922
        }
      },
      {
        "reactor_utilization": {
          "shard": "3",
          "value": 88.194184039999939
        }
      },
      {
        "reactor_utilization": {
          "shard": "4",
          "value": 77.942828219999996
        }
      },
      {
        "reactor_utilization": {
          "shard": "5",
          "value": 85.112537799999984
        }
      },
      {
        "reactor_utilization": {
          "shard": "6",
          "value": 84.256472560000034
        }
      },
      {
        "reactor_utilization": {
          "shard": "7",
          "value": 85.051107359999975
        }
      }
    ]
  },
  {
    "metrics": [
      {
        "reactor_utilization": {
          "shard": "0",
          "value": 86.197093759999973
        }
      },
      {
        "reactor_utilization": {
          "shard": "1",
          "value": 84.695270339999979
        }
      },
      {
        "reactor_utilization": {
          "shard": "2",
          "value": 83.92773301999992
        }
      },
      {
        "reactor_utilization": {
          "shard": "3",
          "value": 88.119273179999936
        }
      },
      {
        "reactor_utilization": {
          "shard": "4",
          "value": 77.770339439999987
        }
      },
      {
        "reactor_utilization": {
          "shard": "5",
          "value": 84.463184719999987
        }
      },
      {
        "reactor_utilization": {
          "shard": "6",
          "value": 83.857928780000051
        }
      },
      {
        "reactor_utilization": {
          "shard": "7",
          "value": 84.741678139999976
        }
      }
    ]
  },
  {
    "metrics": [
      {
        "reactor_utilization": {
          "shard": "0",
          "value": 85.931718379999978
        }
      },
      {
        "reactor_utilization": {
          "shard": "1",
          "value": 84.965331359999979
        }
      },
      {
        "reactor_utilization": {
          "shard": "2",
          "value": 83.65647225999993
        }
      },
      {
        "reactor_utilization": {
          "shard": "3",
          "value": 87.88848573999995
        }
      },
      {
        "reactor_utilization": {
          "shard": "4",
          "value": 77.470896180000011
        }
      },
      {
        "reactor_utilization": {
          "shard": "5",
          "value": 84.894750499999986
        }
      },
      {
        "reactor_utilization": {
          "shard": "6",
          "value": 83.912927160000038
        }
      },
      {
        "reactor_utilization": {
          "shard": "7",
          "value": 85.237845919999984
        }
      }
    ]
  },
  {
    "metrics": [
      {
        "reactor_utilization": {
          "shard": "0",
          "value": 86.060850279999968
        }
      },
      {
        "reactor_utilization": {
          "shard": "1",
          "value": 84.600395099999986
        }
      },
      {
        "reactor_utilization": {
          "shard": "2",
          "value": 83.734635759999918
        }
      },
      {
        "reactor_utilization": {
          "shard": "3",
          "value": 87.849452539999945
        }
      },
      {
        "reactor_utilization": {
          "shard": "4",
          "value": 77.36323324
        }
      },
      {
        "reactor_utilization": {
          "shard": "5",
          "value": 84.418614159999976
        }
      },
      {
        "reactor_utilization": {
          "shard": "6",
          "value": 84.058608240000027
        }
      },
      {
        "reactor_utilization": {
          "shard": "7",
          "value": 84.966194839999986
        }
      }
    ]
  },
  {
    "metrics": [
      {
        "reactor_utilization": {
          "shard": "0",
          "value": 86.159621219999977
        }
      },
      {
        "reactor_utilization": {
          "shard": "1",
          "value": 84.565913919999986
        }
      },
      {
        "reactor_utilization": {
          "shard": "2",
          "value": 83.548948199999913
        }
      },
      {
        "reactor_utilization": {
          "shard": "3",
          "value": 87.861737099999942
        }
      },
      {
        "reactor_utilization": {
          "shard": "4",
          "value": 77.771735820000004
        }
      },
      {
        "reactor_utilization": {
          "shard": "5",
          "value": 84.708908819999976
        }
      },
      {
        "reactor_utilization": {
          "shard": "6",
          "value": 83.908722020000042
        }
      },
      {
        "reactor_utilization": {
          "shard": "7",
          "value": 84.486557339999976
        }
      }
    ]
  },
  {
    "metrics": [
      {
        "reactor_utilization": {
          "shard": "0",
          "value": 85.550361979999963
        }
      },
      {
        "reactor_utilization": {
          "shard": "1",
          "value": 84.803620479999992
        }
      },
      {
        "reactor_utilization": {
          "shard": "2",
          "value": 84.142718779999925
        }
      },
      {
        "reactor_utilization": {
          "shard": "3",
          "value": 87.921663499999937
        }
      },
      {
        "reactor_utilization": {
          "shard": "4",
          "value": 77.565277140000006
        }
      },
      {
        "reactor_utilization": {
          "shard": "5",
          "value": 84.655037159999978
        }
      },
      {
        "reactor_utilization": {
          "shard": "6",
          "value": 83.907850520000039
        }
      },
      {
        "reactor_utilization": {
          "shard": "7",
          "value": 84.795957439999981
        }
      }
    ]
  }
]
