[
  {
    "metrics": [
      {
        "reactor_utilization": {
          "shard": "0",
          "value": 99.899457419999976
        }
      },
      {
        "reactor_utilization": {
          "shard": "1",
          "value": 99.96744898
        }
      },
      {
        "reactor_utilization": {
          "shard": "2",
          "value": 99.998316999999943
        }
      },
      {
        "reactor_utilization": {
          "shard": "3",
          "value": 99.852437279999933
        }
      },
      {
        "reactor_utilization": {
          "shard": "4",
          "value": 92.649389759999991
        }
      },
      {
        "reactor_utilization": {
          "shard": "5",
          "value": 99.980120179999957
        }
      },
      {
        "reactor_utilization": {
          "shard": "6",
          "value": 99.966451760000012
        }
      },
      {
        "reactor_utilization": {
          "shard": "7",
          "value": 99.999999999999943
        }
      }
    ]
  },
  {
    "metrics": [
      {
        "reactor_utilization": {
          "shard": "0",
          "value": 99.796072139999978
        }
      },
      {
        "reactor_utilization": {
          "shard": "1",
          "value": 99.783193860000011
        }
      },
      {
        "reactor_utilization": {
          "shard": "2",
          "value": 99.999999999999943
        }
      },
      {
        "reactor_utilization": {
          "shard": "3",
          "value": 99.76627241999995
        }
      },
      {
        "reactor_utilization": {
          "shard": "4",
          "value": 92.10064161999999
        }
      },
      {
        "reactor_utilization": {
          "shard": "5",
          "value": 99.955913679999952
        }
      },
      {
        "reactor_utilization": {
          "shard": "6",
          "value": 99.96678344
        }
      },
      {
        "reactor_utilization": {
          "shard": "7",
          "value": 99.999999999999943
        }
      }
    ]
  },
  {
    "metrics": [
      {
        "reactor_utilization": {
          "shard": "0",
          "value": 99.828383379999991
        }
      },
      {
        "reactor_utilization": {
          "shard": "1",
          "value": 99.896100160000003
        }
      },
      {
        "reactor_utilization": {
          "shard": "2",
          "value": 99.986094919999942
        }
      },
      {
        "reactor_utilization": {
          "shard": "3",
          "value": 99.886362299999945
        }
      },
      {
        "reactor_utilization": {
          "shard": "4",
          "value": 91.824875639999988
        }
      },
      {
        "reactor_utilization": {
          "shard": "5",
          "value": 99.994029619999964
        }
      },
      {
        "reactor_utilization": {
          "shard": "6",
          "value": 99.977458260000006
        }
      },
      {
        "reactor_utilization": {
          "shard": "7",
          "value": 99.999999999999943
        }
      }
    ]
  },
  {
    "metrics": [
      {
        "reactor_utilization": {
          "shard": "0",
          "value": 99.939756039999978
        }
      },
      {
        "reactor_utilization": {
          "shard": "1",
          "value": 99.859926439999995
        }
      },
      {
        "reactor_utilization": {
          "shard": "2",
          "value": 99.999427479999952
        }
      },
      {
        "reactor_utilization": {
          "shard": "3",
          "value": 99.69102397999994
        }
      },
      {
        "reactor_utilization": {
          "shard": "4",
          "value": 92.68879609999999
        }
      },
      {
        "reactor_utilization": {
          "shard": "5",
          "value": 99.97960465999995
        }
      },
      {
        "reactor_utilization": {
          "shard": "6",
          "value": 99.988990360000003
        }
      },
      {
        "reactor_utilization": {
          "shard": "7",
          "value": 99.999999999999943
        }
      }
    ]
  },
  {
    "metrics": [
      {
        "reactor_utilization": {
          "shard": "0",
          "value": 99.787218939999988
        }
      },
      {
        "reactor_utilization": {
          "shard": "1",
          "value": 99.936063320000002
        }
      },
      {
        "reactor_utilization": {
          "shard": "2",
          "value": 99.970439379999945
        }
      },
      {
        "reactor_utilization": {
          "shard": "3",
          "value": 99.649872639999941
        }
      },
      {
        "reactor_utilization": {
          "shard": "4",
          "value": 92.155776459999998
        }
      },
      {
        "reactor_utilization": {
          "shard": "5",
          "value": 99.940742179999958
        }
      },
      {
        "reactor_utilization": {
          "shard": "6",
          "value": 99.951853380000017
        }
      },
      {
        "reactor_utilization": {
          "shard": "7",
          "value": 99.999999999999943
        }
      }
    ]
  },
  {
    "metrics": [
      {
        "reactor_utilization": {
          "shard": "0",
          "value": 99.995248199999992
        }
      },
      {
        "reactor_utilization": {
          "shard": "1",
          "value": 99.996823000000006
        }
      },
      {
        "reactor_utilization": {
          "shard": "2",
          "value": 99.995320379999953
        }
      },
      {
        "reactor_utilization": {
          "shard": "3",
          "value": 99.994068579999933
        }
      },
      {
        "reactor_utilization": {
          "shard": "4",
          "value": 98.002629599999992
        }
      },
      {
        "reactor_utilization": {
          "shard": "5",
          "value": 98.019720719999953
        }
      },
      {
        "reactor_utilization": {
          "shard": "6",
          "value": 77.600040220000025
        }
      },
      {
        "reactor_utilization": {
          "shard": "7",
          "value": 97.78864475999994
        }
      }
    ]
  },
  {
    "metrics": [
      {
        "reactor_utilization": {
          "shard": "0",
          "value": 99.999999999999986
        }
      },
      {
        "reactor_utilization": {
          "shard": "1",
          "value": 100
        }
      },
      {
        "reactor_utilization": {
          "shard": "2",
          "value": 99.999999999999943
        }
      },
      {
        "reactor_utilization": {
          "shard": "3",
          "value": 99.999999999999943
        }
      },
      {
        "reactor_utilization": {
          "shard": "4",
          "value": 99.34336171999999
        }
      },
      {
        "reactor_utilization": {
          "shard": "5",
          "value": 98.769175799999957
        }
      },
      {
        "reactor_utilization": {
          "shard": "6",
          "value": 77.42027662000001
        }
      },
      {
        "reactor_utilization": {
          "shard": "7",
          "value": 97.305179599999946
        }
      }
    ]
  },
  {
    "metrics": [
      {
        "reactor_utilization": {
          "shard": "0",
          "value": 99.999999999999986
        }
      },
      {
        "reactor_utilization": {
          "shard": "1",
          "value": 100
        }
      },
      {
        "reactor_utilization": {
          "shard": "2",
          "value": 99.999999999999943
        }
      },
      {
        "reactor_utilization": {
          "shard": "3",
          "value": 99.999999999999943
        }
      },
      {
        "reactor_utilization": {
          "shard": "4",
          "value": 99.27579879999999
        }
      },
      {
        "reactor_utilization": {
          "shard": "5",
          "value": 98.992083719999954
        }
      },
      {
        "reactor_utilization": {
          "shard": "6",
          "value": 78.119000000000014
        }
      },
      {
        "reactor_utilization": {
          "shard": "7",
          "value": 97.837858779999948
        }
      }
    ]
  },
  {
    "metrics": [
      {
        "reactor_utilization": {
          "shard": "0",
          "value": 99.999999999999986
        }
      },
      {
        "reactor_utilization": {
          "shard": "1",
          "value": 100
        }
      },
      {
        "reactor_utilization": {
          "shard": "2",
          "value": 99.999999999999943
        }
      },
      {
        "reactor_utilization": {
          "shard": "3",
          "value": 99.999999999999943
        }
      },
      {
        "reactor_utilization": {
          "shard": "4",
          "value": 99.259520079999987
        }
      },
      {
        "reactor_utilization": {
          "shard": "5",
          "value": 98.91192391999995
        }
      },
      {
        "reactor_utilization": {
          "shard": "6",
          "value": 77.800716640000019
        }
      },
      {
        "reactor_utilization": {
          "shard": "7",
          "value": 97.368028859999939
        }
      }
    ]
  },
  {
    "metrics": [
      {
        "reactor_utilization": {
          "shard": "0",
          "value": 99.999999999999986
        }
      },
      {
        "reactor_utilization": {
          "shard": "1",
          "value": 100
        }
      },
      {
        "reactor_utilization": {
          "shard": "2",
          "value": 99.999999999999943
        }
      },
      {
        "reactor_utilization": {
          "shard": "3",
          "value": 99.999999999999943
        }
      },
      {
        "reactor_utilization": {
          "shard": "4",
          "value": 99.382531799999981
        }
      },
      {
        "reactor_utilization": {
          "shard": "5",
          "value": 98.762460199999964
        }
      },
      {
        "reactor_utilization": {
          "shard": "6",
          "value": 78.378784600000017
        }
      },
      {
        "reactor_utilization": {
          "shard": "7",
          "value": 97.529803279999953
        }
      }
    ]
  },
  {
    "metrics": [
      {
        "reactor_utilization": {
          "shard": "0",
          "value": 99.999999999999986
        }
      },
      {
        "reactor_utilization": {
          "shard": "1",
          "value": 100
        }
      },
      {
        "reactor_utilization": {
          "shard": "2",
          "value": 99.999999999999943
        }
      },
      {
        "reactor_utilization": {
          "shard": "3",
          "value": 99.999658799999935
        }
      },
      {
        "reactor_utilization": {
          "shard": "4",
          "value": 99.387116119999988
        }
      },
      {
        "reactor_utilization": {
          "shard": "5",
          "value": 98.927518979999945
        }
      },
      {
        "reactor_utilization": {
          "shard": "6",
          "value": 77.420447060000015
        }
      },
      {
        "reactor_utilization": {
          "shard": "7",
          "value": 97.035973079999948
        }
      }
    ]
  },
  {
    "metrics": [
      {
        "reactor_utilization": {
          "shard": "0",
          "value": 99.999999999999986
        }
      },
      {
        "reactor_utilization": {
          "shard": "1",
          "value": 100
        }
      },
      {
        "reactor_utilization": {
          "shard": "2",
          "value": 99.999887639999955
        }
      },
      {
        "reactor_utilization": {
          "shard": "3",
          "value": 99.999375679999929
        }
      },
      {
        "reactor_utilization": {
          "shard": "4",
          "value": 99.312188339999992
        }
      },
      {
        "reactor_utilization": {
          "shard": "5",
          "value": 98.698135559999955
        }
      },
      {
        "reactor_utilization": {
          "shard": "6",
          "value": 78.309661420000012
        }
      },
      {
        "reactor_utilization": {
          "shard": "7",
          "value": 97.289895019999946
        }
      }
    ]
  },
  {
    "metrics": [
      {
        "reactor_utilization": {
          "shard": "0",
          "value": 99.999999999999986
        }
      },
      {
        "reactor_utilization": {
          "shard": "1",
          "value": 100
        }
      },
      {
        "reactor_utilization": {
          "shard": "2",
          "value": 99.999999999999943
        }
      },
      {
        "reactor_utilization": {
          "shard": "3",
          "value": 99.995343959999943
        }
      },
      {
        "reactor_utilization": {
          "shard": "4",
          "value": 99.279502219999998
        }
      },
      {
        "reactor_utilization": {
          "shard": "5",
          "value": 98.673902819999952
        }
      },
      {
        "reactor_utilization": {
          "shard": "6",
          "value": 78.159137460000011
        }
      },
      {
        "reactor_utilization": {
          "shard": "7",
          "value": 97.476864299999946
        }
      }
    ]
  },
  {
    "metrics": [
      {
        "reactor_utilization": {
          "shard": "0",
          "value": 99.999999999999986
        }
      },
      {
        "reactor_utilization": {
          "shard": "1",
          "value": 100
        }
      },
      {
        "reactor_utilization": {
          "shard": "2",
          "value": 99.999999999999943
        }
      },
      {
        "reactor_utilization": {
          "shard": "3",
          "value": 99.999999999999943
        }
      },
      {
        "reactor_utilization": {
          "shard": "4",
          "value": 98.854164639999993
        }
      },
      {
        "reactor_utilization": {
          "shard": "5",
          "value": 99.276946039999956
        }
      },
      {
        "reactor_utilization": {
          "shard": "6",
          "value": 78.937895160000011
        }
      },
      {
        "reactor_utilization": {
          "shard": "7",
          "value": 97.586049879999948
        }
      }
    ]
  },
  {
    "metrics": [
      {
        "reactor_utilization": {
          "shard": "0",
          "value": 99.999999999999986
        }
      },
      {
        "reactor_utilization": {
          "shard": "1",
          "value": 100
        }
      },
      {
        "reactor_utilization": {
          "shard": "2",
          "value": 99.997495799999953
        }
      },
      {
        "reactor_utilization": {
          "shard": "3",
          "value": 99.999802059999936
        }
      },
      {
        "reactor_utilization": {
          "shard": "4",
          "value": 99.045572759999985
        }
      },
      {
        "reactor_utilization": {
          "shard": "5",
          "value": 96.794476099999954
        }
      },
      {
        "reactor_utilization": {
          "shard": "6",
          "value": 78.506080460000007
        }
      },
      {
        "reactor_utilization": {
          "shard": "7",
          "value": 98.115870819999955
        }
      }
    ]
  },
  {
    "metrics": [
      {
        "reactor_utilization": {
          "shard": "0",
          "value": 99.999999999999986
        }
      },
      {
        "reactor_utilization": {
          "shard": "1",
          "value": 100
        }
      },
      {
        "reactor_utilization": {
          "shard": "2",
          "value": 99.99446123999995
        }
      },
      {
        "reactor_utilization": {
          "shard": "3",
          "value": 99.999115019999934
        }
      },
      {
        "reactor_utilization": {
          "shard": "4",
          "value": 98.678135299999994
        }
      },
      {
        "reactor_utilization": {
          "shard": "5",
          "value": 98.864367399999949
        }
      },
      {
        "reactor_utilization": {
          "shard": "6",
          "value": 79.515789400000017
        }
      },
      {
        "reactor_utilization": {
          "shard": "7",
          "value": 97.058617679999941
        }
      }
    ]
  },
  {
    "metrics": [
      {
        "reactor_utilization": {
          "shard": "0",
          "value": 99.999999999999986
        }
      },
      {
        "reactor_utilization": {
          "shard": "1",
          "value": 100
        }
      },
      {
        "reactor_utilization": {
          "shard": "2",
          "value": 99.981942319999945
        }
      },
      {
        "reactor_utilization": {
          "shard": "3",
          "value": 99.988953559999942
        }
      },
      {
        "reactor_utilization": {
          "shard": "4",
          "value": 98.572000519999989
        }
      },
      {
        "reactor_utilization": {
          "shard": "5",
          "value": 98.392757879999962
        }
      },
      {
        "reactor_utilization": {
          "shard": "6",
          "value": 78.948151160000009
        }
      },
      {
        "reactor_utilization": {
          "shard": "7",
          "value": 96.349141459999942
        }
      }
    ]
  },
  {
    "metrics": [
      {
        "reactor_utilization": {
          "shard": "0",
          "value": 99.999999999999986
        }
      },
      {
        "reactor_utilization": {
          "shard": "1",
          "value": 100
        }
      },
      {
        "reactor_utilization": {
          "shard": "2",
          "value": 99.999999999999943
        }
      },
      {
        "reactor_utilization": {
          "shard": "3",
          "value": 99.998939999999934
        }
      },
      {
        "reactor_utilization": {
          "shard": "4",
          "value": 98.698380059999991
        }
      },
      {
        "reactor_utilization": {
          "shard": "5",
          "value": 99.359666599999954
        }
      },
      {
        "reactor_utilization": {
          "shard": "6",
          "value": 78.892259660000008
        }
      },
      {
        "reactor_utilization": {
          "shard": "7",
          "value": 97.899182859999939
        }
      }
    ]
  },
  {
    "metrics": [
      {
        "reactor_utilization": {
          "shard": "0",
          "value": 99.999999999999986
        }
      },
      {
        "reactor_utilization": {
          "shard": "1",
          "value": 100
        }
      },
      {
        "reactor_utilization": {
          "shard": "2",
          "value": 99.995898359999941
        }
      },
      {
        "reactor_utilization": {
          "shard": "3",
          "value": 99.988702859999947
        }
      },
      {
        "reactor_utilization": {
          "shard": "4",
          "value": 99.549521159999983
        }
      },
      {
        "reactor_utilization": {
          "shard": "5",
          "value": 99.286508439999949
        }
      },
      {
        "reactor_utilization": {
          "shard": "6",
          "value": 78.794713560000005
        }
      },
      {
        "reactor_utilization": {
          "shard": "7",
          "value": 98.219622399999935
        }
      }
    ]
  },
  {
    "metrics": [
      {
        "reactor_utilization": {
          "shard": "0",
          "value": 99.993915539999989
        }
      },
      {
        "reactor_utilization": {
          "shard": "1",
          "value": 99.998008600000006
        }
      },
      {
        "reactor_utilization": {
          "shard": "2",
          "value": 99.832628539999945
        }
      },
      {
        "reactor_utilization": {
          "shard": "3",
          "value": 98.95653041999995
        }
      },
      {
        "reactor_utilization": {
          "shard": "4",
          "value": 99.402112739999993
        }
      },
      {
        "reactor_utilization": {
          "shard": "5",
          "value": 98.565310259999961
        }
      },
      {
        "reactor_utilization": {
          "shard": "6",
          "value": 81.861606940000016
        }
      },
      {
        "reactor_utilization": {
          "shard": "7",
          "value": 97.700653779999953
        }
      }
    ]
  },
  {
    "metrics": [
      {
        "reactor_utilization": {
          "shard": "0",
          "value": 99.999999999999986
        }
      },
      {
        "reactor_utilization": {
          "shard": "1",
          "value": 100
        }
      },
      {
        "reactor_utilization": {
          "shard": "2",
          "value": 99.97023779999995
        }
      },
      {
        "reactor_utilization": {
          "shard": "3",
          "value": 99.999999999999943
        }
      },
      {
        "reactor_utilization": {
          "shard": "4",
          "value": 99.644808539999985
        }
      },
      {
        "reactor_utilization": {
          "shard": "5",
          "value": 97.971559399999947
        }
      },
      {
        "reactor_utilization": {
          "shard": "6",
          "value": 79.079008800000011
        }
      },
      {
        "reactor_utilization": {
          "shard": "7",
          "value": 97.145639839999944
        }
      }
    ]
  },
  {
    "metrics": [
      {
        "reactor_utilization": {
          "shard": "0",
          "value": 99.998676839999987
        }
      },
      {
        "reactor_utilization": {
          "shard": "1",
          "value": 99.995964380000004
        }
      },
      {
        "reactor_utilization": {
          "shard": "2",
          "value": 99.928380259999955
        }
      },
      {
        "reactor_utilization": {
          "shard": "3",
          "value": 99.999999999999943
        }
      },
      {
        "reactor_utilization": {
          "shard": "4",
          "value": 99.423203859999987
        }
      },
      {
        "reactor_utilization": {
          "shard": "5",
          "value": 98.646529139999956
        }
      },
      {
        "reactor_utilization": {
          "shard": "6",
          "value": 78.812737819999995
        }
      },
      {
        "reactor_utilization": {
          "shard": "7",
          "value": 97.271317939999946
        }
      }
    ]
  },
  {
    "metrics": [
      {
        "reactor_utilization": {
          "shard": "0",
          "value": 99.999999999999986
        }
      },
      {
        "reactor_utilization": {
          "shard": "1",
          "value": 99.999783520000008
        }
      },
      {
        "reactor_utilization": {
          "shard": "2",
          "value": 99.999999999999943
        }
      },
      {
        "reactor_utilization": {
          "shard": "3",
          "value": 99.999999999999943
        }
      },
      {
        "reactor_utilization": {
          "shard": "4",
          "value": 99.367239219999988
        }
      },
      {
        "reactor_utilization": {
          "shard": "5",
          "value": 98.271258519999961
        }
      },
      {
        "reactor_utilization": {
          "shard": "6",
          "value": 76.952844779999992
        }
      },
      {
        "reactor_utilization": {
          "shard": "7",
          "value": 97.059009579999938
        }
      }
    ]
  },
  {
    "metrics": [
      {
        "reactor_utilization": {
          "shard": "0",
          "value": 99.999999999999986
        }
      },
      {
        "reactor_utilization": {
          "shard": "1",
          "value": 99.999501860000009
        }
      },
      {
        "reactor_utilization": {
          "shard": "2",
          "value": 99.999999999999943
        }
      },
      {
        "reactor_utilization": {
          "shard": "3",
          "value": 99.999999999999943
        }
      },
      {
        "reactor_utilization": {
          "shard": "4",
          "value": 99.679502159999984
        }
      },
      {
        "reactor_utilization": {
          "shard": "5",
          "value": 98.419004579999964
        }
      },
      {
        "reactor_utilization": {
          "shard": "6",
          "value": 77.143247619999997
        }
      },
      {
        "reactor_utilization": {
          "shard": "7",
          "value": 97.714041259999945
        }
      }
    ]
  }
]
