[
  {
    "metrics": [
      {
        "reactor_utilization": {
          "shard": "0",
          "value": 99.982814579999982
        }
      },
      {
        "reactor_utilization": {
          "shard": "1",
          "value": 99.892569359999996
        }
      },
      {
        "reactor_utilization": {
          "shard": "2",
          "value": 99.999929119999948
        }
      },
      {
        "reactor_utilization": {
          "shard": "3",
          "value": 99.995145279999946
        }
      },
      {
        "reactor_utilization": {
          "shard": "4",
          "value": 95.594546679999965
        }
      },
      {
        "reactor_utilization": {
          "shard": "5",
          "value": 99.979219859999958
        }
      },
      {
        "reactor_utilization": {
          "shard": "6",
          "value": 99.875205860000023
        }
      },
      {
        "reactor_utilization": {
          "shard": "7",
          "value": 99.963468439999943
        }
      }
    ]
  },
  {
    "metrics": [
      {
        "reactor_utilization": {
          "shard": "0",
          "value": 99.981008819999985
        }
      },
      {
        "reactor_utilization": {
          "shard": "1",
          "value": 99.868976160000003
        }
      },
      {
        "reactor_utilization": {
          "shard": "2",
          "value": 99.998452039999947
        }
      },
      {
        "reactor_utilization": {
          "shard": "3",
          "value": 99.996908339999962
        }
      },
      {
        "reactor_utilization": {
          "shard": "4",
          "value": 95.758604719999965
        }
      },
      {
        "reactor_utilization": {
          "shard": "5",
          "value": 99.988872379999961
        }
      },
      {
        "reactor_utilization": {
          "shard": "6",
          "value": 99.940413920000012
        }
      },
      {
        "reactor_utilization": {
          "shard": "7",
          "value": 99.98385089999995
        }
      }
    ]
  },
  {
    "metrics": [
      {
        "reactor_utilization": {
          "shard": "0",
          "value": 99.978252759999975
        }
      },
      {
        "reactor_utilization": {
          "shard": "1",
          "value": 99.857660519999996
        }
      },
      {
        "reactor_utilization": {
          "shard": "2",
          "value": 99.994840499999938
        }
      },
      {
        "reactor_utilization": {
          "shard": "3",
          "value": 99.980782479999959
        }
      },
      {
        "reactor_utilization": {
          "shard": "4",
          "value": 96.172692699999956
        }
      },
      {
        "reactor_utilization": {
          "shard": "5",
          "value": 99.974719119999961
        }
      },
      {
        "reactor_utilization": {
          "shard": "6",
          "value": 99.920471440000028
        }
      },
      {
        "reactor_utilization": {
          "shard": "7",
          "value": 99.97318145999995
        }
      }
    ]
  },
  {
    "metrics": [
      {
        "reactor_utilization": {
          "shard": "0",
          "value": 99.984877319999981
        }
      },
      {
        "reactor_utilization": {
          "shard": "1",
          "value": 99.850656079999993
        }
      },
      {
        "reactor_utilization": {
          "shard": "2",
          "value": 99.999949759999936
        }
      },
      {
        "reactor_utilization": {
          "shard": "3",
          "value": 99.991727939999947
        }
      },
      {
        "reactor_utilization": {
          "shard": "4",
          "value": 96.012813579999957
        }
      },
      {
        "reactor_utilization": {
          "shard": "5",
          "value": 99.991329179999966
        }
      },
      {
        "reactor_utilization": {
          "shard": "6",
          "value": 99.955091280000019
        }
      },
      {
        "reactor_utilization": {
          "shard": "7",
          "value": 99.977463019999945
        }
      }
    ]
  },
  {
    "metrics": [
      {
        "reactor_utilization": {
          "shard": "0",
          "value": 99.977647039999979
        }
      },
      {
        "reactor_utilization": {
          "shard": "1",
          "value": 99.888423139999986
        }
      },
      {
        "reactor_utilization": {
          "shard": "2",
          "value": 99.989022699999936
        }
      },
      {
        "reactor_utilization": {
          "shard": "3",
          "value": 99.99337971999995
        }
      },
      {
        "reactor_utilization": {
          "shard": "4",
          "value": 95.477939039999953
        }
      },
      {
        "reactor_utilization": {
          "shard": "5",
          "value": 99.964479619999963
        }
      },
      {
        "reactor_utilization": {
          "shard": "6",
          "value": 99.882416240000012
        }
      },
      {
        "reactor_utilization": {
          "shard": "7",
          "value": 99.958618739999949
        }
      }
    ]
  },
  {
    "metrics": [
      {
        "reactor_utilization": {
          "shard": "0",
          "value": 99.967890859999969
        }
      },
      {
        "reactor_utilization": {
          "shard": "1",
          "value": 99.847466480000008
        }
      },
      {
        "reactor_utilization": {
          "shard": "2",
          "value": 99.997169039999932
        }
      },
      {
        "reactor_utilization": {
          "shard": "3",
          "value": 99.984384939999956
        }
      },
      {
        "reactor_utilization": {
          "shard": "4",
          "value": 95.674861739999955
        }
      },
      {
        "reactor_utilization": {
          "shard": "5",
          "value": 99.957990539999969
        }
      },
      {
        "reactor_utilization": {
          "shard": "6",
          "value": 99.860956300000012
        }
      },
      {
        "reactor_utilization": {
          "shard": "7",
          "value": 99.97139855999994
        }
      }
    ]
  },
  {
    "metrics": [
      {
        "reactor_utilization": {
          "shard": "0",
          "value": 99.96431321999998
        }
      },
      {
        "reactor_utilization": {
          "shard": "1",
          "value": 99.880854580000005
        }
      },
      {
        "reactor_utilization": {
          "shard": "2",
          "value": 99.980922259999943
        }
      },
      {
        "reactor_utilization": {
          "shard": "3",
          "value": 99.996778959999958
        }
      },
      {
        "reactor_utilization": {
          "shard": "4",
          "value": 96.233620859999959
        }
      },
      {
        "reactor_utilization": {
          "shard": "5",
          "value": 99.979380559999967
        }
      },
      {
        "reactor_utilization": {
          "shard": "6",
          "value": 99.921830140000026
        }
      },
      {
        "reactor_utilization": {
          "shard": "7",
          "value": 99.977143479999953
        }
      }
    ]
  },
  {
    "metrics": [
      {
        "reactor_utilization": {
          "shard": "0",
          "value": 99.958897159999978
        }
      },
      {
        "reactor_utilization": {
          "shard": "1",
          "value": 99.853717180000004
        }
      },
      {
        "reactor_utilization": {
          "shard": "2",
          "value": 99.984488959999936
        }
      },
      {
        "reactor_utilization": {
          "shard": "3",
          "value": 99.997770759999966
        }
      },
      {
        "reactor_utilization": {
          "shard": "4",
          "value": 96.026385339999962
        }
      },
      {
        "reactor_utilization": {
          "shard": "5",
          "value": 99.992043339999952
        }
      },
      {
        "reactor_utilization": {
          "shard": "6",
          "value": 99.913595860000015
        }
      },
      {
        "reactor_utilization": {
          "shard": "7",
          "value": 99.987355639999947
        }
      }
    ]
  },
  {
    "metrics": [
      {
        "reactor_utilization": {
          "shard": "0",
          "value": 99.986343339999991
        }
      },
      {
        "reactor_utilization": {
          "shard": "1",
          "value": 99.858018639999997
        }
      },
      {
        "reactor_utilization": {
          "shard": "2",
          "value": 99.990990779999933
        }
      },
      {
        "reactor_utilization": {
          "shard": "3",
          "value": 99.996831339999957
        }
      },
      {
        "reactor_utilization": {
          "shard": "4",
          "value": 96.077938859999961
        }
      },
      {
        "reactor_utilization": {
          "shard": "5",
          "value": 99.982087899999954
        }
      },
      {
        "reactor_utilization": {
          "shard": "6",
          "value": 99.880292380000029
        }
      },
      {
        "reactor_utilization": {
          "shard": "7",
          "value": 99.965900659999946
        }
      }
    ]
  },
  {
    "metrics": [
      {
        "reactor_utilization": {
          "shard": "0",
          "value": 99.977505979999975
        }
      },
      {
        "reactor_utilization": {
          "shard": "1",
          "value": 99.823233540000004
        }
      },
      {
        "reactor_utilization": {
          "shard": "2",
          "value": 99.997015539999936
        }
      },
      {
        "reactor_utilization": {
          "shard": "3",
          "value": 99.994902739999958
        }
      },
      {
        "reactor_utilization": {
          "shard": "4",
          "value": 96.077849179999959
        }
      },
      {
        "reactor_utilization": {
          "shard": "5",
          "value": 99.977360239999953
        }
      },
      {
        "reactor_utilization": {
          "shard": "6",
          "value": 99.909237560000022
        }
      },
      {
        "reactor_utilization": {
          "shard": "7",
          "value": 99.94879073999995
        }
      }
    ]
  },
  {
    "metrics": [
      {
        "reactor_utilization": {
          "shard": "0",
          "value": 99.970266039999984
        }
      },
      {
        "reactor_utilization": {
          "shard": "1",
          "value": 99.880350699999994
        }
      },
      {
        "reactor_utilization": {
          "shard": "2",
          "value": 99.997363279999945
        }
      },
      {
        "reactor_utilization": {
          "shard": "3",
          "value": 99.996065819999956
        }
      },
      {
        "reactor_utilization": {
          "shard": "4",
          "value": 96.328904639999962
        }
      },
      {
        "reactor_utilization": {
          "shard": "5",
          "value": 99.97455989999996
        }
      },
      {
        "reactor_utilization": {
          "shard": "6",
          "value": 99.91824474000002
        }
      },
      {
        "reactor_utilization": {
          "shard": "7",
          "value": 99.947066239999955
        }
      }
    ]
  },
  {
    "metrics": [
      {
        "reactor_utilization": {
          "shard": "0",
          "value": 99.955487439999985
        }
      },
      {
        "reactor_utilization": {
          "shard": "1",
          "value": 99.856336280000008
        }
      },
      {
        "reactor_utilization": {
          "shard": "2",
          "value": 99.985904139999931
        }
      },
      {
        "reactor_utilization": {
          "shard": "3",
          "value": 99.99782397999995
        }
      },
      {
        "reactor_utilization": {
          "shard": "4",
          "value": 96.179482419999957
        }
      },
      {
        "reactor_utilization": {
          "shard": "5",
          "value": 99.985245979999959
        }
      },
      {
        "reactor_utilization": {
          "shard": "6",
          "value": 99.888406860000018
        }
      },
      {
        "reactor_utilization": {
          "shard": "7",
          "value": 99.94970463999995
        }
      }
    ]
  },
  {
    "metrics": [
      {
        "reactor_utilization": {
          "shard": "0",
          "value": 99.984378159999977
        }
      },
      {
        "reactor_utilization": {
          "shard": "1",
          "value": 99.839637699999997
        }
      },
      {
        "reactor_utilization": {
          "shard": "2",
          "value": 99.996597539999939
        }
      },
      {
        "reactor_utilization": {
          "shard": "3",
          "value": 99.971153679999958
        }
      },
      {
        "reactor_utilization": {
          "shard": "4",
          "value": 95.694392219999955
        }
      },
      {
        "reactor_utilization": {
          "shard": "5",
          "value": 99.976280999999972
        }
      },
      {
        "reactor_utilization": {
          "shard": "6",
          "value": 99.855704880000019
        }
      },
      {
        "reactor_utilization": {
          "shard": "7",
          "value": 99.97270433999995
        }
      }
    ]
  },
  {
    "metrics": [
      {
        "reactor_utilization": {
          "shard": "0",
          "value": 99.975064319999987
        }
      },
      {
        "reactor_utilization": {
          "shard": "1",
          "value": 99.861354520000006
        }
      },
      {
        "reactor_utilization": {
          "shard": "2",
          "value": 99.991078219999935
        }
      },
      {
        "reactor_utilization": {
          "shard": "3",
          "value": 99.99523549999995
        }
      },
      {
        "reactor_utilization": {
          "shard": "4",
          "value": 96.256287379999961
        }
      },
      {
        "reactor_utilization": {
          "shard": "5",
          "value": 99.972688979999958
        }
      },
      {
        "reactor_utilization": {
          "shard": "6",
          "value": 99.905288720000016
        }
      },
      {
        "reactor_utilization": {
          "shard": "7",
          "value": 99.939579599999945
        }
      }
    ]
  },
  {
    "metrics": [
      {
        "reactor_utilization": {
          "shard": "0",
          "value": 99.975146779999974
        }
      },
      {
        "reactor_utilization": {
          "shard": "1",
          "value": 99.862427699999998
        }
      },
      {
        "reactor_utilization": {
          "shard": "2",
          "value": 99.998733279999939
        }
      },
      {
        "reactor_utilization": {
          "shard": "3",
          "value": 99.989497299999954
        }
      },
      {
        "reactor_utilization": {
          "shard": "4",
          "value": 96.456390519999957
        }
      },
      {
        "reactor_utilization": {
          "shard": "5",
          "value": 99.977301079999961
        }
      },
      {
        "reactor_utilization": {
          "shard": "6",
          "value": 99.893816880000017
        }
      },
      {
        "reactor_utilization": {
          "shard": "7",
          "value": 99.949372159999953
        }
      }
    ]
  },
  {
    "metrics": [
      {
        "reactor_utilization": {
          "shard": "0",
          "value": 99.956711679999984
        }
      },
      {
        "reactor_utilization": {
          "shard": "1",
          "value": 99.822192879999989
        }
      },
      {
        "reactor_utilization": {
          "shard": "2",
          "value": 99.990985239999944
        }
      },
      {
        "reactor_utilization": {
          "shard": "3",
          "value": 99.989160559999959
        }
      },
      {
        "reactor_utilization": {
          "shard": "4",
          "value": 96.083529759999948
        }
      },
      {
        "reactor_utilization": {
          "shard": "5",
          "value": 99.986285619999961
        }
      },
      {
        "reactor_utilization": {
          "shard": "6",
          "value": 99.878967340000031
        }
      },
      {
        "reactor_utilization": {
          "shard": "7",
          "value": 99.964280559999949
        }
      }
    ]
  },
  {
    "metrics": [
      {
        "reactor_utilization": {
          "shard": "0",
          "value": 99.954961739999987
        }
      },
      {
        "reactor_utilization": {
          "shard": "1",
          "value": 99.823660579999995
        }
      },
      {
        "reactor_utilization": {
          "shard": "2",
          "value": 99.982350679999939
        }
      },
      {
        "reactor_utilization": {
          "shard": "3",
          "value": 99.981529819999963
        }
      },
      {
        "reactor_utilization": {
          "shard": "4",
          "value": 96.135982899999959
        }
      },
      {
        "reactor_utilization": {
          "shard": "5",
          "value": 99.972567839999954
        }
      },
      {
        "reactor_utilization": {
          "shard": "6",
          "value": 99.926193380000015
        }
      },
      {
        "reactor_utilization": {
          "shard": "7",
          "value": 99.962004939999943
        }
      }
    ]
  },
  {
    "metrics": [
      {
        "reactor_utilization": {
          "shard": "0",
          "value": 99.960521899999975
        }
      },
      {
        "reactor_utilization": {
          "shard": "1",
          "value": 99.811296279999993
        }
      },
      {
        "reactor_utilization": {
          "shard": "2",
          "value": 99.982722859999939
        }
      },
      {
        "reactor_utilization": {
          "shard": "3",
          "value": 99.993904959999952
        }
      },
      {
        "reactor_utilization": {
          "shard": "4",
          "value": 95.934366859999955
        }
      },
      {
        "reactor_utilization": {
          "shard": "5",
          "value": 99.992455179999965
        }
      },
      {
        "reactor_utilization": {
          "shard": "6",
          "value": 99.894083620000018
        }
      },
      {
        "reactor_utilization": {
          "shard": "7",
          "value": 99.961051199999957
        }
      }
    ]
  },
  {
    "metrics": [
      {
        "reactor_utilization": {
          "shard": "0",
          "value": 99.955784639999976
        }
      },
      {
        "reactor_utilization": {
          "shard": "1",
          "value": 99.776756599999999
        }
      },
      {
        "reactor_utilization": {
          "shard": "2",
          "value": 99.993867979999933
        }
      },
      {
        "reactor_utilization": {
          "shard": "3",
          "value": 99.986327939999953
        }
      },
      {
        "reactor_utilization": {
          "shard": "4",
          "value": 96.168618379999955
        }
      },
      {
        "reactor_utilization": {
          "shard": "5",
          "value": 99.985695139999962
        }
      },
      {
        "reactor_utilization": {
          "shard": "6",
          "value": 99.907733620000016
        }
      },
      {
        "reactor_utilization": {
          "shard": "7",
          "value": 99.94955669999996
        }
      }
    ]
  },
  {
    "metrics": [
      {
        "reactor_utilization": {
          "shard": "0",
          "value": 99.945883579999986
        }
      },
      {
        "reactor_utilization": {
          "shard": "1",
          "value": 99.806340380000009
        }
      },
      {
        "reactor_utilization": {
          "shard": "2",
          "value": 99.976655159999936
        }
      },
      {
        "reactor_utilization": {
          "shard": "3",
          "value": 99.965232559999961
        }
      },
      {
        "reactor_utilization": {
          "shard": "4",
          "value": 94.653070779999965
        }
      },
      {
        "reactor_utilization": {
          "shard": "5",
          "value": 99.947917579999952
        }
      },
      {
        "reactor_utilization": {
          "shard": "6",
          "value": 99.789199080000017
        }
      },
      {
        "reactor_utilization": {
          "shard": "7",
          "value": 99.939960699999958
        }
      }
    ]
  },
  {
    "metrics": [
      {
        "reactor_utilization": {
          "shard": "0",
          "value": 99.93792513999999
        }
      },
      {
        "reactor_utilization": {
          "shard": "1",
          "value": 99.850796279999997
        }
      },
      {
        "reactor_utilization": {
          "shard": "2",
          "value": 99.987285199999945
        }
      },
      {
        "reactor_utilization": {
          "shard": "3",
          "value": 99.97123047999996
        }
      },
      {
        "reactor_utilization": {
          "shard": "4",
          "value": 93.547556899999961
        }
      },
      {
        "reactor_utilization": {
          "shard": "5",
          "value": 99.974820719999954
        }
      },
      {
        "reactor_utilization": {
          "shard": "6",
          "value": 99.817151200000026
        }
      },
      {
        "reactor_utilization": {
          "shard": "7",
          "value": 99.96368927999994
        }
      }
    ]
  },
  {
    "metrics": [
      {
        "reactor_utilization": {
          "shard": "0",
          "value": 99.954300599999982
        }
      },
      {
        "reactor_utilization": {
          "shard": "1",
          "value": 99.803525759999999
        }
      },
      {
        "reactor_utilization": {
          "shard": "2",
          "value": 99.973202019999945
        }
      },
      {
        "reactor_utilization": {
          "shard": "3",
          "value": 99.975540479999964
        }
      },
      {
        "reactor_utilization": {
          "shard": "4",
          "value": 93.409810999999948
        }
      },
      {
        "reactor_utilization": {
          "shard": "5",
          "value": 99.931216119999959
        }
      },
      {
        "reactor_utilization": {
          "shard": "6",
          "value": 99.818348960000023
        }
      },
      {
        "reactor_utilization": {
          "shard": "7",
          "value": 99.939535999999947
        }
      }
    ]
  },
  {
    "metrics": [
      {
        "reactor_utilization": {
          "shard": "0",
          "value": 99.980235379999982
        }
      },
      {
        "reactor_utilization": {
          "shard": "1",
          "value": 99.852773620000008
        }
      },
      {
        "reactor_utilization": {
          "shard": "2",
          "value": 99.984660219999938
        }
      },
      {
        "reactor_utilization": {
          "shard": "3",
          "value": 99.996487639999955
        }
      },
      {
        "reactor_utilization": {
          "shard": "4",
          "value": 95.741775779999955
        }
      },
      {
        "reactor_utilization": {
          "shard": "5",
          "value": 99.985101739999962
        }
      },
      {
        "reactor_utilization": {
          "shard": "6",
          "value": 99.92710162000003
        }
      },
      {
        "reactor_utilization": {
          "shard": "7",
          "value": 99.996524299999962
        }
      }
    ]
  },
  {
    "metrics": [
      {
        "reactor_utilization": {
          "shard": "0",
          "value": 99.966389099999972
        }
      },
      {
        "reactor_utilization": {
          "shard": "1",
          "value": 99.856331560000001
        }
      },
      {
        "reactor_utilization": {
          "shard": "2",
          "value": 99.992915379999943
        }
      },
      {
        "reactor_utilization": {
          "shard": "3",
          "value": 99.997912639999953
        }
      },
      {
        "reactor_utilization": {
          "shard": "4",
          "value": 95.95651799999996
        }
      },
      {
        "reactor_utilization": {
          "shard": "5",
          "value": 99.977543339999968
        }
      },
      {
        "reactor_utilization": {
          "shard": "6",
          "value": 99.910456760000017
        }
      },
      {
        "reactor_utilization": {
          "shard": "7",
          "value": 99.991174839999957
        }
      }
    ]
  }
]
