[
  {
    "metrics": [
      {
        "reactor_utilization": {
          "shard": "0",
          "value": 94.886751879999949
        }
      },
      {
        "reactor_utilization": {
          "shard": "1",
          "value": 94.062055259999994
        }
      },
      {
        "reactor_utilization": {
          "shard": "2",
          "value": 93.642682699999924
        }
      },
      {
        "reactor_utilization": {
          "shard": "3",
          "value": 96.336180559999946
        }
      },
      {
        "reactor_utilization": {
          "shard": "4",
          "value": 88.804604419999961
        }
      },
      {
        "reactor_utilization": {
          "shard": "5",
          "value": 94.458923199999973
        }
      },
      {
        "reactor_utilization": {
          "shard": "6",
          "value": 92.976417600000033
        }
      },
      {
        "reactor_utilization": {
          "shard": "7",
          "value": 94.524760419999978
        }
      }
    ]
  },
  {
    "metrics": [
      {
        "reactor_utilization": {
          "shard": "0",
          "value": 94.88709419999995
        }
      },
      {
        "reactor_utilization": {
          "shard": "1",
          "value": 94.004264799999987
        }
      },
      {
        "reactor_utilization": {
          "shard": "2",
          "value": 93.620316059999922
        }
      },
      {
        "reactor_utilization": {
          "shard": "3",
          "value": 96.305315819999933
        }
      },
      {
        "reactor_utilization": {
          "shard": "4",
          "value": 88.805177499999971
        }
      },
      {
        "reactor_utilization": {
          "shard": "5",
          "value": 94.121723419999967
        }
      },
      {
        "reactor_utilization": {
          "shard": "6",
          "value": 93.635852500000027
        }
      },
      {
        "reactor_utilization": {
          "shard": "7",
          "value": 94.358808899999985
        }
      }
    ]
  },
  {
    "metrics": [
      {
        "reactor_utilization": {
          "shard": "0",
          "value": 94.559908859999965
        }
      },
      {
        "reactor_utilization": {
          "shard": "1",
          "value": 94.008480119999987
        }
      },
      {
        "reactor_utilization": {
          "shard": "2",
          "value": 93.548758799999916
        }
      },
      {
        "reactor_utilization": {
          "shard": "3",
          "value": 96.549453159999942
        }
      },
      {
        "reactor_utilization": {
          "shard": "4",
          "value": 88.618798359999971
        }
      },
      {
        "reactor_utilization": {
          "shard": "5",
          "value": 94.164156519999977
        }
      },
      {
        "reactor_utilization": {
          "shard": "6",
          "value": 92.975292680000038
        }
      },
      {
        "reactor_utilization": {
          "shard": "7",
          "value": 94.356496659999976
        }
      }
    ]
  },
  {
    "metrics": [
      {
        "reactor_utilization": {
          "shard": "0",
          "value": 94.526278799999957
        }
      },
      {
        "reactor_utilization": {
          "shard": "1",
          "value": 93.750180679999986
        }
      },
      {
        "reactor_utilization": {
          "shard": "2",
          "value": 93.532556159999928
        }
      },
      {
        "reactor_utilization": {
          "shard": "3",
          "value": 96.097127939999936
        }
      },
      {
        "reactor_utilization": {
          "shard": "4",
          "value": 88.495680459999974
        }
      },
      {
        "reactor_utilization": {
          "shard": "5",
          "value": 94.423056259999967
        }
      },
      {
        "reactor_utilization": {
          "shard": "6",
          "value": 93.679165200000028
        }
      },
      {
        "reactor_utilization": {
          "shard": "7",
          "value": 94.317176159999974
        }
      }
    ]
  },
  {
    "metrics": [
      {
        "reactor_utilization": {
          "shard": "0",
          "value": 94.66504129999997
        }
      },
      {
        "reactor_utilization": {
          "shard": "1",
          "value": 93.76945855999999
        }
      },
      {
        "reactor_utilization": {
          "shard": "2",
          "value": 93.547413759999927
        }
      },
      {
        "reactor_utilization": {
          "shard": "3",
          "value": 96.244930379999943
        }
      },
      {
        "reactor_utilization": {
          "shard": "4",
          "value": 88.811626219999965
        }
      },
      {
        "reactor_utilization": {
          "shard": "5",
          "value": 94.193340759999984
        }
      },
      {
        "reactor_utilization": {
          "shard": "6",
          "value": 93.357527900000022
        }
      },
      {
        "reactor_utilization": {
          "shard": "7",
          "value": 94.367973259999971
        }
      }
    ]
  },
  {
    "metrics": [
      {
        "reactor_utilization": {
          "shard": "0",
          "value": 94.888512879999965
        }
      },
      {
        "reactor_utilization": {
          "shard": "1",
          "value": 93.448831039999988
        }
      },
      {
        "reactor_utilization": {
          "shard": "2",
          "value": 93.555229879999928
        }
      },
      {
        "reactor_utilization": {
          "shard": "3",
          "value": 96.428263599999937
        }
      },
      {
        "reactor_utilization": {
          "shard": "4",
          "value": 88.766668359999969
        }
      },
      {
        "reactor_utilization": {
          "shard": "5",
          "value": 94.174806959999984
        }
      },
      {
        "reactor_utilization": {
          "shard": "6",
          "value": 93.465599840000039
        }
      },
      {
        "reactor_utilization": {
          "shard": "7",
          "value": 94.30739115999998
        }
      }
    ]
  },
  {
    "metrics": [
      {
        "reactor_utilization": {
          "shard": "0",
          "value": 94.761294539999966
        }
      },
      {
        "reactor_utilization": {
          "shard": "1",
          "value": 93.684785559999995
        }
      },
      {
        "reactor_utilization": {
          "shard": "2",
          "value": 93.312037979999928
        }
      },
      {
        "reactor_utilization": {
          "shard": "3",
          "value": 96.115928539999942
        }
      },
      {
        "reactor_utilization": {
          "shard": "4",
          "value": 88.65724017999996
        }
      },
      {
        "reactor_utilization": {
          "shard": "5",
          "value": 94.130888539999972
        }
      },
      {
        "reactor_utilization": {
          "shard": "6",
          "value": 92.775587960000024
        }
      },
      {
        "reactor_utilization": {
          "shard": "7",
          "value": 94.33192207999997
        }
      }
    ]
  },
  {
    "metrics": [
      {
        "reactor_utilization": {
          "shard": "0",
          "value": 94.778061379999954
        }
      },
      {
        "reactor_utilization": {
          "shard": "1",
          "value": 94.064061239999987
        }
      },
      {
        "reactor_utilization": {
          "shard": "2",
          "value": 93.558907539999922
        }
      },
      {
        "reactor_utilization": {
          "shard": "3",
          "value": 96.443202619999951
        }
      },
      {
        "reactor_utilization": {
          "shard": "4",
          "value": 88.484561279999966
        }
      },
      {
        "reactor_utilization": {
          "shard": "5",
          "value": 93.923619059999979
        }
      },
      {
        "reactor_utilization": {
          "shard": "6",
          "value": 93.370982380000029
        }
      },
      {
        "reactor_utilization": {
          "shard": "7",
          "value": 94.302477779999975
        }
      }
    ]
  },
  {
    "metrics": [
      {
        "reactor_utilization": {
          "shard": "0",
          "value": 94.61930935999996
        }
      },
      {
        "reactor_utilization": {
          "shard": "1",
          "value": 93.381765979999983
        }
      },
      {
        "reactor_utilization": {
          "shard": "2",
          "value": 93.334573059999926
        }
      },
      {
        "reactor_utilization": {
          "shard": "3",
          "value": 96.282121059999938
        }
      },
      {
        "reactor_utilization": {
          "shard": "4",
          "value": 88.39696383999997
        }
      },
      {
        "reactor_utilization": {
          "shard": "5",
          "value": 94.226925499999979
        }
      },
      {
        "reactor_utilization": {
          "shard": "6",
          "value": 93.166527280000039
        }
      },
      {
        "reactor_utilization": {
          "shard": "7",
          "value": 94.588808239999977
        }
      }
    ]
  },
  {
    "metrics": [
      {
        "reactor_utilization": {
          "shard": "0",
          "value": 94.533753099999956
        }
      },
      {
        "reactor_utilization": {
          "shard": "1",
          "value": 93.92235835999999
        }
      },
      {
        "reactor_utilization": {
          "shard": "2",
          "value": 93.207738999999918
        }
      },
      {
        "reactor_utilization": {
          "shard": "3",
          "value": 96.247979659999942
        }
      },
      {
        "reactor_utilization": {
          "shard": "4",
          "value": 88.777580619999966
        }
      },
      {
        "reactor_utilization": {
          "shard": "5",
          "value": 94.357092879999982
        }
      },
      {
        "reactor_utilization": {
          "shard": "6",
          "value": 92.93983082000004
        }
      },
      {
        "reactor_utilization": {
          "shard": "7",
          "value": 94.676360199999976
        }
      }
    ]
  },
  {
    "metrics": [
      {
        "reactor_utilization": {
          "shard": "0",
          "value": 94.666313139999957
        }
      },
      {
        "reactor_utilization": {
          "shard": "1",
          "value": 93.650596799999988
        }
      },
      {
        "reactor_utilization": {
          "shard": "2",
          "value": 92.978976919999923
        }
      },
      {
        "reactor_utilization": {
          "shard": "3",
          "value": 96.514116679999944
        }
      },
      {
        "reactor_utilization": {
          "shard": "4",
          "value": 88.945469399999965
        }
      },
      {
        "reactor_utilization": {
          "shard": "5",
          "value": 94.130489679999968
        }
      },
      {
        "reactor_utilization": {
          "shard": "6",
          "value": 93.319544660000034
        }
      },
      {
        "reactor_utilization": {
          "shard": "7",
          "value": 94.047716919999971
        }
      }
    ]
  },
  {
    "metrics": [
      {
        "reactor_utilization": {
          "shard": "0",
          "value": 94.548695959999961
        }
      },
      {
        "reactor_utilization": {
          "shard": "1",
          "value": 93.699670759999989
        }
      },
      {
        "reactor_utilization": {
          "shard": "2",
          "value": 93.457668179999928
        }
      },
      {
        "reactor_utilization": {
          "shard": "3",
          "value": 96.476502699999941
        }
      },
      {
        "reactor_utilization": {
          "shard": "4",
          "value": 88.570348599999974
        }
      },
      {
        "reactor_utilization": {
          "shard": "5",
          "value": 94.186387439999976
        }
      },
      {
        "reactor_utilization": {
          "shard": "6",
          "value": 92.962611380000027
        }
      },
      {
        "reactor_utilization": {
          "shard": "7",
          "value": 94.539002819999979
        }
      }
    ]
  },
  {
    "metrics": [
      {
        "reactor_utilization": {
          "shard": "0",
          "value": 94.472099139999969
        }
      },
      {
        "reactor_utilization": {
          "shard": "1",
          "value": 93.713311159999989
        }
      },
      {
        "reactor_utilization": {
          "shard": "2",
          "value": 93.697387099999929
        }
      },
      {
        "reactor_utilization": {
          "shard": "3",
          "value": 96.460589379999945
        }
      },
      {
        "reactor_utilization": {
          "shard": "4",
          "value": 88.719122579999961
        }
      },
      {
        "reactor_utilization": {
          "shard": "5",
          "value": 94.150558499999988
        }
      },
      {
        "reactor_utilization": {
          "shard": "6",
          "value": 93.390765420000037
        }
      },
      {
        "reactor_utilization": {
          "shard": "7",
          "value": 94.321526859999977
        }
      }
    ]
  },
  {
    "metrics": [
      {
        "reactor_utilization": {
          "shard": "0",
          "value": 94.857338159999955
        }
      },
      {
        "reactor_utilization": {
          "shard": "1",
          "value": 93.635573059999984
        }
      },
      {
        "reactor_utilization": {
          "shard": "2",
          "value": 93.450091579999935
        }
      },
      {
        "reactor_utilization": {
          "shard": "3",
          "value": 96.417634699999937
        }
      },
      {
        "reactor_utilization": {
          "shard": "4",
          "value": 88.777008939999973
        }
      },
      {
        "reactor_utilization": {
          "shard": "5",
          "value": 94.193997899999971
        }
      },
      {
        "reactor_utilization": {
          "shard": "6",
          "value": 92.98953314000002
        }
      },
      {
        "reactor_utilization": {
          "shard": "7",
          "value": 94.110029839999967
        }
      }
    ]
  },
  {
    "metrics": [
      {
        "reactor_utilization": {
          "shard": "0",
          "value": 94.534609579999966
        }
      },
      {
        "reactor_utilization": {
          "shard": "1",
          "value": 93.837293079999995
        }
      },
      {
        "reactor_utilization": {
          "shard": "2",
          "value": 93.338732619999931
        }
      },
      {
        "reactor_utilization": {
          "shard": "3",
          "value": 96.517006799999933
        }
      },
      {
        "reactor_utilization": {
          "shard": "4",
          "value": 89.049075999999971
        }
      },
      {
        "reactor_utilization": {
          "shard": "5",
          "value": 94.379789839999972
        }
      },
      {
        "reactor_utilization": {
          "shard": "6",
          "value": 93.128215620000034
        }
      },
      {
        "reactor_utilization": {
          "shard": "7",
          "value": 94.41390743999996
        }
      }
    ]
  },
  {
    "metrics": [
      {
        "reactor_utilization": {
          "shard": "0",
          "value": 94.552911059999957
        }
      },
      {
        "reactor_utilization": {
          "shard": "1",
          "value": 93.729941719999999
        }
      },
      {
        "reactor_utilization": {
          "shard": "2",
          "value": 93.396819799999932
        }
      },
      {
        "reactor_utilization": {
          "shard": "3",
          "value": 96.511387419999934
        }
      },
      {
        "reactor_utilization": {
          "shard": "4",
          "value": 88.395818339999963
        }
      },
      {
        "reactor_utilization": {
          "shard": "5",
          "value": 94.08021669999998
        }
      },
      {
        "reactor_utilization": {
          "shard": "6",
          "value": 93.100107320000021
        }
      },
      {
        "reactor_utilization": {
          "shard": "7",
          "value": 94.17748961999996
        }
      }
    ]
  },
  {
    "metrics": [
      {
        "reactor_utilization": {
          "shard": "0",
          "value": 94.346743359999962
        }
      },
      {
        "reactor_utilization": {
          "shard": "1",
          "value": 93.775599099999994
        }
      },
      {
        "reactor_utilization": {
          "shard": "2",
          "value": 93.149594839999935
        }
      },
      {
        "reactor_utilization": {
          "shard": "3",
          "value": 96.398066859999943
        }
      },
      {
        "reactor_utilization": {
          "shard": "4",
          "value": 88.968874199999973
        }
      },
      {
        "reactor_utilization": {
          "shard": "5",
          "value": 94.096426919999971
        }
      },
      {
        "reactor_utilization": {
          "shard": "6",
          "value": 93.15010352000003
        }
      },
      {
        "reactor_utilization": {
          "shard": "7",
          "value": 94.379035939999966
        }
      }
    ]
  },
  {
    "metrics": [
      {
        "reactor_utilization": {
          "shard": "0",
          "value": 94.822158479999956
        }
      },
      {
        "reactor_utilization": {
          "shard": "1",
          "value": 93.959999339999996
        }
      },
      {
        "reactor_utilization": {
          "shard": "2",
          "value": 93.354612979999928
        }
      },
      {
        "reactor_utilization": {
          "shard": "3",
          "value": 96.517804479999953
        }
      },
      {
        "reactor_utilization": {
          "shard": "4",
          "value": 88.747571979999961
        }
      },
      {
        "reactor_utilization": {
          "shard": "5",
          "value": 94.024060299999974
        }
      },
      {
        "reactor_utilization": {
          "shard": "6",
          "value": 93.06233668000003
        }
      },
      {
        "reactor_utilization": {
          "shard": "7",
          "value": 94.388002759999964
        }
      }
    ]
  },
  {
    "metrics": [
      {
        "reactor_utilization": {
          "shard": "0",
          "value": 94.340223359999953
        }
      },
      {
        "reactor_utilization": {
          "shard": "1",
          "value": 93.742467939999997
        }
      },
      {
        "reactor_utilization": {
          "shard": "2",
          "value": 93.801894119999929
        }
      },
      {
        "reactor_utilization": {
          "shard": "3",
          "value": 96.579472799999948
        }
      },
      {
        "reactor_utilization": {
          "shard": "4",
          "value": 88.642962119999964
        }
      },
      {
        "reactor_utilization": {
          "shard": "5",
          "value": 94.265171259999974
        }
      },
      {
        "reactor_utilization": {
          "shard": "6",
          "value": 93.117674860000037
        }
      },
      {
        "reactor_utilization": {
          "shard": "7",
          "value": 94.333454159999974
        }
      }
    ]
  },
  {
    "metrics": [
      {
        "reactor_utilization": {
          "shard": "0",
          "value": 94.41170699999995
        }
      },
      {
        "reactor_utilization": {
          "shard": "1",
          "value": 93.616600539999993
        }
      },
      {
        "reactor_utilization": {
          "shard": "2",
          "value": 93.495625179999934
        }
      },
      {
        "reactor_utilization": {
          "shard": "3",
          "value": 96.298102839999942
        }
      },
      {
        "reactor_utilization": {
          "shard": "4",
          "value": 88.420420839999963
        }
      },
      {
        "reactor_utilization": {
          "shard": "5",
          "value": 94.08005593999998
        }
      },
      {
        "reactor_utilization": {
          "shard": "6",
          "value": 92.968907980000026
        }
      },
      {
        "reactor_utilization": {
          "shard": "7",
          "value": 94.185300559999973
        }
      }
    ]
  },
  {
    "metrics": [
      {
        "reactor_utilization": {
          "shard": "0",
          "value": 94.488827039999961
        }
      },
      {
        "reactor_utilization": {
          "shard": "1",
          "value": 93.501066719999997
        }
      },
      {
        "reactor_utilization": {
          "shard": "2",
          "value": 93.313702879999923
        }
      },
      {
        "reactor_utilization": {
          "shard": "3",
          "value": 96.379878679999948
        }
      },
      {
        "reactor_utilization": {
          "shard": "4",
          "value": 88.835074839999962
        }
      },
      {
        "reactor_utilization": {
          "shard": "5",
          "value": 94.110266039999971
        }
      },
      {
        "reactor_utilization": {
          "shard": "6",
          "value": 92.97929080000003
        }
      },
      {
        "reactor_utilization": {
          "shard": "7",
          "value": 94.257459179999969
        }
      }
    ]
  },
  {
    "metrics": [
      {
        "reactor_utilization": {
          "shard": "0",
          "value": 94.608795439999966
        }
      },
      {
        "reactor_utilization": {
          "shard": "1",
          "value": 93.991026059999996
        }
      },
      {
        "reactor_utilization": {
          "shard": "2",
          "value": 93.331118159999932
        }
      },
      {
        "reactor_utilization": {
          "shard": "3",
          "value": 96.457022099999946
        }
      },
      {
        "reactor_utilization": {
          "shard": "4",
          "value": 88.647297579999957
        }
      },
      {
        "reactor_utilization": {
          "shard": "5",
          "value": 94.149108259999963
        }
      },
      {
        "reactor_utilization": {
          "shard": "6",
          "value": 92.990669180000026
        }
      },
      {
        "reactor_utilization": {
          "shard": "7",
          "value": 94.258437359999974
        }
      }
    ]
  },
  {
    "metrics": [
      {
        "reactor_utilization": {
          "shard": "0",
          "value": 94.498413319999955
        }
      },
      {
        "reactor_utilization": {
          "shard": "1",
          "value": 93.700670559999992
        }
      },
      {
        "reactor_utilization": {
          "shard": "2",
          "value": 93.442755159999933
        }
      },
      {
        "reactor_utilization": {
          "shard": "3",
          "value": 96.575674999999947
        }
      },
      {
        "reactor_utilization": {
          "shard": "4",
          "value": 89.092201639999971
        }
      },
      {
        "reactor_utilization": {
          "shard": "5",
          "value": 94.248808679999968
        }
      },
      {
        "reactor_utilization": {
          "shard": "6",
          "value": 93.125099280000029
        }
      },
      {
        "reactor_utilization": {
          "shard": "7",
          "value": 94.176735299999976
        }
      }
    ]
  },
  {
    "metrics": [
      {
        "reactor_utilization": {
          "shard": "0",
          "value": 94.521550919999953
        }
      },
      {
        "reactor_utilization": {
          "shard": "1",
          "value": 93.772221119999998
        }
      },
      {
        "reactor_utilization": {
          "shard": "2",
          "value": 93.800360679999926
        }
      },
      {
        "reactor_utilization": {
          "shard": "3",
          "value": 96.488844239999949
        }
      },
      {
        "reactor_utilization": {
          "shard": "4",
          "value": 89.016322779999967
        }
      },
      {
        "reactor_utilization": {
          "shard": "5",
          "value": 94.263838559999968
        }
      },
      {
        "reactor_utilization": {
          "shard": "6",
          "value": 92.799406600000026
        }
      },
      {
        "reactor_utilization": {
          "shard": "7",
          "value": 94.449558639999978
        }
      }
    ]
  }
]
