{
    "osd_0": {
        "0": {
            "reactor": [
                "479033",
                "479047",
                "479055"
            ]
        },
        "1": {
            "reactor": [
                "479041",
                "479052",
                "479060"
            ]
        },
        "2": {
            "reactor": [
                "479043",
                "479050",
                "479061"
            ]
        },
        "3": {
            "reactor": [
                "479045",
                "479051",
                "479062"
            ]
        },
        "56": {
            "reactor": [
                "479040",
                "479048",
                "479056"
            ]
        },
        "57": {
            "reactor": [
                "479042",
                "479054",
                "479059"
            ]
        },
        "58": {
            "reactor": [
                "479044",
                "479053",
                "479058"
            ]
        },
        "59": {
            "reactor": [
                "479046",
                "479049",
                "479057"
            ]
        }
    }
}