[
  {
    "metrics": [
      {
        "reactor_utilization": {
          "shard": "0",
          "value": 98.708284739999968
        }
      },
      {
        "reactor_utilization": {
          "shard": "1",
          "value": 98.259708279999998
        }
      },
      {
        "reactor_utilization": {
          "shard": "2",
          "value": 98.043369659999939
        }
      },
      {
        "reactor_utilization": {
          "shard": "3",
          "value": 99.33662487999996
        }
      },
      {
        "reactor_utilization": {
          "shard": "4",
          "value": 94.96909129999996
        }
      },
      {
        "reactor_utilization": {
          "shard": "5",
          "value": 98.592391839999976
        }
      },
      {
        "reactor_utilization": {
          "shard": "6",
          "value": 97.829804700000011
        }
      },
      {
        "reactor_utilization": {
          "shard": "7",
          "value": 98.533102079999964
        }
      }
    ]
  },
  {
    "metrics": [
      {
        "reactor_utilization": {
          "shard": "0",
          "value": 98.712815679999963
        }
      },
      {
        "reactor_utilization": {
          "shard": "1",
          "value": 98.378473759999991
        }
      },
      {
        "reactor_utilization": {
          "shard": "2",
          "value": 98.006791499999949
        }
      },
      {
        "reactor_utilization": {
          "shard": "3",
          "value": 99.464304719999959
        }
      },
      {
        "reactor_utilization": {
          "shard": "4",
          "value": 95.265715799999967
        }
      },
      {
        "reactor_utilization": {
          "shard": "5",
          "value": 98.563602639999971
        }
      },
      {
        "reactor_utilization": {
          "shard": "6",
          "value": 97.755049960000022
        }
      },
      {
        "reactor_utilization": {
          "shard": "7",
          "value": 98.390297939999954
        }
      }
    ]
  },
  {
    "metrics": [
      {
        "reactor_utilization": {
          "shard": "0",
          "value": 98.59647419999996
        }
      },
      {
        "reactor_utilization": {
          "shard": "1",
          "value": 98.139271199999996
        }
      },
      {
        "reactor_utilization": {
          "shard": "2",
          "value": 98.001498699999942
        }
      },
      {
        "reactor_utilization": {
          "shard": "3",
          "value": 99.397481419999963
        }
      },
      {
        "reactor_utilization": {
          "shard": "4",
          "value": 95.203277099999966
        }
      },
      {
        "reactor_utilization": {
          "shard": "5",
          "value": 98.588520839999973
        }
      },
      {
        "reactor_utilization": {
          "shard": "6",
          "value": 97.880723220000021
        }
      },
      {
        "reactor_utilization": {
          "shard": "7",
          "value": 98.35719097999997
        }
      }
    ]
  },
  {
    "metrics": [
      {
        "reactor_utilization": {
          "shard": "0",
          "value": 98.581655399999974
        }
      },
      {
        "reactor_utilization": {
          "shard": "1",
          "value": 98.190863159999992
        }
      },
      {
        "reactor_utilization": {
          "shard": "2",
          "value": 97.975201419999948
        }
      },
      {
        "reactor_utilization": {
          "shard": "3",
          "value": 99.288759619999951
        }
      },
      {
        "reactor_utilization": {
          "shard": "4",
          "value": 95.538870059999965
        }
      },
      {
        "reactor_utilization": {
          "shard": "5",
          "value": 98.560175979999968
        }
      },
      {
        "reactor_utilization": {
          "shard": "6",
          "value": 97.981780280000024
        }
      },
      {
        "reactor_utilization": {
          "shard": "7",
          "value": 98.380267879999963
        }
      }
    ]
  },
  {
    "metrics": [
      {
        "reactor_utilization": {
          "shard": "0",
          "value": 98.695263339999968
        }
      },
      {
        "reactor_utilization": {
          "shard": "1",
          "value": 98.162319260000004
        }
      },
      {
        "reactor_utilization": {
          "shard": "2",
          "value": 97.897075819999941
        }
      },
      {
        "reactor_utilization": {
          "shard": "3",
          "value": 99.251188119999952
        }
      },
      {
        "reactor_utilization": {
          "shard": "4",
          "value": 95.349817439999967
        }
      },
      {
        "reactor_utilization": {
          "shard": "5",
          "value": 98.466476279999966
        }
      },
      {
        "reactor_utilization": {
          "shard": "6",
          "value": 97.637692600000008
        }
      },
      {
        "reactor_utilization": {
          "shard": "7",
          "value": 98.496080399999968
        }
      }
    ]
  },
  {
    "metrics": [
      {
        "reactor_utilization": {
          "shard": "0",
          "value": 98.728927019999972
        }
      },
      {
        "reactor_utilization": {
          "shard": "1",
          "value": 98.186448240000004
        }
      },
      {
        "reactor_utilization": {
          "shard": "2",
          "value": 97.869128919999937
        }
      },
      {
        "reactor_utilization": {
          "shard": "3",
          "value": 99.339805659999953
        }
      },
      {
        "reactor_utilization": {
          "shard": "4",
          "value": 95.042751519999953
        }
      },
      {
        "reactor_utilization": {
          "shard": "5",
          "value": 98.353895919999985
        }
      },
      {
        "reactor_utilization": {
          "shard": "6",
          "value": 97.669808800000013
        }
      },
      {
        "reactor_utilization": {
          "shard": "7",
          "value": 98.534384299999971
        }
      }
    ]
  },
  {
    "metrics": [
      {
        "reactor_utilization": {
          "shard": "0",
          "value": 98.589705059999972
        }
      },
      {
        "reactor_utilization": {
          "shard": "1",
          "value": 98.315317020000009
        }
      },
      {
        "reactor_utilization": {
          "shard": "2",
          "value": 98.003774239999942
        }
      },
      {
        "reactor_utilization": {
          "shard": "3",
          "value": 99.362119779999958
        }
      },
      {
        "reactor_utilization": {
          "shard": "4",
          "value": 95.046506499999964
        }
      },
      {
        "reactor_utilization": {
          "shard": "5",
          "value": 98.315152939999976
        }
      },
      {
        "reactor_utilization": {
          "shard": "6",
          "value": 97.784460720000027
        }
      },
      {
        "reactor_utilization": {
          "shard": "7",
          "value": 98.47823895999997
        }
      }
    ]
  },
  {
    "metrics": [
      {
        "reactor_utilization": {
          "shard": "0",
          "value": 98.699399419999963
        }
      },
      {
        "reactor_utilization": {
          "shard": "1",
          "value": 98.13248274
        }
      },
      {
        "reactor_utilization": {
          "shard": "2",
          "value": 97.806440599999945
        }
      },
      {
        "reactor_utilization": {
          "shard": "3",
          "value": 99.351776419999965
        }
      },
      {
        "reactor_utilization": {
          "shard": "4",
          "value": 95.376751539999958
        }
      },
      {
        "reactor_utilization": {
          "shard": "5",
          "value": 98.548791699999967
        }
      },
      {
        "reactor_utilization": {
          "shard": "6",
          "value": 97.891804960000016
        }
      },
      {
        "reactor_utilization": {
          "shard": "7",
          "value": 98.614108999999956
        }
      }
    ]
  },
  {
    "metrics": [
      {
        "reactor_utilization": {
          "shard": "0",
          "value": 98.605066779999959
        }
      },
      {
        "reactor_utilization": {
          "shard": "1",
          "value": 98.335521079999992
        }
      },
      {
        "reactor_utilization": {
          "shard": "2",
          "value": 97.671084219999941
        }
      },
      {
        "reactor_utilization": {
          "shard": "3",
          "value": 99.389754239999959
        }
      },
      {
        "reactor_utilization": {
          "shard": "4",
          "value": 95.060493799999961
        }
      },
      {
        "reactor_utilization": {
          "shard": "5",
          "value": 98.383103559999967
        }
      },
      {
        "reactor_utilization": {
          "shard": "6",
          "value": 97.698041380000006
        }
      },
      {
        "reactor_utilization": {
          "shard": "7",
          "value": 98.345893239999953
        }
      }
    ]
  },
  {
    "metrics": [
      {
        "reactor_utilization": {
          "shard": "0",
          "value": 98.514352679999959
        }
      },
      {
        "reactor_utilization": {
          "shard": "1",
          "value": 98.431296320000001
        }
      },
      {
        "reactor_utilization": {
          "shard": "2",
          "value": 97.859728679999947
        }
      },
      {
        "reactor_utilization": {
          "shard": "3",
          "value": 99.380448459999954
        }
      },
      {
        "reactor_utilization": {
          "shard": "4",
          "value": 95.088244599999967
        }
      },
      {
        "reactor_utilization": {
          "shard": "5",
          "value": 98.453786359999967
        }
      },
      {
        "reactor_utilization": {
          "shard": "6",
          "value": 97.807172580000014
        }
      },
      {
        "reactor_utilization": {
          "shard": "7",
          "value": 98.385890719999963
        }
      }
    ]
  },
  {
    "metrics": [
      {
        "reactor_utilization": {
          "shard": "0",
          "value": 98.540405239999956
        }
      },
      {
        "reactor_utilization": {
          "shard": "1",
          "value": 98.11394774
        }
      },
      {
        "reactor_utilization": {
          "shard": "2",
          "value": 97.942319699999942
        }
      },
      {
        "reactor_utilization": {
          "shard": "3",
          "value": 99.326470079999964
        }
      },
      {
        "reactor_utilization": {
          "shard": "4",
          "value": 95.23247063999996
        }
      },
      {
        "reactor_utilization": {
          "shard": "5",
          "value": 98.404147539999968
        }
      },
      {
        "reactor_utilization": {
          "shard": "6",
          "value": 97.797854260000022
        }
      },
      {
        "reactor_utilization": {
          "shard": "7",
          "value": 98.409088279999963
        }
      }
    ]
  },
  {
    "metrics": [
      {
        "reactor_utilization": {
          "shard": "0",
          "value": 98.766347959999962
        }
      },
      {
        "reactor_utilization": {
          "shard": "1",
          "value": 98.257618440000002
        }
      },
      {
        "reactor_utilization": {
          "shard": "2",
          "value": 97.921733219999936
        }
      },
      {
        "reactor_utilization": {
          "shard": "3",
          "value": 99.362785659999957
        }
      },
      {
        "reactor_utilization": {
          "shard": "4",
          "value": 95.092149159999963
        }
      },
      {
        "reactor_utilization": {
          "shard": "5",
          "value": 98.559048939999968
        }
      },
      {
        "reactor_utilization": {
          "shard": "6",
          "value": 97.635438560000026
        }
      },
      {
        "reactor_utilization": {
          "shard": "7",
          "value": 98.41835079999997
        }
      }
    ]
  },
  {
    "metrics": [
      {
        "reactor_utilization": {
          "shard": "0",
          "value": 98.577741919999966
        }
      },
      {
        "reactor_utilization": {
          "shard": "1",
          "value": 98.053553379999997
        }
      },
      {
        "reactor_utilization": {
          "shard": "2",
          "value": 97.826733699999949
        }
      },
      {
        "reactor_utilization": {
          "shard": "3",
          "value": 99.34555909999996
        }
      },
      {
        "reactor_utilization": {
          "shard": "4",
          "value": 95.307024679999969
        }
      },
      {
        "reactor_utilization": {
          "shard": "5",
          "value": 98.322717619999978
        }
      },
      {
        "reactor_utilization": {
          "shard": "6",
          "value": 97.908862740000018
        }
      },
      {
        "reactor_utilization": {
          "shard": "7",
          "value": 98.436751779999966
        }
      }
    ]
  },
  {
    "metrics": [
      {
        "reactor_utilization": {
          "shard": "0",
          "value": 98.635828399999951
        }
      },
      {
        "reactor_utilization": {
          "shard": "1",
          "value": 98.199335340000005
        }
      },
      {
        "reactor_utilization": {
          "shard": "2",
          "value": 97.890994999999947
        }
      },
      {
        "reactor_utilization": {
          "shard": "3",
          "value": 99.335709759999958
        }
      },
      {
        "reactor_utilization": {
          "shard": "4",
          "value": 95.241813379999968
        }
      },
      {
        "reactor_utilization": {
          "shard": "5",
          "value": 98.537492899999975
        }
      },
      {
        "reactor_utilization": {
          "shard": "6",
          "value": 97.727058700000015
        }
      },
      {
        "reactor_utilization": {
          "shard": "7",
          "value": 98.393125119999951
        }
      }
    ]
  },
  {
    "metrics": [
      {
        "reactor_utilization": {
          "shard": "0",
          "value": 98.607051179999957
        }
      },
      {
        "reactor_utilization": {
          "shard": "1",
          "value": 98.098874820000006
        }
      },
      {
        "reactor_utilization": {
          "shard": "2",
          "value": 98.076173059999945
        }
      },
      {
        "reactor_utilization": {
          "shard": "3",
          "value": 99.437861879999957
        }
      },
      {
        "reactor_utilization": {
          "shard": "4",
          "value": 95.35079427999996
        }
      },
      {
        "reactor_utilization": {
          "shard": "5",
          "value": 98.407583539999976
        }
      },
      {
        "reactor_utilization": {
          "shard": "6",
          "value": 97.658733140000024
        }
      },
      {
        "reactor_utilization": {
          "shard": "7",
          "value": 98.399229439999957
        }
      }
    ]
  },
  {
    "metrics": [
      {
        "reactor_utilization": {
          "shard": "0",
          "value": 98.455433859999957
        }
      },
      {
        "reactor_utilization": {
          "shard": "1",
          "value": 98.168060339999997
        }
      },
      {
        "reactor_utilization": {
          "shard": "2",
          "value": 97.999562819999937
        }
      },
      {
        "reactor_utilization": {
          "shard": "3",
          "value": 99.316422479999957
        }
      },
      {
        "reactor_utilization": {
          "shard": "4",
          "value": 95.131998979999949
        }
      },
      {
        "reactor_utilization": {
          "shard": "5",
          "value": 98.480517999999975
        }
      },
      {
        "reactor_utilization": {
          "shard": "6",
          "value": 97.726390980000019
        }
      },
      {
        "reactor_utilization": {
          "shard": "7",
          "value": 98.385867059999967
        }
      }
    ]
  },
  {
    "metrics": [
      {
        "reactor_utilization": {
          "shard": "0",
          "value": 98.662423199999964
        }
      },
      {
        "reactor_utilization": {
          "shard": "1",
          "value": 98.131042859999994
        }
      },
      {
        "reactor_utilization": {
          "shard": "2",
          "value": 97.915647499999949
        }
      },
      {
        "reactor_utilization": {
          "shard": "3",
          "value": 99.327562379999961
        }
      },
      {
        "reactor_utilization": {
          "shard": "4",
          "value": 95.142873259999959
        }
      },
      {
        "reactor_utilization": {
          "shard": "5",
          "value": 98.43579047999998
        }
      },
      {
        "reactor_utilization": {
          "shard": "6",
          "value": 97.918472060000013
        }
      },
      {
        "reactor_utilization": {
          "shard": "7",
          "value": 98.399139179999963
        }
      }
    ]
  },
  {
    "metrics": [
      {
        "reactor_utilization": {
          "shard": "0",
          "value": 98.564719559999958
        }
      },
      {
        "reactor_utilization": {
          "shard": "1",
          "value": 97.965099140000007
        }
      },
      {
        "reactor_utilization": {
          "shard": "2",
          "value": 97.69376405999995
        }
      },
      {
        "reactor_utilization": {
          "shard": "3",
          "value": 99.475425779999966
        }
      },
      {
        "reactor_utilization": {
          "shard": "4",
          "value": 95.408629759999954
        }
      },
      {
        "reactor_utilization": {
          "shard": "5",
          "value": 98.290859239999975
        }
      },
      {
        "reactor_utilization": {
          "shard": "6",
          "value": 97.719567680000026
        }
      },
      {
        "reactor_utilization": {
          "shard": "7",
          "value": 98.434376579999963
        }
      }
    ]
  },
  {
    "metrics": [
      {
        "reactor_utilization": {
          "shard": "0",
          "value": 98.527609199999972
        }
      },
      {
        "reactor_utilization": {
          "shard": "1",
          "value": 98.175091960000003
        }
      },
      {
        "reactor_utilization": {
          "shard": "2",
          "value": 97.979999339999949
        }
      },
      {
        "reactor_utilization": {
          "shard": "3",
          "value": 99.321852239999956
        }
      },
      {
        "reactor_utilization": {
          "shard": "4",
          "value": 95.412408159999956
        }
      },
      {
        "reactor_utilization": {
          "shard": "5",
          "value": 98.209452419999977
        }
      },
      {
        "reactor_utilization": {
          "shard": "6",
          "value": 97.89663628000001
        }
      },
      {
        "reactor_utilization": {
          "shard": "7",
          "value": 98.47425571999996
        }
      }
    ]
  },
  {
    "metrics": [
      {
        "reactor_utilization": {
          "shard": "0",
          "value": 98.542255939999961
        }
      },
      {
        "reactor_utilization": {
          "shard": "1",
          "value": 98.197581119999995
        }
      },
      {
        "reactor_utilization": {
          "shard": "2",
          "value": 97.97340135999994
        }
      },
      {
        "reactor_utilization": {
          "shard": "3",
          "value": 99.293936399999964
        }
      },
      {
        "reactor_utilization": {
          "shard": "4",
          "value": 95.43080661999997
        }
      },
      {
        "reactor_utilization": {
          "shard": "5",
          "value": 98.535308579999963
        }
      },
      {
        "reactor_utilization": {
          "shard": "6",
          "value": 97.665111780000018
        }
      },
      {
        "reactor_utilization": {
          "shard": "7",
          "value": 98.43915279999996
        }
      }
    ]
  },
  {
    "metrics": [
      {
        "reactor_utilization": {
          "shard": "0",
          "value": 98.611991579999952
        }
      },
      {
        "reactor_utilization": {
          "shard": "1",
          "value": 98.129692160000005
        }
      },
      {
        "reactor_utilization": {
          "shard": "2",
          "value": 97.885083799999933
        }
      },
      {
        "reactor_utilization": {
          "shard": "3",
          "value": 99.344985199999954
        }
      },
      {
        "reactor_utilization": {
          "shard": "4",
          "value": 95.295680479999959
        }
      },
      {
        "reactor_utilization": {
          "shard": "5",
          "value": 98.235013019999968
        }
      },
      {
        "reactor_utilization": {
          "shard": "6",
          "value": 97.76483862000002
        }
      },
      {
        "reactor_utilization": {
          "shard": "7",
          "value": 98.433753139999965
        }
      }
    ]
  },
  {
    "metrics": [
      {
        "reactor_utilization": {
          "shard": "0",
          "value": 98.482720059999963
        }
      },
      {
        "reactor_utilization": {
          "shard": "1",
          "value": 98.159951879999994
        }
      },
      {
        "reactor_utilization": {
          "shard": "2",
          "value": 97.775387479999949
        }
      },
      {
        "reactor_utilization": {
          "shard": "3",
          "value": 99.28516117999996
        }
      },
      {
        "reactor_utilization": {
          "shard": "4",
          "value": 95.073413639999956
        }
      },
      {
        "reactor_utilization": {
          "shard": "5",
          "value": 98.39104027999997
        }
      },
      {
        "reactor_utilization": {
          "shard": "6",
          "value": 97.756555680000019
        }
      },
      {
        "reactor_utilization": {
          "shard": "7",
          "value": 98.533717859999953
        }
      }
    ]
  },
  {
    "metrics": [
      {
        "reactor_utilization": {
          "shard": "0",
          "value": 98.600583879999959
        }
      },
      {
        "reactor_utilization": {
          "shard": "1",
          "value": 98.264398839999998
        }
      },
      {
        "reactor_utilization": {
          "shard": "2",
          "value": 97.773505579999949
        }
      },
      {
        "reactor_utilization": {
          "shard": "3",
          "value": 99.332449039999958
        }
      },
      {
        "reactor_utilization": {
          "shard": "4",
          "value": 95.06469571999996
        }
      },
      {
        "reactor_utilization": {
          "shard": "5",
          "value": 98.495783179999975
        }
      },
      {
        "reactor_utilization": {
          "shard": "6",
          "value": 97.749414840000014
        }
      },
      {
        "reactor_utilization": {
          "shard": "7",
          "value": 98.353051199999967
        }
      }
    ]
  },
  {
    "metrics": [
      {
        "reactor_utilization": {
          "shard": "0",
          "value": 98.585801379999964
        }
      },
      {
        "reactor_utilization": {
          "shard": "1",
          "value": 98.136280720000002
        }
      },
      {
        "reactor_utilization": {
          "shard": "2",
          "value": 97.599293919999937
        }
      },
      {
        "reactor_utilization": {
          "shard": "3",
          "value": 99.270732639999963
        }
      },
      {
        "reactor_utilization": {
          "shard": "4",
          "value": 94.906684199999958
        }
      },
      {
        "reactor_utilization": {
          "shard": "5",
          "value": 98.395269319999983
        }
      },
      {
        "reactor_utilization": {
          "shard": "6",
          "value": 97.916501240000017
        }
      },
      {
        "reactor_utilization": {
          "shard": "7",
          "value": 98.227814999999964
        }
      }
    ]
  }
]
