{
  "fio version" : "fio-3.39-26-ga72fe",
  "timestamp" : 1751035665,
  "timestamp_ms" : 1751035665584,
  "time" : "Fri Jun 27 14:47:45 2025",
  "global options" : {
    "ioengine" : "rbd",
    "bs" : "64k",
    "rw" : "write",
    "direct" : "1",
    "runtime" : "5m",
    "time_based" : "",
    "group_reporting" : "",
    "ramp_time" : "30s",
    "thread" : "1",
    "iodepth" : "2",
    "clientname" : "admin",
    "pool" : "rbd"
  },
  "jobs" : [
    {
      "jobname" : "fio_test_0",
      "groupid" : 0,
      "job_start" : 1751035365388,
      "error" : 0,
      "eta" : 0,
      "elapsed" : 331,
      "job options" : {
        "max_latency" : "1s",
        "numjobs" : "1",
        "rbdname" : "fio_test_31"
      },
      "read" : {
        "io_bytes" : 0,
        "io_kbytes" : 0,
        "bw_bytes" : 0,
        "bw" : 0,
        "iops" : 0.000000,
        "runtime" : 0,
        "total_ios" : 0,
        "short_ios" : 0,
        "drop_ios" : 0,
        "slat_ns" : {
          "min" : 0,
          "max" : 0,
          "mean" : 0.000000,
          "stddev" : 0.000000,
          "N" : 0
        },
        "clat_ns" : {
          "min" : 0,
          "max" : 0,
          "mean" : 0.000000,
          "stddev" : 0.000000,
          "N" : 0
        },
        "lat_ns" : {
          "min" : 0,
          "max" : 0,
          "mean" : 0.000000,
          "stddev" : 0.000000,
          "N" : 0
        },
        "bw_min" : 0,
        "bw_max" : 0,
        "bw_agg" : 0.000000,
        "bw_mean" : 0.000000,
        "bw_dev" : 0.000000,
        "bw_samples" : 0,
        "iops_min" : 0,
        "iops_max" : 0,
        "iops_mean" : 0.000000,
        "iops_stddev" : 0.000000,
        "iops_samples" : 0
      },
      "write" : {
        "io_bytes" : 203265867776,
        "io_kbytes" : 198501824,
        "bw_bytes" : 677523533,
        "bw" : 661644,
        "iops" : 10338.082016,
        "runtime" : 300013,
        "total_ios" : 3101559,
        "short_ios" : 0,
        "drop_ios" : 0,
        "slat_ns" : {
          "min" : 3574,
          "max" : 214677,
          "mean" : 17271.461580,
          "stddev" : 9122.600971,
          "N" : 3101559
        },
        "clat_ns" : {
          "min" : 466872,
          "max" : 280921018,
          "mean" : 6170685.832422,
          "stddev" : 4239674.152450,
          "N" : 3101591,
          "percentile" : {
            "1.000000" : 1318912,
            "5.000000" : 1957888,
            "10.000000" : 2441216,
            "20.000000" : 3129344,
            "30.000000" : 3784704,
            "40.000000" : 4423680,
            "50.000000" : 5144576,
            "60.000000" : 5931008,
            "70.000000" : 7045120,
            "80.000000" : 8454144,
            "90.000000" : 11075584,
            "95.000000" : 13959168,
            "99.000000" : 20578304,
            "99.500000" : 23724032,
            "99.900000" : 32899072,
            "99.950000" : 39059456,
            "99.990000" : 74973184
          }
        },
        "lat_ns" : {
          "min" : 476256,
          "max" : 280934345,
          "mean" : 6187957.293036,
          "stddev" : 4240227.453753,
          "N" : 3101591
        },
        "bw_min" : 177209,
        "bw_max" : 1320563,
        "bw_agg" : 100.000000,
        "bw_mean" : 662029.050698,
        "bw_dev" : 5799.737525,
        "bw_samples" : 19179,
        "iops_min" : 2768,
        "iops_max" : 20632,
        "iops_mean" : 10341.601477,
        "iops_stddev" : 90.611807,
        "iops_samples" : 19179
      },
      "trim" : {
        "io_bytes" : 0,
        "io_kbytes" : 0,
        "bw_bytes" : 0,
        "bw" : 0,
        "iops" : 0.000000,
        "runtime" : 0,
        "total_ios" : 0,
        "short_ios" : 0,
        "drop_ios" : 0,
        "slat_ns" : {
          "min" : 0,
          "max" : 0,
          "mean" : 0.000000,
          "stddev" : 0.000000,
          "N" : 0
        },
        "clat_ns" : {
          "min" : 0,
          "max" : 0,
          "mean" : 0.000000,
          "stddev" : 0.000000,
          "N" : 0
        },
        "lat_ns" : {
          "min" : 0,
          "max" : 0,
          "mean" : 0.000000,
          "stddev" : 0.000000,
          "N" : 0
        },
        "bw_min" : 0,
        "bw_max" : 0,
        "bw_agg" : 0.000000,
        "bw_mean" : 0.000000,
        "bw_dev" : 0.000000,
        "bw_samples" : 0,
        "iops_min" : 0,
        "iops_max" : 0,
        "iops_mean" : 0.000000,
        "iops_stddev" : 0.000000,
        "iops_samples" : 0
      },
      "sync" : {
        "total_ios" : 0,
        "lat_ns" : {
          "min" : 0,
          "max" : 0,
          "mean" : 0.000000,
          "stddev" : 0.000000,
          "N" : 0
        }
      },
      "job_runtime" : 9600128,
      "usr_cpu" : 0.724730,
      "sys_cpu" : 0.295756,
      "ctx" : 3084832,
      "majf" : 0,
      "minf" : 13972,
      "iodepth_level" : {
        "1" : 0.000000,
        "2" : 100.000000,
        "4" : 0.000000,
        "8" : 0.000000,
        "16" : 0.000000,
        "32" : 0.000000,
        ">=64" : 0.000000
      },
      "iodepth_submit" : {
        "0" : 0.000000,
        "4" : 100.000000,
        "8" : 0.000000,
        "16" : 0.000000,
        "32" : 0.000000,
        "64" : 0.000000,
        ">=64" : 0.000000
      },
      "iodepth_complete" : {
        "0" : 0.000000,
        "4" : 100.000000,
        "8" : 0.000000,
        "16" : 0.000000,
        "32" : 0.000000,
        "64" : 0.000000,
        ">=64" : 0.000000
      },
      "latency_ns" : {
        "2" : 0.000000,
        "4" : 0.000000,
        "10" : 0.000000,
        "20" : 0.000000,
        "50" : 0.000000,
        "100" : 0.000000,
        "250" : 0.000000,
        "500" : 0.000000,
        "750" : 0.000000,
        "1000" : 0.000000
      },
      "latency_us" : {
        "2" : 0.000000,
        "4" : 0.000000,
        "10" : 0.000000,
        "20" : 0.000000,
        "50" : 0.000000,
        "100" : 0.000000,
        "250" : 0.000000,
        "500" : 0.010000,
        "750" : 0.039657,
        "1000" : 0.217600
      },
      "latency_ms" : {
        "2" : 5.073578,
        "4" : 28.410744,
        "10" : 52.904910,
        "20" : 12.202766,
        "50" : 1.127691,
        "100" : 0.017475,
        "250" : 0.010000,
        "500" : 0.010000,
        "750" : 0.000000,
        "1000" : 0.000000,
        "2000" : 0.000000,
        ">=2000" : 0.000000
      },
      "latency_depth" : 2,
      "latency_target" : 0,
      "latency_percentile" : 100.000000,
      "latency_window" : 0
    }
  ],
  "disk_util" : [
    {
      "name" : "sda",
      "read_ios" : 1,
      "write_ios" : 4024,
      "read_sectors" : 8,
      "write_sectors" : 128520,
      "read_merges" : 0,
      "write_merges" : 5578,
      "read_ticks" : 0,
      "write_ticks" : 906,
      "in_queue" : 945,
      "util" : 0.095178
    }
  ]
}
