{
  "fio version" : "fio-3.39-26-ga72fe",
  "timestamp" : 1751036995,
  "timestamp_ms" : 1751036995135,
  "time" : "Fri Jun 27 15:09:55 2025",
  "global options" : {
    "ioengine" : "rbd",
    "bs" : "64k",
    "rw" : "write",
    "direct" : "1",
    "runtime" : "5m",
    "time_based" : "",
    "group_reporting" : "",
    "ramp_time" : "30s",
    "thread" : "1",
    "iodepth" : "8",
    "clientname" : "admin",
    "pool" : "rbd"
  },
  "jobs" : [
    {
      "jobname" : "fio_test_0",
      "groupid" : 0,
      "job_start" : 1751036694946,
      "error" : 0,
      "eta" : 0,
      "elapsed" : 331,
      "job options" : {
        "max_latency" : "1s",
        "numjobs" : "1",
        "rbdname" : "fio_test_31"
      },
      "read" : {
        "io_bytes" : 0,
        "io_kbytes" : 0,
        "bw_bytes" : 0,
        "bw" : 0,
        "iops" : 0.000000,
        "runtime" : 0,
        "total_ios" : 0,
        "short_ios" : 0,
        "drop_ios" : 0,
        "slat_ns" : {
          "min" : 0,
          "max" : 0,
          "mean" : 0.000000,
          "stddev" : 0.000000,
          "N" : 0
        },
        "clat_ns" : {
          "min" : 0,
          "max" : 0,
          "mean" : 0.000000,
          "stddev" : 0.000000,
          "N" : 0
        },
        "lat_ns" : {
          "min" : 0,
          "max" : 0,
          "mean" : 0.000000,
          "stddev" : 0.000000,
          "N" : 0
        },
        "bw_min" : 0,
        "bw_max" : 0,
        "bw_agg" : 0.000000,
        "bw_mean" : 0.000000,
        "bw_dev" : 0.000000,
        "bw_samples" : 0,
        "iops_min" : 0,
        "iops_max" : 0,
        "iops_mean" : 0.000000,
        "iops_stddev" : 0.000000,
        "iops_samples" : 0
      },
      "write" : {
        "io_bytes" : 249254445056,
        "io_kbytes" : 243412544,
        "bw_bytes" : 830776149,
        "bw" : 811304,
        "iops" : 12675.891423,
        "runtime" : 300026,
        "total_ios" : 3803097,
        "short_ios" : 0,
        "drop_ios" : 0,
        "slat_ns" : {
          "min" : 4883,
          "max" : 524600,
          "mean" : 18808.844159,
          "stddev" : 8773.263422,
          "N" : 3803097
        },
        "clat_ns" : {
          "min" : 410680,
          "max" : 561026617,
          "mean" : 20173783.173671,
          "stddev" : 13803600.568270,
          "N" : 3803321,
          "percentile" : {
            "1.000000" : 2113536,
            "5.000000" : 4620288,
            "10.000000" : 7176192,
            "20.000000" : 10551296,
            "30.000000" : 13041664,
            "40.000000" : 15269888,
            "50.000000" : 17432576,
            "60.000000" : 19791872,
            "70.000000" : 22675456,
            "80.000000" : 27131904,
            "90.000000" : 35913728,
            "95.000000" : 45350912,
            "99.000000" : 68681728,
            "99.500000" : 80216064,
            "99.900000" : 119013376,
            "99.950000" : 145752064,
            "99.990000" : 229638144
          }
        },
        "lat_ns" : {
          "min" : 419784,
          "max" : 561049456,
          "mean" : 20192592.102877,
          "stddev" : 13805439.721293,
          "N" : 3803321
        },
        "bw_min" : 152611,
        "bw_max" : 1941989,
        "bw_agg" : 100.000000,
        "bw_mean" : 811748.524686,
        "bw_dev" : 7580.509765,
        "bw_samples" : 19179,
        "iops_min" : 2384,
        "iops_max" : 30342,
        "iops_mean" : 12681.526539,
        "iops_stddev" : 118.447436,
        "iops_samples" : 19179
      },
      "trim" : {
        "io_bytes" : 0,
        "io_kbytes" : 0,
        "bw_bytes" : 0,
        "bw" : 0,
        "iops" : 0.000000,
        "runtime" : 0,
        "total_ios" : 0,
        "short_ios" : 0,
        "drop_ios" : 0,
        "slat_ns" : {
          "min" : 0,
          "max" : 0,
          "mean" : 0.000000,
          "stddev" : 0.000000,
          "N" : 0
        },
        "clat_ns" : {
          "min" : 0,
          "max" : 0,
          "mean" : 0.000000,
          "stddev" : 0.000000,
          "N" : 0
        },
        "lat_ns" : {
          "min" : 0,
          "max" : 0,
          "mean" : 0.000000,
          "stddev" : 0.000000,
          "N" : 0
        },
        "bw_min" : 0,
        "bw_max" : 0,
        "bw_agg" : 0.000000,
        "bw_mean" : 0.000000,
        "bw_dev" : 0.000000,
        "bw_samples" : 0,
        "iops_min" : 0,
        "iops_max" : 0,
        "iops_mean" : 0.000000,
        "iops_stddev" : 0.000000,
        "iops_samples" : 0
      },
      "sync" : {
        "total_ios" : 0,
        "lat_ns" : {
          "min" : 0,
          "max" : 0,
          "mean" : 0.000000,
          "stddev" : 0.000000,
          "N" : 0
        }
      },
      "job_runtime" : 9600409,
      "usr_cpu" : 0.915346,
      "sys_cpu" : 0.307539,
      "ctx" : 3753647,
      "majf" : 0,
      "minf" : 33891,
      "iodepth_level" : {
        "1" : 0.000000,
        "2" : 0.000000,
        "4" : 0.000000,
        "8" : 100.000000,
        "16" : 0.000000,
        "32" : 0.000000,
        ">=64" : 0.000000
      },
      "iodepth_submit" : {
        "0" : 0.000000,
        "4" : 100.000000,
        "8" : 0.000000,
        "16" : 0.000000,
        "32" : 0.000000,
        "64" : 0.000000,
        ">=64" : 0.000000
      },
      "iodepth_complete" : {
        "0" : 0.000000,
        "4" : 99.999579,
        "8" : 0.100000,
        "16" : 0.000000,
        "32" : 0.000000,
        "64" : 0.000000,
        ">=64" : 0.000000
      },
      "latency_ns" : {
        "2" : 0.000000,
        "4" : 0.000000,
        "10" : 0.000000,
        "20" : 0.000000,
        "50" : 0.000000,
        "100" : 0.000000,
        "250" : 0.000000,
        "500" : 0.000000,
        "750" : 0.000000,
        "1000" : 0.000000
      },
      "latency_us" : {
        "2" : 0.000000,
        "4" : 0.000000,
        "10" : 0.000000,
        "20" : 0.000000,
        "50" : 0.000000,
        "100" : 0.000000,
        "250" : 0.000000,
        "500" : 0.010000,
        "750" : 0.025216,
        "1000" : 0.071994
      },
      "latency_ms" : {
        "2" : 0.771135,
        "4" : 3.098554,
        "10" : 14.149153,
        "20" : 42.783053,
        "50" : 35.553103,
        "100" : 3.356133,
        "250" : 0.190476,
        "500" : 0.010000,
        "750" : 0.010000,
        "1000" : 0.000000,
        "2000" : 0.000000,
        ">=2000" : 0.000000
      },
      "latency_depth" : 8,
      "latency_target" : 0,
      "latency_percentile" : 100.000000,
      "latency_window" : 0
    }
  ],
  "disk_util" : [
    {
      "name" : "sda",
      "read_ios" : 0,
      "write_ios" : 3920,
      "read_sectors" : 0,
      "write_sectors" : 121888,
      "read_merges" : 0,
      "write_merges" : 5611,
      "read_ticks" : 0,
      "write_ticks" : 903,
      "in_queue" : 942,
      "util" : 0.093358
    }
  ]
}
