{
  "fio version" : "fio-3.39-26-ga72fe",
  "timestamp" : 1751038989,
  "timestamp_ms" : 1751038989579,
  "time" : "Fri Jun 27 15:43:09 2025",
  "global options" : {
    "ioengine" : "rbd",
    "bs" : "64k",
    "rw" : "write",
    "direct" : "1",
    "runtime" : "5m",
    "time_based" : "",
    "group_reporting" : "",
    "ramp_time" : "30s",
    "thread" : "1",
    "iodepth" : "24",
    "clientname" : "admin",
    "pool" : "rbd"
  },
  "jobs" : [
    {
      "jobname" : "fio_test_0",
      "groupid" : 0,
      "job_start" : 1751038689347,
      "error" : 0,
      "eta" : 0,
      "elapsed" : 331,
      "job options" : {
        "max_latency" : "1s",
        "numjobs" : "1",
        "rbdname" : "fio_test_31"
      },
      "read" : {
        "io_bytes" : 0,
        "io_kbytes" : 0,
        "bw_bytes" : 0,
        "bw" : 0,
        "iops" : 0.000000,
        "runtime" : 0,
        "total_ios" : 0,
        "short_ios" : 0,
        "drop_ios" : 0,
        "slat_ns" : {
          "min" : 0,
          "max" : 0,
          "mean" : 0.000000,
          "stddev" : 0.000000,
          "N" : 0
        },
        "clat_ns" : {
          "min" : 0,
          "max" : 0,
          "mean" : 0.000000,
          "stddev" : 0.000000,
          "N" : 0
        },
        "lat_ns" : {
          "min" : 0,
          "max" : 0,
          "mean" : 0.000000,
          "stddev" : 0.000000,
          "N" : 0
        },
        "bw_min" : 0,
        "bw_max" : 0,
        "bw_agg" : 0.000000,
        "bw_mean" : 0.000000,
        "bw_dev" : 0.000000,
        "bw_samples" : 0,
        "iops_min" : 0,
        "iops_max" : 0,
        "iops_mean" : 0.000000,
        "iops_stddev" : 0.000000,
        "iops_samples" : 0
      },
      "write" : {
        "io_bytes" : 280222498816,
        "io_kbytes" : 273654784,
        "bw_bytes" : 933773076,
        "bw" : 911887,
        "iops" : 14245.793860,
        "runtime" : 300097,
        "total_ios" : 4275120,
        "short_ios" : 0,
        "drop_ios" : 0,
        "slat_ns" : {
          "min" : 4813,
          "max" : 818718,
          "mean" : 22884.185085,
          "stddev" : 8805.877860,
          "N" : 4275120
        },
        "clat_ns" : {
          "min" : 429262,
          "max" : 769649664,
          "mean" : 53874667.453321,
          "stddev" : 46085992.360285,
          "N" : 4275856,
          "percentile" : {
            "1.000000" : 2244608,
            "5.000000" : 5275648,
            "10.000000" : 9240576,
            "20.000000" : 17432576,
            "30.000000" : 26083328,
            "40.000000" : 34865152,
            "50.000000" : 43778048,
            "60.000000" : 53739520,
            "70.000000" : 64749568,
            "80.000000" : 79167488,
            "90.000000" : 108527616,
            "95.000000" : 143654912,
            "99.000000" : 225443840,
            "99.500000" : 261095424,
            "99.900000" : 346030080,
            "99.950000" : 375390208,
            "99.990000" : 450887680
          }
        },
        "lat_ns" : {
          "min" : 437950,
          "max" : 769669145,
          "mean" : 53897552.178447,
          "stddev" : 46088061.014194,
          "N" : 4275856
        },
        "bw_min" : 130321,
        "bw_max" : 2279680,
        "bw_agg" : 100.000000,
        "bw_mean" : 912532.045946,
        "bw_dev" : 10690.844783,
        "bw_samples" : 19171,
        "iops_min" : 2036,
        "iops_max" : 35620,
        "iops_mean" : 14257.678776,
        "iops_stddev" : 167.047808,
        "iops_samples" : 19171
      },
      "trim" : {
        "io_bytes" : 0,
        "io_kbytes" : 0,
        "bw_bytes" : 0,
        "bw" : 0,
        "iops" : 0.000000,
        "runtime" : 0,
        "total_ios" : 0,
        "short_ios" : 0,
        "drop_ios" : 0,
        "slat_ns" : {
          "min" : 0,
          "max" : 0,
          "mean" : 0.000000,
          "stddev" : 0.000000,
          "N" : 0
        },
        "clat_ns" : {
          "min" : 0,
          "max" : 0,
          "mean" : 0.000000,
          "stddev" : 0.000000,
          "N" : 0
        },
        "lat_ns" : {
          "min" : 0,
          "max" : 0,
          "mean" : 0.000000,
          "stddev" : 0.000000,
          "N" : 0
        },
        "bw_min" : 0,
        "bw_max" : 0,
        "bw_agg" : 0.000000,
        "bw_mean" : 0.000000,
        "bw_dev" : 0.000000,
        "bw_samples" : 0,
        "iops_min" : 0,
        "iops_max" : 0,
        "iops_mean" : 0.000000,
        "iops_stddev" : 0.000000,
        "iops_samples" : 0
      },
      "sync" : {
        "total_ios" : 0,
        "lat_ns" : {
          "min" : 0,
          "max" : 0,
          "mean" : 0.000000,
          "stddev" : 0.000000,
          "N" : 0
        }
      },
      "job_runtime" : 9601522,
      "usr_cpu" : 1.190020,
      "sys_cpu" : 0.308107,
      "ctx" : 4104688,
      "majf" : 0,
      "minf" : 80158,
      "iodepth_level" : {
        "1" : 0.000000,
        "2" : 0.000000,
        "4" : 0.000000,
        "8" : 0.000000,
        "16" : 100.000000,
        "32" : 0.000000,
        ">=64" : 0.000000
      },
      "iodepth_submit" : {
        "0" : 0.000000,
        "4" : 100.000000,
        "8" : 0.000000,
        "16" : 0.000000,
        "32" : 0.000000,
        "64" : 0.000000,
        ">=64" : 0.000000
      },
      "iodepth_complete" : {
        "0" : 0.000000,
        "4" : 99.999626,
        "8" : 0.000000,
        "16" : 0.000000,
        "32" : 0.100000,
        "64" : 0.000000,
        ">=64" : 0.000000
      },
      "latency_ns" : {
        "2" : 0.000000,
        "4" : 0.000000,
        "10" : 0.000000,
        "20" : 0.000000,
        "50" : 0.000000,
        "100" : 0.000000,
        "250" : 0.000000,
        "500" : 0.000000,
        "750" : 0.000000,
        "1000" : 0.000000
      },
      "latency_us" : {
        "2" : 0.000000,
        "4" : 0.000000,
        "10" : 0.000000,
        "20" : 0.000000,
        "50" : 0.000000,
        "100" : 0.000000,
        "250" : 0.000000,
        "500" : 0.010000,
        "750" : 0.029239,
        "1000" : 0.067296
      },
      "latency_ms" : {
        "2" : 0.639655,
        "4" : 2.555110,
        "10" : 7.597120,
        "20" : 12.117765,
        "50" : 33.435085,
        "100" : 31.632048,
        "250" : 11.315729,
        "500" : 0.625433,
        "750" : 0.010000,
        "1000" : 0.010000,
        "2000" : 0.000000,
        ">=2000" : 0.000000
      },
      "latency_depth" : 24,
      "latency_target" : 0,
      "latency_percentile" : 100.000000,
      "latency_window" : 0
    }
  ],
  "disk_util" : [
    {
      "name" : "sda",
      "read_ios" : 2,
      "write_ios" : 3927,
      "read_sectors" : 16,
      "write_sectors" : 125024,
      "read_merges" : 0,
      "write_merges" : 5576,
      "read_ticks" : 0,
      "write_ticks" : 909,
      "in_queue" : 949,
      "util" : 0.097309
    }
  ]
}
