{
  "fio version" : "fio-3.39-26-ga72fe",
  "timestamp" : 1751037992,
  "timestamp_ms" : 1751037992413,
  "time" : "Fri Jun 27 15:26:32 2025",
  "global options" : {
    "ioengine" : "rbd",
    "bs" : "64k",
    "rw" : "write",
    "direct" : "1",
    "runtime" : "5m",
    "time_based" : "",
    "group_reporting" : "",
    "ramp_time" : "30s",
    "thread" : "1",
    "iodepth" : "16",
    "clientname" : "admin",
    "pool" : "rbd"
  },
  "jobs" : [
    {
      "jobname" : "fio_test_0",
      "groupid" : 0,
      "job_start" : 1751037692208,
      "error" : 0,
      "eta" : 0,
      "elapsed" : 331,
      "job options" : {
        "max_latency" : "1s",
        "numjobs" : "1",
        "rbdname" : "fio_test_31"
      },
      "read" : {
        "io_bytes" : 0,
        "io_kbytes" : 0,
        "bw_bytes" : 0,
        "bw" : 0,
        "iops" : 0.000000,
        "runtime" : 0,
        "total_ios" : 0,
        "short_ios" : 0,
        "drop_ios" : 0,
        "slat_ns" : {
          "min" : 0,
          "max" : 0,
          "mean" : 0.000000,
          "stddev" : 0.000000,
          "N" : 0
        },
        "clat_ns" : {
          "min" : 0,
          "max" : 0,
          "mean" : 0.000000,
          "stddev" : 0.000000,
          "N" : 0
        },
        "lat_ns" : {
          "min" : 0,
          "max" : 0,
          "mean" : 0.000000,
          "stddev" : 0.000000,
          "N" : 0
        },
        "bw_min" : 0,
        "bw_max" : 0,
        "bw_agg" : 0.000000,
        "bw_mean" : 0.000000,
        "bw_dev" : 0.000000,
        "bw_samples" : 0,
        "iops_min" : 0,
        "iops_max" : 0,
        "iops_mean" : 0.000000,
        "iops_stddev" : 0.000000,
        "iops_samples" : 0
      },
      "write" : {
        "io_bytes" : 280753864704,
        "io_kbytes" : 274173696,
        "bw_bytes" : 935674675,
        "bw" : 913744,
        "iops" : 14275.662795,
        "runtime" : 300055,
        "total_ios" : 4283484,
        "short_ios" : 0,
        "drop_ios" : 0,
        "slat_ns" : {
          "min" : 5087,
          "max" : 592111,
          "mean" : 21862.134146,
          "stddev" : 8606.165577,
          "N" : 4283484
        },
        "clat_ns" : {
          "min" : 471924,
          "max" : 545827557,
          "mean" : 35837747.601798,
          "stddev" : 26338874.731237,
          "N" : 4283964,
          "percentile" : {
            "1.000000" : 2179072,
            "5.000000" : 4947968,
            "10.000000" : 8585216,
            "20.000000" : 15794176,
            "30.000000" : 21889024,
            "40.000000" : 27131904,
            "50.000000" : 31588352,
            "60.000000" : 35913728,
            "70.000000" : 41156608,
            "80.000000" : 49020928,
            "90.000000" : 67633152,
            "95.000000" : 85458944,
            "99.000000" : 130547712,
            "99.500000" : 152043520,
            "99.900000" : 210763776,
            "99.950000" : 242221056,
            "99.990000" : 320864256
          }
        },
        "lat_ns" : {
          "min" : 485654,
          "max" : 545849394,
          "mean" : 35859609.953134,
          "stddev" : 26340752.406426,
          "N" : 4283964
        },
        "bw_min" : 168842,
        "bw_max" : 2106492,
        "bw_agg" : 100.000000,
        "bw_mean" : 914518.725523,
        "bw_dev" : 8329.754850,
        "bw_samples" : 19174,
        "iops_min" : 2638,
        "iops_max" : 32913,
        "iops_mean" : 14288.194524,
        "iops_stddev" : 130.157455,
        "iops_samples" : 19174
      },
      "trim" : {
        "io_bytes" : 0,
        "io_kbytes" : 0,
        "bw_bytes" : 0,
        "bw" : 0,
        "iops" : 0.000000,
        "runtime" : 0,
        "total_ios" : 0,
        "short_ios" : 0,
        "drop_ios" : 0,
        "slat_ns" : {
          "min" : 0,
          "max" : 0,
          "mean" : 0.000000,
          "stddev" : 0.000000,
          "N" : 0
        },
        "clat_ns" : {
          "min" : 0,
          "max" : 0,
          "mean" : 0.000000,
          "stddev" : 0.000000,
          "N" : 0
        },
        "lat_ns" : {
          "min" : 0,
          "max" : 0,
          "mean" : 0.000000,
          "stddev" : 0.000000,
          "N" : 0
        },
        "bw_min" : 0,
        "bw_max" : 0,
        "bw_agg" : 0.000000,
        "bw_mean" : 0.000000,
        "bw_dev" : 0.000000,
        "bw_samples" : 0,
        "iops_min" : 0,
        "iops_max" : 0,
        "iops_mean" : 0.000000,
        "iops_stddev" : 0.000000,
        "iops_samples" : 0
      },
      "sync" : {
        "total_ios" : 0,
        "lat_ns" : {
          "min" : 0,
          "max" : 0,
          "mean" : 0.000000,
          "stddev" : 0.000000,
          "N" : 0
        }
      },
      "job_runtime" : 9601012,
      "usr_cpu" : 1.150462,
      "sys_cpu" : 0.309769,
      "ctx" : 4170321,
      "majf" : 0,
      "minf" : 56873,
      "iodepth_level" : {
        "1" : 0.000000,
        "2" : 0.000000,
        "4" : 0.000000,
        "8" : 0.000000,
        "16" : 100.000000,
        "32" : 0.000000,
        ">=64" : 0.000000
      },
      "iodepth_submit" : {
        "0" : 0.000000,
        "4" : 100.000000,
        "8" : 0.000000,
        "16" : 0.000000,
        "32" : 0.000000,
        "64" : 0.000000,
        ">=64" : 0.000000
      },
      "iodepth_complete" : {
        "0" : 0.000000,
        "4" : 99.999626,
        "8" : 0.000000,
        "16" : 0.100000,
        "32" : 0.000000,
        "64" : 0.000000,
        ">=64" : 0.000000
      },
      "latency_ns" : {
        "2" : 0.000000,
        "4" : 0.000000,
        "10" : 0.000000,
        "20" : 0.000000,
        "50" : 0.000000,
        "100" : 0.000000,
        "250" : 0.000000,
        "500" : 0.000000,
        "750" : 0.000000,
        "1000" : 0.000000
      },
      "latency_us" : {
        "2" : 0.000000,
        "4" : 0.000000,
        "10" : 0.000000,
        "20" : 0.000000,
        "50" : 0.000000,
        "100" : 0.000000,
        "250" : 0.000000,
        "500" : 0.010000,
        "750" : 0.018046,
        "1000" : 0.060418
      },
      "latency_ms" : {
        "2" : 0.705477,
        "4" : 2.825784,
        "10" : 8.310175,
        "20" : 14.644364,
        "50" : 54.529140,
        "100" : 16.116320,
        "250" : 2.758152,
        "500" : 0.042979,
        "750" : 0.010000,
        "1000" : 0.000000,
        "2000" : 0.000000,
        ">=2000" : 0.000000
      },
      "latency_depth" : 16,
      "latency_target" : 0,
      "latency_percentile" : 100.000000,
      "latency_window" : 0
    }
  ],
  "disk_util" : [
    {
      "name" : "sda",
      "read_ios" : 1,
      "write_ios" : 3979,
      "read_sectors" : 8,
      "write_sectors" : 122848,
      "read_merges" : 0,
      "write_merges" : 5333,
      "read_ticks" : 0,
      "write_ticks" : 907,
      "in_queue" : 945,
      "util" : 0.092758
    }
  ]
}
