{
  "fio version" : "fio-3.39-26-ga72fe",
  "timestamp" : 1751035333,
  "timestamp_ms" : 1751035333226,
  "time" : "Fri Jun 27 14:42:13 2025",
  "global options" : {
    "ioengine" : "rbd",
    "bs" : "64k",
    "rw" : "write",
    "direct" : "1",
    "runtime" : "5m",
    "time_based" : "",
    "group_reporting" : "",
    "ramp_time" : "30s",
    "thread" : "1",
    "iodepth" : "1",
    "clientname" : "admin",
    "pool" : "rbd"
  },
  "jobs" : [
    {
      "jobname" : "fio_test_0",
      "groupid" : 0,
      "job_start" : 1751035033054,
      "error" : 0,
      "eta" : 0,
      "elapsed" : 331,
      "job options" : {
        "max_latency" : "1s",
        "numjobs" : "1",
        "rbdname" : "fio_test_31"
      },
      "read" : {
        "io_bytes" : 0,
        "io_kbytes" : 0,
        "bw_bytes" : 0,
        "bw" : 0,
        "iops" : 0.000000,
        "runtime" : 0,
        "total_ios" : 0,
        "short_ios" : 0,
        "drop_ios" : 0,
        "slat_ns" : {
          "min" : 0,
          "max" : 0,
          "mean" : 0.000000,
          "stddev" : 0.000000,
          "N" : 0
        },
        "clat_ns" : {
          "min" : 0,
          "max" : 0,
          "mean" : 0.000000,
          "stddev" : 0.000000,
          "N" : 0
        },
        "lat_ns" : {
          "min" : 0,
          "max" : 0,
          "mean" : 0.000000,
          "stddev" : 0.000000,
          "N" : 0
        },
        "bw_min" : 0,
        "bw_max" : 0,
        "bw_agg" : 0.000000,
        "bw_mean" : 0.000000,
        "bw_dev" : 0.000000,
        "bw_samples" : 0,
        "iops_min" : 0,
        "iops_max" : 0,
        "iops_mean" : 0.000000,
        "iops_stddev" : 0.000000,
        "iops_samples" : 0
      },
      "write" : {
        "io_bytes" : 198616154112,
        "io_kbytes" : 193961088,
        "bw_bytes" : 662033986,
        "bw" : 646517,
        "iops" : 10101.836945,
        "runtime" : 300009,
        "total_ios" : 3030642,
        "short_ios" : 0,
        "drop_ios" : 0,
        "slat_ns" : {
          "min" : 4221,
          "max" : 893032,
          "mean" : 18205.974263,
          "stddev" : 9661.352618,
          "N" : 3030642
        },
        "clat_ns" : {
          "min" : 381148,
          "max" : 373641166,
          "mean" : 3146921.975477,
          "stddev" : 2167979.577244,
          "N" : 3030642,
          "percentile" : {
            "1.000000" : 708608,
            "5.000000" : 978944,
            "10.000000" : 1220608,
            "20.000000" : 1597440,
            "30.000000" : 1941504,
            "40.000000" : 2277376,
            "50.000000" : 2637824,
            "60.000000" : 3031040,
            "70.000000" : 3555328,
            "80.000000" : 4292608,
            "90.000000" : 5668864,
            "95.000000" : 7110656,
            "99.000000" : 10551296,
            "99.500000" : 12255232,
            "99.900000" : 17170432,
            "99.950000" : 20316160,
            "99.990000" : 36438016
          }
        },
        "lat_ns" : {
          "min" : 391919,
          "max" : 373658983,
          "mean" : 3165127.949740,
          "stddev" : 2168558.168217,
          "N" : 3030642
        },
        "bw_min" : 154899,
        "bw_max" : 1417549,
        "bw_agg" : 100.000000,
        "bw_mean" : 646866.083436,
        "bw_dev" : 5216.050269,
        "bw_samples" : 19179,
        "iops_min" : 2420,
        "iops_max" : 22149,
        "iops_mean" : 10105.439508,
        "iops_stddev" : 81.494745,
        "iops_samples" : 19179
      },
      "trim" : {
        "io_bytes" : 0,
        "io_kbytes" : 0,
        "bw_bytes" : 0,
        "bw" : 0,
        "iops" : 0.000000,
        "runtime" : 0,
        "total_ios" : 0,
        "short_ios" : 0,
        "drop_ios" : 0,
        "slat_ns" : {
          "min" : 0,
          "max" : 0,
          "mean" : 0.000000,
          "stddev" : 0.000000,
          "N" : 0
        },
        "clat_ns" : {
          "min" : 0,
          "max" : 0,
          "mean" : 0.000000,
          "stddev" : 0.000000,
          "N" : 0
        },
        "lat_ns" : {
          "min" : 0,
          "max" : 0,
          "mean" : 0.000000,
          "stddev" : 0.000000,
          "N" : 0
        },
        "bw_min" : 0,
        "bw_max" : 0,
        "bw_agg" : 0.000000,
        "bw_mean" : 0.000000,
        "bw_dev" : 0.000000,
        "bw_samples" : 0,
        "iops_min" : 0,
        "iops_max" : 0,
        "iops_mean" : 0.000000,
        "iops_stddev" : 0.000000,
        "iops_samples" : 0
      },
      "sync" : {
        "total_ios" : 0,
        "lat_ns" : {
          "min" : 0,
          "max" : 0,
          "mean" : 0.000000,
          "stddev" : 0.000000,
          "N" : 0
        }
      },
      "job_runtime" : 9600090,
      "usr_cpu" : 0.738337,
      "sys_cpu" : 0.292820,
      "ctx" : 3032575,
      "majf" : 0,
      "minf" : 28230,
      "iodepth_level" : {
        "1" : 100.000000,
        "2" : 0.000000,
        "4" : 0.000000,
        "8" : 0.000000,
        "16" : 0.000000,
        "32" : 0.000000,
        ">=64" : 0.000000
      },
      "iodepth_submit" : {
        "0" : 0.000000,
        "4" : 100.000000,
        "8" : 0.000000,
        "16" : 0.000000,
        "32" : 0.000000,
        "64" : 0.000000,
        ">=64" : 0.000000
      },
      "iodepth_complete" : {
        "0" : 0.000000,
        "4" : 100.000000,
        "8" : 0.000000,
        "16" : 0.000000,
        "32" : 0.000000,
        "64" : 0.000000,
        ">=64" : 0.000000
      },
      "latency_ns" : {
        "2" : 0.000000,
        "4" : 0.000000,
        "10" : 0.000000,
        "20" : 0.000000,
        "50" : 0.000000,
        "100" : 0.000000,
        "250" : 0.000000,
        "500" : 0.000000,
        "750" : 0.000000,
        "1000" : 0.000000
      },
      "latency_us" : {
        "2" : 0.000000,
        "4" : 0.000000,
        "10" : 0.000000,
        "20" : 0.000000,
        "50" : 0.000000,
        "100" : 0.000000,
        "250" : 0.000000,
        "500" : 0.029697,
        "750" : 1.374461,
        "1000" : 4.043764
      },
      "latency_ms" : {
        "2" : 26.538436,
        "4" : 44.514265,
        "10" : 22.211564,
        "20" : 1.233699,
        "50" : 0.050286,
        "100" : 0.010000,
        "250" : 0.010000,
        "500" : 0.010000,
        "750" : 0.000000,
        "1000" : 0.000000,
        "2000" : 0.000000,
        ">=2000" : 0.000000
      },
      "latency_depth" : 1,
      "latency_target" : 0,
      "latency_percentile" : 100.000000,
      "latency_window" : 0
    }
  ],
  "disk_util" : [
    {
      "name" : "sda",
      "read_ios" : 4,
      "write_ios" : 4122,
      "read_sectors" : 48,
      "write_sectors" : 154320,
      "read_merges" : 0,
      "write_merges" : 5627,
      "read_ticks" : 1,
      "write_ticks" : 1049,
      "in_queue" : 1090,
      "util" : 0.109721
    }
  ]
}
