[
    {
        "FIO": {
            "cpu": {
                "data": [
                    159.68999999999826,
                    188.09666666666774,
                    192.69333333333446,
                    183.59333333333387,
                    191.743333333335,
                    200.03666666666993,
                    198.35333333333554,
                    201.10000000000207,
                    217.5366666666691,
                    226.96666666666886,
                    226.98000000000263,
                    231.5733333333356,
                    201.2233333333351,
                    265.01000000000363,
                    269.4900000000041,
                    261.803333333337,
                    272.7166666666714,
                    265.13666666667035,
                    253.9800000000024,
                    265.2200000000026,
                    301.47333333333387,
                    226.23333333333412,
                    256.01333333333497,
                    259.87666666666803
                ],
                "index": 24,
                "time": [
                    "14:38:39",
                    "14:44:12",
                    "14:49:44",
                    "14:55:16",
                    "15:00:49",
                    "15:06:21",
                    "15:11:54",
                    "15:17:26",
                    "15:22:59",
                    "15:28:31",
                    "15:34:03",
                    "15:39:36",
                    "15:45:08",
                    "15:50:40",
                    "15:56:13",
                    "16:01:46",
                    "16:07:18",
                    "16:12:51",
                    "16:18:23",
                    "16:23:56",
                    "16:29:28",
                    "16:35:01",
                    "16:40:33",
                    "16:46:06"
                ],
                "total": 259.3
            },
            "mem": {
                "data": [
                    0.0,
                    0.0,
                    0.0,
                    43.49999999999695,
                    44.99999999999559,
                    10.500000000000105,
                    44.99999999999559,
                    44.99999999999559,
                    44.99999999999559,
                    44.99999999999559,
                    44.99999999999559,
                    44.99999999999559,
                    44.99999999999559,
                    44.99999999999559,
                    44.99999999999559,
                    44.81333333332909,
                    42.94666666666412,
                    41.1733333333324,
                    35.10666666667125,
                    36.9266666666696,
                    28.8133333333376,
                    20.873333333335793,
                    32.58666666667179,
                    32.680000000005144
                ],
                "index": 24,
                "time": [
                    "14:38:39",
                    "14:44:12",
                    "14:49:44",
                    "14:55:16",
                    "15:00:49",
                    "15:06:21",
                    "15:11:54",
                    "15:17:26",
                    "15:22:59",
                    "15:28:31",
                    "15:34:03",
                    "15:39:36",
                    "15:45:08",
                    "15:50:40",
                    "15:56:13",
                    "16:01:46",
                    "16:07:18",
                    "16:12:51",
                    "16:18:23",
                    "16:23:56",
                    "16:29:28",
                    "16:35:01",
                    "16:40:33",
                    "16:46:06"
                ],
                "total": 26.80000000000011
            }
        },
        "OSD": {
            "cpu": {
                "data": [
                    1304.4033333333348,
                    1371.1600000000005,
                    1376.313333333335,
                    1384.1833333333357,
                    1390.6466666666684,
                    1402.95333333333,
                    1424.2066666666656,
                    1430.1166666666613,
                    1433.2199999999982,
                    1455.2033333333316,
                    1446.8633333333314,
                    1443.5933333333307,
                    1480.310000000003,
                    1439.9966666666683,
                    1436.6666666666674,
                    1475.4000000000008,
                    1452.4266666666663,
                    1447.3266666666625,
                    1426.450000000003,
                    1445.8433333333314,
                    1305.9399999999985,
                    1199.7000000000007,
                    1428.2133333333368,
                    1423.0900000000036
                ],
                "index": 24,
                "time": [
                    "14:38:39",
                    "14:44:12",
                    "14:49:44",
                    "14:55:16",
                    "15:00:49",
                    "15:06:21",
                    "15:11:54",
                    "15:17:26",
                    "15:22:59",
                    "15:28:31",
                    "15:34:03",
                    "15:39:36",
                    "15:45:08",
                    "15:50:40",
                    "15:56:13",
                    "16:01:46",
                    "16:07:18",
                    "16:12:51",
                    "16:18:23",
                    "16:23:56",
                    "16:29:28",
                    "16:35:01",
                    "16:40:33",
                    "16:46:06"
                ],
                "total": 1409.8999999999999
            },
            "mem": {
                "data": [
                    835.4533333333181,
                    868.7999999999818,
                    868.7999999999818,
                    868.7999999999818,
                    868.7999999999818,
                    868.7999999999818,
                    868.7999999999818,
                    868.7999999999818,
                    868.7999999999818,
                    868.7999999999818,
                    868.7999999999818,
                    868.7999999999818,
                    868.7999999999818,
                    868.7999999999818,
                    868.7999999999818,
                    868.7999999999818,
                    868.7999999999818,
                    868.7999999999818,
                    868.7999999999818,
                    868.7999999999818,
                    868.7999999999818,
                    868.7999999999818,
                    868.7999999999818,
                    868.7999999999818
                ],
                "index": 24,
                "time": [
                    "14:38:39",
                    "14:44:12",
                    "14:49:44",
                    "14:55:16",
                    "15:00:49",
                    "15:06:21",
                    "15:11:54",
                    "15:17:26",
                    "15:22:59",
                    "15:28:31",
                    "15:34:03",
                    "15:39:36",
                    "15:45:08",
                    "15:50:40",
                    "15:56:13",
                    "16:01:46",
                    "16:07:18",
                    "16:12:51",
                    "16:18:23",
                    "16:23:56",
                    "16:29:28",
                    "16:35:01",
                    "16:40:33",
                    "16:46:06"
                ],
                "total": 868.8000000000006
            }
        }
    }
]