[
  {
    "metrics": [
      {
        "reactor_utilization": {
          "shard": "0",
          "value": 69.32431960000001
        }
      },
      {
        "reactor_utilization": {
          "shard": "1",
          "value": 82.575640219999997
        }
      },
      {
        "reactor_utilization": {
          "shard": "2",
          "value": 77.879675439999872
        }
      },
      {
        "reactor_utilization": {
          "shard": "3",
          "value": 56.033648479999165
        }
      },
      {
        "reactor_utilization": {
          "shard": "4",
          "value": 69.61583455999974
        }
      },
      {
        "reactor_utilization": {
          "shard": "5",
          "value": 74.432885920000189
        }
      },
      {
        "reactor_utilization": {
          "shard": "6",
          "value": 61.138953199999648
        }
      },
      {
        "reactor_utilization": {
          "shard": "7",
          "value": 64.2752857199999
        }
      },
      {
        "reactor_utilization": {
          "shard": "8",
          "value": 73.682116039999741
        }
      },
      {
        "reactor_utilization": {
          "shard": "9",
          "value": 93.005261099999899
        }
      },
      {
        "reactor_utilization": {
          "shard": "10",
          "value": 66.013401780000706
        }
      },
      {
        "reactor_utilization": {
          "shard": "11",
          "value": 61.784202159999978
        }
      },
      {
        "reactor_utilization": {
          "shard": "12",
          "value": 74.718879720000359
        }
      },
      {
        "reactor_utilization": {
          "shard": "13",
          "value": 82.045919540000114
        }
      },
      {
        "reactor_utilization": {
          "shard": "14",
          "value": 62.691932179999512
        }
      },
      {
        "reactor_utilization": {
          "shard": "15",
          "value": 84.837879139999956
        }
      }
    ]
  },
  {
    "metrics": [
      {
        "reactor_utilization": {
          "shard": "0",
          "value": 68.288052059999998
        }
      },
      {
        "reactor_utilization": {
          "shard": "1",
          "value": 71.949417619999991
        }
      },
      {
        "reactor_utilization": {
          "shard": "2",
          "value": 83.663242519999869
        }
      },
      {
        "reactor_utilization": {
          "shard": "3",
          "value": 54.800803139999175
        }
      },
      {
        "reactor_utilization": {
          "shard": "4",
          "value": 81.781347839999739
        }
      },
      {
        "reactor_utilization": {
          "shard": "5",
          "value": 78.510308860000194
        }
      },
      {
        "reactor_utilization": {
          "shard": "6",
          "value": 65.246971619999655
        }
      },
      {
        "reactor_utilization": {
          "shard": "7",
          "value": 64.460954239999907
        }
      },
      {
        "reactor_utilization": {
          "shard": "8",
          "value": 74.529094199999733
        }
      },
      {
        "reactor_utilization": {
          "shard": "9",
          "value": 82.350648399999898
        }
      },
      {
        "reactor_utilization": {
          "shard": "10",
          "value": 71.8228156600007
        }
      },
      {
        "reactor_utilization": {
          "shard": "11",
          "value": 62.456054979999962
        }
      },
      {
        "reactor_utilization": {
          "shard": "12",
          "value": 82.596439740000349
        }
      },
      {
        "reactor_utilization": {
          "shard": "13",
          "value": 73.879424440000108
        }
      },
      {
        "reactor_utilization": {
          "shard": "14",
          "value": 69.899040359999503
        }
      },
      {
        "reactor_utilization": {
          "shard": "15",
          "value": 80.300833879999971
        }
      }
    ]
  },
  {
    "metrics": [
      {
        "reactor_utilization": {
          "shard": "0",
          "value": 67.642854080000006
        }
      },
      {
        "reactor_utilization": {
          "shard": "1",
          "value": 84.302836419999977
        }
      },
      {
        "reactor_utilization": {
          "shard": "2",
          "value": 69.869870519999864
        }
      },
      {
        "reactor_utilization": {
          "shard": "3",
          "value": 63.923952859999169
        }
      },
      {
        "reactor_utilization": {
          "shard": "4",
          "value": 76.029603319999737
        }
      },
      {
        "reactor_utilization": {
          "shard": "5",
          "value": 78.768235620000198
        }
      },
      {
        "reactor_utilization": {
          "shard": "6",
          "value": 64.93910783999965
        }
      },
      {
        "reactor_utilization": {
          "shard": "7",
          "value": 70.918856759999898
        }
      },
      {
        "reactor_utilization": {
          "shard": "8",
          "value": 76.897521099999736
        }
      },
      {
        "reactor_utilization": {
          "shard": "9",
          "value": 86.893856619999895
        }
      },
      {
        "reactor_utilization": {
          "shard": "10",
          "value": 75.514688540000691
        }
      },
      {
        "reactor_utilization": {
          "shard": "11",
          "value": 65.100644439999954
        }
      },
      {
        "reactor_utilization": {
          "shard": "12",
          "value": 89.246690420000348
        }
      },
      {
        "reactor_utilization": {
          "shard": "13",
          "value": 82.086602560000117
        }
      },
      {
        "reactor_utilization": {
          "shard": "14",
          "value": 83.012000599999496
        }
      },
      {
        "reactor_utilization": {
          "shard": "15",
          "value": 84.586487579999968
        }
      }
    ]
  },
  {
    "metrics": [
      {
        "reactor_utilization": {
          "shard": "0",
          "value": 69.817953340000003
        }
      },
      {
        "reactor_utilization": {
          "shard": "1",
          "value": 73.25707675999999
        }
      },
      {
        "reactor_utilization": {
          "shard": "2",
          "value": 68.77306339999987
        }
      },
      {
        "reactor_utilization": {
          "shard": "3",
          "value": 43.315666919999174
        }
      },
      {
        "reactor_utilization": {
          "shard": "4",
          "value": 71.791124199999729
        }
      },
      {
        "reactor_utilization": {
          "shard": "5",
          "value": 74.542105180000192
        }
      },
      {
        "reactor_utilization": {
          "shard": "6",
          "value": 71.907537079999656
        }
      },
      {
        "reactor_utilization": {
          "shard": "7",
          "value": 68.564636999999891
        }
      },
      {
        "reactor_utilization": {
          "shard": "8",
          "value": 86.235773779999732
        }
      },
      {
        "reactor_utilization": {
          "shard": "9",
          "value": 86.271237199999888
        }
      },
      {
        "reactor_utilization": {
          "shard": "10",
          "value": 76.716161840000694
        }
      },
      {
        "reactor_utilization": {
          "shard": "11",
          "value": 65.230409679999951
        }
      },
      {
        "reactor_utilization": {
          "shard": "12",
          "value": 87.85938524000035
        }
      },
      {
        "reactor_utilization": {
          "shard": "13",
          "value": 79.469204460000114
        }
      },
      {
        "reactor_utilization": {
          "shard": "14",
          "value": 80.7705417199995
        }
      },
      {
        "reactor_utilization": {
          "shard": "15",
          "value": 71.345366719999987
        }
      }
    ]
  },
  {
    "metrics": [
      {
        "reactor_utilization": {
          "shard": "0",
          "value": 76.534494000000009
        }
      },
      {
        "reactor_utilization": {
          "shard": "1",
          "value": 73.896524079999978
        }
      },
      {
        "reactor_utilization": {
          "shard": "2",
          "value": 74.277917279999855
        }
      },
      {
        "reactor_utilization": {
          "shard": "3",
          "value": 58.804420199999171
        }
      },
      {
        "reactor_utilization": {
          "shard": "4",
          "value": 87.649751239999745
        }
      },
      {
        "reactor_utilization": {
          "shard": "5",
          "value": 79.497582500000192
        }
      },
      {
        "reactor_utilization": {
          "shard": "6",
          "value": 66.704797519999644
        }
      },
      {
        "reactor_utilization": {
          "shard": "7",
          "value": 74.569854279999888
        }
      },
      {
        "reactor_utilization": {
          "shard": "8",
          "value": 75.326524519999737
        }
      },
      {
        "reactor_utilization": {
          "shard": "9",
          "value": 84.777251299999904
        }
      },
      {
        "reactor_utilization": {
          "shard": "10",
          "value": 74.150483940000697
        }
      },
      {
        "reactor_utilization": {
          "shard": "11",
          "value": 73.107196379999962
        }
      },
      {
        "reactor_utilization": {
          "shard": "12",
          "value": 88.949633860000361
        }
      },
      {
        "reactor_utilization": {
          "shard": "13",
          "value": 88.512876300000116
        }
      },
      {
        "reactor_utilization": {
          "shard": "14",
          "value": 70.679083999999506
        }
      },
      {
        "reactor_utilization": {
          "shard": "15",
          "value": 86.980966259999974
        }
      }
    ]
  },
  {
    "metrics": [
      {
        "reactor_utilization": {
          "shard": "0",
          "value": 75.199282880000013
        }
      },
      {
        "reactor_utilization": {
          "shard": "1",
          "value": 84.892871019999987
        }
      },
      {
        "reactor_utilization": {
          "shard": "2",
          "value": 75.910113699999869
        }
      },
      {
        "reactor_utilization": {
          "shard": "3",
          "value": 58.325075539999169
        }
      },
      {
        "reactor_utilization": {
          "shard": "4",
          "value": 82.448202459999735
        }
      },
      {
        "reactor_utilization": {
          "shard": "5",
          "value": 79.132395700000188
        }
      },
      {
        "reactor_utilization": {
          "shard": "6",
          "value": 74.70925941999964
        }
      },
      {
        "reactor_utilization": {
          "shard": "7",
          "value": 73.591293059999899
        }
      },
      {
        "reactor_utilization": {
          "shard": "8",
          "value": 79.668424419999724
        }
      },
      {
        "reactor_utilization": {
          "shard": "9",
          "value": 86.747815339999903
        }
      },
      {
        "reactor_utilization": {
          "shard": "10",
          "value": 73.846712840000677
        }
      },
      {
        "reactor_utilization": {
          "shard": "11",
          "value": 69.509607499999959
        }
      },
      {
        "reactor_utilization": {
          "shard": "12",
          "value": 82.854108120000362
        }
      },
      {
        "reactor_utilization": {
          "shard": "13",
          "value": 79.274221200000113
        }
      },
      {
        "reactor_utilization": {
          "shard": "14",
          "value": 61.848397719999504
        }
      },
      {
        "reactor_utilization": {
          "shard": "15",
          "value": 82.184789759999973
        }
      }
    ]
  },
  {
    "metrics": [
      {
        "reactor_utilization": {
          "shard": "0",
          "value": 71.449872080000006
        }
      },
      {
        "reactor_utilization": {
          "shard": "1",
          "value": 69.317825699999986
        }
      },
      {
        "reactor_utilization": {
          "shard": "2",
          "value": 73.798211239999873
        }
      },
      {
        "reactor_utilization": {
          "shard": "3",
          "value": 63.269830199999163
        }
      },
      {
        "reactor_utilization": {
          "shard": "4",
          "value": 71.868501339999739
        }
      },
      {
        "reactor_utilization": {
          "shard": "5",
          "value": 77.987969480000203
        }
      },
      {
        "reactor_utilization": {
          "shard": "6",
          "value": 61.564483299999637
        }
      },
      {
        "reactor_utilization": {
          "shard": "7",
          "value": 64.422741899999906
        }
      },
      {
        "reactor_utilization": {
          "shard": "8",
          "value": 64.999259479999736
        }
      },
      {
        "reactor_utilization": {
          "shard": "9",
          "value": 73.832211219999905
        }
      },
      {
        "reactor_utilization": {
          "shard": "10",
          "value": 67.007078300000686
        }
      },
      {
        "reactor_utilization": {
          "shard": "11",
          "value": 63.377125519999957
        }
      },
      {
        "reactor_utilization": {
          "shard": "12",
          "value": 73.060878820000354
        }
      },
      {
        "reactor_utilization": {
          "shard": "13",
          "value": 91.513179580000113
        }
      },
      {
        "reactor_utilization": {
          "shard": "14",
          "value": 75.833581259999505
        }
      },
      {
        "reactor_utilization": {
          "shard": "15",
          "value": 72.850477919999975
        }
      }
    ]
  },
  {
    "metrics": [
      {
        "reactor_utilization": {
          "shard": "0",
          "value": 73.571255160000021
        }
      },
      {
        "reactor_utilization": {
          "shard": "1",
          "value": 76.187543679999976
        }
      },
      {
        "reactor_utilization": {
          "shard": "2",
          "value": 77.262410499999874
        }
      },
      {
        "reactor_utilization": {
          "shard": "3",
          "value": 68.029014439999173
        }
      },
      {
        "reactor_utilization": {
          "shard": "4",
          "value": 71.212564019999732
        }
      },
      {
        "reactor_utilization": {
          "shard": "5",
          "value": 80.131014600000199
        }
      },
      {
        "reactor_utilization": {
          "shard": "6",
          "value": 67.309203399999646
        }
      },
      {
        "reactor_utilization": {
          "shard": "7",
          "value": 63.6789084199999
        }
      },
      {
        "reactor_utilization": {
          "shard": "8",
          "value": 78.07846553999974
        }
      },
      {
        "reactor_utilization": {
          "shard": "9",
          "value": 91.703115799999907
        }
      },
      {
        "reactor_utilization": {
          "shard": "10",
          "value": 63.604724240000685
        }
      },
      {
        "reactor_utilization": {
          "shard": "11",
          "value": 52.242705479999948
        }
      },
      {
        "reactor_utilization": {
          "shard": "12",
          "value": 72.020318920000349
        }
      },
      {
        "reactor_utilization": {
          "shard": "13",
          "value": 74.221881680000109
        }
      },
      {
        "reactor_utilization": {
          "shard": "14",
          "value": 65.840844999999518
        }
      },
      {
        "reactor_utilization": {
          "shard": "15",
          "value": 70.793996959999973
        }
      }
    ]
  },
  {
    "metrics": [
      {
        "reactor_utilization": {
          "shard": "0",
          "value": 73.429898460000018
        }
      },
      {
        "reactor_utilization": {
          "shard": "1",
          "value": 78.740336819999982
        }
      },
      {
        "reactor_utilization": {
          "shard": "2",
          "value": 83.666454539999862
        }
      },
      {
        "reactor_utilization": {
          "shard": "3",
          "value": 55.444367579999152
        }
      },
      {
        "reactor_utilization": {
          "shard": "4",
          "value": 76.062803339999746
        }
      },
      {
        "reactor_utilization": {
          "shard": "5",
          "value": 74.338052040000207
        }
      },
      {
        "reactor_utilization": {
          "shard": "6",
          "value": 67.553125099999647
        }
      },
      {
        "reactor_utilization": {
          "shard": "7",
          "value": 71.692612439999905
        }
      },
      {
        "reactor_utilization": {
          "shard": "8",
          "value": 75.002961839999742
        }
      },
      {
        "reactor_utilization": {
          "shard": "9",
          "value": 81.292226999999897
        }
      },
      {
        "reactor_utilization": {
          "shard": "10",
          "value": 73.01445482000068
        }
      },
      {
        "reactor_utilization": {
          "shard": "11",
          "value": 77.185550779999943
        }
      },
      {
        "reactor_utilization": {
          "shard": "12",
          "value": 89.860177960000357
        }
      },
      {
        "reactor_utilization": {
          "shard": "13",
          "value": 87.443217000000118
        }
      },
      {
        "reactor_utilization": {
          "shard": "14",
          "value": 68.503895099999497
        }
      },
      {
        "reactor_utilization": {
          "shard": "15",
          "value": 81.215474859999972
        }
      }
    ]
  },
  {
    "metrics": [
      {
        "reactor_utilization": {
          "shard": "0",
          "value": 59.584703880000013
        }
      },
      {
        "reactor_utilization": {
          "shard": "1",
          "value": 79.239067799999987
        }
      },
      {
        "reactor_utilization": {
          "shard": "2",
          "value": 76.456215899999876
        }
      },
      {
        "reactor_utilization": {
          "shard": "3",
          "value": 49.645243839999154
        }
      },
      {
        "reactor_utilization": {
          "shard": "4",
          "value": 72.520694839999734
        }
      },
      {
        "reactor_utilization": {
          "shard": "5",
          "value": 83.205483360000201
        }
      },
      {
        "reactor_utilization": {
          "shard": "6",
          "value": 63.345078139999657
        }
      },
      {
        "reactor_utilization": {
          "shard": "7",
          "value": 67.993160979999914
        }
      },
      {
        "reactor_utilization": {
          "shard": "8",
          "value": 77.713525859999734
        }
      },
      {
        "reactor_utilization": {
          "shard": "9",
          "value": 81.389884119999905
        }
      },
      {
        "reactor_utilization": {
          "shard": "10",
          "value": 77.491287000000682
        }
      },
      {
        "reactor_utilization": {
          "shard": "11",
          "value": 64.756115559999941
        }
      },
      {
        "reactor_utilization": {
          "shard": "12",
          "value": 76.912542420000349
        }
      },
      {
        "reactor_utilization": {
          "shard": "13",
          "value": 78.985336580000109
        }
      },
      {
        "reactor_utilization": {
          "shard": "14",
          "value": 64.154796439999515
        }
      },
      {
        "reactor_utilization": {
          "shard": "15",
          "value": 78.332578899999987
        }
      }
    ]
  },
  {
    "metrics": [
      {
        "reactor_utilization": {
          "shard": "0",
          "value": 71.573369740000018
        }
      },
      {
        "reactor_utilization": {
          "shard": "1",
          "value": 78.20978079999999
        }
      },
      {
        "reactor_utilization": {
          "shard": "2",
          "value": 79.620110759999861
        }
      },
      {
        "reactor_utilization": {
          "shard": "3",
          "value": 58.894790499999147
        }
      },
      {
        "reactor_utilization": {
          "shard": "4",
          "value": 81.588394619999733
        }
      },
      {
        "reactor_utilization": {
          "shard": "5",
          "value": 70.864343460000214
        }
      },
      {
        "reactor_utilization": {
          "shard": "6",
          "value": 60.579685139999654
        }
      },
      {
        "reactor_utilization": {
          "shard": "7",
          "value": 63.562019519999915
        }
      },
      {
        "reactor_utilization": {
          "shard": "8",
          "value": 77.658710539999731
        }
      },
      {
        "reactor_utilization": {
          "shard": "9",
          "value": 89.346444659999904
        }
      },
      {
        "reactor_utilization": {
          "shard": "10",
          "value": 78.577076620000682
        }
      },
      {
        "reactor_utilization": {
          "shard": "11",
          "value": 63.304645299999947
        }
      },
      {
        "reactor_utilization": {
          "shard": "12",
          "value": 79.582698600000356
        }
      },
      {
        "reactor_utilization": {
          "shard": "13",
          "value": 76.301743060000106
        }
      },
      {
        "reactor_utilization": {
          "shard": "14",
          "value": 70.496563159999511
        }
      },
      {
        "reactor_utilization": {
          "shard": "15",
          "value": 84.396092699999969
        }
      }
    ]
  },
  {
    "metrics": [
      {
        "reactor_utilization": {
          "shard": "0",
          "value": 65.88623130000002
        }
      },
      {
        "reactor_utilization": {
          "shard": "1",
          "value": 83.824197599999977
        }
      },
      {
        "reactor_utilization": {
          "shard": "2",
          "value": 77.298720519999861
        }
      },
      {
        "reactor_utilization": {
          "shard": "3",
          "value": 61.159758599999137
        }
      },
      {
        "reactor_utilization": {
          "shard": "4",
          "value": 79.540794899999739
        }
      },
      {
        "reactor_utilization": {
          "shard": "5",
          "value": 73.276687200000211
        }
      },
      {
        "reactor_utilization": {
          "shard": "6",
          "value": 69.911329839999652
        }
      },
      {
        "reactor_utilization": {
          "shard": "7",
          "value": 65.790268559999902
        }
      },
      {
        "reactor_utilization": {
          "shard": "8",
          "value": 67.382924879999734
        }
      },
      {
        "reactor_utilization": {
          "shard": "9",
          "value": 85.035985439999905
        }
      },
      {
        "reactor_utilization": {
          "shard": "10",
          "value": 65.296083780000686
        }
      },
      {
        "reactor_utilization": {
          "shard": "11",
          "value": 62.616156099999955
        }
      },
      {
        "reactor_utilization": {
          "shard": "12",
          "value": 83.788538020000345
        }
      },
      {
        "reactor_utilization": {
          "shard": "13",
          "value": 84.456330200000096
        }
      },
      {
        "reactor_utilization": {
          "shard": "14",
          "value": 85.714185479999514
        }
      },
      {
        "reactor_utilization": {
          "shard": "15",
          "value": 83.624883379999986
        }
      }
    ]
  },
  {
    "metrics": [
      {
        "reactor_utilization": {
          "shard": "0",
          "value": 69.785234160000016
        }
      },
      {
        "reactor_utilization": {
          "shard": "1",
          "value": 76.663509239999982
        }
      },
      {
        "reactor_utilization": {
          "shard": "2",
          "value": 67.665458059999864
        }
      },
      {
        "reactor_utilization": {
          "shard": "3",
          "value": 51.484132719999153
        }
      },
      {
        "reactor_utilization": {
          "shard": "4",
          "value": 78.123407599999737
        }
      },
      {
        "reactor_utilization": {
          "shard": "5",
          "value": 76.765604640000205
        }
      },
      {
        "reactor_utilization": {
          "shard": "6",
          "value": 70.587357159999655
        }
      },
      {
        "reactor_utilization": {
          "shard": "7",
          "value": 77.279778959999902
        }
      },
      {
        "reactor_utilization": {
          "shard": "8",
          "value": 80.955680399999736
        }
      },
      {
        "reactor_utilization": {
          "shard": "9",
          "value": 87.766719379999898
        }
      },
      {
        "reactor_utilization": {
          "shard": "10",
          "value": 80.583847680000687
        }
      },
      {
        "reactor_utilization": {
          "shard": "11",
          "value": 68.441217499999965
        }
      },
      {
        "reactor_utilization": {
          "shard": "12",
          "value": 90.672755180000351
        }
      },
      {
        "reactor_utilization": {
          "shard": "13",
          "value": 75.539332420000108
        }
      },
      {
        "reactor_utilization": {
          "shard": "14",
          "value": 67.870645759999519
        }
      },
      {
        "reactor_utilization": {
          "shard": "15",
          "value": 77.040964559999978
        }
      }
    ]
  },
  {
    "metrics": [
      {
        "reactor_utilization": {
          "shard": "0",
          "value": 75.963460120000008
        }
      },
      {
        "reactor_utilization": {
          "shard": "1",
          "value": 79.901532859999989
        }
      },
      {
        "reactor_utilization": {
          "shard": "2",
          "value": 73.744389139999868
        }
      },
      {
        "reactor_utilization": {
          "shard": "3",
          "value": 61.706908799999141
        }
      },
      {
        "reactor_utilization": {
          "shard": "4",
          "value": 81.569329999999738
        }
      },
      {
        "reactor_utilization": {
          "shard": "5",
          "value": 72.709299200000217
        }
      },
      {
        "reactor_utilization": {
          "shard": "6",
          "value": 69.31656273999964
        }
      },
      {
        "reactor_utilization": {
          "shard": "7",
          "value": 67.72275623999991
        }
      },
      {
        "reactor_utilization": {
          "shard": "8",
          "value": 81.412073219999726
        }
      },
      {
        "reactor_utilization": {
          "shard": "9",
          "value": 82.709163059999909
        }
      },
      {
        "reactor_utilization": {
          "shard": "10",
          "value": 72.48685280000069
        }
      },
      {
        "reactor_utilization": {
          "shard": "11",
          "value": 69.32226719999997
        }
      },
      {
        "reactor_utilization": {
          "shard": "12",
          "value": 81.966889480000361
        }
      },
      {
        "reactor_utilization": {
          "shard": "13",
          "value": 88.711932000000104
        }
      },
      {
        "reactor_utilization": {
          "shard": "14",
          "value": 82.743741919999508
        }
      },
      {
        "reactor_utilization": {
          "shard": "15",
          "value": 77.12398263999998
        }
      }
    ]
  },
  {
    "metrics": [
      {
        "reactor_utilization": {
          "shard": "0",
          "value": 85.638367620000011
        }
      },
      {
        "reactor_utilization": {
          "shard": "1",
          "value": 74.131576119999991
        }
      },
      {
        "reactor_utilization": {
          "shard": "2",
          "value": 74.001415819999863
        }
      },
      {
        "reactor_utilization": {
          "shard": "3",
          "value": 57.140322119999141
        }
      },
      {
        "reactor_utilization": {
          "shard": "4",
          "value": 81.699019179999738
        }
      },
      {
        "reactor_utilization": {
          "shard": "5",
          "value": 86.65885338000021
        }
      },
      {
        "reactor_utilization": {
          "shard": "6",
          "value": 71.354482439999643
        }
      },
      {
        "reactor_utilization": {
          "shard": "7",
          "value": 71.628846179999897
        }
      },
      {
        "reactor_utilization": {
          "shard": "8",
          "value": 72.208169039999731
        }
      },
      {
        "reactor_utilization": {
          "shard": "9",
          "value": 84.181042199999908
        }
      },
      {
        "reactor_utilization": {
          "shard": "10",
          "value": 74.732775620000695
        }
      },
      {
        "reactor_utilization": {
          "shard": "11",
          "value": 67.811737379999968
        }
      },
      {
        "reactor_utilization": {
          "shard": "12",
          "value": 82.758388480000349
        }
      },
      {
        "reactor_utilization": {
          "shard": "13",
          "value": 87.722556200000099
        }
      },
      {
        "reactor_utilization": {
          "shard": "14",
          "value": 64.324226759999519
        }
      },
      {
        "reactor_utilization": {
          "shard": "15",
          "value": 85.54917319999997
        }
      }
    ]
  },
  {
    "metrics": [
      {
        "reactor_utilization": {
          "shard": "0",
          "value": 79.149631860000014
        }
      },
      {
        "reactor_utilization": {
          "shard": "1",
          "value": 73.237679279999995
        }
      },
      {
        "reactor_utilization": {
          "shard": "2",
          "value": 75.09215301999987
        }
      },
      {
        "reactor_utilization": {
          "shard": "3",
          "value": 65.84792881999914
        }
      },
      {
        "reactor_utilization": {
          "shard": "4",
          "value": 71.896450339999745
        }
      },
      {
        "reactor_utilization": {
          "shard": "5",
          "value": 80.441548300000207
        }
      },
      {
        "reactor_utilization": {
          "shard": "6",
          "value": 67.716839559999627
        }
      },
      {
        "reactor_utilization": {
          "shard": "7",
          "value": 74.598703079999893
        }
      },
      {
        "reactor_utilization": {
          "shard": "8",
          "value": 79.464637139999724
        }
      },
      {
        "reactor_utilization": {
          "shard": "9",
          "value": 87.112553099999914
        }
      },
      {
        "reactor_utilization": {
          "shard": "10",
          "value": 78.015405160000697
        }
      },
      {
        "reactor_utilization": {
          "shard": "11",
          "value": 67.679832279999971
        }
      },
      {
        "reactor_utilization": {
          "shard": "12",
          "value": 83.715656660000363
        }
      },
      {
        "reactor_utilization": {
          "shard": "13",
          "value": 90.142690200000104
        }
      },
      {
        "reactor_utilization": {
          "shard": "14",
          "value": 71.520593939999515
        }
      },
      {
        "reactor_utilization": {
          "shard": "15",
          "value": 80.358402719999972
        }
      }
    ]
  },
  {
    "metrics": [
      {
        "reactor_utilization": {
          "shard": "0",
          "value": 69.941764160000005
        }
      },
      {
        "reactor_utilization": {
          "shard": "1",
          "value": 77.503192559999988
        }
      },
      {
        "reactor_utilization": {
          "shard": "2",
          "value": 88.859014539999862
        }
      },
      {
        "reactor_utilization": {
          "shard": "3",
          "value": 74.215628819999154
        }
      },
      {
        "reactor_utilization": {
          "shard": "4",
          "value": 89.702210639999748
        }
      },
      {
        "reactor_utilization": {
          "shard": "5",
          "value": 79.108096360000204
        }
      },
      {
        "reactor_utilization": {
          "shard": "6",
          "value": 71.171683119999628
        }
      },
      {
        "reactor_utilization": {
          "shard": "7",
          "value": 68.735763339999906
        }
      },
      {
        "reactor_utilization": {
          "shard": "8",
          "value": 78.321727639999722
        }
      },
      {
        "reactor_utilization": {
          "shard": "9",
          "value": 88.799312199999918
        }
      },
      {
        "reactor_utilization": {
          "shard": "10",
          "value": 68.96176750000069
        }
      },
      {
        "reactor_utilization": {
          "shard": "11",
          "value": 65.685406959999966
        }
      },
      {
        "reactor_utilization": {
          "shard": "12",
          "value": 83.181003480000356
        }
      },
      {
        "reactor_utilization": {
          "shard": "13",
          "value": 92.741208220000104
        }
      },
      {
        "reactor_utilization": {
          "shard": "14",
          "value": 62.110931319999509
        }
      },
      {
        "reactor_utilization": {
          "shard": "15",
          "value": 75.210750639999986
        }
      }
    ]
  },
  {
    "metrics": [
      {
        "reactor_utilization": {
          "shard": "0",
          "value": 77.343528960000015
        }
      },
      {
        "reactor_utilization": {
          "shard": "1",
          "value": 88.827631199999985
        }
      },
      {
        "reactor_utilization": {
          "shard": "2",
          "value": 82.548417339999872
        }
      },
      {
        "reactor_utilization": {
          "shard": "3",
          "value": 55.783132039999138
        }
      },
      {
        "reactor_utilization": {
          "shard": "4",
          "value": 74.651306279999744
        }
      },
      {
        "reactor_utilization": {
          "shard": "5",
          "value": 78.925785320000202
        }
      },
      {
        "reactor_utilization": {
          "shard": "6",
          "value": 67.961459959999644
        }
      },
      {
        "reactor_utilization": {
          "shard": "7",
          "value": 71.845948919999898
        }
      },
      {
        "reactor_utilization": {
          "shard": "8",
          "value": 76.625822359999731
        }
      },
      {
        "reactor_utilization": {
          "shard": "9",
          "value": 85.01769197999991
        }
      },
      {
        "reactor_utilization": {
          "shard": "10",
          "value": 73.134287960000705
        }
      },
      {
        "reactor_utilization": {
          "shard": "11",
          "value": 77.109487359999974
        }
      },
      {
        "reactor_utilization": {
          "shard": "12",
          "value": 77.610711100000358
        }
      },
      {
        "reactor_utilization": {
          "shard": "13",
          "value": 80.814638300000112
        }
      },
      {
        "reactor_utilization": {
          "shard": "14",
          "value": 72.170953719999503
        }
      },
      {
        "reactor_utilization": {
          "shard": "15",
          "value": 80.580578119999984
        }
      }
    ]
  },
  {
    "metrics": [
      {
        "reactor_utilization": {
          "shard": "0",
          "value": 68.704860540000013
        }
      },
      {
        "reactor_utilization": {
          "shard": "1",
          "value": 80.337515739999986
        }
      },
      {
        "reactor_utilization": {
          "shard": "2",
          "value": 78.768457519999856
        }
      },
      {
        "reactor_utilization": {
          "shard": "3",
          "value": 55.178194119999148
        }
      },
      {
        "reactor_utilization": {
          "shard": "4",
          "value": 84.582929219999741
        }
      },
      {
        "reactor_utilization": {
          "shard": "5",
          "value": 79.748752760000201
        }
      },
      {
        "reactor_utilization": {
          "shard": "6",
          "value": 64.651316659999637
        }
      },
      {
        "reactor_utilization": {
          "shard": "7",
          "value": 66.793432339999896
        }
      },
      {
        "reactor_utilization": {
          "shard": "8",
          "value": 75.016875519999729
        }
      },
      {
        "reactor_utilization": {
          "shard": "9",
          "value": 88.601547919999916
        }
      },
      {
        "reactor_utilization": {
          "shard": "10",
          "value": 82.887055380000703
        }
      },
      {
        "reactor_utilization": {
          "shard": "11",
          "value": 62.23007699999998
        }
      },
      {
        "reactor_utilization": {
          "shard": "12",
          "value": 76.56404720000036
        }
      },
      {
        "reactor_utilization": {
          "shard": "13",
          "value": 84.2724322400001
        }
      },
      {
        "reactor_utilization": {
          "shard": "14",
          "value": 63.415665999999518
        }
      },
      {
        "reactor_utilization": {
          "shard": "15",
          "value": 83.458093219999967
        }
      }
    ]
  },
  {
    "metrics": [
      {
        "reactor_utilization": {
          "shard": "0",
          "value": 69.708920640000002
        }
      },
      {
        "reactor_utilization": {
          "shard": "1",
          "value": 84.650223059999988
        }
      },
      {
        "reactor_utilization": {
          "shard": "2",
          "value": 87.148758219999863
        }
      },
      {
        "reactor_utilization": {
          "shard": "3",
          "value": 62.867455059999131
        }
      },
      {
        "reactor_utilization": {
          "shard": "4",
          "value": 84.20346479999975
        }
      },
      {
        "reactor_utilization": {
          "shard": "5",
          "value": 76.909211400000203
        }
      },
      {
        "reactor_utilization": {
          "shard": "6",
          "value": 60.637561039999632
        }
      },
      {
        "reactor_utilization": {
          "shard": "7",
          "value": 63.339832919999893
        }
      },
      {
        "reactor_utilization": {
          "shard": "8",
          "value": 77.723590219999721
        }
      },
      {
        "reactor_utilization": {
          "shard": "9",
          "value": 90.066358659999906
        }
      },
      {
        "reactor_utilization": {
          "shard": "10",
          "value": 73.582563420000696
        }
      },
      {
        "reactor_utilization": {
          "shard": "11",
          "value": 71.270751239999981
        }
      },
      {
        "reactor_utilization": {
          "shard": "12",
          "value": 89.620629680000363
        }
      },
      {
        "reactor_utilization": {
          "shard": "13",
          "value": 74.369022900000104
        }
      },
      {
        "reactor_utilization": {
          "shard": "14",
          "value": 76.96998441999952
        }
      },
      {
        "reactor_utilization": {
          "shard": "15",
          "value": 86.009761899999987
        }
      }
    ]
  },
  {
    "metrics": [
      {
        "reactor_utilization": {
          "shard": "0",
          "value": 77.098130780000005
        }
      },
      {
        "reactor_utilization": {
          "shard": "1",
          "value": 83.211526219999982
        }
      },
      {
        "reactor_utilization": {
          "shard": "2",
          "value": 74.090122419999858
        }
      },
      {
        "reactor_utilization": {
          "shard": "3",
          "value": 56.210512379999123
        }
      },
      {
        "reactor_utilization": {
          "shard": "4",
          "value": 78.453834399999749
        }
      },
      {
        "reactor_utilization": {
          "shard": "5",
          "value": 76.016187420000207
        }
      },
      {
        "reactor_utilization": {
          "shard": "6",
          "value": 71.051707399999628
        }
      },
      {
        "reactor_utilization": {
          "shard": "7",
          "value": 74.033324839999892
        }
      },
      {
        "reactor_utilization": {
          "shard": "8",
          "value": 73.813929619999726
        }
      },
      {
        "reactor_utilization": {
          "shard": "9",
          "value": 88.78802505999991
        }
      },
      {
        "reactor_utilization": {
          "shard": "10",
          "value": 76.521916260000694
        }
      },
      {
        "reactor_utilization": {
          "shard": "11",
          "value": 60.563508039999967
        }
      },
      {
        "reactor_utilization": {
          "shard": "12",
          "value": 91.259325080000366
        }
      },
      {
        "reactor_utilization": {
          "shard": "13",
          "value": 84.955973820000111
        }
      },
      {
        "reactor_utilization": {
          "shard": "14",
          "value": 81.437953979999506
        }
      },
      {
        "reactor_utilization": {
          "shard": "15",
          "value": 87.486924399999978
        }
      }
    ]
  },
  {
    "metrics": [
      {
        "reactor_utilization": {
          "shard": "0",
          "value": 72.324238300000005
        }
      },
      {
        "reactor_utilization": {
          "shard": "1",
          "value": 84.042796799999991
        }
      },
      {
        "reactor_utilization": {
          "shard": "2",
          "value": 73.516839539999864
        }
      },
      {
        "reactor_utilization": {
          "shard": "3",
          "value": 57.444242759999128
        }
      },
      {
        "reactor_utilization": {
          "shard": "4",
          "value": 82.542260799999752
        }
      },
      {
        "reactor_utilization": {
          "shard": "5",
          "value": 77.240196020000198
        }
      },
      {
        "reactor_utilization": {
          "shard": "6",
          "value": 69.850842019999632
        }
      },
      {
        "reactor_utilization": {
          "shard": "7",
          "value": 79.191373379999888
        }
      },
      {
        "reactor_utilization": {
          "shard": "8",
          "value": 75.982090879999731
        }
      },
      {
        "reactor_utilization": {
          "shard": "9",
          "value": 86.950710719999918
        }
      },
      {
        "reactor_utilization": {
          "shard": "10",
          "value": 67.915766740000691
        }
      },
      {
        "reactor_utilization": {
          "shard": "11",
          "value": 67.714857139999978
        }
      },
      {
        "reactor_utilization": {
          "shard": "12",
          "value": 89.426709340000372
        }
      },
      {
        "reactor_utilization": {
          "shard": "13",
          "value": 81.388378640000099
        }
      },
      {
        "reactor_utilization": {
          "shard": "14",
          "value": 80.647867299999504
        }
      },
      {
        "reactor_utilization": {
          "shard": "15",
          "value": 85.48777213999999
        }
      }
    ]
  },
  {
    "metrics": [
      {
        "reactor_utilization": {
          "shard": "0",
          "value": 74.211626440000003
        }
      },
      {
        "reactor_utilization": {
          "shard": "1",
          "value": 71.51397566
        }
      },
      {
        "reactor_utilization": {
          "shard": "2",
          "value": 75.007524679999875
        }
      },
      {
        "reactor_utilization": {
          "shard": "3",
          "value": 51.263732199999126
        }
      },
      {
        "reactor_utilization": {
          "shard": "4",
          "value": 84.405039659999744
        }
      },
      {
        "reactor_utilization": {
          "shard": "5",
          "value": 77.227127440000203
        }
      },
      {
        "reactor_utilization": {
          "shard": "6",
          "value": 76.107104759999629
        }
      },
      {
        "reactor_utilization": {
          "shard": "7",
          "value": 70.453884439999896
        }
      },
      {
        "reactor_utilization": {
          "shard": "8",
          "value": 77.106500039999744
        }
      },
      {
        "reactor_utilization": {
          "shard": "9",
          "value": 87.337627479999909
        }
      },
      {
        "reactor_utilization": {
          "shard": "10",
          "value": 64.916830880000688
        }
      },
      {
        "reactor_utilization": {
          "shard": "11",
          "value": 65.845168339999987
        }
      },
      {
        "reactor_utilization": {
          "shard": "12",
          "value": 86.574672480000359
        }
      },
      {
        "reactor_utilization": {
          "shard": "13",
          "value": 90.390287160000099
        }
      },
      {
        "reactor_utilization": {
          "shard": "14",
          "value": 78.089431019999509
        }
      },
      {
        "reactor_utilization": {
          "shard": "15",
          "value": 82.679062559999977
        }
      }
    ]
  },
  {
    "metrics": [
      {
        "reactor_utilization": {
          "shard": "0",
          "value": 73.260179559999997
        }
      },
      {
        "reactor_utilization": {
          "shard": "1",
          "value": 72.296495639999989
        }
      },
      {
        "reactor_utilization": {
          "shard": "2",
          "value": 72.966390919999867
        }
      },
      {
        "reactor_utilization": {
          "shard": "3",
          "value": 62.825934719999118
        }
      },
      {
        "reactor_utilization": {
          "shard": "4",
          "value": 75.901878839999753
        }
      },
      {
        "reactor_utilization": {
          "shard": "5",
          "value": 81.970323580000198
        }
      },
      {
        "reactor_utilization": {
          "shard": "6",
          "value": 57.919209679999625
        }
      },
      {
        "reactor_utilization": {
          "shard": "7",
          "value": 65.406998439999882
        }
      },
      {
        "reactor_utilization": {
          "shard": "8",
          "value": 65.079818019999735
        }
      },
      {
        "reactor_utilization": {
          "shard": "9",
          "value": 74.631947259999905
        }
      },
      {
        "reactor_utilization": {
          "shard": "10",
          "value": 84.850475900000674
        }
      },
      {
        "reactor_utilization": {
          "shard": "11",
          "value": 64.572086439999978
        }
      },
      {
        "reactor_utilization": {
          "shard": "12",
          "value": 82.328455240000366
        }
      },
      {
        "reactor_utilization": {
          "shard": "13",
          "value": 82.300649680000106
        }
      },
      {
        "reactor_utilization": {
          "shard": "14",
          "value": 66.006277019999501
        }
      },
      {
        "reactor_utilization": {
          "shard": "15",
          "value": 77.974916319999977
        }
      }
    ]
  }
]
