[
  {
    "metrics": [
      {
        "reactor_utilization": {
          "shard": "0",
          "value": 61.139929740000021
        }
      },
      {
        "reactor_utilization": {
          "shard": "1",
          "value": 65.725403259999965
        }
      },
      {
        "reactor_utilization": {
          "shard": "2",
          "value": 59.574029719999885
        }
      },
      {
        "reactor_utilization": {
          "shard": "3",
          "value": 62.943185559999193
        }
      },
      {
        "reactor_utilization": {
          "shard": "4",
          "value": 70.162736419999661
        }
      },
      {
        "reactor_utilization": {
          "shard": "5",
          "value": 66.226021980000027
        }
      },
      {
        "reactor_utilization": {
          "shard": "6",
          "value": 70.640788439999682
        }
      },
      {
        "reactor_utilization": {
          "shard": "7",
          "value": 68.282850719999985
        }
      },
      {
        "reactor_utilization": {
          "shard": "8",
          "value": 75.49183165999969
        }
      },
      {
        "reactor_utilization": {
          "shard": "9",
          "value": 90.192953619999955
        }
      },
      {
        "reactor_utilization": {
          "shard": "10",
          "value": 58.776512800000702
        }
      },
      {
        "reactor_utilization": {
          "shard": "11",
          "value": 59.617701459999985
        }
      },
      {
        "reactor_utilization": {
          "shard": "12",
          "value": 77.787751260000547
        }
      },
      {
        "reactor_utilization": {
          "shard": "13",
          "value": 73.874053600000167
        }
      },
      {
        "reactor_utilization": {
          "shard": "14",
          "value": 70.203581299999513
        }
      },
      {
        "reactor_utilization": {
          "shard": "15",
          "value": 76.118983440000051
        }
      }
    ]
  },
  {
    "metrics": [
      {
        "reactor_utilization": {
          "shard": "0",
          "value": 58.46526714000003
        }
      },
      {
        "reactor_utilization": {
          "shard": "1",
          "value": 63.665288119999964
        }
      },
      {
        "reactor_utilization": {
          "shard": "2",
          "value": 72.656375399999888
        }
      },
      {
        "reactor_utilization": {
          "shard": "3",
          "value": 61.663209999999204
        }
      },
      {
        "reactor_utilization": {
          "shard": "4",
          "value": 65.093685479999664
        }
      },
      {
        "reactor_utilization": {
          "shard": "5",
          "value": 56.582603520000042
        }
      },
      {
        "reactor_utilization": {
          "shard": "6",
          "value": 74.916419539999708
        }
      },
      {
        "reactor_utilization": {
          "shard": "7",
          "value": 76.507275739999997
        }
      },
      {
        "reactor_utilization": {
          "shard": "8",
          "value": 72.34370021999969
        }
      },
      {
        "reactor_utilization": {
          "shard": "9",
          "value": 74.491997159999954
        }
      },
      {
        "reactor_utilization": {
          "shard": "10",
          "value": 76.281011020000705
        }
      },
      {
        "reactor_utilization": {
          "shard": "11",
          "value": 70.090682619999981
        }
      },
      {
        "reactor_utilization": {
          "shard": "12",
          "value": 74.91341512000055
        }
      },
      {
        "reactor_utilization": {
          "shard": "13",
          "value": 74.604187080000159
        }
      },
      {
        "reactor_utilization": {
          "shard": "14",
          "value": 72.68317003999951
        }
      },
      {
        "reactor_utilization": {
          "shard": "15",
          "value": 75.00937794000005
        }
      }
    ]
  },
  {
    "metrics": [
      {
        "reactor_utilization": {
          "shard": "0",
          "value": 56.070875600000036
        }
      },
      {
        "reactor_utilization": {
          "shard": "1",
          "value": 73.574550319999972
        }
      },
      {
        "reactor_utilization": {
          "shard": "2",
          "value": 70.881228239999885
        }
      },
      {
        "reactor_utilization": {
          "shard": "3",
          "value": 70.342941079999193
        }
      },
      {
        "reactor_utilization": {
          "shard": "4",
          "value": 68.36360583999965
        }
      },
      {
        "reactor_utilization": {
          "shard": "5",
          "value": 66.309550380000033
        }
      },
      {
        "reactor_utilization": {
          "shard": "6",
          "value": 77.591760619999704
        }
      },
      {
        "reactor_utilization": {
          "shard": "7",
          "value": 69.61301155999999
        }
      },
      {
        "reactor_utilization": {
          "shard": "8",
          "value": 76.030999299999678
        }
      },
      {
        "reactor_utilization": {
          "shard": "9",
          "value": 79.138801319999956
        }
      },
      {
        "reactor_utilization": {
          "shard": "10",
          "value": 72.727854800000685
        }
      },
      {
        "reactor_utilization": {
          "shard": "11",
          "value": 69.67572617999997
        }
      },
      {
        "reactor_utilization": {
          "shard": "12",
          "value": 84.64009544000055
        }
      },
      {
        "reactor_utilization": {
          "shard": "13",
          "value": 72.204736980000177
        }
      },
      {
        "reactor_utilization": {
          "shard": "14",
          "value": 82.334909519999513
        }
      },
      {
        "reactor_utilization": {
          "shard": "15",
          "value": 82.155979680000058
        }
      }
    ]
  },
  {
    "metrics": [
      {
        "reactor_utilization": {
          "shard": "0",
          "value": 64.435275460000028
        }
      },
      {
        "reactor_utilization": {
          "shard": "1",
          "value": 60.728485379999967
        }
      },
      {
        "reactor_utilization": {
          "shard": "2",
          "value": 71.542947439999892
        }
      },
      {
        "reactor_utilization": {
          "shard": "3",
          "value": 63.690982799999183
        }
      },
      {
        "reactor_utilization": {
          "shard": "4",
          "value": 69.524820259999657
        }
      },
      {
        "reactor_utilization": {
          "shard": "5",
          "value": 65.676008360000026
        }
      },
      {
        "reactor_utilization": {
          "shard": "6",
          "value": 92.681452719999697
        }
      },
      {
        "reactor_utilization": {
          "shard": "7",
          "value": 81.951445219999997
        }
      },
      {
        "reactor_utilization": {
          "shard": "8",
          "value": 86.285281079999692
        }
      },
      {
        "reactor_utilization": {
          "shard": "9",
          "value": 87.224148219999947
        }
      },
      {
        "reactor_utilization": {
          "shard": "10",
          "value": 85.975047700000687
        }
      },
      {
        "reactor_utilization": {
          "shard": "11",
          "value": 76.808342679999981
        }
      },
      {
        "reactor_utilization": {
          "shard": "12",
          "value": 82.327282260000558
        }
      },
      {
        "reactor_utilization": {
          "shard": "13",
          "value": 84.381797880000178
        }
      },
      {
        "reactor_utilization": {
          "shard": "14",
          "value": 93.256189459999518
        }
      },
      {
        "reactor_utilization": {
          "shard": "15",
          "value": 80.66353102000005
        }
      }
    ]
  },
  {
    "metrics": [
      {
        "reactor_utilization": {
          "shard": "0",
          "value": 67.517724980000025
        }
      },
      {
        "reactor_utilization": {
          "shard": "1",
          "value": 68.223694679999952
        }
      },
      {
        "reactor_utilization": {
          "shard": "2",
          "value": 62.612465239999878
        }
      },
      {
        "reactor_utilization": {
          "shard": "3",
          "value": 72.323788379999201
        }
      },
      {
        "reactor_utilization": {
          "shard": "4",
          "value": 80.852763879999657
        }
      },
      {
        "reactor_utilization": {
          "shard": "5",
          "value": 72.738669140000027
        }
      },
      {
        "reactor_utilization": {
          "shard": "6",
          "value": 90.289111179999708
        }
      },
      {
        "reactor_utilization": {
          "shard": "7",
          "value": 82.155061320000002
        }
      },
      {
        "reactor_utilization": {
          "shard": "8",
          "value": 76.165952979999687
        }
      },
      {
        "reactor_utilization": {
          "shard": "9",
          "value": 85.811926839999956
        }
      },
      {
        "reactor_utilization": {
          "shard": "10",
          "value": 88.109428500000689
        }
      },
      {
        "reactor_utilization": {
          "shard": "11",
          "value": 89.081993839999967
        }
      },
      {
        "reactor_utilization": {
          "shard": "12",
          "value": 90.372463700000552
        }
      },
      {
        "reactor_utilization": {
          "shard": "13",
          "value": 92.015901560000174
        }
      },
      {
        "reactor_utilization": {
          "shard": "14",
          "value": 76.054113199999506
        }
      },
      {
        "reactor_utilization": {
          "shard": "15",
          "value": 91.624366120000062
        }
      }
    ]
  },
  {
    "metrics": [
      {
        "reactor_utilization": {
          "shard": "0",
          "value": 73.445801380000034
        }
      },
      {
        "reactor_utilization": {
          "shard": "1",
          "value": 65.445500559999957
        }
      },
      {
        "reactor_utilization": {
          "shard": "2",
          "value": 70.750397579999884
        }
      },
      {
        "reactor_utilization": {
          "shard": "3",
          "value": 80.51767709999919
        }
      },
      {
        "reactor_utilization": {
          "shard": "4",
          "value": 76.242180419999656
        }
      },
      {
        "reactor_utilization": {
          "shard": "5",
          "value": 72.857891700000039
        }
      },
      {
        "reactor_utilization": {
          "shard": "6",
          "value": 78.9876561399997
        }
      },
      {
        "reactor_utilization": {
          "shard": "7",
          "value": 83.583132820000003
        }
      },
      {
        "reactor_utilization": {
          "shard": "8",
          "value": 75.232420299999674
        }
      },
      {
        "reactor_utilization": {
          "shard": "9",
          "value": 82.146288539999958
        }
      },
      {
        "reactor_utilization": {
          "shard": "10",
          "value": 63.746101900000696
        }
      },
      {
        "reactor_utilization": {
          "shard": "11",
          "value": 73.992389619999969
        }
      },
      {
        "reactor_utilization": {
          "shard": "12",
          "value": 74.82310136000055
        }
      },
      {
        "reactor_utilization": {
          "shard": "13",
          "value": 96.177191740000183
        }
      },
      {
        "reactor_utilization": {
          "shard": "14",
          "value": 77.756970599999505
        }
      },
      {
        "reactor_utilization": {
          "shard": "15",
          "value": 92.00044080000005
        }
      }
    ]
  },
  {
    "metrics": [
      {
        "reactor_utilization": {
          "shard": "0",
          "value": 68.09513160000003
        }
      },
      {
        "reactor_utilization": {
          "shard": "1",
          "value": 67.156701339999969
        }
      },
      {
        "reactor_utilization": {
          "shard": "2",
          "value": 81.098019139999892
        }
      },
      {
        "reactor_utilization": {
          "shard": "3",
          "value": 84.539036059999191
        }
      },
      {
        "reactor_utilization": {
          "shard": "4",
          "value": 71.630703539999658
        }
      },
      {
        "reactor_utilization": {
          "shard": "5",
          "value": 67.810613020000019
        }
      },
      {
        "reactor_utilization": {
          "shard": "6",
          "value": 89.353123079999691
        }
      },
      {
        "reactor_utilization": {
          "shard": "7",
          "value": 81.547656500000002
        }
      },
      {
        "reactor_utilization": {
          "shard": "8",
          "value": 92.525465519999685
        }
      },
      {
        "reactor_utilization": {
          "shard": "9",
          "value": 92.66915829999995
        }
      },
      {
        "reactor_utilization": {
          "shard": "10",
          "value": 78.943002640000685
        }
      },
      {
        "reactor_utilization": {
          "shard": "11",
          "value": 80.677748019999967
        }
      },
      {
        "reactor_utilization": {
          "shard": "12",
          "value": 64.033426880000547
        }
      },
      {
        "reactor_utilization": {
          "shard": "13",
          "value": 91.004084540000179
        }
      },
      {
        "reactor_utilization": {
          "shard": "14",
          "value": 76.95910665999952
        }
      },
      {
        "reactor_utilization": {
          "shard": "15",
          "value": 83.091264360000054
        }
      }
    ]
  },
  {
    "metrics": [
      {
        "reactor_utilization": {
          "shard": "0",
          "value": 63.32063644000003
        }
      },
      {
        "reactor_utilization": {
          "shard": "1",
          "value": 74.701796279999968
        }
      },
      {
        "reactor_utilization": {
          "shard": "2",
          "value": 86.083975179999882
        }
      },
      {
        "reactor_utilization": {
          "shard": "3",
          "value": 79.499937359999194
        }
      },
      {
        "reactor_utilization": {
          "shard": "4",
          "value": 80.244946419999664
        }
      },
      {
        "reactor_utilization": {
          "shard": "5",
          "value": 72.873819260000033
        }
      },
      {
        "reactor_utilization": {
          "shard": "6",
          "value": 86.369663599999697
        }
      },
      {
        "reactor_utilization": {
          "shard": "7",
          "value": 84.947332700000004
        }
      },
      {
        "reactor_utilization": {
          "shard": "8",
          "value": 80.433695199999676
        }
      },
      {
        "reactor_utilization": {
          "shard": "9",
          "value": 86.235279059999954
        }
      },
      {
        "reactor_utilization": {
          "shard": "10",
          "value": 78.952466160000682
        }
      },
      {
        "reactor_utilization": {
          "shard": "11",
          "value": 87.934087219999967
        }
      },
      {
        "reactor_utilization": {
          "shard": "12",
          "value": 77.873013960000549
        }
      },
      {
        "reactor_utilization": {
          "shard": "13",
          "value": 84.686585120000174
        }
      },
      {
        "reactor_utilization": {
          "shard": "14",
          "value": 73.639882839999515
        }
      },
      {
        "reactor_utilization": {
          "shard": "15",
          "value": 87.33055242000006
        }
      }
    ]
  },
  {
    "metrics": [
      {
        "reactor_utilization": {
          "shard": "0",
          "value": 70.719655060000036
        }
      },
      {
        "reactor_utilization": {
          "shard": "1",
          "value": 73.510508799999968
        }
      },
      {
        "reactor_utilization": {
          "shard": "2",
          "value": 80.981122319999884
        }
      },
      {
        "reactor_utilization": {
          "shard": "3",
          "value": 73.314043919999207
        }
      },
      {
        "reactor_utilization": {
          "shard": "4",
          "value": 77.294829499999665
        }
      },
      {
        "reactor_utilization": {
          "shard": "5",
          "value": 68.94410962000002
        }
      },
      {
        "reactor_utilization": {
          "shard": "6",
          "value": 76.7495886399997
        }
      },
      {
        "reactor_utilization": {
          "shard": "7",
          "value": 83.228207019999999
        }
      },
      {
        "reactor_utilization": {
          "shard": "8",
          "value": 86.67266513999968
        }
      },
      {
        "reactor_utilization": {
          "shard": "9",
          "value": 97.986406439999968
        }
      },
      {
        "reactor_utilization": {
          "shard": "10",
          "value": 73.402012460000691
        }
      },
      {
        "reactor_utilization": {
          "shard": "11",
          "value": 68.131171799999962
        }
      },
      {
        "reactor_utilization": {
          "shard": "12",
          "value": 75.128344120000548
        }
      },
      {
        "reactor_utilization": {
          "shard": "13",
          "value": 84.585287780000186
        }
      },
      {
        "reactor_utilization": {
          "shard": "14",
          "value": 70.499213419999521
        }
      },
      {
        "reactor_utilization": {
          "shard": "15",
          "value": 91.734156860000056
        }
      }
    ]
  },
  {
    "metrics": [
      {
        "reactor_utilization": {
          "shard": "0",
          "value": 63.130179480000024
        }
      },
      {
        "reactor_utilization": {
          "shard": "1",
          "value": 70.864195439999975
        }
      },
      {
        "reactor_utilization": {
          "shard": "2",
          "value": 77.602222199999886
        }
      },
      {
        "reactor_utilization": {
          "shard": "3",
          "value": 77.867315339999209
        }
      },
      {
        "reactor_utilization": {
          "shard": "4",
          "value": 72.056711279999661
        }
      },
      {
        "reactor_utilization": {
          "shard": "5",
          "value": 66.198760700000008
        }
      },
      {
        "reactor_utilization": {
          "shard": "6",
          "value": 80.935618759999699
        }
      },
      {
        "reactor_utilization": {
          "shard": "7",
          "value": 89.286435499999996
        }
      },
      {
        "reactor_utilization": {
          "shard": "8",
          "value": 80.727289939999679
        }
      },
      {
        "reactor_utilization": {
          "shard": "9",
          "value": 87.500834619999949
        }
      },
      {
        "reactor_utilization": {
          "shard": "10",
          "value": 69.178218360000685
        }
      },
      {
        "reactor_utilization": {
          "shard": "11",
          "value": 75.020125379999968
        }
      },
      {
        "reactor_utilization": {
          "shard": "12",
          "value": 78.67155606000054
        }
      },
      {
        "reactor_utilization": {
          "shard": "13",
          "value": 79.096234240000186
        }
      },
      {
        "reactor_utilization": {
          "shard": "14",
          "value": 88.784286599999518
        }
      },
      {
        "reactor_utilization": {
          "shard": "15",
          "value": 95.035887160000073
        }
      }
    ]
  },
  {
    "metrics": [
      {
        "reactor_utilization": {
          "shard": "0",
          "value": 66.515999080000029
        }
      },
      {
        "reactor_utilization": {
          "shard": "1",
          "value": 71.254647579999968
        }
      },
      {
        "reactor_utilization": {
          "shard": "2",
          "value": 73.874013939999884
        }
      },
      {
        "reactor_utilization": {
          "shard": "3",
          "value": 70.268511339999208
        }
      },
      {
        "reactor_utilization": {
          "shard": "4",
          "value": 81.62139143999967
        }
      },
      {
        "reactor_utilization": {
          "shard": "5",
          "value": 76.210821800000019
        }
      },
      {
        "reactor_utilization": {
          "shard": "6",
          "value": 81.247079999999698
        }
      },
      {
        "reactor_utilization": {
          "shard": "7",
          "value": 81.258090780000003
        }
      },
      {
        "reactor_utilization": {
          "shard": "8",
          "value": 91.188300639999682
        }
      },
      {
        "reactor_utilization": {
          "shard": "9",
          "value": 91.749171599999954
        }
      },
      {
        "reactor_utilization": {
          "shard": "10",
          "value": 77.584163760000678
        }
      },
      {
        "reactor_utilization": {
          "shard": "11",
          "value": 76.826598739999966
        }
      },
      {
        "reactor_utilization": {
          "shard": "12",
          "value": 81.05901836000055
        }
      },
      {
        "reactor_utilization": {
          "shard": "13",
          "value": 91.540061880000181
        }
      },
      {
        "reactor_utilization": {
          "shard": "14",
          "value": 84.735071559999525
        }
      },
      {
        "reactor_utilization": {
          "shard": "15",
          "value": 89.296440420000067
        }
      }
    ]
  },
  {
    "metrics": [
      {
        "reactor_utilization": {
          "shard": "0",
          "value": 64.370765240000026
        }
      },
      {
        "reactor_utilization": {
          "shard": "1",
          "value": 64.348363499999962
        }
      },
      {
        "reactor_utilization": {
          "shard": "2",
          "value": 62.171134099999882
        }
      },
      {
        "reactor_utilization": {
          "shard": "3",
          "value": 77.960329779999199
        }
      },
      {
        "reactor_utilization": {
          "shard": "4",
          "value": 74.678638979999661
        }
      },
      {
        "reactor_utilization": {
          "shard": "5",
          "value": 72.118985980000019
        }
      },
      {
        "reactor_utilization": {
          "shard": "6",
          "value": 88.197384919999706
        }
      },
      {
        "reactor_utilization": {
          "shard": "7",
          "value": 74.741994099999999
        }
      },
      {
        "reactor_utilization": {
          "shard": "8",
          "value": 79.306392479999687
        }
      },
      {
        "reactor_utilization": {
          "shard": "9",
          "value": 75.944682399999948
        }
      },
      {
        "reactor_utilization": {
          "shard": "10",
          "value": 87.645417400000696
        }
      },
      {
        "reactor_utilization": {
          "shard": "11",
          "value": 84.445152599999957
        }
      },
      {
        "reactor_utilization": {
          "shard": "12",
          "value": 69.571718500000543
        }
      },
      {
        "reactor_utilization": {
          "shard": "13",
          "value": 81.792376860000189
        }
      },
      {
        "reactor_utilization": {
          "shard": "14",
          "value": 62.25156727999952
        }
      },
      {
        "reactor_utilization": {
          "shard": "15",
          "value": 91.119155960000057
        }
      }
    ]
  },
  {
    "metrics": [
      {
        "reactor_utilization": {
          "shard": "0",
          "value": 70.474198240000035
        }
      },
      {
        "reactor_utilization": {
          "shard": "1",
          "value": 66.644038119999962
        }
      },
      {
        "reactor_utilization": {
          "shard": "2",
          "value": 89.216806859999892
        }
      },
      {
        "reactor_utilization": {
          "shard": "3",
          "value": 89.730283419999211
        }
      },
      {
        "reactor_utilization": {
          "shard": "4",
          "value": 80.626156179999668
        }
      },
      {
        "reactor_utilization": {
          "shard": "5",
          "value": 72.789643900000016
        }
      },
      {
        "reactor_utilization": {
          "shard": "6",
          "value": 76.901404119999711
        }
      },
      {
        "reactor_utilization": {
          "shard": "7",
          "value": 88.863751499999992
        }
      },
      {
        "reactor_utilization": {
          "shard": "8",
          "value": 83.265175139999684
        }
      },
      {
        "reactor_utilization": {
          "shard": "9",
          "value": 91.197748799999957
        }
      },
      {
        "reactor_utilization": {
          "shard": "10",
          "value": 80.78206042000069
        }
      },
      {
        "reactor_utilization": {
          "shard": "11",
          "value": 81.032972539999975
        }
      },
      {
        "reactor_utilization": {
          "shard": "12",
          "value": 69.038680800000549
        }
      },
      {
        "reactor_utilization": {
          "shard": "13",
          "value": 91.764425220000192
        }
      },
      {
        "reactor_utilization": {
          "shard": "14",
          "value": 77.44180483999952
        }
      },
      {
        "reactor_utilization": {
          "shard": "15",
          "value": 86.987306980000071
        }
      }
    ]
  },
  {
    "metrics": [
      {
        "reactor_utilization": {
          "shard": "0",
          "value": 71.12619988000003
        }
      },
      {
        "reactor_utilization": {
          "shard": "1",
          "value": 68.284015519999969
        }
      },
      {
        "reactor_utilization": {
          "shard": "2",
          "value": 79.50464319999989
        }
      },
      {
        "reactor_utilization": {
          "shard": "3",
          "value": 85.144965979999213
        }
      },
      {
        "reactor_utilization": {
          "shard": "4",
          "value": 68.455968339999671
        }
      },
      {
        "reactor_utilization": {
          "shard": "5",
          "value": 70.311476320000025
        }
      },
      {
        "reactor_utilization": {
          "shard": "6",
          "value": 80.826606719999702
        }
      },
      {
        "reactor_utilization": {
          "shard": "7",
          "value": 79.538023259999989
        }
      },
      {
        "reactor_utilization": {
          "shard": "8",
          "value": 85.664499379999683
        }
      },
      {
        "reactor_utilization": {
          "shard": "9",
          "value": 98.254288199999948
        }
      },
      {
        "reactor_utilization": {
          "shard": "10",
          "value": 70.743264600000686
        }
      },
      {
        "reactor_utilization": {
          "shard": "11",
          "value": 78.237281519999954
        }
      },
      {
        "reactor_utilization": {
          "shard": "12",
          "value": 64.121440160000546
        }
      },
      {
        "reactor_utilization": {
          "shard": "13",
          "value": 82.061388700000194
        }
      },
      {
        "reactor_utilization": {
          "shard": "14",
          "value": 73.128128299999517
        }
      },
      {
        "reactor_utilization": {
          "shard": "15",
          "value": 82.573738460000072
        }
      }
    ]
  },
  {
    "metrics": [
      {
        "reactor_utilization": {
          "shard": "0",
          "value": 53.421537980000032
        }
      },
      {
        "reactor_utilization": {
          "shard": "1",
          "value": 65.735163899999975
        }
      },
      {
        "reactor_utilization": {
          "shard": "2",
          "value": 71.187260059999886
        }
      },
      {
        "reactor_utilization": {
          "shard": "3",
          "value": 63.021535419999211
        }
      },
      {
        "reactor_utilization": {
          "shard": "4",
          "value": 69.245440239999667
        }
      },
      {
        "reactor_utilization": {
          "shard": "5",
          "value": 52.091810180000017
        }
      },
      {
        "reactor_utilization": {
          "shard": "6",
          "value": 77.922481239999698
        }
      },
      {
        "reactor_utilization": {
          "shard": "7",
          "value": 71.78945822
        }
      },
      {
        "reactor_utilization": {
          "shard": "8",
          "value": 70.342361699999685
        }
      },
      {
        "reactor_utilization": {
          "shard": "9",
          "value": 68.040954219999946
        }
      },
      {
        "reactor_utilization": {
          "shard": "10",
          "value": 59.415838120000686
        }
      },
      {
        "reactor_utilization": {
          "shard": "11",
          "value": 67.076091159999976
        }
      },
      {
        "reactor_utilization": {
          "shard": "12",
          "value": 58.102204440000534
        }
      },
      {
        "reactor_utilization": {
          "shard": "13",
          "value": 68.83320310000019
        }
      },
      {
        "reactor_utilization": {
          "shard": "14",
          "value": 60.646738679999523
        }
      },
      {
        "reactor_utilization": {
          "shard": "15",
          "value": 76.431479960000061
        }
      }
    ]
  },
  {
    "metrics": [
      {
        "reactor_utilization": {
          "shard": "0",
          "value": 64.502817500000049
        }
      },
      {
        "reactor_utilization": {
          "shard": "1",
          "value": 73.304537299999978
        }
      },
      {
        "reactor_utilization": {
          "shard": "2",
          "value": 74.190368419999899
        }
      },
      {
        "reactor_utilization": {
          "shard": "3",
          "value": 66.375185279999215
        }
      },
      {
        "reactor_utilization": {
          "shard": "4",
          "value": 69.624751219999666
        }
      },
      {
        "reactor_utilization": {
          "shard": "5",
          "value": 71.163863880000022
        }
      },
      {
        "reactor_utilization": {
          "shard": "6",
          "value": 79.310968059999709
        }
      },
      {
        "reactor_utilization": {
          "shard": "7",
          "value": 81.309056679999998
        }
      },
      {
        "reactor_utilization": {
          "shard": "8",
          "value": 77.98173357999967
        }
      },
      {
        "reactor_utilization": {
          "shard": "9",
          "value": 89.760607539999953
        }
      },
      {
        "reactor_utilization": {
          "shard": "10",
          "value": 72.314549000000682
        }
      },
      {
        "reactor_utilization": {
          "shard": "11",
          "value": 75.150814919999959
        }
      },
      {
        "reactor_utilization": {
          "shard": "12",
          "value": 69.001266060000546
        }
      },
      {
        "reactor_utilization": {
          "shard": "13",
          "value": 79.084440700000187
        }
      },
      {
        "reactor_utilization": {
          "shard": "14",
          "value": 63.301170379999519
        }
      },
      {
        "reactor_utilization": {
          "shard": "15",
          "value": 84.463722360000062
        }
      }
    ]
  },
  {
    "metrics": [
      {
        "reactor_utilization": {
          "shard": "0",
          "value": 68.533708160000046
        }
      },
      {
        "reactor_utilization": {
          "shard": "1",
          "value": 69.829752119999966
        }
      },
      {
        "reactor_utilization": {
          "shard": "2",
          "value": 78.544208819999895
        }
      },
      {
        "reactor_utilization": {
          "shard": "3",
          "value": 85.261145159999217
        }
      },
      {
        "reactor_utilization": {
          "shard": "4",
          "value": 75.446081019999667
        }
      },
      {
        "reactor_utilization": {
          "shard": "5",
          "value": 64.444702680000006
        }
      },
      {
        "reactor_utilization": {
          "shard": "6",
          "value": 77.378442799999704
        }
      },
      {
        "reactor_utilization": {
          "shard": "7",
          "value": 91.075891440000007
        }
      },
      {
        "reactor_utilization": {
          "shard": "8",
          "value": 79.170749219999664
        }
      },
      {
        "reactor_utilization": {
          "shard": "9",
          "value": 77.758298159999953
        }
      },
      {
        "reactor_utilization": {
          "shard": "10",
          "value": 74.146578620000696
        }
      },
      {
        "reactor_utilization": {
          "shard": "11",
          "value": 73.969692879999968
        }
      },
      {
        "reactor_utilization": {
          "shard": "12",
          "value": 76.706361460000537
        }
      },
      {
        "reactor_utilization": {
          "shard": "13",
          "value": 82.814452320000186
        }
      },
      {
        "reactor_utilization": {
          "shard": "14",
          "value": 89.173405159999518
        }
      },
      {
        "reactor_utilization": {
          "shard": "15",
          "value": 93.815252960000066
        }
      }
    ]
  },
  {
    "metrics": [
      {
        "reactor_utilization": {
          "shard": "0",
          "value": 65.463337740000043
        }
      },
      {
        "reactor_utilization": {
          "shard": "1",
          "value": 71.131356939999961
        }
      },
      {
        "reactor_utilization": {
          "shard": "2",
          "value": 74.003214159999914
        }
      },
      {
        "reactor_utilization": {
          "shard": "3",
          "value": 70.284401539999223
        }
      },
      {
        "reactor_utilization": {
          "shard": "4",
          "value": 81.406116199999673
        }
      },
      {
        "reactor_utilization": {
          "shard": "5",
          "value": 72.13117950000003
        }
      },
      {
        "reactor_utilization": {
          "shard": "6",
          "value": 80.931137439999702
        }
      },
      {
        "reactor_utilization": {
          "shard": "7",
          "value": 77.970477400000007
        }
      },
      {
        "reactor_utilization": {
          "shard": "8",
          "value": 89.751369239999661
        }
      },
      {
        "reactor_utilization": {
          "shard": "9",
          "value": 89.362058799999957
        }
      },
      {
        "reactor_utilization": {
          "shard": "10",
          "value": 84.650830780000689
        }
      },
      {
        "reactor_utilization": {
          "shard": "11",
          "value": 82.725656399999963
        }
      },
      {
        "reactor_utilization": {
          "shard": "12",
          "value": 89.53973348000055
        }
      },
      {
        "reactor_utilization": {
          "shard": "13",
          "value": 91.665251300000179
        }
      },
      {
        "reactor_utilization": {
          "shard": "14",
          "value": 90.400051979999517
        }
      },
      {
        "reactor_utilization": {
          "shard": "15",
          "value": 89.168241940000058
        }
      }
    ]
  },
  {
    "metrics": [
      {
        "reactor_utilization": {
          "shard": "0",
          "value": 57.480933440000051
        }
      },
      {
        "reactor_utilization": {
          "shard": "1",
          "value": 60.509286539999962
        }
      },
      {
        "reactor_utilization": {
          "shard": "2",
          "value": 69.658483339999904
        }
      },
      {
        "reactor_utilization": {
          "shard": "3",
          "value": 78.724629439999219
        }
      },
      {
        "reactor_utilization": {
          "shard": "4",
          "value": 65.550011839999669
        }
      },
      {
        "reactor_utilization": {
          "shard": "5",
          "value": 63.830544940000024
        }
      },
      {
        "reactor_utilization": {
          "shard": "6",
          "value": 82.837389619999698
        }
      },
      {
        "reactor_utilization": {
          "shard": "7",
          "value": 71.189737739999998
        }
      },
      {
        "reactor_utilization": {
          "shard": "8",
          "value": 78.260744639999672
        }
      },
      {
        "reactor_utilization": {
          "shard": "9",
          "value": 73.629823239999951
        }
      },
      {
        "reactor_utilization": {
          "shard": "10",
          "value": 66.536556460000696
        }
      },
      {
        "reactor_utilization": {
          "shard": "11",
          "value": 74.722943359999974
        }
      },
      {
        "reactor_utilization": {
          "shard": "12",
          "value": 67.098341980000541
        }
      },
      {
        "reactor_utilization": {
          "shard": "13",
          "value": 69.477473840000187
        }
      },
      {
        "reactor_utilization": {
          "shard": "14",
          "value": 59.656253779999524
        }
      },
      {
        "reactor_utilization": {
          "shard": "15",
          "value": 91.727225520000061
        }
      }
    ]
  },
  {
    "metrics": [
      {
        "reactor_utilization": {
          "shard": "0",
          "value": 47.513643480000042
        }
      },
      {
        "reactor_utilization": {
          "shard": "1",
          "value": 40.117812339999972
        }
      },
      {
        "reactor_utilization": {
          "shard": "2",
          "value": 90.237979799999906
        }
      },
      {
        "reactor_utilization": {
          "shard": "3",
          "value": 83.489149199999218
        }
      },
      {
        "reactor_utilization": {
          "shard": "4",
          "value": 63.570501839999672
        }
      },
      {
        "reactor_utilization": {
          "shard": "5",
          "value": 71.911879640000024
        }
      },
      {
        "reactor_utilization": {
          "shard": "6",
          "value": 62.545592499999714
        }
      },
      {
        "reactor_utilization": {
          "shard": "7",
          "value": 73.786094560000009
        }
      },
      {
        "reactor_utilization": {
          "shard": "8",
          "value": 78.807474939999665
        }
      },
      {
        "reactor_utilization": {
          "shard": "9",
          "value": 84.285947179999951
        }
      },
      {
        "reactor_utilization": {
          "shard": "10",
          "value": 55.919365840000701
        }
      },
      {
        "reactor_utilization": {
          "shard": "11",
          "value": 65.323598219999951
        }
      },
      {
        "reactor_utilization": {
          "shard": "12",
          "value": 51.505329240000528
        }
      },
      {
        "reactor_utilization": {
          "shard": "13",
          "value": 54.77789696000017
        }
      },
      {
        "reactor_utilization": {
          "shard": "14",
          "value": 71.810565919999519
        }
      },
      {
        "reactor_utilization": {
          "shard": "15",
          "value": 79.507224160000064
        }
      }
    ]
  },
  {
    "metrics": [
      {
        "reactor_utilization": {
          "shard": "0",
          "value": 57.968696520000051
        }
      },
      {
        "reactor_utilization": {
          "shard": "1",
          "value": 58.782741399999971
        }
      },
      {
        "reactor_utilization": {
          "shard": "2",
          "value": 87.729257999999902
        }
      },
      {
        "reactor_utilization": {
          "shard": "3",
          "value": 78.25156811999922
        }
      },
      {
        "reactor_utilization": {
          "shard": "4",
          "value": 62.439376259999669
        }
      },
      {
        "reactor_utilization": {
          "shard": "5",
          "value": 61.137669140000028
        }
      },
      {
        "reactor_utilization": {
          "shard": "6",
          "value": 66.34552687999971
        }
      },
      {
        "reactor_utilization": {
          "shard": "7",
          "value": 71.583331859999987
        }
      },
      {
        "reactor_utilization": {
          "shard": "8",
          "value": 85.632078119999662
        }
      },
      {
        "reactor_utilization": {
          "shard": "9",
          "value": 72.340824699999956
        }
      },
      {
        "reactor_utilization": {
          "shard": "10",
          "value": 54.666988460000688
        }
      },
      {
        "reactor_utilization": {
          "shard": "11",
          "value": 68.408375879999966
        }
      },
      {
        "reactor_utilization": {
          "shard": "12",
          "value": 63.849286280000527
        }
      },
      {
        "reactor_utilization": {
          "shard": "13",
          "value": 66.085718140000182
        }
      },
      {
        "reactor_utilization": {
          "shard": "14",
          "value": 77.689861019999526
        }
      },
      {
        "reactor_utilization": {
          "shard": "15",
          "value": 88.320100960000076
        }
      }
    ]
  },
  {
    "metrics": [
      {
        "reactor_utilization": {
          "shard": "0",
          "value": 43.013942440000065
        }
      },
      {
        "reactor_utilization": {
          "shard": "1",
          "value": 45.778686979999961
        }
      },
      {
        "reactor_utilization": {
          "shard": "2",
          "value": 80.009789899999902
        }
      },
      {
        "reactor_utilization": {
          "shard": "3",
          "value": 77.895198239999218
        }
      },
      {
        "reactor_utilization": {
          "shard": "4",
          "value": 63.581703859999671
        }
      },
      {
        "reactor_utilization": {
          "shard": "5",
          "value": 73.162540040000025
        }
      },
      {
        "reactor_utilization": {
          "shard": "6",
          "value": 51.999231159999717
        }
      },
      {
        "reactor_utilization": {
          "shard": "7",
          "value": 75.170514859999997
        }
      },
      {
        "reactor_utilization": {
          "shard": "8",
          "value": 80.46975883999967
        }
      },
      {
        "reactor_utilization": {
          "shard": "9",
          "value": 79.680594579999948
        }
      },
      {
        "reactor_utilization": {
          "shard": "10",
          "value": 62.634219360000685
        }
      },
      {
        "reactor_utilization": {
          "shard": "11",
          "value": 64.142857699999965
        }
      },
      {
        "reactor_utilization": {
          "shard": "12",
          "value": 58.759839720000542
        }
      },
      {
        "reactor_utilization": {
          "shard": "13",
          "value": 55.624458460000184
        }
      },
      {
        "reactor_utilization": {
          "shard": "14",
          "value": 77.495802039999532
        }
      },
      {
        "reactor_utilization": {
          "shard": "15",
          "value": 95.311317520000074
        }
      }
    ]
  },
  {
    "metrics": [
      {
        "reactor_utilization": {
          "shard": "0",
          "value": 49.014851080000064
        }
      },
      {
        "reactor_utilization": {
          "shard": "1",
          "value": 48.749690299999969
        }
      },
      {
        "reactor_utilization": {
          "shard": "2",
          "value": 79.631707599999899
        }
      },
      {
        "reactor_utilization": {
          "shard": "3",
          "value": 75.752357559999226
        }
      },
      {
        "reactor_utilization": {
          "shard": "4",
          "value": 67.748283999999671
        }
      },
      {
        "reactor_utilization": {
          "shard": "5",
          "value": 65.528777460000015
        }
      },
      {
        "reactor_utilization": {
          "shard": "6",
          "value": 64.651338359999727
        }
      },
      {
        "reactor_utilization": {
          "shard": "7",
          "value": 65.982155859999978
        }
      },
      {
        "reactor_utilization": {
          "shard": "8",
          "value": 89.950742819999661
        }
      },
      {
        "reactor_utilization": {
          "shard": "9",
          "value": 79.336946899999944
        }
      },
      {
        "reactor_utilization": {
          "shard": "10",
          "value": 65.517085220000695
        }
      },
      {
        "reactor_utilization": {
          "shard": "11",
          "value": 77.852781679999964
        }
      },
      {
        "reactor_utilization": {
          "shard": "12",
          "value": 63.741817580000536
        }
      },
      {
        "reactor_utilization": {
          "shard": "13",
          "value": 55.088281740000177
        }
      },
      {
        "reactor_utilization": {
          "shard": "14",
          "value": 74.191033659999533
        }
      },
      {
        "reactor_utilization": {
          "shard": "15",
          "value": 86.184448940000067
        }
      }
    ]
  },
  {
    "metrics": [
      {
        "reactor_utilization": {
          "shard": "0",
          "value": 43.101447880000066
        }
      },
      {
        "reactor_utilization": {
          "shard": "1",
          "value": 40.978287919999964
        }
      },
      {
        "reactor_utilization": {
          "shard": "2",
          "value": 78.505029359999895
        }
      },
      {
        "reactor_utilization": {
          "shard": "3",
          "value": 82.465551279999232
        }
      },
      {
        "reactor_utilization": {
          "shard": "4",
          "value": 67.858432039999684
        }
      },
      {
        "reactor_utilization": {
          "shard": "5",
          "value": 67.434980780000018
        }
      },
      {
        "reactor_utilization": {
          "shard": "6",
          "value": 66.01720607999971
        }
      },
      {
        "reactor_utilization": {
          "shard": "7",
          "value": 69.539272679999982
        }
      },
      {
        "reactor_utilization": {
          "shard": "8",
          "value": 74.158936399999661
        }
      },
      {
        "reactor_utilization": {
          "shard": "9",
          "value": 84.190044159999957
        }
      },
      {
        "reactor_utilization": {
          "shard": "10",
          "value": 61.821855640000692
        }
      },
      {
        "reactor_utilization": {
          "shard": "11",
          "value": 72.241451899999959
        }
      },
      {
        "reactor_utilization": {
          "shard": "12",
          "value": 52.96442198000053
        }
      },
      {
        "reactor_utilization": {
          "shard": "13",
          "value": 59.373571580000174
        }
      },
      {
        "reactor_utilization": {
          "shard": "14",
          "value": 69.551905399999512
        }
      },
      {
        "reactor_utilization": {
          "shard": "15",
          "value": 84.960062880000066
        }
      }
    ]
  }
]
