[
  {
    "metrics": [
      {
        "reactor_utilization": {
          "shard": "0",
          "value": 34.249945340000146
        }
      },
      {
        "reactor_utilization": {
          "shard": "1",
          "value": 46.992881799999921
        }
      },
      {
        "reactor_utilization": {
          "shard": "2",
          "value": 39.645500059999648
        }
      },
      {
        "reactor_utilization": {
          "shard": "3",
          "value": 50.71204041999944
        }
      },
      {
        "reactor_utilization": {
          "shard": "4",
          "value": 35.125115659999807
        }
      },
      {
        "reactor_utilization": {
          "shard": "5",
          "value": 41.100385119999963
        }
      },
      {
        "reactor_utilization": {
          "shard": "6",
          "value": 42.317758879999687
        }
      },
      {
        "reactor_utilization": {
          "shard": "7",
          "value": 37.323588439999945
        }
      },
      {
        "reactor_utilization": {
          "shard": "8",
          "value": 43.400898639999596
        }
      },
      {
        "reactor_utilization": {
          "shard": "9",
          "value": 39.097394000000143
        }
      },
      {
        "reactor_utilization": {
          "shard": "10",
          "value": 34.148789260000797
        }
      },
      {
        "reactor_utilization": {
          "shard": "11",
          "value": 44.138398539999848
        }
      },
      {
        "reactor_utilization": {
          "shard": "12",
          "value": 34.575252659999755
        }
      },
      {
        "reactor_utilization": {
          "shard": "13",
          "value": 47.648386460000062
        }
      },
      {
        "reactor_utilization": {
          "shard": "14",
          "value": 43.511388640000057
        }
      },
      {
        "reactor_utilization": {
          "shard": "15",
          "value": 36.419774980000355
        }
      }
    ]
  },
  {
    "metrics": [
      {
        "reactor_utilization": {
          "shard": "0",
          "value": 34.242640620000152
        }
      },
      {
        "reactor_utilization": {
          "shard": "1",
          "value": 36.238439519999922
        }
      },
      {
        "reactor_utilization": {
          "shard": "2",
          "value": 34.296153979999659
        }
      },
      {
        "reactor_utilization": {
          "shard": "3",
          "value": 46.958329839999422
        }
      },
      {
        "reactor_utilization": {
          "shard": "4",
          "value": 30.591265599999819
        }
      },
      {
        "reactor_utilization": {
          "shard": "5",
          "value": 34.610412879999963
        }
      },
      {
        "reactor_utilization": {
          "shard": "6",
          "value": 44.080035499999681
        }
      },
      {
        "reactor_utilization": {
          "shard": "7",
          "value": 41.05002355999995
        }
      },
      {
        "reactor_utilization": {
          "shard": "8",
          "value": 30.40628021999958
        }
      },
      {
        "reactor_utilization": {
          "shard": "9",
          "value": 30.185365900000114
        }
      },
      {
        "reactor_utilization": {
          "shard": "10",
          "value": 32.784092280000785
        }
      },
      {
        "reactor_utilization": {
          "shard": "11",
          "value": 39.184721959999848
        }
      },
      {
        "reactor_utilization": {
          "shard": "12",
          "value": 36.988444139999757
        }
      },
      {
        "reactor_utilization": {
          "shard": "13",
          "value": 41.377542900000066
        }
      },
      {
        "reactor_utilization": {
          "shard": "14",
          "value": 37.404312960000077
        }
      },
      {
        "reactor_utilization": {
          "shard": "15",
          "value": 41.682675740000349
        }
      }
    ]
  },
  {
    "metrics": [
      {
        "reactor_utilization": {
          "shard": "0",
          "value": 24.323473280000151
        }
      },
      {
        "reactor_utilization": {
          "shard": "1",
          "value": 41.515472519999932
        }
      },
      {
        "reactor_utilization": {
          "shard": "2",
          "value": 42.098186879999666
        }
      },
      {
        "reactor_utilization": {
          "shard": "3",
          "value": 39.62528153999942
        }
      },
      {
        "reactor_utilization": {
          "shard": "4",
          "value": 27.028672199999814
        }
      },
      {
        "reactor_utilization": {
          "shard": "5",
          "value": 32.495387619999974
        }
      },
      {
        "reactor_utilization": {
          "shard": "6",
          "value": 44.461978619999677
        }
      },
      {
        "reactor_utilization": {
          "shard": "7",
          "value": 38.374930439999957
        }
      },
      {
        "reactor_utilization": {
          "shard": "8",
          "value": 31.473327339999603
        }
      },
      {
        "reactor_utilization": {
          "shard": "9",
          "value": 33.767191420000117
        }
      },
      {
        "reactor_utilization": {
          "shard": "10",
          "value": 35.174693560000783
        }
      },
      {
        "reactor_utilization": {
          "shard": "11",
          "value": 40.928971719999844
        }
      },
      {
        "reactor_utilization": {
          "shard": "12",
          "value": 31.773646239999763
        }
      },
      {
        "reactor_utilization": {
          "shard": "13",
          "value": 42.392681680000067
        }
      },
      {
        "reactor_utilization": {
          "shard": "14",
          "value": 27.513107680000083
        }
      },
      {
        "reactor_utilization": {
          "shard": "15",
          "value": 38.261470740000355
        }
      }
    ]
  },
  {
    "metrics": [
      {
        "reactor_utilization": {
          "shard": "0",
          "value": 24.800972480000148
        }
      },
      {
        "reactor_utilization": {
          "shard": "1",
          "value": 35.568950839999914
        }
      },
      {
        "reactor_utilization": {
          "shard": "2",
          "value": 35.986790619999667
        }
      },
      {
        "reactor_utilization": {
          "shard": "3",
          "value": 36.477315479999419
        }
      },
      {
        "reactor_utilization": {
          "shard": "4",
          "value": 27.357517319999825
        }
      },
      {
        "reactor_utilization": {
          "shard": "5",
          "value": 27.712898979999956
        }
      },
      {
        "reactor_utilization": {
          "shard": "6",
          "value": 32.215073319999675
        }
      },
      {
        "reactor_utilization": {
          "shard": "7",
          "value": 36.306849399999955
        }
      },
      {
        "reactor_utilization": {
          "shard": "8",
          "value": 34.214083079999604
        }
      },
      {
        "reactor_utilization": {
          "shard": "9",
          "value": 29.925109880000111
        }
      },
      {
        "reactor_utilization": {
          "shard": "10",
          "value": 32.764609860000782
        }
      },
      {
        "reactor_utilization": {
          "shard": "11",
          "value": 32.763498899999824
        }
      },
      {
        "reactor_utilization": {
          "shard": "12",
          "value": 29.125601539999746
        }
      },
      {
        "reactor_utilization": {
          "shard": "13",
          "value": 40.38910984000006
        }
      },
      {
        "reactor_utilization": {
          "shard": "14",
          "value": 29.565069100000095
        }
      },
      {
        "reactor_utilization": {
          "shard": "15",
          "value": 36.448321820000352
        }
      }
    ]
  },
  {
    "metrics": [
      {
        "reactor_utilization": {
          "shard": "0",
          "value": 33.603580780000144
        }
      },
      {
        "reactor_utilization": {
          "shard": "1",
          "value": 35.436493559999903
        }
      },
      {
        "reactor_utilization": {
          "shard": "2",
          "value": 31.346092739999666
        }
      },
      {
        "reactor_utilization": {
          "shard": "3",
          "value": 37.979983699999394
        }
      },
      {
        "reactor_utilization": {
          "shard": "4",
          "value": 25.254046159999831
        }
      },
      {
        "reactor_utilization": {
          "shard": "5",
          "value": 29.867205659999975
        }
      },
      {
        "reactor_utilization": {
          "shard": "6",
          "value": 28.200221099999702
        }
      },
      {
        "reactor_utilization": {
          "shard": "7",
          "value": 33.144894359999945
        }
      },
      {
        "reactor_utilization": {
          "shard": "8",
          "value": 29.344071179999609
        }
      },
      {
        "reactor_utilization": {
          "shard": "9",
          "value": 39.63114538000012
        }
      },
      {
        "reactor_utilization": {
          "shard": "10",
          "value": 30.117890800000779
        }
      },
      {
        "reactor_utilization": {
          "shard": "11",
          "value": 36.103586699999823
        }
      },
      {
        "reactor_utilization": {
          "shard": "12",
          "value": 26.781977399999747
        }
      },
      {
        "reactor_utilization": {
          "shard": "13",
          "value": 31.411080460000051
        }
      },
      {
        "reactor_utilization": {
          "shard": "14",
          "value": 35.178863860000085
        }
      },
      {
        "reactor_utilization": {
          "shard": "15",
          "value": 38.39677304000034
        }
      }
    ]
  },
  {
    "metrics": [
      {
        "reactor_utilization": {
          "shard": "0",
          "value": 27.920779860000145
        }
      },
      {
        "reactor_utilization": {
          "shard": "1",
          "value": 31.316576619999914
        }
      },
      {
        "reactor_utilization": {
          "shard": "2",
          "value": 31.709181179999646
        }
      },
      {
        "reactor_utilization": {
          "shard": "3",
          "value": 33.10566607999943
        }
      },
      {
        "reactor_utilization": {
          "shard": "4",
          "value": 32.809277879999833
        }
      },
      {
        "reactor_utilization": {
          "shard": "5",
          "value": 30.935189399999974
        }
      },
      {
        "reactor_utilization": {
          "shard": "6",
          "value": 39.449427879999696
        }
      },
      {
        "reactor_utilization": {
          "shard": "7",
          "value": 32.897810359999937
        }
      },
      {
        "reactor_utilization": {
          "shard": "8",
          "value": 24.543939219999611
        }
      },
      {
        "reactor_utilization": {
          "shard": "9",
          "value": 29.811522840000116
        }
      },
      {
        "reactor_utilization": {
          "shard": "10",
          "value": 22.345113200000789
        }
      },
      {
        "reactor_utilization": {
          "shard": "11",
          "value": 32.732401019999827
        }
      },
      {
        "reactor_utilization": {
          "shard": "12",
          "value": 35.394760699999736
        }
      },
      {
        "reactor_utilization": {
          "shard": "13",
          "value": 34.869764980000049
        }
      },
      {
        "reactor_utilization": {
          "shard": "14",
          "value": 25.283648280000104
        }
      },
      {
        "reactor_utilization": {
          "shard": "15",
          "value": 36.738560380000337
        }
      }
    ]
  },
  {
    "metrics": [
      {
        "reactor_utilization": {
          "shard": "0",
          "value": 30.094757320000131
        }
      },
      {
        "reactor_utilization": {
          "shard": "1",
          "value": 39.702777119999929
        }
      },
      {
        "reactor_utilization": {
          "shard": "2",
          "value": 35.671329479999649
        }
      },
      {
        "reactor_utilization": {
          "shard": "3",
          "value": 35.762973179999413
        }
      },
      {
        "reactor_utilization": {
          "shard": "4",
          "value": 28.625779539999829
        }
      },
      {
        "reactor_utilization": {
          "shard": "5",
          "value": 29.447064059999949
        }
      },
      {
        "reactor_utilization": {
          "shard": "6",
          "value": 34.771369339999701
        }
      },
      {
        "reactor_utilization": {
          "shard": "7",
          "value": 38.246332139999936
        }
      },
      {
        "reactor_utilization": {
          "shard": "8",
          "value": 34.605235479999642
        }
      },
      {
        "reactor_utilization": {
          "shard": "9",
          "value": 33.463533120000108
        }
      },
      {
        "reactor_utilization": {
          "shard": "10",
          "value": 32.384937160000774
        }
      },
      {
        "reactor_utilization": {
          "shard": "11",
          "value": 33.876409459999834
        }
      },
      {
        "reactor_utilization": {
          "shard": "12",
          "value": 32.171039239999743
        }
      },
      {
        "reactor_utilization": {
          "shard": "13",
          "value": 28.941854660000033
        }
      },
      {
        "reactor_utilization": {
          "shard": "14",
          "value": 32.131152420000134
        }
      },
      {
        "reactor_utilization": {
          "shard": "15",
          "value": 35.165187360000338
        }
      }
    ]
  },
  {
    "metrics": [
      {
        "reactor_utilization": {
          "shard": "0",
          "value": 38.508314960000121
        }
      },
      {
        "reactor_utilization": {
          "shard": "1",
          "value": 54.988521259999942
        }
      },
      {
        "reactor_utilization": {
          "shard": "2",
          "value": 47.499337419999655
        }
      },
      {
        "reactor_utilization": {
          "shard": "3",
          "value": 48.24612005999942
        }
      },
      {
        "reactor_utilization": {
          "shard": "4",
          "value": 46.628100719999836
        }
      },
      {
        "reactor_utilization": {
          "shard": "5",
          "value": 47.529490799999948
        }
      },
      {
        "reactor_utilization": {
          "shard": "6",
          "value": 43.788230739999712
        }
      },
      {
        "reactor_utilization": {
          "shard": "7",
          "value": 49.604296599999941
        }
      },
      {
        "reactor_utilization": {
          "shard": "8",
          "value": 49.336158839999619
        }
      },
      {
        "reactor_utilization": {
          "shard": "9",
          "value": 42.279814520000123
        }
      },
      {
        "reactor_utilization": {
          "shard": "10",
          "value": 43.714264040000785
        }
      },
      {
        "reactor_utilization": {
          "shard": "11",
          "value": 44.113720579999828
        }
      },
      {
        "reactor_utilization": {
          "shard": "12",
          "value": 49.905823619999758
        }
      },
      {
        "reactor_utilization": {
          "shard": "13",
          "value": 46.295702540000036
        }
      },
      {
        "reactor_utilization": {
          "shard": "14",
          "value": 51.238094260000111
        }
      },
      {
        "reactor_utilization": {
          "shard": "15",
          "value": 47.14936444000034
        }
      }
    ]
  },
  {
    "metrics": [
      {
        "reactor_utilization": {
          "shard": "0",
          "value": 28.042460020000128
        }
      },
      {
        "reactor_utilization": {
          "shard": "1",
          "value": 37.406055199999955
        }
      },
      {
        "reactor_utilization": {
          "shard": "2",
          "value": 35.252536099999674
        }
      },
      {
        "reactor_utilization": {
          "shard": "3",
          "value": 50.105544999999417
        }
      },
      {
        "reactor_utilization": {
          "shard": "4",
          "value": 31.711351019999846
        }
      },
      {
        "reactor_utilization": {
          "shard": "5",
          "value": 34.87601851999996
        }
      },
      {
        "reactor_utilization": {
          "shard": "6",
          "value": 40.707796759999717
        }
      },
      {
        "reactor_utilization": {
          "shard": "7",
          "value": 36.431696139999936
        }
      },
      {
        "reactor_utilization": {
          "shard": "8",
          "value": 36.915970919999616
        }
      },
      {
        "reactor_utilization": {
          "shard": "9",
          "value": 36.308664880000109
        }
      },
      {
        "reactor_utilization": {
          "shard": "10",
          "value": 30.861499180000784
        }
      },
      {
        "reactor_utilization": {
          "shard": "11",
          "value": 40.80027811999981
        }
      },
      {
        "reactor_utilization": {
          "shard": "12",
          "value": 43.910042079999755
        }
      },
      {
        "reactor_utilization": {
          "shard": "13",
          "value": 44.600162940000033
        }
      },
      {
        "reactor_utilization": {
          "shard": "14",
          "value": 43.880931120000099
        }
      },
      {
        "reactor_utilization": {
          "shard": "15",
          "value": 46.30494328000033
        }
      }
    ]
  },
  {
    "metrics": [
      {
        "reactor_utilization": {
          "shard": "0",
          "value": 27.603584440000116
        }
      },
      {
        "reactor_utilization": {
          "shard": "1",
          "value": 41.218554479999945
        }
      },
      {
        "reactor_utilization": {
          "shard": "2",
          "value": 39.340733479999678
        }
      },
      {
        "reactor_utilization": {
          "shard": "3",
          "value": 41.33000021999942
        }
      },
      {
        "reactor_utilization": {
          "shard": "4",
          "value": 26.172054079999853
        }
      },
      {
        "reactor_utilization": {
          "shard": "5",
          "value": 31.004951559999959
        }
      },
      {
        "reactor_utilization": {
          "shard": "6",
          "value": 47.24493833999972
        }
      },
      {
        "reactor_utilization": {
          "shard": "7",
          "value": 38.333097339999945
        }
      },
      {
        "reactor_utilization": {
          "shard": "8",
          "value": 37.910441339999622
        }
      },
      {
        "reactor_utilization": {
          "shard": "9",
          "value": 31.005033920000102
        }
      },
      {
        "reactor_utilization": {
          "shard": "10",
          "value": 32.224603300000787
        }
      },
      {
        "reactor_utilization": {
          "shard": "11",
          "value": 34.872508319999817
        }
      },
      {
        "reactor_utilization": {
          "shard": "12",
          "value": 40.577357279999745
        }
      },
      {
        "reactor_utilization": {
          "shard": "13",
          "value": 32.794965760000053
        }
      },
      {
        "reactor_utilization": {
          "shard": "14",
          "value": 42.210449680000103
        }
      },
      {
        "reactor_utilization": {
          "shard": "15",
          "value": 40.471450840000323
        }
      }
    ]
  },
  {
    "metrics": [
      {
        "reactor_utilization": {
          "shard": "0",
          "value": 36.340566480000128
        }
      },
      {
        "reactor_utilization": {
          "shard": "1",
          "value": 43.877970399999946
        }
      },
      {
        "reactor_utilization": {
          "shard": "2",
          "value": 28.924168499999681
        }
      },
      {
        "reactor_utilization": {
          "shard": "3",
          "value": 34.893810399999417
        }
      },
      {
        "reactor_utilization": {
          "shard": "4",
          "value": 32.980449179999859
        }
      },
      {
        "reactor_utilization": {
          "shard": "5",
          "value": 31.593350719999947
        }
      },
      {
        "reactor_utilization": {
          "shard": "6",
          "value": 39.278056419999722
        }
      },
      {
        "reactor_utilization": {
          "shard": "7",
          "value": 41.532597619999954
        }
      },
      {
        "reactor_utilization": {
          "shard": "8",
          "value": 33.860241159999624
        }
      },
      {
        "reactor_utilization": {
          "shard": "9",
          "value": 37.219305880000107
        }
      },
      {
        "reactor_utilization": {
          "shard": "10",
          "value": 39.510488380000794
        }
      },
      {
        "reactor_utilization": {
          "shard": "11",
          "value": 42.352377459999822
        }
      },
      {
        "reactor_utilization": {
          "shard": "12",
          "value": 30.963559799999729
        }
      },
      {
        "reactor_utilization": {
          "shard": "13",
          "value": 38.486929940000046
        }
      },
      {
        "reactor_utilization": {
          "shard": "14",
          "value": 41.202660300000105
        }
      },
      {
        "reactor_utilization": {
          "shard": "15",
          "value": 35.826752460000336
        }
      }
    ]
  },
  {
    "metrics": [
      {
        "reactor_utilization": {
          "shard": "0",
          "value": 26.072953700000134
        }
      },
      {
        "reactor_utilization": {
          "shard": "1",
          "value": 25.570705639999947
        }
      },
      {
        "reactor_utilization": {
          "shard": "2",
          "value": 30.173161019999672
        }
      },
      {
        "reactor_utilization": {
          "shard": "3",
          "value": 32.383965419999413
        }
      },
      {
        "reactor_utilization": {
          "shard": "4",
          "value": 23.552658999999853
        }
      },
      {
        "reactor_utilization": {
          "shard": "5",
          "value": 31.911748499999959
        }
      },
      {
        "reactor_utilization": {
          "shard": "6",
          "value": 39.751635359999725
        }
      },
      {
        "reactor_utilization": {
          "shard": "7",
          "value": 38.415092379999948
        }
      },
      {
        "reactor_utilization": {
          "shard": "8",
          "value": 38.004278319999628
        }
      },
      {
        "reactor_utilization": {
          "shard": "9",
          "value": 27.379993340000098
        }
      },
      {
        "reactor_utilization": {
          "shard": "10",
          "value": 38.136256080000798
        }
      },
      {
        "reactor_utilization": {
          "shard": "11",
          "value": 36.110416239999807
        }
      },
      {
        "reactor_utilization": {
          "shard": "12",
          "value": 28.379823939999717
        }
      },
      {
        "reactor_utilization": {
          "shard": "13",
          "value": 35.06104392000006
        }
      },
      {
        "reactor_utilization": {
          "shard": "14",
          "value": 40.8341178800001
        }
      },
      {
        "reactor_utilization": {
          "shard": "15",
          "value": 32.822221780000341
        }
      }
    ]
  },
  {
    "metrics": [
      {
        "reactor_utilization": {
          "shard": "0",
          "value": 34.598645980000121
        }
      },
      {
        "reactor_utilization": {
          "shard": "1",
          "value": 38.954689779999939
        }
      },
      {
        "reactor_utilization": {
          "shard": "2",
          "value": 35.526081059999669
        }
      },
      {
        "reactor_utilization": {
          "shard": "3",
          "value": 39.035704879999415
        }
      },
      {
        "reactor_utilization": {
          "shard": "4",
          "value": 35.524062979999862
        }
      },
      {
        "reactor_utilization": {
          "shard": "5",
          "value": 28.46499059999995
        }
      },
      {
        "reactor_utilization": {
          "shard": "6",
          "value": 40.61217423999971
        }
      },
      {
        "reactor_utilization": {
          "shard": "7",
          "value": 32.226134419999944
        }
      },
      {
        "reactor_utilization": {
          "shard": "8",
          "value": 37.87569177999962
        }
      },
      {
        "reactor_utilization": {
          "shard": "9",
          "value": 29.754952240000087
        }
      },
      {
        "reactor_utilization": {
          "shard": "10",
          "value": 29.411747780000809
        }
      },
      {
        "reactor_utilization": {
          "shard": "11",
          "value": 33.830549419999819
        }
      },
      {
        "reactor_utilization": {
          "shard": "12",
          "value": 45.634896879999708
        }
      },
      {
        "reactor_utilization": {
          "shard": "13",
          "value": 45.24515920000006
        }
      },
      {
        "reactor_utilization": {
          "shard": "14",
          "value": 32.387427220000106
        }
      },
      {
        "reactor_utilization": {
          "shard": "15",
          "value": 43.222184580000331
        }
      }
    ]
  },
  {
    "metrics": [
      {
        "reactor_utilization": {
          "shard": "0",
          "value": 31.943670840000117
        }
      },
      {
        "reactor_utilization": {
          "shard": "1",
          "value": 42.414754299999949
        }
      },
      {
        "reactor_utilization": {
          "shard": "2",
          "value": 34.567566959999674
        }
      },
      {
        "reactor_utilization": {
          "shard": "3",
          "value": 43.14049737999941
        }
      },
      {
        "reactor_utilization": {
          "shard": "4",
          "value": 38.361531599999857
        }
      },
      {
        "reactor_utilization": {
          "shard": "5",
          "value": 43.855003139999951
        }
      },
      {
        "reactor_utilization": {
          "shard": "6",
          "value": 47.366746259999701
        }
      },
      {
        "reactor_utilization": {
          "shard": "7",
          "value": 45.196858139999954
        }
      },
      {
        "reactor_utilization": {
          "shard": "8",
          "value": 33.203100519999616
        }
      },
      {
        "reactor_utilization": {
          "shard": "9",
          "value": 33.126821780000093
        }
      },
      {
        "reactor_utilization": {
          "shard": "10",
          "value": 38.438143360000808
        }
      },
      {
        "reactor_utilization": {
          "shard": "11",
          "value": 42.18628823999984
        }
      },
      {
        "reactor_utilization": {
          "shard": "12",
          "value": 40.015354219999708
        }
      },
      {
        "reactor_utilization": {
          "shard": "13",
          "value": 50.617094140000063
        }
      },
      {
        "reactor_utilization": {
          "shard": "14",
          "value": 35.6266059800001
        }
      },
      {
        "reactor_utilization": {
          "shard": "15",
          "value": 47.493658640000334
        }
      }
    ]
  },
  {
    "metrics": [
      {
        "reactor_utilization": {
          "shard": "0",
          "value": 39.6023886400001
        }
      },
      {
        "reactor_utilization": {
          "shard": "1",
          "value": 42.714175499999961
        }
      },
      {
        "reactor_utilization": {
          "shard": "2",
          "value": 35.712422999999674
        }
      },
      {
        "reactor_utilization": {
          "shard": "3",
          "value": 42.627788839999425
        }
      },
      {
        "reactor_utilization": {
          "shard": "4",
          "value": 38.652031399999863
        }
      },
      {
        "reactor_utilization": {
          "shard": "5",
          "value": 40.026765359999942
        }
      },
      {
        "reactor_utilization": {
          "shard": "6",
          "value": 40.162059439999695
        }
      },
      {
        "reactor_utilization": {
          "shard": "7",
          "value": 44.110534619999939
        }
      },
      {
        "reactor_utilization": {
          "shard": "8",
          "value": 37.723038939999618
        }
      },
      {
        "reactor_utilization": {
          "shard": "9",
          "value": 43.901641480000094
        }
      },
      {
        "reactor_utilization": {
          "shard": "10",
          "value": 35.805277900000796
        }
      },
      {
        "reactor_utilization": {
          "shard": "11",
          "value": 42.960515199999847
        }
      },
      {
        "reactor_utilization": {
          "shard": "12",
          "value": 45.985621779999697
        }
      },
      {
        "reactor_utilization": {
          "shard": "13",
          "value": 43.414833400000077
        }
      },
      {
        "reactor_utilization": {
          "shard": "14",
          "value": 40.565333860000116
        }
      },
      {
        "reactor_utilization": {
          "shard": "15",
          "value": 41.765580700000349
        }
      }
    ]
  },
  {
    "metrics": [
      {
        "reactor_utilization": {
          "shard": "0",
          "value": 34.413294320000112
        }
      },
      {
        "reactor_utilization": {
          "shard": "1",
          "value": 38.456787159999948
        }
      },
      {
        "reactor_utilization": {
          "shard": "2",
          "value": 33.461301359999652
        }
      },
      {
        "reactor_utilization": {
          "shard": "3",
          "value": 43.438419119999438
        }
      },
      {
        "reactor_utilization": {
          "shard": "4",
          "value": 24.428863419999868
        }
      },
      {
        "reactor_utilization": {
          "shard": "5",
          "value": 34.518307239999935
        }
      },
      {
        "reactor_utilization": {
          "shard": "6",
          "value": 38.657397619999713
        }
      },
      {
        "reactor_utilization": {
          "shard": "7",
          "value": 36.073596799999933
        }
      },
      {
        "reactor_utilization": {
          "shard": "8",
          "value": 25.885576719999605
        }
      },
      {
        "reactor_utilization": {
          "shard": "9",
          "value": 27.162852620000088
        }
      },
      {
        "reactor_utilization": {
          "shard": "10",
          "value": 29.922953900000802
        }
      },
      {
        "reactor_utilization": {
          "shard": "11",
          "value": 41.22865623999985
        }
      },
      {
        "reactor_utilization": {
          "shard": "12",
          "value": 26.895076159999686
        }
      },
      {
        "reactor_utilization": {
          "shard": "13",
          "value": 37.816601560000066
        }
      },
      {
        "reactor_utilization": {
          "shard": "14",
          "value": 35.055402760000121
        }
      },
      {
        "reactor_utilization": {
          "shard": "15",
          "value": 35.277657880000348
        }
      }
    ]
  },
  {
    "metrics": [
      {
        "reactor_utilization": {
          "shard": "0",
          "value": 31.86421710000009
        }
      },
      {
        "reactor_utilization": {
          "shard": "1",
          "value": 34.599021739999948
        }
      },
      {
        "reactor_utilization": {
          "shard": "2",
          "value": 30.298144859999667
        }
      },
      {
        "reactor_utilization": {
          "shard": "3",
          "value": 40.455632799999428
        }
      },
      {
        "reactor_utilization": {
          "shard": "4",
          "value": 33.864387019999867
        }
      },
      {
        "reactor_utilization": {
          "shard": "5",
          "value": 33.09585735999994
        }
      },
      {
        "reactor_utilization": {
          "shard": "6",
          "value": 32.587345139999698
        }
      },
      {
        "reactor_utilization": {
          "shard": "7",
          "value": 32.345391399999926
        }
      },
      {
        "reactor_utilization": {
          "shard": "8",
          "value": 34.491022759999588
        }
      },
      {
        "reactor_utilization": {
          "shard": "9",
          "value": 26.115965480000092
        }
      },
      {
        "reactor_utilization": {
          "shard": "10",
          "value": 33.925469940000795
        }
      },
      {
        "reactor_utilization": {
          "shard": "11",
          "value": 32.42018705999984
        }
      },
      {
        "reactor_utilization": {
          "shard": "12",
          "value": 29.430614539999688
        }
      },
      {
        "reactor_utilization": {
          "shard": "13",
          "value": 37.766060100000054
        }
      },
      {
        "reactor_utilization": {
          "shard": "14",
          "value": 35.053099620000125
        }
      },
      {
        "reactor_utilization": {
          "shard": "15",
          "value": 36.254979480000351
        }
      }
    ]
  },
  {
    "metrics": [
      {
        "reactor_utilization": {
          "shard": "0",
          "value": 29.958374940000088
        }
      },
      {
        "reactor_utilization": {
          "shard": "1",
          "value": 28.754891619999945
        }
      },
      {
        "reactor_utilization": {
          "shard": "2",
          "value": 38.013516299999651
        }
      },
      {
        "reactor_utilization": {
          "shard": "3",
          "value": 42.775697719999428
        }
      },
      {
        "reactor_utilization": {
          "shard": "4",
          "value": 28.606517339999883
        }
      },
      {
        "reactor_utilization": {
          "shard": "5",
          "value": 33.618337079999925
        }
      },
      {
        "reactor_utilization": {
          "shard": "6",
          "value": 40.360146319999693
        }
      },
      {
        "reactor_utilization": {
          "shard": "7",
          "value": 41.453925159999905
        }
      },
      {
        "reactor_utilization": {
          "shard": "8",
          "value": 42.352132759999584
        }
      },
      {
        "reactor_utilization": {
          "shard": "9",
          "value": 39.558478020000095
        }
      },
      {
        "reactor_utilization": {
          "shard": "10",
          "value": 29.394456520000801
        }
      },
      {
        "reactor_utilization": {
          "shard": "11",
          "value": 29.681005079999846
        }
      },
      {
        "reactor_utilization": {
          "shard": "12",
          "value": 28.885497819999671
        }
      },
      {
        "reactor_utilization": {
          "shard": "13",
          "value": 37.748581660000035
        }
      },
      {
        "reactor_utilization": {
          "shard": "14",
          "value": 36.11611754000014
        }
      },
      {
        "reactor_utilization": {
          "shard": "15",
          "value": 39.012198180000354
        }
      }
    ]
  },
  {
    "metrics": [
      {
        "reactor_utilization": {
          "shard": "0",
          "value": 33.401468460000096
        }
      },
      {
        "reactor_utilization": {
          "shard": "1",
          "value": 34.996112799999935
        }
      },
      {
        "reactor_utilization": {
          "shard": "2",
          "value": 31.951488119999638
        }
      },
      {
        "reactor_utilization": {
          "shard": "3",
          "value": 38.124168039999432
        }
      },
      {
        "reactor_utilization": {
          "shard": "4",
          "value": 26.87504681999987
        }
      },
      {
        "reactor_utilization": {
          "shard": "5",
          "value": 30.047461999999936
        }
      },
      {
        "reactor_utilization": {
          "shard": "6",
          "value": 41.242728659999671
        }
      },
      {
        "reactor_utilization": {
          "shard": "7",
          "value": 30.665740479999904
        }
      },
      {
        "reactor_utilization": {
          "shard": "8",
          "value": 33.635478859999587
        }
      },
      {
        "reactor_utilization": {
          "shard": "9",
          "value": 39.741261260000101
        }
      },
      {
        "reactor_utilization": {
          "shard": "10",
          "value": 30.861507600000813
        }
      },
      {
        "reactor_utilization": {
          "shard": "11",
          "value": 33.025149919999834
        }
      },
      {
        "reactor_utilization": {
          "shard": "12",
          "value": 33.851734079999687
        }
      },
      {
        "reactor_utilization": {
          "shard": "13",
          "value": 38.00173536000004
        }
      },
      {
        "reactor_utilization": {
          "shard": "14",
          "value": 31.890638060000143
        }
      },
      {
        "reactor_utilization": {
          "shard": "15",
          "value": 31.601657820000352
        }
      }
    ]
  },
  {
    "metrics": [
      {
        "reactor_utilization": {
          "shard": "0",
          "value": 29.42759764000008
        }
      },
      {
        "reactor_utilization": {
          "shard": "1",
          "value": 37.720338719999944
        }
      },
      {
        "reactor_utilization": {
          "shard": "2",
          "value": 34.671873439999636
        }
      },
      {
        "reactor_utilization": {
          "shard": "3",
          "value": 43.077316339999427
        }
      },
      {
        "reactor_utilization": {
          "shard": "4",
          "value": 27.120898379999879
        }
      },
      {
        "reactor_utilization": {
          "shard": "5",
          "value": 29.687716359999939
        }
      },
      {
        "reactor_utilization": {
          "shard": "6",
          "value": 32.952506399999685
        }
      },
      {
        "reactor_utilization": {
          "shard": "7",
          "value": 34.136271579999914
        }
      },
      {
        "reactor_utilization": {
          "shard": "8",
          "value": 27.850367379999597
        }
      },
      {
        "reactor_utilization": {
          "shard": "9",
          "value": 28.481617280000115
        }
      },
      {
        "reactor_utilization": {
          "shard": "10",
          "value": 25.840253660000801
        }
      },
      {
        "reactor_utilization": {
          "shard": "11",
          "value": 33.027658899999835
        }
      },
      {
        "reactor_utilization": {
          "shard": "12",
          "value": 28.045871079999696
        }
      },
      {
        "reactor_utilization": {
          "shard": "13",
          "value": 38.783999480000041
        }
      },
      {
        "reactor_utilization": {
          "shard": "14",
          "value": 40.382067220000131
        }
      },
      {
        "reactor_utilization": {
          "shard": "15",
          "value": 34.252237400000375
        }
      }
    ]
  },
  {
    "metrics": [
      {
        "reactor_utilization": {
          "shard": "0",
          "value": 31.381147820000098
        }
      },
      {
        "reactor_utilization": {
          "shard": "1",
          "value": 34.595462999999938
        }
      },
      {
        "reactor_utilization": {
          "shard": "2",
          "value": 27.377212479999624
        }
      },
      {
        "reactor_utilization": {
          "shard": "3",
          "value": 34.196954879999439
        }
      },
      {
        "reactor_utilization": {
          "shard": "4",
          "value": 30.031900039999869
        }
      },
      {
        "reactor_utilization": {
          "shard": "5",
          "value": 35.305156839999952
        }
      },
      {
        "reactor_utilization": {
          "shard": "6",
          "value": 32.922727399999665
        }
      },
      {
        "reactor_utilization": {
          "shard": "7",
          "value": 33.517823919999913
        }
      },
      {
        "reactor_utilization": {
          "shard": "8",
          "value": 34.294772499999617
        }
      },
      {
        "reactor_utilization": {
          "shard": "9",
          "value": 23.691821300000115
        }
      },
      {
        "reactor_utilization": {
          "shard": "10",
          "value": 23.970524220000801
        }
      },
      {
        "reactor_utilization": {
          "shard": "11",
          "value": 34.497314299999857
        }
      },
      {
        "reactor_utilization": {
          "shard": "12",
          "value": 27.504668759999685
        }
      },
      {
        "reactor_utilization": {
          "shard": "13",
          "value": 33.056762760000048
        }
      },
      {
        "reactor_utilization": {
          "shard": "14",
          "value": 27.227627240000139
        }
      },
      {
        "reactor_utilization": {
          "shard": "15",
          "value": 30.034599360000382
        }
      }
    ]
  },
  {
    "metrics": [
      {
        "reactor_utilization": {
          "shard": "0",
          "value": 26.556123260000099
        }
      },
      {
        "reactor_utilization": {
          "shard": "1",
          "value": 37.540219579999935
        }
      },
      {
        "reactor_utilization": {
          "shard": "2",
          "value": 36.143259459999634
        }
      },
      {
        "reactor_utilization": {
          "shard": "3",
          "value": 36.785837499999431
        }
      },
      {
        "reactor_utilization": {
          "shard": "4",
          "value": 24.487770079999883
        }
      },
      {
        "reactor_utilization": {
          "shard": "5",
          "value": 27.724223759999944
        }
      },
      {
        "reactor_utilization": {
          "shard": "6",
          "value": 41.177695719999683
        }
      },
      {
        "reactor_utilization": {
          "shard": "7",
          "value": 40.415280719999913
        }
      },
      {
        "reactor_utilization": {
          "shard": "8",
          "value": 28.180968899999602
        }
      },
      {
        "reactor_utilization": {
          "shard": "9",
          "value": 31.619755380000104
        }
      },
      {
        "reactor_utilization": {
          "shard": "10",
          "value": 33.928534000000809
        }
      },
      {
        "reactor_utilization": {
          "shard": "11",
          "value": 33.949414779999863
        }
      },
      {
        "reactor_utilization": {
          "shard": "12",
          "value": 34.902078699999663
        }
      },
      {
        "reactor_utilization": {
          "shard": "13",
          "value": 38.517052660000026
        }
      },
      {
        "reactor_utilization": {
          "shard": "14",
          "value": 27.845642320000142
        }
      },
      {
        "reactor_utilization": {
          "shard": "15",
          "value": 33.15415282000037
        }
      }
    ]
  },
  {
    "metrics": [
      {
        "reactor_utilization": {
          "shard": "0",
          "value": 20.622262020000083
        }
      },
      {
        "reactor_utilization": {
          "shard": "1",
          "value": 38.225948679999952
        }
      },
      {
        "reactor_utilization": {
          "shard": "2",
          "value": 40.366261519999647
        }
      },
      {
        "reactor_utilization": {
          "shard": "3",
          "value": 38.811243259999429
        }
      },
      {
        "reactor_utilization": {
          "shard": "4",
          "value": 23.74452673999987
        }
      },
      {
        "reactor_utilization": {
          "shard": "5",
          "value": 28.724781959999934
        }
      },
      {
        "reactor_utilization": {
          "shard": "6",
          "value": 35.080301419999685
        }
      },
      {
        "reactor_utilization": {
          "shard": "7",
          "value": 35.301388259999896
        }
      },
      {
        "reactor_utilization": {
          "shard": "8",
          "value": 29.915587579999602
        }
      },
      {
        "reactor_utilization": {
          "shard": "9",
          "value": 30.135845580000108
        }
      },
      {
        "reactor_utilization": {
          "shard": "10",
          "value": 35.216808360000805
        }
      },
      {
        "reactor_utilization": {
          "shard": "11",
          "value": 37.723759279999861
        }
      },
      {
        "reactor_utilization": {
          "shard": "12",
          "value": 27.756269939999669
        }
      },
      {
        "reactor_utilization": {
          "shard": "13",
          "value": 30.383328020000022
        }
      },
      {
        "reactor_utilization": {
          "shard": "14",
          "value": 27.116010180000117
        }
      },
      {
        "reactor_utilization": {
          "shard": "15",
          "value": 37.787869360000357
        }
      }
    ]
  },
  {
    "metrics": [
      {
        "reactor_utilization": {
          "shard": "0",
          "value": 38.991480920000086
        }
      },
      {
        "reactor_utilization": {
          "shard": "1",
          "value": 39.606162479999959
        }
      },
      {
        "reactor_utilization": {
          "shard": "2",
          "value": 36.004529579999641
        }
      },
      {
        "reactor_utilization": {
          "shard": "3",
          "value": 42.305243159999442
        }
      },
      {
        "reactor_utilization": {
          "shard": "4",
          "value": 33.191949819999856
        }
      },
      {
        "reactor_utilization": {
          "shard": "5",
          "value": 33.269920559999932
        }
      },
      {
        "reactor_utilization": {
          "shard": "6",
          "value": 35.817341119999668
        }
      },
      {
        "reactor_utilization": {
          "shard": "7",
          "value": 40.7717752799999
        }
      },
      {
        "reactor_utilization": {
          "shard": "8",
          "value": 35.687872159999614
        }
      },
      {
        "reactor_utilization": {
          "shard": "9",
          "value": 36.238831800000092
        }
      },
      {
        "reactor_utilization": {
          "shard": "10",
          "value": 36.36929518000079
        }
      },
      {
        "reactor_utilization": {
          "shard": "11",
          "value": 34.229352699999851
        }
      },
      {
        "reactor_utilization": {
          "shard": "12",
          "value": 31.175399799999692
        }
      },
      {
        "reactor_utilization": {
          "shard": "13",
          "value": 43.250682000000019
        }
      },
      {
        "reactor_utilization": {
          "shard": "14",
          "value": 39.206200000000123
        }
      },
      {
        "reactor_utilization": {
          "shard": "15",
          "value": 44.150338240000352
        }
      }
    ]
  }
]
