[
  {
    "metrics": [
      {
        "reactor_utilization": {
          "shard": "0",
          "value": 65.334974620000125
        }
      },
      {
        "reactor_utilization": {
          "shard": "1",
          "value": 78.046390120000027
        }
      },
      {
        "reactor_utilization": {
          "shard": "2",
          "value": 81.82916319999984
        }
      },
      {
        "reactor_utilization": {
          "shard": "3",
          "value": 73.526649099999247
        }
      },
      {
        "reactor_utilization": {
          "shard": "4",
          "value": 78.860894379999749
        }
      },
      {
        "reactor_utilization": {
          "shard": "5",
          "value": 76.492557780000041
        }
      },
      {
        "reactor_utilization": {
          "shard": "6",
          "value": 72.057521779999647
        }
      },
      {
        "reactor_utilization": {
          "shard": "7",
          "value": 74.558931199999989
        }
      },
      {
        "reactor_utilization": {
          "shard": "8",
          "value": 75.752221479999719
        }
      },
      {
        "reactor_utilization": {
          "shard": "9",
          "value": 89.710674679999883
        }
      },
      {
        "reactor_utilization": {
          "shard": "10",
          "value": 51.822955520000747
        }
      },
      {
        "reactor_utilization": {
          "shard": "11",
          "value": 63.173845839999942
        }
      },
      {
        "reactor_utilization": {
          "shard": "12",
          "value": 76.976476640000556
        }
      },
      {
        "reactor_utilization": {
          "shard": "13",
          "value": 75.105895640000313
        }
      },
      {
        "reactor_utilization": {
          "shard": "14",
          "value": 66.966051459999505
        }
      },
      {
        "reactor_utilization": {
          "shard": "15",
          "value": 89.6388583600001
        }
      }
    ]
  },
  {
    "metrics": [
      {
        "reactor_utilization": {
          "shard": "0",
          "value": 65.611856160000116
        }
      },
      {
        "reactor_utilization": {
          "shard": "1",
          "value": 65.311124220000025
        }
      },
      {
        "reactor_utilization": {
          "shard": "2",
          "value": 79.302424039999835
        }
      },
      {
        "reactor_utilization": {
          "shard": "3",
          "value": 66.224296419999234
        }
      },
      {
        "reactor_utilization": {
          "shard": "4",
          "value": 66.893111019999751
        }
      },
      {
        "reactor_utilization": {
          "shard": "5",
          "value": 64.535177660000031
        }
      },
      {
        "reactor_utilization": {
          "shard": "6",
          "value": 64.934850699999629
        }
      },
      {
        "reactor_utilization": {
          "shard": "7",
          "value": 68.560895259999981
        }
      },
      {
        "reactor_utilization": {
          "shard": "8",
          "value": 66.725970999999703
        }
      },
      {
        "reactor_utilization": {
          "shard": "9",
          "value": 76.907648799999876
        }
      },
      {
        "reactor_utilization": {
          "shard": "10",
          "value": 60.422448560000738
        }
      },
      {
        "reactor_utilization": {
          "shard": "11",
          "value": 65.014533239999949
        }
      },
      {
        "reactor_utilization": {
          "shard": "12",
          "value": 82.57244934000056
        }
      },
      {
        "reactor_utilization": {
          "shard": "13",
          "value": 70.499339820000301
        }
      },
      {
        "reactor_utilization": {
          "shard": "14",
          "value": 59.707107959999497
        }
      },
      {
        "reactor_utilization": {
          "shard": "15",
          "value": 71.742022680000119
        }
      }
    ]
  },
  {
    "metrics": [
      {
        "reactor_utilization": {
          "shard": "0",
          "value": 56.956122360000116
        }
      },
      {
        "reactor_utilization": {
          "shard": "1",
          "value": 70.692952320000046
        }
      },
      {
        "reactor_utilization": {
          "shard": "2",
          "value": 73.609907959999845
        }
      },
      {
        "reactor_utilization": {
          "shard": "3",
          "value": 72.143806759999251
        }
      },
      {
        "reactor_utilization": {
          "shard": "4",
          "value": 60.050792939999752
        }
      },
      {
        "reactor_utilization": {
          "shard": "5",
          "value": 67.341633500000043
        }
      },
      {
        "reactor_utilization": {
          "shard": "6",
          "value": 57.623576979999626
        }
      },
      {
        "reactor_utilization": {
          "shard": "7",
          "value": 68.761836159999973
        }
      },
      {
        "reactor_utilization": {
          "shard": "8",
          "value": 73.293586759999712
        }
      },
      {
        "reactor_utilization": {
          "shard": "9",
          "value": 77.737545039999873
        }
      },
      {
        "reactor_utilization": {
          "shard": "10",
          "value": 56.329421540000745
        }
      },
      {
        "reactor_utilization": {
          "shard": "11",
          "value": 57.468688679999943
        }
      },
      {
        "reactor_utilization": {
          "shard": "12",
          "value": 77.011935340000562
        }
      },
      {
        "reactor_utilization": {
          "shard": "13",
          "value": 70.561672380000303
        }
      },
      {
        "reactor_utilization": {
          "shard": "14",
          "value": 78.052447359999505
        }
      },
      {
        "reactor_utilization": {
          "shard": "15",
          "value": 77.254608260000111
        }
      }
    ]
  },
  {
    "metrics": [
      {
        "reactor_utilization": {
          "shard": "0",
          "value": 60.72208456000012
        }
      },
      {
        "reactor_utilization": {
          "shard": "1",
          "value": 65.968512120000042
        }
      },
      {
        "reactor_utilization": {
          "shard": "2",
          "value": 62.228108779999843
        }
      },
      {
        "reactor_utilization": {
          "shard": "3",
          "value": 58.478906499999248
        }
      },
      {
        "reactor_utilization": {
          "shard": "4",
          "value": 55.639476059999723
        }
      },
      {
        "reactor_utilization": {
          "shard": "5",
          "value": 65.502868420000055
        }
      },
      {
        "reactor_utilization": {
          "shard": "6",
          "value": 76.813947779999637
        }
      },
      {
        "reactor_utilization": {
          "shard": "7",
          "value": 64.419250639999987
        }
      },
      {
        "reactor_utilization": {
          "shard": "8",
          "value": 59.003268199999717
        }
      },
      {
        "reactor_utilization": {
          "shard": "9",
          "value": 67.893581539999872
        }
      },
      {
        "reactor_utilization": {
          "shard": "10",
          "value": 58.176223120000749
        }
      },
      {
        "reactor_utilization": {
          "shard": "11",
          "value": 71.09971623999995
        }
      },
      {
        "reactor_utilization": {
          "shard": "12",
          "value": 72.96727746000056
        }
      },
      {
        "reactor_utilization": {
          "shard": "13",
          "value": 66.685628580000312
        }
      },
      {
        "reactor_utilization": {
          "shard": "14",
          "value": 69.679850359999506
        }
      },
      {
        "reactor_utilization": {
          "shard": "15",
          "value": 61.053074200000111
        }
      }
    ]
  },
  {
    "metrics": [
      {
        "reactor_utilization": {
          "shard": "0",
          "value": 63.240428860000108
        }
      },
      {
        "reactor_utilization": {
          "shard": "1",
          "value": 54.401199240000039
        }
      },
      {
        "reactor_utilization": {
          "shard": "2",
          "value": 63.18757243999984
        }
      },
      {
        "reactor_utilization": {
          "shard": "3",
          "value": 61.095434819999248
        }
      },
      {
        "reactor_utilization": {
          "shard": "4",
          "value": 65.044448439999726
        }
      },
      {
        "reactor_utilization": {
          "shard": "5",
          "value": 68.427292640000047
        }
      },
      {
        "reactor_utilization": {
          "shard": "6",
          "value": 73.872364999999647
        }
      },
      {
        "reactor_utilization": {
          "shard": "7",
          "value": 72.03808939999999
        }
      },
      {
        "reactor_utilization": {
          "shard": "8",
          "value": 61.504590559999706
        }
      },
      {
        "reactor_utilization": {
          "shard": "9",
          "value": 67.213840479999874
        }
      },
      {
        "reactor_utilization": {
          "shard": "10",
          "value": 53.790683060000745
        }
      },
      {
        "reactor_utilization": {
          "shard": "11",
          "value": 65.507458899999946
        }
      },
      {
        "reactor_utilization": {
          "shard": "12",
          "value": 74.967466860000556
        }
      },
      {
        "reactor_utilization": {
          "shard": "13",
          "value": 71.248482180000309
        }
      },
      {
        "reactor_utilization": {
          "shard": "14",
          "value": 66.243864779999512
        }
      },
      {
        "reactor_utilization": {
          "shard": "15",
          "value": 80.485314640000098
        }
      }
    ]
  },
  {
    "metrics": [
      {
        "reactor_utilization": {
          "shard": "0",
          "value": 67.547389000000095
        }
      },
      {
        "reactor_utilization": {
          "shard": "1",
          "value": 65.73389276000006
        }
      },
      {
        "reactor_utilization": {
          "shard": "2",
          "value": 69.879580199999836
        }
      },
      {
        "reactor_utilization": {
          "shard": "3",
          "value": 70.778392959999252
        }
      },
      {
        "reactor_utilization": {
          "shard": "4",
          "value": 75.074223799999714
        }
      },
      {
        "reactor_utilization": {
          "shard": "5",
          "value": 76.387921940000041
        }
      },
      {
        "reactor_utilization": {
          "shard": "6",
          "value": 68.324799699999645
        }
      },
      {
        "reactor_utilization": {
          "shard": "7",
          "value": 72.387553639999979
        }
      },
      {
        "reactor_utilization": {
          "shard": "8",
          "value": 52.788925739999712
        }
      },
      {
        "reactor_utilization": {
          "shard": "9",
          "value": 70.450185999999874
        }
      },
      {
        "reactor_utilization": {
          "shard": "10",
          "value": 62.917435100000738
        }
      },
      {
        "reactor_utilization": {
          "shard": "11",
          "value": 69.311678579999949
        }
      },
      {
        "reactor_utilization": {
          "shard": "12",
          "value": 80.537146440000555
        }
      },
      {
        "reactor_utilization": {
          "shard": "13",
          "value": 71.509110640000301
        }
      },
      {
        "reactor_utilization": {
          "shard": "14",
          "value": 65.8188465599995
        }
      },
      {
        "reactor_utilization": {
          "shard": "15",
          "value": 75.051718320000106
        }
      }
    ]
  },
  {
    "metrics": [
      {
        "reactor_utilization": {
          "shard": "0",
          "value": 80.873843960000102
        }
      },
      {
        "reactor_utilization": {
          "shard": "1",
          "value": 69.776398340000043
        }
      },
      {
        "reactor_utilization": {
          "shard": "2",
          "value": 86.451276139999834
        }
      },
      {
        "reactor_utilization": {
          "shard": "3",
          "value": 83.413665819999252
        }
      },
      {
        "reactor_utilization": {
          "shard": "4",
          "value": 73.927208719999712
        }
      },
      {
        "reactor_utilization": {
          "shard": "5",
          "value": 81.707298060000056
        }
      },
      {
        "reactor_utilization": {
          "shard": "6",
          "value": 77.811664219999628
        }
      },
      {
        "reactor_utilization": {
          "shard": "7",
          "value": 82.986541559999978
        }
      },
      {
        "reactor_utilization": {
          "shard": "8",
          "value": 70.278008059999721
        }
      },
      {
        "reactor_utilization": {
          "shard": "9",
          "value": 74.978979459999877
        }
      },
      {
        "reactor_utilization": {
          "shard": "10",
          "value": 62.392164360000749
        }
      },
      {
        "reactor_utilization": {
          "shard": "11",
          "value": 73.770703139999938
        }
      },
      {
        "reactor_utilization": {
          "shard": "12",
          "value": 84.797489860000567
        }
      },
      {
        "reactor_utilization": {
          "shard": "13",
          "value": 87.346402720000299
        }
      },
      {
        "reactor_utilization": {
          "shard": "14",
          "value": 76.097577399999494
        }
      },
      {
        "reactor_utilization": {
          "shard": "15",
          "value": 85.878748560000105
        }
      }
    ]
  },
  {
    "metrics": [
      {
        "reactor_utilization": {
          "shard": "0",
          "value": 75.293025840000098
        }
      },
      {
        "reactor_utilization": {
          "shard": "1",
          "value": 70.796099500000054
        }
      },
      {
        "reactor_utilization": {
          "shard": "2",
          "value": 80.694041219999832
        }
      },
      {
        "reactor_utilization": {
          "shard": "3",
          "value": 79.986528199999256
        }
      },
      {
        "reactor_utilization": {
          "shard": "4",
          "value": 80.955487239999727
        }
      },
      {
        "reactor_utilization": {
          "shard": "5",
          "value": 75.098708520000059
        }
      },
      {
        "reactor_utilization": {
          "shard": "6",
          "value": 93.401086959999631
        }
      },
      {
        "reactor_utilization": {
          "shard": "7",
          "value": 79.870155999999994
        }
      },
      {
        "reactor_utilization": {
          "shard": "8",
          "value": 61.11163115999971
        }
      },
      {
        "reactor_utilization": {
          "shard": "9",
          "value": 95.779658819999867
        }
      },
      {
        "reactor_utilization": {
          "shard": "10",
          "value": 63.562940100000745
        }
      },
      {
        "reactor_utilization": {
          "shard": "11",
          "value": 77.479257779999941
        }
      },
      {
        "reactor_utilization": {
          "shard": "12",
          "value": 89.806050380000556
        }
      },
      {
        "reactor_utilization": {
          "shard": "13",
          "value": 88.742071480000305
        }
      },
      {
        "reactor_utilization": {
          "shard": "14",
          "value": 77.502566339999504
        }
      },
      {
        "reactor_utilization": {
          "shard": "15",
          "value": 82.138047940000121
        }
      }
    ]
  },
  {
    "metrics": [
      {
        "reactor_utilization": {
          "shard": "0",
          "value": 61.947519220000103
        }
      },
      {
        "reactor_utilization": {
          "shard": "1",
          "value": 68.999711160000061
        }
      },
      {
        "reactor_utilization": {
          "shard": "2",
          "value": 91.08778791999984
        }
      },
      {
        "reactor_utilization": {
          "shard": "3",
          "value": 72.189087039999251
        }
      },
      {
        "reactor_utilization": {
          "shard": "4",
          "value": 72.662065179999715
        }
      },
      {
        "reactor_utilization": {
          "shard": "5",
          "value": 77.297133640000055
        }
      },
      {
        "reactor_utilization": {
          "shard": "6",
          "value": 80.497488979999645
        }
      },
      {
        "reactor_utilization": {
          "shard": "7",
          "value": 77.656656019999986
        }
      },
      {
        "reactor_utilization": {
          "shard": "8",
          "value": 56.371212819999727
        }
      },
      {
        "reactor_utilization": {
          "shard": "9",
          "value": 74.893631459999867
        }
      },
      {
        "reactor_utilization": {
          "shard": "10",
          "value": 64.551457160000751
        }
      },
      {
        "reactor_utilization": {
          "shard": "11",
          "value": 76.41830771999993
        }
      },
      {
        "reactor_utilization": {
          "shard": "12",
          "value": 81.369547900000555
        }
      },
      {
        "reactor_utilization": {
          "shard": "13",
          "value": 69.857169540000314
        }
      },
      {
        "reactor_utilization": {
          "shard": "14",
          "value": 68.857931739999486
        }
      },
      {
        "reactor_utilization": {
          "shard": "15",
          "value": 86.38459404000011
        }
      }
    ]
  },
  {
    "metrics": [
      {
        "reactor_utilization": {
          "shard": "0",
          "value": 60.027332480000098
        }
      },
      {
        "reactor_utilization": {
          "shard": "1",
          "value": 68.507471220000042
        }
      },
      {
        "reactor_utilization": {
          "shard": "2",
          "value": 75.722417519999837
        }
      },
      {
        "reactor_utilization": {
          "shard": "3",
          "value": 69.928432679999247
        }
      },
      {
        "reactor_utilization": {
          "shard": "4",
          "value": 64.274235699999721
        }
      },
      {
        "reactor_utilization": {
          "shard": "5",
          "value": 58.286002140000058
        }
      },
      {
        "reactor_utilization": {
          "shard": "6",
          "value": 52.347611839999644
        }
      },
      {
        "reactor_utilization": {
          "shard": "7",
          "value": 77.692334619999983
        }
      },
      {
        "reactor_utilization": {
          "shard": "8",
          "value": 55.974230559999718
        }
      },
      {
        "reactor_utilization": {
          "shard": "9",
          "value": 69.714160399999869
        }
      },
      {
        "reactor_utilization": {
          "shard": "10",
          "value": 51.897699160000755
        }
      },
      {
        "reactor_utilization": {
          "shard": "11",
          "value": 61.246274939999935
        }
      },
      {
        "reactor_utilization": {
          "shard": "12",
          "value": 74.936667080000561
        }
      },
      {
        "reactor_utilization": {
          "shard": "13",
          "value": 62.131626660000308
        }
      },
      {
        "reactor_utilization": {
          "shard": "14",
          "value": 62.610100259999491
        }
      },
      {
        "reactor_utilization": {
          "shard": "15",
          "value": 84.422292620000107
        }
      }
    ]
  },
  {
    "metrics": [
      {
        "reactor_utilization": {
          "shard": "0",
          "value": 61.828236920000087
        }
      },
      {
        "reactor_utilization": {
          "shard": "1",
          "value": 64.824074520000053
        }
      },
      {
        "reactor_utilization": {
          "shard": "2",
          "value": 77.003012419999834
        }
      },
      {
        "reactor_utilization": {
          "shard": "3",
          "value": 68.186026239999237
        }
      },
      {
        "reactor_utilization": {
          "shard": "4",
          "value": 56.752659559999707
        }
      },
      {
        "reactor_utilization": {
          "shard": "5",
          "value": 69.302700280000053
        }
      },
      {
        "reactor_utilization": {
          "shard": "6",
          "value": 56.289061379999652
        }
      },
      {
        "reactor_utilization": {
          "shard": "7",
          "value": 71.825233459999978
        }
      },
      {
        "reactor_utilization": {
          "shard": "8",
          "value": 64.96120565999972
        }
      },
      {
        "reactor_utilization": {
          "shard": "9",
          "value": 80.585452079999868
        }
      },
      {
        "reactor_utilization": {
          "shard": "10",
          "value": 61.216063820000755
        }
      },
      {
        "reactor_utilization": {
          "shard": "11",
          "value": 74.00701105999994
        }
      },
      {
        "reactor_utilization": {
          "shard": "12",
          "value": 72.027505600000566
        }
      },
      {
        "reactor_utilization": {
          "shard": "13",
          "value": 54.500805660000296
        }
      },
      {
        "reactor_utilization": {
          "shard": "14",
          "value": 79.029281199999488
        }
      },
      {
        "reactor_utilization": {
          "shard": "15",
          "value": 80.301490240000106
        }
      }
    ]
  },
  {
    "metrics": [
      {
        "reactor_utilization": {
          "shard": "0",
          "value": 64.908629380000093
        }
      },
      {
        "reactor_utilization": {
          "shard": "1",
          "value": 67.419598440000044
        }
      },
      {
        "reactor_utilization": {
          "shard": "2",
          "value": 71.725048239999836
        }
      },
      {
        "reactor_utilization": {
          "shard": "3",
          "value": 70.133700079999244
        }
      },
      {
        "reactor_utilization": {
          "shard": "4",
          "value": 70.022151659999707
        }
      },
      {
        "reactor_utilization": {
          "shard": "5",
          "value": 60.489538400000043
        }
      },
      {
        "reactor_utilization": {
          "shard": "6",
          "value": 61.744952419999663
        }
      },
      {
        "reactor_utilization": {
          "shard": "7",
          "value": 76.832208159999979
        }
      },
      {
        "reactor_utilization": {
          "shard": "8",
          "value": 63.121546839999723
        }
      },
      {
        "reactor_utilization": {
          "shard": "9",
          "value": 78.352354979999873
        }
      },
      {
        "reactor_utilization": {
          "shard": "10",
          "value": 66.411423400000743
        }
      },
      {
        "reactor_utilization": {
          "shard": "11",
          "value": 79.338603459999931
        }
      },
      {
        "reactor_utilization": {
          "shard": "12",
          "value": 88.671946400000564
        }
      },
      {
        "reactor_utilization": {
          "shard": "13",
          "value": 64.204047540000303
        }
      },
      {
        "reactor_utilization": {
          "shard": "14",
          "value": 78.759751699999498
        }
      },
      {
        "reactor_utilization": {
          "shard": "15",
          "value": 91.176931640000106
        }
      }
    ]
  },
  {
    "metrics": [
      {
        "reactor_utilization": {
          "shard": "0",
          "value": 70.254779100000093
        }
      },
      {
        "reactor_utilization": {
          "shard": "1",
          "value": 72.364663940000057
        }
      },
      {
        "reactor_utilization": {
          "shard": "2",
          "value": 86.98666681999984
        }
      },
      {
        "reactor_utilization": {
          "shard": "3",
          "value": 80.919947259999262
        }
      },
      {
        "reactor_utilization": {
          "shard": "4",
          "value": 73.394920979999711
        }
      },
      {
        "reactor_utilization": {
          "shard": "5",
          "value": 69.49945156000004
        }
      },
      {
        "reactor_utilization": {
          "shard": "6",
          "value": 63.925885279999662
        }
      },
      {
        "reactor_utilization": {
          "shard": "7",
          "value": 82.573800919999996
        }
      },
      {
        "reactor_utilization": {
          "shard": "8",
          "value": 62.751185179999716
        }
      },
      {
        "reactor_utilization": {
          "shard": "9",
          "value": 80.662065319999869
        }
      },
      {
        "reactor_utilization": {
          "shard": "10",
          "value": 63.087299940000754
        }
      },
      {
        "reactor_utilization": {
          "shard": "11",
          "value": 72.423756259999934
        }
      },
      {
        "reactor_utilization": {
          "shard": "12",
          "value": 85.531041360000557
        }
      },
      {
        "reactor_utilization": {
          "shard": "13",
          "value": 82.29751072000029
        }
      },
      {
        "reactor_utilization": {
          "shard": "14",
          "value": 79.198962659999495
        }
      },
      {
        "reactor_utilization": {
          "shard": "15",
          "value": 92.978606000000113
        }
      }
    ]
  },
  {
    "metrics": [
      {
        "reactor_utilization": {
          "shard": "0",
          "value": 63.543232520000089
        }
      },
      {
        "reactor_utilization": {
          "shard": "1",
          "value": 66.144537460000052
        }
      },
      {
        "reactor_utilization": {
          "shard": "2",
          "value": 77.025019879999832
        }
      },
      {
        "reactor_utilization": {
          "shard": "3",
          "value": 79.836139019999266
        }
      },
      {
        "reactor_utilization": {
          "shard": "4",
          "value": 62.855064699999708
        }
      },
      {
        "reactor_utilization": {
          "shard": "5",
          "value": 57.516706860000056
        }
      },
      {
        "reactor_utilization": {
          "shard": "6",
          "value": 72.763011779999673
        }
      },
      {
        "reactor_utilization": {
          "shard": "7",
          "value": 76.570313959999993
        }
      },
      {
        "reactor_utilization": {
          "shard": "8",
          "value": 52.201694879999714
        }
      },
      {
        "reactor_utilization": {
          "shard": "9",
          "value": 81.638042359999872
        }
      },
      {
        "reactor_utilization": {
          "shard": "10",
          "value": 53.695362200000766
        }
      },
      {
        "reactor_utilization": {
          "shard": "11",
          "value": 69.891599599999935
        }
      },
      {
        "reactor_utilization": {
          "shard": "12",
          "value": 83.780270440000564
        }
      },
      {
        "reactor_utilization": {
          "shard": "13",
          "value": 73.832474320000301
        }
      },
      {
        "reactor_utilization": {
          "shard": "14",
          "value": 68.633768219999496
        }
      },
      {
        "reactor_utilization": {
          "shard": "15",
          "value": 85.208409140000114
        }
      }
    ]
  },
  {
    "metrics": [
      {
        "reactor_utilization": {
          "shard": "0",
          "value": 61.796118500000098
        }
      },
      {
        "reactor_utilization": {
          "shard": "1",
          "value": 63.852945860000055
        }
      },
      {
        "reactor_utilization": {
          "shard": "2",
          "value": 83.073502219999838
        }
      },
      {
        "reactor_utilization": {
          "shard": "3",
          "value": 76.693443619999258
        }
      },
      {
        "reactor_utilization": {
          "shard": "4",
          "value": 63.26955461999971
        }
      },
      {
        "reactor_utilization": {
          "shard": "5",
          "value": 68.653064800000067
        }
      },
      {
        "reactor_utilization": {
          "shard": "6",
          "value": 62.889912779999669
        }
      },
      {
        "reactor_utilization": {
          "shard": "7",
          "value": 73.480766459999984
        }
      },
      {
        "reactor_utilization": {
          "shard": "8",
          "value": 55.129093019999708
        }
      },
      {
        "reactor_utilization": {
          "shard": "9",
          "value": 80.237628559999877
        }
      },
      {
        "reactor_utilization": {
          "shard": "10",
          "value": 58.217286620000763
        }
      },
      {
        "reactor_utilization": {
          "shard": "11",
          "value": 68.479123739999935
        }
      },
      {
        "reactor_utilization": {
          "shard": "12",
          "value": 74.221430740000557
        }
      },
      {
        "reactor_utilization": {
          "shard": "13",
          "value": 54.089857580000299
        }
      },
      {
        "reactor_utilization": {
          "shard": "14",
          "value": 70.384449999999504
        }
      },
      {
        "reactor_utilization": {
          "shard": "15",
          "value": 82.704227180000103
        }
      }
    ]
  },
  {
    "metrics": [
      {
        "reactor_utilization": {
          "shard": "0",
          "value": 65.680495360000094
        }
      },
      {
        "reactor_utilization": {
          "shard": "1",
          "value": 80.859166780000052
        }
      },
      {
        "reactor_utilization": {
          "shard": "2",
          "value": 85.968785819999837
        }
      },
      {
        "reactor_utilization": {
          "shard": "3",
          "value": 79.239130219999268
        }
      },
      {
        "reactor_utilization": {
          "shard": "4",
          "value": 69.505672179999706
        }
      },
      {
        "reactor_utilization": {
          "shard": "5",
          "value": 66.421385960000066
        }
      },
      {
        "reactor_utilization": {
          "shard": "6",
          "value": 64.857147899999674
        }
      },
      {
        "reactor_utilization": {
          "shard": "7",
          "value": 79.542212959999986
        }
      },
      {
        "reactor_utilization": {
          "shard": "8",
          "value": 69.65321945999969
        }
      },
      {
        "reactor_utilization": {
          "shard": "9",
          "value": 87.378352339999864
        }
      },
      {
        "reactor_utilization": {
          "shard": "10",
          "value": 62.007426140000753
        }
      },
      {
        "reactor_utilization": {
          "shard": "11",
          "value": 71.208435979999933
        }
      },
      {
        "reactor_utilization": {
          "shard": "12",
          "value": 86.10890888000057
        }
      },
      {
        "reactor_utilization": {
          "shard": "13",
          "value": 70.995447940000304
        }
      },
      {
        "reactor_utilization": {
          "shard": "14",
          "value": 78.76689227999951
        }
      },
      {
        "reactor_utilization": {
          "shard": "15",
          "value": 97.696710460000105
        }
      }
    ]
  },
  {
    "metrics": [
      {
        "reactor_utilization": {
          "shard": "0",
          "value": 68.534697320000078
        }
      },
      {
        "reactor_utilization": {
          "shard": "1",
          "value": 71.628496360000042
        }
      },
      {
        "reactor_utilization": {
          "shard": "2",
          "value": 85.187119719999842
        }
      },
      {
        "reactor_utilization": {
          "shard": "3",
          "value": 77.031259739999257
        }
      },
      {
        "reactor_utilization": {
          "shard": "4",
          "value": 71.572054359999711
        }
      },
      {
        "reactor_utilization": {
          "shard": "5",
          "value": 76.77486102000006
        }
      },
      {
        "reactor_utilization": {
          "shard": "6",
          "value": 67.772060439999677
        }
      },
      {
        "reactor_utilization": {
          "shard": "7",
          "value": 84.357808939999984
        }
      },
      {
        "reactor_utilization": {
          "shard": "8",
          "value": 66.855665619999698
        }
      },
      {
        "reactor_utilization": {
          "shard": "9",
          "value": 82.632795059999879
        }
      },
      {
        "reactor_utilization": {
          "shard": "10",
          "value": 72.656163000000745
        }
      },
      {
        "reactor_utilization": {
          "shard": "11",
          "value": 83.517589819999941
        }
      },
      {
        "reactor_utilization": {
          "shard": "12",
          "value": 88.708420040000561
        }
      },
      {
        "reactor_utilization": {
          "shard": "13",
          "value": 65.921813580000304
        }
      },
      {
        "reactor_utilization": {
          "shard": "14",
          "value": 88.002927219999521
        }
      },
      {
        "reactor_utilization": {
          "shard": "15",
          "value": 96.695424900000106
        }
      }
    ]
  },
  {
    "metrics": [
      {
        "reactor_utilization": {
          "shard": "0",
          "value": 67.471267620000077
        }
      },
      {
        "reactor_utilization": {
          "shard": "1",
          "value": 56.434078180000057
        }
      },
      {
        "reactor_utilization": {
          "shard": "2",
          "value": 84.87166869999983
        }
      },
      {
        "reactor_utilization": {
          "shard": "3",
          "value": 83.432947279999254
        }
      },
      {
        "reactor_utilization": {
          "shard": "4",
          "value": 66.943238219999714
        }
      },
      {
        "reactor_utilization": {
          "shard": "5",
          "value": 68.104835460000075
        }
      },
      {
        "reactor_utilization": {
          "shard": "6",
          "value": 59.694429839999671
        }
      },
      {
        "reactor_utilization": {
          "shard": "7",
          "value": 78.268667719999982
        }
      },
      {
        "reactor_utilization": {
          "shard": "8",
          "value": 67.153944519999698
        }
      },
      {
        "reactor_utilization": {
          "shard": "9",
          "value": 75.953687519999875
        }
      },
      {
        "reactor_utilization": {
          "shard": "10",
          "value": 63.192879820000755
        }
      },
      {
        "reactor_utilization": {
          "shard": "11",
          "value": 78.487384679999934
        }
      },
      {
        "reactor_utilization": {
          "shard": "12",
          "value": 89.964855780000562
        }
      },
      {
        "reactor_utilization": {
          "shard": "13",
          "value": 75.407204560000324
        }
      },
      {
        "reactor_utilization": {
          "shard": "14",
          "value": 76.965362019999517
        }
      },
      {
        "reactor_utilization": {
          "shard": "15",
          "value": 84.655834740000103
        }
      }
    ]
  },
  {
    "metrics": [
      {
        "reactor_utilization": {
          "shard": "0",
          "value": 72.911927480000074
        }
      },
      {
        "reactor_utilization": {
          "shard": "1",
          "value": 76.457265840000048
        }
      },
      {
        "reactor_utilization": {
          "shard": "2",
          "value": 77.980641179999836
        }
      },
      {
        "reactor_utilization": {
          "shard": "3",
          "value": 86.524882659999264
        }
      },
      {
        "reactor_utilization": {
          "shard": "4",
          "value": 75.853392819999726
        }
      },
      {
        "reactor_utilization": {
          "shard": "5",
          "value": 65.884685700000063
        }
      },
      {
        "reactor_utilization": {
          "shard": "6",
          "value": 73.903934339999665
        }
      },
      {
        "reactor_utilization": {
          "shard": "7",
          "value": 80.565267199999994
        }
      },
      {
        "reactor_utilization": {
          "shard": "8",
          "value": 55.50457113999969
        }
      },
      {
        "reactor_utilization": {
          "shard": "9",
          "value": 88.921658219999884
        }
      },
      {
        "reactor_utilization": {
          "shard": "10",
          "value": 59.32827232000075
        }
      },
      {
        "reactor_utilization": {
          "shard": "11",
          "value": 70.961068979999936
        }
      },
      {
        "reactor_utilization": {
          "shard": "12",
          "value": 84.996369260000563
        }
      },
      {
        "reactor_utilization": {
          "shard": "13",
          "value": 77.86842494000031
        }
      },
      {
        "reactor_utilization": {
          "shard": "14",
          "value": 84.979515779999517
        }
      },
      {
        "reactor_utilization": {
          "shard": "15",
          "value": 92.4668988600001
        }
      }
    ]
  },
  {
    "metrics": [
      {
        "reactor_utilization": {
          "shard": "0",
          "value": 64.642149780000068
        }
      },
      {
        "reactor_utilization": {
          "shard": "1",
          "value": 71.477407700000057
        }
      },
      {
        "reactor_utilization": {
          "shard": "2",
          "value": 90.398753459999838
        }
      },
      {
        "reactor_utilization": {
          "shard": "3",
          "value": 78.994383479999257
        }
      },
      {
        "reactor_utilization": {
          "shard": "4",
          "value": 65.456391219999716
        }
      },
      {
        "reactor_utilization": {
          "shard": "5",
          "value": 69.527979020000046
        }
      },
      {
        "reactor_utilization": {
          "shard": "6",
          "value": 76.349442359999671
        }
      },
      {
        "reactor_utilization": {
          "shard": "7",
          "value": 83.984629920000003
        }
      },
      {
        "reactor_utilization": {
          "shard": "8",
          "value": 59.063174099999685
        }
      },
      {
        "reactor_utilization": {
          "shard": "9",
          "value": 81.422590119999867
        }
      },
      {
        "reactor_utilization": {
          "shard": "10",
          "value": 56.824672080000759
        }
      },
      {
        "reactor_utilization": {
          "shard": "11",
          "value": 72.774073959999924
        }
      },
      {
        "reactor_utilization": {
          "shard": "12",
          "value": 82.059524380000568
        }
      },
      {
        "reactor_utilization": {
          "shard": "13",
          "value": 61.100270900000318
        }
      },
      {
        "reactor_utilization": {
          "shard": "14",
          "value": 74.565061679999516
        }
      },
      {
        "reactor_utilization": {
          "shard": "15",
          "value": 94.422608240000102
        }
      }
    ]
  },
  {
    "metrics": [
      {
        "reactor_utilization": {
          "shard": "0",
          "value": 64.134131560000057
        }
      },
      {
        "reactor_utilization": {
          "shard": "1",
          "value": 74.343794740000064
        }
      },
      {
        "reactor_utilization": {
          "shard": "2",
          "value": 77.900532799999837
        }
      },
      {
        "reactor_utilization": {
          "shard": "3",
          "value": 66.33022109999925
        }
      },
      {
        "reactor_utilization": {
          "shard": "4",
          "value": 68.925742259999723
        }
      },
      {
        "reactor_utilization": {
          "shard": "5",
          "value": 66.745336380000055
        }
      },
      {
        "reactor_utilization": {
          "shard": "6",
          "value": 57.498165239999665
        }
      },
      {
        "reactor_utilization": {
          "shard": "7",
          "value": 82.164468220000003
        }
      },
      {
        "reactor_utilization": {
          "shard": "8",
          "value": 53.689452199999678
        }
      },
      {
        "reactor_utilization": {
          "shard": "9",
          "value": 67.097733659999875
        }
      },
      {
        "reactor_utilization": {
          "shard": "10",
          "value": 56.047492280000753
        }
      },
      {
        "reactor_utilization": {
          "shard": "11",
          "value": 49.292484779999931
        }
      },
      {
        "reactor_utilization": {
          "shard": "12",
          "value": 81.189338840000559
        }
      },
      {
        "reactor_utilization": {
          "shard": "13",
          "value": 65.199408920000309
        }
      },
      {
        "reactor_utilization": {
          "shard": "14",
          "value": 74.739547799999514
        }
      },
      {
        "reactor_utilization": {
          "shard": "15",
          "value": 89.709634520000108
        }
      }
    ]
  },
  {
    "metrics": [
      {
        "reactor_utilization": {
          "shard": "0",
          "value": 68.247860280000069
        }
      },
      {
        "reactor_utilization": {
          "shard": "1",
          "value": 68.92811274000006
        }
      },
      {
        "reactor_utilization": {
          "shard": "2",
          "value": 83.828446319999841
        }
      },
      {
        "reactor_utilization": {
          "shard": "3",
          "value": 67.180574099999262
        }
      },
      {
        "reactor_utilization": {
          "shard": "4",
          "value": 70.569916239999714
        }
      },
      {
        "reactor_utilization": {
          "shard": "5",
          "value": 71.093609520000058
        }
      },
      {
        "reactor_utilization": {
          "shard": "6",
          "value": 62.120971459999673
        }
      },
      {
        "reactor_utilization": {
          "shard": "7",
          "value": 83.31024506
        }
      },
      {
        "reactor_utilization": {
          "shard": "8",
          "value": 58.039566979999677
        }
      },
      {
        "reactor_utilization": {
          "shard": "9",
          "value": 65.148959039999866
        }
      },
      {
        "reactor_utilization": {
          "shard": "10",
          "value": 61.287016620000756
        }
      },
      {
        "reactor_utilization": {
          "shard": "11",
          "value": 64.37622649999993
        }
      },
      {
        "reactor_utilization": {
          "shard": "12",
          "value": 88.38834780000056
        }
      },
      {
        "reactor_utilization": {
          "shard": "13",
          "value": 65.087772260000307
        }
      },
      {
        "reactor_utilization": {
          "shard": "14",
          "value": 82.095909379999512
        }
      },
      {
        "reactor_utilization": {
          "shard": "15",
          "value": 89.737774300000098
        }
      }
    ]
  },
  {
    "metrics": [
      {
        "reactor_utilization": {
          "shard": "0",
          "value": 67.143935980000052
        }
      },
      {
        "reactor_utilization": {
          "shard": "1",
          "value": 65.207113000000064
        }
      },
      {
        "reactor_utilization": {
          "shard": "2",
          "value": 73.679701599999831
        }
      },
      {
        "reactor_utilization": {
          "shard": "3",
          "value": 74.459552799999244
        }
      },
      {
        "reactor_utilization": {
          "shard": "4",
          "value": 67.463366779999717
        }
      },
      {
        "reactor_utilization": {
          "shard": "5",
          "value": 62.043070020000059
        }
      },
      {
        "reactor_utilization": {
          "shard": "6",
          "value": 70.21021339999966
        }
      },
      {
        "reactor_utilization": {
          "shard": "7",
          "value": 76.504740620000007
        }
      },
      {
        "reactor_utilization": {
          "shard": "8",
          "value": 57.448215439999672
        }
      },
      {
        "reactor_utilization": {
          "shard": "9",
          "value": 68.335631719999853
        }
      },
      {
        "reactor_utilization": {
          "shard": "10",
          "value": 56.583512340000752
        }
      },
      {
        "reactor_utilization": {
          "shard": "11",
          "value": 61.445576419999938
        }
      },
      {
        "reactor_utilization": {
          "shard": "12",
          "value": 92.542910940000567
        }
      },
      {
        "reactor_utilization": {
          "shard": "13",
          "value": 77.9636706200003
        }
      },
      {
        "reactor_utilization": {
          "shard": "14",
          "value": 76.303744539999514
        }
      },
      {
        "reactor_utilization": {
          "shard": "15",
          "value": 89.519301680000112
        }
      }
    ]
  },
  {
    "metrics": [
      {
        "reactor_utilization": {
          "shard": "0",
          "value": 70.681912200000056
        }
      },
      {
        "reactor_utilization": {
          "shard": "1",
          "value": 73.631567000000061
        }
      },
      {
        "reactor_utilization": {
          "shard": "2",
          "value": 87.615802419999838
        }
      },
      {
        "reactor_utilization": {
          "shard": "3",
          "value": 75.197642319999261
        }
      },
      {
        "reactor_utilization": {
          "shard": "4",
          "value": 76.837674359999724
        }
      },
      {
        "reactor_utilization": {
          "shard": "5",
          "value": 69.644171560000061
        }
      },
      {
        "reactor_utilization": {
          "shard": "6",
          "value": 69.717252299999672
        }
      },
      {
        "reactor_utilization": {
          "shard": "7",
          "value": 86.862862800000002
        }
      },
      {
        "reactor_utilization": {
          "shard": "8",
          "value": 53.146113479999677
        }
      },
      {
        "reactor_utilization": {
          "shard": "9",
          "value": 70.044531819999861
        }
      },
      {
        "reactor_utilization": {
          "shard": "10",
          "value": 46.180132620000755
        }
      },
      {
        "reactor_utilization": {
          "shard": "11",
          "value": 51.617702659999942
        }
      },
      {
        "reactor_utilization": {
          "shard": "12",
          "value": 85.410977000000571
        }
      },
      {
        "reactor_utilization": {
          "shard": "13",
          "value": 72.626136820000298
        }
      },
      {
        "reactor_utilization": {
          "shard": "14",
          "value": 83.212356099999511
        }
      },
      {
        "reactor_utilization": {
          "shard": "15",
          "value": 93.1781865600001
        }
      }
    ]
  }
]
