[
  {
    "metrics": [
      {
        "reactor_utilization": {
          "shard": "0",
          "value": 52.599908540000008
        }
      },
      {
        "reactor_utilization": {
          "shard": "1",
          "value": 64.808578479999952
        }
      },
      {
        "reactor_utilization": {
          "shard": "2",
          "value": 71.59400665999992
        }
      },
      {
        "reactor_utilization": {
          "shard": "3",
          "value": 74.063982699999215
        }
      },
      {
        "reactor_utilization": {
          "shard": "4",
          "value": 64.512530119999695
        }
      },
      {
        "reactor_utilization": {
          "shard": "5",
          "value": 62.186725280000118
        }
      },
      {
        "reactor_utilization": {
          "shard": "6",
          "value": 66.149663959999643
        }
      },
      {
        "reactor_utilization": {
          "shard": "7",
          "value": 65.600743459999904
        }
      },
      {
        "reactor_utilization": {
          "shard": "8",
          "value": 72.652277839999755
        }
      },
      {
        "reactor_utilization": {
          "shard": "9",
          "value": 89.906349439999929
        }
      },
      {
        "reactor_utilization": {
          "shard": "10",
          "value": 73.765972600000694
        }
      },
      {
        "reactor_utilization": {
          "shard": "11",
          "value": 75.708538500000003
        }
      },
      {
        "reactor_utilization": {
          "shard": "12",
          "value": 70.078709960000367
        }
      },
      {
        "reactor_utilization": {
          "shard": "13",
          "value": 69.652051740000104
        }
      },
      {
        "reactor_utilization": {
          "shard": "14",
          "value": 61.56762423999951
        }
      },
      {
        "reactor_utilization": {
          "shard": "15",
          "value": 63.675798959999973
        }
      }
    ]
  },
  {
    "metrics": [
      {
        "reactor_utilization": {
          "shard": "0",
          "value": 61.599127360000004
        }
      },
      {
        "reactor_utilization": {
          "shard": "1",
          "value": 74.670069039999959
        }
      },
      {
        "reactor_utilization": {
          "shard": "2",
          "value": 71.584336279999917
        }
      },
      {
        "reactor_utilization": {
          "shard": "3",
          "value": 69.495494479999209
        }
      },
      {
        "reactor_utilization": {
          "shard": "4",
          "value": 71.118692599999704
        }
      },
      {
        "reactor_utilization": {
          "shard": "5",
          "value": 53.138662000000117
        }
      },
      {
        "reactor_utilization": {
          "shard": "6",
          "value": 69.862509899999651
        }
      },
      {
        "reactor_utilization": {
          "shard": "7",
          "value": 69.45751829999989
        }
      },
      {
        "reactor_utilization": {
          "shard": "8",
          "value": 70.796585779999759
        }
      },
      {
        "reactor_utilization": {
          "shard": "9",
          "value": 76.216905919999931
        }
      },
      {
        "reactor_utilization": {
          "shard": "10",
          "value": 75.986502080000704
        }
      },
      {
        "reactor_utilization": {
          "shard": "11",
          "value": 66.19556252000001
        }
      },
      {
        "reactor_utilization": {
          "shard": "12",
          "value": 80.722076320000369
        }
      },
      {
        "reactor_utilization": {
          "shard": "13",
          "value": 72.676038280000114
        }
      },
      {
        "reactor_utilization": {
          "shard": "14",
          "value": 72.447063859999517
        }
      },
      {
        "reactor_utilization": {
          "shard": "15",
          "value": 65.28953933999999
        }
      }
    ]
  },
  {
    "metrics": [
      {
        "reactor_utilization": {
          "shard": "0",
          "value": 49.490103700000013
        }
      },
      {
        "reactor_utilization": {
          "shard": "1",
          "value": 64.535197259999961
        }
      },
      {
        "reactor_utilization": {
          "shard": "2",
          "value": 72.371378579999913
        }
      },
      {
        "reactor_utilization": {
          "shard": "3",
          "value": 75.278967959999193
        }
      },
      {
        "reactor_utilization": {
          "shard": "4",
          "value": 66.731059219999693
        }
      },
      {
        "reactor_utilization": {
          "shard": "5",
          "value": 72.779284320000116
        }
      },
      {
        "reactor_utilization": {
          "shard": "6",
          "value": 61.73156999999965
        }
      },
      {
        "reactor_utilization": {
          "shard": "7",
          "value": 68.325274519999908
        }
      },
      {
        "reactor_utilization": {
          "shard": "8",
          "value": 80.574528199999762
        }
      },
      {
        "reactor_utilization": {
          "shard": "9",
          "value": 76.271537079999945
        }
      },
      {
        "reactor_utilization": {
          "shard": "10",
          "value": 88.283286280000709
        }
      },
      {
        "reactor_utilization": {
          "shard": "11",
          "value": 82.740074179999993
        }
      },
      {
        "reactor_utilization": {
          "shard": "12",
          "value": 83.518792400000365
        }
      },
      {
        "reactor_utilization": {
          "shard": "13",
          "value": 73.609156880000086
        }
      },
      {
        "reactor_utilization": {
          "shard": "14",
          "value": 70.236613079999515
        }
      },
      {
        "reactor_utilization": {
          "shard": "15",
          "value": 58.100054319999984
        }
      }
    ]
  },
  {
    "metrics": [
      {
        "reactor_utilization": {
          "shard": "0",
          "value": 66.984239760000008
        }
      },
      {
        "reactor_utilization": {
          "shard": "1",
          "value": 73.297911719999945
        }
      },
      {
        "reactor_utilization": {
          "shard": "2",
          "value": 60.026377079999918
        }
      },
      {
        "reactor_utilization": {
          "shard": "3",
          "value": 72.660684779999201
        }
      },
      {
        "reactor_utilization": {
          "shard": "4",
          "value": 66.286910659999705
        }
      },
      {
        "reactor_utilization": {
          "shard": "5",
          "value": 63.021234280000115
        }
      },
      {
        "reactor_utilization": {
          "shard": "6",
          "value": 76.692073159999637
        }
      },
      {
        "reactor_utilization": {
          "shard": "7",
          "value": 69.584723599999904
        }
      },
      {
        "reactor_utilization": {
          "shard": "8",
          "value": 80.337238439999766
        }
      },
      {
        "reactor_utilization": {
          "shard": "9",
          "value": 75.780924879999944
        }
      },
      {
        "reactor_utilization": {
          "shard": "10",
          "value": 81.284383900000705
        }
      },
      {
        "reactor_utilization": {
          "shard": "11",
          "value": 78.29870154000001
        }
      },
      {
        "reactor_utilization": {
          "shard": "12",
          "value": 80.348004960000381
        }
      },
      {
        "reactor_utilization": {
          "shard": "13",
          "value": 70.839331120000097
        }
      },
      {
        "reactor_utilization": {
          "shard": "14",
          "value": 80.966065159999516
        }
      },
      {
        "reactor_utilization": {
          "shard": "15",
          "value": 64.775782460000002
        }
      }
    ]
  },
  {
    "metrics": [
      {
        "reactor_utilization": {
          "shard": "0",
          "value": 58.992491100000024
        }
      },
      {
        "reactor_utilization": {
          "shard": "1",
          "value": 66.844975799999958
        }
      },
      {
        "reactor_utilization": {
          "shard": "2",
          "value": 69.683390239999923
        }
      },
      {
        "reactor_utilization": {
          "shard": "3",
          "value": 63.611849539999199
        }
      },
      {
        "reactor_utilization": {
          "shard": "4",
          "value": 68.222425939999695
        }
      },
      {
        "reactor_utilization": {
          "shard": "5",
          "value": 68.095732980000108
        }
      },
      {
        "reactor_utilization": {
          "shard": "6",
          "value": 72.263108539999649
        }
      },
      {
        "reactor_utilization": {
          "shard": "7",
          "value": 62.709521639999899
        }
      },
      {
        "reactor_utilization": {
          "shard": "8",
          "value": 86.640332539999761
        }
      },
      {
        "reactor_utilization": {
          "shard": "9",
          "value": 75.586098999999933
        }
      },
      {
        "reactor_utilization": {
          "shard": "10",
          "value": 92.340490960000693
        }
      },
      {
        "reactor_utilization": {
          "shard": "11",
          "value": 84.306909439999998
        }
      },
      {
        "reactor_utilization": {
          "shard": "12",
          "value": 78.490050880000368
        }
      },
      {
        "reactor_utilization": {
          "shard": "13",
          "value": 83.380971340000102
        }
      },
      {
        "reactor_utilization": {
          "shard": "14",
          "value": 79.209799859999521
        }
      },
      {
        "reactor_utilization": {
          "shard": "15",
          "value": 65.549956699999996
        }
      }
    ]
  },
  {
    "metrics": [
      {
        "reactor_utilization": {
          "shard": "0",
          "value": 64.870495040000023
        }
      },
      {
        "reactor_utilization": {
          "shard": "1",
          "value": 64.860007059999944
        }
      },
      {
        "reactor_utilization": {
          "shard": "2",
          "value": 59.767326559999923
        }
      },
      {
        "reactor_utilization": {
          "shard": "3",
          "value": 74.342055039999195
        }
      },
      {
        "reactor_utilization": {
          "shard": "4",
          "value": 74.129174679999693
        }
      },
      {
        "reactor_utilization": {
          "shard": "5",
          "value": 67.134153580000117
        }
      },
      {
        "reactor_utilization": {
          "shard": "6",
          "value": 67.231861259999619
        }
      },
      {
        "reactor_utilization": {
          "shard": "7",
          "value": 67.600012919999912
        }
      },
      {
        "reactor_utilization": {
          "shard": "8",
          "value": 69.652106719999765
        }
      },
      {
        "reactor_utilization": {
          "shard": "9",
          "value": 69.72921843999994
        }
      },
      {
        "reactor_utilization": {
          "shard": "10",
          "value": 81.124876020000698
        }
      },
      {
        "reactor_utilization": {
          "shard": "11",
          "value": 78.33153080000001
        }
      },
      {
        "reactor_utilization": {
          "shard": "12",
          "value": 93.812052840000376
        }
      },
      {
        "reactor_utilization": {
          "shard": "13",
          "value": 89.134827980000097
        }
      },
      {
        "reactor_utilization": {
          "shard": "14",
          "value": 57.306429199999528
        }
      },
      {
        "reactor_utilization": {
          "shard": "15",
          "value": 60.895277479999997
        }
      }
    ]
  },
  {
    "metrics": [
      {
        "reactor_utilization": {
          "shard": "0",
          "value": 70.415791740000017
        }
      },
      {
        "reactor_utilization": {
          "shard": "1",
          "value": 66.994544499999947
        }
      },
      {
        "reactor_utilization": {
          "shard": "2",
          "value": 67.364872239999926
        }
      },
      {
        "reactor_utilization": {
          "shard": "3",
          "value": 68.925436679999223
        }
      },
      {
        "reactor_utilization": {
          "shard": "4",
          "value": 71.158254339999701
        }
      },
      {
        "reactor_utilization": {
          "shard": "5",
          "value": 79.510910140000107
        }
      },
      {
        "reactor_utilization": {
          "shard": "6",
          "value": 70.773048759999639
        }
      },
      {
        "reactor_utilization": {
          "shard": "7",
          "value": 71.756961579999896
        }
      },
      {
        "reactor_utilization": {
          "shard": "8",
          "value": 68.102181999999772
        }
      },
      {
        "reactor_utilization": {
          "shard": "9",
          "value": 68.901512679999939
        }
      },
      {
        "reactor_utilization": {
          "shard": "10",
          "value": 81.9228555800007
        }
      },
      {
        "reactor_utilization": {
          "shard": "11",
          "value": 80.771638019999997
        }
      },
      {
        "reactor_utilization": {
          "shard": "12",
          "value": 76.773890260000371
        }
      },
      {
        "reactor_utilization": {
          "shard": "13",
          "value": 84.592802600000098
        }
      },
      {
        "reactor_utilization": {
          "shard": "14",
          "value": 68.663921879999521
        }
      },
      {
        "reactor_utilization": {
          "shard": "15",
          "value": 72.616745000000009
        }
      }
    ]
  },
  {
    "metrics": [
      {
        "reactor_utilization": {
          "shard": "0",
          "value": 60.833296440000019
        }
      },
      {
        "reactor_utilization": {
          "shard": "1",
          "value": 63.718165479999946
        }
      },
      {
        "reactor_utilization": {
          "shard": "2",
          "value": 64.078690339999923
        }
      },
      {
        "reactor_utilization": {
          "shard": "3",
          "value": 80.952206159999221
        }
      },
      {
        "reactor_utilization": {
          "shard": "4",
          "value": 63.948035559999703
        }
      },
      {
        "reactor_utilization": {
          "shard": "5",
          "value": 66.937678220000123
        }
      },
      {
        "reactor_utilization": {
          "shard": "6",
          "value": 71.955494139999644
        }
      },
      {
        "reactor_utilization": {
          "shard": "7",
          "value": 60.43034095999991
        }
      },
      {
        "reactor_utilization": {
          "shard": "8",
          "value": 81.300264139999783
        }
      },
      {
        "reactor_utilization": {
          "shard": "9",
          "value": 82.602172039999928
        }
      },
      {
        "reactor_utilization": {
          "shard": "10",
          "value": 69.790823560000703
        }
      },
      {
        "reactor_utilization": {
          "shard": "11",
          "value": 64.686211
        }
      },
      {
        "reactor_utilization": {
          "shard": "12",
          "value": 76.039719720000377
        }
      },
      {
        "reactor_utilization": {
          "shard": "13",
          "value": 77.66214494000009
        }
      },
      {
        "reactor_utilization": {
          "shard": "14",
          "value": 66.158097339999529
        }
      },
      {
        "reactor_utilization": {
          "shard": "15",
          "value": 56.568295239999998
        }
      }
    ]
  },
  {
    "metrics": [
      {
        "reactor_utilization": {
          "shard": "0",
          "value": 59.811281900000012
        }
      },
      {
        "reactor_utilization": {
          "shard": "1",
          "value": 64.100547079999942
        }
      },
      {
        "reactor_utilization": {
          "shard": "2",
          "value": 68.403614199999922
        }
      },
      {
        "reactor_utilization": {
          "shard": "3",
          "value": 73.45775001999921
        }
      },
      {
        "reactor_utilization": {
          "shard": "4",
          "value": 71.904772239999701
        }
      },
      {
        "reactor_utilization": {
          "shard": "5",
          "value": 63.112565180000111
        }
      },
      {
        "reactor_utilization": {
          "shard": "6",
          "value": 71.61992213999963
        }
      },
      {
        "reactor_utilization": {
          "shard": "7",
          "value": 64.424022499999893
        }
      },
      {
        "reactor_utilization": {
          "shard": "8",
          "value": 72.64300905999977
        }
      },
      {
        "reactor_utilization": {
          "shard": "9",
          "value": 76.959357899999929
        }
      },
      {
        "reactor_utilization": {
          "shard": "10",
          "value": 73.130020520000699
        }
      },
      {
        "reactor_utilization": {
          "shard": "11",
          "value": 75.996486700000005
        }
      },
      {
        "reactor_utilization": {
          "shard": "12",
          "value": 70.53699198000038
        }
      },
      {
        "reactor_utilization": {
          "shard": "13",
          "value": 80.829465460000094
        }
      },
      {
        "reactor_utilization": {
          "shard": "14",
          "value": 74.232268259999529
        }
      },
      {
        "reactor_utilization": {
          "shard": "15",
          "value": 54.673680179999998
        }
      }
    ]
  },
  {
    "metrics": [
      {
        "reactor_utilization": {
          "shard": "0",
          "value": 61.698517000000017
        }
      },
      {
        "reactor_utilization": {
          "shard": "1",
          "value": 76.01473149999994
        }
      },
      {
        "reactor_utilization": {
          "shard": "2",
          "value": 77.78785055999991
        }
      },
      {
        "reactor_utilization": {
          "shard": "3",
          "value": 69.404832699999218
        }
      },
      {
        "reactor_utilization": {
          "shard": "4",
          "value": 66.04631587999971
        }
      },
      {
        "reactor_utilization": {
          "shard": "5",
          "value": 66.567706580000106
        }
      },
      {
        "reactor_utilization": {
          "shard": "6",
          "value": 77.748334139999642
        }
      },
      {
        "reactor_utilization": {
          "shard": "7",
          "value": 68.829459379999903
        }
      },
      {
        "reactor_utilization": {
          "shard": "8",
          "value": 74.483496019999777
        }
      },
      {
        "reactor_utilization": {
          "shard": "9",
          "value": 72.305567859999925
        }
      },
      {
        "reactor_utilization": {
          "shard": "10",
          "value": 86.00830954000071
        }
      },
      {
        "reactor_utilization": {
          "shard": "11",
          "value": 90.243282320000006
        }
      },
      {
        "reactor_utilization": {
          "shard": "12",
          "value": 76.024282080000376
        }
      },
      {
        "reactor_utilization": {
          "shard": "13",
          "value": 84.728984480000094
        }
      },
      {
        "reactor_utilization": {
          "shard": "14",
          "value": 64.661853599999517
        }
      },
      {
        "reactor_utilization": {
          "shard": "15",
          "value": 72.005498279999998
        }
      }
    ]
  },
  {
    "metrics": [
      {
        "reactor_utilization": {
          "shard": "0",
          "value": 57.446040020000019
        }
      },
      {
        "reactor_utilization": {
          "shard": "1",
          "value": 60.95863497999995
        }
      },
      {
        "reactor_utilization": {
          "shard": "2",
          "value": 68.041655859999921
        }
      },
      {
        "reactor_utilization": {
          "shard": "3",
          "value": 73.807956059999213
        }
      },
      {
        "reactor_utilization": {
          "shard": "4",
          "value": 66.520669359999701
        }
      },
      {
        "reactor_utilization": {
          "shard": "5",
          "value": 61.8446285200001
        }
      },
      {
        "reactor_utilization": {
          "shard": "6",
          "value": 59.190957539999644
        }
      },
      {
        "reactor_utilization": {
          "shard": "7",
          "value": 59.1077119999999
        }
      },
      {
        "reactor_utilization": {
          "shard": "8",
          "value": 68.11746101999978
        }
      },
      {
        "reactor_utilization": {
          "shard": "9",
          "value": 78.484558839999934
        }
      },
      {
        "reactor_utilization": {
          "shard": "10",
          "value": 78.669364460000708
        }
      },
      {
        "reactor_utilization": {
          "shard": "11",
          "value": 72.12422488
        }
      },
      {
        "reactor_utilization": {
          "shard": "12",
          "value": 67.195949240000374
        }
      },
      {
        "reactor_utilization": {
          "shard": "13",
          "value": 72.609260960000086
        }
      },
      {
        "reactor_utilization": {
          "shard": "14",
          "value": 66.331702579999515
        }
      },
      {
        "reactor_utilization": {
          "shard": "15",
          "value": 65.094802740000006
        }
      }
    ]
  },
  {
    "metrics": [
      {
        "reactor_utilization": {
          "shard": "0",
          "value": 56.631309600000023
        }
      },
      {
        "reactor_utilization": {
          "shard": "1",
          "value": 79.018474519999955
        }
      },
      {
        "reactor_utilization": {
          "shard": "2",
          "value": 69.298749299999912
        }
      },
      {
        "reactor_utilization": {
          "shard": "3",
          "value": 66.755994499999204
        }
      },
      {
        "reactor_utilization": {
          "shard": "4",
          "value": 72.550509119999703
        }
      },
      {
        "reactor_utilization": {
          "shard": "5",
          "value": 58.037849500000114
        }
      },
      {
        "reactor_utilization": {
          "shard": "6",
          "value": 71.056747039999664
        }
      },
      {
        "reactor_utilization": {
          "shard": "7",
          "value": 70.25738899999989
        }
      },
      {
        "reactor_utilization": {
          "shard": "8",
          "value": 81.026550099999781
        }
      },
      {
        "reactor_utilization": {
          "shard": "9",
          "value": 84.360401739999929
        }
      },
      {
        "reactor_utilization": {
          "shard": "10",
          "value": 81.355083620000698
        }
      },
      {
        "reactor_utilization": {
          "shard": "11",
          "value": 84.469134319999995
        }
      },
      {
        "reactor_utilization": {
          "shard": "12",
          "value": 82.443986000000365
        }
      },
      {
        "reactor_utilization": {
          "shard": "13",
          "value": 70.617445500000088
        }
      },
      {
        "reactor_utilization": {
          "shard": "14",
          "value": 70.637486199999543
        }
      },
      {
        "reactor_utilization": {
          "shard": "15",
          "value": 70.045056760000008
        }
      }
    ]
  },
  {
    "metrics": [
      {
        "reactor_utilization": {
          "shard": "0",
          "value": 61.354098840000027
        }
      },
      {
        "reactor_utilization": {
          "shard": "1",
          "value": 66.321091319999951
        }
      },
      {
        "reactor_utilization": {
          "shard": "2",
          "value": 71.607247819999913
        }
      },
      {
        "reactor_utilization": {
          "shard": "3",
          "value": 72.450979519999208
        }
      },
      {
        "reactor_utilization": {
          "shard": "4",
          "value": 71.74745637999969
        }
      },
      {
        "reactor_utilization": {
          "shard": "5",
          "value": 73.705235720000118
        }
      },
      {
        "reactor_utilization": {
          "shard": "6",
          "value": 63.671556019999656
        }
      },
      {
        "reactor_utilization": {
          "shard": "7",
          "value": 61.001921579999888
        }
      },
      {
        "reactor_utilization": {
          "shard": "8",
          "value": 72.852822039999793
        }
      },
      {
        "reactor_utilization": {
          "shard": "9",
          "value": 76.766192119999928
        }
      },
      {
        "reactor_utilization": {
          "shard": "10",
          "value": 87.729068440000702
        }
      },
      {
        "reactor_utilization": {
          "shard": "11",
          "value": 81.164361659999997
        }
      },
      {
        "reactor_utilization": {
          "shard": "12",
          "value": 90.487797760000362
        }
      },
      {
        "reactor_utilization": {
          "shard": "13",
          "value": 74.452657020000103
        }
      },
      {
        "reactor_utilization": {
          "shard": "14",
          "value": 74.836382579999537
        }
      },
      {
        "reactor_utilization": {
          "shard": "15",
          "value": 64.711669660000013
        }
      }
    ]
  },
  {
    "metrics": [
      {
        "reactor_utilization": {
          "shard": "0",
          "value": 55.931646940000014
        }
      },
      {
        "reactor_utilization": {
          "shard": "1",
          "value": 70.29881467999995
        }
      },
      {
        "reactor_utilization": {
          "shard": "2",
          "value": 70.065209839999909
        }
      },
      {
        "reactor_utilization": {
          "shard": "3",
          "value": 74.554578459999206
        }
      },
      {
        "reactor_utilization": {
          "shard": "4",
          "value": 65.857560079999686
        }
      },
      {
        "reactor_utilization": {
          "shard": "5",
          "value": 64.936761140000115
        }
      },
      {
        "reactor_utilization": {
          "shard": "6",
          "value": 79.189873039999654
        }
      },
      {
        "reactor_utilization": {
          "shard": "7",
          "value": 70.06222563999988
        }
      },
      {
        "reactor_utilization": {
          "shard": "8",
          "value": 86.437882719999777
        }
      },
      {
        "reactor_utilization": {
          "shard": "9",
          "value": 79.633835239999925
        }
      },
      {
        "reactor_utilization": {
          "shard": "10",
          "value": 84.3515154800007
        }
      },
      {
        "reactor_utilization": {
          "shard": "11",
          "value": 80.879256739999988
        }
      },
      {
        "reactor_utilization": {
          "shard": "12",
          "value": 76.63443144000037
        }
      },
      {
        "reactor_utilization": {
          "shard": "13",
          "value": 75.008973480000094
        }
      },
      {
        "reactor_utilization": {
          "shard": "14",
          "value": 78.438179939999543
        }
      },
      {
        "reactor_utilization": {
          "shard": "15",
          "value": 67.216526420000008
        }
      }
    ]
  },
  {
    "metrics": [
      {
        "reactor_utilization": {
          "shard": "0",
          "value": 60.265038720000021
        }
      },
      {
        "reactor_utilization": {
          "shard": "1",
          "value": 72.030722799999964
        }
      },
      {
        "reactor_utilization": {
          "shard": "2",
          "value": 63.263891579999921
        }
      },
      {
        "reactor_utilization": {
          "shard": "3",
          "value": 64.5692723199992
        }
      },
      {
        "reactor_utilization": {
          "shard": "4",
          "value": 67.674322259999684
        }
      },
      {
        "reactor_utilization": {
          "shard": "5",
          "value": 67.030342200000121
        }
      },
      {
        "reactor_utilization": {
          "shard": "6",
          "value": 73.601837119999672
        }
      },
      {
        "reactor_utilization": {
          "shard": "7",
          "value": 71.750209519999899
        }
      },
      {
        "reactor_utilization": {
          "shard": "8",
          "value": 74.978662679999772
        }
      },
      {
        "reactor_utilization": {
          "shard": "9",
          "value": 73.789529639999927
        }
      },
      {
        "reactor_utilization": {
          "shard": "10",
          "value": 94.158726620000692
        }
      },
      {
        "reactor_utilization": {
          "shard": "11",
          "value": 83.812637679999995
        }
      },
      {
        "reactor_utilization": {
          "shard": "12",
          "value": 87.90022018000036
        }
      },
      {
        "reactor_utilization": {
          "shard": "13",
          "value": 80.886889400000101
        }
      },
      {
        "reactor_utilization": {
          "shard": "14",
          "value": 74.390294399999533
        }
      },
      {
        "reactor_utilization": {
          "shard": "15",
          "value": 62.939002060000028
        }
      }
    ]
  },
  {
    "metrics": [
      {
        "reactor_utilization": {
          "shard": "0",
          "value": 67.414878800000011
        }
      },
      {
        "reactor_utilization": {
          "shard": "1",
          "value": 65.195702159999954
        }
      },
      {
        "reactor_utilization": {
          "shard": "2",
          "value": 63.485433739999905
        }
      },
      {
        "reactor_utilization": {
          "shard": "3",
          "value": 68.031458059999196
        }
      },
      {
        "reactor_utilization": {
          "shard": "4",
          "value": 65.579875079999695
        }
      },
      {
        "reactor_utilization": {
          "shard": "5",
          "value": 58.131250400000113
        }
      },
      {
        "reactor_utilization": {
          "shard": "6",
          "value": 64.900032539999671
        }
      },
      {
        "reactor_utilization": {
          "shard": "7",
          "value": 74.391777699999892
        }
      },
      {
        "reactor_utilization": {
          "shard": "8",
          "value": 71.482050599999781
        }
      },
      {
        "reactor_utilization": {
          "shard": "9",
          "value": 72.731160339999931
        }
      },
      {
        "reactor_utilization": {
          "shard": "10",
          "value": 83.66218964000069
        }
      },
      {
        "reactor_utilization": {
          "shard": "11",
          "value": 74.384499360000007
        }
      },
      {
        "reactor_utilization": {
          "shard": "12",
          "value": 79.468289480000379
        }
      },
      {
        "reactor_utilization": {
          "shard": "13",
          "value": 85.334343240000095
        }
      },
      {
        "reactor_utilization": {
          "shard": "14",
          "value": 59.552583279999538
        }
      },
      {
        "reactor_utilization": {
          "shard": "15",
          "value": 50.477239440000012
        }
      }
    ]
  },
  {
    "metrics": [
      {
        "reactor_utilization": {
          "shard": "0",
          "value": 66.207803680000026
        }
      },
      {
        "reactor_utilization": {
          "shard": "1",
          "value": 57.826096259999971
        }
      },
      {
        "reactor_utilization": {
          "shard": "2",
          "value": 64.782172519999918
        }
      },
      {
        "reactor_utilization": {
          "shard": "3",
          "value": 74.438880999999199
        }
      },
      {
        "reactor_utilization": {
          "shard": "4",
          "value": 63.986352219999688
        }
      },
      {
        "reactor_utilization": {
          "shard": "5",
          "value": 76.714955060000108
        }
      },
      {
        "reactor_utilization": {
          "shard": "6",
          "value": 69.193802579999669
        }
      },
      {
        "reactor_utilization": {
          "shard": "7",
          "value": 66.712247899999895
        }
      },
      {
        "reactor_utilization": {
          "shard": "8",
          "value": 70.973198399999788
        }
      },
      {
        "reactor_utilization": {
          "shard": "9",
          "value": 71.015031139999934
        }
      },
      {
        "reactor_utilization": {
          "shard": "10",
          "value": 74.674918260000695
        }
      },
      {
        "reactor_utilization": {
          "shard": "11",
          "value": 80.375481859999979
        }
      },
      {
        "reactor_utilization": {
          "shard": "12",
          "value": 72.475376020000368
        }
      },
      {
        "reactor_utilization": {
          "shard": "13",
          "value": 82.0653952400001
        }
      },
      {
        "reactor_utilization": {
          "shard": "14",
          "value": 74.264278399999526
        }
      },
      {
        "reactor_utilization": {
          "shard": "15",
          "value": 78.91766976000001
        }
      }
    ]
  },
  {
    "metrics": [
      {
        "reactor_utilization": {
          "shard": "0",
          "value": 61.130060780000036
        }
      },
      {
        "reactor_utilization": {
          "shard": "1",
          "value": 52.838545899999964
        }
      },
      {
        "reactor_utilization": {
          "shard": "2",
          "value": 63.209231279999912
        }
      },
      {
        "reactor_utilization": {
          "shard": "3",
          "value": 66.3239240599992
        }
      },
      {
        "reactor_utilization": {
          "shard": "4",
          "value": 63.079979579999701
        }
      },
      {
        "reactor_utilization": {
          "shard": "5",
          "value": 68.372523480000112
        }
      },
      {
        "reactor_utilization": {
          "shard": "6",
          "value": 63.296777519999672
        }
      },
      {
        "reactor_utilization": {
          "shard": "7",
          "value": 59.593544939999887
        }
      },
      {
        "reactor_utilization": {
          "shard": "8",
          "value": 79.67093989999978
        }
      },
      {
        "reactor_utilization": {
          "shard": "9",
          "value": 80.263513599999925
        }
      },
      {
        "reactor_utilization": {
          "shard": "10",
          "value": 64.236054260000699
        }
      },
      {
        "reactor_utilization": {
          "shard": "11",
          "value": 65.741712299999989
        }
      },
      {
        "reactor_utilization": {
          "shard": "12",
          "value": 66.201783660000373
        }
      },
      {
        "reactor_utilization": {
          "shard": "13",
          "value": 77.117879980000097
        }
      },
      {
        "reactor_utilization": {
          "shard": "14",
          "value": 55.097887119999534
        }
      },
      {
        "reactor_utilization": {
          "shard": "15",
          "value": 52.056742840000013
        }
      }
    ]
  },
  {
    "metrics": [
      {
        "reactor_utilization": {
          "shard": "0",
          "value": 56.616003060000033
        }
      },
      {
        "reactor_utilization": {
          "shard": "1",
          "value": 63.666701819999972
        }
      },
      {
        "reactor_utilization": {
          "shard": "2",
          "value": 67.474878619999913
        }
      },
      {
        "reactor_utilization": {
          "shard": "3",
          "value": 75.674389179999196
        }
      },
      {
        "reactor_utilization": {
          "shard": "4",
          "value": 68.915304359999709
        }
      },
      {
        "reactor_utilization": {
          "shard": "5",
          "value": 61.970336640000099
        }
      },
      {
        "reactor_utilization": {
          "shard": "6",
          "value": 63.826915419999665
        }
      },
      {
        "reactor_utilization": {
          "shard": "7",
          "value": 56.387330159999905
        }
      },
      {
        "reactor_utilization": {
          "shard": "8",
          "value": 71.260516179999783
        }
      },
      {
        "reactor_utilization": {
          "shard": "9",
          "value": 69.567537599999923
        }
      },
      {
        "reactor_utilization": {
          "shard": "10",
          "value": 77.807082500000703
        }
      },
      {
        "reactor_utilization": {
          "shard": "11",
          "value": 70.768155399999984
        }
      },
      {
        "reactor_utilization": {
          "shard": "12",
          "value": 60.376355460000376
        }
      },
      {
        "reactor_utilization": {
          "shard": "13",
          "value": 81.284929720000093
        }
      },
      {
        "reactor_utilization": {
          "shard": "14",
          "value": 71.148095539999545
        }
      },
      {
        "reactor_utilization": {
          "shard": "15",
          "value": 50.00155644000003
        }
      }
    ]
  },
  {
    "metrics": [
      {
        "reactor_utilization": {
          "shard": "0",
          "value": 53.600210280000042
        }
      },
      {
        "reactor_utilization": {
          "shard": "1",
          "value": 66.102378099999967
        }
      },
      {
        "reactor_utilization": {
          "shard": "2",
          "value": 66.766469499999914
        }
      },
      {
        "reactor_utilization": {
          "shard": "3",
          "value": 64.523001819999209
        }
      },
      {
        "reactor_utilization": {
          "shard": "4",
          "value": 60.768469959999692
        }
      },
      {
        "reactor_utilization": {
          "shard": "5",
          "value": 62.246569400000105
        }
      },
      {
        "reactor_utilization": {
          "shard": "6",
          "value": 68.752477799999667
        }
      },
      {
        "reactor_utilization": {
          "shard": "7",
          "value": 66.039576899999901
        }
      },
      {
        "reactor_utilization": {
          "shard": "8",
          "value": 68.739758439999775
        }
      },
      {
        "reactor_utilization": {
          "shard": "9",
          "value": 62.862027739999917
        }
      },
      {
        "reactor_utilization": {
          "shard": "10",
          "value": 75.781094800000687
        }
      },
      {
        "reactor_utilization": {
          "shard": "11",
          "value": 82.387871699999991
        }
      },
      {
        "reactor_utilization": {
          "shard": "12",
          "value": 69.152100360000361
        }
      },
      {
        "reactor_utilization": {
          "shard": "13",
          "value": 81.341645700000086
        }
      },
      {
        "reactor_utilization": {
          "shard": "14",
          "value": 57.081385759999527
        }
      },
      {
        "reactor_utilization": {
          "shard": "15",
          "value": 62.518817640000023
        }
      }
    ]
  },
  {
    "metrics": [
      {
        "reactor_utilization": {
          "shard": "0",
          "value": 55.724595040000025
        }
      },
      {
        "reactor_utilization": {
          "shard": "1",
          "value": 57.377655879999963
        }
      },
      {
        "reactor_utilization": {
          "shard": "2",
          "value": 68.361664399999924
        }
      },
      {
        "reactor_utilization": {
          "shard": "3",
          "value": 66.499637119999193
        }
      },
      {
        "reactor_utilization": {
          "shard": "4",
          "value": 64.799803919999704
        }
      },
      {
        "reactor_utilization": {
          "shard": "5",
          "value": 59.055467480000111
        }
      },
      {
        "reactor_utilization": {
          "shard": "6",
          "value": 63.460012659999663
        }
      },
      {
        "reactor_utilization": {
          "shard": "7",
          "value": 62.472559479999902
        }
      },
      {
        "reactor_utilization": {
          "shard": "8",
          "value": 65.236915519999783
        }
      },
      {
        "reactor_utilization": {
          "shard": "9",
          "value": 82.929184999999933
        }
      },
      {
        "reactor_utilization": {
          "shard": "10",
          "value": 78.1198378600007
        }
      },
      {
        "reactor_utilization": {
          "shard": "11",
          "value": 74.346871680000007
        }
      },
      {
        "reactor_utilization": {
          "shard": "12",
          "value": 53.280628860000355
        }
      },
      {
        "reactor_utilization": {
          "shard": "13",
          "value": 63.938023720000089
        }
      },
      {
        "reactor_utilization": {
          "shard": "14",
          "value": 58.875708859999534
        }
      },
      {
        "reactor_utilization": {
          "shard": "15",
          "value": 57.283639300000033
        }
      }
    ]
  },
  {
    "metrics": [
      {
        "reactor_utilization": {
          "shard": "0",
          "value": 46.868717020000027
        }
      },
      {
        "reactor_utilization": {
          "shard": "1",
          "value": 64.757802339999969
        }
      },
      {
        "reactor_utilization": {
          "shard": "2",
          "value": 65.017643699999923
        }
      },
      {
        "reactor_utilization": {
          "shard": "3",
          "value": 67.117701199999203
        }
      },
      {
        "reactor_utilization": {
          "shard": "4",
          "value": 69.042789019999702
        }
      },
      {
        "reactor_utilization": {
          "shard": "5",
          "value": 61.303947260000101
        }
      },
      {
        "reactor_utilization": {
          "shard": "6",
          "value": 57.054617539999661
        }
      },
      {
        "reactor_utilization": {
          "shard": "7",
          "value": 56.442576479999914
        }
      },
      {
        "reactor_utilization": {
          "shard": "8",
          "value": 73.719447259999782
        }
      },
      {
        "reactor_utilization": {
          "shard": "9",
          "value": 75.224856959999926
        }
      },
      {
        "reactor_utilization": {
          "shard": "10",
          "value": 74.806248460000688
        }
      },
      {
        "reactor_utilization": {
          "shard": "11",
          "value": 68.622160140000005
        }
      },
      {
        "reactor_utilization": {
          "shard": "12",
          "value": 72.726757620000356
        }
      },
      {
        "reactor_utilization": {
          "shard": "13",
          "value": 62.172369920000094
        }
      },
      {
        "reactor_utilization": {
          "shard": "14",
          "value": 72.004873299999545
        }
      },
      {
        "reactor_utilization": {
          "shard": "15",
          "value": 60.710575360000043
        }
      }
    ]
  },
  {
    "metrics": [
      {
        "reactor_utilization": {
          "shard": "0",
          "value": 58.745085100000026
        }
      },
      {
        "reactor_utilization": {
          "shard": "1",
          "value": 58.509554319999957
        }
      },
      {
        "reactor_utilization": {
          "shard": "2",
          "value": 63.326580939999907
        }
      },
      {
        "reactor_utilization": {
          "shard": "3",
          "value": 67.608416759999201
        }
      },
      {
        "reactor_utilization": {
          "shard": "4",
          "value": 64.493933939999721
        }
      },
      {
        "reactor_utilization": {
          "shard": "5",
          "value": 63.708655800000102
        }
      },
      {
        "reactor_utilization": {
          "shard": "6",
          "value": 69.098992119999664
        }
      },
      {
        "reactor_utilization": {
          "shard": "7",
          "value": 66.915652019999911
        }
      },
      {
        "reactor_utilization": {
          "shard": "8",
          "value": 75.160573119999768
        }
      },
      {
        "reactor_utilization": {
          "shard": "9",
          "value": 73.145445259999931
        }
      },
      {
        "reactor_utilization": {
          "shard": "10",
          "value": 85.4033829800007
        }
      },
      {
        "reactor_utilization": {
          "shard": "11",
          "value": 70.306386820000014
        }
      },
      {
        "reactor_utilization": {
          "shard": "12",
          "value": 80.877682960000357
        }
      },
      {
        "reactor_utilization": {
          "shard": "13",
          "value": 73.200394380000091
        }
      },
      {
        "reactor_utilization": {
          "shard": "14",
          "value": 62.567504999999535
        }
      },
      {
        "reactor_utilization": {
          "shard": "15",
          "value": 59.397353740000035
        }
      }
    ]
  },
  {
    "metrics": [
      {
        "reactor_utilization": {
          "shard": "0",
          "value": 57.124609740000018
        }
      },
      {
        "reactor_utilization": {
          "shard": "1",
          "value": 57.864933939999965
        }
      },
      {
        "reactor_utilization": {
          "shard": "2",
          "value": 63.478496039999911
        }
      },
      {
        "reactor_utilization": {
          "shard": "3",
          "value": 66.468818919999208
        }
      },
      {
        "reactor_utilization": {
          "shard": "4",
          "value": 58.110001459999708
        }
      },
      {
        "reactor_utilization": {
          "shard": "5",
          "value": 50.0679110600001
        }
      },
      {
        "reactor_utilization": {
          "shard": "6",
          "value": 64.677054459999653
        }
      },
      {
        "reactor_utilization": {
          "shard": "7",
          "value": 65.868619439999904
        }
      },
      {
        "reactor_utilization": {
          "shard": "8",
          "value": 72.385063419999767
        }
      },
      {
        "reactor_utilization": {
          "shard": "9",
          "value": 64.94062835999992
        }
      },
      {
        "reactor_utilization": {
          "shard": "10",
          "value": 80.153306160000696
        }
      },
      {
        "reactor_utilization": {
          "shard": "11",
          "value": 74.064409019999999
        }
      },
      {
        "reactor_utilization": {
          "shard": "12",
          "value": 58.830829160000363
        }
      },
      {
        "reactor_utilization": {
          "shard": "13",
          "value": 68.474172020000097
        }
      },
      {
        "reactor_utilization": {
          "shard": "14",
          "value": 68.552530699999537
        }
      },
      {
        "reactor_utilization": {
          "shard": "15",
          "value": 53.254239320000018
        }
      }
    ]
  }
]
