[
  {
    "metrics": [
      {
        "reactor_utilization": {
          "shard": "0",
          "value": 51.375721879999901
        }
      },
      {
        "reactor_utilization": {
          "shard": "1",
          "value": 51.482093720000051
        }
      },
      {
        "reactor_utilization": {
          "shard": "2",
          "value": 48.92261651999992
        }
      },
      {
        "reactor_utilization": {
          "shard": "3",
          "value": 43.870246839999297
        }
      },
      {
        "reactor_utilization": {
          "shard": "4",
          "value": 39.704965859999852
        }
      },
      {
        "reactor_utilization": {
          "shard": "5",
          "value": 50.987863580000194
        }
      },
      {
        "reactor_utilization": {
          "shard": "6",
          "value": 49.183987459999543
        }
      },
      {
        "reactor_utilization": {
          "shard": "7",
          "value": 45.118845459999925
        }
      },
      {
        "reactor_utilization": {
          "shard": "8",
          "value": 53.745081379999689
        }
      },
      {
        "reactor_utilization": {
          "shard": "9",
          "value": 49.152622219999884
        }
      },
      {
        "reactor_utilization": {
          "shard": "10",
          "value": 51.14380982000074
        }
      },
      {
        "reactor_utilization": {
          "shard": "11",
          "value": 55.654844599999862
        }
      },
      {
        "reactor_utilization": {
          "shard": "12",
          "value": 52.655693100000178
        }
      },
      {
        "reactor_utilization": {
          "shard": "13",
          "value": 43.98312820000033
        }
      },
      {
        "reactor_utilization": {
          "shard": "14",
          "value": 48.053107699999707
        }
      },
      {
        "reactor_utilization": {
          "shard": "15",
          "value": 51.981313040000153
        }
      }
    ]
  },
  {
    "metrics": [
      {
        "reactor_utilization": {
          "shard": "0",
          "value": 52.506111179999905
        }
      },
      {
        "reactor_utilization": {
          "shard": "1",
          "value": 55.506236780000052
        }
      },
      {
        "reactor_utilization": {
          "shard": "2",
          "value": 58.749661099999926
        }
      },
      {
        "reactor_utilization": {
          "shard": "3",
          "value": 45.895251779999278
        }
      },
      {
        "reactor_utilization": {
          "shard": "4",
          "value": 41.326809239999854
        }
      },
      {
        "reactor_utilization": {
          "shard": "5",
          "value": 42.126554300000187
        }
      },
      {
        "reactor_utilization": {
          "shard": "6",
          "value": 46.455527579999533
        }
      },
      {
        "reactor_utilization": {
          "shard": "7",
          "value": 52.23785479999993
        }
      },
      {
        "reactor_utilization": {
          "shard": "8",
          "value": 44.729554839999693
        }
      },
      {
        "reactor_utilization": {
          "shard": "9",
          "value": 47.784704899999888
        }
      },
      {
        "reactor_utilization": {
          "shard": "10",
          "value": 52.072633140000747
        }
      },
      {
        "reactor_utilization": {
          "shard": "11",
          "value": 57.826551179999861
        }
      },
      {
        "reactor_utilization": {
          "shard": "12",
          "value": 47.11605044000018
        }
      },
      {
        "reactor_utilization": {
          "shard": "13",
          "value": 45.82045006000034
        }
      },
      {
        "reactor_utilization": {
          "shard": "14",
          "value": 40.336834419999704
        }
      },
      {
        "reactor_utilization": {
          "shard": "15",
          "value": 50.794529440000161
        }
      }
    ]
  },
  {
    "metrics": [
      {
        "reactor_utilization": {
          "shard": "0",
          "value": 52.239830759999897
        }
      },
      {
        "reactor_utilization": {
          "shard": "1",
          "value": 51.497339480000051
        }
      },
      {
        "reactor_utilization": {
          "shard": "2",
          "value": 50.759014079999929
        }
      },
      {
        "reactor_utilization": {
          "shard": "3",
          "value": 39.546600119999297
        }
      },
      {
        "reactor_utilization": {
          "shard": "4",
          "value": 41.177612099999841
        }
      },
      {
        "reactor_utilization": {
          "shard": "5",
          "value": 39.596378740000169
        }
      },
      {
        "reactor_utilization": {
          "shard": "6",
          "value": 39.753176299999524
        }
      },
      {
        "reactor_utilization": {
          "shard": "7",
          "value": 42.034300459999926
        }
      },
      {
        "reactor_utilization": {
          "shard": "8",
          "value": 48.093477419999701
        }
      },
      {
        "reactor_utilization": {
          "shard": "9",
          "value": 55.945171979999884
        }
      },
      {
        "reactor_utilization": {
          "shard": "10",
          "value": 50.054802920000753
        }
      },
      {
        "reactor_utilization": {
          "shard": "11",
          "value": 47.909459379999866
        }
      },
      {
        "reactor_utilization": {
          "shard": "12",
          "value": 42.112466440000198
        }
      },
      {
        "reactor_utilization": {
          "shard": "13",
          "value": 40.674589160000338
        }
      },
      {
        "reactor_utilization": {
          "shard": "14",
          "value": 47.833694879999697
        }
      },
      {
        "reactor_utilization": {
          "shard": "15",
          "value": 60.732044120000154
        }
      }
    ]
  },
  {
    "metrics": [
      {
        "reactor_utilization": {
          "shard": "0",
          "value": 53.630532999999915
        }
      },
      {
        "reactor_utilization": {
          "shard": "1",
          "value": 61.107250760000056
        }
      },
      {
        "reactor_utilization": {
          "shard": "2",
          "value": 46.444879979999939
        }
      },
      {
        "reactor_utilization": {
          "shard": "3",
          "value": 38.899062019999285
        }
      },
      {
        "reactor_utilization": {
          "shard": "4",
          "value": 52.133916939999835
        }
      },
      {
        "reactor_utilization": {
          "shard": "5",
          "value": 48.514358920000177
        }
      },
      {
        "reactor_utilization": {
          "shard": "6",
          "value": 42.657368899999526
        }
      },
      {
        "reactor_utilization": {
          "shard": "7",
          "value": 45.009272919999923
        }
      },
      {
        "reactor_utilization": {
          "shard": "8",
          "value": 47.102264499999691
        }
      },
      {
        "reactor_utilization": {
          "shard": "9",
          "value": 55.427814419999891
        }
      },
      {
        "reactor_utilization": {
          "shard": "10",
          "value": 43.030845360000747
        }
      },
      {
        "reactor_utilization": {
          "shard": "11",
          "value": 53.947523959999863
        }
      },
      {
        "reactor_utilization": {
          "shard": "12",
          "value": 57.456751900000178
        }
      },
      {
        "reactor_utilization": {
          "shard": "13",
          "value": 39.922299320000342
        }
      },
      {
        "reactor_utilization": {
          "shard": "14",
          "value": 47.150474199999707
        }
      },
      {
        "reactor_utilization": {
          "shard": "15",
          "value": 57.892324460000147
        }
      }
    ]
  },
  {
    "metrics": [
      {
        "reactor_utilization": {
          "shard": "0",
          "value": 54.81156569999991
        }
      },
      {
        "reactor_utilization": {
          "shard": "1",
          "value": 53.729041220000042
        }
      },
      {
        "reactor_utilization": {
          "shard": "2",
          "value": 55.826973559999949
        }
      },
      {
        "reactor_utilization": {
          "shard": "3",
          "value": 39.954581699999295
        }
      },
      {
        "reactor_utilization": {
          "shard": "4",
          "value": 37.06159375999983
        }
      },
      {
        "reactor_utilization": {
          "shard": "5",
          "value": 39.664822600000193
        }
      },
      {
        "reactor_utilization": {
          "shard": "6",
          "value": 43.658529319999531
        }
      },
      {
        "reactor_utilization": {
          "shard": "7",
          "value": 51.290977699999921
        }
      },
      {
        "reactor_utilization": {
          "shard": "8",
          "value": 54.896336099999687
        }
      },
      {
        "reactor_utilization": {
          "shard": "9",
          "value": 54.697423779999887
        }
      },
      {
        "reactor_utilization": {
          "shard": "10",
          "value": 57.94816930000075
        }
      },
      {
        "reactor_utilization": {
          "shard": "11",
          "value": 50.880680899999867
        }
      },
      {
        "reactor_utilization": {
          "shard": "12",
          "value": 55.594000320000184
        }
      },
      {
        "reactor_utilization": {
          "shard": "13",
          "value": 38.850025640000354
        }
      },
      {
        "reactor_utilization": {
          "shard": "14",
          "value": 49.030453059999687
        }
      },
      {
        "reactor_utilization": {
          "shard": "15",
          "value": 50.34054850000016
        }
      }
    ]
  },
  {
    "metrics": [
      {
        "reactor_utilization": {
          "shard": "0",
          "value": 51.087271539999904
        }
      },
      {
        "reactor_utilization": {
          "shard": "1",
          "value": 50.810269140000045
        }
      },
      {
        "reactor_utilization": {
          "shard": "2",
          "value": 47.711576339999951
        }
      },
      {
        "reactor_utilization": {
          "shard": "3",
          "value": 38.743743999999282
        }
      },
      {
        "reactor_utilization": {
          "shard": "4",
          "value": 46.42468311999982
        }
      },
      {
        "reactor_utilization": {
          "shard": "5",
          "value": 50.329055540000198
        }
      },
      {
        "reactor_utilization": {
          "shard": "6",
          "value": 39.225081019999529
        }
      },
      {
        "reactor_utilization": {
          "shard": "7",
          "value": 40.387539179999912
        }
      },
      {
        "reactor_utilization": {
          "shard": "8",
          "value": 51.079268679999693
        }
      },
      {
        "reactor_utilization": {
          "shard": "9",
          "value": 51.095295879999881
        }
      },
      {
        "reactor_utilization": {
          "shard": "10",
          "value": 48.477685640000743
        }
      },
      {
        "reactor_utilization": {
          "shard": "11",
          "value": 59.435783199999868
        }
      },
      {
        "reactor_utilization": {
          "shard": "12",
          "value": 54.010661720000186
        }
      },
      {
        "reactor_utilization": {
          "shard": "13",
          "value": 38.442279460000364
        }
      },
      {
        "reactor_utilization": {
          "shard": "14",
          "value": 60.554744499999693
        }
      },
      {
        "reactor_utilization": {
          "shard": "15",
          "value": 56.380212000000164
        }
      }
    ]
  },
  {
    "metrics": [
      {
        "reactor_utilization": {
          "shard": "0",
          "value": 51.850667399999892
        }
      },
      {
        "reactor_utilization": {
          "shard": "1",
          "value": 51.838455840000044
        }
      },
      {
        "reactor_utilization": {
          "shard": "2",
          "value": 48.225896599999949
        }
      },
      {
        "reactor_utilization": {
          "shard": "3",
          "value": 50.357612919999269
        }
      },
      {
        "reactor_utilization": {
          "shard": "4",
          "value": 39.02436063999982
        }
      },
      {
        "reactor_utilization": {
          "shard": "5",
          "value": 48.315326240000203
        }
      },
      {
        "reactor_utilization": {
          "shard": "6",
          "value": 47.100355759999516
        }
      },
      {
        "reactor_utilization": {
          "shard": "7",
          "value": 44.774188099999925
        }
      },
      {
        "reactor_utilization": {
          "shard": "8",
          "value": 60.155128379999688
        }
      },
      {
        "reactor_utilization": {
          "shard": "9",
          "value": 54.382124099999885
        }
      },
      {
        "reactor_utilization": {
          "shard": "10",
          "value": 47.716540420000754
        }
      },
      {
        "reactor_utilization": {
          "shard": "11",
          "value": 43.586490939999869
        }
      },
      {
        "reactor_utilization": {
          "shard": "12",
          "value": 60.597285280000193
        }
      },
      {
        "reactor_utilization": {
          "shard": "13",
          "value": 39.695379900000361
        }
      },
      {
        "reactor_utilization": {
          "shard": "14",
          "value": 54.917678379999678
        }
      },
      {
        "reactor_utilization": {
          "shard": "15",
          "value": 55.405930220000158
        }
      }
    ]
  },
  {
    "metrics": [
      {
        "reactor_utilization": {
          "shard": "0",
          "value": 60.945842519999893
        }
      },
      {
        "reactor_utilization": {
          "shard": "1",
          "value": 68.301625840000042
        }
      },
      {
        "reactor_utilization": {
          "shard": "2",
          "value": 55.196036859999943
        }
      },
      {
        "reactor_utilization": {
          "shard": "3",
          "value": 39.980278699999275
        }
      },
      {
        "reactor_utilization": {
          "shard": "4",
          "value": 41.331879399999828
        }
      },
      {
        "reactor_utilization": {
          "shard": "5",
          "value": 47.405339400000187
        }
      },
      {
        "reactor_utilization": {
          "shard": "6",
          "value": 55.401527299999522
        }
      },
      {
        "reactor_utilization": {
          "shard": "7",
          "value": 53.299000159999935
        }
      },
      {
        "reactor_utilization": {
          "shard": "8",
          "value": 63.139373359999681
        }
      },
      {
        "reactor_utilization": {
          "shard": "9",
          "value": 53.195416199999876
        }
      },
      {
        "reactor_utilization": {
          "shard": "10",
          "value": 65.789974900000743
        }
      },
      {
        "reactor_utilization": {
          "shard": "11",
          "value": 60.725042179999875
        }
      },
      {
        "reactor_utilization": {
          "shard": "12",
          "value": 54.011549620000189
        }
      },
      {
        "reactor_utilization": {
          "shard": "13",
          "value": 43.962555800000359
        }
      },
      {
        "reactor_utilization": {
          "shard": "14",
          "value": 65.795685819999676
        }
      },
      {
        "reactor_utilization": {
          "shard": "15",
          "value": 52.533074340000155
        }
      }
    ]
  },
  {
    "metrics": [
      {
        "reactor_utilization": {
          "shard": "0",
          "value": 64.588892439999881
        }
      },
      {
        "reactor_utilization": {
          "shard": "1",
          "value": 55.698905060000037
        }
      },
      {
        "reactor_utilization": {
          "shard": "2",
          "value": 54.590758399999963
        }
      },
      {
        "reactor_utilization": {
          "shard": "3",
          "value": 42.951445719999271
        }
      },
      {
        "reactor_utilization": {
          "shard": "4",
          "value": 53.205332599999799
        }
      },
      {
        "reactor_utilization": {
          "shard": "5",
          "value": 49.739631880000182
        }
      },
      {
        "reactor_utilization": {
          "shard": "6",
          "value": 52.875894439999513
        }
      },
      {
        "reactor_utilization": {
          "shard": "7",
          "value": 54.754253519999928
        }
      },
      {
        "reactor_utilization": {
          "shard": "8",
          "value": 66.721892219999674
        }
      },
      {
        "reactor_utilization": {
          "shard": "9",
          "value": 59.16242475999988
        }
      },
      {
        "reactor_utilization": {
          "shard": "10",
          "value": 66.158586060000758
        }
      },
      {
        "reactor_utilization": {
          "shard": "11",
          "value": 62.711110319999875
        }
      },
      {
        "reactor_utilization": {
          "shard": "12",
          "value": 60.448085060000189
        }
      },
      {
        "reactor_utilization": {
          "shard": "13",
          "value": 60.015724140000358
        }
      },
      {
        "reactor_utilization": {
          "shard": "14",
          "value": 61.889709919999689
        }
      },
      {
        "reactor_utilization": {
          "shard": "15",
          "value": 60.755604700000141
        }
      }
    ]
  },
  {
    "metrics": [
      {
        "reactor_utilization": {
          "shard": "0",
          "value": 70.64021867999989
        }
      },
      {
        "reactor_utilization": {
          "shard": "1",
          "value": 69.744069840000037
        }
      },
      {
        "reactor_utilization": {
          "shard": "2",
          "value": 63.904438439999964
        }
      },
      {
        "reactor_utilization": {
          "shard": "3",
          "value": 51.548602039999281
        }
      },
      {
        "reactor_utilization": {
          "shard": "4",
          "value": 61.252024099999801
        }
      },
      {
        "reactor_utilization": {
          "shard": "5",
          "value": 63.420306460000177
        }
      },
      {
        "reactor_utilization": {
          "shard": "6",
          "value": 58.230603639999522
        }
      },
      {
        "reactor_utilization": {
          "shard": "7",
          "value": 60.454060959999936
        }
      },
      {
        "reactor_utilization": {
          "shard": "8",
          "value": 66.021627799999678
        }
      },
      {
        "reactor_utilization": {
          "shard": "9",
          "value": 63.788286499999877
        }
      },
      {
        "reactor_utilization": {
          "shard": "10",
          "value": 63.897262200000746
        }
      },
      {
        "reactor_utilization": {
          "shard": "11",
          "value": 70.018705699999856
        }
      },
      {
        "reactor_utilization": {
          "shard": "12",
          "value": 76.098429720000183
        }
      },
      {
        "reactor_utilization": {
          "shard": "13",
          "value": 71.571283780000357
        }
      },
      {
        "reactor_utilization": {
          "shard": "14",
          "value": 58.493117799999681
        }
      },
      {
        "reactor_utilization": {
          "shard": "15",
          "value": 73.283848060000139
        }
      }
    ]
  },
  {
    "metrics": [
      {
        "reactor_utilization": {
          "shard": "0",
          "value": 75.514348579999876
        }
      },
      {
        "reactor_utilization": {
          "shard": "1",
          "value": 62.070698720000038
        }
      },
      {
        "reactor_utilization": {
          "shard": "2",
          "value": 54.289827499999966
        }
      },
      {
        "reactor_utilization": {
          "shard": "3",
          "value": 57.160869039999284
        }
      },
      {
        "reactor_utilization": {
          "shard": "4",
          "value": 49.203114699999794
        }
      },
      {
        "reactor_utilization": {
          "shard": "5",
          "value": 62.57543808000019
        }
      },
      {
        "reactor_utilization": {
          "shard": "6",
          "value": 48.042816599999519
        }
      },
      {
        "reactor_utilization": {
          "shard": "7",
          "value": 60.29582649999994
        }
      },
      {
        "reactor_utilization": {
          "shard": "8",
          "value": 55.498459259999677
        }
      },
      {
        "reactor_utilization": {
          "shard": "9",
          "value": 59.861519539999875
        }
      },
      {
        "reactor_utilization": {
          "shard": "10",
          "value": 64.943353360000742
        }
      },
      {
        "reactor_utilization": {
          "shard": "11",
          "value": 58.584854339999872
        }
      },
      {
        "reactor_utilization": {
          "shard": "12",
          "value": 54.367944100000187
        }
      },
      {
        "reactor_utilization": {
          "shard": "13",
          "value": 46.725523400000348
        }
      },
      {
        "reactor_utilization": {
          "shard": "14",
          "value": 57.439418839999689
        }
      },
      {
        "reactor_utilization": {
          "shard": "15",
          "value": 60.645819560000156
        }
      }
    ]
  },
  {
    "metrics": [
      {
        "reactor_utilization": {
          "shard": "0",
          "value": 58.593025339999883
        }
      },
      {
        "reactor_utilization": {
          "shard": "1",
          "value": 51.870909240000032
        }
      },
      {
        "reactor_utilization": {
          "shard": "2",
          "value": 51.044217899999978
        }
      },
      {
        "reactor_utilization": {
          "shard": "3",
          "value": 43.91028107999928
        }
      },
      {
        "reactor_utilization": {
          "shard": "4",
          "value": 48.037803779999798
        }
      },
      {
        "reactor_utilization": {
          "shard": "5",
          "value": 43.039213560000178
        }
      },
      {
        "reactor_utilization": {
          "shard": "6",
          "value": 45.45202379999953
        }
      },
      {
        "reactor_utilization": {
          "shard": "7",
          "value": 40.520037699999932
        }
      },
      {
        "reactor_utilization": {
          "shard": "8",
          "value": 53.325731759999684
        }
      },
      {
        "reactor_utilization": {
          "shard": "9",
          "value": 54.444452279999879
        }
      },
      {
        "reactor_utilization": {
          "shard": "10",
          "value": 43.69379912000074
        }
      },
      {
        "reactor_utilization": {
          "shard": "11",
          "value": 56.511984759999869
        }
      },
      {
        "reactor_utilization": {
          "shard": "12",
          "value": 46.875394760000191
        }
      },
      {
        "reactor_utilization": {
          "shard": "13",
          "value": 52.138792080000343
        }
      },
      {
        "reactor_utilization": {
          "shard": "14",
          "value": 47.612110839999701
        }
      },
      {
        "reactor_utilization": {
          "shard": "15",
          "value": 55.115140840000151
        }
      }
    ]
  },
  {
    "metrics": [
      {
        "reactor_utilization": {
          "shard": "0",
          "value": 80.044089699999887
        }
      },
      {
        "reactor_utilization": {
          "shard": "1",
          "value": 70.821570820000019
        }
      },
      {
        "reactor_utilization": {
          "shard": "2",
          "value": 69.55490383999998
        }
      },
      {
        "reactor_utilization": {
          "shard": "3",
          "value": 66.072989099999276
        }
      },
      {
        "reactor_utilization": {
          "shard": "4",
          "value": 54.872325639999801
        }
      },
      {
        "reactor_utilization": {
          "shard": "5",
          "value": 61.761414040000183
        }
      },
      {
        "reactor_utilization": {
          "shard": "6",
          "value": 58.78695169999952
        }
      },
      {
        "reactor_utilization": {
          "shard": "7",
          "value": 63.154017619999927
        }
      },
      {
        "reactor_utilization": {
          "shard": "8",
          "value": 73.442785719999691
        }
      },
      {
        "reactor_utilization": {
          "shard": "9",
          "value": 76.874649919999882
        }
      },
      {
        "reactor_utilization": {
          "shard": "10",
          "value": 74.118765380000752
        }
      },
      {
        "reactor_utilization": {
          "shard": "11",
          "value": 68.288840479999863
        }
      },
      {
        "reactor_utilization": {
          "shard": "12",
          "value": 65.911279600000199
        }
      },
      {
        "reactor_utilization": {
          "shard": "13",
          "value": 57.503885980000334
        }
      },
      {
        "reactor_utilization": {
          "shard": "14",
          "value": 74.323845459999703
        }
      },
      {
        "reactor_utilization": {
          "shard": "15",
          "value": 68.430499180000155
        }
      }
    ]
  },
  {
    "metrics": [
      {
        "reactor_utilization": {
          "shard": "0",
          "value": 67.433738699999893
        }
      },
      {
        "reactor_utilization": {
          "shard": "1",
          "value": 70.328004800000031
        }
      },
      {
        "reactor_utilization": {
          "shard": "2",
          "value": 70.178731019999972
        }
      },
      {
        "reactor_utilization": {
          "shard": "3",
          "value": 54.023469299999284
        }
      },
      {
        "reactor_utilization": {
          "shard": "4",
          "value": 55.080907539999792
        }
      },
      {
        "reactor_utilization": {
          "shard": "5",
          "value": 63.22507184000019
        }
      },
      {
        "reactor_utilization": {
          "shard": "6",
          "value": 62.402707719999526
        }
      },
      {
        "reactor_utilization": {
          "shard": "7",
          "value": 64.594070579999936
        }
      },
      {
        "reactor_utilization": {
          "shard": "8",
          "value": 72.620433299999704
        }
      },
      {
        "reactor_utilization": {
          "shard": "9",
          "value": 67.930938259999877
        }
      },
      {
        "reactor_utilization": {
          "shard": "10",
          "value": 66.047057600000741
        }
      },
      {
        "reactor_utilization": {
          "shard": "11",
          "value": 70.152121939999873
        }
      },
      {
        "reactor_utilization": {
          "shard": "12",
          "value": 66.687637900000198
        }
      },
      {
        "reactor_utilization": {
          "shard": "13",
          "value": 69.587874840000353
        }
      },
      {
        "reactor_utilization": {
          "shard": "14",
          "value": 63.975765999999702
        }
      },
      {
        "reactor_utilization": {
          "shard": "15",
          "value": 66.910090420000145
        }
      }
    ]
  },
  {
    "metrics": [
      {
        "reactor_utilization": {
          "shard": "0",
          "value": 62.020514379999881
        }
      },
      {
        "reactor_utilization": {
          "shard": "1",
          "value": 65.098874580000015
        }
      },
      {
        "reactor_utilization": {
          "shard": "2",
          "value": 62.271540779999981
        }
      },
      {
        "reactor_utilization": {
          "shard": "3",
          "value": 53.821918979999282
        }
      },
      {
        "reactor_utilization": {
          "shard": "4",
          "value": 44.528238179999789
        }
      },
      {
        "reactor_utilization": {
          "shard": "5",
          "value": 45.725030340000181
        }
      },
      {
        "reactor_utilization": {
          "shard": "6",
          "value": 49.646273179999532
        }
      },
      {
        "reactor_utilization": {
          "shard": "7",
          "value": 51.19410709999994
        }
      },
      {
        "reactor_utilization": {
          "shard": "8",
          "value": 55.265166259999688
        }
      },
      {
        "reactor_utilization": {
          "shard": "9",
          "value": 62.713231079999879
        }
      },
      {
        "reactor_utilization": {
          "shard": "10",
          "value": 70.214034780000745
        }
      },
      {
        "reactor_utilization": {
          "shard": "11",
          "value": 74.92134871999987
        }
      },
      {
        "reactor_utilization": {
          "shard": "12",
          "value": 49.919160880000192
        }
      },
      {
        "reactor_utilization": {
          "shard": "13",
          "value": 51.572355460000338
        }
      },
      {
        "reactor_utilization": {
          "shard": "14",
          "value": 52.481916699999708
        }
      },
      {
        "reactor_utilization": {
          "shard": "15",
          "value": 64.033046520000141
        }
      }
    ]
  },
  {
    "metrics": [
      {
        "reactor_utilization": {
          "shard": "0",
          "value": 59.751124879999885
        }
      },
      {
        "reactor_utilization": {
          "shard": "1",
          "value": 53.454328680000017
        }
      },
      {
        "reactor_utilization": {
          "shard": "2",
          "value": 49.852086519999986
        }
      },
      {
        "reactor_utilization": {
          "shard": "3",
          "value": 41.155498799999279
        }
      },
      {
        "reactor_utilization": {
          "shard": "4",
          "value": 44.857831219999788
        }
      },
      {
        "reactor_utilization": {
          "shard": "5",
          "value": 41.830047040000196
        }
      },
      {
        "reactor_utilization": {
          "shard": "6",
          "value": 43.760462499999541
        }
      },
      {
        "reactor_utilization": {
          "shard": "7",
          "value": 51.540242779999936
        }
      },
      {
        "reactor_utilization": {
          "shard": "8",
          "value": 48.931762619999688
        }
      },
      {
        "reactor_utilization": {
          "shard": "9",
          "value": 60.894965459999874
        }
      },
      {
        "reactor_utilization": {
          "shard": "10",
          "value": 44.093726600000736
        }
      },
      {
        "reactor_utilization": {
          "shard": "11",
          "value": 49.166734659999854
        }
      },
      {
        "reactor_utilization": {
          "shard": "12",
          "value": 59.406233620000194
        }
      },
      {
        "reactor_utilization": {
          "shard": "13",
          "value": 46.125520040000325
        }
      },
      {
        "reactor_utilization": {
          "shard": "14",
          "value": 51.035497659999706
        }
      },
      {
        "reactor_utilization": {
          "shard": "15",
          "value": 63.401696500000135
        }
      }
    ]
  },
  {
    "metrics": [
      {
        "reactor_utilization": {
          "shard": "0",
          "value": 50.672911159999892
        }
      },
      {
        "reactor_utilization": {
          "shard": "1",
          "value": 52.327813980000002
        }
      },
      {
        "reactor_utilization": {
          "shard": "2",
          "value": 51.796245399999982
        }
      },
      {
        "reactor_utilization": {
          "shard": "3",
          "value": 42.517552699999264
        }
      },
      {
        "reactor_utilization": {
          "shard": "4",
          "value": 43.344678399999779
        }
      },
      {
        "reactor_utilization": {
          "shard": "5",
          "value": 46.2388690800002
        }
      },
      {
        "reactor_utilization": {
          "shard": "6",
          "value": 43.028483359999548
        }
      },
      {
        "reactor_utilization": {
          "shard": "7",
          "value": 42.304772439999937
        }
      },
      {
        "reactor_utilization": {
          "shard": "8",
          "value": 47.510593419999694
        }
      },
      {
        "reactor_utilization": {
          "shard": "9",
          "value": 50.034342679999874
        }
      },
      {
        "reactor_utilization": {
          "shard": "10",
          "value": 43.909756740000738
        }
      },
      {
        "reactor_utilization": {
          "shard": "11",
          "value": 51.847348379999872
        }
      },
      {
        "reactor_utilization": {
          "shard": "12",
          "value": 49.026763380000205
        }
      },
      {
        "reactor_utilization": {
          "shard": "13",
          "value": 36.503472100000323
        }
      },
      {
        "reactor_utilization": {
          "shard": "14",
          "value": 49.3885672199997
        }
      },
      {
        "reactor_utilization": {
          "shard": "15",
          "value": 51.958384440000138
        }
      }
    ]
  },
  {
    "metrics": [
      {
        "reactor_utilization": {
          "shard": "0",
          "value": 54.552297079999889
        }
      },
      {
        "reactor_utilization": {
          "shard": "1",
          "value": 52.849185280000022
        }
      },
      {
        "reactor_utilization": {
          "shard": "2",
          "value": 50.323573239999988
        }
      },
      {
        "reactor_utilization": {
          "shard": "3",
          "value": 33.423772859999268
        }
      },
      {
        "reactor_utilization": {
          "shard": "4",
          "value": 42.627536939999786
        }
      },
      {
        "reactor_utilization": {
          "shard": "5",
          "value": 46.6133672200002
        }
      },
      {
        "reactor_utilization": {
          "shard": "6",
          "value": 40.301527119999548
        }
      },
      {
        "reactor_utilization": {
          "shard": "7",
          "value": 42.632294739999942
        }
      },
      {
        "reactor_utilization": {
          "shard": "8",
          "value": 48.524363539999683
        }
      },
      {
        "reactor_utilization": {
          "shard": "9",
          "value": 48.436655839999887
        }
      },
      {
        "reactor_utilization": {
          "shard": "10",
          "value": 53.003459940000738
        }
      },
      {
        "reactor_utilization": {
          "shard": "11",
          "value": 52.440598299999884
        }
      },
      {
        "reactor_utilization": {
          "shard": "12",
          "value": 50.822462240000199
        }
      },
      {
        "reactor_utilization": {
          "shard": "13",
          "value": 36.101830080000333
        }
      },
      {
        "reactor_utilization": {
          "shard": "14",
          "value": 54.208243419999704
        }
      },
      {
        "reactor_utilization": {
          "shard": "15",
          "value": 56.641565420000127
        }
      }
    ]
  },
  {
    "metrics": [
      {
        "reactor_utilization": {
          "shard": "0",
          "value": 53.356539479999896
        }
      },
      {
        "reactor_utilization": {
          "shard": "1",
          "value": 54.55311500000002
        }
      },
      {
        "reactor_utilization": {
          "shard": "2",
          "value": 43.666383139999979
        }
      },
      {
        "reactor_utilization": {
          "shard": "3",
          "value": 45.652570599999265
        }
      },
      {
        "reactor_utilization": {
          "shard": "4",
          "value": 42.574289479999806
        }
      },
      {
        "reactor_utilization": {
          "shard": "5",
          "value": 44.168756720000189
        }
      },
      {
        "reactor_utilization": {
          "shard": "6",
          "value": 38.688004779999538
        }
      },
      {
        "reactor_utilization": {
          "shard": "7",
          "value": 43.308083399999944
        }
      },
      {
        "reactor_utilization": {
          "shard": "8",
          "value": 62.28096325999968
        }
      },
      {
        "reactor_utilization": {
          "shard": "9",
          "value": 54.863959659999885
        }
      },
      {
        "reactor_utilization": {
          "shard": "10",
          "value": 45.974955760000732
        }
      },
      {
        "reactor_utilization": {
          "shard": "11",
          "value": 51.00817167999989
        }
      },
      {
        "reactor_utilization": {
          "shard": "12",
          "value": 55.226948800000208
        }
      },
      {
        "reactor_utilization": {
          "shard": "13",
          "value": 39.181359000000327
        }
      },
      {
        "reactor_utilization": {
          "shard": "14",
          "value": 50.075862299999706
        }
      },
      {
        "reactor_utilization": {
          "shard": "15",
          "value": 51.500636300000139
        }
      }
    ]
  },
  {
    "metrics": [
      {
        "reactor_utilization": {
          "shard": "0",
          "value": 52.110302059999889
        }
      },
      {
        "reactor_utilization": {
          "shard": "1",
          "value": 51.993194220000014
        }
      },
      {
        "reactor_utilization": {
          "shard": "2",
          "value": 46.967194939999992
        }
      },
      {
        "reactor_utilization": {
          "shard": "3",
          "value": 39.567859739999278
        }
      },
      {
        "reactor_utilization": {
          "shard": "4",
          "value": 38.689439519999816
        }
      },
      {
        "reactor_utilization": {
          "shard": "5",
          "value": 40.877429340000191
        }
      },
      {
        "reactor_utilization": {
          "shard": "6",
          "value": 44.305656919999535
        }
      },
      {
        "reactor_utilization": {
          "shard": "7",
          "value": 50.631685559999937
        }
      },
      {
        "reactor_utilization": {
          "shard": "8",
          "value": 50.107733519999684
        }
      },
      {
        "reactor_utilization": {
          "shard": "9",
          "value": 45.97318657999989
        }
      },
      {
        "reactor_utilization": {
          "shard": "10",
          "value": 53.777943880000748
        }
      },
      {
        "reactor_utilization": {
          "shard": "11",
          "value": 47.464899919999901
        }
      },
      {
        "reactor_utilization": {
          "shard": "12",
          "value": 56.366333900000221
        }
      },
      {
        "reactor_utilization": {
          "shard": "13",
          "value": 37.368952080000341
        }
      },
      {
        "reactor_utilization": {
          "shard": "14",
          "value": 53.789594579999701
        }
      },
      {
        "reactor_utilization": {
          "shard": "15",
          "value": 55.805456260000128
        }
      }
    ]
  },
  {
    "metrics": [
      {
        "reactor_utilization": {
          "shard": "0",
          "value": 61.436871999999894
        }
      },
      {
        "reactor_utilization": {
          "shard": "1",
          "value": 67.102791280000005
        }
      },
      {
        "reactor_utilization": {
          "shard": "2",
          "value": 56.552103439999982
        }
      },
      {
        "reactor_utilization": {
          "shard": "3",
          "value": 44.483653499999278
        }
      },
      {
        "reactor_utilization": {
          "shard": "4",
          "value": 45.843048339999839
        }
      },
      {
        "reactor_utilization": {
          "shard": "5",
          "value": 54.622802600000185
        }
      },
      {
        "reactor_utilization": {
          "shard": "6",
          "value": 56.776677259999531
        }
      },
      {
        "reactor_utilization": {
          "shard": "7",
          "value": 54.253280139999951
        }
      },
      {
        "reactor_utilization": {
          "shard": "8",
          "value": 72.377488239999693
        }
      },
      {
        "reactor_utilization": {
          "shard": "9",
          "value": 59.331963039999891
        }
      },
      {
        "reactor_utilization": {
          "shard": "10",
          "value": 71.815325040000744
        }
      },
      {
        "reactor_utilization": {
          "shard": "11",
          "value": 66.615268459999896
        }
      },
      {
        "reactor_utilization": {
          "shard": "12",
          "value": 57.187829880000216
        }
      },
      {
        "reactor_utilization": {
          "shard": "13",
          "value": 49.730605800000326
        }
      },
      {
        "reactor_utilization": {
          "shard": "14",
          "value": 71.033021059999697
        }
      },
      {
        "reactor_utilization": {
          "shard": "15",
          "value": 62.849164000000137
        }
      }
    ]
  },
  {
    "metrics": [
      {
        "reactor_utilization": {
          "shard": "0",
          "value": 72.011838579999889
        }
      },
      {
        "reactor_utilization": {
          "shard": "1",
          "value": 63.848727200000013
        }
      },
      {
        "reactor_utilization": {
          "shard": "2",
          "value": 64.237756979999972
        }
      },
      {
        "reactor_utilization": {
          "shard": "3",
          "value": 51.275113299999262
        }
      },
      {
        "reactor_utilization": {
          "shard": "4",
          "value": 65.862066459999838
        }
      },
      {
        "reactor_utilization": {
          "shard": "5",
          "value": 59.750665780000176
        }
      },
      {
        "reactor_utilization": {
          "shard": "6",
          "value": 60.910496919999545
        }
      },
      {
        "reactor_utilization": {
          "shard": "7",
          "value": 60.801049139999954
        }
      },
      {
        "reactor_utilization": {
          "shard": "8",
          "value": 63.529036299999689
        }
      },
      {
        "reactor_utilization": {
          "shard": "9",
          "value": 70.421844019999895
        }
      },
      {
        "reactor_utilization": {
          "shard": "10",
          "value": 72.271392320000743
        }
      },
      {
        "reactor_utilization": {
          "shard": "11",
          "value": 70.317420679999898
        }
      },
      {
        "reactor_utilization": {
          "shard": "12",
          "value": 73.372823320000222
        }
      },
      {
        "reactor_utilization": {
          "shard": "13",
          "value": 65.441564900000344
        }
      },
      {
        "reactor_utilization": {
          "shard": "14",
          "value": 65.223126199999697
        }
      },
      {
        "reactor_utilization": {
          "shard": "15",
          "value": 69.051256320000135
        }
      }
    ]
  },
  {
    "metrics": [
      {
        "reactor_utilization": {
          "shard": "0",
          "value": 70.2983116999999
        }
      },
      {
        "reactor_utilization": {
          "shard": "1",
          "value": 69.54918588000001
        }
      },
      {
        "reactor_utilization": {
          "shard": "2",
          "value": 58.56160377999997
        }
      },
      {
        "reactor_utilization": {
          "shard": "3",
          "value": 51.553595199999258
        }
      },
      {
        "reactor_utilization": {
          "shard": "4",
          "value": 51.479651319999832
        }
      },
      {
        "reactor_utilization": {
          "shard": "5",
          "value": 60.119488120000184
        }
      },
      {
        "reactor_utilization": {
          "shard": "6",
          "value": 56.652364939999543
        }
      },
      {
        "reactor_utilization": {
          "shard": "7",
          "value": 58.516105839999952
        }
      },
      {
        "reactor_utilization": {
          "shard": "8",
          "value": 63.318959539999689
        }
      },
      {
        "reactor_utilization": {
          "shard": "9",
          "value": 57.354792579999895
        }
      },
      {
        "reactor_utilization": {
          "shard": "10",
          "value": 61.473684200000747
        }
      },
      {
        "reactor_utilization": {
          "shard": "11",
          "value": 68.954883139999907
        }
      },
      {
        "reactor_utilization": {
          "shard": "12",
          "value": 77.246113200000224
        }
      },
      {
        "reactor_utilization": {
          "shard": "13",
          "value": 54.973965860000341
        }
      },
      {
        "reactor_utilization": {
          "shard": "14",
          "value": 62.248437319999695
        }
      },
      {
        "reactor_utilization": {
          "shard": "15",
          "value": 66.209377760000137
        }
      }
    ]
  },
  {
    "metrics": [
      {
        "reactor_utilization": {
          "shard": "0",
          "value": 60.387908099999891
        }
      },
      {
        "reactor_utilization": {
          "shard": "1",
          "value": 53.457712900000011
        }
      },
      {
        "reactor_utilization": {
          "shard": "2",
          "value": 47.294152819999979
        }
      },
      {
        "reactor_utilization": {
          "shard": "3",
          "value": 45.801245419999262
        }
      },
      {
        "reactor_utilization": {
          "shard": "4",
          "value": 45.938356779999843
        }
      },
      {
        "reactor_utilization": {
          "shard": "5",
          "value": 51.957851040000193
        }
      },
      {
        "reactor_utilization": {
          "shard": "6",
          "value": 40.215513939999539
        }
      },
      {
        "reactor_utilization": {
          "shard": "7",
          "value": 48.606960559999955
        }
      },
      {
        "reactor_utilization": {
          "shard": "8",
          "value": 49.153037759999684
        }
      },
      {
        "reactor_utilization": {
          "shard": "9",
          "value": 54.407355719999892
        }
      },
      {
        "reactor_utilization": {
          "shard": "10",
          "value": 49.345778940000741
        }
      },
      {
        "reactor_utilization": {
          "shard": "11",
          "value": 47.675898699999905
        }
      },
      {
        "reactor_utilization": {
          "shard": "12",
          "value": 40.627486820000215
        }
      },
      {
        "reactor_utilization": {
          "shard": "13",
          "value": 38.54983794000033
        }
      },
      {
        "reactor_utilization": {
          "shard": "14",
          "value": 49.891085039999716
        }
      },
      {
        "reactor_utilization": {
          "shard": "15",
          "value": 62.978701020000138
        }
      }
    ]
  }
]
