[
  {
    "metrics": [
      {
        "reactor_utilization": {
          "shard": "0",
          "value": 48.644381459999899
        }
      },
      {
        "reactor_utilization": {
          "shard": "1",
          "value": 47.128610060000085
        }
      },
      {
        "reactor_utilization": {
          "shard": "2",
          "value": 43.310639519999874
        }
      },
      {
        "reactor_utilization": {
          "shard": "3",
          "value": 39.774529779999227
        }
      },
      {
        "reactor_utilization": {
          "shard": "4",
          "value": 41.283810399999709
        }
      },
      {
        "reactor_utilization": {
          "shard": "5",
          "value": 55.071681840000196
        }
      },
      {
        "reactor_utilization": {
          "shard": "6",
          "value": 42.333133999999561
        }
      },
      {
        "reactor_utilization": {
          "shard": "7",
          "value": 44.803194599999941
        }
      },
      {
        "reactor_utilization": {
          "shard": "8",
          "value": 46.793287779999851
        }
      },
      {
        "reactor_utilization": {
          "shard": "9",
          "value": 49.233315639999816
        }
      },
      {
        "reactor_utilization": {
          "shard": "10",
          "value": 44.136663440000603
        }
      },
      {
        "reactor_utilization": {
          "shard": "11",
          "value": 53.654397699999954
        }
      },
      {
        "reactor_utilization": {
          "shard": "12",
          "value": 35.793247819999976
        }
      },
      {
        "reactor_utilization": {
          "shard": "13",
          "value": 40.697939900000193
        }
      },
      {
        "reactor_utilization": {
          "shard": "14",
          "value": 50.881922819999851
        }
      },
      {
        "reactor_utilization": {
          "shard": "15",
          "value": 39.990203520000186
        }
      }
    ]
  },
  {
    "metrics": [
      {
        "reactor_utilization": {
          "shard": "0",
          "value": 40.612665939999893
        }
      },
      {
        "reactor_utilization": {
          "shard": "1",
          "value": 45.880581180000092
        }
      },
      {
        "reactor_utilization": {
          "shard": "2",
          "value": 40.871767579999876
        }
      },
      {
        "reactor_utilization": {
          "shard": "3",
          "value": 39.375397279999227
        }
      },
      {
        "reactor_utilization": {
          "shard": "4",
          "value": 33.481846999999696
        }
      },
      {
        "reactor_utilization": {
          "shard": "5",
          "value": 44.503837160000202
        }
      },
      {
        "reactor_utilization": {
          "shard": "6",
          "value": 43.657597259999562
        }
      },
      {
        "reactor_utilization": {
          "shard": "7",
          "value": 41.670794679999958
        }
      },
      {
        "reactor_utilization": {
          "shard": "8",
          "value": 35.889812439999844
        }
      },
      {
        "reactor_utilization": {
          "shard": "9",
          "value": 35.203288839999821
        }
      },
      {
        "reactor_utilization": {
          "shard": "10",
          "value": 39.4679907200006
        }
      },
      {
        "reactor_utilization": {
          "shard": "11",
          "value": 52.185745259999948
        }
      },
      {
        "reactor_utilization": {
          "shard": "12",
          "value": 29.23889449999999
        }
      },
      {
        "reactor_utilization": {
          "shard": "13",
          "value": 40.16343636000019
        }
      },
      {
        "reactor_utilization": {
          "shard": "14",
          "value": 36.335558479999833
        }
      },
      {
        "reactor_utilization": {
          "shard": "15",
          "value": 37.421248000000197
        }
      }
    ]
  },
  {
    "metrics": [
      {
        "reactor_utilization": {
          "shard": "0",
          "value": 40.306115499999898
        }
      },
      {
        "reactor_utilization": {
          "shard": "1",
          "value": 45.391097820000084
        }
      },
      {
        "reactor_utilization": {
          "shard": "2",
          "value": 45.818184899999892
        }
      },
      {
        "reactor_utilization": {
          "shard": "3",
          "value": 42.629960879999231
        }
      },
      {
        "reactor_utilization": {
          "shard": "4",
          "value": 36.858321699999721
        }
      },
      {
        "reactor_utilization": {
          "shard": "5",
          "value": 46.845307120000193
        }
      },
      {
        "reactor_utilization": {
          "shard": "6",
          "value": 44.052735919999563
        }
      },
      {
        "reactor_utilization": {
          "shard": "7",
          "value": 48.629332099999978
        }
      },
      {
        "reactor_utilization": {
          "shard": "8",
          "value": 39.253261439999832
        }
      },
      {
        "reactor_utilization": {
          "shard": "9",
          "value": 40.470708679999802
        }
      },
      {
        "reactor_utilization": {
          "shard": "10",
          "value": 48.003618520000593
        }
      },
      {
        "reactor_utilization": {
          "shard": "11",
          "value": 54.546204459999934
        }
      },
      {
        "reactor_utilization": {
          "shard": "12",
          "value": 38.507565679999999
        }
      },
      {
        "reactor_utilization": {
          "shard": "13",
          "value": 40.022704760000195
        }
      },
      {
        "reactor_utilization": {
          "shard": "14",
          "value": 36.589412099999826
        }
      },
      {
        "reactor_utilization": {
          "shard": "15",
          "value": 43.986054000000173
        }
      }
    ]
  },
  {
    "metrics": [
      {
        "reactor_utilization": {
          "shard": "0",
          "value": 43.717525639999891
        }
      },
      {
        "reactor_utilization": {
          "shard": "1",
          "value": 44.482108040000099
        }
      },
      {
        "reactor_utilization": {
          "shard": "2",
          "value": 43.043723719999896
        }
      },
      {
        "reactor_utilization": {
          "shard": "3",
          "value": 39.586713779999236
        }
      },
      {
        "reactor_utilization": {
          "shard": "4",
          "value": 32.952356459999685
        }
      },
      {
        "reactor_utilization": {
          "shard": "5",
          "value": 43.509422000000185
        }
      },
      {
        "reactor_utilization": {
          "shard": "6",
          "value": 30.766920979999579
        }
      },
      {
        "reactor_utilization": {
          "shard": "7",
          "value": 37.254519359999975
        }
      },
      {
        "reactor_utilization": {
          "shard": "8",
          "value": 38.637649179999833
        }
      },
      {
        "reactor_utilization": {
          "shard": "9",
          "value": 44.837919979999796
        }
      },
      {
        "reactor_utilization": {
          "shard": "10",
          "value": 44.357662100000603
        }
      },
      {
        "reactor_utilization": {
          "shard": "11",
          "value": 44.482538979999944
        }
      },
      {
        "reactor_utilization": {
          "shard": "12",
          "value": 24.479642240000011
        }
      },
      {
        "reactor_utilization": {
          "shard": "13",
          "value": 39.297558960000188
        }
      },
      {
        "reactor_utilization": {
          "shard": "14",
          "value": 44.256107939999822
        }
      },
      {
        "reactor_utilization": {
          "shard": "15",
          "value": 48.780279940000185
        }
      }
    ]
  },
  {
    "metrics": [
      {
        "reactor_utilization": {
          "shard": "0",
          "value": 40.59827791999988
        }
      },
      {
        "reactor_utilization": {
          "shard": "1",
          "value": 45.513931660000097
        }
      },
      {
        "reactor_utilization": {
          "shard": "2",
          "value": 32.505062299999885
        }
      },
      {
        "reactor_utilization": {
          "shard": "3",
          "value": 34.606901319999253
        }
      },
      {
        "reactor_utilization": {
          "shard": "4",
          "value": 39.252524919999708
        }
      },
      {
        "reactor_utilization": {
          "shard": "5",
          "value": 41.348240560000185
        }
      },
      {
        "reactor_utilization": {
          "shard": "6",
          "value": 39.96617435999957
        }
      },
      {
        "reactor_utilization": {
          "shard": "7",
          "value": 34.733693659999979
        }
      },
      {
        "reactor_utilization": {
          "shard": "8",
          "value": 31.519312219999819
        }
      },
      {
        "reactor_utilization": {
          "shard": "9",
          "value": 42.866602179999788
        }
      },
      {
        "reactor_utilization": {
          "shard": "10",
          "value": 36.484914820000625
        }
      },
      {
        "reactor_utilization": {
          "shard": "11",
          "value": 46.336656699999942
        }
      },
      {
        "reactor_utilization": {
          "shard": "12",
          "value": 35.987208760000009
        }
      },
      {
        "reactor_utilization": {
          "shard": "13",
          "value": 34.577450420000197
        }
      },
      {
        "reactor_utilization": {
          "shard": "14",
          "value": 32.078099659999815
        }
      },
      {
        "reactor_utilization": {
          "shard": "15",
          "value": 38.80169684000019
        }
      }
    ]
  },
  {
    "metrics": [
      {
        "reactor_utilization": {
          "shard": "0",
          "value": 36.643390219999873
        }
      },
      {
        "reactor_utilization": {
          "shard": "1",
          "value": 41.380346300000092
        }
      },
      {
        "reactor_utilization": {
          "shard": "2",
          "value": 39.863475479999892
        }
      },
      {
        "reactor_utilization": {
          "shard": "3",
          "value": 30.75497781999924
        }
      },
      {
        "reactor_utilization": {
          "shard": "4",
          "value": 33.800868899999706
        }
      },
      {
        "reactor_utilization": {
          "shard": "5",
          "value": 38.913788380000177
        }
      },
      {
        "reactor_utilization": {
          "shard": "6",
          "value": 38.839173459999557
        }
      },
      {
        "reactor_utilization": {
          "shard": "7",
          "value": 42.47753279999997
        }
      },
      {
        "reactor_utilization": {
          "shard": "8",
          "value": 33.92699693999981
        }
      },
      {
        "reactor_utilization": {
          "shard": "9",
          "value": 34.433003459999803
        }
      },
      {
        "reactor_utilization": {
          "shard": "10",
          "value": 37.228069080000637
        }
      },
      {
        "reactor_utilization": {
          "shard": "11",
          "value": 46.698658939999937
        }
      },
      {
        "reactor_utilization": {
          "shard": "12",
          "value": 35.382478400000039
        }
      },
      {
        "reactor_utilization": {
          "shard": "13",
          "value": 29.757386620000204
        }
      },
      {
        "reactor_utilization": {
          "shard": "14",
          "value": 33.91312689999981
        }
      },
      {
        "reactor_utilization": {
          "shard": "15",
          "value": 36.73995638000018
        }
      }
    ]
  },
  {
    "metrics": [
      {
        "reactor_utilization": {
          "shard": "0",
          "value": 36.821146719999874
        }
      },
      {
        "reactor_utilization": {
          "shard": "1",
          "value": 44.916374620000099
        }
      },
      {
        "reactor_utilization": {
          "shard": "2",
          "value": 30.235544199999875
        }
      },
      {
        "reactor_utilization": {
          "shard": "3",
          "value": 31.004961899999238
        }
      },
      {
        "reactor_utilization": {
          "shard": "4",
          "value": 32.525605299999704
        }
      },
      {
        "reactor_utilization": {
          "shard": "5",
          "value": 37.250780280000185
        }
      },
      {
        "reactor_utilization": {
          "shard": "6",
          "value": 32.613168419999575
        }
      },
      {
        "reactor_utilization": {
          "shard": "7",
          "value": 43.013173479999963
        }
      },
      {
        "reactor_utilization": {
          "shard": "8",
          "value": 37.201394479999806
        }
      },
      {
        "reactor_utilization": {
          "shard": "9",
          "value": 31.352415579999803
        }
      },
      {
        "reactor_utilization": {
          "shard": "10",
          "value": 37.674038500000641
        }
      },
      {
        "reactor_utilization": {
          "shard": "11",
          "value": 31.414154119999939
        }
      },
      {
        "reactor_utilization": {
          "shard": "12",
          "value": 34.657601520000036
        }
      },
      {
        "reactor_utilization": {
          "shard": "13",
          "value": 33.455546960000191
        }
      },
      {
        "reactor_utilization": {
          "shard": "14",
          "value": 36.085244239999817
        }
      },
      {
        "reactor_utilization": {
          "shard": "15",
          "value": 40.288722000000178
        }
      }
    ]
  },
  {
    "metrics": [
      {
        "reactor_utilization": {
          "shard": "0",
          "value": 42.062637139999879
        }
      },
      {
        "reactor_utilization": {
          "shard": "1",
          "value": 41.6445690400001
        }
      },
      {
        "reactor_utilization": {
          "shard": "2",
          "value": 36.476753799999884
        }
      },
      {
        "reactor_utilization": {
          "shard": "3",
          "value": 40.361295579999258
        }
      },
      {
        "reactor_utilization": {
          "shard": "4",
          "value": 40.865066959999716
        }
      },
      {
        "reactor_utilization": {
          "shard": "5",
          "value": 48.909493960000184
        }
      },
      {
        "reactor_utilization": {
          "shard": "6",
          "value": 35.311288179999579
        }
      },
      {
        "reactor_utilization": {
          "shard": "7",
          "value": 41.363958939999975
        }
      },
      {
        "reactor_utilization": {
          "shard": "8",
          "value": 38.012504919999813
        }
      },
      {
        "reactor_utilization": {
          "shard": "9",
          "value": 39.464677619999811
        }
      },
      {
        "reactor_utilization": {
          "shard": "10",
          "value": 42.26290892000064
        }
      },
      {
        "reactor_utilization": {
          "shard": "11",
          "value": 51.871475359999941
        }
      },
      {
        "reactor_utilization": {
          "shard": "12",
          "value": 34.194384040000038
        }
      },
      {
        "reactor_utilization": {
          "shard": "13",
          "value": 37.210758260000198
        }
      },
      {
        "reactor_utilization": {
          "shard": "14",
          "value": 50.255984159999812
        }
      },
      {
        "reactor_utilization": {
          "shard": "15",
          "value": 34.553578560000176
        }
      }
    ]
  },
  {
    "metrics": [
      {
        "reactor_utilization": {
          "shard": "0",
          "value": 35.019777079999905
        }
      },
      {
        "reactor_utilization": {
          "shard": "1",
          "value": 42.899252920000094
        }
      },
      {
        "reactor_utilization": {
          "shard": "2",
          "value": 37.599856779999875
        }
      },
      {
        "reactor_utilization": {
          "shard": "3",
          "value": 41.21038577999925
        }
      },
      {
        "reactor_utilization": {
          "shard": "4",
          "value": 31.561315819999724
        }
      },
      {
        "reactor_utilization": {
          "shard": "5",
          "value": 40.212018240000177
        }
      },
      {
        "reactor_utilization": {
          "shard": "6",
          "value": 41.299940839999593
        }
      },
      {
        "reactor_utilization": {
          "shard": "7",
          "value": 31.931607419999974
        }
      },
      {
        "reactor_utilization": {
          "shard": "8",
          "value": 40.046538919999804
        }
      },
      {
        "reactor_utilization": {
          "shard": "9",
          "value": 40.730626559999791
        }
      },
      {
        "reactor_utilization": {
          "shard": "10",
          "value": 34.185605360000629
        }
      },
      {
        "reactor_utilization": {
          "shard": "11",
          "value": 40.025254459999935
        }
      },
      {
        "reactor_utilization": {
          "shard": "12",
          "value": 41.221822800000055
        }
      },
      {
        "reactor_utilization": {
          "shard": "13",
          "value": 30.111981880000204
        }
      },
      {
        "reactor_utilization": {
          "shard": "14",
          "value": 42.862053719999814
        }
      },
      {
        "reactor_utilization": {
          "shard": "15",
          "value": 39.038097600000178
        }
      }
    ]
  },
  {
    "metrics": [
      {
        "reactor_utilization": {
          "shard": "0",
          "value": 43.551084579999902
        }
      },
      {
        "reactor_utilization": {
          "shard": "1",
          "value": 49.209119720000103
        }
      },
      {
        "reactor_utilization": {
          "shard": "2",
          "value": 34.339737659999884
        }
      },
      {
        "reactor_utilization": {
          "shard": "3",
          "value": 37.099548059999243
        }
      },
      {
        "reactor_utilization": {
          "shard": "4",
          "value": 32.292722339999735
        }
      },
      {
        "reactor_utilization": {
          "shard": "5",
          "value": 42.655687140000175
        }
      },
      {
        "reactor_utilization": {
          "shard": "6",
          "value": 43.5647634999996
        }
      },
      {
        "reactor_utilization": {
          "shard": "7",
          "value": 48.747966959999964
        }
      },
      {
        "reactor_utilization": {
          "shard": "8",
          "value": 41.519231819999817
        }
      },
      {
        "reactor_utilization": {
          "shard": "9",
          "value": 30.004427159999803
        }
      },
      {
        "reactor_utilization": {
          "shard": "10",
          "value": 50.40604590000062
        }
      },
      {
        "reactor_utilization": {
          "shard": "11",
          "value": 47.36325111999993
        }
      },
      {
        "reactor_utilization": {
          "shard": "12",
          "value": 33.779037880000033
        }
      },
      {
        "reactor_utilization": {
          "shard": "13",
          "value": 36.48293022000022
        }
      },
      {
        "reactor_utilization": {
          "shard": "14",
          "value": 49.198008619999811
        }
      },
      {
        "reactor_utilization": {
          "shard": "15",
          "value": 39.137725340000173
        }
      }
    ]
  },
  {
    "metrics": [
      {
        "reactor_utilization": {
          "shard": "0",
          "value": 36.95834657999989
        }
      },
      {
        "reactor_utilization": {
          "shard": "1",
          "value": 36.527201940000111
        }
      },
      {
        "reactor_utilization": {
          "shard": "2",
          "value": 36.680553999999873
        }
      },
      {
        "reactor_utilization": {
          "shard": "3",
          "value": 29.695953259999229
        }
      },
      {
        "reactor_utilization": {
          "shard": "4",
          "value": 31.817939619999748
        }
      },
      {
        "reactor_utilization": {
          "shard": "5",
          "value": 39.55040760000017
        }
      },
      {
        "reactor_utilization": {
          "shard": "6",
          "value": 40.511244939999614
        }
      },
      {
        "reactor_utilization": {
          "shard": "7",
          "value": 35.896334779999961
        }
      },
      {
        "reactor_utilization": {
          "shard": "8",
          "value": 39.9006257799998
        }
      },
      {
        "reactor_utilization": {
          "shard": "9",
          "value": 40.876745579999799
        }
      },
      {
        "reactor_utilization": {
          "shard": "10",
          "value": 41.728471880000626
        }
      },
      {
        "reactor_utilization": {
          "shard": "11",
          "value": 45.91622629999992
        }
      },
      {
        "reactor_utilization": {
          "shard": "12",
          "value": 26.641221040000019
        }
      },
      {
        "reactor_utilization": {
          "shard": "13",
          "value": 36.529345900000209
        }
      },
      {
        "reactor_utilization": {
          "shard": "14",
          "value": 42.4301769799998
        }
      },
      {
        "reactor_utilization": {
          "shard": "15",
          "value": 30.542822100000166
        }
      }
    ]
  },
  {
    "metrics": [
      {
        "reactor_utilization": {
          "shard": "0",
          "value": 45.081607579999883
        }
      },
      {
        "reactor_utilization": {
          "shard": "1",
          "value": 37.740666300000115
        }
      },
      {
        "reactor_utilization": {
          "shard": "2",
          "value": 32.743900599999861
        }
      },
      {
        "reactor_utilization": {
          "shard": "3",
          "value": 32.514983199999214
        }
      },
      {
        "reactor_utilization": {
          "shard": "4",
          "value": 35.608214599999769
        }
      },
      {
        "reactor_utilization": {
          "shard": "5",
          "value": 39.671464240000162
        }
      },
      {
        "reactor_utilization": {
          "shard": "6",
          "value": 43.409598199999635
        }
      },
      {
        "reactor_utilization": {
          "shard": "7",
          "value": 44.590900159999961
        }
      },
      {
        "reactor_utilization": {
          "shard": "8",
          "value": 44.295598839999798
        }
      },
      {
        "reactor_utilization": {
          "shard": "9",
          "value": 32.741353279999799
        }
      },
      {
        "reactor_utilization": {
          "shard": "10",
          "value": 44.699081360000626
        }
      },
      {
        "reactor_utilization": {
          "shard": "11",
          "value": 51.317775719999915
        }
      },
      {
        "reactor_utilization": {
          "shard": "12",
          "value": 35.38803980000003
        }
      },
      {
        "reactor_utilization": {
          "shard": "13",
          "value": 43.247445540000214
        }
      },
      {
        "reactor_utilization": {
          "shard": "14",
          "value": 39.871737079999789
        }
      },
      {
        "reactor_utilization": {
          "shard": "15",
          "value": 42.150737060000154
        }
      }
    ]
  },
  {
    "metrics": [
      {
        "reactor_utilization": {
          "shard": "0",
          "value": 40.928259279999871
        }
      },
      {
        "reactor_utilization": {
          "shard": "1",
          "value": 46.421041200000111
        }
      },
      {
        "reactor_utilization": {
          "shard": "2",
          "value": 38.364560979999865
        }
      },
      {
        "reactor_utilization": {
          "shard": "3",
          "value": 35.026979539999225
        }
      },
      {
        "reactor_utilization": {
          "shard": "4",
          "value": 44.252590279999751
        }
      },
      {
        "reactor_utilization": {
          "shard": "5",
          "value": 46.528928340000149
        }
      },
      {
        "reactor_utilization": {
          "shard": "6",
          "value": 43.876023739999624
        }
      },
      {
        "reactor_utilization": {
          "shard": "7",
          "value": 41.946825199999957
        }
      },
      {
        "reactor_utilization": {
          "shard": "8",
          "value": 39.323983199999802
        }
      },
      {
        "reactor_utilization": {
          "shard": "9",
          "value": 41.517052779999794
        }
      },
      {
        "reactor_utilization": {
          "shard": "10",
          "value": 40.778433020000612
        }
      },
      {
        "reactor_utilization": {
          "shard": "11",
          "value": 43.808727479999909
        }
      },
      {
        "reactor_utilization": {
          "shard": "12",
          "value": 45.841415220000037
        }
      },
      {
        "reactor_utilization": {
          "shard": "13",
          "value": 46.638132820000209
        }
      },
      {
        "reactor_utilization": {
          "shard": "14",
          "value": 38.308738519999785
        }
      },
      {
        "reactor_utilization": {
          "shard": "15",
          "value": 43.577408440000156
        }
      }
    ]
  },
  {
    "metrics": [
      {
        "reactor_utilization": {
          "shard": "0",
          "value": 53.283969219999875
        }
      },
      {
        "reactor_utilization": {
          "shard": "1",
          "value": 50.886166400000121
        }
      },
      {
        "reactor_utilization": {
          "shard": "2",
          "value": 37.002626839999863
        }
      },
      {
        "reactor_utilization": {
          "shard": "3",
          "value": 47.330571179999211
        }
      },
      {
        "reactor_utilization": {
          "shard": "4",
          "value": 40.941435899999753
        }
      },
      {
        "reactor_utilization": {
          "shard": "5",
          "value": 59.169089260000149
        }
      },
      {
        "reactor_utilization": {
          "shard": "6",
          "value": 42.453944659999607
        }
      },
      {
        "reactor_utilization": {
          "shard": "7",
          "value": 47.89268579999996
        }
      },
      {
        "reactor_utilization": {
          "shard": "8",
          "value": 41.206505839999799
        }
      },
      {
        "reactor_utilization": {
          "shard": "9",
          "value": 45.659843379999799
        }
      },
      {
        "reactor_utilization": {
          "shard": "10",
          "value": 56.938748520000601
        }
      },
      {
        "reactor_utilization": {
          "shard": "11",
          "value": 55.432601859999906
        }
      },
      {
        "reactor_utilization": {
          "shard": "12",
          "value": 40.604634860000047
        }
      },
      {
        "reactor_utilization": {
          "shard": "13",
          "value": 43.396335660000219
        }
      },
      {
        "reactor_utilization": {
          "shard": "14",
          "value": 41.102686259999778
        }
      },
      {
        "reactor_utilization": {
          "shard": "15",
          "value": 44.538034060000143
        }
      }
    ]
  },
  {
    "metrics": [
      {
        "reactor_utilization": {
          "shard": "0",
          "value": 51.867508019999875
        }
      },
      {
        "reactor_utilization": {
          "shard": "1",
          "value": 52.205101940000119
        }
      },
      {
        "reactor_utilization": {
          "shard": "2",
          "value": 45.500748719999848
        }
      },
      {
        "reactor_utilization": {
          "shard": "3",
          "value": 45.341851079999209
        }
      },
      {
        "reactor_utilization": {
          "shard": "4",
          "value": 45.858716419999759
        }
      },
      {
        "reactor_utilization": {
          "shard": "5",
          "value": 56.020064160000146
        }
      },
      {
        "reactor_utilization": {
          "shard": "6",
          "value": 44.367940139999618
        }
      },
      {
        "reactor_utilization": {
          "shard": "7",
          "value": 56.178119619999968
        }
      },
      {
        "reactor_utilization": {
          "shard": "8",
          "value": 45.53690917999981
        }
      },
      {
        "reactor_utilization": {
          "shard": "9",
          "value": 39.862360499999795
        }
      },
      {
        "reactor_utilization": {
          "shard": "10",
          "value": 43.366577940000603
        }
      },
      {
        "reactor_utilization": {
          "shard": "11",
          "value": 53.56832491999991
        }
      },
      {
        "reactor_utilization": {
          "shard": "12",
          "value": 43.038053180000048
        }
      },
      {
        "reactor_utilization": {
          "shard": "13",
          "value": 48.209635960000227
        }
      },
      {
        "reactor_utilization": {
          "shard": "14",
          "value": 55.74711121999978
        }
      },
      {
        "reactor_utilization": {
          "shard": "15",
          "value": 51.320273440000143
        }
      }
    ]
  },
  {
    "metrics": [
      {
        "reactor_utilization": {
          "shard": "0",
          "value": 54.943278719999874
        }
      },
      {
        "reactor_utilization": {
          "shard": "1",
          "value": 45.791572060000128
        }
      },
      {
        "reactor_utilization": {
          "shard": "2",
          "value": 48.701659719999846
        }
      },
      {
        "reactor_utilization": {
          "shard": "3",
          "value": 49.485217679999217
        }
      },
      {
        "reactor_utilization": {
          "shard": "4",
          "value": 44.803623699999761
        }
      },
      {
        "reactor_utilization": {
          "shard": "5",
          "value": 52.60809108000015
        }
      },
      {
        "reactor_utilization": {
          "shard": "6",
          "value": 50.56420021999962
        }
      },
      {
        "reactor_utilization": {
          "shard": "7",
          "value": 49.361910579999993
        }
      },
      {
        "reactor_utilization": {
          "shard": "8",
          "value": 49.297278439999801
        }
      },
      {
        "reactor_utilization": {
          "shard": "9",
          "value": 45.727653339999783
        }
      },
      {
        "reactor_utilization": {
          "shard": "10",
          "value": 52.905559220000598
        }
      },
      {
        "reactor_utilization": {
          "shard": "11",
          "value": 54.895322479999898
        }
      },
      {
        "reactor_utilization": {
          "shard": "12",
          "value": 42.016684060000053
        }
      },
      {
        "reactor_utilization": {
          "shard": "13",
          "value": 50.15020030000025
        }
      },
      {
        "reactor_utilization": {
          "shard": "14",
          "value": 47.541174999999768
        }
      },
      {
        "reactor_utilization": {
          "shard": "15",
          "value": 49.02617550000015
        }
      }
    ]
  },
  {
    "metrics": [
      {
        "reactor_utilization": {
          "shard": "0",
          "value": 47.547564999999892
        }
      },
      {
        "reactor_utilization": {
          "shard": "1",
          "value": 50.299063740000129
        }
      },
      {
        "reactor_utilization": {
          "shard": "2",
          "value": 45.837403579999858
        }
      },
      {
        "reactor_utilization": {
          "shard": "3",
          "value": 49.727859179999214
        }
      },
      {
        "reactor_utilization": {
          "shard": "4",
          "value": 41.574092399999763
        }
      },
      {
        "reactor_utilization": {
          "shard": "5",
          "value": 49.178215640000154
        }
      },
      {
        "reactor_utilization": {
          "shard": "6",
          "value": 45.508561039999641
        }
      },
      {
        "reactor_utilization": {
          "shard": "7",
          "value": 45.685572719999989
        }
      },
      {
        "reactor_utilization": {
          "shard": "8",
          "value": 42.495915279999799
        }
      },
      {
        "reactor_utilization": {
          "shard": "9",
          "value": 43.84328741999979
        }
      },
      {
        "reactor_utilization": {
          "shard": "10",
          "value": 37.568533700000607
        }
      },
      {
        "reactor_utilization": {
          "shard": "11",
          "value": 50.044355959999898
        }
      },
      {
        "reactor_utilization": {
          "shard": "12",
          "value": 32.268546320000056
        }
      },
      {
        "reactor_utilization": {
          "shard": "13",
          "value": 46.220997840000244
        }
      },
      {
        "reactor_utilization": {
          "shard": "14",
          "value": 49.722873079999765
        }
      },
      {
        "reactor_utilization": {
          "shard": "15",
          "value": 41.390118180000144
        }
      }
    ]
  },
  {
    "metrics": [
      {
        "reactor_utilization": {
          "shard": "0",
          "value": 44.953306739999888
        }
      },
      {
        "reactor_utilization": {
          "shard": "1",
          "value": 46.004367800000125
        }
      },
      {
        "reactor_utilization": {
          "shard": "2",
          "value": 40.207214879999867
        }
      },
      {
        "reactor_utilization": {
          "shard": "3",
          "value": 41.920953299999212
        }
      },
      {
        "reactor_utilization": {
          "shard": "4",
          "value": 40.779302339999767
        }
      },
      {
        "reactor_utilization": {
          "shard": "5",
          "value": 50.955489120000152
        }
      },
      {
        "reactor_utilization": {
          "shard": "6",
          "value": 48.347703379999643
        }
      },
      {
        "reactor_utilization": {
          "shard": "7",
          "value": 47.944201339999978
        }
      },
      {
        "reactor_utilization": {
          "shard": "8",
          "value": 48.186034119999789
        }
      },
      {
        "reactor_utilization": {
          "shard": "9",
          "value": 45.479058799999784
        }
      },
      {
        "reactor_utilization": {
          "shard": "10",
          "value": 54.769689260000597
        }
      },
      {
        "reactor_utilization": {
          "shard": "11",
          "value": 49.332253779999888
        }
      },
      {
        "reactor_utilization": {
          "shard": "12",
          "value": 39.788144840000058
        }
      },
      {
        "reactor_utilization": {
          "shard": "13",
          "value": 46.987050520000238
        }
      },
      {
        "reactor_utilization": {
          "shard": "14",
          "value": 44.430604799999763
        }
      },
      {
        "reactor_utilization": {
          "shard": "15",
          "value": 46.398906480000143
        }
      }
    ]
  },
  {
    "metrics": [
      {
        "reactor_utilization": {
          "shard": "0",
          "value": 46.862604659999882
        }
      },
      {
        "reactor_utilization": {
          "shard": "1",
          "value": 55.544660160000127
        }
      },
      {
        "reactor_utilization": {
          "shard": "2",
          "value": 42.474113299999857
        }
      },
      {
        "reactor_utilization": {
          "shard": "3",
          "value": 40.694728879999232
        }
      },
      {
        "reactor_utilization": {
          "shard": "4",
          "value": 35.530772339999764
        }
      },
      {
        "reactor_utilization": {
          "shard": "5",
          "value": 46.74925160000015
        }
      },
      {
        "reactor_utilization": {
          "shard": "6",
          "value": 44.92571235999965
        }
      },
      {
        "reactor_utilization": {
          "shard": "7",
          "value": 42.392320539999986
        }
      },
      {
        "reactor_utilization": {
          "shard": "8",
          "value": 38.822437439999781
        }
      },
      {
        "reactor_utilization": {
          "shard": "9",
          "value": 35.877185279999765
        }
      },
      {
        "reactor_utilization": {
          "shard": "10",
          "value": 43.685021220000586
        }
      },
      {
        "reactor_utilization": {
          "shard": "11",
          "value": 54.182707699999888
        }
      },
      {
        "reactor_utilization": {
          "shard": "12",
          "value": 27.754567400000052
        }
      },
      {
        "reactor_utilization": {
          "shard": "13",
          "value": 38.662998400000248
        }
      },
      {
        "reactor_utilization": {
          "shard": "14",
          "value": 46.963086959999757
        }
      },
      {
        "reactor_utilization": {
          "shard": "15",
          "value": 34.638339540000153
        }
      }
    ]
  },
  {
    "metrics": [
      {
        "reactor_utilization": {
          "shard": "0",
          "value": 51.63223467999989
        }
      },
      {
        "reactor_utilization": {
          "shard": "1",
          "value": 53.296079960000142
        }
      },
      {
        "reactor_utilization": {
          "shard": "2",
          "value": 66.187107819999852
        }
      },
      {
        "reactor_utilization": {
          "shard": "3",
          "value": 56.822513999999224
        }
      },
      {
        "reactor_utilization": {
          "shard": "4",
          "value": 42.354646479999758
        }
      },
      {
        "reactor_utilization": {
          "shard": "5",
          "value": 61.056093180000168
        }
      },
      {
        "reactor_utilization": {
          "shard": "6",
          "value": 53.165183719999639
        }
      },
      {
        "reactor_utilization": {
          "shard": "7",
          "value": 60.480681659999981
        }
      },
      {
        "reactor_utilization": {
          "shard": "8",
          "value": 49.07068945999977
        }
      },
      {
        "reactor_utilization": {
          "shard": "9",
          "value": 54.938925959999771
        }
      },
      {
        "reactor_utilization": {
          "shard": "10",
          "value": 61.07588020000059
        }
      },
      {
        "reactor_utilization": {
          "shard": "11",
          "value": 68.407297799999895
        }
      },
      {
        "reactor_utilization": {
          "shard": "12",
          "value": 54.00480344000006
        }
      },
      {
        "reactor_utilization": {
          "shard": "13",
          "value": 52.296379480000255
        }
      },
      {
        "reactor_utilization": {
          "shard": "14",
          "value": 41.288937619999764
        }
      },
      {
        "reactor_utilization": {
          "shard": "15",
          "value": 59.370451540000133
        }
      }
    ]
  },
  {
    "metrics": [
      {
        "reactor_utilization": {
          "shard": "0",
          "value": 52.979582419999879
        }
      },
      {
        "reactor_utilization": {
          "shard": "1",
          "value": 59.105661080000139
        }
      },
      {
        "reactor_utilization": {
          "shard": "2",
          "value": 47.472094699999843
        }
      },
      {
        "reactor_utilization": {
          "shard": "3",
          "value": 42.543365719999237
        }
      },
      {
        "reactor_utilization": {
          "shard": "4",
          "value": 49.514810319999761
        }
      },
      {
        "reactor_utilization": {
          "shard": "5",
          "value": 51.617607560000167
        }
      },
      {
        "reactor_utilization": {
          "shard": "6",
          "value": 43.10223987999963
        }
      },
      {
        "reactor_utilization": {
          "shard": "7",
          "value": 45.804945139999987
        }
      },
      {
        "reactor_utilization": {
          "shard": "8",
          "value": 38.982616339999765
        }
      },
      {
        "reactor_utilization": {
          "shard": "9",
          "value": 55.685381659999763
        }
      },
      {
        "reactor_utilization": {
          "shard": "10",
          "value": 51.196786500000577
        }
      },
      {
        "reactor_utilization": {
          "shard": "11",
          "value": 55.0025675199999
        }
      },
      {
        "reactor_utilization": {
          "shard": "12",
          "value": 34.200723220000071
        }
      },
      {
        "reactor_utilization": {
          "shard": "13",
          "value": 47.327207500000256
        }
      },
      {
        "reactor_utilization": {
          "shard": "14",
          "value": 47.881204719999758
        }
      },
      {
        "reactor_utilization": {
          "shard": "15",
          "value": 51.82451960000013
        }
      }
    ]
  },
  {
    "metrics": [
      {
        "reactor_utilization": {
          "shard": "0",
          "value": 47.834884379999878
        }
      },
      {
        "reactor_utilization": {
          "shard": "1",
          "value": 55.150237980000142
        }
      },
      {
        "reactor_utilization": {
          "shard": "2",
          "value": 42.894198579999831
        }
      },
      {
        "reactor_utilization": {
          "shard": "3",
          "value": 43.772837079999249
        }
      },
      {
        "reactor_utilization": {
          "shard": "4",
          "value": 43.935545479999774
        }
      },
      {
        "reactor_utilization": {
          "shard": "5",
          "value": 48.340766860000173
        }
      },
      {
        "reactor_utilization": {
          "shard": "6",
          "value": 49.380845859999631
        }
      },
      {
        "reactor_utilization": {
          "shard": "7",
          "value": 44.90165549999999
        }
      },
      {
        "reactor_utilization": {
          "shard": "8",
          "value": 52.538594479999759
        }
      },
      {
        "reactor_utilization": {
          "shard": "9",
          "value": 45.561501999999763
        }
      },
      {
        "reactor_utilization": {
          "shard": "10",
          "value": 44.072905860000589
        }
      },
      {
        "reactor_utilization": {
          "shard": "11",
          "value": 54.164270239999901
        }
      },
      {
        "reactor_utilization": {
          "shard": "12",
          "value": 47.199357820000067
        }
      },
      {
        "reactor_utilization": {
          "shard": "13",
          "value": 39.148668100000272
        }
      },
      {
        "reactor_utilization": {
          "shard": "14",
          "value": 45.693355919999782
        }
      },
      {
        "reactor_utilization": {
          "shard": "15",
          "value": 45.691113880000131
        }
      }
    ]
  },
  {
    "metrics": [
      {
        "reactor_utilization": {
          "shard": "0",
          "value": 54.852427859999878
        }
      },
      {
        "reactor_utilization": {
          "shard": "1",
          "value": 61.720279380000129
        }
      },
      {
        "reactor_utilization": {
          "shard": "2",
          "value": 45.839287959999844
        }
      },
      {
        "reactor_utilization": {
          "shard": "3",
          "value": 41.563315859999264
        }
      },
      {
        "reactor_utilization": {
          "shard": "4",
          "value": 45.965779759999791
        }
      },
      {
        "reactor_utilization": {
          "shard": "5",
          "value": 55.160230220000187
        }
      },
      {
        "reactor_utilization": {
          "shard": "6",
          "value": 45.810794639999628
        }
      },
      {
        "reactor_utilization": {
          "shard": "7",
          "value": 66.145212600000008
        }
      },
      {
        "reactor_utilization": {
          "shard": "8",
          "value": 48.442981359999763
        }
      },
      {
        "reactor_utilization": {
          "shard": "9",
          "value": 44.294240499999781
        }
      },
      {
        "reactor_utilization": {
          "shard": "10",
          "value": 54.522213160000597
        }
      },
      {
        "reactor_utilization": {
          "shard": "11",
          "value": 55.900422339999892
        }
      },
      {
        "reactor_utilization": {
          "shard": "12",
          "value": 49.04608338000007
        }
      },
      {
        "reactor_utilization": {
          "shard": "13",
          "value": 50.68980940000025
        }
      },
      {
        "reactor_utilization": {
          "shard": "14",
          "value": 53.31880061999977
        }
      },
      {
        "reactor_utilization": {
          "shard": "15",
          "value": 50.137276900000138
        }
      }
    ]
  },
  {
    "metrics": [
      {
        "reactor_utilization": {
          "shard": "0",
          "value": 47.511071119999883
        }
      },
      {
        "reactor_utilization": {
          "shard": "1",
          "value": 57.638998060000127
        }
      },
      {
        "reactor_utilization": {
          "shard": "2",
          "value": 50.411364939999835
        }
      },
      {
        "reactor_utilization": {
          "shard": "3",
          "value": 59.246971159999262
        }
      },
      {
        "reactor_utilization": {
          "shard": "4",
          "value": 48.560445579999801
        }
      },
      {
        "reactor_utilization": {
          "shard": "5",
          "value": 62.517743740000178
        }
      },
      {
        "reactor_utilization": {
          "shard": "6",
          "value": 49.121204759999628
        }
      },
      {
        "reactor_utilization": {
          "shard": "7",
          "value": 43.437826260000001
        }
      },
      {
        "reactor_utilization": {
          "shard": "8",
          "value": 53.753851119999752
        }
      },
      {
        "reactor_utilization": {
          "shard": "9",
          "value": 54.755122959999781
        }
      },
      {
        "reactor_utilization": {
          "shard": "10",
          "value": 51.633103380000598
        }
      },
      {
        "reactor_utilization": {
          "shard": "11",
          "value": 60.580713579999902
        }
      },
      {
        "reactor_utilization": {
          "shard": "12",
          "value": 54.086909460000065
        }
      },
      {
        "reactor_utilization": {
          "shard": "13",
          "value": 47.184913240000249
        }
      },
      {
        "reactor_utilization": {
          "shard": "14",
          "value": 61.854311339999768
        }
      },
      {
        "reactor_utilization": {
          "shard": "15",
          "value": 58.370641700000149
        }
      }
    ]
  }
]
