[
  {
    "metrics": [
      {
        "reactor_utilization": {
          "shard": "0",
          "value": 39.036606740000067
        }
      },
      {
        "reactor_utilization": {
          "shard": "1",
          "value": 37.810442680000037
        }
      },
      {
        "reactor_utilization": {
          "shard": "2",
          "value": 32.401142659999735
        }
      },
      {
        "reactor_utilization": {
          "shard": "3",
          "value": 33.035806599999276
        }
      },
      {
        "reactor_utilization": {
          "shard": "4",
          "value": 32.31171351999982
        }
      },
      {
        "reactor_utilization": {
          "shard": "5",
          "value": 32.582975319999989
        }
      },
      {
        "reactor_utilization": {
          "shard": "6",
          "value": 32.8695986999995
        }
      },
      {
        "reactor_utilization": {
          "shard": "7",
          "value": 22.387616179999959
        }
      },
      {
        "reactor_utilization": {
          "shard": "8",
          "value": 39.548993799999664
        }
      },
      {
        "reactor_utilization": {
          "shard": "9",
          "value": 51.215492659999875
        }
      },
      {
        "reactor_utilization": {
          "shard": "10",
          "value": 40.595681040000777
        }
      },
      {
        "reactor_utilization": {
          "shard": "11",
          "value": 29.567493619999841
        }
      },
      {
        "reactor_utilization": {
          "shard": "12",
          "value": 40.677617059999847
        }
      },
      {
        "reactor_utilization": {
          "shard": "13",
          "value": 42.8515158800002
        }
      },
      {
        "reactor_utilization": {
          "shard": "14",
          "value": 34.68986387999999
        }
      },
      {
        "reactor_utilization": {
          "shard": "15",
          "value": 37.919335460000291
        }
      }
    ]
  },
  {
    "metrics": [
      {
        "reactor_utilization": {
          "shard": "0",
          "value": 32.666822440000075
        }
      },
      {
        "reactor_utilization": {
          "shard": "1",
          "value": 39.792927060000025
        }
      },
      {
        "reactor_utilization": {
          "shard": "2",
          "value": 33.807918879999718
        }
      },
      {
        "reactor_utilization": {
          "shard": "3",
          "value": 29.714979279999266
        }
      },
      {
        "reactor_utilization": {
          "shard": "4",
          "value": 29.402691719999808
        }
      },
      {
        "reactor_utilization": {
          "shard": "5",
          "value": 41.261649319999982
        }
      },
      {
        "reactor_utilization": {
          "shard": "6",
          "value": 36.492129799999518
        }
      },
      {
        "reactor_utilization": {
          "shard": "7",
          "value": 32.031407899999941
        }
      },
      {
        "reactor_utilization": {
          "shard": "8",
          "value": 42.53718571999967
        }
      },
      {
        "reactor_utilization": {
          "shard": "9",
          "value": 39.558702759999861
        }
      },
      {
        "reactor_utilization": {
          "shard": "10",
          "value": 39.312661120000783
        }
      },
      {
        "reactor_utilization": {
          "shard": "11",
          "value": 36.043599879999832
        }
      },
      {
        "reactor_utilization": {
          "shard": "12",
          "value": 34.305969599999855
        }
      },
      {
        "reactor_utilization": {
          "shard": "13",
          "value": 43.876896640000204
        }
      },
      {
        "reactor_utilization": {
          "shard": "14",
          "value": 36.189697540000012
        }
      },
      {
        "reactor_utilization": {
          "shard": "15",
          "value": 35.647717860000292
        }
      }
    ]
  },
  {
    "metrics": [
      {
        "reactor_utilization": {
          "shard": "0",
          "value": 35.67333256000007
        }
      },
      {
        "reactor_utilization": {
          "shard": "1",
          "value": 38.396262560000025
        }
      },
      {
        "reactor_utilization": {
          "shard": "2",
          "value": 34.715356059999714
        }
      },
      {
        "reactor_utilization": {
          "shard": "3",
          "value": 31.515600659999254
        }
      },
      {
        "reactor_utilization": {
          "shard": "4",
          "value": 34.597071179999816
        }
      },
      {
        "reactor_utilization": {
          "shard": "5",
          "value": 31.314685159999978
        }
      },
      {
        "reactor_utilization": {
          "shard": "6",
          "value": 40.271485999999513
        }
      },
      {
        "reactor_utilization": {
          "shard": "7",
          "value": 32.286728299999936
        }
      },
      {
        "reactor_utilization": {
          "shard": "8",
          "value": 40.372877519999676
        }
      },
      {
        "reactor_utilization": {
          "shard": "9",
          "value": 42.508413859999862
        }
      },
      {
        "reactor_utilization": {
          "shard": "10",
          "value": 37.736816220000769
        }
      },
      {
        "reactor_utilization": {
          "shard": "11",
          "value": 36.178128939999851
        }
      },
      {
        "reactor_utilization": {
          "shard": "12",
          "value": 36.970445159999862
        }
      },
      {
        "reactor_utilization": {
          "shard": "13",
          "value": 38.503969420000196
        }
      },
      {
        "reactor_utilization": {
          "shard": "14",
          "value": 38.024967740000015
        }
      },
      {
        "reactor_utilization": {
          "shard": "15",
          "value": 35.657379160000289
        }
      }
    ]
  },
  {
    "metrics": [
      {
        "reactor_utilization": {
          "shard": "0",
          "value": 29.769753280000089
        }
      },
      {
        "reactor_utilization": {
          "shard": "1",
          "value": 40.052924720000028
        }
      },
      {
        "reactor_utilization": {
          "shard": "2",
          "value": 39.329619099999711
        }
      },
      {
        "reactor_utilization": {
          "shard": "3",
          "value": 33.87339033999924
        }
      },
      {
        "reactor_utilization": {
          "shard": "4",
          "value": 28.916065619999809
        }
      },
      {
        "reactor_utilization": {
          "shard": "5",
          "value": 33.513768499999976
        }
      },
      {
        "reactor_utilization": {
          "shard": "6",
          "value": 38.700260959999525
        }
      },
      {
        "reactor_utilization": {
          "shard": "7",
          "value": 33.085441739999929
        }
      },
      {
        "reactor_utilization": {
          "shard": "8",
          "value": 33.07484775999967
        }
      },
      {
        "reactor_utilization": {
          "shard": "9",
          "value": 38.808947819999858
        }
      },
      {
        "reactor_utilization": {
          "shard": "10",
          "value": 44.215302680000768
        }
      },
      {
        "reactor_utilization": {
          "shard": "11",
          "value": 41.459418719999839
        }
      },
      {
        "reactor_utilization": {
          "shard": "12",
          "value": 39.625991699999886
        }
      },
      {
        "reactor_utilization": {
          "shard": "13",
          "value": 40.287705300000198
        }
      },
      {
        "reactor_utilization": {
          "shard": "14",
          "value": 27.542683420000003
        }
      },
      {
        "reactor_utilization": {
          "shard": "15",
          "value": 41.862819560000311
        }
      }
    ]
  },
  {
    "metrics": [
      {
        "reactor_utilization": {
          "shard": "0",
          "value": 36.981490180000087
        }
      },
      {
        "reactor_utilization": {
          "shard": "1",
          "value": 42.608457960000038
        }
      },
      {
        "reactor_utilization": {
          "shard": "2",
          "value": 38.523440199999705
        }
      },
      {
        "reactor_utilization": {
          "shard": "3",
          "value": 31.012430979999252
        }
      },
      {
        "reactor_utilization": {
          "shard": "4",
          "value": 30.768629039999816
        }
      },
      {
        "reactor_utilization": {
          "shard": "5",
          "value": 32.09518779999997
        }
      },
      {
        "reactor_utilization": {
          "shard": "6",
          "value": 35.17323209999951
        }
      },
      {
        "reactor_utilization": {
          "shard": "7",
          "value": 35.509205099999932
        }
      },
      {
        "reactor_utilization": {
          "shard": "8",
          "value": 44.364961339999667
        }
      },
      {
        "reactor_utilization": {
          "shard": "9",
          "value": 43.31111083999987
        }
      },
      {
        "reactor_utilization": {
          "shard": "10",
          "value": 44.410384720000764
        }
      },
      {
        "reactor_utilization": {
          "shard": "11",
          "value": 33.237164079999836
        }
      },
      {
        "reactor_utilization": {
          "shard": "12",
          "value": 35.008988299999878
        }
      },
      {
        "reactor_utilization": {
          "shard": "13",
          "value": 40.472748920000193
        }
      },
      {
        "reactor_utilization": {
          "shard": "14",
          "value": 34.20769279999999
        }
      },
      {
        "reactor_utilization": {
          "shard": "15",
          "value": 41.702231800000298
        }
      }
    ]
  },
  {
    "metrics": [
      {
        "reactor_utilization": {
          "shard": "0",
          "value": 40.16043296000008
        }
      },
      {
        "reactor_utilization": {
          "shard": "1",
          "value": 43.65859932000005
        }
      },
      {
        "reactor_utilization": {
          "shard": "2",
          "value": 32.706897759999705
        }
      },
      {
        "reactor_utilization": {
          "shard": "3",
          "value": 34.373888619999263
        }
      },
      {
        "reactor_utilization": {
          "shard": "4",
          "value": 31.774842399999827
        }
      },
      {
        "reactor_utilization": {
          "shard": "5",
          "value": 34.689130059999982
        }
      },
      {
        "reactor_utilization": {
          "shard": "6",
          "value": 29.372803419999517
        }
      },
      {
        "reactor_utilization": {
          "shard": "7",
          "value": 29.977787099999929
        }
      },
      {
        "reactor_utilization": {
          "shard": "8",
          "value": 37.216421439999671
        }
      },
      {
        "reactor_utilization": {
          "shard": "9",
          "value": 55.792808399999871
        }
      },
      {
        "reactor_utilization": {
          "shard": "10",
          "value": 40.133120340000758
        }
      },
      {
        "reactor_utilization": {
          "shard": "11",
          "value": 37.366049299999851
        }
      },
      {
        "reactor_utilization": {
          "shard": "12",
          "value": 38.936468459999872
        }
      },
      {
        "reactor_utilization": {
          "shard": "13",
          "value": 37.711656700000198
        }
      },
      {
        "reactor_utilization": {
          "shard": "14",
          "value": 40.515512980000011
        }
      },
      {
        "reactor_utilization": {
          "shard": "15",
          "value": 47.561143320000312
        }
      }
    ]
  },
  {
    "metrics": [
      {
        "reactor_utilization": {
          "shard": "0",
          "value": 38.20644366000009
        }
      },
      {
        "reactor_utilization": {
          "shard": "1",
          "value": 44.957098380000041
        }
      },
      {
        "reactor_utilization": {
          "shard": "2",
          "value": 36.274575559999697
        }
      },
      {
        "reactor_utilization": {
          "shard": "3",
          "value": 32.509261719999273
        }
      },
      {
        "reactor_utilization": {
          "shard": "4",
          "value": 41.489478819999817
        }
      },
      {
        "reactor_utilization": {
          "shard": "5",
          "value": 39.645397999999986
        }
      },
      {
        "reactor_utilization": {
          "shard": "6",
          "value": 41.403586619999501
        }
      },
      {
        "reactor_utilization": {
          "shard": "7",
          "value": 34.495125439999931
        }
      },
      {
        "reactor_utilization": {
          "shard": "8",
          "value": 38.075349999999666
        }
      },
      {
        "reactor_utilization": {
          "shard": "9",
          "value": 41.523579559999867
        }
      },
      {
        "reactor_utilization": {
          "shard": "10",
          "value": 43.560849860000758
        }
      },
      {
        "reactor_utilization": {
          "shard": "11",
          "value": 43.587076379999843
        }
      },
      {
        "reactor_utilization": {
          "shard": "12",
          "value": 45.661656079999879
        }
      },
      {
        "reactor_utilization": {
          "shard": "13",
          "value": 39.62507718000019
        }
      },
      {
        "reactor_utilization": {
          "shard": "14",
          "value": 35.995670680000003
        }
      },
      {
        "reactor_utilization": {
          "shard": "15",
          "value": 43.366355100000305
        }
      }
    ]
  },
  {
    "metrics": [
      {
        "reactor_utilization": {
          "shard": "0",
          "value": 36.385068860000089
        }
      },
      {
        "reactor_utilization": {
          "shard": "1",
          "value": 48.177006800000029
        }
      },
      {
        "reactor_utilization": {
          "shard": "2",
          "value": 44.683779639999713
        }
      },
      {
        "reactor_utilization": {
          "shard": "3",
          "value": 31.067170639999265
        }
      },
      {
        "reactor_utilization": {
          "shard": "4",
          "value": 32.883362859999806
        }
      },
      {
        "reactor_utilization": {
          "shard": "5",
          "value": 32.725545459999985
        }
      },
      {
        "reactor_utilization": {
          "shard": "6",
          "value": 37.1908991199995
        }
      },
      {
        "reactor_utilization": {
          "shard": "7",
          "value": 36.792236939999931
        }
      },
      {
        "reactor_utilization": {
          "shard": "8",
          "value": 47.861161779999662
        }
      },
      {
        "reactor_utilization": {
          "shard": "9",
          "value": 48.948292099999854
        }
      },
      {
        "reactor_utilization": {
          "shard": "10",
          "value": 45.626106540000755
        }
      },
      {
        "reactor_utilization": {
          "shard": "11",
          "value": 35.79118247999984
        }
      },
      {
        "reactor_utilization": {
          "shard": "12",
          "value": 46.510866619999881
        }
      },
      {
        "reactor_utilization": {
          "shard": "13",
          "value": 40.048624040000192
        }
      },
      {
        "reactor_utilization": {
          "shard": "14",
          "value": 43.082524999999997
        }
      },
      {
        "reactor_utilization": {
          "shard": "15",
          "value": 43.560328700000305
        }
      }
    ]
  },
  {
    "metrics": [
      {
        "reactor_utilization": {
          "shard": "0",
          "value": 38.574346320000089
        }
      },
      {
        "reactor_utilization": {
          "shard": "1",
          "value": 42.14084328000002
        }
      },
      {
        "reactor_utilization": {
          "shard": "2",
          "value": 38.041861419999719
        }
      },
      {
        "reactor_utilization": {
          "shard": "3",
          "value": 31.762581259999244
        }
      },
      {
        "reactor_utilization": {
          "shard": "4",
          "value": 38.689268579999805
        }
      },
      {
        "reactor_utilization": {
          "shard": "5",
          "value": 44.790242299999996
        }
      },
      {
        "reactor_utilization": {
          "shard": "6",
          "value": 34.848680879999506
        }
      },
      {
        "reactor_utilization": {
          "shard": "7",
          "value": 37.531796479999947
        }
      },
      {
        "reactor_utilization": {
          "shard": "8",
          "value": 46.860482619999665
        }
      },
      {
        "reactor_utilization": {
          "shard": "9",
          "value": 42.467348139999849
        }
      },
      {
        "reactor_utilization": {
          "shard": "10",
          "value": 44.957160420000754
        }
      },
      {
        "reactor_utilization": {
          "shard": "11",
          "value": 46.651056519999848
        }
      },
      {
        "reactor_utilization": {
          "shard": "12",
          "value": 49.945488339999876
        }
      },
      {
        "reactor_utilization": {
          "shard": "13",
          "value": 42.951339900000193
        }
      },
      {
        "reactor_utilization": {
          "shard": "14",
          "value": 44.771603579999997
        }
      },
      {
        "reactor_utilization": {
          "shard": "15",
          "value": 42.433315240000312
        }
      }
    ]
  },
  {
    "metrics": [
      {
        "reactor_utilization": {
          "shard": "0",
          "value": 31.70991276000008
        }
      },
      {
        "reactor_utilization": {
          "shard": "1",
          "value": 45.29479352000002
        }
      },
      {
        "reactor_utilization": {
          "shard": "2",
          "value": 33.204916279999729
        }
      },
      {
        "reactor_utilization": {
          "shard": "3",
          "value": 42.060907499999246
        }
      },
      {
        "reactor_utilization": {
          "shard": "4",
          "value": 36.468896899999805
        }
      },
      {
        "reactor_utilization": {
          "shard": "5",
          "value": 34.543502639999978
        }
      },
      {
        "reactor_utilization": {
          "shard": "6",
          "value": 35.548322919999507
        }
      },
      {
        "reactor_utilization": {
          "shard": "7",
          "value": 28.281074459999942
        }
      },
      {
        "reactor_utilization": {
          "shard": "8",
          "value": 44.884116179999644
        }
      },
      {
        "reactor_utilization": {
          "shard": "9",
          "value": 48.356448439999845
        }
      },
      {
        "reactor_utilization": {
          "shard": "10",
          "value": 44.471372300000766
        }
      },
      {
        "reactor_utilization": {
          "shard": "11",
          "value": 34.685530999999855
        }
      },
      {
        "reactor_utilization": {
          "shard": "12",
          "value": 44.885342019999882
        }
      },
      {
        "reactor_utilization": {
          "shard": "13",
          "value": 41.245022320000203
        }
      },
      {
        "reactor_utilization": {
          "shard": "14",
          "value": 47.733467740000002
        }
      },
      {
        "reactor_utilization": {
          "shard": "15",
          "value": 47.905849900000334
        }
      }
    ]
  },
  {
    "metrics": [
      {
        "reactor_utilization": {
          "shard": "0",
          "value": 42.364125820000076
        }
      },
      {
        "reactor_utilization": {
          "shard": "1",
          "value": 43.28801484000001
        }
      },
      {
        "reactor_utilization": {
          "shard": "2",
          "value": 40.419631259999719
        }
      },
      {
        "reactor_utilization": {
          "shard": "3",
          "value": 31.41342241999925
        }
      },
      {
        "reactor_utilization": {
          "shard": "4",
          "value": 29.389159879999816
        }
      },
      {
        "reactor_utilization": {
          "shard": "5",
          "value": 37.107275219999977
        }
      },
      {
        "reactor_utilization": {
          "shard": "6",
          "value": 47.01931885999953
        }
      },
      {
        "reactor_utilization": {
          "shard": "7",
          "value": 31.607198619999956
        }
      },
      {
        "reactor_utilization": {
          "shard": "8",
          "value": 41.015668019999652
        }
      },
      {
        "reactor_utilization": {
          "shard": "9",
          "value": 40.438888499999834
        }
      },
      {
        "reactor_utilization": {
          "shard": "10",
          "value": 43.603948920000768
        }
      },
      {
        "reactor_utilization": {
          "shard": "11",
          "value": 34.952831319999852
        }
      },
      {
        "reactor_utilization": {
          "shard": "12",
          "value": 39.984334319999881
        }
      },
      {
        "reactor_utilization": {
          "shard": "13",
          "value": 37.713729820000182
        }
      },
      {
        "reactor_utilization": {
          "shard": "14",
          "value": 48.816576980000001
        }
      },
      {
        "reactor_utilization": {
          "shard": "15",
          "value": 39.869901260000326
        }
      }
    ]
  },
  {
    "metrics": [
      {
        "reactor_utilization": {
          "shard": "0",
          "value": 28.054358800000077
        }
      },
      {
        "reactor_utilization": {
          "shard": "1",
          "value": 40.502186460000011
        }
      },
      {
        "reactor_utilization": {
          "shard": "2",
          "value": 28.885256739999697
        }
      },
      {
        "reactor_utilization": {
          "shard": "3",
          "value": 27.639352539999251
        }
      },
      {
        "reactor_utilization": {
          "shard": "4",
          "value": 30.444259459999834
        }
      },
      {
        "reactor_utilization": {
          "shard": "5",
          "value": 29.809393959999973
        }
      },
      {
        "reactor_utilization": {
          "shard": "6",
          "value": 35.860515359999525
        }
      },
      {
        "reactor_utilization": {
          "shard": "7",
          "value": 32.106551599999953
        }
      },
      {
        "reactor_utilization": {
          "shard": "8",
          "value": 44.643586879999638
        }
      },
      {
        "reactor_utilization": {
          "shard": "9",
          "value": 43.475365639999843
        }
      },
      {
        "reactor_utilization": {
          "shard": "10",
          "value": 48.210254220000756
        }
      },
      {
        "reactor_utilization": {
          "shard": "11",
          "value": 38.48294025999985
        }
      },
      {
        "reactor_utilization": {
          "shard": "12",
          "value": 38.948122859999891
        }
      },
      {
        "reactor_utilization": {
          "shard": "13",
          "value": 36.607478500000191
        }
      },
      {
        "reactor_utilization": {
          "shard": "14",
          "value": 41.323306420000009
        }
      },
      {
        "reactor_utilization": {
          "shard": "15",
          "value": 38.179999460000339
        }
      }
    ]
  },
  {
    "metrics": [
      {
        "reactor_utilization": {
          "shard": "0",
          "value": 39.61015062000007
        }
      },
      {
        "reactor_utilization": {
          "shard": "1",
          "value": 35.123098220000024
        }
      },
      {
        "reactor_utilization": {
          "shard": "2",
          "value": 34.665077079999719
        }
      },
      {
        "reactor_utilization": {
          "shard": "3",
          "value": 25.297791319999241
        }
      },
      {
        "reactor_utilization": {
          "shard": "4",
          "value": 32.453018859999837
        }
      },
      {
        "reactor_utilization": {
          "shard": "5",
          "value": 38.595575159999981
        }
      },
      {
        "reactor_utilization": {
          "shard": "6",
          "value": 42.55698037999953
        }
      },
      {
        "reactor_utilization": {
          "shard": "7",
          "value": 35.062575699999968
        }
      },
      {
        "reactor_utilization": {
          "shard": "8",
          "value": 50.805233999999629
        }
      },
      {
        "reactor_utilization": {
          "shard": "9",
          "value": 41.361875779999849
        }
      },
      {
        "reactor_utilization": {
          "shard": "10",
          "value": 47.812951980000776
        }
      },
      {
        "reactor_utilization": {
          "shard": "11",
          "value": 39.664439439999853
        }
      },
      {
        "reactor_utilization": {
          "shard": "12",
          "value": 42.88263757999988
        }
      },
      {
        "reactor_utilization": {
          "shard": "13",
          "value": 43.944803180000193
        }
      },
      {
        "reactor_utilization": {
          "shard": "14",
          "value": 42.60133776
        }
      },
      {
        "reactor_utilization": {
          "shard": "15",
          "value": 35.916433680000317
        }
      }
    ]
  },
  {
    "metrics": [
      {
        "reactor_utilization": {
          "shard": "0",
          "value": 38.342302020000076
        }
      },
      {
        "reactor_utilization": {
          "shard": "1",
          "value": 49.542073400000028
        }
      },
      {
        "reactor_utilization": {
          "shard": "2",
          "value": 39.222059899999707
        }
      },
      {
        "reactor_utilization": {
          "shard": "3",
          "value": 33.934633919999236
        }
      },
      {
        "reactor_utilization": {
          "shard": "4",
          "value": 38.262569779999836
        }
      },
      {
        "reactor_utilization": {
          "shard": "5",
          "value": 42.27449131999996
        }
      },
      {
        "reactor_utilization": {
          "shard": "6",
          "value": 42.062774699999537
        }
      },
      {
        "reactor_utilization": {
          "shard": "7",
          "value": 38.476722099999961
        }
      },
      {
        "reactor_utilization": {
          "shard": "8",
          "value": 39.705869819999627
        }
      },
      {
        "reactor_utilization": {
          "shard": "9",
          "value": 46.178981739999834
        }
      },
      {
        "reactor_utilization": {
          "shard": "10",
          "value": 45.624748400000783
        }
      },
      {
        "reactor_utilization": {
          "shard": "11",
          "value": 38.708482419999868
        }
      },
      {
        "reactor_utilization": {
          "shard": "12",
          "value": 54.952602099999879
        }
      },
      {
        "reactor_utilization": {
          "shard": "13",
          "value": 57.874172260000201
        }
      },
      {
        "reactor_utilization": {
          "shard": "14",
          "value": 34.014859999999999
        }
      },
      {
        "reactor_utilization": {
          "shard": "15",
          "value": 55.606948100000317
        }
      }
    ]
  },
  {
    "metrics": [
      {
        "reactor_utilization": {
          "shard": "0",
          "value": 42.412414440000077
        }
      },
      {
        "reactor_utilization": {
          "shard": "1",
          "value": 41.488506620000045
        }
      },
      {
        "reactor_utilization": {
          "shard": "2",
          "value": 30.523136419999709
        }
      },
      {
        "reactor_utilization": {
          "shard": "3",
          "value": 30.45960275999926
        }
      },
      {
        "reactor_utilization": {
          "shard": "4",
          "value": 38.969310639999819
        }
      },
      {
        "reactor_utilization": {
          "shard": "5",
          "value": 40.480051259999961
        }
      },
      {
        "reactor_utilization": {
          "shard": "6",
          "value": 33.694420759999531
        }
      },
      {
        "reactor_utilization": {
          "shard": "7",
          "value": 29.705731919999955
        }
      },
      {
        "reactor_utilization": {
          "shard": "8",
          "value": 41.789800539999632
        }
      },
      {
        "reactor_utilization": {
          "shard": "9",
          "value": 41.262917639999827
        }
      },
      {
        "reactor_utilization": {
          "shard": "10",
          "value": 48.60297022000077
        }
      },
      {
        "reactor_utilization": {
          "shard": "11",
          "value": 46.240883679999854
        }
      },
      {
        "reactor_utilization": {
          "shard": "12",
          "value": 44.822604679999898
        }
      },
      {
        "reactor_utilization": {
          "shard": "13",
          "value": 42.675497480000189
        }
      },
      {
        "reactor_utilization": {
          "shard": "14",
          "value": 34.152856560000004
        }
      },
      {
        "reactor_utilization": {
          "shard": "15",
          "value": 42.343804620000313
        }
      }
    ]
  },
  {
    "metrics": [
      {
        "reactor_utilization": {
          "shard": "0",
          "value": 39.15668536000009
        }
      },
      {
        "reactor_utilization": {
          "shard": "1",
          "value": 38.175364300000048
        }
      },
      {
        "reactor_utilization": {
          "shard": "2",
          "value": 29.159994939999724
        }
      },
      {
        "reactor_utilization": {
          "shard": "3",
          "value": 33.629574759999251
        }
      },
      {
        "reactor_utilization": {
          "shard": "4",
          "value": 27.640546899999819
        }
      },
      {
        "reactor_utilization": {
          "shard": "5",
          "value": 34.095014359999965
        }
      },
      {
        "reactor_utilization": {
          "shard": "6",
          "value": 35.253319619999516
        }
      },
      {
        "reactor_utilization": {
          "shard": "7",
          "value": 34.906522299999956
        }
      },
      {
        "reactor_utilization": {
          "shard": "8",
          "value": 37.938573519999643
        }
      },
      {
        "reactor_utilization": {
          "shard": "9",
          "value": 44.359971479999828
        }
      },
      {
        "reactor_utilization": {
          "shard": "10",
          "value": 30.835618500000784
        }
      },
      {
        "reactor_utilization": {
          "shard": "11",
          "value": 41.164463419999862
        }
      },
      {
        "reactor_utilization": {
          "shard": "12",
          "value": 39.603625379999883
        }
      },
      {
        "reactor_utilization": {
          "shard": "13",
          "value": 41.000013160000194
        }
      },
      {
        "reactor_utilization": {
          "shard": "14",
          "value": 34.571788559999995
        }
      },
      {
        "reactor_utilization": {
          "shard": "15",
          "value": 35.20365520000032
        }
      }
    ]
  },
  {
    "metrics": [
      {
        "reactor_utilization": {
          "shard": "0",
          "value": 42.206423320000077
        }
      },
      {
        "reactor_utilization": {
          "shard": "1",
          "value": 40.874150640000039
        }
      },
      {
        "reactor_utilization": {
          "shard": "2",
          "value": 40.687655599999708
        }
      },
      {
        "reactor_utilization": {
          "shard": "3",
          "value": 41.639712139999254
        }
      },
      {
        "reactor_utilization": {
          "shard": "4",
          "value": 32.68101665999982
        }
      },
      {
        "reactor_utilization": {
          "shard": "5",
          "value": 43.962400779999953
        }
      },
      {
        "reactor_utilization": {
          "shard": "6",
          "value": 41.362820259999502
        }
      },
      {
        "reactor_utilization": {
          "shard": "7",
          "value": 37.841225039999948
        }
      },
      {
        "reactor_utilization": {
          "shard": "8",
          "value": 39.996880899999645
        }
      },
      {
        "reactor_utilization": {
          "shard": "9",
          "value": 42.327100119999827
        }
      },
      {
        "reactor_utilization": {
          "shard": "10",
          "value": 52.499169240000796
        }
      },
      {
        "reactor_utilization": {
          "shard": "11",
          "value": 37.115020939999866
        }
      },
      {
        "reactor_utilization": {
          "shard": "12",
          "value": 38.482093199999866
        }
      },
      {
        "reactor_utilization": {
          "shard": "13",
          "value": 46.458471360000175
        }
      },
      {
        "reactor_utilization": {
          "shard": "14",
          "value": 38.47372828000001
        }
      },
      {
        "reactor_utilization": {
          "shard": "15",
          "value": 52.284168440000315
        }
      }
    ]
  },
  {
    "metrics": [
      {
        "reactor_utilization": {
          "shard": "0",
          "value": 43.173509640000063
        }
      },
      {
        "reactor_utilization": {
          "shard": "1",
          "value": 40.132889320000039
        }
      },
      {
        "reactor_utilization": {
          "shard": "2",
          "value": 36.298651139999706
        }
      },
      {
        "reactor_utilization": {
          "shard": "3",
          "value": 35.397114579999254
        }
      },
      {
        "reactor_utilization": {
          "shard": "4",
          "value": 42.40395435999983
        }
      },
      {
        "reactor_utilization": {
          "shard": "5",
          "value": 40.864548639999967
        }
      },
      {
        "reactor_utilization": {
          "shard": "6",
          "value": 40.089241499999503
        }
      },
      {
        "reactor_utilization": {
          "shard": "7",
          "value": 31.816270719999963
        }
      },
      {
        "reactor_utilization": {
          "shard": "8",
          "value": 51.413319219999643
        }
      },
      {
        "reactor_utilization": {
          "shard": "9",
          "value": 46.001148479999834
        }
      },
      {
        "reactor_utilization": {
          "shard": "10",
          "value": 41.837125800000784
        }
      },
      {
        "reactor_utilization": {
          "shard": "11",
          "value": 39.569744699999866
        }
      },
      {
        "reactor_utilization": {
          "shard": "12",
          "value": 41.81212151999987
        }
      },
      {
        "reactor_utilization": {
          "shard": "13",
          "value": 45.677336780000175
        }
      },
      {
        "reactor_utilization": {
          "shard": "14",
          "value": 51.908344760000013
        }
      },
      {
        "reactor_utilization": {
          "shard": "15",
          "value": 47.17902148000033
        }
      }
    ]
  },
  {
    "metrics": [
      {
        "reactor_utilization": {
          "shard": "0",
          "value": 40.033533380000051
        }
      },
      {
        "reactor_utilization": {
          "shard": "1",
          "value": 40.88267060000004
        }
      },
      {
        "reactor_utilization": {
          "shard": "2",
          "value": 45.58415987999971
        }
      },
      {
        "reactor_utilization": {
          "shard": "3",
          "value": 37.907604019999262
        }
      },
      {
        "reactor_utilization": {
          "shard": "4",
          "value": 28.946251859999816
        }
      },
      {
        "reactor_utilization": {
          "shard": "5",
          "value": 30.49201539999995
        }
      },
      {
        "reactor_utilization": {
          "shard": "6",
          "value": 38.250174359999519
        }
      },
      {
        "reactor_utilization": {
          "shard": "7",
          "value": 32.045611979999954
        }
      },
      {
        "reactor_utilization": {
          "shard": "8",
          "value": 40.76601897999965
        }
      },
      {
        "reactor_utilization": {
          "shard": "9",
          "value": 49.517220179999846
        }
      },
      {
        "reactor_utilization": {
          "shard": "10",
          "value": 42.083594460000775
        }
      },
      {
        "reactor_utilization": {
          "shard": "11",
          "value": 31.316068159999876
        }
      },
      {
        "reactor_utilization": {
          "shard": "12",
          "value": 43.740662299999869
        }
      },
      {
        "reactor_utilization": {
          "shard": "13",
          "value": 47.354125100000175
        }
      },
      {
        "reactor_utilization": {
          "shard": "14",
          "value": 44.947550800000016
        }
      },
      {
        "reactor_utilization": {
          "shard": "15",
          "value": 33.389284800000318
        }
      }
    ]
  },
  {
    "metrics": [
      {
        "reactor_utilization": {
          "shard": "0",
          "value": 27.802467080000028
        }
      },
      {
        "reactor_utilization": {
          "shard": "1",
          "value": 36.426581080000055
        }
      },
      {
        "reactor_utilization": {
          "shard": "2",
          "value": 32.399321639999698
        }
      },
      {
        "reactor_utilization": {
          "shard": "3",
          "value": 32.984938139999272
        }
      },
      {
        "reactor_utilization": {
          "shard": "4",
          "value": 28.785738239999837
        }
      },
      {
        "reactor_utilization": {
          "shard": "5",
          "value": 39.075663619999958
        }
      },
      {
        "reactor_utilization": {
          "shard": "6",
          "value": 36.189736699999507
        }
      },
      {
        "reactor_utilization": {
          "shard": "7",
          "value": 27.853742459999964
        }
      },
      {
        "reactor_utilization": {
          "shard": "8",
          "value": 45.680423279999651
        }
      },
      {
        "reactor_utilization": {
          "shard": "9",
          "value": 42.405051279999839
        }
      },
      {
        "reactor_utilization": {
          "shard": "10",
          "value": 40.969469580000769
        }
      },
      {
        "reactor_utilization": {
          "shard": "11",
          "value": 36.722652119999864
        }
      },
      {
        "reactor_utilization": {
          "shard": "12",
          "value": 37.91670767999986
        }
      },
      {
        "reactor_utilization": {
          "shard": "13",
          "value": 42.826595880000184
        }
      },
      {
        "reactor_utilization": {
          "shard": "14",
          "value": 34.921257680000025
        }
      },
      {
        "reactor_utilization": {
          "shard": "15",
          "value": 36.401601860000312
        }
      }
    ]
  },
  {
    "metrics": [
      {
        "reactor_utilization": {
          "shard": "0",
          "value": 45.882313620000033
        }
      },
      {
        "reactor_utilization": {
          "shard": "1",
          "value": 52.320537380000061
        }
      },
      {
        "reactor_utilization": {
          "shard": "2",
          "value": 45.196584979999699
        }
      },
      {
        "reactor_utilization": {
          "shard": "3",
          "value": 38.882973359999248
        }
      },
      {
        "reactor_utilization": {
          "shard": "4",
          "value": 42.244070959999824
        }
      },
      {
        "reactor_utilization": {
          "shard": "5",
          "value": 44.42803973999996
        }
      },
      {
        "reactor_utilization": {
          "shard": "6",
          "value": 43.849104039999496
        }
      },
      {
        "reactor_utilization": {
          "shard": "7",
          "value": 41.802692479999962
        }
      },
      {
        "reactor_utilization": {
          "shard": "8",
          "value": 45.080407179999661
        }
      },
      {
        "reactor_utilization": {
          "shard": "9",
          "value": 51.137916199999843
        }
      },
      {
        "reactor_utilization": {
          "shard": "10",
          "value": 46.823074260000773
        }
      },
      {
        "reactor_utilization": {
          "shard": "11",
          "value": 46.359591119999862
        }
      },
      {
        "reactor_utilization": {
          "shard": "12",
          "value": 43.559027859999865
        }
      },
      {
        "reactor_utilization": {
          "shard": "13",
          "value": 47.302234200000179
        }
      },
      {
        "reactor_utilization": {
          "shard": "14",
          "value": 44.964730400000029
        }
      },
      {
        "reactor_utilization": {
          "shard": "15",
          "value": 48.704422700000308
        }
      }
    ]
  },
  {
    "metrics": [
      {
        "reactor_utilization": {
          "shard": "0",
          "value": 42.008400540000032
        }
      },
      {
        "reactor_utilization": {
          "shard": "1",
          "value": 56.585558960000057
        }
      },
      {
        "reactor_utilization": {
          "shard": "2",
          "value": 51.710899639999695
        }
      },
      {
        "reactor_utilization": {
          "shard": "3",
          "value": 46.896489599999249
        }
      },
      {
        "reactor_utilization": {
          "shard": "4",
          "value": 34.35512967999982
        }
      },
      {
        "reactor_utilization": {
          "shard": "5",
          "value": 41.017174799999964
        }
      },
      {
        "reactor_utilization": {
          "shard": "6",
          "value": 53.505745399999505
        }
      },
      {
        "reactor_utilization": {
          "shard": "7",
          "value": 44.143700059999958
        }
      },
      {
        "reactor_utilization": {
          "shard": "8",
          "value": 49.504034779999671
        }
      },
      {
        "reactor_utilization": {
          "shard": "9",
          "value": 56.087065159999852
        }
      },
      {
        "reactor_utilization": {
          "shard": "10",
          "value": 64.033503440000771
        }
      },
      {
        "reactor_utilization": {
          "shard": "11",
          "value": 50.180897099999868
        }
      },
      {
        "reactor_utilization": {
          "shard": "12",
          "value": 52.874740839999866
        }
      },
      {
        "reactor_utilization": {
          "shard": "13",
          "value": 56.904741140000191
        }
      },
      {
        "reactor_utilization": {
          "shard": "14",
          "value": 42.037623000000046
        }
      },
      {
        "reactor_utilization": {
          "shard": "15",
          "value": 55.877223620000308
        }
      }
    ]
  },
  {
    "metrics": [
      {
        "reactor_utilization": {
          "shard": "0",
          "value": 41.411990740000014
        }
      },
      {
        "reactor_utilization": {
          "shard": "1",
          "value": 53.938907540000066
        }
      },
      {
        "reactor_utilization": {
          "shard": "2",
          "value": 43.357193579999695
        }
      },
      {
        "reactor_utilization": {
          "shard": "3",
          "value": 39.006690059999258
        }
      },
      {
        "reactor_utilization": {
          "shard": "4",
          "value": 41.910088299999828
        }
      },
      {
        "reactor_utilization": {
          "shard": "5",
          "value": 45.169582839999968
        }
      },
      {
        "reactor_utilization": {
          "shard": "6",
          "value": 36.428046919999503
        }
      },
      {
        "reactor_utilization": {
          "shard": "7",
          "value": 38.763070419999956
        }
      },
      {
        "reactor_utilization": {
          "shard": "8",
          "value": 47.036363879999676
        }
      },
      {
        "reactor_utilization": {
          "shard": "9",
          "value": 59.831967359999851
        }
      },
      {
        "reactor_utilization": {
          "shard": "10",
          "value": 49.884899000000772
        }
      },
      {
        "reactor_utilization": {
          "shard": "11",
          "value": 48.148546259999883
        }
      },
      {
        "reactor_utilization": {
          "shard": "12",
          "value": 51.508436559999858
        }
      },
      {
        "reactor_utilization": {
          "shard": "13",
          "value": 47.381071220000194
        }
      },
      {
        "reactor_utilization": {
          "shard": "14",
          "value": 47.265021280000028
        }
      },
      {
        "reactor_utilization": {
          "shard": "15",
          "value": 52.467597400000308
        }
      }
    ]
  },
  {
    "metrics": [
      {
        "reactor_utilization": {
          "shard": "0",
          "value": 43.183782940000015
        }
      },
      {
        "reactor_utilization": {
          "shard": "1",
          "value": 45.029163460000078
        }
      },
      {
        "reactor_utilization": {
          "shard": "2",
          "value": 39.980420019999698
        }
      },
      {
        "reactor_utilization": {
          "shard": "3",
          "value": 27.23952563999925
        }
      },
      {
        "reactor_utilization": {
          "shard": "4",
          "value": 38.371840839999813
        }
      },
      {
        "reactor_utilization": {
          "shard": "5",
          "value": 36.363232499999967
        }
      },
      {
        "reactor_utilization": {
          "shard": "6",
          "value": 43.597269559999511
        }
      },
      {
        "reactor_utilization": {
          "shard": "7",
          "value": 37.057575579999956
        }
      },
      {
        "reactor_utilization": {
          "shard": "8",
          "value": 41.709855659999683
        }
      },
      {
        "reactor_utilization": {
          "shard": "9",
          "value": 50.538024339999851
        }
      },
      {
        "reactor_utilization": {
          "shard": "10",
          "value": 44.417312940000755
        }
      },
      {
        "reactor_utilization": {
          "shard": "11",
          "value": 40.978802339999888
        }
      },
      {
        "reactor_utilization": {
          "shard": "12",
          "value": 47.749138299999849
        }
      },
      {
        "reactor_utilization": {
          "shard": "13",
          "value": 43.978672360000189
        }
      },
      {
        "reactor_utilization": {
          "shard": "14",
          "value": 35.224487120000049
        }
      },
      {
        "reactor_utilization": {
          "shard": "15",
          "value": 43.2759432200003
        }
      }
    ]
  }
]
