[
  {
    "metrics": [
      {
        "reactor_utilization": {
          "shard": "0",
          "value": 57.043925980000054
        }
      },
      {
        "reactor_utilization": {
          "shard": "1",
          "value": 65.206309739999966
        }
      },
      {
        "reactor_utilization": {
          "shard": "2",
          "value": 62.478525259999863
        }
      },
      {
        "reactor_utilization": {
          "shard": "3",
          "value": 55.341822599999247
        }
      },
      {
        "reactor_utilization": {
          "shard": "4",
          "value": 59.161424579999633
        }
      },
      {
        "reactor_utilization": {
          "shard": "5",
          "value": 60.514325360000029
        }
      },
      {
        "reactor_utilization": {
          "shard": "6",
          "value": 62.399535219999656
        }
      },
      {
        "reactor_utilization": {
          "shard": "7",
          "value": 61.814175659999982
        }
      },
      {
        "reactor_utilization": {
          "shard": "8",
          "value": 57.623196139999642
        }
      },
      {
        "reactor_utilization": {
          "shard": "9",
          "value": 69.346248359999947
        }
      },
      {
        "reactor_utilization": {
          "shard": "10",
          "value": 72.490091340000731
        }
      },
      {
        "reactor_utilization": {
          "shard": "11",
          "value": 76.33136077999994
        }
      },
      {
        "reactor_utilization": {
          "shard": "12",
          "value": 76.282264380000555
        }
      },
      {
        "reactor_utilization": {
          "shard": "13",
          "value": 73.389647200000184
        }
      },
      {
        "reactor_utilization": {
          "shard": "14",
          "value": 47.009987879999514
        }
      },
      {
        "reactor_utilization": {
          "shard": "15",
          "value": 60.163501540000027
        }
      }
    ]
  },
  {
    "metrics": [
      {
        "reactor_utilization": {
          "shard": "0",
          "value": 60.672382600000049
        }
      },
      {
        "reactor_utilization": {
          "shard": "1",
          "value": 58.647112359999973
        }
      },
      {
        "reactor_utilization": {
          "shard": "2",
          "value": 65.856577419999866
        }
      },
      {
        "reactor_utilization": {
          "shard": "3",
          "value": 55.568815359999249
        }
      },
      {
        "reactor_utilization": {
          "shard": "4",
          "value": 52.611789959999633
        }
      },
      {
        "reactor_utilization": {
          "shard": "5",
          "value": 61.139401760000034
        }
      },
      {
        "reactor_utilization": {
          "shard": "6",
          "value": 55.755077439999653
        }
      },
      {
        "reactor_utilization": {
          "shard": "7",
          "value": 54.377080939999978
        }
      },
      {
        "reactor_utilization": {
          "shard": "8",
          "value": 52.325914659999654
        }
      },
      {
        "reactor_utilization": {
          "shard": "9",
          "value": 60.70898639999993
        }
      },
      {
        "reactor_utilization": {
          "shard": "10",
          "value": 61.112423040000728
        }
      },
      {
        "reactor_utilization": {
          "shard": "11",
          "value": 65.918945919999942
        }
      },
      {
        "reactor_utilization": {
          "shard": "12",
          "value": 72.991167500000543
        }
      },
      {
        "reactor_utilization": {
          "shard": "13",
          "value": 70.607974280000192
        }
      },
      {
        "reactor_utilization": {
          "shard": "14",
          "value": 54.837368499999506
        }
      },
      {
        "reactor_utilization": {
          "shard": "15",
          "value": 49.179877780000034
        }
      }
    ]
  },
  {
    "metrics": [
      {
        "reactor_utilization": {
          "shard": "0",
          "value": 60.530947960000056
        }
      },
      {
        "reactor_utilization": {
          "shard": "1",
          "value": 70.889847759999967
        }
      },
      {
        "reactor_utilization": {
          "shard": "2",
          "value": 66.677885579999852
        }
      },
      {
        "reactor_utilization": {
          "shard": "3",
          "value": 60.208723919999251
        }
      },
      {
        "reactor_utilization": {
          "shard": "4",
          "value": 59.923042239999624
        }
      },
      {
        "reactor_utilization": {
          "shard": "5",
          "value": 64.513233820000025
        }
      },
      {
        "reactor_utilization": {
          "shard": "6",
          "value": 57.399393699999656
        }
      },
      {
        "reactor_utilization": {
          "shard": "7",
          "value": 64.761858379999978
        }
      },
      {
        "reactor_utilization": {
          "shard": "8",
          "value": 61.702177779999644
        }
      },
      {
        "reactor_utilization": {
          "shard": "9",
          "value": 75.46380061999993
        }
      },
      {
        "reactor_utilization": {
          "shard": "10",
          "value": 75.91354176000074
        }
      },
      {
        "reactor_utilization": {
          "shard": "11",
          "value": 84.447193239999933
        }
      },
      {
        "reactor_utilization": {
          "shard": "12",
          "value": 84.755348260000545
        }
      },
      {
        "reactor_utilization": {
          "shard": "13",
          "value": 74.834461340000203
        }
      },
      {
        "reactor_utilization": {
          "shard": "14",
          "value": 62.429018199999497
        }
      },
      {
        "reactor_utilization": {
          "shard": "15",
          "value": 64.192100280000048
        }
      }
    ]
  },
  {
    "metrics": [
      {
        "reactor_utilization": {
          "shard": "0",
          "value": 63.346362580000047
        }
      },
      {
        "reactor_utilization": {
          "shard": "1",
          "value": 65.247914999999963
        }
      },
      {
        "reactor_utilization": {
          "shard": "2",
          "value": 69.578796339999855
        }
      },
      {
        "reactor_utilization": {
          "shard": "3",
          "value": 70.906430039999265
        }
      },
      {
        "reactor_utilization": {
          "shard": "4",
          "value": 59.381731559999615
        }
      },
      {
        "reactor_utilization": {
          "shard": "5",
          "value": 72.693770560000033
        }
      },
      {
        "reactor_utilization": {
          "shard": "6",
          "value": 76.309706019999666
        }
      },
      {
        "reactor_utilization": {
          "shard": "7",
          "value": 69.804904819999976
        }
      },
      {
        "reactor_utilization": {
          "shard": "8",
          "value": 74.622824059999644
        }
      },
      {
        "reactor_utilization": {
          "shard": "9",
          "value": 75.916165859999936
        }
      },
      {
        "reactor_utilization": {
          "shard": "10",
          "value": 94.980516680000733
        }
      },
      {
        "reactor_utilization": {
          "shard": "11",
          "value": 86.091273219999948
        }
      },
      {
        "reactor_utilization": {
          "shard": "12",
          "value": 96.671451320000543
        }
      },
      {
        "reactor_utilization": {
          "shard": "13",
          "value": 88.058990860000193
        }
      },
      {
        "reactor_utilization": {
          "shard": "14",
          "value": 72.8253671399995
        }
      },
      {
        "reactor_utilization": {
          "shard": "15",
          "value": 71.380630720000028
        }
      }
    ]
  },
  {
    "metrics": [
      {
        "reactor_utilization": {
          "shard": "0",
          "value": 52.091384080000047
        }
      },
      {
        "reactor_utilization": {
          "shard": "1",
          "value": 63.871865059999969
        }
      },
      {
        "reactor_utilization": {
          "shard": "2",
          "value": 55.382588819999867
        }
      },
      {
        "reactor_utilization": {
          "shard": "3",
          "value": 46.990703959999259
        }
      },
      {
        "reactor_utilization": {
          "shard": "4",
          "value": 65.077282899999616
        }
      },
      {
        "reactor_utilization": {
          "shard": "5",
          "value": 58.049019220000019
        }
      },
      {
        "reactor_utilization": {
          "shard": "6",
          "value": 68.727713499999666
        }
      },
      {
        "reactor_utilization": {
          "shard": "7",
          "value": 62.606734079999981
        }
      },
      {
        "reactor_utilization": {
          "shard": "8",
          "value": 58.733706819999639
        }
      },
      {
        "reactor_utilization": {
          "shard": "9",
          "value": 61.412510479999924
        }
      },
      {
        "reactor_utilization": {
          "shard": "10",
          "value": 79.684173820000723
        }
      },
      {
        "reactor_utilization": {
          "shard": "11",
          "value": 74.216565459999956
        }
      },
      {
        "reactor_utilization": {
          "shard": "12",
          "value": 92.427101800000543
        }
      },
      {
        "reactor_utilization": {
          "shard": "13",
          "value": 89.906582460000195
        }
      },
      {
        "reactor_utilization": {
          "shard": "14",
          "value": 54.702363819999498
        }
      },
      {
        "reactor_utilization": {
          "shard": "15",
          "value": 53.120451680000023
        }
      }
    ]
  },
  {
    "metrics": [
      {
        "reactor_utilization": {
          "shard": "0",
          "value": 55.221199960000042
        }
      },
      {
        "reactor_utilization": {
          "shard": "1",
          "value": 66.219465839999955
        }
      },
      {
        "reactor_utilization": {
          "shard": "2",
          "value": 73.529078539999858
        }
      },
      {
        "reactor_utilization": {
          "shard": "3",
          "value": 63.17632075999925
        }
      },
      {
        "reactor_utilization": {
          "shard": "4",
          "value": 63.895038519999623
        }
      },
      {
        "reactor_utilization": {
          "shard": "5",
          "value": 69.879314600000015
        }
      },
      {
        "reactor_utilization": {
          "shard": "6",
          "value": 76.277797019999667
        }
      },
      {
        "reactor_utilization": {
          "shard": "7",
          "value": 76.965334139999982
        }
      },
      {
        "reactor_utilization": {
          "shard": "8",
          "value": 51.500001379999659
        }
      },
      {
        "reactor_utilization": {
          "shard": "9",
          "value": 60.451897259999932
        }
      },
      {
        "reactor_utilization": {
          "shard": "10",
          "value": 89.507865400000725
        }
      },
      {
        "reactor_utilization": {
          "shard": "11",
          "value": 80.811994319999954
        }
      },
      {
        "reactor_utilization": {
          "shard": "12",
          "value": 99.287848660000549
        }
      },
      {
        "reactor_utilization": {
          "shard": "13",
          "value": 98.731322160000204
        }
      },
      {
        "reactor_utilization": {
          "shard": "14",
          "value": 49.456804619999495
        }
      },
      {
        "reactor_utilization": {
          "shard": "15",
          "value": 52.994695540000023
        }
      }
    ]
  },
  {
    "metrics": [
      {
        "reactor_utilization": {
          "shard": "0",
          "value": 57.341386380000046
        }
      },
      {
        "reactor_utilization": {
          "shard": "1",
          "value": 57.339022079999957
        }
      },
      {
        "reactor_utilization": {
          "shard": "2",
          "value": 61.025283659999864
        }
      },
      {
        "reactor_utilization": {
          "shard": "3",
          "value": 72.589067819999258
        }
      },
      {
        "reactor_utilization": {
          "shard": "4",
          "value": 52.908732239999637
        }
      },
      {
        "reactor_utilization": {
          "shard": "5",
          "value": 70.481362500000017
        }
      },
      {
        "reactor_utilization": {
          "shard": "6",
          "value": 74.540726459999661
        }
      },
      {
        "reactor_utilization": {
          "shard": "7",
          "value": 65.016581619999997
        }
      },
      {
        "reactor_utilization": {
          "shard": "8",
          "value": 56.109857419999642
        }
      },
      {
        "reactor_utilization": {
          "shard": "9",
          "value": 58.541899839999914
        }
      },
      {
        "reactor_utilization": {
          "shard": "10",
          "value": 79.75566926000073
        }
      },
      {
        "reactor_utilization": {
          "shard": "11",
          "value": 82.542894399999952
        }
      },
      {
        "reactor_utilization": {
          "shard": "12",
          "value": 88.311304280000542
        }
      },
      {
        "reactor_utilization": {
          "shard": "13",
          "value": 98.978714800000205
        }
      },
      {
        "reactor_utilization": {
          "shard": "14",
          "value": 46.365113699999497
        }
      },
      {
        "reactor_utilization": {
          "shard": "15",
          "value": 51.139125700000008
        }
      }
    ]
  },
  {
    "metrics": [
      {
        "reactor_utilization": {
          "shard": "0",
          "value": 45.397324080000054
        }
      },
      {
        "reactor_utilization": {
          "shard": "1",
          "value": 71.000309799999968
        }
      },
      {
        "reactor_utilization": {
          "shard": "2",
          "value": 64.196818019999867
        }
      },
      {
        "reactor_utilization": {
          "shard": "3",
          "value": 50.408521799999249
        }
      },
      {
        "reactor_utilization": {
          "shard": "4",
          "value": 50.631847699999632
        }
      },
      {
        "reactor_utilization": {
          "shard": "5",
          "value": 60.952648180000011
        }
      },
      {
        "reactor_utilization": {
          "shard": "6",
          "value": 74.692995439999663
        }
      },
      {
        "reactor_utilization": {
          "shard": "7",
          "value": 68.458991499999982
        }
      },
      {
        "reactor_utilization": {
          "shard": "8",
          "value": 40.548696319999635
        }
      },
      {
        "reactor_utilization": {
          "shard": "9",
          "value": 58.698789979999923
        }
      },
      {
        "reactor_utilization": {
          "shard": "10",
          "value": 88.295806060000729
        }
      },
      {
        "reactor_utilization": {
          "shard": "11",
          "value": 74.529718759999938
        }
      },
      {
        "reactor_utilization": {
          "shard": "12",
          "value": 77.101369920000536
        }
      },
      {
        "reactor_utilization": {
          "shard": "13",
          "value": 92.208386640000199
        }
      },
      {
        "reactor_utilization": {
          "shard": "14",
          "value": 48.373806479999494
        }
      },
      {
        "reactor_utilization": {
          "shard": "15",
          "value": 45.910100140000019
        }
      }
    ]
  },
  {
    "metrics": [
      {
        "reactor_utilization": {
          "shard": "0",
          "value": 52.423417560000054
        }
      },
      {
        "reactor_utilization": {
          "shard": "1",
          "value": 68.069449759999955
        }
      },
      {
        "reactor_utilization": {
          "shard": "2",
          "value": 61.38865905999986
        }
      },
      {
        "reactor_utilization": {
          "shard": "3",
          "value": 55.190147539999259
        }
      },
      {
        "reactor_utilization": {
          "shard": "4",
          "value": 58.462941279999626
        }
      },
      {
        "reactor_utilization": {
          "shard": "5",
          "value": 63.696618300000019
        }
      },
      {
        "reactor_utilization": {
          "shard": "6",
          "value": 65.852699379999663
        }
      },
      {
        "reactor_utilization": {
          "shard": "7",
          "value": 62.619679399999981
        }
      },
      {
        "reactor_utilization": {
          "shard": "8",
          "value": 55.588455759999619
        }
      },
      {
        "reactor_utilization": {
          "shard": "9",
          "value": 66.816152779999925
        }
      },
      {
        "reactor_utilization": {
          "shard": "10",
          "value": 84.981230860000721
        }
      },
      {
        "reactor_utilization": {
          "shard": "11",
          "value": 92.012146279999953
        }
      },
      {
        "reactor_utilization": {
          "shard": "12",
          "value": 77.815150660000555
        }
      },
      {
        "reactor_utilization": {
          "shard": "13",
          "value": 85.545806520000198
        }
      },
      {
        "reactor_utilization": {
          "shard": "14",
          "value": 45.157413399999498
        }
      },
      {
        "reactor_utilization": {
          "shard": "15",
          "value": 53.340996000000018
        }
      }
    ]
  },
  {
    "metrics": [
      {
        "reactor_utilization": {
          "shard": "0",
          "value": 55.235070220000047
        }
      },
      {
        "reactor_utilization": {
          "shard": "1",
          "value": 81.842144859999962
        }
      },
      {
        "reactor_utilization": {
          "shard": "2",
          "value": 64.494338739999876
        }
      },
      {
        "reactor_utilization": {
          "shard": "3",
          "value": 53.813216979999254
        }
      },
      {
        "reactor_utilization": {
          "shard": "4",
          "value": 62.29910991999963
        }
      },
      {
        "reactor_utilization": {
          "shard": "5",
          "value": 80.793489240000014
        }
      },
      {
        "reactor_utilization": {
          "shard": "6",
          "value": 76.97535337999966
        }
      },
      {
        "reactor_utilization": {
          "shard": "7",
          "value": 79.174605979999981
        }
      },
      {
        "reactor_utilization": {
          "shard": "8",
          "value": 59.409711979999614
        }
      },
      {
        "reactor_utilization": {
          "shard": "9",
          "value": 77.672808839999917
        }
      },
      {
        "reactor_utilization": {
          "shard": "10",
          "value": 91.959029580000731
        }
      },
      {
        "reactor_utilization": {
          "shard": "11",
          "value": 86.390360619999953
        }
      },
      {
        "reactor_utilization": {
          "shard": "12",
          "value": 88.921492320000553
        }
      },
      {
        "reactor_utilization": {
          "shard": "13",
          "value": 89.429298000000202
        }
      },
      {
        "reactor_utilization": {
          "shard": "14",
          "value": 63.089515019999496
        }
      },
      {
        "reactor_utilization": {
          "shard": "15",
          "value": 62.772256040000009
        }
      }
    ]
  },
  {
    "metrics": [
      {
        "reactor_utilization": {
          "shard": "0",
          "value": 58.360338060000039
        }
      },
      {
        "reactor_utilization": {
          "shard": "1",
          "value": 63.72242655999996
        }
      },
      {
        "reactor_utilization": {
          "shard": "2",
          "value": 52.093570359999873
        }
      },
      {
        "reactor_utilization": {
          "shard": "3",
          "value": 48.231289899999261
        }
      },
      {
        "reactor_utilization": {
          "shard": "4",
          "value": 54.453372139999615
        }
      },
      {
        "reactor_utilization": {
          "shard": "5",
          "value": 64.59976884000001
        }
      },
      {
        "reactor_utilization": {
          "shard": "6",
          "value": 77.557605539999656
        }
      },
      {
        "reactor_utilization": {
          "shard": "7",
          "value": 70.384413379999984
        }
      },
      {
        "reactor_utilization": {
          "shard": "8",
          "value": 55.201205159999624
        }
      },
      {
        "reactor_utilization": {
          "shard": "9",
          "value": 71.611319919999914
        }
      },
      {
        "reactor_utilization": {
          "shard": "10",
          "value": 99.146631140000736
        }
      },
      {
        "reactor_utilization": {
          "shard": "11",
          "value": 85.702369099999956
        }
      },
      {
        "reactor_utilization": {
          "shard": "12",
          "value": 96.707811820000543
        }
      },
      {
        "reactor_utilization": {
          "shard": "13",
          "value": 96.255260680000205
        }
      },
      {
        "reactor_utilization": {
          "shard": "14",
          "value": 63.275951799999497
        }
      },
      {
        "reactor_utilization": {
          "shard": "15",
          "value": 65.357605060000012
        }
      }
    ]
  },
  {
    "metrics": [
      {
        "reactor_utilization": {
          "shard": "0",
          "value": 60.843487820000028
        }
      },
      {
        "reactor_utilization": {
          "shard": "1",
          "value": 74.805734739999963
        }
      },
      {
        "reactor_utilization": {
          "shard": "2",
          "value": 56.563885379999881
        }
      },
      {
        "reactor_utilization": {
          "shard": "3",
          "value": 53.740334239999264
        }
      },
      {
        "reactor_utilization": {
          "shard": "4",
          "value": 61.975993259999619
        }
      },
      {
        "reactor_utilization": {
          "shard": "5",
          "value": 69.775971060000003
        }
      },
      {
        "reactor_utilization": {
          "shard": "6",
          "value": 79.316698539999649
        }
      },
      {
        "reactor_utilization": {
          "shard": "7",
          "value": 73.82627699999999
        }
      },
      {
        "reactor_utilization": {
          "shard": "8",
          "value": 62.75374217999962
        }
      },
      {
        "reactor_utilization": {
          "shard": "9",
          "value": 62.428547819999913
        }
      },
      {
        "reactor_utilization": {
          "shard": "10",
          "value": 94.121127220000716
        }
      },
      {
        "reactor_utilization": {
          "shard": "11",
          "value": 89.754286959999945
        }
      },
      {
        "reactor_utilization": {
          "shard": "12",
          "value": 85.133881680000542
        }
      },
      {
        "reactor_utilization": {
          "shard": "13",
          "value": 99.964367720000197
        }
      },
      {
        "reactor_utilization": {
          "shard": "14",
          "value": 44.4607943999995
        }
      },
      {
        "reactor_utilization": {
          "shard": "15",
          "value": 50.70892790000002
        }
      }
    ]
  },
  {
    "metrics": [
      {
        "reactor_utilization": {
          "shard": "0",
          "value": 46.359380320000042
        }
      },
      {
        "reactor_utilization": {
          "shard": "1",
          "value": 48.446608139999967
        }
      },
      {
        "reactor_utilization": {
          "shard": "2",
          "value": 49.631277179999877
        }
      },
      {
        "reactor_utilization": {
          "shard": "3",
          "value": 43.005041659999279
        }
      },
      {
        "reactor_utilization": {
          "shard": "4",
          "value": 43.795480779999622
        }
      },
      {
        "reactor_utilization": {
          "shard": "5",
          "value": 61.758473460000005
        }
      },
      {
        "reactor_utilization": {
          "shard": "6",
          "value": 71.53536181999965
        }
      },
      {
        "reactor_utilization": {
          "shard": "7",
          "value": 70.332365259999989
        }
      },
      {
        "reactor_utilization": {
          "shard": "8",
          "value": 41.991104999999628
        }
      },
      {
        "reactor_utilization": {
          "shard": "9",
          "value": 49.993917799999906
        }
      },
      {
        "reactor_utilization": {
          "shard": "10",
          "value": 69.521614360000726
        }
      },
      {
        "reactor_utilization": {
          "shard": "11",
          "value": 69.675504939999954
        }
      },
      {
        "reactor_utilization": {
          "shard": "12",
          "value": 82.806872840000551
        }
      },
      {
        "reactor_utilization": {
          "shard": "13",
          "value": 99.992654960000209
        }
      },
      {
        "reactor_utilization": {
          "shard": "14",
          "value": 41.435885459999497
        }
      },
      {
        "reactor_utilization": {
          "shard": "15",
          "value": 39.571083640000026
        }
      }
    ]
  },
  {
    "metrics": [
      {
        "reactor_utilization": {
          "shard": "0",
          "value": 48.641076260000041
        }
      },
      {
        "reactor_utilization": {
          "shard": "1",
          "value": 47.066869299999972
        }
      },
      {
        "reactor_utilization": {
          "shard": "2",
          "value": 66.460044879999884
        }
      },
      {
        "reactor_utilization": {
          "shard": "3",
          "value": 55.725843919999285
        }
      },
      {
        "reactor_utilization": {
          "shard": "4",
          "value": 55.754381079999618
        }
      },
      {
        "reactor_utilization": {
          "shard": "5",
          "value": 68.736372199999991
        }
      },
      {
        "reactor_utilization": {
          "shard": "6",
          "value": 60.81634365999966
        }
      },
      {
        "reactor_utilization": {
          "shard": "7",
          "value": 70.777616120000005
        }
      },
      {
        "reactor_utilization": {
          "shard": "8",
          "value": 54.713020819999628
        }
      },
      {
        "reactor_utilization": {
          "shard": "9",
          "value": 70.570064019999919
        }
      },
      {
        "reactor_utilization": {
          "shard": "10",
          "value": 73.71120704000073
        }
      },
      {
        "reactor_utilization": {
          "shard": "11",
          "value": 71.707774479999941
        }
      },
      {
        "reactor_utilization": {
          "shard": "12",
          "value": 76.322814700000535
        }
      },
      {
        "reactor_utilization": {
          "shard": "13",
          "value": 99.394335340000211
        }
      },
      {
        "reactor_utilization": {
          "shard": "14",
          "value": 40.016092699999504
        }
      },
      {
        "reactor_utilization": {
          "shard": "15",
          "value": 42.405705340000033
        }
      }
    ]
  },
  {
    "metrics": [
      {
        "reactor_utilization": {
          "shard": "0",
          "value": 38.589295500000034
        }
      },
      {
        "reactor_utilization": {
          "shard": "1",
          "value": 49.722741279999958
        }
      },
      {
        "reactor_utilization": {
          "shard": "2",
          "value": 58.872018619999878
        }
      },
      {
        "reactor_utilization": {
          "shard": "3",
          "value": 46.631776359999279
        }
      },
      {
        "reactor_utilization": {
          "shard": "4",
          "value": 53.364618219999628
        }
      },
      {
        "reactor_utilization": {
          "shard": "5",
          "value": 72.428188599999999
        }
      },
      {
        "reactor_utilization": {
          "shard": "6",
          "value": 61.28756151999967
        }
      },
      {
        "reactor_utilization": {
          "shard": "7",
          "value": 71.356401580000011
        }
      },
      {
        "reactor_utilization": {
          "shard": "8",
          "value": 51.561324259999623
        }
      },
      {
        "reactor_utilization": {
          "shard": "9",
          "value": 67.184673559999908
        }
      },
      {
        "reactor_utilization": {
          "shard": "10",
          "value": 71.611988860000736
        }
      },
      {
        "reactor_utilization": {
          "shard": "11",
          "value": 69.29950455999996
        }
      },
      {
        "reactor_utilization": {
          "shard": "12",
          "value": 76.178784280000542
        }
      },
      {
        "reactor_utilization": {
          "shard": "13",
          "value": 97.093654100000208
        }
      },
      {
        "reactor_utilization": {
          "shard": "14",
          "value": 55.126514139999493
        }
      },
      {
        "reactor_utilization": {
          "shard": "15",
          "value": 53.927250640000032
        }
      }
    ]
  },
  {
    "metrics": [
      {
        "reactor_utilization": {
          "shard": "0",
          "value": 45.603988520000037
        }
      },
      {
        "reactor_utilization": {
          "shard": "1",
          "value": 44.142093539999962
        }
      },
      {
        "reactor_utilization": {
          "shard": "2",
          "value": 46.678503659999883
        }
      },
      {
        "reactor_utilization": {
          "shard": "3",
          "value": 41.896594779999283
        }
      },
      {
        "reactor_utilization": {
          "shard": "4",
          "value": 52.477162799999633
        }
      },
      {
        "reactor_utilization": {
          "shard": "5",
          "value": 69.34602486
        }
      },
      {
        "reactor_utilization": {
          "shard": "6",
          "value": 65.256972059999654
        }
      },
      {
        "reactor_utilization": {
          "shard": "7",
          "value": 65.493438800000007
        }
      },
      {
        "reactor_utilization": {
          "shard": "8",
          "value": 56.534796879999618
        }
      },
      {
        "reactor_utilization": {
          "shard": "9",
          "value": 61.16919311999991
        }
      },
      {
        "reactor_utilization": {
          "shard": "10",
          "value": 68.412674220000724
        }
      },
      {
        "reactor_utilization": {
          "shard": "11",
          "value": 67.075656459999948
        }
      },
      {
        "reactor_utilization": {
          "shard": "12",
          "value": 88.308371600000541
        }
      },
      {
        "reactor_utilization": {
          "shard": "13",
          "value": 97.800458320000203
        }
      },
      {
        "reactor_utilization": {
          "shard": "14",
          "value": 45.866339739999496
        }
      },
      {
        "reactor_utilization": {
          "shard": "15",
          "value": 54.680667280000037
        }
      }
    ]
  },
  {
    "metrics": [
      {
        "reactor_utilization": {
          "shard": "0",
          "value": 40.078093780000032
        }
      },
      {
        "reactor_utilization": {
          "shard": "1",
          "value": 46.619860879999955
        }
      },
      {
        "reactor_utilization": {
          "shard": "2",
          "value": 52.958246699999869
        }
      },
      {
        "reactor_utilization": {
          "shard": "3",
          "value": 46.699109499999295
        }
      },
      {
        "reactor_utilization": {
          "shard": "4",
          "value": 50.977485919999644
        }
      },
      {
        "reactor_utilization": {
          "shard": "5",
          "value": 62.405742459999992
        }
      },
      {
        "reactor_utilization": {
          "shard": "6",
          "value": 72.186945659999651
        }
      },
      {
        "reactor_utilization": {
          "shard": "7",
          "value": 67.655373159999996
        }
      },
      {
        "reactor_utilization": {
          "shard": "8",
          "value": 51.988312099999611
        }
      },
      {
        "reactor_utilization": {
          "shard": "9",
          "value": 60.253586419999905
        }
      },
      {
        "reactor_utilization": {
          "shard": "10",
          "value": 72.863121580000723
        }
      },
      {
        "reactor_utilization": {
          "shard": "11",
          "value": 75.524183779999959
        }
      },
      {
        "reactor_utilization": {
          "shard": "12",
          "value": 77.500620300000548
        }
      },
      {
        "reactor_utilization": {
          "shard": "13",
          "value": 98.281260240000208
        }
      },
      {
        "reactor_utilization": {
          "shard": "14",
          "value": 35.354482079999492
        }
      },
      {
        "reactor_utilization": {
          "shard": "15",
          "value": 37.888224480000041
        }
      }
    ]
  },
  {
    "metrics": [
      {
        "reactor_utilization": {
          "shard": "0",
          "value": 45.274699580000053
        }
      },
      {
        "reactor_utilization": {
          "shard": "1",
          "value": 46.330633439999957
        }
      },
      {
        "reactor_utilization": {
          "shard": "2",
          "value": 54.382646479999849
        }
      },
      {
        "reactor_utilization": {
          "shard": "3",
          "value": 53.350039559999288
        }
      },
      {
        "reactor_utilization": {
          "shard": "4",
          "value": 48.267041799999632
        }
      },
      {
        "reactor_utilization": {
          "shard": "5",
          "value": 66.451195139999996
        }
      },
      {
        "reactor_utilization": {
          "shard": "6",
          "value": 64.920953959999665
        }
      },
      {
        "reactor_utilization": {
          "shard": "7",
          "value": 70.525717180000001
        }
      },
      {
        "reactor_utilization": {
          "shard": "8",
          "value": 49.726482859999621
        }
      },
      {
        "reactor_utilization": {
          "shard": "9",
          "value": 65.420589139999905
        }
      },
      {
        "reactor_utilization": {
          "shard": "10",
          "value": 74.806395060000725
        }
      },
      {
        "reactor_utilization": {
          "shard": "11",
          "value": 73.709304399999965
        }
      },
      {
        "reactor_utilization": {
          "shard": "12",
          "value": 75.976752000000559
        }
      },
      {
        "reactor_utilization": {
          "shard": "13",
          "value": 99.307344500000198
        }
      },
      {
        "reactor_utilization": {
          "shard": "14",
          "value": 39.266675919999493
        }
      },
      {
        "reactor_utilization": {
          "shard": "15",
          "value": 38.607318500000034
        }
      }
    ]
  },
  {
    "metrics": [
      {
        "reactor_utilization": {
          "shard": "0",
          "value": 40.919452520000064
        }
      },
      {
        "reactor_utilization": {
          "shard": "1",
          "value": 49.369191499999964
        }
      },
      {
        "reactor_utilization": {
          "shard": "2",
          "value": 58.692155919999855
        }
      },
      {
        "reactor_utilization": {
          "shard": "3",
          "value": 48.939985479999294
        }
      },
      {
        "reactor_utilization": {
          "shard": "4",
          "value": 56.39581921999963
        }
      },
      {
        "reactor_utilization": {
          "shard": "5",
          "value": 69.136270260000003
        }
      },
      {
        "reactor_utilization": {
          "shard": "6",
          "value": 56.726116499999648
        }
      },
      {
        "reactor_utilization": {
          "shard": "7",
          "value": 70.222594279999996
        }
      },
      {
        "reactor_utilization": {
          "shard": "8",
          "value": 48.891342419999631
        }
      },
      {
        "reactor_utilization": {
          "shard": "9",
          "value": 66.227759999999904
        }
      },
      {
        "reactor_utilization": {
          "shard": "10",
          "value": 71.225936980000725
        }
      },
      {
        "reactor_utilization": {
          "shard": "11",
          "value": 64.015890659999954
        }
      },
      {
        "reactor_utilization": {
          "shard": "12",
          "value": 72.867220800000538
        }
      },
      {
        "reactor_utilization": {
          "shard": "13",
          "value": 97.182129760000208
        }
      },
      {
        "reactor_utilization": {
          "shard": "14",
          "value": 48.536015219999506
        }
      },
      {
        "reactor_utilization": {
          "shard": "15",
          "value": 54.625317220000014
        }
      }
    ]
  },
  {
    "metrics": [
      {
        "reactor_utilization": {
          "shard": "0",
          "value": 45.574431260000061
        }
      },
      {
        "reactor_utilization": {
          "shard": "1",
          "value": 43.947217739999964
        }
      },
      {
        "reactor_utilization": {
          "shard": "2",
          "value": 52.736318799999857
        }
      },
      {
        "reactor_utilization": {
          "shard": "3",
          "value": 45.49909871999931
        }
      },
      {
        "reactor_utilization": {
          "shard": "4",
          "value": 49.586673719999617
        }
      },
      {
        "reactor_utilization": {
          "shard": "5",
          "value": 74.735930440000004
        }
      },
      {
        "reactor_utilization": {
          "shard": "6",
          "value": 66.18186527999967
        }
      },
      {
        "reactor_utilization": {
          "shard": "7",
          "value": 68.837495699999991
        }
      },
      {
        "reactor_utilization": {
          "shard": "8",
          "value": 59.499035439999624
        }
      },
      {
        "reactor_utilization": {
          "shard": "9",
          "value": 71.80831811999991
        }
      },
      {
        "reactor_utilization": {
          "shard": "10",
          "value": 73.402985260000733
        }
      },
      {
        "reactor_utilization": {
          "shard": "11",
          "value": 73.680554579999949
        }
      },
      {
        "reactor_utilization": {
          "shard": "12",
          "value": 88.259771880000542
        }
      },
      {
        "reactor_utilization": {
          "shard": "13",
          "value": 96.068805940000203
        }
      },
      {
        "reactor_utilization": {
          "shard": "14",
          "value": 50.460753699999515
        }
      },
      {
        "reactor_utilization": {
          "shard": "15",
          "value": 58.095807360000009
        }
      }
    ]
  },
  {
    "metrics": [
      {
        "reactor_utilization": {
          "shard": "0",
          "value": 42.982045360000065
        }
      },
      {
        "reactor_utilization": {
          "shard": "1",
          "value": 55.698515759999964
        }
      },
      {
        "reactor_utilization": {
          "shard": "2",
          "value": 55.304147259999858
        }
      },
      {
        "reactor_utilization": {
          "shard": "3",
          "value": 48.380101579999291
        }
      },
      {
        "reactor_utilization": {
          "shard": "4",
          "value": 56.273036859999628
        }
      },
      {
        "reactor_utilization": {
          "shard": "5",
          "value": 63.081211279999991
        }
      },
      {
        "reactor_utilization": {
          "shard": "6",
          "value": 78.461361579999661
        }
      },
      {
        "reactor_utilization": {
          "shard": "7",
          "value": 69.953256920000001
        }
      },
      {
        "reactor_utilization": {
          "shard": "8",
          "value": 49.555412919999632
        }
      },
      {
        "reactor_utilization": {
          "shard": "9",
          "value": 58.618249919999911
        }
      },
      {
        "reactor_utilization": {
          "shard": "10",
          "value": 65.990386000000726
        }
      },
      {
        "reactor_utilization": {
          "shard": "11",
          "value": 70.740823459999945
        }
      },
      {
        "reactor_utilization": {
          "shard": "12",
          "value": 81.670686960000552
        }
      },
      {
        "reactor_utilization": {
          "shard": "13",
          "value": 99.813704400000205
        }
      },
      {
        "reactor_utilization": {
          "shard": "14",
          "value": 42.518362079999505
        }
      },
      {
        "reactor_utilization": {
          "shard": "15",
          "value": 42.546559840000022
        }
      }
    ]
  },
  {
    "metrics": [
      {
        "reactor_utilization": {
          "shard": "0",
          "value": 42.338688120000064
        }
      },
      {
        "reactor_utilization": {
          "shard": "1",
          "value": 40.497831599999977
        }
      },
      {
        "reactor_utilization": {
          "shard": "2",
          "value": 59.768264739999857
        }
      },
      {
        "reactor_utilization": {
          "shard": "3",
          "value": 53.93950769999929
        }
      },
      {
        "reactor_utilization": {
          "shard": "4",
          "value": 48.826007919999626
        }
      },
      {
        "reactor_utilization": {
          "shard": "5",
          "value": 64.777387080000011
        }
      },
      {
        "reactor_utilization": {
          "shard": "6",
          "value": 70.015570879999657
        }
      },
      {
        "reactor_utilization": {
          "shard": "7",
          "value": 69.89922159999999
        }
      },
      {
        "reactor_utilization": {
          "shard": "8",
          "value": 46.498624059999635
        }
      },
      {
        "reactor_utilization": {
          "shard": "9",
          "value": 56.991184219999916
        }
      },
      {
        "reactor_utilization": {
          "shard": "10",
          "value": 80.85224928000072
        }
      },
      {
        "reactor_utilization": {
          "shard": "11",
          "value": 72.956073639999943
        }
      },
      {
        "reactor_utilization": {
          "shard": "12",
          "value": 75.256263040000562
        }
      },
      {
        "reactor_utilization": {
          "shard": "13",
          "value": 98.561259900000195
        }
      },
      {
        "reactor_utilization": {
          "shard": "14",
          "value": 40.303968419999507
        }
      },
      {
        "reactor_utilization": {
          "shard": "15",
          "value": 38.107866520000023
        }
      }
    ]
  },
  {
    "metrics": [
      {
        "reactor_utilization": {
          "shard": "0",
          "value": 45.231299620000073
        }
      },
      {
        "reactor_utilization": {
          "shard": "1",
          "value": 51.796328219999978
        }
      },
      {
        "reactor_utilization": {
          "shard": "2",
          "value": 67.976369579999869
        }
      },
      {
        "reactor_utilization": {
          "shard": "3",
          "value": 50.357764799999295
        }
      },
      {
        "reactor_utilization": {
          "shard": "4",
          "value": 60.377622739999623
        }
      },
      {
        "reactor_utilization": {
          "shard": "5",
          "value": 71.272839740000009
        }
      },
      {
        "reactor_utilization": {
          "shard": "6",
          "value": 53.924134239999653
        }
      },
      {
        "reactor_utilization": {
          "shard": "7",
          "value": 71.807653599999995
        }
      },
      {
        "reactor_utilization": {
          "shard": "8",
          "value": 54.584413739999647
        }
      },
      {
        "reactor_utilization": {
          "shard": "9",
          "value": 71.448119599999899
        }
      },
      {
        "reactor_utilization": {
          "shard": "10",
          "value": 77.389584160000723
        }
      },
      {
        "reactor_utilization": {
          "shard": "11",
          "value": 73.096016319999933
        }
      },
      {
        "reactor_utilization": {
          "shard": "12",
          "value": 72.071549880000546
        }
      },
      {
        "reactor_utilization": {
          "shard": "13",
          "value": 99.784755760000195
        }
      },
      {
        "reactor_utilization": {
          "shard": "14",
          "value": 47.307128559999512
        }
      },
      {
        "reactor_utilization": {
          "shard": "15",
          "value": 46.394588120000037
        }
      }
    ]
  },
  {
    "metrics": [
      {
        "reactor_utilization": {
          "shard": "0",
          "value": 48.047292880000072
        }
      },
      {
        "reactor_utilization": {
          "shard": "1",
          "value": 44.446667459999979
        }
      },
      {
        "reactor_utilization": {
          "shard": "2",
          "value": 53.124701039999863
        }
      },
      {
        "reactor_utilization": {
          "shard": "3",
          "value": 45.850672639999303
        }
      },
      {
        "reactor_utilization": {
          "shard": "4",
          "value": 49.999010939999643
        }
      },
      {
        "reactor_utilization": {
          "shard": "5",
          "value": 78.692202940000001
        }
      },
      {
        "reactor_utilization": {
          "shard": "6",
          "value": 68.175287299999653
        }
      },
      {
        "reactor_utilization": {
          "shard": "7",
          "value": 79.669278479999988
        }
      },
      {
        "reactor_utilization": {
          "shard": "8",
          "value": 56.476828619999651
        }
      },
      {
        "reactor_utilization": {
          "shard": "9",
          "value": 68.710099839999899
        }
      },
      {
        "reactor_utilization": {
          "shard": "10",
          "value": 74.215766800000722
        }
      },
      {
        "reactor_utilization": {
          "shard": "11",
          "value": 76.304015019999952
        }
      },
      {
        "reactor_utilization": {
          "shard": "12",
          "value": 87.952598720000566
        }
      },
      {
        "reactor_utilization": {
          "shard": "13",
          "value": 98.507078140000203
        }
      },
      {
        "reactor_utilization": {
          "shard": "14",
          "value": 54.249686019999508
        }
      },
      {
        "reactor_utilization": {
          "shard": "15",
          "value": 57.512682640000044
        }
      }
    ]
  }
]
