[
  {
    "metrics": [
      {
        "reactor_utilization": {
          "shard": "0",
          "value": 39.728245680000072
        }
      },
      {
        "reactor_utilization": {
          "shard": "1",
          "value": 35.532818720000058
        }
      },
      {
        "reactor_utilization": {
          "shard": "2",
          "value": 41.742010859999802
        }
      },
      {
        "reactor_utilization": {
          "shard": "3",
          "value": 47.842812339999384
        }
      },
      {
        "reactor_utilization": {
          "shard": "4",
          "value": 26.996330599999851
        }
      },
      {
        "reactor_utilization": {
          "shard": "5",
          "value": 33.220696579999952
        }
      },
      {
        "reactor_utilization": {
          "shard": "6",
          "value": 35.37394899999957
        }
      },
      {
        "reactor_utilization": {
          "shard": "7",
          "value": 25.450517279999985
        }
      },
      {
        "reactor_utilization": {
          "shard": "8",
          "value": 34.408559519999635
        }
      },
      {
        "reactor_utilization": {
          "shard": "9",
          "value": 48.320614599999999
        }
      },
      {
        "reactor_utilization": {
          "shard": "10",
          "value": 37.202431440000694
        }
      },
      {
        "reactor_utilization": {
          "shard": "11",
          "value": 44.958621059999793
        }
      },
      {
        "reactor_utilization": {
          "shard": "12",
          "value": 38.859166879999698
        }
      },
      {
        "reactor_utilization": {
          "shard": "13",
          "value": 47.93758870000017
        }
      },
      {
        "reactor_utilization": {
          "shard": "14",
          "value": 39.899247840000051
        }
      },
      {
        "reactor_utilization": {
          "shard": "15",
          "value": 35.97690252000033
        }
      }
    ]
  },
  {
    "metrics": [
      {
        "reactor_utilization": {
          "shard": "0",
          "value": 39.720238960000067
        }
      },
      {
        "reactor_utilization": {
          "shard": "1",
          "value": 38.841454760000062
        }
      },
      {
        "reactor_utilization": {
          "shard": "2",
          "value": 33.470988739999797
        }
      },
      {
        "reactor_utilization": {
          "shard": "3",
          "value": 40.034331779999398
        }
      },
      {
        "reactor_utilization": {
          "shard": "4",
          "value": 27.349192199999848
        }
      },
      {
        "reactor_utilization": {
          "shard": "5",
          "value": 35.810500659999953
        }
      },
      {
        "reactor_utilization": {
          "shard": "6",
          "value": 35.194509779999592
        }
      },
      {
        "reactor_utilization": {
          "shard": "7",
          "value": 30.989429280000014
        }
      },
      {
        "reactor_utilization": {
          "shard": "8",
          "value": 44.51627785999964
        }
      },
      {
        "reactor_utilization": {
          "shard": "9",
          "value": 37.569637300000004
        }
      },
      {
        "reactor_utilization": {
          "shard": "10",
          "value": 33.316312480000697
        }
      },
      {
        "reactor_utilization": {
          "shard": "11",
          "value": 41.108530059999794
        }
      },
      {
        "reactor_utilization": {
          "shard": "12",
          "value": 34.403118379999697
        }
      },
      {
        "reactor_utilization": {
          "shard": "13",
          "value": 41.258456700000167
        }
      },
      {
        "reactor_utilization": {
          "shard": "14",
          "value": 34.681792420000043
        }
      },
      {
        "reactor_utilization": {
          "shard": "15",
          "value": 37.636609240000361
        }
      }
    ]
  },
  {
    "metrics": [
      {
        "reactor_utilization": {
          "shard": "0",
          "value": 38.404381500000063
        }
      },
      {
        "reactor_utilization": {
          "shard": "1",
          "value": 35.88681226000007
        }
      },
      {
        "reactor_utilization": {
          "shard": "2",
          "value": 41.005919859999793
        }
      },
      {
        "reactor_utilization": {
          "shard": "3",
          "value": 40.772273279999396
        }
      },
      {
        "reactor_utilization": {
          "shard": "4",
          "value": 29.586821259999851
        }
      },
      {
        "reactor_utilization": {
          "shard": "5",
          "value": 34.452998619999939
        }
      },
      {
        "reactor_utilization": {
          "shard": "6",
          "value": 35.950240359999583
        }
      },
      {
        "reactor_utilization": {
          "shard": "7",
          "value": 30.423247200000002
        }
      },
      {
        "reactor_utilization": {
          "shard": "8",
          "value": 27.826706739999651
        }
      },
      {
        "reactor_utilization": {
          "shard": "9",
          "value": 33.759106399999993
        }
      },
      {
        "reactor_utilization": {
          "shard": "10",
          "value": 33.152472400000697
        }
      },
      {
        "reactor_utilization": {
          "shard": "11",
          "value": 41.857903179999781
        }
      },
      {
        "reactor_utilization": {
          "shard": "12",
          "value": 41.379798819999699
        }
      },
      {
        "reactor_utilization": {
          "shard": "13",
          "value": 46.367847860000168
        }
      },
      {
        "reactor_utilization": {
          "shard": "14",
          "value": 38.033748960000047
        }
      },
      {
        "reactor_utilization": {
          "shard": "15",
          "value": 37.119822640000343
        }
      }
    ]
  },
  {
    "metrics": [
      {
        "reactor_utilization": {
          "shard": "0",
          "value": 29.376797980000081
        }
      },
      {
        "reactor_utilization": {
          "shard": "1",
          "value": 35.063246300000081
        }
      },
      {
        "reactor_utilization": {
          "shard": "2",
          "value": 43.644765639999804
        }
      },
      {
        "reactor_utilization": {
          "shard": "3",
          "value": 43.580377619999396
        }
      },
      {
        "reactor_utilization": {
          "shard": "4",
          "value": 22.638330259999851
        }
      },
      {
        "reactor_utilization": {
          "shard": "5",
          "value": 32.366692119999939
        }
      },
      {
        "reactor_utilization": {
          "shard": "6",
          "value": 36.590683679999593
        }
      },
      {
        "reactor_utilization": {
          "shard": "7",
          "value": 25.204234940000013
        }
      },
      {
        "reactor_utilization": {
          "shard": "8",
          "value": 26.58662615999965
        }
      },
      {
        "reactor_utilization": {
          "shard": "9",
          "value": 34.320839699999993
        }
      },
      {
        "reactor_utilization": {
          "shard": "10",
          "value": 38.236827600000709
        }
      },
      {
        "reactor_utilization": {
          "shard": "11",
          "value": 45.098570619999791
        }
      },
      {
        "reactor_utilization": {
          "shard": "12",
          "value": 32.462325679999694
        }
      },
      {
        "reactor_utilization": {
          "shard": "13",
          "value": 31.384780860000163
        }
      },
      {
        "reactor_utilization": {
          "shard": "14",
          "value": 26.558219980000054
        }
      },
      {
        "reactor_utilization": {
          "shard": "15",
          "value": 38.012234520000334
        }
      }
    ]
  },
  {
    "metrics": [
      {
        "reactor_utilization": {
          "shard": "0",
          "value": 37.605738640000062
        }
      },
      {
        "reactor_utilization": {
          "shard": "1",
          "value": 35.38704854000008
        }
      },
      {
        "reactor_utilization": {
          "shard": "2",
          "value": 44.831545639999781
        }
      },
      {
        "reactor_utilization": {
          "shard": "3",
          "value": 40.697310139999388
        }
      },
      {
        "reactor_utilization": {
          "shard": "4",
          "value": 26.60255487999985
        }
      },
      {
        "reactor_utilization": {
          "shard": "5",
          "value": 30.217583639999969
        }
      },
      {
        "reactor_utilization": {
          "shard": "6",
          "value": 31.240395139999599
        }
      },
      {
        "reactor_utilization": {
          "shard": "7",
          "value": 27.180126100000024
        }
      },
      {
        "reactor_utilization": {
          "shard": "8",
          "value": 37.372590719999657
        }
      },
      {
        "reactor_utilization": {
          "shard": "9",
          "value": 37.832100759999996
        }
      },
      {
        "reactor_utilization": {
          "shard": "10",
          "value": 36.443754800000718
        }
      },
      {
        "reactor_utilization": {
          "shard": "11",
          "value": 38.635858459999795
        }
      },
      {
        "reactor_utilization": {
          "shard": "12",
          "value": 36.305090399999671
        }
      },
      {
        "reactor_utilization": {
          "shard": "13",
          "value": 42.814534520000159
        }
      },
      {
        "reactor_utilization": {
          "shard": "14",
          "value": 37.308482080000061
        }
      },
      {
        "reactor_utilization": {
          "shard": "15",
          "value": 40.645662200000331
        }
      }
    ]
  },
  {
    "metrics": [
      {
        "reactor_utilization": {
          "shard": "0",
          "value": 40.483363320000066
        }
      },
      {
        "reactor_utilization": {
          "shard": "1",
          "value": 42.477495880000085
        }
      },
      {
        "reactor_utilization": {
          "shard": "2",
          "value": 38.219653939999773
        }
      },
      {
        "reactor_utilization": {
          "shard": "3",
          "value": 43.472630139999382
        }
      },
      {
        "reactor_utilization": {
          "shard": "4",
          "value": 30.068356639999848
        }
      },
      {
        "reactor_utilization": {
          "shard": "5",
          "value": 33.610017939999956
        }
      },
      {
        "reactor_utilization": {
          "shard": "6",
          "value": 32.827250439999588
        }
      },
      {
        "reactor_utilization": {
          "shard": "7",
          "value": 22.78554864000002
        }
      },
      {
        "reactor_utilization": {
          "shard": "8",
          "value": 35.377730419999644
        }
      },
      {
        "reactor_utilization": {
          "shard": "9",
          "value": 48.66696494
        }
      },
      {
        "reactor_utilization": {
          "shard": "10",
          "value": 31.138246880000708
        }
      },
      {
        "reactor_utilization": {
          "shard": "11",
          "value": 48.451460179999792
        }
      },
      {
        "reactor_utilization": {
          "shard": "12",
          "value": 39.704651919999677
        }
      },
      {
        "reactor_utilization": {
          "shard": "13",
          "value": 39.88582728000015
        }
      },
      {
        "reactor_utilization": {
          "shard": "14",
          "value": 36.982308000000053
        }
      },
      {
        "reactor_utilization": {
          "shard": "15",
          "value": 49.470607340000313
        }
      }
    ]
  },
  {
    "metrics": [
      {
        "reactor_utilization": {
          "shard": "0",
          "value": 37.219605580000071
        }
      },
      {
        "reactor_utilization": {
          "shard": "1",
          "value": 37.356341680000092
        }
      },
      {
        "reactor_utilization": {
          "shard": "2",
          "value": 43.388581199999777
        }
      },
      {
        "reactor_utilization": {
          "shard": "3",
          "value": 40.063091559999378
        }
      },
      {
        "reactor_utilization": {
          "shard": "4",
          "value": 31.659563379999835
        }
      },
      {
        "reactor_utilization": {
          "shard": "5",
          "value": 35.354038339999974
        }
      },
      {
        "reactor_utilization": {
          "shard": "6",
          "value": 40.930226699999594
        }
      },
      {
        "reactor_utilization": {
          "shard": "7",
          "value": 32.93361168000002
        }
      },
      {
        "reactor_utilization": {
          "shard": "8",
          "value": 34.907249159999644
        }
      },
      {
        "reactor_utilization": {
          "shard": "9",
          "value": 41.999370579999997
        }
      },
      {
        "reactor_utilization": {
          "shard": "10",
          "value": 34.044470700000694
        }
      },
      {
        "reactor_utilization": {
          "shard": "11",
          "value": 42.961588679999792
        }
      },
      {
        "reactor_utilization": {
          "shard": "12",
          "value": 45.503650459999655
        }
      },
      {
        "reactor_utilization": {
          "shard": "13",
          "value": 34.679845460000166
        }
      },
      {
        "reactor_utilization": {
          "shard": "14",
          "value": 32.416029240000043
        }
      },
      {
        "reactor_utilization": {
          "shard": "15",
          "value": 39.638205360000335
        }
      }
    ]
  },
  {
    "metrics": [
      {
        "reactor_utilization": {
          "shard": "0",
          "value": 37.66980042000008
        }
      },
      {
        "reactor_utilization": {
          "shard": "1",
          "value": 40.499017780000088
        }
      },
      {
        "reactor_utilization": {
          "shard": "2",
          "value": 34.002238039999774
        }
      },
      {
        "reactor_utilization": {
          "shard": "3",
          "value": 37.967601839999368
        }
      },
      {
        "reactor_utilization": {
          "shard": "4",
          "value": 24.671003999999829
        }
      },
      {
        "reactor_utilization": {
          "shard": "5",
          "value": 24.118025919999965
        }
      },
      {
        "reactor_utilization": {
          "shard": "6",
          "value": 35.060830899999587
        }
      },
      {
        "reactor_utilization": {
          "shard": "7",
          "value": 26.747546700000015
        }
      },
      {
        "reactor_utilization": {
          "shard": "8",
          "value": 35.129304859999642
        }
      },
      {
        "reactor_utilization": {
          "shard": "9",
          "value": 39.801074839999998
        }
      },
      {
        "reactor_utilization": {
          "shard": "10",
          "value": 33.8714908000007
        }
      },
      {
        "reactor_utilization": {
          "shard": "11",
          "value": 33.795132059999787
        }
      },
      {
        "reactor_utilization": {
          "shard": "12",
          "value": 39.310437959999668
        }
      },
      {
        "reactor_utilization": {
          "shard": "13",
          "value": 36.874231720000161
        }
      },
      {
        "reactor_utilization": {
          "shard": "14",
          "value": 35.85866810000006
        }
      },
      {
        "reactor_utilization": {
          "shard": "15",
          "value": 38.596772160000327
        }
      }
    ]
  },
  {
    "metrics": [
      {
        "reactor_utilization": {
          "shard": "0",
          "value": 32.144275560000047
        }
      },
      {
        "reactor_utilization": {
          "shard": "1",
          "value": 35.790302060000087
        }
      },
      {
        "reactor_utilization": {
          "shard": "2",
          "value": 36.626166699999786
        }
      },
      {
        "reactor_utilization": {
          "shard": "3",
          "value": 35.609669479999354
        }
      },
      {
        "reactor_utilization": {
          "shard": "4",
          "value": 30.073254279999841
        }
      },
      {
        "reactor_utilization": {
          "shard": "5",
          "value": 41.427501599999971
        }
      },
      {
        "reactor_utilization": {
          "shard": "6",
          "value": 21.525139959999596
        }
      },
      {
        "reactor_utilization": {
          "shard": "7",
          "value": 28.396958059999999
        }
      },
      {
        "reactor_utilization": {
          "shard": "8",
          "value": 37.517109199999645
        }
      },
      {
        "reactor_utilization": {
          "shard": "9",
          "value": 30.473960459999983
        }
      },
      {
        "reactor_utilization": {
          "shard": "10",
          "value": 34.117892880000703
        }
      },
      {
        "reactor_utilization": {
          "shard": "11",
          "value": 38.539574039999778
        }
      },
      {
        "reactor_utilization": {
          "shard": "12",
          "value": 37.962829399999677
        }
      },
      {
        "reactor_utilization": {
          "shard": "13",
          "value": 35.055762000000179
        }
      },
      {
        "reactor_utilization": {
          "shard": "14",
          "value": 37.613511600000038
        }
      },
      {
        "reactor_utilization": {
          "shard": "15",
          "value": 32.354247940000313
        }
      }
    ]
  },
  {
    "metrics": [
      {
        "reactor_utilization": {
          "shard": "0",
          "value": 29.952943340000047
        }
      },
      {
        "reactor_utilization": {
          "shard": "1",
          "value": 38.182295800000077
        }
      },
      {
        "reactor_utilization": {
          "shard": "2",
          "value": 33.370224619999775
        }
      },
      {
        "reactor_utilization": {
          "shard": "3",
          "value": 46.023090579999348
        }
      },
      {
        "reactor_utilization": {
          "shard": "4",
          "value": 27.193181439999826
        }
      },
      {
        "reactor_utilization": {
          "shard": "5",
          "value": 27.402525699999991
        }
      },
      {
        "reactor_utilization": {
          "shard": "6",
          "value": 29.632981599999596
        }
      },
      {
        "reactor_utilization": {
          "shard": "7",
          "value": 21.465806360000006
        }
      },
      {
        "reactor_utilization": {
          "shard": "8",
          "value": 32.163432599999645
        }
      },
      {
        "reactor_utilization": {
          "shard": "9",
          "value": 31.776668439999966
        }
      },
      {
        "reactor_utilization": {
          "shard": "10",
          "value": 29.87711688000071
        }
      },
      {
        "reactor_utilization": {
          "shard": "11",
          "value": 43.257342939999774
        }
      },
      {
        "reactor_utilization": {
          "shard": "12",
          "value": 43.755559639999696
        }
      },
      {
        "reactor_utilization": {
          "shard": "13",
          "value": 35.597123700000168
        }
      },
      {
        "reactor_utilization": {
          "shard": "14",
          "value": 38.643408880000031
        }
      },
      {
        "reactor_utilization": {
          "shard": "15",
          "value": 41.547966100000309
        }
      }
    ]
  },
  {
    "metrics": [
      {
        "reactor_utilization": {
          "shard": "0",
          "value": 32.159184540000062
        }
      },
      {
        "reactor_utilization": {
          "shard": "1",
          "value": 37.644099360000062
        }
      },
      {
        "reactor_utilization": {
          "shard": "2",
          "value": 37.534578439999763
        }
      },
      {
        "reactor_utilization": {
          "shard": "3",
          "value": 40.699411699999352
        }
      },
      {
        "reactor_utilization": {
          "shard": "4",
          "value": 23.368296239999829
        }
      },
      {
        "reactor_utilization": {
          "shard": "5",
          "value": 27.542389199999995
        }
      },
      {
        "reactor_utilization": {
          "shard": "6",
          "value": 40.899202739999609
        }
      },
      {
        "reactor_utilization": {
          "shard": "7",
          "value": 21.114465819999996
        }
      },
      {
        "reactor_utilization": {
          "shard": "8",
          "value": 34.68008209999963
        }
      },
      {
        "reactor_utilization": {
          "shard": "9",
          "value": 38.181759379999967
        }
      },
      {
        "reactor_utilization": {
          "shard": "10",
          "value": 28.635310540000702
        }
      },
      {
        "reactor_utilization": {
          "shard": "11",
          "value": 34.816109679999762
        }
      },
      {
        "reactor_utilization": {
          "shard": "12",
          "value": 39.3366845199997
        }
      },
      {
        "reactor_utilization": {
          "shard": "13",
          "value": 32.958048820000172
        }
      },
      {
        "reactor_utilization": {
          "shard": "14",
          "value": 45.815689820000038
        }
      },
      {
        "reactor_utilization": {
          "shard": "15",
          "value": 34.801947440000305
        }
      }
    ]
  },
  {
    "metrics": [
      {
        "reactor_utilization": {
          "shard": "0",
          "value": 36.177207400000064
        }
      },
      {
        "reactor_utilization": {
          "shard": "1",
          "value": 31.441628560000055
        }
      },
      {
        "reactor_utilization": {
          "shard": "2",
          "value": 32.583710999999774
        }
      },
      {
        "reactor_utilization": {
          "shard": "3",
          "value": 35.292313939999346
        }
      },
      {
        "reactor_utilization": {
          "shard": "4",
          "value": 27.444626619999823
        }
      },
      {
        "reactor_utilization": {
          "shard": "5",
          "value": 34.235704019999993
        }
      },
      {
        "reactor_utilization": {
          "shard": "6",
          "value": 37.344165919999604
        }
      },
      {
        "reactor_utilization": {
          "shard": "7",
          "value": 29.163224219999996
        }
      },
      {
        "reactor_utilization": {
          "shard": "8",
          "value": 35.70907681999963
        }
      },
      {
        "reactor_utilization": {
          "shard": "9",
          "value": 35.822692299999972
        }
      },
      {
        "reactor_utilization": {
          "shard": "10",
          "value": 34.617254580000711
        }
      },
      {
        "reactor_utilization": {
          "shard": "11",
          "value": 37.533769259999787
        }
      },
      {
        "reactor_utilization": {
          "shard": "12",
          "value": 33.046177319999678
        }
      },
      {
        "reactor_utilization": {
          "shard": "13",
          "value": 35.402935920000168
        }
      },
      {
        "reactor_utilization": {
          "shard": "14",
          "value": 40.084088540000053
        }
      },
      {
        "reactor_utilization": {
          "shard": "15",
          "value": 34.892340880000319
        }
      }
    ]
  },
  {
    "metrics": [
      {
        "reactor_utilization": {
          "shard": "0",
          "value": 38.174184520000068
        }
      },
      {
        "reactor_utilization": {
          "shard": "1",
          "value": 33.820987680000059
        }
      },
      {
        "reactor_utilization": {
          "shard": "2",
          "value": 32.527732919999764
        }
      },
      {
        "reactor_utilization": {
          "shard": "3",
          "value": 34.438563739999317
        }
      },
      {
        "reactor_utilization": {
          "shard": "4",
          "value": 20.039499859999832
        }
      },
      {
        "reactor_utilization": {
          "shard": "5",
          "value": 26.759188839999982
        }
      },
      {
        "reactor_utilization": {
          "shard": "6",
          "value": 32.322701039999622
        }
      },
      {
        "reactor_utilization": {
          "shard": "7",
          "value": 27.344630980000005
        }
      },
      {
        "reactor_utilization": {
          "shard": "8",
          "value": 39.26540365999962
        }
      },
      {
        "reactor_utilization": {
          "shard": "9",
          "value": 34.214208239999962
        }
      },
      {
        "reactor_utilization": {
          "shard": "10",
          "value": 33.8096273200007
        }
      },
      {
        "reactor_utilization": {
          "shard": "11",
          "value": 41.381892299999777
        }
      },
      {
        "reactor_utilization": {
          "shard": "12",
          "value": 35.328709919999682
        }
      },
      {
        "reactor_utilization": {
          "shard": "13",
          "value": 37.081628780000173
        }
      },
      {
        "reactor_utilization": {
          "shard": "14",
          "value": 44.894172680000047
        }
      },
      {
        "reactor_utilization": {
          "shard": "15",
          "value": 35.419032700000322
        }
      }
    ]
  },
  {
    "metrics": [
      {
        "reactor_utilization": {
          "shard": "0",
          "value": 35.084350940000064
        }
      },
      {
        "reactor_utilization": {
          "shard": "1",
          "value": 25.181115240000061
        }
      },
      {
        "reactor_utilization": {
          "shard": "2",
          "value": 36.243566479999757
        }
      },
      {
        "reactor_utilization": {
          "shard": "3",
          "value": 34.171605499999316
        }
      },
      {
        "reactor_utilization": {
          "shard": "4",
          "value": 30.497317679999835
        }
      },
      {
        "reactor_utilization": {
          "shard": "5",
          "value": 27.603114419999997
        }
      },
      {
        "reactor_utilization": {
          "shard": "6",
          "value": 36.6688472399996
        }
      },
      {
        "reactor_utilization": {
          "shard": "7",
          "value": 31.606487640000026
        }
      },
      {
        "reactor_utilization": {
          "shard": "8",
          "value": 33.858868719999627
        }
      },
      {
        "reactor_utilization": {
          "shard": "9",
          "value": 30.856934379999966
        }
      },
      {
        "reactor_utilization": {
          "shard": "10",
          "value": 34.553069140000716
        }
      },
      {
        "reactor_utilization": {
          "shard": "11",
          "value": 43.748194779999785
        }
      },
      {
        "reactor_utilization": {
          "shard": "12",
          "value": 39.421099819999704
        }
      },
      {
        "reactor_utilization": {
          "shard": "13",
          "value": 38.731532120000168
        }
      },
      {
        "reactor_utilization": {
          "shard": "14",
          "value": 27.884851280000046
        }
      },
      {
        "reactor_utilization": {
          "shard": "15",
          "value": 35.056523820000308
        }
      }
    ]
  },
  {
    "metrics": [
      {
        "reactor_utilization": {
          "shard": "0",
          "value": 31.444613200000049
        }
      },
      {
        "reactor_utilization": {
          "shard": "1",
          "value": 31.639534620000077
        }
      },
      {
        "reactor_utilization": {
          "shard": "2",
          "value": 30.916832739999755
        }
      },
      {
        "reactor_utilization": {
          "shard": "3",
          "value": 34.022280539999315
        }
      },
      {
        "reactor_utilization": {
          "shard": "4",
          "value": 23.591184739999825
        }
      },
      {
        "reactor_utilization": {
          "shard": "5",
          "value": 35.118169419999965
        }
      },
      {
        "reactor_utilization": {
          "shard": "6",
          "value": 36.351999939999615
        }
      },
      {
        "reactor_utilization": {
          "shard": "7",
          "value": 25.504356120000015
        }
      },
      {
        "reactor_utilization": {
          "shard": "8",
          "value": 30.199551099999631
        }
      },
      {
        "reactor_utilization": {
          "shard": "9",
          "value": 31.918828079999962
        }
      },
      {
        "reactor_utilization": {
          "shard": "10",
          "value": 33.451122300000726
        }
      },
      {
        "reactor_utilization": {
          "shard": "11",
          "value": 38.943544619999784
        }
      },
      {
        "reactor_utilization": {
          "shard": "12",
          "value": 43.876456459999716
        }
      },
      {
        "reactor_utilization": {
          "shard": "13",
          "value": 50.52567898000018
        }
      },
      {
        "reactor_utilization": {
          "shard": "14",
          "value": 32.153751000000064
        }
      },
      {
        "reactor_utilization": {
          "shard": "15",
          "value": 44.223203140000308
        }
      }
    ]
  },
  {
    "metrics": [
      {
        "reactor_utilization": {
          "shard": "0",
          "value": 41.539030000000054
        }
      },
      {
        "reactor_utilization": {
          "shard": "1",
          "value": 39.288431640000077
        }
      },
      {
        "reactor_utilization": {
          "shard": "2",
          "value": 30.830459699999768
        }
      },
      {
        "reactor_utilization": {
          "shard": "3",
          "value": 34.965687699999314
        }
      },
      {
        "reactor_utilization": {
          "shard": "4",
          "value": 29.016434299999826
        }
      },
      {
        "reactor_utilization": {
          "shard": "5",
          "value": 30.574965579999969
        }
      },
      {
        "reactor_utilization": {
          "shard": "6",
          "value": 32.847155559999607
        }
      },
      {
        "reactor_utilization": {
          "shard": "7",
          "value": 21.74110426
        }
      },
      {
        "reactor_utilization": {
          "shard": "8",
          "value": 34.6928862999996
        }
      },
      {
        "reactor_utilization": {
          "shard": "9",
          "value": 43.266990599999943
        }
      },
      {
        "reactor_utilization": {
          "shard": "10",
          "value": 35.491788260000703
        }
      },
      {
        "reactor_utilization": {
          "shard": "11",
          "value": 34.909900839999771
        }
      },
      {
        "reactor_utilization": {
          "shard": "12",
          "value": 40.614067079999707
        }
      },
      {
        "reactor_utilization": {
          "shard": "13",
          "value": 37.663898800000183
        }
      },
      {
        "reactor_utilization": {
          "shard": "14",
          "value": 33.552199500000043
        }
      },
      {
        "reactor_utilization": {
          "shard": "15",
          "value": 34.496188860000309
        }
      }
    ]
  },
  {
    "metrics": [
      {
        "reactor_utilization": {
          "shard": "0",
          "value": 38.880242300000056
        }
      },
      {
        "reactor_utilization": {
          "shard": "1",
          "value": 33.404203800000076
        }
      },
      {
        "reactor_utilization": {
          "shard": "2",
          "value": 30.612542419999766
        }
      },
      {
        "reactor_utilization": {
          "shard": "3",
          "value": 39.819938839999324
        }
      },
      {
        "reactor_utilization": {
          "shard": "4",
          "value": 25.197511639999824
        }
      },
      {
        "reactor_utilization": {
          "shard": "5",
          "value": 35.087518819999971
        }
      },
      {
        "reactor_utilization": {
          "shard": "6",
          "value": 26.696455339999613
        }
      },
      {
        "reactor_utilization": {
          "shard": "7",
          "value": 30.164956019999988
        }
      },
      {
        "reactor_utilization": {
          "shard": "8",
          "value": 30.792229479999612
        }
      },
      {
        "reactor_utilization": {
          "shard": "9",
          "value": 30.795990099999948
        }
      },
      {
        "reactor_utilization": {
          "shard": "10",
          "value": 33.683247280000714
        }
      },
      {
        "reactor_utilization": {
          "shard": "11",
          "value": 43.834285679999773
        }
      },
      {
        "reactor_utilization": {
          "shard": "12",
          "value": 39.982932559999718
        }
      },
      {
        "reactor_utilization": {
          "shard": "13",
          "value": 36.187364360000174
        }
      },
      {
        "reactor_utilization": {
          "shard": "14",
          "value": 29.277622460000053
        }
      },
      {
        "reactor_utilization": {
          "shard": "15",
          "value": 38.566014540000317
        }
      }
    ]
  },
  {
    "metrics": [
      {
        "reactor_utilization": {
          "shard": "0",
          "value": 41.717857440000039
        }
      },
      {
        "reactor_utilization": {
          "shard": "1",
          "value": 35.009714560000063
        }
      },
      {
        "reactor_utilization": {
          "shard": "2",
          "value": 31.083592379999757
        }
      },
      {
        "reactor_utilization": {
          "shard": "3",
          "value": 45.789316239999344
        }
      },
      {
        "reactor_utilization": {
          "shard": "4",
          "value": 24.304259399999829
        }
      },
      {
        "reactor_utilization": {
          "shard": "5",
          "value": 32.392381199999967
        }
      },
      {
        "reactor_utilization": {
          "shard": "6",
          "value": 31.919919339999623
        }
      },
      {
        "reactor_utilization": {
          "shard": "7",
          "value": 28.851098279999967
        }
      },
      {
        "reactor_utilization": {
          "shard": "8",
          "value": 29.986438459999619
        }
      },
      {
        "reactor_utilization": {
          "shard": "9",
          "value": 33.312478039999945
        }
      },
      {
        "reactor_utilization": {
          "shard": "10",
          "value": 28.251949080000706
        }
      },
      {
        "reactor_utilization": {
          "shard": "11",
          "value": 36.358428799999785
        }
      },
      {
        "reactor_utilization": {
          "shard": "12",
          "value": 35.947564499999714
        }
      },
      {
        "reactor_utilization": {
          "shard": "13",
          "value": 36.098262900000179
        }
      },
      {
        "reactor_utilization": {
          "shard": "14",
          "value": 36.994395620000063
        }
      },
      {
        "reactor_utilization": {
          "shard": "15",
          "value": 35.588035620000305
        }
      }
    ]
  },
  {
    "metrics": [
      {
        "reactor_utilization": {
          "shard": "0",
          "value": 36.388480400000034
        }
      },
      {
        "reactor_utilization": {
          "shard": "1",
          "value": 31.476761740000047
        }
      },
      {
        "reactor_utilization": {
          "shard": "2",
          "value": 42.760090959999765
        }
      },
      {
        "reactor_utilization": {
          "shard": "3",
          "value": 42.367887339999356
        }
      },
      {
        "reactor_utilization": {
          "shard": "4",
          "value": 27.639794199999823
        }
      },
      {
        "reactor_utilization": {
          "shard": "5",
          "value": 30.523621519999956
        }
      },
      {
        "reactor_utilization": {
          "shard": "6",
          "value": 39.160016599999615
        }
      },
      {
        "reactor_utilization": {
          "shard": "7",
          "value": 21.147670439999967
        }
      },
      {
        "reactor_utilization": {
          "shard": "8",
          "value": 34.730000699999628
        }
      },
      {
        "reactor_utilization": {
          "shard": "9",
          "value": 33.512830719999954
        }
      },
      {
        "reactor_utilization": {
          "shard": "10",
          "value": 29.336487320000714
        }
      },
      {
        "reactor_utilization": {
          "shard": "11",
          "value": 39.67419547999981
        }
      },
      {
        "reactor_utilization": {
          "shard": "12",
          "value": 30.255127379999713
        }
      },
      {
        "reactor_utilization": {
          "shard": "13",
          "value": 40.548510780000171
        }
      },
      {
        "reactor_utilization": {
          "shard": "14",
          "value": 39.759355640000059
        }
      },
      {
        "reactor_utilization": {
          "shard": "15",
          "value": 38.603550460000314
        }
      }
    ]
  },
  {
    "metrics": [
      {
        "reactor_utilization": {
          "shard": "0",
          "value": 34.074533120000027
        }
      },
      {
        "reactor_utilization": {
          "shard": "1",
          "value": 26.979931000000047
        }
      },
      {
        "reactor_utilization": {
          "shard": "2",
          "value": 37.433348999999772
        }
      },
      {
        "reactor_utilization": {
          "shard": "3",
          "value": 40.377140539999345
        }
      },
      {
        "reactor_utilization": {
          "shard": "4",
          "value": 25.013159059999836
        }
      },
      {
        "reactor_utilization": {
          "shard": "5",
          "value": 34.895407959999943
        }
      },
      {
        "reactor_utilization": {
          "shard": "6",
          "value": 32.72912549999959
        }
      },
      {
        "reactor_utilization": {
          "shard": "7",
          "value": 29.157892639999961
        }
      },
      {
        "reactor_utilization": {
          "shard": "8",
          "value": 38.834141419999625
        }
      },
      {
        "reactor_utilization": {
          "shard": "9",
          "value": 35.77968635999995
        }
      },
      {
        "reactor_utilization": {
          "shard": "10",
          "value": 27.377871420000723
        }
      },
      {
        "reactor_utilization": {
          "shard": "11",
          "value": 34.260109879999824
        }
      },
      {
        "reactor_utilization": {
          "shard": "12",
          "value": 34.502939479999725
        }
      },
      {
        "reactor_utilization": {
          "shard": "13",
          "value": 38.383098080000167
        }
      },
      {
        "reactor_utilization": {
          "shard": "14",
          "value": 37.893333740000067
        }
      },
      {
        "reactor_utilization": {
          "shard": "15",
          "value": 35.537331640000289
        }
      }
    ]
  },
  {
    "metrics": [
      {
        "reactor_utilization": {
          "shard": "0",
          "value": 31.98734554000001
        }
      },
      {
        "reactor_utilization": {
          "shard": "1",
          "value": 35.129870160000046
        }
      },
      {
        "reactor_utilization": {
          "shard": "2",
          "value": 40.87650047999977
        }
      },
      {
        "reactor_utilization": {
          "shard": "3",
          "value": 42.649295359999329
        }
      },
      {
        "reactor_utilization": {
          "shard": "4",
          "value": 24.843549259999854
        }
      },
      {
        "reactor_utilization": {
          "shard": "5",
          "value": 26.387259159999964
        }
      },
      {
        "reactor_utilization": {
          "shard": "6",
          "value": 31.014038119999611
        }
      },
      {
        "reactor_utilization": {
          "shard": "7",
          "value": 21.893539559999951
        }
      },
      {
        "reactor_utilization": {
          "shard": "8",
          "value": 36.357230019999619
        }
      },
      {
        "reactor_utilization": {
          "shard": "9",
          "value": 40.473927039999957
        }
      },
      {
        "reactor_utilization": {
          "shard": "10",
          "value": 33.404962260000694
        }
      },
      {
        "reactor_utilization": {
          "shard": "11",
          "value": 43.621714059999825
        }
      },
      {
        "reactor_utilization": {
          "shard": "12",
          "value": 36.982095959999725
        }
      },
      {
        "reactor_utilization": {
          "shard": "13",
          "value": 41.67016778000017
        }
      },
      {
        "reactor_utilization": {
          "shard": "14",
          "value": 36.74628610000007
        }
      },
      {
        "reactor_utilization": {
          "shard": "15",
          "value": 34.239869120000307
        }
      }
    ]
  },
  {
    "metrics": [
      {
        "reactor_utilization": {
          "shard": "0",
          "value": 33.667058900000015
        }
      },
      {
        "reactor_utilization": {
          "shard": "1",
          "value": 35.557702760000055
        }
      },
      {
        "reactor_utilization": {
          "shard": "2",
          "value": 31.503879699999782
        }
      },
      {
        "reactor_utilization": {
          "shard": "3",
          "value": 35.634015799999318
        }
      },
      {
        "reactor_utilization": {
          "shard": "4",
          "value": 27.950810239999846
        }
      },
      {
        "reactor_utilization": {
          "shard": "5",
          "value": 34.138699899999935
        }
      },
      {
        "reactor_utilization": {
          "shard": "6",
          "value": 36.573783899999604
        }
      },
      {
        "reactor_utilization": {
          "shard": "7",
          "value": 25.176395339999978
        }
      },
      {
        "reactor_utilization": {
          "shard": "8",
          "value": 41.352162859999616
        }
      },
      {
        "reactor_utilization": {
          "shard": "9",
          "value": 40.917278799999956
        }
      },
      {
        "reactor_utilization": {
          "shard": "10",
          "value": 33.837359840000701
        }
      },
      {
        "reactor_utilization": {
          "shard": "11",
          "value": 36.342586379999823
        }
      },
      {
        "reactor_utilization": {
          "shard": "12",
          "value": 34.60083273999971
        }
      },
      {
        "reactor_utilization": {
          "shard": "13",
          "value": 42.852174940000175
        }
      },
      {
        "reactor_utilization": {
          "shard": "14",
          "value": 34.477408800000077
        }
      },
      {
        "reactor_utilization": {
          "shard": "15",
          "value": 30.292836340000306
        }
      }
    ]
  },
  {
    "metrics": [
      {
        "reactor_utilization": {
          "shard": "0",
          "value": 38.685297060000032
        }
      },
      {
        "reactor_utilization": {
          "shard": "1",
          "value": 33.831591300000028
        }
      },
      {
        "reactor_utilization": {
          "shard": "2",
          "value": 36.703094199999789
        }
      },
      {
        "reactor_utilization": {
          "shard": "3",
          "value": 40.941853319999332
        }
      },
      {
        "reactor_utilization": {
          "shard": "4",
          "value": 25.747669079999845
        }
      },
      {
        "reactor_utilization": {
          "shard": "5",
          "value": 35.203752619999953
        }
      },
      {
        "reactor_utilization": {
          "shard": "6",
          "value": 32.088662339999608
        }
      },
      {
        "reactor_utilization": {
          "shard": "7",
          "value": 31.281282479999973
        }
      },
      {
        "reactor_utilization": {
          "shard": "8",
          "value": 29.766914959999625
        }
      },
      {
        "reactor_utilization": {
          "shard": "9",
          "value": 32.395291199999953
        }
      },
      {
        "reactor_utilization": {
          "shard": "10",
          "value": 29.015386220000707
        }
      },
      {
        "reactor_utilization": {
          "shard": "11",
          "value": 40.524575439999808
        }
      },
      {
        "reactor_utilization": {
          "shard": "12",
          "value": 38.942283779999713
        }
      },
      {
        "reactor_utilization": {
          "shard": "13",
          "value": 39.42676216000018
        }
      },
      {
        "reactor_utilization": {
          "shard": "14",
          "value": 36.238436740000047
        }
      },
      {
        "reactor_utilization": {
          "shard": "15",
          "value": 39.793865860000288
        }
      }
    ]
  },
  {
    "metrics": [
      {
        "reactor_utilization": {
          "shard": "0",
          "value": 32.689179580000037
        }
      },
      {
        "reactor_utilization": {
          "shard": "1",
          "value": 34.722676560000032
        }
      },
      {
        "reactor_utilization": {
          "shard": "2",
          "value": 38.941021499999792
        }
      },
      {
        "reactor_utilization": {
          "shard": "3",
          "value": 38.241820359999338
        }
      },
      {
        "reactor_utilization": {
          "shard": "4",
          "value": 26.157554439999863
        }
      },
      {
        "reactor_utilization": {
          "shard": "5",
          "value": 30.489500899999943
        }
      },
      {
        "reactor_utilization": {
          "shard": "6",
          "value": 35.611785339999614
        }
      },
      {
        "reactor_utilization": {
          "shard": "7",
          "value": 23.833453959999986
        }
      },
      {
        "reactor_utilization": {
          "shard": "8",
          "value": 31.045235259999625
        }
      },
      {
        "reactor_utilization": {
          "shard": "9",
          "value": 36.803687219999972
        }
      },
      {
        "reactor_utilization": {
          "shard": "10",
          "value": 31.869622380000727
        }
      },
      {
        "reactor_utilization": {
          "shard": "11",
          "value": 41.084781139999812
        }
      },
      {
        "reactor_utilization": {
          "shard": "12",
          "value": 30.574624659999717
        }
      },
      {
        "reactor_utilization": {
          "shard": "13",
          "value": 42.613956480000191
        }
      },
      {
        "reactor_utilization": {
          "shard": "14",
          "value": 30.594867380000046
        }
      },
      {
        "reactor_utilization": {
          "shard": "15",
          "value": 34.125413940000286
        }
      }
    ]
  }
]
