[
  {
    "metrics": [
      {
        "reactor_utilization": {
          "shard": "0",
          "value": 74.626768620000078
        }
      },
      {
        "reactor_utilization": {
          "shard": "1",
          "value": 80.635453060000088
        }
      },
      {
        "reactor_utilization": {
          "shard": "2",
          "value": 74.102959979999852
        }
      },
      {
        "reactor_utilization": {
          "shard": "3",
          "value": 64.011676459999279
        }
      },
      {
        "reactor_utilization": {
          "shard": "4",
          "value": 73.420132719999714
        }
      },
      {
        "reactor_utilization": {
          "shard": "5",
          "value": 76.437077380000005
        }
      },
      {
        "reactor_utilization": {
          "shard": "6",
          "value": 78.598412859999669
        }
      },
      {
        "reactor_utilization": {
          "shard": "7",
          "value": 70.051765700000004
        }
      },
      {
        "reactor_utilization": {
          "shard": "8",
          "value": 64.915567299999694
        }
      },
      {
        "reactor_utilization": {
          "shard": "9",
          "value": 93.371748999999795
        }
      },
      {
        "reactor_utilization": {
          "shard": "10",
          "value": 67.615131300000769
        }
      },
      {
        "reactor_utilization": {
          "shard": "11",
          "value": 80.522463199999933
        }
      },
      {
        "reactor_utilization": {
          "shard": "12",
          "value": 78.515089480000583
        }
      },
      {
        "reactor_utilization": {
          "shard": "13",
          "value": 79.337578720000351
        }
      },
      {
        "reactor_utilization": {
          "shard": "14",
          "value": 67.866006699999517
        }
      },
      {
        "reactor_utilization": {
          "shard": "15",
          "value": 75.659327600000083
        }
      }
    ]
  },
  {
    "metrics": [
      {
        "reactor_utilization": {
          "shard": "0",
          "value": 63.501734280000086
        }
      },
      {
        "reactor_utilization": {
          "shard": "1",
          "value": 61.478072180000076
        }
      },
      {
        "reactor_utilization": {
          "shard": "2",
          "value": 65.899445679999829
        }
      },
      {
        "reactor_utilization": {
          "shard": "3",
          "value": 62.909603019999274
        }
      },
      {
        "reactor_utilization": {
          "shard": "4",
          "value": 57.67938285999972
        }
      },
      {
        "reactor_utilization": {
          "shard": "5",
          "value": 55.40627108000001
        }
      },
      {
        "reactor_utilization": {
          "shard": "6",
          "value": 58.161273159999659
        }
      },
      {
        "reactor_utilization": {
          "shard": "7",
          "value": 64.527863359999998
        }
      },
      {
        "reactor_utilization": {
          "shard": "8",
          "value": 53.426473899999671
        }
      },
      {
        "reactor_utilization": {
          "shard": "9",
          "value": 65.192110919999791
        }
      },
      {
        "reactor_utilization": {
          "shard": "10",
          "value": 55.892623320000766
        }
      },
      {
        "reactor_utilization": {
          "shard": "11",
          "value": 61.87275347999995
        }
      },
      {
        "reactor_utilization": {
          "shard": "12",
          "value": 72.299624200000579
        }
      },
      {
        "reactor_utilization": {
          "shard": "13",
          "value": 64.749462880000365
        }
      },
      {
        "reactor_utilization": {
          "shard": "14",
          "value": 60.940101399999513
        }
      },
      {
        "reactor_utilization": {
          "shard": "15",
          "value": 61.122845300000087
        }
      }
    ]
  },
  {
    "metrics": [
      {
        "reactor_utilization": {
          "shard": "0",
          "value": 62.818950420000085
        }
      },
      {
        "reactor_utilization": {
          "shard": "1",
          "value": 58.903918920000088
        }
      },
      {
        "reactor_utilization": {
          "shard": "2",
          "value": 68.945969599999842
        }
      },
      {
        "reactor_utilization": {
          "shard": "3",
          "value": 62.254470159999272
        }
      },
      {
        "reactor_utilization": {
          "shard": "4",
          "value": 60.256965499999723
        }
      },
      {
        "reactor_utilization": {
          "shard": "5",
          "value": 60.97960800000002
        }
      },
      {
        "reactor_utilization": {
          "shard": "6",
          "value": 65.54310121999967
        }
      },
      {
        "reactor_utilization": {
          "shard": "7",
          "value": 60.308653200000009
        }
      },
      {
        "reactor_utilization": {
          "shard": "8",
          "value": 63.827456639999667
        }
      },
      {
        "reactor_utilization": {
          "shard": "9",
          "value": 69.879347419999789
        }
      },
      {
        "reactor_utilization": {
          "shard": "10",
          "value": 55.772864460000783
        }
      },
      {
        "reactor_utilization": {
          "shard": "11",
          "value": 67.742893979999948
        }
      },
      {
        "reactor_utilization": {
          "shard": "12",
          "value": 69.994635440000579
        }
      },
      {
        "reactor_utilization": {
          "shard": "13",
          "value": 65.901111820000352
        }
      },
      {
        "reactor_utilization": {
          "shard": "14",
          "value": 71.156811959999516
        }
      },
      {
        "reactor_utilization": {
          "shard": "15",
          "value": 56.35766028000009
        }
      }
    ]
  },
  {
    "metrics": [
      {
        "reactor_utilization": {
          "shard": "0",
          "value": 59.863928060000084
        }
      },
      {
        "reactor_utilization": {
          "shard": "1",
          "value": 61.720578580000087
        }
      },
      {
        "reactor_utilization": {
          "shard": "2",
          "value": 67.153184559999829
        }
      },
      {
        "reactor_utilization": {
          "shard": "3",
          "value": 65.868037979999272
        }
      },
      {
        "reactor_utilization": {
          "shard": "4",
          "value": 59.328637979999719
        }
      },
      {
        "reactor_utilization": {
          "shard": "5",
          "value": 58.868815340000012
        }
      },
      {
        "reactor_utilization": {
          "shard": "6",
          "value": 84.80398847999966
        }
      },
      {
        "reactor_utilization": {
          "shard": "7",
          "value": 63.314059420000014
        }
      },
      {
        "reactor_utilization": {
          "shard": "8",
          "value": 62.537664399999656
        }
      },
      {
        "reactor_utilization": {
          "shard": "9",
          "value": 70.268301359999768
        }
      },
      {
        "reactor_utilization": {
          "shard": "10",
          "value": 72.475892160000782
        }
      },
      {
        "reactor_utilization": {
          "shard": "11",
          "value": 74.417577799999961
        }
      },
      {
        "reactor_utilization": {
          "shard": "12",
          "value": 70.080611340000573
        }
      },
      {
        "reactor_utilization": {
          "shard": "13",
          "value": 71.762714720000361
        }
      },
      {
        "reactor_utilization": {
          "shard": "14",
          "value": 87.171548199999521
        }
      },
      {
        "reactor_utilization": {
          "shard": "15",
          "value": 54.90884176000008
        }
      }
    ]
  },
  {
    "metrics": [
      {
        "reactor_utilization": {
          "shard": "0",
          "value": 77.637581280000092
        }
      },
      {
        "reactor_utilization": {
          "shard": "1",
          "value": 71.311885700000076
        }
      },
      {
        "reactor_utilization": {
          "shard": "2",
          "value": 74.836367079999832
        }
      },
      {
        "reactor_utilization": {
          "shard": "3",
          "value": 61.960698619999278
        }
      },
      {
        "reactor_utilization": {
          "shard": "4",
          "value": 82.533022679999718
        }
      },
      {
        "reactor_utilization": {
          "shard": "5",
          "value": 69.621958280000001
        }
      },
      {
        "reactor_utilization": {
          "shard": "6",
          "value": 82.307209179999646
        }
      },
      {
        "reactor_utilization": {
          "shard": "7",
          "value": 68.89784302000001
        }
      },
      {
        "reactor_utilization": {
          "shard": "8",
          "value": 77.001068619999657
        }
      },
      {
        "reactor_utilization": {
          "shard": "9",
          "value": 84.245019479999783
        }
      },
      {
        "reactor_utilization": {
          "shard": "10",
          "value": 88.784287140000785
        }
      },
      {
        "reactor_utilization": {
          "shard": "11",
          "value": 92.740162119999951
        }
      },
      {
        "reactor_utilization": {
          "shard": "12",
          "value": 77.071898020000589
        }
      },
      {
        "reactor_utilization": {
          "shard": "13",
          "value": 86.540994540000355
        }
      },
      {
        "reactor_utilization": {
          "shard": "14",
          "value": 82.989511679999524
        }
      },
      {
        "reactor_utilization": {
          "shard": "15",
          "value": 75.571156400000078
        }
      }
    ]
  },
  {
    "metrics": [
      {
        "reactor_utilization": {
          "shard": "0",
          "value": 74.897870040000086
        }
      },
      {
        "reactor_utilization": {
          "shard": "1",
          "value": 71.116136640000065
        }
      },
      {
        "reactor_utilization": {
          "shard": "2",
          "value": 75.055920819999827
        }
      },
      {
        "reactor_utilization": {
          "shard": "3",
          "value": 69.886357619999274
        }
      },
      {
        "reactor_utilization": {
          "shard": "4",
          "value": 80.233254859999732
        }
      },
      {
        "reactor_utilization": {
          "shard": "5",
          "value": 72.634225640000011
        }
      },
      {
        "reactor_utilization": {
          "shard": "6",
          "value": 82.520880219999654
        }
      },
      {
        "reactor_utilization": {
          "shard": "7",
          "value": 75.066419860000011
        }
      },
      {
        "reactor_utilization": {
          "shard": "8",
          "value": 74.560245339999653
        }
      },
      {
        "reactor_utilization": {
          "shard": "9",
          "value": 79.355822439999784
        }
      },
      {
        "reactor_utilization": {
          "shard": "10",
          "value": 69.620994160000777
        }
      },
      {
        "reactor_utilization": {
          "shard": "11",
          "value": 91.773385779999956
        }
      },
      {
        "reactor_utilization": {
          "shard": "12",
          "value": 85.642821140000578
        }
      },
      {
        "reactor_utilization": {
          "shard": "13",
          "value": 91.931759480000352
        }
      },
      {
        "reactor_utilization": {
          "shard": "14",
          "value": 74.212223699999512
        }
      },
      {
        "reactor_utilization": {
          "shard": "15",
          "value": 78.969740840000071
        }
      }
    ]
  },
  {
    "metrics": [
      {
        "reactor_utilization": {
          "shard": "0",
          "value": 75.863577100000086
        }
      },
      {
        "reactor_utilization": {
          "shard": "1",
          "value": 59.563309180000076
        }
      },
      {
        "reactor_utilization": {
          "shard": "2",
          "value": 80.20323521999984
        }
      },
      {
        "reactor_utilization": {
          "shard": "3",
          "value": 83.691714559999269
        }
      },
      {
        "reactor_utilization": {
          "shard": "4",
          "value": 65.024897499999724
        }
      },
      {
        "reactor_utilization": {
          "shard": "5",
          "value": 68.704284639999997
        }
      },
      {
        "reactor_utilization": {
          "shard": "6",
          "value": 80.306655299999647
        }
      },
      {
        "reactor_utilization": {
          "shard": "7",
          "value": 63.510636900000009
        }
      },
      {
        "reactor_utilization": {
          "shard": "8",
          "value": 77.935000199999649
        }
      },
      {
        "reactor_utilization": {
          "shard": "9",
          "value": 92.527820619999773
        }
      },
      {
        "reactor_utilization": {
          "shard": "10",
          "value": 64.594696920000771
        }
      },
      {
        "reactor_utilization": {
          "shard": "11",
          "value": 73.02195113999997
        }
      },
      {
        "reactor_utilization": {
          "shard": "12",
          "value": 81.200887320000575
        }
      },
      {
        "reactor_utilization": {
          "shard": "13",
          "value": 88.745478160000346
        }
      },
      {
        "reactor_utilization": {
          "shard": "14",
          "value": 72.856319259999509
        }
      },
      {
        "reactor_utilization": {
          "shard": "15",
          "value": 61.980524020000075
        }
      }
    ]
  },
  {
    "metrics": [
      {
        "reactor_utilization": {
          "shard": "0",
          "value": 71.689451960000099
        }
      },
      {
        "reactor_utilization": {
          "shard": "1",
          "value": 75.121074320000076
        }
      },
      {
        "reactor_utilization": {
          "shard": "2",
          "value": 79.679743839999844
        }
      },
      {
        "reactor_utilization": {
          "shard": "3",
          "value": 64.029534739999278
        }
      },
      {
        "reactor_utilization": {
          "shard": "4",
          "value": 78.51246389999973
        }
      },
      {
        "reactor_utilization": {
          "shard": "5",
          "value": 75.271195379999995
        }
      },
      {
        "reactor_utilization": {
          "shard": "6",
          "value": 83.627882519999659
        }
      },
      {
        "reactor_utilization": {
          "shard": "7",
          "value": 64.861864020000013
        }
      },
      {
        "reactor_utilization": {
          "shard": "8",
          "value": 71.353826839999655
        }
      },
      {
        "reactor_utilization": {
          "shard": "9",
          "value": 79.239484819999774
        }
      },
      {
        "reactor_utilization": {
          "shard": "10",
          "value": 63.865181960000783
        }
      },
      {
        "reactor_utilization": {
          "shard": "11",
          "value": 86.769722679999958
        }
      },
      {
        "reactor_utilization": {
          "shard": "12",
          "value": 78.596401260000576
        }
      },
      {
        "reactor_utilization": {
          "shard": "13",
          "value": 88.623086980000338
        }
      },
      {
        "reactor_utilization": {
          "shard": "14",
          "value": 69.800438479999514
        }
      },
      {
        "reactor_utilization": {
          "shard": "15",
          "value": 59.406821080000057
        }
      }
    ]
  },
  {
    "metrics": [
      {
        "reactor_utilization": {
          "shard": "0",
          "value": 67.101420960000098
        }
      },
      {
        "reactor_utilization": {
          "shard": "1",
          "value": 76.564533340000082
        }
      },
      {
        "reactor_utilization": {
          "shard": "2",
          "value": 86.572544939999844
        }
      },
      {
        "reactor_utilization": {
          "shard": "3",
          "value": 56.036905579999264
        }
      },
      {
        "reactor_utilization": {
          "shard": "4",
          "value": 74.439151099999719
        }
      },
      {
        "reactor_utilization": {
          "shard": "5",
          "value": 57.90613492
        }
      },
      {
        "reactor_utilization": {
          "shard": "6",
          "value": 71.553382519999658
        }
      },
      {
        "reactor_utilization": {
          "shard": "7",
          "value": 73.142302740000019
        }
      },
      {
        "reactor_utilization": {
          "shard": "8",
          "value": 75.407312999999661
        }
      },
      {
        "reactor_utilization": {
          "shard": "9",
          "value": 96.657287159999768
        }
      },
      {
        "reactor_utilization": {
          "shard": "10",
          "value": 54.882474220000773
        }
      },
      {
        "reactor_utilization": {
          "shard": "11",
          "value": 72.561419419999964
        }
      },
      {
        "reactor_utilization": {
          "shard": "12",
          "value": 60.223141620000575
        }
      },
      {
        "reactor_utilization": {
          "shard": "13",
          "value": 81.605187600000349
        }
      },
      {
        "reactor_utilization": {
          "shard": "14",
          "value": 56.138479399999518
        }
      },
      {
        "reactor_utilization": {
          "shard": "15",
          "value": 66.546044800000061
        }
      }
    ]
  },
  {
    "metrics": [
      {
        "reactor_utilization": {
          "shard": "0",
          "value": 65.371791420000093
        }
      },
      {
        "reactor_utilization": {
          "shard": "1",
          "value": 65.820904440000078
        }
      },
      {
        "reactor_utilization": {
          "shard": "2",
          "value": 82.668757739999833
        }
      },
      {
        "reactor_utilization": {
          "shard": "3",
          "value": 72.220230019999264
        }
      },
      {
        "reactor_utilization": {
          "shard": "4",
          "value": 64.493895119999721
        }
      },
      {
        "reactor_utilization": {
          "shard": "5",
          "value": 65.280034919999991
        }
      },
      {
        "reactor_utilization": {
          "shard": "6",
          "value": 69.516194019999645
        }
      },
      {
        "reactor_utilization": {
          "shard": "7",
          "value": 62.708532460000008
        }
      },
      {
        "reactor_utilization": {
          "shard": "8",
          "value": 70.772476699999658
        }
      },
      {
        "reactor_utilization": {
          "shard": "9",
          "value": 79.729445099999779
        }
      },
      {
        "reactor_utilization": {
          "shard": "10",
          "value": 64.856919640000783
        }
      },
      {
        "reactor_utilization": {
          "shard": "11",
          "value": 71.992087839999954
        }
      },
      {
        "reactor_utilization": {
          "shard": "12",
          "value": 81.018084520000571
        }
      },
      {
        "reactor_utilization": {
          "shard": "13",
          "value": 77.397239900000343
        }
      },
      {
        "reactor_utilization": {
          "shard": "14",
          "value": 75.37844121999953
        }
      },
      {
        "reactor_utilization": {
          "shard": "15",
          "value": 60.667455460000063
        }
      }
    ]
  },
  {
    "metrics": [
      {
        "reactor_utilization": {
          "shard": "0",
          "value": 68.638331120000089
        }
      },
      {
        "reactor_utilization": {
          "shard": "1",
          "value": 63.046811760000089
        }
      },
      {
        "reactor_utilization": {
          "shard": "2",
          "value": 67.080983699999834
        }
      },
      {
        "reactor_utilization": {
          "shard": "3",
          "value": 53.291599399999271
        }
      },
      {
        "reactor_utilization": {
          "shard": "4",
          "value": 70.070993379999734
        }
      },
      {
        "reactor_utilization": {
          "shard": "5",
          "value": 52.40171994
        }
      },
      {
        "reactor_utilization": {
          "shard": "6",
          "value": 75.77470263999966
        }
      },
      {
        "reactor_utilization": {
          "shard": "7",
          "value": 66.183412240000024
        }
      },
      {
        "reactor_utilization": {
          "shard": "8",
          "value": 63.125241159999668
        }
      },
      {
        "reactor_utilization": {
          "shard": "9",
          "value": 66.760535959999771
        }
      },
      {
        "reactor_utilization": {
          "shard": "10",
          "value": 59.69934750000079
        }
      },
      {
        "reactor_utilization": {
          "shard": "11",
          "value": 78.513915399999945
        }
      },
      {
        "reactor_utilization": {
          "shard": "12",
          "value": 70.21668006000057
        }
      },
      {
        "reactor_utilization": {
          "shard": "13",
          "value": 79.413253060000358
        }
      },
      {
        "reactor_utilization": {
          "shard": "14",
          "value": 71.357251639999518
        }
      },
      {
        "reactor_utilization": {
          "shard": "15",
          "value": 53.00658228000006
        }
      }
    ]
  },
  {
    "metrics": [
      {
        "reactor_utilization": {
          "shard": "0",
          "value": 85.330454340000088
        }
      },
      {
        "reactor_utilization": {
          "shard": "1",
          "value": 77.958858760000084
        }
      },
      {
        "reactor_utilization": {
          "shard": "2",
          "value": 73.920751539999841
        }
      },
      {
        "reactor_utilization": {
          "shard": "3",
          "value": 71.116738659999257
        }
      },
      {
        "reactor_utilization": {
          "shard": "4",
          "value": 85.307086439999736
        }
      },
      {
        "reactor_utilization": {
          "shard": "5",
          "value": 72.475951719999983
        }
      },
      {
        "reactor_utilization": {
          "shard": "6",
          "value": 78.083748999999656
        }
      },
      {
        "reactor_utilization": {
          "shard": "7",
          "value": 69.094564920000039
        }
      },
      {
        "reactor_utilization": {
          "shard": "8",
          "value": 76.013591739999654
        }
      },
      {
        "reactor_utilization": {
          "shard": "9",
          "value": 78.968688599999794
        }
      },
      {
        "reactor_utilization": {
          "shard": "10",
          "value": 69.935042040000781
        }
      },
      {
        "reactor_utilization": {
          "shard": "11",
          "value": 83.910270339999954
        }
      },
      {
        "reactor_utilization": {
          "shard": "12",
          "value": 87.045856160000582
        }
      },
      {
        "reactor_utilization": {
          "shard": "13",
          "value": 93.771901380000344
        }
      },
      {
        "reactor_utilization": {
          "shard": "14",
          "value": 67.42733091999952
        }
      },
      {
        "reactor_utilization": {
          "shard": "15",
          "value": 83.906333740000065
        }
      }
    ]
  },
  {
    "metrics": [
      {
        "reactor_utilization": {
          "shard": "0",
          "value": 70.778155880000099
        }
      },
      {
        "reactor_utilization": {
          "shard": "1",
          "value": 72.396861860000087
        }
      },
      {
        "reactor_utilization": {
          "shard": "2",
          "value": 80.347665019999837
        }
      },
      {
        "reactor_utilization": {
          "shard": "3",
          "value": 78.590195539999257
        }
      },
      {
        "reactor_utilization": {
          "shard": "4",
          "value": 76.517347859999731
        }
      },
      {
        "reactor_utilization": {
          "shard": "5",
          "value": 68.502751660000001
        }
      },
      {
        "reactor_utilization": {
          "shard": "6",
          "value": 75.013365979999662
        }
      },
      {
        "reactor_utilization": {
          "shard": "7",
          "value": 66.974902400000019
        }
      },
      {
        "reactor_utilization": {
          "shard": "8",
          "value": 74.84149981999964
        }
      },
      {
        "reactor_utilization": {
          "shard": "9",
          "value": 90.805933519999783
        }
      },
      {
        "reactor_utilization": {
          "shard": "10",
          "value": 58.763782520000788
        }
      },
      {
        "reactor_utilization": {
          "shard": "11",
          "value": 81.459510619999946
        }
      },
      {
        "reactor_utilization": {
          "shard": "12",
          "value": 83.133322260000568
        }
      },
      {
        "reactor_utilization": {
          "shard": "13",
          "value": 99.546901660000344
        }
      },
      {
        "reactor_utilization": {
          "shard": "14",
          "value": 68.506538419999515
        }
      },
      {
        "reactor_utilization": {
          "shard": "15",
          "value": 67.303903840000075
        }
      }
    ]
  },
  {
    "metrics": [
      {
        "reactor_utilization": {
          "shard": "0",
          "value": 81.564254860000091
        }
      },
      {
        "reactor_utilization": {
          "shard": "1",
          "value": 72.641174640000088
        }
      },
      {
        "reactor_utilization": {
          "shard": "2",
          "value": 87.230860159999835
        }
      },
      {
        "reactor_utilization": {
          "shard": "3",
          "value": 77.106836099999256
        }
      },
      {
        "reactor_utilization": {
          "shard": "4",
          "value": 82.413981059999728
        }
      },
      {
        "reactor_utilization": {
          "shard": "5",
          "value": 80.648512099999991
        }
      },
      {
        "reactor_utilization": {
          "shard": "6",
          "value": 88.100181199999653
        }
      },
      {
        "reactor_utilization": {
          "shard": "7",
          "value": 76.459018260000022
        }
      },
      {
        "reactor_utilization": {
          "shard": "8",
          "value": 69.340300999999656
        }
      },
      {
        "reactor_utilization": {
          "shard": "9",
          "value": 82.078030519999771
        }
      },
      {
        "reactor_utilization": {
          "shard": "10",
          "value": 63.407992900000785
        }
      },
      {
        "reactor_utilization": {
          "shard": "11",
          "value": 85.069229179999951
        }
      },
      {
        "reactor_utilization": {
          "shard": "12",
          "value": 80.032025880000575
        }
      },
      {
        "reactor_utilization": {
          "shard": "13",
          "value": 90.173596040000348
        }
      },
      {
        "reactor_utilization": {
          "shard": "14",
          "value": 67.298556359999523
        }
      },
      {
        "reactor_utilization": {
          "shard": "15",
          "value": 63.45531478000008
        }
      }
    ]
  },
  {
    "metrics": [
      {
        "reactor_utilization": {
          "shard": "0",
          "value": 70.790398800000091
        }
      },
      {
        "reactor_utilization": {
          "shard": "1",
          "value": 77.648879340000093
        }
      },
      {
        "reactor_utilization": {
          "shard": "2",
          "value": 88.114573879999838
        }
      },
      {
        "reactor_utilization": {
          "shard": "3",
          "value": 59.587007599999254
        }
      },
      {
        "reactor_utilization": {
          "shard": "4",
          "value": 68.128521439999744
        }
      },
      {
        "reactor_utilization": {
          "shard": "5",
          "value": 60.440568719999987
        }
      },
      {
        "reactor_utilization": {
          "shard": "6",
          "value": 82.967071779999642
        }
      },
      {
        "reactor_utilization": {
          "shard": "7",
          "value": 70.774192440000022
        }
      },
      {
        "reactor_utilization": {
          "shard": "8",
          "value": 81.557080799999653
        }
      },
      {
        "reactor_utilization": {
          "shard": "9",
          "value": 99.742332059999782
        }
      },
      {
        "reactor_utilization": {
          "shard": "10",
          "value": 58.263044000000797
        }
      },
      {
        "reactor_utilization": {
          "shard": "11",
          "value": 75.569653419999952
        }
      },
      {
        "reactor_utilization": {
          "shard": "12",
          "value": 68.812701640000569
        }
      },
      {
        "reactor_utilization": {
          "shard": "13",
          "value": 79.723827020000343
        }
      },
      {
        "reactor_utilization": {
          "shard": "14",
          "value": 62.398370879999518
        }
      },
      {
        "reactor_utilization": {
          "shard": "15",
          "value": 69.778203880000078
        }
      }
    ]
  },
  {
    "metrics": [
      {
        "reactor_utilization": {
          "shard": "0",
          "value": 70.600202820000106
        }
      },
      {
        "reactor_utilization": {
          "shard": "1",
          "value": 63.449351520000086
        }
      },
      {
        "reactor_utilization": {
          "shard": "2",
          "value": 83.84013949999985
        }
      },
      {
        "reactor_utilization": {
          "shard": "3",
          "value": 71.771708179999251
        }
      },
      {
        "reactor_utilization": {
          "shard": "4",
          "value": 75.47180765999974
        }
      },
      {
        "reactor_utilization": {
          "shard": "5",
          "value": 67.200433019999977
        }
      },
      {
        "reactor_utilization": {
          "shard": "6",
          "value": 78.246700939999641
        }
      },
      {
        "reactor_utilization": {
          "shard": "7",
          "value": 67.515006440000008
        }
      },
      {
        "reactor_utilization": {
          "shard": "8",
          "value": 76.794563999999639
        }
      },
      {
        "reactor_utilization": {
          "shard": "9",
          "value": 92.898382819999782
        }
      },
      {
        "reactor_utilization": {
          "shard": "10",
          "value": 70.1630952400008
        }
      },
      {
        "reactor_utilization": {
          "shard": "11",
          "value": 70.334150359999953
        }
      },
      {
        "reactor_utilization": {
          "shard": "12",
          "value": 82.20404596000057
        }
      },
      {
        "reactor_utilization": {
          "shard": "13",
          "value": 86.271053620000345
        }
      },
      {
        "reactor_utilization": {
          "shard": "14",
          "value": 63.806434059999532
        }
      },
      {
        "reactor_utilization": {
          "shard": "15",
          "value": 58.802597220000074
        }
      }
    ]
  },
  {
    "metrics": [
      {
        "reactor_utilization": {
          "shard": "0",
          "value": 81.465559300000095
        }
      },
      {
        "reactor_utilization": {
          "shard": "1",
          "value": 67.665561480000079
        }
      },
      {
        "reactor_utilization": {
          "shard": "2",
          "value": 71.749894239999833
        }
      },
      {
        "reactor_utilization": {
          "shard": "3",
          "value": 68.129321559999241
        }
      },
      {
        "reactor_utilization": {
          "shard": "4",
          "value": 65.94468881999974
        }
      },
      {
        "reactor_utilization": {
          "shard": "5",
          "value": 64.523048199999977
        }
      },
      {
        "reactor_utilization": {
          "shard": "6",
          "value": 84.474497899999648
        }
      },
      {
        "reactor_utilization": {
          "shard": "7",
          "value": 70.712228260000018
        }
      },
      {
        "reactor_utilization": {
          "shard": "8",
          "value": 70.683712939999637
        }
      },
      {
        "reactor_utilization": {
          "shard": "9",
          "value": 81.981388559999786
        }
      },
      {
        "reactor_utilization": {
          "shard": "10",
          "value": 77.128902640000788
        }
      },
      {
        "reactor_utilization": {
          "shard": "11",
          "value": 85.666635739999947
        }
      },
      {
        "reactor_utilization": {
          "shard": "12",
          "value": 83.133107640000574
        }
      },
      {
        "reactor_utilization": {
          "shard": "13",
          "value": 90.722814700000342
        }
      },
      {
        "reactor_utilization": {
          "shard": "14",
          "value": 83.769179619999534
        }
      },
      {
        "reactor_utilization": {
          "shard": "15",
          "value": 60.245498160000089
        }
      }
    ]
  },
  {
    "metrics": [
      {
        "reactor_utilization": {
          "shard": "0",
          "value": 74.31362624000009
        }
      },
      {
        "reactor_utilization": {
          "shard": "1",
          "value": 51.403434620000091
        }
      },
      {
        "reactor_utilization": {
          "shard": "2",
          "value": 68.96260997999984
        }
      },
      {
        "reactor_utilization": {
          "shard": "3",
          "value": 62.936636179999248
        }
      },
      {
        "reactor_utilization": {
          "shard": "4",
          "value": 73.673265619999739
        }
      },
      {
        "reactor_utilization": {
          "shard": "5",
          "value": 70.898062379999985
        }
      },
      {
        "reactor_utilization": {
          "shard": "6",
          "value": 71.811468599999657
        }
      },
      {
        "reactor_utilization": {
          "shard": "7",
          "value": 75.095811400000017
        }
      },
      {
        "reactor_utilization": {
          "shard": "8",
          "value": 72.818055979999642
        }
      },
      {
        "reactor_utilization": {
          "shard": "9",
          "value": 87.21637423999978
        }
      },
      {
        "reactor_utilization": {
          "shard": "10",
          "value": 59.203226780000783
        }
      },
      {
        "reactor_utilization": {
          "shard": "11",
          "value": 83.179316559999947
        }
      },
      {
        "reactor_utilization": {
          "shard": "12",
          "value": 87.688992480000564
        }
      },
      {
        "reactor_utilization": {
          "shard": "13",
          "value": 88.072954960000345
        }
      },
      {
        "reactor_utilization": {
          "shard": "14",
          "value": 68.67836133999954
        }
      },
      {
        "reactor_utilization": {
          "shard": "15",
          "value": 76.250646180000075
        }
      }
    ]
  },
  {
    "metrics": [
      {
        "reactor_utilization": {
          "shard": "0",
          "value": 72.575849440000084
        }
      },
      {
        "reactor_utilization": {
          "shard": "1",
          "value": 56.068987720000088
        }
      },
      {
        "reactor_utilization": {
          "shard": "2",
          "value": 80.501553419999837
        }
      },
      {
        "reactor_utilization": {
          "shard": "3",
          "value": 74.441633939999249
        }
      },
      {
        "reactor_utilization": {
          "shard": "4",
          "value": 67.382222619999737
        }
      },
      {
        "reactor_utilization": {
          "shard": "5",
          "value": 70.061540139999991
        }
      },
      {
        "reactor_utilization": {
          "shard": "6",
          "value": 77.521396579999646
        }
      },
      {
        "reactor_utilization": {
          "shard": "7",
          "value": 67.198050600000016
        }
      },
      {
        "reactor_utilization": {
          "shard": "8",
          "value": 68.96256795999966
        }
      },
      {
        "reactor_utilization": {
          "shard": "9",
          "value": 86.925802659999789
        }
      },
      {
        "reactor_utilization": {
          "shard": "10",
          "value": 55.730274640000786
        }
      },
      {
        "reactor_utilization": {
          "shard": "11",
          "value": 83.830016039999961
        }
      },
      {
        "reactor_utilization": {
          "shard": "12",
          "value": 73.61823092000057
        }
      },
      {
        "reactor_utilization": {
          "shard": "13",
          "value": 85.332644640000339
        }
      },
      {
        "reactor_utilization": {
          "shard": "14",
          "value": 71.164468579999536
        }
      },
      {
        "reactor_utilization": {
          "shard": "15",
          "value": 55.631356760000081
        }
      }
    ]
  },
  {
    "metrics": [
      {
        "reactor_utilization": {
          "shard": "0",
          "value": 72.137852260000088
        }
      },
      {
        "reactor_utilization": {
          "shard": "1",
          "value": 63.570261100000081
        }
      },
      {
        "reactor_utilization": {
          "shard": "2",
          "value": 74.205243879999827
        }
      },
      {
        "reactor_utilization": {
          "shard": "3",
          "value": 59.32101685999924
        }
      },
      {
        "reactor_utilization": {
          "shard": "4",
          "value": 66.71366263999974
        }
      },
      {
        "reactor_utilization": {
          "shard": "5",
          "value": 69.490758179999986
        }
      },
      {
        "reactor_utilization": {
          "shard": "6",
          "value": 85.532039959999651
        }
      },
      {
        "reactor_utilization": {
          "shard": "7",
          "value": 72.549218160000024
        }
      },
      {
        "reactor_utilization": {
          "shard": "8",
          "value": 79.069191779999656
        }
      },
      {
        "reactor_utilization": {
          "shard": "9",
          "value": 82.136667719999792
        }
      },
      {
        "reactor_utilization": {
          "shard": "10",
          "value": 60.70114772000079
        }
      },
      {
        "reactor_utilization": {
          "shard": "11",
          "value": 82.703289439999949
        }
      },
      {
        "reactor_utilization": {
          "shard": "12",
          "value": 74.084693420000576
        }
      },
      {
        "reactor_utilization": {
          "shard": "13",
          "value": 83.941228600000358
        }
      },
      {
        "reactor_utilization": {
          "shard": "14",
          "value": 64.655519979999539
        }
      },
      {
        "reactor_utilization": {
          "shard": "15",
          "value": 54.103145540000085
        }
      }
    ]
  },
  {
    "metrics": [
      {
        "reactor_utilization": {
          "shard": "0",
          "value": 70.854959000000093
        }
      },
      {
        "reactor_utilization": {
          "shard": "1",
          "value": 71.111304220000065
        }
      },
      {
        "reactor_utilization": {
          "shard": "2",
          "value": 81.968206079999845
        }
      },
      {
        "reactor_utilization": {
          "shard": "3",
          "value": 61.708869859999247
        }
      },
      {
        "reactor_utilization": {
          "shard": "4",
          "value": 68.411190079999741
        }
      },
      {
        "reactor_utilization": {
          "shard": "5",
          "value": 63.692463039999978
        }
      },
      {
        "reactor_utilization": {
          "shard": "6",
          "value": 89.899633779999647
        }
      },
      {
        "reactor_utilization": {
          "shard": "7",
          "value": 78.199724880000019
        }
      },
      {
        "reactor_utilization": {
          "shard": "8",
          "value": 84.152922119999658
        }
      },
      {
        "reactor_utilization": {
          "shard": "9",
          "value": 94.885413059999792
        }
      },
      {
        "reactor_utilization": {
          "shard": "10",
          "value": 63.1772967600008
        }
      },
      {
        "reactor_utilization": {
          "shard": "11",
          "value": 66.302585839999949
        }
      },
      {
        "reactor_utilization": {
          "shard": "12",
          "value": 75.317368760000562
        }
      },
      {
        "reactor_utilization": {
          "shard": "13",
          "value": 83.416435040000351
        }
      },
      {
        "reactor_utilization": {
          "shard": "14",
          "value": 66.744912059999535
        }
      },
      {
        "reactor_utilization": {
          "shard": "15",
          "value": 65.872334460000076
        }
      }
    ]
  },
  {
    "metrics": [
      {
        "reactor_utilization": {
          "shard": "0",
          "value": 77.034245780000091
        }
      },
      {
        "reactor_utilization": {
          "shard": "1",
          "value": 67.45382270000006
        }
      },
      {
        "reactor_utilization": {
          "shard": "2",
          "value": 77.672267039999838
        }
      },
      {
        "reactor_utilization": {
          "shard": "3",
          "value": 73.187066779999242
        }
      },
      {
        "reactor_utilization": {
          "shard": "4",
          "value": 71.823965939999738
        }
      },
      {
        "reactor_utilization": {
          "shard": "5",
          "value": 65.45567373999998
        }
      },
      {
        "reactor_utilization": {
          "shard": "6",
          "value": 89.481342279999637
        }
      },
      {
        "reactor_utilization": {
          "shard": "7",
          "value": 75.35781492000001
        }
      },
      {
        "reactor_utilization": {
          "shard": "8",
          "value": 69.958663599999653
        }
      },
      {
        "reactor_utilization": {
          "shard": "9",
          "value": 87.279860959999795
        }
      },
      {
        "reactor_utilization": {
          "shard": "10",
          "value": 70.2830244200008
        }
      },
      {
        "reactor_utilization": {
          "shard": "11",
          "value": 84.527786399999954
        }
      },
      {
        "reactor_utilization": {
          "shard": "12",
          "value": 88.642049040000572
        }
      },
      {
        "reactor_utilization": {
          "shard": "13",
          "value": 87.671232020000346
        }
      },
      {
        "reactor_utilization": {
          "shard": "14",
          "value": 75.180180399999529
        }
      },
      {
        "reactor_utilization": {
          "shard": "15",
          "value": 66.987937740000064
        }
      }
    ]
  },
  {
    "metrics": [
      {
        "reactor_utilization": {
          "shard": "0",
          "value": 81.403009280000092
        }
      },
      {
        "reactor_utilization": {
          "shard": "1",
          "value": 57.080063200000076
        }
      },
      {
        "reactor_utilization": {
          "shard": "2",
          "value": 73.288064459999831
        }
      },
      {
        "reactor_utilization": {
          "shard": "3",
          "value": 54.765847959999249
        }
      },
      {
        "reactor_utilization": {
          "shard": "4",
          "value": 66.531386479999739
        }
      },
      {
        "reactor_utilization": {
          "shard": "5",
          "value": 56.858497739999962
        }
      },
      {
        "reactor_utilization": {
          "shard": "6",
          "value": 75.540636659999635
        }
      },
      {
        "reactor_utilization": {
          "shard": "7",
          "value": 73.07764490000001
        }
      },
      {
        "reactor_utilization": {
          "shard": "8",
          "value": 78.748910199999656
        }
      },
      {
        "reactor_utilization": {
          "shard": "9",
          "value": 84.954668799999794
        }
      },
      {
        "reactor_utilization": {
          "shard": "10",
          "value": 68.824868600000798
        }
      },
      {
        "reactor_utilization": {
          "shard": "11",
          "value": 90.207559439999969
        }
      },
      {
        "reactor_utilization": {
          "shard": "12",
          "value": 77.372484560000572
        }
      },
      {
        "reactor_utilization": {
          "shard": "13",
          "value": 94.867567980000345
        }
      },
      {
        "reactor_utilization": {
          "shard": "14",
          "value": 71.39400347999954
        }
      },
      {
        "reactor_utilization": {
          "shard": "15",
          "value": 63.576274600000083
        }
      }
    ]
  },
  {
    "metrics": [
      {
        "reactor_utilization": {
          "shard": "0",
          "value": 66.618639980000097
        }
      },
      {
        "reactor_utilization": {
          "shard": "1",
          "value": 51.390533560000073
        }
      },
      {
        "reactor_utilization": {
          "shard": "2",
          "value": 71.135060079999832
        }
      },
      {
        "reactor_utilization": {
          "shard": "3",
          "value": 61.095553739999239
        }
      },
      {
        "reactor_utilization": {
          "shard": "4",
          "value": 64.684901419999747
        }
      },
      {
        "reactor_utilization": {
          "shard": "5",
          "value": 55.403804719999961
        }
      },
      {
        "reactor_utilization": {
          "shard": "6",
          "value": 74.886252359999645
        }
      },
      {
        "reactor_utilization": {
          "shard": "7",
          "value": 71.724597279999998
        }
      },
      {
        "reactor_utilization": {
          "shard": "8",
          "value": 62.902094619999659
        }
      },
      {
        "reactor_utilization": {
          "shard": "9",
          "value": 77.950742719999795
        }
      },
      {
        "reactor_utilization": {
          "shard": "10",
          "value": 42.952279880000809
        }
      },
      {
        "reactor_utilization": {
          "shard": "11",
          "value": 73.028347459999964
        }
      },
      {
        "reactor_utilization": {
          "shard": "12",
          "value": 85.945146980000573
        }
      },
      {
        "reactor_utilization": {
          "shard": "13",
          "value": 91.215966960000344
        }
      },
      {
        "reactor_utilization": {
          "shard": "14",
          "value": 61.62800109999953
        }
      },
      {
        "reactor_utilization": {
          "shard": "15",
          "value": 59.178749960000076
        }
      }
    ]
  }
]
