[
  {
    "metrics": [
      {
        "reactor_utilization": {
          "shard": "0",
          "value": 41.205602439999979
        }
      },
      {
        "reactor_utilization": {
          "shard": "1",
          "value": 43.349709740000065
        }
      },
      {
        "reactor_utilization": {
          "shard": "2",
          "value": 44.115206359999767
        }
      },
      {
        "reactor_utilization": {
          "shard": "3",
          "value": 47.075098299999254
        }
      },
      {
        "reactor_utilization": {
          "shard": "4",
          "value": 37.537075439999811
        }
      },
      {
        "reactor_utilization": {
          "shard": "5",
          "value": 45.977557500000025
        }
      },
      {
        "reactor_utilization": {
          "shard": "6",
          "value": 39.081967959999567
        }
      },
      {
        "reactor_utilization": {
          "shard": "7",
          "value": 37.566032199999952
        }
      },
      {
        "reactor_utilization": {
          "shard": "8",
          "value": 45.523504679999697
        }
      },
      {
        "reactor_utilization": {
          "shard": "9",
          "value": 42.582568539999798
        }
      },
      {
        "reactor_utilization": {
          "shard": "10",
          "value": 46.844916480000762
        }
      },
      {
        "reactor_utilization": {
          "shard": "11",
          "value": 48.577142079999959
        }
      },
      {
        "reactor_utilization": {
          "shard": "12",
          "value": 32.471683719999866
        }
      },
      {
        "reactor_utilization": {
          "shard": "13",
          "value": 45.612262400000134
        }
      },
      {
        "reactor_utilization": {
          "shard": "14",
          "value": 40.095118240000005
        }
      },
      {
        "reactor_utilization": {
          "shard": "15",
          "value": 36.37717722000027
        }
      }
    ]
  },
  {
    "metrics": [
      {
        "reactor_utilization": {
          "shard": "0",
          "value": 31.048421100000013
        }
      },
      {
        "reactor_utilization": {
          "shard": "1",
          "value": 35.496618500000075
        }
      },
      {
        "reactor_utilization": {
          "shard": "2",
          "value": 36.679098319999767
        }
      },
      {
        "reactor_utilization": {
          "shard": "3",
          "value": 40.820594119999257
        }
      },
      {
        "reactor_utilization": {
          "shard": "4",
          "value": 27.363216179999828
        }
      },
      {
        "reactor_utilization": {
          "shard": "5",
          "value": 33.881053280000032
        }
      },
      {
        "reactor_utilization": {
          "shard": "6",
          "value": 37.098495639999562
        }
      },
      {
        "reactor_utilization": {
          "shard": "7",
          "value": 30.18562527999995
        }
      },
      {
        "reactor_utilization": {
          "shard": "8",
          "value": 30.555994399999687
        }
      },
      {
        "reactor_utilization": {
          "shard": "9",
          "value": 31.995231439999806
        }
      },
      {
        "reactor_utilization": {
          "shard": "10",
          "value": 35.040815300000759
        }
      },
      {
        "reactor_utilization": {
          "shard": "11",
          "value": 42.925576339999964
        }
      },
      {
        "reactor_utilization": {
          "shard": "12",
          "value": 38.83672679999988
        }
      },
      {
        "reactor_utilization": {
          "shard": "13",
          "value": 36.098046040000128
        }
      },
      {
        "reactor_utilization": {
          "shard": "14",
          "value": 37.49552838000001
        }
      },
      {
        "reactor_utilization": {
          "shard": "15",
          "value": 33.702844940000261
        }
      }
    ]
  },
  {
    "metrics": [
      {
        "reactor_utilization": {
          "shard": "0",
          "value": 27.810987659999988
        }
      },
      {
        "reactor_utilization": {
          "shard": "1",
          "value": 35.996644420000081
        }
      },
      {
        "reactor_utilization": {
          "shard": "2",
          "value": 43.850424019999757
        }
      },
      {
        "reactor_utilization": {
          "shard": "3",
          "value": 37.323013979999246
        }
      },
      {
        "reactor_utilization": {
          "shard": "4",
          "value": 28.970426639999836
        }
      },
      {
        "reactor_utilization": {
          "shard": "5",
          "value": 32.613268920000024
        }
      },
      {
        "reactor_utilization": {
          "shard": "6",
          "value": 39.825658119999574
        }
      },
      {
        "reactor_utilization": {
          "shard": "7",
          "value": 33.811568439999952
        }
      },
      {
        "reactor_utilization": {
          "shard": "8",
          "value": 28.341073239999691
        }
      },
      {
        "reactor_utilization": {
          "shard": "9",
          "value": 33.2085280599998
        }
      },
      {
        "reactor_utilization": {
          "shard": "10",
          "value": 38.428535140000776
        }
      },
      {
        "reactor_utilization": {
          "shard": "11",
          "value": 43.118601539999958
        }
      },
      {
        "reactor_utilization": {
          "shard": "12",
          "value": 27.079986839999869
        }
      },
      {
        "reactor_utilization": {
          "shard": "13",
          "value": 38.573988180000129
        }
      },
      {
        "reactor_utilization": {
          "shard": "14",
          "value": 23.706137739999999
        }
      },
      {
        "reactor_utilization": {
          "shard": "15",
          "value": 33.132442820000271
        }
      }
    ]
  },
  {
    "metrics": [
      {
        "reactor_utilization": {
          "shard": "0",
          "value": 33.232663799999976
        }
      },
      {
        "reactor_utilization": {
          "shard": "1",
          "value": 35.588808960000108
        }
      },
      {
        "reactor_utilization": {
          "shard": "2",
          "value": 44.228723659999744
        }
      },
      {
        "reactor_utilization": {
          "shard": "3",
          "value": 42.19060613999924
        }
      },
      {
        "reactor_utilization": {
          "shard": "4",
          "value": 32.932875159999817
        }
      },
      {
        "reactor_utilization": {
          "shard": "5",
          "value": 32.80255736000003
        }
      },
      {
        "reactor_utilization": {
          "shard": "6",
          "value": 29.436271499999567
        }
      },
      {
        "reactor_utilization": {
          "shard": "7",
          "value": 29.585776379999949
        }
      },
      {
        "reactor_utilization": {
          "shard": "8",
          "value": 40.272995019999705
        }
      },
      {
        "reactor_utilization": {
          "shard": "9",
          "value": 41.524894259999797
        }
      },
      {
        "reactor_utilization": {
          "shard": "10",
          "value": 39.278768940000766
        }
      },
      {
        "reactor_utilization": {
          "shard": "11",
          "value": 38.274586639999967
        }
      },
      {
        "reactor_utilization": {
          "shard": "12",
          "value": 34.750912019999888
        }
      },
      {
        "reactor_utilization": {
          "shard": "13",
          "value": 37.081927500000148
        }
      },
      {
        "reactor_utilization": {
          "shard": "14",
          "value": 31.601827620000002
        }
      },
      {
        "reactor_utilization": {
          "shard": "15",
          "value": 36.859556640000278
        }
      }
    ]
  },
  {
    "metrics": [
      {
        "reactor_utilization": {
          "shard": "0",
          "value": 40.591267719999969
        }
      },
      {
        "reactor_utilization": {
          "shard": "1",
          "value": 45.069441820000101
        }
      },
      {
        "reactor_utilization": {
          "shard": "2",
          "value": 38.249402519999741
        }
      },
      {
        "reactor_utilization": {
          "shard": "3",
          "value": 41.710227839999234
        }
      },
      {
        "reactor_utilization": {
          "shard": "4",
          "value": 36.236061259999808
        }
      },
      {
        "reactor_utilization": {
          "shard": "5",
          "value": 36.974625000000039
        }
      },
      {
        "reactor_utilization": {
          "shard": "6",
          "value": 36.868032899999584
        }
      },
      {
        "reactor_utilization": {
          "shard": "7",
          "value": 30.703635059999957
        }
      },
      {
        "reactor_utilization": {
          "shard": "8",
          "value": 33.327509959999688
        }
      },
      {
        "reactor_utilization": {
          "shard": "9",
          "value": 53.91543241999981
        }
      },
      {
        "reactor_utilization": {
          "shard": "10",
          "value": 41.891418760000768
        }
      },
      {
        "reactor_utilization": {
          "shard": "11",
          "value": 49.331155079999967
        }
      },
      {
        "reactor_utilization": {
          "shard": "12",
          "value": 33.453557039999879
        }
      },
      {
        "reactor_utilization": {
          "shard": "13",
          "value": 39.900632220000155
        }
      },
      {
        "reactor_utilization": {
          "shard": "14",
          "value": 37.522522420000001
        }
      },
      {
        "reactor_utilization": {
          "shard": "15",
          "value": 41.774057140000266
        }
      }
    ]
  },
  {
    "metrics": [
      {
        "reactor_utilization": {
          "shard": "0",
          "value": 33.533843219999959
        }
      },
      {
        "reactor_utilization": {
          "shard": "1",
          "value": 38.111739540000102
        }
      },
      {
        "reactor_utilization": {
          "shard": "2",
          "value": 39.918606579999725
        }
      },
      {
        "reactor_utilization": {
          "shard": "3",
          "value": 44.647326339999239
        }
      },
      {
        "reactor_utilization": {
          "shard": "4",
          "value": 33.766719159999816
        }
      },
      {
        "reactor_utilization": {
          "shard": "5",
          "value": 33.908038160000032
        }
      },
      {
        "reactor_utilization": {
          "shard": "6",
          "value": 38.924769299999575
        }
      },
      {
        "reactor_utilization": {
          "shard": "7",
          "value": 35.34883235999996
        }
      },
      {
        "reactor_utilization": {
          "shard": "8",
          "value": 39.855225999999696
        }
      },
      {
        "reactor_utilization": {
          "shard": "9",
          "value": 39.222032559999796
        }
      },
      {
        "reactor_utilization": {
          "shard": "10",
          "value": 36.317164060000763
        }
      },
      {
        "reactor_utilization": {
          "shard": "11",
          "value": 51.102252699999973
        }
      },
      {
        "reactor_utilization": {
          "shard": "12",
          "value": 42.200039179999891
        }
      },
      {
        "reactor_utilization": {
          "shard": "13",
          "value": 38.944059340000159
        }
      },
      {
        "reactor_utilization": {
          "shard": "14",
          "value": 32.087450799999992
        }
      },
      {
        "reactor_utilization": {
          "shard": "15",
          "value": 38.432342860000254
        }
      }
    ]
  },
  {
    "metrics": [
      {
        "reactor_utilization": {
          "shard": "0",
          "value": 42.470116679999961
        }
      },
      {
        "reactor_utilization": {
          "shard": "1",
          "value": 42.846606560000112
        }
      },
      {
        "reactor_utilization": {
          "shard": "2",
          "value": 47.657203139999723
        }
      },
      {
        "reactor_utilization": {
          "shard": "3",
          "value": 42.985049359999259
        }
      },
      {
        "reactor_utilization": {
          "shard": "4",
          "value": 35.696614639999815
        }
      },
      {
        "reactor_utilization": {
          "shard": "5",
          "value": 31.124922720000036
        }
      },
      {
        "reactor_utilization": {
          "shard": "6",
          "value": 38.472962959999592
        }
      },
      {
        "reactor_utilization": {
          "shard": "7",
          "value": 40.496158499999964
        }
      },
      {
        "reactor_utilization": {
          "shard": "8",
          "value": 37.560727059999685
        }
      },
      {
        "reactor_utilization": {
          "shard": "9",
          "value": 45.077147939999797
        }
      },
      {
        "reactor_utilization": {
          "shard": "10",
          "value": 44.066094820000743
        }
      },
      {
        "reactor_utilization": {
          "shard": "11",
          "value": 42.491574339999993
        }
      },
      {
        "reactor_utilization": {
          "shard": "12",
          "value": 47.2989411799999
        }
      },
      {
        "reactor_utilization": {
          "shard": "13",
          "value": 44.196175780000161
        }
      },
      {
        "reactor_utilization": {
          "shard": "14",
          "value": 43.643214059999977
        }
      },
      {
        "reactor_utilization": {
          "shard": "15",
          "value": 43.848191220000267
        }
      }
    ]
  },
  {
    "metrics": [
      {
        "reactor_utilization": {
          "shard": "0",
          "value": 37.096104179999955
        }
      },
      {
        "reactor_utilization": {
          "shard": "1",
          "value": 41.604001700000104
        }
      },
      {
        "reactor_utilization": {
          "shard": "2",
          "value": 39.442942359999719
        }
      },
      {
        "reactor_utilization": {
          "shard": "3",
          "value": 47.565506359999254
        }
      },
      {
        "reactor_utilization": {
          "shard": "4",
          "value": 40.622193499999803
        }
      },
      {
        "reactor_utilization": {
          "shard": "5",
          "value": 43.259735980000016
        }
      },
      {
        "reactor_utilization": {
          "shard": "6",
          "value": 33.886196139999569
        }
      },
      {
        "reactor_utilization": {
          "shard": "7",
          "value": 33.696674179999974
        }
      },
      {
        "reactor_utilization": {
          "shard": "8",
          "value": 43.887903839999687
        }
      },
      {
        "reactor_utilization": {
          "shard": "9",
          "value": 42.400297459999805
        }
      },
      {
        "reactor_utilization": {
          "shard": "10",
          "value": 43.22487998000075
        }
      },
      {
        "reactor_utilization": {
          "shard": "11",
          "value": 46.979218839999994
        }
      },
      {
        "reactor_utilization": {
          "shard": "12",
          "value": 42.577648479999894
        }
      },
      {
        "reactor_utilization": {
          "shard": "13",
          "value": 36.015177260000165
        }
      },
      {
        "reactor_utilization": {
          "shard": "14",
          "value": 46.836507619999978
        }
      },
      {
        "reactor_utilization": {
          "shard": "15",
          "value": 44.794143080000261
        }
      }
    ]
  },
  {
    "metrics": [
      {
        "reactor_utilization": {
          "shard": "0",
          "value": 31.16360125999994
        }
      },
      {
        "reactor_utilization": {
          "shard": "1",
          "value": 38.4638234600001
        }
      },
      {
        "reactor_utilization": {
          "shard": "2",
          "value": 45.69980047999973
        }
      },
      {
        "reactor_utilization": {
          "shard": "3",
          "value": 51.770772019999256
        }
      },
      {
        "reactor_utilization": {
          "shard": "4",
          "value": 30.221040019999812
        }
      },
      {
        "reactor_utilization": {
          "shard": "5",
          "value": 34.631949939999998
        }
      },
      {
        "reactor_utilization": {
          "shard": "6",
          "value": 41.771133059999556
        }
      },
      {
        "reactor_utilization": {
          "shard": "7",
          "value": 28.03359517999996
        }
      },
      {
        "reactor_utilization": {
          "shard": "8",
          "value": 40.292457819999697
        }
      },
      {
        "reactor_utilization": {
          "shard": "9",
          "value": 42.200774059999802
        }
      },
      {
        "reactor_utilization": {
          "shard": "10",
          "value": 40.968540200000746
        }
      },
      {
        "reactor_utilization": {
          "shard": "11",
          "value": 44.681680879999995
        }
      },
      {
        "reactor_utilization": {
          "shard": "12",
          "value": 46.368863439999885
        }
      },
      {
        "reactor_utilization": {
          "shard": "13",
          "value": 43.185337680000167
        }
      },
      {
        "reactor_utilization": {
          "shard": "14",
          "value": 42.315844679999984
        }
      },
      {
        "reactor_utilization": {
          "shard": "15",
          "value": 38.182679920000261
        }
      }
    ]
  },
  {
    "metrics": [
      {
        "reactor_utilization": {
          "shard": "0",
          "value": 41.714612619999954
        }
      },
      {
        "reactor_utilization": {
          "shard": "1",
          "value": 43.130579500000088
        }
      },
      {
        "reactor_utilization": {
          "shard": "2",
          "value": 38.400953999999722
        }
      },
      {
        "reactor_utilization": {
          "shard": "3",
          "value": 41.47184351999924
        }
      },
      {
        "reactor_utilization": {
          "shard": "4",
          "value": 29.778223639999801
        }
      },
      {
        "reactor_utilization": {
          "shard": "5",
          "value": 37.148047920000003
        }
      },
      {
        "reactor_utilization": {
          "shard": "6",
          "value": 42.238359299999573
        }
      },
      {
        "reactor_utilization": {
          "shard": "7",
          "value": 39.899634939999963
        }
      },
      {
        "reactor_utilization": {
          "shard": "8",
          "value": 39.513968179999701
        }
      },
      {
        "reactor_utilization": {
          "shard": "9",
          "value": 39.937590779999802
        }
      },
      {
        "reactor_utilization": {
          "shard": "10",
          "value": 41.828183520000749
        }
      },
      {
        "reactor_utilization": {
          "shard": "11",
          "value": 40.803609160000001
        }
      },
      {
        "reactor_utilization": {
          "shard": "12",
          "value": 37.497134199999891
        }
      },
      {
        "reactor_utilization": {
          "shard": "13",
          "value": 35.236926740000165
        }
      },
      {
        "reactor_utilization": {
          "shard": "14",
          "value": 48.559968659999974
        }
      },
      {
        "reactor_utilization": {
          "shard": "15",
          "value": 34.81266986000027
        }
      }
    ]
  },
  {
    "metrics": [
      {
        "reactor_utilization": {
          "shard": "0",
          "value": 41.339539939999959
        }
      },
      {
        "reactor_utilization": {
          "shard": "1",
          "value": 45.394586800000084
        }
      },
      {
        "reactor_utilization": {
          "shard": "2",
          "value": 49.438442939999717
        }
      },
      {
        "reactor_utilization": {
          "shard": "3",
          "value": 46.530870619999234
        }
      },
      {
        "reactor_utilization": {
          "shard": "4",
          "value": 41.936737519999802
        }
      },
      {
        "reactor_utilization": {
          "shard": "5",
          "value": 40.403480420000001
        }
      },
      {
        "reactor_utilization": {
          "shard": "6",
          "value": 50.380632179999566
        }
      },
      {
        "reactor_utilization": {
          "shard": "7",
          "value": 43.558518279999959
        }
      },
      {
        "reactor_utilization": {
          "shard": "8",
          "value": 48.700515559999701
        }
      },
      {
        "reactor_utilization": {
          "shard": "9",
          "value": 47.836616299999804
        }
      },
      {
        "reactor_utilization": {
          "shard": "10",
          "value": 55.930972380000753
        }
      },
      {
        "reactor_utilization": {
          "shard": "11",
          "value": 62.136102139999991
        }
      },
      {
        "reactor_utilization": {
          "shard": "12",
          "value": 35.912404719999913
        }
      },
      {
        "reactor_utilization": {
          "shard": "13",
          "value": 50.029553120000173
        }
      },
      {
        "reactor_utilization": {
          "shard": "14",
          "value": 52.503888899999964
        }
      },
      {
        "reactor_utilization": {
          "shard": "15",
          "value": 48.737267940000265
        }
      }
    ]
  },
  {
    "metrics": [
      {
        "reactor_utilization": {
          "shard": "0",
          "value": 54.269098459999967
        }
      },
      {
        "reactor_utilization": {
          "shard": "1",
          "value": 51.671440000000082
        }
      },
      {
        "reactor_utilization": {
          "shard": "2",
          "value": 53.903373319999716
        }
      },
      {
        "reactor_utilization": {
          "shard": "3",
          "value": 55.551857459999233
        }
      },
      {
        "reactor_utilization": {
          "shard": "4",
          "value": 49.115771439999776
        }
      },
      {
        "reactor_utilization": {
          "shard": "5",
          "value": 48.691908299999994
        }
      },
      {
        "reactor_utilization": {
          "shard": "6",
          "value": 58.581280199999554
        }
      },
      {
        "reactor_utilization": {
          "shard": "7",
          "value": 44.163332259999954
        }
      },
      {
        "reactor_utilization": {
          "shard": "8",
          "value": 53.1327499599997
        }
      },
      {
        "reactor_utilization": {
          "shard": "9",
          "value": 51.633491959999787
        }
      },
      {
        "reactor_utilization": {
          "shard": "10",
          "value": 58.53151678000075
        }
      },
      {
        "reactor_utilization": {
          "shard": "11",
          "value": 57.636780160000001
        }
      },
      {
        "reactor_utilization": {
          "shard": "12",
          "value": 64.463014839999914
        }
      },
      {
        "reactor_utilization": {
          "shard": "13",
          "value": 62.708402060000168
        }
      },
      {
        "reactor_utilization": {
          "shard": "14",
          "value": 52.536960379999975
        }
      },
      {
        "reactor_utilization": {
          "shard": "15",
          "value": 50.959679780000258
        }
      }
    ]
  },
  {
    "metrics": [
      {
        "reactor_utilization": {
          "shard": "0",
          "value": 41.940931619999958
        }
      },
      {
        "reactor_utilization": {
          "shard": "1",
          "value": 45.705849740000069
        }
      },
      {
        "reactor_utilization": {
          "shard": "2",
          "value": 43.093396239999713
        }
      },
      {
        "reactor_utilization": {
          "shard": "3",
          "value": 48.317266939999229
        }
      },
      {
        "reactor_utilization": {
          "shard": "4",
          "value": 44.170273919999779
        }
      },
      {
        "reactor_utilization": {
          "shard": "5",
          "value": 45.504822680000004
        }
      },
      {
        "reactor_utilization": {
          "shard": "6",
          "value": 43.334614819999558
        }
      },
      {
        "reactor_utilization": {
          "shard": "7",
          "value": 40.163274279999953
        }
      },
      {
        "reactor_utilization": {
          "shard": "8",
          "value": 41.587423019999711
        }
      },
      {
        "reactor_utilization": {
          "shard": "9",
          "value": 42.058182399999801
        }
      },
      {
        "reactor_utilization": {
          "shard": "10",
          "value": 49.614959080000752
        }
      },
      {
        "reactor_utilization": {
          "shard": "11",
          "value": 58.540762700000002
        }
      },
      {
        "reactor_utilization": {
          "shard": "12",
          "value": 53.223711859999923
        }
      },
      {
        "reactor_utilization": {
          "shard": "13",
          "value": 57.19564094000016
        }
      },
      {
        "reactor_utilization": {
          "shard": "14",
          "value": 40.384429659999974
        }
      },
      {
        "reactor_utilization": {
          "shard": "15",
          "value": 46.995275840000261
        }
      }
    ]
  },
  {
    "metrics": [
      {
        "reactor_utilization": {
          "shard": "0",
          "value": 45.524705979999972
        }
      },
      {
        "reactor_utilization": {
          "shard": "1",
          "value": 43.532294180000065
        }
      },
      {
        "reactor_utilization": {
          "shard": "2",
          "value": 46.444109739999703
        }
      },
      {
        "reactor_utilization": {
          "shard": "3",
          "value": 50.794674039999222
        }
      },
      {
        "reactor_utilization": {
          "shard": "4",
          "value": 40.120326119999781
        }
      },
      {
        "reactor_utilization": {
          "shard": "5",
          "value": 52.346630640000015
        }
      },
      {
        "reactor_utilization": {
          "shard": "6",
          "value": 42.685675859999563
        }
      },
      {
        "reactor_utilization": {
          "shard": "7",
          "value": 43.283417559999947
        }
      },
      {
        "reactor_utilization": {
          "shard": "8",
          "value": 40.075671059999721
        }
      },
      {
        "reactor_utilization": {
          "shard": "9",
          "value": 48.024535819999791
        }
      },
      {
        "reactor_utilization": {
          "shard": "10",
          "value": 49.709033960000738
        }
      },
      {
        "reactor_utilization": {
          "shard": "11",
          "value": 53.107470140000004
        }
      },
      {
        "reactor_utilization": {
          "shard": "12",
          "value": 45.399881979999911
        }
      },
      {
        "reactor_utilization": {
          "shard": "13",
          "value": 54.370772920000157
        }
      },
      {
        "reactor_utilization": {
          "shard": "14",
          "value": 45.512406879999986
        }
      },
      {
        "reactor_utilization": {
          "shard": "15",
          "value": 48.98426638000025
        }
      }
    ]
  },
  {
    "metrics": [
      {
        "reactor_utilization": {
          "shard": "0",
          "value": 48.876748539999973
        }
      },
      {
        "reactor_utilization": {
          "shard": "1",
          "value": 42.307408200000062
        }
      },
      {
        "reactor_utilization": {
          "shard": "2",
          "value": 47.740152819999707
        }
      },
      {
        "reactor_utilization": {
          "shard": "3",
          "value": 56.311653819999222
        }
      },
      {
        "reactor_utilization": {
          "shard": "4",
          "value": 48.469176339999784
        }
      },
      {
        "reactor_utilization": {
          "shard": "5",
          "value": 47.113991880000007
        }
      },
      {
        "reactor_utilization": {
          "shard": "6",
          "value": 42.291579439999559
        }
      },
      {
        "reactor_utilization": {
          "shard": "7",
          "value": 43.468373959999937
        }
      },
      {
        "reactor_utilization": {
          "shard": "8",
          "value": 43.036966359999717
        }
      },
      {
        "reactor_utilization": {
          "shard": "9",
          "value": 41.817262839999792
        }
      },
      {
        "reactor_utilization": {
          "shard": "10",
          "value": 46.094487340000732
        }
      },
      {
        "reactor_utilization": {
          "shard": "11",
          "value": 55.45146273999999
        }
      },
      {
        "reactor_utilization": {
          "shard": "12",
          "value": 39.002943079999909
        }
      },
      {
        "reactor_utilization": {
          "shard": "13",
          "value": 52.26064938000016
        }
      },
      {
        "reactor_utilization": {
          "shard": "14",
          "value": 46.861335379999993
        }
      },
      {
        "reactor_utilization": {
          "shard": "15",
          "value": 44.97526402000026
        }
      }
    ]
  },
  {
    "metrics": [
      {
        "reactor_utilization": {
          "shard": "0",
          "value": 44.51498739999996
        }
      },
      {
        "reactor_utilization": {
          "shard": "1",
          "value": 44.048041140000059
        }
      },
      {
        "reactor_utilization": {
          "shard": "2",
          "value": 55.5217193599997
        }
      },
      {
        "reactor_utilization": {
          "shard": "3",
          "value": 62.333184259999207
        }
      },
      {
        "reactor_utilization": {
          "shard": "4",
          "value": 37.715309899999802
        }
      },
      {
        "reactor_utilization": {
          "shard": "5",
          "value": 43.427101239999999
        }
      },
      {
        "reactor_utilization": {
          "shard": "6",
          "value": 48.456050479999554
        }
      },
      {
        "reactor_utilization": {
          "shard": "7",
          "value": 39.322524019999939
        }
      },
      {
        "reactor_utilization": {
          "shard": "8",
          "value": 53.503412419999719
        }
      },
      {
        "reactor_utilization": {
          "shard": "9",
          "value": 57.326903439999796
        }
      },
      {
        "reactor_utilization": {
          "shard": "10",
          "value": 47.875542040000731
        }
      },
      {
        "reactor_utilization": {
          "shard": "11",
          "value": 49.702775920000001
        }
      },
      {
        "reactor_utilization": {
          "shard": "12",
          "value": 42.108584559999905
        }
      },
      {
        "reactor_utilization": {
          "shard": "13",
          "value": 51.994817060000152
        }
      },
      {
        "reactor_utilization": {
          "shard": "14",
          "value": 50.303055139999998
        }
      },
      {
        "reactor_utilization": {
          "shard": "15",
          "value": 46.803945820000251
        }
      }
    ]
  },
  {
    "metrics": [
      {
        "reactor_utilization": {
          "shard": "0",
          "value": 48.324792319999965
        }
      },
      {
        "reactor_utilization": {
          "shard": "1",
          "value": 48.622190240000066
        }
      },
      {
        "reactor_utilization": {
          "shard": "2",
          "value": 52.811793639999706
        }
      },
      {
        "reactor_utilization": {
          "shard": "3",
          "value": 56.310412839999202
        }
      },
      {
        "reactor_utilization": {
          "shard": "4",
          "value": 40.454191439999796
        }
      },
      {
        "reactor_utilization": {
          "shard": "5",
          "value": 51.129939659999998
        }
      },
      {
        "reactor_utilization": {
          "shard": "6",
          "value": 52.211758119999566
        }
      },
      {
        "reactor_utilization": {
          "shard": "7",
          "value": 42.553373439999945
        }
      },
      {
        "reactor_utilization": {
          "shard": "8",
          "value": 51.669619379999709
        }
      },
      {
        "reactor_utilization": {
          "shard": "9",
          "value": 61.311750019999799
        }
      },
      {
        "reactor_utilization": {
          "shard": "10",
          "value": 47.966110980000728
        }
      },
      {
        "reactor_utilization": {
          "shard": "11",
          "value": 52.030533459999994
        }
      },
      {
        "reactor_utilization": {
          "shard": "12",
          "value": 49.532766959999904
        }
      },
      {
        "reactor_utilization": {
          "shard": "13",
          "value": 61.105518840000151
        }
      },
      {
        "reactor_utilization": {
          "shard": "14",
          "value": 49.69955276000001
        }
      },
      {
        "reactor_utilization": {
          "shard": "15",
          "value": 37.669117760000233
        }
      }
    ]
  },
  {
    "metrics": [
      {
        "reactor_utilization": {
          "shard": "0",
          "value": 46.297356639999961
        }
      },
      {
        "reactor_utilization": {
          "shard": "1",
          "value": 49.570450900000054
        }
      },
      {
        "reactor_utilization": {
          "shard": "2",
          "value": 48.172318759999698
        }
      },
      {
        "reactor_utilization": {
          "shard": "3",
          "value": 57.632156239999198
        }
      },
      {
        "reactor_utilization": {
          "shard": "4",
          "value": 42.446837839999787
        }
      },
      {
        "reactor_utilization": {
          "shard": "5",
          "value": 44.851475819999997
        }
      },
      {
        "reactor_utilization": {
          "shard": "6",
          "value": 46.037874979999557
        }
      },
      {
        "reactor_utilization": {
          "shard": "7",
          "value": 43.607105439999941
        }
      },
      {
        "reactor_utilization": {
          "shard": "8",
          "value": 50.545826499999706
        }
      },
      {
        "reactor_utilization": {
          "shard": "9",
          "value": 46.1356244199998
        }
      },
      {
        "reactor_utilization": {
          "shard": "10",
          "value": 52.967497120000729
        }
      },
      {
        "reactor_utilization": {
          "shard": "11",
          "value": 60.299974499999998
        }
      },
      {
        "reactor_utilization": {
          "shard": "12",
          "value": 45.478345159999911
        }
      },
      {
        "reactor_utilization": {
          "shard": "13",
          "value": 51.011013160000161
        }
      },
      {
        "reactor_utilization": {
          "shard": "14",
          "value": 52.058643600000011
        }
      },
      {
        "reactor_utilization": {
          "shard": "15",
          "value": 48.986306400000245
        }
      }
    ]
  },
  {
    "metrics": [
      {
        "reactor_utilization": {
          "shard": "0",
          "value": 41.639622959999969
        }
      },
      {
        "reactor_utilization": {
          "shard": "1",
          "value": 52.247041280000062
        }
      },
      {
        "reactor_utilization": {
          "shard": "2",
          "value": 63.0196763599997
        }
      },
      {
        "reactor_utilization": {
          "shard": "3",
          "value": 58.167465899999208
        }
      },
      {
        "reactor_utilization": {
          "shard": "4",
          "value": 37.466740399999786
        }
      },
      {
        "reactor_utilization": {
          "shard": "5",
          "value": 46.524461559999999
        }
      },
      {
        "reactor_utilization": {
          "shard": "6",
          "value": 50.532924719999563
        }
      },
      {
        "reactor_utilization": {
          "shard": "7",
          "value": 45.402498479999934
        }
      },
      {
        "reactor_utilization": {
          "shard": "8",
          "value": 44.405854959999715
        }
      },
      {
        "reactor_utilization": {
          "shard": "9",
          "value": 48.604917919999792
        }
      },
      {
        "reactor_utilization": {
          "shard": "10",
          "value": 56.289725540000731
        }
      },
      {
        "reactor_utilization": {
          "shard": "11",
          "value": 61.75937588
        }
      },
      {
        "reactor_utilization": {
          "shard": "12",
          "value": 48.29458425999993
        }
      },
      {
        "reactor_utilization": {
          "shard": "13",
          "value": 54.342696600000153
        }
      },
      {
        "reactor_utilization": {
          "shard": "14",
          "value": 43.298004899999995
        }
      },
      {
        "reactor_utilization": {
          "shard": "15",
          "value": 49.961603680000245
        }
      }
    ]
  },
  {
    "metrics": [
      {
        "reactor_utilization": {
          "shard": "0",
          "value": 47.601278759999978
        }
      },
      {
        "reactor_utilization": {
          "shard": "1",
          "value": 48.509135380000068
        }
      },
      {
        "reactor_utilization": {
          "shard": "2",
          "value": 55.173070899999701
        }
      },
      {
        "reactor_utilization": {
          "shard": "3",
          "value": 54.001091519999214
        }
      },
      {
        "reactor_utilization": {
          "shard": "4",
          "value": 42.468181059999786
        }
      },
      {
        "reactor_utilization": {
          "shard": "5",
          "value": 42.642815499999983
        }
      },
      {
        "reactor_utilization": {
          "shard": "6",
          "value": 44.60007109999956
        }
      },
      {
        "reactor_utilization": {
          "shard": "7",
          "value": 39.613694459999934
        }
      },
      {
        "reactor_utilization": {
          "shard": "8",
          "value": 42.780411499999701
        }
      },
      {
        "reactor_utilization": {
          "shard": "9",
          "value": 61.035990519999793
        }
      },
      {
        "reactor_utilization": {
          "shard": "10",
          "value": 44.997467220000743
        }
      },
      {
        "reactor_utilization": {
          "shard": "11",
          "value": 54.826272879999991
        }
      },
      {
        "reactor_utilization": {
          "shard": "12",
          "value": 43.114960939999925
        }
      },
      {
        "reactor_utilization": {
          "shard": "13",
          "value": 53.75477682000016
        }
      },
      {
        "reactor_utilization": {
          "shard": "14",
          "value": 49.778309199999995
        }
      },
      {
        "reactor_utilization": {
          "shard": "15",
          "value": 56.059305700000237
        }
      }
    ]
  },
  {
    "metrics": [
      {
        "reactor_utilization": {
          "shard": "0",
          "value": 44.838539459999971
        }
      },
      {
        "reactor_utilization": {
          "shard": "1",
          "value": 50.063138980000069
        }
      },
      {
        "reactor_utilization": {
          "shard": "2",
          "value": 51.9871060999997
        }
      },
      {
        "reactor_utilization": {
          "shard": "3",
          "value": 53.749615599999224
        }
      },
      {
        "reactor_utilization": {
          "shard": "4",
          "value": 44.885715579999783
        }
      },
      {
        "reactor_utilization": {
          "shard": "5",
          "value": 43.500241059999979
        }
      },
      {
        "reactor_utilization": {
          "shard": "6",
          "value": 44.662731539999555
        }
      },
      {
        "reactor_utilization": {
          "shard": "7",
          "value": 36.534766039999944
        }
      },
      {
        "reactor_utilization": {
          "shard": "8",
          "value": 44.295518239999701
        }
      },
      {
        "reactor_utilization": {
          "shard": "9",
          "value": 49.991020059999791
        }
      },
      {
        "reactor_utilization": {
          "shard": "10",
          "value": 48.553751040000762
        }
      },
      {
        "reactor_utilization": {
          "shard": "11",
          "value": 54.381550379999986
        }
      },
      {
        "reactor_utilization": {
          "shard": "12",
          "value": 48.396722559999915
        }
      },
      {
        "reactor_utilization": {
          "shard": "13",
          "value": 39.682446180000163
        }
      },
      {
        "reactor_utilization": {
          "shard": "14",
          "value": 41.810446439999993
        }
      },
      {
        "reactor_utilization": {
          "shard": "15",
          "value": 48.312687340000252
        }
      }
    ]
  },
  {
    "metrics": [
      {
        "reactor_utilization": {
          "shard": "0",
          "value": 38.152342439999963
        }
      },
      {
        "reactor_utilization": {
          "shard": "1",
          "value": 47.864359000000064
        }
      },
      {
        "reactor_utilization": {
          "shard": "2",
          "value": 43.566808519999697
        }
      },
      {
        "reactor_utilization": {
          "shard": "3",
          "value": 44.683222259999219
        }
      },
      {
        "reactor_utilization": {
          "shard": "4",
          "value": 38.213224079999783
        }
      },
      {
        "reactor_utilization": {
          "shard": "5",
          "value": 33.292864399999978
        }
      },
      {
        "reactor_utilization": {
          "shard": "6",
          "value": 38.970539239999539
        }
      },
      {
        "reactor_utilization": {
          "shard": "7",
          "value": 42.161130319999941
        }
      },
      {
        "reactor_utilization": {
          "shard": "8",
          "value": 41.80380471999969
        }
      },
      {
        "reactor_utilization": {
          "shard": "9",
          "value": 41.586614219999795
        }
      },
      {
        "reactor_utilization": {
          "shard": "10",
          "value": 44.504238200000756
        }
      },
      {
        "reactor_utilization": {
          "shard": "11",
          "value": 43.909673359999978
        }
      },
      {
        "reactor_utilization": {
          "shard": "12",
          "value": 45.908667539999925
        }
      },
      {
        "reactor_utilization": {
          "shard": "13",
          "value": 41.979690540000156
        }
      },
      {
        "reactor_utilization": {
          "shard": "14",
          "value": 38.599104219999994
        }
      },
      {
        "reactor_utilization": {
          "shard": "15",
          "value": 42.553031660000244
        }
      }
    ]
  },
  {
    "metrics": [
      {
        "reactor_utilization": {
          "shard": "0",
          "value": 37.223859819999952
        }
      },
      {
        "reactor_utilization": {
          "shard": "1",
          "value": 39.541041160000077
        }
      },
      {
        "reactor_utilization": {
          "shard": "2",
          "value": 44.538641199999695
        }
      },
      {
        "reactor_utilization": {
          "shard": "3",
          "value": 43.764406819999223
        }
      },
      {
        "reactor_utilization": {
          "shard": "4",
          "value": 36.729921879999786
        }
      },
      {
        "reactor_utilization": {
          "shard": "5",
          "value": 38.801806239999983
        }
      },
      {
        "reactor_utilization": {
          "shard": "6",
          "value": 36.496428959999541
        }
      },
      {
        "reactor_utilization": {
          "shard": "7",
          "value": 36.570006119999945
        }
      },
      {
        "reactor_utilization": {
          "shard": "8",
          "value": 45.322340399999682
        }
      },
      {
        "reactor_utilization": {
          "shard": "9",
          "value": 44.316746119999785
        }
      },
      {
        "reactor_utilization": {
          "shard": "10",
          "value": 42.514962680000757
        }
      },
      {
        "reactor_utilization": {
          "shard": "11",
          "value": 52.407816159999975
        }
      },
      {
        "reactor_utilization": {
          "shard": "12",
          "value": 47.705464979999945
        }
      },
      {
        "reactor_utilization": {
          "shard": "13",
          "value": 47.055552780000156
        }
      },
      {
        "reactor_utilization": {
          "shard": "14",
          "value": 39.080576179999994
        }
      },
      {
        "reactor_utilization": {
          "shard": "15",
          "value": 37.24197270000024
        }
      }
    ]
  },
  {
    "metrics": [
      {
        "reactor_utilization": {
          "shard": "0",
          "value": 37.315113259999947
        }
      },
      {
        "reactor_utilization": {
          "shard": "1",
          "value": 44.994210860000081
        }
      },
      {
        "reactor_utilization": {
          "shard": "2",
          "value": 44.864566179999713
        }
      },
      {
        "reactor_utilization": {
          "shard": "3",
          "value": 57.657712079999222
        }
      },
      {
        "reactor_utilization": {
          "shard": "4",
          "value": 37.122083899999772
        }
      },
      {
        "reactor_utilization": {
          "shard": "5",
          "value": 40.712489599999991
        }
      },
      {
        "reactor_utilization": {
          "shard": "6",
          "value": 44.527234359999525
        }
      },
      {
        "reactor_utilization": {
          "shard": "7",
          "value": 32.63653613999994
        }
      },
      {
        "reactor_utilization": {
          "shard": "8",
          "value": 39.676894139999696
        }
      },
      {
        "reactor_utilization": {
          "shard": "9",
          "value": 47.491057659999782
        }
      },
      {
        "reactor_utilization": {
          "shard": "10",
          "value": 46.93545314000076
        }
      },
      {
        "reactor_utilization": {
          "shard": "11",
          "value": 44.326397019999966
        }
      },
      {
        "reactor_utilization": {
          "shard": "12",
          "value": 51.540752699999935
        }
      },
      {
        "reactor_utilization": {
          "shard": "13",
          "value": 44.453077980000145
        }
      },
      {
        "reactor_utilization": {
          "shard": "14",
          "value": 57.18866049999999
        }
      },
      {
        "reactor_utilization": {
          "shard": "15",
          "value": 52.294393100000235
        }
      }
    ]
  }
]
