[
  {
    "metrics": [
      {
        "reactor_utilization": {
          "shard": "0",
          "value": 44.289473279999903
        }
      },
      {
        "reactor_utilization": {
          "shard": "1",
          "value": 43.956851520000072
        }
      },
      {
        "reactor_utilization": {
          "shard": "2",
          "value": 36.151849119999845
        }
      },
      {
        "reactor_utilization": {
          "shard": "3",
          "value": 43.296676999999306
        }
      },
      {
        "reactor_utilization": {
          "shard": "4",
          "value": 39.945085439999794
        }
      },
      {
        "reactor_utilization": {
          "shard": "5",
          "value": 41.383888760000161
        }
      },
      {
        "reactor_utilization": {
          "shard": "6",
          "value": 47.59967599999959
        }
      },
      {
        "reactor_utilization": {
          "shard": "7",
          "value": 43.808515799999981
        }
      },
      {
        "reactor_utilization": {
          "shard": "8",
          "value": 49.398488879999782
        }
      },
      {
        "reactor_utilization": {
          "shard": "9",
          "value": 42.889971159999796
        }
      },
      {
        "reactor_utilization": {
          "shard": "10",
          "value": 43.27926332000068
        }
      },
      {
        "reactor_utilization": {
          "shard": "11",
          "value": 48.241668079999968
        }
      },
      {
        "reactor_utilization": {
          "shard": "12",
          "value": 49.755248020000096
        }
      },
      {
        "reactor_utilization": {
          "shard": "13",
          "value": 55.674796380000267
        }
      },
      {
        "reactor_utilization": {
          "shard": "14",
          "value": 37.854281419999694
        }
      },
      {
        "reactor_utilization": {
          "shard": "15",
          "value": 37.26214568000016
        }
      }
    ]
  },
  {
    "metrics": [
      {
        "reactor_utilization": {
          "shard": "0",
          "value": 41.276511939999892
        }
      },
      {
        "reactor_utilization": {
          "shard": "1",
          "value": 49.032447420000068
        }
      },
      {
        "reactor_utilization": {
          "shard": "2",
          "value": 46.952633019999844
        }
      },
      {
        "reactor_utilization": {
          "shard": "3",
          "value": 52.489381859999298
        }
      },
      {
        "reactor_utilization": {
          "shard": "4",
          "value": 47.501488699999783
        }
      },
      {
        "reactor_utilization": {
          "shard": "5",
          "value": 38.76982502000017
        }
      },
      {
        "reactor_utilization": {
          "shard": "6",
          "value": 54.777006279999597
        }
      },
      {
        "reactor_utilization": {
          "shard": "7",
          "value": 43.296044059999986
        }
      },
      {
        "reactor_utilization": {
          "shard": "8",
          "value": 42.917271219999783
        }
      },
      {
        "reactor_utilization": {
          "shard": "9",
          "value": 53.220819139999797
        }
      },
      {
        "reactor_utilization": {
          "shard": "10",
          "value": 57.524842380000685
        }
      },
      {
        "reactor_utilization": {
          "shard": "11",
          "value": 59.363757459999967
        }
      },
      {
        "reactor_utilization": {
          "shard": "12",
          "value": 49.722893580000097
        }
      },
      {
        "reactor_utilization": {
          "shard": "13",
          "value": 64.033846220000285
        }
      },
      {
        "reactor_utilization": {
          "shard": "14",
          "value": 37.129311139999686
        }
      },
      {
        "reactor_utilization": {
          "shard": "15",
          "value": 42.303660580000169
        }
      }
    ]
  },
  {
    "metrics": [
      {
        "reactor_utilization": {
          "shard": "0",
          "value": 42.445086619999884
        }
      },
      {
        "reactor_utilization": {
          "shard": "1",
          "value": 45.953896640000082
        }
      },
      {
        "reactor_utilization": {
          "shard": "2",
          "value": 53.290566359999858
        }
      },
      {
        "reactor_utilization": {
          "shard": "3",
          "value": 48.189128179999308
        }
      },
      {
        "reactor_utilization": {
          "shard": "4",
          "value": 41.507768619999773
        }
      },
      {
        "reactor_utilization": {
          "shard": "5",
          "value": 36.215211920000165
        }
      },
      {
        "reactor_utilization": {
          "shard": "6",
          "value": 48.288730439999597
        }
      },
      {
        "reactor_utilization": {
          "shard": "7",
          "value": 49.297359699999973
        }
      },
      {
        "reactor_utilization": {
          "shard": "8",
          "value": 52.526949919999787
        }
      },
      {
        "reactor_utilization": {
          "shard": "9",
          "value": 51.258048219999793
        }
      },
      {
        "reactor_utilization": {
          "shard": "10",
          "value": 58.334671920000694
        }
      },
      {
        "reactor_utilization": {
          "shard": "11",
          "value": 48.729730259999961
        }
      },
      {
        "reactor_utilization": {
          "shard": "12",
          "value": 50.09106306000011
        }
      },
      {
        "reactor_utilization": {
          "shard": "13",
          "value": 53.947874680000282
        }
      },
      {
        "reactor_utilization": {
          "shard": "14",
          "value": 37.749185519999685
        }
      },
      {
        "reactor_utilization": {
          "shard": "15",
          "value": 40.141107260000176
        }
      }
    ]
  },
  {
    "metrics": [
      {
        "reactor_utilization": {
          "shard": "0",
          "value": 43.801121979999877
        }
      },
      {
        "reactor_utilization": {
          "shard": "1",
          "value": 53.61240894000008
        }
      },
      {
        "reactor_utilization": {
          "shard": "2",
          "value": 37.540736499999859
        }
      },
      {
        "reactor_utilization": {
          "shard": "3",
          "value": 47.511996799999309
        }
      },
      {
        "reactor_utilization": {
          "shard": "4",
          "value": 48.141566619999779
        }
      },
      {
        "reactor_utilization": {
          "shard": "5",
          "value": 43.70485128000017
        }
      },
      {
        "reactor_utilization": {
          "shard": "6",
          "value": 45.591072339999585
        }
      },
      {
        "reactor_utilization": {
          "shard": "7",
          "value": 44.151916159999992
        }
      },
      {
        "reactor_utilization": {
          "shard": "8",
          "value": 44.373139579999766
        }
      },
      {
        "reactor_utilization": {
          "shard": "9",
          "value": 60.12818019999979
        }
      },
      {
        "reactor_utilization": {
          "shard": "10",
          "value": 44.186823640000682
        }
      },
      {
        "reactor_utilization": {
          "shard": "11",
          "value": 52.925507339999967
        }
      },
      {
        "reactor_utilization": {
          "shard": "12",
          "value": 50.030966300000109
        }
      },
      {
        "reactor_utilization": {
          "shard": "13",
          "value": 53.047039720000285
        }
      },
      {
        "reactor_utilization": {
          "shard": "14",
          "value": 37.009553179999685
        }
      },
      {
        "reactor_utilization": {
          "shard": "15",
          "value": 49.940679060000178
        }
      }
    ]
  },
  {
    "metrics": [
      {
        "reactor_utilization": {
          "shard": "0",
          "value": 44.355979499999876
        }
      },
      {
        "reactor_utilization": {
          "shard": "1",
          "value": 41.958260960000082
        }
      },
      {
        "reactor_utilization": {
          "shard": "2",
          "value": 44.726516039999872
        }
      },
      {
        "reactor_utilization": {
          "shard": "3",
          "value": 46.920133539999313
        }
      },
      {
        "reactor_utilization": {
          "shard": "4",
          "value": 39.288203559999793
        }
      },
      {
        "reactor_utilization": {
          "shard": "5",
          "value": 35.062304620000162
        }
      },
      {
        "reactor_utilization": {
          "shard": "6",
          "value": 46.238062359999574
        }
      },
      {
        "reactor_utilization": {
          "shard": "7",
          "value": 44.479712799999994
        }
      },
      {
        "reactor_utilization": {
          "shard": "8",
          "value": 49.191259439999783
        }
      },
      {
        "reactor_utilization": {
          "shard": "9",
          "value": 48.017054219999778
        }
      },
      {
        "reactor_utilization": {
          "shard": "10",
          "value": 46.15381078000069
        }
      },
      {
        "reactor_utilization": {
          "shard": "11",
          "value": 46.117004979999976
        }
      },
      {
        "reactor_utilization": {
          "shard": "12",
          "value": 54.845172820000101
        }
      },
      {
        "reactor_utilization": {
          "shard": "13",
          "value": 49.067396420000286
        }
      },
      {
        "reactor_utilization": {
          "shard": "14",
          "value": 37.682024279999695
        }
      },
      {
        "reactor_utilization": {
          "shard": "15",
          "value": 34.745074920000206
        }
      }
    ]
  },
  {
    "metrics": [
      {
        "reactor_utilization": {
          "shard": "0",
          "value": 44.431233499999877
        }
      },
      {
        "reactor_utilization": {
          "shard": "1",
          "value": 51.435601000000077
        }
      },
      {
        "reactor_utilization": {
          "shard": "2",
          "value": 37.457009399999862
        }
      },
      {
        "reactor_utilization": {
          "shard": "3",
          "value": 42.600593339999293
        }
      },
      {
        "reactor_utilization": {
          "shard": "4",
          "value": 45.901180059999788
        }
      },
      {
        "reactor_utilization": {
          "shard": "5",
          "value": 35.525146680000162
        }
      },
      {
        "reactor_utilization": {
          "shard": "6",
          "value": 46.544983559999586
        }
      },
      {
        "reactor_utilization": {
          "shard": "7",
          "value": 47.437536339999994
        }
      },
      {
        "reactor_utilization": {
          "shard": "8",
          "value": 47.838419259999775
        }
      },
      {
        "reactor_utilization": {
          "shard": "9",
          "value": 49.07456259999978
        }
      },
      {
        "reactor_utilization": {
          "shard": "10",
          "value": 55.725391400000689
        }
      },
      {
        "reactor_utilization": {
          "shard": "11",
          "value": 53.174227319999964
        }
      },
      {
        "reactor_utilization": {
          "shard": "12",
          "value": 55.149096600000092
        }
      },
      {
        "reactor_utilization": {
          "shard": "13",
          "value": 53.993096760000284
        }
      },
      {
        "reactor_utilization": {
          "shard": "14",
          "value": 45.781714819999699
        }
      },
      {
        "reactor_utilization": {
          "shard": "15",
          "value": 36.668654880000219
        }
      }
    ]
  },
  {
    "metrics": [
      {
        "reactor_utilization": {
          "shard": "0",
          "value": 39.284782239999885
        }
      },
      {
        "reactor_utilization": {
          "shard": "1",
          "value": 44.74397220000008
        }
      },
      {
        "reactor_utilization": {
          "shard": "2",
          "value": 40.374871419999856
        }
      },
      {
        "reactor_utilization": {
          "shard": "3",
          "value": 54.484131679999301
        }
      },
      {
        "reactor_utilization": {
          "shard": "4",
          "value": 44.851308679999789
        }
      },
      {
        "reactor_utilization": {
          "shard": "5",
          "value": 42.029996560000157
        }
      },
      {
        "reactor_utilization": {
          "shard": "6",
          "value": 45.263401959999584
        }
      },
      {
        "reactor_utilization": {
          "shard": "7",
          "value": 40.544702379999997
        }
      },
      {
        "reactor_utilization": {
          "shard": "8",
          "value": 57.111603039999771
        }
      },
      {
        "reactor_utilization": {
          "shard": "9",
          "value": 44.102431979999793
        }
      },
      {
        "reactor_utilization": {
          "shard": "10",
          "value": 48.564312300000687
        }
      },
      {
        "reactor_utilization": {
          "shard": "11",
          "value": 47.062898599999961
        }
      },
      {
        "reactor_utilization": {
          "shard": "12",
          "value": 53.910593720000101
        }
      },
      {
        "reactor_utilization": {
          "shard": "13",
          "value": 54.464194360000285
        }
      },
      {
        "reactor_utilization": {
          "shard": "14",
          "value": 48.000164899999689
        }
      },
      {
        "reactor_utilization": {
          "shard": "15",
          "value": 48.316252680000218
        }
      }
    ]
  },
  {
    "metrics": [
      {
        "reactor_utilization": {
          "shard": "0",
          "value": 44.302693539999893
        }
      },
      {
        "reactor_utilization": {
          "shard": "1",
          "value": 54.503720500000085
        }
      },
      {
        "reactor_utilization": {
          "shard": "2",
          "value": 41.939305819999852
        }
      },
      {
        "reactor_utilization": {
          "shard": "3",
          "value": 45.302472579999311
        }
      },
      {
        "reactor_utilization": {
          "shard": "4",
          "value": 41.927391959999795
        }
      },
      {
        "reactor_utilization": {
          "shard": "5",
          "value": 39.138411520000162
        }
      },
      {
        "reactor_utilization": {
          "shard": "6",
          "value": 63.374549419999582
        }
      },
      {
        "reactor_utilization": {
          "shard": "7",
          "value": 43.653768299999982
        }
      },
      {
        "reactor_utilization": {
          "shard": "8",
          "value": 49.260277759999774
        }
      },
      {
        "reactor_utilization": {
          "shard": "9",
          "value": 58.447078699999786
        }
      },
      {
        "reactor_utilization": {
          "shard": "10",
          "value": 58.123561520000692
        }
      },
      {
        "reactor_utilization": {
          "shard": "11",
          "value": 46.680790899999934
        }
      },
      {
        "reactor_utilization": {
          "shard": "12",
          "value": 54.762899020000098
        }
      },
      {
        "reactor_utilization": {
          "shard": "13",
          "value": 50.159396240000298
        }
      },
      {
        "reactor_utilization": {
          "shard": "14",
          "value": 48.797470039999681
        }
      },
      {
        "reactor_utilization": {
          "shard": "15",
          "value": 34.853899720000214
        }
      }
    ]
  },
  {
    "metrics": [
      {
        "reactor_utilization": {
          "shard": "0",
          "value": 44.810051159999901
        }
      },
      {
        "reactor_utilization": {
          "shard": "1",
          "value": 43.164552260000065
        }
      },
      {
        "reactor_utilization": {
          "shard": "2",
          "value": 36.719456199999854
        }
      },
      {
        "reactor_utilization": {
          "shard": "3",
          "value": 39.029760359999301
        }
      },
      {
        "reactor_utilization": {
          "shard": "4",
          "value": 36.290782379999797
        }
      },
      {
        "reactor_utilization": {
          "shard": "5",
          "value": 36.913196240000133
        }
      },
      {
        "reactor_utilization": {
          "shard": "6",
          "value": 48.50655779999957
        }
      },
      {
        "reactor_utilization": {
          "shard": "7",
          "value": 44.08438821999998
        }
      },
      {
        "reactor_utilization": {
          "shard": "8",
          "value": 52.517250759999769
        }
      },
      {
        "reactor_utilization": {
          "shard": "9",
          "value": 48.136376299999796
        }
      },
      {
        "reactor_utilization": {
          "shard": "10",
          "value": 59.324348760000689
        }
      },
      {
        "reactor_utilization": {
          "shard": "11",
          "value": 59.97515649999994
        }
      },
      {
        "reactor_utilization": {
          "shard": "12",
          "value": 47.985783400000102
        }
      },
      {
        "reactor_utilization": {
          "shard": "13",
          "value": 54.570955000000289
        }
      },
      {
        "reactor_utilization": {
          "shard": "14",
          "value": 57.132278439999681
        }
      },
      {
        "reactor_utilization": {
          "shard": "15",
          "value": 32.465079640000205
        }
      }
    ]
  },
  {
    "metrics": [
      {
        "reactor_utilization": {
          "shard": "0",
          "value": 43.038520639999888
        }
      },
      {
        "reactor_utilization": {
          "shard": "1",
          "value": 40.552903200000067
        }
      },
      {
        "reactor_utilization": {
          "shard": "2",
          "value": 38.489806819999849
        }
      },
      {
        "reactor_utilization": {
          "shard": "3",
          "value": 46.702838919999287
        }
      },
      {
        "reactor_utilization": {
          "shard": "4",
          "value": 49.645722499999813
        }
      },
      {
        "reactor_utilization": {
          "shard": "5",
          "value": 39.091220140000146
        }
      },
      {
        "reactor_utilization": {
          "shard": "6",
          "value": 55.82187105999958
        }
      },
      {
        "reactor_utilization": {
          "shard": "7",
          "value": 46.514052079999992
        }
      },
      {
        "reactor_utilization": {
          "shard": "8",
          "value": 55.675469819999755
        }
      },
      {
        "reactor_utilization": {
          "shard": "9",
          "value": 47.46751015999979
        }
      },
      {
        "reactor_utilization": {
          "shard": "10",
          "value": 57.266996220000678
        }
      },
      {
        "reactor_utilization": {
          "shard": "11",
          "value": 49.080518919999939
        }
      },
      {
        "reactor_utilization": {
          "shard": "12",
          "value": 54.835857620000105
        }
      },
      {
        "reactor_utilization": {
          "shard": "13",
          "value": 61.869834240000301
        }
      },
      {
        "reactor_utilization": {
          "shard": "14",
          "value": 39.2050324599997
        }
      },
      {
        "reactor_utilization": {
          "shard": "15",
          "value": 42.083626000000216
        }
      }
    ]
  },
  {
    "metrics": [
      {
        "reactor_utilization": {
          "shard": "0",
          "value": 46.634241499999888
        }
      },
      {
        "reactor_utilization": {
          "shard": "1",
          "value": 47.726146260000078
        }
      },
      {
        "reactor_utilization": {
          "shard": "2",
          "value": 33.408573479999859
        }
      },
      {
        "reactor_utilization": {
          "shard": "3",
          "value": 39.274367499999286
        }
      },
      {
        "reactor_utilization": {
          "shard": "4",
          "value": 48.677459959999823
        }
      },
      {
        "reactor_utilization": {
          "shard": "5",
          "value": 41.229835080000143
        }
      },
      {
        "reactor_utilization": {
          "shard": "6",
          "value": 49.436025179999589
        }
      },
      {
        "reactor_utilization": {
          "shard": "7",
          "value": 47.20813987999999
        }
      },
      {
        "reactor_utilization": {
          "shard": "8",
          "value": 48.177361719999766
        }
      },
      {
        "reactor_utilization": {
          "shard": "9",
          "value": 43.986337259999807
        }
      },
      {
        "reactor_utilization": {
          "shard": "10",
          "value": 53.906552260000687
        }
      },
      {
        "reactor_utilization": {
          "shard": "11",
          "value": 54.977216599999949
        }
      },
      {
        "reactor_utilization": {
          "shard": "12",
          "value": 58.317227560000099
        }
      },
      {
        "reactor_utilization": {
          "shard": "13",
          "value": 65.073615860000288
        }
      },
      {
        "reactor_utilization": {
          "shard": "14",
          "value": 35.238839799999674
        }
      },
      {
        "reactor_utilization": {
          "shard": "15",
          "value": 46.975561700000213
        }
      }
    ]
  },
  {
    "metrics": [
      {
        "reactor_utilization": {
          "shard": "0",
          "value": 50.159534939999887
        }
      },
      {
        "reactor_utilization": {
          "shard": "1",
          "value": 49.274253340000087
        }
      },
      {
        "reactor_utilization": {
          "shard": "2",
          "value": 36.434520599999864
        }
      },
      {
        "reactor_utilization": {
          "shard": "3",
          "value": 52.271347039999284
        }
      },
      {
        "reactor_utilization": {
          "shard": "4",
          "value": 42.647445839999818
        }
      },
      {
        "reactor_utilization": {
          "shard": "5",
          "value": 45.156825240000146
        }
      },
      {
        "reactor_utilization": {
          "shard": "6",
          "value": 48.025681399999584
        }
      },
      {
        "reactor_utilization": {
          "shard": "7",
          "value": 46.109396679999982
        }
      },
      {
        "reactor_utilization": {
          "shard": "8",
          "value": 47.621207999999768
        }
      },
      {
        "reactor_utilization": {
          "shard": "9",
          "value": 55.281399639999819
        }
      },
      {
        "reactor_utilization": {
          "shard": "10",
          "value": 56.805738740000677
        }
      },
      {
        "reactor_utilization": {
          "shard": "11",
          "value": 59.666681479999937
        }
      },
      {
        "reactor_utilization": {
          "shard": "12",
          "value": 55.799748620000102
        }
      },
      {
        "reactor_utilization": {
          "shard": "13",
          "value": 56.529034600000294
        }
      },
      {
        "reactor_utilization": {
          "shard": "14",
          "value": 43.051481419999668
        }
      },
      {
        "reactor_utilization": {
          "shard": "15",
          "value": 40.30657858000022
        }
      }
    ]
  },
  {
    "metrics": [
      {
        "reactor_utilization": {
          "shard": "0",
          "value": 47.911325899999881
        }
      },
      {
        "reactor_utilization": {
          "shard": "1",
          "value": 44.236226040000091
        }
      },
      {
        "reactor_utilization": {
          "shard": "2",
          "value": 40.170916599999863
        }
      },
      {
        "reactor_utilization": {
          "shard": "3",
          "value": 47.808162779999286
        }
      },
      {
        "reactor_utilization": {
          "shard": "4",
          "value": 48.438879139999813
        }
      },
      {
        "reactor_utilization": {
          "shard": "5",
          "value": 44.73191914000013
        }
      },
      {
        "reactor_utilization": {
          "shard": "6",
          "value": 49.055122879999594
        }
      },
      {
        "reactor_utilization": {
          "shard": "7",
          "value": 51.146039579999979
        }
      },
      {
        "reactor_utilization": {
          "shard": "8",
          "value": 49.38600585999977
        }
      },
      {
        "reactor_utilization": {
          "shard": "9",
          "value": 41.410507279999806
        }
      },
      {
        "reactor_utilization": {
          "shard": "10",
          "value": 55.21271958000068
        }
      },
      {
        "reactor_utilization": {
          "shard": "11",
          "value": 48.41503793999992
        }
      },
      {
        "reactor_utilization": {
          "shard": "12",
          "value": 50.802859560000101
        }
      },
      {
        "reactor_utilization": {
          "shard": "13",
          "value": 59.104450440000299
        }
      },
      {
        "reactor_utilization": {
          "shard": "14",
          "value": 38.861454279999684
        }
      },
      {
        "reactor_utilization": {
          "shard": "15",
          "value": 44.501021080000228
        }
      }
    ]
  },
  {
    "metrics": [
      {
        "reactor_utilization": {
          "shard": "0",
          "value": 50.860323179999867
        }
      },
      {
        "reactor_utilization": {
          "shard": "1",
          "value": 47.999806120000088
        }
      },
      {
        "reactor_utilization": {
          "shard": "2",
          "value": 53.803701139999852
        }
      },
      {
        "reactor_utilization": {
          "shard": "3",
          "value": 59.622239579999281
        }
      },
      {
        "reactor_utilization": {
          "shard": "4",
          "value": 52.233384299999805
        }
      },
      {
        "reactor_utilization": {
          "shard": "5",
          "value": 49.123224840000134
        }
      },
      {
        "reactor_utilization": {
          "shard": "6",
          "value": 54.816971119999579
        }
      },
      {
        "reactor_utilization": {
          "shard": "7",
          "value": 47.217007139999993
        }
      },
      {
        "reactor_utilization": {
          "shard": "8",
          "value": 64.219754399999772
        }
      },
      {
        "reactor_utilization": {
          "shard": "9",
          "value": 59.431156399999807
        }
      },
      {
        "reactor_utilization": {
          "shard": "10",
          "value": 54.656193580000689
        }
      },
      {
        "reactor_utilization": {
          "shard": "11",
          "value": 55.300367039999919
        }
      },
      {
        "reactor_utilization": {
          "shard": "12",
          "value": 51.193984920000105
        }
      },
      {
        "reactor_utilization": {
          "shard": "13",
          "value": 69.737591620000288
        }
      },
      {
        "reactor_utilization": {
          "shard": "14",
          "value": 62.772963279999686
        }
      },
      {
        "reactor_utilization": {
          "shard": "15",
          "value": 43.595782780000206
        }
      }
    ]
  },
  {
    "metrics": [
      {
        "reactor_utilization": {
          "shard": "0",
          "value": 50.780722959999871
        }
      },
      {
        "reactor_utilization": {
          "shard": "1",
          "value": 53.573115140000091
        }
      },
      {
        "reactor_utilization": {
          "shard": "2",
          "value": 46.331322559999855
        }
      },
      {
        "reactor_utilization": {
          "shard": "3",
          "value": 56.156272419999276
        }
      },
      {
        "reactor_utilization": {
          "shard": "4",
          "value": 43.775990479999813
        }
      },
      {
        "reactor_utilization": {
          "shard": "5",
          "value": 41.87664918000015
        }
      },
      {
        "reactor_utilization": {
          "shard": "6",
          "value": 60.188286719999596
        }
      },
      {
        "reactor_utilization": {
          "shard": "7",
          "value": 44.124270419999981
        }
      },
      {
        "reactor_utilization": {
          "shard": "8",
          "value": 57.648035659999778
        }
      },
      {
        "reactor_utilization": {
          "shard": "9",
          "value": 61.808291099999821
        }
      },
      {
        "reactor_utilization": {
          "shard": "10",
          "value": 60.185689640000682
        }
      },
      {
        "reactor_utilization": {
          "shard": "11",
          "value": 53.006010239999924
        }
      },
      {
        "reactor_utilization": {
          "shard": "12",
          "value": 53.921250680000114
        }
      },
      {
        "reactor_utilization": {
          "shard": "13",
          "value": 63.931525720000295
        }
      },
      {
        "reactor_utilization": {
          "shard": "14",
          "value": 42.245077599999668
        }
      },
      {
        "reactor_utilization": {
          "shard": "15",
          "value": 34.716599380000204
        }
      }
    ]
  },
  {
    "metrics": [
      {
        "reactor_utilization": {
          "shard": "0",
          "value": 42.019587819999884
        }
      },
      {
        "reactor_utilization": {
          "shard": "1",
          "value": 46.154039760000096
        }
      },
      {
        "reactor_utilization": {
          "shard": "2",
          "value": 42.146528579999853
        }
      },
      {
        "reactor_utilization": {
          "shard": "3",
          "value": 50.389027459999284
        }
      },
      {
        "reactor_utilization": {
          "shard": "4",
          "value": 45.502251239999836
        }
      },
      {
        "reactor_utilization": {
          "shard": "5",
          "value": 42.281409940000138
        }
      },
      {
        "reactor_utilization": {
          "shard": "6",
          "value": 55.285016059999592
        }
      },
      {
        "reactor_utilization": {
          "shard": "7",
          "value": 46.672456979999986
        }
      },
      {
        "reactor_utilization": {
          "shard": "8",
          "value": 49.925479839999774
        }
      },
      {
        "reactor_utilization": {
          "shard": "9",
          "value": 47.98626255999983
        }
      },
      {
        "reactor_utilization": {
          "shard": "10",
          "value": 53.356397780000677
        }
      },
      {
        "reactor_utilization": {
          "shard": "11",
          "value": 54.920886919999923
        }
      },
      {
        "reactor_utilization": {
          "shard": "12",
          "value": 54.683520360000117
        }
      },
      {
        "reactor_utilization": {
          "shard": "13",
          "value": 62.263662140000299
        }
      },
      {
        "reactor_utilization": {
          "shard": "14",
          "value": 42.816621339999685
        }
      },
      {
        "reactor_utilization": {
          "shard": "15",
          "value": 37.72711758000019
        }
      }
    ]
  },
  {
    "metrics": [
      {
        "reactor_utilization": {
          "shard": "0",
          "value": 41.459151199999887
        }
      },
      {
        "reactor_utilization": {
          "shard": "1",
          "value": 48.10538644000011
        }
      },
      {
        "reactor_utilization": {
          "shard": "2",
          "value": 52.968951119999851
        }
      },
      {
        "reactor_utilization": {
          "shard": "3",
          "value": 51.73652329999927
        }
      },
      {
        "reactor_utilization": {
          "shard": "4",
          "value": 40.073954419999843
        }
      },
      {
        "reactor_utilization": {
          "shard": "5",
          "value": 40.465131020000122
        }
      },
      {
        "reactor_utilization": {
          "shard": "6",
          "value": 55.691072699999602
        }
      },
      {
        "reactor_utilization": {
          "shard": "7",
          "value": 49.23951916
        }
      },
      {
        "reactor_utilization": {
          "shard": "8",
          "value": 44.433770119999771
        }
      },
      {
        "reactor_utilization": {
          "shard": "9",
          "value": 51.918000539999824
        }
      },
      {
        "reactor_utilization": {
          "shard": "10",
          "value": 57.600067660000676
        }
      },
      {
        "reactor_utilization": {
          "shard": "11",
          "value": 56.553370319999928
        }
      },
      {
        "reactor_utilization": {
          "shard": "12",
          "value": 48.474634600000122
        }
      },
      {
        "reactor_utilization": {
          "shard": "13",
          "value": 60.930159200000297
        }
      },
      {
        "reactor_utilization": {
          "shard": "14",
          "value": 37.81105867999969
        }
      },
      {
        "reactor_utilization": {
          "shard": "15",
          "value": 42.976061400000212
        }
      }
    ]
  },
  {
    "metrics": [
      {
        "reactor_utilization": {
          "shard": "0",
          "value": 41.770142179999894
        }
      },
      {
        "reactor_utilization": {
          "shard": "1",
          "value": 43.440005660000125
        }
      },
      {
        "reactor_utilization": {
          "shard": "2",
          "value": 45.339667599999864
        }
      },
      {
        "reactor_utilization": {
          "shard": "3",
          "value": 46.73840493999927
        }
      },
      {
        "reactor_utilization": {
          "shard": "4",
          "value": 45.112298399999837
        }
      },
      {
        "reactor_utilization": {
          "shard": "5",
          "value": 39.81180374000013
        }
      },
      {
        "reactor_utilization": {
          "shard": "6",
          "value": 45.633115179999592
        }
      },
      {
        "reactor_utilization": {
          "shard": "7",
          "value": 44.144278620000009
        }
      },
      {
        "reactor_utilization": {
          "shard": "8",
          "value": 49.634289519999776
        }
      },
      {
        "reactor_utilization": {
          "shard": "9",
          "value": 53.646369039999819
        }
      },
      {
        "reactor_utilization": {
          "shard": "10",
          "value": 55.531121180000689
        }
      },
      {
        "reactor_utilization": {
          "shard": "11",
          "value": 50.524505099999928
        }
      },
      {
        "reactor_utilization": {
          "shard": "12",
          "value": 51.676500800000113
        }
      },
      {
        "reactor_utilization": {
          "shard": "13",
          "value": 53.622136240000295
        }
      },
      {
        "reactor_utilization": {
          "shard": "14",
          "value": 41.744228619999667
        }
      },
      {
        "reactor_utilization": {
          "shard": "15",
          "value": 49.25350014000022
        }
      }
    ]
  },
  {
    "metrics": [
      {
        "reactor_utilization": {
          "shard": "0",
          "value": 50.262849079999881
        }
      },
      {
        "reactor_utilization": {
          "shard": "1",
          "value": 53.298390340000125
        }
      },
      {
        "reactor_utilization": {
          "shard": "2",
          "value": 38.523389279999861
        }
      },
      {
        "reactor_utilization": {
          "shard": "3",
          "value": 44.315020959999259
        }
      },
      {
        "reactor_utilization": {
          "shard": "4",
          "value": 48.244470199999832
        }
      },
      {
        "reactor_utilization": {
          "shard": "5",
          "value": 37.595081380000153
        }
      },
      {
        "reactor_utilization": {
          "shard": "6",
          "value": 51.406226979999595
        }
      },
      {
        "reactor_utilization": {
          "shard": "7",
          "value": 49.747140660000014
        }
      },
      {
        "reactor_utilization": {
          "shard": "8",
          "value": 50.277371999999765
        }
      },
      {
        "reactor_utilization": {
          "shard": "9",
          "value": 57.48254497999983
        }
      },
      {
        "reactor_utilization": {
          "shard": "10",
          "value": 49.109147880000684
        }
      },
      {
        "reactor_utilization": {
          "shard": "11",
          "value": 59.42399405999992
        }
      },
      {
        "reactor_utilization": {
          "shard": "12",
          "value": 47.700975420000113
        }
      },
      {
        "reactor_utilization": {
          "shard": "13",
          "value": 57.101934640000309
        }
      },
      {
        "reactor_utilization": {
          "shard": "14",
          "value": 33.363618339999654
        }
      },
      {
        "reactor_utilization": {
          "shard": "15",
          "value": 39.439722780000196
        }
      }
    ]
  },
  {
    "metrics": [
      {
        "reactor_utilization": {
          "shard": "0",
          "value": 45.163703659999875
        }
      },
      {
        "reactor_utilization": {
          "shard": "1",
          "value": 47.040265920000124
        }
      },
      {
        "reactor_utilization": {
          "shard": "2",
          "value": 45.195872419999873
        }
      },
      {
        "reactor_utilization": {
          "shard": "3",
          "value": 48.494861739999266
        }
      },
      {
        "reactor_utilization": {
          "shard": "4",
          "value": 48.451184239999847
        }
      },
      {
        "reactor_utilization": {
          "shard": "5",
          "value": 38.491010080000152
        }
      },
      {
        "reactor_utilization": {
          "shard": "6",
          "value": 47.239325099999597
        }
      },
      {
        "reactor_utilization": {
          "shard": "7",
          "value": 44.832933120000007
        }
      },
      {
        "reactor_utilization": {
          "shard": "8",
          "value": 52.218188339999763
        }
      },
      {
        "reactor_utilization": {
          "shard": "9",
          "value": 51.565027059999814
        }
      },
      {
        "reactor_utilization": {
          "shard": "10",
          "value": 52.803655280000683
        }
      },
      {
        "reactor_utilization": {
          "shard": "11",
          "value": 47.266689419999921
        }
      },
      {
        "reactor_utilization": {
          "shard": "12",
          "value": 61.524237560000103
        }
      },
      {
        "reactor_utilization": {
          "shard": "13",
          "value": 53.003037560000301
        }
      },
      {
        "reactor_utilization": {
          "shard": "14",
          "value": 42.675715059999661
        }
      },
      {
        "reactor_utilization": {
          "shard": "15",
          "value": 43.106891100000176
        }
      }
    ]
  },
  {
    "metrics": [
      {
        "reactor_utilization": {
          "shard": "0",
          "value": 40.307931839999881
        }
      },
      {
        "reactor_utilization": {
          "shard": "1",
          "value": 52.704801500000123
        }
      },
      {
        "reactor_utilization": {
          "shard": "2",
          "value": 38.374541979999876
        }
      },
      {
        "reactor_utilization": {
          "shard": "3",
          "value": 45.662420039999262
        }
      },
      {
        "reactor_utilization": {
          "shard": "4",
          "value": 45.389069559999839
        }
      },
      {
        "reactor_utilization": {
          "shard": "5",
          "value": 40.780470700000151
        }
      },
      {
        "reactor_utilization": {
          "shard": "6",
          "value": 46.833790119999598
        }
      },
      {
        "reactor_utilization": {
          "shard": "7",
          "value": 44.015238959999991
        }
      },
      {
        "reactor_utilization": {
          "shard": "8",
          "value": 54.760460139999765
        }
      },
      {
        "reactor_utilization": {
          "shard": "9",
          "value": 49.157313879999833
        }
      },
      {
        "reactor_utilization": {
          "shard": "10",
          "value": 58.590230820000677
        }
      },
      {
        "reactor_utilization": {
          "shard": "11",
          "value": 54.795797219999919
        }
      },
      {
        "reactor_utilization": {
          "shard": "12",
          "value": 55.488299740000116
        }
      },
      {
        "reactor_utilization": {
          "shard": "13",
          "value": 55.519451540000297
        }
      },
      {
        "reactor_utilization": {
          "shard": "14",
          "value": 47.417399559999666
        }
      },
      {
        "reactor_utilization": {
          "shard": "15",
          "value": 46.773758220000182
        }
      }
    ]
  },
  {
    "metrics": [
      {
        "reactor_utilization": {
          "shard": "0",
          "value": 38.096506879999893
        }
      },
      {
        "reactor_utilization": {
          "shard": "1",
          "value": 50.755239080000116
        }
      },
      {
        "reactor_utilization": {
          "shard": "2",
          "value": 46.018600799999888
        }
      },
      {
        "reactor_utilization": {
          "shard": "3",
          "value": 59.06253307999927
        }
      },
      {
        "reactor_utilization": {
          "shard": "4",
          "value": 43.110434899999838
        }
      },
      {
        "reactor_utilization": {
          "shard": "5",
          "value": 38.596817400000162
        }
      },
      {
        "reactor_utilization": {
          "shard": "6",
          "value": 48.689363439999589
        }
      },
      {
        "reactor_utilization": {
          "shard": "7",
          "value": 44.183446499999988
        }
      },
      {
        "reactor_utilization": {
          "shard": "8",
          "value": 52.26188605999976
        }
      },
      {
        "reactor_utilization": {
          "shard": "9",
          "value": 49.344448259999837
        }
      },
      {
        "reactor_utilization": {
          "shard": "10",
          "value": 49.141423940000685
        }
      },
      {
        "reactor_utilization": {
          "shard": "11",
          "value": 44.903135079999913
        }
      },
      {
        "reactor_utilization": {
          "shard": "12",
          "value": 54.672835460000101
        }
      },
      {
        "reactor_utilization": {
          "shard": "13",
          "value": 54.056080740000276
        }
      },
      {
        "reactor_utilization": {
          "shard": "14",
          "value": 46.129158639999666
        }
      },
      {
        "reactor_utilization": {
          "shard": "15",
          "value": 40.360552640000179
        }
      }
    ]
  },
  {
    "metrics": [
      {
        "reactor_utilization": {
          "shard": "0",
          "value": 46.367389939999903
        }
      },
      {
        "reactor_utilization": {
          "shard": "1",
          "value": 48.199837900000105
        }
      },
      {
        "reactor_utilization": {
          "shard": "2",
          "value": 34.824580139999895
        }
      },
      {
        "reactor_utilization": {
          "shard": "3",
          "value": 42.588304619999271
        }
      },
      {
        "reactor_utilization": {
          "shard": "4",
          "value": 44.296424379999841
        }
      },
      {
        "reactor_utilization": {
          "shard": "5",
          "value": 41.668768580000169
        }
      },
      {
        "reactor_utilization": {
          "shard": "6",
          "value": 58.43877937999958
        }
      },
      {
        "reactor_utilization": {
          "shard": "7",
          "value": 51.133273999999993
        }
      },
      {
        "reactor_utilization": {
          "shard": "8",
          "value": 49.60271213999976
        }
      },
      {
        "reactor_utilization": {
          "shard": "9",
          "value": 49.875111639999844
        }
      },
      {
        "reactor_utilization": {
          "shard": "10",
          "value": 62.361915740000676
        }
      },
      {
        "reactor_utilization": {
          "shard": "11",
          "value": 52.421178599999919
        }
      },
      {
        "reactor_utilization": {
          "shard": "12",
          "value": 54.062746940000103
        }
      },
      {
        "reactor_utilization": {
          "shard": "13",
          "value": 51.291419320000287
        }
      },
      {
        "reactor_utilization": {
          "shard": "14",
          "value": 55.787224199999663
        }
      },
      {
        "reactor_utilization": {
          "shard": "15",
          "value": 38.227221780000185
        }
      }
    ]
  },
  {
    "metrics": [
      {
        "reactor_utilization": {
          "shard": "0",
          "value": 49.2965082199999
        }
      },
      {
        "reactor_utilization": {
          "shard": "1",
          "value": 39.18089548000011
        }
      },
      {
        "reactor_utilization": {
          "shard": "2",
          "value": 42.252962819999908
        }
      },
      {
        "reactor_utilization": {
          "shard": "3",
          "value": 44.605992339999254
        }
      },
      {
        "reactor_utilization": {
          "shard": "4",
          "value": 43.31163071999984
        }
      },
      {
        "reactor_utilization": {
          "shard": "5",
          "value": 34.693488000000187
        }
      },
      {
        "reactor_utilization": {
          "shard": "6",
          "value": 58.309577239999591
        }
      },
      {
        "reactor_utilization": {
          "shard": "7",
          "value": 44.417535360000002
        }
      },
      {
        "reactor_utilization": {
          "shard": "8",
          "value": 58.656521719999752
        }
      },
      {
        "reactor_utilization": {
          "shard": "9",
          "value": 53.972811659999856
        }
      },
      {
        "reactor_utilization": {
          "shard": "10",
          "value": 60.125095820000695
        }
      },
      {
        "reactor_utilization": {
          "shard": "11",
          "value": 58.410155139999922
        }
      },
      {
        "reactor_utilization": {
          "shard": "12",
          "value": 49.421375800000114
        }
      },
      {
        "reactor_utilization": {
          "shard": "13",
          "value": 60.565745480000288
        }
      },
      {
        "reactor_utilization": {
          "shard": "14",
          "value": 41.33937799999967
        }
      },
      {
        "reactor_utilization": {
          "shard": "15",
          "value": 29.158332580000177
        }
      }
    ]
  }
]
