[
  {
    "metrics": [
      {
        "reactor_utilization": {
          "shard": "0",
          "value": 85.828228880000026
        }
      },
      {
        "reactor_utilization": {
          "shard": "1",
          "value": 84.263414819999966
        }
      },
      {
        "reactor_utilization": {
          "shard": "2",
          "value": 71.541366319999923
        }
      },
      {
        "reactor_utilization": {
          "shard": "3",
          "value": 52.640834599999167
        }
      },
      {
        "reactor_utilization": {
          "shard": "4",
          "value": 79.656956399999629
        }
      },
      {
        "reactor_utilization": {
          "shard": "5",
          "value": 68.865783620000073
        }
      },
      {
        "reactor_utilization": {
          "shard": "6",
          "value": 78.224602479999731
        }
      },
      {
        "reactor_utilization": {
          "shard": "7",
          "value": 69.990754139999979
        }
      },
      {
        "reactor_utilization": {
          "shard": "8",
          "value": 78.960604539999721
        }
      },
      {
        "reactor_utilization": {
          "shard": "9",
          "value": 82.535633499999989
        }
      },
      {
        "reactor_utilization": {
          "shard": "10",
          "value": 86.22672522000066
        }
      },
      {
        "reactor_utilization": {
          "shard": "11",
          "value": 76.428456940000018
        }
      },
      {
        "reactor_utilization": {
          "shard": "12",
          "value": 93.270761400000495
        }
      },
      {
        "reactor_utilization": {
          "shard": "13",
          "value": 80.046124240000154
        }
      },
      {
        "reactor_utilization": {
          "shard": "14",
          "value": 74.874432779999495
        }
      },
      {
        "reactor_utilization": {
          "shard": "15",
          "value": 77.23664492000006
        }
      }
    ]
  },
  {
    "metrics": [
      {
        "reactor_utilization": {
          "shard": "0",
          "value": 63.336681900000023
        }
      },
      {
        "reactor_utilization": {
          "shard": "1",
          "value": 85.635411679999962
        }
      },
      {
        "reactor_utilization": {
          "shard": "2",
          "value": 67.557605499999923
        }
      },
      {
        "reactor_utilization": {
          "shard": "3",
          "value": 72.233487779999166
        }
      },
      {
        "reactor_utilization": {
          "shard": "4",
          "value": 60.016726919999655
        }
      },
      {
        "reactor_utilization": {
          "shard": "5",
          "value": 70.696308760000079
        }
      },
      {
        "reactor_utilization": {
          "shard": "6",
          "value": 64.379352439999721
        }
      },
      {
        "reactor_utilization": {
          "shard": "7",
          "value": 71.217561099999969
        }
      },
      {
        "reactor_utilization": {
          "shard": "8",
          "value": 83.135545639999719
        }
      },
      {
        "reactor_utilization": {
          "shard": "9",
          "value": 77.589840859999981
        }
      },
      {
        "reactor_utilization": {
          "shard": "10",
          "value": 79.305290400000644
        }
      },
      {
        "reactor_utilization": {
          "shard": "11",
          "value": 75.655876880000022
        }
      },
      {
        "reactor_utilization": {
          "shard": "12",
          "value": 91.225947860000488
        }
      },
      {
        "reactor_utilization": {
          "shard": "13",
          "value": 78.827061480000154
        }
      },
      {
        "reactor_utilization": {
          "shard": "14",
          "value": 78.70124363999949
        }
      },
      {
        "reactor_utilization": {
          "shard": "15",
          "value": 74.430731700000067
        }
      }
    ]
  },
  {
    "metrics": [
      {
        "reactor_utilization": {
          "shard": "0",
          "value": 75.853002040000021
        }
      },
      {
        "reactor_utilization": {
          "shard": "1",
          "value": 84.247106459999955
        }
      },
      {
        "reactor_utilization": {
          "shard": "2",
          "value": 63.851612839999902
        }
      },
      {
        "reactor_utilization": {
          "shard": "3",
          "value": 58.673234499999161
        }
      },
      {
        "reactor_utilization": {
          "shard": "4",
          "value": 60.03488313999965
        }
      },
      {
        "reactor_utilization": {
          "shard": "5",
          "value": 63.226214720000073
        }
      },
      {
        "reactor_utilization": {
          "shard": "6",
          "value": 75.561558659999733
        }
      },
      {
        "reactor_utilization": {
          "shard": "7",
          "value": 66.745137059999976
        }
      },
      {
        "reactor_utilization": {
          "shard": "8",
          "value": 78.266793599999716
        }
      },
      {
        "reactor_utilization": {
          "shard": "9",
          "value": 74.279349499999981
        }
      },
      {
        "reactor_utilization": {
          "shard": "10",
          "value": 82.455095120000649
        }
      },
      {
        "reactor_utilization": {
          "shard": "11",
          "value": 72.899899560000023
        }
      },
      {
        "reactor_utilization": {
          "shard": "12",
          "value": 94.974799920000493
        }
      },
      {
        "reactor_utilization": {
          "shard": "13",
          "value": 78.370314340000164
        }
      },
      {
        "reactor_utilization": {
          "shard": "14",
          "value": 75.352148559999492
        }
      },
      {
        "reactor_utilization": {
          "shard": "15",
          "value": 70.376914260000063
        }
      }
    ]
  },
  {
    "metrics": [
      {
        "reactor_utilization": {
          "shard": "0",
          "value": 79.138187440000024
        }
      },
      {
        "reactor_utilization": {
          "shard": "1",
          "value": 69.191078399999967
        }
      },
      {
        "reactor_utilization": {
          "shard": "2",
          "value": 55.889762739999917
        }
      },
      {
        "reactor_utilization": {
          "shard": "3",
          "value": 54.28312207999916
        }
      },
      {
        "reactor_utilization": {
          "shard": "4",
          "value": 65.458032479999659
        }
      },
      {
        "reactor_utilization": {
          "shard": "5",
          "value": 52.864076880000077
        }
      },
      {
        "reactor_utilization": {
          "shard": "6",
          "value": 70.606186099999732
        }
      },
      {
        "reactor_utilization": {
          "shard": "7",
          "value": 69.780281199999976
        }
      },
      {
        "reactor_utilization": {
          "shard": "8",
          "value": 65.931926079999727
        }
      },
      {
        "reactor_utilization": {
          "shard": "9",
          "value": 63.438896259999979
        }
      },
      {
        "reactor_utilization": {
          "shard": "10",
          "value": 73.39402256000065
        }
      },
      {
        "reactor_utilization": {
          "shard": "11",
          "value": 69.450070820000008
        }
      },
      {
        "reactor_utilization": {
          "shard": "12",
          "value": 78.733268920000484
        }
      },
      {
        "reactor_utilization": {
          "shard": "13",
          "value": 87.538159040000153
        }
      },
      {
        "reactor_utilization": {
          "shard": "14",
          "value": 64.685382379999496
        }
      },
      {
        "reactor_utilization": {
          "shard": "15",
          "value": 74.956856720000062
        }
      }
    ]
  },
  {
    "metrics": [
      {
        "reactor_utilization": {
          "shard": "0",
          "value": 82.647047960000023
        }
      },
      {
        "reactor_utilization": {
          "shard": "1",
          "value": 81.954792259999948
        }
      },
      {
        "reactor_utilization": {
          "shard": "2",
          "value": 70.682136279999924
        }
      },
      {
        "reactor_utilization": {
          "shard": "3",
          "value": 67.718520959999154
        }
      },
      {
        "reactor_utilization": {
          "shard": "4",
          "value": 62.940777459999666
        }
      },
      {
        "reactor_utilization": {
          "shard": "5",
          "value": 55.825921680000064
        }
      },
      {
        "reactor_utilization": {
          "shard": "6",
          "value": 71.94466503999972
        }
      },
      {
        "reactor_utilization": {
          "shard": "7",
          "value": 72.678136639999963
        }
      },
      {
        "reactor_utilization": {
          "shard": "8",
          "value": 63.422737519999728
        }
      },
      {
        "reactor_utilization": {
          "shard": "9",
          "value": 61.033283259999969
        }
      },
      {
        "reactor_utilization": {
          "shard": "10",
          "value": 66.823338480000658
        }
      },
      {
        "reactor_utilization": {
          "shard": "11",
          "value": 78.604975400000015
        }
      },
      {
        "reactor_utilization": {
          "shard": "12",
          "value": 87.368515960000494
        }
      },
      {
        "reactor_utilization": {
          "shard": "13",
          "value": 90.969655040000163
        }
      },
      {
        "reactor_utilization": {
          "shard": "14",
          "value": 72.71173685999949
        }
      },
      {
        "reactor_utilization": {
          "shard": "15",
          "value": 75.854020860000062
        }
      }
    ]
  },
  {
    "metrics": [
      {
        "reactor_utilization": {
          "shard": "0",
          "value": 78.614158540000005
        }
      },
      {
        "reactor_utilization": {
          "shard": "1",
          "value": 68.10468039999995
        }
      },
      {
        "reactor_utilization": {
          "shard": "2",
          "value": 67.126341939999918
        }
      },
      {
        "reactor_utilization": {
          "shard": "3",
          "value": 71.701834359999154
        }
      },
      {
        "reactor_utilization": {
          "shard": "4",
          "value": 50.139294939999665
        }
      },
      {
        "reactor_utilization": {
          "shard": "5",
          "value": 50.510488260000066
        }
      },
      {
        "reactor_utilization": {
          "shard": "6",
          "value": 72.020151519999715
        }
      },
      {
        "reactor_utilization": {
          "shard": "7",
          "value": 64.448095879999954
        }
      },
      {
        "reactor_utilization": {
          "shard": "8",
          "value": 70.789790839999739
        }
      },
      {
        "reactor_utilization": {
          "shard": "9",
          "value": 83.807650059999972
        }
      },
      {
        "reactor_utilization": {
          "shard": "10",
          "value": 65.698883540000665
        }
      },
      {
        "reactor_utilization": {
          "shard": "11",
          "value": 58.052876240000018
        }
      },
      {
        "reactor_utilization": {
          "shard": "12",
          "value": 73.642511160000495
        }
      },
      {
        "reactor_utilization": {
          "shard": "13",
          "value": 88.624834260000156
        }
      },
      {
        "reactor_utilization": {
          "shard": "14",
          "value": 81.856810499999483
        }
      },
      {
        "reactor_utilization": {
          "shard": "15",
          "value": 73.058232400000065
        }
      }
    ]
  },
  {
    "metrics": [
      {
        "reactor_utilization": {
          "shard": "0",
          "value": 75.534835960000024
        }
      },
      {
        "reactor_utilization": {
          "shard": "1",
          "value": 81.522263239999958
        }
      },
      {
        "reactor_utilization": {
          "shard": "2",
          "value": 68.041265639999921
        }
      },
      {
        "reactor_utilization": {
          "shard": "3",
          "value": 73.473560699999155
        }
      },
      {
        "reactor_utilization": {
          "shard": "4",
          "value": 59.546378939999677
        }
      },
      {
        "reactor_utilization": {
          "shard": "5",
          "value": 61.170039260000067
        }
      },
      {
        "reactor_utilization": {
          "shard": "6",
          "value": 74.653602379999711
        }
      },
      {
        "reactor_utilization": {
          "shard": "7",
          "value": 76.113706119999961
        }
      },
      {
        "reactor_utilization": {
          "shard": "8",
          "value": 67.38855223999974
        }
      },
      {
        "reactor_utilization": {
          "shard": "9",
          "value": 68.376741639999977
        }
      },
      {
        "reactor_utilization": {
          "shard": "10",
          "value": 79.909058980000651
        }
      },
      {
        "reactor_utilization": {
          "shard": "11",
          "value": 74.038749340000038
        }
      },
      {
        "reactor_utilization": {
          "shard": "12",
          "value": 80.8216340000005
        }
      },
      {
        "reactor_utilization": {
          "shard": "13",
          "value": 88.88230180000015
        }
      },
      {
        "reactor_utilization": {
          "shard": "14",
          "value": 61.866272579999482
        }
      },
      {
        "reactor_utilization": {
          "shard": "15",
          "value": 80.823450420000071
        }
      }
    ]
  },
  {
    "metrics": [
      {
        "reactor_utilization": {
          "shard": "0",
          "value": 71.562492080000027
        }
      },
      {
        "reactor_utilization": {
          "shard": "1",
          "value": 79.311078959999961
        }
      },
      {
        "reactor_utilization": {
          "shard": "2",
          "value": 70.092844959999908
        }
      },
      {
        "reactor_utilization": {
          "shard": "3",
          "value": 52.930488999999156
        }
      },
      {
        "reactor_utilization": {
          "shard": "4",
          "value": 56.944774899999672
        }
      },
      {
        "reactor_utilization": {
          "shard": "5",
          "value": 43.836601180000066
        }
      },
      {
        "reactor_utilization": {
          "shard": "6",
          "value": 67.063982119999721
        }
      },
      {
        "reactor_utilization": {
          "shard": "7",
          "value": 66.152031359999953
        }
      },
      {
        "reactor_utilization": {
          "shard": "8",
          "value": 72.23890663999974
        }
      },
      {
        "reactor_utilization": {
          "shard": "9",
          "value": 74.219868759999969
        }
      },
      {
        "reactor_utilization": {
          "shard": "10",
          "value": 73.461775880000644
        }
      },
      {
        "reactor_utilization": {
          "shard": "11",
          "value": 75.170945600000024
        }
      },
      {
        "reactor_utilization": {
          "shard": "12",
          "value": 78.858506540000505
        }
      },
      {
        "reactor_utilization": {
          "shard": "13",
          "value": 73.610145720000148
        }
      },
      {
        "reactor_utilization": {
          "shard": "14",
          "value": 52.488471859999486
        }
      },
      {
        "reactor_utilization": {
          "shard": "15",
          "value": 68.45531964000007
        }
      }
    ]
  },
  {
    "metrics": [
      {
        "reactor_utilization": {
          "shard": "0",
          "value": 60.44959522000002
        }
      },
      {
        "reactor_utilization": {
          "shard": "1",
          "value": 59.479002679999958
        }
      },
      {
        "reactor_utilization": {
          "shard": "2",
          "value": 53.230213079999913
        }
      },
      {
        "reactor_utilization": {
          "shard": "3",
          "value": 45.966087259999163
        }
      },
      {
        "reactor_utilization": {
          "shard": "4",
          "value": 45.842246239999675
        }
      },
      {
        "reactor_utilization": {
          "shard": "5",
          "value": 30.731894640000068
        }
      },
      {
        "reactor_utilization": {
          "shard": "6",
          "value": 57.763338039999709
        }
      },
      {
        "reactor_utilization": {
          "shard": "7",
          "value": 46.188608119999955
        }
      },
      {
        "reactor_utilization": {
          "shard": "8",
          "value": 54.117004339999731
        }
      },
      {
        "reactor_utilization": {
          "shard": "9",
          "value": 55.280904919999976
        }
      },
      {
        "reactor_utilization": {
          "shard": "10",
          "value": 51.251640240000654
        }
      },
      {
        "reactor_utilization": {
          "shard": "11",
          "value": 49.391687380000015
        }
      },
      {
        "reactor_utilization": {
          "shard": "12",
          "value": 57.565246980000495
        }
      },
      {
        "reactor_utilization": {
          "shard": "13",
          "value": 64.862816660000149
        }
      },
      {
        "reactor_utilization": {
          "shard": "14",
          "value": 44.252160179999478
        }
      },
      {
        "reactor_utilization": {
          "shard": "15",
          "value": 56.143352200000066
        }
      }
    ]
  },
  {
    "metrics": [
      {
        "reactor_utilization": {
          "shard": "0",
          "value": 54.943228800000021
        }
      },
      {
        "reactor_utilization": {
          "shard": "1",
          "value": 64.258851319999948
        }
      },
      {
        "reactor_utilization": {
          "shard": "2",
          "value": 49.399216639999906
        }
      },
      {
        "reactor_utilization": {
          "shard": "3",
          "value": 42.765599139999168
        }
      },
      {
        "reactor_utilization": {
          "shard": "4",
          "value": 48.380992699999666
        }
      },
      {
        "reactor_utilization": {
          "shard": "5",
          "value": 43.657867800000069
        }
      },
      {
        "reactor_utilization": {
          "shard": "6",
          "value": 48.105871899999705
        }
      },
      {
        "reactor_utilization": {
          "shard": "7",
          "value": 57.667464799999955
        }
      },
      {
        "reactor_utilization": {
          "shard": "8",
          "value": 52.430380499999728
        }
      },
      {
        "reactor_utilization": {
          "shard": "9",
          "value": 41.826069479999973
        }
      },
      {
        "reactor_utilization": {
          "shard": "10",
          "value": 62.92849554000064
        }
      },
      {
        "reactor_utilization": {
          "shard": "11",
          "value": 52.3316911
        }
      },
      {
        "reactor_utilization": {
          "shard": "12",
          "value": 60.600374360000501
        }
      },
      {
        "reactor_utilization": {
          "shard": "13",
          "value": 57.917705700000155
        }
      },
      {
        "reactor_utilization": {
          "shard": "14",
          "value": 56.544260599999475
        }
      },
      {
        "reactor_utilization": {
          "shard": "15",
          "value": 46.878076200000073
        }
      }
    ]
  },
  {
    "metrics": [
      {
        "reactor_utilization": {
          "shard": "0",
          "value": 51.614942480000025
        }
      },
      {
        "reactor_utilization": {
          "shard": "1",
          "value": 67.004348919999956
        }
      },
      {
        "reactor_utilization": {
          "shard": "2",
          "value": 49.505782279999913
        }
      },
      {
        "reactor_utilization": {
          "shard": "3",
          "value": 52.256589499999166
        }
      },
      {
        "reactor_utilization": {
          "shard": "4",
          "value": 43.32741261999967
        }
      },
      {
        "reactor_utilization": {
          "shard": "5",
          "value": 42.383614160000086
        }
      },
      {
        "reactor_utilization": {
          "shard": "6",
          "value": 57.787008359999703
        }
      },
      {
        "reactor_utilization": {
          "shard": "7",
          "value": 51.940965719999951
        }
      },
      {
        "reactor_utilization": {
          "shard": "8",
          "value": 59.51762633999973
        }
      },
      {
        "reactor_utilization": {
          "shard": "9",
          "value": 55.373143679999984
        }
      },
      {
        "reactor_utilization": {
          "shard": "10",
          "value": 66.57907080000065
        }
      },
      {
        "reactor_utilization": {
          "shard": "11",
          "value": 57.928631719999991
        }
      },
      {
        "reactor_utilization": {
          "shard": "12",
          "value": 70.964468700000481
        }
      },
      {
        "reactor_utilization": {
          "shard": "13",
          "value": 58.553128480000161
        }
      },
      {
        "reactor_utilization": {
          "shard": "14",
          "value": 65.171573799999464
        }
      },
      {
        "reactor_utilization": {
          "shard": "15",
          "value": 60.489981260000071
        }
      }
    ]
  },
  {
    "metrics": [
      {
        "reactor_utilization": {
          "shard": "0",
          "value": 80.381589500000018
        }
      },
      {
        "reactor_utilization": {
          "shard": "1",
          "value": 74.760258519999965
        }
      },
      {
        "reactor_utilization": {
          "shard": "2",
          "value": 65.9870115599999
        }
      },
      {
        "reactor_utilization": {
          "shard": "3",
          "value": 55.472346119999159
        }
      },
      {
        "reactor_utilization": {
          "shard": "4",
          "value": 62.372745339999668
        }
      },
      {
        "reactor_utilization": {
          "shard": "5",
          "value": 52.441831720000074
        }
      },
      {
        "reactor_utilization": {
          "shard": "6",
          "value": 76.699937159999692
        }
      },
      {
        "reactor_utilization": {
          "shard": "7",
          "value": 66.382539599999959
        }
      },
      {
        "reactor_utilization": {
          "shard": "8",
          "value": 74.734523999999709
        }
      },
      {
        "reactor_utilization": {
          "shard": "9",
          "value": 62.933029079999983
        }
      },
      {
        "reactor_utilization": {
          "shard": "10",
          "value": 80.481575060000651
        }
      },
      {
        "reactor_utilization": {
          "shard": "11",
          "value": 74.596075639999995
        }
      },
      {
        "reactor_utilization": {
          "shard": "12",
          "value": 78.542972440000497
        }
      },
      {
        "reactor_utilization": {
          "shard": "13",
          "value": 74.623261020000157
        }
      },
      {
        "reactor_utilization": {
          "shard": "14",
          "value": 63.964725959999477
        }
      },
      {
        "reactor_utilization": {
          "shard": "15",
          "value": 75.063055800000072
        }
      }
    ]
  },
  {
    "metrics": [
      {
        "reactor_utilization": {
          "shard": "0",
          "value": 88.850648300000017
        }
      },
      {
        "reactor_utilization": {
          "shard": "1",
          "value": 85.737223899999961
        }
      },
      {
        "reactor_utilization": {
          "shard": "2",
          "value": 68.079306459999884
        }
      },
      {
        "reactor_utilization": {
          "shard": "3",
          "value": 64.960604279999174
        }
      },
      {
        "reactor_utilization": {
          "shard": "4",
          "value": 72.770304599999662
        }
      },
      {
        "reactor_utilization": {
          "shard": "5",
          "value": 56.220959160000071
        }
      },
      {
        "reactor_utilization": {
          "shard": "6",
          "value": 66.756350899999688
        }
      },
      {
        "reactor_utilization": {
          "shard": "7",
          "value": 68.181255079999957
        }
      },
      {
        "reactor_utilization": {
          "shard": "8",
          "value": 70.845181759999718
        }
      },
      {
        "reactor_utilization": {
          "shard": "9",
          "value": 54.131592159999983
        }
      },
      {
        "reactor_utilization": {
          "shard": "10",
          "value": 69.838950460000646
        }
      },
      {
        "reactor_utilization": {
          "shard": "11",
          "value": 75.51652817999998
        }
      },
      {
        "reactor_utilization": {
          "shard": "12",
          "value": 83.889741200000486
        }
      },
      {
        "reactor_utilization": {
          "shard": "13",
          "value": 88.542347320000161
        }
      },
      {
        "reactor_utilization": {
          "shard": "14",
          "value": 57.806461619999475
        }
      },
      {
        "reactor_utilization": {
          "shard": "15",
          "value": 67.356026360000072
        }
      }
    ]
  },
  {
    "metrics": [
      {
        "reactor_utilization": {
          "shard": "0",
          "value": 87.921991720000008
        }
      },
      {
        "reactor_utilization": {
          "shard": "1",
          "value": 83.891313539999956
        }
      },
      {
        "reactor_utilization": {
          "shard": "2",
          "value": 76.208989039999892
        }
      },
      {
        "reactor_utilization": {
          "shard": "3",
          "value": 80.246165919999157
        }
      },
      {
        "reactor_utilization": {
          "shard": "4",
          "value": 58.845245259999665
        }
      },
      {
        "reactor_utilization": {
          "shard": "5",
          "value": 54.089616420000077
        }
      },
      {
        "reactor_utilization": {
          "shard": "6",
          "value": 66.224831299999693
        }
      },
      {
        "reactor_utilization": {
          "shard": "7",
          "value": 55.014780819999956
        }
      },
      {
        "reactor_utilization": {
          "shard": "8",
          "value": 68.940421699999703
        }
      },
      {
        "reactor_utilization": {
          "shard": "9",
          "value": 63.143422759999979
        }
      },
      {
        "reactor_utilization": {
          "shard": "10",
          "value": 57.529309280000653
        }
      },
      {
        "reactor_utilization": {
          "shard": "11",
          "value": 58.301762459999992
        }
      },
      {
        "reactor_utilization": {
          "shard": "12",
          "value": 71.612190500000494
        }
      },
      {
        "reactor_utilization": {
          "shard": "13",
          "value": 92.180087220000146
        }
      },
      {
        "reactor_utilization": {
          "shard": "14",
          "value": 61.561769959999467
        }
      },
      {
        "reactor_utilization": {
          "shard": "15",
          "value": 81.324327480000065
        }
      }
    ]
  },
  {
    "metrics": [
      {
        "reactor_utilization": {
          "shard": "0",
          "value": 81.536461160000016
        }
      },
      {
        "reactor_utilization": {
          "shard": "1",
          "value": 84.856975419999955
        }
      },
      {
        "reactor_utilization": {
          "shard": "2",
          "value": 78.891870399999902
        }
      },
      {
        "reactor_utilization": {
          "shard": "3",
          "value": 80.442405779999163
        }
      },
      {
        "reactor_utilization": {
          "shard": "4",
          "value": 55.775478459999661
        }
      },
      {
        "reactor_utilization": {
          "shard": "5",
          "value": 58.411198380000087
        }
      },
      {
        "reactor_utilization": {
          "shard": "6",
          "value": 74.827394679999685
        }
      },
      {
        "reactor_utilization": {
          "shard": "7",
          "value": 72.90590411999996
        }
      },
      {
        "reactor_utilization": {
          "shard": "8",
          "value": 61.291430519999714
        }
      },
      {
        "reactor_utilization": {
          "shard": "9",
          "value": 68.840861239999981
        }
      },
      {
        "reactor_utilization": {
          "shard": "10",
          "value": 89.939200160000652
        }
      },
      {
        "reactor_utilization": {
          "shard": "11",
          "value": 81.25884391999999
        }
      },
      {
        "reactor_utilization": {
          "shard": "12",
          "value": 70.668883040000509
        }
      },
      {
        "reactor_utilization": {
          "shard": "13",
          "value": 88.671569700000148
        }
      },
      {
        "reactor_utilization": {
          "shard": "14",
          "value": 57.419047519999481
        }
      },
      {
        "reactor_utilization": {
          "shard": "15",
          "value": 72.238692340000071
        }
      }
    ]
  },
  {
    "metrics": [
      {
        "reactor_utilization": {
          "shard": "0",
          "value": 91.445012420000012
        }
      },
      {
        "reactor_utilization": {
          "shard": "1",
          "value": 95.818638039999954
        }
      },
      {
        "reactor_utilization": {
          "shard": "2",
          "value": 81.497881039999882
        }
      },
      {
        "reactor_utilization": {
          "shard": "3",
          "value": 65.656180859999168
        }
      },
      {
        "reactor_utilization": {
          "shard": "4",
          "value": 71.575073459999643
        }
      },
      {
        "reactor_utilization": {
          "shard": "5",
          "value": 55.438175880000088
        }
      },
      {
        "reactor_utilization": {
          "shard": "6",
          "value": 71.863268059999669
        }
      },
      {
        "reactor_utilization": {
          "shard": "7",
          "value": 67.887439999999955
        }
      },
      {
        "reactor_utilization": {
          "shard": "8",
          "value": 87.73513785999971
        }
      },
      {
        "reactor_utilization": {
          "shard": "9",
          "value": 76.716512899999984
        }
      },
      {
        "reactor_utilization": {
          "shard": "10",
          "value": 80.760870020000652
        }
      },
      {
        "reactor_utilization": {
          "shard": "11",
          "value": 82.799432419999988
        }
      },
      {
        "reactor_utilization": {
          "shard": "12",
          "value": 82.428518400000499
        }
      },
      {
        "reactor_utilization": {
          "shard": "13",
          "value": 88.243061900000157
        }
      },
      {
        "reactor_utilization": {
          "shard": "14",
          "value": 55.434651659999489
        }
      },
      {
        "reactor_utilization": {
          "shard": "15",
          "value": 75.483063720000075
        }
      }
    ]
  },
  {
    "metrics": [
      {
        "reactor_utilization": {
          "shard": "0",
          "value": 79.678830160000018
        }
      },
      {
        "reactor_utilization": {
          "shard": "1",
          "value": 92.574066359999961
        }
      },
      {
        "reactor_utilization": {
          "shard": "2",
          "value": 76.807594219999885
        }
      },
      {
        "reactor_utilization": {
          "shard": "3",
          "value": 76.463635519999173
        }
      },
      {
        "reactor_utilization": {
          "shard": "4",
          "value": 70.91409393999966
        }
      },
      {
        "reactor_utilization": {
          "shard": "5",
          "value": 57.475083420000097
        }
      },
      {
        "reactor_utilization": {
          "shard": "6",
          "value": 61.816014419999689
        }
      },
      {
        "reactor_utilization": {
          "shard": "7",
          "value": 64.577547219999957
        }
      },
      {
        "reactor_utilization": {
          "shard": "8",
          "value": 69.314712279999711
        }
      },
      {
        "reactor_utilization": {
          "shard": "9",
          "value": 65.042333839999984
        }
      },
      {
        "reactor_utilization": {
          "shard": "10",
          "value": 83.492439060000649
        }
      },
      {
        "reactor_utilization": {
          "shard": "11",
          "value": 76.232224619999982
        }
      },
      {
        "reactor_utilization": {
          "shard": "12",
          "value": 76.783580240000504
        }
      },
      {
        "reactor_utilization": {
          "shard": "13",
          "value": 88.32988636000016
        }
      },
      {
        "reactor_utilization": {
          "shard": "14",
          "value": 77.33243531999949
        }
      },
      {
        "reactor_utilization": {
          "shard": "15",
          "value": 71.423332260000066
        }
      }
    ]
  },
  {
    "metrics": [
      {
        "reactor_utilization": {
          "shard": "0",
          "value": 95.331292000000019
        }
      },
      {
        "reactor_utilization": {
          "shard": "1",
          "value": 83.318399119999967
        }
      },
      {
        "reactor_utilization": {
          "shard": "2",
          "value": 74.953691699999894
        }
      },
      {
        "reactor_utilization": {
          "shard": "3",
          "value": 62.480589199999173
        }
      },
      {
        "reactor_utilization": {
          "shard": "4",
          "value": 71.242465139999652
        }
      },
      {
        "reactor_utilization": {
          "shard": "5",
          "value": 64.433137680000087
        }
      },
      {
        "reactor_utilization": {
          "shard": "6",
          "value": 76.441578299999691
        }
      },
      {
        "reactor_utilization": {
          "shard": "7",
          "value": 70.368768039999964
        }
      },
      {
        "reactor_utilization": {
          "shard": "8",
          "value": 82.212583419999703
        }
      },
      {
        "reactor_utilization": {
          "shard": "9",
          "value": 67.355409199999983
        }
      },
      {
        "reactor_utilization": {
          "shard": "10",
          "value": 91.986371360000646
        }
      },
      {
        "reactor_utilization": {
          "shard": "11",
          "value": 82.319422419999995
        }
      },
      {
        "reactor_utilization": {
          "shard": "12",
          "value": 85.065893820000511
        }
      },
      {
        "reactor_utilization": {
          "shard": "13",
          "value": 87.698003360000158
        }
      },
      {
        "reactor_utilization": {
          "shard": "14",
          "value": 60.413425499999505
        }
      },
      {
        "reactor_utilization": {
          "shard": "15",
          "value": 79.025705720000076
        }
      }
    ]
  },
  {
    "metrics": [
      {
        "reactor_utilization": {
          "shard": "0",
          "value": 93.713600300000024
        }
      },
      {
        "reactor_utilization": {
          "shard": "1",
          "value": 92.23641601999995
        }
      },
      {
        "reactor_utilization": {
          "shard": "2",
          "value": 69.040273559999889
        }
      },
      {
        "reactor_utilization": {
          "shard": "3",
          "value": 71.963311559999156
        }
      },
      {
        "reactor_utilization": {
          "shard": "4",
          "value": 67.661361919999649
        }
      },
      {
        "reactor_utilization": {
          "shard": "5",
          "value": 56.415235660000086
        }
      },
      {
        "reactor_utilization": {
          "shard": "6",
          "value": 67.992899159999681
        }
      },
      {
        "reactor_utilization": {
          "shard": "7",
          "value": 69.897573199999954
        }
      },
      {
        "reactor_utilization": {
          "shard": "8",
          "value": 69.336156999999716
        }
      },
      {
        "reactor_utilization": {
          "shard": "9",
          "value": 58.127690199999968
        }
      },
      {
        "reactor_utilization": {
          "shard": "10",
          "value": 67.142615400000651
        }
      },
      {
        "reactor_utilization": {
          "shard": "11",
          "value": 82.799679499999996
        }
      },
      {
        "reactor_utilization": {
          "shard": "12",
          "value": 75.774309060000505
        }
      },
      {
        "reactor_utilization": {
          "shard": "13",
          "value": 88.030642100000151
        }
      },
      {
        "reactor_utilization": {
          "shard": "14",
          "value": 64.580680879999491
        }
      },
      {
        "reactor_utilization": {
          "shard": "15",
          "value": 76.531401020000061
        }
      }
    ]
  },
  {
    "metrics": [
      {
        "reactor_utilization": {
          "shard": "0",
          "value": 86.709919500000026
        }
      },
      {
        "reactor_utilization": {
          "shard": "1",
          "value": 82.241135459999953
        }
      },
      {
        "reactor_utilization": {
          "shard": "2",
          "value": 78.288292839999897
        }
      },
      {
        "reactor_utilization": {
          "shard": "3",
          "value": 74.271485699999147
        }
      },
      {
        "reactor_utilization": {
          "shard": "4",
          "value": 58.681741559999644
        }
      },
      {
        "reactor_utilization": {
          "shard": "5",
          "value": 57.761193840000089
        }
      },
      {
        "reactor_utilization": {
          "shard": "6",
          "value": 64.561376619999677
        }
      },
      {
        "reactor_utilization": {
          "shard": "7",
          "value": 60.402760599999958
        }
      },
      {
        "reactor_utilization": {
          "shard": "8",
          "value": 72.795328259999707
        }
      },
      {
        "reactor_utilization": {
          "shard": "9",
          "value": 66.689821279999975
        }
      },
      {
        "reactor_utilization": {
          "shard": "10",
          "value": 69.961963640000647
        }
      },
      {
        "reactor_utilization": {
          "shard": "11",
          "value": 65.303578259999995
        }
      },
      {
        "reactor_utilization": {
          "shard": "12",
          "value": 75.756427420000506
        }
      },
      {
        "reactor_utilization": {
          "shard": "13",
          "value": 97.100241680000138
        }
      },
      {
        "reactor_utilization": {
          "shard": "14",
          "value": 69.908796119999494
        }
      },
      {
        "reactor_utilization": {
          "shard": "15",
          "value": 83.174812480000071
        }
      }
    ]
  },
  {
    "metrics": [
      {
        "reactor_utilization": {
          "shard": "0",
          "value": 75.632899900000012
        }
      },
      {
        "reactor_utilization": {
          "shard": "1",
          "value": 92.847688579999968
        }
      },
      {
        "reactor_utilization": {
          "shard": "2",
          "value": 79.178215959999903
        }
      },
      {
        "reactor_utilization": {
          "shard": "3",
          "value": 62.301142019999169
        }
      },
      {
        "reactor_utilization": {
          "shard": "4",
          "value": 43.685050379999645
        }
      },
      {
        "reactor_utilization": {
          "shard": "5",
          "value": 49.957246980000093
        }
      },
      {
        "reactor_utilization": {
          "shard": "6",
          "value": 84.834162019999667
        }
      },
      {
        "reactor_utilization": {
          "shard": "7",
          "value": 68.974285379999941
        }
      },
      {
        "reactor_utilization": {
          "shard": "8",
          "value": 68.064960619999709
        }
      },
      {
        "reactor_utilization": {
          "shard": "9",
          "value": 71.511075099999971
        }
      },
      {
        "reactor_utilization": {
          "shard": "10",
          "value": 78.875801200000652
        }
      },
      {
        "reactor_utilization": {
          "shard": "11",
          "value": 66.102592039999976
        }
      },
      {
        "reactor_utilization": {
          "shard": "12",
          "value": 67.301536900000514
        }
      },
      {
        "reactor_utilization": {
          "shard": "13",
          "value": 79.350115260000138
        }
      },
      {
        "reactor_utilization": {
          "shard": "14",
          "value": 43.254877859999482
        }
      },
      {
        "reactor_utilization": {
          "shard": "15",
          "value": 60.914949840000055
        }
      }
    ]
  },
  {
    "metrics": [
      {
        "reactor_utilization": {
          "shard": "0",
          "value": 88.670197840000014
        }
      },
      {
        "reactor_utilization": {
          "shard": "1",
          "value": 93.697248619999968
        }
      },
      {
        "reactor_utilization": {
          "shard": "2",
          "value": 69.501084679999892
        }
      },
      {
        "reactor_utilization": {
          "shard": "3",
          "value": 56.798796339999157
        }
      },
      {
        "reactor_utilization": {
          "shard": "4",
          "value": 54.290089099999641
        }
      },
      {
        "reactor_utilization": {
          "shard": "5",
          "value": 45.664786480000096
        }
      },
      {
        "reactor_utilization": {
          "shard": "6",
          "value": 61.952979719999668
        }
      },
      {
        "reactor_utilization": {
          "shard": "7",
          "value": 71.739672579999947
        }
      },
      {
        "reactor_utilization": {
          "shard": "8",
          "value": 75.446921879999707
        }
      },
      {
        "reactor_utilization": {
          "shard": "9",
          "value": 69.110778219999986
        }
      },
      {
        "reactor_utilization": {
          "shard": "10",
          "value": 84.672552080000656
        }
      },
      {
        "reactor_utilization": {
          "shard": "11",
          "value": 69.767951239999988
        }
      },
      {
        "reactor_utilization": {
          "shard": "12",
          "value": 78.716438400000513
        }
      },
      {
        "reactor_utilization": {
          "shard": "13",
          "value": 78.980222380000157
        }
      },
      {
        "reactor_utilization": {
          "shard": "14",
          "value": 60.270212539999477
        }
      },
      {
        "reactor_utilization": {
          "shard": "15",
          "value": 75.370801080000064
        }
      }
    ]
  },
  {
    "metrics": [
      {
        "reactor_utilization": {
          "shard": "0",
          "value": 90.339620440000019
        }
      },
      {
        "reactor_utilization": {
          "shard": "1",
          "value": 92.454531039999964
        }
      },
      {
        "reactor_utilization": {
          "shard": "2",
          "value": 69.486455759999885
        }
      },
      {
        "reactor_utilization": {
          "shard": "3",
          "value": 53.833406639999161
        }
      },
      {
        "reactor_utilization": {
          "shard": "4",
          "value": 48.129119099999642
        }
      },
      {
        "reactor_utilization": {
          "shard": "5",
          "value": 46.023728540000107
        }
      },
      {
        "reactor_utilization": {
          "shard": "6",
          "value": 69.609307339999688
        }
      },
      {
        "reactor_utilization": {
          "shard": "7",
          "value": 65.970422979999938
        }
      },
      {
        "reactor_utilization": {
          "shard": "8",
          "value": 86.704602499999709
        }
      },
      {
        "reactor_utilization": {
          "shard": "9",
          "value": 65.551704979999982
        }
      },
      {
        "reactor_utilization": {
          "shard": "10",
          "value": 81.283503540000652
        }
      },
      {
        "reactor_utilization": {
          "shard": "11",
          "value": 67.318924959999975
        }
      },
      {
        "reactor_utilization": {
          "shard": "12",
          "value": 76.561278880000515
        }
      },
      {
        "reactor_utilization": {
          "shard": "13",
          "value": 79.025564720000148
        }
      },
      {
        "reactor_utilization": {
          "shard": "14",
          "value": 72.921844679999481
        }
      },
      {
        "reactor_utilization": {
          "shard": "15",
          "value": 73.215370580000055
        }
      }
    ]
  },
  {
    "metrics": [
      {
        "reactor_utilization": {
          "shard": "0",
          "value": 97.746683080000025
        }
      },
      {
        "reactor_utilization": {
          "shard": "1",
          "value": 91.263870419999961
        }
      },
      {
        "reactor_utilization": {
          "shard": "2",
          "value": 66.023988919999894
        }
      },
      {
        "reactor_utilization": {
          "shard": "3",
          "value": 53.915887379999162
        }
      },
      {
        "reactor_utilization": {
          "shard": "4",
          "value": 54.382439759999635
        }
      },
      {
        "reactor_utilization": {
          "shard": "5",
          "value": 51.444639320000107
        }
      },
      {
        "reactor_utilization": {
          "shard": "6",
          "value": 71.286899399999683
        }
      },
      {
        "reactor_utilization": {
          "shard": "7",
          "value": 73.439875339999944
        }
      },
      {
        "reactor_utilization": {
          "shard": "8",
          "value": 73.433933559999701
        }
      },
      {
        "reactor_utilization": {
          "shard": "9",
          "value": 55.630673699999967
        }
      },
      {
        "reactor_utilization": {
          "shard": "10",
          "value": 72.510628720000653
        }
      },
      {
        "reactor_utilization": {
          "shard": "11",
          "value": 72.299604339999973
        }
      },
      {
        "reactor_utilization": {
          "shard": "12",
          "value": 77.807390560000513
        }
      },
      {
        "reactor_utilization": {
          "shard": "13",
          "value": 78.775265060000137
        }
      },
      {
        "reactor_utilization": {
          "shard": "14",
          "value": 63.498136299999473
        }
      },
      {
        "reactor_utilization": {
          "shard": "15",
          "value": 74.576987820000056
        }
      }
    ]
  }
]
