[
  {
    "metrics": [
      {
        "reactor_utilization": {
          "shard": "0",
          "value": 86.828694880000086
        }
      },
      {
        "reactor_utilization": {
          "shard": "1",
          "value": 80.753860019999962
        }
      },
      {
        "reactor_utilization": {
          "shard": "2",
          "value": 64.174404639999892
        }
      },
      {
        "reactor_utilization": {
          "shard": "3",
          "value": 66.46601843999926
        }
      },
      {
        "reactor_utilization": {
          "shard": "4",
          "value": 67.606089159999655
        }
      },
      {
        "reactor_utilization": {
          "shard": "5",
          "value": 58.765935560000003
        }
      },
      {
        "reactor_utilization": {
          "shard": "6",
          "value": 55.421023939999678
        }
      },
      {
        "reactor_utilization": {
          "shard": "7",
          "value": 58.351185939999993
        }
      },
      {
        "reactor_utilization": {
          "shard": "8",
          "value": 76.018006859999716
        }
      },
      {
        "reactor_utilization": {
          "shard": "9",
          "value": 88.77463235999987
        }
      },
      {
        "reactor_utilization": {
          "shard": "10",
          "value": 78.988936560000724
        }
      },
      {
        "reactor_utilization": {
          "shard": "11",
          "value": 99.965068859999946
        }
      },
      {
        "reactor_utilization": {
          "shard": "12",
          "value": 74.372155340000532
        }
      },
      {
        "reactor_utilization": {
          "shard": "13",
          "value": 53.942319060000187
        }
      },
      {
        "reactor_utilization": {
          "shard": "14",
          "value": 71.315914579999529
        }
      },
      {
        "reactor_utilization": {
          "shard": "15",
          "value": 69.82386602000004
        }
      }
    ]
  },
  {
    "metrics": [
      {
        "reactor_utilization": {
          "shard": "0",
          "value": 74.788963000000095
        }
      },
      {
        "reactor_utilization": {
          "shard": "1",
          "value": 75.742827419999955
        }
      },
      {
        "reactor_utilization": {
          "shard": "2",
          "value": 85.191369719999898
        }
      },
      {
        "reactor_utilization": {
          "shard": "3",
          "value": 85.865222959999272
        }
      },
      {
        "reactor_utilization": {
          "shard": "4",
          "value": 73.543123099999661
        }
      },
      {
        "reactor_utilization": {
          "shard": "5",
          "value": 66.941679619999988
        }
      },
      {
        "reactor_utilization": {
          "shard": "6",
          "value": 65.163435259999687
        }
      },
      {
        "reactor_utilization": {
          "shard": "7",
          "value": 65.964902519999995
        }
      },
      {
        "reactor_utilization": {
          "shard": "8",
          "value": 89.276980779999718
        }
      },
      {
        "reactor_utilization": {
          "shard": "9",
          "value": 89.491369259999871
        }
      },
      {
        "reactor_utilization": {
          "shard": "10",
          "value": 94.897690640000718
        }
      },
      {
        "reactor_utilization": {
          "shard": "11",
          "value": 99.972805239999957
        }
      },
      {
        "reactor_utilization": {
          "shard": "12",
          "value": 87.212254860000542
        }
      },
      {
        "reactor_utilization": {
          "shard": "13",
          "value": 74.220935820000193
        }
      },
      {
        "reactor_utilization": {
          "shard": "14",
          "value": 84.194068739999523
        }
      },
      {
        "reactor_utilization": {
          "shard": "15",
          "value": 92.869308740000022
        }
      }
    ]
  },
  {
    "metrics": [
      {
        "reactor_utilization": {
          "shard": "0",
          "value": 75.822151900000108
        }
      },
      {
        "reactor_utilization": {
          "shard": "1",
          "value": 82.266509319999955
        }
      },
      {
        "reactor_utilization": {
          "shard": "2",
          "value": 69.246009339999887
        }
      },
      {
        "reactor_utilization": {
          "shard": "3",
          "value": 79.910968179999259
        }
      },
      {
        "reactor_utilization": {
          "shard": "4",
          "value": 68.486356339999659
        }
      },
      {
        "reactor_utilization": {
          "shard": "5",
          "value": 60.574996499999997
        }
      },
      {
        "reactor_utilization": {
          "shard": "6",
          "value": 73.684057519999683
        }
      },
      {
        "reactor_utilization": {
          "shard": "7",
          "value": 61.564513959999999
        }
      },
      {
        "reactor_utilization": {
          "shard": "8",
          "value": 85.674312239999722
        }
      },
      {
        "reactor_utilization": {
          "shard": "9",
          "value": 98.361663599999886
        }
      },
      {
        "reactor_utilization": {
          "shard": "10",
          "value": 89.968301040000725
        }
      },
      {
        "reactor_utilization": {
          "shard": "11",
          "value": 95.352193979999939
        }
      },
      {
        "reactor_utilization": {
          "shard": "12",
          "value": 78.563388880000545
        }
      },
      {
        "reactor_utilization": {
          "shard": "13",
          "value": 61.281052100000203
        }
      },
      {
        "reactor_utilization": {
          "shard": "14",
          "value": 94.65807273999954
        }
      },
      {
        "reactor_utilization": {
          "shard": "15",
          "value": 75.470661680000035
        }
      }
    ]
  },
  {
    "metrics": [
      {
        "reactor_utilization": {
          "shard": "0",
          "value": 74.680908940000108
        }
      },
      {
        "reactor_utilization": {
          "shard": "1",
          "value": 66.924563259999957
        }
      },
      {
        "reactor_utilization": {
          "shard": "2",
          "value": 57.630477879999887
        }
      },
      {
        "reactor_utilization": {
          "shard": "3",
          "value": 56.913966759999269
        }
      },
      {
        "reactor_utilization": {
          "shard": "4",
          "value": 65.244703699999675
        }
      },
      {
        "reactor_utilization": {
          "shard": "5",
          "value": 57.228612579999997
        }
      },
      {
        "reactor_utilization": {
          "shard": "6",
          "value": 59.827908439999675
        }
      },
      {
        "reactor_utilization": {
          "shard": "7",
          "value": 54.405321059999999
        }
      },
      {
        "reactor_utilization": {
          "shard": "8",
          "value": 64.573841519999704
        }
      },
      {
        "reactor_utilization": {
          "shard": "9",
          "value": 71.956992059999877
        }
      },
      {
        "reactor_utilization": {
          "shard": "10",
          "value": 99.92719630000073
        }
      },
      {
        "reactor_utilization": {
          "shard": "11",
          "value": 76.266930959999939
        }
      },
      {
        "reactor_utilization": {
          "shard": "12",
          "value": 71.214205220000522
        }
      },
      {
        "reactor_utilization": {
          "shard": "13",
          "value": 66.739256860000197
        }
      },
      {
        "reactor_utilization": {
          "shard": "14",
          "value": 70.672037279999529
        }
      },
      {
        "reactor_utilization": {
          "shard": "15",
          "value": 82.869840820000036
        }
      }
    ]
  },
  {
    "metrics": [
      {
        "reactor_utilization": {
          "shard": "0",
          "value": 82.368044800000092
        }
      },
      {
        "reactor_utilization": {
          "shard": "1",
          "value": 62.757284499999955
        }
      },
      {
        "reactor_utilization": {
          "shard": "2",
          "value": 50.875041539999884
        }
      },
      {
        "reactor_utilization": {
          "shard": "3",
          "value": 65.200523379999268
        }
      },
      {
        "reactor_utilization": {
          "shard": "4",
          "value": 59.939763799999682
        }
      },
      {
        "reactor_utilization": {
          "shard": "5",
          "value": 52.612692199999998
        }
      },
      {
        "reactor_utilization": {
          "shard": "6",
          "value": 59.309682519999683
        }
      },
      {
        "reactor_utilization": {
          "shard": "7",
          "value": 59.375833
        }
      },
      {
        "reactor_utilization": {
          "shard": "8",
          "value": 77.115854139999712
        }
      },
      {
        "reactor_utilization": {
          "shard": "9",
          "value": 82.95865409999989
        }
      },
      {
        "reactor_utilization": {
          "shard": "10",
          "value": 96.595988200000733
        }
      },
      {
        "reactor_utilization": {
          "shard": "11",
          "value": 82.911040139999955
        }
      },
      {
        "reactor_utilization": {
          "shard": "12",
          "value": 66.213111980000534
        }
      },
      {
        "reactor_utilization": {
          "shard": "13",
          "value": 70.10937026000019
        }
      },
      {
        "reactor_utilization": {
          "shard": "14",
          "value": 76.993210519999536
        }
      },
      {
        "reactor_utilization": {
          "shard": "15",
          "value": 56.114977760000031
        }
      }
    ]
  },
  {
    "metrics": [
      {
        "reactor_utilization": {
          "shard": "0",
          "value": 79.218885380000089
        }
      },
      {
        "reactor_utilization": {
          "shard": "1",
          "value": 77.040958259999954
        }
      },
      {
        "reactor_utilization": {
          "shard": "2",
          "value": 69.516311179999903
        }
      },
      {
        "reactor_utilization": {
          "shard": "3",
          "value": 70.930351559999266
        }
      },
      {
        "reactor_utilization": {
          "shard": "4",
          "value": 63.567709919999672
        }
      },
      {
        "reactor_utilization": {
          "shard": "5",
          "value": 48.978991540000003
        }
      },
      {
        "reactor_utilization": {
          "shard": "6",
          "value": 75.580324639999688
        }
      },
      {
        "reactor_utilization": {
          "shard": "7",
          "value": 53.7505916
        }
      },
      {
        "reactor_utilization": {
          "shard": "8",
          "value": 71.028895299999718
        }
      },
      {
        "reactor_utilization": {
          "shard": "9",
          "value": 89.840452899999889
        }
      },
      {
        "reactor_utilization": {
          "shard": "10",
          "value": 97.409702160000734
        }
      },
      {
        "reactor_utilization": {
          "shard": "11",
          "value": 83.09060259999994
        }
      },
      {
        "reactor_utilization": {
          "shard": "12",
          "value": 74.35426422000053
        }
      },
      {
        "reactor_utilization": {
          "shard": "13",
          "value": 69.369138120000201
        }
      },
      {
        "reactor_utilization": {
          "shard": "14",
          "value": 74.266945259999531
        }
      },
      {
        "reactor_utilization": {
          "shard": "15",
          "value": 65.085861840000021
        }
      }
    ]
  },
  {
    "metrics": [
      {
        "reactor_utilization": {
          "shard": "0",
          "value": 85.443663040000089
        }
      },
      {
        "reactor_utilization": {
          "shard": "1",
          "value": 73.467413039999954
        }
      },
      {
        "reactor_utilization": {
          "shard": "2",
          "value": 54.44957249999991
        }
      },
      {
        "reactor_utilization": {
          "shard": "3",
          "value": 54.800458299999264
        }
      },
      {
        "reactor_utilization": {
          "shard": "4",
          "value": 67.465299559999664
        }
      },
      {
        "reactor_utilization": {
          "shard": "5",
          "value": 64.929644600000003
        }
      },
      {
        "reactor_utilization": {
          "shard": "6",
          "value": 63.585154379999679
        }
      },
      {
        "reactor_utilization": {
          "shard": "7",
          "value": 60.118074100000008
        }
      },
      {
        "reactor_utilization": {
          "shard": "8",
          "value": 73.605832099999731
        }
      },
      {
        "reactor_utilization": {
          "shard": "9",
          "value": 84.97316807999988
        }
      },
      {
        "reactor_utilization": {
          "shard": "10",
          "value": 96.981749860000733
        }
      },
      {
        "reactor_utilization": {
          "shard": "11",
          "value": 80.862128299999952
        }
      },
      {
        "reactor_utilization": {
          "shard": "12",
          "value": 81.490330120000536
        }
      },
      {
        "reactor_utilization": {
          "shard": "13",
          "value": 59.579748700000188
        }
      },
      {
        "reactor_utilization": {
          "shard": "14",
          "value": 83.121204599999515
        }
      },
      {
        "reactor_utilization": {
          "shard": "15",
          "value": 72.422512260000033
        }
      }
    ]
  },
  {
    "metrics": [
      {
        "reactor_utilization": {
          "shard": "0",
          "value": 67.881356500000095
        }
      },
      {
        "reactor_utilization": {
          "shard": "1",
          "value": 71.532952239999958
        }
      },
      {
        "reactor_utilization": {
          "shard": "2",
          "value": 49.670952579999906
        }
      },
      {
        "reactor_utilization": {
          "shard": "3",
          "value": 52.515930439999259
        }
      },
      {
        "reactor_utilization": {
          "shard": "4",
          "value": 48.724440639999678
        }
      },
      {
        "reactor_utilization": {
          "shard": "5",
          "value": 47.290526200000002
        }
      },
      {
        "reactor_utilization": {
          "shard": "6",
          "value": 70.573186499999679
        }
      },
      {
        "reactor_utilization": {
          "shard": "7",
          "value": 50.759835559999985
        }
      },
      {
        "reactor_utilization": {
          "shard": "8",
          "value": 56.469702279999723
        }
      },
      {
        "reactor_utilization": {
          "shard": "9",
          "value": 82.911040359999888
        }
      },
      {
        "reactor_utilization": {
          "shard": "10",
          "value": 99.811893980000733
        }
      },
      {
        "reactor_utilization": {
          "shard": "11",
          "value": 79.328237179999945
        }
      },
      {
        "reactor_utilization": {
          "shard": "12",
          "value": 62.478521940000519
        }
      },
      {
        "reactor_utilization": {
          "shard": "13",
          "value": 56.135443060000192
        }
      },
      {
        "reactor_utilization": {
          "shard": "14",
          "value": 66.628727719999532
        }
      },
      {
        "reactor_utilization": {
          "shard": "15",
          "value": 63.684744740000035
        }
      }
    ]
  },
  {
    "metrics": [
      {
        "reactor_utilization": {
          "shard": "0",
          "value": 67.479900720000089
        }
      },
      {
        "reactor_utilization": {
          "shard": "1",
          "value": 59.765392379999959
        }
      },
      {
        "reactor_utilization": {
          "shard": "2",
          "value": 53.102102859999903
        }
      },
      {
        "reactor_utilization": {
          "shard": "3",
          "value": 59.886726899999267
        }
      },
      {
        "reactor_utilization": {
          "shard": "4",
          "value": 43.307964819999668
        }
      },
      {
        "reactor_utilization": {
          "shard": "5",
          "value": 45.169867040000014
        }
      },
      {
        "reactor_utilization": {
          "shard": "6",
          "value": 57.549034899999675
        }
      },
      {
        "reactor_utilization": {
          "shard": "7",
          "value": 53.303720619999993
        }
      },
      {
        "reactor_utilization": {
          "shard": "8",
          "value": 53.113697699999719
        }
      },
      {
        "reactor_utilization": {
          "shard": "9",
          "value": 85.717874459999891
        }
      },
      {
        "reactor_utilization": {
          "shard": "10",
          "value": 99.785648020000721
        }
      },
      {
        "reactor_utilization": {
          "shard": "11",
          "value": 79.839047639999961
        }
      },
      {
        "reactor_utilization": {
          "shard": "12",
          "value": 44.058131640000539
        }
      },
      {
        "reactor_utilization": {
          "shard": "13",
          "value": 58.530991560000189
        }
      },
      {
        "reactor_utilization": {
          "shard": "14",
          "value": 60.905731839999532
        }
      },
      {
        "reactor_utilization": {
          "shard": "15",
          "value": 50.027814900000031
        }
      }
    ]
  },
  {
    "metrics": [
      {
        "reactor_utilization": {
          "shard": "0",
          "value": 64.156620200000106
        }
      },
      {
        "reactor_utilization": {
          "shard": "1",
          "value": 70.726511599999952
        }
      },
      {
        "reactor_utilization": {
          "shard": "2",
          "value": 60.468784159999899
        }
      },
      {
        "reactor_utilization": {
          "shard": "3",
          "value": 52.276959859999273
        }
      },
      {
        "reactor_utilization": {
          "shard": "4",
          "value": 44.267441599999671
        }
      },
      {
        "reactor_utilization": {
          "shard": "5",
          "value": 43.02144229999999
        }
      },
      {
        "reactor_utilization": {
          "shard": "6",
          "value": 63.450203559999665
        }
      },
      {
        "reactor_utilization": {
          "shard": "7",
          "value": 48.148673339999995
        }
      },
      {
        "reactor_utilization": {
          "shard": "8",
          "value": 54.055671019999707
        }
      },
      {
        "reactor_utilization": {
          "shard": "9",
          "value": 78.875765719999876
        }
      },
      {
        "reactor_utilization": {
          "shard": "10",
          "value": 97.887735300000728
        }
      },
      {
        "reactor_utilization": {
          "shard": "11",
          "value": 83.205068439999948
        }
      },
      {
        "reactor_utilization": {
          "shard": "12",
          "value": 51.358388540000519
        }
      },
      {
        "reactor_utilization": {
          "shard": "13",
          "value": 55.665806800000198
        }
      },
      {
        "reactor_utilization": {
          "shard": "14",
          "value": 57.26548031999954
        }
      },
      {
        "reactor_utilization": {
          "shard": "15",
          "value": 55.667690240000034
        }
      }
    ]
  },
  {
    "metrics": [
      {
        "reactor_utilization": {
          "shard": "0",
          "value": 59.52887960000011
        }
      },
      {
        "reactor_utilization": {
          "shard": "1",
          "value": 70.45793735999996
        }
      },
      {
        "reactor_utilization": {
          "shard": "2",
          "value": 42.531055579999901
        }
      },
      {
        "reactor_utilization": {
          "shard": "3",
          "value": 54.945766839999266
        }
      },
      {
        "reactor_utilization": {
          "shard": "4",
          "value": 44.167750179999665
        }
      },
      {
        "reactor_utilization": {
          "shard": "5",
          "value": 49.607437459999979
        }
      },
      {
        "reactor_utilization": {
          "shard": "6",
          "value": 60.387976879999663
        }
      },
      {
        "reactor_utilization": {
          "shard": "7",
          "value": 53.919637759999993
        }
      },
      {
        "reactor_utilization": {
          "shard": "8",
          "value": 56.348870919999719
        }
      },
      {
        "reactor_utilization": {
          "shard": "9",
          "value": 82.702889419999877
        }
      },
      {
        "reactor_utilization": {
          "shard": "10",
          "value": 95.823706700000727
        }
      },
      {
        "reactor_utilization": {
          "shard": "11",
          "value": 74.889155019999947
        }
      },
      {
        "reactor_utilization": {
          "shard": "12",
          "value": 60.194798760000523
        }
      },
      {
        "reactor_utilization": {
          "shard": "13",
          "value": 45.020097760000191
        }
      },
      {
        "reactor_utilization": {
          "shard": "14",
          "value": 65.508911639999539
        }
      },
      {
        "reactor_utilization": {
          "shard": "15",
          "value": 60.429389780000051
        }
      }
    ]
  },
  {
    "metrics": [
      {
        "reactor_utilization": {
          "shard": "0",
          "value": 70.9303281400001
        }
      },
      {
        "reactor_utilization": {
          "shard": "1",
          "value": 58.244634299999952
        }
      },
      {
        "reactor_utilization": {
          "shard": "2",
          "value": 46.918259399999897
        }
      },
      {
        "reactor_utilization": {
          "shard": "3",
          "value": 56.599727579999261
        }
      },
      {
        "reactor_utilization": {
          "shard": "4",
          "value": 44.647746239999677
        }
      },
      {
        "reactor_utilization": {
          "shard": "5",
          "value": 45.894886299999968
        }
      },
      {
        "reactor_utilization": {
          "shard": "6",
          "value": 58.194664139999674
        }
      },
      {
        "reactor_utilization": {
          "shard": "7",
          "value": 50.993725899999987
        }
      },
      {
        "reactor_utilization": {
          "shard": "8",
          "value": 48.902408659999722
        }
      },
      {
        "reactor_utilization": {
          "shard": "9",
          "value": 78.550406299999892
        }
      },
      {
        "reactor_utilization": {
          "shard": "10",
          "value": 95.227845120000737
        }
      },
      {
        "reactor_utilization": {
          "shard": "11",
          "value": 68.143505059999953
        }
      },
      {
        "reactor_utilization": {
          "shard": "12",
          "value": 50.128315760000518
        }
      },
      {
        "reactor_utilization": {
          "shard": "13",
          "value": 51.494926880000193
        }
      },
      {
        "reactor_utilization": {
          "shard": "14",
          "value": 58.223582339999538
        }
      },
      {
        "reactor_utilization": {
          "shard": "15",
          "value": 60.331566280000047
        }
      }
    ]
  },
  {
    "metrics": [
      {
        "reactor_utilization": {
          "shard": "0",
          "value": 59.136396980000093
        }
      },
      {
        "reactor_utilization": {
          "shard": "1",
          "value": 70.359386699999945
        }
      },
      {
        "reactor_utilization": {
          "shard": "2",
          "value": 55.076655579999887
        }
      },
      {
        "reactor_utilization": {
          "shard": "3",
          "value": 51.722613519999271
        }
      },
      {
        "reactor_utilization": {
          "shard": "4",
          "value": 46.855182579999685
        }
      },
      {
        "reactor_utilization": {
          "shard": "5",
          "value": 40.902050819999978
        }
      },
      {
        "reactor_utilization": {
          "shard": "6",
          "value": 57.988475539999676
        }
      },
      {
        "reactor_utilization": {
          "shard": "7",
          "value": 50.294340059999989
        }
      },
      {
        "reactor_utilization": {
          "shard": "8",
          "value": 50.949733019999712
        }
      },
      {
        "reactor_utilization": {
          "shard": "9",
          "value": 70.951511179999898
        }
      },
      {
        "reactor_utilization": {
          "shard": "10",
          "value": 98.447449460000726
        }
      },
      {
        "reactor_utilization": {
          "shard": "11",
          "value": 77.693578219999964
        }
      },
      {
        "reactor_utilization": {
          "shard": "12",
          "value": 44.403071100000524
        }
      },
      {
        "reactor_utilization": {
          "shard": "13",
          "value": 47.603546560000197
        }
      },
      {
        "reactor_utilization": {
          "shard": "14",
          "value": 58.628023779999538
        }
      },
      {
        "reactor_utilization": {
          "shard": "15",
          "value": 44.443127420000053
        }
      }
    ]
  },
  {
    "metrics": [
      {
        "reactor_utilization": {
          "shard": "0",
          "value": 63.874122480000104
        }
      },
      {
        "reactor_utilization": {
          "shard": "1",
          "value": 64.01802853999996
        }
      },
      {
        "reactor_utilization": {
          "shard": "2",
          "value": 53.455978179999889
        }
      },
      {
        "reactor_utilization": {
          "shard": "3",
          "value": 54.877213499999264
        }
      },
      {
        "reactor_utilization": {
          "shard": "4",
          "value": 37.363076339999679
        }
      },
      {
        "reactor_utilization": {
          "shard": "5",
          "value": 43.009074579999982
        }
      },
      {
        "reactor_utilization": {
          "shard": "6",
          "value": 55.084584159999665
        }
      },
      {
        "reactor_utilization": {
          "shard": "7",
          "value": 46.760670199999986
        }
      },
      {
        "reactor_utilization": {
          "shard": "8",
          "value": 55.321218459999699
        }
      },
      {
        "reactor_utilization": {
          "shard": "9",
          "value": 82.64982701999989
        }
      },
      {
        "reactor_utilization": {
          "shard": "10",
          "value": 99.558346940000732
        }
      },
      {
        "reactor_utilization": {
          "shard": "11",
          "value": 81.084194019999956
        }
      },
      {
        "reactor_utilization": {
          "shard": "12",
          "value": 56.11672992000053
        }
      },
      {
        "reactor_utilization": {
          "shard": "13",
          "value": 48.107030220000212
        }
      },
      {
        "reactor_utilization": {
          "shard": "14",
          "value": 61.321867259999543
        }
      },
      {
        "reactor_utilization": {
          "shard": "15",
          "value": 63.306250860000056
        }
      }
    ]
  },
  {
    "metrics": [
      {
        "reactor_utilization": {
          "shard": "0",
          "value": 64.716089380000099
        }
      },
      {
        "reactor_utilization": {
          "shard": "1",
          "value": 48.198934939999972
        }
      },
      {
        "reactor_utilization": {
          "shard": "2",
          "value": 46.177232579999881
        }
      },
      {
        "reactor_utilization": {
          "shard": "3",
          "value": 60.584611659999275
        }
      },
      {
        "reactor_utilization": {
          "shard": "4",
          "value": 50.905464619999677
        }
      },
      {
        "reactor_utilization": {
          "shard": "5",
          "value": 48.572929959999975
        }
      },
      {
        "reactor_utilization": {
          "shard": "6",
          "value": 66.047671459999663
        }
      },
      {
        "reactor_utilization": {
          "shard": "7",
          "value": 50.655948159999994
        }
      },
      {
        "reactor_utilization": {
          "shard": "8",
          "value": 64.533091139999698
        }
      },
      {
        "reactor_utilization": {
          "shard": "9",
          "value": 86.234062959999889
        }
      },
      {
        "reactor_utilization": {
          "shard": "10",
          "value": 97.366826700000729
        }
      },
      {
        "reactor_utilization": {
          "shard": "11",
          "value": 80.004232079999966
        }
      },
      {
        "reactor_utilization": {
          "shard": "12",
          "value": 51.967294760000527
        }
      },
      {
        "reactor_utilization": {
          "shard": "13",
          "value": 55.162152020000221
        }
      },
      {
        "reactor_utilization": {
          "shard": "14",
          "value": 63.931114899999542
        }
      },
      {
        "reactor_utilization": {
          "shard": "15",
          "value": 63.523384580000062
        }
      }
    ]
  },
  {
    "metrics": [
      {
        "reactor_utilization": {
          "shard": "0",
          "value": 52.043550240000094
        }
      },
      {
        "reactor_utilization": {
          "shard": "1",
          "value": 50.791817499999972
        }
      },
      {
        "reactor_utilization": {
          "shard": "2",
          "value": 56.070057279999887
        }
      },
      {
        "reactor_utilization": {
          "shard": "3",
          "value": 54.35795287999926
        }
      },
      {
        "reactor_utilization": {
          "shard": "4",
          "value": 42.139630559999674
        }
      },
      {
        "reactor_utilization": {
          "shard": "5",
          "value": 38.689311399999973
        }
      },
      {
        "reactor_utilization": {
          "shard": "6",
          "value": 65.133599559999681
        }
      },
      {
        "reactor_utilization": {
          "shard": "7",
          "value": 46.2437836
        }
      },
      {
        "reactor_utilization": {
          "shard": "8",
          "value": 44.893009079999715
        }
      },
      {
        "reactor_utilization": {
          "shard": "9",
          "value": 70.498089379999882
        }
      },
      {
        "reactor_utilization": {
          "shard": "10",
          "value": 98.036402440000728
        }
      },
      {
        "reactor_utilization": {
          "shard": "11",
          "value": 78.156817679999961
        }
      },
      {
        "reactor_utilization": {
          "shard": "12",
          "value": 43.166477680000526
        }
      },
      {
        "reactor_utilization": {
          "shard": "13",
          "value": 51.837297260000213
        }
      },
      {
        "reactor_utilization": {
          "shard": "14",
          "value": 54.035344099999548
        }
      },
      {
        "reactor_utilization": {
          "shard": "15",
          "value": 48.291202100000049
        }
      }
    ]
  },
  {
    "metrics": [
      {
        "reactor_utilization": {
          "shard": "0",
          "value": 49.244896760000088
        }
      },
      {
        "reactor_utilization": {
          "shard": "1",
          "value": 42.698053839999972
        }
      },
      {
        "reactor_utilization": {
          "shard": "2",
          "value": 37.036277079999877
        }
      },
      {
        "reactor_utilization": {
          "shard": "3",
          "value": 37.070994519999253
        }
      },
      {
        "reactor_utilization": {
          "shard": "4",
          "value": 32.979853319999684
        }
      },
      {
        "reactor_utilization": {
          "shard": "5",
          "value": 34.205028859999977
        }
      },
      {
        "reactor_utilization": {
          "shard": "6",
          "value": 30.347549639999684
        }
      },
      {
        "reactor_utilization": {
          "shard": "7",
          "value": 36.99058436
        }
      },
      {
        "reactor_utilization": {
          "shard": "8",
          "value": 44.505696359999689
        }
      },
      {
        "reactor_utilization": {
          "shard": "9",
          "value": 59.283962279999884
        }
      },
      {
        "reactor_utilization": {
          "shard": "10",
          "value": 99.977798580000737
        }
      },
      {
        "reactor_utilization": {
          "shard": "11",
          "value": 70.555884859999949
        }
      },
      {
        "reactor_utilization": {
          "shard": "12",
          "value": 33.026810240000529
        }
      },
      {
        "reactor_utilization": {
          "shard": "13",
          "value": 38.872546640000195
        }
      },
      {
        "reactor_utilization": {
          "shard": "14",
          "value": 47.729755819999539
        }
      },
      {
        "reactor_utilization": {
          "shard": "15",
          "value": 44.798648160000056
        }
      }
    ]
  },
  {
    "metrics": [
      {
        "reactor_utilization": {
          "shard": "0",
          "value": 64.000728620000103
        }
      },
      {
        "reactor_utilization": {
          "shard": "1",
          "value": 52.118950319999982
        }
      },
      {
        "reactor_utilization": {
          "shard": "2",
          "value": 41.90950977999988
        }
      },
      {
        "reactor_utilization": {
          "shard": "3",
          "value": 57.640711079999264
        }
      },
      {
        "reactor_utilization": {
          "shard": "4",
          "value": 42.604813079999694
        }
      },
      {
        "reactor_utilization": {
          "shard": "5",
          "value": 45.856076219999984
        }
      },
      {
        "reactor_utilization": {
          "shard": "6",
          "value": 49.272771819999704
        }
      },
      {
        "reactor_utilization": {
          "shard": "7",
          "value": 40.428675839999997
        }
      },
      {
        "reactor_utilization": {
          "shard": "8",
          "value": 50.258215779999702
        }
      },
      {
        "reactor_utilization": {
          "shard": "9",
          "value": 71.136833959999876
        }
      },
      {
        "reactor_utilization": {
          "shard": "10",
          "value": 96.056858740000735
        }
      },
      {
        "reactor_utilization": {
          "shard": "11",
          "value": 77.67202651999996
        }
      },
      {
        "reactor_utilization": {
          "shard": "12",
          "value": 45.71812286000052
        }
      },
      {
        "reactor_utilization": {
          "shard": "13",
          "value": 45.396325180000204
        }
      },
      {
        "reactor_utilization": {
          "shard": "14",
          "value": 64.812896119999536
        }
      },
      {
        "reactor_utilization": {
          "shard": "15",
          "value": 67.011090460000062
        }
      }
    ]
  },
  {
    "metrics": [
      {
        "reactor_utilization": {
          "shard": "0",
          "value": 51.872433520000108
        }
      },
      {
        "reactor_utilization": {
          "shard": "1",
          "value": 51.828376939999963
        }
      },
      {
        "reactor_utilization": {
          "shard": "2",
          "value": 52.592242219999875
        }
      },
      {
        "reactor_utilization": {
          "shard": "3",
          "value": 58.140388199999272
        }
      },
      {
        "reactor_utilization": {
          "shard": "4",
          "value": 45.119090879999703
        }
      },
      {
        "reactor_utilization": {
          "shard": "5",
          "value": 42.549213599999987
        }
      },
      {
        "reactor_utilization": {
          "shard": "6",
          "value": 44.463441279999707
        }
      },
      {
        "reactor_utilization": {
          "shard": "7",
          "value": 42.303572719999984
        }
      },
      {
        "reactor_utilization": {
          "shard": "8",
          "value": 42.676575039999712
        }
      },
      {
        "reactor_utilization": {
          "shard": "9",
          "value": 63.183706399999885
        }
      },
      {
        "reactor_utilization": {
          "shard": "10",
          "value": 97.027317060000726
        }
      },
      {
        "reactor_utilization": {
          "shard": "11",
          "value": 83.064534919999957
        }
      },
      {
        "reactor_utilization": {
          "shard": "12",
          "value": 44.762995760000514
        }
      },
      {
        "reactor_utilization": {
          "shard": "13",
          "value": 49.382078580000211
        }
      },
      {
        "reactor_utilization": {
          "shard": "14",
          "value": 54.974081659999527
        }
      },
      {
        "reactor_utilization": {
          "shard": "15",
          "value": 48.579499460000065
        }
      }
    ]
  },
  {
    "metrics": [
      {
        "reactor_utilization": {
          "shard": "0",
          "value": 54.631714700000103
        }
      },
      {
        "reactor_utilization": {
          "shard": "1",
          "value": 45.522285099999962
        }
      },
      {
        "reactor_utilization": {
          "shard": "2",
          "value": 45.713215139999861
        }
      },
      {
        "reactor_utilization": {
          "shard": "3",
          "value": 48.615257019999255
        }
      },
      {
        "reactor_utilization": {
          "shard": "4",
          "value": 35.271098079999689
        }
      },
      {
        "reactor_utilization": {
          "shard": "5",
          "value": 35.721679019999982
        }
      },
      {
        "reactor_utilization": {
          "shard": "6",
          "value": 36.572246919999706
        }
      },
      {
        "reactor_utilization": {
          "shard": "7",
          "value": 37.911773199999999
        }
      },
      {
        "reactor_utilization": {
          "shard": "8",
          "value": 49.4729582599997
        }
      },
      {
        "reactor_utilization": {
          "shard": "9",
          "value": 61.604950779999882
        }
      },
      {
        "reactor_utilization": {
          "shard": "10",
          "value": 98.461858720000734
        }
      },
      {
        "reactor_utilization": {
          "shard": "11",
          "value": 74.254858999999954
        }
      },
      {
        "reactor_utilization": {
          "shard": "12",
          "value": 32.284726000000511
        }
      },
      {
        "reactor_utilization": {
          "shard": "13",
          "value": 45.717854780000209
        }
      },
      {
        "reactor_utilization": {
          "shard": "14",
          "value": 54.978377579999538
        }
      },
      {
        "reactor_utilization": {
          "shard": "15",
          "value": 54.066827040000064
        }
      }
    ]
  },
  {
    "metrics": [
      {
        "reactor_utilization": {
          "shard": "0",
          "value": 66.012788580000105
        }
      },
      {
        "reactor_utilization": {
          "shard": "1",
          "value": 53.149307819999962
        }
      },
      {
        "reactor_utilization": {
          "shard": "2",
          "value": 45.059279379999865
        }
      },
      {
        "reactor_utilization": {
          "shard": "3",
          "value": 58.884244539999266
        }
      },
      {
        "reactor_utilization": {
          "shard": "4",
          "value": 42.280637459999696
        }
      },
      {
        "reactor_utilization": {
          "shard": "5",
          "value": 46.248458419999984
        }
      },
      {
        "reactor_utilization": {
          "shard": "6",
          "value": 52.529796859999699
        }
      },
      {
        "reactor_utilization": {
          "shard": "7",
          "value": 39.192645720000009
        }
      },
      {
        "reactor_utilization": {
          "shard": "8",
          "value": 44.577737859999701
        }
      },
      {
        "reactor_utilization": {
          "shard": "9",
          "value": 67.07632701999988
        }
      },
      {
        "reactor_utilization": {
          "shard": "10",
          "value": 94.615152320000732
        }
      },
      {
        "reactor_utilization": {
          "shard": "11",
          "value": 76.639107879999955
        }
      },
      {
        "reactor_utilization": {
          "shard": "12",
          "value": 47.884172840000517
        }
      },
      {
        "reactor_utilization": {
          "shard": "13",
          "value": 51.205489380000216
        }
      },
      {
        "reactor_utilization": {
          "shard": "14",
          "value": 65.434497639999535
        }
      },
      {
        "reactor_utilization": {
          "shard": "15",
          "value": 63.969849380000063
        }
      }
    ]
  },
  {
    "metrics": [
      {
        "reactor_utilization": {
          "shard": "0",
          "value": 50.291928960000099
        }
      },
      {
        "reactor_utilization": {
          "shard": "1",
          "value": 46.896989739999952
        }
      },
      {
        "reactor_utilization": {
          "shard": "2",
          "value": 55.320985119999868
        }
      },
      {
        "reactor_utilization": {
          "shard": "3",
          "value": 56.641819679999259
        }
      },
      {
        "reactor_utilization": {
          "shard": "4",
          "value": 43.338063719999695
        }
      },
      {
        "reactor_utilization": {
          "shard": "5",
          "value": 39.327873259999976
        }
      },
      {
        "reactor_utilization": {
          "shard": "6",
          "value": 40.220227759999695
        }
      },
      {
        "reactor_utilization": {
          "shard": "7",
          "value": 34.559334280000009
        }
      },
      {
        "reactor_utilization": {
          "shard": "8",
          "value": 44.312962319999706
        }
      },
      {
        "reactor_utilization": {
          "shard": "9",
          "value": 59.563195819999891
        }
      },
      {
        "reactor_utilization": {
          "shard": "10",
          "value": 98.538341340000741
        }
      },
      {
        "reactor_utilization": {
          "shard": "11",
          "value": 84.936009939999963
        }
      },
      {
        "reactor_utilization": {
          "shard": "12",
          "value": 35.367193900000501
        }
      },
      {
        "reactor_utilization": {
          "shard": "13",
          "value": 38.705054860000217
        }
      },
      {
        "reactor_utilization": {
          "shard": "14",
          "value": 54.733577639999531
        }
      },
      {
        "reactor_utilization": {
          "shard": "15",
          "value": 48.082622200000067
        }
      }
    ]
  },
  {
    "metrics": [
      {
        "reactor_utilization": {
          "shard": "0",
          "value": 60.08463678000011
        }
      },
      {
        "reactor_utilization": {
          "shard": "1",
          "value": 44.910169479999951
        }
      },
      {
        "reactor_utilization": {
          "shard": "2",
          "value": 41.406518239999876
        }
      },
      {
        "reactor_utilization": {
          "shard": "3",
          "value": 51.274566859999247
        }
      },
      {
        "reactor_utilization": {
          "shard": "4",
          "value": 38.255755699999703
        }
      },
      {
        "reactor_utilization": {
          "shard": "5",
          "value": 40.709049779999994
        }
      },
      {
        "reactor_utilization": {
          "shard": "6",
          "value": 44.450058119999689
        }
      },
      {
        "reactor_utilization": {
          "shard": "7",
          "value": 43.612441400000016
        }
      },
      {
        "reactor_utilization": {
          "shard": "8",
          "value": 49.268118039999706
        }
      },
      {
        "reactor_utilization": {
          "shard": "9",
          "value": 63.950708559999867
        }
      },
      {
        "reactor_utilization": {
          "shard": "10",
          "value": 95.94357872000073
        }
      },
      {
        "reactor_utilization": {
          "shard": "11",
          "value": 74.990907819999961
        }
      },
      {
        "reactor_utilization": {
          "shard": "12",
          "value": 42.614449640000508
        }
      },
      {
        "reactor_utilization": {
          "shard": "13",
          "value": 47.695225980000224
        }
      },
      {
        "reactor_utilization": {
          "shard": "14",
          "value": 58.056133239999539
        }
      },
      {
        "reactor_utilization": {
          "shard": "15",
          "value": 53.529251840000079
        }
      }
    ]
  },
  {
    "metrics": [
      {
        "reactor_utilization": {
          "shard": "0",
          "value": 55.700514060000096
        }
      },
      {
        "reactor_utilization": {
          "shard": "1",
          "value": 49.624595719999952
        }
      },
      {
        "reactor_utilization": {
          "shard": "2",
          "value": 53.372004579999889
        }
      },
      {
        "reactor_utilization": {
          "shard": "3",
          "value": 59.52076493999926
        }
      },
      {
        "reactor_utilization": {
          "shard": "4",
          "value": 45.111729879999707
        }
      },
      {
        "reactor_utilization": {
          "shard": "5",
          "value": 45.448931379999991
        }
      },
      {
        "reactor_utilization": {
          "shard": "6",
          "value": 48.835500219999695
        }
      },
      {
        "reactor_utilization": {
          "shard": "7",
          "value": 39.114944900000005
        }
      },
      {
        "reactor_utilization": {
          "shard": "8",
          "value": 46.45318421999972
        }
      },
      {
        "reactor_utilization": {
          "shard": "9",
          "value": 59.242385679999884
        }
      },
      {
        "reactor_utilization": {
          "shard": "10",
          "value": 95.169856880000737
        }
      },
      {
        "reactor_utilization": {
          "shard": "11",
          "value": 79.098905419999952
        }
      },
      {
        "reactor_utilization": {
          "shard": "12",
          "value": 45.598263620000502
        }
      },
      {
        "reactor_utilization": {
          "shard": "13",
          "value": 51.33537858000021
        }
      },
      {
        "reactor_utilization": {
          "shard": "14",
          "value": 59.58684631999953
        }
      },
      {
        "reactor_utilization": {
          "shard": "15",
          "value": 57.536244200000084
        }
      }
    ]
  }
]
