[
  {
    "metrics": [
      {
        "reactor_utilization": {
          "shard": "0",
          "value": 53.19032099999994
        }
      },
      {
        "reactor_utilization": {
          "shard": "1",
          "value": 52.144372299999972
        }
      },
      {
        "reactor_utilization": {
          "shard": "2",
          "value": 53.79287627999998
        }
      },
      {
        "reactor_utilization": {
          "shard": "3",
          "value": 58.386777759999255
        }
      },
      {
        "reactor_utilization": {
          "shard": "4",
          "value": 51.37187511999992
        }
      },
      {
        "reactor_utilization": {
          "shard": "5",
          "value": 50.090197960000282
        }
      },
      {
        "reactor_utilization": {
          "shard": "6",
          "value": 64.281652259999561
        }
      },
      {
        "reactor_utilization": {
          "shard": "7",
          "value": 68.591912899999969
        }
      },
      {
        "reactor_utilization": {
          "shard": "8",
          "value": 45.383381319999792
        }
      },
      {
        "reactor_utilization": {
          "shard": "9",
          "value": 57.87875107999988
        }
      },
      {
        "reactor_utilization": {
          "shard": "10",
          "value": 67.861367320000696
        }
      },
      {
        "reactor_utilization": {
          "shard": "11",
          "value": 74.460556119999907
        }
      },
      {
        "reactor_utilization": {
          "shard": "12",
          "value": 65.842441820000246
        }
      },
      {
        "reactor_utilization": {
          "shard": "13",
          "value": 67.78866398000028
        }
      },
      {
        "reactor_utilization": {
          "shard": "14",
          "value": 47.546518439999645
        }
      },
      {
        "reactor_utilization": {
          "shard": "15",
          "value": 55.072737360000112
        }
      }
    ]
  },
  {
    "metrics": [
      {
        "reactor_utilization": {
          "shard": "0",
          "value": 66.479246479999944
        }
      },
      {
        "reactor_utilization": {
          "shard": "1",
          "value": 57.831980419999972
        }
      },
      {
        "reactor_utilization": {
          "shard": "2",
          "value": 49.984653019999982
        }
      },
      {
        "reactor_utilization": {
          "shard": "3",
          "value": 59.694382179999252
        }
      },
      {
        "reactor_utilization": {
          "shard": "4",
          "value": 53.13165117999992
        }
      },
      {
        "reactor_utilization": {
          "shard": "5",
          "value": 45.99505498000029
        }
      },
      {
        "reactor_utilization": {
          "shard": "6",
          "value": 48.273912499999568
        }
      },
      {
        "reactor_utilization": {
          "shard": "7",
          "value": 59.46836773999997
        }
      },
      {
        "reactor_utilization": {
          "shard": "8",
          "value": 54.629163279999801
        }
      },
      {
        "reactor_utilization": {
          "shard": "9",
          "value": 77.051611919999871
        }
      },
      {
        "reactor_utilization": {
          "shard": "10",
          "value": 72.529029880000692
        }
      },
      {
        "reactor_utilization": {
          "shard": "11",
          "value": 71.82283749999992
        }
      },
      {
        "reactor_utilization": {
          "shard": "12",
          "value": 61.766454060000257
        }
      },
      {
        "reactor_utilization": {
          "shard": "13",
          "value": 72.214070300000259
        }
      },
      {
        "reactor_utilization": {
          "shard": "14",
          "value": 58.838233899999651
        }
      },
      {
        "reactor_utilization": {
          "shard": "15",
          "value": 57.514499160000121
        }
      }
    ]
  },
  {
    "metrics": [
      {
        "reactor_utilization": {
          "shard": "0",
          "value": 55.705349519999935
        }
      },
      {
        "reactor_utilization": {
          "shard": "1",
          "value": 50.801959359999969
        }
      },
      {
        "reactor_utilization": {
          "shard": "2",
          "value": 49.023325499999991
        }
      },
      {
        "reactor_utilization": {
          "shard": "3",
          "value": 54.680320499999247
        }
      },
      {
        "reactor_utilization": {
          "shard": "4",
          "value": 54.551249419999905
        }
      },
      {
        "reactor_utilization": {
          "shard": "5",
          "value": 49.428219320000309
        }
      },
      {
        "reactor_utilization": {
          "shard": "6",
          "value": 59.917606299999562
        }
      },
      {
        "reactor_utilization": {
          "shard": "7",
          "value": 63.76543269999997
        }
      },
      {
        "reactor_utilization": {
          "shard": "8",
          "value": 48.994601179999798
        }
      },
      {
        "reactor_utilization": {
          "shard": "9",
          "value": 59.370758959999868
        }
      },
      {
        "reactor_utilization": {
          "shard": "10",
          "value": 57.61164206000069
        }
      },
      {
        "reactor_utilization": {
          "shard": "11",
          "value": 68.244440859999926
        }
      },
      {
        "reactor_utilization": {
          "shard": "12",
          "value": 75.041146280000248
        }
      },
      {
        "reactor_utilization": {
          "shard": "13",
          "value": 62.348779620000272
        }
      },
      {
        "reactor_utilization": {
          "shard": "14",
          "value": 48.98306913999965
        }
      },
      {
        "reactor_utilization": {
          "shard": "15",
          "value": 55.41232152000012
        }
      }
    ]
  },
  {
    "metrics": [
      {
        "reactor_utilization": {
          "shard": "0",
          "value": 66.483458979999938
        }
      },
      {
        "reactor_utilization": {
          "shard": "1",
          "value": 63.142150259999966
        }
      },
      {
        "reactor_utilization": {
          "shard": "2",
          "value": 49.20868025999998
        }
      },
      {
        "reactor_utilization": {
          "shard": "3",
          "value": 58.656352079999238
        }
      },
      {
        "reactor_utilization": {
          "shard": "4",
          "value": 66.998320179999908
        }
      },
      {
        "reactor_utilization": {
          "shard": "5",
          "value": 63.459742560000308
        }
      },
      {
        "reactor_utilization": {
          "shard": "6",
          "value": 57.232758859999556
        }
      },
      {
        "reactor_utilization": {
          "shard": "7",
          "value": 67.564781119999964
        }
      },
      {
        "reactor_utilization": {
          "shard": "8",
          "value": 61.593344159999795
        }
      },
      {
        "reactor_utilization": {
          "shard": "9",
          "value": 63.661776779999869
        }
      },
      {
        "reactor_utilization": {
          "shard": "10",
          "value": 78.110614760000701
        }
      },
      {
        "reactor_utilization": {
          "shard": "11",
          "value": 71.231864499999915
        }
      },
      {
        "reactor_utilization": {
          "shard": "12",
          "value": 86.536453320000263
        }
      },
      {
        "reactor_utilization": {
          "shard": "13",
          "value": 75.660111360000272
        }
      },
      {
        "reactor_utilization": {
          "shard": "14",
          "value": 73.23193153999965
        }
      },
      {
        "reactor_utilization": {
          "shard": "15",
          "value": 57.740186240000128
        }
      }
    ]
  },
  {
    "metrics": [
      {
        "reactor_utilization": {
          "shard": "0",
          "value": 56.907673139999936
        }
      },
      {
        "reactor_utilization": {
          "shard": "1",
          "value": 59.518829139999951
        }
      },
      {
        "reactor_utilization": {
          "shard": "2",
          "value": 43.467452739999992
        }
      },
      {
        "reactor_utilization": {
          "shard": "3",
          "value": 58.908515659999239
        }
      },
      {
        "reactor_utilization": {
          "shard": "4",
          "value": 57.117306359999908
        }
      },
      {
        "reactor_utilization": {
          "shard": "5",
          "value": 42.129517620000321
        }
      },
      {
        "reactor_utilization": {
          "shard": "6",
          "value": 71.382039259999559
        }
      },
      {
        "reactor_utilization": {
          "shard": "7",
          "value": 59.340666779999964
        }
      },
      {
        "reactor_utilization": {
          "shard": "8",
          "value": 53.44946919999979
        }
      },
      {
        "reactor_utilization": {
          "shard": "9",
          "value": 70.257621939999865
        }
      },
      {
        "reactor_utilization": {
          "shard": "10",
          "value": 70.336553960000685
        }
      },
      {
        "reactor_utilization": {
          "shard": "11",
          "value": 73.180973299999934
        }
      },
      {
        "reactor_utilization": {
          "shard": "12",
          "value": 85.111690640000262
        }
      },
      {
        "reactor_utilization": {
          "shard": "13",
          "value": 73.834398180000278
        }
      },
      {
        "reactor_utilization": {
          "shard": "14",
          "value": 68.711699519999641
        }
      },
      {
        "reactor_utilization": {
          "shard": "15",
          "value": 56.85492832000012
        }
      }
    ]
  },
  {
    "metrics": [
      {
        "reactor_utilization": {
          "shard": "0",
          "value": 60.143160959999939
        }
      },
      {
        "reactor_utilization": {
          "shard": "1",
          "value": 47.539170979999966
        }
      },
      {
        "reactor_utilization": {
          "shard": "2",
          "value": 41.369578259999983
        }
      },
      {
        "reactor_utilization": {
          "shard": "3",
          "value": 51.397820199999245
        }
      },
      {
        "reactor_utilization": {
          "shard": "4",
          "value": 46.9331930399999
        }
      },
      {
        "reactor_utilization": {
          "shard": "5",
          "value": 50.919332940000331
        }
      },
      {
        "reactor_utilization": {
          "shard": "6",
          "value": 56.023332199999544
        }
      },
      {
        "reactor_utilization": {
          "shard": "7",
          "value": 58.960422079999972
        }
      },
      {
        "reactor_utilization": {
          "shard": "8",
          "value": 56.245485999999786
        }
      },
      {
        "reactor_utilization": {
          "shard": "9",
          "value": 53.599886259999863
        }
      },
      {
        "reactor_utilization": {
          "shard": "10",
          "value": 80.283190080000693
        }
      },
      {
        "reactor_utilization": {
          "shard": "11",
          "value": 70.743806499999934
        }
      },
      {
        "reactor_utilization": {
          "shard": "12",
          "value": 62.62336322000025
        }
      },
      {
        "reactor_utilization": {
          "shard": "13",
          "value": 64.061702800000276
        }
      },
      {
        "reactor_utilization": {
          "shard": "14",
          "value": 59.144587579999651
        }
      },
      {
        "reactor_utilization": {
          "shard": "15",
          "value": 38.608901440000118
        }
      }
    ]
  },
  {
    "metrics": [
      {
        "reactor_utilization": {
          "shard": "0",
          "value": 68.232178499999947
        }
      },
      {
        "reactor_utilization": {
          "shard": "1",
          "value": 52.188564839999962
        }
      },
      {
        "reactor_utilization": {
          "shard": "2",
          "value": 45.376861439999985
        }
      },
      {
        "reactor_utilization": {
          "shard": "3",
          "value": 49.96222131999923
        }
      },
      {
        "reactor_utilization": {
          "shard": "4",
          "value": 62.952749139999888
        }
      },
      {
        "reactor_utilization": {
          "shard": "5",
          "value": 54.043469120000331
        }
      },
      {
        "reactor_utilization": {
          "shard": "6",
          "value": 64.760627219999549
        }
      },
      {
        "reactor_utilization": {
          "shard": "7",
          "value": 67.580420999999973
        }
      },
      {
        "reactor_utilization": {
          "shard": "8",
          "value": 53.824487159999777
        }
      },
      {
        "reactor_utilization": {
          "shard": "9",
          "value": 59.648789099999867
        }
      },
      {
        "reactor_utilization": {
          "shard": "10",
          "value": 69.555424800000694
        }
      },
      {
        "reactor_utilization": {
          "shard": "11",
          "value": 70.769938999999923
        }
      },
      {
        "reactor_utilization": {
          "shard": "12",
          "value": 77.338427740000242
        }
      },
      {
        "reactor_utilization": {
          "shard": "13",
          "value": 86.755755880000279
        }
      },
      {
        "reactor_utilization": {
          "shard": "14",
          "value": 59.611998619999653
        }
      },
      {
        "reactor_utilization": {
          "shard": "15",
          "value": 63.427707180000127
        }
      }
    ]
  },
  {
    "metrics": [
      {
        "reactor_utilization": {
          "shard": "0",
          "value": 48.346884779999947
        }
      },
      {
        "reactor_utilization": {
          "shard": "1",
          "value": 48.096738059999979
        }
      },
      {
        "reactor_utilization": {
          "shard": "2",
          "value": 29.994830499999971
        }
      },
      {
        "reactor_utilization": {
          "shard": "3",
          "value": 45.917017379999237
        }
      },
      {
        "reactor_utilization": {
          "shard": "4",
          "value": 53.267475699999878
        }
      },
      {
        "reactor_utilization": {
          "shard": "5",
          "value": 42.030914380000326
        }
      },
      {
        "reactor_utilization": {
          "shard": "6",
          "value": 48.840405219999539
        }
      },
      {
        "reactor_utilization": {
          "shard": "7",
          "value": 41.394066439999975
        }
      },
      {
        "reactor_utilization": {
          "shard": "8",
          "value": 44.437827939999764
        }
      },
      {
        "reactor_utilization": {
          "shard": "9",
          "value": 48.917915179999873
        }
      },
      {
        "reactor_utilization": {
          "shard": "10",
          "value": 53.302377340000682
        }
      },
      {
        "reactor_utilization": {
          "shard": "11",
          "value": 65.509625479999926
        }
      },
      {
        "reactor_utilization": {
          "shard": "12",
          "value": 67.620592900000247
        }
      },
      {
        "reactor_utilization": {
          "shard": "13",
          "value": 59.582550780000275
        }
      },
      {
        "reactor_utilization": {
          "shard": "14",
          "value": 45.050464299999661
        }
      },
      {
        "reactor_utilization": {
          "shard": "15",
          "value": 44.985923640000117
        }
      }
    ]
  },
  {
    "metrics": [
      {
        "reactor_utilization": {
          "shard": "0",
          "value": 46.824823939999938
        }
      },
      {
        "reactor_utilization": {
          "shard": "1",
          "value": 42.070036199999983
        }
      },
      {
        "reactor_utilization": {
          "shard": "2",
          "value": 33.513284319999983
        }
      },
      {
        "reactor_utilization": {
          "shard": "3",
          "value": 47.759122299999248
        }
      },
      {
        "reactor_utilization": {
          "shard": "4",
          "value": 37.084596359999878
        }
      },
      {
        "reactor_utilization": {
          "shard": "5",
          "value": 44.91862510000032
        }
      },
      {
        "reactor_utilization": {
          "shard": "6",
          "value": 40.988139719999531
        }
      },
      {
        "reactor_utilization": {
          "shard": "7",
          "value": 53.489915819999979
        }
      },
      {
        "reactor_utilization": {
          "shard": "8",
          "value": 40.44680263999976
        }
      },
      {
        "reactor_utilization": {
          "shard": "9",
          "value": 47.003915739999854
        }
      },
      {
        "reactor_utilization": {
          "shard": "10",
          "value": 57.134421620000687
        }
      },
      {
        "reactor_utilization": {
          "shard": "11",
          "value": 54.819983419999915
        }
      },
      {
        "reactor_utilization": {
          "shard": "12",
          "value": 58.158646460000242
        }
      },
      {
        "reactor_utilization": {
          "shard": "13",
          "value": 51.185648520000271
        }
      },
      {
        "reactor_utilization": {
          "shard": "14",
          "value": 41.097430539999671
        }
      },
      {
        "reactor_utilization": {
          "shard": "15",
          "value": 37.466665840000111
        }
      }
    ]
  },
  {
    "metrics": [
      {
        "reactor_utilization": {
          "shard": "0",
          "value": 52.491727919999946
        }
      },
      {
        "reactor_utilization": {
          "shard": "1",
          "value": 37.715844019999999
        }
      },
      {
        "reactor_utilization": {
          "shard": "2",
          "value": 33.158778599999962
        }
      },
      {
        "reactor_utilization": {
          "shard": "3",
          "value": 52.777872459999251
        }
      },
      {
        "reactor_utilization": {
          "shard": "4",
          "value": 50.403578339999889
        }
      },
      {
        "reactor_utilization": {
          "shard": "5",
          "value": 44.90465932000032
        }
      },
      {
        "reactor_utilization": {
          "shard": "6",
          "value": 45.802670619999532
        }
      },
      {
        "reactor_utilization": {
          "shard": "7",
          "value": 49.242533099999989
        }
      },
      {
        "reactor_utilization": {
          "shard": "8",
          "value": 35.546401139999752
        }
      },
      {
        "reactor_utilization": {
          "shard": "9",
          "value": 45.40185587999985
        }
      },
      {
        "reactor_utilization": {
          "shard": "10",
          "value": 50.178259460000682
        }
      },
      {
        "reactor_utilization": {
          "shard": "11",
          "value": 51.339351379999933
        }
      },
      {
        "reactor_utilization": {
          "shard": "12",
          "value": 51.306715540000233
        }
      },
      {
        "reactor_utilization": {
          "shard": "13",
          "value": 67.65889648000028
        }
      },
      {
        "reactor_utilization": {
          "shard": "14",
          "value": 48.723312679999665
        }
      },
      {
        "reactor_utilization": {
          "shard": "15",
          "value": 39.04048242000011
        }
      }
    ]
  },
  {
    "metrics": [
      {
        "reactor_utilization": {
          "shard": "0",
          "value": 46.919044839999934
        }
      },
      {
        "reactor_utilization": {
          "shard": "1",
          "value": 38.876451499999995
        }
      },
      {
        "reactor_utilization": {
          "shard": "2",
          "value": 38.783644239999973
        }
      },
      {
        "reactor_utilization": {
          "shard": "3",
          "value": 52.191857119999256
        }
      },
      {
        "reactor_utilization": {
          "shard": "4",
          "value": 45.163844259999884
        }
      },
      {
        "reactor_utilization": {
          "shard": "5",
          "value": 41.567508360000318
        }
      },
      {
        "reactor_utilization": {
          "shard": "6",
          "value": 50.422614839999532
        }
      },
      {
        "reactor_utilization": {
          "shard": "7",
          "value": 47.223786439999984
        }
      },
      {
        "reactor_utilization": {
          "shard": "8",
          "value": 44.074606099999748
        }
      },
      {
        "reactor_utilization": {
          "shard": "9",
          "value": 54.53366425999986
        }
      },
      {
        "reactor_utilization": {
          "shard": "10",
          "value": 50.557003240000697
        }
      },
      {
        "reactor_utilization": {
          "shard": "11",
          "value": 53.728705179999928
        }
      },
      {
        "reactor_utilization": {
          "shard": "12",
          "value": 50.470438380000246
        }
      },
      {
        "reactor_utilization": {
          "shard": "13",
          "value": 57.490387320000295
        }
      },
      {
        "reactor_utilization": {
          "shard": "14",
          "value": 52.724188419999663
        }
      },
      {
        "reactor_utilization": {
          "shard": "15",
          "value": 46.631634680000097
        }
      }
    ]
  },
  {
    "metrics": [
      {
        "reactor_utilization": {
          "shard": "0",
          "value": 54.555552459999944
        }
      },
      {
        "reactor_utilization": {
          "shard": "1",
          "value": 40.45378264
        }
      },
      {
        "reactor_utilization": {
          "shard": "2",
          "value": 36.599403099999975
        }
      },
      {
        "reactor_utilization": {
          "shard": "3",
          "value": 55.155846219999262
        }
      },
      {
        "reactor_utilization": {
          "shard": "4",
          "value": 45.505663159999877
        }
      },
      {
        "reactor_utilization": {
          "shard": "5",
          "value": 40.626859120000312
        }
      },
      {
        "reactor_utilization": {
          "shard": "6",
          "value": 49.984930679999536
        }
      },
      {
        "reactor_utilization": {
          "shard": "7",
          "value": 49.849622479999987
        }
      },
      {
        "reactor_utilization": {
          "shard": "8",
          "value": 47.838754779999739
        }
      },
      {
        "reactor_utilization": {
          "shard": "9",
          "value": 54.461850259999842
        }
      },
      {
        "reactor_utilization": {
          "shard": "10",
          "value": 52.556516720000687
        }
      },
      {
        "reactor_utilization": {
          "shard": "11",
          "value": 57.786402099999933
        }
      },
      {
        "reactor_utilization": {
          "shard": "12",
          "value": 56.461290460000257
        }
      },
      {
        "reactor_utilization": {
          "shard": "13",
          "value": 61.335759480000284
        }
      },
      {
        "reactor_utilization": {
          "shard": "14",
          "value": 47.883638119999659
        }
      },
      {
        "reactor_utilization": {
          "shard": "15",
          "value": 31.300480540000098
        }
      }
    ]
  },
  {
    "metrics": [
      {
        "reactor_utilization": {
          "shard": "0",
          "value": 52.262886079999937
        }
      },
      {
        "reactor_utilization": {
          "shard": "1",
          "value": 44.474376259999993
        }
      },
      {
        "reactor_utilization": {
          "shard": "2",
          "value": 34.79104157999997
        }
      },
      {
        "reactor_utilization": {
          "shard": "3",
          "value": 46.170369859999262
        }
      },
      {
        "reactor_utilization": {
          "shard": "4",
          "value": 44.683666659999865
        }
      },
      {
        "reactor_utilization": {
          "shard": "5",
          "value": 44.438571680000315
        }
      },
      {
        "reactor_utilization": {
          "shard": "6",
          "value": 46.400248939999535
        }
      },
      {
        "reactor_utilization": {
          "shard": "7",
          "value": 52.337181099999995
        }
      },
      {
        "reactor_utilization": {
          "shard": "8",
          "value": 40.646497399999738
        }
      },
      {
        "reactor_utilization": {
          "shard": "9",
          "value": 49.304947419999849
        }
      },
      {
        "reactor_utilization": {
          "shard": "10",
          "value": 52.048715360000685
        }
      },
      {
        "reactor_utilization": {
          "shard": "11",
          "value": 56.848885259999918
        }
      },
      {
        "reactor_utilization": {
          "shard": "12",
          "value": 53.023003160000258
        }
      },
      {
        "reactor_utilization": {
          "shard": "13",
          "value": 58.05484180000029
        }
      },
      {
        "reactor_utilization": {
          "shard": "14",
          "value": 45.585326719999649
        }
      },
      {
        "reactor_utilization": {
          "shard": "15",
          "value": 39.376613960000086
        }
      }
    ]
  },
  {
    "metrics": [
      {
        "reactor_utilization": {
          "shard": "0",
          "value": 53.917038659999925
        }
      },
      {
        "reactor_utilization": {
          "shard": "1",
          "value": 55.509444859999981
        }
      },
      {
        "reactor_utilization": {
          "shard": "2",
          "value": 57.834860179999971
        }
      },
      {
        "reactor_utilization": {
          "shard": "3",
          "value": 56.356729399999253
        }
      },
      {
        "reactor_utilization": {
          "shard": "4",
          "value": 52.033197279999868
        }
      },
      {
        "reactor_utilization": {
          "shard": "5",
          "value": 43.330482040000319
        }
      },
      {
        "reactor_utilization": {
          "shard": "6",
          "value": 62.405675899999522
        }
      },
      {
        "reactor_utilization": {
          "shard": "7",
          "value": 63.267937679999996
        }
      },
      {
        "reactor_utilization": {
          "shard": "8",
          "value": 47.868057679999723
        }
      },
      {
        "reactor_utilization": {
          "shard": "9",
          "value": 56.932280279999837
        }
      },
      {
        "reactor_utilization": {
          "shard": "10",
          "value": 69.9815143400007
        }
      },
      {
        "reactor_utilization": {
          "shard": "11",
          "value": 78.929402899999928
        }
      },
      {
        "reactor_utilization": {
          "shard": "12",
          "value": 67.534308400000256
        }
      },
      {
        "reactor_utilization": {
          "shard": "13",
          "value": 72.930849660000291
        }
      },
      {
        "reactor_utilization": {
          "shard": "14",
          "value": 50.210692399999644
        }
      },
      {
        "reactor_utilization": {
          "shard": "15",
          "value": 50.447576540000085
        }
      }
    ]
  },
  {
    "metrics": [
      {
        "reactor_utilization": {
          "shard": "0",
          "value": 55.521381799999936
        }
      },
      {
        "reactor_utilization": {
          "shard": "1",
          "value": 56.279186299999985
        }
      },
      {
        "reactor_utilization": {
          "shard": "2",
          "value": 48.128348239999987
        }
      },
      {
        "reactor_utilization": {
          "shard": "3",
          "value": 58.63533871999924
        }
      },
      {
        "reactor_utilization": {
          "shard": "4",
          "value": 54.085264799999862
        }
      },
      {
        "reactor_utilization": {
          "shard": "5",
          "value": 51.26911652000031
        }
      },
      {
        "reactor_utilization": {
          "shard": "6",
          "value": 56.890100779999528
        }
      },
      {
        "reactor_utilization": {
          "shard": "7",
          "value": 56.975052859999998
        }
      },
      {
        "reactor_utilization": {
          "shard": "8",
          "value": 51.70976787999971
        }
      },
      {
        "reactor_utilization": {
          "shard": "9",
          "value": 68.328449599999843
        }
      },
      {
        "reactor_utilization": {
          "shard": "10",
          "value": 69.797739660000687
        }
      },
      {
        "reactor_utilization": {
          "shard": "11",
          "value": 73.107337999999928
        }
      },
      {
        "reactor_utilization": {
          "shard": "12",
          "value": 67.264859620000266
        }
      },
      {
        "reactor_utilization": {
          "shard": "13",
          "value": 76.5942240600003
        }
      },
      {
        "reactor_utilization": {
          "shard": "14",
          "value": 52.140306959999648
        }
      },
      {
        "reactor_utilization": {
          "shard": "15",
          "value": 52.918240060000073
        }
      }
    ]
  },
  {
    "metrics": [
      {
        "reactor_utilization": {
          "shard": "0",
          "value": 51.168738839999925
        }
      },
      {
        "reactor_utilization": {
          "shard": "1",
          "value": 51.234574059999986
        }
      },
      {
        "reactor_utilization": {
          "shard": "2",
          "value": 43.824782399999961
        }
      },
      {
        "reactor_utilization": {
          "shard": "3",
          "value": 48.199177479999243
        }
      },
      {
        "reactor_utilization": {
          "shard": "4",
          "value": 49.132884139999867
        }
      },
      {
        "reactor_utilization": {
          "shard": "5",
          "value": 38.132477540000309
        }
      },
      {
        "reactor_utilization": {
          "shard": "6",
          "value": 47.000603479999526
        }
      },
      {
        "reactor_utilization": {
          "shard": "7",
          "value": 53.097906079999987
        }
      },
      {
        "reactor_utilization": {
          "shard": "8",
          "value": 41.837221579999721
        }
      },
      {
        "reactor_utilization": {
          "shard": "9",
          "value": 54.63398521999985
        }
      },
      {
        "reactor_utilization": {
          "shard": "10",
          "value": 55.932627580000684
        }
      },
      {
        "reactor_utilization": {
          "shard": "11",
          "value": 60.180075519999932
        }
      },
      {
        "reactor_utilization": {
          "shard": "12",
          "value": 57.615810340000252
        }
      },
      {
        "reactor_utilization": {
          "shard": "13",
          "value": 50.510367220000298
        }
      },
      {
        "reactor_utilization": {
          "shard": "14",
          "value": 49.322495479999638
        }
      },
      {
        "reactor_utilization": {
          "shard": "15",
          "value": 44.683377860000071
        }
      }
    ]
  },
  {
    "metrics": [
      {
        "reactor_utilization": {
          "shard": "0",
          "value": 43.330722659999935
        }
      },
      {
        "reactor_utilization": {
          "shard": "1",
          "value": 41.919695619999985
        }
      },
      {
        "reactor_utilization": {
          "shard": "2",
          "value": 33.859627539999963
        }
      },
      {
        "reactor_utilization": {
          "shard": "3",
          "value": 38.828828639999237
        }
      },
      {
        "reactor_utilization": {
          "shard": "4",
          "value": 44.097114279999857
        }
      },
      {
        "reactor_utilization": {
          "shard": "5",
          "value": 36.8858476400003
        }
      },
      {
        "reactor_utilization": {
          "shard": "6",
          "value": 42.711774659999534
        }
      },
      {
        "reactor_utilization": {
          "shard": "7",
          "value": 48.329992779999998
        }
      },
      {
        "reactor_utilization": {
          "shard": "8",
          "value": 42.807741799999718
        }
      },
      {
        "reactor_utilization": {
          "shard": "9",
          "value": 45.887188719999848
        }
      },
      {
        "reactor_utilization": {
          "shard": "10",
          "value": 47.149814660000686
        }
      },
      {
        "reactor_utilization": {
          "shard": "11",
          "value": 48.960128759999918
        }
      },
      {
        "reactor_utilization": {
          "shard": "12",
          "value": 56.15832882000025
        }
      },
      {
        "reactor_utilization": {
          "shard": "13",
          "value": 57.138881740000315
        }
      },
      {
        "reactor_utilization": {
          "shard": "14",
          "value": 43.882999699999637
        }
      },
      {
        "reactor_utilization": {
          "shard": "15",
          "value": 36.854934460000081
        }
      }
    ]
  },
  {
    "metrics": [
      {
        "reactor_utilization": {
          "shard": "0",
          "value": 40.82385915999992
        }
      },
      {
        "reactor_utilization": {
          "shard": "1",
          "value": 38.980053699999971
        }
      },
      {
        "reactor_utilization": {
          "shard": "2",
          "value": 35.561344839999961
        }
      },
      {
        "reactor_utilization": {
          "shard": "3",
          "value": 54.152149519999249
        }
      },
      {
        "reactor_utilization": {
          "shard": "4",
          "value": 44.785238819999861
        }
      },
      {
        "reactor_utilization": {
          "shard": "5",
          "value": 43.603068980000302
        }
      },
      {
        "reactor_utilization": {
          "shard": "6",
          "value": 43.814638499999539
        }
      },
      {
        "reactor_utilization": {
          "shard": "7",
          "value": 45.014836439999996
        }
      },
      {
        "reactor_utilization": {
          "shard": "8",
          "value": 44.294401619999725
        }
      },
      {
        "reactor_utilization": {
          "shard": "9",
          "value": 49.084888319999855
        }
      },
      {
        "reactor_utilization": {
          "shard": "10",
          "value": 50.911927660000686
        }
      },
      {
        "reactor_utilization": {
          "shard": "11",
          "value": 53.107333159999911
        }
      },
      {
        "reactor_utilization": {
          "shard": "12",
          "value": 54.682183100000259
        }
      },
      {
        "reactor_utilization": {
          "shard": "13",
          "value": 53.017742400000323
        }
      },
      {
        "reactor_utilization": {
          "shard": "14",
          "value": 52.76282769999964
        }
      },
      {
        "reactor_utilization": {
          "shard": "15",
          "value": 47.765917480000077
        }
      }
    ]
  },
  {
    "metrics": [
      {
        "reactor_utilization": {
          "shard": "0",
          "value": 48.744545099999925
        }
      },
      {
        "reactor_utilization": {
          "shard": "1",
          "value": 51.03255043999998
        }
      },
      {
        "reactor_utilization": {
          "shard": "2",
          "value": 31.149004859999962
        }
      },
      {
        "reactor_utilization": {
          "shard": "3",
          "value": 48.808185079999248
        }
      },
      {
        "reactor_utilization": {
          "shard": "4",
          "value": 41.082574519999859
        }
      },
      {
        "reactor_utilization": {
          "shard": "5",
          "value": 39.968521820000291
        }
      },
      {
        "reactor_utilization": {
          "shard": "6",
          "value": 49.845139039999545
        }
      },
      {
        "reactor_utilization": {
          "shard": "7",
          "value": 47.294901639999985
        }
      },
      {
        "reactor_utilization": {
          "shard": "8",
          "value": 38.102170319999715
        }
      },
      {
        "reactor_utilization": {
          "shard": "9",
          "value": 48.770579339999863
        }
      },
      {
        "reactor_utilization": {
          "shard": "10",
          "value": 44.887178820000685
        }
      },
      {
        "reactor_utilization": {
          "shard": "11",
          "value": 45.965496939999909
        }
      },
      {
        "reactor_utilization": {
          "shard": "12",
          "value": 66.625839300000251
        }
      },
      {
        "reactor_utilization": {
          "shard": "13",
          "value": 51.900812700000323
        }
      },
      {
        "reactor_utilization": {
          "shard": "14",
          "value": 54.606053859999633
        }
      },
      {
        "reactor_utilization": {
          "shard": "15",
          "value": 37.893454600000084
        }
      }
    ]
  },
  {
    "metrics": [
      {
        "reactor_utilization": {
          "shard": "0",
          "value": 48.46706039999993
        }
      },
      {
        "reactor_utilization": {
          "shard": "1",
          "value": 37.597119939999978
        }
      },
      {
        "reactor_utilization": {
          "shard": "2",
          "value": 32.35096933999997
        }
      },
      {
        "reactor_utilization": {
          "shard": "3",
          "value": 38.028687479999256
        }
      },
      {
        "reactor_utilization": {
          "shard": "4",
          "value": 42.218988039999857
        }
      },
      {
        "reactor_utilization": {
          "shard": "5",
          "value": 41.82505058000028
        }
      },
      {
        "reactor_utilization": {
          "shard": "6",
          "value": 49.344924639999533
        }
      },
      {
        "reactor_utilization": {
          "shard": "7",
          "value": 52.494532899999989
        }
      },
      {
        "reactor_utilization": {
          "shard": "8",
          "value": 44.284684219999718
        }
      },
      {
        "reactor_utilization": {
          "shard": "9",
          "value": 49.059896299999863
        }
      },
      {
        "reactor_utilization": {
          "shard": "10",
          "value": 62.826415400000691
        }
      },
      {
        "reactor_utilization": {
          "shard": "11",
          "value": 64.917863679999883
        }
      },
      {
        "reactor_utilization": {
          "shard": "12",
          "value": 51.969953060000265
        }
      },
      {
        "reactor_utilization": {
          "shard": "13",
          "value": 50.746603400000311
        }
      },
      {
        "reactor_utilization": {
          "shard": "14",
          "value": 47.115549539999634
        }
      },
      {
        "reactor_utilization": {
          "shard": "15",
          "value": 32.862571820000099
        }
      }
    ]
  },
  {
    "metrics": [
      {
        "reactor_utilization": {
          "shard": "0",
          "value": 45.508606759999935
        }
      },
      {
        "reactor_utilization": {
          "shard": "1",
          "value": 37.406381399999979
        }
      },
      {
        "reactor_utilization": {
          "shard": "2",
          "value": 36.306552199999963
        }
      },
      {
        "reactor_utilization": {
          "shard": "3",
          "value": 40.850341879999263
        }
      },
      {
        "reactor_utilization": {
          "shard": "4",
          "value": 39.723617679999869
        }
      },
      {
        "reactor_utilization": {
          "shard": "5",
          "value": 33.278999120000272
        }
      },
      {
        "reactor_utilization": {
          "shard": "6",
          "value": 46.077456039999532
        }
      },
      {
        "reactor_utilization": {
          "shard": "7",
          "value": 47.792788959999989
        }
      },
      {
        "reactor_utilization": {
          "shard": "8",
          "value": 45.567481879999725
        }
      },
      {
        "reactor_utilization": {
          "shard": "9",
          "value": 40.318522579999858
        }
      },
      {
        "reactor_utilization": {
          "shard": "10",
          "value": 51.279713120000679
        }
      },
      {
        "reactor_utilization": {
          "shard": "11",
          "value": 53.511190319999891
        }
      },
      {
        "reactor_utilization": {
          "shard": "12",
          "value": 53.562248680000266
        }
      },
      {
        "reactor_utilization": {
          "shard": "13",
          "value": 54.91912628000032
        }
      },
      {
        "reactor_utilization": {
          "shard": "14",
          "value": 45.534307259999629
        }
      },
      {
        "reactor_utilization": {
          "shard": "15",
          "value": 42.043176540000104
        }
      }
    ]
  },
  {
    "metrics": [
      {
        "reactor_utilization": {
          "shard": "0",
          "value": 46.129882539999933
        }
      },
      {
        "reactor_utilization": {
          "shard": "1",
          "value": 38.726603679999968
        }
      },
      {
        "reactor_utilization": {
          "shard": "2",
          "value": 27.904575999999924
        }
      },
      {
        "reactor_utilization": {
          "shard": "3",
          "value": 37.86817569999927
        }
      },
      {
        "reactor_utilization": {
          "shard": "4",
          "value": 49.962009399999864
        }
      },
      {
        "reactor_utilization": {
          "shard": "5",
          "value": 40.47892126000027
        }
      },
      {
        "reactor_utilization": {
          "shard": "6",
          "value": 46.155732299999521
        }
      },
      {
        "reactor_utilization": {
          "shard": "7",
          "value": 50.776096919999979
        }
      },
      {
        "reactor_utilization": {
          "shard": "8",
          "value": 37.697368099999728
        }
      },
      {
        "reactor_utilization": {
          "shard": "9",
          "value": 40.215918779999861
        }
      },
      {
        "reactor_utilization": {
          "shard": "10",
          "value": 54.883181520000676
        }
      },
      {
        "reactor_utilization": {
          "shard": "11",
          "value": 53.494139179999898
        }
      },
      {
        "reactor_utilization": {
          "shard": "12",
          "value": 58.074880360000279
        }
      },
      {
        "reactor_utilization": {
          "shard": "13",
          "value": 62.314681440000321
        }
      },
      {
        "reactor_utilization": {
          "shard": "14",
          "value": 44.24144611999963
        }
      },
      {
        "reactor_utilization": {
          "shard": "15",
          "value": 44.062402800000115
        }
      }
    ]
  },
  {
    "metrics": [
      {
        "reactor_utilization": {
          "shard": "0",
          "value": 43.385952639999935
        }
      },
      {
        "reactor_utilization": {
          "shard": "1",
          "value": 39.44272997999996
        }
      },
      {
        "reactor_utilization": {
          "shard": "2",
          "value": 32.422016059999933
        }
      },
      {
        "reactor_utilization": {
          "shard": "3",
          "value": 47.233391939999279
        }
      },
      {
        "reactor_utilization": {
          "shard": "4",
          "value": 48.116414979999867
        }
      },
      {
        "reactor_utilization": {
          "shard": "5",
          "value": 42.606094860000276
        }
      },
      {
        "reactor_utilization": {
          "shard": "6",
          "value": 44.562924119999515
        }
      },
      {
        "reactor_utilization": {
          "shard": "7",
          "value": 42.819593379999979
        }
      },
      {
        "reactor_utilization": {
          "shard": "8",
          "value": 40.562157459999739
        }
      },
      {
        "reactor_utilization": {
          "shard": "9",
          "value": 47.134552259999865
        }
      },
      {
        "reactor_utilization": {
          "shard": "10",
          "value": 51.141089660000681
        }
      },
      {
        "reactor_utilization": {
          "shard": "11",
          "value": 58.2020656199999
        }
      },
      {
        "reactor_utilization": {
          "shard": "12",
          "value": 66.191321600000279
        }
      },
      {
        "reactor_utilization": {
          "shard": "13",
          "value": 58.516044960000315
        }
      },
      {
        "reactor_utilization": {
          "shard": "14",
          "value": 47.379477479999622
        }
      },
      {
        "reactor_utilization": {
          "shard": "15",
          "value": 39.171431460000107
        }
      }
    ]
  },
  {
    "metrics": [
      {
        "reactor_utilization": {
          "shard": "0",
          "value": 53.422814079999938
        }
      },
      {
        "reactor_utilization": {
          "shard": "1",
          "value": 43.910797799999955
        }
      },
      {
        "reactor_utilization": {
          "shard": "2",
          "value": 31.894845059999955
        }
      },
      {
        "reactor_utilization": {
          "shard": "3",
          "value": 44.469019459999274
        }
      },
      {
        "reactor_utilization": {
          "shard": "4",
          "value": 41.03615655999986
        }
      },
      {
        "reactor_utilization": {
          "shard": "5",
          "value": 43.225346060000277
        }
      },
      {
        "reactor_utilization": {
          "shard": "6",
          "value": 44.073313199999518
        }
      },
      {
        "reactor_utilization": {
          "shard": "7",
          "value": 47.980160099999971
        }
      },
      {
        "reactor_utilization": {
          "shard": "8",
          "value": 36.69210515999972
        }
      },
      {
        "reactor_utilization": {
          "shard": "9",
          "value": 44.36996461999987
        }
      },
      {
        "reactor_utilization": {
          "shard": "10",
          "value": 57.343785900000675
        }
      },
      {
        "reactor_utilization": {
          "shard": "11",
          "value": 59.908125419999905
        }
      },
      {
        "reactor_utilization": {
          "shard": "12",
          "value": 53.04602134000028
        }
      },
      {
        "reactor_utilization": {
          "shard": "13",
          "value": 47.623029520000301
        }
      },
      {
        "reactor_utilization": {
          "shard": "14",
          "value": 43.604072379999629
        }
      },
      {
        "reactor_utilization": {
          "shard": "15",
          "value": 39.513421700000109
        }
      }
    ]
  }
]
