{
  "fio version" : "fio-3.39-26-ga72fe",
  "timestamp" : 1751021562,
  "timestamp_ms" : 1751021562577,
  "time" : "Fri Jun 27 10:52:42 2025",
  "global options" : {
    "ioengine" : "rbd",
    "bs" : "4k",
    "rw" : "randread",
    "direct" : "1",
    "runtime" : "5m",
    "time_based" : "",
    "group_reporting" : "",
    "ramp_time" : "30s",
    "thread" : "1",
    "iodepth" : "64",
    "clientname" : "admin",
    "pool" : "rbd"
  },
  "jobs" : [
    {
      "jobname" : "fio_test_0",
      "groupid" : 0,
      "job_start" : 1751021262322,
      "error" : 0,
      "eta" : 0,
      "elapsed" : 331,
      "job options" : {
        "max_latency" : "1s",
        "numjobs" : "1",
        "rbdname" : "fio_test_31"
      },
      "read" : {
        "io_bytes" : 187469692928,
        "io_kbytes" : 183075872,
        "bw_bytes" : 624694909,
        "bw" : 610053,
        "iops" : 152506.684483,
        "runtime" : 300098,
        "total_ios" : 45766951,
        "short_ios" : 0,
        "drop_ios" : 0,
        "slat_ns" : {
          "min" : 433,
          "max" : 321341,
          "mean" : 2287.501665,
          "stddev" : 1430.047761,
          "N" : 45766952
        },
        "clat_ns" : {
          "min" : 123959,
          "max" : 823525811,
          "mean" : 13430616.626760,
          "stddev" : 60994158.504967,
          "N" : 45768967,
          "percentile" : {
            "1.000000" : 362496,
            "5.000000" : 684032,
            "10.000000" : 937984,
            "20.000000" : 1302528,
            "30.000000" : 1613824,
            "40.000000" : 1990656,
            "50.000000" : 2441216,
            "60.000000" : 2965504,
            "70.000000" : 3620864,
            "80.000000" : 4947968,
            "90.000000" : 7045120,
            "95.000000" : 13565952,
            "99.000000" : 396361728,
            "99.500000" : 488636416,
            "99.900000" : 583008256,
            "99.950000" : 624951296,
            "99.990000" : 750780416
          }
        },
        "lat_ns" : {
          "min" : 125660,
          "max" : 823528047,
          "mean" : 13432904.138110,
          "stddev" : 60994163.380375,
          "N" : 45768967
        },
        "bw_min" : 227617,
        "bw_max" : 878980,
        "bw_agg" : 100.000000,
        "bw_mean" : 610452.100968,
        "bw_dev" : 2503.386792,
        "bw_samples" : 19179,
        "iops_min" : 56904,
        "iops_max" : 219744,
        "iops_mean" : 152612.246068,
        "iops_stddev" : 625.847456,
        "iops_samples" : 19179
      },
      "write" : {
        "io_bytes" : 0,
        "io_kbytes" : 0,
        "bw_bytes" : 0,
        "bw" : 0,
        "iops" : 0.000000,
        "runtime" : 0,
        "total_ios" : 0,
        "short_ios" : 0,
        "drop_ios" : 0,
        "slat_ns" : {
          "min" : 0,
          "max" : 0,
          "mean" : 0.000000,
          "stddev" : 0.000000,
          "N" : 0
        },
        "clat_ns" : {
          "min" : 0,
          "max" : 0,
          "mean" : 0.000000,
          "stddev" : 0.000000,
          "N" : 0
        },
        "lat_ns" : {
          "min" : 0,
          "max" : 0,
          "mean" : 0.000000,
          "stddev" : 0.000000,
          "N" : 0
        },
        "bw_min" : 0,
        "bw_max" : 0,
        "bw_agg" : 0.000000,
        "bw_mean" : 0.000000,
        "bw_dev" : 0.000000,
        "bw_samples" : 0,
        "iops_min" : 0,
        "iops_max" : 0,
        "iops_mean" : 0.000000,
        "iops_stddev" : 0.000000,
        "iops_samples" : 0
      },
      "trim" : {
        "io_bytes" : 0,
        "io_kbytes" : 0,
        "bw_bytes" : 0,
        "bw" : 0,
        "iops" : 0.000000,
        "runtime" : 0,
        "total_ios" : 0,
        "short_ios" : 0,
        "drop_ios" : 0,
        "slat_ns" : {
          "min" : 0,
          "max" : 0,
          "mean" : 0.000000,
          "stddev" : 0.000000,
          "N" : 0
        },
        "clat_ns" : {
          "min" : 0,
          "max" : 0,
          "mean" : 0.000000,
          "stddev" : 0.000000,
          "N" : 0
        },
        "lat_ns" : {
          "min" : 0,
          "max" : 0,
          "mean" : 0.000000,
          "stddev" : 0.000000,
          "N" : 0
        },
        "bw_min" : 0,
        "bw_max" : 0,
        "bw_agg" : 0.000000,
        "bw_mean" : 0.000000,
        "bw_dev" : 0.000000,
        "bw_samples" : 0,
        "iops_min" : 0,
        "iops_max" : 0,
        "iops_mean" : 0.000000,
        "iops_stddev" : 0.000000,
        "iops_samples" : 0
      },
      "sync" : {
        "total_ios" : 0,
        "lat_ns" : {
          "min" : 0,
          "max" : 0,
          "mean" : 0.000000,
          "stddev" : 0.000000,
          "N" : 0
        }
      },
      "job_runtime" : 9602914,
      "usr_cpu" : 1.691570,
      "sys_cpu" : 1.328618,
      "ctx" : 27028960,
      "majf" : 0,
      "minf" : 930,
      "iodepth_level" : {
        "1" : 0.000000,
        "2" : 0.000000,
        "4" : 0.000000,
        "8" : 0.000000,
        "16" : 0.000000,
        "32" : 0.000000,
        ">=64" : 100.000000
      },
      "iodepth_submit" : {
        "0" : 0.000000,
        "4" : 100.000000,
        "8" : 0.000000,
        "16" : 0.000000,
        "32" : 0.000000,
        "64" : 0.000000,
        ">=64" : 0.000000
      },
      "iodepth_complete" : {
        "0" : 0.000000,
        "4" : 99.999965,
        "8" : 0.000000,
        "16" : 0.000000,
        "32" : 0.000000,
        "64" : 0.100000,
        ">=64" : 0.000000
      },
      "latency_ns" : {
        "2" : 0.000000,
        "4" : 0.000000,
        "10" : 0.000000,
        "20" : 0.000000,
        "50" : 0.000000,
        "100" : 0.000000,
        "250" : 0.000000,
        "500" : 0.000000,
        "750" : 0.000000,
        "1000" : 0.000000
      },
      "latency_us" : {
        "2" : 0.000000,
        "4" : 0.000000,
        "10" : 0.000000,
        "20" : 0.000000,
        "50" : 0.000000,
        "100" : 0.000000,
        "250" : 0.301504,
        "500" : 2.055922,
        "750" : 3.762883,
        "1000" : 5.683791
      },
      "latency_ms" : {
        "2" : 28.451810,
        "4" : 33.100077,
        "10" : 20.695115,
        "20" : 1.502654,
        "50" : 0.776672,
        "100" : 0.561956,
        "250" : 1.223931,
        "500" : 1.446185,
        "750" : 0.430839,
        "1000" : 0.011065,
        "2000" : 0.000000,
        ">=2000" : 0.000000
      },
      "latency_depth" : 64,
      "latency_target" : 0,
      "latency_percentile" : 100.000000,
      "latency_window" : 0
    }
  ],
  "disk_util" : [
    {
      "name" : "sda",
      "read_ios" : 1,
      "write_ios" : 4099,
      "read_sectors" : 8,
      "write_sectors" : 101488,
      "read_merges" : 0,
      "write_merges" : 5339,
      "read_ticks" : 0,
      "write_ticks" : 709,
      "in_queue" : 747,
      "util" : 0.097883
    }
  ]
}
