{
  "fio version" : "fio-3.39-26-ga72fe",
  "timestamp" : 1751018904,
  "timestamp_ms" : 1751018904322,
  "time" : "Fri Jun 27 10:08:24 2025",
  "global options" : {
    "ioengine" : "rbd",
    "bs" : "4k",
    "rw" : "randread",
    "direct" : "1",
    "runtime" : "5m",
    "time_based" : "",
    "group_reporting" : "",
    "ramp_time" : "30s",
    "thread" : "1",
    "iodepth" : "2",
    "clientname" : "admin",
    "pool" : "rbd"
  },
  "jobs" : [
    {
      "jobname" : "fio_test_0",
      "groupid" : 0,
      "job_start" : 1751018604070,
      "error" : 0,
      "eta" : 0,
      "elapsed" : 331,
      "job options" : {
        "max_latency" : "1s",
        "numjobs" : "1",
        "rbdname" : "fio_test_31"
      },
      "read" : {
        "io_bytes" : 135822606336,
        "io_kbytes" : 132639264,
        "bw_bytes" : 452739002,
        "bw" : 442127,
        "iops" : 110531.876454,
        "runtime" : 300002,
        "total_ios" : 33159784,
        "short_ios" : 0,
        "drop_ios" : 0,
        "slat_ns" : {
          "min" : 478,
          "max" : 299453,
          "mean" : 2622.571055,
          "stddev" : 852.374563,
          "N" : 33159784
        },
        "clat_ns" : {
          "min" : 9105,
          "max" : 48244570,
          "mean" : 575518.881167,
          "stddev" : 355362.136563,
          "N" : 33159816,
          "percentile" : {
            "1.000000" : 160768,
            "5.000000" : 224256,
            "10.000000" : 272384,
            "20.000000" : 342016,
            "30.000000" : 399360,
            "40.000000" : 456704,
            "50.000000" : 514048,
            "60.000000" : 577536,
            "70.000000" : 659456,
            "80.000000" : 757760,
            "90.000000" : 913408,
            "95.000000" : 1073152,
            "99.000000" : 1581056,
            "99.500000" : 2310144,
            "99.900000" : 4423680,
            "99.950000" : 5079040,
            "99.990000" : 6455296
          }
        },
        "lat_ns" : {
          "min" : 118971,
          "max" : 48247185,
          "mean" : 578141.454108,
          "stddev" : 355376.250921,
          "N" : 33159816
        },
        "bw_min" : 336643,
        "bw_max" : 493218,
        "bw_agg" : 100.000000,
        "bw_mean" : 442222.438333,
        "bw_dev" : 800.439206,
        "bw_samples" : 19200,
        "iops_min" : 84160,
        "iops_max" : 123303,
        "iops_mean" : 110554.423333,
        "iops_stddev" : 200.109338,
        "iops_samples" : 19200
      },
      "write" : {
        "io_bytes" : 0,
        "io_kbytes" : 0,
        "bw_bytes" : 0,
        "bw" : 0,
        "iops" : 0.000000,
        "runtime" : 0,
        "total_ios" : 0,
        "short_ios" : 0,
        "drop_ios" : 0,
        "slat_ns" : {
          "min" : 0,
          "max" : 0,
          "mean" : 0.000000,
          "stddev" : 0.000000,
          "N" : 0
        },
        "clat_ns" : {
          "min" : 0,
          "max" : 0,
          "mean" : 0.000000,
          "stddev" : 0.000000,
          "N" : 0
        },
        "lat_ns" : {
          "min" : 0,
          "max" : 0,
          "mean" : 0.000000,
          "stddev" : 0.000000,
          "N" : 0
        },
        "bw_min" : 0,
        "bw_max" : 0,
        "bw_agg" : 0.000000,
        "bw_mean" : 0.000000,
        "bw_dev" : 0.000000,
        "bw_samples" : 0,
        "iops_min" : 0,
        "iops_max" : 0,
        "iops_mean" : 0.000000,
        "iops_stddev" : 0.000000,
        "iops_samples" : 0
      },
      "trim" : {
        "io_bytes" : 0,
        "io_kbytes" : 0,
        "bw_bytes" : 0,
        "bw" : 0,
        "iops" : 0.000000,
        "runtime" : 0,
        "total_ios" : 0,
        "short_ios" : 0,
        "drop_ios" : 0,
        "slat_ns" : {
          "min" : 0,
          "max" : 0,
          "mean" : 0.000000,
          "stddev" : 0.000000,
          "N" : 0
        },
        "clat_ns" : {
          "min" : 0,
          "max" : 0,
          "mean" : 0.000000,
          "stddev" : 0.000000,
          "N" : 0
        },
        "lat_ns" : {
          "min" : 0,
          "max" : 0,
          "mean" : 0.000000,
          "stddev" : 0.000000,
          "N" : 0
        },
        "bw_min" : 0,
        "bw_max" : 0,
        "bw_agg" : 0.000000,
        "bw_mean" : 0.000000,
        "bw_dev" : 0.000000,
        "bw_samples" : 0,
        "iops_min" : 0,
        "iops_max" : 0,
        "iops_mean" : 0.000000,
        "iops_stddev" : 0.000000,
        "iops_samples" : 0
      },
      "sync" : {
        "total_ios" : 0,
        "lat_ns" : {
          "min" : 0,
          "max" : 0,
          "mean" : 0.000000,
          "stddev" : 0.000000,
          "N" : 0
        }
      },
      "job_runtime" : 9600004,
      "usr_cpu" : 1.384343,
      "sys_cpu" : 1.254479,
      "ctx" : 31215934,
      "majf" : 0,
      "minf" : 395,
      "iodepth_level" : {
        "1" : 0.000000,
        "2" : 100.000000,
        "4" : 0.000000,
        "8" : 0.000000,
        "16" : 0.000000,
        "32" : 0.000000,
        ">=64" : 0.000000
      },
      "iodepth_submit" : {
        "0" : 0.000000,
        "4" : 100.000000,
        "8" : 0.000000,
        "16" : 0.000000,
        "32" : 0.000000,
        "64" : 0.000000,
        ">=64" : 0.000000
      },
      "iodepth_complete" : {
        "0" : 0.000000,
        "4" : 100.000000,
        "8" : 0.000000,
        "16" : 0.000000,
        "32" : 0.000000,
        "64" : 0.000000,
        ">=64" : 0.000000
      },
      "latency_ns" : {
        "2" : 0.000000,
        "4" : 0.000000,
        "10" : 0.000000,
        "20" : 0.000000,
        "50" : 0.000000,
        "100" : 0.000000,
        "250" : 0.000000,
        "500" : 0.000000,
        "750" : 0.000000,
        "1000" : 0.000000
      },
      "latency_us" : {
        "2" : 0.000000,
        "4" : 0.000000,
        "10" : 0.010000,
        "20" : 0.000000,
        "50" : 0.000000,
        "100" : 0.000000,
        "250" : 7.443667,
        "500" : 40.205126,
        "750" : 31.883965,
        "1000" : 13.622637
      },
      "latency_ms" : {
        "2" : 6.231702,
        "4" : 0.465332,
        "10" : 0.147052,
        "20" : 0.010000,
        "50" : 0.010000,
        "100" : 0.000000,
        "250" : 0.000000,
        "500" : 0.000000,
        "750" : 0.000000,
        "1000" : 0.000000,
        "2000" : 0.000000,
        ">=2000" : 0.000000
      },
      "latency_depth" : 2,
      "latency_target" : 0,
      "latency_percentile" : 100.000000,
      "latency_window" : 0
    }
  ],
  "disk_util" : [
    {
      "name" : "sda",
      "read_ios" : 2,
      "write_ios" : 3949,
      "read_sectors" : 16,
      "write_sectors" : 95128,
      "read_merges" : 0,
      "write_merges" : 5405,
      "read_ticks" : 0,
      "write_ticks" : 651,
      "in_queue" : 691,
      "util" : 0.095444
    }
  ]
}
