{
  "fio version" : "fio-3.39-26-ga72fe",
  "timestamp" : 1751018571,
  "timestamp_ms" : 1751018571880,
  "time" : "Fri Jun 27 10:02:51 2025",
  "global options" : {
    "ioengine" : "rbd",
    "bs" : "4k",
    "rw" : "randread",
    "direct" : "1",
    "runtime" : "5m",
    "time_based" : "",
    "group_reporting" : "",
    "ramp_time" : "30s",
    "thread" : "1",
    "iodepth" : "1",
    "clientname" : "admin",
    "pool" : "rbd"
  },
  "jobs" : [
    {
      "jobname" : "fio_test_0",
      "groupid" : 0,
      "job_start" : 1751018271628,
      "error" : 0,
      "eta" : 0,
      "elapsed" : 331,
      "job options" : {
        "max_latency" : "1s",
        "numjobs" : "1",
        "rbdname" : "fio_test_31"
      },
      "read" : {
        "io_bytes" : 108853157888,
        "io_kbytes" : 106301912,
        "bw_bytes" : 362841440,
        "bw" : 354337,
        "iops" : 88584.332771,
        "runtime" : 300002,
        "total_ios" : 26575477,
        "short_ios" : 0,
        "drop_ios" : 0,
        "slat_ns" : {
          "min" : 1013,
          "max" : 183689,
          "mean" : 2702.861708,
          "stddev" : 821.985507,
          "N" : 26575478
        },
        "clat_ns" : {
          "min" : 46440,
          "max" : 36624167,
          "mean" : 357595.464294,
          "stddev" : 170254.548457,
          "N" : 26575477,
          "percentile" : {
            "1.000000" : 146432,
            "5.000000" : 160768,
            "10.000000" : 183296,
            "20.000000" : 232448,
            "30.000000" : 268288,
            "40.000000" : 301056,
            "50.000000" : 333824,
            "60.000000" : 366592,
            "70.000000" : 407552,
            "80.000000" : 460800,
            "90.000000" : 544768,
            "95.000000" : 626688,
            "99.000000" : 839680,
            "99.500000" : 970752,
            "99.900000" : 1581056,
            "99.950000" : 2277376,
            "99.990000" : 3719168
          }
        },
        "lat_ns" : {
          "min" : 114700,
          "max" : 36626449,
          "mean" : 360298.325997,
          "stddev" : 170286.487449,
          "N" : 26575477
        },
        "bw_min" : 290984,
        "bw_max" : 410150,
        "bw_agg" : 100.000000,
        "bw_mean" : 354408.873333,
        "bw_dev" : 874.269640,
        "bw_samples" : 19200,
        "iops_min" : 72746,
        "iops_max" : 102536,
        "iops_mean" : 88600.908333,
        "iops_stddev" : 218.571526,
        "iops_samples" : 19200
      },
      "write" : {
        "io_bytes" : 0,
        "io_kbytes" : 0,
        "bw_bytes" : 0,
        "bw" : 0,
        "iops" : 0.000000,
        "runtime" : 0,
        "total_ios" : 0,
        "short_ios" : 0,
        "drop_ios" : 0,
        "slat_ns" : {
          "min" : 0,
          "max" : 0,
          "mean" : 0.000000,
          "stddev" : 0.000000,
          "N" : 0
        },
        "clat_ns" : {
          "min" : 0,
          "max" : 0,
          "mean" : 0.000000,
          "stddev" : 0.000000,
          "N" : 0
        },
        "lat_ns" : {
          "min" : 0,
          "max" : 0,
          "mean" : 0.000000,
          "stddev" : 0.000000,
          "N" : 0
        },
        "bw_min" : 0,
        "bw_max" : 0,
        "bw_agg" : 0.000000,
        "bw_mean" : 0.000000,
        "bw_dev" : 0.000000,
        "bw_samples" : 0,
        "iops_min" : 0,
        "iops_max" : 0,
        "iops_mean" : 0.000000,
        "iops_stddev" : 0.000000,
        "iops_samples" : 0
      },
      "trim" : {
        "io_bytes" : 0,
        "io_kbytes" : 0,
        "bw_bytes" : 0,
        "bw" : 0,
        "iops" : 0.000000,
        "runtime" : 0,
        "total_ios" : 0,
        "short_ios" : 0,
        "drop_ios" : 0,
        "slat_ns" : {
          "min" : 0,
          "max" : 0,
          "mean" : 0.000000,
          "stddev" : 0.000000,
          "N" : 0
        },
        "clat_ns" : {
          "min" : 0,
          "max" : 0,
          "mean" : 0.000000,
          "stddev" : 0.000000,
          "N" : 0
        },
        "lat_ns" : {
          "min" : 0,
          "max" : 0,
          "mean" : 0.000000,
          "stddev" : 0.000000,
          "N" : 0
        },
        "bw_min" : 0,
        "bw_max" : 0,
        "bw_agg" : 0.000000,
        "bw_mean" : 0.000000,
        "bw_dev" : 0.000000,
        "bw_samples" : 0,
        "iops_min" : 0,
        "iops_max" : 0,
        "iops_mean" : 0.000000,
        "iops_stddev" : 0.000000,
        "iops_samples" : 0
      },
      "sync" : {
        "total_ios" : 0,
        "lat_ns" : {
          "min" : 0,
          "max" : 0,
          "mean" : 0.000000,
          "stddev" : 0.000000,
          "N" : 0
        }
      },
      "job_runtime" : 9600002,
      "usr_cpu" : 1.168771,
      "sys_cpu" : 1.049354,
      "ctx" : 26575616,
      "majf" : 0,
      "minf" : 413,
      "iodepth_level" : {
        "1" : 100.000000,
        "2" : 0.000000,
        "4" : 0.000000,
        "8" : 0.000000,
        "16" : 0.000000,
        "32" : 0.000000,
        ">=64" : 0.000000
      },
      "iodepth_submit" : {
        "0" : 0.000000,
        "4" : 100.000000,
        "8" : 0.000000,
        "16" : 0.000000,
        "32" : 0.000000,
        "64" : 0.000000,
        ">=64" : 0.000000
      },
      "iodepth_complete" : {
        "0" : 0.000000,
        "4" : 100.000000,
        "8" : 0.000000,
        "16" : 0.000000,
        "32" : 0.000000,
        "64" : 0.000000,
        ">=64" : 0.000000
      },
      "latency_ns" : {
        "2" : 0.000000,
        "4" : 0.000000,
        "10" : 0.000000,
        "20" : 0.000000,
        "50" : 0.000000,
        "100" : 0.000000,
        "250" : 0.000000,
        "500" : 0.000000,
        "750" : 0.000000,
        "1000" : 0.000000
      },
      "latency_us" : {
        "2" : 0.000000,
        "4" : 0.000000,
        "10" : 0.000000,
        "20" : 0.000000,
        "50" : 0.010000,
        "100" : 0.000000,
        "250" : 24.700983,
        "500" : 60.799582,
        "750" : 12.669899,
        "1000" : 1.394820
      },
      "latency_ms" : {
        "2" : 0.370752,
        "4" : 0.057621,
        "10" : 0.010000,
        "20" : 0.010000,
        "50" : 0.010000,
        "100" : 0.000000,
        "250" : 0.000000,
        "500" : 0.000000,
        "750" : 0.000000,
        "1000" : 0.000000,
        "2000" : 0.000000,
        ">=2000" : 0.000000
      },
      "latency_depth" : 1,
      "latency_target" : 0,
      "latency_percentile" : 100.000000,
      "latency_window" : 0
    }
  ],
  "disk_util" : [
    {
      "name" : "sda",
      "read_ios" : 0,
      "write_ios" : 3808,
      "read_sectors" : 0,
      "write_sectors" : 89880,
      "read_merges" : 0,
      "write_merges" : 5183,
      "read_ticks" : 0,
      "write_ticks" : 617,
      "in_queue" : 655,
      "util" : 0.090595
    }
  ]
}
