{
  "fio version" : "fio-3.39-26-ga72fe",
  "timestamp" : 1751019901,
  "timestamp_ms" : 1751019901016,
  "time" : "Fri Jun 27 10:25:01 2025",
  "global options" : {
    "ioengine" : "rbd",
    "bs" : "4k",
    "rw" : "randread",
    "direct" : "1",
    "runtime" : "5m",
    "time_based" : "",
    "group_reporting" : "",
    "ramp_time" : "30s",
    "thread" : "1",
    "iodepth" : "16",
    "clientname" : "admin",
    "pool" : "rbd"
  },
  "jobs" : [
    {
      "jobname" : "fio_test_0",
      "groupid" : 0,
      "job_start" : 1751019600911,
      "error" : 0,
      "eta" : 0,
      "elapsed" : 331,
      "job options" : {
        "max_latency" : "1s",
        "numjobs" : "1",
        "rbdname" : "fio_test_31"
      },
      "read" : {
        "io_bytes" : 195497406464,
        "io_kbytes" : 190915436,
        "bw_bytes" : 651634128,
        "bw" : 636361,
        "iops" : 159088.763412,
        "runtime" : 300011,
        "total_ios" : 47728379,
        "short_ios" : 0,
        "drop_ios" : 0,
        "slat_ns" : {
          "min" : 427,
          "max" : 205744,
          "mean" : 2269.192570,
          "stddev" : 1543.695995,
          "N" : 47728379
        },
        "clat_ns" : {
          "min" : 114973,
          "max" : 100505507,
          "mean" : 3215278.407208,
          "stddev" : 2705864.114587,
          "N" : 47728859,
          "percentile" : {
            "1.000000" : 374784,
            "5.000000" : 733184,
            "10.000000" : 995328,
            "20.000000" : 1384448,
            "30.000000" : 1712128,
            "40.000000" : 2056192,
            "50.000000" : 2506752,
            "60.000000" : 3031040,
            "70.000000" : 3883008,
            "80.000000" : 4620288,
            "90.000000" : 5996544,
            "95.000000" : 7503872,
            "99.000000" : 11993088,
            "99.500000" : 15007744,
            "99.900000" : 30277632,
            "99.950000" : 39059456,
            "99.990000" : 55836672
          }
        },
        "lat_ns" : {
          "min" : 117757,
          "max" : 100506449,
          "mean" : 3217547.598459,
          "stddev" : 2705880.219958,
          "N" : 47728859
        },
        "bw_min" : 264877,
        "bw_max" : 773274,
        "bw_agg" : 100.000000,
        "bw_mean" : 636582.472521,
        "bw_dev" : 1846.389304,
        "bw_samples" : 19186,
        "iops_min" : 66218,
        "iops_max" : 193318,
        "iops_mean" : 159144.509766,
        "iops_stddev" : 461.597841,
        "iops_samples" : 19186
      },
      "write" : {
        "io_bytes" : 0,
        "io_kbytes" : 0,
        "bw_bytes" : 0,
        "bw" : 0,
        "iops" : 0.000000,
        "runtime" : 0,
        "total_ios" : 0,
        "short_ios" : 0,
        "drop_ios" : 0,
        "slat_ns" : {
          "min" : 0,
          "max" : 0,
          "mean" : 0.000000,
          "stddev" : 0.000000,
          "N" : 0
        },
        "clat_ns" : {
          "min" : 0,
          "max" : 0,
          "mean" : 0.000000,
          "stddev" : 0.000000,
          "N" : 0
        },
        "lat_ns" : {
          "min" : 0,
          "max" : 0,
          "mean" : 0.000000,
          "stddev" : 0.000000,
          "N" : 0
        },
        "bw_min" : 0,
        "bw_max" : 0,
        "bw_agg" : 0.000000,
        "bw_mean" : 0.000000,
        "bw_dev" : 0.000000,
        "bw_samples" : 0,
        "iops_min" : 0,
        "iops_max" : 0,
        "iops_mean" : 0.000000,
        "iops_stddev" : 0.000000,
        "iops_samples" : 0
      },
      "trim" : {
        "io_bytes" : 0,
        "io_kbytes" : 0,
        "bw_bytes" : 0,
        "bw" : 0,
        "iops" : 0.000000,
        "runtime" : 0,
        "total_ios" : 0,
        "short_ios" : 0,
        "drop_ios" : 0,
        "slat_ns" : {
          "min" : 0,
          "max" : 0,
          "mean" : 0.000000,
          "stddev" : 0.000000,
          "N" : 0
        },
        "clat_ns" : {
          "min" : 0,
          "max" : 0,
          "mean" : 0.000000,
          "stddev" : 0.000000,
          "N" : 0
        },
        "lat_ns" : {
          "min" : 0,
          "max" : 0,
          "mean" : 0.000000,
          "stddev" : 0.000000,
          "N" : 0
        },
        "bw_min" : 0,
        "bw_max" : 0,
        "bw_agg" : 0.000000,
        "bw_mean" : 0.000000,
        "bw_dev" : 0.000000,
        "bw_samples" : 0,
        "iops_min" : 0,
        "iops_max" : 0,
        "iops_mean" : 0.000000,
        "iops_stddev" : 0.000000,
        "iops_samples" : 0
      },
      "sync" : {
        "total_ios" : 0,
        "lat_ns" : {
          "min" : 0,
          "max" : 0,
          "mean" : 0.000000,
          "stddev" : 0.000000,
          "N" : 0
        }
      },
      "job_runtime" : 9600220,
      "usr_cpu" : 1.720127,
      "sys_cpu" : 1.384166,
      "ctx" : 27105360,
      "majf" : 0,
      "minf" : 280,
      "iodepth_level" : {
        "1" : 0.000000,
        "2" : 0.000000,
        "4" : 0.000000,
        "8" : 0.000000,
        "16" : 100.000000,
        "32" : 0.000000,
        ">=64" : 0.000000
      },
      "iodepth_submit" : {
        "0" : 0.000000,
        "4" : 100.000000,
        "8" : 0.000000,
        "16" : 0.000000,
        "32" : 0.000000,
        "64" : 0.000000,
        ">=64" : 0.000000
      },
      "iodepth_complete" : {
        "0" : 0.000000,
        "4" : 99.999966,
        "8" : 0.000000,
        "16" : 0.100000,
        "32" : 0.000000,
        "64" : 0.000000,
        ">=64" : 0.000000
      },
      "latency_ns" : {
        "2" : 0.000000,
        "4" : 0.000000,
        "10" : 0.000000,
        "20" : 0.000000,
        "50" : 0.000000,
        "100" : 0.000000,
        "250" : 0.000000,
        "500" : 0.000000,
        "750" : 0.000000,
        "1000" : 0.000000
      },
      "latency_us" : {
        "2" : 0.000000,
        "4" : 0.000000,
        "10" : 0.000000,
        "20" : 0.000000,
        "50" : 0.000000,
        "100" : 0.000000,
        "250" : 0.316493,
        "500" : 1.783742,
        "750" : 3.152238,
        "1000" : 5.013126
      },
      "latency_ms" : {
        "2" : 27.515395,
        "4" : 34.511053,
        "10" : 25.973254,
        "20" : 1.480832,
        "50" : 0.237190,
        "100" : 0.017679,
        "250" : 0.010000,
        "500" : 0.000000,
        "750" : 0.000000,
        "1000" : 0.000000,
        "2000" : 0.000000,
        ">=2000" : 0.000000
      },
      "latency_depth" : 16,
      "latency_target" : 0,
      "latency_percentile" : 100.000000,
      "latency_window" : 0
    }
  ],
  "disk_util" : [
    {
      "name" : "sda",
      "read_ios" : 3,
      "write_ios" : 4010,
      "read_sectors" : 24,
      "write_sectors" : 90432,
      "read_merges" : 0,
      "write_merges" : 5268,
      "read_ticks" : 1,
      "write_ticks" : 662,
      "in_queue" : 702,
      "util" : 0.091213
    }
  ]
}
