{
  "fio version" : "fio-3.39-26-ga72fe",
  "timestamp" : 1751019568,
  "timestamp_ms" : 1751019568756,
  "time" : "Fri Jun 27 10:19:28 2025",
  "global options" : {
    "ioengine" : "rbd",
    "bs" : "4k",
    "rw" : "randread",
    "direct" : "1",
    "runtime" : "5m",
    "time_based" : "",
    "group_reporting" : "",
    "ramp_time" : "30s",
    "thread" : "1",
    "iodepth" : "8",
    "clientname" : "admin",
    "pool" : "rbd"
  },
  "jobs" : [
    {
      "jobname" : "fio_test_0",
      "groupid" : 0,
      "job_start" : 1751019268670,
      "error" : 0,
      "eta" : 0,
      "elapsed" : 331,
      "job options" : {
        "max_latency" : "1s",
        "numjobs" : "1",
        "rbdname" : "fio_test_31"
      },
      "read" : {
        "io_bytes" : 183363301376,
        "io_kbytes" : 179065724,
        "bw_bytes" : 611204892,
        "bw" : 596879,
        "iops" : 149219.197808,
        "runtime" : 300003,
        "total_ios" : 44766207,
        "short_ios" : 0,
        "drop_ios" : 0,
        "slat_ns" : {
          "min" : 414,
          "max" : 336159,
          "mean" : 2372.296207,
          "stddev" : 1144.999971,
          "N" : 44766207
        },
        "clat_ns" : {
          "min" : 126000,
          "max" : 27554217,
          "mean" : 1712449.781851,
          "stddev" : 1017714.824374,
          "N" : 44766431,
          "percentile" : {
            "1.000000" : 301056,
            "5.000000" : 536576,
            "10.000000" : 708608,
            "20.000000" : 946176,
            "30.000000" : 1138688,
            "40.000000" : 1335296,
            "50.000000" : 1515520,
            "60.000000" : 1728512,
            "70.000000" : 1990656,
            "80.000000" : 2310144,
            "90.000000" : 2899968,
            "95.000000" : 3489792,
            "99.000000" : 5406720,
            "99.500000" : 6455296,
            "99.900000" : 8716288,
            "99.950000" : 9633792,
            "99.990000" : 12517376
          }
        },
        "lat_ns" : {
          "min" : 128340,
          "max" : 27557585,
          "mean" : 1714822.077766,
          "stddev" : 1017705.224035,
          "N" : 44766431
        },
        "bw_min" : 358460,
        "bw_max" : 682104,
        "bw_agg" : 100.000000,
        "bw_mean" : 597032.826633,
        "bw_dev" : 1233.476937,
        "bw_samples" : 19188,
        "iops_min" : 89614,
        "iops_max" : 170526,
        "iops_mean" : 149257.168731,
        "iops_stddev" : 308.368556,
        "iops_samples" : 19188
      },
      "write" : {
        "io_bytes" : 0,
        "io_kbytes" : 0,
        "bw_bytes" : 0,
        "bw" : 0,
        "iops" : 0.000000,
        "runtime" : 0,
        "total_ios" : 0,
        "short_ios" : 0,
        "drop_ios" : 0,
        "slat_ns" : {
          "min" : 0,
          "max" : 0,
          "mean" : 0.000000,
          "stddev" : 0.000000,
          "N" : 0
        },
        "clat_ns" : {
          "min" : 0,
          "max" : 0,
          "mean" : 0.000000,
          "stddev" : 0.000000,
          "N" : 0
        },
        "lat_ns" : {
          "min" : 0,
          "max" : 0,
          "mean" : 0.000000,
          "stddev" : 0.000000,
          "N" : 0
        },
        "bw_min" : 0,
        "bw_max" : 0,
        "bw_agg" : 0.000000,
        "bw_mean" : 0.000000,
        "bw_dev" : 0.000000,
        "bw_samples" : 0,
        "iops_min" : 0,
        "iops_max" : 0,
        "iops_mean" : 0.000000,
        "iops_stddev" : 0.000000,
        "iops_samples" : 0
      },
      "trim" : {
        "io_bytes" : 0,
        "io_kbytes" : 0,
        "bw_bytes" : 0,
        "bw" : 0,
        "iops" : 0.000000,
        "runtime" : 0,
        "total_ios" : 0,
        "short_ios" : 0,
        "drop_ios" : 0,
        "slat_ns" : {
          "min" : 0,
          "max" : 0,
          "mean" : 0.000000,
          "stddev" : 0.000000,
          "N" : 0
        },
        "clat_ns" : {
          "min" : 0,
          "max" : 0,
          "mean" : 0.000000,
          "stddev" : 0.000000,
          "N" : 0
        },
        "lat_ns" : {
          "min" : 0,
          "max" : 0,
          "mean" : 0.000000,
          "stddev" : 0.000000,
          "N" : 0
        },
        "bw_min" : 0,
        "bw_max" : 0,
        "bw_agg" : 0.000000,
        "bw_mean" : 0.000000,
        "bw_dev" : 0.000000,
        "bw_samples" : 0,
        "iops_min" : 0,
        "iops_max" : 0,
        "iops_mean" : 0.000000,
        "iops_stddev" : 0.000000,
        "iops_samples" : 0
      },
      "sync" : {
        "total_ios" : 0,
        "lat_ns" : {
          "min" : 0,
          "max" : 0,
          "mean" : 0.000000,
          "stddev" : 0.000000,
          "N" : 0
        }
      },
      "job_runtime" : 9600029,
      "usr_cpu" : 1.665860,
      "sys_cpu" : 1.396777,
      "ctx" : 30221487,
      "majf" : 0,
      "minf" : 559,
      "iodepth_level" : {
        "1" : 0.000000,
        "2" : 0.000000,
        "4" : 0.000000,
        "8" : 100.000000,
        "16" : 0.000000,
        "32" : 0.000000,
        ">=64" : 0.000000
      },
      "iodepth_submit" : {
        "0" : 0.000000,
        "4" : 100.000000,
        "8" : 0.000000,
        "16" : 0.000000,
        "32" : 0.000000,
        "64" : 0.000000,
        ">=64" : 0.000000
      },
      "iodepth_complete" : {
        "0" : 0.000000,
        "4" : 99.999964,
        "8" : 0.100000,
        "16" : 0.000000,
        "32" : 0.000000,
        "64" : 0.000000,
        ">=64" : 0.000000
      },
      "latency_ns" : {
        "2" : 0.000000,
        "4" : 0.000000,
        "10" : 0.000000,
        "20" : 0.000000,
        "50" : 0.000000,
        "100" : 0.000000,
        "250" : 0.000000,
        "500" : 0.000000,
        "750" : 0.000000,
        "1000" : 0.000000
      },
      "latency_us" : {
        "2" : 0.000000,
        "4" : 0.000000,
        "10" : 0.000000,
        "20" : 0.000000,
        "50" : 0.000000,
        "100" : 0.000000,
        "250" : 0.543535,
        "500" : 3.660985,
        "750" : 7.435457,
        "1000" : 11.287470
      },
      "latency_ms" : {
        "2" : 47.793426,
        "4" : 26.233259,
        "10" : 3.004947,
        "20" : 0.041123,
        "50" : 0.010000,
        "100" : 0.000000,
        "250" : 0.000000,
        "500" : 0.000000,
        "750" : 0.000000,
        "1000" : 0.000000,
        "2000" : 0.000000,
        ">=2000" : 0.000000
      },
      "latency_depth" : 8,
      "latency_target" : 0,
      "latency_percentile" : 100.000000,
      "latency_window" : 0
    }
  ],
  "disk_util" : [
    {
      "name" : "sda",
      "read_ios" : 0,
      "write_ios" : 3989,
      "read_sectors" : 0,
      "write_sectors" : 94680,
      "read_merges" : 0,
      "write_merges" : 5453,
      "read_ticks" : 0,
      "write_ticks" : 675,
      "in_queue" : 715,
      "util" : 0.098783
    }
  ]
}
