{
  "fio version" : "fio-3.39-26-ga72fe",
  "timestamp" : 1751019236,
  "timestamp_ms" : 1751019236545,
  "time" : "Fri Jun 27 10:13:56 2025",
  "global options" : {
    "ioengine" : "rbd",
    "bs" : "4k",
    "rw" : "randread",
    "direct" : "1",
    "runtime" : "5m",
    "time_based" : "",
    "group_reporting" : "",
    "ramp_time" : "30s",
    "thread" : "1",
    "iodepth" : "4",
    "clientname" : "admin",
    "pool" : "rbd"
  },
  "jobs" : [
    {
      "jobname" : "fio_test_0",
      "groupid" : 0,
      "job_start" : 1751018936464,
      "error" : 0,
      "eta" : 0,
      "elapsed" : 331,
      "job options" : {
        "max_latency" : "1s",
        "numjobs" : "1",
        "rbdname" : "fio_test_31"
      },
      "read" : {
        "io_bytes" : 161255120896,
        "io_kbytes" : 157475704,
        "bw_bytes" : 537509902,
        "bw" : 524912,
        "iops" : 131227.683631,
        "runtime" : 300004,
        "total_ios" : 39368830,
        "short_ios" : 0,
        "drop_ios" : 0,
        "slat_ns" : {
          "min" : 430,
          "max" : 186618,
          "mean" : 2547.175060,
          "stddev" : 949.501988,
          "N" : 39368830
        },
        "clat_ns" : {
          "min" : 120177,
          "max" : 18330921,
          "mean" : 972020.792784,
          "stddev" : 600453.869400,
          "N" : 39368926,
          "percentile" : {
            "1.000000" : 203776,
            "5.000000" : 321536,
            "10.000000" : 407552,
            "20.000000" : 536576,
            "30.000000" : 643072,
            "40.000000" : 749568,
            "50.000000" : 864256,
            "60.000000" : 987136,
            "70.000000" : 1122304,
            "80.000000" : 1318912,
            "90.000000" : 1613824,
            "95.000000" : 1925120,
            "99.000000" : 3063808,
            "99.500000" : 4014080,
            "99.900000" : 6193152,
            "99.950000" : 6914048,
            "99.990000" : 8716288
          }
        },
        "lat_ns" : {
          "min" : 122027,
          "max" : 18334589,
          "mean" : 974567.968218,
          "stddev" : 600462.277907,
          "N" : 39368926
        },
        "bw_min" : 391537,
        "bw_max" : 587140,
        "bw_agg" : 100.000000,
        "bw_mean" : 525048.237855,
        "bw_dev" : 890.407062,
        "bw_samples" : 19196,
        "iops_min" : 97883,
        "iops_max" : 146784,
        "iops_mean" : 131260.764880,
        "iops_stddev" : 222.602680,
        "iops_samples" : 19196
      },
      "write" : {
        "io_bytes" : 0,
        "io_kbytes" : 0,
        "bw_bytes" : 0,
        "bw" : 0,
        "iops" : 0.000000,
        "runtime" : 0,
        "total_ios" : 0,
        "short_ios" : 0,
        "drop_ios" : 0,
        "slat_ns" : {
          "min" : 0,
          "max" : 0,
          "mean" : 0.000000,
          "stddev" : 0.000000,
          "N" : 0
        },
        "clat_ns" : {
          "min" : 0,
          "max" : 0,
          "mean" : 0.000000,
          "stddev" : 0.000000,
          "N" : 0
        },
        "lat_ns" : {
          "min" : 0,
          "max" : 0,
          "mean" : 0.000000,
          "stddev" : 0.000000,
          "N" : 0
        },
        "bw_min" : 0,
        "bw_max" : 0,
        "bw_agg" : 0.000000,
        "bw_mean" : 0.000000,
        "bw_dev" : 0.000000,
        "bw_samples" : 0,
        "iops_min" : 0,
        "iops_max" : 0,
        "iops_mean" : 0.000000,
        "iops_stddev" : 0.000000,
        "iops_samples" : 0
      },
      "trim" : {
        "io_bytes" : 0,
        "io_kbytes" : 0,
        "bw_bytes" : 0,
        "bw" : 0,
        "iops" : 0.000000,
        "runtime" : 0,
        "total_ios" : 0,
        "short_ios" : 0,
        "drop_ios" : 0,
        "slat_ns" : {
          "min" : 0,
          "max" : 0,
          "mean" : 0.000000,
          "stddev" : 0.000000,
          "N" : 0
        },
        "clat_ns" : {
          "min" : 0,
          "max" : 0,
          "mean" : 0.000000,
          "stddev" : 0.000000,
          "N" : 0
        },
        "lat_ns" : {
          "min" : 0,
          "max" : 0,
          "mean" : 0.000000,
          "stddev" : 0.000000,
          "N" : 0
        },
        "bw_min" : 0,
        "bw_max" : 0,
        "bw_agg" : 0.000000,
        "bw_mean" : 0.000000,
        "bw_dev" : 0.000000,
        "bw_samples" : 0,
        "iops_min" : 0,
        "iops_max" : 0,
        "iops_mean" : 0.000000,
        "iops_stddev" : 0.000000,
        "iops_samples" : 0
      },
      "sync" : {
        "total_ios" : 0,
        "lat_ns" : {
          "min" : 0,
          "max" : 0,
          "mean" : 0.000000,
          "stddev" : 0.000000,
          "N" : 0
        }
      },
      "job_runtime" : 9600037,
      "usr_cpu" : 1.576369,
      "sys_cpu" : 1.384005,
      "ctx" : 32589340,
      "majf" : 0,
      "minf" : 548,
      "iodepth_level" : {
        "1" : 0.000000,
        "2" : 0.000000,
        "4" : 100.000000,
        "8" : 0.000000,
        "16" : 0.000000,
        "32" : 0.000000,
        ">=64" : 0.000000
      },
      "iodepth_submit" : {
        "0" : 0.000000,
        "4" : 100.000000,
        "8" : 0.000000,
        "16" : 0.000000,
        "32" : 0.000000,
        "64" : 0.000000,
        ">=64" : 0.000000
      },
      "iodepth_complete" : {
        "0" : 0.000000,
        "4" : 100.000000,
        "8" : 0.000000,
        "16" : 0.000000,
        "32" : 0.000000,
        "64" : 0.000000,
        ">=64" : 0.000000
      },
      "latency_ns" : {
        "2" : 0.000000,
        "4" : 0.000000,
        "10" : 0.000000,
        "20" : 0.000000,
        "50" : 0.000000,
        "100" : 0.000000,
        "250" : 0.000000,
        "500" : 0.000000,
        "750" : 0.000000,
        "1000" : 0.000000
      },
      "latency_us" : {
        "2" : 0.000000,
        "4" : 0.000000,
        "10" : 0.000000,
        "20" : 0.000000,
        "50" : 0.000000,
        "100" : 0.000000,
        "250" : 2.140815,
        "500" : 15.078073,
        "750" : 22.736508,
        "1000" : 21.412082
      },
      "latency_ms" : {
        "2" : 34.402409,
        "4" : 3.720763,
        "10" : 0.506449,
        "20" : 0.010000,
        "50" : 0.000000,
        "100" : 0.000000,
        "250" : 0.000000,
        "500" : 0.000000,
        "750" : 0.000000,
        "1000" : 0.000000,
        "2000" : 0.000000,
        ">=2000" : 0.000000
      },
      "latency_depth" : 4,
      "latency_target" : 0,
      "latency_percentile" : 100.000000,
      "latency_window" : 0
    }
  ],
  "disk_util" : [
    {
      "name" : "sda",
      "read_ios" : 1,
      "write_ios" : 3986,
      "read_sectors" : 8,
      "write_sectors" : 92128,
      "read_merges" : 0,
      "write_merges" : 5364,
      "read_ticks" : 1,
      "write_ticks" : 690,
      "in_queue" : 730,
      "util" : 0.095751
    }
  ]
}
