[
  {
    "metrics": [
      {
        "reactor_utilization": {
          "shard": "0",
          "value": 96.129693480000142
        }
      },
      {
        "reactor_utilization": {
          "shard": "1",
          "value": 96.539302440000057
        }
      },
      {
        "reactor_utilization": {
          "shard": "2",
          "value": 95.043104399999862
        }
      },
      {
        "reactor_utilization": {
          "shard": "3",
          "value": 95.526524239999972
        }
      },
      {
        "reactor_utilization": {
          "shard": "4",
          "value": 87.360609260000217
        }
      },
      {
        "reactor_utilization": {
          "shard": "5",
          "value": 98.182230640000014
        }
      },
      {
        "reactor_utilization": {
          "shard": "6",
          "value": 88.011146180000026
        }
      },
      {
        "reactor_utilization": {
          "shard": "7",
          "value": 94.462301720000056
        }
      },
      {
        "reactor_utilization": {
          "shard": "8",
          "value": 98.178997279999919
        }
      },
      {
        "reactor_utilization": {
          "shard": "9",
          "value": 99.496067680000039
        }
      },
      {
        "reactor_utilization": {
          "shard": "10",
          "value": 93.683886360000074
        }
      },
      {
        "reactor_utilization": {
          "shard": "11",
          "value": 95.560192539999917
        }
      },
      {
        "reactor_utilization": {
          "shard": "12",
          "value": 95.626674239999971
        }
      },
      {
        "reactor_utilization": {
          "shard": "13",
          "value": 96.242038460000003
        }
      },
      {
        "reactor_utilization": {
          "shard": "14",
          "value": 66.693838379999931
        }
      },
      {
        "reactor_utilization": {
          "shard": "15",
          "value": 95.73873660000001
        }
      }
    ]
  },
  {
    "metrics": [
      {
        "reactor_utilization": {
          "shard": "0",
          "value": 96.149295600000144
        }
      },
      {
        "reactor_utilization": {
          "shard": "1",
          "value": 96.329533840000053
        }
      },
      {
        "reactor_utilization": {
          "shard": "2",
          "value": 95.04690021999987
        }
      },
      {
        "reactor_utilization": {
          "shard": "3",
          "value": 95.633031699999975
        }
      },
      {
        "reactor_utilization": {
          "shard": "4",
          "value": 87.455718740000222
        }
      },
      {
        "reactor_utilization": {
          "shard": "5",
          "value": 98.045689400000015
        }
      },
      {
        "reactor_utilization": {
          "shard": "6",
          "value": 87.955175840000038
        }
      },
      {
        "reactor_utilization": {
          "shard": "7",
          "value": 94.394599160000041
        }
      },
      {
        "reactor_utilization": {
          "shard": "8",
          "value": 98.083478179999929
        }
      },
      {
        "reactor_utilization": {
          "shard": "9",
          "value": 99.492260480000041
        }
      },
      {
        "reactor_utilization": {
          "shard": "10",
          "value": 93.896408720000053
        }
      },
      {
        "reactor_utilization": {
          "shard": "11",
          "value": 95.765753719999907
        }
      },
      {
        "reactor_utilization": {
          "shard": "12",
          "value": 95.532212619999967
        }
      },
      {
        "reactor_utilization": {
          "shard": "13",
          "value": 96.148870439999996
        }
      },
      {
        "reactor_utilization": {
          "shard": "14",
          "value": 67.391177899999931
        }
      },
      {
        "reactor_utilization": {
          "shard": "15",
          "value": 95.783599899999999
        }
      }
    ]
  },
  {
    "metrics": [
      {
        "reactor_utilization": {
          "shard": "0",
          "value": 96.133238300000144
        }
      },
      {
        "reactor_utilization": {
          "shard": "1",
          "value": 96.334217740000057
        }
      },
      {
        "reactor_utilization": {
          "shard": "2",
          "value": 95.090008419999862
        }
      },
      {
        "reactor_utilization": {
          "shard": "3",
          "value": 95.33620015999999
        }
      },
      {
        "reactor_utilization": {
          "shard": "4",
          "value": 87.186261140000227
        }
      },
      {
        "reactor_utilization": {
          "shard": "5",
          "value": 98.063791760000015
        }
      },
      {
        "reactor_utilization": {
          "shard": "6",
          "value": 88.22053980000004
        }
      },
      {
        "reactor_utilization": {
          "shard": "7",
          "value": 94.580741480000043
        }
      },
      {
        "reactor_utilization": {
          "shard": "8",
          "value": 98.070062639999932
        }
      },
      {
        "reactor_utilization": {
          "shard": "9",
          "value": 99.472698860000037
        }
      },
      {
        "reactor_utilization": {
          "shard": "10",
          "value": 93.834545060000067
        }
      },
      {
        "reactor_utilization": {
          "shard": "11",
          "value": 95.486496839999916
        }
      },
      {
        "reactor_utilization": {
          "shard": "12",
          "value": 95.734161219999976
        }
      },
      {
        "reactor_utilization": {
          "shard": "13",
          "value": 96.216503259999996
        }
      },
      {
        "reactor_utilization": {
          "shard": "14",
          "value": 66.699505319999929
        }
      },
      {
        "reactor_utilization": {
          "shard": "15",
          "value": 95.693003880000006
        }
      }
    ]
  },
  {
    "metrics": [
      {
        "reactor_utilization": {
          "shard": "0",
          "value": 95.86308632000015
        }
      },
      {
        "reactor_utilization": {
          "shard": "1",
          "value": 96.323337560000056
        }
      },
      {
        "reactor_utilization": {
          "shard": "2",
          "value": 95.40733927999986
        }
      },
      {
        "reactor_utilization": {
          "shard": "3",
          "value": 95.58630205999998
        }
      },
      {
        "reactor_utilization": {
          "shard": "4",
          "value": 87.327451080000216
        }
      },
      {
        "reactor_utilization": {
          "shard": "5",
          "value": 97.974073060000009
        }
      },
      {
        "reactor_utilization": {
          "shard": "6",
          "value": 88.284584820000035
        }
      },
      {
        "reactor_utilization": {
          "shard": "7",
          "value": 94.553071620000054
        }
      },
      {
        "reactor_utilization": {
          "shard": "8",
          "value": 97.967841039999925
        }
      },
      {
        "reactor_utilization": {
          "shard": "9",
          "value": 99.430882380000043
        }
      },
      {
        "reactor_utilization": {
          "shard": "10",
          "value": 93.593950400000054
        }
      },
      {
        "reactor_utilization": {
          "shard": "11",
          "value": 95.301468839999913
        }
      },
      {
        "reactor_utilization": {
          "shard": "12",
          "value": 95.756201919999967
        }
      },
      {
        "reactor_utilization": {
          "shard": "13",
          "value": 95.940444380000002
        }
      },
      {
        "reactor_utilization": {
          "shard": "14",
          "value": 67.241011139999912
        }
      },
      {
        "reactor_utilization": {
          "shard": "15",
          "value": 95.440091600000002
        }
      }
    ]
  },
  {
    "metrics": [
      {
        "reactor_utilization": {
          "shard": "0",
          "value": 95.964490020000142
        }
      },
      {
        "reactor_utilization": {
          "shard": "1",
          "value": 96.104343240000063
        }
      },
      {
        "reactor_utilization": {
          "shard": "2",
          "value": 94.920449659999861
        }
      },
      {
        "reactor_utilization": {
          "shard": "3",
          "value": 95.419052479999976
        }
      },
      {
        "reactor_utilization": {
          "shard": "4",
          "value": 87.601017280000221
        }
      },
      {
        "reactor_utilization": {
          "shard": "5",
          "value": 97.902113220000018
        }
      },
      {
        "reactor_utilization": {
          "shard": "6",
          "value": 87.886138420000037
        }
      },
      {
        "reactor_utilization": {
          "shard": "7",
          "value": 94.671238960000053
        }
      },
      {
        "reactor_utilization": {
          "shard": "8",
          "value": 98.011319399999934
        }
      },
      {
        "reactor_utilization": {
          "shard": "9",
          "value": 99.342387000000031
        }
      },
      {
        "reactor_utilization": {
          "shard": "10",
          "value": 94.101184940000053
        }
      },
      {
        "reactor_utilization": {
          "shard": "11",
          "value": 95.584886699999913
        }
      },
      {
        "reactor_utilization": {
          "shard": "12",
          "value": 95.817702039999972
        }
      },
      {
        "reactor_utilization": {
          "shard": "13",
          "value": 96.224454299999991
        }
      },
      {
        "reactor_utilization": {
          "shard": "14",
          "value": 67.274042199999911
        }
      },
      {
        "reactor_utilization": {
          "shard": "15",
          "value": 95.544598800000003
        }
      }
    ]
  },
  {
    "metrics": [
      {
        "reactor_utilization": {
          "shard": "0",
          "value": 95.981867700000151
        }
      },
      {
        "reactor_utilization": {
          "shard": "1",
          "value": 96.166621920000054
        }
      },
      {
        "reactor_utilization": {
          "shard": "2",
          "value": 95.016308219999857
        }
      },
      {
        "reactor_utilization": {
          "shard": "3",
          "value": 95.272506259999972
        }
      },
      {
        "reactor_utilization": {
          "shard": "4",
          "value": 87.735966580000223
        }
      },
      {
        "reactor_utilization": {
          "shard": "5",
          "value": 97.825056000000018
        }
      },
      {
        "reactor_utilization": {
          "shard": "6",
          "value": 88.086157860000043
        }
      },
      {
        "reactor_utilization": {
          "shard": "7",
          "value": 94.37213136000004
        }
      },
      {
        "reactor_utilization": {
          "shard": "8",
          "value": 97.870156499999922
        }
      },
      {
        "reactor_utilization": {
          "shard": "9",
          "value": 99.348788160000041
        }
      },
      {
        "reactor_utilization": {
          "shard": "10",
          "value": 94.016806840000072
        }
      },
      {
        "reactor_utilization": {
          "shard": "11",
          "value": 95.556118279999907
        }
      },
      {
        "reactor_utilization": {
          "shard": "12",
          "value": 95.694627339999968
        }
      },
      {
        "reactor_utilization": {
          "shard": "13",
          "value": 95.963152980000004
        }
      },
      {
        "reactor_utilization": {
          "shard": "14",
          "value": 67.269982819999925
        }
      },
      {
        "reactor_utilization": {
          "shard": "15",
          "value": 95.580181600000003
        }
      }
    ]
  },
  {
    "metrics": [
      {
        "reactor_utilization": {
          "shard": "0",
          "value": 95.99070554000015
        }
      },
      {
        "reactor_utilization": {
          "shard": "1",
          "value": 96.198127480000053
        }
      },
      {
        "reactor_utilization": {
          "shard": "2",
          "value": 95.116937399999856
        }
      },
      {
        "reactor_utilization": {
          "shard": "3",
          "value": 95.462209419999994
        }
      },
      {
        "reactor_utilization": {
          "shard": "4",
          "value": 87.49903810000022
        }
      },
      {
        "reactor_utilization": {
          "shard": "5",
          "value": 97.67805884000002
        }
      },
      {
        "reactor_utilization": {
          "shard": "6",
          "value": 88.231850160000036
        }
      },
      {
        "reactor_utilization": {
          "shard": "7",
          "value": 94.522920200000044
        }
      },
      {
        "reactor_utilization": {
          "shard": "8",
          "value": 97.806449839999928
        }
      },
      {
        "reactor_utilization": {
          "shard": "9",
          "value": 99.31276778000003
        }
      },
      {
        "reactor_utilization": {
          "shard": "10",
          "value": 93.968626240000063
        }
      },
      {
        "reactor_utilization": {
          "shard": "11",
          "value": 95.163248259999904
        }
      },
      {
        "reactor_utilization": {
          "shard": "12",
          "value": 95.722535879999967
        }
      },
      {
        "reactor_utilization": {
          "shard": "13",
          "value": 96.022620840000002
        }
      },
      {
        "reactor_utilization": {
          "shard": "14",
          "value": 66.850441859999918
        }
      },
      {
        "reactor_utilization": {
          "shard": "15",
          "value": 95.583352539999993
        }
      }
    ]
  },
  {
    "metrics": [
      {
        "reactor_utilization": {
          "shard": "0",
          "value": 95.88313308000015
        }
      },
      {
        "reactor_utilization": {
          "shard": "1",
          "value": 96.058153080000054
        }
      },
      {
        "reactor_utilization": {
          "shard": "2",
          "value": 95.145254399999857
        }
      },
      {
        "reactor_utilization": {
          "shard": "3",
          "value": 95.47550683999998
        }
      },
      {
        "reactor_utilization": {
          "shard": "4",
          "value": 87.654598200000223
        }
      },
      {
        "reactor_utilization": {
          "shard": "5",
          "value": 97.753573660000015
        }
      },
      {
        "reactor_utilization": {
          "shard": "6",
          "value": 87.666193200000038
        }
      },
      {
        "reactor_utilization": {
          "shard": "7",
          "value": 94.393591700000044
        }
      },
      {
        "reactor_utilization": {
          "shard": "8",
          "value": 97.89162357999993
        }
      },
      {
        "reactor_utilization": {
          "shard": "9",
          "value": 99.342005720000031
        }
      },
      {
        "reactor_utilization": {
          "shard": "10",
          "value": 93.84447706000006
        }
      },
      {
        "reactor_utilization": {
          "shard": "11",
          "value": 95.249298159999924
        }
      },
      {
        "reactor_utilization": {
          "shard": "12",
          "value": 95.492143179999971
        }
      },
      {
        "reactor_utilization": {
          "shard": "13",
          "value": 96.008011719999999
        }
      },
      {
        "reactor_utilization": {
          "shard": "14",
          "value": 67.09224241999992
        }
      },
      {
        "reactor_utilization": {
          "shard": "15",
          "value": 95.433733259999997
        }
      }
    ]
  },
  {
    "metrics": [
      {
        "reactor_utilization": {
          "shard": "0",
          "value": 95.859028740000142
        }
      },
      {
        "reactor_utilization": {
          "shard": "1",
          "value": 96.093927520000051
        }
      },
      {
        "reactor_utilization": {
          "shard": "2",
          "value": 94.908606319999862
        }
      },
      {
        "reactor_utilization": {
          "shard": "3",
          "value": 95.196841559999982
        }
      },
      {
        "reactor_utilization": {
          "shard": "4",
          "value": 87.356272180000218
        }
      },
      {
        "reactor_utilization": {
          "shard": "5",
          "value": 97.571960160000017
        }
      },
      {
        "reactor_utilization": {
          "shard": "6",
          "value": 88.016042860000042
        }
      },
      {
        "reactor_utilization": {
          "shard": "7",
          "value": 94.491996620000052
        }
      },
      {
        "reactor_utilization": {
          "shard": "8",
          "value": 97.780850959999938
        }
      },
      {
        "reactor_utilization": {
          "shard": "9",
          "value": 99.254772560000035
        }
      },
      {
        "reactor_utilization": {
          "shard": "10",
          "value": 93.791899980000053
        }
      },
      {
        "reactor_utilization": {
          "shard": "11",
          "value": 95.444906779999911
        }
      },
      {
        "reactor_utilization": {
          "shard": "12",
          "value": 95.64296979999996
        }
      },
      {
        "reactor_utilization": {
          "shard": "13",
          "value": 95.733263320000006
        }
      },
      {
        "reactor_utilization": {
          "shard": "14",
          "value": 67.31655113999993
        }
      },
      {
        "reactor_utilization": {
          "shard": "15",
          "value": 95.521620760000005
        }
      }
    ]
  },
  {
    "metrics": [
      {
        "reactor_utilization": {
          "shard": "0",
          "value": 95.664492560000141
        }
      },
      {
        "reactor_utilization": {
          "shard": "1",
          "value": 95.893138940000043
        }
      },
      {
        "reactor_utilization": {
          "shard": "2",
          "value": 94.899521659999863
        }
      },
      {
        "reactor_utilization": {
          "shard": "3",
          "value": 95.234829099999985
        }
      },
      {
        "reactor_utilization": {
          "shard": "4",
          "value": 87.538860240000218
        }
      },
      {
        "reactor_utilization": {
          "shard": "5",
          "value": 97.605844040000022
        }
      },
      {
        "reactor_utilization": {
          "shard": "6",
          "value": 87.618139020000044
        }
      },
      {
        "reactor_utilization": {
          "shard": "7",
          "value": 94.108585800000043
        }
      },
      {
        "reactor_utilization": {
          "shard": "8",
          "value": 97.661315219999921
        }
      },
      {
        "reactor_utilization": {
          "shard": "9",
          "value": 99.338339540000035
        }
      },
      {
        "reactor_utilization": {
          "shard": "10",
          "value": 93.858908700000072
        }
      },
      {
        "reactor_utilization": {
          "shard": "11",
          "value": 95.211140239999921
        }
      },
      {
        "reactor_utilization": {
          "shard": "12",
          "value": 95.724267619999964
        }
      },
      {
        "reactor_utilization": {
          "shard": "13",
          "value": 95.69783314
        }
      },
      {
        "reactor_utilization": {
          "shard": "14",
          "value": 68.03632889999993
        }
      },
      {
        "reactor_utilization": {
          "shard": "15",
          "value": 95.534780780000006
        }
      }
    ]
  },
  {
    "metrics": [
      {
        "reactor_utilization": {
          "shard": "0",
          "value": 95.764550500000141
        }
      },
      {
        "reactor_utilization": {
          "shard": "1",
          "value": 95.880162700000042
        }
      },
      {
        "reactor_utilization": {
          "shard": "2",
          "value": 94.74044577999986
        }
      },
      {
        "reactor_utilization": {
          "shard": "3",
          "value": 95.03654207999999
        }
      },
      {
        "reactor_utilization": {
          "shard": "4",
          "value": 87.146337760000208
        }
      },
      {
        "reactor_utilization": {
          "shard": "5",
          "value": 97.417506220000021
        }
      },
      {
        "reactor_utilization": {
          "shard": "6",
          "value": 87.70320878000004
        }
      },
      {
        "reactor_utilization": {
          "shard": "7",
          "value": 94.284476420000047
        }
      },
      {
        "reactor_utilization": {
          "shard": "8",
          "value": 97.724578759999929
        }
      },
      {
        "reactor_utilization": {
          "shard": "9",
          "value": 99.293628920000032
        }
      },
      {
        "reactor_utilization": {
          "shard": "10",
          "value": 93.568970620000059
        }
      },
      {
        "reactor_utilization": {
          "shard": "11",
          "value": 95.08870139999992
        }
      },
      {
        "reactor_utilization": {
          "shard": "12",
          "value": 95.617639139999966
        }
      },
      {
        "reactor_utilization": {
          "shard": "13",
          "value": 95.805956140000006
        }
      },
      {
        "reactor_utilization": {
          "shard": "14",
          "value": 66.614000059999924
        }
      },
      {
        "reactor_utilization": {
          "shard": "15",
          "value": 95.384098159999994
        }
      }
    ]
  },
  {
    "metrics": [
      {
        "reactor_utilization": {
          "shard": "0",
          "value": 95.626368060000146
        }
      },
      {
        "reactor_utilization": {
          "shard": "1",
          "value": 95.807686880000048
        }
      },
      {
        "reactor_utilization": {
          "shard": "2",
          "value": 94.716148259999869
        }
      },
      {
        "reactor_utilization": {
          "shard": "3",
          "value": 95.291145579999977
        }
      },
      {
        "reactor_utilization": {
          "shard": "4",
          "value": 87.669914960000213
        }
      },
      {
        "reactor_utilization": {
          "shard": "5",
          "value": 97.414632400000016
        }
      },
      {
        "reactor_utilization": {
          "shard": "6",
          "value": 87.921861940000042
        }
      },
      {
        "reactor_utilization": {
          "shard": "7",
          "value": 93.93915600000004
        }
      },
      {
        "reactor_utilization": {
          "shard": "8",
          "value": 97.728931399999937
        }
      },
      {
        "reactor_utilization": {
          "shard": "9",
          "value": 99.283468900000031
        }
      },
      {
        "reactor_utilization": {
          "shard": "10",
          "value": 93.544917200000071
        }
      },
      {
        "reactor_utilization": {
          "shard": "11",
          "value": 94.886679019999917
        }
      },
      {
        "reactor_utilization": {
          "shard": "12",
          "value": 95.754353979999976
        }
      },
      {
        "reactor_utilization": {
          "shard": "13",
          "value": 95.757513700000004
        }
      },
      {
        "reactor_utilization": {
          "shard": "14",
          "value": 67.292170279999937
        }
      },
      {
        "reactor_utilization": {
          "shard": "15",
          "value": 95.198199059999993
        }
      }
    ]
  },
  {
    "metrics": [
      {
        "reactor_utilization": {
          "shard": "0",
          "value": 95.209145820000145
        }
      },
      {
        "reactor_utilization": {
          "shard": "1",
          "value": 95.948852300000055
        }
      },
      {
        "reactor_utilization": {
          "shard": "2",
          "value": 94.475248739999856
        }
      },
      {
        "reactor_utilization": {
          "shard": "3",
          "value": 94.827275399999976
        }
      },
      {
        "reactor_utilization": {
          "shard": "4",
          "value": 86.993415820000223
        }
      },
      {
        "reactor_utilization": {
          "shard": "5",
          "value": 97.235129180000015
        }
      },
      {
        "reactor_utilization": {
          "shard": "6",
          "value": 87.869925480000049
        }
      },
      {
        "reactor_utilization": {
          "shard": "7",
          "value": 93.957969520000034
        }
      },
      {
        "reactor_utilization": {
          "shard": "8",
          "value": 97.597396279999927
        }
      },
      {
        "reactor_utilization": {
          "shard": "9",
          "value": 99.176986820000039
        }
      },
      {
        "reactor_utilization": {
          "shard": "10",
          "value": 93.603080960000057
        }
      },
      {
        "reactor_utilization": {
          "shard": "11",
          "value": 95.258308259999907
        }
      },
      {
        "reactor_utilization": {
          "shard": "12",
          "value": 95.348473599999977
        }
      },
      {
        "reactor_utilization": {
          "shard": "13",
          "value": 95.695589080000005
        }
      },
      {
        "reactor_utilization": {
          "shard": "14",
          "value": 67.866646659999915
        }
      },
      {
        "reactor_utilization": {
          "shard": "15",
          "value": 95.263627360000001
        }
      }
    ]
  },
  {
    "metrics": [
      {
        "reactor_utilization": {
          "shard": "0",
          "value": 94.847535940000142
        }
      },
      {
        "reactor_utilization": {
          "shard": "1",
          "value": 95.127596060000059
        }
      },
      {
        "reactor_utilization": {
          "shard": "2",
          "value": 93.490653279999862
        }
      },
      {
        "reactor_utilization": {
          "shard": "3",
          "value": 94.286828179999986
        }
      },
      {
        "reactor_utilization": {
          "shard": "4",
          "value": 84.878514800000218
        }
      },
      {
        "reactor_utilization": {
          "shard": "5",
          "value": 96.946777160000025
        }
      },
      {
        "reactor_utilization": {
          "shard": "6",
          "value": 86.401026480000041
        }
      },
      {
        "reactor_utilization": {
          "shard": "7",
          "value": 93.221053020000042
        }
      },
      {
        "reactor_utilization": {
          "shard": "8",
          "value": 97.003165259999918
        }
      },
      {
        "reactor_utilization": {
          "shard": "9",
          "value": 99.092926780000028
        }
      },
      {
        "reactor_utilization": {
          "shard": "10",
          "value": 93.094747640000065
        }
      },
      {
        "reactor_utilization": {
          "shard": "11",
          "value": 93.936275419999916
        }
      },
      {
        "reactor_utilization": {
          "shard": "12",
          "value": 95.230044139999976
        }
      },
      {
        "reactor_utilization": {
          "shard": "13",
          "value": 95.329285780000006
        }
      },
      {
        "reactor_utilization": {
          "shard": "14",
          "value": 67.946603339999925
        }
      },
      {
        "reactor_utilization": {
          "shard": "15",
          "value": 94.7747265
        }
      }
    ]
  },
  {
    "metrics": [
      {
        "reactor_utilization": {
          "shard": "0",
          "value": 93.737683340000146
        }
      },
      {
        "reactor_utilization": {
          "shard": "1",
          "value": 94.434301400000052
        }
      },
      {
        "reactor_utilization": {
          "shard": "2",
          "value": 92.333706439999858
        }
      },
      {
        "reactor_utilization": {
          "shard": "3",
          "value": 92.919923219999973
        }
      },
      {
        "reactor_utilization": {
          "shard": "4",
          "value": 84.533550520000219
        }
      },
      {
        "reactor_utilization": {
          "shard": "5",
          "value": 96.158136960000022
        }
      },
      {
        "reactor_utilization": {
          "shard": "6",
          "value": 85.970365200000046
        }
      },
      {
        "reactor_utilization": {
          "shard": "7",
          "value": 92.397912860000048
        }
      },
      {
        "reactor_utilization": {
          "shard": "8",
          "value": 96.676185799999928
        }
      },
      {
        "reactor_utilization": {
          "shard": "9",
          "value": 98.821559200000024
        }
      },
      {
        "reactor_utilization": {
          "shard": "10",
          "value": 92.365874780000055
        }
      },
      {
        "reactor_utilization": {
          "shard": "11",
          "value": 93.726875959999916
        }
      },
      {
        "reactor_utilization": {
          "shard": "12",
          "value": 94.295718979999975
        }
      },
      {
        "reactor_utilization": {
          "shard": "13",
          "value": 95.020266860000007
        }
      },
      {
        "reactor_utilization": {
          "shard": "14",
          "value": 67.068526619999929
        }
      },
      {
        "reactor_utilization": {
          "shard": "15",
          "value": 94.470179220000006
        }
      }
    ]
  },
  {
    "metrics": [
      {
        "reactor_utilization": {
          "shard": "0",
          "value": 92.277663420000138
        }
      },
      {
        "reactor_utilization": {
          "shard": "1",
          "value": 93.514066020000058
        }
      },
      {
        "reactor_utilization": {
          "shard": "2",
          "value": 91.819796599999862
        }
      },
      {
        "reactor_utilization": {
          "shard": "3",
          "value": 91.248679919999987
        }
      },
      {
        "reactor_utilization": {
          "shard": "4",
          "value": 83.967412740000228
        }
      },
      {
        "reactor_utilization": {
          "shard": "5",
          "value": 95.693819220000023
        }
      },
      {
        "reactor_utilization": {
          "shard": "6",
          "value": 84.067835760000037
        }
      },
      {
        "reactor_utilization": {
          "shard": "7",
          "value": 91.533201900000037
        }
      },
      {
        "reactor_utilization": {
          "shard": "8",
          "value": 96.093038499999921
        }
      },
      {
        "reactor_utilization": {
          "shard": "9",
          "value": 98.666043400000035
        }
      },
      {
        "reactor_utilization": {
          "shard": "10",
          "value": 92.008786800000067
        }
      },
      {
        "reactor_utilization": {
          "shard": "11",
          "value": 93.023873339999923
        }
      },
      {
        "reactor_utilization": {
          "shard": "12",
          "value": 94.581605619999976
        }
      },
      {
        "reactor_utilization": {
          "shard": "13",
          "value": 94.333971840000004
        }
      },
      {
        "reactor_utilization": {
          "shard": "14",
          "value": 66.674392339999926
        }
      },
      {
        "reactor_utilization": {
          "shard": "15",
          "value": 93.748643240000007
        }
      }
    ]
  },
  {
    "metrics": [
      {
        "reactor_utilization": {
          "shard": "0",
          "value": 93.66921092000014
        }
      },
      {
        "reactor_utilization": {
          "shard": "1",
          "value": 93.858998380000045
        }
      },
      {
        "reactor_utilization": {
          "shard": "2",
          "value": 92.735816659999855
        }
      },
      {
        "reactor_utilization": {
          "shard": "3",
          "value": 93.436883319999993
        }
      },
      {
        "reactor_utilization": {
          "shard": "4",
          "value": 84.495089820000231
        }
      },
      {
        "reactor_utilization": {
          "shard": "5",
          "value": 96.069223520000023
        }
      },
      {
        "reactor_utilization": {
          "shard": "6",
          "value": 84.671142000000046
        }
      },
      {
        "reactor_utilization": {
          "shard": "7",
          "value": 91.531073800000044
        }
      },
      {
        "reactor_utilization": {
          "shard": "8",
          "value": 96.443304339999926
        }
      },
      {
        "reactor_utilization": {
          "shard": "9",
          "value": 98.947661660000037
        }
      },
      {
        "reactor_utilization": {
          "shard": "10",
          "value": 92.683198960000055
        }
      },
      {
        "reactor_utilization": {
          "shard": "11",
          "value": 93.82091253999991
        }
      },
      {
        "reactor_utilization": {
          "shard": "12",
          "value": 94.281413039999975
        }
      },
      {
        "reactor_utilization": {
          "shard": "13",
          "value": 94.47519862
        }
      },
      {
        "reactor_utilization": {
          "shard": "14",
          "value": 68.652461219999921
        }
      },
      {
        "reactor_utilization": {
          "shard": "15",
          "value": 93.521192060000004
        }
      }
    ]
  },
  {
    "metrics": [
      {
        "reactor_utilization": {
          "shard": "0",
          "value": 94.370465260000145
        }
      },
      {
        "reactor_utilization": {
          "shard": "1",
          "value": 92.91879626000005
        }
      },
      {
        "reactor_utilization": {
          "shard": "2",
          "value": 91.897652719999854
        }
      },
      {
        "reactor_utilization": {
          "shard": "3",
          "value": 93.592912699999985
        }
      },
      {
        "reactor_utilization": {
          "shard": "4",
          "value": 83.866959640000232
        }
      },
      {
        "reactor_utilization": {
          "shard": "5",
          "value": 95.988147480000023
        }
      },
      {
        "reactor_utilization": {
          "shard": "6",
          "value": 85.263714320000034
        }
      },
      {
        "reactor_utilization": {
          "shard": "7",
          "value": 92.904468920000042
        }
      },
      {
        "reactor_utilization": {
          "shard": "8",
          "value": 96.476679839999917
        }
      },
      {
        "reactor_utilization": {
          "shard": "9",
          "value": 98.767937060000037
        }
      },
      {
        "reactor_utilization": {
          "shard": "10",
          "value": 92.01295738000006
        }
      },
      {
        "reactor_utilization": {
          "shard": "11",
          "value": 93.709581559999918
        }
      },
      {
        "reactor_utilization": {
          "shard": "12",
          "value": 93.62894615999997
        }
      },
      {
        "reactor_utilization": {
          "shard": "13",
          "value": 94.492130020000005
        }
      },
      {
        "reactor_utilization": {
          "shard": "14",
          "value": 67.061158259999928
        }
      },
      {
        "reactor_utilization": {
          "shard": "15",
          "value": 93.122443399999995
        }
      }
    ]
  },
  {
    "metrics": [
      {
        "reactor_utilization": {
          "shard": "0",
          "value": 94.356899460000136
        }
      },
      {
        "reactor_utilization": {
          "shard": "1",
          "value": 93.980696780000045
        }
      },
      {
        "reactor_utilization": {
          "shard": "2",
          "value": 92.583924519999854
        }
      },
      {
        "reactor_utilization": {
          "shard": "3",
          "value": 93.709429799999981
        }
      },
      {
        "reactor_utilization": {
          "shard": "4",
          "value": 84.76949638000022
        }
      },
      {
        "reactor_utilization": {
          "shard": "5",
          "value": 96.193572120000013
        }
      },
      {
        "reactor_utilization": {
          "shard": "6",
          "value": 86.469470380000033
        }
      },
      {
        "reactor_utilization": {
          "shard": "7",
          "value": 92.539075420000046
        }
      },
      {
        "reactor_utilization": {
          "shard": "8",
          "value": 96.358832019999923
        }
      },
      {
        "reactor_utilization": {
          "shard": "9",
          "value": 98.769699200000034
        }
      },
      {
        "reactor_utilization": {
          "shard": "10",
          "value": 92.388962460000059
        }
      },
      {
        "reactor_utilization": {
          "shard": "11",
          "value": 93.269645939999918
        }
      },
      {
        "reactor_utilization": {
          "shard": "12",
          "value": 94.340755319999971
        }
      },
      {
        "reactor_utilization": {
          "shard": "13",
          "value": 94.65384032
        }
      },
      {
        "reactor_utilization": {
          "shard": "14",
          "value": 68.231391779999939
        }
      },
      {
        "reactor_utilization": {
          "shard": "15",
          "value": 94.134286959999997
        }
      }
    ]
  },
  {
    "metrics": [
      {
        "reactor_utilization": {
          "shard": "0",
          "value": 93.956653140000142
        }
      },
      {
        "reactor_utilization": {
          "shard": "1",
          "value": 95.243810240000045
        }
      },
      {
        "reactor_utilization": {
          "shard": "2",
          "value": 93.225720479999865
        }
      },
      {
        "reactor_utilization": {
          "shard": "3",
          "value": 94.113041919999986
        }
      },
      {
        "reactor_utilization": {
          "shard": "4",
          "value": 85.035906780000232
        }
      },
      {
        "reactor_utilization": {
          "shard": "5",
          "value": 96.089239280000015
        }
      },
      {
        "reactor_utilization": {
          "shard": "6",
          "value": 86.118742260000047
        }
      },
      {
        "reactor_utilization": {
          "shard": "7",
          "value": 93.77081498000004
        }
      },
      {
        "reactor_utilization": {
          "shard": "8",
          "value": 96.413179759999935
        }
      },
      {
        "reactor_utilization": {
          "shard": "9",
          "value": 98.821744140000035
        }
      },
      {
        "reactor_utilization": {
          "shard": "10",
          "value": 92.260611960000062
        }
      },
      {
        "reactor_utilization": {
          "shard": "11",
          "value": 92.388884839999918
        }
      },
      {
        "reactor_utilization": {
          "shard": "12",
          "value": 93.988477319999973
        }
      },
      {
        "reactor_utilization": {
          "shard": "13",
          "value": 94.168778680000003
        }
      },
      {
        "reactor_utilization": {
          "shard": "14",
          "value": 66.639496839999921
        }
      },
      {
        "reactor_utilization": {
          "shard": "15",
          "value": 93.226867619999993
        }
      }
    ]
  },
  {
    "metrics": [
      {
        "reactor_utilization": {
          "shard": "0",
          "value": 94.033818800000148
        }
      },
      {
        "reactor_utilization": {
          "shard": "1",
          "value": 94.907588400000051
        }
      },
      {
        "reactor_utilization": {
          "shard": "2",
          "value": 93.602266399999863
        }
      },
      {
        "reactor_utilization": {
          "shard": "3",
          "value": 93.958039059999976
        }
      },
      {
        "reactor_utilization": {
          "shard": "4",
          "value": 84.80784164000022
        }
      },
      {
        "reactor_utilization": {
          "shard": "5",
          "value": 96.174327780000013
        }
      },
      {
        "reactor_utilization": {
          "shard": "6",
          "value": 86.145787580000047
        }
      },
      {
        "reactor_utilization": {
          "shard": "7",
          "value": 94.191901080000036
        }
      },
      {
        "reactor_utilization": {
          "shard": "8",
          "value": 96.114751299999938
        }
      },
      {
        "reactor_utilization": {
          "shard": "9",
          "value": 98.624513440000044
        }
      },
      {
        "reactor_utilization": {
          "shard": "10",
          "value": 93.801740040000055
        }
      },
      {
        "reactor_utilization": {
          "shard": "11",
          "value": 93.043681679999906
        }
      },
      {
        "reactor_utilization": {
          "shard": "12",
          "value": 93.935656759999972
        }
      },
      {
        "reactor_utilization": {
          "shard": "13",
          "value": 94.219023499999992
        }
      },
      {
        "reactor_utilization": {
          "shard": "14",
          "value": 66.855831139999935
        }
      },
      {
        "reactor_utilization": {
          "shard": "15",
          "value": 94.216952700000007
        }
      }
    ]
  },
  {
    "metrics": [
      {
        "reactor_utilization": {
          "shard": "0",
          "value": 94.095185000000143
        }
      },
      {
        "reactor_utilization": {
          "shard": "1",
          "value": 94.347783400000054
        }
      },
      {
        "reactor_utilization": {
          "shard": "2",
          "value": 93.22701229999987
        }
      },
      {
        "reactor_utilization": {
          "shard": "3",
          "value": 93.307575359999987
        }
      },
      {
        "reactor_utilization": {
          "shard": "4",
          "value": 83.841989820000222
        }
      },
      {
        "reactor_utilization": {
          "shard": "5",
          "value": 94.750921380000023
        }
      },
      {
        "reactor_utilization": {
          "shard": "6",
          "value": 85.350451760000041
        }
      },
      {
        "reactor_utilization": {
          "shard": "7",
          "value": 92.900842800000035
        }
      },
      {
        "reactor_utilization": {
          "shard": "8",
          "value": 95.741539899999921
        }
      },
      {
        "reactor_utilization": {
          "shard": "9",
          "value": 98.618367840000033
        }
      },
      {
        "reactor_utilization": {
          "shard": "10",
          "value": 92.620373760000064
        }
      },
      {
        "reactor_utilization": {
          "shard": "11",
          "value": 93.999356779999914
        }
      },
      {
        "reactor_utilization": {
          "shard": "12",
          "value": 94.24058765999996
        }
      },
      {
        "reactor_utilization": {
          "shard": "13",
          "value": 94.405331060000009
        }
      },
      {
        "reactor_utilization": {
          "shard": "14",
          "value": 66.855859699999925
        }
      },
      {
        "reactor_utilization": {
          "shard": "15",
          "value": 93.83110508
        }
      }
    ]
  },
  {
    "metrics": [
      {
        "reactor_utilization": {
          "shard": "0",
          "value": 95.154343660000151
        }
      },
      {
        "reactor_utilization": {
          "shard": "1",
          "value": 95.992661380000044
        }
      },
      {
        "reactor_utilization": {
          "shard": "2",
          "value": 94.412027439999861
        }
      },
      {
        "reactor_utilization": {
          "shard": "3",
          "value": 94.538523199999986
        }
      },
      {
        "reactor_utilization": {
          "shard": "4",
          "value": 85.789768520000223
        }
      },
      {
        "reactor_utilization": {
          "shard": "5",
          "value": 97.655588500000007
        }
      },
      {
        "reactor_utilization": {
          "shard": "6",
          "value": 86.882575140000043
        }
      },
      {
        "reactor_utilization": {
          "shard": "7",
          "value": 94.196406620000033
        }
      },
      {
        "reactor_utilization": {
          "shard": "8",
          "value": 97.286196839999931
        }
      },
      {
        "reactor_utilization": {
          "shard": "9",
          "value": 99.175752240000037
        }
      },
      {
        "reactor_utilization": {
          "shard": "10",
          "value": 93.901486300000059
        }
      },
      {
        "reactor_utilization": {
          "shard": "11",
          "value": 95.318923299999909
        }
      },
      {
        "reactor_utilization": {
          "shard": "12",
          "value": 95.911639919999971
        }
      },
      {
        "reactor_utilization": {
          "shard": "13",
          "value": 94.934528960000009
        }
      },
      {
        "reactor_utilization": {
          "shard": "14",
          "value": 66.973125259999932
        }
      },
      {
        "reactor_utilization": {
          "shard": "15",
          "value": 94.77495218
        }
      }
    ]
  },
  {
    "metrics": [
      {
        "reactor_utilization": {
          "shard": "0",
          "value": 95.683526000000143
        }
      },
      {
        "reactor_utilization": {
          "shard": "1",
          "value": 96.484007140000045
        }
      },
      {
        "reactor_utilization": {
          "shard": "2",
          "value": 94.690218459999869
        }
      },
      {
        "reactor_utilization": {
          "shard": "3",
          "value": 94.954357239999979
        }
      },
      {
        "reactor_utilization": {
          "shard": "4",
          "value": 86.002671320000218
        }
      },
      {
        "reactor_utilization": {
          "shard": "5",
          "value": 98.436922380000013
        }
      },
      {
        "reactor_utilization": {
          "shard": "6",
          "value": 87.984364900000045
        }
      },
      {
        "reactor_utilization": {
          "shard": "7",
          "value": 95.421725440000031
        }
      },
      {
        "reactor_utilization": {
          "shard": "8",
          "value": 97.940291259999938
        }
      },
      {
        "reactor_utilization": {
          "shard": "9",
          "value": 99.206383980000041
        }
      },
      {
        "reactor_utilization": {
          "shard": "10",
          "value": 94.597232300000059
        }
      },
      {
        "reactor_utilization": {
          "shard": "11",
          "value": 95.583637539999927
        }
      },
      {
        "reactor_utilization": {
          "shard": "12",
          "value": 96.389079739999971
        }
      },
      {
        "reactor_utilization": {
          "shard": "13",
          "value": 96.093839079999995
        }
      },
      {
        "reactor_utilization": {
          "shard": "14",
          "value": 66.831031159999938
        }
      },
      {
        "reactor_utilization": {
          "shard": "15",
          "value": 95.408709459999997
        }
      }
    ]
  }
]
