[
  {
    "metrics": [
      {
        "reactor_utilization": {
          "shard": "0",
          "value": 73.718555020000068
        }
      },
      {
        "reactor_utilization": {
          "shard": "1",
          "value": 76.871328779999999
        }
      },
      {
        "reactor_utilization": {
          "shard": "2",
          "value": 86.187988619999828
        }
      },
      {
        "reactor_utilization": {
          "shard": "3",
          "value": 84.351932879999978
        }
      },
      {
        "reactor_utilization": {
          "shard": "4",
          "value": 86.274969940000219
        }
      },
      {
        "reactor_utilization": {
          "shard": "5",
          "value": 85.912232400000008
        }
      },
      {
        "reactor_utilization": {
          "shard": "6",
          "value": 93.115679040000032
        }
      },
      {
        "reactor_utilization": {
          "shard": "7",
          "value": 85.447775080000056
        }
      },
      {
        "reactor_utilization": {
          "shard": "8",
          "value": 91.522465779999933
        }
      },
      {
        "reactor_utilization": {
          "shard": "9",
          "value": 87.040568640000032
        }
      },
      {
        "reactor_utilization": {
          "shard": "10",
          "value": 85.345270100000064
        }
      },
      {
        "reactor_utilization": {
          "shard": "11",
          "value": 87.178194779999927
        }
      },
      {
        "reactor_utilization": {
          "shard": "12",
          "value": 87.724081859999941
        }
      },
      {
        "reactor_utilization": {
          "shard": "13",
          "value": 88.515670000000028
        }
      },
      {
        "reactor_utilization": {
          "shard": "14",
          "value": 92.150919479999899
        }
      },
      {
        "reactor_utilization": {
          "shard": "15",
          "value": 77.501895180000005
        }
      }
    ]
  },
  {
    "metrics": [
      {
        "reactor_utilization": {
          "shard": "0",
          "value": 74.142209820000076
        }
      },
      {
        "reactor_utilization": {
          "shard": "1",
          "value": 76.625929600000006
        }
      },
      {
        "reactor_utilization": {
          "shard": "2",
          "value": 86.00063577999984
        }
      },
      {
        "reactor_utilization": {
          "shard": "3",
          "value": 84.346511379999981
        }
      },
      {
        "reactor_utilization": {
          "shard": "4",
          "value": 85.854522300000212
        }
      },
      {
        "reactor_utilization": {
          "shard": "5",
          "value": 85.674413520000002
        }
      },
      {
        "reactor_utilization": {
          "shard": "6",
          "value": 92.816796980000021
        }
      },
      {
        "reactor_utilization": {
          "shard": "7",
          "value": 85.41632388000005
        }
      },
      {
        "reactor_utilization": {
          "shard": "8",
          "value": 91.165047019999932
        }
      },
      {
        "reactor_utilization": {
          "shard": "9",
          "value": 86.767728560000023
        }
      },
      {
        "reactor_utilization": {
          "shard": "10",
          "value": 85.654488040000061
        }
      },
      {
        "reactor_utilization": {
          "shard": "11",
          "value": 87.016034199999922
        }
      },
      {
        "reactor_utilization": {
          "shard": "12",
          "value": 87.667647359999961
        }
      },
      {
        "reactor_utilization": {
          "shard": "13",
          "value": 88.091368120000027
        }
      },
      {
        "reactor_utilization": {
          "shard": "14",
          "value": 91.889373639999903
        }
      },
      {
        "reactor_utilization": {
          "shard": "15",
          "value": 77.551230960000012
        }
      }
    ]
  },
  {
    "metrics": [
      {
        "reactor_utilization": {
          "shard": "0",
          "value": 73.787793320000077
        }
      },
      {
        "reactor_utilization": {
          "shard": "1",
          "value": 76.071680260000008
        }
      },
      {
        "reactor_utilization": {
          "shard": "2",
          "value": 85.617217459999821
        }
      },
      {
        "reactor_utilization": {
          "shard": "3",
          "value": 84.211911839999971
        }
      },
      {
        "reactor_utilization": {
          "shard": "4",
          "value": 85.763931600000205
        }
      },
      {
        "reactor_utilization": {
          "shard": "5",
          "value": 85.34908406000001
        }
      },
      {
        "reactor_utilization": {
          "shard": "6",
          "value": 92.514306840000032
        }
      },
      {
        "reactor_utilization": {
          "shard": "7",
          "value": 84.993911360000055
        }
      },
      {
        "reactor_utilization": {
          "shard": "8",
          "value": 90.862778299999931
        }
      },
      {
        "reactor_utilization": {
          "shard": "9",
          "value": 86.524610660000022
        }
      },
      {
        "reactor_utilization": {
          "shard": "10",
          "value": 85.055632840000058
        }
      },
      {
        "reactor_utilization": {
          "shard": "11",
          "value": 86.61742979999994
        }
      },
      {
        "reactor_utilization": {
          "shard": "12",
          "value": 87.284294659999944
        }
      },
      {
        "reactor_utilization": {
          "shard": "13",
          "value": 87.915036680000014
        }
      },
      {
        "reactor_utilization": {
          "shard": "14",
          "value": 91.562915719999907
        }
      },
      {
        "reactor_utilization": {
          "shard": "15",
          "value": 77.27784364
        }
      }
    ]
  },
  {
    "metrics": [
      {
        "reactor_utilization": {
          "shard": "0",
          "value": 73.092237280000063
        }
      },
      {
        "reactor_utilization": {
          "shard": "1",
          "value": 76.142267260000011
        }
      },
      {
        "reactor_utilization": {
          "shard": "2",
          "value": 85.811856479999832
        }
      },
      {
        "reactor_utilization": {
          "shard": "3",
          "value": 84.034840899999978
        }
      },
      {
        "reactor_utilization": {
          "shard": "4",
          "value": 85.765964620000204
        }
      },
      {
        "reactor_utilization": {
          "shard": "5",
          "value": 85.381621859999996
        }
      },
      {
        "reactor_utilization": {
          "shard": "6",
          "value": 92.542719520000034
        }
      },
      {
        "reactor_utilization": {
          "shard": "7",
          "value": 84.883621100000056
        }
      },
      {
        "reactor_utilization": {
          "shard": "8",
          "value": 90.845560859999935
        }
      },
      {
        "reactor_utilization": {
          "shard": "9",
          "value": 86.510521680000025
        }
      },
      {
        "reactor_utilization": {
          "shard": "10",
          "value": 85.099381280000046
        }
      },
      {
        "reactor_utilization": {
          "shard": "11",
          "value": 86.705132839999919
        }
      },
      {
        "reactor_utilization": {
          "shard": "12",
          "value": 87.31098517999996
        }
      },
      {
        "reactor_utilization": {
          "shard": "13",
          "value": 87.948839080000013
        }
      },
      {
        "reactor_utilization": {
          "shard": "14",
          "value": 91.617251819999908
        }
      },
      {
        "reactor_utilization": {
          "shard": "15",
          "value": 77.305936340000002
        }
      }
    ]
  },
  {
    "metrics": [
      {
        "reactor_utilization": {
          "shard": "0",
          "value": 73.557269620000071
        }
      },
      {
        "reactor_utilization": {
          "shard": "1",
          "value": 76.623691280000003
        }
      },
      {
        "reactor_utilization": {
          "shard": "2",
          "value": 85.207843699999827
        }
      },
      {
        "reactor_utilization": {
          "shard": "3",
          "value": 83.423179399999981
        }
      },
      {
        "reactor_utilization": {
          "shard": "4",
          "value": 85.403094740000213
        }
      },
      {
        "reactor_utilization": {
          "shard": "5",
          "value": 85.423775360000008
        }
      },
      {
        "reactor_utilization": {
          "shard": "6",
          "value": 92.310595300000031
        }
      },
      {
        "reactor_utilization": {
          "shard": "7",
          "value": 84.763141440000041
        }
      },
      {
        "reactor_utilization": {
          "shard": "8",
          "value": 90.585576559999922
        }
      },
      {
        "reactor_utilization": {
          "shard": "9",
          "value": 86.467892360000022
        }
      },
      {
        "reactor_utilization": {
          "shard": "10",
          "value": 85.346571220000058
        }
      },
      {
        "reactor_utilization": {
          "shard": "11",
          "value": 86.819274179999923
        }
      },
      {
        "reactor_utilization": {
          "shard": "12",
          "value": 87.295137299999965
        }
      },
      {
        "reactor_utilization": {
          "shard": "13",
          "value": 87.928109640000017
        }
      },
      {
        "reactor_utilization": {
          "shard": "14",
          "value": 91.423968059999908
        }
      },
      {
        "reactor_utilization": {
          "shard": "15",
          "value": 77.265184939999983
        }
      }
    ]
  },
  {
    "metrics": [
      {
        "reactor_utilization": {
          "shard": "0",
          "value": 73.279003000000074
        }
      },
      {
        "reactor_utilization": {
          "shard": "1",
          "value": 76.335689460000012
        }
      },
      {
        "reactor_utilization": {
          "shard": "2",
          "value": 85.304109579999832
        }
      },
      {
        "reactor_utilization": {
          "shard": "3",
          "value": 83.457254979999988
        }
      },
      {
        "reactor_utilization": {
          "shard": "4",
          "value": 85.755682560000196
        }
      },
      {
        "reactor_utilization": {
          "shard": "5",
          "value": 84.899011860000002
        }
      },
      {
        "reactor_utilization": {
          "shard": "6",
          "value": 92.38924430000003
        }
      },
      {
        "reactor_utilization": {
          "shard": "7",
          "value": 85.008304280000047
        }
      },
      {
        "reactor_utilization": {
          "shard": "8",
          "value": 90.56986595999993
        }
      },
      {
        "reactor_utilization": {
          "shard": "9",
          "value": 85.979565080000015
        }
      },
      {
        "reactor_utilization": {
          "shard": "10",
          "value": 85.107402600000043
        }
      },
      {
        "reactor_utilization": {
          "shard": "11",
          "value": 86.580895219999917
        }
      },
      {
        "reactor_utilization": {
          "shard": "12",
          "value": 87.237562179999955
        }
      },
      {
        "reactor_utilization": {
          "shard": "13",
          "value": 87.674107300000017
        }
      },
      {
        "reactor_utilization": {
          "shard": "14",
          "value": 91.2453813999999
        }
      },
      {
        "reactor_utilization": {
          "shard": "15",
          "value": 77.018332139999998
        }
      }
    ]
  },
  {
    "metrics": [
      {
        "reactor_utilization": {
          "shard": "0",
          "value": 73.369770380000077
        }
      },
      {
        "reactor_utilization": {
          "shard": "1",
          "value": 76.38205342000002
        }
      },
      {
        "reactor_utilization": {
          "shard": "2",
          "value": 85.324356859999838
        }
      },
      {
        "reactor_utilization": {
          "shard": "3",
          "value": 83.366307639999988
        }
      },
      {
        "reactor_utilization": {
          "shard": "4",
          "value": 85.570287180000193
        }
      },
      {
        "reactor_utilization": {
          "shard": "5",
          "value": 84.732121980000002
        }
      },
      {
        "reactor_utilization": {
          "shard": "6",
          "value": 92.314079040000024
        }
      },
      {
        "reactor_utilization": {
          "shard": "7",
          "value": 84.708127240000053
        }
      },
      {
        "reactor_utilization": {
          "shard": "8",
          "value": 90.390578199999922
        }
      },
      {
        "reactor_utilization": {
          "shard": "9",
          "value": 86.058932240000019
        }
      },
      {
        "reactor_utilization": {
          "shard": "10",
          "value": 85.206690260000045
        }
      },
      {
        "reactor_utilization": {
          "shard": "11",
          "value": 86.413218099999924
        }
      },
      {
        "reactor_utilization": {
          "shard": "12",
          "value": 87.126034819999958
        }
      },
      {
        "reactor_utilization": {
          "shard": "13",
          "value": 87.618041800000015
        }
      },
      {
        "reactor_utilization": {
          "shard": "14",
          "value": 90.979270179999901
        }
      },
      {
        "reactor_utilization": {
          "shard": "15",
          "value": 76.678332499999996
        }
      }
    ]
  },
  {
    "metrics": [
      {
        "reactor_utilization": {
          "shard": "0",
          "value": 73.165583880000071
        }
      },
      {
        "reactor_utilization": {
          "shard": "1",
          "value": 76.25235072000001
        }
      },
      {
        "reactor_utilization": {
          "shard": "2",
          "value": 85.00975209999983
        }
      },
      {
        "reactor_utilization": {
          "shard": "3",
          "value": 83.674826299999978
        }
      },
      {
        "reactor_utilization": {
          "shard": "4",
          "value": 85.129696620000189
        }
      },
      {
        "reactor_utilization": {
          "shard": "5",
          "value": 84.9401589
        }
      },
      {
        "reactor_utilization": {
          "shard": "6",
          "value": 91.930157800000018
        }
      },
      {
        "reactor_utilization": {
          "shard": "7",
          "value": 84.334137760000047
        }
      },
      {
        "reactor_utilization": {
          "shard": "8",
          "value": 90.082143659999929
        }
      },
      {
        "reactor_utilization": {
          "shard": "9",
          "value": 86.166004520000016
        }
      },
      {
        "reactor_utilization": {
          "shard": "10",
          "value": 84.756625460000052
        }
      },
      {
        "reactor_utilization": {
          "shard": "11",
          "value": 86.255729079999924
        }
      },
      {
        "reactor_utilization": {
          "shard": "12",
          "value": 87.300284059999953
        }
      },
      {
        "reactor_utilization": {
          "shard": "13",
          "value": 87.415290980000009
        }
      },
      {
        "reactor_utilization": {
          "shard": "14",
          "value": 91.286378439999908
        }
      },
      {
        "reactor_utilization": {
          "shard": "15",
          "value": 77.200683580000003
        }
      }
    ]
  },
  {
    "metrics": [
      {
        "reactor_utilization": {
          "shard": "0",
          "value": 73.785887320000072
        }
      },
      {
        "reactor_utilization": {
          "shard": "1",
          "value": 76.605021100000002
        }
      },
      {
        "reactor_utilization": {
          "shard": "2",
          "value": 85.406925939999837
        }
      },
      {
        "reactor_utilization": {
          "shard": "3",
          "value": 83.588920319999986
        }
      },
      {
        "reactor_utilization": {
          "shard": "4",
          "value": 85.422458420000197
        }
      },
      {
        "reactor_utilization": {
          "shard": "5",
          "value": 84.668576040000005
        }
      },
      {
        "reactor_utilization": {
          "shard": "6",
          "value": 91.985555740000024
        }
      },
      {
        "reactor_utilization": {
          "shard": "7",
          "value": 84.743254840000048
        }
      },
      {
        "reactor_utilization": {
          "shard": "8",
          "value": 90.354730219999922
        }
      },
      {
        "reactor_utilization": {
          "shard": "9",
          "value": 85.868958920000011
        }
      },
      {
        "reactor_utilization": {
          "shard": "10",
          "value": 84.995782520000034
        }
      },
      {
        "reactor_utilization": {
          "shard": "11",
          "value": 86.396651519999921
        }
      },
      {
        "reactor_utilization": {
          "shard": "12",
          "value": 86.824861719999959
        }
      },
      {
        "reactor_utilization": {
          "shard": "13",
          "value": 87.447674880000008
        }
      },
      {
        "reactor_utilization": {
          "shard": "14",
          "value": 91.379041659999899
        }
      },
      {
        "reactor_utilization": {
          "shard": "15",
          "value": 77.119163540000002
        }
      }
    ]
  },
  {
    "metrics": [
      {
        "reactor_utilization": {
          "shard": "0",
          "value": 73.691191380000063
        }
      },
      {
        "reactor_utilization": {
          "shard": "1",
          "value": 76.292108500000012
        }
      },
      {
        "reactor_utilization": {
          "shard": "2",
          "value": 84.926832399999824
        }
      },
      {
        "reactor_utilization": {
          "shard": "3",
          "value": 84.024910339999977
        }
      },
      {
        "reactor_utilization": {
          "shard": "4",
          "value": 85.405762380000198
        }
      },
      {
        "reactor_utilization": {
          "shard": "5",
          "value": 84.828144340000009
        }
      },
      {
        "reactor_utilization": {
          "shard": "6",
          "value": 92.049789000000033
        }
      },
      {
        "reactor_utilization": {
          "shard": "7",
          "value": 84.87069804000005
        }
      },
      {
        "reactor_utilization": {
          "shard": "8",
          "value": 90.295043539999938
        }
      },
      {
        "reactor_utilization": {
          "shard": "9",
          "value": 86.213416460000019
        }
      },
      {
        "reactor_utilization": {
          "shard": "10",
          "value": 85.105780840000051
        }
      },
      {
        "reactor_utilization": {
          "shard": "11",
          "value": 86.008342979999924
        }
      },
      {
        "reactor_utilization": {
          "shard": "12",
          "value": 87.582471519999956
        }
      },
      {
        "reactor_utilization": {
          "shard": "13",
          "value": 87.151923660000023
        }
      },
      {
        "reactor_utilization": {
          "shard": "14",
          "value": 90.956485719999904
        }
      },
      {
        "reactor_utilization": {
          "shard": "15",
          "value": 77.491798439999997
        }
      }
    ]
  },
  {
    "metrics": [
      {
        "reactor_utilization": {
          "shard": "0",
          "value": 73.657989100000052
        }
      },
      {
        "reactor_utilization": {
          "shard": "1",
          "value": 76.638702280000004
        }
      },
      {
        "reactor_utilization": {
          "shard": "2",
          "value": 85.147292159999836
        }
      },
      {
        "reactor_utilization": {
          "shard": "3",
          "value": 84.020153819999976
        }
      },
      {
        "reactor_utilization": {
          "shard": "4",
          "value": 85.083745620000201
        }
      },
      {
        "reactor_utilization": {
          "shard": "5",
          "value": 84.696230839999998
        }
      },
      {
        "reactor_utilization": {
          "shard": "6",
          "value": 91.984120400000023
        }
      },
      {
        "reactor_utilization": {
          "shard": "7",
          "value": 85.02416346000004
        }
      },
      {
        "reactor_utilization": {
          "shard": "8",
          "value": 90.396632819999923
        }
      },
      {
        "reactor_utilization": {
          "shard": "9",
          "value": 86.145948700000019
        }
      },
      {
        "reactor_utilization": {
          "shard": "10",
          "value": 85.30932216000005
        }
      },
      {
        "reactor_utilization": {
          "shard": "11",
          "value": 86.068970259999915
        }
      },
      {
        "reactor_utilization": {
          "shard": "12",
          "value": 86.89684361999997
        }
      },
      {
        "reactor_utilization": {
          "shard": "13",
          "value": 87.086068680000011
        }
      },
      {
        "reactor_utilization": {
          "shard": "14",
          "value": 91.045378419999906
        }
      },
      {
        "reactor_utilization": {
          "shard": "15",
          "value": 76.653079779999999
        }
      }
    ]
  },
  {
    "metrics": [
      {
        "reactor_utilization": {
          "shard": "0",
          "value": 73.916029800000047
        }
      },
      {
        "reactor_utilization": {
          "shard": "1",
          "value": 76.726814060000009
        }
      },
      {
        "reactor_utilization": {
          "shard": "2",
          "value": 84.977782999999832
        }
      },
      {
        "reactor_utilization": {
          "shard": "3",
          "value": 84.057689339999968
        }
      },
      {
        "reactor_utilization": {
          "shard": "4",
          "value": 85.129126440000192
        }
      },
      {
        "reactor_utilization": {
          "shard": "5",
          "value": 84.700833619999997
        }
      },
      {
        "reactor_utilization": {
          "shard": "6",
          "value": 92.151368540000021
        }
      },
      {
        "reactor_utilization": {
          "shard": "7",
          "value": 84.73375220000004
        }
      },
      {
        "reactor_utilization": {
          "shard": "8",
          "value": 89.961517059999935
        }
      },
      {
        "reactor_utilization": {
          "shard": "9",
          "value": 85.702221220000013
        }
      },
      {
        "reactor_utilization": {
          "shard": "10",
          "value": 85.06855728000005
        }
      },
      {
        "reactor_utilization": {
          "shard": "11",
          "value": 86.238126459999918
        }
      },
      {
        "reactor_utilization": {
          "shard": "12",
          "value": 86.715088459999961
        }
      },
      {
        "reactor_utilization": {
          "shard": "13",
          "value": 87.092441580000028
        }
      },
      {
        "reactor_utilization": {
          "shard": "14",
          "value": 90.957894599999918
        }
      },
      {
        "reactor_utilization": {
          "shard": "15",
          "value": 77.573236680000008
        }
      }
    ]
  },
  {
    "metrics": [
      {
        "reactor_utilization": {
          "shard": "0",
          "value": 73.89037892000006
        }
      },
      {
        "reactor_utilization": {
          "shard": "1",
          "value": 76.799783619999999
        }
      },
      {
        "reactor_utilization": {
          "shard": "2",
          "value": 85.131353719999822
        }
      },
      {
        "reactor_utilization": {
          "shard": "3",
          "value": 83.818662779999968
        }
      },
      {
        "reactor_utilization": {
          "shard": "4",
          "value": 85.466092080000195
        }
      },
      {
        "reactor_utilization": {
          "shard": "5",
          "value": 85.114981380000003
        }
      },
      {
        "reactor_utilization": {
          "shard": "6",
          "value": 92.218384840000027
        }
      },
      {
        "reactor_utilization": {
          "shard": "7",
          "value": 85.219230680000052
        }
      },
      {
        "reactor_utilization": {
          "shard": "8",
          "value": 90.483957519999919
        }
      },
      {
        "reactor_utilization": {
          "shard": "9",
          "value": 85.969367540000022
        }
      },
      {
        "reactor_utilization": {
          "shard": "10",
          "value": 85.382847900000044
        }
      },
      {
        "reactor_utilization": {
          "shard": "11",
          "value": 86.001457959999911
        }
      },
      {
        "reactor_utilization": {
          "shard": "12",
          "value": 87.384048219999954
        }
      },
      {
        "reactor_utilization": {
          "shard": "13",
          "value": 87.574834800000019
        }
      },
      {
        "reactor_utilization": {
          "shard": "14",
          "value": 91.126913739999907
        }
      },
      {
        "reactor_utilization": {
          "shard": "15",
          "value": 77.91117804000001
        }
      }
    ]
  },
  {
    "metrics": [
      {
        "reactor_utilization": {
          "shard": "0",
          "value": 74.013051520000062
        }
      },
      {
        "reactor_utilization": {
          "shard": "1",
          "value": 76.974358300000006
        }
      },
      {
        "reactor_utilization": {
          "shard": "2",
          "value": 85.328358559999828
        }
      },
      {
        "reactor_utilization": {
          "shard": "3",
          "value": 84.041179479999968
        }
      },
      {
        "reactor_utilization": {
          "shard": "4",
          "value": 85.400702760000186
        }
      },
      {
        "reactor_utilization": {
          "shard": "5",
          "value": 84.510708720000011
        }
      },
      {
        "reactor_utilization": {
          "shard": "6",
          "value": 92.288181520000023
        }
      },
      {
        "reactor_utilization": {
          "shard": "7",
          "value": 84.630879560000039
        }
      },
      {
        "reactor_utilization": {
          "shard": "8",
          "value": 90.483237859999917
        }
      },
      {
        "reactor_utilization": {
          "shard": "9",
          "value": 86.120839280000027
        }
      },
      {
        "reactor_utilization": {
          "shard": "10",
          "value": 84.998216580000047
        }
      },
      {
        "reactor_utilization": {
          "shard": "11",
          "value": 86.148599819999916
        }
      },
      {
        "reactor_utilization": {
          "shard": "12",
          "value": 86.856832639999965
        }
      },
      {
        "reactor_utilization": {
          "shard": "13",
          "value": 87.479118320000012
        }
      },
      {
        "reactor_utilization": {
          "shard": "14",
          "value": 90.933988999999897
        }
      },
      {
        "reactor_utilization": {
          "shard": "15",
          "value": 77.6300794
        }
      }
    ]
  },
  {
    "metrics": [
      {
        "reactor_utilization": {
          "shard": "0",
          "value": 73.699189320000059
        }
      },
      {
        "reactor_utilization": {
          "shard": "1",
          "value": 77.072783840000014
        }
      },
      {
        "reactor_utilization": {
          "shard": "2",
          "value": 84.69642923999983
        }
      },
      {
        "reactor_utilization": {
          "shard": "3",
          "value": 84.043844519999979
        }
      },
      {
        "reactor_utilization": {
          "shard": "4",
          "value": 85.179059800000189
        }
      },
      {
        "reactor_utilization": {
          "shard": "5",
          "value": 84.557949479999991
        }
      },
      {
        "reactor_utilization": {
          "shard": "6",
          "value": 91.759328620000019
        }
      },
      {
        "reactor_utilization": {
          "shard": "7",
          "value": 84.363086060000043
        }
      },
      {
        "reactor_utilization": {
          "shard": "8",
          "value": 89.968059039999929
        }
      },
      {
        "reactor_utilization": {
          "shard": "9",
          "value": 85.699962400000018
        }
      },
      {
        "reactor_utilization": {
          "shard": "10",
          "value": 84.525713280000048
        }
      },
      {
        "reactor_utilization": {
          "shard": "11",
          "value": 85.783360319999915
        }
      },
      {
        "reactor_utilization": {
          "shard": "12",
          "value": 86.80673091999995
        }
      },
      {
        "reactor_utilization": {
          "shard": "13",
          "value": 87.041846560000025
        }
      },
      {
        "reactor_utilization": {
          "shard": "14",
          "value": 90.618354999999909
        }
      },
      {
        "reactor_utilization": {
          "shard": "15",
          "value": 76.950515600000003
        }
      }
    ]
  },
  {
    "metrics": [
      {
        "reactor_utilization": {
          "shard": "0",
          "value": 73.710708620000062
        }
      },
      {
        "reactor_utilization": {
          "shard": "1",
          "value": 76.856787980000021
        }
      },
      {
        "reactor_utilization": {
          "shard": "2",
          "value": 84.840603479999828
        }
      },
      {
        "reactor_utilization": {
          "shard": "3",
          "value": 83.952364639999971
        }
      },
      {
        "reactor_utilization": {
          "shard": "4",
          "value": 84.852851120000182
        }
      },
      {
        "reactor_utilization": {
          "shard": "5",
          "value": 84.562055940000008
        }
      },
      {
        "reactor_utilization": {
          "shard": "6",
          "value": 91.923820700000022
        }
      },
      {
        "reactor_utilization": {
          "shard": "7",
          "value": 84.77746614000003
        }
      },
      {
        "reactor_utilization": {
          "shard": "8",
          "value": 90.270911299999923
        }
      },
      {
        "reactor_utilization": {
          "shard": "9",
          "value": 85.887427720000019
        }
      },
      {
        "reactor_utilization": {
          "shard": "10",
          "value": 84.548648160000056
        }
      },
      {
        "reactor_utilization": {
          "shard": "11",
          "value": 85.955409959999912
        }
      },
      {
        "reactor_utilization": {
          "shard": "12",
          "value": 86.755360379999956
        }
      },
      {
        "reactor_utilization": {
          "shard": "13",
          "value": 87.029541660000021
        }
      },
      {
        "reactor_utilization": {
          "shard": "14",
          "value": 90.744052279999906
        }
      },
      {
        "reactor_utilization": {
          "shard": "15",
          "value": 77.103529460000004
        }
      }
    ]
  },
  {
    "metrics": [
      {
        "reactor_utilization": {
          "shard": "0",
          "value": 73.448205420000065
        }
      },
      {
        "reactor_utilization": {
          "shard": "1",
          "value": 76.637726600000008
        }
      },
      {
        "reactor_utilization": {
          "shard": "2",
          "value": 85.088546319999807
        }
      },
      {
        "reactor_utilization": {
          "shard": "3",
          "value": 83.774158999999969
        }
      },
      {
        "reactor_utilization": {
          "shard": "4",
          "value": 84.75495002000018
        }
      },
      {
        "reactor_utilization": {
          "shard": "5",
          "value": 83.849368440000006
        }
      },
      {
        "reactor_utilization": {
          "shard": "6",
          "value": 92.014440120000032
        }
      },
      {
        "reactor_utilization": {
          "shard": "7",
          "value": 84.07609142000004
        }
      },
      {
        "reactor_utilization": {
          "shard": "8",
          "value": 89.839635379999933
        }
      },
      {
        "reactor_utilization": {
          "shard": "9",
          "value": 85.752423380000025
        }
      },
      {
        "reactor_utilization": {
          "shard": "10",
          "value": 84.703520020000056
        }
      },
      {
        "reactor_utilization": {
          "shard": "11",
          "value": 85.521703879999919
        }
      },
      {
        "reactor_utilization": {
          "shard": "12",
          "value": 87.27556851999995
        }
      },
      {
        "reactor_utilization": {
          "shard": "13",
          "value": 87.188759500000018
        }
      },
      {
        "reactor_utilization": {
          "shard": "14",
          "value": 90.47933245999991
        }
      },
      {
        "reactor_utilization": {
          "shard": "15",
          "value": 77.113584099999997
        }
      }
    ]
  },
  {
    "metrics": [
      {
        "reactor_utilization": {
          "shard": "0",
          "value": 74.00485388000007
        }
      },
      {
        "reactor_utilization": {
          "shard": "1",
          "value": 76.315219660000011
        }
      },
      {
        "reactor_utilization": {
          "shard": "2",
          "value": 84.64878569999982
        }
      },
      {
        "reactor_utilization": {
          "shard": "3",
          "value": 83.704211799999968
        }
      },
      {
        "reactor_utilization": {
          "shard": "4",
          "value": 84.717137580000184
        }
      },
      {
        "reactor_utilization": {
          "shard": "5",
          "value": 84.007452500000014
        }
      },
      {
        "reactor_utilization": {
          "shard": "6",
          "value": 92.006984280000026
        }
      },
      {
        "reactor_utilization": {
          "shard": "7",
          "value": 84.375797640000044
        }
      },
      {
        "reactor_utilization": {
          "shard": "8",
          "value": 90.166895059999931
        }
      },
      {
        "reactor_utilization": {
          "shard": "9",
          "value": 85.749176360000021
        }
      },
      {
        "reactor_utilization": {
          "shard": "10",
          "value": 84.514112600000061
        }
      },
      {
        "reactor_utilization": {
          "shard": "11",
          "value": 85.925425079999926
        }
      },
      {
        "reactor_utilization": {
          "shard": "12",
          "value": 86.661973639999971
        }
      },
      {
        "reactor_utilization": {
          "shard": "13",
          "value": 87.197601380000023
        }
      },
      {
        "reactor_utilization": {
          "shard": "14",
          "value": 90.452625079999905
        }
      },
      {
        "reactor_utilization": {
          "shard": "15",
          "value": 77.273993880000006
        }
      }
    ]
  },
  {
    "metrics": [
      {
        "reactor_utilization": {
          "shard": "0",
          "value": 73.387909960000059
        }
      },
      {
        "reactor_utilization": {
          "shard": "1",
          "value": 75.907432580000005
        }
      },
      {
        "reactor_utilization": {
          "shard": "2",
          "value": 83.79198153999981
        }
      },
      {
        "reactor_utilization": {
          "shard": "3",
          "value": 83.49077051999997
        }
      },
      {
        "reactor_utilization": {
          "shard": "4",
          "value": 84.312052680000193
        }
      },
      {
        "reactor_utilization": {
          "shard": "5",
          "value": 83.722226260000014
        }
      },
      {
        "reactor_utilization": {
          "shard": "6",
          "value": 91.608286180000036
        }
      },
      {
        "reactor_utilization": {
          "shard": "7",
          "value": 83.808986180000048
        }
      },
      {
        "reactor_utilization": {
          "shard": "8",
          "value": 89.965633819999923
        }
      },
      {
        "reactor_utilization": {
          "shard": "9",
          "value": 85.543668420000017
        }
      },
      {
        "reactor_utilization": {
          "shard": "10",
          "value": 84.708771120000065
        }
      },
      {
        "reactor_utilization": {
          "shard": "11",
          "value": 85.628649539999927
        }
      },
      {
        "reactor_utilization": {
          "shard": "12",
          "value": 86.141768699999972
        }
      },
      {
        "reactor_utilization": {
          "shard": "13",
          "value": 86.913804460000023
        }
      },
      {
        "reactor_utilization": {
          "shard": "14",
          "value": 90.096389839999901
        }
      },
      {
        "reactor_utilization": {
          "shard": "15",
          "value": 77.157398020000002
        }
      }
    ]
  },
  {
    "metrics": [
      {
        "reactor_utilization": {
          "shard": "0",
          "value": 72.291008140000073
        }
      },
      {
        "reactor_utilization": {
          "shard": "1",
          "value": 74.785309520000027
        }
      },
      {
        "reactor_utilization": {
          "shard": "2",
          "value": 83.061196019999812
        }
      },
      {
        "reactor_utilization": {
          "shard": "3",
          "value": 81.944608799999969
        }
      },
      {
        "reactor_utilization": {
          "shard": "4",
          "value": 83.453347180000193
        }
      },
      {
        "reactor_utilization": {
          "shard": "5",
          "value": 82.918185900000012
        }
      },
      {
        "reactor_utilization": {
          "shard": "6",
          "value": 90.543820480000022
        }
      },
      {
        "reactor_utilization": {
          "shard": "7",
          "value": 83.198595620000035
        }
      },
      {
        "reactor_utilization": {
          "shard": "8",
          "value": 88.84342407999992
        }
      },
      {
        "reactor_utilization": {
          "shard": "9",
          "value": 84.600074620000015
        }
      },
      {
        "reactor_utilization": {
          "shard": "10",
          "value": 83.63902916000005
        }
      },
      {
        "reactor_utilization": {
          "shard": "11",
          "value": 84.865828399999927
        }
      },
      {
        "reactor_utilization": {
          "shard": "12",
          "value": 86.018418619999977
        }
      },
      {
        "reactor_utilization": {
          "shard": "13",
          "value": 86.274710780000021
        }
      },
      {
        "reactor_utilization": {
          "shard": "14",
          "value": 89.465161439999903
        }
      },
      {
        "reactor_utilization": {
          "shard": "15",
          "value": 76.509498140000005
        }
      }
    ]
  },
  {
    "metrics": [
      {
        "reactor_utilization": {
          "shard": "0",
          "value": 72.858709700000077
        }
      },
      {
        "reactor_utilization": {
          "shard": "1",
          "value": 75.117026480000021
        }
      },
      {
        "reactor_utilization": {
          "shard": "2",
          "value": 81.63535471999981
        }
      },
      {
        "reactor_utilization": {
          "shard": "3",
          "value": 82.346702219999969
        }
      },
      {
        "reactor_utilization": {
          "shard": "4",
          "value": 82.833761600000201
        }
      },
      {
        "reactor_utilization": {
          "shard": "5",
          "value": 81.77119780000001
        }
      },
      {
        "reactor_utilization": {
          "shard": "6",
          "value": 90.388022840000019
        }
      },
      {
        "reactor_utilization": {
          "shard": "7",
          "value": 82.898406420000043
        }
      },
      {
        "reactor_utilization": {
          "shard": "8",
          "value": 88.628855279999925
        }
      },
      {
        "reactor_utilization": {
          "shard": "9",
          "value": 85.034034640000016
        }
      },
      {
        "reactor_utilization": {
          "shard": "10",
          "value": 83.178229020000046
        }
      },
      {
        "reactor_utilization": {
          "shard": "11",
          "value": 84.003679779999928
        }
      },
      {
        "reactor_utilization": {
          "shard": "12",
          "value": 85.819549179999967
        }
      },
      {
        "reactor_utilization": {
          "shard": "13",
          "value": 86.054437260000014
        }
      },
      {
        "reactor_utilization": {
          "shard": "14",
          "value": 89.122061439999896
        }
      },
      {
        "reactor_utilization": {
          "shard": "15",
          "value": 76.675893880000004
        }
      }
    ]
  },
  {
    "metrics": [
      {
        "reactor_utilization": {
          "shard": "0",
          "value": 73.150249320000086
        }
      },
      {
        "reactor_utilization": {
          "shard": "1",
          "value": 75.098851660000008
        }
      },
      {
        "reactor_utilization": {
          "shard": "2",
          "value": 82.805744359999807
        }
      },
      {
        "reactor_utilization": {
          "shard": "3",
          "value": 82.394986699999976
        }
      },
      {
        "reactor_utilization": {
          "shard": "4",
          "value": 83.638023460000198
        }
      },
      {
        "reactor_utilization": {
          "shard": "5",
          "value": 83.250356720000013
        }
      },
      {
        "reactor_utilization": {
          "shard": "6",
          "value": 90.767062080000031
        }
      },
      {
        "reactor_utilization": {
          "shard": "7",
          "value": 83.008682700000037
        }
      },
      {
        "reactor_utilization": {
          "shard": "8",
          "value": 89.326871999999923
        }
      },
      {
        "reactor_utilization": {
          "shard": "9",
          "value": 85.117860220000026
        }
      },
      {
        "reactor_utilization": {
          "shard": "10",
          "value": 83.496928020000055
        }
      },
      {
        "reactor_utilization": {
          "shard": "11",
          "value": 84.684296219999922
        }
      },
      {
        "reactor_utilization": {
          "shard": "12",
          "value": 86.083200979999972
        }
      },
      {
        "reactor_utilization": {
          "shard": "13",
          "value": 86.92636902000001
        }
      },
      {
        "reactor_utilization": {
          "shard": "14",
          "value": 89.963234499999913
        }
      },
      {
        "reactor_utilization": {
          "shard": "15",
          "value": 76.8482226
        }
      }
    ]
  },
  {
    "metrics": [
      {
        "reactor_utilization": {
          "shard": "0",
          "value": 70.040091560000079
        }
      },
      {
        "reactor_utilization": {
          "shard": "1",
          "value": 71.863392740000023
        }
      },
      {
        "reactor_utilization": {
          "shard": "2",
          "value": 79.407205459999815
        }
      },
      {
        "reactor_utilization": {
          "shard": "3",
          "value": 78.881583839999962
        }
      },
      {
        "reactor_utilization": {
          "shard": "4",
          "value": 79.714181720000184
        }
      },
      {
        "reactor_utilization": {
          "shard": "5",
          "value": 80.679206980000018
        }
      },
      {
        "reactor_utilization": {
          "shard": "6",
          "value": 86.733862960000025
        }
      },
      {
        "reactor_utilization": {
          "shard": "7",
          "value": 79.366349600000035
        }
      },
      {
        "reactor_utilization": {
          "shard": "8",
          "value": 86.026541579999915
        }
      },
      {
        "reactor_utilization": {
          "shard": "9",
          "value": 82.334750000000028
        }
      },
      {
        "reactor_utilization": {
          "shard": "10",
          "value": 80.709354540000049
        }
      },
      {
        "reactor_utilization": {
          "shard": "11",
          "value": 80.966797919999919
        }
      },
      {
        "reactor_utilization": {
          "shard": "12",
          "value": 82.693976019999965
        }
      },
      {
        "reactor_utilization": {
          "shard": "13",
          "value": 82.710088720000016
        }
      },
      {
        "reactor_utilization": {
          "shard": "14",
          "value": 86.363550639999914
        }
      },
      {
        "reactor_utilization": {
          "shard": "15",
          "value": 74.191622300000006
        }
      }
    ]
  },
  {
    "metrics": [
      {
        "reactor_utilization": {
          "shard": "0",
          "value": 69.677464140000083
        }
      },
      {
        "reactor_utilization": {
          "shard": "1",
          "value": 71.556688900000026
        }
      },
      {
        "reactor_utilization": {
          "shard": "2",
          "value": 79.156478739999812
        }
      },
      {
        "reactor_utilization": {
          "shard": "3",
          "value": 78.442676039999967
        }
      },
      {
        "reactor_utilization": {
          "shard": "4",
          "value": 79.828603020000187
        }
      },
      {
        "reactor_utilization": {
          "shard": "5",
          "value": 78.721955820000005
        }
      },
      {
        "reactor_utilization": {
          "shard": "6",
          "value": 86.718812720000045
        }
      },
      {
        "reactor_utilization": {
          "shard": "7",
          "value": 79.309155820000043
        }
      },
      {
        "reactor_utilization": {
          "shard": "8",
          "value": 85.52902861999992
        }
      },
      {
        "reactor_utilization": {
          "shard": "9",
          "value": 80.749969120000017
        }
      },
      {
        "reactor_utilization": {
          "shard": "10",
          "value": 80.567144240000047
        }
      },
      {
        "reactor_utilization": {
          "shard": "11",
          "value": 81.184338259999919
        }
      },
      {
        "reactor_utilization": {
          "shard": "12",
          "value": 83.312379059999969
        }
      },
      {
        "reactor_utilization": {
          "shard": "13",
          "value": 82.917001400000018
        }
      },
      {
        "reactor_utilization": {
          "shard": "14",
          "value": 85.786849719999907
        }
      },
      {
        "reactor_utilization": {
          "shard": "15",
          "value": 75.188912500000001
        }
      }
    ]
  }
]
