[
  {
    "metrics": [
      {
        "reactor_utilization": {
          "shard": "0",
          "value": 97.091310880000137
        }
      },
      {
        "reactor_utilization": {
          "shard": "1",
          "value": 99.993312780000039
        }
      },
      {
        "reactor_utilization": {
          "shard": "2",
          "value": 97.941505479999876
        }
      },
      {
        "reactor_utilization": {
          "shard": "3",
          "value": 72.130882459999995
        }
      },
      {
        "reactor_utilization": {
          "shard": "4",
          "value": 99.969953040000235
        }
      },
      {
        "reactor_utilization": {
          "shard": "5",
          "value": 88.589413400000055
        }
      },
      {
        "reactor_utilization": {
          "shard": "6",
          "value": 99.184714240000062
        }
      },
      {
        "reactor_utilization": {
          "shard": "7",
          "value": 99.99466218000002
        }
      },
      {
        "reactor_utilization": {
          "shard": "8",
          "value": 99.745494819999976
        }
      },
      {
        "reactor_utilization": {
          "shard": "9",
          "value": 97.187870980000042
        }
      },
      {
        "reactor_utilization": {
          "shard": "10",
          "value": 97.445443720000085
        }
      },
      {
        "reactor_utilization": {
          "shard": "11",
          "value": 94.859888799999922
        }
      },
      {
        "reactor_utilization": {
          "shard": "12",
          "value": 98.880982059999994
        }
      },
      {
        "reactor_utilization": {
          "shard": "13",
          "value": 99.761906539999998
        }
      },
      {
        "reactor_utilization": {
          "shard": "14",
          "value": 99.695864359999902
        }
      },
      {
        "reactor_utilization": {
          "shard": "15",
          "value": 100
        }
      }
    ]
  },
  {
    "metrics": [
      {
        "reactor_utilization": {
          "shard": "0",
          "value": 97.712773000000141
        }
      },
      {
        "reactor_utilization": {
          "shard": "1",
          "value": 99.985220120000051
        }
      },
      {
        "reactor_utilization": {
          "shard": "2",
          "value": 98.131539599999869
        }
      },
      {
        "reactor_utilization": {
          "shard": "3",
          "value": 71.45642291999998
        }
      },
      {
        "reactor_utilization": {
          "shard": "4",
          "value": 99.969989540000242
        }
      },
      {
        "reactor_utilization": {
          "shard": "5",
          "value": 88.032600260000052
        }
      },
      {
        "reactor_utilization": {
          "shard": "6",
          "value": 98.888879960000068
        }
      },
      {
        "reactor_utilization": {
          "shard": "7",
          "value": 99.998906960000028
        }
      },
      {
        "reactor_utilization": {
          "shard": "8",
          "value": 99.658860679999975
        }
      },
      {
        "reactor_utilization": {
          "shard": "9",
          "value": 97.61341368000005
        }
      },
      {
        "reactor_utilization": {
          "shard": "10",
          "value": 98.236500000000078
        }
      },
      {
        "reactor_utilization": {
          "shard": "11",
          "value": 94.528699839999931
        }
      },
      {
        "reactor_utilization": {
          "shard": "12",
          "value": 98.722331279999992
        }
      },
      {
        "reactor_utilization": {
          "shard": "13",
          "value": 99.704398279999992
        }
      },
      {
        "reactor_utilization": {
          "shard": "14",
          "value": 99.69860777999989
        }
      },
      {
        "reactor_utilization": {
          "shard": "15",
          "value": 100
        }
      }
    ]
  },
  {
    "metrics": [
      {
        "reactor_utilization": {
          "shard": "0",
          "value": 97.043070500000141
        }
      },
      {
        "reactor_utilization": {
          "shard": "1",
          "value": 99.987952980000045
        }
      },
      {
        "reactor_utilization": {
          "shard": "2",
          "value": 98.41458373999987
        }
      },
      {
        "reactor_utilization": {
          "shard": "3",
          "value": 72.456678739999987
        }
      },
      {
        "reactor_utilization": {
          "shard": "4",
          "value": 99.987412180000234
        }
      },
      {
        "reactor_utilization": {
          "shard": "5",
          "value": 88.584246920000041
        }
      },
      {
        "reactor_utilization": {
          "shard": "6",
          "value": 98.579498680000071
        }
      },
      {
        "reactor_utilization": {
          "shard": "7",
          "value": 99.983962260000027
        }
      },
      {
        "reactor_utilization": {
          "shard": "8",
          "value": 99.626865079999973
        }
      },
      {
        "reactor_utilization": {
          "shard": "9",
          "value": 97.793360940000056
        }
      },
      {
        "reactor_utilization": {
          "shard": "10",
          "value": 98.505196320000081
        }
      },
      {
        "reactor_utilization": {
          "shard": "11",
          "value": 94.612719559999931
        }
      },
      {
        "reactor_utilization": {
          "shard": "12",
          "value": 98.939703479999991
        }
      },
      {
        "reactor_utilization": {
          "shard": "13",
          "value": 99.728463879999993
        }
      },
      {
        "reactor_utilization": {
          "shard": "14",
          "value": 99.863491359999884
        }
      },
      {
        "reactor_utilization": {
          "shard": "15",
          "value": 100
        }
      }
    ]
  },
  {
    "metrics": [
      {
        "reactor_utilization": {
          "shard": "0",
          "value": 97.004963180000132
        }
      },
      {
        "reactor_utilization": {
          "shard": "1",
          "value": 99.956605600000046
        }
      },
      {
        "reactor_utilization": {
          "shard": "2",
          "value": 98.082085819999861
        }
      },
      {
        "reactor_utilization": {
          "shard": "3",
          "value": 72.72168289999999
        }
      },
      {
        "reactor_utilization": {
          "shard": "4",
          "value": 99.986687760000237
        }
      },
      {
        "reactor_utilization": {
          "shard": "5",
          "value": 88.025254980000042
        }
      },
      {
        "reactor_utilization": {
          "shard": "6",
          "value": 98.810457320000069
        }
      },
      {
        "reactor_utilization": {
          "shard": "7",
          "value": 99.976573780000038
        }
      },
      {
        "reactor_utilization": {
          "shard": "8",
          "value": 99.72883733999997
        }
      },
      {
        "reactor_utilization": {
          "shard": "9",
          "value": 98.013108560000049
        }
      },
      {
        "reactor_utilization": {
          "shard": "10",
          "value": 98.734464740000078
        }
      },
      {
        "reactor_utilization": {
          "shard": "11",
          "value": 94.645575659999921
        }
      },
      {
        "reactor_utilization": {
          "shard": "12",
          "value": 98.833785139999989
        }
      },
      {
        "reactor_utilization": {
          "shard": "13",
          "value": 99.764610559999994
        }
      },
      {
        "reactor_utilization": {
          "shard": "14",
          "value": 99.759202759999894
        }
      },
      {
        "reactor_utilization": {
          "shard": "15",
          "value": 100
        }
      }
    ]
  },
  {
    "metrics": [
      {
        "reactor_utilization": {
          "shard": "0",
          "value": 97.452952680000138
        }
      },
      {
        "reactor_utilization": {
          "shard": "1",
          "value": 99.981474280000043
        }
      },
      {
        "reactor_utilization": {
          "shard": "2",
          "value": 98.170518979999869
        }
      },
      {
        "reactor_utilization": {
          "shard": "3",
          "value": 72.33561121999999
        }
      },
      {
        "reactor_utilization": {
          "shard": "4",
          "value": 99.979440200000241
        }
      },
      {
        "reactor_utilization": {
          "shard": "5",
          "value": 88.416391060000038
        }
      },
      {
        "reactor_utilization": {
          "shard": "6",
          "value": 98.528183560000059
        }
      },
      {
        "reactor_utilization": {
          "shard": "7",
          "value": 99.97143382000003
        }
      },
      {
        "reactor_utilization": {
          "shard": "8",
          "value": 99.648092079999969
        }
      },
      {
        "reactor_utilization": {
          "shard": "9",
          "value": 97.893334820000049
        }
      },
      {
        "reactor_utilization": {
          "shard": "10",
          "value": 98.66490334000008
        }
      },
      {
        "reactor_utilization": {
          "shard": "11",
          "value": 94.761635619999936
        }
      },
      {
        "reactor_utilization": {
          "shard": "12",
          "value": 99.151825659999986
        }
      },
      {
        "reactor_utilization": {
          "shard": "13",
          "value": 99.795067299999999
        }
      },
      {
        "reactor_utilization": {
          "shard": "14",
          "value": 99.803741859999889
        }
      },
      {
        "reactor_utilization": {
          "shard": "15",
          "value": 100
        }
      }
    ]
  },
  {
    "metrics": [
      {
        "reactor_utilization": {
          "shard": "0",
          "value": 96.80937558000015
        }
      },
      {
        "reactor_utilization": {
          "shard": "1",
          "value": 99.979277660000037
        }
      },
      {
        "reactor_utilization": {
          "shard": "2",
          "value": 97.67553707999987
        }
      },
      {
        "reactor_utilization": {
          "shard": "3",
          "value": 72.386390959999986
        }
      },
      {
        "reactor_utilization": {
          "shard": "4",
          "value": 99.939868360000233
        }
      },
      {
        "reactor_utilization": {
          "shard": "5",
          "value": 87.209276560000049
        }
      },
      {
        "reactor_utilization": {
          "shard": "6",
          "value": 98.96659742000007
        }
      },
      {
        "reactor_utilization": {
          "shard": "7",
          "value": 99.995767820000026
        }
      },
      {
        "reactor_utilization": {
          "shard": "8",
          "value": 99.735645799999972
        }
      },
      {
        "reactor_utilization": {
          "shard": "9",
          "value": 97.931410120000052
        }
      },
      {
        "reactor_utilization": {
          "shard": "10",
          "value": 97.750297640000085
        }
      },
      {
        "reactor_utilization": {
          "shard": "11",
          "value": 95.383037399999921
        }
      },
      {
        "reactor_utilization": {
          "shard": "12",
          "value": 98.939273459999981
        }
      },
      {
        "reactor_utilization": {
          "shard": "13",
          "value": 99.696622999999988
        }
      },
      {
        "reactor_utilization": {
          "shard": "14",
          "value": 99.811694279999898
        }
      },
      {
        "reactor_utilization": {
          "shard": "15",
          "value": 100
        }
      }
    ]
  },
  {
    "metrics": [
      {
        "reactor_utilization": {
          "shard": "0",
          "value": 96.405766480000139
        }
      },
      {
        "reactor_utilization": {
          "shard": "1",
          "value": 99.938824340000039
        }
      },
      {
        "reactor_utilization": {
          "shard": "2",
          "value": 97.374438079999877
        }
      },
      {
        "reactor_utilization": {
          "shard": "3",
          "value": 72.484605719999976
        }
      },
      {
        "reactor_utilization": {
          "shard": "4",
          "value": 99.913321820000249
        }
      },
      {
        "reactor_utilization": {
          "shard": "5",
          "value": 87.480681580000038
        }
      },
      {
        "reactor_utilization": {
          "shard": "6",
          "value": 98.831375260000058
        }
      },
      {
        "reactor_utilization": {
          "shard": "7",
          "value": 99.979412540000041
        }
      },
      {
        "reactor_utilization": {
          "shard": "8",
          "value": 99.403990119999975
        }
      },
      {
        "reactor_utilization": {
          "shard": "9",
          "value": 95.564669060000057
        }
      },
      {
        "reactor_utilization": {
          "shard": "10",
          "value": 97.353531820000086
        }
      },
      {
        "reactor_utilization": {
          "shard": "11",
          "value": 95.100028359999925
        }
      },
      {
        "reactor_utilization": {
          "shard": "12",
          "value": 98.805051059999997
        }
      },
      {
        "reactor_utilization": {
          "shard": "13",
          "value": 99.896918719999988
        }
      },
      {
        "reactor_utilization": {
          "shard": "14",
          "value": 99.7389295199999
        }
      },
      {
        "reactor_utilization": {
          "shard": "15",
          "value": 100
        }
      }
    ]
  },
  {
    "metrics": [
      {
        "reactor_utilization": {
          "shard": "0",
          "value": 96.802599560000147
        }
      },
      {
        "reactor_utilization": {
          "shard": "1",
          "value": 99.985198060000045
        }
      },
      {
        "reactor_utilization": {
          "shard": "2",
          "value": 98.07274551999987
        }
      },
      {
        "reactor_utilization": {
          "shard": "3",
          "value": 73.135922139999977
        }
      },
      {
        "reactor_utilization": {
          "shard": "4",
          "value": 99.968572760000242
        }
      },
      {
        "reactor_utilization": {
          "shard": "5",
          "value": 88.350397480000041
        }
      },
      {
        "reactor_utilization": {
          "shard": "6",
          "value": 98.46205062000007
        }
      },
      {
        "reactor_utilization": {
          "shard": "7",
          "value": 99.993405820000021
        }
      },
      {
        "reactor_utilization": {
          "shard": "8",
          "value": 99.554082719999968
        }
      },
      {
        "reactor_utilization": {
          "shard": "9",
          "value": 97.675377660000052
        }
      },
      {
        "reactor_utilization": {
          "shard": "10",
          "value": 98.007567700000081
        }
      },
      {
        "reactor_utilization": {
          "shard": "11",
          "value": 95.268371259999924
        }
      },
      {
        "reactor_utilization": {
          "shard": "12",
          "value": 98.711335559999995
        }
      },
      {
        "reactor_utilization": {
          "shard": "13",
          "value": 99.715549359999997
        }
      },
      {
        "reactor_utilization": {
          "shard": "14",
          "value": 99.814399539999897
        }
      },
      {
        "reactor_utilization": {
          "shard": "15",
          "value": 100
        }
      }
    ]
  },
  {
    "metrics": [
      {
        "reactor_utilization": {
          "shard": "0",
          "value": 96.063921620000144
        }
      },
      {
        "reactor_utilization": {
          "shard": "1",
          "value": 99.913905400000047
        }
      },
      {
        "reactor_utilization": {
          "shard": "2",
          "value": 97.382616459999866
        }
      },
      {
        "reactor_utilization": {
          "shard": "3",
          "value": 73.412969979999971
        }
      },
      {
        "reactor_utilization": {
          "shard": "4",
          "value": 99.913495740000229
        }
      },
      {
        "reactor_utilization": {
          "shard": "5",
          "value": 86.687661280000043
        }
      },
      {
        "reactor_utilization": {
          "shard": "6",
          "value": 98.282549500000059
        }
      },
      {
        "reactor_utilization": {
          "shard": "7",
          "value": 99.97923378000003
        }
      },
      {
        "reactor_utilization": {
          "shard": "8",
          "value": 99.308161619999964
        }
      },
      {
        "reactor_utilization": {
          "shard": "9",
          "value": 97.962726620000055
        }
      },
      {
        "reactor_utilization": {
          "shard": "10",
          "value": 97.729098320000077
        }
      },
      {
        "reactor_utilization": {
          "shard": "11",
          "value": 94.498797359999926
        }
      },
      {
        "reactor_utilization": {
          "shard": "12",
          "value": 98.846709719999993
        }
      },
      {
        "reactor_utilization": {
          "shard": "13",
          "value": 99.753393540000005
        }
      },
      {
        "reactor_utilization": {
          "shard": "14",
          "value": 99.842487419999898
        }
      },
      {
        "reactor_utilization": {
          "shard": "15",
          "value": 100
        }
      }
    ]
  },
  {
    "metrics": [
      {
        "reactor_utilization": {
          "shard": "0",
          "value": 96.214005840000141
        }
      },
      {
        "reactor_utilization": {
          "shard": "1",
          "value": 99.911337680000045
        }
      },
      {
        "reactor_utilization": {
          "shard": "2",
          "value": 97.445270279999875
        }
      },
      {
        "reactor_utilization": {
          "shard": "3",
          "value": 72.500108239999989
        }
      },
      {
        "reactor_utilization": {
          "shard": "4",
          "value": 99.89567502000024
        }
      },
      {
        "reactor_utilization": {
          "shard": "5",
          "value": 87.758246180000043
        }
      },
      {
        "reactor_utilization": {
          "shard": "6",
          "value": 98.10846178000007
        }
      },
      {
        "reactor_utilization": {
          "shard": "7",
          "value": 99.957094520000027
        }
      },
      {
        "reactor_utilization": {
          "shard": "8",
          "value": 99.09316481999997
        }
      },
      {
        "reactor_utilization": {
          "shard": "9",
          "value": 97.677196080000044
        }
      },
      {
        "reactor_utilization": {
          "shard": "10",
          "value": 98.022580020000078
        }
      },
      {
        "reactor_utilization": {
          "shard": "11",
          "value": 94.459267259999919
        }
      },
      {
        "reactor_utilization": {
          "shard": "12",
          "value": 98.97074855999999
        }
      },
      {
        "reactor_utilization": {
          "shard": "13",
          "value": 99.686745099999996
        }
      },
      {
        "reactor_utilization": {
          "shard": "14",
          "value": 99.774810919999894
        }
      },
      {
        "reactor_utilization": {
          "shard": "15",
          "value": 100
        }
      }
    ]
  },
  {
    "metrics": [
      {
        "reactor_utilization": {
          "shard": "0",
          "value": 95.628871020000133
        }
      },
      {
        "reactor_utilization": {
          "shard": "1",
          "value": 99.944851700000044
        }
      },
      {
        "reactor_utilization": {
          "shard": "2",
          "value": 96.80990307999987
        }
      },
      {
        "reactor_utilization": {
          "shard": "3",
          "value": 71.828288679999972
        }
      },
      {
        "reactor_utilization": {
          "shard": "4",
          "value": 99.849503700000241
        }
      },
      {
        "reactor_utilization": {
          "shard": "5",
          "value": 86.850158080000043
        }
      },
      {
        "reactor_utilization": {
          "shard": "6",
          "value": 97.83708484000006
        }
      },
      {
        "reactor_utilization": {
          "shard": "7",
          "value": 99.965731860000034
        }
      },
      {
        "reactor_utilization": {
          "shard": "8",
          "value": 99.210616679999973
        }
      },
      {
        "reactor_utilization": {
          "shard": "9",
          "value": 96.287677020000046
        }
      },
      {
        "reactor_utilization": {
          "shard": "10",
          "value": 97.104301040000081
        }
      },
      {
        "reactor_utilization": {
          "shard": "11",
          "value": 94.10724773999992
        }
      },
      {
        "reactor_utilization": {
          "shard": "12",
          "value": 98.1292373
        }
      },
      {
        "reactor_utilization": {
          "shard": "13",
          "value": 99.438203020000003
        }
      },
      {
        "reactor_utilization": {
          "shard": "14",
          "value": 98.3259962999999
        }
      },
      {
        "reactor_utilization": {
          "shard": "15",
          "value": 100
        }
      }
    ]
  },
  {
    "metrics": [
      {
        "reactor_utilization": {
          "shard": "0",
          "value": 95.708984540000145
        }
      },
      {
        "reactor_utilization": {
          "shard": "1",
          "value": 99.945035300000058
        }
      },
      {
        "reactor_utilization": {
          "shard": "2",
          "value": 96.432829639999866
        }
      },
      {
        "reactor_utilization": {
          "shard": "3",
          "value": 72.053243099999989
        }
      },
      {
        "reactor_utilization": {
          "shard": "4",
          "value": 99.906226560000249
        }
      },
      {
        "reactor_utilization": {
          "shard": "5",
          "value": 86.270276380000041
        }
      },
      {
        "reactor_utilization": {
          "shard": "6",
          "value": 98.683144940000062
        }
      },
      {
        "reactor_utilization": {
          "shard": "7",
          "value": 99.703483880000036
        }
      },
      {
        "reactor_utilization": {
          "shard": "8",
          "value": 99.427228779999979
        }
      },
      {
        "reactor_utilization": {
          "shard": "9",
          "value": 98.538773800000058
        }
      },
      {
        "reactor_utilization": {
          "shard": "10",
          "value": 97.149289640000077
        }
      },
      {
        "reactor_utilization": {
          "shard": "11",
          "value": 95.318166759999926
        }
      },
      {
        "reactor_utilization": {
          "shard": "12",
          "value": 98.721743999999987
        }
      },
      {
        "reactor_utilization": {
          "shard": "13",
          "value": 99.568807179999993
        }
      },
      {
        "reactor_utilization": {
          "shard": "14",
          "value": 99.15359629999989
        }
      },
      {
        "reactor_utilization": {
          "shard": "15",
          "value": 100
        }
      }
    ]
  },
  {
    "metrics": [
      {
        "reactor_utilization": {
          "shard": "0",
          "value": 96.693476600000139
        }
      },
      {
        "reactor_utilization": {
          "shard": "1",
          "value": 99.966212920000046
        }
      },
      {
        "reactor_utilization": {
          "shard": "2",
          "value": 96.970642379999873
        }
      },
      {
        "reactor_utilization": {
          "shard": "3",
          "value": 73.489569379999978
        }
      },
      {
        "reactor_utilization": {
          "shard": "4",
          "value": 99.958365520000243
        }
      },
      {
        "reactor_utilization": {
          "shard": "5",
          "value": 87.62791426000004
        }
      },
      {
        "reactor_utilization": {
          "shard": "6",
          "value": 98.800164920000071
        }
      },
      {
        "reactor_utilization": {
          "shard": "7",
          "value": 99.972056400000028
        }
      },
      {
        "reactor_utilization": {
          "shard": "8",
          "value": 99.846370399999969
        }
      },
      {
        "reactor_utilization": {
          "shard": "9",
          "value": 98.618792600000049
        }
      },
      {
        "reactor_utilization": {
          "shard": "10",
          "value": 97.96610152000008
        }
      },
      {
        "reactor_utilization": {
          "shard": "11",
          "value": 93.36294883999993
        }
      },
      {
        "reactor_utilization": {
          "shard": "12",
          "value": 98.625914359999996
        }
      },
      {
        "reactor_utilization": {
          "shard": "13",
          "value": 99.754965159999998
        }
      },
      {
        "reactor_utilization": {
          "shard": "14",
          "value": 99.786050319999902
        }
      },
      {
        "reactor_utilization": {
          "shard": "15",
          "value": 100
        }
      }
    ]
  },
  {
    "metrics": [
      {
        "reactor_utilization": {
          "shard": "0",
          "value": 95.338108260000141
        }
      },
      {
        "reactor_utilization": {
          "shard": "1",
          "value": 99.777206320000047
        }
      },
      {
        "reactor_utilization": {
          "shard": "2",
          "value": 95.461851439999862
        }
      },
      {
        "reactor_utilization": {
          "shard": "3",
          "value": 72.259776299999984
        }
      },
      {
        "reactor_utilization": {
          "shard": "4",
          "value": 99.879803880000239
        }
      },
      {
        "reactor_utilization": {
          "shard": "5",
          "value": 85.416066720000032
        }
      },
      {
        "reactor_utilization": {
          "shard": "6",
          "value": 97.776947900000067
        }
      },
      {
        "reactor_utilization": {
          "shard": "7",
          "value": 99.908465140000018
        }
      },
      {
        "reactor_utilization": {
          "shard": "8",
          "value": 99.358156239999971
        }
      },
      {
        "reactor_utilization": {
          "shard": "9",
          "value": 98.387961980000043
        }
      },
      {
        "reactor_utilization": {
          "shard": "10",
          "value": 97.293147800000085
        }
      },
      {
        "reactor_utilization": {
          "shard": "11",
          "value": 94.278796139999926
        }
      },
      {
        "reactor_utilization": {
          "shard": "12",
          "value": 97.925159079999986
        }
      },
      {
        "reactor_utilization": {
          "shard": "13",
          "value": 99.414001659999997
        }
      },
      {
        "reactor_utilization": {
          "shard": "14",
          "value": 99.610930299999893
        }
      },
      {
        "reactor_utilization": {
          "shard": "15",
          "value": 100
        }
      }
    ]
  },
  {
    "metrics": [
      {
        "reactor_utilization": {
          "shard": "0",
          "value": 95.853814380000145
        }
      },
      {
        "reactor_utilization": {
          "shard": "1",
          "value": 99.837329140000051
        }
      },
      {
        "reactor_utilization": {
          "shard": "2",
          "value": 96.833214999999868
        }
      },
      {
        "reactor_utilization": {
          "shard": "3",
          "value": 72.162683499999986
        }
      },
      {
        "reactor_utilization": {
          "shard": "4",
          "value": 99.912880260000236
        }
      },
      {
        "reactor_utilization": {
          "shard": "5",
          "value": 87.214975500000037
        }
      },
      {
        "reactor_utilization": {
          "shard": "6",
          "value": 98.093454280000074
        }
      },
      {
        "reactor_utilization": {
          "shard": "7",
          "value": 99.921436860000028
        }
      },
      {
        "reactor_utilization": {
          "shard": "8",
          "value": 99.362739699999963
        }
      },
      {
        "reactor_utilization": {
          "shard": "9",
          "value": 97.785856360000054
        }
      },
      {
        "reactor_utilization": {
          "shard": "10",
          "value": 97.884821380000076
        }
      },
      {
        "reactor_utilization": {
          "shard": "11",
          "value": 94.515743339999929
        }
      },
      {
        "reactor_utilization": {
          "shard": "12",
          "value": 98.435716719999988
        }
      },
      {
        "reactor_utilization": {
          "shard": "13",
          "value": 99.594038699999999
        }
      },
      {
        "reactor_utilization": {
          "shard": "14",
          "value": 99.659019079999894
        }
      },
      {
        "reactor_utilization": {
          "shard": "15",
          "value": 100
        }
      }
    ]
  },
  {
    "metrics": [
      {
        "reactor_utilization": {
          "shard": "0",
          "value": 96.831635340000147
        }
      },
      {
        "reactor_utilization": {
          "shard": "1",
          "value": 99.95995556000004
        }
      },
      {
        "reactor_utilization": {
          "shard": "2",
          "value": 96.736522259999873
        }
      },
      {
        "reactor_utilization": {
          "shard": "3",
          "value": 73.379426639999977
        }
      },
      {
        "reactor_utilization": {
          "shard": "4",
          "value": 99.952830140000231
        }
      },
      {
        "reactor_utilization": {
          "shard": "5",
          "value": 88.252147380000039
        }
      },
      {
        "reactor_utilization": {
          "shard": "6",
          "value": 98.612793500000066
        }
      },
      {
        "reactor_utilization": {
          "shard": "7",
          "value": 99.87211642000004
        }
      },
      {
        "reactor_utilization": {
          "shard": "8",
          "value": 99.507679359999983
        }
      },
      {
        "reactor_utilization": {
          "shard": "9",
          "value": 97.620930100000052
        }
      },
      {
        "reactor_utilization": {
          "shard": "10",
          "value": 98.958158680000068
        }
      },
      {
        "reactor_utilization": {
          "shard": "11",
          "value": 95.106326139999936
        }
      },
      {
        "reactor_utilization": {
          "shard": "12",
          "value": 98.929193119999994
        }
      },
      {
        "reactor_utilization": {
          "shard": "13",
          "value": 99.729843180000003
        }
      },
      {
        "reactor_utilization": {
          "shard": "14",
          "value": 99.73666501999989
        }
      },
      {
        "reactor_utilization": {
          "shard": "15",
          "value": 100
        }
      }
    ]
  },
  {
    "metrics": [
      {
        "reactor_utilization": {
          "shard": "0",
          "value": 95.433162780000146
        }
      },
      {
        "reactor_utilization": {
          "shard": "1",
          "value": 99.921925720000047
        }
      },
      {
        "reactor_utilization": {
          "shard": "2",
          "value": 96.493454999999869
        }
      },
      {
        "reactor_utilization": {
          "shard": "3",
          "value": 71.999765179999969
        }
      },
      {
        "reactor_utilization": {
          "shard": "4",
          "value": 99.908031120000246
        }
      },
      {
        "reactor_utilization": {
          "shard": "5",
          "value": 85.601975100000033
        }
      },
      {
        "reactor_utilization": {
          "shard": "6",
          "value": 96.426624040000064
        }
      },
      {
        "reactor_utilization": {
          "shard": "7",
          "value": 99.748601720000025
        }
      },
      {
        "reactor_utilization": {
          "shard": "8",
          "value": 99.022364299999978
        }
      },
      {
        "reactor_utilization": {
          "shard": "9",
          "value": 98.568580040000057
        }
      },
      {
        "reactor_utilization": {
          "shard": "10",
          "value": 98.80482072000008
        }
      },
      {
        "reactor_utilization": {
          "shard": "11",
          "value": 94.16114975999993
        }
      },
      {
        "reactor_utilization": {
          "shard": "12",
          "value": 98.425362119999988
        }
      },
      {
        "reactor_utilization": {
          "shard": "13",
          "value": 99.144339559999992
        }
      },
      {
        "reactor_utilization": {
          "shard": "14",
          "value": 99.738818999999893
        }
      },
      {
        "reactor_utilization": {
          "shard": "15",
          "value": 100
        }
      }
    ]
  },
  {
    "metrics": [
      {
        "reactor_utilization": {
          "shard": "0",
          "value": 93.574922360000144
        }
      },
      {
        "reactor_utilization": {
          "shard": "1",
          "value": 99.878094040000036
        }
      },
      {
        "reactor_utilization": {
          "shard": "2",
          "value": 96.359819219999864
        }
      },
      {
        "reactor_utilization": {
          "shard": "3",
          "value": 71.688072999999989
        }
      },
      {
        "reactor_utilization": {
          "shard": "4",
          "value": 99.748325440000244
        }
      },
      {
        "reactor_utilization": {
          "shard": "5",
          "value": 86.393991580000034
        }
      },
      {
        "reactor_utilization": {
          "shard": "6",
          "value": 96.874431300000069
        }
      },
      {
        "reactor_utilization": {
          "shard": "7",
          "value": 99.611120520000028
        }
      },
      {
        "reactor_utilization": {
          "shard": "8",
          "value": 98.654901539999969
        }
      },
      {
        "reactor_utilization": {
          "shard": "9",
          "value": 97.788135240000045
        }
      },
      {
        "reactor_utilization": {
          "shard": "10",
          "value": 97.298073540000075
        }
      },
      {
        "reactor_utilization": {
          "shard": "11",
          "value": 93.259053039999927
        }
      },
      {
        "reactor_utilization": {
          "shard": "12",
          "value": 97.939030579999994
        }
      },
      {
        "reactor_utilization": {
          "shard": "13",
          "value": 98.496307260000009
        }
      },
      {
        "reactor_utilization": {
          "shard": "14",
          "value": 99.577426679999888
        }
      },
      {
        "reactor_utilization": {
          "shard": "15",
          "value": 100
        }
      }
    ]
  },
  {
    "metrics": [
      {
        "reactor_utilization": {
          "shard": "0",
          "value": 96.096034720000148
        }
      },
      {
        "reactor_utilization": {
          "shard": "1",
          "value": 99.883392620000038
        }
      },
      {
        "reactor_utilization": {
          "shard": "2",
          "value": 97.397884879999864
        }
      },
      {
        "reactor_utilization": {
          "shard": "3",
          "value": 73.316661699999997
        }
      },
      {
        "reactor_utilization": {
          "shard": "4",
          "value": 99.92366778000023
        }
      },
      {
        "reactor_utilization": {
          "shard": "5",
          "value": 88.591324320000041
        }
      },
      {
        "reactor_utilization": {
          "shard": "6",
          "value": 98.045760340000072
        }
      },
      {
        "reactor_utilization": {
          "shard": "7",
          "value": 99.724540500000032
        }
      },
      {
        "reactor_utilization": {
          "shard": "8",
          "value": 98.646385839999979
        }
      },
      {
        "reactor_utilization": {
          "shard": "9",
          "value": 96.497976060000056
        }
      },
      {
        "reactor_utilization": {
          "shard": "10",
          "value": 98.456054360000081
        }
      },
      {
        "reactor_utilization": {
          "shard": "11",
          "value": 94.375206659999918
        }
      },
      {
        "reactor_utilization": {
          "shard": "12",
          "value": 98.476514619999989
        }
      },
      {
        "reactor_utilization": {
          "shard": "13",
          "value": 99.715425659999994
        }
      },
      {
        "reactor_utilization": {
          "shard": "14",
          "value": 99.517700519999892
        }
      },
      {
        "reactor_utilization": {
          "shard": "15",
          "value": 100
        }
      }
    ]
  },
  {
    "metrics": [
      {
        "reactor_utilization": {
          "shard": "0",
          "value": 96.93575944000014
        }
      },
      {
        "reactor_utilization": {
          "shard": "1",
          "value": 99.942925020000047
        }
      },
      {
        "reactor_utilization": {
          "shard": "2",
          "value": 98.64342229999987
        }
      },
      {
        "reactor_utilization": {
          "shard": "3",
          "value": 73.071010200000003
        }
      },
      {
        "reactor_utilization": {
          "shard": "4",
          "value": 99.929263340000247
        }
      },
      {
        "reactor_utilization": {
          "shard": "5",
          "value": 86.986202040000052
        }
      },
      {
        "reactor_utilization": {
          "shard": "6",
          "value": 98.035357520000062
        }
      },
      {
        "reactor_utilization": {
          "shard": "7",
          "value": 99.997823960000034
        }
      },
      {
        "reactor_utilization": {
          "shard": "8",
          "value": 99.209884099999982
        }
      },
      {
        "reactor_utilization": {
          "shard": "9",
          "value": 95.344371580000058
        }
      },
      {
        "reactor_utilization": {
          "shard": "10",
          "value": 97.652647880000075
        }
      },
      {
        "reactor_utilization": {
          "shard": "11",
          "value": 93.379190719999926
        }
      },
      {
        "reactor_utilization": {
          "shard": "12",
          "value": 98.25007488
        }
      },
      {
        "reactor_utilization": {
          "shard": "13",
          "value": 99.679463139999996
        }
      },
      {
        "reactor_utilization": {
          "shard": "14",
          "value": 99.702924479999893
        }
      },
      {
        "reactor_utilization": {
          "shard": "15",
          "value": 100
        }
      }
    ]
  },
  {
    "metrics": [
      {
        "reactor_utilization": {
          "shard": "0",
          "value": 95.834931020000141
        }
      },
      {
        "reactor_utilization": {
          "shard": "1",
          "value": 99.971079760000052
        }
      },
      {
        "reactor_utilization": {
          "shard": "2",
          "value": 97.986999439999863
        }
      },
      {
        "reactor_utilization": {
          "shard": "3",
          "value": 72.058441280000011
        }
      },
      {
        "reactor_utilization": {
          "shard": "4",
          "value": 99.879986000000244
        }
      },
      {
        "reactor_utilization": {
          "shard": "5",
          "value": 85.868049040000045
        }
      },
      {
        "reactor_utilization": {
          "shard": "6",
          "value": 98.970992300000077
        }
      },
      {
        "reactor_utilization": {
          "shard": "7",
          "value": 100.00000000000003
        }
      },
      {
        "reactor_utilization": {
          "shard": "8",
          "value": 99.507492659999969
        }
      },
      {
        "reactor_utilization": {
          "shard": "9",
          "value": 96.986282640000056
        }
      },
      {
        "reactor_utilization": {
          "shard": "10",
          "value": 96.798010360000077
        }
      },
      {
        "reactor_utilization": {
          "shard": "11",
          "value": 93.946902339999923
        }
      },
      {
        "reactor_utilization": {
          "shard": "12",
          "value": 98.242989299999991
        }
      },
      {
        "reactor_utilization": {
          "shard": "13",
          "value": 99.701295259999995
        }
      },
      {
        "reactor_utilization": {
          "shard": "14",
          "value": 99.576255479999901
        }
      },
      {
        "reactor_utilization": {
          "shard": "15",
          "value": 100
        }
      }
    ]
  },
  {
    "metrics": [
      {
        "reactor_utilization": {
          "shard": "0",
          "value": 97.285256500000145
        }
      },
      {
        "reactor_utilization": {
          "shard": "1",
          "value": 99.95833898000005
        }
      },
      {
        "reactor_utilization": {
          "shard": "2",
          "value": 98.315059099999871
        }
      },
      {
        "reactor_utilization": {
          "shard": "3",
          "value": 71.998512620000014
        }
      },
      {
        "reactor_utilization": {
          "shard": "4",
          "value": 99.878655120000232
        }
      },
      {
        "reactor_utilization": {
          "shard": "5",
          "value": 87.832797540000044
        }
      },
      {
        "reactor_utilization": {
          "shard": "6",
          "value": 99.014383940000059
        }
      },
      {
        "reactor_utilization": {
          "shard": "7",
          "value": 99.998759240000041
        }
      },
      {
        "reactor_utilization": {
          "shard": "8",
          "value": 99.527969579999976
        }
      },
      {
        "reactor_utilization": {
          "shard": "9",
          "value": 96.612752060000048
        }
      },
      {
        "reactor_utilization": {
          "shard": "10",
          "value": 98.411082980000074
        }
      },
      {
        "reactor_utilization": {
          "shard": "11",
          "value": 93.666201859999916
        }
      },
      {
        "reactor_utilization": {
          "shard": "12",
          "value": 98.938577259999988
        }
      },
      {
        "reactor_utilization": {
          "shard": "13",
          "value": 99.647482179999997
        }
      },
      {
        "reactor_utilization": {
          "shard": "14",
          "value": 99.6269911199999
        }
      },
      {
        "reactor_utilization": {
          "shard": "15",
          "value": 100
        }
      }
    ]
  },
  {
    "metrics": [
      {
        "reactor_utilization": {
          "shard": "0",
          "value": 97.092227600000143
        }
      },
      {
        "reactor_utilization": {
          "shard": "1",
          "value": 99.974813400000045
        }
      },
      {
        "reactor_utilization": {
          "shard": "2",
          "value": 98.177853799999866
        }
      },
      {
        "reactor_utilization": {
          "shard": "3",
          "value": 71.981044159999996
        }
      },
      {
        "reactor_utilization": {
          "shard": "4",
          "value": 99.958153020000239
        }
      },
      {
        "reactor_utilization": {
          "shard": "5",
          "value": 88.488599400000041
        }
      },
      {
        "reactor_utilization": {
          "shard": "6",
          "value": 98.187972100000067
        }
      },
      {
        "reactor_utilization": {
          "shard": "7",
          "value": 99.948378800000029
        }
      },
      {
        "reactor_utilization": {
          "shard": "8",
          "value": 99.123084479999974
        }
      },
      {
        "reactor_utilization": {
          "shard": "9",
          "value": 97.881561740000052
        }
      },
      {
        "reactor_utilization": {
          "shard": "10",
          "value": 99.026588100000083
        }
      },
      {
        "reactor_utilization": {
          "shard": "11",
          "value": 94.889647079999932
        }
      },
      {
        "reactor_utilization": {
          "shard": "12",
          "value": 98.711163319999997
        }
      },
      {
        "reactor_utilization": {
          "shard": "13",
          "value": 99.542344959999994
        }
      },
      {
        "reactor_utilization": {
          "shard": "14",
          "value": 99.686189439999893
        }
      },
      {
        "reactor_utilization": {
          "shard": "15",
          "value": 100
        }
      }
    ]
  },
  {
    "metrics": [
      {
        "reactor_utilization": {
          "shard": "0",
          "value": 97.281768300000152
        }
      },
      {
        "reactor_utilization": {
          "shard": "1",
          "value": 99.97865814000005
        }
      },
      {
        "reactor_utilization": {
          "shard": "2",
          "value": 97.710267899999863
        }
      },
      {
        "reactor_utilization": {
          "shard": "3",
          "value": 72.333421020000003
        }
      },
      {
        "reactor_utilization": {
          "shard": "4",
          "value": 99.923156660000245
        }
      },
      {
        "reactor_utilization": {
          "shard": "5",
          "value": 88.949329260000042
        }
      },
      {
        "reactor_utilization": {
          "shard": "6",
          "value": 98.331220040000062
        }
      },
      {
        "reactor_utilization": {
          "shard": "7",
          "value": 99.961203020000028
        }
      },
      {
        "reactor_utilization": {
          "shard": "8",
          "value": 99.646061299999971
        }
      },
      {
        "reactor_utilization": {
          "shard": "9",
          "value": 98.083461760000063
        }
      },
      {
        "reactor_utilization": {
          "shard": "10",
          "value": 99.149481160000079
        }
      },
      {
        "reactor_utilization": {
          "shard": "11",
          "value": 94.327564199999927
        }
      },
      {
        "reactor_utilization": {
          "shard": "12",
          "value": 98.57241977999999
        }
      },
      {
        "reactor_utilization": {
          "shard": "13",
          "value": 99.687244499999991
        }
      },
      {
        "reactor_utilization": {
          "shard": "14",
          "value": 99.662879219999894
        }
      },
      {
        "reactor_utilization": {
          "shard": "15",
          "value": 100
        }
      }
    ]
  }
]
