[
  {
    "metrics": [
      {
        "reactor_utilization": {
          "shard": "0",
          "value": 70.422309800000079
        }
      },
      {
        "reactor_utilization": {
          "shard": "1",
          "value": 71.959816940000039
        }
      },
      {
        "reactor_utilization": {
          "shard": "2",
          "value": 70.648359479999883
        }
      },
      {
        "reactor_utilization": {
          "shard": "3",
          "value": 70.285178260000009
        }
      },
      {
        "reactor_utilization": {
          "shard": "4",
          "value": 71.388927700000153
        }
      },
      {
        "reactor_utilization": {
          "shard": "5",
          "value": 77.238813419999985
        }
      },
      {
        "reactor_utilization": {
          "shard": "6",
          "value": 70.594818980000056
        }
      },
      {
        "reactor_utilization": {
          "shard": "7",
          "value": 70.81741216000006
        }
      },
      {
        "reactor_utilization": {
          "shard": "8",
          "value": 63.248071319999909
        }
      },
      {
        "reactor_utilization": {
          "shard": "9",
          "value": 71.250463799999991
        }
      },
      {
        "reactor_utilization": {
          "shard": "10",
          "value": 70.509530640000008
        }
      },
      {
        "reactor_utilization": {
          "shard": "11",
          "value": 71.677106459999933
        }
      },
      {
        "reactor_utilization": {
          "shard": "12",
          "value": 72.874647479999979
        }
      },
      {
        "reactor_utilization": {
          "shard": "13",
          "value": 73.621640480000067
        }
      },
      {
        "reactor_utilization": {
          "shard": "14",
          "value": 69.990408099999982
        }
      },
      {
        "reactor_utilization": {
          "shard": "15",
          "value": 72.117134520000064
        }
      }
    ]
  },
  {
    "metrics": [
      {
        "reactor_utilization": {
          "shard": "0",
          "value": 70.259375060000082
        }
      },
      {
        "reactor_utilization": {
          "shard": "1",
          "value": 72.094529760000043
        }
      },
      {
        "reactor_utilization": {
          "shard": "2",
          "value": 70.595926719999866
        }
      },
      {
        "reactor_utilization": {
          "shard": "3",
          "value": 70.150818439999995
        }
      },
      {
        "reactor_utilization": {
          "shard": "4",
          "value": 71.354381200000148
        }
      },
      {
        "reactor_utilization": {
          "shard": "5",
          "value": 77.159525579999993
        }
      },
      {
        "reactor_utilization": {
          "shard": "6",
          "value": 70.695734920000064
        }
      },
      {
        "reactor_utilization": {
          "shard": "7",
          "value": 71.045173180000049
        }
      },
      {
        "reactor_utilization": {
          "shard": "8",
          "value": 63.410863699999908
        }
      },
      {
        "reactor_utilization": {
          "shard": "9",
          "value": 71.222736780000005
        }
      },
      {
        "reactor_utilization": {
          "shard": "10",
          "value": 70.379192979999999
        }
      },
      {
        "reactor_utilization": {
          "shard": "11",
          "value": 71.768529759999922
        }
      },
      {
        "reactor_utilization": {
          "shard": "12",
          "value": 72.383847879999976
        }
      },
      {
        "reactor_utilization": {
          "shard": "13",
          "value": 73.330020100000041
        }
      },
      {
        "reactor_utilization": {
          "shard": "14",
          "value": 70.216023779999986
        }
      },
      {
        "reactor_utilization": {
          "shard": "15",
          "value": 72.045572240000055
        }
      }
    ]
  },
  {
    "metrics": [
      {
        "reactor_utilization": {
          "shard": "0",
          "value": 70.056845820000092
        }
      },
      {
        "reactor_utilization": {
          "shard": "1",
          "value": 71.886734540000035
        }
      },
      {
        "reactor_utilization": {
          "shard": "2",
          "value": 70.234173879999858
        }
      },
      {
        "reactor_utilization": {
          "shard": "3",
          "value": 69.841298539999997
        }
      },
      {
        "reactor_utilization": {
          "shard": "4",
          "value": 71.327993180000149
        }
      },
      {
        "reactor_utilization": {
          "shard": "5",
          "value": 76.944039579999981
        }
      },
      {
        "reactor_utilization": {
          "shard": "6",
          "value": 70.534533240000059
        }
      },
      {
        "reactor_utilization": {
          "shard": "7",
          "value": 71.001680020000052
        }
      },
      {
        "reactor_utilization": {
          "shard": "8",
          "value": 63.313535899999906
        }
      },
      {
        "reactor_utilization": {
          "shard": "9",
          "value": 71.16360336000001
        }
      },
      {
        "reactor_utilization": {
          "shard": "10",
          "value": 69.986960199999999
        }
      },
      {
        "reactor_utilization": {
          "shard": "11",
          "value": 71.431975359999939
        }
      },
      {
        "reactor_utilization": {
          "shard": "12",
          "value": 72.358008639999966
        }
      },
      {
        "reactor_utilization": {
          "shard": "13",
          "value": 73.438294340000056
        }
      },
      {
        "reactor_utilization": {
          "shard": "14",
          "value": 69.81935335999998
        }
      },
      {
        "reactor_utilization": {
          "shard": "15",
          "value": 72.070303460000048
        }
      }
    ]
  },
  {
    "metrics": [
      {
        "reactor_utilization": {
          "shard": "0",
          "value": 70.598239020000079
        }
      },
      {
        "reactor_utilization": {
          "shard": "1",
          "value": 72.235156460000027
        }
      },
      {
        "reactor_utilization": {
          "shard": "2",
          "value": 70.32212715999988
        }
      },
      {
        "reactor_utilization": {
          "shard": "3",
          "value": 69.921014079999992
        }
      },
      {
        "reactor_utilization": {
          "shard": "4",
          "value": 71.411428860000143
        }
      },
      {
        "reactor_utilization": {
          "shard": "5",
          "value": 76.61214185999998
        }
      },
      {
        "reactor_utilization": {
          "shard": "6",
          "value": 70.245020040000057
        }
      },
      {
        "reactor_utilization": {
          "shard": "7",
          "value": 70.858320260000056
        }
      },
      {
        "reactor_utilization": {
          "shard": "8",
          "value": 63.104882699999898
        }
      },
      {
        "reactor_utilization": {
          "shard": "9",
          "value": 71.387705140000008
        }
      },
      {
        "reactor_utilization": {
          "shard": "10",
          "value": 70.493371980000006
        }
      },
      {
        "reactor_utilization": {
          "shard": "11",
          "value": 71.546460879999941
        }
      },
      {
        "reactor_utilization": {
          "shard": "12",
          "value": 72.688646019999979
        }
      },
      {
        "reactor_utilization": {
          "shard": "13",
          "value": 73.213732080000042
        }
      },
      {
        "reactor_utilization": {
          "shard": "14",
          "value": 69.934885799999975
        }
      },
      {
        "reactor_utilization": {
          "shard": "15",
          "value": 72.176707580000055
        }
      }
    ]
  },
  {
    "metrics": [
      {
        "reactor_utilization": {
          "shard": "0",
          "value": 69.784938040000085
        }
      },
      {
        "reactor_utilization": {
          "shard": "1",
          "value": 71.755917140000022
        }
      },
      {
        "reactor_utilization": {
          "shard": "2",
          "value": 70.713273699999888
        }
      },
      {
        "reactor_utilization": {
          "shard": "3",
          "value": 69.573072499999995
        }
      },
      {
        "reactor_utilization": {
          "shard": "4",
          "value": 71.483522960000158
        }
      },
      {
        "reactor_utilization": {
          "shard": "5",
          "value": 76.80481131999997
        }
      },
      {
        "reactor_utilization": {
          "shard": "6",
          "value": 70.10558446000006
        }
      },
      {
        "reactor_utilization": {
          "shard": "7",
          "value": 70.654857720000066
        }
      },
      {
        "reactor_utilization": {
          "shard": "8",
          "value": 63.280747299999916
        }
      },
      {
        "reactor_utilization": {
          "shard": "9",
          "value": 70.790508100000011
        }
      },
      {
        "reactor_utilization": {
          "shard": "10",
          "value": 70.172408939999997
        }
      },
      {
        "reactor_utilization": {
          "shard": "11",
          "value": 71.336412959999933
        }
      },
      {
        "reactor_utilization": {
          "shard": "12",
          "value": 73.054892139999978
        }
      },
      {
        "reactor_utilization": {
          "shard": "13",
          "value": 73.020210140000046
        }
      },
      {
        "reactor_utilization": {
          "shard": "14",
          "value": 69.734676859999979
        }
      },
      {
        "reactor_utilization": {
          "shard": "15",
          "value": 72.002012080000057
        }
      }
    ]
  },
  {
    "metrics": [
      {
        "reactor_utilization": {
          "shard": "0",
          "value": 70.059945120000094
        }
      },
      {
        "reactor_utilization": {
          "shard": "1",
          "value": 71.677800520000005
        }
      },
      {
        "reactor_utilization": {
          "shard": "2",
          "value": 70.350199779999883
        }
      },
      {
        "reactor_utilization": {
          "shard": "3",
          "value": 69.451263960000006
        }
      },
      {
        "reactor_utilization": {
          "shard": "4",
          "value": 70.952466460000153
        }
      },
      {
        "reactor_utilization": {
          "shard": "5",
          "value": 76.372231739999989
        }
      },
      {
        "reactor_utilization": {
          "shard": "6",
          "value": 69.902052060000059
        }
      },
      {
        "reactor_utilization": {
          "shard": "7",
          "value": 70.612936980000057
        }
      },
      {
        "reactor_utilization": {
          "shard": "8",
          "value": 63.068983599999903
        }
      },
      {
        "reactor_utilization": {
          "shard": "9",
          "value": 71.27109372000001
        }
      },
      {
        "reactor_utilization": {
          "shard": "10",
          "value": 70.412429040000006
        }
      },
      {
        "reactor_utilization": {
          "shard": "11",
          "value": 71.586365339999929
        }
      },
      {
        "reactor_utilization": {
          "shard": "12",
          "value": 72.372940699999972
        }
      },
      {
        "reactor_utilization": {
          "shard": "13",
          "value": 72.670284080000044
        }
      },
      {
        "reactor_utilization": {
          "shard": "14",
          "value": 69.959260679999986
        }
      },
      {
        "reactor_utilization": {
          "shard": "15",
          "value": 71.746691360000042
        }
      }
    ]
  },
  {
    "metrics": [
      {
        "reactor_utilization": {
          "shard": "0",
          "value": 71.112801480000101
        }
      },
      {
        "reactor_utilization": {
          "shard": "1",
          "value": 72.207733040000008
        }
      },
      {
        "reactor_utilization": {
          "shard": "2",
          "value": 71.015918659999883
        }
      },
      {
        "reactor_utilization": {
          "shard": "3",
          "value": 70.834483320000004
        }
      },
      {
        "reactor_utilization": {
          "shard": "4",
          "value": 71.723476220000151
        }
      },
      {
        "reactor_utilization": {
          "shard": "5",
          "value": 76.80047171999999
        }
      },
      {
        "reactor_utilization": {
          "shard": "6",
          "value": 70.601581900000056
        }
      },
      {
        "reactor_utilization": {
          "shard": "7",
          "value": 70.960791720000046
        }
      },
      {
        "reactor_utilization": {
          "shard": "8",
          "value": 63.089465919999924
        }
      },
      {
        "reactor_utilization": {
          "shard": "9",
          "value": 71.69673330000002
        }
      },
      {
        "reactor_utilization": {
          "shard": "10",
          "value": 70.641476940000004
        }
      },
      {
        "reactor_utilization": {
          "shard": "11",
          "value": 72.022711479999927
        }
      },
      {
        "reactor_utilization": {
          "shard": "12",
          "value": 73.262660599999975
        }
      },
      {
        "reactor_utilization": {
          "shard": "13",
          "value": 73.073690020000043
        }
      },
      {
        "reactor_utilization": {
          "shard": "14",
          "value": 70.444939039999994
        }
      },
      {
        "reactor_utilization": {
          "shard": "15",
          "value": 72.333989160000044
        }
      }
    ]
  },
  {
    "metrics": [
      {
        "reactor_utilization": {
          "shard": "0",
          "value": 69.431582340000091
        }
      },
      {
        "reactor_utilization": {
          "shard": "1",
          "value": 71.062725620000009
        }
      },
      {
        "reactor_utilization": {
          "shard": "2",
          "value": 70.134535019999873
        }
      },
      {
        "reactor_utilization": {
          "shard": "3",
          "value": 69.042447260000003
        }
      },
      {
        "reactor_utilization": {
          "shard": "4",
          "value": 70.323682120000157
        }
      },
      {
        "reactor_utilization": {
          "shard": "5",
          "value": 75.944837179999979
        }
      },
      {
        "reactor_utilization": {
          "shard": "6",
          "value": 69.259402040000069
        }
      },
      {
        "reactor_utilization": {
          "shard": "7",
          "value": 70.113039280000038
        }
      },
      {
        "reactor_utilization": {
          "shard": "8",
          "value": 62.412776059999906
        }
      },
      {
        "reactor_utilization": {
          "shard": "9",
          "value": 70.425388480000009
        }
      },
      {
        "reactor_utilization": {
          "shard": "10",
          "value": 69.966730739999988
        }
      },
      {
        "reactor_utilization": {
          "shard": "11",
          "value": 71.150077819999922
        }
      },
      {
        "reactor_utilization": {
          "shard": "12",
          "value": 72.213363939999965
        }
      },
      {
        "reactor_utilization": {
          "shard": "13",
          "value": 72.211389800000049
        }
      },
      {
        "reactor_utilization": {
          "shard": "14",
          "value": 69.42895713999998
        }
      },
      {
        "reactor_utilization": {
          "shard": "15",
          "value": 71.679994020000052
        }
      }
    ]
  },
  {
    "metrics": [
      {
        "reactor_utilization": {
          "shard": "0",
          "value": 69.523645640000083
        }
      },
      {
        "reactor_utilization": {
          "shard": "1",
          "value": 71.015970580000015
        }
      },
      {
        "reactor_utilization": {
          "shard": "2",
          "value": 70.493676479999877
        }
      },
      {
        "reactor_utilization": {
          "shard": "3",
          "value": 69.559323239999998
        }
      },
      {
        "reactor_utilization": {
          "shard": "4",
          "value": 71.219424940000152
        }
      },
      {
        "reactor_utilization": {
          "shard": "5",
          "value": 76.069718919999985
        }
      },
      {
        "reactor_utilization": {
          "shard": "6",
          "value": 69.758426520000057
        }
      },
      {
        "reactor_utilization": {
          "shard": "7",
          "value": 70.213439300000061
        }
      },
      {
        "reactor_utilization": {
          "shard": "8",
          "value": 63.09482321999991
        }
      },
      {
        "reactor_utilization": {
          "shard": "9",
          "value": 70.865230920000016
        }
      },
      {
        "reactor_utilization": {
          "shard": "10",
          "value": 69.980930760000007
        }
      },
      {
        "reactor_utilization": {
          "shard": "11",
          "value": 71.157013339999935
        }
      },
      {
        "reactor_utilization": {
          "shard": "12",
          "value": 71.897542539999961
        }
      },
      {
        "reactor_utilization": {
          "shard": "13",
          "value": 72.079883920000043
        }
      },
      {
        "reactor_utilization": {
          "shard": "14",
          "value": 69.746266119999973
        }
      },
      {
        "reactor_utilization": {
          "shard": "15",
          "value": 71.576932880000058
        }
      }
    ]
  },
  {
    "metrics": [
      {
        "reactor_utilization": {
          "shard": "0",
          "value": 69.623975320000085
        }
      },
      {
        "reactor_utilization": {
          "shard": "1",
          "value": 71.312132360000007
        }
      },
      {
        "reactor_utilization": {
          "shard": "2",
          "value": 70.038204239999885
        }
      },
      {
        "reactor_utilization": {
          "shard": "3",
          "value": 69.459114159999999
        }
      },
      {
        "reactor_utilization": {
          "shard": "4",
          "value": 70.611030720000159
        }
      },
      {
        "reactor_utilization": {
          "shard": "5",
          "value": 76.376514339999986
        }
      },
      {
        "reactor_utilization": {
          "shard": "6",
          "value": 69.651193460000059
        }
      },
      {
        "reactor_utilization": {
          "shard": "7",
          "value": 70.372153420000046
        }
      },
      {
        "reactor_utilization": {
          "shard": "8",
          "value": 62.518469719999899
        }
      },
      {
        "reactor_utilization": {
          "shard": "9",
          "value": 70.499968920000015
        }
      },
      {
        "reactor_utilization": {
          "shard": "10",
          "value": 69.828364840000006
        }
      },
      {
        "reactor_utilization": {
          "shard": "11",
          "value": 71.022823619999926
        }
      },
      {
        "reactor_utilization": {
          "shard": "12",
          "value": 72.299907359999963
        }
      },
      {
        "reactor_utilization": {
          "shard": "13",
          "value": 71.977646780000043
        }
      },
      {
        "reactor_utilization": {
          "shard": "14",
          "value": 69.38480377999997
        }
      },
      {
        "reactor_utilization": {
          "shard": "15",
          "value": 71.565993540000065
        }
      }
    ]
  },
  {
    "metrics": [
      {
        "reactor_utilization": {
          "shard": "0",
          "value": 69.821863200000095
        }
      },
      {
        "reactor_utilization": {
          "shard": "1",
          "value": 70.9046412
        }
      },
      {
        "reactor_utilization": {
          "shard": "2",
          "value": 70.055833979999875
        }
      },
      {
        "reactor_utilization": {
          "shard": "3",
          "value": 69.259420379999995
        }
      },
      {
        "reactor_utilization": {
          "shard": "4",
          "value": 70.946619520000155
        }
      },
      {
        "reactor_utilization": {
          "shard": "5",
          "value": 76.111155499999981
        }
      },
      {
        "reactor_utilization": {
          "shard": "6",
          "value": 69.572489060000066
        }
      },
      {
        "reactor_utilization": {
          "shard": "7",
          "value": 70.209900440000055
        }
      },
      {
        "reactor_utilization": {
          "shard": "8",
          "value": 63.001717759999906
        }
      },
      {
        "reactor_utilization": {
          "shard": "9",
          "value": 70.476504500000019
        }
      },
      {
        "reactor_utilization": {
          "shard": "10",
          "value": 69.450594320000008
        }
      },
      {
        "reactor_utilization": {
          "shard": "11",
          "value": 70.833719459999926
        }
      },
      {
        "reactor_utilization": {
          "shard": "12",
          "value": 71.644727979999942
        }
      },
      {
        "reactor_utilization": {
          "shard": "13",
          "value": 72.110236300000039
        }
      },
      {
        "reactor_utilization": {
          "shard": "14",
          "value": 69.494133399999967
        }
      },
      {
        "reactor_utilization": {
          "shard": "15",
          "value": 71.00518002000004
        }
      }
    ]
  },
  {
    "metrics": [
      {
        "reactor_utilization": {
          "shard": "0",
          "value": 69.568459480000087
        }
      },
      {
        "reactor_utilization": {
          "shard": "1",
          "value": 71.598332979999995
        }
      },
      {
        "reactor_utilization": {
          "shard": "2",
          "value": 69.974445499999874
        }
      },
      {
        "reactor_utilization": {
          "shard": "3",
          "value": 69.572395779999994
        }
      },
      {
        "reactor_utilization": {
          "shard": "4",
          "value": 70.532793140000166
        }
      },
      {
        "reactor_utilization": {
          "shard": "5",
          "value": 76.128340999999992
        }
      },
      {
        "reactor_utilization": {
          "shard": "6",
          "value": 69.689834920000067
        }
      },
      {
        "reactor_utilization": {
          "shard": "7",
          "value": 70.689824960000053
        }
      },
      {
        "reactor_utilization": {
          "shard": "8",
          "value": 62.409192999999917
        }
      },
      {
        "reactor_utilization": {
          "shard": "9",
          "value": 70.209396760000004
        }
      },
      {
        "reactor_utilization": {
          "shard": "10",
          "value": 69.504105060000001
        }
      },
      {
        "reactor_utilization": {
          "shard": "11",
          "value": 70.822883199999936
        }
      },
      {
        "reactor_utilization": {
          "shard": "12",
          "value": 71.869853319999947
        }
      },
      {
        "reactor_utilization": {
          "shard": "13",
          "value": 71.862036260000025
        }
      },
      {
        "reactor_utilization": {
          "shard": "14",
          "value": 69.56515617999996
        }
      },
      {
        "reactor_utilization": {
          "shard": "15",
          "value": 71.44174730000006
        }
      }
    ]
  },
  {
    "metrics": [
      {
        "reactor_utilization": {
          "shard": "0",
          "value": 69.622002020000082
        }
      },
      {
        "reactor_utilization": {
          "shard": "1",
          "value": 70.800576660000019
        }
      },
      {
        "reactor_utilization": {
          "shard": "2",
          "value": 69.94460777999987
        }
      },
      {
        "reactor_utilization": {
          "shard": "3",
          "value": 69.512503299999992
        }
      },
      {
        "reactor_utilization": {
          "shard": "4",
          "value": 70.555986280000155
        }
      },
      {
        "reactor_utilization": {
          "shard": "5",
          "value": 76.119559459999991
        }
      },
      {
        "reactor_utilization": {
          "shard": "6",
          "value": 69.623489400000068
        }
      },
      {
        "reactor_utilization": {
          "shard": "7",
          "value": 69.936647420000057
        }
      },
      {
        "reactor_utilization": {
          "shard": "8",
          "value": 62.225376079999918
        }
      },
      {
        "reactor_utilization": {
          "shard": "9",
          "value": 70.112641859999997
        }
      },
      {
        "reactor_utilization": {
          "shard": "10",
          "value": 69.705060880000005
        }
      },
      {
        "reactor_utilization": {
          "shard": "11",
          "value": 70.860873019999943
        }
      },
      {
        "reactor_utilization": {
          "shard": "12",
          "value": 71.83140979999996
        }
      },
      {
        "reactor_utilization": {
          "shard": "13",
          "value": 71.834513660000027
        }
      },
      {
        "reactor_utilization": {
          "shard": "14",
          "value": 69.315305899999956
        }
      },
      {
        "reactor_utilization": {
          "shard": "15",
          "value": 71.021874120000049
        }
      }
    ]
  },
  {
    "metrics": [
      {
        "reactor_utilization": {
          "shard": "0",
          "value": 69.53167142000008
        }
      },
      {
        "reactor_utilization": {
          "shard": "1",
          "value": 70.788099340000016
        }
      },
      {
        "reactor_utilization": {
          "shard": "2",
          "value": 69.733311459999882
        }
      },
      {
        "reactor_utilization": {
          "shard": "3",
          "value": 69.387989899999994
        }
      },
      {
        "reactor_utilization": {
          "shard": "4",
          "value": 70.24351472000015
        }
      },
      {
        "reactor_utilization": {
          "shard": "5",
          "value": 75.889803759999978
        }
      },
      {
        "reactor_utilization": {
          "shard": "6",
          "value": 69.378576200000069
        }
      },
      {
        "reactor_utilization": {
          "shard": "7",
          "value": 70.441327840000056
        }
      },
      {
        "reactor_utilization": {
          "shard": "8",
          "value": 62.388573339999922
        }
      },
      {
        "reactor_utilization": {
          "shard": "9",
          "value": 70.339826480000013
        }
      },
      {
        "reactor_utilization": {
          "shard": "10",
          "value": 69.251533080000002
        }
      },
      {
        "reactor_utilization": {
          "shard": "11",
          "value": 70.95787093999995
        }
      },
      {
        "reactor_utilization": {
          "shard": "12",
          "value": 71.790335139999968
        }
      },
      {
        "reactor_utilization": {
          "shard": "13",
          "value": 71.95711002000003
        }
      },
      {
        "reactor_utilization": {
          "shard": "14",
          "value": 69.157013319999947
        }
      },
      {
        "reactor_utilization": {
          "shard": "15",
          "value": 71.113300180000067
        }
      }
    ]
  },
  {
    "metrics": [
      {
        "reactor_utilization": {
          "shard": "0",
          "value": 69.042484000000073
        }
      },
      {
        "reactor_utilization": {
          "shard": "1",
          "value": 70.760334040000004
        }
      },
      {
        "reactor_utilization": {
          "shard": "2",
          "value": 69.503211559999883
        }
      },
      {
        "reactor_utilization": {
          "shard": "3",
          "value": 69.10295948000001
        }
      },
      {
        "reactor_utilization": {
          "shard": "4",
          "value": 70.144831100000161
        }
      },
      {
        "reactor_utilization": {
          "shard": "5",
          "value": 75.804440199999988
        }
      },
      {
        "reactor_utilization": {
          "shard": "6",
          "value": 68.96695214000006
        }
      },
      {
        "reactor_utilization": {
          "shard": "7",
          "value": 70.08408490000005
        }
      },
      {
        "reactor_utilization": {
          "shard": "8",
          "value": 62.262204279999921
        }
      },
      {
        "reactor_utilization": {
          "shard": "9",
          "value": 70.137482119999987
        }
      },
      {
        "reactor_utilization": {
          "shard": "10",
          "value": 69.241545900000006
        }
      },
      {
        "reactor_utilization": {
          "shard": "11",
          "value": 70.92363627999994
        }
      },
      {
        "reactor_utilization": {
          "shard": "12",
          "value": 71.523311779999972
        }
      },
      {
        "reactor_utilization": {
          "shard": "13",
          "value": 71.485485860000026
        }
      },
      {
        "reactor_utilization": {
          "shard": "14",
          "value": 69.270811839999951
        }
      },
      {
        "reactor_utilization": {
          "shard": "15",
          "value": 70.619019620000046
        }
      }
    ]
  },
  {
    "metrics": [
      {
        "reactor_utilization": {
          "shard": "0",
          "value": 69.429875320000065
        }
      },
      {
        "reactor_utilization": {
          "shard": "1",
          "value": 70.829364479999995
        }
      },
      {
        "reactor_utilization": {
          "shard": "2",
          "value": 69.801008439999876
        }
      },
      {
        "reactor_utilization": {
          "shard": "3",
          "value": 69.054280739999996
        }
      },
      {
        "reactor_utilization": {
          "shard": "4",
          "value": 70.16138596000016
        }
      },
      {
        "reactor_utilization": {
          "shard": "5",
          "value": 74.929934599999996
        }
      },
      {
        "reactor_utilization": {
          "shard": "6",
          "value": 68.357013960000074
        }
      },
      {
        "reactor_utilization": {
          "shard": "7",
          "value": 69.74894386000004
        }
      },
      {
        "reactor_utilization": {
          "shard": "8",
          "value": 61.941394039999921
        }
      },
      {
        "reactor_utilization": {
          "shard": "9",
          "value": 69.611165100000008
        }
      },
      {
        "reactor_utilization": {
          "shard": "10",
          "value": 68.997598220000029
        }
      },
      {
        "reactor_utilization": {
          "shard": "11",
          "value": 70.219254679999949
        }
      },
      {
        "reactor_utilization": {
          "shard": "12",
          "value": 71.153486759999964
        }
      },
      {
        "reactor_utilization": {
          "shard": "13",
          "value": 71.558233640000026
        }
      },
      {
        "reactor_utilization": {
          "shard": "14",
          "value": 68.817640479999937
        }
      },
      {
        "reactor_utilization": {
          "shard": "15",
          "value": 70.744833760000034
        }
      }
    ]
  },
  {
    "metrics": [
      {
        "reactor_utilization": {
          "shard": "0",
          "value": 69.554066220000067
        }
      },
      {
        "reactor_utilization": {
          "shard": "1",
          "value": 70.290763260000006
        }
      },
      {
        "reactor_utilization": {
          "shard": "2",
          "value": 69.720966479999873
        }
      },
      {
        "reactor_utilization": {
          "shard": "3",
          "value": 69.419511499999999
        }
      },
      {
        "reactor_utilization": {
          "shard": "4",
          "value": 70.367379520000156
        }
      },
      {
        "reactor_utilization": {
          "shard": "5",
          "value": 75.415871599999988
        }
      },
      {
        "reactor_utilization": {
          "shard": "6",
          "value": 69.034047140000055
        }
      },
      {
        "reactor_utilization": {
          "shard": "7",
          "value": 69.576909220000033
        }
      },
      {
        "reactor_utilization": {
          "shard": "8",
          "value": 62.584217659999929
        }
      },
      {
        "reactor_utilization": {
          "shard": "9",
          "value": 70.175441320000004
        }
      },
      {
        "reactor_utilization": {
          "shard": "10",
          "value": 69.491040920000017
        }
      },
      {
        "reactor_utilization": {
          "shard": "11",
          "value": 70.365757899999949
        }
      },
      {
        "reactor_utilization": {
          "shard": "12",
          "value": 71.474771919999952
        }
      },
      {
        "reactor_utilization": {
          "shard": "13",
          "value": 71.468844440000041
        }
      },
      {
        "reactor_utilization": {
          "shard": "14",
          "value": 68.901536839999949
        }
      },
      {
        "reactor_utilization": {
          "shard": "15",
          "value": 70.980342780000029
        }
      }
    ]
  },
  {
    "metrics": [
      {
        "reactor_utilization": {
          "shard": "0",
          "value": 69.465331060000054
        }
      },
      {
        "reactor_utilization": {
          "shard": "1",
          "value": 71.022148440000009
        }
      },
      {
        "reactor_utilization": {
          "shard": "2",
          "value": 70.084072159999877
        }
      },
      {
        "reactor_utilization": {
          "shard": "3",
          "value": 69.17668857999999
        }
      },
      {
        "reactor_utilization": {
          "shard": "4",
          "value": 70.40569030000016
        }
      },
      {
        "reactor_utilization": {
          "shard": "5",
          "value": 75.417330579999998
        }
      },
      {
        "reactor_utilization": {
          "shard": "6",
          "value": 69.061389280000057
        }
      },
      {
        "reactor_utilization": {
          "shard": "7",
          "value": 70.188468400000033
        }
      },
      {
        "reactor_utilization": {
          "shard": "8",
          "value": 62.135661019999922
        }
      },
      {
        "reactor_utilization": {
          "shard": "9",
          "value": 70.337902159999999
        }
      },
      {
        "reactor_utilization": {
          "shard": "10",
          "value": 69.293914900000019
        }
      },
      {
        "reactor_utilization": {
          "shard": "11",
          "value": 71.14384771999994
        }
      },
      {
        "reactor_utilization": {
          "shard": "12",
          "value": 71.448342219999958
        }
      },
      {
        "reactor_utilization": {
          "shard": "13",
          "value": 71.808125100000041
        }
      },
      {
        "reactor_utilization": {
          "shard": "14",
          "value": 68.893607459999956
        }
      },
      {
        "reactor_utilization": {
          "shard": "15",
          "value": 70.963320440000032
        }
      }
    ]
  },
  {
    "metrics": [
      {
        "reactor_utilization": {
          "shard": "0",
          "value": 69.910872700000056
        }
      },
      {
        "reactor_utilization": {
          "shard": "1",
          "value": 71.817629740000015
        }
      },
      {
        "reactor_utilization": {
          "shard": "2",
          "value": 70.240021779999879
        }
      },
      {
        "reactor_utilization": {
          "shard": "3",
          "value": 69.347609160000005
        }
      },
      {
        "reactor_utilization": {
          "shard": "4",
          "value": 70.997145680000145
        }
      },
      {
        "reactor_utilization": {
          "shard": "5",
          "value": 76.142518879999997
        }
      },
      {
        "reactor_utilization": {
          "shard": "6",
          "value": 70.092171560000054
        }
      },
      {
        "reactor_utilization": {
          "shard": "7",
          "value": 70.799261700000045
        }
      },
      {
        "reactor_utilization": {
          "shard": "8",
          "value": 62.746879959999937
        }
      },
      {
        "reactor_utilization": {
          "shard": "9",
          "value": 70.792454580000012
        }
      },
      {
        "reactor_utilization": {
          "shard": "10",
          "value": 69.965707780000017
        }
      },
      {
        "reactor_utilization": {
          "shard": "11",
          "value": 71.461375779999941
        }
      },
      {
        "reactor_utilization": {
          "shard": "12",
          "value": 72.444906299999957
        }
      },
      {
        "reactor_utilization": {
          "shard": "13",
          "value": 72.386533360000044
        }
      },
      {
        "reactor_utilization": {
          "shard": "14",
          "value": 69.151995779999936
        }
      },
      {
        "reactor_utilization": {
          "shard": "15",
          "value": 71.550827640000023
        }
      }
    ]
  },
  {
    "metrics": [
      {
        "reactor_utilization": {
          "shard": "0",
          "value": 69.127252940000048
        }
      },
      {
        "reactor_utilization": {
          "shard": "1",
          "value": 70.513744060000008
        }
      },
      {
        "reactor_utilization": {
          "shard": "2",
          "value": 69.463701619999867
        }
      },
      {
        "reactor_utilization": {
          "shard": "3",
          "value": 68.707694660000001
        }
      },
      {
        "reactor_utilization": {
          "shard": "4",
          "value": 70.174151980000161
        }
      },
      {
        "reactor_utilization": {
          "shard": "5",
          "value": 74.96403866
        }
      },
      {
        "reactor_utilization": {
          "shard": "6",
          "value": 68.85647922000004
        }
      },
      {
        "reactor_utilization": {
          "shard": "7",
          "value": 69.661566880000038
        }
      },
      {
        "reactor_utilization": {
          "shard": "8",
          "value": 62.044418779999923
        }
      },
      {
        "reactor_utilization": {
          "shard": "9",
          "value": 69.56986950000001
        }
      },
      {
        "reactor_utilization": {
          "shard": "10",
          "value": 68.923519220000017
        }
      },
      {
        "reactor_utilization": {
          "shard": "11",
          "value": 70.361923319999946
        }
      },
      {
        "reactor_utilization": {
          "shard": "12",
          "value": 71.14765777999996
        }
      },
      {
        "reactor_utilization": {
          "shard": "13",
          "value": 71.034523060000041
        }
      },
      {
        "reactor_utilization": {
          "shard": "14",
          "value": 68.946379019999938
        }
      },
      {
        "reactor_utilization": {
          "shard": "15",
          "value": 70.462376540000022
        }
      }
    ]
  },
  {
    "metrics": [
      {
        "reactor_utilization": {
          "shard": "0",
          "value": 69.408112100000039
        }
      },
      {
        "reactor_utilization": {
          "shard": "1",
          "value": 71.251703820000017
        }
      },
      {
        "reactor_utilization": {
          "shard": "2",
          "value": 70.087819699999869
        }
      },
      {
        "reactor_utilization": {
          "shard": "3",
          "value": 69.522374339999999
        }
      },
      {
        "reactor_utilization": {
          "shard": "4",
          "value": 70.589172200000149
        }
      },
      {
        "reactor_utilization": {
          "shard": "5",
          "value": 76.148922540000001
        }
      },
      {
        "reactor_utilization": {
          "shard": "6",
          "value": 69.588901640000046
        }
      },
      {
        "reactor_utilization": {
          "shard": "7",
          "value": 70.041864000000032
        }
      },
      {
        "reactor_utilization": {
          "shard": "8",
          "value": 62.327117639999926
        }
      },
      {
        "reactor_utilization": {
          "shard": "9",
          "value": 69.961915500000018
        }
      },
      {
        "reactor_utilization": {
          "shard": "10",
          "value": 69.676461620000012
        }
      },
      {
        "reactor_utilization": {
          "shard": "11",
          "value": 70.988256099999944
        }
      },
      {
        "reactor_utilization": {
          "shard": "12",
          "value": 71.342967079999966
        }
      },
      {
        "reactor_utilization": {
          "shard": "13",
          "value": 71.575137620000049
        }
      },
      {
        "reactor_utilization": {
          "shard": "14",
          "value": 69.64001557999994
        }
      },
      {
        "reactor_utilization": {
          "shard": "15",
          "value": 70.950748780000026
        }
      }
    ]
  },
  {
    "metrics": [
      {
        "reactor_utilization": {
          "shard": "0",
          "value": 69.053103720000053
        }
      },
      {
        "reactor_utilization": {
          "shard": "1",
          "value": 70.367102739999993
        }
      },
      {
        "reactor_utilization": {
          "shard": "2",
          "value": 69.488673279999887
        }
      },
      {
        "reactor_utilization": {
          "shard": "3",
          "value": 68.914006519999987
        }
      },
      {
        "reactor_utilization": {
          "shard": "4",
          "value": 70.321876540000147
        }
      },
      {
        "reactor_utilization": {
          "shard": "5",
          "value": 75.176365060000009
        }
      },
      {
        "reactor_utilization": {
          "shard": "6",
          "value": 69.123888760000042
        }
      },
      {
        "reactor_utilization": {
          "shard": "7",
          "value": 69.685184040000038
        }
      },
      {
        "reactor_utilization": {
          "shard": "8",
          "value": 61.53862999999992
        }
      },
      {
        "reactor_utilization": {
          "shard": "9",
          "value": 69.765392960000014
        }
      },
      {
        "reactor_utilization": {
          "shard": "10",
          "value": 69.26516632000002
        }
      },
      {
        "reactor_utilization": {
          "shard": "11",
          "value": 70.618830799999941
        }
      },
      {
        "reactor_utilization": {
          "shard": "12",
          "value": 71.139473099999961
        }
      },
      {
        "reactor_utilization": {
          "shard": "13",
          "value": 71.592031480000045
        }
      },
      {
        "reactor_utilization": {
          "shard": "14",
          "value": 69.260894819999933
        }
      },
      {
        "reactor_utilization": {
          "shard": "15",
          "value": 71.134137500000023
        }
      }
    ]
  },
  {
    "metrics": [
      {
        "reactor_utilization": {
          "shard": "0",
          "value": 69.427874460000055
        }
      },
      {
        "reactor_utilization": {
          "shard": "1",
          "value": 71.009089799999998
        }
      },
      {
        "reactor_utilization": {
          "shard": "2",
          "value": 69.217213159999872
        }
      },
      {
        "reactor_utilization": {
          "shard": "3",
          "value": 69.635745240000006
        }
      },
      {
        "reactor_utilization": {
          "shard": "4",
          "value": 70.946268160000145
        }
      },
      {
        "reactor_utilization": {
          "shard": "5",
          "value": 75.133605619999997
        }
      },
      {
        "reactor_utilization": {
          "shard": "6",
          "value": 68.839346080000041
        }
      },
      {
        "reactor_utilization": {
          "shard": "7",
          "value": 70.006557780000037
        }
      },
      {
        "reactor_utilization": {
          "shard": "8",
          "value": 59.493590619999928
        }
      },
      {
        "reactor_utilization": {
          "shard": "9",
          "value": 70.005924520000036
        }
      },
      {
        "reactor_utilization": {
          "shard": "10",
          "value": 69.106736060000017
        }
      },
      {
        "reactor_utilization": {
          "shard": "11",
          "value": 70.73331381999995
        }
      },
      {
        "reactor_utilization": {
          "shard": "12",
          "value": 71.37517195999996
        }
      },
      {
        "reactor_utilization": {
          "shard": "13",
          "value": 71.133556520000042
        }
      },
      {
        "reactor_utilization": {
          "shard": "14",
          "value": 68.795942159999939
        }
      },
      {
        "reactor_utilization": {
          "shard": "15",
          "value": 71.045443860000034
        }
      }
    ]
  },
  {
    "metrics": [
      {
        "reactor_utilization": {
          "shard": "0",
          "value": 69.177443900000057
        }
      },
      {
        "reactor_utilization": {
          "shard": "1",
          "value": 70.592108839999995
        }
      },
      {
        "reactor_utilization": {
          "shard": "2",
          "value": 68.212845339999873
        }
      },
      {
        "reactor_utilization": {
          "shard": "3",
          "value": 68.611981479999997
        }
      },
      {
        "reactor_utilization": {
          "shard": "4",
          "value": 70.240781300000151
        }
      },
      {
        "reactor_utilization": {
          "shard": "5",
          "value": 75.645298860000011
        }
      },
      {
        "reactor_utilization": {
          "shard": "6",
          "value": 68.897780180000041
        }
      },
      {
        "reactor_utilization": {
          "shard": "7",
          "value": 69.041800240000043
        }
      },
      {
        "reactor_utilization": {
          "shard": "8",
          "value": 59.036152899999927
        }
      },
      {
        "reactor_utilization": {
          "shard": "9",
          "value": 69.198566380000017
        }
      },
      {
        "reactor_utilization": {
          "shard": "10",
          "value": 68.793028140000018
        }
      },
      {
        "reactor_utilization": {
          "shard": "11",
          "value": 70.59440501999994
        }
      },
      {
        "reactor_utilization": {
          "shard": "12",
          "value": 71.708846459999947
        }
      },
      {
        "reactor_utilization": {
          "shard": "13",
          "value": 71.782597200000041
        }
      },
      {
        "reactor_utilization": {
          "shard": "14",
          "value": 68.985103719999927
        }
      },
      {
        "reactor_utilization": {
          "shard": "15",
          "value": 71.595401380000041
        }
      }
    ]
  }
]
