[
  {
    "metrics": [
      {
        "reactor_utilization": {
          "shard": "0",
          "value": 99.999341740000133
        }
      },
      {
        "reactor_utilization": {
          "shard": "1",
          "value": 100.00000000000007
        }
      },
      {
        "reactor_utilization": {
          "shard": "2",
          "value": 93.349936639999868
        }
      },
      {
        "reactor_utilization": {
          "shard": "3",
          "value": 94.868844079999974
        }
      },
      {
        "reactor_utilization": {
          "shard": "4",
          "value": 99.700322760000233
        }
      },
      {
        "reactor_utilization": {
          "shard": "5",
          "value": 100
        }
      },
      {
        "reactor_utilization": {
          "shard": "6",
          "value": 96.127695120000055
        }
      },
      {
        "reactor_utilization": {
          "shard": "7",
          "value": 98.31961726000003
        }
      },
      {
        "reactor_utilization": {
          "shard": "8",
          "value": 98.870110319999938
        }
      },
      {
        "reactor_utilization": {
          "shard": "9",
          "value": 99.716920100000053
        }
      },
      {
        "reactor_utilization": {
          "shard": "10",
          "value": 99.835240920000075
        }
      },
      {
        "reactor_utilization": {
          "shard": "11",
          "value": 93.702899659999929
        }
      },
      {
        "reactor_utilization": {
          "shard": "12",
          "value": 94.47307945999998
        }
      },
      {
        "reactor_utilization": {
          "shard": "13",
          "value": 100
        }
      },
      {
        "reactor_utilization": {
          "shard": "14",
          "value": 99.810053619999906
        }
      },
      {
        "reactor_utilization": {
          "shard": "15",
          "value": 99.898017859999982
        }
      }
    ]
  },
  {
    "metrics": [
      {
        "reactor_utilization": {
          "shard": "0",
          "value": 99.998540220000137
        }
      },
      {
        "reactor_utilization": {
          "shard": "1",
          "value": 99.997660220000057
        }
      },
      {
        "reactor_utilization": {
          "shard": "2",
          "value": 94.382707579999874
        }
      },
      {
        "reactor_utilization": {
          "shard": "3",
          "value": 96.01150321999998
        }
      },
      {
        "reactor_utilization": {
          "shard": "4",
          "value": 99.768578160000231
        }
      },
      {
        "reactor_utilization": {
          "shard": "5",
          "value": 100
        }
      },
      {
        "reactor_utilization": {
          "shard": "6",
          "value": 96.942246100000062
        }
      },
      {
        "reactor_utilization": {
          "shard": "7",
          "value": 98.51145688000004
        }
      },
      {
        "reactor_utilization": {
          "shard": "8",
          "value": 99.233470899999944
        }
      },
      {
        "reactor_utilization": {
          "shard": "9",
          "value": 99.797973660000054
        }
      },
      {
        "reactor_utilization": {
          "shard": "10",
          "value": 99.911310120000081
        }
      },
      {
        "reactor_utilization": {
          "shard": "11",
          "value": 94.889952839999921
        }
      },
      {
        "reactor_utilization": {
          "shard": "12",
          "value": 95.436362739999964
        }
      },
      {
        "reactor_utilization": {
          "shard": "13",
          "value": 100
        }
      },
      {
        "reactor_utilization": {
          "shard": "14",
          "value": 99.861345399999919
        }
      },
      {
        "reactor_utilization": {
          "shard": "15",
          "value": 99.958200659999989
        }
      }
    ]
  },
  {
    "metrics": [
      {
        "reactor_utilization": {
          "shard": "0",
          "value": 99.999802520000131
        }
      },
      {
        "reactor_utilization": {
          "shard": "1",
          "value": 100.00000000000007
        }
      },
      {
        "reactor_utilization": {
          "shard": "2",
          "value": 94.781944799999877
        }
      },
      {
        "reactor_utilization": {
          "shard": "3",
          "value": 95.720290239999983
        }
      },
      {
        "reactor_utilization": {
          "shard": "4",
          "value": 99.78765056000023
        }
      },
      {
        "reactor_utilization": {
          "shard": "5",
          "value": 100
        }
      },
      {
        "reactor_utilization": {
          "shard": "6",
          "value": 96.672930360000066
        }
      },
      {
        "reactor_utilization": {
          "shard": "7",
          "value": 98.634453420000028
        }
      },
      {
        "reactor_utilization": {
          "shard": "8",
          "value": 99.045799499999944
        }
      },
      {
        "reactor_utilization": {
          "shard": "9",
          "value": 99.830068740000044
        }
      },
      {
        "reactor_utilization": {
          "shard": "10",
          "value": 99.91732482000009
        }
      },
      {
        "reactor_utilization": {
          "shard": "11",
          "value": 94.422126419999927
        }
      },
      {
        "reactor_utilization": {
          "shard": "12",
          "value": 95.457719279999978
        }
      },
      {
        "reactor_utilization": {
          "shard": "13",
          "value": 100
        }
      },
      {
        "reactor_utilization": {
          "shard": "14",
          "value": 99.754695519999899
        }
      },
      {
        "reactor_utilization": {
          "shard": "15",
          "value": 99.902000879999989
        }
      }
    ]
  },
  {
    "metrics": [
      {
        "reactor_utilization": {
          "shard": "0",
          "value": 99.999867460000132
        }
      },
      {
        "reactor_utilization": {
          "shard": "1",
          "value": 99.998874680000057
        }
      },
      {
        "reactor_utilization": {
          "shard": "2",
          "value": 94.134044699999862
        }
      },
      {
        "reactor_utilization": {
          "shard": "3",
          "value": 95.105235959999973
        }
      },
      {
        "reactor_utilization": {
          "shard": "4",
          "value": 99.727720580000238
        }
      },
      {
        "reactor_utilization": {
          "shard": "5",
          "value": 100
        }
      },
      {
        "reactor_utilization": {
          "shard": "6",
          "value": 96.041717040000066
        }
      },
      {
        "reactor_utilization": {
          "shard": "7",
          "value": 98.480771100000041
        }
      },
      {
        "reactor_utilization": {
          "shard": "8",
          "value": 98.999296599999937
        }
      },
      {
        "reactor_utilization": {
          "shard": "9",
          "value": 99.780944840000046
        }
      },
      {
        "reactor_utilization": {
          "shard": "10",
          "value": 99.842219120000081
        }
      },
      {
        "reactor_utilization": {
          "shard": "11",
          "value": 93.939434319999933
        }
      },
      {
        "reactor_utilization": {
          "shard": "12",
          "value": 94.70982653999998
        }
      },
      {
        "reactor_utilization": {
          "shard": "13",
          "value": 100
        }
      },
      {
        "reactor_utilization": {
          "shard": "14",
          "value": 99.803706879999908
        }
      },
      {
        "reactor_utilization": {
          "shard": "15",
          "value": 99.899165379999985
        }
      }
    ]
  },
  {
    "metrics": [
      {
        "reactor_utilization": {
          "shard": "0",
          "value": 99.999489080000131
        }
      },
      {
        "reactor_utilization": {
          "shard": "1",
          "value": 99.992316140000057
        }
      },
      {
        "reactor_utilization": {
          "shard": "2",
          "value": 94.200495139999873
        }
      },
      {
        "reactor_utilization": {
          "shard": "3",
          "value": 94.773570679999992
        }
      },
      {
        "reactor_utilization": {
          "shard": "4",
          "value": 99.786632420000231
        }
      },
      {
        "reactor_utilization": {
          "shard": "5",
          "value": 99.999424480000002
        }
      },
      {
        "reactor_utilization": {
          "shard": "6",
          "value": 95.552455120000062
        }
      },
      {
        "reactor_utilization": {
          "shard": "7",
          "value": 98.684537980000044
        }
      },
      {
        "reactor_utilization": {
          "shard": "8",
          "value": 98.816875759999945
        }
      },
      {
        "reactor_utilization": {
          "shard": "9",
          "value": 99.740019620000055
        }
      },
      {
        "reactor_utilization": {
          "shard": "10",
          "value": 99.827469500000092
        }
      },
      {
        "reactor_utilization": {
          "shard": "11",
          "value": 94.201251939999935
        }
      },
      {
        "reactor_utilization": {
          "shard": "12",
          "value": 95.448596879999968
        }
      },
      {
        "reactor_utilization": {
          "shard": "13",
          "value": 100
        }
      },
      {
        "reactor_utilization": {
          "shard": "14",
          "value": 99.826997419999913
        }
      },
      {
        "reactor_utilization": {
          "shard": "15",
          "value": 99.907330339999987
        }
      }
    ]
  },
  {
    "metrics": [
      {
        "reactor_utilization": {
          "shard": "0",
          "value": 99.99711888000013
        }
      },
      {
        "reactor_utilization": {
          "shard": "1",
          "value": 99.994548860000052
        }
      },
      {
        "reactor_utilization": {
          "shard": "2",
          "value": 94.469259379999869
        }
      },
      {
        "reactor_utilization": {
          "shard": "3",
          "value": 93.491887679999991
        }
      },
      {
        "reactor_utilization": {
          "shard": "4",
          "value": 99.817894480000234
        }
      },
      {
        "reactor_utilization": {
          "shard": "5",
          "value": 100
        }
      },
      {
        "reactor_utilization": {
          "shard": "6",
          "value": 95.604479860000055
        }
      },
      {
        "reactor_utilization": {
          "shard": "7",
          "value": 98.701867540000038
        }
      },
      {
        "reactor_utilization": {
          "shard": "8",
          "value": 98.861853819999951
        }
      },
      {
        "reactor_utilization": {
          "shard": "9",
          "value": 99.709551320000045
        }
      },
      {
        "reactor_utilization": {
          "shard": "10",
          "value": 99.73647370000009
        }
      },
      {
        "reactor_utilization": {
          "shard": "11",
          "value": 94.738467399999919
        }
      },
      {
        "reactor_utilization": {
          "shard": "12",
          "value": 94.982395159999982
        }
      },
      {
        "reactor_utilization": {
          "shard": "13",
          "value": 100
        }
      },
      {
        "reactor_utilization": {
          "shard": "14",
          "value": 99.745943819999908
        }
      },
      {
        "reactor_utilization": {
          "shard": "15",
          "value": 99.855788559999979
        }
      }
    ]
  },
  {
    "metrics": [
      {
        "reactor_utilization": {
          "shard": "0",
          "value": 99.999686440000133
        }
      },
      {
        "reactor_utilization": {
          "shard": "1",
          "value": 99.99735144000006
        }
      },
      {
        "reactor_utilization": {
          "shard": "2",
          "value": 94.355329039999873
        }
      },
      {
        "reactor_utilization": {
          "shard": "3",
          "value": 95.169401899999983
        }
      },
      {
        "reactor_utilization": {
          "shard": "4",
          "value": 99.777514500000237
        }
      },
      {
        "reactor_utilization": {
          "shard": "5",
          "value": 99.999985940000002
        }
      },
      {
        "reactor_utilization": {
          "shard": "6",
          "value": 95.601870920000053
        }
      },
      {
        "reactor_utilization": {
          "shard": "7",
          "value": 98.306677760000042
        }
      },
      {
        "reactor_utilization": {
          "shard": "8",
          "value": 98.702715299999937
        }
      },
      {
        "reactor_utilization": {
          "shard": "9",
          "value": 99.762011920000049
        }
      },
      {
        "reactor_utilization": {
          "shard": "10",
          "value": 99.817028240000084
        }
      },
      {
        "reactor_utilization": {
          "shard": "11",
          "value": 94.573368659999929
        }
      },
      {
        "reactor_utilization": {
          "shard": "12",
          "value": 94.863969599999976
        }
      },
      {
        "reactor_utilization": {
          "shard": "13",
          "value": 100
        }
      },
      {
        "reactor_utilization": {
          "shard": "14",
          "value": 99.840858359999913
        }
      },
      {
        "reactor_utilization": {
          "shard": "15",
          "value": 99.843237479999985
        }
      }
    ]
  },
  {
    "metrics": [
      {
        "reactor_utilization": {
          "shard": "0",
          "value": 99.998964000000129
        }
      },
      {
        "reactor_utilization": {
          "shard": "1",
          "value": 99.992489040000052
        }
      },
      {
        "reactor_utilization": {
          "shard": "2",
          "value": 93.681696819999871
        }
      },
      {
        "reactor_utilization": {
          "shard": "3",
          "value": 92.938162819999974
        }
      },
      {
        "reactor_utilization": {
          "shard": "4",
          "value": 99.689263340000238
        }
      },
      {
        "reactor_utilization": {
          "shard": "5",
          "value": 100
        }
      },
      {
        "reactor_utilization": {
          "shard": "6",
          "value": 96.040923700000064
        }
      },
      {
        "reactor_utilization": {
          "shard": "7",
          "value": 98.540983380000029
        }
      },
      {
        "reactor_utilization": {
          "shard": "8",
          "value": 99.017298099999934
        }
      },
      {
        "reactor_utilization": {
          "shard": "9",
          "value": 99.831067880000049
        }
      },
      {
        "reactor_utilization": {
          "shard": "10",
          "value": 99.904345560000081
        }
      },
      {
        "reactor_utilization": {
          "shard": "11",
          "value": 94.518445899999932
        }
      },
      {
        "reactor_utilization": {
          "shard": "12",
          "value": 95.921386999999967
        }
      },
      {
        "reactor_utilization": {
          "shard": "13",
          "value": 100
        }
      },
      {
        "reactor_utilization": {
          "shard": "14",
          "value": 99.760914599999907
        }
      },
      {
        "reactor_utilization": {
          "shard": "15",
          "value": 99.868679939999979
        }
      }
    ]
  },
  {
    "metrics": [
      {
        "reactor_utilization": {
          "shard": "0",
          "value": 99.999690060000134
        }
      },
      {
        "reactor_utilization": {
          "shard": "1",
          "value": 99.999936900000066
        }
      },
      {
        "reactor_utilization": {
          "shard": "2",
          "value": 92.668676479999874
        }
      },
      {
        "reactor_utilization": {
          "shard": "3",
          "value": 93.830379059999984
        }
      },
      {
        "reactor_utilization": {
          "shard": "4",
          "value": 99.589972180000231
        }
      },
      {
        "reactor_utilization": {
          "shard": "5",
          "value": 100
        }
      },
      {
        "reactor_utilization": {
          "shard": "6",
          "value": 95.423470580000057
        }
      },
      {
        "reactor_utilization": {
          "shard": "7",
          "value": 98.193345060000041
        }
      },
      {
        "reactor_utilization": {
          "shard": "8",
          "value": 98.800968239999946
        }
      },
      {
        "reactor_utilization": {
          "shard": "9",
          "value": 99.609826060000046
        }
      },
      {
        "reactor_utilization": {
          "shard": "10",
          "value": 99.770980320000078
        }
      },
      {
        "reactor_utilization": {
          "shard": "11",
          "value": 94.037176259999939
        }
      },
      {
        "reactor_utilization": {
          "shard": "12",
          "value": 95.035903639999972
        }
      },
      {
        "reactor_utilization": {
          "shard": "13",
          "value": 100
        }
      },
      {
        "reactor_utilization": {
          "shard": "14",
          "value": 99.651644339999905
        }
      },
      {
        "reactor_utilization": {
          "shard": "15",
          "value": 99.807682599999978
        }
      }
    ]
  },
  {
    "metrics": [
      {
        "reactor_utilization": {
          "shard": "0",
          "value": 99.98035688000013
        }
      },
      {
        "reactor_utilization": {
          "shard": "1",
          "value": 99.945050140000063
        }
      },
      {
        "reactor_utilization": {
          "shard": "2",
          "value": 91.649399959999869
        }
      },
      {
        "reactor_utilization": {
          "shard": "3",
          "value": 93.385156399999985
        }
      },
      {
        "reactor_utilization": {
          "shard": "4",
          "value": 99.272880860000228
        }
      },
      {
        "reactor_utilization": {
          "shard": "5",
          "value": 99.999689340000003
        }
      },
      {
        "reactor_utilization": {
          "shard": "6",
          "value": 94.553225600000061
        }
      },
      {
        "reactor_utilization": {
          "shard": "7",
          "value": 97.274505840000032
        }
      },
      {
        "reactor_utilization": {
          "shard": "8",
          "value": 98.265395419999948
        }
      },
      {
        "reactor_utilization": {
          "shard": "9",
          "value": 99.498315120000044
        }
      },
      {
        "reactor_utilization": {
          "shard": "10",
          "value": 99.513421840000078
        }
      },
      {
        "reactor_utilization": {
          "shard": "11",
          "value": 93.666371919999932
        }
      },
      {
        "reactor_utilization": {
          "shard": "12",
          "value": 93.47787363999997
        }
      },
      {
        "reactor_utilization": {
          "shard": "13",
          "value": 100
        }
      },
      {
        "reactor_utilization": {
          "shard": "14",
          "value": 99.418880699999917
        }
      },
      {
        "reactor_utilization": {
          "shard": "15",
          "value": 99.844658699999982
        }
      }
    ]
  },
  {
    "metrics": [
      {
        "reactor_utilization": {
          "shard": "0",
          "value": 99.992700920000132
        }
      },
      {
        "reactor_utilization": {
          "shard": "1",
          "value": 99.941817540000059
        }
      },
      {
        "reactor_utilization": {
          "shard": "2",
          "value": 87.773257679999858
        }
      },
      {
        "reactor_utilization": {
          "shard": "3",
          "value": 93.568768259999985
        }
      },
      {
        "reactor_utilization": {
          "shard": "4",
          "value": 99.321881680000232
        }
      },
      {
        "reactor_utilization": {
          "shard": "5",
          "value": 99.996508039999995
        }
      },
      {
        "reactor_utilization": {
          "shard": "6",
          "value": 94.113255460000062
        }
      },
      {
        "reactor_utilization": {
          "shard": "7",
          "value": 97.213907660000032
        }
      },
      {
        "reactor_utilization": {
          "shard": "8",
          "value": 97.149491899999944
        }
      },
      {
        "reactor_utilization": {
          "shard": "9",
          "value": 99.413600840000043
        }
      },
      {
        "reactor_utilization": {
          "shard": "10",
          "value": 98.631545860000074
        }
      },
      {
        "reactor_utilization": {
          "shard": "11",
          "value": 92.657186599999932
        }
      },
      {
        "reactor_utilization": {
          "shard": "12",
          "value": 93.858972839999979
        }
      },
      {
        "reactor_utilization": {
          "shard": "13",
          "value": 100
        }
      },
      {
        "reactor_utilization": {
          "shard": "14",
          "value": 99.534965219999904
        }
      },
      {
        "reactor_utilization": {
          "shard": "15",
          "value": 99.784191019999994
        }
      }
    ]
  },
  {
    "metrics": [
      {
        "reactor_utilization": {
          "shard": "0",
          "value": 99.988629840000129
        }
      },
      {
        "reactor_utilization": {
          "shard": "1",
          "value": 99.978172060000063
        }
      },
      {
        "reactor_utilization": {
          "shard": "2",
          "value": 90.969512159999866
        }
      },
      {
        "reactor_utilization": {
          "shard": "3",
          "value": 92.199912539999985
        }
      },
      {
        "reactor_utilization": {
          "shard": "4",
          "value": 98.764855880000241
        }
      },
      {
        "reactor_utilization": {
          "shard": "5",
          "value": 99.998929400000009
        }
      },
      {
        "reactor_utilization": {
          "shard": "6",
          "value": 93.800606600000052
        }
      },
      {
        "reactor_utilization": {
          "shard": "7",
          "value": 97.708881780000041
        }
      },
      {
        "reactor_utilization": {
          "shard": "8",
          "value": 98.12534581999995
        }
      },
      {
        "reactor_utilization": {
          "shard": "9",
          "value": 99.262300380000042
        }
      },
      {
        "reactor_utilization": {
          "shard": "10",
          "value": 99.219970500000088
        }
      },
      {
        "reactor_utilization": {
          "shard": "11",
          "value": 93.479550619999927
        }
      },
      {
        "reactor_utilization": {
          "shard": "12",
          "value": 94.13209295999998
        }
      },
      {
        "reactor_utilization": {
          "shard": "13",
          "value": 100
        }
      },
      {
        "reactor_utilization": {
          "shard": "14",
          "value": 99.402329819999906
        }
      },
      {
        "reactor_utilization": {
          "shard": "15",
          "value": 99.679751719999985
        }
      }
    ]
  },
  {
    "metrics": [
      {
        "reactor_utilization": {
          "shard": "0",
          "value": 99.959950860000134
        }
      },
      {
        "reactor_utilization": {
          "shard": "1",
          "value": 99.911198780000049
        }
      },
      {
        "reactor_utilization": {
          "shard": "2",
          "value": 89.800864599999869
        }
      },
      {
        "reactor_utilization": {
          "shard": "3",
          "value": 92.594560779999981
        }
      },
      {
        "reactor_utilization": {
          "shard": "4",
          "value": 98.923365320000229
        }
      },
      {
        "reactor_utilization": {
          "shard": "5",
          "value": 99.994823819999993
        }
      },
      {
        "reactor_utilization": {
          "shard": "6",
          "value": 90.962643320000055
        }
      },
      {
        "reactor_utilization": {
          "shard": "7",
          "value": 96.861304600000039
        }
      },
      {
        "reactor_utilization": {
          "shard": "8",
          "value": 97.132087459999937
        }
      },
      {
        "reactor_utilization": {
          "shard": "9",
          "value": 99.063879480000054
        }
      },
      {
        "reactor_utilization": {
          "shard": "10",
          "value": 99.136753900000087
        }
      },
      {
        "reactor_utilization": {
          "shard": "11",
          "value": 92.047647579999932
        }
      },
      {
        "reactor_utilization": {
          "shard": "12",
          "value": 93.425030959999972
        }
      },
      {
        "reactor_utilization": {
          "shard": "13",
          "value": 100
        }
      },
      {
        "reactor_utilization": {
          "shard": "14",
          "value": 98.218360519999905
        }
      },
      {
        "reactor_utilization": {
          "shard": "15",
          "value": 99.013243919999979
        }
      }
    ]
  },
  {
    "metrics": [
      {
        "reactor_utilization": {
          "shard": "0",
          "value": 99.969622240000135
        }
      },
      {
        "reactor_utilization": {
          "shard": "1",
          "value": 99.860437020000063
        }
      },
      {
        "reactor_utilization": {
          "shard": "2",
          "value": 92.230949179999868
        }
      },
      {
        "reactor_utilization": {
          "shard": "3",
          "value": 92.596837739999984
        }
      },
      {
        "reactor_utilization": {
          "shard": "4",
          "value": 98.225460820000237
        }
      },
      {
        "reactor_utilization": {
          "shard": "5",
          "value": 99.990381479999996
        }
      },
      {
        "reactor_utilization": {
          "shard": "6",
          "value": 93.074792800000068
        }
      },
      {
        "reactor_utilization": {
          "shard": "7",
          "value": 95.811579680000037
        }
      },
      {
        "reactor_utilization": {
          "shard": "8",
          "value": 98.143195339999949
        }
      },
      {
        "reactor_utilization": {
          "shard": "9",
          "value": 99.563420040000054
        }
      },
      {
        "reactor_utilization": {
          "shard": "10",
          "value": 99.010307240000088
        }
      },
      {
        "reactor_utilization": {
          "shard": "11",
          "value": 92.100816999999921
        }
      },
      {
        "reactor_utilization": {
          "shard": "12",
          "value": 94.142464519999976
        }
      },
      {
        "reactor_utilization": {
          "shard": "13",
          "value": 100
        }
      },
      {
        "reactor_utilization": {
          "shard": "14",
          "value": 99.42358679999991
        }
      },
      {
        "reactor_utilization": {
          "shard": "15",
          "value": 99.376396059999976
        }
      }
    ]
  },
  {
    "metrics": [
      {
        "reactor_utilization": {
          "shard": "0",
          "value": 99.962971160000137
        }
      },
      {
        "reactor_utilization": {
          "shard": "1",
          "value": 99.998416920000054
        }
      },
      {
        "reactor_utilization": {
          "shard": "2",
          "value": 92.662861179999865
        }
      },
      {
        "reactor_utilization": {
          "shard": "3",
          "value": 94.482764039999978
        }
      },
      {
        "reactor_utilization": {
          "shard": "4",
          "value": 98.973108580000229
        }
      },
      {
        "reactor_utilization": {
          "shard": "5",
          "value": 99.998358119999992
        }
      },
      {
        "reactor_utilization": {
          "shard": "6",
          "value": 95.344954460000054
        }
      },
      {
        "reactor_utilization": {
          "shard": "7",
          "value": 98.196344960000033
        }
      },
      {
        "reactor_utilization": {
          "shard": "8",
          "value": 98.394006319999932
        }
      },
      {
        "reactor_utilization": {
          "shard": "9",
          "value": 99.634844620000052
        }
      },
      {
        "reactor_utilization": {
          "shard": "10",
          "value": 99.423415540000079
        }
      },
      {
        "reactor_utilization": {
          "shard": "11",
          "value": 94.488830879999924
        }
      },
      {
        "reactor_utilization": {
          "shard": "12",
          "value": 93.943380159999975
        }
      },
      {
        "reactor_utilization": {
          "shard": "13",
          "value": 100
        }
      },
      {
        "reactor_utilization": {
          "shard": "14",
          "value": 99.813122579999899
        }
      },
      {
        "reactor_utilization": {
          "shard": "15",
          "value": 99.681832879999988
        }
      }
    ]
  },
  {
    "metrics": [
      {
        "reactor_utilization": {
          "shard": "0",
          "value": 99.866678420000127
        }
      },
      {
        "reactor_utilization": {
          "shard": "1",
          "value": 99.982746360000064
        }
      },
      {
        "reactor_utilization": {
          "shard": "2",
          "value": 92.846139019999868
        }
      },
      {
        "reactor_utilization": {
          "shard": "3",
          "value": 94.291924379999983
        }
      },
      {
        "reactor_utilization": {
          "shard": "4",
          "value": 99.429090560000233
        }
      },
      {
        "reactor_utilization": {
          "shard": "5",
          "value": 99.999403220000005
        }
      },
      {
        "reactor_utilization": {
          "shard": "6",
          "value": 95.119439580000048
        }
      },
      {
        "reactor_utilization": {
          "shard": "7",
          "value": 98.311737980000032
        }
      },
      {
        "reactor_utilization": {
          "shard": "8",
          "value": 98.159525559999935
        }
      },
      {
        "reactor_utilization": {
          "shard": "9",
          "value": 99.738824200000039
        }
      },
      {
        "reactor_utilization": {
          "shard": "10",
          "value": 99.711126100000087
        }
      },
      {
        "reactor_utilization": {
          "shard": "11",
          "value": 93.570543319999928
        }
      },
      {
        "reactor_utilization": {
          "shard": "12",
          "value": 93.369210339999981
        }
      },
      {
        "reactor_utilization": {
          "shard": "13",
          "value": 100
        }
      },
      {
        "reactor_utilization": {
          "shard": "14",
          "value": 99.729391519999908
        }
      },
      {
        "reactor_utilization": {
          "shard": "15",
          "value": 99.764686999999981
        }
      }
    ]
  },
  {
    "metrics": [
      {
        "reactor_utilization": {
          "shard": "0",
          "value": 99.999039860000124
        }
      },
      {
        "reactor_utilization": {
          "shard": "1",
          "value": 99.994431160000062
        }
      },
      {
        "reactor_utilization": {
          "shard": "2",
          "value": 93.026295159999862
        }
      },
      {
        "reactor_utilization": {
          "shard": "3",
          "value": 95.144132839999983
        }
      },
      {
        "reactor_utilization": {
          "shard": "4",
          "value": 99.455214540000242
        }
      },
      {
        "reactor_utilization": {
          "shard": "5",
          "value": 99.999767800000001
        }
      },
      {
        "reactor_utilization": {
          "shard": "6",
          "value": 96.130816300000049
        }
      },
      {
        "reactor_utilization": {
          "shard": "7",
          "value": 98.742898040000043
        }
      },
      {
        "reactor_utilization": {
          "shard": "8",
          "value": 98.662930759999938
        }
      },
      {
        "reactor_utilization": {
          "shard": "9",
          "value": 99.649351460000048
        }
      },
      {
        "reactor_utilization": {
          "shard": "10",
          "value": 99.806695040000079
        }
      },
      {
        "reactor_utilization": {
          "shard": "11",
          "value": 93.984062899999927
        }
      },
      {
        "reactor_utilization": {
          "shard": "12",
          "value": 95.689428599999971
        }
      },
      {
        "reactor_utilization": {
          "shard": "13",
          "value": 100
        }
      },
      {
        "reactor_utilization": {
          "shard": "14",
          "value": 99.766708839999907
        }
      },
      {
        "reactor_utilization": {
          "shard": "15",
          "value": 99.80851985999999
        }
      }
    ]
  },
  {
    "metrics": [
      {
        "reactor_utilization": {
          "shard": "0",
          "value": 99.993628960000137
        }
      },
      {
        "reactor_utilization": {
          "shard": "1",
          "value": 99.993528080000061
        }
      },
      {
        "reactor_utilization": {
          "shard": "2",
          "value": 93.548529379999863
        }
      },
      {
        "reactor_utilization": {
          "shard": "3",
          "value": 95.068516019999976
        }
      },
      {
        "reactor_utilization": {
          "shard": "4",
          "value": 99.53204576000023
        }
      },
      {
        "reactor_utilization": {
          "shard": "5",
          "value": 100
        }
      },
      {
        "reactor_utilization": {
          "shard": "6",
          "value": 95.845457440000061
        }
      },
      {
        "reactor_utilization": {
          "shard": "7",
          "value": 98.486979400000038
        }
      },
      {
        "reactor_utilization": {
          "shard": "8",
          "value": 98.121488219999947
        }
      },
      {
        "reactor_utilization": {
          "shard": "9",
          "value": 99.787113740000038
        }
      },
      {
        "reactor_utilization": {
          "shard": "10",
          "value": 99.716732260000086
        }
      },
      {
        "reactor_utilization": {
          "shard": "11",
          "value": 94.609447039999921
        }
      },
      {
        "reactor_utilization": {
          "shard": "12",
          "value": 95.238912559999974
        }
      },
      {
        "reactor_utilization": {
          "shard": "13",
          "value": 100
        }
      },
      {
        "reactor_utilization": {
          "shard": "14",
          "value": 99.728644979999899
        }
      },
      {
        "reactor_utilization": {
          "shard": "15",
          "value": 99.501938679999995
        }
      }
    ]
  },
  {
    "metrics": [
      {
        "reactor_utilization": {
          "shard": "0",
          "value": 99.996250320000129
        }
      },
      {
        "reactor_utilization": {
          "shard": "1",
          "value": 99.99755566000006
        }
      },
      {
        "reactor_utilization": {
          "shard": "2",
          "value": 93.704818079999868
        }
      },
      {
        "reactor_utilization": {
          "shard": "3",
          "value": 95.855847519999983
        }
      },
      {
        "reactor_utilization": {
          "shard": "4",
          "value": 99.574949660000229
        }
      },
      {
        "reactor_utilization": {
          "shard": "5",
          "value": 99.998586399999994
        }
      },
      {
        "reactor_utilization": {
          "shard": "6",
          "value": 96.555998560000063
        }
      },
      {
        "reactor_utilization": {
          "shard": "7",
          "value": 98.472077760000033
        }
      },
      {
        "reactor_utilization": {
          "shard": "8",
          "value": 98.658727819999939
        }
      },
      {
        "reactor_utilization": {
          "shard": "9",
          "value": 99.880910180000043
        }
      },
      {
        "reactor_utilization": {
          "shard": "10",
          "value": 99.742842980000077
        }
      },
      {
        "reactor_utilization": {
          "shard": "11",
          "value": 93.953427239999925
        }
      },
      {
        "reactor_utilization": {
          "shard": "12",
          "value": 95.273260259999972
        }
      },
      {
        "reactor_utilization": {
          "shard": "13",
          "value": 100
        }
      },
      {
        "reactor_utilization": {
          "shard": "14",
          "value": 99.740569019999896
        }
      },
      {
        "reactor_utilization": {
          "shard": "15",
          "value": 99.924945099999988
        }
      }
    ]
  },
  {
    "metrics": [
      {
        "reactor_utilization": {
          "shard": "0",
          "value": 99.998221580000134
        }
      },
      {
        "reactor_utilization": {
          "shard": "1",
          "value": 99.978688420000054
        }
      },
      {
        "reactor_utilization": {
          "shard": "2",
          "value": 93.413751379999866
        }
      },
      {
        "reactor_utilization": {
          "shard": "3",
          "value": 94.278176159999987
        }
      },
      {
        "reactor_utilization": {
          "shard": "4",
          "value": 99.684943180000232
        }
      },
      {
        "reactor_utilization": {
          "shard": "5",
          "value": 99.999588160000002
        }
      },
      {
        "reactor_utilization": {
          "shard": "6",
          "value": 96.106379600000054
        }
      },
      {
        "reactor_utilization": {
          "shard": "7",
          "value": 98.689633200000031
        }
      },
      {
        "reactor_utilization": {
          "shard": "8",
          "value": 98.764306279999943
        }
      },
      {
        "reactor_utilization": {
          "shard": "9",
          "value": 99.809697440000051
        }
      },
      {
        "reactor_utilization": {
          "shard": "10",
          "value": 99.716515520000087
        }
      },
      {
        "reactor_utilization": {
          "shard": "11",
          "value": 93.913612279999924
        }
      },
      {
        "reactor_utilization": {
          "shard": "12",
          "value": 95.757539439999974
        }
      },
      {
        "reactor_utilization": {
          "shard": "13",
          "value": 100
        }
      },
      {
        "reactor_utilization": {
          "shard": "14",
          "value": 99.752397239999908
        }
      },
      {
        "reactor_utilization": {
          "shard": "15",
          "value": 99.878217139999975
        }
      }
    ]
  },
  {
    "metrics": [
      {
        "reactor_utilization": {
          "shard": "0",
          "value": 99.99908218000013
        }
      },
      {
        "reactor_utilization": {
          "shard": "1",
          "value": 99.997808860000063
        }
      },
      {
        "reactor_utilization": {
          "shard": "2",
          "value": 94.302079779999858
        }
      },
      {
        "reactor_utilization": {
          "shard": "3",
          "value": 95.834028219999979
        }
      },
      {
        "reactor_utilization": {
          "shard": "4",
          "value": 99.654596820000236
        }
      },
      {
        "reactor_utilization": {
          "shard": "5",
          "value": 100
        }
      },
      {
        "reactor_utilization": {
          "shard": "6",
          "value": 96.53114034000005
        }
      },
      {
        "reactor_utilization": {
          "shard": "7",
          "value": 98.782049160000042
        }
      },
      {
        "reactor_utilization": {
          "shard": "8",
          "value": 98.665623799999949
        }
      },
      {
        "reactor_utilization": {
          "shard": "9",
          "value": 99.836245380000037
        }
      },
      {
        "reactor_utilization": {
          "shard": "10",
          "value": 99.86291796000009
        }
      },
      {
        "reactor_utilization": {
          "shard": "11",
          "value": 94.011701939999924
        }
      },
      {
        "reactor_utilization": {
          "shard": "12",
          "value": 95.140077759999969
        }
      },
      {
        "reactor_utilization": {
          "shard": "13",
          "value": 100
        }
      },
      {
        "reactor_utilization": {
          "shard": "14",
          "value": 99.811157259999902
        }
      },
      {
        "reactor_utilization": {
          "shard": "15",
          "value": 99.921697479999978
        }
      }
    ]
  },
  {
    "metrics": [
      {
        "reactor_utilization": {
          "shard": "0",
          "value": 99.997701260000127
        }
      },
      {
        "reactor_utilization": {
          "shard": "1",
          "value": 99.993518940000058
        }
      },
      {
        "reactor_utilization": {
          "shard": "2",
          "value": 93.729908379999856
        }
      },
      {
        "reactor_utilization": {
          "shard": "3",
          "value": 92.346013899999988
        }
      },
      {
        "reactor_utilization": {
          "shard": "4",
          "value": 99.626302980000233
        }
      },
      {
        "reactor_utilization": {
          "shard": "5",
          "value": 99.999658840000009
        }
      },
      {
        "reactor_utilization": {
          "shard": "6",
          "value": 95.733691900000068
        }
      },
      {
        "reactor_utilization": {
          "shard": "7",
          "value": 98.842455700000031
        }
      },
      {
        "reactor_utilization": {
          "shard": "8",
          "value": 98.515288919999946
        }
      },
      {
        "reactor_utilization": {
          "shard": "9",
          "value": 99.684587900000039
        }
      },
      {
        "reactor_utilization": {
          "shard": "10",
          "value": 99.636645400000077
        }
      },
      {
        "reactor_utilization": {
          "shard": "11",
          "value": 93.859327639999918
        }
      },
      {
        "reactor_utilization": {
          "shard": "12",
          "value": 94.938906739999979
        }
      },
      {
        "reactor_utilization": {
          "shard": "13",
          "value": 100
        }
      },
      {
        "reactor_utilization": {
          "shard": "14",
          "value": 99.743095679999911
        }
      },
      {
        "reactor_utilization": {
          "shard": "15",
          "value": 99.888631979999985
        }
      }
    ]
  },
  {
    "metrics": [
      {
        "reactor_utilization": {
          "shard": "0",
          "value": 99.999256480000128
        }
      },
      {
        "reactor_utilization": {
          "shard": "1",
          "value": 99.99686968000006
        }
      },
      {
        "reactor_utilization": {
          "shard": "2",
          "value": 93.981618899999859
        }
      },
      {
        "reactor_utilization": {
          "shard": "3",
          "value": 95.169949959999983
        }
      },
      {
        "reactor_utilization": {
          "shard": "4",
          "value": 99.804322080000233
        }
      },
      {
        "reactor_utilization": {
          "shard": "5",
          "value": 99.999765580000002
        }
      },
      {
        "reactor_utilization": {
          "shard": "6",
          "value": 96.780313700000065
        }
      },
      {
        "reactor_utilization": {
          "shard": "7",
          "value": 99.371045100000032
        }
      },
      {
        "reactor_utilization": {
          "shard": "8",
          "value": 99.146518479999941
        }
      },
      {
        "reactor_utilization": {
          "shard": "9",
          "value": 99.792232400000046
        }
      },
      {
        "reactor_utilization": {
          "shard": "10",
          "value": 99.778133020000084
        }
      },
      {
        "reactor_utilization": {
          "shard": "11",
          "value": 95.220995539999933
        }
      },
      {
        "reactor_utilization": {
          "shard": "12",
          "value": 95.333865919999965
        }
      },
      {
        "reactor_utilization": {
          "shard": "13",
          "value": 100
        }
      },
      {
        "reactor_utilization": {
          "shard": "14",
          "value": 99.735405079999907
        }
      },
      {
        "reactor_utilization": {
          "shard": "15",
          "value": 99.898620239999985
        }
      }
    ]
  },
  {
    "metrics": [
      {
        "reactor_utilization": {
          "shard": "0",
          "value": 99.999113380000125
        }
      },
      {
        "reactor_utilization": {
          "shard": "1",
          "value": 99.999940560000056
        }
      },
      {
        "reactor_utilization": {
          "shard": "2",
          "value": 94.444550939999857
        }
      },
      {
        "reactor_utilization": {
          "shard": "3",
          "value": 94.775000259999985
        }
      },
      {
        "reactor_utilization": {
          "shard": "4",
          "value": 99.818717940000241
        }
      },
      {
        "reactor_utilization": {
          "shard": "5",
          "value": 100
        }
      },
      {
        "reactor_utilization": {
          "shard": "6",
          "value": 95.925347280000068
        }
      },
      {
        "reactor_utilization": {
          "shard": "7",
          "value": 99.217967720000033
        }
      },
      {
        "reactor_utilization": {
          "shard": "8",
          "value": 98.94435201999994
        }
      },
      {
        "reactor_utilization": {
          "shard": "9",
          "value": 99.659254500000046
        }
      },
      {
        "reactor_utilization": {
          "shard": "10",
          "value": 99.865268420000092
        }
      },
      {
        "reactor_utilization": {
          "shard": "11",
          "value": 94.827971179999921
        }
      },
      {
        "reactor_utilization": {
          "shard": "12",
          "value": 95.658219479999971
        }
      },
      {
        "reactor_utilization": {
          "shard": "13",
          "value": 100
        }
      },
      {
        "reactor_utilization": {
          "shard": "14",
          "value": 99.785161499999901
        }
      },
      {
        "reactor_utilization": {
          "shard": "15",
          "value": 99.960466699999984
        }
      }
    ]
  }
]
