{
  "fio version" : "fio-3.39-26-ga72fe",
  "timestamp" : 1747751270,
  "timestamp_ms" : 1747751270360,
  "time" : "Tue May 20 14:27:50 2025",
  "global options" : {
    "write_iops_log" : "sea_1osd_56reactor_32fio_bal_osd_rc_1procs_randwrite",
    "write_bw_log" : "sea_1osd_56reactor_32fio_bal_osd_rc_1procs_randwrite",
    "write_lat_log" : "sea_1osd_56reactor_32fio_bal_osd_rc_1procs_randwrite",
    "ioengine" : "rbd",
    "bs" : "4k",
    "rw" : "randwrite",
    "direct" : "1",
    "runtime" : "5m",
    "time_based" : "",
    "group_reporting" : "",
    "ramp_time" : "30s",
    "thread" : "1",
    "iodepth" : "40",
    "clientname" : "admin",
    "pool" : "rbd"
  },
  "jobs" : [
    {
      "jobname" : "fio_test_0",
      "groupid" : 0,
      "job_start" : 1747751269855,
      "error" : 110,
      "eta" : 0,
      "elapsed" : 31,
      "job options" : {
        "max_latency" : "1s",
        "numjobs" : "1",
        "rbdname" : "fio_test_31"
      },
      "read" : {
        "io_bytes" : 0,
        "io_kbytes" : 0,
        "bw_bytes" : 0,
        "bw" : 0,
        "iops" : 0.000000,
        "runtime" : 0,
        "total_ios" : 0,
        "short_ios" : 0,
        "drop_ios" : 0,
        "slat_ns" : {
          "min" : 0,
          "max" : 0,
          "mean" : 0.000000,
          "stddev" : 0.000000,
          "N" : 0
        },
        "clat_ns" : {
          "min" : 0,
          "max" : 0,
          "mean" : 0.000000,
          "stddev" : 0.000000,
          "N" : 0
        },
        "lat_ns" : {
          "min" : 0,
          "max" : 0,
          "mean" : 0.000000,
          "stddev" : 0.000000,
          "N" : 0
        },
        "bw_min" : 0,
        "bw_max" : 0,
        "bw_agg" : 0.000000,
        "bw_mean" : 0.000000,
        "bw_dev" : 0.000000,
        "bw_samples" : 0,
        "iops_min" : 0,
        "iops_max" : 0,
        "iops_mean" : 0.000000,
        "iops_stddev" : 0.000000,
        "iops_samples" : 0
      },
      "write" : {
        "io_bytes" : 26034176,
        "io_kbytes" : 25424,
        "bw_bytes" : 74596492,
        "bw" : 72848,
        "iops" : 14636.103152,
        "runtime" : 349,
        "total_ios" : 5108,
        "short_ios" : 0,
        "drop_ios" : 0,
        "slat_ns" : {
          "min" : 1250,
          "max" : 40150,
          "mean" : 4308.689898,
          "stddev" : 2461.173503,
          "N" : 5108
        },
        "clat_ns" : {
          "min" : 386522,
          "max" : 1573419435,
          "mean" : 150853354.028477,
          "stddev" : 335819803.836969,
          "N" : 6356,
          "percentile" : {
            "1.000000" : 505856,
            "5.000000" : 618496,
            "10.000000" : 716800,
            "20.000000" : 946176,
            "30.000000" : 1187840,
            "40.000000" : 1499136,
            "50.000000" : 1990656,
            "60.000000" : 2834432,
            "70.000000" : 5931008,
            "80.000000" : 240123904,
            "90.000000" : 708837376,
            "95.000000" : 1019215872,
            "99.000000" : 1384120320,
            "99.500000" : 1468006400,
            "99.900000" : 1551892480,
            "99.950000" : 1568669696,
            "99.990000" : 1568669696
          }
        },
        "lat_ns" : {
          "min" : 389203,
          "max" : 1573422885,
          "mean" : 150857597.465072,
          "stddev" : 335819688.493458,
          "N" : 6356
        },
        "bw_min" : 69,
        "bw_max" : 194911,
        "bw_agg" : 68.160975,
        "bw_mean" : 49654.283686,
        "bw_dev" : 1906.427732,
        "bw_samples" : 6356,
        "iops_min" : 32,
        "iops_max" : 32,
        "iops_mean" : 32.000000,
        "iops_stddev" : 0.000000,
        "iops_samples" : 6356
      },
      "trim" : {
        "io_bytes" : 0,
        "io_kbytes" : 0,
        "bw_bytes" : 0,
        "bw" : 0,
        "iops" : 0.000000,
        "runtime" : 0,
        "total_ios" : 0,
        "short_ios" : 0,
        "drop_ios" : 0,
        "slat_ns" : {
          "min" : 0,
          "max" : 0,
          "mean" : 0.000000,
          "stddev" : 0.000000,
          "N" : 0
        },
        "clat_ns" : {
          "min" : 0,
          "max" : 0,
          "mean" : 0.000000,
          "stddev" : 0.000000,
          "N" : 0
        },
        "lat_ns" : {
          "min" : 0,
          "max" : 0,
          "mean" : 0.000000,
          "stddev" : 0.000000,
          "N" : 0
        },
        "bw_min" : 0,
        "bw_max" : 0,
        "bw_agg" : 0.000000,
        "bw_mean" : 0.000000,
        "bw_dev" : 0.000000,
        "bw_samples" : 0,
        "iops_min" : 0,
        "iops_max" : 0,
        "iops_mean" : 0.000000,
        "iops_stddev" : 0.000000,
        "iops_samples" : 0
      },
      "sync" : {
        "total_ios" : 0,
        "lat_ns" : {
          "min" : 0,
          "max" : 0,
          "mean" : 0.000000,
          "stddev" : 0.000000,
          "N" : 0
        }
      },
      "job_runtime" : 10686,
      "usr_cpu" : 0.290099,
      "sys_cpu" : 0.187161,
      "ctx" : 5366,
      "majf" : 0,
      "minf" : 1649,
      "iodepth_level" : {
        "1" : 0.000000,
        "2" : 0.000000,
        "4" : 0.000000,
        "8" : 0.000000,
        "16" : 0.000000,
        "32" : 100.000000,
        ">=64" : 0.000000
      },
      "iodepth_submit" : {
        "0" : 0.000000,
        "4" : 100.000000,
        "8" : 0.000000,
        "16" : 0.000000,
        "32" : 0.000000,
        "64" : 0.000000,
        ">=64" : 0.000000
      },
      "iodepth_complete" : {
        "0" : 0.311284,
        "4" : 99.377432,
        "8" : 0.000000,
        "16" : 0.000000,
        "32" : 0.000000,
        "64" : 0.311284,
        ">=64" : 0.000000
      },
      "latency_ns" : {
        "2" : 0.000000,
        "4" : 0.000000,
        "10" : 0.000000,
        "20" : 0.000000,
        "50" : 0.000000,
        "100" : 0.000000,
        "250" : 0.000000,
        "500" : 0.000000,
        "750" : 0.000000,
        "1000" : 0.000000
      },
      "latency_us" : {
        "2" : 0.000000,
        "4" : 0.000000,
        "10" : 0.000000,
        "20" : 0.000000,
        "50" : 0.000000,
        "100" : 0.000000,
        "250" : 0.000000,
        "500" : 1.135474,
        "750" : 13.155834,
        "1000" : 13.547377
      },
      "latency_ms" : {
        "2" : 34.710258,
        "4" : 18.950666,
        "10" : 11.922475,
        "20" : 3.230227,
        "50" : 0.939702,
        "100" : 0.548160,
        "250" : 2.114330,
        "500" : 8.555208,
        "750" : 4.052467,
        "1000" : 4.698512,
        "2000" : 6.871574,
        ">=2000" : 0.000000
      },
      "latency_depth" : 40,
      "latency_target" : 0,
      "latency_percentile" : 100.000000,
      "latency_window" : 0
    }
  ],
  "disk_util" : [
    {
      "name" : "sda",
      "read_ios" : 0,
      "write_ios" : 458,
      "read_sectors" : 0,
      "write_sectors" : 10296,
      "read_merges" : 0,
      "write_merges" : 516,
      "read_ticks" : 0,
      "write_ticks" : 96,
      "in_queue" : 101,
      "util" : 0.092257
    }
  ]
}
