{
  "fio version" : "fio-3.39-26-ga72fe",
  "timestamp" : 1747751733,
  "timestamp_ms" : 1747751733015,
  "time" : "Tue May 20 14:35:33 2025",
  "global options" : {
    "write_iops_log" : "sea_1osd_56reactor_32fio_bal_osd_rc_1procs_randwrite",
    "write_bw_log" : "sea_1osd_56reactor_32fio_bal_osd_rc_1procs_randwrite",
    "write_lat_log" : "sea_1osd_56reactor_32fio_bal_osd_rc_1procs_randwrite",
    "ioengine" : "rbd",
    "bs" : "4k",
    "rw" : "randwrite",
    "direct" : "1",
    "runtime" : "5m",
    "time_based" : "",
    "group_reporting" : "",
    "ramp_time" : "30s",
    "thread" : "1",
    "iodepth" : "52",
    "clientname" : "admin",
    "pool" : "rbd"
  },
  "jobs" : [
    {
      "jobname" : "fio_test_0",
      "groupid" : 0,
      "job_start" : 1747751424509,
      "error" : 110,
      "eta" : 0,
      "elapsed" : 339,
      "job options" : {
        "max_latency" : "1s",
        "numjobs" : "1",
        "rbdname" : "fio_test_31"
      },
      "read" : {
        "io_bytes" : 0,
        "io_kbytes" : 0,
        "bw_bytes" : 0,
        "bw" : 0,
        "iops" : 0.000000,
        "runtime" : 0,
        "total_ios" : 0,
        "short_ios" : 0,
        "drop_ios" : 0,
        "slat_ns" : {
          "min" : 0,
          "max" : 0,
          "mean" : 0.000000,
          "stddev" : 0.000000,
          "N" : 0
        },
        "clat_ns" : {
          "min" : 0,
          "max" : 0,
          "mean" : 0.000000,
          "stddev" : 0.000000,
          "N" : 0
        },
        "lat_ns" : {
          "min" : 0,
          "max" : 0,
          "mean" : 0.000000,
          "stddev" : 0.000000,
          "N" : 0
        },
        "bw_min" : 0,
        "bw_max" : 0,
        "bw_agg" : 0.000000,
        "bw_mean" : 0.000000,
        "bw_dev" : 0.000000,
        "bw_samples" : 0,
        "iops_min" : 0,
        "iops_max" : 0,
        "iops_mean" : 0.000000,
        "iops_stddev" : 0.000000,
        "iops_samples" : 0
      },
      "write" : {
        "io_bytes" : 61497540608,
        "io_kbytes" : 60056192,
        "bw_bytes" : 204945347,
        "bw" : 200141,
        "iops" : 50030.046523,
        "runtime" : 300068,
        "total_ios" : 15012416,
        "short_ios" : 0,
        "drop_ios" : 0,
        "slat_ns" : {
          "min" : 973,
          "max" : 199542,
          "mean" : 3588.101171,
          "stddev" : 2356.994998,
          "N" : 15012416
        },
        "clat_ns" : {
          "min" : 348406,
          "max" : 1419245151,
          "mean" : 7312257.108162,
          "stddev" : 28994355.956218,
          "N" : 15014048,
          "percentile" : {
            "1.000000" : 593920,
            "5.000000" : 749568,
            "10.000000" : 937984,
            "20.000000" : 1253376,
            "30.000000" : 1548288,
            "40.000000" : 1859584,
            "50.000000" : 2146304,
            "60.000000" : 2506752,
            "70.000000" : 3031040,
            "80.000000" : 4046848,
            "90.000000" : 7307264,
            "95.000000" : 12648448,
            "99.000000" : 193986560,
            "99.500000" : 229638144,
            "99.900000" : 278921216,
            "99.950000" : 299892736,
            "99.990000" : 396361728
          }
        },
        "lat_ns" : {
          "min" : 350788,
          "max" : 1419248429,
          "mean" : 7315845.275506,
          "stddev" : 28994364.939984,
          "N" : 15014048
        },
        "bw_min" : 93,
        "bw_max" : 228345,
        "bw_agg" : 23.222019,
        "bw_mean" : 46477.806230,
        "bw_dev" : 1424.429765,
        "bw_samples" : 15014048,
        "iops_min" : 32,
        "iops_max" : 32,
        "iops_mean" : 32.000000,
        "iops_stddev" : 0.000000,
        "iops_samples" : 15014048
      },
      "trim" : {
        "io_bytes" : 0,
        "io_kbytes" : 0,
        "bw_bytes" : 0,
        "bw" : 0,
        "iops" : 0.000000,
        "runtime" : 0,
        "total_ios" : 0,
        "short_ios" : 0,
        "drop_ios" : 0,
        "slat_ns" : {
          "min" : 0,
          "max" : 0,
          "mean" : 0.000000,
          "stddev" : 0.000000,
          "N" : 0
        },
        "clat_ns" : {
          "min" : 0,
          "max" : 0,
          "mean" : 0.000000,
          "stddev" : 0.000000,
          "N" : 0
        },
        "lat_ns" : {
          "min" : 0,
          "max" : 0,
          "mean" : 0.000000,
          "stddev" : 0.000000,
          "N" : 0
        },
        "bw_min" : 0,
        "bw_max" : 0,
        "bw_agg" : 0.000000,
        "bw_mean" : 0.000000,
        "bw_dev" : 0.000000,
        "bw_samples" : 0,
        "iops_min" : 0,
        "iops_max" : 0,
        "iops_mean" : 0.000000,
        "iops_stddev" : 0.000000,
        "iops_samples" : 0
      },
      "sync" : {
        "total_ios" : 0,
        "lat_ns" : {
          "min" : 0,
          "max" : 0,
          "mean" : 0.000000,
          "stddev" : 0.000000,
          "N" : 0
        }
      },
      "job_runtime" : 2110007,
      "usr_cpu" : 3.569182,
      "sys_cpu" : 2.347101,
      "ctx" : 8503641,
      "majf" : 0,
      "minf" : 144365,
      "iodepth_level" : {
        "1" : 0.100000,
        "2" : 0.100000,
        "4" : 0.100000,
        "8" : 0.100000,
        "16" : 0.100000,
        "32" : 99.984926,
        ">=64" : 0.000000
      },
      "iodepth_submit" : {
        "0" : 0.000000,
        "4" : 100.000000,
        "8" : 0.000000,
        "16" : 0.000000,
        "32" : 0.000000,
        "64" : 0.000000,
        ">=64" : 0.000000
      },
      "iodepth_complete" : {
        "0" : 0.100000,
        "4" : 99.999810,
        "8" : 0.000000,
        "16" : 0.000000,
        "32" : 0.000000,
        "64" : 0.100000,
        ">=64" : 0.000000
      },
      "latency_ns" : {
        "2" : 0.000000,
        "4" : 0.000000,
        "10" : 0.000000,
        "20" : 0.000000,
        "50" : 0.000000,
        "100" : 0.000000,
        "250" : 0.000000,
        "500" : 0.000000,
        "750" : 0.000000,
        "1000" : 0.000000
      },
      "latency_us" : {
        "2" : 0.000000,
        "4" : 0.000000,
        "10" : 0.000000,
        "20" : 0.000000,
        "50" : 0.000000,
        "100" : 0.000000,
        "250" : 0.000000,
        "500" : 0.125443,
        "750" : 4.780170,
        "1000" : 6.992412
      },
      "latency_ms" : {
        "2" : 33.523019,
        "4" : 34.084261,
        "10" : 13.941887,
        "20" : 3.061912,
        "50" : 0.986084,
        "100" : 0.588513,
        "250" : 1.638317,
        "500" : 0.281214,
        "750" : 0.010000,
        "1000" : 0.010000,
        "2000" : 0.010000,
        ">=2000" : 0.000000
      },
      "latency_depth" : 52,
      "latency_target" : 0,
      "latency_percentile" : 100.000000,
      "latency_window" : 0
    }
  ],
  "disk_util" : [
    {
      "name" : "sda",
      "read_ios" : 0,
      "write_ios" : 8078,
      "read_sectors" : 0,
      "write_sectors" : 3798096,
      "read_merges" : 0,
      "write_merges" : 6184,
      "read_ticks" : 0,
      "write_ticks" : 24861,
      "in_queue" : 24992,
      "util" : 1.159885
    }
  ]
}
