{
  "fio version" : "fio-3.39-26-ga72fe",
  "timestamp" : 1747750897,
  "timestamp_ms" : 1747750897813,
  "time" : "Tue May 20 14:21:37 2025",
  "global options" : {
    "write_iops_log" : "sea_1osd_56reactor_32fio_bal_osd_rc_1procs_randwrite",
    "write_bw_log" : "sea_1osd_56reactor_32fio_bal_osd_rc_1procs_randwrite",
    "write_lat_log" : "sea_1osd_56reactor_32fio_bal_osd_rc_1procs_randwrite",
    "ioengine" : "rbd",
    "bs" : "4k",
    "rw" : "randwrite",
    "direct" : "1",
    "runtime" : "5m",
    "time_based" : "",
    "group_reporting" : "",
    "ramp_time" : "30s",
    "thread" : "1",
    "iodepth" : "24",
    "clientname" : "admin",
    "pool" : "rbd"
  },
  "jobs" : [
    {
      "jobname" : "fio_test_0",
      "groupid" : 0,
      "job_start" : 1747750588058,
      "error" : 0,
      "eta" : 0,
      "elapsed" : 340,
      "job options" : {
        "max_latency" : "1s",
        "numjobs" : "1",
        "rbdname" : "fio_test_31"
      },
      "read" : {
        "io_bytes" : 0,
        "io_kbytes" : 0,
        "bw_bytes" : 0,
        "bw" : 0,
        "iops" : 0.000000,
        "runtime" : 0,
        "total_ios" : 0,
        "short_ios" : 0,
        "drop_ios" : 0,
        "slat_ns" : {
          "min" : 0,
          "max" : 0,
          "mean" : 0.000000,
          "stddev" : 0.000000,
          "N" : 0
        },
        "clat_ns" : {
          "min" : 0,
          "max" : 0,
          "mean" : 0.000000,
          "stddev" : 0.000000,
          "N" : 0
        },
        "lat_ns" : {
          "min" : 0,
          "max" : 0,
          "mean" : 0.000000,
          "stddev" : 0.000000,
          "N" : 0
        },
        "bw_min" : 0,
        "bw_max" : 0,
        "bw_agg" : 0.000000,
        "bw_mean" : 0.000000,
        "bw_dev" : 0.000000,
        "bw_samples" : 0,
        "iops_min" : 0,
        "iops_max" : 0,
        "iops_mean" : 0.000000,
        "iops_stddev" : 0.000000,
        "iops_samples" : 0
      },
      "write" : {
        "io_bytes" : 69444050944,
        "io_kbytes" : 67816456,
        "bw_bytes" : 231389156,
        "bw" : 225965,
        "iops" : 56489.040977,
        "runtime" : 300118,
        "total_ios" : 16953378,
        "short_ios" : 0,
        "drop_ios" : 0,
        "slat_ns" : {
          "min" : 1056,
          "max" : 199254,
          "mean" : 3898.079310,
          "stddev" : 1825.961789,
          "N" : 16953378
        },
        "clat_ns" : {
          "min" : 388708,
          "max" : 865029913,
          "mean" : 13465623.376270,
          "stddev" : 66648732.463036,
          "N" : 16954114,
          "percentile" : {
            "1.000000" : 659456,
            "5.000000" : 864256,
            "10.000000" : 1089536,
            "20.000000" : 1449984,
            "30.000000" : 1794048,
            "40.000000" : 2146304,
            "50.000000" : 2605056,
            "60.000000" : 3325952,
            "70.000000" : 4554752,
            "80.000000" : 7045120,
            "90.000000" : 12517376,
            "95.000000" : 20316160,
            "99.000000" : 463470592,
            "99.500000" : 583008256,
            "99.900000" : 708837376,
            "99.950000" : 734003200,
            "99.990000" : 784334848
          }
        },
        "lat_ns" : {
          "min" : 391344,
          "max" : 865032553,
          "mean" : 13469521.467872,
          "stddev" : 66648734.998253,
          "N" : 16954114
        },
        "bw_min" : 128,
        "bw_max" : 301720,
        "bw_agg" : 25.908326,
        "bw_mean" : 58544.394815,
        "bw_dev" : 1389.696623,
        "bw_samples" : 16954114,
        "iops_min" : 32,
        "iops_max" : 32,
        "iops_mean" : 32.000000,
        "iops_stddev" : 0.000000,
        "iops_samples" : 16954114
      },
      "trim" : {
        "io_bytes" : 0,
        "io_kbytes" : 0,
        "bw_bytes" : 0,
        "bw" : 0,
        "iops" : 0.000000,
        "runtime" : 0,
        "total_ios" : 0,
        "short_ios" : 0,
        "drop_ios" : 0,
        "slat_ns" : {
          "min" : 0,
          "max" : 0,
          "mean" : 0.000000,
          "stddev" : 0.000000,
          "N" : 0
        },
        "clat_ns" : {
          "min" : 0,
          "max" : 0,
          "mean" : 0.000000,
          "stddev" : 0.000000,
          "N" : 0
        },
        "lat_ns" : {
          "min" : 0,
          "max" : 0,
          "mean" : 0.000000,
          "stddev" : 0.000000,
          "N" : 0
        },
        "bw_min" : 0,
        "bw_max" : 0,
        "bw_agg" : 0.000000,
        "bw_mean" : 0.000000,
        "bw_dev" : 0.000000,
        "bw_samples" : 0,
        "iops_min" : 0,
        "iops_max" : 0,
        "iops_mean" : 0.000000,
        "iops_stddev" : 0.000000,
        "iops_samples" : 0
      },
      "sync" : {
        "total_ios" : 0,
        "lat_ns" : {
          "min" : 0,
          "max" : 0,
          "mean" : 0.000000,
          "stddev" : 0.000000,
          "N" : 0
        }
      },
      "job_runtime" : 9603267,
      "usr_cpu" : 1.021257,
      "sys_cpu" : 0.696815,
      "ctx" : 14149087,
      "majf" : 0,
      "minf" : 413107,
      "iodepth_level" : {
        "1" : 0.100000,
        "2" : 0.100000,
        "4" : 0.100000,
        "8" : 0.100000,
        "16" : 99.975757,
        "32" : 0.000000,
        ">=64" : 0.000000
      },
      "iodepth_submit" : {
        "0" : 0.000000,
        "4" : 100.000000,
        "8" : 0.000000,
        "16" : 0.000000,
        "32" : 0.000000,
        "64" : 0.000000,
        ">=64" : 0.000000
      },
      "iodepth_complete" : {
        "0" : 0.000000,
        "4" : 99.999906,
        "8" : 0.000000,
        "16" : 0.000000,
        "32" : 0.100000,
        "64" : 0.000000,
        ">=64" : 0.000000
      },
      "latency_ns" : {
        "2" : 0.000000,
        "4" : 0.000000,
        "10" : 0.000000,
        "20" : 0.000000,
        "50" : 0.000000,
        "100" : 0.000000,
        "250" : 0.000000,
        "500" : 0.000000,
        "750" : 0.000000,
        "1000" : 0.000000
      },
      "latency_us" : {
        "2" : 0.000000,
        "4" : 0.000000,
        "10" : 0.000000,
        "20" : 0.000000,
        "50" : 0.000000,
        "100" : 0.000000,
        "250" : 0.000000,
        "500" : 0.024231,
        "750" : 2.504657,
        "1000" : 5.347335
      },
      "latency_ms" : {
        "2" : 28.162157,
        "4" : 30.162744,
        "10" : 20.204817,
        "20" : 8.457742,
        "50" : 2.831365,
        "100" : 0.516888,
        "250" : 0.173552,
        "500" : 0.814056,
        "750" : 0.769599,
        "1000" : 0.035197,
        "2000" : 0.000000,
        ">=2000" : 0.000000
      },
      "latency_depth" : 24,
      "latency_target" : 0,
      "latency_percentile" : 100.000000,
      "latency_window" : 0
    }
  ],
  "disk_util" : [
    {
      "name" : "sda",
      "read_ios" : 0,
      "write_ios" : 8582,
      "read_sectors" : 0,
      "write_sectors" : 4293168,
      "read_merges" : 0,
      "write_merges" : 7026,
      "read_ticks" : 0,
      "write_ticks" : 28475,
      "in_queue" : 28549,
      "util" : 1.329614
    }
  ]
}
