{
  "fio version" : "fio-3.39-26-ga72fe",
  "timestamp" : 1747749140,
  "timestamp_ms" : 1747749140673,
  "time" : "Tue May 20 13:52:20 2025",
  "global options" : {
    "write_iops_log" : "sea_1osd_56reactor_32fio_bal_osd_rc_1procs_randwrite",
    "write_bw_log" : "sea_1osd_56reactor_32fio_bal_osd_rc_1procs_randwrite",
    "write_lat_log" : "sea_1osd_56reactor_32fio_bal_osd_rc_1procs_randwrite",
    "ioengine" : "rbd",
    "bs" : "4k",
    "rw" : "randwrite",
    "direct" : "1",
    "runtime" : "5m",
    "time_based" : "",
    "group_reporting" : "",
    "ramp_time" : "30s",
    "thread" : "1",
    "iodepth" : "1",
    "clientname" : "admin",
    "pool" : "rbd"
  },
  "jobs" : [
    {
      "jobname" : "fio_test_0",
      "groupid" : 0,
      "job_start" : 1747749020170,
      "error" : 110,
      "eta" : 0,
      "elapsed" : 151,
      "job options" : {
        "max_latency" : "1s",
        "numjobs" : "1",
        "rbdname" : "fio_test_31"
      },
      "read" : {
        "io_bytes" : 0,
        "io_kbytes" : 0,
        "bw_bytes" : 0,
        "bw" : 0,
        "iops" : 0.000000,
        "runtime" : 0,
        "total_ios" : 0,
        "short_ios" : 0,
        "drop_ios" : 0,
        "slat_ns" : {
          "min" : 0,
          "max" : 0,
          "mean" : 0.000000,
          "stddev" : 0.000000,
          "N" : 0
        },
        "clat_ns" : {
          "min" : 0,
          "max" : 0,
          "mean" : 0.000000,
          "stddev" : 0.000000,
          "N" : 0
        },
        "lat_ns" : {
          "min" : 0,
          "max" : 0,
          "mean" : 0.000000,
          "stddev" : 0.000000,
          "N" : 0
        },
        "bw_min" : 0,
        "bw_max" : 0,
        "bw_agg" : 0.000000,
        "bw_mean" : 0.000000,
        "bw_dev" : 0.000000,
        "bw_samples" : 0,
        "iops_min" : 0,
        "iops_max" : 0,
        "iops_mean" : 0.000000,
        "iops_stddev" : 0.000000,
        "iops_samples" : 0
      },
      "write" : {
        "io_bytes" : 7472996352,
        "io_kbytes" : 7297848,
        "bw_bytes" : 62341467,
        "bw" : 60880,
        "iops" : 15220.084757,
        "runtime" : 119872,
        "total_ios" : 1824462,
        "short_ios" : 0,
        "drop_ios" : 0,
        "slat_ns" : {
          "min" : 2096,
          "max" : 56320,
          "mean" : 4979.280741,
          "stddev" : 2897.200706,
          "N" : 1824462
        },
        "clat_ns" : {
          "min" : 415596,
          "max" : 53210598307,
          "mean" : 2091385.621845,
          "stddev" : 220468761.571703,
          "N" : 1824462,
          "percentile" : {
            "1.000000" : 518144,
            "5.000000" : 577536,
            "10.000000" : 618496,
            "20.000000" : 675840,
            "30.000000" : 733184,
            "40.000000" : 798720,
            "50.000000" : 897024,
            "60.000000" : 1019904,
            "70.000000" : 1155072,
            "80.000000" : 1351680,
            "90.000000" : 1761280,
            "95.000000" : 2506752,
            "99.000000" : 5799936,
            "99.500000" : 6782976,
            "99.900000" : 9633792,
            "99.950000" : 11075584,
            "99.990000" : 15794176
          }
        },
        "lat_ns" : {
          "min" : 418823,
          "max" : 53210601008,
          "mean" : 2096364.902586,
          "stddev" : 220468784.730107,
          "N" : 1824462
        },
        "bw_min" : 0,
        "bw_max" : 300378,
        "bw_agg" : 100.000000,
        "bw_mean" : 144494.469132,
        "bw_dev" : 1675.167307,
        "bw_samples" : 1824462,
        "iops_min" : 32,
        "iops_max" : 32,
        "iops_mean" : 32.000000,
        "iops_stddev" : 0.000000,
        "iops_samples" : 1824462
      },
      "trim" : {
        "io_bytes" : 0,
        "io_kbytes" : 0,
        "bw_bytes" : 0,
        "bw" : 0,
        "iops" : 0.000000,
        "runtime" : 0,
        "total_ios" : 0,
        "short_ios" : 0,
        "drop_ios" : 0,
        "slat_ns" : {
          "min" : 0,
          "max" : 0,
          "mean" : 0.000000,
          "stddev" : 0.000000,
          "N" : 0
        },
        "clat_ns" : {
          "min" : 0,
          "max" : 0,
          "mean" : 0.000000,
          "stddev" : 0.000000,
          "N" : 0
        },
        "lat_ns" : {
          "min" : 0,
          "max" : 0,
          "mean" : 0.000000,
          "stddev" : 0.000000,
          "N" : 0
        },
        "bw_min" : 0,
        "bw_max" : 0,
        "bw_agg" : 0.000000,
        "bw_mean" : 0.000000,
        "bw_dev" : 0.000000,
        "bw_samples" : 0,
        "iops_min" : 0,
        "iops_max" : 0,
        "iops_mean" : 0.000000,
        "iops_stddev" : 0.000000,
        "iops_samples" : 0
      },
      "sync" : {
        "total_ios" : 0,
        "lat_ns" : {
          "min" : 0,
          "max" : 0,
          "mean" : 0.000000,
          "stddev" : 0.000000,
          "N" : 0
        }
      },
      "job_runtime" : 3828284,
      "usr_cpu" : 0.372595,
      "sys_cpu" : 0.262624,
      "ctx" : 1824732,
      "majf" : 0,
      "minf" : 112400,
      "iodepth_level" : {
        "1" : 100.000000,
        "2" : 0.000000,
        "4" : 0.000000,
        "8" : 0.000000,
        "16" : 0.000000,
        "32" : 0.000000,
        ">=64" : 0.000000
      },
      "iodepth_submit" : {
        "0" : 0.000000,
        "4" : 100.000000,
        "8" : 0.000000,
        "16" : 0.000000,
        "32" : 0.000000,
        "64" : 0.000000,
        ">=64" : 0.000000
      },
      "iodepth_complete" : {
        "0" : 0.100000,
        "4" : 99.999123,
        "8" : 0.000000,
        "16" : 0.000000,
        "32" : 0.000000,
        "64" : 0.000000,
        ">=64" : 0.000000
      },
      "latency_ns" : {
        "2" : 0.000000,
        "4" : 0.000000,
        "10" : 0.000000,
        "20" : 0.000000,
        "50" : 0.000000,
        "100" : 0.000000,
        "250" : 0.000000,
        "500" : 0.000000,
        "750" : 0.000000,
        "1000" : 0.000000
      },
      "latency_us" : {
        "2" : 0.000000,
        "4" : 0.000000,
        "10" : 0.000000,
        "20" : 0.000000,
        "50" : 0.000000,
        "100" : 0.000000,
        "250" : 0.000000,
        "500" : 0.456463,
        "750" : 32.728004,
        "1000" : 25.385566
      },
      "latency_ms" : {
        "2" : 34.003503,
        "4" : 4.741562,
        "10" : 2.600328,
        "20" : 0.079311,
        "50" : 0.010000,
        "100" : 0.000000,
        "250" : 0.010000,
        "500" : 0.010000,
        "750" : 0.000000,
        "1000" : 0.000000,
        "2000" : 0.000000,
        ">=2000" : 0.010000
      },
      "latency_depth" : 1,
      "latency_target" : 0,
      "latency_percentile" : 100.000000,
      "latency_window" : 0
    }
  ],
  "disk_util" : [
    {
      "name" : "sda",
      "read_ios" : 6,
      "write_ios" : 2320,
      "read_sectors" : 64,
      "write_sectors" : 182648,
      "read_merges" : 0,
      "write_merges" : 3042,
      "read_ticks" : 1,
      "write_ticks" : 1602,
      "in_queue" : 1628,
      "util" : 0.210940
    }
  ]
}
