{
  "fio version" : "fio-3.39-26-ga72fe",
  "timestamp" : 1747750214,
  "timestamp_ms" : 1747750214034,
  "time" : "Tue May 20 14:10:14 2025",
  "global options" : {
    "write_iops_log" : "sea_1osd_56reactor_32fio_bal_osd_rc_1procs_randwrite",
    "write_bw_log" : "sea_1osd_56reactor_32fio_bal_osd_rc_1procs_randwrite",
    "write_lat_log" : "sea_1osd_56reactor_32fio_bal_osd_rc_1procs_randwrite",
    "ioengine" : "rbd",
    "bs" : "4k",
    "rw" : "randwrite",
    "direct" : "1",
    "runtime" : "5m",
    "time_based" : "",
    "group_reporting" : "",
    "ramp_time" : "30s",
    "thread" : "1",
    "iodepth" : "8",
    "clientname" : "admin",
    "pool" : "rbd"
  },
  "jobs" : [
    {
      "jobname" : "fio_test_0",
      "groupid" : 0,
      "job_start" : 1747749904781,
      "error" : 0,
      "eta" : 0,
      "elapsed" : 340,
      "job options" : {
        "max_latency" : "1s",
        "numjobs" : "1",
        "rbdname" : "fio_test_31"
      },
      "read" : {
        "io_bytes" : 0,
        "io_kbytes" : 0,
        "bw_bytes" : 0,
        "bw" : 0,
        "iops" : 0.000000,
        "runtime" : 0,
        "total_ios" : 0,
        "short_ios" : 0,
        "drop_ios" : 0,
        "slat_ns" : {
          "min" : 0,
          "max" : 0,
          "mean" : 0.000000,
          "stddev" : 0.000000,
          "N" : 0
        },
        "clat_ns" : {
          "min" : 0,
          "max" : 0,
          "mean" : 0.000000,
          "stddev" : 0.000000,
          "N" : 0
        },
        "lat_ns" : {
          "min" : 0,
          "max" : 0,
          "mean" : 0.000000,
          "stddev" : 0.000000,
          "N" : 0
        },
        "bw_min" : 0,
        "bw_max" : 0,
        "bw_agg" : 0.000000,
        "bw_mean" : 0.000000,
        "bw_dev" : 0.000000,
        "bw_samples" : 0,
        "iops_min" : 0,
        "iops_max" : 0,
        "iops_mean" : 0.000000,
        "iops_stddev" : 0.000000,
        "iops_samples" : 0
      },
      "write" : {
        "io_bytes" : 68269989888,
        "io_kbytes" : 66669912,
        "bw_bytes" : 227542361,
        "bw" : 222209,
        "iops" : 55551.587831,
        "runtime" : 300032,
        "total_ios" : 16667254,
        "short_ios" : 0,
        "drop_ios" : 0,
        "slat_ns" : {
          "min" : 1032,
          "max" : 3805836,
          "mean" : 3932.966859,
          "stddev" : 2059.481934,
          "N" : 16667254
        },
        "clat_ns" : {
          "min" : 421929,
          "max" : 155814410,
          "mean" : 4600283.428004,
          "stddev" : 6303015.729095,
          "N" : 16667478,
          "percentile" : {
            "1.000000" : 643072,
            "5.000000" : 831488,
            "10.000000" : 1036288,
            "20.000000" : 1368064,
            "30.000000" : 1679360,
            "40.000000" : 2023424,
            "50.000000" : 2473984,
            "60.000000" : 3063808,
            "70.000000" : 4112384,
            "80.000000" : 6127616,
            "90.000000" : 10551296,
            "95.000000" : 15269888,
            "99.000000" : 30539776,
            "99.500000" : 40108032,
            "99.900000" : 66846720,
            "99.950000" : 78118912,
            "99.990000" : 100139008
          }
        },
        "lat_ns" : {
          "min" : 426853,
          "max" : 155817010,
          "mean" : 4604216.393028,
          "stddev" : 6303017.636911,
          "N" : 16667478
        },
        "bw_min" : 912,
        "bw_max" : 298818,
        "bw_agg" : 28.052827,
        "bw_mean" : 62336.934035,
        "bw_dev" : 1427.059752,
        "bw_samples" : 16667478,
        "iops_min" : 32,
        "iops_max" : 32,
        "iops_mean" : 32.000000,
        "iops_stddev" : 0.000000,
        "iops_samples" : 16667478
      },
      "trim" : {
        "io_bytes" : 0,
        "io_kbytes" : 0,
        "bw_bytes" : 0,
        "bw" : 0,
        "iops" : 0.000000,
        "runtime" : 0,
        "total_ios" : 0,
        "short_ios" : 0,
        "drop_ios" : 0,
        "slat_ns" : {
          "min" : 0,
          "max" : 0,
          "mean" : 0.000000,
          "stddev" : 0.000000,
          "N" : 0
        },
        "clat_ns" : {
          "min" : 0,
          "max" : 0,
          "mean" : 0.000000,
          "stddev" : 0.000000,
          "N" : 0
        },
        "lat_ns" : {
          "min" : 0,
          "max" : 0,
          "mean" : 0.000000,
          "stddev" : 0.000000,
          "N" : 0
        },
        "bw_min" : 0,
        "bw_max" : 0,
        "bw_agg" : 0.000000,
        "bw_mean" : 0.000000,
        "bw_dev" : 0.000000,
        "bw_samples" : 0,
        "iops_min" : 0,
        "iops_max" : 0,
        "iops_mean" : 0.000000,
        "iops_stddev" : 0.000000,
        "iops_samples" : 0
      },
      "sync" : {
        "total_ios" : 0,
        "lat_ns" : {
          "min" : 0,
          "max" : 0,
          "mean" : 0.000000,
          "stddev" : 0.000000,
          "N" : 0
        }
      },
      "job_runtime" : 9600768,
      "usr_cpu" : 1.016440,
      "sys_cpu" : 0.698861,
      "ctx" : 14347058,
      "majf" : 0,
      "minf" : 334609,
      "iodepth_level" : {
        "1" : 0.100000,
        "2" : 0.100000,
        "4" : 0.100000,
        "8" : 99.988576,
        "16" : 0.000000,
        "32" : 0.000000,
        ">=64" : 0.000000
      },
      "iodepth_submit" : {
        "0" : 0.000000,
        "4" : 100.000000,
        "8" : 0.000000,
        "16" : 0.000000,
        "32" : 0.000000,
        "64" : 0.000000,
        ">=64" : 0.000000
      },
      "iodepth_complete" : {
        "0" : 0.000000,
        "4" : 99.999904,
        "8" : 0.100000,
        "16" : 0.000000,
        "32" : 0.000000,
        "64" : 0.000000,
        ">=64" : 0.000000
      },
      "latency_ns" : {
        "2" : 0.000000,
        "4" : 0.000000,
        "10" : 0.000000,
        "20" : 0.000000,
        "50" : 0.000000,
        "100" : 0.000000,
        "250" : 0.000000,
        "500" : 0.000000,
        "750" : 0.000000,
        "1000" : 0.000000
      },
      "latency_us" : {
        "2" : 0.000000,
        "4" : 0.000000,
        "10" : 0.000000,
        "20" : 0.000000,
        "50" : 0.000000,
        "100" : 0.000000,
        "250" : 0.000000,
        "500" : 0.032057,
        "750" : 3.004766,
        "1000" : 6.109819
      },
      "latency_ms" : {
        "2" : 30.153881,
        "4" : 29.868375,
        "10" : 19.962233,
        "20" : 8.046454,
        "50" : 2.553060,
        "100" : 0.260649,
        "250" : 0.010050,
        "500" : 0.000000,
        "750" : 0.000000,
        "1000" : 0.000000,
        "2000" : 0.000000,
        ">=2000" : 0.000000
      },
      "latency_depth" : 8,
      "latency_target" : 0,
      "latency_percentile" : 100.000000,
      "latency_window" : 0
    }
  ],
  "disk_util" : [
    {
      "name" : "sda",
      "read_ios" : 6,
      "write_ios" : 8643,
      "read_sectors" : 312,
      "write_sectors" : 4192344,
      "read_merges" : 0,
      "write_merges" : 7118,
      "read_ticks" : 3,
      "write_ticks" : 27613,
      "in_queue" : 27703,
      "util" : 1.288499
    }
  ]
}
