{
  "input": [
    "sea_1osd_56reactor_32fio_bal_osd_rc_1procs_randwrite_dump_20250520_135019.json",
    "sea_1osd_56reactor_32fio_bal_osd_rc_1procs_randwrite_dump_20250520_135344.json",
    "sea_1osd_56reactor_32fio_bal_osd_rc_1procs_randwrite_dump_20250520_135923.json",
    "sea_1osd_56reactor_32fio_bal_osd_rc_1procs_randwrite_dump_20250520_140503.json",
    "sea_1osd_56reactor_32fio_bal_osd_rc_1procs_randwrite_dump_20250520_141045.json",
    "sea_1osd_56reactor_32fio_bal_osd_rc_1procs_randwrite_dump_20250520_141627.json",
    "sea_1osd_56reactor_32fio_bal_osd_rc_1procs_randwrite_dump_20250520_142209.json",
    "sea_1osd_56reactor_32fio_bal_osd_rc_1procs_randwrite_dump_20250520_142749.json",
    "sea_1osd_56reactor_32fio_bal_osd_rc_1procs_randwrite_dump_20250520_143023.json",
    "sea_1osd_56reactor_32fio_bal_osd_rc_1procs_randwrite_dump_20250520_143604.json"
  ],
  "output": "sea_1osd_56reactor_32fio_bal_osd_rc_1procs_randwrite_perf_rutil.json",
  "type": "crimson",
  "operator": "average",
  "benchmark": "sea_1osd_56reactor_32fio_bal_osd_rc_1procs_randwrite.json"
}
