[
    {
        "FIO": {
            "cpu": {
                "data": [
                    173.5566666666679,
                    274.4533333333346,
                    325.9966666666681,
                    357.613333333335,
                    357.64000000000146,
                    358.396666666669,
                    359.05333333333584,
                    23.890000000000047,
                    264.23000000000127,
                    21.13000000000002
                ],
                "index": 10,
                "time": [
                    "13:51:46",
                    "13:55:12",
                    "14:00:50",
                    "14:06:31",
                    "14:12:13",
                    "14:17:54",
                    "14:23:36",
                    "14:29:16",
                    "14:31:51",
                    "14:37:31"
                ],
                "total": 0.0
            },
            "mem": {
                "data": [
                    40.49999999999968,
                    76.5000000000043,
                    88.5000000000111,
                    103.50000000000841,
                    103.50000000001299,
                    100.50000000001516,
                    100.50000000001455,
                    6.000000000000049,
                    17.666666666666465,
                    1.3333333333333308
                ],
                "index": 10,
                "time": [
                    "13:51:46",
                    "13:55:12",
                    "14:00:50",
                    "14:06:31",
                    "14:12:13",
                    "14:17:54",
                    "14:23:36",
                    "14:29:16",
                    "14:31:51",
                    "14:37:31"
                ],
                "total": 0.0
            }
        },
        "OSD": {
            "cpu": {
                "data": [
                    0.0,
                    0.0,
                    0.0,
                    0.0,
                    0.0,
                    0.0,
                    0.0,
                    0.0,
                    0.0,
                    0.0
                ],
                "index": 10,
                "time": [
                    "13:51:46",
                    "13:55:12",
                    "14:00:50",
                    "14:06:31",
                    "14:12:13",
                    "14:17:54",
                    "14:23:36",
                    "14:29:16",
                    "14:31:51",
                    "14:37:31"
                ],
                "total": 0.0
            },
            "mem": {
                "data": [
                    0.0,
                    0.0,
                    0.0,
                    0.0,
                    0.0,
                    0.0,
                    0.0,
                    0.0,
                    0.0,
                    0.0
                ],
                "index": 10,
                "time": [
                    "13:51:46",
                    "13:55:12",
                    "14:00:50",
                    "14:06:31",
                    "14:12:13",
                    "14:17:54",
                    "14:23:36",
                    "14:29:16",
                    "14:31:51",
                    "14:37:31"
                ],
                "total": 0.0
            }
        }
    }
]