{
    "0": {
        "reactor_utilization": 3.9330828970356912
    },
    "1": {
        "reactor_utilization": 3.603132386467275
    },
    "2": {
        "reactor_utilization": 4.920029964747822
    },
    "3": {
        "reactor_utilization": 4.521709681435615
    },
    "4": {
        "reactor_utilization": 3.757400086498258
    },
    "5": {
        "reactor_utilization": 5.146099932230151
    },
    "6": {
        "reactor_utilization": 4.649041067435533
    },
    "7": {
        "reactor_utilization": 4.726437065372947
    },
    "8": {
        "reactor_utilization": 4.427948839575595
    },
    "9": {
        "reactor_utilization": 4.357769519285548
    },
    "10": {
        "reactor_utilization": 4.6852923625697
    },
    "11": {
        "reactor_utilization": 4.08417114220188
    },
    "12": {
        "reactor_utilization": 4.8590817644952065
    },
    "13": {
        "reactor_utilization": 4.7816690297417646
    },
    "14": {
        "reactor_utilization": 4.341520570549073
    },
    "15": {
        "reactor_utilization": 4.83272179861222
    },
    "16": {
        "reactor_utilization": 4.277025938911532
    },
    "17": {
        "reactor_utilization": 4.386321497369065
    },
    "18": {
        "reactor_utilization": 3.694220802486115
    },
    "19": {
        "reactor_utilization": 3.732542953720146
    },
    "20": {
        "reactor_utilization": 3.2698164254294704
    },
    "21": {
        "reactor_utilization": 3.3996765438439773
    },
    "22": {
        "reactor_utilization": 3.675720841918035
    },
    "23": {
        "reactor_utilization": 3.59646843306336
    },
    "24": {
        "reactor_utilization": 3.2354992838694
    },
    "25": {
        "reactor_utilization": 3.721021365158807
    },
    "26": {
        "reactor_utilization": 2.999724378259921
    },
    "27": {
        "reactor_utilization": 3.2882654827899667
    }
}