[
  {
    "metrics": [
      {
        "reactor_utilization": {
          "shard": "0",
          "value": 2.3998767799999765
        }
      },
      {
        "reactor_utilization": {
          "shard": "1",
          "value": 2.5820653800000093
        }
      },
      {
        "reactor_utilization": {
          "shard": "2",
          "value": 6.2476135800000554
        }
      },
      {
        "reactor_utilization": {
          "shard": "3",
          "value": 9.13153539999999
        }
      },
      {
        "reactor_utilization": {
          "shard": "4",
          "value": 2.744136319999968
        }
      },
      {
        "reactor_utilization": {
          "shard": "5",
          "value": 7.0189463800000018
        }
      },
      {
        "reactor_utilization": {
          "shard": "6",
          "value": 2.7784192200000057
        }
      },
      {
        "reactor_utilization": {
          "shard": "7",
          "value": 2.8977618199999888
        }
      },
      {
        "reactor_utilization": {
          "shard": "8",
          "value": 7.6348155599999856
        }
      },
      {
        "reactor_utilization": {
          "shard": "9",
          "value": 3.7926381599999726
        }
      },
      {
        "reactor_utilization": {
          "shard": "10",
          "value": 2.8460378000000119
        }
      },
      {
        "reactor_utilization": {
          "shard": "11",
          "value": 2.6818923800000061
        }
      },
      {
        "reactor_utilization": {
          "shard": "12",
          "value": 2.7465287399999649
        }
      },
      {
        "reactor_utilization": {
          "shard": "13",
          "value": 2.835909960000027
        }
      },
      {
        "reactor_utilization": {
          "shard": "14",
          "value": 2.8083364800000066
        }
      },
      {
        "reactor_utilization": {
          "shard": "15",
          "value": 6.1742888599999768
        }
      },
      {
        "reactor_utilization": {
          "shard": "16",
          "value": 11.800265619999983
        }
      },
      {
        "reactor_utilization": {
          "shard": "17",
          "value": 2.501267840000021
        }
      },
      {
        "reactor_utilization": {
          "shard": "18",
          "value": 4.4402224999999795
        }
      },
      {
        "reactor_utilization": {
          "shard": "19",
          "value": 2.6229309999999839
        }
      },
      {
        "reactor_utilization": {
          "shard": "20",
          "value": 2.4754992599999914
        }
      },
      {
        "reactor_utilization": {
          "shard": "21",
          "value": 2.5838950599999855
        }
      },
      {
        "reactor_utilization": {
          "shard": "22",
          "value": 2.6099191199999927
        }
      },
      {
        "reactor_utilization": {
          "shard": "23",
          "value": 2.5764639399999734
        }
      },
      {
        "reactor_utilization": {
          "shard": "24",
          "value": 2.6333848399999749
        }
      },
      {
        "reactor_utilization": {
          "shard": "25",
          "value": 2.518434660000024
        }
      },
      {
        "reactor_utilization": {
          "shard": "26",
          "value": 2.5083272200000062
        }
      },
      {
        "reactor_utilization": {
          "shard": "27",
          "value": 2.6201619199999637
        }
      }
    ]
  },
  {
    "metrics": [
      {
        "reactor_utilization": {
          "shard": "0",
          "value": 0.60986007999996872
        }
      },
      {
        "reactor_utilization": {
          "shard": "1",
          "value": 0.72260297999999779
        }
      },
      {
        "reactor_utilization": {
          "shard": "2",
          "value": 0.28020160000006289
        }
      },
      {
        "reactor_utilization": {
          "shard": "3",
          "value": 0.20437159999997512
        }
      },
      {
        "reactor_utilization": {
          "shard": "4",
          "value": 0.25555675999997529
        }
      },
      {
        "reactor_utilization": {
          "shard": "5",
          "value": 0.21576542000001364
        }
      },
      {
        "reactor_utilization": {
          "shard": "6",
          "value": 0.36013348000002443
        }
      },
      {
        "reactor_utilization": {
          "shard": "7",
          "value": 0.29398401999999324
        }
      },
      {
        "reactor_utilization": {
          "shard": "8",
          "value": 0.20638511999997444
        }
      },
      {
        "reactor_utilization": {
          "shard": "9",
          "value": 0.19850139999996186
        }
      },
      {
        "reactor_utilization": {
          "shard": "10",
          "value": 0.22514308000002314
        }
      },
      {
        "reactor_utilization": {
          "shard": "11",
          "value": 0.22676685999999391
        }
      },
      {
        "reactor_utilization": {
          "shard": "12",
          "value": 0.3214797799999447
        }
      },
      {
        "reactor_utilization": {
          "shard": "13",
          "value": 0.19885424000003482
        }
      },
      {
        "reactor_utilization": {
          "shard": "14",
          "value": 0.20282128000000954
        }
      },
      {
        "reactor_utilization": {
          "shard": "15",
          "value": 0.26005879999997372
        }
      },
      {
        "reactor_utilization": {
          "shard": "16",
          "value": 0.26839221999999108
        }
      },
      {
        "reactor_utilization": {
          "shard": "17",
          "value": 0.22690108000000819
        }
      },
      {
        "reactor_utilization": {
          "shard": "18",
          "value": 0.25205241999997074
        }
      },
      {
        "reactor_utilization": {
          "shard": "19",
          "value": 0.19575075999997971
        }
      },
      {
        "reactor_utilization": {
          "shard": "20",
          "value": 0.19074701999995947
        }
      },
      {
        "reactor_utilization": {
          "shard": "21",
          "value": 0.21266796000000143
        }
      },
      {
        "reactor_utilization": {
          "shard": "22",
          "value": 0.18977653999998623
        }
      },
      {
        "reactor_utilization": {
          "shard": "23",
          "value": 0.19115997999998857
        }
      },
      {
        "reactor_utilization": {
          "shard": "24",
          "value": 0.19848555999996131
        }
      },
      {
        "reactor_utilization": {
          "shard": "25",
          "value": 0.17742282000002829
        }
      },
      {
        "reactor_utilization": {
          "shard": "26",
          "value": 0.17124486000001937
        }
      },
      {
        "reactor_utilization": {
          "shard": "27",
          "value": 0.20168555999995341
        }
      }
    ]
  },
  {
    "metrics": [
      {
        "reactor_utilization": {
          "shard": "0",
          "value": 0.11225003999999483
        }
      },
      {
        "reactor_utilization": {
          "shard": "1",
          "value": 0.031712580000009538
        }
      },
      {
        "reactor_utilization": {
          "shard": "2",
          "value": 0.04013748000006867
        }
      },
      {
        "reactor_utilization": {
          "shard": "3",
          "value": 0.028078179999979636
        }
      },
      {
        "reactor_utilization": {
          "shard": "4",
          "value": 0.042666919999967412
        }
      },
      {
        "reactor_utilization": {
          "shard": "5",
          "value": 0.037986680000001716
        }
      },
      {
        "reactor_utilization": {
          "shard": "6",
          "value": 0.03654716000003333
        }
      },
      {
        "reactor_utilization": {
          "shard": "7",
          "value": 0.040938379999988506
        }
      },
      {
        "reactor_utilization": {
          "shard": "8",
          "value": 0.031861799999988172
        }
      },
      {
        "reactor_utilization": {
          "shard": "9",
          "value": 0.034721739999965529
        }
      },
      {
        "reactor_utilization": {
          "shard": "10",
          "value": 0.03321824000001028
        }
      },
      {
        "reactor_utilization": {
          "shard": "11",
          "value": 0.034195100000011802
        }
      },
      {
        "reactor_utilization": {
          "shard": "12",
          "value": 0.043073919999936372
        }
      },
      {
        "reactor_utilization": {
          "shard": "13",
          "value": 0.033964980000011913
        }
      },
      {
        "reactor_utilization": {
          "shard": "14",
          "value": 0.038731760000021431
        }
      },
      {
        "reactor_utilization": {
          "shard": "15",
          "value": 0.034237499999978382
        }
      },
      {
        "reactor_utilization": {
          "shard": "16",
          "value": 0.032890619999981219
        }
      },
      {
        "reactor_utilization": {
          "shard": "17",
          "value": 0.029546940000002575
        }
      },
      {
        "reactor_utilization": {
          "shard": "18",
          "value": 0.036262959999977529
        }
      },
      {
        "reactor_utilization": {
          "shard": "19",
          "value": 0.032328459999986237
        }
      },
      {
        "reactor_utilization": {
          "shard": "20",
          "value": 0.039979479999951995
        }
      },
      {
        "reactor_utilization": {
          "shard": "21",
          "value": 0.033563680000026075
        }
      },
      {
        "reactor_utilization": {
          "shard": "22",
          "value": 0.033049640000004654
        }
      },
      {
        "reactor_utilization": {
          "shard": "23",
          "value": 0.035182179999981855
        }
      },
      {
        "reactor_utilization": {
          "shard": "24",
          "value": 0.030825619999963472
        }
      },
      {
        "reactor_utilization": {
          "shard": "25",
          "value": 0.031946480000022426
        }
      },
      {
        "reactor_utilization": {
          "shard": "26",
          "value": 0.039880140000003728
        }
      },
      {
        "reactor_utilization": {
          "shard": "27",
          "value": 0.033818659999951262
        }
      }
    ]
  },
  {
    "metrics": [
      {
        "reactor_utilization": {
          "shard": "0",
          "value": 0.09173007999997429
        }
      },
      {
        "reactor_utilization": {
          "shard": "1",
          "value": 0.020184820000024306
        }
      },
      {
        "reactor_utilization": {
          "shard": "2",
          "value": 0.016250060000089217
        }
      },
      {
        "reactor_utilization": {
          "shard": "3",
          "value": 0.023646039999980495
        }
      },
      {
        "reactor_utilization": {
          "shard": "4",
          "value": 0.033826019999971813
        }
      },
      {
        "reactor_utilization": {
          "shard": "5",
          "value": 0.02267273999998487
        }
      },
      {
        "reactor_utilization": {
          "shard": "6",
          "value": 0.020477580000022311
        }
      },
      {
        "reactor_utilization": {
          "shard": "7",
          "value": 0.022005779999989539
        }
      },
      {
        "reactor_utilization": {
          "shard": "8",
          "value": 0.020615139999979881
        }
      },
      {
        "reactor_utilization": {
          "shard": "9",
          "value": 0.023787619999970921
        }
      },
      {
        "reactor_utilization": {
          "shard": "10",
          "value": 0.023547080000008158
        }
      },
      {
        "reactor_utilization": {
          "shard": "11",
          "value": 0.022015240000028413
        }
      },
      {
        "reactor_utilization": {
          "shard": "12",
          "value": 0.022957839999926399
        }
      },
      {
        "reactor_utilization": {
          "shard": "13",
          "value": 0.023117980000009197
        }
      },
      {
        "reactor_utilization": {
          "shard": "14",
          "value": 0.024324120000018823
        }
      },
      {
        "reactor_utilization": {
          "shard": "15",
          "value": 0.022028259999973265
        }
      },
      {
        "reactor_utilization": {
          "shard": "16",
          "value": 0.020483719999986327
        }
      },
      {
        "reactor_utilization": {
          "shard": "17",
          "value": 0.018444960000030264
        }
      },
      {
        "reactor_utilization": {
          "shard": "18",
          "value": 0.022920459999964393
        }
      },
      {
        "reactor_utilization": {
          "shard": "19",
          "value": 0.022853699999980659
        }
      },
      {
        "reactor_utilization": {
          "shard": "20",
          "value": 0.022846359999939558
        }
      },
      {
        "reactor_utilization": {
          "shard": "21",
          "value": 0.022762080000027218
        }
      },
      {
        "reactor_utilization": {
          "shard": "22",
          "value": 0.020960199999997542
        }
      },
      {
        "reactor_utilization": {
          "shard": "23",
          "value": 0.020161099999960186
        }
      },
      {
        "reactor_utilization": {
          "shard": "24",
          "value": 0.020728219999976982
        }
      },
      {
        "reactor_utilization": {
          "shard": "25",
          "value": 0.021722400000045994
        }
      },
      {
        "reactor_utilization": {
          "shard": "26",
          "value": 0.021353419999992074
        }
      },
      {
        "reactor_utilization": {
          "shard": "27",
          "value": 0.02091195999995854
        }
      }
    ]
  },
  {
    "metrics": [
      {
        "reactor_utilization": {
          "shard": "0",
          "value": 0.092433639999955908
        }
      },
      {
        "reactor_utilization": {
          "shard": "1",
          "value": 0.033346080000029588
        }
      },
      {
        "reactor_utilization": {
          "shard": "2",
          "value": 0.030058080000094911
        }
      },
      {
        "reactor_utilization": {
          "shard": "3",
          "value": 0.032214659999973971
        }
      },
      {
        "reactor_utilization": {
          "shard": "4",
          "value": 0.044299039999984302
        }
      },
      {
        "reactor_utilization": {
          "shard": "5",
          "value": 0.035737820000003584
        }
      },
      {
        "reactor_utilization": {
          "shard": "6",
          "value": 0.034733960000044029
        }
      },
      {
        "reactor_utilization": {
          "shard": "7",
          "value": 0.033699939999998207
        }
      },
      {
        "reactor_utilization": {
          "shard": "8",
          "value": 0.03016485999998153
        }
      },
      {
        "reactor_utilization": {
          "shard": "9",
          "value": 0.035234179999965587
        }
      },
      {
        "reactor_utilization": {
          "shard": "10",
          "value": 0.032633640000012676
        }
      },
      {
        "reactor_utilization": {
          "shard": "11",
          "value": 0.034976980000034352
        }
      },
      {
        "reactor_utilization": {
          "shard": "12",
          "value": 0.037390359999922573
        }
      },
      {
        "reactor_utilization": {
          "shard": "13",
          "value": 0.036397079999994641
        }
      },
      {
        "reactor_utilization": {
          "shard": "14",
          "value": 0.034980680000007425
        }
      },
      {
        "reactor_utilization": {
          "shard": "15",
          "value": 0.034554579999990231
        }
      },
      {
        "reactor_utilization": {
          "shard": "16",
          "value": 0.03220933999996678
        }
      },
      {
        "reactor_utilization": {
          "shard": "17",
          "value": 0.025234640000038056
        }
      },
      {
        "reactor_utilization": {
          "shard": "18",
          "value": 0.027551159999972263
        }
      },
      {
        "reactor_utilization": {
          "shard": "19",
          "value": 0.028650839999977418
        }
      },
      {
        "reactor_utilization": {
          "shard": "20",
          "value": 0.030227139999938757
        }
      },
      {
        "reactor_utilization": {
          "shard": "21",
          "value": 0.027918180000030546
        }
      },
      {
        "reactor_utilization": {
          "shard": "22",
          "value": 0.028933319999979723
        }
      },
      {
        "reactor_utilization": {
          "shard": "23",
          "value": 0.029600699999954294
        }
      },
      {
        "reactor_utilization": {
          "shard": "24",
          "value": 0.025542519999999236
        }
      },
      {
        "reactor_utilization": {
          "shard": "25",
          "value": 0.03179292000003997
        }
      },
      {
        "reactor_utilization": {
          "shard": "26",
          "value": 0.028839940000002784
        }
      },
      {
        "reactor_utilization": {
          "shard": "27",
          "value": 0.029912939999932053
        }
      }
    ]
  },
  {
    "metrics": [
      {
        "reactor_utilization": {
          "shard": "0",
          "value": 0.10516395999996542
        }
      },
      {
        "reactor_utilization": {
          "shard": "1",
          "value": 0.033159800000026607
        }
      },
      {
        "reactor_utilization": {
          "shard": "2",
          "value": 0.036877100000110019
        }
      },
      {
        "reactor_utilization": {
          "shard": "3",
          "value": 0.026262239999974568
        }
      },
      {
        "reactor_utilization": {
          "shard": "4",
          "value": 0.042924119999987465
        }
      },
      {
        "reactor_utilization": {
          "shard": "5",
          "value": 0.031028180000025607
        }
      },
      {
        "reactor_utilization": {
          "shard": "6",
          "value": 0.03147404000003462
        }
      },
      {
        "reactor_utilization": {
          "shard": "7",
          "value": 0.033525440000015116
        }
      },
      {
        "reactor_utilization": {
          "shard": "8",
          "value": 0.028105159999980422
        }
      },
      {
        "reactor_utilization": {
          "shard": "9",
          "value": 0.03137317999997169
        }
      },
      {
        "reactor_utilization": {
          "shard": "10",
          "value": 0.028598060000017966
        }
      },
      {
        "reactor_utilization": {
          "shard": "11",
          "value": 0.028837240000045838
        }
      },
      {
        "reactor_utilization": {
          "shard": "12",
          "value": 0.03292209999992135
        }
      },
      {
        "reactor_utilization": {
          "shard": "13",
          "value": 0.03167301999997818
        }
      },
      {
        "reactor_utilization": {
          "shard": "14",
          "value": 0.031657019999997704
        }
      },
      {
        "reactor_utilization": {
          "shard": "15",
          "value": 0.032848360000004018
        }
      },
      {
        "reactor_utilization": {
          "shard": "16",
          "value": 0.031136399999964759
        }
      },
      {
        "reactor_utilization": {
          "shard": "17",
          "value": 0.028547940000045458
        }
      },
      {
        "reactor_utilization": {
          "shard": "18",
          "value": 0.030654679999964074
        }
      },
      {
        "reactor_utilization": {
          "shard": "19",
          "value": 0.028311299999983497
        }
      },
      {
        "reactor_utilization": {
          "shard": "20",
          "value": 0.031124759999945351
        }
      },
      {
        "reactor_utilization": {
          "shard": "21",
          "value": 0.02996454000003812
        }
      },
      {
        "reactor_utilization": {
          "shard": "22",
          "value": 0.031306779999984435
        }
      },
      {
        "reactor_utilization": {
          "shard": "23",
          "value": 0.029048559999966805
        }
      },
      {
        "reactor_utilization": {
          "shard": "24",
          "value": 0.032267999999979757
        }
      },
      {
        "reactor_utilization": {
          "shard": "25",
          "value": 0.031208760000023261
        }
      },
      {
        "reactor_utilization": {
          "shard": "26",
          "value": 0.030126720000012153
        }
      },
      {
        "reactor_utilization": {
          "shard": "27",
          "value": 0.029756079999931906
        }
      }
    ]
  },
  {
    "metrics": [
      {
        "reactor_utilization": {
          "shard": "0",
          "value": 0.092055859999951029
        }
      },
      {
        "reactor_utilization": {
          "shard": "1",
          "value": 0.014266560000020245
        }
      },
      {
        "reactor_utilization": {
          "shard": "2",
          "value": 0.014885580000112419
        }
      },
      {
        "reactor_utilization": {
          "shard": "3",
          "value": 0.016836179999990541
        }
      },
      {
        "reactor_utilization": {
          "shard": "4",
          "value": 0.018730219999985032
        }
      },
      {
        "reactor_utilization": {
          "shard": "5",
          "value": 0.015811440000024213
        }
      },
      {
        "reactor_utilization": {
          "shard": "6",
          "value": 0.017080760000043327
        }
      },
      {
        "reactor_utilization": {
          "shard": "7",
          "value": 0.015042639999995888
        }
      },
      {
        "reactor_utilization": {
          "shard": "8",
          "value": 0.013935239999984805
        }
      },
      {
        "reactor_utilization": {
          "shard": "9",
          "value": 0.016808279999980247
        }
      },
      {
        "reactor_utilization": {
          "shard": "10",
          "value": 0.014364480000006452
        }
      },
      {
        "reactor_utilization": {
          "shard": "11",
          "value": 0.01552658000004703
        }
      },
      {
        "reactor_utilization": {
          "shard": "12",
          "value": 0.01665933999992486
        }
      },
      {
        "reactor_utilization": {
          "shard": "13",
          "value": 0.016101459999984247
        }
      },
      {
        "reactor_utilization": {
          "shard": "14",
          "value": 0.016162620000004235
        }
      },
      {
        "reactor_utilization": {
          "shard": "15",
          "value": 0.01569445999998198
        }
      },
      {
        "reactor_utilization": {
          "shard": "16",
          "value": 0.013687239999948808
        }
      },
      {
        "reactor_utilization": {
          "shard": "17",
          "value": 0.014513640000035632
        }
      },
      {
        "reactor_utilization": {
          "shard": "18",
          "value": 0.013648379999975369
        }
      },
      {
        "reactor_utilization": {
          "shard": "19",
          "value": 0.016459919999978201
        }
      },
      {
        "reactor_utilization": {
          "shard": "20",
          "value": 0.016393759999933089
        }
      },
      {
        "reactor_utilization": {
          "shard": "21",
          "value": 0.015497380000040195
        }
      },
      {
        "reactor_utilization": {
          "shard": "22",
          "value": 0.014842399999992484
        }
      },
      {
        "reactor_utilization": {
          "shard": "23",
          "value": 0.017587079999970001
        }
      },
      {
        "reactor_utilization": {
          "shard": "24",
          "value": 0.01312967999997916
        }
      },
      {
        "reactor_utilization": {
          "shard": "25",
          "value": 0.01578101999999415
        }
      },
      {
        "reactor_utilization": {
          "shard": "26",
          "value": 0.017809020000014719
        }
      },
      {
        "reactor_utilization": {
          "shard": "27",
          "value": 0.013945799999914854
        }
      }
    ]
  },
  {
    "metrics": [
      {
        "reactor_utilization": {
          "shard": "0",
          "value": 0.11168145999995716
        }
      },
      {
        "reactor_utilization": {
          "shard": "1",
          "value": 0.03565199999999713
        }
      },
      {
        "reactor_utilization": {
          "shard": "2",
          "value": 0.031816080000124369
        }
      },
      {
        "reactor_utilization": {
          "shard": "3",
          "value": 0.0288773599999681
        }
      },
      {
        "reactor_utilization": {
          "shard": "4",
          "value": 0.049563699999999322
        }
      },
      {
        "reactor_utilization": {
          "shard": "5",
          "value": 0.033975720000012366
        }
      },
      {
        "reactor_utilization": {
          "shard": "6",
          "value": 0.032675760000033804
        }
      },
      {
        "reactor_utilization": {
          "shard": "7",
          "value": 0.032588779999986883
        }
      },
      {
        "reactor_utilization": {
          "shard": "8",
          "value": 0.030699239999965044
        }
      },
      {
        "reactor_utilization": {
          "shard": "9",
          "value": 0.035008679999970482
        }
      },
      {
        "reactor_utilization": {
          "shard": "10",
          "value": 0.031492320000015006
        }
      },
      {
        "reactor_utilization": {
          "shard": "11",
          "value": 0.035153600000070728
        }
      },
      {
        "reactor_utilization": {
          "shard": "12",
          "value": 0.035936739999908873
        }
      },
      {
        "reactor_utilization": {
          "shard": "13",
          "value": 0.035601299999976632
        }
      },
      {
        "reactor_utilization": {
          "shard": "14",
          "value": 0.032186000000000714
        }
      },
      {
        "reactor_utilization": {
          "shard": "15",
          "value": 0.032622679999971815
        }
      },
      {
        "reactor_utilization": {
          "shard": "16",
          "value": 0.032905239999958535
        }
      },
      {
        "reactor_utilization": {
          "shard": "17",
          "value": 0.028315760000019452
        }
      },
      {
        "reactor_utilization": {
          "shard": "18",
          "value": 0.030043319999972784
        }
      },
      {
        "reactor_utilization": {
          "shard": "19",
          "value": 0.029871819999982563
        }
      },
      {
        "reactor_utilization": {
          "shard": "20",
          "value": 0.029835839999936553
        }
      },
      {
        "reactor_utilization": {
          "shard": "21",
          "value": 0.028434060000037675
        }
      },
      {
        "reactor_utilization": {
          "shard": "22",
          "value": 0.030749499999971341
        }
      },
      {
        "reactor_utilization": {
          "shard": "23",
          "value": 0.031862739999943823
        }
      },
      {
        "reactor_utilization": {
          "shard": "24",
          "value": 0.02862917999997272
        }
      },
      {
        "reactor_utilization": {
          "shard": "25",
          "value": 0.030785140000000322
        }
      },
      {
        "reactor_utilization": {
          "shard": "26",
          "value": 0.031043300000010987
        }
      },
      {
        "reactor_utilization": {
          "shard": "27",
          "value": 0.029577139999936719
        }
      }
    ]
  },
  {
    "metrics": [
      {
        "reactor_utilization": {
          "shard": "0",
          "value": 0.096819599999953265
        }
      },
      {
        "reactor_utilization": {
          "shard": "1",
          "value": 0.023922300000012164
        }
      },
      {
        "reactor_utilization": {
          "shard": "2",
          "value": 0.027648780000122386
        }
      },
      {
        "reactor_utilization": {
          "shard": "3",
          "value": 0.022518699999984904
        }
      },
      {
        "reactor_utilization": {
          "shard": "4",
          "value": 0.033481480000019381
        }
      },
      {
        "reactor_utilization": {
          "shard": "5",
          "value": 0.024920100000036527
        }
      },
      {
        "reactor_utilization": {
          "shard": "6",
          "value": 0.026822220000022323
        }
      },
      {
        "reactor_utilization": {
          "shard": "7",
          "value": 0.025864340000003594
        }
      },
      {
        "reactor_utilization": {
          "shard": "8",
          "value": 0.02136941999997255
        }
      },
      {
        "reactor_utilization": {
          "shard": "9",
          "value": 0.025940519999989586
        }
      },
      {
        "reactor_utilization": {
          "shard": "10",
          "value": 0.025879240000004078
        }
      },
      {
        "reactor_utilization": {
          "shard": "11",
          "value": 0.025244180000061345
        }
      },
      {
        "reactor_utilization": {
          "shard": "12",
          "value": 0.027220439999919854
        }
      },
      {
        "reactor_utilization": {
          "shard": "13",
          "value": 0.029333839999989841
        }
      },
      {
        "reactor_utilization": {
          "shard": "14",
          "value": 0.025198459999997702
        }
      },
      {
        "reactor_utilization": {
          "shard": "15",
          "value": 0.022287259999975717
        }
      },
      {
        "reactor_utilization": {
          "shard": "16",
          "value": 0.024937599999963478
        }
      },
      {
        "reactor_utilization": {
          "shard": "17",
          "value": 0.024975100000013128
        }
      },
      {
        "reactor_utilization": {
          "shard": "18",
          "value": 0.024459339999949314
        }
      },
      {
        "reactor_utilization": {
          "shard": "19",
          "value": 0.026280019999980198
        }
      },
      {
        "reactor_utilization": {
          "shard": "20",
          "value": 0.027009999999949574
        }
      },
      {
        "reactor_utilization": {
          "shard": "21",
          "value": 0.025061900000022952
        }
      },
      {
        "reactor_utilization": {
          "shard": "22",
          "value": 0.023340139999961096
        }
      },
      {
        "reactor_utilization": {
          "shard": "23",
          "value": 0.024725919999935009
        }
      },
      {
        "reactor_utilization": {
          "shard": "24",
          "value": 0.023959859999966859
        }
      },
      {
        "reactor_utilization": {
          "shard": "25",
          "value": 0.027019480000001206
        }
      },
      {
        "reactor_utilization": {
          "shard": "26",
          "value": 0.026668019999986914
        }
      },
      {
        "reactor_utilization": {
          "shard": "27",
          "value": 0.027210839999924907
        }
      }
    ]
  },
  {
    "metrics": [
      {
        "reactor_utilization": {
          "shard": "0",
          "value": 0.083164139999958309
        }
      },
      {
        "reactor_utilization": {
          "shard": "1",
          "value": 0.017883480000024932
        }
      },
      {
        "reactor_utilization": {
          "shard": "2",
          "value": 0.020870220000124284
        }
      },
      {
        "reactor_utilization": {
          "shard": "3",
          "value": 0.018729459999999865
        }
      },
      {
        "reactor_utilization": {
          "shard": "4",
          "value": 0.032847720000006575
        }
      },
      {
        "reactor_utilization": {
          "shard": "5",
          "value": 0.02078604000003148
        }
      },
      {
        "reactor_utilization": {
          "shard": "6",
          "value": 0.018377060000029921
        }
      },
      {
        "reactor_utilization": {
          "shard": "7",
          "value": 0.020608100000019114
        }
      },
      {
        "reactor_utilization": {
          "shard": "8",
          "value": 0.018702599999953495
        }
      },
      {
        "reactor_utilization": {
          "shard": "9",
          "value": 0.021380359999989551
        }
      },
      {
        "reactor_utilization": {
          "shard": "10",
          "value": 0.020403559999992993
        }
      },
      {
        "reactor_utilization": {
          "shard": "11",
          "value": 0.021450660000055244
        }
      },
      {
        "reactor_utilization": {
          "shard": "12",
          "value": 0.023187099999921745
        }
      },
      {
        "reactor_utilization": {
          "shard": "13",
          "value": 0.022486099999996512
        }
      },
      {
        "reactor_utilization": {
          "shard": "14",
          "value": 0.020001719999995782
        }
      },
      {
        "reactor_utilization": {
          "shard": "15",
          "value": 0.019472339999970778
        }
      },
      {
        "reactor_utilization": {
          "shard": "16",
          "value": 0.019742419999968508
        }
      },
      {
        "reactor_utilization": {
          "shard": "17",
          "value": 0.018779460000017956
        }
      },
      {
        "reactor_utilization": {
          "shard": "18",
          "value": 0.017122759999965709
        }
      },
      {
        "reactor_utilization": {
          "shard": "19",
          "value": 0.020309639999993578
        }
      },
      {
        "reactor_utilization": {
          "shard": "20",
          "value": 0.021749519999947342
        }
      },
      {
        "reactor_utilization": {
          "shard": "21",
          "value": 0.020653640000034557
        }
      },
      {
        "reactor_utilization": {
          "shard": "22",
          "value": 0.021037999999984347
        }
      },
      {
        "reactor_utilization": {
          "shard": "23",
          "value": 0.021635679999920665
        }
      },
      {
        "reactor_utilization": {
          "shard": "24",
          "value": 0.018432319999972524
        }
      },
      {
        "reactor_utilization": {
          "shard": "25",
          "value": 0.019365140000004999
        }
      },
      {
        "reactor_utilization": {
          "shard": "26",
          "value": 0.020179659999985944
        }
      },
      {
        "reactor_utilization": {
          "shard": "27",
          "value": 0.020594419999930835
        }
      }
    ]
  },
  {
    "metrics": [
      {
        "reactor_utilization": {
          "shard": "0",
          "value": 0.091687359999959028
        }
      },
      {
        "reactor_utilization": {
          "shard": "1",
          "value": 0.021645440000028771
        }
      },
      {
        "reactor_utilization": {
          "shard": "2",
          "value": 0.023868000000104583
        }
      },
      {
        "reactor_utilization": {
          "shard": "3",
          "value": 0.024534240000007035
        }
      },
      {
        "reactor_utilization": {
          "shard": "4",
          "value": 0.034269440000012086
        }
      },
      {
        "reactor_utilization": {
          "shard": "5",
          "value": 0.025863520000024565
        }
      },
      {
        "reactor_utilization": {
          "shard": "6",
          "value": 0.024439620000027418
        }
      },
      {
        "reactor_utilization": {
          "shard": "7",
          "value": 0.024594700000024616
        }
      },
      {
        "reactor_utilization": {
          "shard": "8",
          "value": 0.024914299999945211
        }
      },
      {
        "reactor_utilization": {
          "shard": "9",
          "value": 0.024766799999975664
        }
      },
      {
        "reactor_utilization": {
          "shard": "10",
          "value": 0.02273413999999141
        }
      },
      {
        "reactor_utilization": {
          "shard": "11",
          "value": 0.02554974000004151
        }
      },
      {
        "reactor_utilization": {
          "shard": "12",
          "value": 0.025237539999911629
        }
      },
      {
        "reactor_utilization": {
          "shard": "13",
          "value": 0.027103119999982717
        }
      },
      {
        "reactor_utilization": {
          "shard": "14",
          "value": 0.026693799999988332
        }
      },
      {
        "reactor_utilization": {
          "shard": "15",
          "value": 0.02523757999997045
        }
      },
      {
        "reactor_utilization": {
          "shard": "16",
          "value": 0.022266519999969425
        }
      },
      {
        "reactor_utilization": {
          "shard": "17",
          "value": 0.023576620000009818
        }
      },
      {
        "reactor_utilization": {
          "shard": "18",
          "value": 0.020922359999986373
        }
      },
      {
        "reactor_utilization": {
          "shard": "19",
          "value": 0.02645646000000168
        }
      },
      {
        "reactor_utilization": {
          "shard": "20",
          "value": 0.025276799999951471
        }
      },
      {
        "reactor_utilization": {
          "shard": "21",
          "value": 0.02201758000004439
        }
      },
      {
        "reactor_utilization": {
          "shard": "22",
          "value": 0.023141199999998641
        }
      },
      {
        "reactor_utilization": {
          "shard": "23",
          "value": 0.021617779999938413
        }
      },
      {
        "reactor_utilization": {
          "shard": "24",
          "value": 0.025543299999974955
        }
      },
      {
        "reactor_utilization": {
          "shard": "25",
          "value": 0.023859520000002465
        }
      },
      {
        "reactor_utilization": {
          "shard": "26",
          "value": 0.023656439999986123
        }
      },
      {
        "reactor_utilization": {
          "shard": "27",
          "value": 0.025019299999939904
        }
      }
    ]
  },
  {
    "metrics": [
      {
        "reactor_utilization": {
          "shard": "0",
          "value": 0.085230499999966458
        }
      },
      {
        "reactor_utilization": {
          "shard": "1",
          "value": 0.021078740000035623
        }
      },
      {
        "reactor_utilization": {
          "shard": "2",
          "value": 0.025446340000112588
        }
      },
      {
        "reactor_utilization": {
          "shard": "3",
          "value": 0.020711520000005201
        }
      },
      {
        "reactor_utilization": {
          "shard": "4",
          "value": 0.031178800000009055
        }
      },
      {
        "reactor_utilization": {
          "shard": "5",
          "value": 0.021563520000000835
        }
      },
      {
        "reactor_utilization": {
          "shard": "6",
          "value": 0.02291210000004984
        }
      },
      {
        "reactor_utilization": {
          "shard": "7",
          "value": 0.021183800000024178
        }
      },
      {
        "reactor_utilization": {
          "shard": "8",
          "value": 0.0193372799999314
        }
      },
      {
        "reactor_utilization": {
          "shard": "9",
          "value": 0.022650819999991967
        }
      },
      {
        "reactor_utilization": {
          "shard": "10",
          "value": 0.020046320000011164
        }
      },
      {
        "reactor_utilization": {
          "shard": "11",
          "value": 0.022160920000036111
        }
      },
      {
        "reactor_utilization": {
          "shard": "12",
          "value": 0.027015919999917593
        }
      },
      {
        "reactor_utilization": {
          "shard": "13",
          "value": 0.024124739999997757
        }
      },
      {
        "reactor_utilization": {
          "shard": "14",
          "value": 0.023233239999997934
        }
      },
      {
        "reactor_utilization": {
          "shard": "15",
          "value": 0.019978179999990964
        }
      },
      {
        "reactor_utilization": {
          "shard": "16",
          "value": 0.01998539999994442
        }
      },
      {
        "reactor_utilization": {
          "shard": "17",
          "value": 0.01899058000000009
        }
      },
      {
        "reactor_utilization": {
          "shard": "18",
          "value": 0.019881799999976746
        }
      },
      {
        "reactor_utilization": {
          "shard": "19",
          "value": 0.02113140000000735
        }
      },
      {
        "reactor_utilization": {
          "shard": "20",
          "value": 0.021015399999946283
        }
      },
      {
        "reactor_utilization": {
          "shard": "21",
          "value": 0.020975860000038704
        }
      },
      {
        "reactor_utilization": {
          "shard": "22",
          "value": 0.021951179999990522
        }
      },
      {
        "reactor_utilization": {
          "shard": "23",
          "value": 0.019787979999930094
        }
      },
      {
        "reactor_utilization": {
          "shard": "24",
          "value": 0.019695979999967417
        }
      },
      {
        "reactor_utilization": {
          "shard": "25",
          "value": 0.020722020000019103
        }
      },
      {
        "reactor_utilization": {
          "shard": "26",
          "value": 0.021190379999980191
        }
      },
      {
        "reactor_utilization": {
          "shard": "27",
          "value": 0.024798619999932825
        }
      }
    ]
  },
  {
    "metrics": [
      {
        "reactor_utilization": {
          "shard": "0",
          "value": 0.094479159999982798
        }
      },
      {
        "reactor_utilization": {
          "shard": "1",
          "value": 0.027704680000018023
        }
      },
      {
        "reactor_utilization": {
          "shard": "2",
          "value": 0.024853660000112576
        }
      },
      {
        "reactor_utilization": {
          "shard": "3",
          "value": 0.026582340000014248
        }
      },
      {
        "reactor_utilization": {
          "shard": "4",
          "value": 0.033220280000034741
        }
      },
      {
        "reactor_utilization": {
          "shard": "5",
          "value": 0.025965239999981016
        }
      },
      {
        "reactor_utilization": {
          "shard": "6",
          "value": 0.024918560000031231
        }
      },
      {
        "reactor_utilization": {
          "shard": "7",
          "value": 0.022460560000014951
        }
      },
      {
        "reactor_utilization": {
          "shard": "8",
          "value": 0.022018659999922807
        }
      },
      {
        "reactor_utilization": {
          "shard": "9",
          "value": 0.027338099999985044
        }
      },
      {
        "reactor_utilization": {
          "shard": "10",
          "value": 0.023438060000002814
        }
      },
      {
        "reactor_utilization": {
          "shard": "11",
          "value": 0.028634720000053626
        }
      },
      {
        "reactor_utilization": {
          "shard": "12",
          "value": 0.025190919999928951
        }
      },
      {
        "reactor_utilization": {
          "shard": "13",
          "value": 0.026232420000005252
        }
      },
      {
        "reactor_utilization": {
          "shard": "14",
          "value": 0.02533105999998897
        }
      },
      {
        "reactor_utilization": {
          "shard": "15",
          "value": 0.024942179999987157
        }
      },
      {
        "reactor_utilization": {
          "shard": "16",
          "value": 0.021888039999962139
        }
      },
      {
        "reactor_utilization": {
          "shard": "17",
          "value": 0.023406579999984967
        }
      },
      {
        "reactor_utilization": {
          "shard": "18",
          "value": 0.023421579999960418
        }
      },
      {
        "reactor_utilization": {
          "shard": "19",
          "value": 0.028672139999996737
        }
      },
      {
        "reactor_utilization": {
          "shard": "20",
          "value": 0.024691859999959043
        }
      },
      {
        "reactor_utilization": {
          "shard": "21",
          "value": 0.025552480000046174
        }
      },
      {
        "reactor_utilization": {
          "shard": "22",
          "value": 0.024175199999987296
        }
      },
      {
        "reactor_utilization": {
          "shard": "23",
          "value": 0.020846039999922183
        }
      },
      {
        "reactor_utilization": {
          "shard": "24",
          "value": 0.02267481999995713
        }
      },
      {
        "reactor_utilization": {
          "shard": "25",
          "value": 0.023701180000013089
        }
      },
      {
        "reactor_utilization": {
          "shard": "26",
          "value": 0.022999259999978428
        }
      },
      {
        "reactor_utilization": {
          "shard": "27",
          "value": 0.026121199999940004
        }
      }
    ]
  },
  {
    "metrics": [
      {
        "reactor_utilization": {
          "shard": "0",
          "value": 0.11104169999998081
        }
      },
      {
        "reactor_utilization": {
          "shard": "1",
          "value": 0.027898720000008037
        }
      },
      {
        "reactor_utilization": {
          "shard": "2",
          "value": 0.027716220000129077
        }
      },
      {
        "reactor_utilization": {
          "shard": "3",
          "value": 0.025441200000031472
        }
      },
      {
        "reactor_utilization": {
          "shard": "4",
          "value": 0.044337880000044905
        }
      },
      {
        "reactor_utilization": {
          "shard": "5",
          "value": 0.025195619999973662
        }
      },
      {
        "reactor_utilization": {
          "shard": "6",
          "value": 0.025158680000036959
        }
      },
      {
        "reactor_utilization": {
          "shard": "7",
          "value": 0.023657980000013623
        }
      },
      {
        "reactor_utilization": {
          "shard": "8",
          "value": 0.023308379999931184
        }
      },
      {
        "reactor_utilization": {
          "shard": "9",
          "value": 0.025697399999990989
        }
      },
      {
        "reactor_utilization": {
          "shard": "10",
          "value": 0.023086780000003415
        }
      },
      {
        "reactor_utilization": {
          "shard": "11",
          "value": 0.025520640000054051
        }
      },
      {
        "reactor_utilization": {
          "shard": "12",
          "value": 0.023818119999918785
        }
      },
      {
        "reactor_utilization": {
          "shard": "13",
          "value": 0.02640108000000474
        }
      },
      {
        "reactor_utilization": {
          "shard": "14",
          "value": 0.024334139999981907
        }
      },
      {
        "reactor_utilization": {
          "shard": "15",
          "value": 0.023115439999987775
        }
      },
      {
        "reactor_utilization": {
          "shard": "16",
          "value": 0.021694479999978533
        }
      },
      {
        "reactor_utilization": {
          "shard": "17",
          "value": 0.023927619999986049
        }
      },
      {
        "reactor_utilization": {
          "shard": "18",
          "value": 0.024713119999986155
        }
      },
      {
        "reactor_utilization": {
          "shard": "19",
          "value": 0.024091520000002475
        }
      },
      {
        "reactor_utilization": {
          "shard": "20",
          "value": 0.025215439999970446
        }
      },
      {
        "reactor_utilization": {
          "shard": "21",
          "value": 0.027119680000031732
        }
      },
      {
        "reactor_utilization": {
          "shard": "22",
          "value": 0.025821959999983157
        }
      },
      {
        "reactor_utilization": {
          "shard": "23",
          "value": 0.024698179999937953
        }
      },
      {
        "reactor_utilization": {
          "shard": "24",
          "value": 0.022587079999958348
        }
      },
      {
        "reactor_utilization": {
          "shard": "25",
          "value": 0.024583320000015618
        }
      },
      {
        "reactor_utilization": {
          "shard": "26",
          "value": 0.024828259999976066
        }
      },
      {
        "reactor_utilization": {
          "shard": "27",
          "value": 0.024957599999941849
        }
      }
    ]
  },
  {
    "metrics": [
      {
        "reactor_utilization": {
          "shard": "0",
          "value": 0.071995799999968746
        }
      },
      {
        "reactor_utilization": {
          "shard": "1",
          "value": 0.018697879999995948
        }
      },
      {
        "reactor_utilization": {
          "shard": "2",
          "value": 0.020929660000135186
        }
      },
      {
        "reactor_utilization": {
          "shard": "3",
          "value": 0.019589000000030943
        }
      },
      {
        "reactor_utilization": {
          "shard": "4",
          "value": 0.032299340000041532
        }
      },
      {
        "reactor_utilization": {
          "shard": "5",
          "value": 0.022609779999982482
        }
      },
      {
        "reactor_utilization": {
          "shard": "6",
          "value": 0.022950680000044521
        }
      },
      {
        "reactor_utilization": {
          "shard": "7",
          "value": 0.021529060000002875
        }
      },
      {
        "reactor_utilization": {
          "shard": "8",
          "value": 0.020198679999960945
        }
      },
      {
        "reactor_utilization": {
          "shard": "9",
          "value": 0.020932439999987729
        }
      },
      {
        "reactor_utilization": {
          "shard": "10",
          "value": 0.022711379999995618
        }
      },
      {
        "reactor_utilization": {
          "shard": "11",
          "value": 0.021810360000051876
        }
      },
      {
        "reactor_utilization": {
          "shard": "12",
          "value": 0.022047539999914267
        }
      },
      {
        "reactor_utilization": {
          "shard": "13",
          "value": 0.025359360000010156
        }
      },
      {
        "reactor_utilization": {
          "shard": "14",
          "value": 0.021732419999986874
        }
      },
      {
        "reactor_utilization": {
          "shard": "15",
          "value": 0.022087700000006372
        }
      },
      {
        "reactor_utilization": {
          "shard": "16",
          "value": 0.019058279999994987
        }
      },
      {
        "reactor_utilization": {
          "shard": "17",
          "value": 0.017964999999997566
        }
      },
      {
        "reactor_utilization": {
          "shard": "18",
          "value": 0.022040539999979014
        }
      },
      {
        "reactor_utilization": {
          "shard": "19",
          "value": 0.02272063999999574
        }
      },
      {
        "reactor_utilization": {
          "shard": "20",
          "value": 0.023111139999953956
        }
      },
      {
        "reactor_utilization": {
          "shard": "21",
          "value": 0.022107500000023705
        }
      },
      {
        "reactor_utilization": {
          "shard": "22",
          "value": 0.022434499999990365
        }
      },
      {
        "reactor_utilization": {
          "shard": "23",
          "value": 0.020469379999932258
        }
      },
      {
        "reactor_utilization": {
          "shard": "24",
          "value": 0.019661479999977249
        }
      },
      {
        "reactor_utilization": {
          "shard": "25",
          "value": 0.023607980000006634
        }
      },
      {
        "reactor_utilization": {
          "shard": "26",
          "value": 0.020028159999974093
        }
      },
      {
        "reactor_utilization": {
          "shard": "27",
          "value": 0.023100659999930606
        }
      }
    ]
  },
  {
    "metrics": [
      {
        "reactor_utilization": {
          "shard": "0",
          "value": 0.091785399999966266
        }
      },
      {
        "reactor_utilization": {
          "shard": "1",
          "value": 0.017751659999998282
        }
      },
      {
        "reactor_utilization": {
          "shard": "2",
          "value": 0.020121200000133843
        }
      },
      {
        "reactor_utilization": {
          "shard": "3",
          "value": 0.018530060000032655
        }
      },
      {
        "reactor_utilization": {
          "shard": "4",
          "value": 0.021195540000018553
        }
      },
      {
        "reactor_utilization": {
          "shard": "5",
          "value": 0.018901739999965805
        }
      },
      {
        "reactor_utilization": {
          "shard": "6",
          "value": 0.017647700000056332
        }
      },
      {
        "reactor_utilization": {
          "shard": "7",
          "value": 0.017258100000006049
        }
      },
      {
        "reactor_utilization": {
          "shard": "8",
          "value": 0.01977407999995684
        }
      },
      {
        "reactor_utilization": {
          "shard": "9",
          "value": 0.016896259999998886
        }
      },
      {
        "reactor_utilization": {
          "shard": "10",
          "value": 0.016488599999997522
        }
      },
      {
        "reactor_utilization": {
          "shard": "11",
          "value": 0.017815640000073962
        }
      },
      {
        "reactor_utilization": {
          "shard": "12",
          "value": 0.017496119999915738
        }
      },
      {
        "reactor_utilization": {
          "shard": "13",
          "value": 0.018173680000010961
        }
      },
      {
        "reactor_utilization": {
          "shard": "14",
          "value": 0.01738070000000258
        }
      },
      {
        "reactor_utilization": {
          "shard": "15",
          "value": 0.016889980000001081
        }
      },
      {
        "reactor_utilization": {
          "shard": "16",
          "value": 0.016513219999991779
        }
      },
      {
        "reactor_utilization": {
          "shard": "17",
          "value": 0.017020800000000502
        }
      },
      {
        "reactor_utilization": {
          "shard": "18",
          "value": 0.01856995999997002
        }
      },
      {
        "reactor_utilization": {
          "shard": "19",
          "value": 0.020975779999998778
        }
      },
      {
        "reactor_utilization": {
          "shard": "20",
          "value": 0.018928299999965148
        }
      },
      {
        "reactor_utilization": {
          "shard": "21",
          "value": 0.01830532000003382
        }
      },
      {
        "reactor_utilization": {
          "shard": "22",
          "value": 0.019279279999984134
        }
      },
      {
        "reactor_utilization": {
          "shard": "23",
          "value": 0.019006759999939948
        }
      },
      {
        "reactor_utilization": {
          "shard": "24",
          "value": 0.018867279999978948
        }
      },
      {
        "reactor_utilization": {
          "shard": "25",
          "value": 0.018432880000018859
        }
      },
      {
        "reactor_utilization": {
          "shard": "26",
          "value": 0.018895339999969174
        }
      },
      {
        "reactor_utilization": {
          "shard": "27",
          "value": 0.018701859999947779
        }
      }
    ]
  },
  {
    "metrics": [
      {
        "reactor_utilization": {
          "shard": "0",
          "value": 0.10215043999997064
        }
      },
      {
        "reactor_utilization": {
          "shard": "1",
          "value": 0.027744139999985595
        }
      },
      {
        "reactor_utilization": {
          "shard": "2",
          "value": 0.03450532000014439
        }
      },
      {
        "reactor_utilization": {
          "shard": "3",
          "value": 0.025121040000053441
        }
      },
      {
        "reactor_utilization": {
          "shard": "4",
          "value": 0.037692040000014693
        }
      },
      {
        "reactor_utilization": {
          "shard": "5",
          "value": 0.027066099999961679
        }
      },
      {
        "reactor_utilization": {
          "shard": "6",
          "value": 0.024842780000045028
        }
      },
      {
        "reactor_utilization": {
          "shard": "7",
          "value": 0.028421140000012279
        }
      },
      {
        "reactor_utilization": {
          "shard": "8",
          "value": 0.030493659999941691
        }
      },
      {
        "reactor_utilization": {
          "shard": "9",
          "value": 0.028832020000002512
        }
      },
      {
        "reactor_utilization": {
          "shard": "10",
          "value": 0.025177920000007958
        }
      },
      {
        "reactor_utilization": {
          "shard": "11",
          "value": 0.031110040000070782
        }
      },
      {
        "reactor_utilization": {
          "shard": "12",
          "value": 0.028800839999898464
        }
      },
      {
        "reactor_utilization": {
          "shard": "13",
          "value": 0.031870140000012093
        }
      },
      {
        "reactor_utilization": {
          "shard": "14",
          "value": 0.026464799999981192
        }
      },
      {
        "reactor_utilization": {
          "shard": "15",
          "value": 0.025666059999984725
        }
      },
      {
        "reactor_utilization": {
          "shard": "16",
          "value": 0.027057460000001754
        }
      },
      {
        "reactor_utilization": {
          "shard": "17",
          "value": 0.02813292000001244
        }
      },
      {
        "reactor_utilization": {
          "shard": "18",
          "value": 0.027092699999953229
        }
      },
      {
        "reactor_utilization": {
          "shard": "19",
          "value": 0.026721559999987043
        }
      },
      {
        "reactor_utilization": {
          "shard": "20",
          "value": 0.026179639999968085
        }
      },
      {
        "reactor_utilization": {
          "shard": "21",
          "value": 0.028390540000022835
        }
      },
      {
        "reactor_utilization": {
          "shard": "22",
          "value": 0.031680999999972315
        }
      },
      {
        "reactor_utilization": {
          "shard": "23",
          "value": 0.029848579999935954
        }
      },
      {
        "reactor_utilization": {
          "shard": "24",
          "value": 0.030953639999986571
        }
      },
      {
        "reactor_utilization": {
          "shard": "25",
          "value": 0.030712040000024921
        }
      },
      {
        "reactor_utilization": {
          "shard": "26",
          "value": 0.03114785999994707
        }
      },
      {
        "reactor_utilization": {
          "shard": "27",
          "value": 0.031546559999950929
        }
      }
    ]
  },
  {
    "metrics": [
      {
        "reactor_utilization": {
          "shard": "0",
          "value": 0.092700019999980565
        }
      },
      {
        "reactor_utilization": {
          "shard": "1",
          "value": 0.020727320000002436
        }
      },
      {
        "reactor_utilization": {
          "shard": "2",
          "value": 0.025697180000161524
        }
      },
      {
        "reactor_utilization": {
          "shard": "3",
          "value": 0.023799540000046804
        }
      },
      {
        "reactor_utilization": {
          "shard": "4",
          "value": 0.036136319999990896
        }
      },
      {
        "reactor_utilization": {
          "shard": "5",
          "value": 0.021602639999962481
        }
      },
      {
        "reactor_utilization": {
          "shard": "6",
          "value": 0.023118140000055742
        }
      },
      {
        "reactor_utilization": {
          "shard": "7",
          "value": 0.021022739999998485
        }
      },
      {
        "reactor_utilization": {
          "shard": "8",
          "value": 0.02143705999995138
        }
      },
      {
        "reactor_utilization": {
          "shard": "9",
          "value": 0.022229880000002034
        }
      },
      {
        "reactor_utilization": {
          "shard": "10",
          "value": 0.021143900000020199
        }
      },
      {
        "reactor_utilization": {
          "shard": "11",
          "value": 0.02223408000008309
        }
      },
      {
        "reactor_utilization": {
          "shard": "12",
          "value": 0.023612679999884811
        }
      },
      {
        "reactor_utilization": {
          "shard": "13",
          "value": 0.022918459999998753
        }
      },
      {
        "reactor_utilization": {
          "shard": "14",
          "value": 0.023243379999993152
        }
      },
      {
        "reactor_utilization": {
          "shard": "15",
          "value": 0.023210339999990559
        }
      },
      {
        "reactor_utilization": {
          "shard": "16",
          "value": 0.022511160000004971
        }
      },
      {
        "reactor_utilization": {
          "shard": "17",
          "value": 0.022397459999989877
        }
      },
      {
        "reactor_utilization": {
          "shard": "18",
          "value": 0.021085399999953847
        }
      },
      {
        "reactor_utilization": {
          "shard": "19",
          "value": 0.022880059999974556
        }
      },
      {
        "reactor_utilization": {
          "shard": "20",
          "value": 0.021563799999957389
        }
      },
      {
        "reactor_utilization": {
          "shard": "21",
          "value": 0.020970580000012617
        }
      },
      {
        "reactor_utilization": {
          "shard": "22",
          "value": 0.024602399999973379
        }
      },
      {
        "reactor_utilization": {
          "shard": "23",
          "value": 0.020243719999935017
        }
      },
      {
        "reactor_utilization": {
          "shard": "24",
          "value": 0.02099653999998452
        }
      },
      {
        "reactor_utilization": {
          "shard": "25",
          "value": 0.023896760000019501
        }
      },
      {
        "reactor_utilization": {
          "shard": "26",
          "value": 0.022262599999933741
        }
      },
      {
        "reactor_utilization": {
          "shard": "27",
          "value": 0.023105879999929524
        }
      }
    ]
  },
  {
    "metrics": [
      {
        "reactor_utilization": {
          "shard": "0",
          "value": 0.10563577999997964
        }
      },
      {
        "reactor_utilization": {
          "shard": "1",
          "value": 0.027636920000007059
        }
      },
      {
        "reactor_utilization": {
          "shard": "2",
          "value": 0.026289440000160091
        }
      },
      {
        "reactor_utilization": {
          "shard": "3",
          "value": 0.020887240000044827
        }
      },
      {
        "reactor_utilization": {
          "shard": "4",
          "value": 0.037532599999989813
        }
      },
      {
        "reactor_utilization": {
          "shard": "5",
          "value": 0.024353819999956006
        }
      },
      {
        "reactor_utilization": {
          "shard": "6",
          "value": 0.028925860000039716
        }
      },
      {
        "reactor_utilization": {
          "shard": "7",
          "value": 0.026844820000004876
        }
      },
      {
        "reactor_utilization": {
          "shard": "8",
          "value": 0.023601419999952356
        }
      },
      {
        "reactor_utilization": {
          "shard": "9",
          "value": 0.026205839999993152
        }
      },
      {
        "reactor_utilization": {
          "shard": "10",
          "value": 0.025633720000028948
        }
      },
      {
        "reactor_utilization": {
          "shard": "11",
          "value": 0.024713660000053039
        }
      },
      {
        "reactor_utilization": {
          "shard": "12",
          "value": 0.028451479999902496
        }
      },
      {
        "reactor_utilization": {
          "shard": "13",
          "value": 0.02523380000000186
        }
      },
      {
        "reactor_utilization": {
          "shard": "14",
          "value": 0.028586940000008276
        }
      },
      {
        "reactor_utilization": {
          "shard": "15",
          "value": 0.023170699999985889
        }
      },
      {
        "reactor_utilization": {
          "shard": "16",
          "value": 0.023870940000003671
        }
      },
      {
        "reactor_utilization": {
          "shard": "17",
          "value": 0.021598600000005685
        }
      },
      {
        "reactor_utilization": {
          "shard": "18",
          "value": 0.022289399999952941
        }
      },
      {
        "reactor_utilization": {
          "shard": "19",
          "value": 0.024547359999971263
        }
      },
      {
        "reactor_utilization": {
          "shard": "20",
          "value": 0.025925079999944423
        }
      },
      {
        "reactor_utilization": {
          "shard": "21",
          "value": 0.022962940000015308
        }
      },
      {
        "reactor_utilization": {
          "shard": "22",
          "value": 0.027083939999961171
        }
      },
      {
        "reactor_utilization": {
          "shard": "23",
          "value": 0.021062299999941025
        }
      },
      {
        "reactor_utilization": {
          "shard": "24",
          "value": 0.021588979999997981
        }
      },
      {
        "reactor_utilization": {
          "shard": "25",
          "value": 0.024259340000021279
        }
      },
      {
        "reactor_utilization": {
          "shard": "26",
          "value": 0.023698479999967326
        }
      },
      {
        "reactor_utilization": {
          "shard": "27",
          "value": 0.025777319999931159
        }
      }
    ]
  },
  {
    "metrics": [
      {
        "reactor_utilization": {
          "shard": "0",
          "value": 0.097011359999976676
        }
      },
      {
        "reactor_utilization": {
          "shard": "1",
          "value": 0.029501300000012165
        }
      },
      {
        "reactor_utilization": {
          "shard": "2",
          "value": 0.025679380000154239
        }
      },
      {
        "reactor_utilization": {
          "shard": "3",
          "value": 0.023072220000042165
        }
      },
      {
        "reactor_utilization": {
          "shard": "4",
          "value": 0.037763180000005558
        }
      },
      {
        "reactor_utilization": {
          "shard": "5",
          "value": 0.024610299999960894
        }
      },
      {
        "reactor_utilization": {
          "shard": "6",
          "value": 0.025809320000047542
        }
      },
      {
        "reactor_utilization": {
          "shard": "7",
          "value": 0.024843280000008683
        }
      },
      {
        "reactor_utilization": {
          "shard": "8",
          "value": 0.024161279999956875
        }
      },
      {
        "reactor_utilization": {
          "shard": "9",
          "value": 0.028343019999976793
        }
      },
      {
        "reactor_utilization": {
          "shard": "10",
          "value": 0.02691942000001557
        }
      },
      {
        "reactor_utilization": {
          "shard": "11",
          "value": 0.024499060000049422
        }
      },
      {
        "reactor_utilization": {
          "shard": "12",
          "value": 0.025290699999880317
        }
      },
      {
        "reactor_utilization": {
          "shard": "13",
          "value": 0.027386880000002112
        }
      },
      {
        "reactor_utilization": {
          "shard": "14",
          "value": 0.027406060000023658
        }
      },
      {
        "reactor_utilization": {
          "shard": "15",
          "value": 0.025033199999979772
        }
      },
      {
        "reactor_utilization": {
          "shard": "16",
          "value": 0.026020039999985478
        }
      },
      {
        "reactor_utilization": {
          "shard": "17",
          "value": 0.025913199999993974
        }
      },
      {
        "reactor_utilization": {
          "shard": "18",
          "value": 0.025907779999967406
        }
      },
      {
        "reactor_utilization": {
          "shard": "19",
          "value": 0.026656599999985708
        }
      },
      {
        "reactor_utilization": {
          "shard": "20",
          "value": 0.026805919999939309
        }
      },
      {
        "reactor_utilization": {
          "shard": "21",
          "value": 0.024326660000006939
        }
      },
      {
        "reactor_utilization": {
          "shard": "22",
          "value": 0.027697799999981676
        }
      },
      {
        "reactor_utilization": {
          "shard": "23",
          "value": 0.024062399999946749
        }
      },
      {
        "reactor_utilization": {
          "shard": "24",
          "value": 0.023852960000003698
        }
      },
      {
        "reactor_utilization": {
          "shard": "25",
          "value": 0.02241464000003468
        }
      },
      {
        "reactor_utilization": {
          "shard": "26",
          "value": 0.024311839999968665
        }
      },
      {
        "reactor_utilization": {
          "shard": "27",
          "value": 0.030938699999949471
        }
      }
    ]
  },
  {
    "metrics": [
      {
        "reactor_utilization": {
          "shard": "0",
          "value": 0.09520547999997131
        }
      },
      {
        "reactor_utilization": {
          "shard": "1",
          "value": 0.019056360000013761
        }
      },
      {
        "reactor_utilization": {
          "shard": "2",
          "value": 0.020658920000160563
        }
      },
      {
        "reactor_utilization": {
          "shard": "3",
          "value": 0.020974680000040991
        }
      },
      {
        "reactor_utilization": {
          "shard": "4",
          "value": 0.034744720000001728
        }
      },
      {
        "reactor_utilization": {
          "shard": "5",
          "value": 0.021652899999935471
        }
      },
      {
        "reactor_utilization": {
          "shard": "6",
          "value": 0.021755660000044585
        }
      },
      {
        "reactor_utilization": {
          "shard": "7",
          "value": 0.021129100000016887
        }
      },
      {
        "reactor_utilization": {
          "shard": "8",
          "value": 0.01728599999994973
        }
      },
      {
        "reactor_utilization": {
          "shard": "9",
          "value": 0.020068799999961584
        }
      },
      {
        "reactor_utilization": {
          "shard": "10",
          "value": 0.020125159999995201
        }
      },
      {
        "reactor_utilization": {
          "shard": "11",
          "value": 0.021108900000055275
        }
      },
      {
        "reactor_utilization": {
          "shard": "12",
          "value": 0.023007879999881187
        }
      },
      {
        "reactor_utilization": {
          "shard": "13",
          "value": 0.021804580000006624
        }
      },
      {
        "reactor_utilization": {
          "shard": "14",
          "value": 0.02188898000001771
        }
      },
      {
        "reactor_utilization": {
          "shard": "15",
          "value": 0.018601340000001798
        }
      },
      {
        "reactor_utilization": {
          "shard": "16",
          "value": 0.022061199999978687
        }
      },
      {
        "reactor_utilization": {
          "shard": "17",
          "value": 0.020292860000004076
        }
      },
      {
        "reactor_utilization": {
          "shard": "18",
          "value": 0.021620859999971209
        }
      },
      {
        "reactor_utilization": {
          "shard": "19",
          "value": 0.020183259999984049
        }
      },
      {
        "reactor_utilization": {
          "shard": "20",
          "value": 0.018592919999926849
        }
      },
      {
        "reactor_utilization": {
          "shard": "21",
          "value": 0.019654299999993796
        }
      },
      {
        "reactor_utilization": {
          "shard": "22",
          "value": 0.020481359999968696
        }
      },
      {
        "reactor_utilization": {
          "shard": "23",
          "value": 0.01997817999992435
        }
      },
      {
        "reactor_utilization": {
          "shard": "24",
          "value": 0.020102960000012438
        }
      },
      {
        "reactor_utilization": {
          "shard": "25",
          "value": 0.018427800000031525
        }
      },
      {
        "reactor_utilization": {
          "shard": "26",
          "value": 0.020922919999966094
        }
      },
      {
        "reactor_utilization": {
          "shard": "27",
          "value": 0.021531819999953683
        }
      }
    ]
  },
  {
    "metrics": [
      {
        "reactor_utilization": {
          "shard": "0",
          "value": 0.10485857999997794
        }
      },
      {
        "reactor_utilization": {
          "shard": "1",
          "value": 0.028252160000019622
        }
      },
      {
        "reactor_utilization": {
          "shard": "2",
          "value": 0.028391480000156122
        }
      },
      {
        "reactor_utilization": {
          "shard": "3",
          "value": 0.024127400000018007
        }
      },
      {
        "reactor_utilization": {
          "shard": "4",
          "value": 0.041128500000009449
        }
      },
      {
        "reactor_utilization": {
          "shard": "5",
          "value": 0.026993239999939522
        }
      },
      {
        "reactor_utilization": {
          "shard": "6",
          "value": 0.027787020000047402
        }
      },
      {
        "reactor_utilization": {
          "shard": "7",
          "value": 0.027940660000014272
        }
      },
      {
        "reactor_utilization": {
          "shard": "8",
          "value": 0.027183779999950808
        }
      },
      {
        "reactor_utilization": {
          "shard": "9",
          "value": 0.026523339999950934
        }
      },
      {
        "reactor_utilization": {
          "shard": "10",
          "value": 0.026903740000028264
        }
      },
      {
        "reactor_utilization": {
          "shard": "11",
          "value": 0.028081900000065385
        }
      },
      {
        "reactor_utilization": {
          "shard": "12",
          "value": 0.028196299999894148
        }
      },
      {
        "reactor_utilization": {
          "shard": "13",
          "value": 0.028687899999990663
        }
      },
      {
        "reactor_utilization": {
          "shard": "14",
          "value": 0.027663160000024334
        }
      },
      {
        "reactor_utilization": {
          "shard": "15",
          "value": 0.026614579999995058
        }
      },
      {
        "reactor_utilization": {
          "shard": "16",
          "value": 0.027360379999996631
        }
      },
      {
        "reactor_utilization": {
          "shard": "17",
          "value": 0.027234019999999859
        }
      },
      {
        "reactor_utilization": {
          "shard": "18",
          "value": 0.026772819999965058
        }
      },
      {
        "reactor_utilization": {
          "shard": "19",
          "value": 0.026498739999980536
        }
      },
      {
        "reactor_utilization": {
          "shard": "20",
          "value": 0.028308639999918839
        }
      },
      {
        "reactor_utilization": {
          "shard": "21",
          "value": 0.027793600000003416
        }
      },
      {
        "reactor_utilization": {
          "shard": "22",
          "value": 0.027254139999977056
        }
      },
      {
        "reactor_utilization": {
          "shard": "23",
          "value": 0.024670639999946342
        }
      },
      {
        "reactor_utilization": {
          "shard": "24",
          "value": 0.024719680000018229
        }
      },
      {
        "reactor_utilization": {
          "shard": "25",
          "value": 0.024938840000054974
        }
      },
      {
        "reactor_utilization": {
          "shard": "26",
          "value": 0.024524539999970507
        }
      },
      {
        "reactor_utilization": {
          "shard": "27",
          "value": 0.028168379999971016
        }
      }
    ]
  },
  {
    "metrics": [
      {
        "reactor_utilization": {
          "shard": "0",
          "value": 0.099115079999956279
        }
      },
      {
        "reactor_utilization": {
          "shard": "1",
          "value": 0.018354800000019988
        }
      },
      {
        "reactor_utilization": {
          "shard": "2",
          "value": 0.026716120000147558
        }
      },
      {
        "reactor_utilization": {
          "shard": "3",
          "value": 0.023481760000021445
        }
      },
      {
        "reactor_utilization": {
          "shard": "4",
          "value": 0.040583719999998102
        }
      },
      {
        "reactor_utilization": {
          "shard": "5",
          "value": 0.022913219999931567
        }
      },
      {
        "reactor_utilization": {
          "shard": "6",
          "value": 0.020950480000048177
        }
      },
      {
        "reactor_utilization": {
          "shard": "7",
          "value": 0.021551220000026738
        }
      },
      {
        "reactor_utilization": {
          "shard": "8",
          "value": 0.020302039999942068
        }
      },
      {
        "reactor_utilization": {
          "shard": "9",
          "value": 0.020603159999954546
        }
      },
      {
        "reactor_utilization": {
          "shard": "10",
          "value": 0.022300200000024972
        }
      },
      {
        "reactor_utilization": {
          "shard": "11",
          "value": 0.022167380000048809
        }
      },
      {
        "reactor_utilization": {
          "shard": "12",
          "value": 0.021723819999874827
        }
      },
      {
        "reactor_utilization": {
          "shard": "13",
          "value": 0.023060339999991797
        }
      },
      {
        "reactor_utilization": {
          "shard": "14",
          "value": 0.02253354000001373
        }
      },
      {
        "reactor_utilization": {
          "shard": "15",
          "value": 0.020304319999997489
        }
      },
      {
        "reactor_utilization": {
          "shard": "16",
          "value": 0.022514299999998322
        }
      },
      {
        "reactor_utilization": {
          "shard": "17",
          "value": 0.021820080000001241
        }
      },
      {
        "reactor_utilization": {
          "shard": "18",
          "value": 0.021358059999954104
        }
      },
      {
        "reactor_utilization": {
          "shard": "19",
          "value": 0.021762459999996597
        }
      },
      {
        "reactor_utilization": {
          "shard": "20",
          "value": 0.020675599999941952
        }
      },
      {
        "reactor_utilization": {
          "shard": "21",
          "value": 0.021979960000007015
        }
      },
      {
        "reactor_utilization": {
          "shard": "22",
          "value": 0.026061039999980551
        }
      },
      {
        "reactor_utilization": {
          "shard": "23",
          "value": 0.019007039999929809
        }
      },
      {
        "reactor_utilization": {
          "shard": "24",
          "value": 0.020723040000003579
        }
      },
      {
        "reactor_utilization": {
          "shard": "25",
          "value": 0.022629860000045188
        }
      },
      {
        "reactor_utilization": {
          "shard": "26",
          "value": 0.021821379999975576
        }
      },
      {
        "reactor_utilization": {
          "shard": "27",
          "value": 0.023923259999958368
        }
      }
    ]
  },
  {
    "metrics": [
      {
        "reactor_utilization": {
          "shard": "0",
          "value": 0.061234219999906081
        }
      },
      {
        "reactor_utilization": {
          "shard": "1",
          "value": 0.029579960000014616
        }
      },
      {
        "reactor_utilization": {
          "shard": "2",
          "value": 0.030402800000139951
        }
      },
      {
        "reactor_utilization": {
          "shard": "3",
          "value": 0.029088540000021812
        }
      },
      {
        "reactor_utilization": {
          "shard": "4",
          "value": 0.038267860000007481
        }
      },
      {
        "reactor_utilization": {
          "shard": "5",
          "value": 0.0238174999999341
        }
      },
      {
        "reactor_utilization": {
          "shard": "6",
          "value": 0.024385900000023497
        }
      },
      {
        "reactor_utilization": {
          "shard": "7",
          "value": 0.023039880000008672
        }
      },
      {
        "reactor_utilization": {
          "shard": "8",
          "value": 0.027888119999952554
        }
      },
      {
        "reactor_utilization": {
          "shard": "9",
          "value": 0.026366219999962581
        }
      },
      {
        "reactor_utilization": {
          "shard": "10",
          "value": 0.025155000000043337
        }
      },
      {
        "reactor_utilization": {
          "shard": "11",
          "value": 0.026823800000053133
        }
      },
      {
        "reactor_utilization": {
          "shard": "12",
          "value": 0.023906199999879085
        }
      },
      {
        "reactor_utilization": {
          "shard": "13",
          "value": 0.029547019999998092
        }
      },
      {
        "reactor_utilization": {
          "shard": "14",
          "value": 0.024636360000007684
        }
      },
      {
        "reactor_utilization": {
          "shard": "15",
          "value": 0.024808219999972181
        }
      },
      {
        "reactor_utilization": {
          "shard": "16",
          "value": 0.024020900000010226
        }
      },
      {
        "reactor_utilization": {
          "shard": "17",
          "value": 0.025386140000027702
        }
      },
      {
        "reactor_utilization": {
          "shard": "18",
          "value": 0.025647419999952348
        }
      },
      {
        "reactor_utilization": {
          "shard": "19",
          "value": 0.027197519999977438
        }
      },
      {
        "reactor_utilization": {
          "shard": "20",
          "value": 0.02732261999993657
        }
      },
      {
        "reactor_utilization": {
          "shard": "21",
          "value": 0.026605719999994726
        }
      },
      {
        "reactor_utilization": {
          "shard": "22",
          "value": 0.027824459999969964
        }
      },
      {
        "reactor_utilization": {
          "shard": "23",
          "value": 0.025419119999947615
        }
      },
      {
        "reactor_utilization": {
          "shard": "24",
          "value": 0.023391200000000278
        }
      },
      {
        "reactor_utilization": {
          "shard": "25",
          "value": 0.026165580000048205
        }
      },
      {
        "reactor_utilization": {
          "shard": "26",
          "value": 0.026002299999972056
        }
      },
      {
        "reactor_utilization": {
          "shard": "27",
          "value": 0.029534719999957382
        }
      }
    ]
  }
]
