[
  {
    "metrics": [
      {
        "reactor_utilization": {
          "shard": "0",
          "value": 0.47657809999999134
        }
      },
      {
        "reactor_utilization": {
          "shard": "1",
          "value": 0.40070247999999253
        }
      },
      {
        "reactor_utilization": {
          "shard": "2",
          "value": 0.40154900000000104
        }
      },
      {
        "reactor_utilization": {
          "shard": "3",
          "value": 0.40079734000001421
        }
      },
      {
        "reactor_utilization": {
          "shard": "4",
          "value": 0.40054091999999208
        }
      },
      {
        "reactor_utilization": {
          "shard": "5",
          "value": 0.40948829999997161
        }
      },
      {
        "reactor_utilization": {
          "shard": "6",
          "value": 0.39962035999998591
        }
      },
      {
        "reactor_utilization": {
          "shard": "7",
          "value": 0.41603070000000297
        }
      },
      {
        "reactor_utilization": {
          "shard": "8",
          "value": 0.4087253000000457
        }
      },
      {
        "reactor_utilization": {
          "shard": "9",
          "value": 0.39677160000002321
        }
      },
      {
        "reactor_utilization": {
          "shard": "10",
          "value": 0.40517171999997492
        }
      },
      {
        "reactor_utilization": {
          "shard": "11",
          "value": 0.40118262000000682
        }
      },
      {
        "reactor_utilization": {
          "shard": "12",
          "value": 0.40529245999998409
        }
      },
      {
        "reactor_utilization": {
          "shard": "13",
          "value": 0.4092471200000336
        }
      },
      {
        "reactor_utilization": {
          "shard": "14",
          "value": 0.40646958000003508
        }
      },
      {
        "reactor_utilization": {
          "shard": "15",
          "value": 0.4071617599999855
        }
      },
      {
        "reactor_utilization": {
          "shard": "16",
          "value": 0.40870540000003119
        }
      },
      {
        "reactor_utilization": {
          "shard": "17",
          "value": 0.36069410000003632
        }
      },
      {
        "reactor_utilization": {
          "shard": "18",
          "value": 0.35455337999998893
        }
      },
      {
        "reactor_utilization": {
          "shard": "19",
          "value": 0.3589807200000017
        }
      },
      {
        "reactor_utilization": {
          "shard": "20",
          "value": 0.34056607999997102
        }
      },
      {
        "reactor_utilization": {
          "shard": "21",
          "value": 0.35657972000001648
        }
      },
      {
        "reactor_utilization": {
          "shard": "22",
          "value": 0.35957059999994767
        }
      },
      {
        "reactor_utilization": {
          "shard": "23",
          "value": 0.36279521999995623
        }
      },
      {
        "reactor_utilization": {
          "shard": "24",
          "value": 0.35563336000000723
        }
      },
      {
        "reactor_utilization": {
          "shard": "25",
          "value": 0.35223412000002785
        }
      },
      {
        "reactor_utilization": {
          "shard": "26",
          "value": 0.35934087999995867
        }
      },
      {
        "reactor_utilization": {
          "shard": "27",
          "value": 0.36241396000000758
        }
      }
    ]
  },
  {
    "metrics": [
      {
        "reactor_utilization": {
          "shard": "0",
          "value": 0.37132561999997371
        }
      },
      {
        "reactor_utilization": {
          "shard": "1",
          "value": 8.8155764799999972
        }
      },
      {
        "reactor_utilization": {
          "shard": "2",
          "value": 0.21507820000000732
        }
      },
      {
        "reactor_utilization": {
          "shard": "3",
          "value": 0.19888438000001951
        }
      },
      {
        "reactor_utilization": {
          "shard": "4",
          "value": 0.20526521999999492
        }
      },
      {
        "reactor_utilization": {
          "shard": "5",
          "value": 0.13669665999996861
        }
      },
      {
        "reactor_utilization": {
          "shard": "6",
          "value": 0.15619651999997375
        }
      },
      {
        "reactor_utilization": {
          "shard": "7",
          "value": 0.16655235999999407
        }
      },
      {
        "reactor_utilization": {
          "shard": "8",
          "value": 0.11117950000003596
        }
      },
      {
        "reactor_utilization": {
          "shard": "9",
          "value": 0.10534982000003357
        }
      },
      {
        "reactor_utilization": {
          "shard": "10",
          "value": 0.12519093999998621
        }
      },
      {
        "reactor_utilization": {
          "shard": "11",
          "value": 0.12394028000004553
        }
      },
      {
        "reactor_utilization": {
          "shard": "12",
          "value": 0.16801821999998801
        }
      },
      {
        "reactor_utilization": {
          "shard": "13",
          "value": 0.099452620000040071
        }
      },
      {
        "reactor_utilization": {
          "shard": "14",
          "value": 0.11122142000002944
        }
      },
      {
        "reactor_utilization": {
          "shard": "15",
          "value": 0.1946123999999716
        }
      },
      {
        "reactor_utilization": {
          "shard": "16",
          "value": 0.21909894000002872
        }
      },
      {
        "reactor_utilization": {
          "shard": "17",
          "value": 0.14532060000003177
        }
      },
      {
        "reactor_utilization": {
          "shard": "18",
          "value": 0.14016843999998807
        }
      },
      {
        "reactor_utilization": {
          "shard": "19",
          "value": 0.099841479999984717
        }
      },
      {
        "reactor_utilization": {
          "shard": "20",
          "value": 0.1096554799999705
        }
      },
      {
        "reactor_utilization": {
          "shard": "21",
          "value": 0.10680100000001191
        }
      },
      {
        "reactor_utilization": {
          "shard": "22",
          "value": 0.12567299999994841
        }
      },
      {
        "reactor_utilization": {
          "shard": "23",
          "value": 0.118521899999946
        }
      },
      {
        "reactor_utilization": {
          "shard": "24",
          "value": 0.12896790000000991
        }
      },
      {
        "reactor_utilization": {
          "shard": "25",
          "value": 0.097191080000025298
        }
      },
      {
        "reactor_utilization": {
          "shard": "26",
          "value": 0.09860499999996275
        }
      },
      {
        "reactor_utilization": {
          "shard": "27",
          "value": 0.11704766000001365
        }
      }
    ]
  },
  {
    "metrics": [
      {
        "reactor_utilization": {
          "shard": "0",
          "value": 0.077754079999969861
        }
      },
      {
        "reactor_utilization": {
          "shard": "1",
          "value": 0.020565719999976473
        }
      },
      {
        "reactor_utilization": {
          "shard": "2",
          "value": 0.025796239999997805
        }
      },
      {
        "reactor_utilization": {
          "shard": "3",
          "value": 0.022640960000031018
        }
      },
      {
        "reactor_utilization": {
          "shard": "4",
          "value": 0.022493879999996302
        }
      },
      {
        "reactor_utilization": {
          "shard": "5",
          "value": 0.031190639999967296
        }
      },
      {
        "reactor_utilization": {
          "shard": "6",
          "value": 0.023153739999992595
        }
      },
      {
        "reactor_utilization": {
          "shard": "7",
          "value": 0.022476940000015766
        }
      },
      {
        "reactor_utilization": {
          "shard": "8",
          "value": 0.021648600000023777
        }
      },
      {
        "reactor_utilization": {
          "shard": "9",
          "value": 0.020279440000048332
        }
      },
      {
        "reactor_utilization": {
          "shard": "10",
          "value": 0.023387879999992034
        }
      },
      {
        "reactor_utilization": {
          "shard": "11",
          "value": 0.022193600000053326
        }
      },
      {
        "reactor_utilization": {
          "shard": "12",
          "value": 0.020809219999984307
        }
      },
      {
        "reactor_utilization": {
          "shard": "13",
          "value": 0.024412000000018086
        }
      },
      {
        "reactor_utilization": {
          "shard": "14",
          "value": 0.021014040000022494
        }
      },
      {
        "reactor_utilization": {
          "shard": "15",
          "value": 0.019980499999971979
        }
      },
      {
        "reactor_utilization": {
          "shard": "16",
          "value": 0.022274620000040102
        }
      },
      {
        "reactor_utilization": {
          "shard": "17",
          "value": 0.022047740000041838
        }
      },
      {
        "reactor_utilization": {
          "shard": "18",
          "value": 0.022019820000007684
        }
      },
      {
        "reactor_utilization": {
          "shard": "19",
          "value": 0.022548339999994838
        }
      },
      {
        "reactor_utilization": {
          "shard": "20",
          "value": 0.021604419999943225
        }
      },
      {
        "reactor_utilization": {
          "shard": "21",
          "value": 0.022543380000028534
        }
      },
      {
        "reactor_utilization": {
          "shard": "22",
          "value": 0.021582159999955497
        }
      },
      {
        "reactor_utilization": {
          "shard": "23",
          "value": 0.02093833999994299
        }
      },
      {
        "reactor_utilization": {
          "shard": "24",
          "value": 0.020801240000012378
        }
      },
      {
        "reactor_utilization": {
          "shard": "25",
          "value": 0.023008960000026057
        }
      },
      {
        "reactor_utilization": {
          "shard": "26",
          "value": 0.0226760199999676
        }
      },
      {
        "reactor_utilization": {
          "shard": "27",
          "value": 0.021559260000003633
        }
      }
    ]
  },
  {
    "metrics": [
      {
        "reactor_utilization": {
          "shard": "0",
          "value": 0.1119397599999683
        }
      },
      {
        "reactor_utilization": {
          "shard": "1",
          "value": 0.034414599999976758
        }
      },
      {
        "reactor_utilization": {
          "shard": "2",
          "value": 0.033784680000004119
        }
      },
      {
        "reactor_utilization": {
          "shard": "3",
          "value": 0.033793860000042031
        }
      },
      {
        "reactor_utilization": {
          "shard": "4",
          "value": 0.033694200000000674
        }
      },
      {
        "reactor_utilization": {
          "shard": "5",
          "value": 0.041966559999973008
        }
      },
      {
        "reactor_utilization": {
          "shard": "6",
          "value": 0.033774579999978904
        }
      },
      {
        "reactor_utilization": {
          "shard": "7",
          "value": 0.034747579999994116
        }
      },
      {
        "reactor_utilization": {
          "shard": "8",
          "value": 0.027010080000033909
        }
      },
      {
        "reactor_utilization": {
          "shard": "9",
          "value": 0.030288060000038808
        }
      },
      {
        "reactor_utilization": {
          "shard": "10",
          "value": 0.031368699999989591
        }
      },
      {
        "reactor_utilization": {
          "shard": "11",
          "value": 0.032539600000025537
        }
      },
      {
        "reactor_utilization": {
          "shard": "12",
          "value": 0.031791059999997096
        }
      },
      {
        "reactor_utilization": {
          "shard": "13",
          "value": 0.031109680000040996
        }
      },
      {
        "reactor_utilization": {
          "shard": "14",
          "value": 0.032630240000020017
        }
      },
      {
        "reactor_utilization": {
          "shard": "15",
          "value": 0.02897483999996231
        }
      },
      {
        "reactor_utilization": {
          "shard": "16",
          "value": 0.03159644000004791
        }
      },
      {
        "reactor_utilization": {
          "shard": "17",
          "value": 0.026333660000044112
        }
      },
      {
        "reactor_utilization": {
          "shard": "18",
          "value": 0.03216369999997637
        }
      },
      {
        "reactor_utilization": {
          "shard": "19",
          "value": 0.032916000000016155
        }
      },
      {
        "reactor_utilization": {
          "shard": "20",
          "value": 0.028680499999966802
        }
      },
      {
        "reactor_utilization": {
          "shard": "21",
          "value": 0.032509240000033746
        }
      },
      {
        "reactor_utilization": {
          "shard": "22",
          "value": 0.029982499999969825
        }
      },
      {
        "reactor_utilization": {
          "shard": "23",
          "value": 0.03056207999994065
        }
      },
      {
        "reactor_utilization": {
          "shard": "24",
          "value": 0.032930920000007191
        }
      },
      {
        "reactor_utilization": {
          "shard": "25",
          "value": 0.033367700000019873
        }
      },
      {
        "reactor_utilization": {
          "shard": "26",
          "value": 0.031027239999970035
        }
      },
      {
        "reactor_utilization": {
          "shard": "27",
          "value": 0.030561280000007685
        }
      }
    ]
  },
  {
    "metrics": [
      {
        "reactor_utilization": {
          "shard": "0",
          "value": 0.095287959999978966
        }
      },
      {
        "reactor_utilization": {
          "shard": "1",
          "value": 0.017668979999974077
        }
      },
      {
        "reactor_utilization": {
          "shard": "2",
          "value": 0.023549520000021307
        }
      },
      {
        "reactor_utilization": {
          "shard": "3",
          "value": 0.026224060000024085
        }
      },
      {
        "reactor_utilization": {
          "shard": "4",
          "value": 0.021993839999989717
        }
      },
      {
        "reactor_utilization": {
          "shard": "5",
          "value": 0.037995539999979844
        }
      },
      {
        "reactor_utilization": {
          "shard": "6",
          "value": 0.027299879999986842
        }
      },
      {
        "reactor_utilization": {
          "shard": "7",
          "value": 0.021557179999998066
        }
      },
      {
        "reactor_utilization": {
          "shard": "8",
          "value": 0.023572980000019506
        }
      },
      {
        "reactor_utilization": {
          "shard": "9",
          "value": 0.020585560000030423
        }
      },
      {
        "reactor_utilization": {
          "shard": "10",
          "value": 0.024553579999986308
        }
      },
      {
        "reactor_utilization": {
          "shard": "11",
          "value": 0.024189440000021989
        }
      },
      {
        "reactor_utilization": {
          "shard": "12",
          "value": 0.021771779999979479
        }
      },
      {
        "reactor_utilization": {
          "shard": "13",
          "value": 0.023782620000045718
        }
      },
      {
        "reactor_utilization": {
          "shard": "14",
          "value": 0.020891380000043203
        }
      },
      {
        "reactor_utilization": {
          "shard": "15",
          "value": 0.022323639999977107
        }
      },
      {
        "reactor_utilization": {
          "shard": "16",
          "value": 0.024282060000047068
        }
      },
      {
        "reactor_utilization": {
          "shard": "17",
          "value": 0.018504420000020616
        }
      },
      {
        "reactor_utilization": {
          "shard": "18",
          "value": 0.025191099999988253
        }
      },
      {
        "reactor_utilization": {
          "shard": "19",
          "value": 0.021923260000000777
        }
      },
      {
        "reactor_utilization": {
          "shard": "20",
          "value": 0.021790899999962754
        }
      },
      {
        "reactor_utilization": {
          "shard": "21",
          "value": 0.025109600000039478
        }
      },
      {
        "reactor_utilization": {
          "shard": "22",
          "value": 0.020519019999953869
        }
      },
      {
        "reactor_utilization": {
          "shard": "23",
          "value": 0.020577759999951262
        }
      },
      {
        "reactor_utilization": {
          "shard": "24",
          "value": 0.023603440000008469
        }
      },
      {
        "reactor_utilization": {
          "shard": "25",
          "value": 0.020499800000028934
        }
      },
      {
        "reactor_utilization": {
          "shard": "26",
          "value": 0.020882199999983087
        }
      },
      {
        "reactor_utilization": {
          "shard": "27",
          "value": 0.020620220000000522
        }
      }
    ]
  },
  {
    "metrics": [
      {
        "reactor_utilization": {
          "shard": "0",
          "value": 0.099928479999977782
        }
      },
      {
        "reactor_utilization": {
          "shard": "1",
          "value": 0.031840239999980646
        }
      },
      {
        "reactor_utilization": {
          "shard": "2",
          "value": 0.033525240000009671
        }
      },
      {
        "reactor_utilization": {
          "shard": "3",
          "value": 0.032370080000032608
        }
      },
      {
        "reactor_utilization": {
          "shard": "4",
          "value": 0.033970120000015314
        }
      },
      {
        "reactor_utilization": {
          "shard": "5",
          "value": 0.039197659999978818
        }
      },
      {
        "reactor_utilization": {
          "shard": "6",
          "value": 0.03574335999998457
        }
      },
      {
        "reactor_utilization": {
          "shard": "7",
          "value": 0.034712179999996096
        }
      },
      {
        "reactor_utilization": {
          "shard": "8",
          "value": 0.029406460000036549
        }
      },
      {
        "reactor_utilization": {
          "shard": "9",
          "value": 0.030061360000033233
        }
      },
      {
        "reactor_utilization": {
          "shard": "10",
          "value": 0.030428039999974565
        }
      },
      {
        "reactor_utilization": {
          "shard": "11",
          "value": 0.033991440000025186
        }
      },
      {
        "reactor_utilization": {
          "shard": "12",
          "value": 0.032365559999980587
        }
      },
      {
        "reactor_utilization": {
          "shard": "13",
          "value": 0.030635040000048797
        }
      },
      {
        "reactor_utilization": {
          "shard": "14",
          "value": 0.029260160000033064
        }
      },
      {
        "reactor_utilization": {
          "shard": "15",
          "value": 0.029416259999992533
        }
      },
      {
        "reactor_utilization": {
          "shard": "16",
          "value": 0.031428320000048693
        }
      },
      {
        "reactor_utilization": {
          "shard": "17",
          "value": 0.026746000000010817
        }
      },
      {
        "reactor_utilization": {
          "shard": "18",
          "value": 0.030282120000002521
        }
      },
      {
        "reactor_utilization": {
          "shard": "19",
          "value": 0.029817280000021817
        }
      },
      {
        "reactor_utilization": {
          "shard": "20",
          "value": 0.026479799999967746
        }
      },
      {
        "reactor_utilization": {
          "shard": "21",
          "value": 0.030708620000041709
        }
      },
      {
        "reactor_utilization": {
          "shard": "22",
          "value": 0.026175059999955508
        }
      },
      {
        "reactor_utilization": {
          "shard": "23",
          "value": 0.027569719999931408
        }
      },
      {
        "reactor_utilization": {
          "shard": "24",
          "value": 0.030342360000013002
        }
      },
      {
        "reactor_utilization": {
          "shard": "25",
          "value": 0.032716920000019911
        }
      },
      {
        "reactor_utilization": {
          "shard": "26",
          "value": 0.02908857999996961
        }
      },
      {
        "reactor_utilization": {
          "shard": "27",
          "value": 0.031591659999985477
        }
      }
    ]
  },
  {
    "metrics": [
      {
        "reactor_utilization": {
          "shard": "0",
          "value": 0.087262319999981131
        }
      },
      {
        "reactor_utilization": {
          "shard": "1",
          "value": 0.033580359999985099
        }
      },
      {
        "reactor_utilization": {
          "shard": "2",
          "value": 0.033309900000011439
        }
      },
      {
        "reactor_utilization": {
          "shard": "3",
          "value": 0.030339960000047572
        }
      },
      {
        "reactor_utilization": {
          "shard": "4",
          "value": 0.030074400000013046
        }
      },
      {
        "reactor_utilization": {
          "shard": "5",
          "value": 0.039324699999943036
        }
      },
      {
        "reactor_utilization": {
          "shard": "6",
          "value": 0.032610159999990618
        }
      },
      {
        "reactor_utilization": {
          "shard": "7",
          "value": 0.033676559999995526
        }
      },
      {
        "reactor_utilization": {
          "shard": "8",
          "value": 0.03057430000001915
        }
      },
      {
        "reactor_utilization": {
          "shard": "9",
          "value": 0.031327900000022169
        }
      },
      {
        "reactor_utilization": {
          "shard": "10",
          "value": 0.03141963999999664
        }
      },
      {
        "reactor_utilization": {
          "shard": "11",
          "value": 0.032863400000016085
        }
      },
      {
        "reactor_utilization": {
          "shard": "12",
          "value": 0.033330399999975668
        }
      },
      {
        "reactor_utilization": {
          "shard": "13",
          "value": 0.031649540000078247
        }
      },
      {
        "reactor_utilization": {
          "shard": "14",
          "value": 0.031695120000030386
        }
      },
      {
        "reactor_utilization": {
          "shard": "15",
          "value": 0.032490319999989303
        }
      },
      {
        "reactor_utilization": {
          "shard": "16",
          "value": 0.03253590000003026
        }
      },
      {
        "reactor_utilization": {
          "shard": "17",
          "value": 0.023843719999994129
        }
      },
      {
        "reactor_utilization": {
          "shard": "18",
          "value": 0.029943339999971563
        }
      },
      {
        "reactor_utilization": {
          "shard": "19",
          "value": 0.025699000000023453
        }
      },
      {
        "reactor_utilization": {
          "shard": "20",
          "value": 0.023365539999975482
        }
      },
      {
        "reactor_utilization": {
          "shard": "21",
          "value": 0.02984118000004532
        }
      },
      {
        "reactor_utilization": {
          "shard": "22",
          "value": 0.029239039999962024
        }
      },
      {
        "reactor_utilization": {
          "shard": "23",
          "value": 0.027290739999941138
        }
      },
      {
        "reactor_utilization": {
          "shard": "24",
          "value": 0.027361320000007794
        }
      },
      {
        "reactor_utilization": {
          "shard": "25",
          "value": 0.031118560000031881
        }
      },
      {
        "reactor_utilization": {
          "shard": "26",
          "value": 0.025318059999979159
        }
      },
      {
        "reactor_utilization": {
          "shard": "27",
          "value": 0.028710099999984529
        }
      }
    ]
  },
  {
    "metrics": [
      {
        "reactor_utilization": {
          "shard": "0",
          "value": 0.097745799999970906
        }
      },
      {
        "reactor_utilization": {
          "shard": "1",
          "value": 0.024783919999982196
        }
      },
      {
        "reactor_utilization": {
          "shard": "2",
          "value": 0.025713040000008291
        }
      },
      {
        "reactor_utilization": {
          "shard": "3",
          "value": 0.024002080000040671
        }
      },
      {
        "reactor_utilization": {
          "shard": "4",
          "value": 0.020059480000034213
        }
      },
      {
        "reactor_utilization": {
          "shard": "5",
          "value": 0.031198979999969012
        }
      },
      {
        "reactor_utilization": {
          "shard": "6",
          "value": 0.027516659999982096
        }
      },
      {
        "reactor_utilization": {
          "shard": "7",
          "value": 0.023049500000016376
        }
      },
      {
        "reactor_utilization": {
          "shard": "8",
          "value": 0.021609280000012276
        }
      },
      {
        "reactor_utilization": {
          "shard": "9",
          "value": 0.021813520000024678
        }
      },
      {
        "reactor_utilization": {
          "shard": "10",
          "value": 0.021732040000010944
        }
      },
      {
        "reactor_utilization": {
          "shard": "11",
          "value": 0.022804580000013175
        }
      },
      {
        "reactor_utilization": {
          "shard": "12",
          "value": 0.023531619999983544
        }
      },
      {
        "reactor_utilization": {
          "shard": "13",
          "value": 0.020295600000075353
        }
      },
      {
        "reactor_utilization": {
          "shard": "14",
          "value": 0.021535060000044126
        }
      },
      {
        "reactor_utilization": {
          "shard": "15",
          "value": 0.019931819999996492
        }
      },
      {
        "reactor_utilization": {
          "shard": "16",
          "value": 0.021152840000016049
        }
      },
      {
        "reactor_utilization": {
          "shard": "17",
          "value": 0.019938760000004496
        }
      },
      {
        "reactor_utilization": {
          "shard": "18",
          "value": 0.024200159999998583
        }
      },
      {
        "reactor_utilization": {
          "shard": "19",
          "value": 0.021481080000007591
        }
      },
      {
        "reactor_utilization": {
          "shard": "20",
          "value": 0.020183039999988051
        }
      },
      {
        "reactor_utilization": {
          "shard": "21",
          "value": 0.024657980000031277
        }
      },
      {
        "reactor_utilization": {
          "shard": "22",
          "value": 0.024402699999959143
        }
      },
      {
        "reactor_utilization": {
          "shard": "23",
          "value": 0.022181079999950004
        }
      },
      {
        "reactor_utilization": {
          "shard": "24",
          "value": 0.020405160000014355
        }
      },
      {
        "reactor_utilization": {
          "shard": "25",
          "value": 0.022858860000019021
        }
      },
      {
        "reactor_utilization": {
          "shard": "26",
          "value": 0.023140139999966447
        }
      },
      {
        "reactor_utilization": {
          "shard": "27",
          "value": 0.021282559999991069
        }
      }
    ]
  },
  {
    "metrics": [
      {
        "reactor_utilization": {
          "shard": "0",
          "value": 0.087040979999963852
        }
      },
      {
        "reactor_utilization": {
          "shard": "1",
          "value": 0.029222060000000383
        }
      },
      {
        "reactor_utilization": {
          "shard": "2",
          "value": 0.028344740000030288
        }
      },
      {
        "reactor_utilization": {
          "shard": "3",
          "value": 0.027178520000037398
        }
      },
      {
        "reactor_utilization": {
          "shard": "4",
          "value": 0.027833360000029117
        }
      },
      {
        "reactor_utilization": {
          "shard": "5",
          "value": 0.037550319999990478
        }
      },
      {
        "reactor_utilization": {
          "shard": "6",
          "value": 0.027506259999998672
        }
      },
      {
        "reactor_utilization": {
          "shard": "7",
          "value": 0.02370700000000614
        }
      },
      {
        "reactor_utilization": {
          "shard": "8",
          "value": 0.025315940000014692
        }
      },
      {
        "reactor_utilization": {
          "shard": "9",
          "value": 0.02118272000004584
        }
      },
      {
        "reactor_utilization": {
          "shard": "10",
          "value": 0.024707320000016963
        }
      },
      {
        "reactor_utilization": {
          "shard": "11",
          "value": 0.025884720000024508
        }
      },
      {
        "reactor_utilization": {
          "shard": "12",
          "value": 0.028350699999979412
        }
      },
      {
        "reactor_utilization": {
          "shard": "13",
          "value": 0.026899520000056576
        }
      },
      {
        "reactor_utilization": {
          "shard": "14",
          "value": 0.025299040000037465
        }
      },
      {
        "reactor_utilization": {
          "shard": "15",
          "value": 0.027452459999999235
        }
      },
      {
        "reactor_utilization": {
          "shard": "16",
          "value": 0.029308300000030485
        }
      },
      {
        "reactor_utilization": {
          "shard": "17",
          "value": 0.028309619999999924
        }
      },
      {
        "reactor_utilization": {
          "shard": "18",
          "value": 0.026796300000020423
        }
      },
      {
        "reactor_utilization": {
          "shard": "19",
          "value": 0.028067460000036348
        }
      },
      {
        "reactor_utilization": {
          "shard": "20",
          "value": 0.02478075999998719
        }
      },
      {
        "reactor_utilization": {
          "shard": "21",
          "value": 0.029214560000023759
        }
      },
      {
        "reactor_utilization": {
          "shard": "22",
          "value": 0.024975399999971337
        }
      },
      {
        "reactor_utilization": {
          "shard": "23",
          "value": 0.02561493999995168
        }
      },
      {
        "reactor_utilization": {
          "shard": "24",
          "value": 0.022848920000029249
        }
      },
      {
        "reactor_utilization": {
          "shard": "25",
          "value": 0.027886400000043388
        }
      },
      {
        "reactor_utilization": {
          "shard": "26",
          "value": 0.02521783999995808
        }
      },
      {
        "reactor_utilization": {
          "shard": "27",
          "value": 0.026750159999966439
        }
      }
    ]
  },
  {
    "metrics": [
      {
        "reactor_utilization": {
          "shard": "0",
          "value": 0.094481179999972298
        }
      },
      {
        "reactor_utilization": {
          "shard": "1",
          "value": 0.019079740000016443
        }
      },
      {
        "reactor_utilization": {
          "shard": "2",
          "value": 0.019078380000037143
        }
      },
      {
        "reactor_utilization": {
          "shard": "3",
          "value": 0.01993842000005408
        }
      },
      {
        "reactor_utilization": {
          "shard": "4",
          "value": 0.018984460000026626
        }
      },
      {
        "reactor_utilization": {
          "shard": "5",
          "value": 0.018462179999989559
        }
      },
      {
        "reactor_utilization": {
          "shard": "6",
          "value": 0.020543139999995574
        }
      },
      {
        "reactor_utilization": {
          "shard": "7",
          "value": 0.01891934000000095
        }
      },
      {
        "reactor_utilization": {
          "shard": "8",
          "value": 0.017541700000023308
        }
      },
      {
        "reactor_utilization": {
          "shard": "9",
          "value": 0.017602320000031924
        }
      },
      {
        "reactor_utilization": {
          "shard": "10",
          "value": 0.017598260000029065
        }
      },
      {
        "reactor_utilization": {
          "shard": "11",
          "value": 0.019440820000049541
        }
      },
      {
        "reactor_utilization": {
          "shard": "12",
          "value": 0.019660639999974361
        }
      },
      {
        "reactor_utilization": {
          "shard": "13",
          "value": 0.018120800000076542
        }
      },
      {
        "reactor_utilization": {
          "shard": "14",
          "value": 0.017039620000058875
        }
      },
      {
        "reactor_utilization": {
          "shard": "15",
          "value": 0.018279460000003578
        }
      },
      {
        "reactor_utilization": {
          "shard": "16",
          "value": 0.019510960000013178
        }
      },
      {
        "reactor_utilization": {
          "shard": "17",
          "value": 0.022515099999997901
        }
      },
      {
        "reactor_utilization": {
          "shard": "18",
          "value": 0.019757600000014364
        }
      },
      {
        "reactor_utilization": {
          "shard": "19",
          "value": 0.019197260000036742
        }
      },
      {
        "reactor_utilization": {
          "shard": "20",
          "value": 0.021110399999957341
        }
      },
      {
        "reactor_utilization": {
          "shard": "21",
          "value": 0.019701980000008668
        }
      },
      {
        "reactor_utilization": {
          "shard": "22",
          "value": 0.020067799999967662
        }
      },
      {
        "reactor_utilization": {
          "shard": "23",
          "value": 0.017578179999966359
        }
      },
      {
        "reactor_utilization": {
          "shard": "24",
          "value": 0.017076140000060747
        }
      },
      {
        "reactor_utilization": {
          "shard": "25",
          "value": 0.021860440000054382
        }
      },
      {
        "reactor_utilization": {
          "shard": "26",
          "value": 0.021383759999948904
        }
      },
      {
        "reactor_utilization": {
          "shard": "27",
          "value": 0.01983341999997057
        }
      }
    ]
  },
  {
    "metrics": [
      {
        "reactor_utilization": {
          "shard": "0",
          "value": 0.081331239999959948
        }
      },
      {
        "reactor_utilization": {
          "shard": "1",
          "value": 0.017829740000019356
        }
      },
      {
        "reactor_utilization": {
          "shard": "2",
          "value": 0.020123380000025559
        }
      },
      {
        "reactor_utilization": {
          "shard": "3",
          "value": 0.022761160000062119
        }
      },
      {
        "reactor_utilization": {
          "shard": "4",
          "value": 0.018908080000024086
        }
      },
      {
        "reactor_utilization": {
          "shard": "5",
          "value": 0.038551440000000881
        }
      },
      {
        "reactor_utilization": {
          "shard": "6",
          "value": 0.027133579999993884
        }
      },
      {
        "reactor_utilization": {
          "shard": "7",
          "value": 0.020497920000017711
        }
      },
      {
        "reactor_utilization": {
          "shard": "8",
          "value": 0.022137520000042876
        }
      },
      {
        "reactor_utilization": {
          "shard": "9",
          "value": 0.020326120000024872
        }
      },
      {
        "reactor_utilization": {
          "shard": "10",
          "value": 0.018716000000029709
        }
      },
      {
        "reactor_utilization": {
          "shard": "11",
          "value": 0.023465840000058691
        }
      },
      {
        "reactor_utilization": {
          "shard": "12",
          "value": 0.02188197999994923
        }
      },
      {
        "reactor_utilization": {
          "shard": "13",
          "value": 0.018054480000073703
        }
      },
      {
        "reactor_utilization": {
          "shard": "14",
          "value": 0.021132640000065539
        }
      },
      {
        "reactor_utilization": {
          "shard": "15",
          "value": 0.020213780000011283
        }
      },
      {
        "reactor_utilization": {
          "shard": "16",
          "value": 0.022901160000032839
        }
      },
      {
        "reactor_utilization": {
          "shard": "17",
          "value": 0.017410420000008031
        }
      },
      {
        "reactor_utilization": {
          "shard": "18",
          "value": 0.021936960000012995
        }
      },
      {
        "reactor_utilization": {
          "shard": "19",
          "value": 0.019793600000039824
        }
      },
      {
        "reactor_utilization": {
          "shard": "20",
          "value": 0.023361719999981378
        }
      },
      {
        "reactor_utilization": {
          "shard": "21",
          "value": 0.021920940000019762
        }
      },
      {
        "reactor_utilization": {
          "shard": "22",
          "value": 0.021718159999983833
        }
      },
      {
        "reactor_utilization": {
          "shard": "23",
          "value": 0.020278099999959665
        }
      },
      {
        "reactor_utilization": {
          "shard": "24",
          "value": 0.020547740000043113
        }
      },
      {
        "reactor_utilization": {
          "shard": "25",
          "value": 0.02153790000003486
        }
      },
      {
        "reactor_utilization": {
          "shard": "26",
          "value": 0.022328719999964441
        }
      },
      {
        "reactor_utilization": {
          "shard": "27",
          "value": 0.018714879999970346
        }
      }
    ]
  },
  {
    "metrics": [
      {
        "reactor_utilization": {
          "shard": "0",
          "value": 0.10355709999996243
        }
      },
      {
        "reactor_utilization": {
          "shard": "1",
          "value": 0.038927240000008467
        }
      },
      {
        "reactor_utilization": {
          "shard": "2",
          "value": 0.04507956000001645
        }
      },
      {
        "reactor_utilization": {
          "shard": "3",
          "value": 0.04212942000003661
        }
      },
      {
        "reactor_utilization": {
          "shard": "4",
          "value": 0.044705320000026916
        }
      },
      {
        "reactor_utilization": {
          "shard": "5",
          "value": 0.04859269999999416
        }
      },
      {
        "reactor_utilization": {
          "shard": "6",
          "value": 0.043630899999969053
        }
      },
      {
        "reactor_utilization": {
          "shard": "7",
          "value": 0.044075220000006077
        }
      },
      {
        "reactor_utilization": {
          "shard": "8",
          "value": 0.036149280000019601
        }
      },
      {
        "reactor_utilization": {
          "shard": "9",
          "value": 0.038739440000012948
        }
      },
      {
        "reactor_utilization": {
          "shard": "10",
          "value": 0.036642960000021763
        }
      },
      {
        "reactor_utilization": {
          "shard": "11",
          "value": 0.051917200000040076
        }
      },
      {
        "reactor_utilization": {
          "shard": "12",
          "value": 0.044014859999941258
        }
      },
      {
        "reactor_utilization": {
          "shard": "13",
          "value": 0.03814444000007633
        }
      },
      {
        "reactor_utilization": {
          "shard": "14",
          "value": 0.033945680000069256
        }
      },
      {
        "reactor_utilization": {
          "shard": "15",
          "value": 0.034435700000001734
        }
      },
      {
        "reactor_utilization": {
          "shard": "16",
          "value": 0.036894380000029869
        }
      },
      {
        "reactor_utilization": {
          "shard": "17",
          "value": 0.028978800000012406
        }
      },
      {
        "reactor_utilization": {
          "shard": "18",
          "value": 0.036842040000029108
        }
      },
      {
        "reactor_utilization": {
          "shard": "19",
          "value": 0.037137420000044052
        }
      },
      {
        "reactor_utilization": {
          "shard": "20",
          "value": 0.027389019999979336
        }
      },
      {
        "reactor_utilization": {
          "shard": "21",
          "value": 0.042073140000042919
        }
      },
      {
        "reactor_utilization": {
          "shard": "22",
          "value": 0.044322439999966434
        }
      },
      {
        "reactor_utilization": {
          "shard": "23",
          "value": 0.039780939999967124
        }
      },
      {
        "reactor_utilization": {
          "shard": "24",
          "value": 0.043005320000033542
        }
      },
      {
        "reactor_utilization": {
          "shard": "25",
          "value": 0.033652460000044293
        }
      },
      {
        "reactor_utilization": {
          "shard": "26",
          "value": 0.027854579999953
        }
      },
      {
        "reactor_utilization": {
          "shard": "27",
          "value": 0.042242159999972273
        }
      }
    ]
  },
  {
    "metrics": [
      {
        "reactor_utilization": {
          "shard": "0",
          "value": 0.1013247999999578
        }
      },
      {
        "reactor_utilization": {
          "shard": "1",
          "value": 0.024134820000021318
        }
      },
      {
        "reactor_utilization": {
          "shard": "2",
          "value": 0.028327720000020928
        }
      },
      {
        "reactor_utilization": {
          "shard": "3",
          "value": 0.028062260000050188
        }
      },
      {
        "reactor_utilization": {
          "shard": "4",
          "value": 0.025075340000002555
        }
      },
      {
        "reactor_utilization": {
          "shard": "5",
          "value": 0.037230960000012026
        }
      },
      {
        "reactor_utilization": {
          "shard": "6",
          "value": 0.028466219999978559
        }
      },
      {
        "reactor_utilization": {
          "shard": "7",
          "value": 0.026339980000023022
        }
      },
      {
        "reactor_utilization": {
          "shard": "8",
          "value": 0.024614260000022092
        }
      },
      {
        "reactor_utilization": {
          "shard": "9",
          "value": 0.023225180000019385
        }
      },
      {
        "reactor_utilization": {
          "shard": "10",
          "value": 0.023058260000019537
        }
      },
      {
        "reactor_utilization": {
          "shard": "11",
          "value": 0.024817300000024023
        }
      },
      {
        "reactor_utilization": {
          "shard": "12",
          "value": 0.025253139999970031
        }
      },
      {
        "reactor_utilization": {
          "shard": "13",
          "value": 0.024985560000079232
        }
      },
      {
        "reactor_utilization": {
          "shard": "14",
          "value": 0.022872400000062409
        }
      },
      {
        "reactor_utilization": {
          "shard": "15",
          "value": 0.025088780000015465
        }
      },
      {
        "reactor_utilization": {
          "shard": "16",
          "value": 0.023614040000030645
        }
      },
      {
        "reactor_utilization": {
          "shard": "17",
          "value": 0.026084380000002128
        }
      },
      {
        "reactor_utilization": {
          "shard": "18",
          "value": 0.025164360000051733
        }
      },
      {
        "reactor_utilization": {
          "shard": "19",
          "value": 0.025100640000053076
        }
      },
      {
        "reactor_utilization": {
          "shard": "20",
          "value": 0.025340379999982954
        }
      },
      {
        "reactor_utilization": {
          "shard": "21",
          "value": 0.023776840000033772
        }
      },
      {
        "reactor_utilization": {
          "shard": "22",
          "value": 0.026764859999950374
        }
      },
      {
        "reactor_utilization": {
          "shard": "23",
          "value": 0.023214839999985415
        }
      },
      {
        "reactor_utilization": {
          "shard": "24",
          "value": 0.02548730000004884
        }
      },
      {
        "reactor_utilization": {
          "shard": "25",
          "value": 0.02565932000004878
        }
      },
      {
        "reactor_utilization": {
          "shard": "26",
          "value": 0.028585599999941813
        }
      },
      {
        "reactor_utilization": {
          "shard": "27",
          "value": 0.025350759999964723
        }
      }
    ]
  },
  {
    "metrics": [
      {
        "reactor_utilization": {
          "shard": "0",
          "value": 0.098347779999952145
        }
      },
      {
        "reactor_utilization": {
          "shard": "1",
          "value": 0.019764800000032778
        }
      },
      {
        "reactor_utilization": {
          "shard": "2",
          "value": 0.023067300000034763
        }
      },
      {
        "reactor_utilization": {
          "shard": "3",
          "value": 0.021270000000028766
        }
      },
      {
        "reactor_utilization": {
          "shard": "4",
          "value": 0.019824300000015338
        }
      },
      {
        "reactor_utilization": {
          "shard": "5",
          "value": 0.040428139999970636
        }
      },
      {
        "reactor_utilization": {
          "shard": "6",
          "value": 0.024900659999960162
        }
      },
      {
        "reactor_utilization": {
          "shard": "7",
          "value": 0.018984020000034629
        }
      },
      {
        "reactor_utilization": {
          "shard": "8",
          "value": 0.020407360000018748
        }
      },
      {
        "reactor_utilization": {
          "shard": "9",
          "value": 0.021321819999997604
        }
      },
      {
        "reactor_utilization": {
          "shard": "10",
          "value": 0.021118080000004369
        }
      },
      {
        "reactor_utilization": {
          "shard": "11",
          "value": 0.020816820000035818
        }
      },
      {
        "reactor_utilization": {
          "shard": "12",
          "value": 0.020210479999982489
        }
      },
      {
        "reactor_utilization": {
          "shard": "13",
          "value": 0.020142060000072348
        }
      },
      {
        "reactor_utilization": {
          "shard": "14",
          "value": 0.019316840000049851
        }
      },
      {
        "reactor_utilization": {
          "shard": "15",
          "value": 0.023200480000018509
        }
      },
      {
        "reactor_utilization": {
          "shard": "16",
          "value": 0.020687280000031283
        }
      },
      {
        "reactor_utilization": {
          "shard": "17",
          "value": 0.018240060000007663
        }
      },
      {
        "reactor_utilization": {
          "shard": "18",
          "value": 0.019588580000051703
        }
      },
      {
        "reactor_utilization": {
          "shard": "19",
          "value": 0.023257980000057632
        }
      },
      {
        "reactor_utilization": {
          "shard": "20",
          "value": 0.020843399999992407
        }
      },
      {
        "reactor_utilization": {
          "shard": "21",
          "value": 0.020947960000050614
        }
      },
      {
        "reactor_utilization": {
          "shard": "22",
          "value": 0.023016899999939167
        }
      },
      {
        "reactor_utilization": {
          "shard": "23",
          "value": 0.022968759999975052
        }
      },
      {
        "reactor_utilization": {
          "shard": "24",
          "value": 0.020037040000031592
        }
      },
      {
        "reactor_utilization": {
          "shard": "25",
          "value": 0.022576420000031128
        }
      },
      {
        "reactor_utilization": {
          "shard": "26",
          "value": 0.022463399999939071
        }
      },
      {
        "reactor_utilization": {
          "shard": "27",
          "value": 0.022765579999983743
        }
      }
    ]
  },
  {
    "metrics": [
      {
        "reactor_utilization": {
          "shard": "0",
          "value": 0.090190979999915655
        }
      },
      {
        "reactor_utilization": {
          "shard": "1",
          "value": 0.022955900000054541
        }
      },
      {
        "reactor_utilization": {
          "shard": "2",
          "value": 0.027091820000046951
        }
      },
      {
        "reactor_utilization": {
          "shard": "3",
          "value": 0.028179560000041182
        }
      },
      {
        "reactor_utilization": {
          "shard": "4",
          "value": 0.025306500000010779
        }
      },
      {
        "reactor_utilization": {
          "shard": "5",
          "value": 0.03118673999999988
        }
      },
      {
        "reactor_utilization": {
          "shard": "6",
          "value": 0.024478459999954794
        }
      },
      {
        "reactor_utilization": {
          "shard": "7",
          "value": 0.023226940000031782
        }
      },
      {
        "reactor_utilization": {
          "shard": "8",
          "value": 0.024936840000000515
        }
      },
      {
        "reactor_utilization": {
          "shard": "9",
          "value": 0.02331046000003667
        }
      },
      {
        "reactor_utilization": {
          "shard": "10",
          "value": 0.022206860000006934
        }
      },
      {
        "reactor_utilization": {
          "shard": "11",
          "value": 0.023776980000045356
        }
      },
      {
        "reactor_utilization": {
          "shard": "12",
          "value": 0.025285159999988149
        }
      },
      {
        "reactor_utilization": {
          "shard": "13",
          "value": 0.024189140000074882
        }
      },
      {
        "reactor_utilization": {
          "shard": "14",
          "value": 0.022616840000067029
        }
      },
      {
        "reactor_utilization": {
          "shard": "15",
          "value": 0.02635250000000422
        }
      },
      {
        "reactor_utilization": {
          "shard": "16",
          "value": 0.025999360000039662
        }
      },
      {
        "reactor_utilization": {
          "shard": "17",
          "value": 0.022690120000001812
        }
      },
      {
        "reactor_utilization": {
          "shard": "18",
          "value": 0.022355560000042463
        }
      },
      {
        "reactor_utilization": {
          "shard": "19",
          "value": 0.023621760000058778
        }
      },
      {
        "reactor_utilization": {
          "shard": "20",
          "value": 0.024317479999991232
        }
      },
      {
        "reactor_utilization": {
          "shard": "21",
          "value": 0.022209260000050079
        }
      },
      {
        "reactor_utilization": {
          "shard": "22",
          "value": 0.025443219999954358
        }
      },
      {
        "reactor_utilization": {
          "shard": "23",
          "value": 0.023986679999976612
        }
      },
      {
        "reactor_utilization": {
          "shard": "24",
          "value": 0.024445040000042884
        }
      },
      {
        "reactor_utilization": {
          "shard": "25",
          "value": 0.025575040000025417
        }
      },
      {
        "reactor_utilization": {
          "shard": "26",
          "value": 0.024425399999938868
        }
      },
      {
        "reactor_utilization": {
          "shard": "27",
          "value": 0.023162779999985617
        }
      }
    ]
  },
  {
    "metrics": [
      {
        "reactor_utilization": {
          "shard": "0",
          "value": 0.096159159999908983
        }
      },
      {
        "reactor_utilization": {
          "shard": "1",
          "value": 0.019395320000059613
        }
      },
      {
        "reactor_utilization": {
          "shard": "2",
          "value": 0.023444160000052339
        }
      },
      {
        "reactor_utilization": {
          "shard": "3",
          "value": 0.021625100000044473
        }
      },
      {
        "reactor_utilization": {
          "shard": "4",
          "value": 0.021996800000023686
        }
      },
      {
        "reactor_utilization": {
          "shard": "5",
          "value": 0.034443740000000833
        }
      },
      {
        "reactor_utilization": {
          "shard": "6",
          "value": 0.022199119999966044
        }
      },
      {
        "reactor_utilization": {
          "shard": "7",
          "value": 0.023160320000037427
        }
      },
      {
        "reactor_utilization": {
          "shard": "8",
          "value": 0.02202886000002291
        }
      },
      {
        "reactor_utilization": {
          "shard": "9",
          "value": 0.022216800000030013
        }
      },
      {
        "reactor_utilization": {
          "shard": "10",
          "value": 0.02142776000000346
        }
      },
      {
        "reactor_utilization": {
          "shard": "11",
          "value": 0.020864060000025386
        }
      },
      {
        "reactor_utilization": {
          "shard": "12",
          "value": 0.020038720000015164
        }
      },
      {
        "reactor_utilization": {
          "shard": "13",
          "value": 0.021704260000077191
        }
      },
      {
        "reactor_utilization": {
          "shard": "14",
          "value": 0.021239220000057735
        }
      },
      {
        "reactor_utilization": {
          "shard": "15",
          "value": 0.023306500000008779
        }
      },
      {
        "reactor_utilization": {
          "shard": "16",
          "value": 0.022177520000044026
        }
      },
      {
        "reactor_utilization": {
          "shard": "17",
          "value": 0.021211480000005167
        }
      },
      {
        "reactor_utilization": {
          "shard": "18",
          "value": 0.020381220000031952
        }
      },
      {
        "reactor_utilization": {
          "shard": "19",
          "value": 0.023254780000059316
        }
      },
      {
        "reactor_utilization": {
          "shard": "20",
          "value": 0.019553280000006446
        }
      },
      {
        "reactor_utilization": {
          "shard": "21",
          "value": 0.02193510000007004
        }
      },
      {
        "reactor_utilization": {
          "shard": "22",
          "value": 0.023367539999963327
        }
      },
      {
        "reactor_utilization": {
          "shard": "23",
          "value": 0.020889139999968886
        }
      },
      {
        "reactor_utilization": {
          "shard": "24",
          "value": 0.019842560000049581
        }
      },
      {
        "reactor_utilization": {
          "shard": "25",
          "value": 0.022876940000027268
        }
      },
      {
        "reactor_utilization": {
          "shard": "26",
          "value": 0.02347813999994397
        }
      },
      {
        "reactor_utilization": {
          "shard": "27",
          "value": 0.020469419999968874
        }
      }
    ]
  },
  {
    "metrics": [
      {
        "reactor_utilization": {
          "shard": "0",
          "value": 0.095897259999910833
        }
      },
      {
        "reactor_utilization": {
          "shard": "1",
          "value": 0.023325660000073078
        }
      },
      {
        "reactor_utilization": {
          "shard": "2",
          "value": 0.023509120000042572
        }
      },
      {
        "reactor_utilization": {
          "shard": "3",
          "value": 0.022897480000039216
        }
      },
      {
        "reactor_utilization": {
          "shard": "4",
          "value": 0.02363772000001374
        }
      },
      {
        "reactor_utilization": {
          "shard": "5",
          "value": 0.034217639999989391
        }
      },
      {
        "reactor_utilization": {
          "shard": "6",
          "value": 0.029025699999973842
        }
      },
      {
        "reactor_utilization": {
          "shard": "7",
          "value": 0.02278420000003667
        }
      },
      {
        "reactor_utilization": {
          "shard": "8",
          "value": 0.027402660000008794
        }
      },
      {
        "reactor_utilization": {
          "shard": "9",
          "value": 0.023237160000022516
        }
      },
      {
        "reactor_utilization": {
          "shard": "10",
          "value": 0.023496020000002282
        }
      },
      {
        "reactor_utilization": {
          "shard": "11",
          "value": 0.024972000000034189
        }
      },
      {
        "reactor_utilization": {
          "shard": "12",
          "value": 0.024823600000001278
        }
      },
      {
        "reactor_utilization": {
          "shard": "13",
          "value": 0.024578380000073174
        }
      },
      {
        "reactor_utilization": {
          "shard": "14",
          "value": 0.024648580000041775
        }
      },
      {
        "reactor_utilization": {
          "shard": "15",
          "value": 0.025951219999997832
        }
      },
      {
        "reactor_utilization": {
          "shard": "16",
          "value": 0.026363640000037769
        }
      },
      {
        "reactor_utilization": {
          "shard": "17",
          "value": 0.023880920000007855
        }
      },
      {
        "reactor_utilization": {
          "shard": "18",
          "value": 0.023199020000030934
        }
      },
      {
        "reactor_utilization": {
          "shard": "19",
          "value": 0.019611400000052459
        }
      },
      {
        "reactor_utilization": {
          "shard": "20",
          "value": 0.022443739999999934
        }
      },
      {
        "reactor_utilization": {
          "shard": "21",
          "value": 0.025897740000080383
        }
      },
      {
        "reactor_utilization": {
          "shard": "22",
          "value": 0.02533833999994739
        }
      },
      {
        "reactor_utilization": {
          "shard": "23",
          "value": 0.02368051999998011
        }
      },
      {
        "reactor_utilization": {
          "shard": "24",
          "value": 0.021211160000056406
        }
      },
      {
        "reactor_utilization": {
          "shard": "25",
          "value": 0.023521720000041491
        }
      },
      {
        "reactor_utilization": {
          "shard": "26",
          "value": 0.024300379999953048
        }
      },
      {
        "reactor_utilization": {
          "shard": "27",
          "value": 0.023487999999982634
        }
      }
    ]
  },
  {
    "metrics": [
      {
        "reactor_utilization": {
          "shard": "0",
          "value": 0.073745339999908843
        }
      },
      {
        "reactor_utilization": {
          "shard": "1",
          "value": 0.027647640000094675
        }
      },
      {
        "reactor_utilization": {
          "shard": "2",
          "value": 0.026496800000053167
        }
      },
      {
        "reactor_utilization": {
          "shard": "3",
          "value": 0.024939080000030422
        }
      },
      {
        "reactor_utilization": {
          "shard": "4",
          "value": 0.026559580000018457
        }
      },
      {
        "reactor_utilization": {
          "shard": "5",
          "value": 0.038390300000001876
        }
      },
      {
        "reactor_utilization": {
          "shard": "6",
          "value": 0.026451839999952487
        }
      },
      {
        "reactor_utilization": {
          "shard": "7",
          "value": 0.023982800000044158
        }
      },
      {
        "reactor_utilization": {
          "shard": "8",
          "value": 0.024892339999993407
        }
      },
      {
        "reactor_utilization": {
          "shard": "9",
          "value": 0.022289700000022172
        }
      },
      {
        "reactor_utilization": {
          "shard": "10",
          "value": 0.026926540000016264
        }
      },
      {
        "reactor_utilization": {
          "shard": "11",
          "value": 0.024771600000050853
        }
      },
      {
        "reactor_utilization": {
          "shard": "12",
          "value": 0.025970120000007313
        }
      },
      {
        "reactor_utilization": {
          "shard": "13",
          "value": 0.024626840000063766
        }
      },
      {
        "reactor_utilization": {
          "shard": "14",
          "value": 0.02450882000006871
        }
      },
      {
        "reactor_utilization": {
          "shard": "15",
          "value": 0.024403600000000303
        }
      },
      {
        "reactor_utilization": {
          "shard": "16",
          "value": 0.024263160000015382
        }
      },
      {
        "reactor_utilization": {
          "shard": "17",
          "value": 0.025405800000011247
        }
      },
      {
        "reactor_utilization": {
          "shard": "18",
          "value": 0.023541240000013453
        }
      },
      {
        "reactor_utilization": {
          "shard": "19",
          "value": 0.024811940000069033
        }
      },
      {
        "reactor_utilization": {
          "shard": "20",
          "value": 0.027187280000018355
        }
      },
      {
        "reactor_utilization": {
          "shard": "21",
          "value": 0.026390980000079445
        }
      },
      {
        "reactor_utilization": {
          "shard": "22",
          "value": 0.022179719999959602
        }
      },
      {
        "reactor_utilization": {
          "shard": "23",
          "value": 0.02570535999999457
        }
      },
      {
        "reactor_utilization": {
          "shard": "24",
          "value": 0.023143900000055506
        }
      },
      {
        "reactor_utilization": {
          "shard": "25",
          "value": 0.029413500000041726
        }
      },
      {
        "reactor_utilization": {
          "shard": "26",
          "value": 0.028194379999946229
        }
      },
      {
        "reactor_utilization": {
          "shard": "27",
          "value": 0.023393919999981083
        }
      }
    ]
  },
  {
    "metrics": [
      {
        "reactor_utilization": {
          "shard": "0",
          "value": 0.09598001999990835
        }
      },
      {
        "reactor_utilization": {
          "shard": "1",
          "value": 0.015907300000095326
        }
      },
      {
        "reactor_utilization": {
          "shard": "2",
          "value": 0.016611380000042253
        }
      },
      {
        "reactor_utilization": {
          "shard": "3",
          "value": 0.016725980000031893
        }
      },
      {
        "reactor_utilization": {
          "shard": "4",
          "value": 0.016886700000018351
        }
      },
      {
        "reactor_utilization": {
          "shard": "5",
          "value": 0.017300160000011111
        }
      },
      {
        "reactor_utilization": {
          "shard": "6",
          "value": 0.014344599999949192
        }
      },
      {
        "reactor_utilization": {
          "shard": "7",
          "value": 0.017494060000045053
        }
      },
      {
        "reactor_utilization": {
          "shard": "8",
          "value": 0.015723880000007018
        }
      },
      {
        "reactor_utilization": {
          "shard": "9",
          "value": 0.01631392000001064
        }
      },
      {
        "reactor_utilization": {
          "shard": "10",
          "value": 0.013727379999994849
        }
      },
      {
        "reactor_utilization": {
          "shard": "11",
          "value": 0.015534520000048957
        }
      },
      {
        "reactor_utilization": {
          "shard": "12",
          "value": 0.015535699999991159
        }
      },
      {
        "reactor_utilization": {
          "shard": "13",
          "value": 0.015040740000049624
        }
      },
      {
        "reactor_utilization": {
          "shard": "14",
          "value": 0.015288260000079212
        }
      },
      {
        "reactor_utilization": {
          "shard": "15",
          "value": 0.016446739999986804
        }
      },
      {
        "reactor_utilization": {
          "shard": "16",
          "value": 0.016756720000021819
        }
      },
      {
        "reactor_utilization": {
          "shard": "17",
          "value": 0.012852860000012178
        }
      },
      {
        "reactor_utilization": {
          "shard": "18",
          "value": 0.015163000000018023
        }
      },
      {
        "reactor_utilization": {
          "shard": "19",
          "value": 0.014210800000058477
        }
      },
      {
        "reactor_utilization": {
          "shard": "20",
          "value": 0.010058580000016359
        }
      },
      {
        "reactor_utilization": {
          "shard": "21",
          "value": 0.016590840000063611
        }
      },
      {
        "reactor_utilization": {
          "shard": "22",
          "value": 0.016486479999944237
        }
      },
      {
        "reactor_utilization": {
          "shard": "23",
          "value": 0.013583259999994102
        }
      },
      {
        "reactor_utilization": {
          "shard": "24",
          "value": 0.010042120000042232
        }
      },
      {
        "reactor_utilization": {
          "shard": "25",
          "value": 0.01455492000004277
        }
      },
      {
        "reactor_utilization": {
          "shard": "26",
          "value": 0.017290499999944586
        }
      },
      {
        "reactor_utilization": {
          "shard": "27",
          "value": 0.0097927999999747328
        }
      }
    ]
  },
  {
    "metrics": [
      {
        "reactor_utilization": {
          "shard": "0",
          "value": 0.10202415999991388
        }
      },
      {
        "reactor_utilization": {
          "shard": "1",
          "value": 0.026557980000097015
        }
      },
      {
        "reactor_utilization": {
          "shard": "2",
          "value": 0.028046580000040677
        }
      },
      {
        "reactor_utilization": {
          "shard": "3",
          "value": 0.024936100000039207
        }
      },
      {
        "reactor_utilization": {
          "shard": "4",
          "value": 0.027644620000000231
        }
      },
      {
        "reactor_utilization": {
          "shard": "5",
          "value": 0.040577340000003126
        }
      },
      {
        "reactor_utilization": {
          "shard": "6",
          "value": 0.03046817999994289
        }
      },
      {
        "reactor_utilization": {
          "shard": "7",
          "value": 0.02647604000004522
        }
      },
      {
        "reactor_utilization": {
          "shard": "8",
          "value": 0.023894440000016282
        }
      },
      {
        "reactor_utilization": {
          "shard": "9",
          "value": 0.021450840000003524
        }
      },
      {
        "reactor_utilization": {
          "shard": "10",
          "value": 0.02639187999999848
        }
      },
      {
        "reactor_utilization": {
          "shard": "11",
          "value": 0.022351940000064907
        }
      },
      {
        "reactor_utilization": {
          "shard": "12",
          "value": 0.024782279999990831
        }
      },
      {
        "reactor_utilization": {
          "shard": "13",
          "value": 0.022537760000040929
        }
      },
      {
        "reactor_utilization": {
          "shard": "14",
          "value": 0.024718600000095403
        }
      },
      {
        "reactor_utilization": {
          "shard": "15",
          "value": 0.025656040000010538
        }
      },
      {
        "reactor_utilization": {
          "shard": "16",
          "value": 0.026164920000015801
        }
      },
      {
        "reactor_utilization": {
          "shard": "17",
          "value": 0.025113980000013303
        }
      },
      {
        "reactor_utilization": {
          "shard": "18",
          "value": 0.023090340000031517
        }
      },
      {
        "reactor_utilization": {
          "shard": "19",
          "value": 0.02857898000008241
        }
      },
      {
        "reactor_utilization": {
          "shard": "20",
          "value": 0.024463100000016169
        }
      },
      {
        "reactor_utilization": {
          "shard": "21",
          "value": 0.027221680000055759
        }
      },
      {
        "reactor_utilization": {
          "shard": "22",
          "value": 0.023093939999929702
        }
      },
      {
        "reactor_utilization": {
          "shard": "23",
          "value": 0.025631400000003524
        }
      },
      {
        "reactor_utilization": {
          "shard": "24",
          "value": 0.021393820000037422
        }
      },
      {
        "reactor_utilization": {
          "shard": "25",
          "value": 0.026226260000039581
        }
      },
      {
        "reactor_utilization": {
          "shard": "26",
          "value": 0.026253879999926788
        }
      },
      {
        "reactor_utilization": {
          "shard": "27",
          "value": 0.021212879999965573
        }
      }
    ]
  },
  {
    "metrics": [
      {
        "reactor_utilization": {
          "shard": "0",
          "value": 0.097017759999951103
        }
      },
      {
        "reactor_utilization": {
          "shard": "1",
          "value": 0.028509920000097111
        }
      },
      {
        "reactor_utilization": {
          "shard": "2",
          "value": 0.026297700000044166
        }
      },
      {
        "reactor_utilization": {
          "shard": "3",
          "value": 0.026360400000058348
        }
      },
      {
        "reactor_utilization": {
          "shard": "4",
          "value": 0.027564539999991311
        }
      },
      {
        "reactor_utilization": {
          "shard": "5",
          "value": 0.03795961999999431
        }
      },
      {
        "reactor_utilization": {
          "shard": "6",
          "value": 0.025301679999922833
        }
      },
      {
        "reactor_utilization": {
          "shard": "7",
          "value": 0.026614740000052706
        }
      },
      {
        "reactor_utilization": {
          "shard": "8",
          "value": 0.022078560000027281
        }
      },
      {
        "reactor_utilization": {
          "shard": "9",
          "value": 0.023401819999979701
        }
      },
      {
        "reactor_utilization": {
          "shard": "10",
          "value": 0.026334699999996936
        }
      },
      {
        "reactor_utilization": {
          "shard": "11",
          "value": 0.022858760000077361
        }
      },
      {
        "reactor_utilization": {
          "shard": "12",
          "value": 0.024080820000005332
        }
      },
      {
        "reactor_utilization": {
          "shard": "13",
          "value": 0.02337808000003605
        }
      },
      {
        "reactor_utilization": {
          "shard": "14",
          "value": 0.025032540000091696
        }
      },
      {
        "reactor_utilization": {
          "shard": "15",
          "value": 0.026474339999993379
        }
      },
      {
        "reactor_utilization": {
          "shard": "16",
          "value": 0.026064060000019484
        }
      },
      {
        "reactor_utilization": {
          "shard": "17",
          "value": 0.024201020000003126
        }
      },
      {
        "reactor_utilization": {
          "shard": "18",
          "value": 0.022734260000034645
        }
      },
      {
        "reactor_utilization": {
          "shard": "19",
          "value": 0.027743520000078625
        }
      },
      {
        "reactor_utilization": {
          "shard": "20",
          "value": 0.02709015999999842
        }
      },
      {
        "reactor_utilization": {
          "shard": "21",
          "value": 0.027853020000057072
        }
      },
      {
        "reactor_utilization": {
          "shard": "22",
          "value": 0.024365239999935007
        }
      },
      {
        "reactor_utilization": {
          "shard": "23",
          "value": 0.02589702000002081
        }
      },
      {
        "reactor_utilization": {
          "shard": "24",
          "value": 0.02393724000002706
        }
      },
      {
        "reactor_utilization": {
          "shard": "25",
          "value": 0.028472180000049807
        }
      },
      {
        "reactor_utilization": {
          "shard": "26",
          "value": 0.027266699999928257
        }
      },
      {
        "reactor_utilization": {
          "shard": "27",
          "value": 0.022356479999974255
        }
      }
    ]
  },
  {
    "metrics": [
      {
        "reactor_utilization": {
          "shard": "0",
          "value": 0.087945939999922729
        }
      },
      {
        "reactor_utilization": {
          "shard": "1",
          "value": 0.024293760000104747
        }
      },
      {
        "reactor_utilization": {
          "shard": "2",
          "value": 0.021755640000065135
        }
      },
      {
        "reactor_utilization": {
          "shard": "3",
          "value": 0.022400040000059018
        }
      },
      {
        "reactor_utilization": {
          "shard": "4",
          "value": 0.020645639999994359
        }
      },
      {
        "reactor_utilization": {
          "shard": "5",
          "value": 0.035604919999998597
        }
      },
      {
        "reactor_utilization": {
          "shard": "6",
          "value": 0.021362179999928621
        }
      },
      {
        "reactor_utilization": {
          "shard": "7",
          "value": 0.02195256000003809
        }
      },
      {
        "reactor_utilization": {
          "shard": "8",
          "value": 0.02121142000003351
        }
      },
      {
        "reactor_utilization": {
          "shard": "9",
          "value": 0.022758179999970984
        }
      },
      {
        "reactor_utilization": {
          "shard": "10",
          "value": 0.020974560000008857
        }
      },
      {
        "reactor_utilization": {
          "shard": "11",
          "value": 0.021354560000053091
        }
      },
      {
        "reactor_utilization": {
          "shard": "12",
          "value": 0.0204380000000004
        }
      },
      {
        "reactor_utilization": {
          "shard": "13",
          "value": 0.019807520000036938
        }
      },
      {
        "reactor_utilization": {
          "shard": "14",
          "value": 0.023506600000089417
        }
      },
      {
        "reactor_utilization": {
          "shard": "15",
          "value": 0.023336160000009265
        }
      },
      {
        "reactor_utilization": {
          "shard": "16",
          "value": 0.023563940000026484
        }
      },
      {
        "reactor_utilization": {
          "shard": "17",
          "value": 0.021131279999997421
        }
      },
      {
        "reactor_utilization": {
          "shard": "18",
          "value": 0.022950600000015697
        }
      },
      {
        "reactor_utilization": {
          "shard": "19",
          "value": 0.019248440000063649
        }
      },
      {
        "reactor_utilization": {
          "shard": "20",
          "value": 0.024132799999987409
        }
      },
      {
        "reactor_utilization": {
          "shard": "21",
          "value": 0.022723060000062745
        }
      },
      {
        "reactor_utilization": {
          "shard": "22",
          "value": 0.022017399999929577
        }
      },
      {
        "reactor_utilization": {
          "shard": "23",
          "value": 0.020770220000010386
        }
      },
      {
        "reactor_utilization": {
          "shard": "24",
          "value": 0.01951296000003433
        }
      },
      {
        "reactor_utilization": {
          "shard": "25",
          "value": 0.024379080000036524
        }
      },
      {
        "reactor_utilization": {
          "shard": "26",
          "value": 0.020536559999917436
        }
      },
      {
        "reactor_utilization": {
          "shard": "27",
          "value": 0.020540819999981252
        }
      }
    ]
  },
  {
    "metrics": [
      {
        "reactor_utilization": {
          "shard": "0",
          "value": 0.10004627999993243
        }
      },
      {
        "reactor_utilization": {
          "shard": "1",
          "value": 0.028091580000100258
        }
      },
      {
        "reactor_utilization": {
          "shard": "2",
          "value": 0.028638640000056004
        }
      },
      {
        "reactor_utilization": {
          "shard": "3",
          "value": 0.025985300000075373
        }
      },
      {
        "reactor_utilization": {
          "shard": "4",
          "value": 0.028608619999981322
        }
      },
      {
        "reactor_utilization": {
          "shard": "5",
          "value": 0.040227200000009233
        }
      },
      {
        "reactor_utilization": {
          "shard": "6",
          "value": 0.026527499999939863
        }
      },
      {
        "reactor_utilization": {
          "shard": "7",
          "value": 0.029359100000037053
        }
      },
      {
        "reactor_utilization": {
          "shard": "8",
          "value": 0.020783860000028742
        }
      },
      {
        "reactor_utilization": {
          "shard": "9",
          "value": 0.021922339999980167
        }
      },
      {
        "reactor_utilization": {
          "shard": "10",
          "value": 0.026783200000002338
        }
      },
      {
        "reactor_utilization": {
          "shard": "11",
          "value": 0.020238480000078773
        }
      },
      {
        "reactor_utilization": {
          "shard": "12",
          "value": 0.023592819999973536
        }
      },
      {
        "reactor_utilization": {
          "shard": "13",
          "value": 0.023937720000055673
        }
      },
      {
        "reactor_utilization": {
          "shard": "14",
          "value": 0.022459760000081985
        }
      },
      {
        "reactor_utilization": {
          "shard": "15",
          "value": 0.02430812000000504
        }
      },
      {
        "reactor_utilization": {
          "shard": "16",
          "value": 0.023095600000022642
        }
      },
      {
        "reactor_utilization": {
          "shard": "17",
          "value": 0.023942559999989843
        }
      },
      {
        "reactor_utilization": {
          "shard": "18",
          "value": 0.023052680000024139
        }
      },
      {
        "reactor_utilization": {
          "shard": "19",
          "value": 0.02836344000006763
        }
      },
      {
        "reactor_utilization": {
          "shard": "20",
          "value": 0.027752759999977172
        }
      },
      {
        "reactor_utilization": {
          "shard": "21",
          "value": 0.025790160000060958
        }
      },
      {
        "reactor_utilization": {
          "shard": "22",
          "value": 0.022897239999930541
        }
      },
      {
        "reactor_utilization": {
          "shard": "23",
          "value": 0.026364580000004523
        }
      },
      {
        "reactor_utilization": {
          "shard": "24",
          "value": 0.026583720000039612
        }
      },
      {
        "reactor_utilization": {
          "shard": "25",
          "value": 0.02752258000002783
        }
      },
      {
        "reactor_utilization": {
          "shard": "26",
          "value": 0.024398019999938292
        }
      },
      {
        "reactor_utilization": {
          "shard": "27",
          "value": 0.023677599999971655
        }
      }
    ]
  }
]
