{
    "0": {
        "memory_allocated_memory": -20054016.0,
        "memory_cross_cpu_free_operations": -8617.0,
        "memory_free_memory": 20054016.0,
        "memory_free_operations": 7995438.0,
        "memory_malloc_failed": 0.0,
        "memory_malloc_live_objects": 49003.0,
        "memory_malloc_operations": 8044441.0,
        "memory_reclaims_operations": 0.0,
        "memory_total_memory": 0.0,
        "reactor_cpu_busy_ms": 3215.0,
        "reactor_cpu_steal_time_ms": 201.0,
        "reactor_cpu_used_time_ms": 16315.0,
        "reactor_polls": 6375040.0,
        "reactor_sleep_time_ms_total": -93254.0,
        "reactor_utilization": -0.004389400000048838
    },
    "1": {
        "memory_allocated_memory": -65019904.0,
        "memory_cross_cpu_free_operations": -15378.0,
        "memory_free_memory": 65019904.0,
        "memory_free_operations": 7864258.0,
        "memory_malloc_failed": 0.0,
        "memory_malloc_live_objects": -9487.0,
        "memory_malloc_operations": 7854771.0,
        "memory_reclaims_operations": 0.0,
        "memory_total_memory": 0.0,
        "reactor_cpu_busy_ms": 3034.0,
        "reactor_cpu_steal_time_ms": 201.0,
        "reactor_cpu_used_time_ms": 15261.0,
        "reactor_polls": 6132292.0,
        "reactor_sleep_time_ms_total": -92203.0,
        "reactor_utilization": 0.004483799999954741
    },
    "2": {
        "memory_allocated_memory": 25153536.0,
        "memory_cross_cpu_free_operations": 21.0,
        "memory_free_memory": -25153536.0,
        "memory_free_operations": 8237490.0,
        "memory_malloc_failed": 0.0,
        "memory_malloc_live_objects": 19572.0,
        "memory_malloc_operations": 8257062.0,
        "memory_reclaims_operations": 0.0,
        "memory_total_memory": 0.0,
        "reactor_cpu_busy_ms": 3341.0,
        "reactor_cpu_steal_time_ms": 218.0,
        "reactor_cpu_used_time_ms": 16258.0,
        "reactor_polls": 6229973.0,
        "reactor_sleep_time_ms_total": -93208.0,
        "reactor_utilization": 0.0033383600001046787
    },
    "3": {
        "memory_allocated_memory": 28901376.0,
        "memory_cross_cpu_free_operations": 19.0,
        "memory_free_memory": -28901376.0,
        "memory_free_operations": 8682508.0,
        "memory_malloc_failed": 0.0,
        "memory_malloc_live_objects": 36835.0,
        "memory_malloc_operations": 8719343.0,
        "memory_reclaims_operations": 0.0,
        "memory_total_memory": 0.0,
        "reactor_cpu_busy_ms": 3739.0,
        "reactor_cpu_steal_time_ms": 245.0,
        "reactor_cpu_used_time_ms": 18201.0,
        "reactor_polls": 7695192.0,
        "reactor_sleep_time_ms_total": -95185.0,
        "reactor_utilization": 6.865999997440753e-05
    },
    "4": {
        "memory_allocated_memory": 27926528.0,
        "memory_cross_cpu_free_operations": 31.0,
        "memory_free_memory": -27926528.0,
        "memory_free_operations": 8796695.0,
        "memory_malloc_failed": 0.0,
        "memory_malloc_live_objects": 34998.0,
        "memory_malloc_operations": 8831693.0,
        "memory_reclaims_operations": 0.0,
        "memory_total_memory": 0.0,
        "reactor_cpu_busy_ms": 3759.0,
        "reactor_cpu_steal_time_ms": 245.0,
        "reactor_cpu_used_time_ms": 17648.0,
        "reactor_polls": 7259249.0,
        "reactor_sleep_time_ms_total": -94623.0,
        "reactor_utilization": -0.000369340000005991
    },
    "5": {
        "memory_allocated_memory": 21651456.0,
        "memory_cross_cpu_free_operations": 26.0,
        "memory_free_memory": -21651456.0,
        "memory_free_operations": 9042578.0,
        "memory_malloc_failed": 0.0,
        "memory_malloc_live_objects": 27634.0,
        "memory_malloc_operations": 9070212.0,
        "memory_reclaims_operations": 0.0,
        "memory_total_memory": 0.0,
        "reactor_cpu_busy_ms": 3704.0,
        "reactor_cpu_steal_time_ms": 256.0,
        "reactor_cpu_used_time_ms": 17980.0,
        "reactor_polls": 7381201.0,
        "reactor_sleep_time_ms_total": -94960.0,
        "reactor_utilization": -0.002934819999977911
    },
    "6": {
        "memory_allocated_memory": 14327808.0,
        "memory_cross_cpu_free_operations": 25.0,
        "memory_free_memory": -14327808.0,
        "memory_free_operations": 9443815.0,
        "memory_malloc_failed": 0.0,
        "memory_malloc_live_objects": 20302.0,
        "memory_malloc_operations": 9464117.0,
        "memory_reclaims_operations": 0.0,
        "memory_total_memory": 0.0,
        "reactor_cpu_busy_ms": 3685.0,
        "reactor_cpu_steal_time_ms": 248.0,
        "reactor_cpu_used_time_ms": 17661.0,
        "reactor_polls": 6884102.0,
        "reactor_sleep_time_ms_total": -94638.0,
        "reactor_utilization": 0.0015064799999353617
    },
    "7": {
        "memory_allocated_memory": 28581888.0,
        "memory_cross_cpu_free_operations": -102.0,
        "memory_free_memory": -28581888.0,
        "memory_free_operations": 8997670.0,
        "memory_malloc_failed": 0.0,
        "memory_malloc_live_objects": 33916.0,
        "memory_malloc_operations": 9031586.0,
        "memory_reclaims_operations": 0.0,
        "memory_total_memory": 0.0,
        "reactor_cpu_busy_ms": 3743.0,
        "reactor_cpu_steal_time_ms": 290.0,
        "reactor_cpu_used_time_ms": 16693.0,
        "reactor_polls": 6131547.0,
        "reactor_sleep_time_ms_total": -93729.0,
        "reactor_utilization": -0.006064320000009893
    },
    "8": {
        "memory_allocated_memory": 32837632.0,
        "memory_cross_cpu_free_operations": 35.0,
        "memory_free_memory": -32837632.0,
        "memory_free_operations": 9236207.0,
        "memory_malloc_failed": 0.0,
        "memory_malloc_live_objects": 38845.0,
        "memory_malloc_operations": 9275052.0,
        "memory_reclaims_operations": 0.0,
        "memory_total_memory": 0.0,
        "reactor_cpu_busy_ms": 3775.0,
        "reactor_cpu_steal_time_ms": 265.0,
        "reactor_cpu_used_time_ms": 18210.0,
        "reactor_polls": 7429454.0,
        "reactor_sleep_time_ms_total": -95200.0,
        "reactor_utilization": 0.0038952799999547594
    },
    "9": {
        "memory_allocated_memory": 30003200.0,
        "memory_cross_cpu_free_operations": 15.0,
        "memory_free_memory": -30003200.0,
        "memory_free_operations": 9118340.0,
        "memory_malloc_failed": 0.0,
        "memory_malloc_live_objects": 52572.0,
        "memory_malloc_operations": 9170912.0,
        "memory_reclaims_operations": 0.0,
        "memory_total_memory": 0.0,
        "reactor_cpu_busy_ms": 3885.0,
        "reactor_cpu_steal_time_ms": 264.0,
        "reactor_cpu_used_time_ms": 19643.0,
        "reactor_polls": 9022435.0,
        "reactor_sleep_time_ms_total": -96647.0,
        "reactor_utilization": 0.0019709999999451
    },
    "10": {
        "memory_allocated_memory": 24608768.0,
        "memory_cross_cpu_free_operations": 198.0,
        "memory_free_memory": -24608768.0,
        "memory_free_operations": 9082556.0,
        "memory_malloc_failed": 0.0,
        "memory_malloc_live_objects": 38384.0,
        "memory_malloc_operations": 9120940.0,
        "memory_reclaims_operations": 0.0,
        "memory_total_memory": 0.0,
        "reactor_cpu_busy_ms": 3733.0,
        "reactor_cpu_steal_time_ms": 240.0,
        "reactor_cpu_used_time_ms": 17520.0,
        "reactor_polls": 7093566.0,
        "reactor_sleep_time_ms_total": -94502.0,
        "reactor_utilization": 0.0007706599998935637
    },
    "11": {
        "memory_allocated_memory": 13135872.0,
        "memory_cross_cpu_free_operations": -2.0,
        "memory_free_memory": -13135872.0,
        "memory_free_operations": 6757502.0,
        "memory_malloc_failed": 0.0,
        "memory_malloc_live_objects": 17901.0,
        "memory_malloc_operations": 6775403.0,
        "memory_reclaims_operations": 0.0,
        "memory_total_memory": 0.0,
        "reactor_cpu_busy_ms": 2953.0,
        "reactor_cpu_steal_time_ms": 215.0,
        "reactor_cpu_used_time_ms": 14238.0,
        "reactor_polls": 5097145.0,
        "reactor_sleep_time_ms_total": -91174.0,
        "reactor_utilization": -0.002906220000031823
    },
    "12": {
        "memory_allocated_memory": 21897216.0,
        "memory_cross_cpu_free_operations": 52.0,
        "memory_free_memory": -21897216.0,
        "memory_free_operations": 8918890.0,
        "memory_malloc_failed": 0.0,
        "memory_malloc_live_objects": 18063.0,
        "memory_malloc_operations": 8936953.0,
        "memory_reclaims_operations": 0.0,
        "memory_total_memory": 0.0,
        "reactor_cpu_busy_ms": 3444.0,
        "reactor_cpu_steal_time_ms": 247.0,
        "reactor_cpu_used_time_ms": 16954.0,
        "reactor_polls": 6884054.0,
        "reactor_sleep_time_ms_total": -93933.0,
        "reactor_utilization": -0.0021885400000587474
    },
    "13": {
        "memory_allocated_memory": 28426240.0,
        "memory_cross_cpu_free_operations": 4.0,
        "memory_free_memory": -28426240.0,
        "memory_free_operations": 9209437.0,
        "memory_malloc_failed": 0.0,
        "memory_malloc_live_objects": 32882.0,
        "memory_malloc_operations": 9242319.0,
        "memory_reclaims_operations": 0.0,
        "memory_total_memory": 0.0,
        "reactor_cpu_busy_ms": 3526.0,
        "reactor_cpu_steal_time_ms": 236.0,
        "reactor_cpu_used_time_ms": 17584.0,
        "reactor_polls": 6947501.0,
        "reactor_sleep_time_ms_total": -94577.0,
        "reactor_utilization": -0.0007583600000304891
    },
    "14": {
        "memory_allocated_memory": 26128384.0,
        "memory_cross_cpu_free_operations": 15.0,
        "memory_free_memory": -26128384.0,
        "memory_free_operations": 8875507.0,
        "memory_malloc_failed": 0.0,
        "memory_malloc_live_objects": 37743.0,
        "memory_malloc_operations": 8913250.0,
        "memory_reclaims_operations": 0.0,
        "memory_total_memory": 0.0,
        "reactor_cpu_busy_ms": 3381.0,
        "reactor_cpu_steal_time_ms": 255.0,
        "reactor_cpu_used_time_ms": 17231.0,
        "reactor_polls": 6859057.0,
        "reactor_sleep_time_ms_total": -94224.0,
        "reactor_utilization": -0.002596359999929021
    },
    "15": {
        "memory_allocated_memory": 30105600.0,
        "memory_cross_cpu_free_operations": 36.0,
        "memory_free_memory": -30105600.0,
        "memory_free_operations": 9076976.0,
        "memory_malloc_failed": 0.0,
        "memory_malloc_live_objects": 32695.0,
        "memory_malloc_operations": 9109671.0,
        "memory_reclaims_operations": 0.0,
        "memory_total_memory": 0.0,
        "reactor_cpu_busy_ms": 3684.0,
        "reactor_cpu_steal_time_ms": 276.0,
        "reactor_cpu_used_time_ms": 17563.0,
        "reactor_polls": 6976464.0,
        "reactor_sleep_time_ms_total": -94560.0,
        "reactor_utilization": -0.003478519999988716
    },
    "16": {
        "memory_allocated_memory": 32182272.0,
        "memory_cross_cpu_free_operations": 18.0,
        "memory_free_memory": -32182272.0,
        "memory_free_operations": 9167331.0,
        "memory_malloc_failed": 0.0,
        "memory_malloc_live_objects": 50609.0,
        "memory_malloc_operations": 9217940.0,
        "memory_reclaims_operations": 0.0,
        "memory_total_memory": 0.0,
        "reactor_cpu_busy_ms": 3877.0,
        "reactor_cpu_steal_time_ms": 298.0,
        "reactor_cpu_used_time_ms": 19091.0,
        "reactor_polls": 8520970.0,
        "reactor_sleep_time_ms_total": -96122.0,
        "reactor_utilization": 0.0008169199999796817
    },
    "17": {
        "memory_allocated_memory": 19795968.0,
        "memory_cross_cpu_free_operations": 26.0,
        "memory_free_memory": -19795968.0,
        "memory_free_operations": 8400237.0,
        "memory_malloc_failed": 0.0,
        "memory_malloc_live_objects": 38433.0,
        "memory_malloc_operations": 8438670.0,
        "memory_reclaims_operations": 0.0,
        "memory_total_memory": 0.0,
        "reactor_cpu_busy_ms": 3275.0,
        "reactor_cpu_steal_time_ms": 246.0,
        "reactor_cpu_used_time_ms": 16427.0,
        "reactor_polls": 6571675.0,
        "reactor_sleep_time_ms_total": -93409.0,
        "reactor_utilization": -0.003129660000089629
    },
    "18": {
        "memory_allocated_memory": 27115520.0,
        "memory_cross_cpu_free_operations": 39.0,
        "memory_free_memory": -27115520.0,
        "memory_free_operations": 8694718.0,
        "memory_malloc_failed": 0.0,
        "memory_malloc_live_objects": 31529.0,
        "memory_malloc_operations": 8726247.0,
        "memory_reclaims_operations": 0.0,
        "memory_total_memory": 0.0,
        "reactor_cpu_busy_ms": 3299.0,
        "reactor_cpu_steal_time_ms": 256.0,
        "reactor_cpu_used_time_ms": 16389.0,
        "reactor_polls": 6416513.0,
        "reactor_sleep_time_ms_total": -93374.0,
        "reactor_utilization": 0.0051819199999525445
    },
    "19": {
        "memory_allocated_memory": 24698880.0,
        "memory_cross_cpu_free_operations": 17.0,
        "memory_free_memory": -24698880.0,
        "memory_free_operations": 8868365.0,
        "memory_malloc_failed": 0.0,
        "memory_malloc_live_objects": 26273.0,
        "memory_malloc_operations": 8894638.0,
        "memory_reclaims_operations": 0.0,
        "memory_total_memory": 0.0,
        "reactor_cpu_busy_ms": 3439.0,
        "reactor_cpu_steal_time_ms": 256.0,
        "reactor_cpu_used_time_ms": 16698.0,
        "reactor_polls": 6593800.0,
        "reactor_sleep_time_ms_total": -93688.0,
        "reactor_utilization": 0.002189640000149762
    },
    "20": {
        "memory_allocated_memory": 3256320.0,
        "memory_cross_cpu_free_operations": 32.0,
        "memory_free_memory": -3256320.0,
        "memory_free_operations": 8687920.0,
        "memory_malloc_failed": 0.0,
        "memory_malloc_live_objects": 53282.0,
        "memory_malloc_operations": 8741202.0,
        "memory_reclaims_operations": 0.0,
        "memory_total_memory": 0.0,
        "reactor_cpu_busy_ms": 3517.0,
        "reactor_cpu_steal_time_ms": 265.0,
        "reactor_cpu_used_time_ms": 17916.0,
        "reactor_polls": 7350423.0,
        "reactor_sleep_time_ms_total": -94921.0,
        "reactor_utilization": 0.005277860000008072
    },
    "21": {
        "memory_allocated_memory": -6225920.0,
        "memory_cross_cpu_free_operations": -507.0,
        "memory_free_memory": 6225920.0,
        "memory_free_operations": 7928954.0,
        "memory_malloc_failed": 0.0,
        "memory_malloc_live_objects": 23891.0,
        "memory_malloc_operations": 7952845.0,
        "memory_reclaims_operations": 0.0,
        "memory_total_memory": 0.0,
        "reactor_cpu_busy_ms": 3108.0,
        "reactor_cpu_steal_time_ms": 238.0,
        "reactor_cpu_used_time_ms": 15208.0,
        "reactor_polls": 5902144.0,
        "reactor_sleep_time_ms_total": -92175.0,
        "reactor_utilization": 0.006472020000070078
    },
    "22": {
        "memory_allocated_memory": 360448.0,
        "memory_cross_cpu_free_operations": 40.0,
        "memory_free_memory": -360448.0,
        "memory_free_operations": 8222633.0,
        "memory_malloc_failed": 0.0,
        "memory_malloc_live_objects": 35080.0,
        "memory_malloc_operations": 8257713.0,
        "memory_reclaims_operations": 0.0,
        "memory_total_memory": 0.0,
        "reactor_cpu_busy_ms": 3326.0,
        "reactor_cpu_steal_time_ms": 245.0,
        "reactor_cpu_used_time_ms": 15924.0,
        "reactor_polls": 5836915.0,
        "reactor_sleep_time_ms_total": -92903.0,
        "reactor_utilization": 0.007720659999999047
    },
    "23": {
        "memory_allocated_memory": 450560.0,
        "memory_cross_cpu_free_operations": 28.0,
        "memory_free_memory": -450560.0,
        "memory_free_operations": 8814595.0,
        "memory_malloc_failed": 0.0,
        "memory_malloc_live_objects": 50411.0,
        "memory_malloc_operations": 8865006.0,
        "memory_reclaims_operations": 0.0,
        "memory_total_memory": 0.0,
        "reactor_cpu_busy_ms": 3492.0,
        "reactor_cpu_steal_time_ms": 274.0,
        "reactor_cpu_used_time_ms": 18473.0,
        "reactor_polls": 7952140.0,
        "reactor_sleep_time_ms_total": -95480.0,
        "reactor_utilization": 0.005021379999992082
    },
    "24": {
        "memory_allocated_memory": 28688384.0,
        "memory_cross_cpu_free_operations": 33.0,
        "memory_free_memory": -28688384.0,
        "memory_free_operations": 9001425.0,
        "memory_malloc_failed": 0.0,
        "memory_malloc_live_objects": 48930.0,
        "memory_malloc_operations": 9050355.0,
        "memory_reclaims_operations": 0.0,
        "memory_total_memory": 0.0,
        "reactor_cpu_busy_ms": 3477.0,
        "reactor_cpu_steal_time_ms": 308.0,
        "reactor_cpu_used_time_ms": 18126.0,
        "reactor_polls": 7813434.0,
        "reactor_sleep_time_ms_total": -95149.0,
        "reactor_utilization": 0.003804520000039169
    },
    "25": {
        "memory_allocated_memory": 17260544.0,
        "memory_cross_cpu_free_operations": -16.0,
        "memory_free_memory": -17260544.0,
        "memory_free_operations": 8456864.0,
        "memory_malloc_failed": 0.0,
        "memory_malloc_live_objects": 39646.0,
        "memory_malloc_operations": 8496510.0,
        "memory_reclaims_operations": 0.0,
        "memory_total_memory": 0.0,
        "reactor_cpu_busy_ms": 3300.0,
        "reactor_cpu_steal_time_ms": 241.0,
        "reactor_cpu_used_time_ms": 16315.0,
        "reactor_polls": 6344305.0,
        "reactor_sleep_time_ms_total": -93292.0,
        "reactor_utilization": 0.0031618999999483144
    },
    "26": {
        "memory_allocated_memory": 1085440.0,
        "memory_cross_cpu_free_operations": -10.0,
        "memory_free_memory": -1085440.0,
        "memory_free_operations": 8563783.0,
        "memory_malloc_failed": 0.0,
        "memory_malloc_live_objects": 52879.0,
        "memory_malloc_operations": 8616662.0,
        "memory_reclaims_operations": 0.0,
        "memory_total_memory": 0.0,
        "reactor_cpu_busy_ms": 3429.0,
        "reactor_cpu_steal_time_ms": 269.0,
        "reactor_cpu_used_time_ms": 17491.0,
        "reactor_polls": 7033278.0,
        "reactor_sleep_time_ms_total": -94484.0,
        "reactor_utilization": 0.0004810800001031623
    },
    "27": {
        "memory_allocated_memory": 27541504.0,
        "memory_cross_cpu_free_operations": -25.0,
        "memory_free_memory": -27541504.0,
        "memory_free_operations": 8844092.0,
        "memory_malloc_failed": 0.0,
        "memory_malloc_live_objects": 37931.0,
        "memory_malloc_operations": 8882023.0,
        "memory_reclaims_operations": 0.0,
        "memory_total_memory": 0.0,
        "reactor_cpu_busy_ms": 3444.0,
        "reactor_cpu_steal_time_ms": 254.0,
        "reactor_cpu_used_time_ms": 16925.0,
        "reactor_polls": 6608171.0,
        "reactor_sleep_time_ms_total": -93913.0,
        "reactor_utilization": 0.002068880000072326
    }
}