{
  "fio version" : "fio-3.39-26-ga72fe",
  "timestamp" : 1751307158,
  "timestamp_ms" : 1751307158594,
  "time" : "Mon Jun 30 18:12:38 2025",
  "global options" : {
    "ioengine" : "rbd",
    "bs" : "4k",
    "rw" : "randwrite",
    "direct" : "1",
    "runtime" : "5m",
    "time_based" : "",
    "group_reporting" : "",
    "ramp_time" : "30s",
    "thread" : "1",
    "iodepth" : "128",
    "latency_target" : "10000",
    "latency_window" : "5m",
    "latency_percentile" : "99.9",
    "random_generator" : "lfsr",
    "clientname" : "admin",
    "pool" : "rbd"
  },
  "jobs" : [
    {
      "jobname" : "fio_test_0",
      "groupid" : 0,
      "job_start" : 1751306858462,
      "error" : 0,
      "eta" : 0,
      "elapsed" : 331,
      "job options" : {
        "max_latency" : "1s",
        "rbdname" : "fio_test_27"
      },
      "read" : {
        "io_bytes" : 0,
        "io_kbytes" : 0,
        "bw_bytes" : 0,
        "bw" : 0,
        "iops" : 0.000000,
        "runtime" : 0,
        "total_ios" : 0,
        "short_ios" : 0,
        "drop_ios" : 0,
        "slat_ns" : {
          "min" : 0,
          "max" : 0,
          "mean" : 0.000000,
          "stddev" : 0.000000,
          "N" : 0
        },
        "clat_ns" : {
          "min" : 0,
          "max" : 0,
          "mean" : 0.000000,
          "stddev" : 0.000000,
          "N" : 0
        },
        "lat_ns" : {
          "min" : 0,
          "max" : 0,
          "mean" : 0.000000,
          "stddev" : 0.000000,
          "N" : 0
        },
        "bw_min" : 0,
        "bw_max" : 0,
        "bw_agg" : 0.000000,
        "bw_mean" : 0.000000,
        "bw_dev" : 0.000000,
        "bw_samples" : 0,
        "iops_min" : 0,
        "iops_max" : 0,
        "iops_mean" : 0.000000,
        "iops_stddev" : 0.000000,
        "iops_samples" : 0
      },
      "write" : {
        "io_bytes" : 16879841280,
        "io_kbytes" : 16484220,
        "bw_bytes" : 56265387,
        "bw" : 54946,
        "iops" : 13736.663511,
        "runtime" : 300004,
        "total_ios" : 4121054,
        "short_ios" : 0,
        "drop_ios" : 0,
        "slat_ns" : {
          "min" : 1861,
          "max" : 421327,
          "mean" : 7560.868279,
          "stddev" : 5052.964181,
          "N" : 4121055
        },
        "clat_ns" : {
          "min" : 288931,
          "max" : 66467822,
          "mean" : 2028561.045423,
          "stddev" : 1980707.835380,
          "N" : 4121054,
          "percentile" : {
            "1.000000" : 411648,
            "5.000000" : 493568,
            "10.000000" : 593920,
            "20.000000" : 782336,
            "30.000000" : 978944,
            "40.000000" : 1204224,
            "50.000000" : 1466368,
            "60.000000" : 1744896,
            "70.000000" : 2113536,
            "80.000000" : 2768896,
            "90.000000" : 4112384,
            "95.000000" : 5668864,
            "99.000000" : 9240576,
            "99.500000" : 11337728,
            "99.900000" : 19791872,
            "99.950000" : 25296896,
            "99.990000" : 36962304
          }
        },
        "lat_ns" : {
          "min" : 291793,
          "max" : 66473669,
          "mean" : 2036121.912017,
          "stddev" : 1980882.295731,
          "N" : 4121054
        },
        "bw_min" : 41559,
        "bw_max" : 66236,
        "bw_agg" : 100.000000,
        "bw_mean" : 54971.218759,
        "bw_dev" : 133.263677,
        "bw_samples" : 16777,
        "iops_min" : 10388,
        "iops_max" : 16559,
        "iops_mean" : 13742.348854,
        "iops_stddev" : 33.327795,
        "iops_samples" : 16777
      },
      "trim" : {
        "io_bytes" : 0,
        "io_kbytes" : 0,
        "bw_bytes" : 0,
        "bw" : 0,
        "iops" : 0.000000,
        "runtime" : 0,
        "total_ios" : 0,
        "short_ios" : 0,
        "drop_ios" : 0,
        "slat_ns" : {
          "min" : 0,
          "max" : 0,
          "mean" : 0.000000,
          "stddev" : 0.000000,
          "N" : 0
        },
        "clat_ns" : {
          "min" : 0,
          "max" : 0,
          "mean" : 0.000000,
          "stddev" : 0.000000,
          "N" : 0
        },
        "lat_ns" : {
          "min" : 0,
          "max" : 0,
          "mean" : 0.000000,
          "stddev" : 0.000000,
          "N" : 0
        },
        "bw_min" : 0,
        "bw_max" : 0,
        "bw_agg" : 0.000000,
        "bw_mean" : 0.000000,
        "bw_dev" : 0.000000,
        "bw_samples" : 0,
        "iops_min" : 0,
        "iops_max" : 0,
        "iops_mean" : 0.000000,
        "iops_stddev" : 0.000000,
        "iops_samples" : 0
      },
      "sync" : {
        "total_ios" : 0,
        "lat_ns" : {
          "min" : 0,
          "max" : 0,
          "mean" : 0.000000,
          "stddev" : 0.000000,
          "N" : 0
        }
      },
      "job_runtime" : 8400017,
      "usr_cpu" : 0.561118,
      "sys_cpu" : 0.392809,
      "ctx" : 4122040,
      "majf" : 0,
      "minf" : 2587,
      "iodepth_level" : {
        "1" : 100.000000,
        "2" : 0.000000,
        "4" : 0.000000,
        "8" : 0.000000,
        "16" : 0.000000,
        "32" : 0.000000,
        ">=64" : 0.000000
      },
      "iodepth_submit" : {
        "0" : 0.000000,
        "4" : 100.000000,
        "8" : 0.000000,
        "16" : 0.000000,
        "32" : 0.000000,
        "64" : 0.000000,
        ">=64" : 0.000000
      },
      "iodepth_complete" : {
        "0" : 0.000000,
        "4" : 100.000000,
        "8" : 0.000000,
        "16" : 0.000000,
        "32" : 0.000000,
        "64" : 0.000000,
        ">=64" : 0.000000
      },
      "latency_ns" : {
        "2" : 0.000000,
        "4" : 0.000000,
        "10" : 0.000000,
        "20" : 0.000000,
        "50" : 0.000000,
        "100" : 0.000000,
        "250" : 0.000000,
        "500" : 0.000000,
        "750" : 0.000000,
        "1000" : 0.000000
      },
      "latency_us" : {
        "2" : 0.000000,
        "4" : 0.000000,
        "10" : 0.000000,
        "20" : 0.000000,
        "50" : 0.000000,
        "100" : 0.000000,
        "250" : 0.000000,
        "500" : 5.372339,
        "750" : 12.710146,
        "1000" : 13.087647
      },
      "latency_ms" : {
        "2" : 35.859467,
        "4" : 22.410772,
        "10" : 9.795091,
        "20" : 0.665776,
        "50" : 0.097499,
        "100" : 0.010000,
        "250" : 0.000000,
        "500" : 0.000000,
        "750" : 0.000000,
        "1000" : 0.000000,
        "2000" : 0.000000,
        ">=2000" : 0.000000
      },
      "latency_depth" : 1,
      "latency_target" : 10000000,
      "latency_percentile" : 99.900000,
      "latency_window" : 300000000
    }
  ],
  "disk_util" : [
    {
      "name" : "sda",
      "read_ios" : 0,
      "write_ios" : 8854,
      "read_sectors" : 0,
      "write_sectors" : 5282744,
      "read_merges" : 0,
      "write_merges" : 5523,
      "read_ticks" : 0,
      "write_ticks" : 33658,
      "in_queue" : 33701,
      "util" : 1.575295
    }
  ]
}
