{
    "metrics": [
        {
            "reactor_utilization": {
                "shard": "0",
                "value": 75.602174339999962
            }
        },
        {
            "reactor_utilization": {
                "shard": "1",
                "value": 77.692027320000093
            }
        },
        {
            "reactor_utilization": {
                "shard": "2",
                "value": 74.010840300000041
            }
        },
        {
            "reactor_utilization": {
                "shard": "3",
                "value": 74.654155099999969
            }
        },
        {
            "reactor_utilization": {
                "shard": "4",
                "value": 72.014298819999979
            }
        },
        {
            "reactor_utilization": {
                "shard": "5",
                "value": 77.077864360000063
            }
        },
        {
            "reactor_utilization": {
                "shard": "6",
                "value": 73.089785780000099
            }
        },
        {
            "reactor_utilization": {
                "shard": "7",
                "value": 71.217326260000064
            }
        }
    ]
}
{
    "metrics": [
        {
            "reactor_utilization": {
                "shard": "0",
                "value": 73.416624719999945
            }
        },
        {
            "reactor_utilization": {
                "shard": "1",
                "value": 78.179284840000079
            }
        },
        {
            "reactor_utilization": {
                "shard": "2",
                "value": 73.287567140000036
            }
        },
        {
            "reactor_utilization": {
                "shard": "3",
                "value": 74.785799139999966
            }
        },
        {
            "reactor_utilization": {
                "shard": "4",
                "value": 73.25116349999999
            }
        },
        {
            "reactor_utilization": {
                "shard": "5",
                "value": 76.414378980000052
            }
        },
        {
            "reactor_utilization": {
                "shard": "6",
                "value": 71.746832640000108
            }
        },
        {
            "reactor_utilization": {
                "shard": "7",
                "value": 72.774902380000057
            }
        }
    ]
}
{
    "metrics": [
        {
            "reactor_utilization": {
                "shard": "0",
                "value": 73.379701619999949
            }
        },
        {
            "reactor_utilization": {
                "shard": "1",
                "value": 75.694634640000075
            }
        },
        {
            "reactor_utilization": {
                "shard": "2",
                "value": 72.839096140000038
            }
        },
        {
            "reactor_utilization": {
                "shard": "3",
                "value": 74.465870639999963
            }
        },
        {
            "reactor_utilization": {
                "shard": "4",
                "value": 71.855422719999979
            }
        },
        {
            "reactor_utilization": {
                "shard": "5",
                "value": 75.632584380000054
            }
        },
        {
            "reactor_utilization": {
                "shard": "6",
                "value": 71.843148320000111
            }
        },
        {
            "reactor_utilization": {
                "shard": "7",
                "value": 70.802736240000058
            }
        }
    ]
}
{
    "metrics": [
        {
            "reactor_utilization": {
                "shard": "0",
                "value": 72.023252919999962
            }
        },
        {
            "reactor_utilization": {
                "shard": "1",
                "value": 75.581828080000093
            }
        },
        {
            "reactor_utilization": {
                "shard": "2",
                "value": 72.921446560000035
            }
        },
        {
            "reactor_utilization": {
                "shard": "3",
                "value": 74.001451759999966
            }
        },
        {
            "reactor_utilization": {
                "shard": "4",
                "value": 69.921314639999991
            }
        },
        {
            "reactor_utilization": {
                "shard": "5",
                "value": 76.401572140000056
            }
        },
        {
            "reactor_utilization": {
                "shard": "6",
                "value": 71.416126380000108
            }
        },
        {
            "reactor_utilization": {
                "shard": "7",
                "value": 69.805634760000061
            }
        }
    ]
}
{
    "metrics": [
        {
            "reactor_utilization": {
                "shard": "0",
                "value": 73.174197619999944
            }
        },
        {
            "reactor_utilization": {
                "shard": "1",
                "value": 77.285290120000099
            }
        },
        {
            "reactor_utilization": {
                "shard": "2",
                "value": 72.568211040000037
            }
        },
        {
            "reactor_utilization": {
                "shard": "3",
                "value": 74.233388159999961
            }
        },
        {
            "reactor_utilization": {
                "shard": "4",
                "value": 71.468907659999985
            }
        },
        {
            "reactor_utilization": {
                "shard": "5",
                "value": 75.898715320000051
            }
        },
        {
            "reactor_utilization": {
                "shard": "6",
                "value": 70.901840640000117
            }
        },
        {
            "reactor_utilization": {
                "shard": "7",
                "value": 69.275992780000067
            }
        }
    ]
}
{
    "metrics": [
        {
            "reactor_utilization": {
                "shard": "0",
                "value": 73.560209799999953
            }
        },
        {
            "reactor_utilization": {
                "shard": "1",
                "value": 76.291541080000087
            }
        },
        {
            "reactor_utilization": {
                "shard": "2",
                "value": 72.38217642000005
            }
        },
        {
            "reactor_utilization": {
                "shard": "3",
                "value": 72.816783819999969
            }
        },
        {
            "reactor_utilization": {
                "shard": "4",
                "value": 71.069341639999976
            }
        },
        {
            "reactor_utilization": {
                "shard": "5",
                "value": 75.980443880000053
            }
        },
        {
            "reactor_utilization": {
                "shard": "6",
                "value": 71.533651060000111
            }
        },
        {
            "reactor_utilization": {
                "shard": "7",
                "value": 70.136938000000058
            }
        }
    ]
}
{
    "metrics": [
        {
            "reactor_utilization": {
                "shard": "0",
                "value": 73.318498339999948
            }
        },
        {
            "reactor_utilization": {
                "shard": "1",
                "value": 75.627111480000082
            }
        },
        {
            "reactor_utilization": {
                "shard": "2",
                "value": 71.801490800000039
            }
        },
        {
            "reactor_utilization": {
                "shard": "3",
                "value": 74.664128219999967
            }
        },
        {
            "reactor_utilization": {
                "shard": "4",
                "value": 71.160353679999972
            }
        },
        {
            "reactor_utilization": {
                "shard": "5",
                "value": 75.351532040000052
            }
        },
        {
            "reactor_utilization": {
                "shard": "6",
                "value": 71.259290220000111
            }
        },
        {
            "reactor_utilization": {
                "shard": "7",
                "value": 71.18270076000006
            }
        }
    ]
}
{
    "metrics": [
        {
            "reactor_utilization": {
                "shard": "0",
                "value": 73.236483999999948
            }
        },
        {
            "reactor_utilization": {
                "shard": "1",
                "value": 76.545120260000076
            }
        },
        {
            "reactor_utilization": {
                "shard": "2",
                "value": 73.129739880000045
            }
        },
        {
            "reactor_utilization": {
                "shard": "3",
                "value": 73.994346439999958
            }
        },
        {
            "reactor_utilization": {
                "shard": "4",
                "value": 70.688544319999977
            }
        },
        {
            "reactor_utilization": {
                "shard": "5",
                "value": 75.514539000000042
            }
        },
        {
            "reactor_utilization": {
                "shard": "6",
                "value": 71.655545760000109
            }
        },
        {
            "reactor_utilization": {
                "shard": "7",
                "value": 69.616943860000063
            }
        }
    ]
}
{
    "metrics": [
        {
            "reactor_utilization": {
                "shard": "0",
                "value": 72.507208879999951
            }
        },
        {
            "reactor_utilization": {
                "shard": "1",
                "value": 76.674091120000071
            }
        },
        {
            "reactor_utilization": {
                "shard": "2",
                "value": 72.118101640000049
            }
        },
        {
            "reactor_utilization": {
                "shard": "3",
                "value": 74.093386699999968
            }
        },
        {
            "reactor_utilization": {
                "shard": "4",
                "value": 71.13424695999997
            }
        },
        {
            "reactor_utilization": {
                "shard": "5",
                "value": 75.229092780000045
            }
        },
        {
            "reactor_utilization": {
                "shard": "6",
                "value": 71.9320865400001
            }
        },
        {
            "reactor_utilization": {
                "shard": "7",
                "value": 70.407921140000056
            }
        }
    ]
}
{
    "metrics": [
        {
            "reactor_utilization": {
                "shard": "0",
                "value": 72.787528679999937
            }
        },
        {
            "reactor_utilization": {
                "shard": "1",
                "value": 76.093986340000072
            }
        },
        {
            "reactor_utilization": {
                "shard": "2",
                "value": 72.994823980000035
            }
        },
        {
            "reactor_utilization": {
                "shard": "3",
                "value": 73.218724299999963
            }
        },
        {
            "reactor_utilization": {
                "shard": "4",
                "value": 71.904766759999973
            }
        },
        {
            "reactor_utilization": {
                "shard": "5",
                "value": 75.814548080000051
            }
        },
        {
            "reactor_utilization": {
                "shard": "6",
                "value": 71.841030220000107
            }
        },
        {
            "reactor_utilization": {
                "shard": "7",
                "value": 70.170468200000059
            }
        }
    ]
}
{
    "metrics": [
        {
            "reactor_utilization": {
                "shard": "0",
                "value": 73.499232679999935
            }
        },
        {
            "reactor_utilization": {
                "shard": "1",
                "value": 76.696638200000081
            }
        },
        {
            "reactor_utilization": {
                "shard": "2",
                "value": 73.513228920000046
            }
        },
        {
            "reactor_utilization": {
                "shard": "3",
                "value": 73.584693739999963
            }
        },
        {
            "reactor_utilization": {
                "shard": "4",
                "value": 70.853675779999975
            }
        },
        {
            "reactor_utilization": {
                "shard": "5",
                "value": 76.788196520000042
            }
        },
        {
            "reactor_utilization": {
                "shard": "6",
                "value": 72.266529980000101
            }
        },
        {
            "reactor_utilization": {
                "shard": "7",
                "value": 70.26785380000004
            }
        }
    ]
}
{
    "metrics": [
        {
            "reactor_utilization": {
                "shard": "0",
                "value": 72.569687439999939
            }
        },
        {
            "reactor_utilization": {
                "shard": "1",
                "value": 76.402012140000068
            }
        },
        {
            "reactor_utilization": {
                "shard": "2",
                "value": 73.323817740000038
            }
        },
        {
            "reactor_utilization": {
                "shard": "3",
                "value": 73.204393779999961
            }
        },
        {
            "reactor_utilization": {
                "shard": "4",
                "value": 71.834491539999973
            }
        },
        {
            "reactor_utilization": {
                "shard": "5",
                "value": 75.735272060000042
            }
        },
        {
            "reactor_utilization": {
                "shard": "6",
                "value": 71.527418520000097
            }
        },
        {
            "reactor_utilization": {
                "shard": "7",
                "value": 70.634904440000042
            }
        }
    ]
}
{
    "metrics": [
        {
            "reactor_utilization": {
                "shard": "0",
                "value": 73.100493479999955
            }
        },
        {
            "reactor_utilization": {
                "shard": "1",
                "value": 75.892862140000076
            }
        },
        {
            "reactor_utilization": {
                "shard": "2",
                "value": 72.808435240000037
            }
        },
        {
            "reactor_utilization": {
                "shard": "3",
                "value": 74.748333819999942
            }
        },
        {
            "reactor_utilization": {
                "shard": "4",
                "value": 71.355941079999965
            }
        },
        {
            "reactor_utilization": {
                "shard": "5",
                "value": 75.895558640000047
            }
        },
        {
            "reactor_utilization": {
                "shard": "6",
                "value": 72.265167260000098
            }
        },
        {
            "reactor_utilization": {
                "shard": "7",
                "value": 69.637333000000041
            }
        }
    ]
}
{
    "metrics": [
        {
            "reactor_utilization": {
                "shard": "0",
                "value": 71.843410979999959
            }
        },
        {
            "reactor_utilization": {
                "shard": "1",
                "value": 75.412405100000072
            }
        },
        {
            "reactor_utilization": {
                "shard": "2",
                "value": 72.629914240000033
            }
        },
        {
            "reactor_utilization": {
                "shard": "3",
                "value": 74.506598599999947
            }
        },
        {
            "reactor_utilization": {
                "shard": "4",
                "value": 70.35620327999996
            }
        },
        {
            "reactor_utilization": {
                "shard": "5",
                "value": 75.305048980000038
            }
        },
        {
            "reactor_utilization": {
                "shard": "6",
                "value": 72.032443400000091
            }
        },
        {
            "reactor_utilization": {
                "shard": "7",
                "value": 69.977206440000046
            }
        }
    ]
}
{
    "metrics": [
        {
            "reactor_utilization": {
                "shard": "0",
                "value": 73.256863319999937
            }
        },
        {
            "reactor_utilization": {
                "shard": "1",
                "value": 76.588819600000079
            }
        },
        {
            "reactor_utilization": {
                "shard": "2",
                "value": 73.434591480000037
            }
        },
        {
            "reactor_utilization": {
                "shard": "3",
                "value": 74.504212579999944
            }
        },
        {
            "reactor_utilization": {
                "shard": "4",
                "value": 72.001165339999972
            }
        },
        {
            "reactor_utilization": {
                "shard": "5",
                "value": 75.334403140000035
            }
        },
        {
            "reactor_utilization": {
                "shard": "6",
                "value": 72.458357860000106
            }
        },
        {
            "reactor_utilization": {
                "shard": "7",
                "value": 70.243240300000053
            }
        }
    ]
}
{
    "metrics": [
        {
            "reactor_utilization": {
                "shard": "0",
                "value": 71.612634299999954
            }
        },
        {
            "reactor_utilization": {
                "shard": "1",
                "value": 76.529382620000064
            }
        },
        {
            "reactor_utilization": {
                "shard": "2",
                "value": 72.932793620000027
            }
        },
        {
            "reactor_utilization": {
                "shard": "3",
                "value": 73.481314939999947
            }
        },
        {
            "reactor_utilization": {
                "shard": "4",
                "value": 71.256377679999972
            }
        },
        {
            "reactor_utilization": {
                "shard": "5",
                "value": 75.774387100000041
            }
        },
        {
            "reactor_utilization": {
                "shard": "6",
                "value": 71.962669240000096
            }
        },
        {
            "reactor_utilization": {
                "shard": "7",
                "value": 70.11158314000005
            }
        }
    ]
}
{
    "metrics": [
        {
            "reactor_utilization": {
                "shard": "0",
                "value": 71.85552301999995
            }
        },
        {
            "reactor_utilization": {
                "shard": "1",
                "value": 75.825283040000073
            }
        },
        {
            "reactor_utilization": {
                "shard": "2",
                "value": 71.881723120000032
            }
        },
        {
            "reactor_utilization": {
                "shard": "3",
                "value": 72.978833179999953
            }
        },
        {
            "reactor_utilization": {
                "shard": "4",
                "value": 72.079287419999957
            }
        },
        {
            "reactor_utilization": {
                "shard": "5",
                "value": 74.730529020000034
            }
        },
        {
            "reactor_utilization": {
                "shard": "6",
                "value": 71.8105530200001
            }
        },
        {
            "reactor_utilization": {
                "shard": "7",
                "value": 69.416869100000056
            }
        }
    ]
}
{
    "metrics": [
        {
            "reactor_utilization": {
                "shard": "0",
                "value": 71.745784139999941
            }
        },
        {
            "reactor_utilization": {
                "shard": "1",
                "value": 75.098623760000066
            }
        },
        {
            "reactor_utilization": {
                "shard": "2",
                "value": 70.251837860000023
            }
        },
        {
            "reactor_utilization": {
                "shard": "3",
                "value": 74.075450979999957
            }
        },
        {
            "reactor_utilization": {
                "shard": "4",
                "value": 71.332853679999971
            }
        },
        {
            "reactor_utilization": {
                "shard": "5",
                "value": 75.219011220000027
            }
        },
        {
            "reactor_utilization": {
                "shard": "6",
                "value": 71.365360440000103
            }
        },
        {
            "reactor_utilization": {
                "shard": "7",
                "value": 70.445474980000043
            }
        }
    ]
}
{
    "metrics": [
        {
            "reactor_utilization": {
                "shard": "0",
                "value": 71.645989799999938
            }
        },
        {
            "reactor_utilization": {
                "shard": "1",
                "value": 74.619300640000063
            }
        },
        {
            "reactor_utilization": {
                "shard": "2",
                "value": 72.454677340000018
            }
        },
        {
            "reactor_utilization": {
                "shard": "3",
                "value": 72.999165179999963
            }
        },
        {
            "reactor_utilization": {
                "shard": "4",
                "value": 70.747126139999963
            }
        },
        {
            "reactor_utilization": {
                "shard": "5",
                "value": 74.68741306000004
            }
        },
        {
            "reactor_utilization": {
                "shard": "6",
                "value": 71.733356720000103
            }
        },
        {
            "reactor_utilization": {
                "shard": "7",
                "value": 70.315156560000048
            }
        }
    ]
}
{
    "metrics": [
        {
            "reactor_utilization": {
                "shard": "0",
                "value": 71.794493479999929
            }
        },
        {
            "reactor_utilization": {
                "shard": "1",
                "value": 75.724135600000068
            }
        },
        {
            "reactor_utilization": {
                "shard": "2",
                "value": 72.369018640000021
            }
        },
        {
            "reactor_utilization": {
                "shard": "3",
                "value": 73.745802639999951
            }
        },
        {
            "reactor_utilization": {
                "shard": "4",
                "value": 71.113558419999961
            }
        },
        {
            "reactor_utilization": {
                "shard": "5",
                "value": 76.062705480000034
            }
        },
        {
            "reactor_utilization": {
                "shard": "6",
                "value": 70.485269600000095
            }
        },
        {
            "reactor_utilization": {
                "shard": "7",
                "value": 69.276669400000046
            }
        }
    ]
}
{
    "metrics": [
        {
            "reactor_utilization": {
                "shard": "0",
                "value": 72.269399919999927
            }
        },
        {
            "reactor_utilization": {
                "shard": "1",
                "value": 75.352493520000067
            }
        },
        {
            "reactor_utilization": {
                "shard": "2",
                "value": 72.573802080000021
            }
        },
        {
            "reactor_utilization": {
                "shard": "3",
                "value": 73.146253439999953
            }
        },
        {
            "reactor_utilization": {
                "shard": "4",
                "value": 71.571875339999963
            }
        },
        {
            "reactor_utilization": {
                "shard": "5",
                "value": 75.720914080000028
            }
        },
        {
            "reactor_utilization": {
                "shard": "6",
                "value": 73.023283520000092
            }
        },
        {
            "reactor_utilization": {
                "shard": "7",
                "value": 70.548427040000036
            }
        }
    ]
}
{
    "metrics": [
        {
            "reactor_utilization": {
                "shard": "0",
                "value": 70.692395519999934
            }
        },
        {
            "reactor_utilization": {
                "shard": "1",
                "value": 75.718595400000069
            }
        },
        {
            "reactor_utilization": {
                "shard": "2",
                "value": 71.294061900000031
            }
        },
        {
            "reactor_utilization": {
                "shard": "3",
                "value": 73.000755559999945
            }
        },
        {
            "reactor_utilization": {
                "shard": "4",
                "value": 71.475301879999961
            }
        },
        {
            "reactor_utilization": {
                "shard": "5",
                "value": 75.395237080000044
            }
        },
        {
            "reactor_utilization": {
                "shard": "6",
                "value": 70.2364597400001
            }
        },
        {
            "reactor_utilization": {
                "shard": "7",
                "value": 69.59800960000004
            }
        }
    ]
}
{
    "metrics": [
        {
            "reactor_utilization": {
                "shard": "0",
                "value": 71.510069499999915
            }
        },
        {
            "reactor_utilization": {
                "shard": "1",
                "value": 75.817690960000064
            }
        },
        {
            "reactor_utilization": {
                "shard": "2",
                "value": 71.911789680000027
            }
        },
        {
            "reactor_utilization": {
                "shard": "3",
                "value": 73.390530679999955
            }
        },
        {
            "reactor_utilization": {
                "shard": "4",
                "value": 71.369291199999978
            }
        },
        {
            "reactor_utilization": {
                "shard": "5",
                "value": 75.796976800000039
            }
        },
        {
            "reactor_utilization": {
                "shard": "6",
                "value": 70.939001520000105
            }
        },
        {
            "reactor_utilization": {
                "shard": "7",
                "value": 69.197562880000035
            }
        }
    ]
}
{
    "metrics": [
        {
            "reactor_utilization": {
                "shard": "0",
                "value": 71.617087279999907
            }
        },
        {
            "reactor_utilization": {
                "shard": "1",
                "value": 74.99700330000006
            }
        },
        {
            "reactor_utilization": {
                "shard": "2",
                "value": 71.939119680000033
            }
        },
        {
            "reactor_utilization": {
                "shard": "3",
                "value": 73.604884119999952
            }
        },
        {
            "reactor_utilization": {
                "shard": "4",
                "value": 70.569346479999979
            }
        },
        {
            "reactor_utilization": {
                "shard": "5",
                "value": 74.388581740000035
            }
        },
        {
            "reactor_utilization": {
                "shard": "6",
                "value": 71.174943520000085
            }
        },
        {
            "reactor_utilization": {
                "shard": "7",
                "value": 69.500162980000042
            }
        }
    ]
}
