[
    {
        "FIO": {
            "cpu": {
                "data": [
                    166.0366666666688
                ],
                "index": 1,
                "time": [
                    "18:09:16"
                ],
                "total": 170.0999999999998
            },
            "mem": {
                "data": [
                    0.0
                ],
                "index": 1,
                "time": [
                    "18:09:16"
                ],
                "total": 0.0
            }
        },
        "OSD": {
            "cpu": {
                "data": [
                    726.3133333333343
                ],
                "index": 1,
                "time": [
                    "18:09:16"
                ],
                "total": 744.5999999999999
            },
            "mem": {
                "data": [
                    125.28000000000142
                ],
                "index": 1,
                "time": [
                    "18:09:16"
                ],
                "total": 129.60000000000005
            }
        }
    }
]