{
  "fio version" : "fio-3.39-26-ga72fe",
  "timestamp" : 1750881168,
  "timestamp_ms" : 1750881168855,
  "time" : "Wed Jun 25 19:52:48 2025",
  "global options" : {
    "ioengine" : "rbd",
    "bs" : "64k",
    "rw" : "write",
    "direct" : "1",
    "runtime" : "5m",
    "time_based" : "",
    "group_reporting" : "",
    "ramp_time" : "30s",
    "thread" : "1",
    "iodepth" : "64",
    "clientname" : "admin",
    "pool" : "rbd"
  },
  "jobs" : [
    {
      "jobname" : "fio_test_0",
      "groupid" : 0,
      "job_start" : 1750880868684,
      "error" : 110,
      "eta" : 0,
      "elapsed" : 331,
      "job options" : {
        "max_latency" : "1s",
        "numjobs" : "1",
        "rbdname" : "fio_test_31"
      },
      "read" : {
        "io_bytes" : 0,
        "io_kbytes" : 0,
        "bw_bytes" : 0,
        "bw" : 0,
        "iops" : 0.000000,
        "runtime" : 0,
        "total_ios" : 0,
        "short_ios" : 0,
        "drop_ios" : 0,
        "slat_ns" : {
          "min" : 0,
          "max" : 0,
          "mean" : 0.000000,
          "stddev" : 0.000000,
          "N" : 0
        },
        "clat_ns" : {
          "min" : 0,
          "max" : 0,
          "mean" : 0.000000,
          "stddev" : 0.000000,
          "N" : 0
        },
        "lat_ns" : {
          "min" : 0,
          "max" : 0,
          "mean" : 0.000000,
          "stddev" : 0.000000,
          "N" : 0
        },
        "bw_min" : 0,
        "bw_max" : 0,
        "bw_agg" : 0.000000,
        "bw_mean" : 0.000000,
        "bw_dev" : 0.000000,
        "bw_samples" : 0,
        "iops_min" : 0,
        "iops_max" : 0,
        "iops_mean" : 0.000000,
        "iops_stddev" : 0.000000,
        "iops_samples" : 0
      },
      "write" : {
        "io_bytes" : 254571380736,
        "io_kbytes" : 248604864,
        "bw_bytes" : 848387451,
        "bw" : 828503,
        "iops" : 12938.643294,
        "runtime" : 300065,
        "total_ios" : 3882434,
        "short_ios" : 0,
        "drop_ios" : 0,
        "slat_ns" : {
          "min" : 4133,
          "max" : 1951801,
          "mean" : 18123.972068,
          "stddev" : 8062.412800,
          "N" : 3882435
        },
        "clat_ns" : {
          "min" : 354146,
          "max" : 1987420054,
          "mean" : 44895616.016499,
          "stddev" : 58126129.517950,
          "N" : 3884450,
          "percentile" : {
            "1.000000" : 1482752,
            "5.000000" : 2998272,
            "10.000000" : 4751360,
            "20.000000" : 8585216,
            "30.000000" : 13172736,
            "40.000000" : 18743296,
            "50.000000" : 26083328,
            "60.000000" : 35389440,
            "70.000000" : 48496640,
            "80.000000" : 68681728,
            "90.000000" : 106430464,
            "95.000000" : 147849216,
            "99.000000" : 263192576,
            "99.500000" : 316669952,
            "99.900000" : 459276288,
            "99.950000" : 566231040,
            "99.990000" : 1400897536
          }
        },
        "lat_ns" : {
          "min" : 362091,
          "max" : 1987438475,
          "mean" : 44913742.827307,
          "stddev" : 58127768.597206,
          "N" : 3884450
        },
        "bw_min" : 158634,
        "bw_max" : 1559215,
        "bw_agg" : 100.000000,
        "bw_mean" : 829240.023372,
        "bw_dev" : 23581.516926,
        "bw_samples" : 5394,
        "iops_min" : 2475,
        "iops_max" : 24361,
        "iops_mean" : 12953.782972,
        "iops_stddev" : 368.464071,
        "iops_samples" : 5394
      },
      "trim" : {
        "io_bytes" : 0,
        "io_kbytes" : 0,
        "bw_bytes" : 0,
        "bw" : 0,
        "iops" : 0.000000,
        "runtime" : 0,
        "total_ios" : 0,
        "short_ios" : 0,
        "drop_ios" : 0,
        "slat_ns" : {
          "min" : 0,
          "max" : 0,
          "mean" : 0.000000,
          "stddev" : 0.000000,
          "N" : 0
        },
        "clat_ns" : {
          "min" : 0,
          "max" : 0,
          "mean" : 0.000000,
          "stddev" : 0.000000,
          "N" : 0
        },
        "lat_ns" : {
          "min" : 0,
          "max" : 0,
          "mean" : 0.000000,
          "stddev" : 0.000000,
          "N" : 0
        },
        "bw_min" : 0,
        "bw_max" : 0,
        "bw_agg" : 0.000000,
        "bw_mean" : 0.000000,
        "bw_dev" : 0.000000,
        "bw_samples" : 0,
        "iops_min" : 0,
        "iops_max" : 0,
        "iops_mean" : 0.000000,
        "iops_stddev" : 0.000000,
        "iops_samples" : 0
      },
      "sync" : {
        "total_ios" : 0,
        "lat_ns" : {
          "min" : 0,
          "max" : 0,
          "mean" : 0.000000,
          "stddev" : 0.000000,
          "N" : 0
        }
      },
      "job_runtime" : 2709357,
      "usr_cpu" : 2.942875,
      "sys_cpu" : 0.832707,
      "ctx" : 3194630,
      "majf" : 0,
      "minf" : 39074,
      "iodepth_level" : {
        "1" : 0.000000,
        "2" : 0.000000,
        "4" : 0.000000,
        "8" : 0.000000,
        "16" : 0.000000,
        "32" : 0.000000,
        ">=64" : 100.000000
      },
      "iodepth_submit" : {
        "0" : 0.000000,
        "4" : 100.000000,
        "8" : 0.000000,
        "16" : 0.000000,
        "32" : 0.000000,
        "64" : 0.000000,
        ">=64" : 0.000000
      },
      "iodepth_complete" : {
        "0" : 0.100000,
        "4" : 99.999292,
        "8" : 0.000000,
        "16" : 0.000000,
        "32" : 0.000000,
        "64" : 0.100000,
        ">=64" : 0.000000
      },
      "latency_ns" : {
        "2" : 0.000000,
        "4" : 0.000000,
        "10" : 0.000000,
        "20" : 0.000000,
        "50" : 0.000000,
        "100" : 0.000000,
        "250" : 0.000000,
        "500" : 0.000000,
        "750" : 0.000000,
        "1000" : 0.000000
      },
      "latency_us" : {
        "2" : 0.000000,
        "4" : 0.000000,
        "10" : 0.000000,
        "20" : 0.000000,
        "50" : 0.000000,
        "100" : 0.000000,
        "250" : 0.000000,
        "500" : 0.010000,
        "750" : 0.110395,
        "1000" : 0.218858
      },
      "latency_ms" : {
        "2" : 1.795884,
        "4" : 5.778385,
        "10" : 15.307202,
        "20" : 18.705972,
        "50" : 28.992173,
        "100" : 17.869434,
        "250" : 10.072934,
        "500" : 1.121436,
        "750" : 0.038919,
        "1000" : 0.010000,
        "2000" : 0.025087,
        ">=2000" : 0.000000
      },
      "latency_depth" : 64,
      "latency_target" : 0,
      "latency_percentile" : 100.000000,
      "latency_window" : 0
    }
  ],
  "disk_util" : [
    {
      "name" : "sda",
      "read_ios" : 0,
      "write_ios" : 9910,
      "read_sectors" : 0,
      "write_sectors" : 349392,
      "read_merges" : 0,
      "write_merges" : 18818,
      "read_ticks" : 0,
      "write_ticks" : 1592,
      "in_queue" : 1722,
      "util" : 0.274883
    }
  ]
}
