{
  "fio version" : "fio-3.39-26-ga72fe",
  "timestamp" : 1750878176,
  "timestamp_ms" : 1750878176381,
  "time" : "Wed Jun 25 19:02:56 2025",
  "global options" : {
    "ioengine" : "rbd",
    "bs" : "64k",
    "rw" : "write",
    "direct" : "1",
    "runtime" : "5m",
    "time_based" : "",
    "group_reporting" : "",
    "ramp_time" : "30s",
    "thread" : "1",
    "iodepth" : "32",
    "clientname" : "admin",
    "pool" : "rbd"
  },
  "jobs" : [
    {
      "jobname" : "fio_test_0",
      "groupid" : 0,
      "job_start" : 1750877875686,
      "error" : 110,
      "eta" : 0,
      "elapsed" : 331,
      "job options" : {
        "max_latency" : "1s",
        "numjobs" : "1",
        "rbdname" : "fio_test_31"
      },
      "read" : {
        "io_bytes" : 0,
        "io_kbytes" : 0,
        "bw_bytes" : 0,
        "bw" : 0,
        "iops" : 0.000000,
        "runtime" : 0,
        "total_ios" : 0,
        "short_ios" : 0,
        "drop_ios" : 0,
        "slat_ns" : {
          "min" : 0,
          "max" : 0,
          "mean" : 0.000000,
          "stddev" : 0.000000,
          "N" : 0
        },
        "clat_ns" : {
          "min" : 0,
          "max" : 0,
          "mean" : 0.000000,
          "stddev" : 0.000000,
          "N" : 0
        },
        "lat_ns" : {
          "min" : 0,
          "max" : 0,
          "mean" : 0.000000,
          "stddev" : 0.000000,
          "N" : 0
        },
        "bw_min" : 0,
        "bw_max" : 0,
        "bw_agg" : 0.000000,
        "bw_mean" : 0.000000,
        "bw_dev" : 0.000000,
        "bw_samples" : 0,
        "iops_min" : 0,
        "iops_max" : 0,
        "iops_mean" : 0.000000,
        "iops_stddev" : 0.000000,
        "iops_samples" : 0
      },
      "write" : {
        "io_bytes" : 256979369984,
        "io_kbytes" : 250956416,
        "bw_bytes" : 856087101,
        "bw" : 836022,
        "iops" : 13059.547803,
        "runtime" : 300179,
        "total_ios" : 3920202,
        "short_ios" : 0,
        "drop_ios" : 0,
        "slat_ns" : {
          "min" : 4476,
          "max" : 3104626,
          "mean" : 21464.092232,
          "stddev" : 9279.500268,
          "N" : 3920202
        },
        "clat_ns" : {
          "min" : 404168,
          "max" : 1753946999,
          "mean" : 61303272.459173,
          "stddev" : 72266289.511154,
          "N" : 3921194,
          "percentile" : {
            "1.000000" : 1859584,
            "5.000000" : 3850240,
            "10.000000" : 6062080,
            "20.000000" : 11862016,
            "30.000000" : 19005440,
            "40.000000" : 27656192,
            "50.000000" : 38535168,
            "60.000000" : 52166656,
            "70.000000" : 68681728,
            "80.000000" : 93847552,
            "90.000000" : 139460608,
            "95.000000" : 198180864,
            "99.000000" : 350224384,
            "99.500000" : 417333248,
            "99.900000" : 608174080,
            "99.950000" : 700448768,
            "99.990000" : 843055104
          }
        },
        "lat_ns" : {
          "min" : 410562,
          "max" : 1753973326,
          "mean" : 61324736.859629,
          "stddev" : 72268617.854019,
          "N" : 3921194
        },
        "bw_min" : 67935,
        "bw_max" : 2193683,
        "bw_agg" : 100.000000,
        "bw_mean" : 860670.923483,
        "bw_dev" : 14532.894547,
        "bw_samples" : 14984,
        "iops_min" : 1060,
        "iops_max" : 34272,
        "iops_mean" : 13444.182599,
        "iops_stddev" : 227.079480,
        "iops_samples" : 14984
      },
      "trim" : {
        "io_bytes" : 0,
        "io_kbytes" : 0,
        "bw_bytes" : 0,
        "bw" : 0,
        "iops" : 0.000000,
        "runtime" : 0,
        "total_ios" : 0,
        "short_ios" : 0,
        "drop_ios" : 0,
        "slat_ns" : {
          "min" : 0,
          "max" : 0,
          "mean" : 0.000000,
          "stddev" : 0.000000,
          "N" : 0
        },
        "clat_ns" : {
          "min" : 0,
          "max" : 0,
          "mean" : 0.000000,
          "stddev" : 0.000000,
          "N" : 0
        },
        "lat_ns" : {
          "min" : 0,
          "max" : 0,
          "mean" : 0.000000,
          "stddev" : 0.000000,
          "N" : 0
        },
        "bw_min" : 0,
        "bw_max" : 0,
        "bw_agg" : 0.000000,
        "bw_mean" : 0.000000,
        "bw_dev" : 0.000000,
        "bw_samples" : 0,
        "iops_min" : 0,
        "iops_max" : 0,
        "iops_mean" : 0.000000,
        "iops_stddev" : 0.000000,
        "iops_samples" : 0
      },
      "sync" : {
        "total_ios" : 0,
        "lat_ns" : {
          "min" : 0,
          "max" : 0,
          "mean" : 0.000000,
          "stddev" : 0.000000,
          "N" : 0
        }
      },
      "job_runtime" : 7504738,
      "usr_cpu" : 1.311891,
      "sys_cpu" : 0.361278,
      "ctx" : 3610212,
      "majf" : 0,
      "minf" : 42165,
      "iodepth_level" : {
        "1" : 0.000000,
        "2" : 0.000000,
        "4" : 0.000000,
        "8" : 0.000000,
        "16" : 0.000000,
        "32" : 100.000000,
        ">=64" : 0.000000
      },
      "iodepth_submit" : {
        "0" : 0.000000,
        "4" : 100.000000,
        "8" : 0.000000,
        "16" : 0.000000,
        "32" : 0.000000,
        "64" : 0.000000,
        ">=64" : 0.000000
      },
      "iodepth_complete" : {
        "0" : 0.100000,
        "4" : 99.999503,
        "8" : 0.000000,
        "16" : 0.000000,
        "32" : 0.100000,
        "64" : 0.000000,
        ">=64" : 0.000000
      },
      "latency_ns" : {
        "2" : 0.000000,
        "4" : 0.000000,
        "10" : 0.000000,
        "20" : 0.000000,
        "50" : 0.000000,
        "100" : 0.000000,
        "250" : 0.000000,
        "500" : 0.000000,
        "750" : 0.000000,
        "1000" : 0.000000
      },
      "latency_us" : {
        "2" : 0.000000,
        "4" : 0.000000,
        "10" : 0.000000,
        "20" : 0.000000,
        "50" : 0.000000,
        "100" : 0.000000,
        "250" : 0.000000,
        "500" : 0.010000,
        "750" : 0.060966,
        "1000" : 0.115785
      },
      "latency_ms" : {
        "2" : 1.060864,
        "4" : 4.260928,
        "10" : 11.656415,
        "20" : 14.236231,
        "50" : 27.302216,
        "100" : 23.198626,
        "250" : 15.287018,
        "500" : 2.606192,
        "750" : 0.208969,
        "1000" : 0.025789,
        "2000" : 0.010000,
        ">=2000" : 0.000000
      },
      "latency_depth" : 32,
      "latency_target" : 0,
      "latency_percentile" : 100.000000,
      "latency_window" : 0
    }
  ],
  "disk_util" : [
    {
      "name" : "sda",
      "read_ios" : 0,
      "write_ios" : 9964,
      "read_sectors" : 0,
      "write_sectors" : 337208,
      "read_merges" : 0,
      "write_merges" : 18902,
      "read_ticks" : 0,
      "write_ticks" : 1557,
      "in_queue" : 1683,
      "util" : 0.252417
    }
  ]
}
