{
  "fio version" : "fio-3.39-26-ga72fe",
  "timestamp" : 1750880171,
  "timestamp_ms" : 1750880171224,
  "time" : "Wed Jun 25 19:36:11 2025",
  "global options" : {
    "ioengine" : "rbd",
    "bs" : "64k",
    "rw" : "write",
    "direct" : "1",
    "runtime" : "5m",
    "time_based" : "",
    "group_reporting" : "",
    "ramp_time" : "30s",
    "thread" : "1",
    "iodepth" : "52",
    "clientname" : "admin",
    "pool" : "rbd"
  },
  "jobs" : [
    {
      "jobname" : "fio_test_0",
      "groupid" : 0,
      "job_start" : 1750879871033,
      "error" : 110,
      "eta" : 0,
      "elapsed" : 331,
      "job options" : {
        "max_latency" : "1s",
        "numjobs" : "1",
        "rbdname" : "fio_test_31"
      },
      "read" : {
        "io_bytes" : 0,
        "io_kbytes" : 0,
        "bw_bytes" : 0,
        "bw" : 0,
        "iops" : 0.000000,
        "runtime" : 0,
        "total_ios" : 0,
        "short_ios" : 0,
        "drop_ios" : 0,
        "slat_ns" : {
          "min" : 0,
          "max" : 0,
          "mean" : 0.000000,
          "stddev" : 0.000000,
          "N" : 0
        },
        "clat_ns" : {
          "min" : 0,
          "max" : 0,
          "mean" : 0.000000,
          "stddev" : 0.000000,
          "N" : 0
        },
        "lat_ns" : {
          "min" : 0,
          "max" : 0,
          "mean" : 0.000000,
          "stddev" : 0.000000,
          "N" : 0
        },
        "bw_min" : 0,
        "bw_max" : 0,
        "bw_agg" : 0.000000,
        "bw_mean" : 0.000000,
        "bw_dev" : 0.000000,
        "bw_samples" : 0,
        "iops_min" : 0,
        "iops_max" : 0,
        "iops_mean" : 0.000000,
        "iops_stddev" : 0.000000,
        "iops_samples" : 0
      },
      "write" : {
        "io_bytes" : 248092229632,
        "io_kbytes" : 242277568,
        "bw_bytes" : 826679249,
        "bw" : 807303,
        "iops" : 12608.686235,
        "runtime" : 300107,
        "total_ios" : 3783955,
        "short_ios" : 0,
        "drop_ios" : 0,
        "slat_ns" : {
          "min" : 4126,
          "max" : 967861,
          "mean" : 17731.664472,
          "stddev" : 8307.216029,
          "N" : 3783955
        },
        "clat_ns" : {
          "min" : 351814,
          "max" : 2357859727,
          "mean" : 42838708.042666,
          "stddev" : 64552051.058768,
          "N" : 3785587,
          "percentile" : {
            "1.000000" : 1318912,
            "5.000000" : 2605056,
            "10.000000" : 3948544,
            "20.000000" : 6914048,
            "30.000000" : 10551296,
            "40.000000" : 15007744,
            "50.000000" : 20840448,
            "60.000000" : 29229056,
            "70.000000" : 41680896,
            "80.000000" : 62128128,
            "90.000000" : 106430464,
            "95.000000" : 158334976,
            "99.000000" : 299892736,
            "99.500000" : 367001600,
            "99.900000" : 549453824,
            "99.950000" : 650117120,
            "99.990000" : 1518338048
          }
        },
        "lat_ns" : {
          "min" : 362255,
          "max" : 2357867457,
          "mean" : 42856442.401840,
          "stddev" : 64554027.317155,
          "N" : 3785587
        },
        "bw_min" : 210053,
        "bw_max" : 2654191,
        "bw_agg" : 100.000000,
        "bw_mean" : 1345576.062345,
        "bw_dev" : 25694.472730,
        "bw_samples" : 6190,
        "iops_min" : 3275,
        "iops_max" : 41465,
        "iops_mean" : 21017.572301,
        "iops_stddev" : 401.478596,
        "iops_samples" : 6190
      },
      "trim" : {
        "io_bytes" : 0,
        "io_kbytes" : 0,
        "bw_bytes" : 0,
        "bw" : 0,
        "iops" : 0.000000,
        "runtime" : 0,
        "total_ios" : 0,
        "short_ios" : 0,
        "drop_ios" : 0,
        "slat_ns" : {
          "min" : 0,
          "max" : 0,
          "mean" : 0.000000,
          "stddev" : 0.000000,
          "N" : 0
        },
        "clat_ns" : {
          "min" : 0,
          "max" : 0,
          "mean" : 0.000000,
          "stddev" : 0.000000,
          "N" : 0
        },
        "lat_ns" : {
          "min" : 0,
          "max" : 0,
          "mean" : 0.000000,
          "stddev" : 0.000000,
          "N" : 0
        },
        "bw_min" : 0,
        "bw_max" : 0,
        "bw_agg" : 0.000000,
        "bw_mean" : 0.000000,
        "bw_dev" : 0.000000,
        "bw_samples" : 0,
        "iops_min" : 0,
        "iops_max" : 0,
        "iops_mean" : 0.000000,
        "iops_stddev" : 0.000000,
        "iops_samples" : 0
      },
      "sync" : {
        "total_ios" : 0,
        "lat_ns" : {
          "min" : 0,
          "max" : 0,
          "mean" : 0.000000,
          "stddev" : 0.000000,
          "N" : 0
        }
      },
      "job_runtime" : 3108365,
      "usr_cpu" : 2.469755,
      "sys_cpu" : 0.739939,
      "ctx" : 3124319,
      "majf" : 0,
      "minf" : 29105,
      "iodepth_level" : {
        "1" : 0.000000,
        "2" : 0.000000,
        "4" : 0.000000,
        "8" : 0.000000,
        "16" : 0.000000,
        "32" : 100.000000,
        ">=64" : 0.000000
      },
      "iodepth_submit" : {
        "0" : 0.000000,
        "4" : 100.000000,
        "8" : 0.000000,
        "16" : 0.000000,
        "32" : 0.000000,
        "64" : 0.000000,
        ">=64" : 0.000000
      },
      "iodepth_complete" : {
        "0" : 0.100000,
        "4" : 99.999286,
        "8" : 0.000000,
        "16" : 0.000000,
        "32" : 0.000000,
        "64" : 0.100000,
        ">=64" : 0.000000
      },
      "latency_ns" : {
        "2" : 0.000000,
        "4" : 0.000000,
        "10" : 0.000000,
        "20" : 0.000000,
        "50" : 0.000000,
        "100" : 0.000000,
        "250" : 0.000000,
        "500" : 0.000000,
        "750" : 0.000000,
        "1000" : 0.000000
      },
      "latency_us" : {
        "2" : 0.000000,
        "4" : 0.000000,
        "10" : 0.000000,
        "20" : 0.000000,
        "50" : 0.000000,
        "100" : 0.000000,
        "250" : 0.000000,
        "500" : 0.017310,
        "750" : 0.167100,
        "1000" : 0.297731
      },
      "latency_ms" : {
        "2" : 2.333881,
        "4" : 7.477441,
        "10" : 18.479580,
        "20" : 19.926373,
        "50" : 26.216432,
        "100" : 14.186004,
        "250" : 9.230157,
        "500" : 1.555145,
        "750" : 0.121751,
        "1000" : 0.014086,
        "2000" : 0.017284,
        ">=2000" : 0.010000
      },
      "latency_depth" : 52,
      "latency_target" : 0,
      "latency_percentile" : 100.000000,
      "latency_window" : 0
    }
  ],
  "disk_util" : [
    {
      "name" : "sda",
      "read_ios" : 0,
      "write_ios" : 9976,
      "read_sectors" : 0,
      "write_sectors" : 349288,
      "read_merges" : 0,
      "write_merges" : 18912,
      "read_ticks" : 0,
      "write_ticks" : 1590,
      "in_queue" : 1707,
      "util" : 0.254585
    }
  ]
}
