[
  {
    "metrics": [
      {
        "reactor_utilization": {
          "shard": "0",
          "value": 72.347036560000291
        }
      },
      {
        "reactor_utilization": {
          "shard": "1",
          "value": 65.79438008000001
        }
      },
      {
        "reactor_utilization": {
          "shard": "2",
          "value": 70.564882579999505
        }
      },
      {
        "reactor_utilization": {
          "shard": "3",
          "value": 77.053727060000128
        }
      },
      {
        "reactor_utilization": {
          "shard": "4",
          "value": 78.468044680000105
        }
      },
      {
        "reactor_utilization": {
          "shard": "5",
          "value": 80.702316940000316
        }
      },
      {
        "reactor_utilization": {
          "shard": "6",
          "value": 82.844468179999694
        }
      },
      {
        "reactor_utilization": {
          "shard": "7",
          "value": 99.992070439999779
        }
      }
    ]
  },
  {
    "metrics": [
      {
        "reactor_utilization": {
          "shard": "0",
          "value": 90.775954760000289
        }
      },
      {
        "reactor_utilization": {
          "shard": "1",
          "value": 81.639084860000025
        }
      },
      {
        "reactor_utilization": {
          "shard": "2",
          "value": 86.17377013999949
        }
      },
      {
        "reactor_utilization": {
          "shard": "3",
          "value": 82.505927340000113
        }
      },
      {
        "reactor_utilization": {
          "shard": "4",
          "value": 78.138915060000102
        }
      },
      {
        "reactor_utilization": {
          "shard": "5",
          "value": 80.406741920000314
        }
      },
      {
        "reactor_utilization": {
          "shard": "6",
          "value": 79.517408939999697
        }
      },
      {
        "reactor_utilization": {
          "shard": "7",
          "value": 92.557125899999775
        }
      }
    ]
  },
  {
    "metrics": [
      {
        "reactor_utilization": {
          "shard": "0",
          "value": 82.60216204000028
        }
      },
      {
        "reactor_utilization": {
          "shard": "1",
          "value": 78.915770780000017
        }
      },
      {
        "reactor_utilization": {
          "shard": "2",
          "value": 82.346021619999505
        }
      },
      {
        "reactor_utilization": {
          "shard": "3",
          "value": 66.774293640000124
        }
      },
      {
        "reactor_utilization": {
          "shard": "4",
          "value": 89.135887160000109
        }
      },
      {
        "reactor_utilization": {
          "shard": "5",
          "value": 78.086152200000299
        }
      },
      {
        "reactor_utilization": {
          "shard": "6",
          "value": 87.901294619999703
        }
      },
      {
        "reactor_utilization": {
          "shard": "7",
          "value": 85.263206599999776
        }
      }
    ]
  },
  {
    "metrics": [
      {
        "reactor_utilization": {
          "shard": "0",
          "value": 88.322474800000279
        }
      },
      {
        "reactor_utilization": {
          "shard": "1",
          "value": 70.050774400000009
        }
      },
      {
        "reactor_utilization": {
          "shard": "2",
          "value": 85.482747479999503
        }
      },
      {
        "reactor_utilization": {
          "shard": "3",
          "value": 86.757856480000129
        }
      },
      {
        "reactor_utilization": {
          "shard": "4",
          "value": 86.7096577800001
        }
      },
      {
        "reactor_utilization": {
          "shard": "5",
          "value": 83.256620600000304
        }
      },
      {
        "reactor_utilization": {
          "shard": "6",
          "value": 98.358858659999697
        }
      },
      {
        "reactor_utilization": {
          "shard": "7",
          "value": 84.659918619999772
        }
      }
    ]
  },
  {
    "metrics": [
      {
        "reactor_utilization": {
          "shard": "0",
          "value": 82.711474260000287
        }
      },
      {
        "reactor_utilization": {
          "shard": "1",
          "value": 76.513348120000003
        }
      },
      {
        "reactor_utilization": {
          "shard": "2",
          "value": 79.334290059999503
        }
      },
      {
        "reactor_utilization": {
          "shard": "3",
          "value": 82.183310080000126
        }
      },
      {
        "reactor_utilization": {
          "shard": "4",
          "value": 83.487645560000104
        }
      },
      {
        "reactor_utilization": {
          "shard": "5",
          "value": 79.049080820000313
        }
      },
      {
        "reactor_utilization": {
          "shard": "6",
          "value": 92.131713219999696
        }
      },
      {
        "reactor_utilization": {
          "shard": "7",
          "value": 92.613434939999777
        }
      }
    ]
  },
  {
    "metrics": [
      {
        "reactor_utilization": {
          "shard": "0",
          "value": 87.275420200000283
        }
      },
      {
        "reactor_utilization": {
          "shard": "1",
          "value": 83.64293146
        }
      },
      {
        "reactor_utilization": {
          "shard": "2",
          "value": 91.67283723999951
        }
      },
      {
        "reactor_utilization": {
          "shard": "3",
          "value": 89.895685920000119
        }
      },
      {
        "reactor_utilization": {
          "shard": "4",
          "value": 84.538178580000107
        }
      },
      {
        "reactor_utilization": {
          "shard": "5",
          "value": 75.253061360000302
        }
      },
      {
        "reactor_utilization": {
          "shard": "6",
          "value": 92.538714439999708
        }
      },
      {
        "reactor_utilization": {
          "shard": "7",
          "value": 85.936924419999784
        }
      }
    ]
  },
  {
    "metrics": [
      {
        "reactor_utilization": {
          "shard": "0",
          "value": 91.065637780000287
        }
      },
      {
        "reactor_utilization": {
          "shard": "1",
          "value": 74.583232659999993
        }
      },
      {
        "reactor_utilization": {
          "shard": "2",
          "value": 80.627501259999505
        }
      },
      {
        "reactor_utilization": {
          "shard": "3",
          "value": 71.528459880000128
        }
      },
      {
        "reactor_utilization": {
          "shard": "4",
          "value": 65.787694360000089
        }
      },
      {
        "reactor_utilization": {
          "shard": "5",
          "value": 65.193640760000321
        }
      },
      {
        "reactor_utilization": {
          "shard": "6",
          "value": 96.538029599999703
        }
      },
      {
        "reactor_utilization": {
          "shard": "7",
          "value": 97.42298323999978
        }
      }
    ]
  },
  {
    "metrics": [
      {
        "reactor_utilization": {
          "shard": "0",
          "value": 92.094828660000289
        }
      },
      {
        "reactor_utilization": {
          "shard": "1",
          "value": 83.603480220000009
        }
      },
      {
        "reactor_utilization": {
          "shard": "2",
          "value": 76.757478179999509
        }
      },
      {
        "reactor_utilization": {
          "shard": "3",
          "value": 69.627772000000121
        }
      },
      {
        "reactor_utilization": {
          "shard": "4",
          "value": 80.257718600000089
        }
      },
      {
        "reactor_utilization": {
          "shard": "5",
          "value": 64.033182720000312
        }
      },
      {
        "reactor_utilization": {
          "shard": "6",
          "value": 90.610101499999701
        }
      },
      {
        "reactor_utilization": {
          "shard": "7",
          "value": 92.693893039999779
        }
      }
    ]
  },
  {
    "metrics": [
      {
        "reactor_utilization": {
          "shard": "0",
          "value": 92.469597120000287
        }
      },
      {
        "reactor_utilization": {
          "shard": "1",
          "value": 81.959247120000001
        }
      },
      {
        "reactor_utilization": {
          "shard": "2",
          "value": 89.596235099999504
        }
      },
      {
        "reactor_utilization": {
          "shard": "3",
          "value": 75.176822920000134
        }
      },
      {
        "reactor_utilization": {
          "shard": "4",
          "value": 85.86808256000009
        }
      },
      {
        "reactor_utilization": {
          "shard": "5",
          "value": 78.046556160000307
        }
      },
      {
        "reactor_utilization": {
          "shard": "6",
          "value": 92.835591159999709
        }
      },
      {
        "reactor_utilization": {
          "shard": "7",
          "value": 92.074125739999772
        }
      }
    ]
  },
  {
    "metrics": [
      {
        "reactor_utilization": {
          "shard": "0",
          "value": 87.058262280000292
        }
      },
      {
        "reactor_utilization": {
          "shard": "1",
          "value": 71.244523380000004
        }
      },
      {
        "reactor_utilization": {
          "shard": "2",
          "value": 76.474657259999518
        }
      },
      {
        "reactor_utilization": {
          "shard": "3",
          "value": 71.046693800000128
        }
      },
      {
        "reactor_utilization": {
          "shard": "4",
          "value": 83.490430860000103
        }
      },
      {
        "reactor_utilization": {
          "shard": "5",
          "value": 71.127630020000311
        }
      },
      {
        "reactor_utilization": {
          "shard": "6",
          "value": 95.948390479999702
        }
      },
      {
        "reactor_utilization": {
          "shard": "7",
          "value": 82.386648639999777
        }
      }
    ]
  },
  {
    "metrics": [
      {
        "reactor_utilization": {
          "shard": "0",
          "value": 86.051136560000302
        }
      },
      {
        "reactor_utilization": {
          "shard": "1",
          "value": 75.700226099999995
        }
      },
      {
        "reactor_utilization": {
          "shard": "2",
          "value": 80.040464879999504
        }
      },
      {
        "reactor_utilization": {
          "shard": "3",
          "value": 75.39963138000013
        }
      },
      {
        "reactor_utilization": {
          "shard": "4",
          "value": 85.017824080000096
        }
      },
      {
        "reactor_utilization": {
          "shard": "5",
          "value": 78.098706680000305
        }
      },
      {
        "reactor_utilization": {
          "shard": "6",
          "value": 94.719818119999701
        }
      },
      {
        "reactor_utilization": {
          "shard": "7",
          "value": 84.894922339999781
        }
      }
    ]
  },
  {
    "metrics": [
      {
        "reactor_utilization": {
          "shard": "0",
          "value": 80.470125040000283
        }
      },
      {
        "reactor_utilization": {
          "shard": "1",
          "value": 72.912753099999989
        }
      },
      {
        "reactor_utilization": {
          "shard": "2",
          "value": 81.453649979999511
        }
      },
      {
        "reactor_utilization": {
          "shard": "3",
          "value": 87.522999720000129
        }
      },
      {
        "reactor_utilization": {
          "shard": "4",
          "value": 79.243816740000099
        }
      },
      {
        "reactor_utilization": {
          "shard": "5",
          "value": 77.095367680000322
        }
      },
      {
        "reactor_utilization": {
          "shard": "6",
          "value": 90.623007639999699
        }
      },
      {
        "reactor_utilization": {
          "shard": "7",
          "value": 90.084770779999786
        }
      }
    ]
  },
  {
    "metrics": [
      {
        "reactor_utilization": {
          "shard": "0",
          "value": 90.341479300000287
        }
      },
      {
        "reactor_utilization": {
          "shard": "1",
          "value": 81.133680059999989
        }
      },
      {
        "reactor_utilization": {
          "shard": "2",
          "value": 86.359974879999498
        }
      },
      {
        "reactor_utilization": {
          "shard": "3",
          "value": 91.131758720000136
        }
      },
      {
        "reactor_utilization": {
          "shard": "4",
          "value": 78.580340040000095
        }
      },
      {
        "reactor_utilization": {
          "shard": "5",
          "value": 73.749032100000306
        }
      },
      {
        "reactor_utilization": {
          "shard": "6",
          "value": 88.082550799999694
        }
      },
      {
        "reactor_utilization": {
          "shard": "7",
          "value": 81.723725039999778
        }
      }
    ]
  },
  {
    "metrics": [
      {
        "reactor_utilization": {
          "shard": "0",
          "value": 87.643453340000292
        }
      },
      {
        "reactor_utilization": {
          "shard": "1",
          "value": 70.252112079999975
        }
      },
      {
        "reactor_utilization": {
          "shard": "2",
          "value": 78.989042959999495
        }
      },
      {
        "reactor_utilization": {
          "shard": "3",
          "value": 72.371603580000126
        }
      },
      {
        "reactor_utilization": {
          "shard": "4",
          "value": 73.766630260000085
        }
      },
      {
        "reactor_utilization": {
          "shard": "5",
          "value": 62.967514520000314
        }
      },
      {
        "reactor_utilization": {
          "shard": "6",
          "value": 96.392590259999693
        }
      },
      {
        "reactor_utilization": {
          "shard": "7",
          "value": 93.394001799999785
        }
      }
    ]
  },
  {
    "metrics": [
      {
        "reactor_utilization": {
          "shard": "0",
          "value": 90.813379980000292
        }
      },
      {
        "reactor_utilization": {
          "shard": "1",
          "value": 78.398227099999971
        }
      },
      {
        "reactor_utilization": {
          "shard": "2",
          "value": 83.817847719999492
        }
      },
      {
        "reactor_utilization": {
          "shard": "3",
          "value": 73.99264164000013
        }
      },
      {
        "reactor_utilization": {
          "shard": "4",
          "value": 79.579296800000094
        }
      },
      {
        "reactor_utilization": {
          "shard": "5",
          "value": 64.07775810000031
        }
      },
      {
        "reactor_utilization": {
          "shard": "6",
          "value": 93.805643779999698
        }
      },
      {
        "reactor_utilization": {
          "shard": "7",
          "value": 94.644907999999788
        }
      }
    ]
  },
  {
    "metrics": [
      {
        "reactor_utilization": {
          "shard": "0",
          "value": 97.54981770000029
        }
      },
      {
        "reactor_utilization": {
          "shard": "1",
          "value": 87.423070259999974
        }
      },
      {
        "reactor_utilization": {
          "shard": "2",
          "value": 87.442294199999495
        }
      },
      {
        "reactor_utilization": {
          "shard": "3",
          "value": 78.358407360000143
        }
      },
      {
        "reactor_utilization": {
          "shard": "4",
          "value": 86.270336100000094
        }
      },
      {
        "reactor_utilization": {
          "shard": "5",
          "value": 73.416373140000317
        }
      },
      {
        "reactor_utilization": {
          "shard": "6",
          "value": 96.020747699999703
        }
      },
      {
        "reactor_utilization": {
          "shard": "7",
          "value": 93.090084639999787
        }
      }
    ]
  },
  {
    "metrics": [
      {
        "reactor_utilization": {
          "shard": "0",
          "value": 83.6767591400003
        }
      },
      {
        "reactor_utilization": {
          "shard": "1",
          "value": 72.346998179999972
        }
      },
      {
        "reactor_utilization": {
          "shard": "2",
          "value": 70.173731239999498
        }
      },
      {
        "reactor_utilization": {
          "shard": "3",
          "value": 75.040398680000138
        }
      },
      {
        "reactor_utilization": {
          "shard": "4",
          "value": 77.106107820000076
        }
      },
      {
        "reactor_utilization": {
          "shard": "5",
          "value": 70.240642140000304
        }
      },
      {
        "reactor_utilization": {
          "shard": "6",
          "value": 97.502606899999705
        }
      },
      {
        "reactor_utilization": {
          "shard": "7",
          "value": 82.30732913999978
        }
      }
    ]
  },
  {
    "metrics": [
      {
        "reactor_utilization": {
          "shard": "0",
          "value": 78.345804720000302
        }
      },
      {
        "reactor_utilization": {
          "shard": "1",
          "value": 71.237152619999961
        }
      },
      {
        "reactor_utilization": {
          "shard": "2",
          "value": 77.715988179999499
        }
      },
      {
        "reactor_utilization": {
          "shard": "3",
          "value": 80.909206680000139
        }
      },
      {
        "reactor_utilization": {
          "shard": "4",
          "value": 89.153550180000082
        }
      },
      {
        "reactor_utilization": {
          "shard": "5",
          "value": 79.494845740000315
        }
      },
      {
        "reactor_utilization": {
          "shard": "6",
          "value": 96.118720519999698
        }
      },
      {
        "reactor_utilization": {
          "shard": "7",
          "value": 84.982153359999785
        }
      }
    ]
  },
  {
    "metrics": [
      {
        "reactor_utilization": {
          "shard": "0",
          "value": 87.06059832000031
        }
      },
      {
        "reactor_utilization": {
          "shard": "1",
          "value": 80.142830779999969
        }
      },
      {
        "reactor_utilization": {
          "shard": "2",
          "value": 82.505881519999519
        }
      },
      {
        "reactor_utilization": {
          "shard": "3",
          "value": 89.640577180000136
        }
      },
      {
        "reactor_utilization": {
          "shard": "4",
          "value": 81.635472000000092
        }
      },
      {
        "reactor_utilization": {
          "shard": "5",
          "value": 74.338982380000289
        }
      },
      {
        "reactor_utilization": {
          "shard": "6",
          "value": 92.493121899999693
        }
      },
      {
        "reactor_utilization": {
          "shard": "7",
          "value": 82.158899219999782
        }
      }
    ]
  },
  {
    "metrics": [
      {
        "reactor_utilization": {
          "shard": "0",
          "value": 95.302630760000298
        }
      },
      {
        "reactor_utilization": {
          "shard": "1",
          "value": 73.566782659999959
        }
      },
      {
        "reactor_utilization": {
          "shard": "2",
          "value": 89.990232659999506
        }
      },
      {
        "reactor_utilization": {
          "shard": "3",
          "value": 85.497725640000127
        }
      },
      {
        "reactor_utilization": {
          "shard": "4",
          "value": 76.222061540000084
        }
      },
      {
        "reactor_utilization": {
          "shard": "5",
          "value": 67.718204840000297
        }
      },
      {
        "reactor_utilization": {
          "shard": "6",
          "value": 89.284855079999701
        }
      },
      {
        "reactor_utilization": {
          "shard": "7",
          "value": 96.187894839999785
        }
      }
    ]
  },
  {
    "metrics": [
      {
        "reactor_utilization": {
          "shard": "0",
          "value": 84.338266760000295
        }
      },
      {
        "reactor_utilization": {
          "shard": "1",
          "value": 67.196035099999975
        }
      },
      {
        "reactor_utilization": {
          "shard": "2",
          "value": 73.510349559999511
        }
      },
      {
        "reactor_utilization": {
          "shard": "3",
          "value": 62.254284700000142
        }
      },
      {
        "reactor_utilization": {
          "shard": "4",
          "value": 71.523336460000081
        }
      },
      {
        "reactor_utilization": {
          "shard": "5",
          "value": 62.979940600000297
        }
      },
      {
        "reactor_utilization": {
          "shard": "6",
          "value": 99.905669359999692
        }
      },
      {
        "reactor_utilization": {
          "shard": "7",
          "value": 90.330884839999783
        }
      }
    ]
  },
  {
    "metrics": [
      {
        "reactor_utilization": {
          "shard": "0",
          "value": 85.731932640000295
        }
      },
      {
        "reactor_utilization": {
          "shard": "1",
          "value": 76.258983819999969
        }
      },
      {
        "reactor_utilization": {
          "shard": "2",
          "value": 75.035743179999514
        }
      },
      {
        "reactor_utilization": {
          "shard": "3",
          "value": 64.188498100000132
        }
      },
      {
        "reactor_utilization": {
          "shard": "4",
          "value": 80.564453660000083
        }
      },
      {
        "reactor_utilization": {
          "shard": "5",
          "value": 65.907452460000286
        }
      },
      {
        "reactor_utilization": {
          "shard": "6",
          "value": 97.225766699999696
        }
      },
      {
        "reactor_utilization": {
          "shard": "7",
          "value": 90.031701779999779
        }
      }
    ]
  },
  {
    "metrics": [
      {
        "reactor_utilization": {
          "shard": "0",
          "value": 81.576685980000292
        }
      },
      {
        "reactor_utilization": {
          "shard": "1",
          "value": 81.679669439999984
        }
      },
      {
        "reactor_utilization": {
          "shard": "2",
          "value": 81.135743179999523
        }
      },
      {
        "reactor_utilization": {
          "shard": "3",
          "value": 72.127479700000123
        }
      },
      {
        "reactor_utilization": {
          "shard": "4",
          "value": 76.479088500000088
        }
      },
      {
        "reactor_utilization": {
          "shard": "5",
          "value": 69.654352620000296
        }
      },
      {
        "reactor_utilization": {
          "shard": "6",
          "value": 96.105384899999706
        }
      },
      {
        "reactor_utilization": {
          "shard": "7",
          "value": 89.807252519999778
        }
      }
    ]
  },
  {
    "metrics": [
      {
        "reactor_utilization": {
          "shard": "0",
          "value": 77.519093860000282
        }
      },
      {
        "reactor_utilization": {
          "shard": "1",
          "value": 80.451256539999989
        }
      },
      {
        "reactor_utilization": {
          "shard": "2",
          "value": 71.155998059999519
        }
      },
      {
        "reactor_utilization": {
          "shard": "3",
          "value": 72.984890260000128
        }
      },
      {
        "reactor_utilization": {
          "shard": "4",
          "value": 89.004191980000087
        }
      },
      {
        "reactor_utilization": {
          "shard": "5",
          "value": 80.493889780000288
        }
      },
      {
        "reactor_utilization": {
          "shard": "6",
          "value": 99.897174659999706
        }
      },
      {
        "reactor_utilization": {
          "shard": "7",
          "value": 90.85698441999979
        }
      }
    ]
  }
]
