[
  {
    "metrics": [
      {
        "reactor_utilization": {
          "shard": "0",
          "value": 85.222175780000327
        }
      },
      {
        "reactor_utilization": {
          "shard": "1",
          "value": 82.950333800000038
        }
      },
      {
        "reactor_utilization": {
          "shard": "2",
          "value": 84.919782439999651
        }
      },
      {
        "reactor_utilization": {
          "shard": "3",
          "value": 90.528209360000091
        }
      },
      {
        "reactor_utilization": {
          "shard": "4",
          "value": 75.21737482000016
        }
      },
      {
        "reactor_utilization": {
          "shard": "5",
          "value": 77.894123820000416
        }
      },
      {
        "reactor_utilization": {
          "shard": "6",
          "value": 86.524598119999681
        }
      },
      {
        "reactor_utilization": {
          "shard": "7",
          "value": 95.489090379999809
        }
      }
    ]
  },
  {
    "metrics": [
      {
        "reactor_utilization": {
          "shard": "0",
          "value": 92.992281100000326
        }
      },
      {
        "reactor_utilization": {
          "shard": "1",
          "value": 89.921622160000027
        }
      },
      {
        "reactor_utilization": {
          "shard": "2",
          "value": 86.117209299999644
        }
      },
      {
        "reactor_utilization": {
          "shard": "3",
          "value": 83.378370260000096
        }
      },
      {
        "reactor_utilization": {
          "shard": "4",
          "value": 77.201881360000172
        }
      },
      {
        "reactor_utilization": {
          "shard": "5",
          "value": 79.672439440000417
        }
      },
      {
        "reactor_utilization": {
          "shard": "6",
          "value": 85.666896899999685
        }
      },
      {
        "reactor_utilization": {
          "shard": "7",
          "value": 88.321253379999803
        }
      }
    ]
  },
  {
    "metrics": [
      {
        "reactor_utilization": {
          "shard": "0",
          "value": 87.647305760000322
        }
      },
      {
        "reactor_utilization": {
          "shard": "1",
          "value": 86.249089720000029
        }
      },
      {
        "reactor_utilization": {
          "shard": "2",
          "value": 99.085708359999643
        }
      },
      {
        "reactor_utilization": {
          "shard": "3",
          "value": 95.844323640000084
        }
      },
      {
        "reactor_utilization": {
          "shard": "4",
          "value": 78.357085700000155
        }
      },
      {
        "reactor_utilization": {
          "shard": "5",
          "value": 80.839532140000415
        }
      },
      {
        "reactor_utilization": {
          "shard": "6",
          "value": 79.892437859999688
        }
      },
      {
        "reactor_utilization": {
          "shard": "7",
          "value": 88.037429539999806
        }
      }
    ]
  },
  {
    "metrics": [
      {
        "reactor_utilization": {
          "shard": "0",
          "value": 85.376752740000342
        }
      },
      {
        "reactor_utilization": {
          "shard": "1",
          "value": 97.010931800000023
        }
      },
      {
        "reactor_utilization": {
          "shard": "2",
          "value": 83.332719239999648
        }
      },
      {
        "reactor_utilization": {
          "shard": "3",
          "value": 79.679257500000091
        }
      },
      {
        "reactor_utilization": {
          "shard": "4",
          "value": 74.501106420000156
        }
      },
      {
        "reactor_utilization": {
          "shard": "5",
          "value": 87.162663000000421
        }
      },
      {
        "reactor_utilization": {
          "shard": "6",
          "value": 92.38986863999969
        }
      },
      {
        "reactor_utilization": {
          "shard": "7",
          "value": 91.497855119999798
        }
      }
    ]
  },
  {
    "metrics": [
      {
        "reactor_utilization": {
          "shard": "0",
          "value": 80.619319060000336
        }
      },
      {
        "reactor_utilization": {
          "shard": "1",
          "value": 76.653320620000031
        }
      },
      {
        "reactor_utilization": {
          "shard": "2",
          "value": 87.478906899999643
        }
      },
      {
        "reactor_utilization": {
          "shard": "3",
          "value": 90.410427740000088
        }
      },
      {
        "reactor_utilization": {
          "shard": "4",
          "value": 83.608926460000163
        }
      },
      {
        "reactor_utilization": {
          "shard": "5",
          "value": 87.219349800000415
        }
      },
      {
        "reactor_utilization": {
          "shard": "6",
          "value": 92.157714419999692
        }
      },
      {
        "reactor_utilization": {
          "shard": "7",
          "value": 86.998987719999803
        }
      }
    ]
  },
  {
    "metrics": [
      {
        "reactor_utilization": {
          "shard": "0",
          "value": 89.032666760000339
        }
      },
      {
        "reactor_utilization": {
          "shard": "1",
          "value": 84.184720420000019
        }
      },
      {
        "reactor_utilization": {
          "shard": "2",
          "value": 91.680576699999648
        }
      },
      {
        "reactor_utilization": {
          "shard": "3",
          "value": 93.19319112000008
        }
      },
      {
        "reactor_utilization": {
          "shard": "4",
          "value": 81.322547660000183
        }
      },
      {
        "reactor_utilization": {
          "shard": "5",
          "value": 93.285780640000411
        }
      },
      {
        "reactor_utilization": {
          "shard": "6",
          "value": 89.030517219999695
        }
      },
      {
        "reactor_utilization": {
          "shard": "7",
          "value": 85.678957099999792
        }
      }
    ]
  },
  {
    "metrics": [
      {
        "reactor_utilization": {
          "shard": "0",
          "value": 65.087938660000333
        }
      },
      {
        "reactor_utilization": {
          "shard": "1",
          "value": 77.549723060000019
        }
      },
      {
        "reactor_utilization": {
          "shard": "2",
          "value": 76.636490059999645
        }
      },
      {
        "reactor_utilization": {
          "shard": "3",
          "value": 73.289365800000098
        }
      },
      {
        "reactor_utilization": {
          "shard": "4",
          "value": 56.560394300000169
        }
      },
      {
        "reactor_utilization": {
          "shard": "5",
          "value": 79.642990240000415
        }
      },
      {
        "reactor_utilization": {
          "shard": "6",
          "value": 84.931003419999698
        }
      },
      {
        "reactor_utilization": {
          "shard": "7",
          "value": 99.998089139999806
        }
      }
    ]
  },
  {
    "metrics": [
      {
        "reactor_utilization": {
          "shard": "0",
          "value": 88.692956600000343
        }
      },
      {
        "reactor_utilization": {
          "shard": "1",
          "value": 89.702605820000031
        }
      },
      {
        "reactor_utilization": {
          "shard": "2",
          "value": 82.717938059999653
        }
      },
      {
        "reactor_utilization": {
          "shard": "3",
          "value": 93.753886940000086
        }
      },
      {
        "reactor_utilization": {
          "shard": "4",
          "value": 82.065642020000169
        }
      },
      {
        "reactor_utilization": {
          "shard": "5",
          "value": 90.247120900000411
        }
      },
      {
        "reactor_utilization": {
          "shard": "6",
          "value": 80.941103579999691
        }
      },
      {
        "reactor_utilization": {
          "shard": "7",
          "value": 93.049308699999798
        }
      }
    ]
  },
  {
    "metrics": [
      {
        "reactor_utilization": {
          "shard": "0",
          "value": 72.049735760000331
        }
      },
      {
        "reactor_utilization": {
          "shard": "1",
          "value": 77.856833720000026
        }
      },
      {
        "reactor_utilization": {
          "shard": "2",
          "value": 78.285482419999639
        }
      },
      {
        "reactor_utilization": {
          "shard": "3",
          "value": 78.561160920000091
        }
      },
      {
        "reactor_utilization": {
          "shard": "4",
          "value": 74.273946900000169
        }
      },
      {
        "reactor_utilization": {
          "shard": "5",
          "value": 82.627293100000415
        }
      },
      {
        "reactor_utilization": {
          "shard": "6",
          "value": 85.388880119999698
        }
      },
      {
        "reactor_utilization": {
          "shard": "7",
          "value": 97.223574659999798
        }
      }
    ]
  },
  {
    "metrics": [
      {
        "reactor_utilization": {
          "shard": "0",
          "value": 78.955369080000338
        }
      },
      {
        "reactor_utilization": {
          "shard": "1",
          "value": 84.710695860000044
        }
      },
      {
        "reactor_utilization": {
          "shard": "2",
          "value": 90.657998859999651
        }
      },
      {
        "reactor_utilization": {
          "shard": "3",
          "value": 91.191853040000098
        }
      },
      {
        "reactor_utilization": {
          "shard": "4",
          "value": 82.884799300000196
        }
      },
      {
        "reactor_utilization": {
          "shard": "5",
          "value": 73.301928640000412
        }
      },
      {
        "reactor_utilization": {
          "shard": "6",
          "value": 79.12080445999969
        }
      },
      {
        "reactor_utilization": {
          "shard": "7",
          "value": 89.803035979999805
        }
      }
    ]
  },
  {
    "metrics": [
      {
        "reactor_utilization": {
          "shard": "0",
          "value": 92.559829480000332
        }
      },
      {
        "reactor_utilization": {
          "shard": "1",
          "value": 89.938291500000034
        }
      },
      {
        "reactor_utilization": {
          "shard": "2",
          "value": 91.074495899999647
        }
      },
      {
        "reactor_utilization": {
          "shard": "3",
          "value": 96.784348740000098
        }
      },
      {
        "reactor_utilization": {
          "shard": "4",
          "value": 81.920997520000185
        }
      },
      {
        "reactor_utilization": {
          "shard": "5",
          "value": 86.490449060000415
        }
      },
      {
        "reactor_utilization": {
          "shard": "6",
          "value": 87.295747039999696
        }
      },
      {
        "reactor_utilization": {
          "shard": "7",
          "value": 86.69631477999981
        }
      }
    ]
  },
  {
    "metrics": [
      {
        "reactor_utilization": {
          "shard": "0",
          "value": 82.16534742000033
        }
      },
      {
        "reactor_utilization": {
          "shard": "1",
          "value": 89.790914840000042
        }
      },
      {
        "reactor_utilization": {
          "shard": "2",
          "value": 79.331763719999643
        }
      },
      {
        "reactor_utilization": {
          "shard": "3",
          "value": 90.654304560000099
        }
      },
      {
        "reactor_utilization": {
          "shard": "4",
          "value": 69.854741040000178
        }
      },
      {
        "reactor_utilization": {
          "shard": "5",
          "value": 79.624893580000418
        }
      },
      {
        "reactor_utilization": {
          "shard": "6",
          "value": 93.685145299999689
        }
      },
      {
        "reactor_utilization": {
          "shard": "7",
          "value": 90.405385759999803
        }
      }
    ]
  },
  {
    "metrics": [
      {
        "reactor_utilization": {
          "shard": "0",
          "value": 92.67651476000033
        }
      },
      {
        "reactor_utilization": {
          "shard": "1",
          "value": 87.013250260000035
        }
      },
      {
        "reactor_utilization": {
          "shard": "2",
          "value": 88.547645279999642
        }
      },
      {
        "reactor_utilization": {
          "shard": "3",
          "value": 88.827800040000099
        }
      },
      {
        "reactor_utilization": {
          "shard": "4",
          "value": 83.954325000000182
        }
      },
      {
        "reactor_utilization": {
          "shard": "5",
          "value": 92.487996600000429
        }
      },
      {
        "reactor_utilization": {
          "shard": "6",
          "value": 83.5748814399997
        }
      },
      {
        "reactor_utilization": {
          "shard": "7",
          "value": 96.458032959999812
        }
      }
    ]
  },
  {
    "metrics": [
      {
        "reactor_utilization": {
          "shard": "0",
          "value": 92.392876060000333
        }
      },
      {
        "reactor_utilization": {
          "shard": "1",
          "value": 87.597540220000042
        }
      },
      {
        "reactor_utilization": {
          "shard": "2",
          "value": 86.296287439999645
        }
      },
      {
        "reactor_utilization": {
          "shard": "3",
          "value": 92.334253340000089
        }
      },
      {
        "reactor_utilization": {
          "shard": "4",
          "value": 71.037373320000171
        }
      },
      {
        "reactor_utilization": {
          "shard": "5",
          "value": 78.243818600000424
        }
      },
      {
        "reactor_utilization": {
          "shard": "6",
          "value": 97.051545039999695
        }
      },
      {
        "reactor_utilization": {
          "shard": "7",
          "value": 90.586726019999801
        }
      }
    ]
  },
  {
    "metrics": [
      {
        "reactor_utilization": {
          "shard": "0",
          "value": 78.681941840000334
        }
      },
      {
        "reactor_utilization": {
          "shard": "1",
          "value": 87.86941372000004
        }
      },
      {
        "reactor_utilization": {
          "shard": "2",
          "value": 82.384106679999633
        }
      },
      {
        "reactor_utilization": {
          "shard": "3",
          "value": 84.966653380000096
        }
      },
      {
        "reactor_utilization": {
          "shard": "4",
          "value": 73.909201140000178
        }
      },
      {
        "reactor_utilization": {
          "shard": "5",
          "value": 80.669410160000425
        }
      },
      {
        "reactor_utilization": {
          "shard": "6",
          "value": 96.792106319999689
        }
      },
      {
        "reactor_utilization": {
          "shard": "7",
          "value": 96.219556079999805
        }
      }
    ]
  },
  {
    "metrics": [
      {
        "reactor_utilization": {
          "shard": "0",
          "value": 89.725724500000339
        }
      },
      {
        "reactor_utilization": {
          "shard": "1",
          "value": 87.776723200000035
        }
      },
      {
        "reactor_utilization": {
          "shard": "2",
          "value": 80.086593679999638
        }
      },
      {
        "reactor_utilization": {
          "shard": "3",
          "value": 90.096156200000095
        }
      },
      {
        "reactor_utilization": {
          "shard": "4",
          "value": 76.22236962000018
        }
      },
      {
        "reactor_utilization": {
          "shard": "5",
          "value": 84.43864134000043
        }
      },
      {
        "reactor_utilization": {
          "shard": "6",
          "value": 87.868881419999695
        }
      },
      {
        "reactor_utilization": {
          "shard": "7",
          "value": 92.756527919999797
        }
      }
    ]
  },
  {
    "metrics": [
      {
        "reactor_utilization": {
          "shard": "0",
          "value": 92.101239140000331
        }
      },
      {
        "reactor_utilization": {
          "shard": "1",
          "value": 85.600820940000034
        }
      },
      {
        "reactor_utilization": {
          "shard": "2",
          "value": 92.215312679999641
        }
      },
      {
        "reactor_utilization": {
          "shard": "3",
          "value": 91.147176480000098
        }
      },
      {
        "reactor_utilization": {
          "shard": "4",
          "value": 72.472965900000176
        }
      },
      {
        "reactor_utilization": {
          "shard": "5",
          "value": 75.561075780000422
        }
      },
      {
        "reactor_utilization": {
          "shard": "6",
          "value": 88.660245779999684
        }
      },
      {
        "reactor_utilization": {
          "shard": "7",
          "value": 93.336795639999806
        }
      }
    ]
  },
  {
    "metrics": [
      {
        "reactor_utilization": {
          "shard": "0",
          "value": 85.430302280000333
        }
      },
      {
        "reactor_utilization": {
          "shard": "1",
          "value": 94.37521638000004
        }
      },
      {
        "reactor_utilization": {
          "shard": "2",
          "value": 85.179777839999645
        }
      },
      {
        "reactor_utilization": {
          "shard": "3",
          "value": 85.951612880000098
        }
      },
      {
        "reactor_utilization": {
          "shard": "4",
          "value": 72.835522980000178
        }
      },
      {
        "reactor_utilization": {
          "shard": "5",
          "value": 85.479386240000423
        }
      },
      {
        "reactor_utilization": {
          "shard": "6",
          "value": 88.424839979999689
        }
      },
      {
        "reactor_utilization": {
          "shard": "7",
          "value": 94.44576311999981
        }
      }
    ]
  },
  {
    "metrics": [
      {
        "reactor_utilization": {
          "shard": "0",
          "value": 85.420386700000321
        }
      },
      {
        "reactor_utilization": {
          "shard": "1",
          "value": 83.690097920000042
        }
      },
      {
        "reactor_utilization": {
          "shard": "2",
          "value": 86.768224159999647
        }
      },
      {
        "reactor_utilization": {
          "shard": "3",
          "value": 82.058215500000102
        }
      },
      {
        "reactor_utilization": {
          "shard": "4",
          "value": 89.266125440000181
        }
      },
      {
        "reactor_utilization": {
          "shard": "5",
          "value": 85.006165500000421
        }
      },
      {
        "reactor_utilization": {
          "shard": "6",
          "value": 89.373024719999691
        }
      },
      {
        "reactor_utilization": {
          "shard": "7",
          "value": 82.479762159999808
        }
      }
    ]
  },
  {
    "metrics": [
      {
        "reactor_utilization": {
          "shard": "0",
          "value": 77.72762568000033
        }
      },
      {
        "reactor_utilization": {
          "shard": "1",
          "value": 75.362195860000043
        }
      },
      {
        "reactor_utilization": {
          "shard": "2",
          "value": 84.066930479999641
        }
      },
      {
        "reactor_utilization": {
          "shard": "3",
          "value": 86.4303812200001
        }
      },
      {
        "reactor_utilization": {
          "shard": "4",
          "value": 73.013695220000173
        }
      },
      {
        "reactor_utilization": {
          "shard": "5",
          "value": 86.251802860000424
        }
      },
      {
        "reactor_utilization": {
          "shard": "6",
          "value": 91.433908439999684
        }
      },
      {
        "reactor_utilization": {
          "shard": "7",
          "value": 96.009580219999805
        }
      }
    ]
  },
  {
    "metrics": [
      {
        "reactor_utilization": {
          "shard": "0",
          "value": 88.895442680000329
        }
      },
      {
        "reactor_utilization": {
          "shard": "1",
          "value": 93.77915670000003
        }
      },
      {
        "reactor_utilization": {
          "shard": "2",
          "value": 87.671666579999624
        }
      },
      {
        "reactor_utilization": {
          "shard": "3",
          "value": 90.394585800000087
        }
      },
      {
        "reactor_utilization": {
          "shard": "4",
          "value": 75.644797640000178
        }
      },
      {
        "reactor_utilization": {
          "shard": "5",
          "value": 83.190044260000434
        }
      },
      {
        "reactor_utilization": {
          "shard": "6",
          "value": 86.303676299999694
        }
      },
      {
        "reactor_utilization": {
          "shard": "7",
          "value": 82.4765846399998
        }
      }
    ]
  },
  {
    "metrics": [
      {
        "reactor_utilization": {
          "shard": "0",
          "value": 69.942143320000326
        }
      },
      {
        "reactor_utilization": {
          "shard": "1",
          "value": 79.96801950000004
        }
      },
      {
        "reactor_utilization": {
          "shard": "2",
          "value": 83.485409179999635
        }
      },
      {
        "reactor_utilization": {
          "shard": "3",
          "value": 77.342826720000105
        }
      },
      {
        "reactor_utilization": {
          "shard": "4",
          "value": 65.977096700000175
        }
      },
      {
        "reactor_utilization": {
          "shard": "5",
          "value": 90.714000820000422
        }
      },
      {
        "reactor_utilization": {
          "shard": "6",
          "value": 86.306486099999688
        }
      },
      {
        "reactor_utilization": {
          "shard": "7",
          "value": 98.862402479999801
        }
      }
    ]
  },
  {
    "metrics": [
      {
        "reactor_utilization": {
          "shard": "0",
          "value": 80.428564380000324
        }
      },
      {
        "reactor_utilization": {
          "shard": "1",
          "value": 83.771505100000041
        }
      },
      {
        "reactor_utilization": {
          "shard": "2",
          "value": 80.927036719999634
        }
      },
      {
        "reactor_utilization": {
          "shard": "3",
          "value": 95.28854438000009
        }
      },
      {
        "reactor_utilization": {
          "shard": "4",
          "value": 76.581766020000174
        }
      },
      {
        "reactor_utilization": {
          "shard": "5",
          "value": 81.644474680000428
        }
      },
      {
        "reactor_utilization": {
          "shard": "6",
          "value": 87.960815179999699
        }
      },
      {
        "reactor_utilization": {
          "shard": "7",
          "value": 98.877618839999798
        }
      }
    ]
  },
  {
    "metrics": [
      {
        "reactor_utilization": {
          "shard": "0",
          "value": 84.525697900000324
        }
      },
      {
        "reactor_utilization": {
          "shard": "1",
          "value": 87.514972440000037
        }
      },
      {
        "reactor_utilization": {
          "shard": "2",
          "value": 79.570357419999638
        }
      },
      {
        "reactor_utilization": {
          "shard": "3",
          "value": 90.972781420000103
        }
      },
      {
        "reactor_utilization": {
          "shard": "4",
          "value": 86.251603240000179
        }
      },
      {
        "reactor_utilization": {
          "shard": "5",
          "value": 82.815806300000432
        }
      },
      {
        "reactor_utilization": {
          "shard": "6",
          "value": 80.48429499999969
        }
      },
      {
        "reactor_utilization": {
          "shard": "7",
          "value": 97.027369999999806
        }
      }
    ]
  }
]
