[
  {
    "metrics": [
      {
        "reactor_utilization": {
          "shard": "0",
          "value": 95.598972460000269
        }
      },
      {
        "reactor_utilization": {
          "shard": "1",
          "value": 88.057225460000012
        }
      },
      {
        "reactor_utilization": {
          "shard": "2",
          "value": 83.312953739999614
        }
      },
      {
        "reactor_utilization": {
          "shard": "3",
          "value": 84.146212940000083
        }
      },
      {
        "reactor_utilization": {
          "shard": "4",
          "value": 81.095930800000076
        }
      },
      {
        "reactor_utilization": {
          "shard": "5",
          "value": 72.654763720000332
        }
      },
      {
        "reactor_utilization": {
          "shard": "6",
          "value": 89.739461939999686
        }
      },
      {
        "reactor_utilization": {
          "shard": "7",
          "value": 99.995626899999763
        }
      }
    ]
  },
  {
    "metrics": [
      {
        "reactor_utilization": {
          "shard": "0",
          "value": 99.899595540000277
        }
      },
      {
        "reactor_utilization": {
          "shard": "1",
          "value": 98.388761080000009
        }
      },
      {
        "reactor_utilization": {
          "shard": "2",
          "value": 95.0671894999996
        }
      },
      {
        "reactor_utilization": {
          "shard": "3",
          "value": 92.104722680000094
        }
      },
      {
        "reactor_utilization": {
          "shard": "4",
          "value": 85.56736534000008
        }
      },
      {
        "reactor_utilization": {
          "shard": "5",
          "value": 88.955017020000327
        }
      },
      {
        "reactor_utilization": {
          "shard": "6",
          "value": 89.615705959999687
        }
      },
      {
        "reactor_utilization": {
          "shard": "7",
          "value": 96.303532619999757
        }
      }
    ]
  },
  {
    "metrics": [
      {
        "reactor_utilization": {
          "shard": "0",
          "value": 79.966448200000272
        }
      },
      {
        "reactor_utilization": {
          "shard": "1",
          "value": 83.009860760000009
        }
      },
      {
        "reactor_utilization": {
          "shard": "2",
          "value": 83.360571859999595
        }
      },
      {
        "reactor_utilization": {
          "shard": "3",
          "value": 82.828234700000095
        }
      },
      {
        "reactor_utilization": {
          "shard": "4",
          "value": 70.161768760000086
        }
      },
      {
        "reactor_utilization": {
          "shard": "5",
          "value": 85.834984180000333
        }
      },
      {
        "reactor_utilization": {
          "shard": "6",
          "value": 86.093137459999696
        }
      },
      {
        "reactor_utilization": {
          "shard": "7",
          "value": 99.996321539999755
        }
      }
    ]
  },
  {
    "metrics": [
      {
        "reactor_utilization": {
          "shard": "0",
          "value": 77.810217580000256
        }
      },
      {
        "reactor_utilization": {
          "shard": "1",
          "value": 61.307745560000015
        }
      },
      {
        "reactor_utilization": {
          "shard": "2",
          "value": 64.321699919999602
        }
      },
      {
        "reactor_utilization": {
          "shard": "3",
          "value": 67.992598280000081
        }
      },
      {
        "reactor_utilization": {
          "shard": "4",
          "value": 74.636340720000078
        }
      },
      {
        "reactor_utilization": {
          "shard": "5",
          "value": 78.764088840000326
        }
      },
      {
        "reactor_utilization": {
          "shard": "6",
          "value": 97.254816159999677
        }
      },
      {
        "reactor_utilization": {
          "shard": "7",
          "value": 89.825985699999762
        }
      }
    ]
  },
  {
    "metrics": [
      {
        "reactor_utilization": {
          "shard": "0",
          "value": 89.483821040000265
        }
      },
      {
        "reactor_utilization": {
          "shard": "1",
          "value": 68.311126840000014
        }
      },
      {
        "reactor_utilization": {
          "shard": "2",
          "value": 70.750443699999593
        }
      },
      {
        "reactor_utilization": {
          "shard": "3",
          "value": 76.094960820000082
        }
      },
      {
        "reactor_utilization": {
          "shard": "4",
          "value": 75.92449198000007
        }
      },
      {
        "reactor_utilization": {
          "shard": "5",
          "value": 92.304452400000329
        }
      },
      {
        "reactor_utilization": {
          "shard": "6",
          "value": 89.452631899999673
        }
      },
      {
        "reactor_utilization": {
          "shard": "7",
          "value": 96.525135399999755
        }
      }
    ]
  },
  {
    "metrics": [
      {
        "reactor_utilization": {
          "shard": "0",
          "value": 83.528231560000265
        }
      },
      {
        "reactor_utilization": {
          "shard": "1",
          "value": 67.736979360000021
        }
      },
      {
        "reactor_utilization": {
          "shard": "2",
          "value": 68.361841139999598
        }
      },
      {
        "reactor_utilization": {
          "shard": "3",
          "value": 80.206349440000082
        }
      },
      {
        "reactor_utilization": {
          "shard": "4",
          "value": 65.194483180000091
        }
      },
      {
        "reactor_utilization": {
          "shard": "5",
          "value": 93.060684780000329
        }
      },
      {
        "reactor_utilization": {
          "shard": "6",
          "value": 99.78542417999968
        }
      },
      {
        "reactor_utilization": {
          "shard": "7",
          "value": 97.143114359999757
        }
      }
    ]
  },
  {
    "metrics": [
      {
        "reactor_utilization": {
          "shard": "0",
          "value": 87.49898632000027
        }
      },
      {
        "reactor_utilization": {
          "shard": "1",
          "value": 62.849971960000019
        }
      },
      {
        "reactor_utilization": {
          "shard": "2",
          "value": 77.658048139999607
        }
      },
      {
        "reactor_utilization": {
          "shard": "3",
          "value": 89.327632620000088
        }
      },
      {
        "reactor_utilization": {
          "shard": "4",
          "value": 86.439490540000079
        }
      },
      {
        "reactor_utilization": {
          "shard": "5",
          "value": 97.428368520000333
        }
      },
      {
        "reactor_utilization": {
          "shard": "6",
          "value": 89.607300819999679
        }
      },
      {
        "reactor_utilization": {
          "shard": "7",
          "value": 95.127094319999756
        }
      }
    ]
  },
  {
    "metrics": [
      {
        "reactor_utilization": {
          "shard": "0",
          "value": 85.455629500000271
        }
      },
      {
        "reactor_utilization": {
          "shard": "1",
          "value": 72.589354360000016
        }
      },
      {
        "reactor_utilization": {
          "shard": "2",
          "value": 68.494537839999595
        }
      },
      {
        "reactor_utilization": {
          "shard": "3",
          "value": 83.454051240000084
        }
      },
      {
        "reactor_utilization": {
          "shard": "4",
          "value": 76.414656220000083
        }
      },
      {
        "reactor_utilization": {
          "shard": "5",
          "value": 79.249175960000329
        }
      },
      {
        "reactor_utilization": {
          "shard": "6",
          "value": 92.163684939999683
        }
      },
      {
        "reactor_utilization": {
          "shard": "7",
          "value": 95.27630479999975
        }
      }
    ]
  },
  {
    "metrics": [
      {
        "reactor_utilization": {
          "shard": "0",
          "value": 71.18889434000026
        }
      },
      {
        "reactor_utilization": {
          "shard": "1",
          "value": 68.387607820000014
        }
      },
      {
        "reactor_utilization": {
          "shard": "2",
          "value": 65.117112599999587
        }
      },
      {
        "reactor_utilization": {
          "shard": "3",
          "value": 75.806697340000085
        }
      },
      {
        "reactor_utilization": {
          "shard": "4",
          "value": 66.454020160000084
        }
      },
      {
        "reactor_utilization": {
          "shard": "5",
          "value": 92.183029860000332
        }
      },
      {
        "reactor_utilization": {
          "shard": "6",
          "value": 95.255986339999694
        }
      },
      {
        "reactor_utilization": {
          "shard": "7",
          "value": 94.555422999999763
        }
      }
    ]
  },
  {
    "metrics": [
      {
        "reactor_utilization": {
          "shard": "0",
          "value": 87.319884900000261
        }
      },
      {
        "reactor_utilization": {
          "shard": "1",
          "value": 67.316091900000032
        }
      },
      {
        "reactor_utilization": {
          "shard": "2",
          "value": 66.3255356399996
        }
      },
      {
        "reactor_utilization": {
          "shard": "3",
          "value": 77.965548660000096
        }
      },
      {
        "reactor_utilization": {
          "shard": "4",
          "value": 73.09622484000009
        }
      },
      {
        "reactor_utilization": {
          "shard": "5",
          "value": 80.872152800000336
        }
      },
      {
        "reactor_utilization": {
          "shard": "6",
          "value": 96.730291819999678
        }
      },
      {
        "reactor_utilization": {
          "shard": "7",
          "value": 94.650480439999768
        }
      }
    ]
  },
  {
    "metrics": [
      {
        "reactor_utilization": {
          "shard": "0",
          "value": 82.483136480000269
        }
      },
      {
        "reactor_utilization": {
          "shard": "1",
          "value": 65.700568920000023
        }
      },
      {
        "reactor_utilization": {
          "shard": "2",
          "value": 74.247040339999586
        }
      },
      {
        "reactor_utilization": {
          "shard": "3",
          "value": 75.992042680000097
        }
      },
      {
        "reactor_utilization": {
          "shard": "4",
          "value": 70.75973400000008
        }
      },
      {
        "reactor_utilization": {
          "shard": "5",
          "value": 75.296026680000324
        }
      },
      {
        "reactor_utilization": {
          "shard": "6",
          "value": 97.841977779999695
        }
      },
      {
        "reactor_utilization": {
          "shard": "7",
          "value": 95.947776339999763
        }
      }
    ]
  },
  {
    "metrics": [
      {
        "reactor_utilization": {
          "shard": "0",
          "value": 81.871512760000272
        }
      },
      {
        "reactor_utilization": {
          "shard": "1",
          "value": 69.446480600000029
        }
      },
      {
        "reactor_utilization": {
          "shard": "2",
          "value": 72.926437919999586
        }
      },
      {
        "reactor_utilization": {
          "shard": "3",
          "value": 74.841506160000094
        }
      },
      {
        "reactor_utilization": {
          "shard": "4",
          "value": 85.50676676000009
        }
      },
      {
        "reactor_utilization": {
          "shard": "5",
          "value": 83.946249360000323
        }
      },
      {
        "reactor_utilization": {
          "shard": "6",
          "value": 99.971016679999678
        }
      },
      {
        "reactor_utilization": {
          "shard": "7",
          "value": 93.059718219999766
        }
      }
    ]
  },
  {
    "metrics": [
      {
        "reactor_utilization": {
          "shard": "0",
          "value": 79.822484960000267
        }
      },
      {
        "reactor_utilization": {
          "shard": "1",
          "value": 67.534435140000014
        }
      },
      {
        "reactor_utilization": {
          "shard": "2",
          "value": 59.90363909999958
        }
      },
      {
        "reactor_utilization": {
          "shard": "3",
          "value": 75.40527468000009
        }
      },
      {
        "reactor_utilization": {
          "shard": "4",
          "value": 66.750819700000079
        }
      },
      {
        "reactor_utilization": {
          "shard": "5",
          "value": 85.737111000000326
        }
      },
      {
        "reactor_utilization": {
          "shard": "6",
          "value": 91.838953299999687
        }
      },
      {
        "reactor_utilization": {
          "shard": "7",
          "value": 91.932003459999763
        }
      }
    ]
  },
  {
    "metrics": [
      {
        "reactor_utilization": {
          "shard": "0",
          "value": 82.072816720000276
        }
      },
      {
        "reactor_utilization": {
          "shard": "1",
          "value": 59.236529900000015
        }
      },
      {
        "reactor_utilization": {
          "shard": "2",
          "value": 59.214787239999566
        }
      },
      {
        "reactor_utilization": {
          "shard": "3",
          "value": 67.598538760000082
        }
      },
      {
        "reactor_utilization": {
          "shard": "4",
          "value": 64.317875520000072
        }
      },
      {
        "reactor_utilization": {
          "shard": "5",
          "value": 89.836206580000336
        }
      },
      {
        "reactor_utilization": {
          "shard": "6",
          "value": 89.395184999999671
        }
      },
      {
        "reactor_utilization": {
          "shard": "7",
          "value": 93.943845079999761
        }
      }
    ]
  },
  {
    "metrics": [
      {
        "reactor_utilization": {
          "shard": "0",
          "value": 71.684791680000274
        }
      },
      {
        "reactor_utilization": {
          "shard": "1",
          "value": 59.80695358000002
        }
      },
      {
        "reactor_utilization": {
          "shard": "2",
          "value": 66.475811399999557
        }
      },
      {
        "reactor_utilization": {
          "shard": "3",
          "value": 77.42404824000009
        }
      },
      {
        "reactor_utilization": {
          "shard": "4",
          "value": 83.153713400000086
        }
      },
      {
        "reactor_utilization": {
          "shard": "5",
          "value": 87.39867804000032
        }
      },
      {
        "reactor_utilization": {
          "shard": "6",
          "value": 79.824571459999689
        }
      },
      {
        "reactor_utilization": {
          "shard": "7",
          "value": 94.847841699999762
        }
      }
    ]
  },
  {
    "metrics": [
      {
        "reactor_utilization": {
          "shard": "0",
          "value": 83.344620840000275
        }
      },
      {
        "reactor_utilization": {
          "shard": "1",
          "value": 69.719809980000008
        }
      },
      {
        "reactor_utilization": {
          "shard": "2",
          "value": 61.378092999999566
        }
      },
      {
        "reactor_utilization": {
          "shard": "3",
          "value": 77.324113880000098
        }
      },
      {
        "reactor_utilization": {
          "shard": "4",
          "value": 82.525500760000085
        }
      },
      {
        "reactor_utilization": {
          "shard": "5",
          "value": 93.137927960000326
        }
      },
      {
        "reactor_utilization": {
          "shard": "6",
          "value": 88.77725575999969
        }
      },
      {
        "reactor_utilization": {
          "shard": "7",
          "value": 91.559427699999759
        }
      }
    ]
  },
  {
    "metrics": [
      {
        "reactor_utilization": {
          "shard": "0",
          "value": 76.98833532000026
        }
      },
      {
        "reactor_utilization": {
          "shard": "1",
          "value": 57.486859400000014
        }
      },
      {
        "reactor_utilization": {
          "shard": "2",
          "value": 52.564821539999571
        }
      },
      {
        "reactor_utilization": {
          "shard": "3",
          "value": 74.732369000000105
        }
      },
      {
        "reactor_utilization": {
          "shard": "4",
          "value": 62.699760560000087
        }
      },
      {
        "reactor_utilization": {
          "shard": "5",
          "value": 85.497521340000333
        }
      },
      {
        "reactor_utilization": {
          "shard": "6",
          "value": 96.805257639999681
        }
      },
      {
        "reactor_utilization": {
          "shard": "7",
          "value": 91.202368559999755
        }
      }
    ]
  },
  {
    "metrics": [
      {
        "reactor_utilization": {
          "shard": "0",
          "value": 82.656671720000276
        }
      },
      {
        "reactor_utilization": {
          "shard": "1",
          "value": 71.455439780000006
        }
      },
      {
        "reactor_utilization": {
          "shard": "2",
          "value": 63.520225379999573
        }
      },
      {
        "reactor_utilization": {
          "shard": "3",
          "value": 72.750757280000101
        }
      },
      {
        "reactor_utilization": {
          "shard": "4",
          "value": 71.873594340000096
        }
      },
      {
        "reactor_utilization": {
          "shard": "5",
          "value": 85.74864800000033
        }
      },
      {
        "reactor_utilization": {
          "shard": "6",
          "value": 93.058534479999679
        }
      },
      {
        "reactor_utilization": {
          "shard": "7",
          "value": 92.958272839999751
        }
      }
    ]
  },
  {
    "metrics": [
      {
        "reactor_utilization": {
          "shard": "0",
          "value": 84.40754690000027
        }
      },
      {
        "reactor_utilization": {
          "shard": "1",
          "value": 58.773115720000014
        }
      },
      {
        "reactor_utilization": {
          "shard": "2",
          "value": 72.981311979999546
        }
      },
      {
        "reactor_utilization": {
          "shard": "3",
          "value": 67.897560780000106
        }
      },
      {
        "reactor_utilization": {
          "shard": "4",
          "value": 82.672004780000094
        }
      },
      {
        "reactor_utilization": {
          "shard": "5",
          "value": 86.199876140000327
        }
      },
      {
        "reactor_utilization": {
          "shard": "6",
          "value": 95.323360359999683
        }
      },
      {
        "reactor_utilization": {
          "shard": "7",
          "value": 95.860960799999759
        }
      }
    ]
  },
  {
    "metrics": [
      {
        "reactor_utilization": {
          "shard": "0",
          "value": 84.757088120000262
        }
      },
      {
        "reactor_utilization": {
          "shard": "1",
          "value": 68.392458340000005
        }
      },
      {
        "reactor_utilization": {
          "shard": "2",
          "value": 63.125087539999548
        }
      },
      {
        "reactor_utilization": {
          "shard": "3",
          "value": 80.626948300000095
        }
      },
      {
        "reactor_utilization": {
          "shard": "4",
          "value": 69.026714060000089
        }
      },
      {
        "reactor_utilization": {
          "shard": "5",
          "value": 86.65092188000034
        }
      },
      {
        "reactor_utilization": {
          "shard": "6",
          "value": 94.051633159999682
        }
      },
      {
        "reactor_utilization": {
          "shard": "7",
          "value": 93.083251339999762
        }
      }
    ]
  },
  {
    "metrics": [
      {
        "reactor_utilization": {
          "shard": "0",
          "value": 81.678627360000263
        }
      },
      {
        "reactor_utilization": {
          "shard": "1",
          "value": 65.608475820000024
        }
      },
      {
        "reactor_utilization": {
          "shard": "2",
          "value": 66.946777639999539
        }
      },
      {
        "reactor_utilization": {
          "shard": "3",
          "value": 75.379368080000091
        }
      },
      {
        "reactor_utilization": {
          "shard": "4",
          "value": 72.376636640000086
        }
      },
      {
        "reactor_utilization": {
          "shard": "5",
          "value": 93.006445220000344
        }
      },
      {
        "reactor_utilization": {
          "shard": "6",
          "value": 96.909766279999673
        }
      },
      {
        "reactor_utilization": {
          "shard": "7",
          "value": 96.939125959999757
        }
      }
    ]
  },
  {
    "metrics": [
      {
        "reactor_utilization": {
          "shard": "0",
          "value": 76.633188280000269
        }
      },
      {
        "reactor_utilization": {
          "shard": "1",
          "value": 59.43601724000002
        }
      },
      {
        "reactor_utilization": {
          "shard": "2",
          "value": 62.262064179999555
        }
      },
      {
        "reactor_utilization": {
          "shard": "3",
          "value": 80.810370800000101
        }
      },
      {
        "reactor_utilization": {
          "shard": "4",
          "value": 73.413342900000075
        }
      },
      {
        "reactor_utilization": {
          "shard": "5",
          "value": 84.995503480000338
        }
      },
      {
        "reactor_utilization": {
          "shard": "6",
          "value": 76.692005479999679
        }
      },
      {
        "reactor_utilization": {
          "shard": "7",
          "value": 94.621147799999761
        }
      }
    ]
  },
  {
    "metrics": [
      {
        "reactor_utilization": {
          "shard": "0",
          "value": 85.437868020000266
        }
      },
      {
        "reactor_utilization": {
          "shard": "1",
          "value": 66.589597940000019
        }
      },
      {
        "reactor_utilization": {
          "shard": "2",
          "value": 61.605487499999548
        }
      },
      {
        "reactor_utilization": {
          "shard": "3",
          "value": 78.119192440000091
        }
      },
      {
        "reactor_utilization": {
          "shard": "4",
          "value": 78.225246520000084
        }
      },
      {
        "reactor_utilization": {
          "shard": "5",
          "value": 83.720567760000336
        }
      },
      {
        "reactor_utilization": {
          "shard": "6",
          "value": 77.623272739999678
        }
      },
      {
        "reactor_utilization": {
          "shard": "7",
          "value": 98.777738339999772
        }
      }
    ]
  },
  {
    "metrics": [
      {
        "reactor_utilization": {
          "shard": "0",
          "value": 71.305417720000278
        }
      },
      {
        "reactor_utilization": {
          "shard": "1",
          "value": 59.325803320000027
        }
      },
      {
        "reactor_utilization": {
          "shard": "2",
          "value": 51.386397339999554
        }
      },
      {
        "reactor_utilization": {
          "shard": "3",
          "value": 73.842361080000103
        }
      },
      {
        "reactor_utilization": {
          "shard": "4",
          "value": 71.335865760000075
        }
      },
      {
        "reactor_utilization": {
          "shard": "5",
          "value": 86.919825140000341
        }
      },
      {
        "reactor_utilization": {
          "shard": "6",
          "value": 97.711943259999686
        }
      },
      {
        "reactor_utilization": {
          "shard": "7",
          "value": 85.347670599999759
        }
      }
    ]
  }
]
