[
  {
    "metrics": [
      {
        "reactor_utilization": {
          "shard": "0",
          "value": 89.15534736000032
        }
      },
      {
        "reactor_utilization": {
          "shard": "1",
          "value": 90.41636223999997
        }
      },
      {
        "reactor_utilization": {
          "shard": "2",
          "value": 86.305241979999622
        }
      },
      {
        "reactor_utilization": {
          "shard": "3",
          "value": 92.502205680000117
        }
      },
      {
        "reactor_utilization": {
          "shard": "4",
          "value": 70.706543860000082
        }
      },
      {
        "reactor_utilization": {
          "shard": "5",
          "value": 82.594838700000395
        }
      },
      {
        "reactor_utilization": {
          "shard": "6",
          "value": 85.354205539999711
        }
      },
      {
        "reactor_utilization": {
          "shard": "7",
          "value": 99.423395499999785
        }
      }
    ]
  },
  {
    "metrics": [
      {
        "reactor_utilization": {
          "shard": "0",
          "value": 85.660601880000314
        }
      },
      {
        "reactor_utilization": {
          "shard": "1",
          "value": 89.780327799999966
        }
      },
      {
        "reactor_utilization": {
          "shard": "2",
          "value": 93.575799679999633
        }
      },
      {
        "reactor_utilization": {
          "shard": "3",
          "value": 87.553719680000114
        }
      },
      {
        "reactor_utilization": {
          "shard": "4",
          "value": 77.851291480000071
        }
      },
      {
        "reactor_utilization": {
          "shard": "5",
          "value": 81.801170440000391
        }
      },
      {
        "reactor_utilization": {
          "shard": "6",
          "value": 87.55347777999971
        }
      },
      {
        "reactor_utilization": {
          "shard": "7",
          "value": 91.972953799999786
        }
      }
    ]
  },
  {
    "metrics": [
      {
        "reactor_utilization": {
          "shard": "0",
          "value": 90.309559560000324
        }
      },
      {
        "reactor_utilization": {
          "shard": "1",
          "value": 88.947673659999964
        }
      },
      {
        "reactor_utilization": {
          "shard": "2",
          "value": 83.580769019999622
        }
      },
      {
        "reactor_utilization": {
          "shard": "3",
          "value": 88.392602500000123
        }
      },
      {
        "reactor_utilization": {
          "shard": "4",
          "value": 83.763753200000096
        }
      },
      {
        "reactor_utilization": {
          "shard": "5",
          "value": 88.88758558000039
        }
      },
      {
        "reactor_utilization": {
          "shard": "6",
          "value": 76.229864859999708
        }
      },
      {
        "reactor_utilization": {
          "shard": "7",
          "value": 86.653152379999781
        }
      }
    ]
  },
  {
    "metrics": [
      {
        "reactor_utilization": {
          "shard": "0",
          "value": 84.98988856000031
        }
      },
      {
        "reactor_utilization": {
          "shard": "1",
          "value": 91.641368599999979
        }
      },
      {
        "reactor_utilization": {
          "shard": "2",
          "value": 79.840940659999632
        }
      },
      {
        "reactor_utilization": {
          "shard": "3",
          "value": 72.533174680000116
        }
      },
      {
        "reactor_utilization": {
          "shard": "4",
          "value": 77.190045580000088
        }
      },
      {
        "reactor_utilization": {
          "shard": "5",
          "value": 89.710713680000396
        }
      },
      {
        "reactor_utilization": {
          "shard": "6",
          "value": 82.662173759999718
        }
      },
      {
        "reactor_utilization": {
          "shard": "7",
          "value": 88.713451319999791
        }
      }
    ]
  },
  {
    "metrics": [
      {
        "reactor_utilization": {
          "shard": "0",
          "value": 74.542353860000318
        }
      },
      {
        "reactor_utilization": {
          "shard": "1",
          "value": 79.075567959999972
        }
      },
      {
        "reactor_utilization": {
          "shard": "2",
          "value": 89.383965439999628
        }
      },
      {
        "reactor_utilization": {
          "shard": "3",
          "value": 89.420904440000115
        }
      },
      {
        "reactor_utilization": {
          "shard": "4",
          "value": 83.038445020000083
        }
      },
      {
        "reactor_utilization": {
          "shard": "5",
          "value": 87.519997340000387
        }
      },
      {
        "reactor_utilization": {
          "shard": "6",
          "value": 86.154358439999712
        }
      },
      {
        "reactor_utilization": {
          "shard": "7",
          "value": 95.558404419999789
        }
      }
    ]
  },
  {
    "metrics": [
      {
        "reactor_utilization": {
          "shard": "0",
          "value": 82.115234340000313
        }
      },
      {
        "reactor_utilization": {
          "shard": "1",
          "value": 85.119498739999983
        }
      },
      {
        "reactor_utilization": {
          "shard": "2",
          "value": 87.098683079999617
        }
      },
      {
        "reactor_utilization": {
          "shard": "3",
          "value": 85.690430120000102
        }
      },
      {
        "reactor_utilization": {
          "shard": "4",
          "value": 75.858417320000086
        }
      },
      {
        "reactor_utilization": {
          "shard": "5",
          "value": 98.542875520000393
        }
      },
      {
        "reactor_utilization": {
          "shard": "6",
          "value": 89.582057019999709
        }
      },
      {
        "reactor_utilization": {
          "shard": "7",
          "value": 88.476344079999791
        }
      }
    ]
  },
  {
    "metrics": [
      {
        "reactor_utilization": {
          "shard": "0",
          "value": 82.666782300000307
        }
      },
      {
        "reactor_utilization": {
          "shard": "1",
          "value": 75.274427539999976
        }
      },
      {
        "reactor_utilization": {
          "shard": "2",
          "value": 89.339791979999617
        }
      },
      {
        "reactor_utilization": {
          "shard": "3",
          "value": 76.064654680000103
        }
      },
      {
        "reactor_utilization": {
          "shard": "4",
          "value": 72.623921200000069
        }
      },
      {
        "reactor_utilization": {
          "shard": "5",
          "value": 95.994184340000388
        }
      },
      {
        "reactor_utilization": {
          "shard": "6",
          "value": 93.77558793999971
        }
      },
      {
        "reactor_utilization": {
          "shard": "7",
          "value": 96.360274919999796
        }
      }
    ]
  },
  {
    "metrics": [
      {
        "reactor_utilization": {
          "shard": "0",
          "value": 87.210226840000317
        }
      },
      {
        "reactor_utilization": {
          "shard": "1",
          "value": 94.964349699999971
        }
      },
      {
        "reactor_utilization": {
          "shard": "2",
          "value": 87.871723759999625
        }
      },
      {
        "reactor_utilization": {
          "shard": "3",
          "value": 98.061109420000108
        }
      },
      {
        "reactor_utilization": {
          "shard": "4",
          "value": 73.609766420000071
        }
      },
      {
        "reactor_utilization": {
          "shard": "5",
          "value": 93.185432940000396
        }
      },
      {
        "reactor_utilization": {
          "shard": "6",
          "value": 85.528887179999714
        }
      },
      {
        "reactor_utilization": {
          "shard": "7",
          "value": 94.634077699999779
        }
      }
    ]
  },
  {
    "metrics": [
      {
        "reactor_utilization": {
          "shard": "0",
          "value": 76.722010060000315
        }
      },
      {
        "reactor_utilization": {
          "shard": "1",
          "value": 82.51274589999997
        }
      },
      {
        "reactor_utilization": {
          "shard": "2",
          "value": 79.031005559999628
        }
      },
      {
        "reactor_utilization": {
          "shard": "3",
          "value": 81.006116280000114
        }
      },
      {
        "reactor_utilization": {
          "shard": "4",
          "value": 83.170858420000073
        }
      },
      {
        "reactor_utilization": {
          "shard": "5",
          "value": 99.892210020000391
        }
      },
      {
        "reactor_utilization": {
          "shard": "6",
          "value": 79.713823819999703
        }
      },
      {
        "reactor_utilization": {
          "shard": "7",
          "value": 96.92940843999979
        }
      }
    ]
  },
  {
    "metrics": [
      {
        "reactor_utilization": {
          "shard": "0",
          "value": 90.364900800000314
        }
      },
      {
        "reactor_utilization": {
          "shard": "1",
          "value": 89.419575459999976
        }
      },
      {
        "reactor_utilization": {
          "shard": "2",
          "value": 90.894959939999623
        }
      },
      {
        "reactor_utilization": {
          "shard": "3",
          "value": 95.137176880000112
        }
      },
      {
        "reactor_utilization": {
          "shard": "4",
          "value": 80.361932700000068
        }
      },
      {
        "reactor_utilization": {
          "shard": "5",
          "value": 82.790509660000396
        }
      },
      {
        "reactor_utilization": {
          "shard": "6",
          "value": 87.375801899999701
        }
      },
      {
        "reactor_utilization": {
          "shard": "7",
          "value": 88.446628699999792
        }
      }
    ]
  },
  {
    "metrics": [
      {
        "reactor_utilization": {
          "shard": "0",
          "value": 71.064232880000304
        }
      },
      {
        "reactor_utilization": {
          "shard": "1",
          "value": 80.848042039999982
        }
      },
      {
        "reactor_utilization": {
          "shard": "2",
          "value": 85.714085619999622
        }
      },
      {
        "reactor_utilization": {
          "shard": "3",
          "value": 97.866094520000118
        }
      },
      {
        "reactor_utilization": {
          "shard": "4",
          "value": 83.551658320000072
        }
      },
      {
        "reactor_utilization": {
          "shard": "5",
          "value": 90.034459760000402
        }
      },
      {
        "reactor_utilization": {
          "shard": "6",
          "value": 86.386814319999701
        }
      },
      {
        "reactor_utilization": {
          "shard": "7",
          "value": 88.573194839999786
        }
      }
    ]
  },
  {
    "metrics": [
      {
        "reactor_utilization": {
          "shard": "0",
          "value": 77.114777460000312
        }
      },
      {
        "reactor_utilization": {
          "shard": "1",
          "value": 90.34662665999997
        }
      },
      {
        "reactor_utilization": {
          "shard": "2",
          "value": 82.24409977999963
        }
      },
      {
        "reactor_utilization": {
          "shard": "3",
          "value": 81.797021480000112
        }
      },
      {
        "reactor_utilization": {
          "shard": "4",
          "value": 73.868868500000076
        }
      },
      {
        "reactor_utilization": {
          "shard": "5",
          "value": 88.991532240000396
        }
      },
      {
        "reactor_utilization": {
          "shard": "6",
          "value": 81.144378819999702
        }
      },
      {
        "reactor_utilization": {
          "shard": "7",
          "value": 82.390963639999796
        }
      }
    ]
  },
  {
    "metrics": [
      {
        "reactor_utilization": {
          "shard": "0",
          "value": 91.591374060000305
        }
      },
      {
        "reactor_utilization": {
          "shard": "1",
          "value": 84.349571279999978
        }
      },
      {
        "reactor_utilization": {
          "shard": "2",
          "value": 78.323012719999625
        }
      },
      {
        "reactor_utilization": {
          "shard": "3",
          "value": 93.285171720000108
        }
      },
      {
        "reactor_utilization": {
          "shard": "4",
          "value": 72.44918236000008
        }
      },
      {
        "reactor_utilization": {
          "shard": "5",
          "value": 87.754571540000398
        }
      },
      {
        "reactor_utilization": {
          "shard": "6",
          "value": 84.163328039999712
        }
      },
      {
        "reactor_utilization": {
          "shard": "7",
          "value": 94.018604419999789
        }
      }
    ]
  },
  {
    "metrics": [
      {
        "reactor_utilization": {
          "shard": "0",
          "value": 94.464233620000314
        }
      },
      {
        "reactor_utilization": {
          "shard": "1",
          "value": 77.905341199999981
        }
      },
      {
        "reactor_utilization": {
          "shard": "2",
          "value": 86.521781179999621
        }
      },
      {
        "reactor_utilization": {
          "shard": "3",
          "value": 90.1115784200001
        }
      },
      {
        "reactor_utilization": {
          "shard": "4",
          "value": 76.732255460000076
        }
      },
      {
        "reactor_utilization": {
          "shard": "5",
          "value": 91.970408160000389
        }
      },
      {
        "reactor_utilization": {
          "shard": "6",
          "value": 83.733364719999699
        }
      },
      {
        "reactor_utilization": {
          "shard": "7",
          "value": 94.98187655999979
        }
      }
    ]
  },
  {
    "metrics": [
      {
        "reactor_utilization": {
          "shard": "0",
          "value": 85.089545220000318
        }
      },
      {
        "reactor_utilization": {
          "shard": "1",
          "value": 96.40385849999997
        }
      },
      {
        "reactor_utilization": {
          "shard": "2",
          "value": 87.027001339999615
        }
      },
      {
        "reactor_utilization": {
          "shard": "3",
          "value": 93.590400240000108
        }
      },
      {
        "reactor_utilization": {
          "shard": "4",
          "value": 75.219828320000076
        }
      },
      {
        "reactor_utilization": {
          "shard": "5",
          "value": 85.566663960000383
        }
      },
      {
        "reactor_utilization": {
          "shard": "6",
          "value": 91.904820919999707
        }
      },
      {
        "reactor_utilization": {
          "shard": "7",
          "value": 94.499800439999788
        }
      }
    ]
  },
  {
    "metrics": [
      {
        "reactor_utilization": {
          "shard": "0",
          "value": 90.429270040000318
        }
      },
      {
        "reactor_utilization": {
          "shard": "1",
          "value": 85.412062359999979
        }
      },
      {
        "reactor_utilization": {
          "shard": "2",
          "value": 85.298954219999629
        }
      },
      {
        "reactor_utilization": {
          "shard": "3",
          "value": 88.153755340000103
        }
      },
      {
        "reactor_utilization": {
          "shard": "4",
          "value": 77.425680320000083
        }
      },
      {
        "reactor_utilization": {
          "shard": "5",
          "value": 85.989050960000384
        }
      },
      {
        "reactor_utilization": {
          "shard": "6",
          "value": 83.284100279999706
        }
      },
      {
        "reactor_utilization": {
          "shard": "7",
          "value": 97.636184399999792
        }
      }
    ]
  },
  {
    "metrics": [
      {
        "reactor_utilization": {
          "shard": "0",
          "value": 76.921757620000321
        }
      },
      {
        "reactor_utilization": {
          "shard": "1",
          "value": 81.305930939999968
        }
      },
      {
        "reactor_utilization": {
          "shard": "2",
          "value": 95.298712039999629
        }
      },
      {
        "reactor_utilization": {
          "shard": "3",
          "value": 89.511407940000112
        }
      },
      {
        "reactor_utilization": {
          "shard": "4",
          "value": 81.145765680000082
        }
      },
      {
        "reactor_utilization": {
          "shard": "5",
          "value": 74.173336260000397
        }
      },
      {
        "reactor_utilization": {
          "shard": "6",
          "value": 89.321698379999702
        }
      },
      {
        "reactor_utilization": {
          "shard": "7",
          "value": 92.644612939999789
        }
      }
    ]
  },
  {
    "metrics": [
      {
        "reactor_utilization": {
          "shard": "0",
          "value": 92.359892780000322
        }
      },
      {
        "reactor_utilization": {
          "shard": "1",
          "value": 93.596649919999976
        }
      },
      {
        "reactor_utilization": {
          "shard": "2",
          "value": 83.633195459999627
        }
      },
      {
        "reactor_utilization": {
          "shard": "3",
          "value": 83.899088580000097
        }
      },
      {
        "reactor_utilization": {
          "shard": "4",
          "value": 80.507422580000082
        }
      },
      {
        "reactor_utilization": {
          "shard": "5",
          "value": 88.751967040000395
        }
      },
      {
        "reactor_utilization": {
          "shard": "6",
          "value": 77.992287839999705
        }
      },
      {
        "reactor_utilization": {
          "shard": "7",
          "value": 85.128327199999788
        }
      }
    ]
  },
  {
    "metrics": [
      {
        "reactor_utilization": {
          "shard": "0",
          "value": 80.166783080000314
        }
      },
      {
        "reactor_utilization": {
          "shard": "1",
          "value": 89.008539699999972
        }
      },
      {
        "reactor_utilization": {
          "shard": "2",
          "value": 78.92718729999963
        }
      },
      {
        "reactor_utilization": {
          "shard": "3",
          "value": 78.493447320000115
        }
      },
      {
        "reactor_utilization": {
          "shard": "4",
          "value": 78.760330240000087
        }
      },
      {
        "reactor_utilization": {
          "shard": "5",
          "value": 86.718382020000391
        }
      },
      {
        "reactor_utilization": {
          "shard": "6",
          "value": 81.2345340199997
        }
      },
      {
        "reactor_utilization": {
          "shard": "7",
          "value": 87.188051739999793
        }
      }
    ]
  },
  {
    "metrics": [
      {
        "reactor_utilization": {
          "shard": "0",
          "value": 78.90783966000032
        }
      },
      {
        "reactor_utilization": {
          "shard": "1",
          "value": 74.423408379999969
        }
      },
      {
        "reactor_utilization": {
          "shard": "2",
          "value": 84.515430539999642
        }
      },
      {
        "reactor_utilization": {
          "shard": "3",
          "value": 80.558305100000098
        }
      },
      {
        "reactor_utilization": {
          "shard": "4",
          "value": 77.151258780000092
        }
      },
      {
        "reactor_utilization": {
          "shard": "5",
          "value": 90.967235920000391
        }
      },
      {
        "reactor_utilization": {
          "shard": "6",
          "value": 78.501102199999707
        }
      },
      {
        "reactor_utilization": {
          "shard": "7",
          "value": 81.309190439999782
        }
      }
    ]
  },
  {
    "metrics": [
      {
        "reactor_utilization": {
          "shard": "0",
          "value": 76.842191320000325
        }
      },
      {
        "reactor_utilization": {
          "shard": "1",
          "value": 85.551540899999964
        }
      },
      {
        "reactor_utilization": {
          "shard": "2",
          "value": 88.292850739999622
        }
      },
      {
        "reactor_utilization": {
          "shard": "3",
          "value": 88.230949060000114
        }
      },
      {
        "reactor_utilization": {
          "shard": "4",
          "value": 72.867588480000094
        }
      },
      {
        "reactor_utilization": {
          "shard": "5",
          "value": 91.005434940000384
        }
      },
      {
        "reactor_utilization": {
          "shard": "6",
          "value": 88.29275303999971
        }
      },
      {
        "reactor_utilization": {
          "shard": "7",
          "value": 91.454516099999779
        }
      }
    ]
  },
  {
    "metrics": [
      {
        "reactor_utilization": {
          "shard": "0",
          "value": 86.269023780000325
        }
      },
      {
        "reactor_utilization": {
          "shard": "1",
          "value": 83.496147359999966
        }
      },
      {
        "reactor_utilization": {
          "shard": "2",
          "value": 91.615424579999626
        }
      },
      {
        "reactor_utilization": {
          "shard": "3",
          "value": 83.164519500000111
        }
      },
      {
        "reactor_utilization": {
          "shard": "4",
          "value": 73.690504060000094
        }
      },
      {
        "reactor_utilization": {
          "shard": "5",
          "value": 94.908218300000385
        }
      },
      {
        "reactor_utilization": {
          "shard": "6",
          "value": 96.2356232799997
        }
      },
      {
        "reactor_utilization": {
          "shard": "7",
          "value": 98.052681679999793
        }
      }
    ]
  },
  {
    "metrics": [
      {
        "reactor_utilization": {
          "shard": "0",
          "value": 77.254770760000312
        }
      },
      {
        "reactor_utilization": {
          "shard": "1",
          "value": 86.67160503999996
        }
      },
      {
        "reactor_utilization": {
          "shard": "2",
          "value": 85.692881419999622
        }
      },
      {
        "reactor_utilization": {
          "shard": "3",
          "value": 97.694767360000114
        }
      },
      {
        "reactor_utilization": {
          "shard": "4",
          "value": 73.587675000000104
        }
      },
      {
        "reactor_utilization": {
          "shard": "5",
          "value": 92.385764680000392
        }
      },
      {
        "reactor_utilization": {
          "shard": "6",
          "value": 88.87701217999971
        }
      },
      {
        "reactor_utilization": {
          "shard": "7",
          "value": 95.845882699999791
        }
      }
    ]
  },
  {
    "metrics": [
      {
        "reactor_utilization": {
          "shard": "0",
          "value": 82.171026640000306
        }
      },
      {
        "reactor_utilization": {
          "shard": "1",
          "value": 81.218526039999972
        }
      },
      {
        "reactor_utilization": {
          "shard": "2",
          "value": 82.620576699999631
        }
      },
      {
        "reactor_utilization": {
          "shard": "3",
          "value": 89.861784780000107
        }
      },
      {
        "reactor_utilization": {
          "shard": "4",
          "value": 84.431099260000096
        }
      },
      {
        "reactor_utilization": {
          "shard": "5",
          "value": 99.768819880000393
        }
      },
      {
        "reactor_utilization": {
          "shard": "6",
          "value": 78.1720754199997
        }
      },
      {
        "reactor_utilization": {
          "shard": "7",
          "value": 93.509704759999778
        }
      }
    ]
  }
]
