[
  {
    "metrics": [
      {
        "reactor_utilization": {
          "shard": "0",
          "value": 89.532923440000317
        }
      },
      {
        "reactor_utilization": {
          "shard": "1",
          "value": 74.274802760000043
        }
      },
      {
        "reactor_utilization": {
          "shard": "2",
          "value": 78.110856339999671
        }
      },
      {
        "reactor_utilization": {
          "shard": "3",
          "value": 82.683537300000069
        }
      },
      {
        "reactor_utilization": {
          "shard": "4",
          "value": 80.114071580000058
        }
      },
      {
        "reactor_utilization": {
          "shard": "5",
          "value": 77.326117000000352
        }
      },
      {
        "reactor_utilization": {
          "shard": "6",
          "value": 81.76048095999964
        }
      },
      {
        "reactor_utilization": {
          "shard": "7",
          "value": 90.042750159999784
        }
      }
    ]
  },
  {
    "metrics": [
      {
        "reactor_utilization": {
          "shard": "0",
          "value": 71.818242840000323
        }
      },
      {
        "reactor_utilization": {
          "shard": "1",
          "value": 79.415243740000051
        }
      },
      {
        "reactor_utilization": {
          "shard": "2",
          "value": 76.186668359999672
        }
      },
      {
        "reactor_utilization": {
          "shard": "3",
          "value": 86.045699360000071
        }
      },
      {
        "reactor_utilization": {
          "shard": "4",
          "value": 81.288455180000057
        }
      },
      {
        "reactor_utilization": {
          "shard": "5",
          "value": 85.661202240000335
        }
      },
      {
        "reactor_utilization": {
          "shard": "6",
          "value": 87.969884079999645
        }
      },
      {
        "reactor_utilization": {
          "shard": "7",
          "value": 87.032808899999779
        }
      }
    ]
  },
  {
    "metrics": [
      {
        "reactor_utilization": {
          "shard": "0",
          "value": 68.016428200000334
        }
      },
      {
        "reactor_utilization": {
          "shard": "1",
          "value": 69.667125740000046
        }
      },
      {
        "reactor_utilization": {
          "shard": "2",
          "value": 74.056206039999665
        }
      },
      {
        "reactor_utilization": {
          "shard": "3",
          "value": 69.027903580000071
        }
      },
      {
        "reactor_utilization": {
          "shard": "4",
          "value": 53.743625400000063
        }
      },
      {
        "reactor_utilization": {
          "shard": "5",
          "value": 76.63619670000034
        }
      },
      {
        "reactor_utilization": {
          "shard": "6",
          "value": 82.408777719999634
        }
      },
      {
        "reactor_utilization": {
          "shard": "7",
          "value": 99.621697359999786
        }
      }
    ]
  },
  {
    "metrics": [
      {
        "reactor_utilization": {
          "shard": "0",
          "value": 79.78142414000034
        }
      },
      {
        "reactor_utilization": {
          "shard": "1",
          "value": 77.898389180000052
        }
      },
      {
        "reactor_utilization": {
          "shard": "2",
          "value": 74.841032279999681
        }
      },
      {
        "reactor_utilization": {
          "shard": "3",
          "value": 86.831287400000065
        }
      },
      {
        "reactor_utilization": {
          "shard": "4",
          "value": 78.201594340000057
        }
      },
      {
        "reactor_utilization": {
          "shard": "5",
          "value": 71.215609460000337
        }
      },
      {
        "reactor_utilization": {
          "shard": "6",
          "value": 80.704463699999636
        }
      },
      {
        "reactor_utilization": {
          "shard": "7",
          "value": 84.570050379999785
        }
      }
    ]
  },
  {
    "metrics": [
      {
        "reactor_utilization": {
          "shard": "0",
          "value": 88.770829520000333
        }
      },
      {
        "reactor_utilization": {
          "shard": "1",
          "value": 81.334540240000038
        }
      },
      {
        "reactor_utilization": {
          "shard": "2",
          "value": 81.888699059999666
        }
      },
      {
        "reactor_utilization": {
          "shard": "3",
          "value": 85.187864760000068
        }
      },
      {
        "reactor_utilization": {
          "shard": "4",
          "value": 77.335211500000057
        }
      },
      {
        "reactor_utilization": {
          "shard": "5",
          "value": 82.384673000000333
        }
      },
      {
        "reactor_utilization": {
          "shard": "6",
          "value": 81.945009159999643
        }
      },
      {
        "reactor_utilization": {
          "shard": "7",
          "value": 88.331227899999789
        }
      }
    ]
  },
  {
    "metrics": [
      {
        "reactor_utilization": {
          "shard": "0",
          "value": 87.50272442000032
        }
      },
      {
        "reactor_utilization": {
          "shard": "1",
          "value": 76.771904860000035
        }
      },
      {
        "reactor_utilization": {
          "shard": "2",
          "value": 81.769298239999671
        }
      },
      {
        "reactor_utilization": {
          "shard": "3",
          "value": 75.511169140000064
        }
      },
      {
        "reactor_utilization": {
          "shard": "4",
          "value": 80.503477780000054
        }
      },
      {
        "reactor_utilization": {
          "shard": "5",
          "value": 65.90537960000033
        }
      },
      {
        "reactor_utilization": {
          "shard": "6",
          "value": 90.194416259999642
        }
      },
      {
        "reactor_utilization": {
          "shard": "7",
          "value": 89.841430439999783
        }
      }
    ]
  },
  {
    "metrics": [
      {
        "reactor_utilization": {
          "shard": "0",
          "value": 72.592942840000333
        }
      },
      {
        "reactor_utilization": {
          "shard": "1",
          "value": 82.140031500000049
        }
      },
      {
        "reactor_utilization": {
          "shard": "2",
          "value": 91.239758259999675
        }
      },
      {
        "reactor_utilization": {
          "shard": "3",
          "value": 75.648350940000071
        }
      },
      {
        "reactor_utilization": {
          "shard": "4",
          "value": 74.219003700000059
        }
      },
      {
        "reactor_utilization": {
          "shard": "5",
          "value": 81.915368020000329
        }
      },
      {
        "reactor_utilization": {
          "shard": "6",
          "value": 69.136324259999625
        }
      },
      {
        "reactor_utilization": {
          "shard": "7",
          "value": 76.480567099999789
        }
      }
    ]
  },
  {
    "metrics": [
      {
        "reactor_utilization": {
          "shard": "0",
          "value": 81.52353492000033
        }
      },
      {
        "reactor_utilization": {
          "shard": "1",
          "value": 86.479104560000053
        }
      },
      {
        "reactor_utilization": {
          "shard": "2",
          "value": 74.800138119999673
        }
      },
      {
        "reactor_utilization": {
          "shard": "3",
          "value": 82.209837140000076
        }
      },
      {
        "reactor_utilization": {
          "shard": "4",
          "value": 80.214948760000055
        }
      },
      {
        "reactor_utilization": {
          "shard": "5",
          "value": 75.367771320000315
        }
      },
      {
        "reactor_utilization": {
          "shard": "6",
          "value": 79.659779879999633
        }
      },
      {
        "reactor_utilization": {
          "shard": "7",
          "value": 84.314694039999793
        }
      }
    ]
  },
  {
    "metrics": [
      {
        "reactor_utilization": {
          "shard": "0",
          "value": 74.766720100000313
        }
      },
      {
        "reactor_utilization": {
          "shard": "1",
          "value": 77.531135180000049
        }
      },
      {
        "reactor_utilization": {
          "shard": "2",
          "value": 78.16974247999967
        }
      },
      {
        "reactor_utilization": {
          "shard": "3",
          "value": 74.163967860000085
        }
      },
      {
        "reactor_utilization": {
          "shard": "4",
          "value": 69.626883640000045
        }
      },
      {
        "reactor_utilization": {
          "shard": "5",
          "value": 90.908930820000322
        }
      },
      {
        "reactor_utilization": {
          "shard": "6",
          "value": 85.715607379999639
        }
      },
      {
        "reactor_utilization": {
          "shard": "7",
          "value": 85.098530019999785
        }
      }
    ]
  },
  {
    "metrics": [
      {
        "reactor_utilization": {
          "shard": "0",
          "value": 81.30208932000032
        }
      },
      {
        "reactor_utilization": {
          "shard": "1",
          "value": 74.614227300000053
        }
      },
      {
        "reactor_utilization": {
          "shard": "2",
          "value": 72.87084555999968
        }
      },
      {
        "reactor_utilization": {
          "shard": "3",
          "value": 77.838158520000064
        }
      },
      {
        "reactor_utilization": {
          "shard": "4",
          "value": 85.798529260000052
        }
      },
      {
        "reactor_utilization": {
          "shard": "5",
          "value": 73.463941080000325
        }
      },
      {
        "reactor_utilization": {
          "shard": "6",
          "value": 82.055098799999627
        }
      },
      {
        "reactor_utilization": {
          "shard": "7",
          "value": 82.942715999999791
        }
      }
    ]
  },
  {
    "metrics": [
      {
        "reactor_utilization": {
          "shard": "0",
          "value": 78.331121660000321
        }
      },
      {
        "reactor_utilization": {
          "shard": "1",
          "value": 68.504381520000052
        }
      },
      {
        "reactor_utilization": {
          "shard": "2",
          "value": 87.51819127999967
        }
      },
      {
        "reactor_utilization": {
          "shard": "3",
          "value": 86.796379360000074
        }
      },
      {
        "reactor_utilization": {
          "shard": "4",
          "value": 78.624544420000049
        }
      },
      {
        "reactor_utilization": {
          "shard": "5",
          "value": 85.850071920000332
        }
      },
      {
        "reactor_utilization": {
          "shard": "6",
          "value": 86.722599839999631
        }
      },
      {
        "reactor_utilization": {
          "shard": "7",
          "value": 79.638000979999788
        }
      }
    ]
  },
  {
    "metrics": [
      {
        "reactor_utilization": {
          "shard": "0",
          "value": 66.128007080000316
        }
      },
      {
        "reactor_utilization": {
          "shard": "1",
          "value": 70.431775680000044
        }
      },
      {
        "reactor_utilization": {
          "shard": "2",
          "value": 79.584576039999661
        }
      },
      {
        "reactor_utilization": {
          "shard": "3",
          "value": 84.359544380000074
        }
      },
      {
        "reactor_utilization": {
          "shard": "4",
          "value": 80.399721760000048
        }
      },
      {
        "reactor_utilization": {
          "shard": "5",
          "value": 89.982570940000329
        }
      },
      {
        "reactor_utilization": {
          "shard": "6",
          "value": 87.466158059999628
        }
      },
      {
        "reactor_utilization": {
          "shard": "7",
          "value": 89.099717759999791
        }
      }
    ]
  },
  {
    "metrics": [
      {
        "reactor_utilization": {
          "shard": "0",
          "value": 81.821985800000306
        }
      },
      {
        "reactor_utilization": {
          "shard": "1",
          "value": 74.556848660000043
        }
      },
      {
        "reactor_utilization": {
          "shard": "2",
          "value": 81.47293413999968
        }
      },
      {
        "reactor_utilization": {
          "shard": "3",
          "value": 74.113886800000074
        }
      },
      {
        "reactor_utilization": {
          "shard": "4",
          "value": 70.890739520000039
        }
      },
      {
        "reactor_utilization": {
          "shard": "5",
          "value": 87.602816480000328
        }
      },
      {
        "reactor_utilization": {
          "shard": "6",
          "value": 78.811471539999616
        }
      },
      {
        "reactor_utilization": {
          "shard": "7",
          "value": 90.3052231799998
        }
      }
    ]
  },
  {
    "metrics": [
      {
        "reactor_utilization": {
          "shard": "0",
          "value": 76.824573700000315
        }
      },
      {
        "reactor_utilization": {
          "shard": "1",
          "value": 81.895825620000039
        }
      },
      {
        "reactor_utilization": {
          "shard": "2",
          "value": 78.509290659999678
        }
      },
      {
        "reactor_utilization": {
          "shard": "3",
          "value": 72.724225660000073
        }
      },
      {
        "reactor_utilization": {
          "shard": "4",
          "value": 60.736546280000049
        }
      },
      {
        "reactor_utilization": {
          "shard": "5",
          "value": 82.542026700000335
        }
      },
      {
        "reactor_utilization": {
          "shard": "6",
          "value": 91.354145499999632
        }
      },
      {
        "reactor_utilization": {
          "shard": "7",
          "value": 86.916106779999794
        }
      }
    ]
  },
  {
    "metrics": [
      {
        "reactor_utilization": {
          "shard": "0",
          "value": 61.561485600000324
        }
      },
      {
        "reactor_utilization": {
          "shard": "1",
          "value": 78.041016040000045
        }
      },
      {
        "reactor_utilization": {
          "shard": "2",
          "value": 78.188376219999682
        }
      },
      {
        "reactor_utilization": {
          "shard": "3",
          "value": 80.892271420000085
        }
      },
      {
        "reactor_utilization": {
          "shard": "4",
          "value": 77.476505920000065
        }
      },
      {
        "reactor_utilization": {
          "shard": "5",
          "value": 91.678015180000344
        }
      },
      {
        "reactor_utilization": {
          "shard": "6",
          "value": 81.258531579999627
        }
      },
      {
        "reactor_utilization": {
          "shard": "7",
          "value": 84.137064619999791
        }
      }
    ]
  },
  {
    "metrics": [
      {
        "reactor_utilization": {
          "shard": "0",
          "value": 76.511156120000322
        }
      },
      {
        "reactor_utilization": {
          "shard": "1",
          "value": 81.894976960000051
        }
      },
      {
        "reactor_utilization": {
          "shard": "2",
          "value": 76.471894839999678
        }
      },
      {
        "reactor_utilization": {
          "shard": "3",
          "value": 87.166629640000068
        }
      },
      {
        "reactor_utilization": {
          "shard": "4",
          "value": 87.108966340000066
        }
      },
      {
        "reactor_utilization": {
          "shard": "5",
          "value": 88.534345540000331
        }
      },
      {
        "reactor_utilization": {
          "shard": "6",
          "value": 77.549561679999627
        }
      },
      {
        "reactor_utilization": {
          "shard": "7",
          "value": 88.731255999999789
        }
      }
    ]
  },
  {
    "metrics": [
      {
        "reactor_utilization": {
          "shard": "0",
          "value": 92.533295880000324
        }
      },
      {
        "reactor_utilization": {
          "shard": "1",
          "value": 79.346315080000053
        }
      },
      {
        "reactor_utilization": {
          "shard": "2",
          "value": 78.367887379999672
        }
      },
      {
        "reactor_utilization": {
          "shard": "3",
          "value": 87.913212000000073
        }
      },
      {
        "reactor_utilization": {
          "shard": "4",
          "value": 74.843830100000062
        }
      },
      {
        "reactor_utilization": {
          "shard": "5",
          "value": 84.689801360000345
        }
      },
      {
        "reactor_utilization": {
          "shard": "6",
          "value": 78.641641019999625
        }
      },
      {
        "reactor_utilization": {
          "shard": "7",
          "value": 87.322537459999793
        }
      }
    ]
  },
  {
    "metrics": [
      {
        "reactor_utilization": {
          "shard": "0",
          "value": 76.084354060000308
        }
      },
      {
        "reactor_utilization": {
          "shard": "1",
          "value": 66.824387240000036
        }
      },
      {
        "reactor_utilization": {
          "shard": "2",
          "value": 77.722540619999677
        }
      },
      {
        "reactor_utilization": {
          "shard": "3",
          "value": 76.116281820000069
        }
      },
      {
        "reactor_utilization": {
          "shard": "4",
          "value": 78.113958460000063
        }
      },
      {
        "reactor_utilization": {
          "shard": "5",
          "value": 83.038872220000343
        }
      },
      {
        "reactor_utilization": {
          "shard": "6",
          "value": 82.877416639999609
        }
      },
      {
        "reactor_utilization": {
          "shard": "7",
          "value": 76.419948219999796
        }
      }
    ]
  },
  {
    "metrics": [
      {
        "reactor_utilization": {
          "shard": "0",
          "value": 71.217634340000316
        }
      },
      {
        "reactor_utilization": {
          "shard": "1",
          "value": 77.247408300000046
        }
      },
      {
        "reactor_utilization": {
          "shard": "2",
          "value": 86.147638479999671
        }
      },
      {
        "reactor_utilization": {
          "shard": "3",
          "value": 86.853770580000074
        }
      },
      {
        "reactor_utilization": {
          "shard": "4",
          "value": 80.150008200000073
        }
      },
      {
        "reactor_utilization": {
          "shard": "5",
          "value": 76.051240880000336
        }
      },
      {
        "reactor_utilization": {
          "shard": "6",
          "value": 84.160340199999624
        }
      },
      {
        "reactor_utilization": {
          "shard": "7",
          "value": 85.611633259999792
        }
      }
    ]
  },
  {
    "metrics": [
      {
        "reactor_utilization": {
          "shard": "0",
          "value": 77.907330480000311
        }
      },
      {
        "reactor_utilization": {
          "shard": "1",
          "value": 79.407497440000043
        }
      },
      {
        "reactor_utilization": {
          "shard": "2",
          "value": 86.57537669999968
        }
      },
      {
        "reactor_utilization": {
          "shard": "3",
          "value": 90.11181714000007
        }
      },
      {
        "reactor_utilization": {
          "shard": "4",
          "value": 75.169153880000067
        }
      },
      {
        "reactor_utilization": {
          "shard": "5",
          "value": 75.321665320000335
        }
      },
      {
        "reactor_utilization": {
          "shard": "6",
          "value": 78.836848719999622
        }
      },
      {
        "reactor_utilization": {
          "shard": "7",
          "value": 76.564193759999796
        }
      }
    ]
  },
  {
    "metrics": [
      {
        "reactor_utilization": {
          "shard": "0",
          "value": 77.819031960000316
        }
      },
      {
        "reactor_utilization": {
          "shard": "1",
          "value": 78.594553580000053
        }
      },
      {
        "reactor_utilization": {
          "shard": "2",
          "value": 79.441307259999675
        }
      },
      {
        "reactor_utilization": {
          "shard": "3",
          "value": 84.900969600000067
        }
      },
      {
        "reactor_utilization": {
          "shard": "4",
          "value": 75.086583700000062
        }
      },
      {
        "reactor_utilization": {
          "shard": "5",
          "value": 80.673915440000329
        }
      },
      {
        "reactor_utilization": {
          "shard": "6",
          "value": 79.476983539999608
        }
      },
      {
        "reactor_utilization": {
          "shard": "7",
          "value": 84.864347979999792
        }
      }
    ]
  },
  {
    "metrics": [
      {
        "reactor_utilization": {
          "shard": "0",
          "value": 83.279578500000312
        }
      },
      {
        "reactor_utilization": {
          "shard": "1",
          "value": 79.21537606000004
        }
      },
      {
        "reactor_utilization": {
          "shard": "2",
          "value": 81.376565839999685
        }
      },
      {
        "reactor_utilization": {
          "shard": "3",
          "value": 87.554970640000079
        }
      },
      {
        "reactor_utilization": {
          "shard": "4",
          "value": 75.060190700000064
        }
      },
      {
        "reactor_utilization": {
          "shard": "5",
          "value": 79.389290940000336
        }
      },
      {
        "reactor_utilization": {
          "shard": "6",
          "value": 78.291977639999615
        }
      },
      {
        "reactor_utilization": {
          "shard": "7",
          "value": 85.667993639999793
        }
      }
    ]
  },
  {
    "metrics": [
      {
        "reactor_utilization": {
          "shard": "0",
          "value": 83.18022878000032
        }
      },
      {
        "reactor_utilization": {
          "shard": "1",
          "value": 78.024323540000054
        }
      },
      {
        "reactor_utilization": {
          "shard": "2",
          "value": 78.417833859999675
        }
      },
      {
        "reactor_utilization": {
          "shard": "3",
          "value": 79.848858820000075
        }
      },
      {
        "reactor_utilization": {
          "shard": "4",
          "value": 82.829714680000066
        }
      },
      {
        "reactor_utilization": {
          "shard": "5",
          "value": 82.006599680000349
        }
      },
      {
        "reactor_utilization": {
          "shard": "6",
          "value": 88.367474619999612
        }
      },
      {
        "reactor_utilization": {
          "shard": "7",
          "value": 75.56570379999981
        }
      }
    ]
  },
  {
    "metrics": [
      {
        "reactor_utilization": {
          "shard": "0",
          "value": 82.857463100000317
        }
      },
      {
        "reactor_utilization": {
          "shard": "1",
          "value": 83.524886120000048
        }
      },
      {
        "reactor_utilization": {
          "shard": "2",
          "value": 79.619044839999674
        }
      },
      {
        "reactor_utilization": {
          "shard": "3",
          "value": 87.369330960000084
        }
      },
      {
        "reactor_utilization": {
          "shard": "4",
          "value": 72.700016900000051
        }
      },
      {
        "reactor_utilization": {
          "shard": "5",
          "value": 77.041542500000347
        }
      },
      {
        "reactor_utilization": {
          "shard": "6",
          "value": 78.776489259999622
        }
      },
      {
        "reactor_utilization": {
          "shard": "7",
          "value": 93.483593179999801
        }
      }
    ]
  }
]
