[
  {
    "metrics": [
      {
        "reactor_utilization": {
          "shard": "0",
          "value": 87.028242920000324
        }
      },
      {
        "reactor_utilization": {
          "shard": "1",
          "value": 84.995043120000048
        }
      },
      {
        "reactor_utilization": {
          "shard": "2",
          "value": 83.872994439999687
        }
      },
      {
        "reactor_utilization": {
          "shard": "3",
          "value": 83.093995340000063
        }
      },
      {
        "reactor_utilization": {
          "shard": "4",
          "value": 81.527482540000108
        }
      },
      {
        "reactor_utilization": {
          "shard": "5",
          "value": 81.419148000000362
        }
      },
      {
        "reactor_utilization": {
          "shard": "6",
          "value": 87.632113299999645
        }
      },
      {
        "reactor_utilization": {
          "shard": "7",
          "value": 85.377560799999785
        }
      }
    ]
  },
  {
    "metrics": [
      {
        "reactor_utilization": {
          "shard": "0",
          "value": 89.94274678000032
        }
      },
      {
        "reactor_utilization": {
          "shard": "1",
          "value": 83.611587860000043
        }
      },
      {
        "reactor_utilization": {
          "shard": "2",
          "value": 91.815158179999685
        }
      },
      {
        "reactor_utilization": {
          "shard": "3",
          "value": 89.087361320000056
        }
      },
      {
        "reactor_utilization": {
          "shard": "4",
          "value": 85.731617780000107
        }
      },
      {
        "reactor_utilization": {
          "shard": "5",
          "value": 82.282093180000345
        }
      },
      {
        "reactor_utilization": {
          "shard": "6",
          "value": 83.204248599999644
        }
      },
      {
        "reactor_utilization": {
          "shard": "7",
          "value": 90.517084479999781
        }
      }
    ]
  },
  {
    "metrics": [
      {
        "reactor_utilization": {
          "shard": "0",
          "value": 88.14866820000033
        }
      },
      {
        "reactor_utilization": {
          "shard": "1",
          "value": 88.026953520000049
        }
      },
      {
        "reactor_utilization": {
          "shard": "2",
          "value": 85.623483819999691
        }
      },
      {
        "reactor_utilization": {
          "shard": "3",
          "value": 90.831279140000063
        }
      },
      {
        "reactor_utilization": {
          "shard": "4",
          "value": 82.141159480000098
        }
      },
      {
        "reactor_utilization": {
          "shard": "5",
          "value": 83.484446060000366
        }
      },
      {
        "reactor_utilization": {
          "shard": "6",
          "value": 83.891746399999647
        }
      },
      {
        "reactor_utilization": {
          "shard": "7",
          "value": 87.210935079999786
        }
      }
    ]
  },
  {
    "metrics": [
      {
        "reactor_utilization": {
          "shard": "0",
          "value": 82.174706560000317
        }
      },
      {
        "reactor_utilization": {
          "shard": "1",
          "value": 87.130908340000047
        }
      },
      {
        "reactor_utilization": {
          "shard": "2",
          "value": 86.186453439999696
        }
      },
      {
        "reactor_utilization": {
          "shard": "3",
          "value": 79.108242600000054
        }
      },
      {
        "reactor_utilization": {
          "shard": "4",
          "value": 79.942736080000103
        }
      },
      {
        "reactor_utilization": {
          "shard": "5",
          "value": 81.678308360000358
        }
      },
      {
        "reactor_utilization": {
          "shard": "6",
          "value": 87.064177319999644
        }
      },
      {
        "reactor_utilization": {
          "shard": "7",
          "value": 90.392138379999793
        }
      }
    ]
  },
  {
    "metrics": [
      {
        "reactor_utilization": {
          "shard": "0",
          "value": 91.415226960000325
        }
      },
      {
        "reactor_utilization": {
          "shard": "1",
          "value": 77.022779280000051
        }
      },
      {
        "reactor_utilization": {
          "shard": "2",
          "value": 84.46879095999968
        }
      },
      {
        "reactor_utilization": {
          "shard": "3",
          "value": 86.516342440000059
        }
      },
      {
        "reactor_utilization": {
          "shard": "4",
          "value": 91.619162020000104
        }
      },
      {
        "reactor_utilization": {
          "shard": "5",
          "value": 87.790395220000349
        }
      },
      {
        "reactor_utilization": {
          "shard": "6",
          "value": 85.775153579999653
        }
      },
      {
        "reactor_utilization": {
          "shard": "7",
          "value": 85.205061019999789
        }
      }
    ]
  },
  {
    "metrics": [
      {
        "reactor_utilization": {
          "shard": "0",
          "value": 79.567199200000331
        }
      },
      {
        "reactor_utilization": {
          "shard": "1",
          "value": 77.197356340000042
        }
      },
      {
        "reactor_utilization": {
          "shard": "2",
          "value": 89.272818919999679
        }
      },
      {
        "reactor_utilization": {
          "shard": "3",
          "value": 87.524914100000061
        }
      },
      {
        "reactor_utilization": {
          "shard": "4",
          "value": 69.394899700000096
        }
      },
      {
        "reactor_utilization": {
          "shard": "5",
          "value": 81.168018760000351
        }
      },
      {
        "reactor_utilization": {
          "shard": "6",
          "value": 79.755055199999646
        }
      },
      {
        "reactor_utilization": {
          "shard": "7",
          "value": 88.568153859999782
        }
      }
    ]
  },
  {
    "metrics": [
      {
        "reactor_utilization": {
          "shard": "0",
          "value": 71.27293590000032
        }
      },
      {
        "reactor_utilization": {
          "shard": "1",
          "value": 72.557791880000039
        }
      },
      {
        "reactor_utilization": {
          "shard": "2",
          "value": 76.248478879999695
        }
      },
      {
        "reactor_utilization": {
          "shard": "3",
          "value": 71.023523000000068
        }
      },
      {
        "reactor_utilization": {
          "shard": "4",
          "value": 78.190381180000102
        }
      },
      {
        "reactor_utilization": {
          "shard": "5",
          "value": 87.276512460000362
        }
      },
      {
        "reactor_utilization": {
          "shard": "6",
          "value": 93.86570435999964
        }
      },
      {
        "reactor_utilization": {
          "shard": "7",
          "value": 87.751022499999792
        }
      }
    ]
  },
  {
    "metrics": [
      {
        "reactor_utilization": {
          "shard": "0",
          "value": 81.615088380000316
        }
      },
      {
        "reactor_utilization": {
          "shard": "1",
          "value": 90.261740020000047
        }
      },
      {
        "reactor_utilization": {
          "shard": "2",
          "value": 84.543059639999697
        }
      },
      {
        "reactor_utilization": {
          "shard": "3",
          "value": 89.404267880000063
        }
      },
      {
        "reactor_utilization": {
          "shard": "4",
          "value": 76.663024900000096
        }
      },
      {
        "reactor_utilization": {
          "shard": "5",
          "value": 85.01771322000036
        }
      },
      {
        "reactor_utilization": {
          "shard": "6",
          "value": 79.243531159999648
        }
      },
      {
        "reactor_utilization": {
          "shard": "7",
          "value": 98.401117199999788
        }
      }
    ]
  },
  {
    "metrics": [
      {
        "reactor_utilization": {
          "shard": "0",
          "value": 78.885283240000319
        }
      },
      {
        "reactor_utilization": {
          "shard": "1",
          "value": 76.347310760000056
        }
      },
      {
        "reactor_utilization": {
          "shard": "2",
          "value": 86.018194919999686
        }
      },
      {
        "reactor_utilization": {
          "shard": "3",
          "value": 90.618206580000077
        }
      },
      {
        "reactor_utilization": {
          "shard": "4",
          "value": 85.167785600000087
        }
      },
      {
        "reactor_utilization": {
          "shard": "5",
          "value": 85.521975120000363
        }
      },
      {
        "reactor_utilization": {
          "shard": "6",
          "value": 86.936296299999654
        }
      },
      {
        "reactor_utilization": {
          "shard": "7",
          "value": 89.841814179999787
        }
      }
    ]
  },
  {
    "metrics": [
      {
        "reactor_utilization": {
          "shard": "0",
          "value": 86.031055620000316
        }
      },
      {
        "reactor_utilization": {
          "shard": "1",
          "value": 75.656206380000043
        }
      },
      {
        "reactor_utilization": {
          "shard": "2",
          "value": 91.911266959999693
        }
      },
      {
        "reactor_utilization": {
          "shard": "3",
          "value": 90.572248980000069
        }
      },
      {
        "reactor_utilization": {
          "shard": "4",
          "value": 79.343636360000076
        }
      },
      {
        "reactor_utilization": {
          "shard": "5",
          "value": 84.524899000000346
        }
      },
      {
        "reactor_utilization": {
          "shard": "6",
          "value": 79.415300479999644
        }
      },
      {
        "reactor_utilization": {
          "shard": "7",
          "value": 83.413929839999781
        }
      }
    ]
  },
  {
    "metrics": [
      {
        "reactor_utilization": {
          "shard": "0",
          "value": 77.971771100000325
        }
      },
      {
        "reactor_utilization": {
          "shard": "1",
          "value": 86.354629780000039
        }
      },
      {
        "reactor_utilization": {
          "shard": "2",
          "value": 84.6124866199997
        }
      },
      {
        "reactor_utilization": {
          "shard": "3",
          "value": 90.523053420000068
        }
      },
      {
        "reactor_utilization": {
          "shard": "4",
          "value": 87.224013020000086
        }
      },
      {
        "reactor_utilization": {
          "shard": "5",
          "value": 82.204638760000364
        }
      },
      {
        "reactor_utilization": {
          "shard": "6",
          "value": 85.233858079999663
        }
      },
      {
        "reactor_utilization": {
          "shard": "7",
          "value": 86.144113939999784
        }
      }
    ]
  },
  {
    "metrics": [
      {
        "reactor_utilization": {
          "shard": "0",
          "value": 88.26769900000032
        }
      },
      {
        "reactor_utilization": {
          "shard": "1",
          "value": 83.185659440000052
        }
      },
      {
        "reactor_utilization": {
          "shard": "2",
          "value": 85.382503599999694
        }
      },
      {
        "reactor_utilization": {
          "shard": "3",
          "value": 92.31709064000006
        }
      },
      {
        "reactor_utilization": {
          "shard": "4",
          "value": 74.273077680000085
        }
      },
      {
        "reactor_utilization": {
          "shard": "5",
          "value": 80.89638958000036
        }
      },
      {
        "reactor_utilization": {
          "shard": "6",
          "value": 82.696811479999653
        }
      },
      {
        "reactor_utilization": {
          "shard": "7",
          "value": 83.287221919999794
        }
      }
    ]
  },
  {
    "metrics": [
      {
        "reactor_utilization": {
          "shard": "0",
          "value": 84.239309960000313
        }
      },
      {
        "reactor_utilization": {
          "shard": "1",
          "value": 79.403269860000037
        }
      },
      {
        "reactor_utilization": {
          "shard": "2",
          "value": 79.847441679999704
        }
      },
      {
        "reactor_utilization": {
          "shard": "3",
          "value": 83.575444580000067
        }
      },
      {
        "reactor_utilization": {
          "shard": "4",
          "value": 79.322243420000092
        }
      },
      {
        "reactor_utilization": {
          "shard": "5",
          "value": 79.161232120000363
        }
      },
      {
        "reactor_utilization": {
          "shard": "6",
          "value": 79.374557379999658
        }
      },
      {
        "reactor_utilization": {
          "shard": "7",
          "value": 96.016907559999794
        }
      }
    ]
  },
  {
    "metrics": [
      {
        "reactor_utilization": {
          "shard": "0",
          "value": 87.718825440000316
        }
      },
      {
        "reactor_utilization": {
          "shard": "1",
          "value": 74.850064520000046
        }
      },
      {
        "reactor_utilization": {
          "shard": "2",
          "value": 80.229882079999697
        }
      },
      {
        "reactor_utilization": {
          "shard": "3",
          "value": 88.343020960000075
        }
      },
      {
        "reactor_utilization": {
          "shard": "4",
          "value": 77.431279780000082
        }
      },
      {
        "reactor_utilization": {
          "shard": "5",
          "value": 83.517097720000351
        }
      },
      {
        "reactor_utilization": {
          "shard": "6",
          "value": 85.927592339999649
        }
      },
      {
        "reactor_utilization": {
          "shard": "7",
          "value": 85.139877579999791
        }
      }
    ]
  },
  {
    "metrics": [
      {
        "reactor_utilization": {
          "shard": "0",
          "value": 82.425193760000326
        }
      },
      {
        "reactor_utilization": {
          "shard": "1",
          "value": 83.821806900000041
        }
      },
      {
        "reactor_utilization": {
          "shard": "2",
          "value": 88.659402799999683
        }
      },
      {
        "reactor_utilization": {
          "shard": "3",
          "value": 81.436748160000079
        }
      },
      {
        "reactor_utilization": {
          "shard": "4",
          "value": 82.376021960000088
        }
      },
      {
        "reactor_utilization": {
          "shard": "5",
          "value": 74.943399880000356
        }
      },
      {
        "reactor_utilization": {
          "shard": "6",
          "value": 94.118236099999649
        }
      },
      {
        "reactor_utilization": {
          "shard": "7",
          "value": 91.660489839999798
        }
      }
    ]
  },
  {
    "metrics": [
      {
        "reactor_utilization": {
          "shard": "0",
          "value": 89.27179134000032
        }
      },
      {
        "reactor_utilization": {
          "shard": "1",
          "value": 76.671982180000043
        }
      },
      {
        "reactor_utilization": {
          "shard": "2",
          "value": 83.490251579999693
        }
      },
      {
        "reactor_utilization": {
          "shard": "3",
          "value": 90.140714460000069
        }
      },
      {
        "reactor_utilization": {
          "shard": "4",
          "value": 76.521919740000101
        }
      },
      {
        "reactor_utilization": {
          "shard": "5",
          "value": 80.894317540000358
        }
      },
      {
        "reactor_utilization": {
          "shard": "6",
          "value": 87.061631479999662
        }
      },
      {
        "reactor_utilization": {
          "shard": "7",
          "value": 88.898406139999793
        }
      }
    ]
  },
  {
    "metrics": [
      {
        "reactor_utilization": {
          "shard": "0",
          "value": 83.459294320000325
        }
      },
      {
        "reactor_utilization": {
          "shard": "1",
          "value": 87.447433340000032
        }
      },
      {
        "reactor_utilization": {
          "shard": "2",
          "value": 89.54341169999968
        }
      },
      {
        "reactor_utilization": {
          "shard": "3",
          "value": 94.840420300000076
        }
      },
      {
        "reactor_utilization": {
          "shard": "4",
          "value": 81.457060840000096
        }
      },
      {
        "reactor_utilization": {
          "shard": "5",
          "value": 80.788523960000362
        }
      },
      {
        "reactor_utilization": {
          "shard": "6",
          "value": 82.247545719999664
        }
      },
      {
        "reactor_utilization": {
          "shard": "7",
          "value": 87.415051239999784
        }
      }
    ]
  },
  {
    "metrics": [
      {
        "reactor_utilization": {
          "shard": "0",
          "value": 93.974468420000306
        }
      },
      {
        "reactor_utilization": {
          "shard": "1",
          "value": 94.419817460000033
        }
      },
      {
        "reactor_utilization": {
          "shard": "2",
          "value": 86.692849199999685
        }
      },
      {
        "reactor_utilization": {
          "shard": "3",
          "value": 78.79341950000007
        }
      },
      {
        "reactor_utilization": {
          "shard": "4",
          "value": 81.938505340000091
        }
      },
      {
        "reactor_utilization": {
          "shard": "5",
          "value": 81.964364340000358
        }
      },
      {
        "reactor_utilization": {
          "shard": "6",
          "value": 83.422465239999653
        }
      },
      {
        "reactor_utilization": {
          "shard": "7",
          "value": 84.550874999999778
        }
      }
    ]
  },
  {
    "metrics": [
      {
        "reactor_utilization": {
          "shard": "0",
          "value": 82.188539940000311
        }
      },
      {
        "reactor_utilization": {
          "shard": "1",
          "value": 76.286712820000034
        }
      },
      {
        "reactor_utilization": {
          "shard": "2",
          "value": 91.496581239999699
        }
      },
      {
        "reactor_utilization": {
          "shard": "3",
          "value": 84.683894460000076
        }
      },
      {
        "reactor_utilization": {
          "shard": "4",
          "value": 86.299276480000103
        }
      },
      {
        "reactor_utilization": {
          "shard": "5",
          "value": 89.026120060000366
        }
      },
      {
        "reactor_utilization": {
          "shard": "6",
          "value": 91.32824643999966
        }
      },
      {
        "reactor_utilization": {
          "shard": "7",
          "value": 82.46448937999979
        }
      }
    ]
  },
  {
    "metrics": [
      {
        "reactor_utilization": {
          "shard": "0",
          "value": 86.834422880000318
        }
      },
      {
        "reactor_utilization": {
          "shard": "1",
          "value": 80.482308480000043
        }
      },
      {
        "reactor_utilization": {
          "shard": "2",
          "value": 87.115532379999692
        }
      },
      {
        "reactor_utilization": {
          "shard": "3",
          "value": 82.745301820000066
        }
      },
      {
        "reactor_utilization": {
          "shard": "4",
          "value": 80.783431480000104
        }
      },
      {
        "reactor_utilization": {
          "shard": "5",
          "value": 84.369156660000357
        }
      },
      {
        "reactor_utilization": {
          "shard": "6",
          "value": 83.326031459999655
        }
      },
      {
        "reactor_utilization": {
          "shard": "7",
          "value": 94.194487799999791
        }
      }
    ]
  },
  {
    "metrics": [
      {
        "reactor_utilization": {
          "shard": "0",
          "value": 81.998633840000323
        }
      },
      {
        "reactor_utilization": {
          "shard": "1",
          "value": 80.123567960000045
        }
      },
      {
        "reactor_utilization": {
          "shard": "2",
          "value": 82.355545719999697
        }
      },
      {
        "reactor_utilization": {
          "shard": "3",
          "value": 81.353210640000071
        }
      },
      {
        "reactor_utilization": {
          "shard": "4",
          "value": 69.22549536000011
        }
      },
      {
        "reactor_utilization": {
          "shard": "5",
          "value": 83.752184000000369
        }
      },
      {
        "reactor_utilization": {
          "shard": "6",
          "value": 93.79865407999965
        }
      },
      {
        "reactor_utilization": {
          "shard": "7",
          "value": 83.930785219999791
        }
      }
    ]
  },
  {
    "metrics": [
      {
        "reactor_utilization": {
          "shard": "0",
          "value": 76.959023620000309
        }
      },
      {
        "reactor_utilization": {
          "shard": "1",
          "value": 84.366136500000039
        }
      },
      {
        "reactor_utilization": {
          "shard": "2",
          "value": 82.006445819999698
        }
      },
      {
        "reactor_utilization": {
          "shard": "3",
          "value": 84.982515820000074
        }
      },
      {
        "reactor_utilization": {
          "shard": "4",
          "value": 88.996837420000105
        }
      },
      {
        "reactor_utilization": {
          "shard": "5",
          "value": 89.984343000000351
        }
      },
      {
        "reactor_utilization": {
          "shard": "6",
          "value": 87.429453659999652
        }
      },
      {
        "reactor_utilization": {
          "shard": "7",
          "value": 91.129670579999797
        }
      }
    ]
  },
  {
    "metrics": [
      {
        "reactor_utilization": {
          "shard": "0",
          "value": 72.751101640000314
        }
      },
      {
        "reactor_utilization": {
          "shard": "1",
          "value": 77.991689960000045
        }
      },
      {
        "reactor_utilization": {
          "shard": "2",
          "value": 80.77988167999969
        }
      },
      {
        "reactor_utilization": {
          "shard": "3",
          "value": 84.152457500000068
        }
      },
      {
        "reactor_utilization": {
          "shard": "4",
          "value": 68.586104800000101
        }
      },
      {
        "reactor_utilization": {
          "shard": "5",
          "value": 88.772028900000365
        }
      },
      {
        "reactor_utilization": {
          "shard": "6",
          "value": 85.482111499999661
        }
      },
      {
        "reactor_utilization": {
          "shard": "7",
          "value": 96.176551579999796
        }
      }
    ]
  },
  {
    "metrics": [
      {
        "reactor_utilization": {
          "shard": "0",
          "value": 78.827677580000326
        }
      },
      {
        "reactor_utilization": {
          "shard": "1",
          "value": 77.83301442000004
        }
      },
      {
        "reactor_utilization": {
          "shard": "2",
          "value": 88.099423399999694
        }
      },
      {
        "reactor_utilization": {
          "shard": "3",
          "value": 95.661563180000059
        }
      },
      {
        "reactor_utilization": {
          "shard": "4",
          "value": 81.462120260000106
        }
      },
      {
        "reactor_utilization": {
          "shard": "5",
          "value": 89.433519200000362
        }
      },
      {
        "reactor_utilization": {
          "shard": "6",
          "value": 83.29561073999966
        }
      },
      {
        "reactor_utilization": {
          "shard": "7",
          "value": 83.917299259999794
        }
      }
    ]
  }
]
