[
  {
    "metrics": [
      {
        "reactor_utilization": {
          "shard": "0",
          "value": 92.007235420000313
        }
      },
      {
        "reactor_utilization": {
          "shard": "1",
          "value": 82.547461579999975
        }
      },
      {
        "reactor_utilization": {
          "shard": "2",
          "value": 84.905463459999609
        }
      },
      {
        "reactor_utilization": {
          "shard": "3",
          "value": 89.099224260000085
        }
      },
      {
        "reactor_utilization": {
          "shard": "4",
          "value": 75.573951060000113
        }
      },
      {
        "reactor_utilization": {
          "shard": "5",
          "value": 84.681135060000415
        }
      },
      {
        "reactor_utilization": {
          "shard": "6",
          "value": 88.352042059999718
        }
      },
      {
        "reactor_utilization": {
          "shard": "7",
          "value": 98.227982599999791
        }
      }
    ]
  },
  {
    "metrics": [
      {
        "reactor_utilization": {
          "shard": "0",
          "value": 86.028917440000313
        }
      },
      {
        "reactor_utilization": {
          "shard": "1",
          "value": 87.955661699999979
        }
      },
      {
        "reactor_utilization": {
          "shard": "2",
          "value": 93.884426219999611
        }
      },
      {
        "reactor_utilization": {
          "shard": "3",
          "value": 92.851110840000089
        }
      },
      {
        "reactor_utilization": {
          "shard": "4",
          "value": 78.594601680000125
        }
      },
      {
        "reactor_utilization": {
          "shard": "5",
          "value": 77.44295174000041
        }
      },
      {
        "reactor_utilization": {
          "shard": "6",
          "value": 85.457347779999708
        }
      },
      {
        "reactor_utilization": {
          "shard": "7",
          "value": 91.091305579999784
        }
      }
    ]
  },
  {
    "metrics": [
      {
        "reactor_utilization": {
          "shard": "0",
          "value": 82.831814960000301
        }
      },
      {
        "reactor_utilization": {
          "shard": "1",
          "value": 94.139486479999974
        }
      },
      {
        "reactor_utilization": {
          "shard": "2",
          "value": 91.536611079999602
        }
      },
      {
        "reactor_utilization": {
          "shard": "3",
          "value": 80.987655080000081
        }
      },
      {
        "reactor_utilization": {
          "shard": "4",
          "value": 73.96949570000011
        }
      },
      {
        "reactor_utilization": {
          "shard": "5",
          "value": 83.86261044000041
        }
      },
      {
        "reactor_utilization": {
          "shard": "6",
          "value": 79.435049239999714
        }
      },
      {
        "reactor_utilization": {
          "shard": "7",
          "value": 91.187708179999788
        }
      }
    ]
  },
  {
    "metrics": [
      {
        "reactor_utilization": {
          "shard": "0",
          "value": 93.304670320000298
        }
      },
      {
        "reactor_utilization": {
          "shard": "1",
          "value": 85.816112559999979
        }
      },
      {
        "reactor_utilization": {
          "shard": "2",
          "value": 79.731362739999597
        }
      },
      {
        "reactor_utilization": {
          "shard": "3",
          "value": 86.395098980000085
        }
      },
      {
        "reactor_utilization": {
          "shard": "4",
          "value": 75.626044740000097
        }
      },
      {
        "reactor_utilization": {
          "shard": "5",
          "value": 89.951175480000416
        }
      },
      {
        "reactor_utilization": {
          "shard": "6",
          "value": 89.335234319999714
        }
      },
      {
        "reactor_utilization": {
          "shard": "7",
          "value": 95.476654499999782
        }
      }
    ]
  },
  {
    "metrics": [
      {
        "reactor_utilization": {
          "shard": "0",
          "value": 82.969601760000302
        }
      },
      {
        "reactor_utilization": {
          "shard": "1",
          "value": 89.629465419999974
        }
      },
      {
        "reactor_utilization": {
          "shard": "2",
          "value": 88.966398499999599
        }
      },
      {
        "reactor_utilization": {
          "shard": "3",
          "value": 90.611689920000089
        }
      },
      {
        "reactor_utilization": {
          "shard": "4",
          "value": 83.671942600000108
        }
      },
      {
        "reactor_utilization": {
          "shard": "5",
          "value": 86.765275420000407
        }
      },
      {
        "reactor_utilization": {
          "shard": "6",
          "value": 87.619727399999718
        }
      },
      {
        "reactor_utilization": {
          "shard": "7",
          "value": 89.866686499999787
        }
      }
    ]
  },
  {
    "metrics": [
      {
        "reactor_utilization": {
          "shard": "0",
          "value": 85.133490080000314
        }
      },
      {
        "reactor_utilization": {
          "shard": "1",
          "value": 82.365673839999971
        }
      },
      {
        "reactor_utilization": {
          "shard": "2",
          "value": 88.231388819999594
        }
      },
      {
        "reactor_utilization": {
          "shard": "3",
          "value": 83.437323920000082
        }
      },
      {
        "reactor_utilization": {
          "shard": "4",
          "value": 65.338361480000103
        }
      },
      {
        "reactor_utilization": {
          "shard": "5",
          "value": 81.65182752000041
        }
      },
      {
        "reactor_utilization": {
          "shard": "6",
          "value": 96.605669519999708
        }
      },
      {
        "reactor_utilization": {
          "shard": "7",
          "value": 89.688191699999791
        }
      }
    ]
  },
  {
    "metrics": [
      {
        "reactor_utilization": {
          "shard": "0",
          "value": 85.217645660000301
        }
      },
      {
        "reactor_utilization": {
          "shard": "1",
          "value": 87.995322619999968
        }
      },
      {
        "reactor_utilization": {
          "shard": "2",
          "value": 80.689053339999603
        }
      },
      {
        "reactor_utilization": {
          "shard": "3",
          "value": 83.45169390000008
        }
      },
      {
        "reactor_utilization": {
          "shard": "4",
          "value": 72.086365140000112
        }
      },
      {
        "reactor_utilization": {
          "shard": "5",
          "value": 90.890388800000409
        }
      },
      {
        "reactor_utilization": {
          "shard": "6",
          "value": 91.35541671999971
        }
      },
      {
        "reactor_utilization": {
          "shard": "7",
          "value": 96.711619359999787
        }
      }
    ]
  },
  {
    "metrics": [
      {
        "reactor_utilization": {
          "shard": "0",
          "value": 77.929907760000305
        }
      },
      {
        "reactor_utilization": {
          "shard": "1",
          "value": 83.872481559999983
        }
      },
      {
        "reactor_utilization": {
          "shard": "2",
          "value": 81.214263299999615
        }
      },
      {
        "reactor_utilization": {
          "shard": "3",
          "value": 92.942020220000074
        }
      },
      {
        "reactor_utilization": {
          "shard": "4",
          "value": 66.403921960000105
        }
      },
      {
        "reactor_utilization": {
          "shard": "5",
          "value": 89.122962280000408
        }
      },
      {
        "reactor_utilization": {
          "shard": "6",
          "value": 95.298129939999725
        }
      },
      {
        "reactor_utilization": {
          "shard": "7",
          "value": 91.672985579999789
        }
      }
    ]
  },
  {
    "metrics": [
      {
        "reactor_utilization": {
          "shard": "0",
          "value": 78.234095980000319
        }
      },
      {
        "reactor_utilization": {
          "shard": "1",
          "value": 83.199455239999992
        }
      },
      {
        "reactor_utilization": {
          "shard": "2",
          "value": 88.013680539999612
        }
      },
      {
        "reactor_utilization": {
          "shard": "3",
          "value": 87.828470960000089
        }
      },
      {
        "reactor_utilization": {
          "shard": "4",
          "value": 83.57490786000011
        }
      },
      {
        "reactor_utilization": {
          "shard": "5",
          "value": 92.9334386000004
        }
      },
      {
        "reactor_utilization": {
          "shard": "6",
          "value": 90.444221399999719
        }
      },
      {
        "reactor_utilization": {
          "shard": "7",
          "value": 97.18810345999978
        }
      }
    ]
  },
  {
    "metrics": [
      {
        "reactor_utilization": {
          "shard": "0",
          "value": 84.409896360000317
        }
      },
      {
        "reactor_utilization": {
          "shard": "1",
          "value": 83.68536069999999
        }
      },
      {
        "reactor_utilization": {
          "shard": "2",
          "value": 95.974794279999614
        }
      },
      {
        "reactor_utilization": {
          "shard": "3",
          "value": 96.16776004000009
        }
      },
      {
        "reactor_utilization": {
          "shard": "4",
          "value": 83.244258440000124
        }
      },
      {
        "reactor_utilization": {
          "shard": "5",
          "value": 88.293662380000399
        }
      },
      {
        "reactor_utilization": {
          "shard": "6",
          "value": 89.268667879999725
        }
      },
      {
        "reactor_utilization": {
          "shard": "7",
          "value": 92.653096899999781
        }
      }
    ]
  },
  {
    "metrics": [
      {
        "reactor_utilization": {
          "shard": "0",
          "value": 83.987623900000315
        }
      },
      {
        "reactor_utilization": {
          "shard": "1",
          "value": 92.925289739999982
        }
      },
      {
        "reactor_utilization": {
          "shard": "2",
          "value": 84.361439479999618
        }
      },
      {
        "reactor_utilization": {
          "shard": "3",
          "value": 91.035573660000082
        }
      },
      {
        "reactor_utilization": {
          "shard": "4",
          "value": 86.822296160000107
        }
      },
      {
        "reactor_utilization": {
          "shard": "5",
          "value": 91.036214260000406
        }
      },
      {
        "reactor_utilization": {
          "shard": "6",
          "value": 80.123552579999711
        }
      },
      {
        "reactor_utilization": {
          "shard": "7",
          "value": 88.702181919999788
        }
      }
    ]
  },
  {
    "metrics": [
      {
        "reactor_utilization": {
          "shard": "0",
          "value": 79.81937298000031
        }
      },
      {
        "reactor_utilization": {
          "shard": "1",
          "value": 86.402523999999985
        }
      },
      {
        "reactor_utilization": {
          "shard": "2",
          "value": 84.742755079999597
        }
      },
      {
        "reactor_utilization": {
          "shard": "3",
          "value": 89.633078580000074
        }
      },
      {
        "reactor_utilization": {
          "shard": "4",
          "value": 64.027973240000108
        }
      },
      {
        "reactor_utilization": {
          "shard": "5",
          "value": 76.513451640000412
        }
      },
      {
        "reactor_utilization": {
          "shard": "6",
          "value": 98.74892659999972
        }
      },
      {
        "reactor_utilization": {
          "shard": "7",
          "value": 93.524192859999786
        }
      }
    ]
  },
  {
    "metrics": [
      {
        "reactor_utilization": {
          "shard": "0",
          "value": 87.082357080000321
        }
      },
      {
        "reactor_utilization": {
          "shard": "1",
          "value": 86.464242379999988
        }
      },
      {
        "reactor_utilization": {
          "shard": "2",
          "value": 87.532365739999605
        }
      },
      {
        "reactor_utilization": {
          "shard": "3",
          "value": 92.523867080000088
        }
      },
      {
        "reactor_utilization": {
          "shard": "4",
          "value": 63.149025320000121
        }
      },
      {
        "reactor_utilization": {
          "shard": "5",
          "value": 87.358342840000418
        }
      },
      {
        "reactor_utilization": {
          "shard": "6",
          "value": 86.411358939999715
        }
      },
      {
        "reactor_utilization": {
          "shard": "7",
          "value": 92.316249059999791
        }
      }
    ]
  },
  {
    "metrics": [
      {
        "reactor_utilization": {
          "shard": "0",
          "value": 93.973982040000308
        }
      },
      {
        "reactor_utilization": {
          "shard": "1",
          "value": 81.925898879999977
        }
      },
      {
        "reactor_utilization": {
          "shard": "2",
          "value": 85.152977279999604
        }
      },
      {
        "reactor_utilization": {
          "shard": "3",
          "value": 88.375071380000094
        }
      },
      {
        "reactor_utilization": {
          "shard": "4",
          "value": 73.308048160000112
        }
      },
      {
        "reactor_utilization": {
          "shard": "5",
          "value": 80.447073680000415
        }
      },
      {
        "reactor_utilization": {
          "shard": "6",
          "value": 88.402861519999718
        }
      },
      {
        "reactor_utilization": {
          "shard": "7",
          "value": 96.459216359999786
        }
      }
    ]
  },
  {
    "metrics": [
      {
        "reactor_utilization": {
          "shard": "0",
          "value": 88.83734562000032
        }
      },
      {
        "reactor_utilization": {
          "shard": "1",
          "value": 90.013316939999982
        }
      },
      {
        "reactor_utilization": {
          "shard": "2",
          "value": 85.084702459999605
        }
      },
      {
        "reactor_utilization": {
          "shard": "3",
          "value": 90.154570180000078
        }
      },
      {
        "reactor_utilization": {
          "shard": "4",
          "value": 73.626671100000124
        }
      },
      {
        "reactor_utilization": {
          "shard": "5",
          "value": 85.655641620000409
        }
      },
      {
        "reactor_utilization": {
          "shard": "6",
          "value": 94.354180219999733
        }
      },
      {
        "reactor_utilization": {
          "shard": "7",
          "value": 90.994073479999798
        }
      }
    ]
  },
  {
    "metrics": [
      {
        "reactor_utilization": {
          "shard": "0",
          "value": 84.488128720000319
        }
      },
      {
        "reactor_utilization": {
          "shard": "1",
          "value": 77.609095919999987
        }
      },
      {
        "reactor_utilization": {
          "shard": "2",
          "value": 82.5402150999996
        }
      },
      {
        "reactor_utilization": {
          "shard": "3",
          "value": 81.77484094000009
        }
      },
      {
        "reactor_utilization": {
          "shard": "4",
          "value": 77.458040300000121
        }
      },
      {
        "reactor_utilization": {
          "shard": "5",
          "value": 84.608080900000402
        }
      },
      {
        "reactor_utilization": {
          "shard": "6",
          "value": 88.687221039999713
        }
      },
      {
        "reactor_utilization": {
          "shard": "7",
          "value": 95.282816859999784
        }
      }
    ]
  },
  {
    "metrics": [
      {
        "reactor_utilization": {
          "shard": "0",
          "value": 87.039590020000318
        }
      },
      {
        "reactor_utilization": {
          "shard": "1",
          "value": 91.427131059999979
        }
      },
      {
        "reactor_utilization": {
          "shard": "2",
          "value": 89.907254319999609
        }
      },
      {
        "reactor_utilization": {
          "shard": "3",
          "value": 88.378391720000081
        }
      },
      {
        "reactor_utilization": {
          "shard": "4",
          "value": 73.429164700000129
        }
      },
      {
        "reactor_utilization": {
          "shard": "5",
          "value": 69.514016380000413
        }
      },
      {
        "reactor_utilization": {
          "shard": "6",
          "value": 87.465368519999714
        }
      },
      {
        "reactor_utilization": {
          "shard": "7",
          "value": 96.423430599999776
        }
      }
    ]
  },
  {
    "metrics": [
      {
        "reactor_utilization": {
          "shard": "0",
          "value": 88.125786960000312
        }
      },
      {
        "reactor_utilization": {
          "shard": "1",
          "value": 92.658287879999975
        }
      },
      {
        "reactor_utilization": {
          "shard": "2",
          "value": 95.180170179999607
        }
      },
      {
        "reactor_utilization": {
          "shard": "3",
          "value": 84.284509580000091
        }
      },
      {
        "reactor_utilization": {
          "shard": "4",
          "value": 77.546647220000125
        }
      },
      {
        "reactor_utilization": {
          "shard": "5",
          "value": 81.646132000000406
        }
      },
      {
        "reactor_utilization": {
          "shard": "6",
          "value": 75.735306879999726
        }
      },
      {
        "reactor_utilization": {
          "shard": "7",
          "value": 90.045376619999786
        }
      }
    ]
  },
  {
    "metrics": [
      {
        "reactor_utilization": {
          "shard": "0",
          "value": 81.785665460000317
        }
      },
      {
        "reactor_utilization": {
          "shard": "1",
          "value": 88.30643809999998
        }
      },
      {
        "reactor_utilization": {
          "shard": "2",
          "value": 91.621371299999609
        }
      },
      {
        "reactor_utilization": {
          "shard": "3",
          "value": 89.399033940000081
        }
      },
      {
        "reactor_utilization": {
          "shard": "4",
          "value": 74.02690114000012
        }
      },
      {
        "reactor_utilization": {
          "shard": "5",
          "value": 98.0036344800004
        }
      },
      {
        "reactor_utilization": {
          "shard": "6",
          "value": 94.63042467999972
        }
      },
      {
        "reactor_utilization": {
          "shard": "7",
          "value": 91.338032119999795
        }
      }
    ]
  },
  {
    "metrics": [
      {
        "reactor_utilization": {
          "shard": "0",
          "value": 94.010470220000315
        }
      },
      {
        "reactor_utilization": {
          "shard": "1",
          "value": 92.309737599999977
        }
      },
      {
        "reactor_utilization": {
          "shard": "2",
          "value": 84.536940779999597
        }
      },
      {
        "reactor_utilization": {
          "shard": "3",
          "value": 96.479317440000088
        }
      },
      {
        "reactor_utilization": {
          "shard": "4",
          "value": 79.977216260000134
        }
      },
      {
        "reactor_utilization": {
          "shard": "5",
          "value": 85.081837140000403
        }
      },
      {
        "reactor_utilization": {
          "shard": "6",
          "value": 93.203520259999735
        }
      },
      {
        "reactor_utilization": {
          "shard": "7",
          "value": 79.074113819999795
        }
      }
    ]
  },
  {
    "metrics": [
      {
        "reactor_utilization": {
          "shard": "0",
          "value": 82.623296760000315
        }
      },
      {
        "reactor_utilization": {
          "shard": "1",
          "value": 77.564626139999973
        }
      },
      {
        "reactor_utilization": {
          "shard": "2",
          "value": 92.82454165999961
        }
      },
      {
        "reactor_utilization": {
          "shard": "3",
          "value": 91.848040180000083
        }
      },
      {
        "reactor_utilization": {
          "shard": "4",
          "value": 72.115198380000137
        }
      },
      {
        "reactor_utilization": {
          "shard": "5",
          "value": 95.241042320000417
        }
      },
      {
        "reactor_utilization": {
          "shard": "6",
          "value": 96.754501219999725
        }
      },
      {
        "reactor_utilization": {
          "shard": "7",
          "value": 92.822832559999796
        }
      }
    ]
  },
  {
    "metrics": [
      {
        "reactor_utilization": {
          "shard": "0",
          "value": 89.849812880000314
        }
      },
      {
        "reactor_utilization": {
          "shard": "1",
          "value": 94.204561259999977
        }
      },
      {
        "reactor_utilization": {
          "shard": "2",
          "value": 81.480931079999607
        }
      },
      {
        "reactor_utilization": {
          "shard": "3",
          "value": 84.935793840000102
        }
      },
      {
        "reactor_utilization": {
          "shard": "4",
          "value": 74.629635080000128
        }
      },
      {
        "reactor_utilization": {
          "shard": "5",
          "value": 91.971042540000397
        }
      },
      {
        "reactor_utilization": {
          "shard": "6",
          "value": 91.55973449999972
        }
      },
      {
        "reactor_utilization": {
          "shard": "7",
          "value": 96.258049839999799
        }
      }
    ]
  },
  {
    "metrics": [
      {
        "reactor_utilization": {
          "shard": "0",
          "value": 81.221486000000326
        }
      },
      {
        "reactor_utilization": {
          "shard": "1",
          "value": 78.995480119999968
        }
      },
      {
        "reactor_utilization": {
          "shard": "2",
          "value": 88.151132319999604
        }
      },
      {
        "reactor_utilization": {
          "shard": "3",
          "value": 85.997323280000089
        }
      },
      {
        "reactor_utilization": {
          "shard": "4",
          "value": 70.692044220000142
        }
      },
      {
        "reactor_utilization": {
          "shard": "5",
          "value": 90.937732420000401
        }
      },
      {
        "reactor_utilization": {
          "shard": "6",
          "value": 88.277259259999724
        }
      },
      {
        "reactor_utilization": {
          "shard": "7",
          "value": 89.213593539999792
        }
      }
    ]
  },
  {
    "metrics": [
      {
        "reactor_utilization": {
          "shard": "0",
          "value": 79.308355400000323
        }
      },
      {
        "reactor_utilization": {
          "shard": "1",
          "value": 84.564203259999985
        }
      },
      {
        "reactor_utilization": {
          "shard": "2",
          "value": 89.452191419999608
        }
      },
      {
        "reactor_utilization": {
          "shard": "3",
          "value": 91.826015040000101
        }
      },
      {
        "reactor_utilization": {
          "shard": "4",
          "value": 87.309529920000145
        }
      },
      {
        "reactor_utilization": {
          "shard": "5",
          "value": 85.345826820000397
        }
      },
      {
        "reactor_utilization": {
          "shard": "6",
          "value": 91.037776819999721
        }
      },
      {
        "reactor_utilization": {
          "shard": "7",
          "value": 99.803002739999798
        }
      }
    ]
  }
]
