[
  {
    "metrics": [
      {
        "reactor_utilization": {
          "shard": "0",
          "value": 87.282917760000274
        }
      },
      {
        "reactor_utilization": {
          "shard": "1",
          "value": 84.49923806000001
        }
      },
      {
        "reactor_utilization": {
          "shard": "2",
          "value": 77.641702459999635
        }
      },
      {
        "reactor_utilization": {
          "shard": "3",
          "value": 76.324747540000089
        }
      },
      {
        "reactor_utilization": {
          "shard": "4",
          "value": 71.610957000000028
        }
      },
      {
        "reactor_utilization": {
          "shard": "5",
          "value": 85.585217240000361
        }
      },
      {
        "reactor_utilization": {
          "shard": "6",
          "value": 82.836402819999691
        }
      },
      {
        "reactor_utilization": {
          "shard": "7",
          "value": 99.959077739999756
        }
      }
    ]
  },
  {
    "metrics": [
      {
        "reactor_utilization": {
          "shard": "0",
          "value": 92.449632840000291
        }
      },
      {
        "reactor_utilization": {
          "shard": "1",
          "value": 93.519607500000006
        }
      },
      {
        "reactor_utilization": {
          "shard": "2",
          "value": 82.063410619999615
        }
      },
      {
        "reactor_utilization": {
          "shard": "3",
          "value": 97.103651820000096
        }
      },
      {
        "reactor_utilization": {
          "shard": "4",
          "value": 89.361298840000032
        }
      },
      {
        "reactor_utilization": {
          "shard": "5",
          "value": 87.454908820000369
        }
      },
      {
        "reactor_utilization": {
          "shard": "6",
          "value": 94.699091679999697
        }
      },
      {
        "reactor_utilization": {
          "shard": "7",
          "value": 99.473837539999749
        }
      }
    ]
  },
  {
    "metrics": [
      {
        "reactor_utilization": {
          "shard": "0",
          "value": 92.934747420000292
        }
      },
      {
        "reactor_utilization": {
          "shard": "1",
          "value": 88.141968060000011
        }
      },
      {
        "reactor_utilization": {
          "shard": "2",
          "value": 83.951492759999624
        }
      },
      {
        "reactor_utilization": {
          "shard": "3",
          "value": 73.754779680000098
        }
      },
      {
        "reactor_utilization": {
          "shard": "4",
          "value": 80.206557420000024
        }
      },
      {
        "reactor_utilization": {
          "shard": "5",
          "value": 81.563778920000374
        }
      },
      {
        "reactor_utilization": {
          "shard": "6",
          "value": 79.634062739999692
        }
      },
      {
        "reactor_utilization": {
          "shard": "7",
          "value": 97.312210499999765
        }
      }
    ]
  },
  {
    "metrics": [
      {
        "reactor_utilization": {
          "shard": "0",
          "value": 95.415037120000278
        }
      },
      {
        "reactor_utilization": {
          "shard": "1",
          "value": 92.296263520000011
        }
      },
      {
        "reactor_utilization": {
          "shard": "2",
          "value": 90.274824019999627
        }
      },
      {
        "reactor_utilization": {
          "shard": "3",
          "value": 78.377113060000099
        }
      },
      {
        "reactor_utilization": {
          "shard": "4",
          "value": 83.890514500000023
        }
      },
      {
        "reactor_utilization": {
          "shard": "5",
          "value": 88.031429780000366
        }
      },
      {
        "reactor_utilization": {
          "shard": "6",
          "value": 81.451724439999694
        }
      },
      {
        "reactor_utilization": {
          "shard": "7",
          "value": 95.206892899999758
        }
      }
    ]
  },
  {
    "metrics": [
      {
        "reactor_utilization": {
          "shard": "0",
          "value": 91.342822180000283
        }
      },
      {
        "reactor_utilization": {
          "shard": "1",
          "value": 87.521118200000018
        }
      },
      {
        "reactor_utilization": {
          "shard": "2",
          "value": 82.361956839999635
        }
      },
      {
        "reactor_utilization": {
          "shard": "3",
          "value": 75.150795340000101
        }
      },
      {
        "reactor_utilization": {
          "shard": "4",
          "value": 90.095705480000021
        }
      },
      {
        "reactor_utilization": {
          "shard": "5",
          "value": 96.163377780000374
        }
      },
      {
        "reactor_utilization": {
          "shard": "6",
          "value": 84.820262239999693
        }
      },
      {
        "reactor_utilization": {
          "shard": "7",
          "value": 86.156532519999757
        }
      }
    ]
  },
  {
    "metrics": [
      {
        "reactor_utilization": {
          "shard": "0",
          "value": 88.330184180000288
        }
      },
      {
        "reactor_utilization": {
          "shard": "1",
          "value": 81.254554800000008
        }
      },
      {
        "reactor_utilization": {
          "shard": "2",
          "value": 74.932451599999624
        }
      },
      {
        "reactor_utilization": {
          "shard": "3",
          "value": 66.960135560000097
        }
      },
      {
        "reactor_utilization": {
          "shard": "4",
          "value": 77.932042420000016
        }
      },
      {
        "reactor_utilization": {
          "shard": "5",
          "value": 95.111013640000365
        }
      },
      {
        "reactor_utilization": {
          "shard": "6",
          "value": 92.212692599999698
        }
      },
      {
        "reactor_utilization": {
          "shard": "7",
          "value": 92.79297383999976
        }
      }
    ]
  },
  {
    "metrics": [
      {
        "reactor_utilization": {
          "shard": "0",
          "value": 81.97394116000028
        }
      },
      {
        "reactor_utilization": {
          "shard": "1",
          "value": 93.157951800000021
        }
      },
      {
        "reactor_utilization": {
          "shard": "2",
          "value": 79.241047979999621
        }
      },
      {
        "reactor_utilization": {
          "shard": "3",
          "value": 82.431328800000102
        }
      },
      {
        "reactor_utilization": {
          "shard": "4",
          "value": 86.544109260000027
        }
      },
      {
        "reactor_utilization": {
          "shard": "5",
          "value": 95.402237680000368
        }
      },
      {
        "reactor_utilization": {
          "shard": "6",
          "value": 76.574007799999706
        }
      },
      {
        "reactor_utilization": {
          "shard": "7",
          "value": 68.426549339999752
        }
      }
    ]
  },
  {
    "metrics": [
      {
        "reactor_utilization": {
          "shard": "0",
          "value": 87.42642124000028
        }
      },
      {
        "reactor_utilization": {
          "shard": "1",
          "value": 88.336414320000017
        }
      },
      {
        "reactor_utilization": {
          "shard": "2",
          "value": 79.288721839999639
        }
      },
      {
        "reactor_utilization": {
          "shard": "3",
          "value": 78.980168940000112
        }
      },
      {
        "reactor_utilization": {
          "shard": "4",
          "value": 91.862618360000013
        }
      },
      {
        "reactor_utilization": {
          "shard": "5",
          "value": 95.896720580000363
        }
      },
      {
        "reactor_utilization": {
          "shard": "6",
          "value": 81.634236319999701
        }
      },
      {
        "reactor_utilization": {
          "shard": "7",
          "value": 79.275579699999753
        }
      }
    ]
  },
  {
    "metrics": [
      {
        "reactor_utilization": {
          "shard": "0",
          "value": 81.035192660000277
        }
      },
      {
        "reactor_utilization": {
          "shard": "1",
          "value": 94.593448280000018
        }
      },
      {
        "reactor_utilization": {
          "shard": "2",
          "value": 86.706520079999621
        }
      },
      {
        "reactor_utilization": {
          "shard": "3",
          "value": 82.694408560000099
        }
      },
      {
        "reactor_utilization": {
          "shard": "4",
          "value": 94.383748880000013
        }
      },
      {
        "reactor_utilization": {
          "shard": "5",
          "value": 88.299323700000372
        }
      },
      {
        "reactor_utilization": {
          "shard": "6",
          "value": 71.872300499999696
        }
      },
      {
        "reactor_utilization": {
          "shard": "7",
          "value": 68.126768239999748
        }
      }
    ]
  },
  {
    "metrics": [
      {
        "reactor_utilization": {
          "shard": "0",
          "value": 93.156796340000284
        }
      },
      {
        "reactor_utilization": {
          "shard": "1",
          "value": 99.22026458000002
        }
      },
      {
        "reactor_utilization": {
          "shard": "2",
          "value": 79.348300479999637
        }
      },
      {
        "reactor_utilization": {
          "shard": "3",
          "value": 78.325802680000095
        }
      },
      {
        "reactor_utilization": {
          "shard": "4",
          "value": 80.044919440000029
        }
      },
      {
        "reactor_utilization": {
          "shard": "5",
          "value": 75.594201760000374
        }
      },
      {
        "reactor_utilization": {
          "shard": "6",
          "value": 76.586652739999693
        }
      },
      {
        "reactor_utilization": {
          "shard": "7",
          "value": 82.981076859999746
        }
      }
    ]
  },
  {
    "metrics": [
      {
        "reactor_utilization": {
          "shard": "0",
          "value": 87.259797240000282
        }
      },
      {
        "reactor_utilization": {
          "shard": "1",
          "value": 96.98049226000002
        }
      },
      {
        "reactor_utilization": {
          "shard": "2",
          "value": 73.412246799999622
        }
      },
      {
        "reactor_utilization": {
          "shard": "3",
          "value": 67.944948940000103
        }
      },
      {
        "reactor_utilization": {
          "shard": "4",
          "value": 81.531016740000013
        }
      },
      {
        "reactor_utilization": {
          "shard": "5",
          "value": 80.73572348000036
        }
      },
      {
        "reactor_utilization": {
          "shard": "6",
          "value": 83.898429979999705
        }
      },
      {
        "reactor_utilization": {
          "shard": "7",
          "value": 69.67437921999975
        }
      }
    ]
  },
  {
    "metrics": [
      {
        "reactor_utilization": {
          "shard": "0",
          "value": 88.918167900000284
        }
      },
      {
        "reactor_utilization": {
          "shard": "1",
          "value": 99.281030500000014
        }
      },
      {
        "reactor_utilization": {
          "shard": "2",
          "value": 68.307103979999638
        }
      },
      {
        "reactor_utilization": {
          "shard": "3",
          "value": 68.696940000000112
        }
      },
      {
        "reactor_utilization": {
          "shard": "4",
          "value": 87.440523980000023
        }
      },
      {
        "reactor_utilization": {
          "shard": "5",
          "value": 64.363764320000357
        }
      },
      {
        "reactor_utilization": {
          "shard": "6",
          "value": 82.221785919999704
        }
      },
      {
        "reactor_utilization": {
          "shard": "7",
          "value": 71.117685299999749
        }
      }
    ]
  },
  {
    "metrics": [
      {
        "reactor_utilization": {
          "shard": "0",
          "value": 93.325083480000288
        }
      },
      {
        "reactor_utilization": {
          "shard": "1",
          "value": 95.603961080000005
        }
      },
      {
        "reactor_utilization": {
          "shard": "2",
          "value": 68.881057619999638
        }
      },
      {
        "reactor_utilization": {
          "shard": "3",
          "value": 64.128620480000095
        }
      },
      {
        "reactor_utilization": {
          "shard": "4",
          "value": 80.089227460000018
        }
      },
      {
        "reactor_utilization": {
          "shard": "5",
          "value": 77.165566300000364
        }
      },
      {
        "reactor_utilization": {
          "shard": "6",
          "value": 74.539908739999703
        }
      },
      {
        "reactor_utilization": {
          "shard": "7",
          "value": 69.280271039999747
        }
      }
    ]
  },
  {
    "metrics": [
      {
        "reactor_utilization": {
          "shard": "0",
          "value": 88.515365200000289
        }
      },
      {
        "reactor_utilization": {
          "shard": "1",
          "value": 96.192492660000013
        }
      },
      {
        "reactor_utilization": {
          "shard": "2",
          "value": 75.616987959999619
        }
      },
      {
        "reactor_utilization": {
          "shard": "3",
          "value": 68.818830480000102
        }
      },
      {
        "reactor_utilization": {
          "shard": "4",
          "value": 86.611932860000024
        }
      },
      {
        "reactor_utilization": {
          "shard": "5",
          "value": 81.377504160000356
        }
      },
      {
        "reactor_utilization": {
          "shard": "6",
          "value": 82.126510519999712
        }
      },
      {
        "reactor_utilization": {
          "shard": "7",
          "value": 62.722361879999745
        }
      }
    ]
  },
  {
    "metrics": [
      {
        "reactor_utilization": {
          "shard": "0",
          "value": 82.875277340000281
        }
      },
      {
        "reactor_utilization": {
          "shard": "1",
          "value": 95.827911960000009
        }
      },
      {
        "reactor_utilization": {
          "shard": "2",
          "value": 66.25901423999963
        }
      },
      {
        "reactor_utilization": {
          "shard": "3",
          "value": 62.852702300000097
        }
      },
      {
        "reactor_utilization": {
          "shard": "4",
          "value": 73.452661180000021
        }
      },
      {
        "reactor_utilization": {
          "shard": "5",
          "value": 92.057270920000349
        }
      },
      {
        "reactor_utilization": {
          "shard": "6",
          "value": 76.155368079999704
        }
      },
      {
        "reactor_utilization": {
          "shard": "7",
          "value": 71.758934379999744
        }
      }
    ]
  },
  {
    "metrics": [
      {
        "reactor_utilization": {
          "shard": "0",
          "value": 79.204172900000287
        }
      },
      {
        "reactor_utilization": {
          "shard": "1",
          "value": 96.991483160000016
        }
      },
      {
        "reactor_utilization": {
          "shard": "2",
          "value": 79.067577959999639
        }
      },
      {
        "reactor_utilization": {
          "shard": "3",
          "value": 74.650754660000089
        }
      },
      {
        "reactor_utilization": {
          "shard": "4",
          "value": 82.982493320000032
        }
      },
      {
        "reactor_utilization": {
          "shard": "5",
          "value": 84.010143720000357
        }
      },
      {
        "reactor_utilization": {
          "shard": "6",
          "value": 73.584911279999716
        }
      },
      {
        "reactor_utilization": {
          "shard": "7",
          "value": 66.116839219999761
        }
      }
    ]
  },
  {
    "metrics": [
      {
        "reactor_utilization": {
          "shard": "0",
          "value": 90.664496880000286
        }
      },
      {
        "reactor_utilization": {
          "shard": "1",
          "value": 98.734816440000017
        }
      },
      {
        "reactor_utilization": {
          "shard": "2",
          "value": 80.566538039999642
        }
      },
      {
        "reactor_utilization": {
          "shard": "3",
          "value": 70.164592740000089
        }
      },
      {
        "reactor_utilization": {
          "shard": "4",
          "value": 76.801472180000019
        }
      },
      {
        "reactor_utilization": {
          "shard": "5",
          "value": 74.142350960000371
        }
      },
      {
        "reactor_utilization": {
          "shard": "6",
          "value": 75.431070319999705
        }
      },
      {
        "reactor_utilization": {
          "shard": "7",
          "value": 66.754622339999756
        }
      }
    ]
  },
  {
    "metrics": [
      {
        "reactor_utilization": {
          "shard": "0",
          "value": 95.004683320000282
        }
      },
      {
        "reactor_utilization": {
          "shard": "1",
          "value": 90.912243820000015
        }
      },
      {
        "reactor_utilization": {
          "shard": "2",
          "value": 73.730655999999641
        }
      },
      {
        "reactor_utilization": {
          "shard": "3",
          "value": 68.677327420000083
        }
      },
      {
        "reactor_utilization": {
          "shard": "4",
          "value": 86.287544720000014
        }
      },
      {
        "reactor_utilization": {
          "shard": "5",
          "value": 76.017387940000361
        }
      },
      {
        "reactor_utilization": {
          "shard": "6",
          "value": 84.388733679999703
        }
      },
      {
        "reactor_utilization": {
          "shard": "7",
          "value": 72.828657919999756
        }
      }
    ]
  },
  {
    "metrics": [
      {
        "reactor_utilization": {
          "shard": "0",
          "value": 88.369438300000297
        }
      },
      {
        "reactor_utilization": {
          "shard": "1",
          "value": 99.752083980000009
        }
      },
      {
        "reactor_utilization": {
          "shard": "2",
          "value": 62.546519819999638
        }
      },
      {
        "reactor_utilization": {
          "shard": "3",
          "value": 61.158943040000082
        }
      },
      {
        "reactor_utilization": {
          "shard": "4",
          "value": 81.23683336000002
        }
      },
      {
        "reactor_utilization": {
          "shard": "5",
          "value": 66.069967980000371
        }
      },
      {
        "reactor_utilization": {
          "shard": "6",
          "value": 78.267716939999701
        }
      },
      {
        "reactor_utilization": {
          "shard": "7",
          "value": 66.476151579999737
        }
      }
    ]
  },
  {
    "metrics": [
      {
        "reactor_utilization": {
          "shard": "0",
          "value": 90.431607180000285
        }
      },
      {
        "reactor_utilization": {
          "shard": "1",
          "value": 99.05642124000002
        }
      },
      {
        "reactor_utilization": {
          "shard": "2",
          "value": 75.965817239999637
        }
      },
      {
        "reactor_utilization": {
          "shard": "3",
          "value": 66.885853180000083
        }
      },
      {
        "reactor_utilization": {
          "shard": "4",
          "value": 83.904839920000029
        }
      },
      {
        "reactor_utilization": {
          "shard": "5",
          "value": 77.358481340000367
        }
      },
      {
        "reactor_utilization": {
          "shard": "6",
          "value": 75.733530279999712
        }
      },
      {
        "reactor_utilization": {
          "shard": "7",
          "value": 71.911603919999749
        }
      }
    ]
  },
  {
    "metrics": [
      {
        "reactor_utilization": {
          "shard": "0",
          "value": 84.270175060000284
        }
      },
      {
        "reactor_utilization": {
          "shard": "1",
          "value": 89.057821360000005
        }
      },
      {
        "reactor_utilization": {
          "shard": "2",
          "value": 76.530487319999636
        }
      },
      {
        "reactor_utilization": {
          "shard": "3",
          "value": 71.819118840000101
        }
      },
      {
        "reactor_utilization": {
          "shard": "4",
          "value": 89.230753660000033
        }
      },
      {
        "reactor_utilization": {
          "shard": "5",
          "value": 84.443864280000355
        }
      },
      {
        "reactor_utilization": {
          "shard": "6",
          "value": 89.350871999999697
        }
      },
      {
        "reactor_utilization": {
          "shard": "7",
          "value": 62.099646539999739
        }
      }
    ]
  },
  {
    "metrics": [
      {
        "reactor_utilization": {
          "shard": "0",
          "value": 83.341663100000289
        }
      },
      {
        "reactor_utilization": {
          "shard": "1",
          "value": 99.886092680000004
        }
      },
      {
        "reactor_utilization": {
          "shard": "2",
          "value": 69.363827519999631
        }
      },
      {
        "reactor_utilization": {
          "shard": "3",
          "value": 64.270863600000098
        }
      },
      {
        "reactor_utilization": {
          "shard": "4",
          "value": 74.014255500000019
        }
      },
      {
        "reactor_utilization": {
          "shard": "5",
          "value": 80.587715520000359
        }
      },
      {
        "reactor_utilization": {
          "shard": "6",
          "value": 75.218126559999703
        }
      },
      {
        "reactor_utilization": {
          "shard": "7",
          "value": 74.875838299999742
        }
      }
    ]
  },
  {
    "metrics": [
      {
        "reactor_utilization": {
          "shard": "0",
          "value": 78.081646480000288
        }
      },
      {
        "reactor_utilization": {
          "shard": "1",
          "value": 92.324760280000007
        }
      },
      {
        "reactor_utilization": {
          "shard": "2",
          "value": 70.312750759999631
        }
      },
      {
        "reactor_utilization": {
          "shard": "3",
          "value": 62.819302160000092
        }
      },
      {
        "reactor_utilization": {
          "shard": "4",
          "value": 87.336008460000031
        }
      },
      {
        "reactor_utilization": {
          "shard": "5",
          "value": 74.047497740000352
        }
      },
      {
        "reactor_utilization": {
          "shard": "6",
          "value": 71.884656879999696
        }
      },
      {
        "reactor_utilization": {
          "shard": "7",
          "value": 58.839443059999731
        }
      }
    ]
  },
  {
    "metrics": [
      {
        "reactor_utilization": {
          "shard": "0",
          "value": 89.246967420000274
        }
      },
      {
        "reactor_utilization": {
          "shard": "1",
          "value": 99.00246808
        }
      },
      {
        "reactor_utilization": {
          "shard": "2",
          "value": 78.714689699999639
        }
      },
      {
        "reactor_utilization": {
          "shard": "3",
          "value": 71.770937600000082
        }
      },
      {
        "reactor_utilization": {
          "shard": "4",
          "value": 80.522961320000036
        }
      },
      {
        "reactor_utilization": {
          "shard": "5",
          "value": 77.475059140000369
        }
      },
      {
        "reactor_utilization": {
          "shard": "6",
          "value": 77.253217019999695
        }
      },
      {
        "reactor_utilization": {
          "shard": "7",
          "value": 69.348545019999747
        }
      }
    ]
  }
]
