[
  {
    "metrics": [
      {
        "reactor_utilization": {
          "shard": "0",
          "value": 92.822779360000311
        }
      },
      {
        "reactor_utilization": {
          "shard": "1",
          "value": 90.613582320000006
        }
      },
      {
        "reactor_utilization": {
          "shard": "2",
          "value": 80.166113299999637
        }
      },
      {
        "reactor_utilization": {
          "shard": "3",
          "value": 92.557979800000084
        }
      },
      {
        "reactor_utilization": {
          "shard": "4",
          "value": 65.50718414000012
        }
      },
      {
        "reactor_utilization": {
          "shard": "5",
          "value": 82.680104940000405
        }
      },
      {
        "reactor_utilization": {
          "shard": "6",
          "value": 87.569028139999716
        }
      },
      {
        "reactor_utilization": {
          "shard": "7",
          "value": 97.635417099999771
        }
      }
    ]
  },
  {
    "metrics": [
      {
        "reactor_utilization": {
          "shard": "0",
          "value": 88.500458360000323
        }
      },
      {
        "reactor_utilization": {
          "shard": "1",
          "value": 91.343519620000009
        }
      },
      {
        "reactor_utilization": {
          "shard": "2",
          "value": 96.893189059999614
        }
      },
      {
        "reactor_utilization": {
          "shard": "3",
          "value": 87.358179900000096
        }
      },
      {
        "reactor_utilization": {
          "shard": "4",
          "value": 76.857728340000122
        }
      },
      {
        "reactor_utilization": {
          "shard": "5",
          "value": 82.372427900000403
        }
      },
      {
        "reactor_utilization": {
          "shard": "6",
          "value": 92.221382179999708
        }
      },
      {
        "reactor_utilization": {
          "shard": "7",
          "value": 86.640874719999758
        }
      }
    ]
  },
  {
    "metrics": [
      {
        "reactor_utilization": {
          "shard": "0",
          "value": 89.136752920000319
        }
      },
      {
        "reactor_utilization": {
          "shard": "1",
          "value": 86.08928542000001
        }
      },
      {
        "reactor_utilization": {
          "shard": "2",
          "value": 89.182133039999627
        }
      },
      {
        "reactor_utilization": {
          "shard": "3",
          "value": 87.474922140000103
        }
      },
      {
        "reactor_utilization": {
          "shard": "4",
          "value": 74.989547480000127
        }
      },
      {
        "reactor_utilization": {
          "shard": "5",
          "value": 87.844161020000385
        }
      },
      {
        "reactor_utilization": {
          "shard": "6",
          "value": 80.968920379999716
        }
      },
      {
        "reactor_utilization": {
          "shard": "7",
          "value": 91.068695559999767
        }
      }
    ]
  },
  {
    "metrics": [
      {
        "reactor_utilization": {
          "shard": "0",
          "value": 79.944957160000314
        }
      },
      {
        "reactor_utilization": {
          "shard": "1",
          "value": 89.308410460000005
        }
      },
      {
        "reactor_utilization": {
          "shard": "2",
          "value": 84.830727699999613
        }
      },
      {
        "reactor_utilization": {
          "shard": "3",
          "value": 70.046991200000093
        }
      },
      {
        "reactor_utilization": {
          "shard": "4",
          "value": 73.611674940000128
        }
      },
      {
        "reactor_utilization": {
          "shard": "5",
          "value": 86.607767860000394
        }
      },
      {
        "reactor_utilization": {
          "shard": "6",
          "value": 87.817099799999724
        }
      },
      {
        "reactor_utilization": {
          "shard": "7",
          "value": 95.663742039999761
        }
      }
    ]
  },
  {
    "metrics": [
      {
        "reactor_utilization": {
          "shard": "0",
          "value": 86.843153240000319
        }
      },
      {
        "reactor_utilization": {
          "shard": "1",
          "value": 86.931452080000014
        }
      },
      {
        "reactor_utilization": {
          "shard": "2",
          "value": 84.569915539999613
        }
      },
      {
        "reactor_utilization": {
          "shard": "3",
          "value": 83.516676220000093
        }
      },
      {
        "reactor_utilization": {
          "shard": "4",
          "value": 83.599118460000128
        }
      },
      {
        "reactor_utilization": {
          "shard": "5",
          "value": 83.199737020000384
        }
      },
      {
        "reactor_utilization": {
          "shard": "6",
          "value": 98.268600359999709
        }
      },
      {
        "reactor_utilization": {
          "shard": "7",
          "value": 89.035669399999762
        }
      }
    ]
  },
  {
    "metrics": [
      {
        "reactor_utilization": {
          "shard": "0",
          "value": 85.826442780000306
        }
      },
      {
        "reactor_utilization": {
          "shard": "1",
          "value": 81.182827900000007
        }
      },
      {
        "reactor_utilization": {
          "shard": "2",
          "value": 85.960662599999608
        }
      },
      {
        "reactor_utilization": {
          "shard": "3",
          "value": 94.681363180000105
        }
      },
      {
        "reactor_utilization": {
          "shard": "4",
          "value": 70.252125080000127
        }
      },
      {
        "reactor_utilization": {
          "shard": "5",
          "value": 90.927055600000386
        }
      },
      {
        "reactor_utilization": {
          "shard": "6",
          "value": 87.773632839999721
        }
      },
      {
        "reactor_utilization": {
          "shard": "7",
          "value": 87.958988739999768
        }
      }
    ]
  },
  {
    "metrics": [
      {
        "reactor_utilization": {
          "shard": "0",
          "value": 78.231600840000311
        }
      },
      {
        "reactor_utilization": {
          "shard": "1",
          "value": 81.892958340000007
        }
      },
      {
        "reactor_utilization": {
          "shard": "2",
          "value": 92.842194499999621
        }
      },
      {
        "reactor_utilization": {
          "shard": "3",
          "value": 80.470966200000092
        }
      },
      {
        "reactor_utilization": {
          "shard": "4",
          "value": 68.456529000000131
        }
      },
      {
        "reactor_utilization": {
          "shard": "5",
          "value": 85.886701500000399
        }
      },
      {
        "reactor_utilization": {
          "shard": "6",
          "value": 89.057103499999727
        }
      },
      {
        "reactor_utilization": {
          "shard": "7",
          "value": 97.177553179999762
        }
      }
    ]
  },
  {
    "metrics": [
      {
        "reactor_utilization": {
          "shard": "0",
          "value": 74.838560180000329
        }
      },
      {
        "reactor_utilization": {
          "shard": "1",
          "value": 79.639214720000012
        }
      },
      {
        "reactor_utilization": {
          "shard": "2",
          "value": 78.048748519999606
        }
      },
      {
        "reactor_utilization": {
          "shard": "3",
          "value": 78.170675860000088
        }
      },
      {
        "reactor_utilization": {
          "shard": "4",
          "value": 63.911331460000135
        }
      },
      {
        "reactor_utilization": {
          "shard": "5",
          "value": 93.163952340000392
        }
      },
      {
        "reactor_utilization": {
          "shard": "6",
          "value": 88.829873899999725
        }
      },
      {
        "reactor_utilization": {
          "shard": "7",
          "value": 86.130617279999768
        }
      }
    ]
  },
  {
    "metrics": [
      {
        "reactor_utilization": {
          "shard": "0",
          "value": 62.681816640000307
        }
      },
      {
        "reactor_utilization": {
          "shard": "1",
          "value": 70.493790820000001
        }
      },
      {
        "reactor_utilization": {
          "shard": "2",
          "value": 67.939330739999619
        }
      },
      {
        "reactor_utilization": {
          "shard": "3",
          "value": 69.700785420000088
        }
      },
      {
        "reactor_utilization": {
          "shard": "4",
          "value": 60.925982000000133
        }
      },
      {
        "reactor_utilization": {
          "shard": "5",
          "value": 72.786775740000394
        }
      },
      {
        "reactor_utilization": {
          "shard": "6",
          "value": 72.655682599999722
        }
      },
      {
        "reactor_utilization": {
          "shard": "7",
          "value": 79.264155039999778
        }
      }
    ]
  },
  {
    "metrics": [
      {
        "reactor_utilization": {
          "shard": "0",
          "value": 71.410856140000305
        }
      },
      {
        "reactor_utilization": {
          "shard": "1",
          "value": 73.916233120000001
        }
      },
      {
        "reactor_utilization": {
          "shard": "2",
          "value": 77.781094219999616
        }
      },
      {
        "reactor_utilization": {
          "shard": "3",
          "value": 78.383315940000088
        }
      },
      {
        "reactor_utilization": {
          "shard": "4",
          "value": 66.161810200000133
        }
      },
      {
        "reactor_utilization": {
          "shard": "5",
          "value": 67.397822600000396
        }
      },
      {
        "reactor_utilization": {
          "shard": "6",
          "value": 68.828150759999716
        }
      },
      {
        "reactor_utilization": {
          "shard": "7",
          "value": 79.259238319999767
        }
      }
    ]
  },
  {
    "metrics": [
      {
        "reactor_utilization": {
          "shard": "0",
          "value": 66.451566420000319
        }
      },
      {
        "reactor_utilization": {
          "shard": "1",
          "value": 63.943018420000008
        }
      },
      {
        "reactor_utilization": {
          "shard": "2",
          "value": 75.149108599999607
        }
      },
      {
        "reactor_utilization": {
          "shard": "3",
          "value": 76.667915600000086
        }
      },
      {
        "reactor_utilization": {
          "shard": "4",
          "value": 59.816687820000134
        }
      },
      {
        "reactor_utilization": {
          "shard": "5",
          "value": 69.551235760000367
        }
      },
      {
        "reactor_utilization": {
          "shard": "6",
          "value": 70.03067587999972
        }
      },
      {
        "reactor_utilization": {
          "shard": "7",
          "value": 71.176049459999774
        }
      }
    ]
  },
  {
    "metrics": [
      {
        "reactor_utilization": {
          "shard": "0",
          "value": 68.913133400000319
        }
      },
      {
        "reactor_utilization": {
          "shard": "1",
          "value": 79.116270760000006
        }
      },
      {
        "reactor_utilization": {
          "shard": "2",
          "value": 71.856398359999602
        }
      },
      {
        "reactor_utilization": {
          "shard": "3",
          "value": 81.466254600000084
        }
      },
      {
        "reactor_utilization": {
          "shard": "4",
          "value": 71.893838560000134
        }
      },
      {
        "reactor_utilization": {
          "shard": "5",
          "value": 70.274971180000392
        }
      },
      {
        "reactor_utilization": {
          "shard": "6",
          "value": 69.395080379999712
        }
      },
      {
        "reactor_utilization": {
          "shard": "7",
          "value": 70.647912959999786
        }
      }
    ]
  },
  {
    "metrics": [
      {
        "reactor_utilization": {
          "shard": "0",
          "value": 80.919463620000315
        }
      },
      {
        "reactor_utilization": {
          "shard": "1",
          "value": 79.172578360000003
        }
      },
      {
        "reactor_utilization": {
          "shard": "2",
          "value": 80.349188379999603
        }
      },
      {
        "reactor_utilization": {
          "shard": "3",
          "value": 89.70508686000008
        }
      },
      {
        "reactor_utilization": {
          "shard": "4",
          "value": 65.309092200000137
        }
      },
      {
        "reactor_utilization": {
          "shard": "5",
          "value": 78.759723260000399
        }
      },
      {
        "reactor_utilization": {
          "shard": "6",
          "value": 82.772367179999719
        }
      },
      {
        "reactor_utilization": {
          "shard": "7",
          "value": 91.87337765999979
        }
      }
    ]
  },
  {
    "metrics": [
      {
        "reactor_utilization": {
          "shard": "0",
          "value": 86.530021620000326
        }
      },
      {
        "reactor_utilization": {
          "shard": "1",
          "value": 83.218342300000003
        }
      },
      {
        "reactor_utilization": {
          "shard": "2",
          "value": 83.664092559999602
        }
      },
      {
        "reactor_utilization": {
          "shard": "3",
          "value": 93.613700360000081
        }
      },
      {
        "reactor_utilization": {
          "shard": "4",
          "value": 71.444174480000129
        }
      },
      {
        "reactor_utilization": {
          "shard": "5",
          "value": 83.2920362400004
        }
      },
      {
        "reactor_utilization": {
          "shard": "6",
          "value": 91.884860979999715
        }
      },
      {
        "reactor_utilization": {
          "shard": "7",
          "value": 93.412489779999788
        }
      }
    ]
  },
  {
    "metrics": [
      {
        "reactor_utilization": {
          "shard": "0",
          "value": 85.653403440000318
        }
      },
      {
        "reactor_utilization": {
          "shard": "1",
          "value": 86.615603379999996
        }
      },
      {
        "reactor_utilization": {
          "shard": "2",
          "value": 83.443188819999619
        }
      },
      {
        "reactor_utilization": {
          "shard": "3",
          "value": 87.701934600000087
        }
      },
      {
        "reactor_utilization": {
          "shard": "4",
          "value": 78.926771760000136
        }
      },
      {
        "reactor_utilization": {
          "shard": "5",
          "value": 92.297663400000403
        }
      },
      {
        "reactor_utilization": {
          "shard": "6",
          "value": 83.150537699999717
        }
      },
      {
        "reactor_utilization": {
          "shard": "7",
          "value": 88.975182519999791
        }
      }
    ]
  },
  {
    "metrics": [
      {
        "reactor_utilization": {
          "shard": "0",
          "value": 91.061070640000324
        }
      },
      {
        "reactor_utilization": {
          "shard": "1",
          "value": 86.338250619999997
        }
      },
      {
        "reactor_utilization": {
          "shard": "2",
          "value": 84.66609923999961
        }
      },
      {
        "reactor_utilization": {
          "shard": "3",
          "value": 86.355064500000083
        }
      },
      {
        "reactor_utilization": {
          "shard": "4",
          "value": 66.053478240000118
        }
      },
      {
        "reactor_utilization": {
          "shard": "5",
          "value": 79.468873820000397
        }
      },
      {
        "reactor_utilization": {
          "shard": "6",
          "value": 91.726292579999708
        }
      },
      {
        "reactor_utilization": {
          "shard": "7",
          "value": 99.754301559999789
        }
      }
    ]
  },
  {
    "metrics": [
      {
        "reactor_utilization": {
          "shard": "0",
          "value": 93.321231860000324
        }
      },
      {
        "reactor_utilization": {
          "shard": "1",
          "value": 89.804211899999999
        }
      },
      {
        "reactor_utilization": {
          "shard": "2",
          "value": 88.040706099999611
        }
      },
      {
        "reactor_utilization": {
          "shard": "3",
          "value": 85.631917520000087
        }
      },
      {
        "reactor_utilization": {
          "shard": "4",
          "value": 75.861711920000133
        }
      },
      {
        "reactor_utilization": {
          "shard": "5",
          "value": 92.154506700000397
        }
      },
      {
        "reactor_utilization": {
          "shard": "6",
          "value": 94.14756435999972
        }
      },
      {
        "reactor_utilization": {
          "shard": "7",
          "value": 95.071754199999788
        }
      }
    ]
  },
  {
    "metrics": [
      {
        "reactor_utilization": {
          "shard": "0",
          "value": 94.438313160000334
        }
      },
      {
        "reactor_utilization": {
          "shard": "1",
          "value": 87.442262419999992
        }
      },
      {
        "reactor_utilization": {
          "shard": "2",
          "value": 95.519566619999608
        }
      },
      {
        "reactor_utilization": {
          "shard": "3",
          "value": 90.190866740000089
        }
      },
      {
        "reactor_utilization": {
          "shard": "4",
          "value": 78.418404480000135
        }
      },
      {
        "reactor_utilization": {
          "shard": "5",
          "value": 88.240825580000404
        }
      },
      {
        "reactor_utilization": {
          "shard": "6",
          "value": 87.841603459999718
        }
      },
      {
        "reactor_utilization": {
          "shard": "7",
          "value": 90.991562099999783
        }
      }
    ]
  },
  {
    "metrics": [
      {
        "reactor_utilization": {
          "shard": "0",
          "value": 85.868508420000339
        }
      },
      {
        "reactor_utilization": {
          "shard": "1",
          "value": 85.201204860000004
        }
      },
      {
        "reactor_utilization": {
          "shard": "2",
          "value": 86.908237019999618
        }
      },
      {
        "reactor_utilization": {
          "shard": "3",
          "value": 89.58401324000009
        }
      },
      {
        "reactor_utilization": {
          "shard": "4",
          "value": 84.354249880000125
        }
      },
      {
        "reactor_utilization": {
          "shard": "5",
          "value": 91.994887900000393
        }
      },
      {
        "reactor_utilization": {
          "shard": "6",
          "value": 74.356849559999716
        }
      },
      {
        "reactor_utilization": {
          "shard": "7",
          "value": 94.551156159999778
        }
      }
    ]
  },
  {
    "metrics": [
      {
        "reactor_utilization": {
          "shard": "0",
          "value": 87.473654820000334
        }
      },
      {
        "reactor_utilization": {
          "shard": "1",
          "value": 95.343894759999998
        }
      },
      {
        "reactor_utilization": {
          "shard": "2",
          "value": 88.168880059999594
        }
      },
      {
        "reactor_utilization": {
          "shard": "3",
          "value": 78.740372200000081
        }
      },
      {
        "reactor_utilization": {
          "shard": "4",
          "value": 66.027537220000141
        }
      },
      {
        "reactor_utilization": {
          "shard": "5",
          "value": 82.007268960000403
        }
      },
      {
        "reactor_utilization": {
          "shard": "6",
          "value": 93.730482199999727
        }
      },
      {
        "reactor_utilization": {
          "shard": "7",
          "value": 94.353262499999786
        }
      }
    ]
  },
  {
    "metrics": [
      {
        "reactor_utilization": {
          "shard": "0",
          "value": 84.330534940000334
        }
      },
      {
        "reactor_utilization": {
          "shard": "1",
          "value": 79.150774760000004
        }
      },
      {
        "reactor_utilization": {
          "shard": "2",
          "value": 87.617340859999601
        }
      },
      {
        "reactor_utilization": {
          "shard": "3",
          "value": 87.673422800000083
        }
      },
      {
        "reactor_utilization": {
          "shard": "4",
          "value": 77.648304940000131
        }
      },
      {
        "reactor_utilization": {
          "shard": "5",
          "value": 91.353509260000408
        }
      },
      {
        "reactor_utilization": {
          "shard": "6",
          "value": 99.776639719999721
        }
      },
      {
        "reactor_utilization": {
          "shard": "7",
          "value": 87.918126379999791
        }
      }
    ]
  },
  {
    "metrics": [
      {
        "reactor_utilization": {
          "shard": "0",
          "value": 87.776335040000333
        }
      },
      {
        "reactor_utilization": {
          "shard": "1",
          "value": 88.796109579999992
        }
      },
      {
        "reactor_utilization": {
          "shard": "2",
          "value": 90.151958279999604
        }
      },
      {
        "reactor_utilization": {
          "shard": "3",
          "value": 89.19172808000009
        }
      },
      {
        "reactor_utilization": {
          "shard": "4",
          "value": 83.861026900000141
        }
      },
      {
        "reactor_utilization": {
          "shard": "5",
          "value": 97.826507160000403
        }
      },
      {
        "reactor_utilization": {
          "shard": "6",
          "value": 95.403824739999706
        }
      },
      {
        "reactor_utilization": {
          "shard": "7",
          "value": 88.356752139999784
        }
      }
    ]
  },
  {
    "metrics": [
      {
        "reactor_utilization": {
          "shard": "0",
          "value": 81.810256760000328
        }
      },
      {
        "reactor_utilization": {
          "shard": "1",
          "value": 84.411017640000011
        }
      },
      {
        "reactor_utilization": {
          "shard": "2",
          "value": 84.689628859999601
        }
      },
      {
        "reactor_utilization": {
          "shard": "3",
          "value": 87.5724058200001
        }
      },
      {
        "reactor_utilization": {
          "shard": "4",
          "value": 61.724407340000141
        }
      },
      {
        "reactor_utilization": {
          "shard": "5",
          "value": 90.216780020000414
        }
      },
      {
        "reactor_utilization": {
          "shard": "6",
          "value": 82.983944719999712
        }
      },
      {
        "reactor_utilization": {
          "shard": "7",
          "value": 98.729993259999787
        }
      }
    ]
  },
  {
    "metrics": [
      {
        "reactor_utilization": {
          "shard": "0",
          "value": 76.23403668000033
        }
      },
      {
        "reactor_utilization": {
          "shard": "1",
          "value": 88.496999299999999
        }
      },
      {
        "reactor_utilization": {
          "shard": "2",
          "value": 78.840172859999598
        }
      },
      {
        "reactor_utilization": {
          "shard": "3",
          "value": 86.445040140000089
        }
      },
      {
        "reactor_utilization": {
          "shard": "4",
          "value": 73.941126180000154
        }
      },
      {
        "reactor_utilization": {
          "shard": "5",
          "value": 95.238514140000404
        }
      },
      {
        "reactor_utilization": {
          "shard": "6",
          "value": 97.680138679999715
        }
      },
      {
        "reactor_utilization": {
          "shard": "7",
          "value": 91.508434579999786
        }
      }
    ]
  }
]
