[
  {
    "metrics": [
      {
        "reactor_utilization": {
          "shard": "0",
          "value": 96.624727060000296
        }
      },
      {
        "reactor_utilization": {
          "shard": "1",
          "value": 91.100254080000099
        }
      },
      {
        "reactor_utilization": {
          "shard": "2",
          "value": 86.279455999999527
        }
      },
      {
        "reactor_utilization": {
          "shard": "3",
          "value": 91.115209340000163
        }
      },
      {
        "reactor_utilization": {
          "shard": "4",
          "value": 85.273743080000173
        }
      },
      {
        "reactor_utilization": {
          "shard": "5",
          "value": 83.903756600000335
        }
      },
      {
        "reactor_utilization": {
          "shard": "6",
          "value": 94.69024865999971
        }
      },
      {
        "reactor_utilization": {
          "shard": "7",
          "value": 99.997996759999779
        }
      }
    ]
  },
  {
    "metrics": [
      {
        "reactor_utilization": {
          "shard": "0",
          "value": 89.033183420000299
        }
      },
      {
        "reactor_utilization": {
          "shard": "1",
          "value": 84.621037000000101
        }
      },
      {
        "reactor_utilization": {
          "shard": "2",
          "value": 77.342017079999522
        }
      },
      {
        "reactor_utilization": {
          "shard": "3",
          "value": 66.312472380000173
        }
      },
      {
        "reactor_utilization": {
          "shard": "4",
          "value": 73.229014140000174
        }
      },
      {
        "reactor_utilization": {
          "shard": "5",
          "value": 69.933571980000323
        }
      },
      {
        "reactor_utilization": {
          "shard": "6",
          "value": 84.344187139999704
        }
      },
      {
        "reactor_utilization": {
          "shard": "7",
          "value": 93.984973219999773
        }
      }
    ]
  },
  {
    "metrics": [
      {
        "reactor_utilization": {
          "shard": "0",
          "value": 83.1997959400003
        }
      },
      {
        "reactor_utilization": {
          "shard": "1",
          "value": 90.267471620000094
        }
      },
      {
        "reactor_utilization": {
          "shard": "2",
          "value": 74.745998799999526
        }
      },
      {
        "reactor_utilization": {
          "shard": "3",
          "value": 69.750773820000191
        }
      },
      {
        "reactor_utilization": {
          "shard": "4",
          "value": 79.390741980000172
        }
      },
      {
        "reactor_utilization": {
          "shard": "5",
          "value": 87.706296200000324
        }
      },
      {
        "reactor_utilization": {
          "shard": "6",
          "value": 85.299051919999712
        }
      },
      {
        "reactor_utilization": {
          "shard": "7",
          "value": 72.536018239999777
        }
      }
    ]
  },
  {
    "metrics": [
      {
        "reactor_utilization": {
          "shard": "0",
          "value": 88.699339460000289
        }
      },
      {
        "reactor_utilization": {
          "shard": "1",
          "value": 86.330974180000098
        }
      },
      {
        "reactor_utilization": {
          "shard": "2",
          "value": 70.136130899999529
        }
      },
      {
        "reactor_utilization": {
          "shard": "3",
          "value": 68.84782678000019
        }
      },
      {
        "reactor_utilization": {
          "shard": "4",
          "value": 69.262033620000167
        }
      },
      {
        "reactor_utilization": {
          "shard": "5",
          "value": 80.429199880000326
        }
      },
      {
        "reactor_utilization": {
          "shard": "6",
          "value": 84.949028599999707
        }
      },
      {
        "reactor_utilization": {
          "shard": "7",
          "value": 80.971963939999767
        }
      }
    ]
  },
  {
    "metrics": [
      {
        "reactor_utilization": {
          "shard": "0",
          "value": 87.888559620000294
        }
      },
      {
        "reactor_utilization": {
          "shard": "1",
          "value": 88.977621780000092
        }
      },
      {
        "reactor_utilization": {
          "shard": "2",
          "value": 73.618222759999526
        }
      },
      {
        "reactor_utilization": {
          "shard": "3",
          "value": 64.61918664000018
        }
      },
      {
        "reactor_utilization": {
          "shard": "4",
          "value": 67.339040740000172
        }
      },
      {
        "reactor_utilization": {
          "shard": "5",
          "value": 86.24988026000031
        }
      },
      {
        "reactor_utilization": {
          "shard": "6",
          "value": 83.835945519999711
        }
      },
      {
        "reactor_utilization": {
          "shard": "7",
          "value": 83.244381639999759
        }
      }
    ]
  },
  {
    "metrics": [
      {
        "reactor_utilization": {
          "shard": "0",
          "value": 96.749933220000301
        }
      },
      {
        "reactor_utilization": {
          "shard": "1",
          "value": 88.886313100000095
        }
      },
      {
        "reactor_utilization": {
          "shard": "2",
          "value": 69.503242819999528
        }
      },
      {
        "reactor_utilization": {
          "shard": "3",
          "value": 59.984030520000175
        }
      },
      {
        "reactor_utilization": {
          "shard": "4",
          "value": 70.693299640000177
        }
      },
      {
        "reactor_utilization": {
          "shard": "5",
          "value": 68.681107100000318
        }
      },
      {
        "reactor_utilization": {
          "shard": "6",
          "value": 88.752580459999706
        }
      },
      {
        "reactor_utilization": {
          "shard": "7",
          "value": 87.382182779999766
        }
      }
    ]
  },
  {
    "metrics": [
      {
        "reactor_utilization": {
          "shard": "0",
          "value": 85.076830040000289
        }
      },
      {
        "reactor_utilization": {
          "shard": "1",
          "value": 89.682700600000103
        }
      },
      {
        "reactor_utilization": {
          "shard": "2",
          "value": 69.298013319999527
        }
      },
      {
        "reactor_utilization": {
          "shard": "3",
          "value": 60.86964192000017
        }
      },
      {
        "reactor_utilization": {
          "shard": "4",
          "value": 74.694120200000171
        }
      },
      {
        "reactor_utilization": {
          "shard": "5",
          "value": 81.586146880000314
        }
      },
      {
        "reactor_utilization": {
          "shard": "6",
          "value": 92.30043397999971
        }
      },
      {
        "reactor_utilization": {
          "shard": "7",
          "value": 73.61584333999977
        }
      }
    ]
  },
  {
    "metrics": [
      {
        "reactor_utilization": {
          "shard": "0",
          "value": 82.377992840000289
        }
      },
      {
        "reactor_utilization": {
          "shard": "1",
          "value": 87.748558860000102
        }
      },
      {
        "reactor_utilization": {
          "shard": "2",
          "value": 69.577489739999535
        }
      },
      {
        "reactor_utilization": {
          "shard": "3",
          "value": 74.040598940000166
        }
      },
      {
        "reactor_utilization": {
          "shard": "4",
          "value": 68.328457140000168
        }
      },
      {
        "reactor_utilization": {
          "shard": "5",
          "value": 81.586557040000301
        }
      },
      {
        "reactor_utilization": {
          "shard": "6",
          "value": 89.913286859999715
        }
      },
      {
        "reactor_utilization": {
          "shard": "7",
          "value": 82.274098919999787
        }
      }
    ]
  },
  {
    "metrics": [
      {
        "reactor_utilization": {
          "shard": "0",
          "value": 89.994737640000295
        }
      },
      {
        "reactor_utilization": {
          "shard": "1",
          "value": 90.981122340000098
        }
      },
      {
        "reactor_utilization": {
          "shard": "2",
          "value": 73.844365959999521
        }
      },
      {
        "reactor_utilization": {
          "shard": "3",
          "value": 67.835875640000182
        }
      },
      {
        "reactor_utilization": {
          "shard": "4",
          "value": 68.03109770000016
        }
      },
      {
        "reactor_utilization": {
          "shard": "5",
          "value": 80.083396980000316
        }
      },
      {
        "reactor_utilization": {
          "shard": "6",
          "value": 79.137456239999722
        }
      },
      {
        "reactor_utilization": {
          "shard": "7",
          "value": 85.148478059999789
        }
      }
    ]
  },
  {
    "metrics": [
      {
        "reactor_utilization": {
          "shard": "0",
          "value": 93.063217280000302
        }
      },
      {
        "reactor_utilization": {
          "shard": "1",
          "value": 82.128293620000107
        }
      },
      {
        "reactor_utilization": {
          "shard": "2",
          "value": 68.965249839999515
        }
      },
      {
        "reactor_utilization": {
          "shard": "3",
          "value": 63.672956580000161
        }
      },
      {
        "reactor_utilization": {
          "shard": "4",
          "value": 69.652735960000172
        }
      },
      {
        "reactor_utilization": {
          "shard": "5",
          "value": 78.791083760000319
        }
      },
      {
        "reactor_utilization": {
          "shard": "6",
          "value": 88.423406079999708
        }
      },
      {
        "reactor_utilization": {
          "shard": "7",
          "value": 88.885617219999773
        }
      }
    ]
  },
  {
    "metrics": [
      {
        "reactor_utilization": {
          "shard": "0",
          "value": 94.698539380000298
        }
      },
      {
        "reactor_utilization": {
          "shard": "1",
          "value": 84.081394220000092
        }
      },
      {
        "reactor_utilization": {
          "shard": "2",
          "value": 74.93810741999954
        }
      },
      {
        "reactor_utilization": {
          "shard": "3",
          "value": 60.258323260000168
        }
      },
      {
        "reactor_utilization": {
          "shard": "4",
          "value": 73.615973000000167
        }
      },
      {
        "reactor_utilization": {
          "shard": "5",
          "value": 81.36932080000031
        }
      },
      {
        "reactor_utilization": {
          "shard": "6",
          "value": 80.816519779999723
        }
      },
      {
        "reactor_utilization": {
          "shard": "7",
          "value": 77.946130919999774
        }
      }
    ]
  },
  {
    "metrics": [
      {
        "reactor_utilization": {
          "shard": "0",
          "value": 82.6141609000003
        }
      },
      {
        "reactor_utilization": {
          "shard": "1",
          "value": 85.391736460000104
        }
      },
      {
        "reactor_utilization": {
          "shard": "2",
          "value": 72.666982239999527
        }
      },
      {
        "reactor_utilization": {
          "shard": "3",
          "value": 68.179557740000178
        }
      },
      {
        "reactor_utilization": {
          "shard": "4",
          "value": 63.549292520000165
        }
      },
      {
        "reactor_utilization": {
          "shard": "5",
          "value": 76.919619020000312
        }
      },
      {
        "reactor_utilization": {
          "shard": "6",
          "value": 92.770597879999713
        }
      },
      {
        "reactor_utilization": {
          "shard": "7",
          "value": 75.993836999999772
        }
      }
    ]
  },
  {
    "metrics": [
      {
        "reactor_utilization": {
          "shard": "0",
          "value": 89.043782580000297
        }
      },
      {
        "reactor_utilization": {
          "shard": "1",
          "value": 87.79327932000011
        }
      },
      {
        "reactor_utilization": {
          "shard": "2",
          "value": 71.601771879999546
        }
      },
      {
        "reactor_utilization": {
          "shard": "3",
          "value": 68.099675240000167
        }
      },
      {
        "reactor_utilization": {
          "shard": "4",
          "value": 77.265866020000161
        }
      },
      {
        "reactor_utilization": {
          "shard": "5",
          "value": 85.344393760000301
        }
      },
      {
        "reactor_utilization": {
          "shard": "6",
          "value": 79.444825659999708
        }
      },
      {
        "reactor_utilization": {
          "shard": "7",
          "value": 79.736167019999769
        }
      }
    ]
  },
  {
    "metrics": [
      {
        "reactor_utilization": {
          "shard": "0",
          "value": 89.845424800000302
        }
      },
      {
        "reactor_utilization": {
          "shard": "1",
          "value": 88.151465020000103
        }
      },
      {
        "reactor_utilization": {
          "shard": "2",
          "value": 70.48374837999954
        }
      },
      {
        "reactor_utilization": {
          "shard": "3",
          "value": 67.883793140000165
        }
      },
      {
        "reactor_utilization": {
          "shard": "4",
          "value": 62.924328340000166
        }
      },
      {
        "reactor_utilization": {
          "shard": "5",
          "value": 76.072911660000315
        }
      },
      {
        "reactor_utilization": {
          "shard": "6",
          "value": 84.444589719999712
        }
      },
      {
        "reactor_utilization": {
          "shard": "7",
          "value": 88.917894279999771
        }
      }
    ]
  },
  {
    "metrics": [
      {
        "reactor_utilization": {
          "shard": "0",
          "value": 98.522442960000305
        }
      },
      {
        "reactor_utilization": {
          "shard": "1",
          "value": 88.755532020000103
        }
      },
      {
        "reactor_utilization": {
          "shard": "2",
          "value": 70.733073259999529
        }
      },
      {
        "reactor_utilization": {
          "shard": "3",
          "value": 57.408045240000185
        }
      },
      {
        "reactor_utilization": {
          "shard": "4",
          "value": 71.581849520000176
        }
      },
      {
        "reactor_utilization": {
          "shard": "5",
          "value": 76.16881274000032
        }
      },
      {
        "reactor_utilization": {
          "shard": "6",
          "value": 88.767201599999709
        }
      },
      {
        "reactor_utilization": {
          "shard": "7",
          "value": 82.037809279999777
        }
      }
    ]
  },
  {
    "metrics": [
      {
        "reactor_utilization": {
          "shard": "0",
          "value": 87.103135160000306
        }
      },
      {
        "reactor_utilization": {
          "shard": "1",
          "value": 86.041862140000106
        }
      },
      {
        "reactor_utilization": {
          "shard": "2",
          "value": 73.437722919999544
        }
      },
      {
        "reactor_utilization": {
          "shard": "3",
          "value": 65.771128360000191
        }
      },
      {
        "reactor_utilization": {
          "shard": "4",
          "value": 68.739299640000169
        }
      },
      {
        "reactor_utilization": {
          "shard": "5",
          "value": 80.687608200000298
        }
      },
      {
        "reactor_utilization": {
          "shard": "6",
          "value": 92.335791519999717
        }
      },
      {
        "reactor_utilization": {
          "shard": "7",
          "value": 74.565727259999775
        }
      }
    ]
  },
  {
    "metrics": [
      {
        "reactor_utilization": {
          "shard": "0",
          "value": 85.829746120000294
        }
      },
      {
        "reactor_utilization": {
          "shard": "1",
          "value": 84.6475172600001
        }
      },
      {
        "reactor_utilization": {
          "shard": "2",
          "value": 65.749449879999531
        }
      },
      {
        "reactor_utilization": {
          "shard": "3",
          "value": 70.119735120000186
        }
      },
      {
        "reactor_utilization": {
          "shard": "4",
          "value": 80.252115500000173
        }
      },
      {
        "reactor_utilization": {
          "shard": "5",
          "value": 80.338423140000302
        }
      },
      {
        "reactor_utilization": {
          "shard": "6",
          "value": 82.259483379999708
        }
      },
      {
        "reactor_utilization": {
          "shard": "7",
          "value": 76.761397399999794
        }
      }
    ]
  },
  {
    "metrics": [
      {
        "reactor_utilization": {
          "shard": "0",
          "value": 82.974089840000303
        }
      },
      {
        "reactor_utilization": {
          "shard": "1",
          "value": 90.105942320000096
        }
      },
      {
        "reactor_utilization": {
          "shard": "2",
          "value": 73.124189659999544
        }
      },
      {
        "reactor_utilization": {
          "shard": "3",
          "value": 63.719910000000169
        }
      },
      {
        "reactor_utilization": {
          "shard": "4",
          "value": 65.452640960000167
        }
      },
      {
        "reactor_utilization": {
          "shard": "5",
          "value": 78.583204320000306
        }
      },
      {
        "reactor_utilization": {
          "shard": "6",
          "value": 83.125844859999702
        }
      },
      {
        "reactor_utilization": {
          "shard": "7",
          "value": 84.285954739999781
        }
      }
    ]
  },
  {
    "metrics": [
      {
        "reactor_utilization": {
          "shard": "0",
          "value": 93.488796360000308
        }
      },
      {
        "reactor_utilization": {
          "shard": "1",
          "value": 86.1216565000001
        }
      },
      {
        "reactor_utilization": {
          "shard": "2",
          "value": 69.87865367999953
        }
      },
      {
        "reactor_utilization": {
          "shard": "3",
          "value": 59.769326780000178
        }
      },
      {
        "reactor_utilization": {
          "shard": "4",
          "value": 66.640221320000165
        }
      },
      {
        "reactor_utilization": {
          "shard": "5",
          "value": 72.131888860000302
        }
      },
      {
        "reactor_utilization": {
          "shard": "6",
          "value": 85.208519739999716
        }
      },
      {
        "reactor_utilization": {
          "shard": "7",
          "value": 85.395044979999781
        }
      }
    ]
  },
  {
    "metrics": [
      {
        "reactor_utilization": {
          "shard": "0",
          "value": 88.964465720000291
        }
      },
      {
        "reactor_utilization": {
          "shard": "1",
          "value": 89.2037539600001
        }
      },
      {
        "reactor_utilization": {
          "shard": "2",
          "value": 71.18290273999952
        }
      },
      {
        "reactor_utilization": {
          "shard": "3",
          "value": 63.145607040000165
        }
      },
      {
        "reactor_utilization": {
          "shard": "4",
          "value": 77.299538980000165
        }
      },
      {
        "reactor_utilization": {
          "shard": "5",
          "value": 83.238356160000308
        }
      },
      {
        "reactor_utilization": {
          "shard": "6",
          "value": 83.756755139999711
        }
      },
      {
        "reactor_utilization": {
          "shard": "7",
          "value": 75.968682019999775
        }
      }
    ]
  },
  {
    "metrics": [
      {
        "reactor_utilization": {
          "shard": "0",
          "value": 86.467324340000303
        }
      },
      {
        "reactor_utilization": {
          "shard": "1",
          "value": 85.280251220000096
        }
      },
      {
        "reactor_utilization": {
          "shard": "2",
          "value": 77.083005039999534
        }
      },
      {
        "reactor_utilization": {
          "shard": "3",
          "value": 70.160035220000168
        }
      },
      {
        "reactor_utilization": {
          "shard": "4",
          "value": 69.020352900000177
        }
      },
      {
        "reactor_utilization": {
          "shard": "5",
          "value": 79.873185900000294
        }
      },
      {
        "reactor_utilization": {
          "shard": "6",
          "value": 92.603104139999715
        }
      },
      {
        "reactor_utilization": {
          "shard": "7",
          "value": 76.847663039999773
        }
      }
    ]
  },
  {
    "metrics": [
      {
        "reactor_utilization": {
          "shard": "0",
          "value": 90.856506780000302
        }
      },
      {
        "reactor_utilization": {
          "shard": "1",
          "value": 93.888084400000096
        }
      },
      {
        "reactor_utilization": {
          "shard": "2",
          "value": 75.563338679999532
        }
      },
      {
        "reactor_utilization": {
          "shard": "3",
          "value": 72.427497740000163
        }
      },
      {
        "reactor_utilization": {
          "shard": "4",
          "value": 75.014597680000165
        }
      },
      {
        "reactor_utilization": {
          "shard": "5",
          "value": 88.868666740000307
        }
      },
      {
        "reactor_utilization": {
          "shard": "6",
          "value": 83.151198619999718
        }
      },
      {
        "reactor_utilization": {
          "shard": "7",
          "value": 84.730820199999769
        }
      }
    ]
  },
  {
    "metrics": [
      {
        "reactor_utilization": {
          "shard": "0",
          "value": 89.205250900000294
        }
      },
      {
        "reactor_utilization": {
          "shard": "1",
          "value": 87.297933760000106
        }
      },
      {
        "reactor_utilization": {
          "shard": "2",
          "value": 71.09502301999953
        }
      },
      {
        "reactor_utilization": {
          "shard": "3",
          "value": 68.016618840000163
        }
      },
      {
        "reactor_utilization": {
          "shard": "4",
          "value": 63.24936988000016
        }
      },
      {
        "reactor_utilization": {
          "shard": "5",
          "value": 79.012493400000309
        }
      },
      {
        "reactor_utilization": {
          "shard": "6",
          "value": 89.756699179999728
        }
      },
      {
        "reactor_utilization": {
          "shard": "7",
          "value": 87.578205499999768
        }
      }
    ]
  },
  {
    "metrics": [
      {
        "reactor_utilization": {
          "shard": "0",
          "value": 92.060985780000308
        }
      },
      {
        "reactor_utilization": {
          "shard": "1",
          "value": 86.840941460000096
        }
      },
      {
        "reactor_utilization": {
          "shard": "2",
          "value": 71.891421259999547
        }
      },
      {
        "reactor_utilization": {
          "shard": "3",
          "value": 53.97541876000016
        }
      },
      {
        "reactor_utilization": {
          "shard": "4",
          "value": 64.457337900000169
        }
      },
      {
        "reactor_utilization": {
          "shard": "5",
          "value": 66.925800700000309
        }
      },
      {
        "reactor_utilization": {
          "shard": "6",
          "value": 85.411176119999723
        }
      },
      {
        "reactor_utilization": {
          "shard": "7",
          "value": 79.056444879999759
        }
      }
    ]
  }
]
