[
  {
    "metrics": [
      {
        "reactor_utilization": {
          "shard": "0",
          "value": 84.705190180000329
        }
      },
      {
        "reactor_utilization": {
          "shard": "1",
          "value": 87.556582820000017
        }
      },
      {
        "reactor_utilization": {
          "shard": "2",
          "value": 82.657721239999688
        }
      },
      {
        "reactor_utilization": {
          "shard": "3",
          "value": 91.632471900000084
        }
      },
      {
        "reactor_utilization": {
          "shard": "4",
          "value": 78.934863720000152
        }
      },
      {
        "reactor_utilization": {
          "shard": "5",
          "value": 74.358731840000388
        }
      },
      {
        "reactor_utilization": {
          "shard": "6",
          "value": 82.02034969999967
        }
      },
      {
        "reactor_utilization": {
          "shard": "7",
          "value": 92.597758479999797
        }
      }
    ]
  },
  {
    "metrics": [
      {
        "reactor_utilization": {
          "shard": "0",
          "value": 84.667317200000326
        }
      },
      {
        "reactor_utilization": {
          "shard": "1",
          "value": 84.126787820000033
        }
      },
      {
        "reactor_utilization": {
          "shard": "2",
          "value": 91.736500639999676
        }
      },
      {
        "reactor_utilization": {
          "shard": "3",
          "value": 83.892124400000085
        }
      },
      {
        "reactor_utilization": {
          "shard": "4",
          "value": 81.026312680000146
        }
      },
      {
        "reactor_utilization": {
          "shard": "5",
          "value": 71.335614500000389
        }
      },
      {
        "reactor_utilization": {
          "shard": "6",
          "value": 84.705399979999669
        }
      },
      {
        "reactor_utilization": {
          "shard": "7",
          "value": 87.254701839999797
        }
      }
    ]
  },
  {
    "metrics": [
      {
        "reactor_utilization": {
          "shard": "0",
          "value": 81.467537100000314
        }
      },
      {
        "reactor_utilization": {
          "shard": "1",
          "value": 88.100985700000024
        }
      },
      {
        "reactor_utilization": {
          "shard": "2",
          "value": 89.547377499999683
        }
      },
      {
        "reactor_utilization": {
          "shard": "3",
          "value": 92.322860620000085
        }
      },
      {
        "reactor_utilization": {
          "shard": "4",
          "value": 83.755201160000155
        }
      },
      {
        "reactor_utilization": {
          "shard": "5",
          "value": 92.650747320000377
        }
      },
      {
        "reactor_utilization": {
          "shard": "6",
          "value": 79.573338079999672
        }
      },
      {
        "reactor_utilization": {
          "shard": "7",
          "value": 88.985428939999792
        }
      }
    ]
  },
  {
    "metrics": [
      {
        "reactor_utilization": {
          "shard": "0",
          "value": 83.459456100000324
        }
      },
      {
        "reactor_utilization": {
          "shard": "1",
          "value": 83.998960780000019
        }
      },
      {
        "reactor_utilization": {
          "shard": "2",
          "value": 83.63309207999967
        }
      },
      {
        "reactor_utilization": {
          "shard": "3",
          "value": 74.478522680000083
        }
      },
      {
        "reactor_utilization": {
          "shard": "4",
          "value": 83.673451160000141
        }
      },
      {
        "reactor_utilization": {
          "shard": "5",
          "value": 89.001123280000385
        }
      },
      {
        "reactor_utilization": {
          "shard": "6",
          "value": 90.784257459999679
        }
      },
      {
        "reactor_utilization": {
          "shard": "7",
          "value": 93.55267167999979
        }
      }
    ]
  },
  {
    "metrics": [
      {
        "reactor_utilization": {
          "shard": "0",
          "value": 89.776472380000328
        }
      },
      {
        "reactor_utilization": {
          "shard": "1",
          "value": 75.759068100000022
        }
      },
      {
        "reactor_utilization": {
          "shard": "2",
          "value": 89.853692039999672
        }
      },
      {
        "reactor_utilization": {
          "shard": "3",
          "value": 82.520998840000075
        }
      },
      {
        "reactor_utilization": {
          "shard": "4",
          "value": 84.075538340000151
        }
      },
      {
        "reactor_utilization": {
          "shard": "5",
          "value": 91.875884280000392
        }
      },
      {
        "reactor_utilization": {
          "shard": "6",
          "value": 89.110224639999672
        }
      },
      {
        "reactor_utilization": {
          "shard": "7",
          "value": 88.214776779999795
        }
      }
    ]
  },
  {
    "metrics": [
      {
        "reactor_utilization": {
          "shard": "0",
          "value": 73.793607940000314
        }
      },
      {
        "reactor_utilization": {
          "shard": "1",
          "value": 84.234443240000019
        }
      },
      {
        "reactor_utilization": {
          "shard": "2",
          "value": 82.744101379999677
        }
      },
      {
        "reactor_utilization": {
          "shard": "3",
          "value": 95.094536940000083
        }
      },
      {
        "reactor_utilization": {
          "shard": "4",
          "value": 81.950968080000138
        }
      },
      {
        "reactor_utilization": {
          "shard": "5",
          "value": 81.912791240000388
        }
      },
      {
        "reactor_utilization": {
          "shard": "6",
          "value": 86.309345679999666
        }
      },
      {
        "reactor_utilization": {
          "shard": "7",
          "value": 88.303523699999786
        }
      }
    ]
  },
  {
    "metrics": [
      {
        "reactor_utilization": {
          "shard": "0",
          "value": 82.454237060000324
        }
      },
      {
        "reactor_utilization": {
          "shard": "1",
          "value": 81.631793540000018
        }
      },
      {
        "reactor_utilization": {
          "shard": "2",
          "value": 85.232416079999666
        }
      },
      {
        "reactor_utilization": {
          "shard": "3",
          "value": 85.303792900000076
        }
      },
      {
        "reactor_utilization": {
          "shard": "4",
          "value": 73.427096520000148
        }
      },
      {
        "reactor_utilization": {
          "shard": "5",
          "value": 85.994220620000377
        }
      },
      {
        "reactor_utilization": {
          "shard": "6",
          "value": 92.336645159999676
        }
      },
      {
        "reactor_utilization": {
          "shard": "7",
          "value": 91.433181339999791
        }
      }
    ]
  },
  {
    "metrics": [
      {
        "reactor_utilization": {
          "shard": "0",
          "value": 79.504403600000316
        }
      },
      {
        "reactor_utilization": {
          "shard": "1",
          "value": 85.037783520000019
        }
      },
      {
        "reactor_utilization": {
          "shard": "2",
          "value": 87.151700659999676
        }
      },
      {
        "reactor_utilization": {
          "shard": "3",
          "value": 86.628938880000078
        }
      },
      {
        "reactor_utilization": {
          "shard": "4",
          "value": 82.335802760000149
        }
      },
      {
        "reactor_utilization": {
          "shard": "5",
          "value": 94.322355140000397
        }
      },
      {
        "reactor_utilization": {
          "shard": "6",
          "value": 82.049907399999682
        }
      },
      {
        "reactor_utilization": {
          "shard": "7",
          "value": 91.152869379999785
        }
      }
    ]
  },
  {
    "metrics": [
      {
        "reactor_utilization": {
          "shard": "0",
          "value": 85.348713660000314
        }
      },
      {
        "reactor_utilization": {
          "shard": "1",
          "value": 79.826274480000009
        }
      },
      {
        "reactor_utilization": {
          "shard": "2",
          "value": 79.720302939999669
        }
      },
      {
        "reactor_utilization": {
          "shard": "3",
          "value": 88.876389860000089
        }
      },
      {
        "reactor_utilization": {
          "shard": "4",
          "value": 83.079229700000141
        }
      },
      {
        "reactor_utilization": {
          "shard": "5",
          "value": 86.478613720000382
        }
      },
      {
        "reactor_utilization": {
          "shard": "6",
          "value": 84.437271519999669
        }
      },
      {
        "reactor_utilization": {
          "shard": "7",
          "value": 93.805496759999798
        }
      }
    ]
  },
  {
    "metrics": [
      {
        "reactor_utilization": {
          "shard": "0",
          "value": 77.441398380000322
        }
      },
      {
        "reactor_utilization": {
          "shard": "1",
          "value": 82.150423260000011
        }
      },
      {
        "reactor_utilization": {
          "shard": "2",
          "value": 92.505123199999687
        }
      },
      {
        "reactor_utilization": {
          "shard": "3",
          "value": 86.545787480000087
        }
      },
      {
        "reactor_utilization": {
          "shard": "4",
          "value": 89.237993860000159
        }
      },
      {
        "reactor_utilization": {
          "shard": "5",
          "value": 86.622131840000378
        }
      },
      {
        "reactor_utilization": {
          "shard": "6",
          "value": 90.278543839999671
        }
      },
      {
        "reactor_utilization": {
          "shard": "7",
          "value": 87.07743115999979
        }
      }
    ]
  },
  {
    "metrics": [
      {
        "reactor_utilization": {
          "shard": "0",
          "value": 87.45232352000032
        }
      },
      {
        "reactor_utilization": {
          "shard": "1",
          "value": 84.726028780000021
        }
      },
      {
        "reactor_utilization": {
          "shard": "2",
          "value": 89.09298543999968
        }
      },
      {
        "reactor_utilization": {
          "shard": "3",
          "value": 95.122280620000083
        }
      },
      {
        "reactor_utilization": {
          "shard": "4",
          "value": 76.489796880000142
        }
      },
      {
        "reactor_utilization": {
          "shard": "5",
          "value": 80.821827540000385
        }
      },
      {
        "reactor_utilization": {
          "shard": "6",
          "value": 83.82484225999967
        }
      },
      {
        "reactor_utilization": {
          "shard": "7",
          "value": 79.231537619999798
        }
      }
    ]
  },
  {
    "metrics": [
      {
        "reactor_utilization": {
          "shard": "0",
          "value": 76.616039220000332
        }
      },
      {
        "reactor_utilization": {
          "shard": "1",
          "value": 80.849515740000015
        }
      },
      {
        "reactor_utilization": {
          "shard": "2",
          "value": 83.17368345999968
        }
      },
      {
        "reactor_utilization": {
          "shard": "3",
          "value": 94.852895160000088
        }
      },
      {
        "reactor_utilization": {
          "shard": "4",
          "value": 71.793760300000159
        }
      },
      {
        "reactor_utilization": {
          "shard": "5",
          "value": 83.931876520000387
        }
      },
      {
        "reactor_utilization": {
          "shard": "6",
          "value": 81.083006239999676
        }
      },
      {
        "reactor_utilization": {
          "shard": "7",
          "value": 87.245936019999789
        }
      }
    ]
  },
  {
    "metrics": [
      {
        "reactor_utilization": {
          "shard": "0",
          "value": 90.562508720000324
        }
      },
      {
        "reactor_utilization": {
          "shard": "1",
          "value": 82.334489600000012
        }
      },
      {
        "reactor_utilization": {
          "shard": "2",
          "value": 81.752599219999695
        }
      },
      {
        "reactor_utilization": {
          "shard": "3",
          "value": 85.034204040000077
        }
      },
      {
        "reactor_utilization": {
          "shard": "4",
          "value": 75.210506820000148
        }
      },
      {
        "reactor_utilization": {
          "shard": "5",
          "value": 82.90656306000038
        }
      },
      {
        "reactor_utilization": {
          "shard": "6",
          "value": 90.237902339999678
        }
      },
      {
        "reactor_utilization": {
          "shard": "7",
          "value": 86.540120459999798
        }
      }
    ]
  },
  {
    "metrics": [
      {
        "reactor_utilization": {
          "shard": "0",
          "value": 88.694052460000322
        }
      },
      {
        "reactor_utilization": {
          "shard": "1",
          "value": 83.96029092000002
        }
      },
      {
        "reactor_utilization": {
          "shard": "2",
          "value": 88.313687639999699
        }
      },
      {
        "reactor_utilization": {
          "shard": "3",
          "value": 89.540135980000073
        }
      },
      {
        "reactor_utilization": {
          "shard": "4",
          "value": 79.435232200000144
        }
      },
      {
        "reactor_utilization": {
          "shard": "5",
          "value": 79.611869800000392
        }
      },
      {
        "reactor_utilization": {
          "shard": "6",
          "value": 91.326315759999673
        }
      },
      {
        "reactor_utilization": {
          "shard": "7",
          "value": 90.201166059999792
        }
      }
    ]
  },
  {
    "metrics": [
      {
        "reactor_utilization": {
          "shard": "0",
          "value": 85.718811040000318
        }
      },
      {
        "reactor_utilization": {
          "shard": "1",
          "value": 74.499995240000018
        }
      },
      {
        "reactor_utilization": {
          "shard": "2",
          "value": 83.310913999999698
        }
      },
      {
        "reactor_utilization": {
          "shard": "3",
          "value": 83.66759756000009
        }
      },
      {
        "reactor_utilization": {
          "shard": "4",
          "value": 83.001609840000143
        }
      },
      {
        "reactor_utilization": {
          "shard": "5",
          "value": 78.117008740000387
        }
      },
      {
        "reactor_utilization": {
          "shard": "6",
          "value": 84.057475199999672
        }
      },
      {
        "reactor_utilization": {
          "shard": "7",
          "value": 99.825380159999781
        }
      }
    ]
  },
  {
    "metrics": [
      {
        "reactor_utilization": {
          "shard": "0",
          "value": 90.570448920000331
        }
      },
      {
        "reactor_utilization": {
          "shard": "1",
          "value": 88.299732380000009
        }
      },
      {
        "reactor_utilization": {
          "shard": "2",
          "value": 84.00477285999969
        }
      },
      {
        "reactor_utilization": {
          "shard": "3",
          "value": 88.162787540000082
        }
      },
      {
        "reactor_utilization": {
          "shard": "4",
          "value": 78.228415440000148
        }
      },
      {
        "reactor_utilization": {
          "shard": "5",
          "value": 84.782583000000386
        }
      },
      {
        "reactor_utilization": {
          "shard": "6",
          "value": 89.022609879999663
        }
      },
      {
        "reactor_utilization": {
          "shard": "7",
          "value": 94.603137659999788
        }
      }
    ]
  },
  {
    "metrics": [
      {
        "reactor_utilization": {
          "shard": "0",
          "value": 88.883336400000317
        }
      },
      {
        "reactor_utilization": {
          "shard": "1",
          "value": 88.936060580000003
        }
      },
      {
        "reactor_utilization": {
          "shard": "2",
          "value": 91.256654299999681
        }
      },
      {
        "reactor_utilization": {
          "shard": "3",
          "value": 94.834059060000087
        }
      },
      {
        "reactor_utilization": {
          "shard": "4",
          "value": 81.224326760000153
        }
      },
      {
        "reactor_utilization": {
          "shard": "5",
          "value": 84.782791100000381
        }
      },
      {
        "reactor_utilization": {
          "shard": "6",
          "value": 89.704598859999678
        }
      },
      {
        "reactor_utilization": {
          "shard": "7",
          "value": 84.867423779999783
        }
      }
    ]
  },
  {
    "metrics": [
      {
        "reactor_utilization": {
          "shard": "0",
          "value": 76.998972760000328
        }
      },
      {
        "reactor_utilization": {
          "shard": "1",
          "value": 87.443219920000018
        }
      },
      {
        "reactor_utilization": {
          "shard": "2",
          "value": 85.575156859999694
        }
      },
      {
        "reactor_utilization": {
          "shard": "3",
          "value": 78.916581940000086
        }
      },
      {
        "reactor_utilization": {
          "shard": "4",
          "value": 79.500280540000148
        }
      },
      {
        "reactor_utilization": {
          "shard": "5",
          "value": 83.080253180000383
        }
      },
      {
        "reactor_utilization": {
          "shard": "6",
          "value": 85.005500399999676
        }
      },
      {
        "reactor_utilization": {
          "shard": "7",
          "value": 93.474108599999795
        }
      }
    ]
  },
  {
    "metrics": [
      {
        "reactor_utilization": {
          "shard": "0",
          "value": 86.135458620000321
        }
      },
      {
        "reactor_utilization": {
          "shard": "1",
          "value": 80.301565720000013
        }
      },
      {
        "reactor_utilization": {
          "shard": "2",
          "value": 83.872473999999684
        }
      },
      {
        "reactor_utilization": {
          "shard": "3",
          "value": 80.230000260000082
        }
      },
      {
        "reactor_utilization": {
          "shard": "4",
          "value": 90.55239590000015
        }
      },
      {
        "reactor_utilization": {
          "shard": "5",
          "value": 89.137964100000389
        }
      },
      {
        "reactor_utilization": {
          "shard": "6",
          "value": 92.232184299999673
        }
      },
      {
        "reactor_utilization": {
          "shard": "7",
          "value": 87.039834059999805
        }
      }
    ]
  },
  {
    "metrics": [
      {
        "reactor_utilization": {
          "shard": "0",
          "value": 85.939523820000318
        }
      },
      {
        "reactor_utilization": {
          "shard": "1",
          "value": 81.421266620000011
        }
      },
      {
        "reactor_utilization": {
          "shard": "2",
          "value": 87.778843519999683
        }
      },
      {
        "reactor_utilization": {
          "shard": "3",
          "value": 98.791857300000103
        }
      },
      {
        "reactor_utilization": {
          "shard": "4",
          "value": 75.449997600000145
        }
      },
      {
        "reactor_utilization": {
          "shard": "5",
          "value": 83.258601560000372
        }
      },
      {
        "reactor_utilization": {
          "shard": "6",
          "value": 89.219141139999678
        }
      },
      {
        "reactor_utilization": {
          "shard": "7",
          "value": 85.154083139999798
        }
      }
    ]
  },
  {
    "metrics": [
      {
        "reactor_utilization": {
          "shard": "0",
          "value": 88.560949440000329
        }
      },
      {
        "reactor_utilization": {
          "shard": "1",
          "value": 88.170252200000007
        }
      },
      {
        "reactor_utilization": {
          "shard": "2",
          "value": 94.067032159999684
        }
      },
      {
        "reactor_utilization": {
          "shard": "3",
          "value": 90.448776660000078
        }
      },
      {
        "reactor_utilization": {
          "shard": "4",
          "value": 80.960309200000154
        }
      },
      {
        "reactor_utilization": {
          "shard": "5",
          "value": 90.375491760000386
        }
      },
      {
        "reactor_utilization": {
          "shard": "6",
          "value": 83.882112219999669
        }
      },
      {
        "reactor_utilization": {
          "shard": "7",
          "value": 93.57949527999979
        }
      }
    ]
  },
  {
    "metrics": [
      {
        "reactor_utilization": {
          "shard": "0",
          "value": 80.05093806000032
        }
      },
      {
        "reactor_utilization": {
          "shard": "1",
          "value": 83.847612080000019
        }
      },
      {
        "reactor_utilization": {
          "shard": "2",
          "value": 78.954563179999681
        }
      },
      {
        "reactor_utilization": {
          "shard": "3",
          "value": 76.511392040000104
        }
      },
      {
        "reactor_utilization": {
          "shard": "4",
          "value": 76.911196040000149
        }
      },
      {
        "reactor_utilization": {
          "shard": "5",
          "value": 89.730418920000375
        }
      },
      {
        "reactor_utilization": {
          "shard": "6",
          "value": 94.75403385999968
        }
      },
      {
        "reactor_utilization": {
          "shard": "7",
          "value": 89.206097459999796
        }
      }
    ]
  },
  {
    "metrics": [
      {
        "reactor_utilization": {
          "shard": "0",
          "value": 78.841674700000326
        }
      },
      {
        "reactor_utilization": {
          "shard": "1",
          "value": 75.659245100000021
        }
      },
      {
        "reactor_utilization": {
          "shard": "2",
          "value": 85.901175299999679
        }
      },
      {
        "reactor_utilization": {
          "shard": "3",
          "value": 99.1666424000001
        }
      },
      {
        "reactor_utilization": {
          "shard": "4",
          "value": 88.068882100000152
        }
      },
      {
        "reactor_utilization": {
          "shard": "5",
          "value": 92.872910840000372
        }
      },
      {
        "reactor_utilization": {
          "shard": "6",
          "value": 80.791619139999682
        }
      },
      {
        "reactor_utilization": {
          "shard": "7",
          "value": 89.817397219999791
        }
      }
    ]
  },
  {
    "metrics": [
      {
        "reactor_utilization": {
          "shard": "0",
          "value": 81.44572772000032
        }
      },
      {
        "reactor_utilization": {
          "shard": "1",
          "value": 85.342993600000014
        }
      },
      {
        "reactor_utilization": {
          "shard": "2",
          "value": 85.852287119999687
        }
      },
      {
        "reactor_utilization": {
          "shard": "3",
          "value": 85.367073400000109
        }
      },
      {
        "reactor_utilization": {
          "shard": "4",
          "value": 83.801735220000168
        }
      },
      {
        "reactor_utilization": {
          "shard": "5",
          "value": 77.921140860000378
        }
      },
      {
        "reactor_utilization": {
          "shard": "6",
          "value": 86.743785419999682
        }
      },
      {
        "reactor_utilization": {
          "shard": "7",
          "value": 91.116528359999791
        }
      }
    ]
  }
]
