[
  {
    "metrics": [
      {
        "reactor_utilization": {
          "shard": "0",
          "value": 86.989051020000346
        }
      },
      {
        "reactor_utilization": {
          "shard": "1",
          "value": 90.184492639999974
        }
      },
      {
        "reactor_utilization": {
          "shard": "2",
          "value": 87.908611419999588
        }
      },
      {
        "reactor_utilization": {
          "shard": "3",
          "value": 92.300838400000089
        }
      },
      {
        "reactor_utilization": {
          "shard": "4",
          "value": 71.50836682000012
        }
      },
      {
        "reactor_utilization": {
          "shard": "5",
          "value": 80.232602620000407
        }
      },
      {
        "reactor_utilization": {
          "shard": "6",
          "value": 89.93025285999974
        }
      },
      {
        "reactor_utilization": {
          "shard": "7",
          "value": 99.528625939999799
        }
      }
    ]
  },
  {
    "metrics": [
      {
        "reactor_utilization": {
          "shard": "0",
          "value": 86.579181960000341
        }
      },
      {
        "reactor_utilization": {
          "shard": "1",
          "value": 92.445013879999976
        }
      },
      {
        "reactor_utilization": {
          "shard": "2",
          "value": 83.323681599999588
        }
      },
      {
        "reactor_utilization": {
          "shard": "3",
          "value": 92.901698080000102
        }
      },
      {
        "reactor_utilization": {
          "shard": "4",
          "value": 77.524617300000131
        }
      },
      {
        "reactor_utilization": {
          "shard": "5",
          "value": 89.551724420000411
        }
      },
      {
        "reactor_utilization": {
          "shard": "6",
          "value": 91.634855719999734
        }
      },
      {
        "reactor_utilization": {
          "shard": "7",
          "value": 97.894147619999799
        }
      }
    ]
  },
  {
    "metrics": [
      {
        "reactor_utilization": {
          "shard": "0",
          "value": 86.919651160000342
        }
      },
      {
        "reactor_utilization": {
          "shard": "1",
          "value": 88.578969319999985
        }
      },
      {
        "reactor_utilization": {
          "shard": "2",
          "value": 95.034620419999598
        }
      },
      {
        "reactor_utilization": {
          "shard": "3",
          "value": 89.980415020000109
        }
      },
      {
        "reactor_utilization": {
          "shard": "4",
          "value": 72.466903660000128
        }
      },
      {
        "reactor_utilization": {
          "shard": "5",
          "value": 80.693785380000406
        }
      },
      {
        "reactor_utilization": {
          "shard": "6",
          "value": 89.174659159999734
        }
      },
      {
        "reactor_utilization": {
          "shard": "7",
          "value": 95.574708179999789
        }
      }
    ]
  },
  {
    "metrics": [
      {
        "reactor_utilization": {
          "shard": "0",
          "value": 87.767198260000342
        }
      },
      {
        "reactor_utilization": {
          "shard": "1",
          "value": 91.455708839999986
        }
      },
      {
        "reactor_utilization": {
          "shard": "2",
          "value": 85.450153099999596
        }
      },
      {
        "reactor_utilization": {
          "shard": "3",
          "value": 77.131271420000104
        }
      },
      {
        "reactor_utilization": {
          "shard": "4",
          "value": 75.325577680000123
        }
      },
      {
        "reactor_utilization": {
          "shard": "5",
          "value": 96.999259380000396
        }
      },
      {
        "reactor_utilization": {
          "shard": "6",
          "value": 90.186708879999728
        }
      },
      {
        "reactor_utilization": {
          "shard": "7",
          "value": 97.288140939999792
        }
      }
    ]
  },
  {
    "metrics": [
      {
        "reactor_utilization": {
          "shard": "0",
          "value": 82.66609088000034
        }
      },
      {
        "reactor_utilization": {
          "shard": "1",
          "value": 85.122483839999987
        }
      },
      {
        "reactor_utilization": {
          "shard": "2",
          "value": 95.744999839999593
        }
      },
      {
        "reactor_utilization": {
          "shard": "3",
          "value": 92.0927184600001
        }
      },
      {
        "reactor_utilization": {
          "shard": "4",
          "value": 83.077668240000122
        }
      },
      {
        "reactor_utilization": {
          "shard": "5",
          "value": 85.01907290000041
        }
      },
      {
        "reactor_utilization": {
          "shard": "6",
          "value": 87.36588543999973
        }
      },
      {
        "reactor_utilization": {
          "shard": "7",
          "value": 86.135628879999786
        }
      }
    ]
  },
  {
    "metrics": [
      {
        "reactor_utilization": {
          "shard": "0",
          "value": 84.264596460000348
        }
      },
      {
        "reactor_utilization": {
          "shard": "1",
          "value": 80.302299119999972
        }
      },
      {
        "reactor_utilization": {
          "shard": "2",
          "value": 90.406651379999587
        }
      },
      {
        "reactor_utilization": {
          "shard": "3",
          "value": 83.952427740000104
        }
      },
      {
        "reactor_utilization": {
          "shard": "4",
          "value": 77.695382840000121
        }
      },
      {
        "reactor_utilization": {
          "shard": "5",
          "value": 92.972684420000405
        }
      },
      {
        "reactor_utilization": {
          "shard": "6",
          "value": 90.748343799999731
        }
      },
      {
        "reactor_utilization": {
          "shard": "7",
          "value": 95.479414739999797
        }
      }
    ]
  },
  {
    "metrics": [
      {
        "reactor_utilization": {
          "shard": "0",
          "value": 75.273560700000345
        }
      },
      {
        "reactor_utilization": {
          "shard": "1",
          "value": 82.323269059999987
        }
      },
      {
        "reactor_utilization": {
          "shard": "2",
          "value": 78.591771259999604
        }
      },
      {
        "reactor_utilization": {
          "shard": "3",
          "value": 85.975752800000109
        }
      },
      {
        "reactor_utilization": {
          "shard": "4",
          "value": 74.81622212000012
        }
      },
      {
        "reactor_utilization": {
          "shard": "5",
          "value": 98.5850360000004
        }
      },
      {
        "reactor_utilization": {
          "shard": "6",
          "value": 85.303722019999739
        }
      },
      {
        "reactor_utilization": {
          "shard": "7",
          "value": 99.337609979999783
        }
      }
    ]
  },
  {
    "metrics": [
      {
        "reactor_utilization": {
          "shard": "0",
          "value": 81.076090340000349
        }
      },
      {
        "reactor_utilization": {
          "shard": "1",
          "value": 84.761789279999974
        }
      },
      {
        "reactor_utilization": {
          "shard": "2",
          "value": 86.174435499999589
        }
      },
      {
        "reactor_utilization": {
          "shard": "3",
          "value": 90.3414107400001
        }
      },
      {
        "reactor_utilization": {
          "shard": "4",
          "value": 70.810878740000121
        }
      },
      {
        "reactor_utilization": {
          "shard": "5",
          "value": 92.510052200000402
        }
      },
      {
        "reactor_utilization": {
          "shard": "6",
          "value": 89.608484439999742
        }
      },
      {
        "reactor_utilization": {
          "shard": "7",
          "value": 95.696820059999794
        }
      }
    ]
  },
  {
    "metrics": [
      {
        "reactor_utilization": {
          "shard": "0",
          "value": 83.10904832000034
        }
      },
      {
        "reactor_utilization": {
          "shard": "1",
          "value": 91.00786561999999
        }
      },
      {
        "reactor_utilization": {
          "shard": "2",
          "value": 88.415352259999608
        }
      },
      {
        "reactor_utilization": {
          "shard": "3",
          "value": 93.483290240000102
        }
      },
      {
        "reactor_utilization": {
          "shard": "4",
          "value": 79.012566940000113
        }
      },
      {
        "reactor_utilization": {
          "shard": "5",
          "value": 95.43157194000041
        }
      },
      {
        "reactor_utilization": {
          "shard": "6",
          "value": 84.065446719999741
        }
      },
      {
        "reactor_utilization": {
          "shard": "7",
          "value": 96.947071899999798
        }
      }
    ]
  },
  {
    "metrics": [
      {
        "reactor_utilization": {
          "shard": "0",
          "value": 74.581373760000361
        }
      },
      {
        "reactor_utilization": {
          "shard": "1",
          "value": 80.919161579999994
        }
      },
      {
        "reactor_utilization": {
          "shard": "2",
          "value": 93.291972919999594
        }
      },
      {
        "reactor_utilization": {
          "shard": "3",
          "value": 96.682490240000092
        }
      },
      {
        "reactor_utilization": {
          "shard": "4",
          "value": 95.247250080000128
        }
      },
      {
        "reactor_utilization": {
          "shard": "5",
          "value": 88.8222117600004
        }
      },
      {
        "reactor_utilization": {
          "shard": "6",
          "value": 82.461605319999734
        }
      },
      {
        "reactor_utilization": {
          "shard": "7",
          "value": 89.947524099999782
        }
      }
    ]
  },
  {
    "metrics": [
      {
        "reactor_utilization": {
          "shard": "0",
          "value": 76.869070600000342
        }
      },
      {
        "reactor_utilization": {
          "shard": "1",
          "value": 91.221314319999976
        }
      },
      {
        "reactor_utilization": {
          "shard": "2",
          "value": 85.791328539999597
        }
      },
      {
        "reactor_utilization": {
          "shard": "3",
          "value": 93.402806400000102
        }
      },
      {
        "reactor_utilization": {
          "shard": "4",
          "value": 71.873047500000126
        }
      },
      {
        "reactor_utilization": {
          "shard": "5",
          "value": 86.562798940000405
        }
      },
      {
        "reactor_utilization": {
          "shard": "6",
          "value": 92.604777539999745
        }
      },
      {
        "reactor_utilization": {
          "shard": "7",
          "value": 94.512167979999788
        }
      }
    ]
  },
  {
    "metrics": [
      {
        "reactor_utilization": {
          "shard": "0",
          "value": 84.050445160000351
        }
      },
      {
        "reactor_utilization": {
          "shard": "1",
          "value": 82.431143479999974
        }
      },
      {
        "reactor_utilization": {
          "shard": "2",
          "value": 75.93395625999959
        }
      },
      {
        "reactor_utilization": {
          "shard": "3",
          "value": 80.764610960000098
        }
      },
      {
        "reactor_utilization": {
          "shard": "4",
          "value": 71.725002500000116
        }
      },
      {
        "reactor_utilization": {
          "shard": "5",
          "value": 81.003927360000404
        }
      },
      {
        "reactor_utilization": {
          "shard": "6",
          "value": 77.19482477999972
        }
      },
      {
        "reactor_utilization": {
          "shard": "7",
          "value": 98.853920899999778
        }
      }
    ]
  },
  {
    "metrics": [
      {
        "reactor_utilization": {
          "shard": "0",
          "value": 81.296507380000349
        }
      },
      {
        "reactor_utilization": {
          "shard": "1",
          "value": 83.544824399999982
        }
      },
      {
        "reactor_utilization": {
          "shard": "2",
          "value": 90.182348259999586
        }
      },
      {
        "reactor_utilization": {
          "shard": "3",
          "value": 90.961282780000104
        }
      },
      {
        "reactor_utilization": {
          "shard": "4",
          "value": 74.409549180000113
        }
      },
      {
        "reactor_utilization": {
          "shard": "5",
          "value": 83.812847500000402
        }
      },
      {
        "reactor_utilization": {
          "shard": "6",
          "value": 94.56466063999973
        }
      },
      {
        "reactor_utilization": {
          "shard": "7",
          "value": 89.639559339999792
        }
      }
    ]
  },
  {
    "metrics": [
      {
        "reactor_utilization": {
          "shard": "0",
          "value": 89.806299440000345
        }
      },
      {
        "reactor_utilization": {
          "shard": "1",
          "value": 84.19781897999998
        }
      },
      {
        "reactor_utilization": {
          "shard": "2",
          "value": 84.761360319999596
        }
      },
      {
        "reactor_utilization": {
          "shard": "3",
          "value": 93.670698680000115
        }
      },
      {
        "reactor_utilization": {
          "shard": "4",
          "value": 74.96340330000011
        }
      },
      {
        "reactor_utilization": {
          "shard": "5",
          "value": 91.951341600000404
        }
      },
      {
        "reactor_utilization": {
          "shard": "6",
          "value": 90.359118659999737
        }
      },
      {
        "reactor_utilization": {
          "shard": "7",
          "value": 98.144621119999783
        }
      }
    ]
  },
  {
    "metrics": [
      {
        "reactor_utilization": {
          "shard": "0",
          "value": 89.089665640000348
        }
      },
      {
        "reactor_utilization": {
          "shard": "1",
          "value": 89.129252939999986
        }
      },
      {
        "reactor_utilization": {
          "shard": "2",
          "value": 86.541987899999597
        }
      },
      {
        "reactor_utilization": {
          "shard": "3",
          "value": 86.337642360000103
        }
      },
      {
        "reactor_utilization": {
          "shard": "4",
          "value": 67.844088660000111
        }
      },
      {
        "reactor_utilization": {
          "shard": "5",
          "value": 87.512052420000401
        }
      },
      {
        "reactor_utilization": {
          "shard": "6",
          "value": 88.153362079999738
        }
      },
      {
        "reactor_utilization": {
          "shard": "7",
          "value": 99.769252519999782
        }
      }
    ]
  },
  {
    "metrics": [
      {
        "reactor_utilization": {
          "shard": "0",
          "value": 87.309208940000346
        }
      },
      {
        "reactor_utilization": {
          "shard": "1",
          "value": 88.047532599999982
        }
      },
      {
        "reactor_utilization": {
          "shard": "2",
          "value": 85.573388159999595
        }
      },
      {
        "reactor_utilization": {
          "shard": "3",
          "value": 92.662866860000108
        }
      },
      {
        "reactor_utilization": {
          "shard": "4",
          "value": 77.274242620000109
        }
      },
      {
        "reactor_utilization": {
          "shard": "5",
          "value": 84.833280700000401
        }
      },
      {
        "reactor_utilization": {
          "shard": "6",
          "value": 79.018027599999741
        }
      },
      {
        "reactor_utilization": {
          "shard": "7",
          "value": 99.971846079999779
        }
      }
    ]
  },
  {
    "metrics": [
      {
        "reactor_utilization": {
          "shard": "0",
          "value": 79.007804000000334
        }
      },
      {
        "reactor_utilization": {
          "shard": "1",
          "value": 85.549738239999982
        }
      },
      {
        "reactor_utilization": {
          "shard": "2",
          "value": 93.972855599999605
        }
      },
      {
        "reactor_utilization": {
          "shard": "3",
          "value": 81.340743180000104
        }
      },
      {
        "reactor_utilization": {
          "shard": "4",
          "value": 71.455177480000117
        }
      },
      {
        "reactor_utilization": {
          "shard": "5",
          "value": 87.292624040000405
        }
      },
      {
        "reactor_utilization": {
          "shard": "6",
          "value": 78.105640599999731
        }
      },
      {
        "reactor_utilization": {
          "shard": "7",
          "value": 99.245931579999791
        }
      }
    ]
  },
  {
    "metrics": [
      {
        "reactor_utilization": {
          "shard": "0",
          "value": 93.251854860000336
        }
      },
      {
        "reactor_utilization": {
          "shard": "1",
          "value": 89.462047019999986
        }
      },
      {
        "reactor_utilization": {
          "shard": "2",
          "value": 84.506332859999603
        }
      },
      {
        "reactor_utilization": {
          "shard": "3",
          "value": 84.589509580000112
        }
      },
      {
        "reactor_utilization": {
          "shard": "4",
          "value": 79.256208980000125
        }
      },
      {
        "reactor_utilization": {
          "shard": "5",
          "value": 95.981778020000391
        }
      },
      {
        "reactor_utilization": {
          "shard": "6",
          "value": 98.505532439999726
        }
      },
      {
        "reactor_utilization": {
          "shard": "7",
          "value": 89.703224559999782
        }
      }
    ]
  },
  {
    "metrics": [
      {
        "reactor_utilization": {
          "shard": "0",
          "value": 82.64612376000035
        }
      },
      {
        "reactor_utilization": {
          "shard": "1",
          "value": 97.87010567999998
        }
      },
      {
        "reactor_utilization": {
          "shard": "2",
          "value": 88.670594819999593
        }
      },
      {
        "reactor_utilization": {
          "shard": "3",
          "value": 96.558554700000116
        }
      },
      {
        "reactor_utilization": {
          "shard": "4",
          "value": 85.536067720000119
        }
      },
      {
        "reactor_utilization": {
          "shard": "5",
          "value": 96.450006760000392
        }
      },
      {
        "reactor_utilization": {
          "shard": "6",
          "value": 92.911346539999741
        }
      },
      {
        "reactor_utilization": {
          "shard": "7",
          "value": 93.576473019999781
        }
      }
    ]
  },
  {
    "metrics": [
      {
        "reactor_utilization": {
          "shard": "0",
          "value": 83.180406520000332
        }
      },
      {
        "reactor_utilization": {
          "shard": "1",
          "value": 81.723982839999991
        }
      },
      {
        "reactor_utilization": {
          "shard": "2",
          "value": 87.363282719999603
        }
      },
      {
        "reactor_utilization": {
          "shard": "3",
          "value": 93.436947900000106
        }
      },
      {
        "reactor_utilization": {
          "shard": "4",
          "value": 81.006839280000122
        }
      },
      {
        "reactor_utilization": {
          "shard": "5",
          "value": 91.15840746000039
        }
      },
      {
        "reactor_utilization": {
          "shard": "6",
          "value": 84.564652199999728
        }
      },
      {
        "reactor_utilization": {
          "shard": "7",
          "value": 86.03022707999979
        }
      }
    ]
  },
  {
    "metrics": [
      {
        "reactor_utilization": {
          "shard": "0",
          "value": 73.071306460000343
        }
      },
      {
        "reactor_utilization": {
          "shard": "1",
          "value": 85.888580619999971
        }
      },
      {
        "reactor_utilization": {
          "shard": "2",
          "value": 84.600147759999601
        }
      },
      {
        "reactor_utilization": {
          "shard": "3",
          "value": 93.796615380000105
        }
      },
      {
        "reactor_utilization": {
          "shard": "4",
          "value": 73.564979000000122
        }
      },
      {
        "reactor_utilization": {
          "shard": "5",
          "value": 95.900499020000396
        }
      },
      {
        "reactor_utilization": {
          "shard": "6",
          "value": 84.446379959999746
        }
      },
      {
        "reactor_utilization": {
          "shard": "7",
          "value": 98.161307819999791
        }
      }
    ]
  },
  {
    "metrics": [
      {
        "reactor_utilization": {
          "shard": "0",
          "value": 81.488726000000341
        }
      },
      {
        "reactor_utilization": {
          "shard": "1",
          "value": 83.520038839999984
        }
      },
      {
        "reactor_utilization": {
          "shard": "2",
          "value": 87.970520319999594
        }
      },
      {
        "reactor_utilization": {
          "shard": "3",
          "value": 84.694345860000112
        }
      },
      {
        "reactor_utilization": {
          "shard": "4",
          "value": 73.654686280000121
        }
      },
      {
        "reactor_utilization": {
          "shard": "5",
          "value": 93.82526488000039
        }
      },
      {
        "reactor_utilization": {
          "shard": "6",
          "value": 94.517317839999734
        }
      },
      {
        "reactor_utilization": {
          "shard": "7",
          "value": 97.086122919999781
        }
      }
    ]
  },
  {
    "metrics": [
      {
        "reactor_utilization": {
          "shard": "0",
          "value": 88.34842028000034
        }
      },
      {
        "reactor_utilization": {
          "shard": "1",
          "value": 88.959593019999971
        }
      },
      {
        "reactor_utilization": {
          "shard": "2",
          "value": 89.696188959999589
        }
      },
      {
        "reactor_utilization": {
          "shard": "3",
          "value": 95.428392880000104
        }
      },
      {
        "reactor_utilization": {
          "shard": "4",
          "value": 86.916208220000101
        }
      },
      {
        "reactor_utilization": {
          "shard": "5",
          "value": 85.173982420000399
        }
      },
      {
        "reactor_utilization": {
          "shard": "6",
          "value": 84.603912379999741
        }
      },
      {
        "reactor_utilization": {
          "shard": "7",
          "value": 95.099588139999796
        }
      }
    ]
  },
  {
    "metrics": [
      {
        "reactor_utilization": {
          "shard": "0",
          "value": 73.682675060000349
        }
      },
      {
        "reactor_utilization": {
          "shard": "1",
          "value": 89.522588959999965
        }
      },
      {
        "reactor_utilization": {
          "shard": "2",
          "value": 88.122978679999591
        }
      },
      {
        "reactor_utilization": {
          "shard": "3",
          "value": 94.13499818000011
        }
      },
      {
        "reactor_utilization": {
          "shard": "4",
          "value": 79.362307220000105
        }
      },
      {
        "reactor_utilization": {
          "shard": "5",
          "value": 88.9699258400004
        }
      },
      {
        "reactor_utilization": {
          "shard": "6",
          "value": 81.805032639999737
        }
      },
      {
        "reactor_utilization": {
          "shard": "7",
          "value": 93.980010219999784
        }
      }
    ]
  }
]
