[
  {
    "metrics": [
      {
        "reactor_utilization": {
          "shard": "0",
          "value": 76.891533820000291
        }
      },
      {
        "reactor_utilization": {
          "shard": "1",
          "value": 72.938870759999958
        }
      },
      {
        "reactor_utilization": {
          "shard": "2",
          "value": 65.922535899999531
        }
      },
      {
        "reactor_utilization": {
          "shard": "3",
          "value": 81.978966300000181
        }
      },
      {
        "reactor_utilization": {
          "shard": "4",
          "value": 76.8511497800001
        }
      },
      {
        "reactor_utilization": {
          "shard": "5",
          "value": 75.354926640000315
        }
      },
      {
        "reactor_utilization": {
          "shard": "6",
          "value": 90.090735819999693
        }
      },
      {
        "reactor_utilization": {
          "shard": "7",
          "value": 99.998542199999775
        }
      }
    ]
  },
  {
    "metrics": [
      {
        "reactor_utilization": {
          "shard": "0",
          "value": 96.131309420000292
        }
      },
      {
        "reactor_utilization": {
          "shard": "1",
          "value": 87.206213279999957
        }
      },
      {
        "reactor_utilization": {
          "shard": "2",
          "value": 90.653750879999535
        }
      },
      {
        "reactor_utilization": {
          "shard": "3",
          "value": 88.664515560000183
        }
      },
      {
        "reactor_utilization": {
          "shard": "4",
          "value": 74.725807000000117
        }
      },
      {
        "reactor_utilization": {
          "shard": "5",
          "value": 72.367241460000329
        }
      },
      {
        "reactor_utilization": {
          "shard": "6",
          "value": 75.089665539999672
        }
      },
      {
        "reactor_utilization": {
          "shard": "7",
          "value": 98.549574719999782
        }
      }
    ]
  },
  {
    "metrics": [
      {
        "reactor_utilization": {
          "shard": "0",
          "value": 86.009367820000293
        }
      },
      {
        "reactor_utilization": {
          "shard": "1",
          "value": 93.227161559999956
        }
      },
      {
        "reactor_utilization": {
          "shard": "2",
          "value": 89.525121019999531
        }
      },
      {
        "reactor_utilization": {
          "shard": "3",
          "value": 91.093333040000175
        }
      },
      {
        "reactor_utilization": {
          "shard": "4",
          "value": 72.035630340000111
        }
      },
      {
        "reactor_utilization": {
          "shard": "5",
          "value": 85.16651104000033
        }
      },
      {
        "reactor_utilization": {
          "shard": "6",
          "value": 75.55228969999969
        }
      },
      {
        "reactor_utilization": {
          "shard": "7",
          "value": 78.385831879999785
        }
      }
    ]
  },
  {
    "metrics": [
      {
        "reactor_utilization": {
          "shard": "0",
          "value": 80.338798880000297
        }
      },
      {
        "reactor_utilization": {
          "shard": "1",
          "value": 77.526273279999955
        }
      },
      {
        "reactor_utilization": {
          "shard": "2",
          "value": 92.561809159999527
        }
      },
      {
        "reactor_utilization": {
          "shard": "3",
          "value": 96.667090520000173
        }
      },
      {
        "reactor_utilization": {
          "shard": "4",
          "value": 65.380918260000101
        }
      },
      {
        "reactor_utilization": {
          "shard": "5",
          "value": 79.273514160000332
        }
      },
      {
        "reactor_utilization": {
          "shard": "6",
          "value": 78.55112795999969
        }
      },
      {
        "reactor_utilization": {
          "shard": "7",
          "value": 67.911116139999777
        }
      }
    ]
  },
  {
    "metrics": [
      {
        "reactor_utilization": {
          "shard": "0",
          "value": 63.807512680000286
        }
      },
      {
        "reactor_utilization": {
          "shard": "1",
          "value": 64.629062979999972
        }
      },
      {
        "reactor_utilization": {
          "shard": "2",
          "value": 91.525717279999526
        }
      },
      {
        "reactor_utilization": {
          "shard": "3",
          "value": 97.240659300000189
        }
      },
      {
        "reactor_utilization": {
          "shard": "4",
          "value": 59.841082340000099
        }
      },
      {
        "reactor_utilization": {
          "shard": "5",
          "value": 80.621478880000325
        }
      },
      {
        "reactor_utilization": {
          "shard": "6",
          "value": 59.324434119999694
        }
      },
      {
        "reactor_utilization": {
          "shard": "7",
          "value": 70.572578299999762
        }
      }
    ]
  },
  {
    "metrics": [
      {
        "reactor_utilization": {
          "shard": "0",
          "value": 75.260432300000275
        }
      },
      {
        "reactor_utilization": {
          "shard": "1",
          "value": 72.22027633999997
        }
      },
      {
        "reactor_utilization": {
          "shard": "2",
          "value": 93.167414879999527
        }
      },
      {
        "reactor_utilization": {
          "shard": "3",
          "value": 98.99618544000019
        }
      },
      {
        "reactor_utilization": {
          "shard": "4",
          "value": 59.641188900000095
        }
      },
      {
        "reactor_utilization": {
          "shard": "5",
          "value": 63.734046540000335
        }
      },
      {
        "reactor_utilization": {
          "shard": "6",
          "value": 52.783890359999688
        }
      },
      {
        "reactor_utilization": {
          "shard": "7",
          "value": 66.067534699999769
        }
      }
    ]
  },
  {
    "metrics": [
      {
        "reactor_utilization": {
          "shard": "0",
          "value": 72.08179456000029
        }
      },
      {
        "reactor_utilization": {
          "shard": "1",
          "value": 67.36259503999996
        }
      },
      {
        "reactor_utilization": {
          "shard": "2",
          "value": 91.914723699999527
        }
      },
      {
        "reactor_utilization": {
          "shard": "3",
          "value": 98.31855628000018
        }
      },
      {
        "reactor_utilization": {
          "shard": "4",
          "value": 57.652652700000104
        }
      },
      {
        "reactor_utilization": {
          "shard": "5",
          "value": 68.737461980000319
        }
      },
      {
        "reactor_utilization": {
          "shard": "6",
          "value": 54.678882799999684
        }
      },
      {
        "reactor_utilization": {
          "shard": "7",
          "value": 73.314665319999776
        }
      }
    ]
  },
  {
    "metrics": [
      {
        "reactor_utilization": {
          "shard": "0",
          "value": 81.022096540000291
        }
      },
      {
        "reactor_utilization": {
          "shard": "1",
          "value": 75.533341999999962
        }
      },
      {
        "reactor_utilization": {
          "shard": "2",
          "value": 93.317999219999521
        }
      },
      {
        "reactor_utilization": {
          "shard": "3",
          "value": 93.129270620000185
        }
      },
      {
        "reactor_utilization": {
          "shard": "4",
          "value": 58.828165980000101
        }
      },
      {
        "reactor_utilization": {
          "shard": "5",
          "value": 67.750104880000322
        }
      },
      {
        "reactor_utilization": {
          "shard": "6",
          "value": 58.501016879999689
        }
      },
      {
        "reactor_utilization": {
          "shard": "7",
          "value": 68.860866579999765
        }
      }
    ]
  },
  {
    "metrics": [
      {
        "reactor_utilization": {
          "shard": "0",
          "value": 70.434830420000281
        }
      },
      {
        "reactor_utilization": {
          "shard": "1",
          "value": 67.16296799999995
        }
      },
      {
        "reactor_utilization": {
          "shard": "2",
          "value": 90.234566679999531
        }
      },
      {
        "reactor_utilization": {
          "shard": "3",
          "value": 94.382406780000181
        }
      },
      {
        "reactor_utilization": {
          "shard": "4",
          "value": 63.354983380000107
        }
      },
      {
        "reactor_utilization": {
          "shard": "5",
          "value": 76.504387260000328
        }
      },
      {
        "reactor_utilization": {
          "shard": "6",
          "value": 67.608284319999683
        }
      },
      {
        "reactor_utilization": {
          "shard": "7",
          "value": 73.464836799999773
        }
      }
    ]
  },
  {
    "metrics": [
      {
        "reactor_utilization": {
          "shard": "0",
          "value": 67.102937240000273
        }
      },
      {
        "reactor_utilization": {
          "shard": "1",
          "value": 68.961563319999954
        }
      },
      {
        "reactor_utilization": {
          "shard": "2",
          "value": 94.577651599999527
        }
      },
      {
        "reactor_utilization": {
          "shard": "3",
          "value": 93.792405960000181
        }
      },
      {
        "reactor_utilization": {
          "shard": "4",
          "value": 61.143246740000102
        }
      },
      {
        "reactor_utilization": {
          "shard": "5",
          "value": 81.272291080000343
        }
      },
      {
        "reactor_utilization": {
          "shard": "6",
          "value": 60.241582859999696
        }
      },
      {
        "reactor_utilization": {
          "shard": "7",
          "value": 65.968061459999774
        }
      }
    ]
  },
  {
    "metrics": [
      {
        "reactor_utilization": {
          "shard": "0",
          "value": 76.838643380000278
        }
      },
      {
        "reactor_utilization": {
          "shard": "1",
          "value": 75.426720939999953
        }
      },
      {
        "reactor_utilization": {
          "shard": "2",
          "value": 95.293827179999525
        }
      },
      {
        "reactor_utilization": {
          "shard": "3",
          "value": 98.84738766000018
        }
      },
      {
        "reactor_utilization": {
          "shard": "4",
          "value": 62.341580320000098
        }
      },
      {
        "reactor_utilization": {
          "shard": "5",
          "value": 67.002650380000333
        }
      },
      {
        "reactor_utilization": {
          "shard": "6",
          "value": 53.586200819999696
        }
      },
      {
        "reactor_utilization": {
          "shard": "7",
          "value": 69.09585903999978
        }
      }
    ]
  },
  {
    "metrics": [
      {
        "reactor_utilization": {
          "shard": "0",
          "value": 72.020845560000282
        }
      },
      {
        "reactor_utilization": {
          "shard": "1",
          "value": 64.750629939999982
        }
      },
      {
        "reactor_utilization": {
          "shard": "2",
          "value": 91.66314297999952
        }
      },
      {
        "reactor_utilization": {
          "shard": "3",
          "value": 99.984230540000183
        }
      },
      {
        "reactor_utilization": {
          "shard": "4",
          "value": 59.855974900000099
        }
      },
      {
        "reactor_utilization": {
          "shard": "5",
          "value": 71.521414260000341
        }
      },
      {
        "reactor_utilization": {
          "shard": "6",
          "value": 57.508500179999686
        }
      },
      {
        "reactor_utilization": {
          "shard": "7",
          "value": 73.06774333999978
        }
      }
    ]
  },
  {
    "metrics": [
      {
        "reactor_utilization": {
          "shard": "0",
          "value": 78.328097440000263
        }
      },
      {
        "reactor_utilization": {
          "shard": "1",
          "value": 68.105554939999962
        }
      },
      {
        "reactor_utilization": {
          "shard": "2",
          "value": 91.411723859999526
        }
      },
      {
        "reactor_utilization": {
          "shard": "3",
          "value": 94.033676280000179
        }
      },
      {
        "reactor_utilization": {
          "shard": "4",
          "value": 61.5172000600001
        }
      },
      {
        "reactor_utilization": {
          "shard": "5",
          "value": 77.374519920000324
        }
      },
      {
        "reactor_utilization": {
          "shard": "6",
          "value": 58.961877899999692
        }
      },
      {
        "reactor_utilization": {
          "shard": "7",
          "value": 71.481583639999783
        }
      }
    ]
  },
  {
    "metrics": [
      {
        "reactor_utilization": {
          "shard": "0",
          "value": 70.606126280000268
        }
      },
      {
        "reactor_utilization": {
          "shard": "1",
          "value": 75.574044039999961
        }
      },
      {
        "reactor_utilization": {
          "shard": "2",
          "value": 90.375428179999531
        }
      },
      {
        "reactor_utilization": {
          "shard": "3",
          "value": 91.612387240000174
        }
      },
      {
        "reactor_utilization": {
          "shard": "4",
          "value": 55.762075860000103
        }
      },
      {
        "reactor_utilization": {
          "shard": "5",
          "value": 68.828331420000339
        }
      },
      {
        "reactor_utilization": {
          "shard": "6",
          "value": 64.609154259999684
        }
      },
      {
        "reactor_utilization": {
          "shard": "7",
          "value": 73.681526939999785
        }
      }
    ]
  },
  {
    "metrics": [
      {
        "reactor_utilization": {
          "shard": "0",
          "value": 69.61888854000027
        }
      },
      {
        "reactor_utilization": {
          "shard": "1",
          "value": 71.870441559999975
        }
      },
      {
        "reactor_utilization": {
          "shard": "2",
          "value": 88.113319339999535
        }
      },
      {
        "reactor_utilization": {
          "shard": "3",
          "value": 94.84329068000018
        }
      },
      {
        "reactor_utilization": {
          "shard": "4",
          "value": 58.7419682600001
        }
      },
      {
        "reactor_utilization": {
          "shard": "5",
          "value": 78.360386740000337
        }
      },
      {
        "reactor_utilization": {
          "shard": "6",
          "value": 64.225459739999692
        }
      },
      {
        "reactor_utilization": {
          "shard": "7",
          "value": 62.860634379999794
        }
      }
    ]
  },
  {
    "metrics": [
      {
        "reactor_utilization": {
          "shard": "0",
          "value": 69.599815180000263
        }
      },
      {
        "reactor_utilization": {
          "shard": "1",
          "value": 74.014485879999967
        }
      },
      {
        "reactor_utilization": {
          "shard": "2",
          "value": 92.353780979999527
        }
      },
      {
        "reactor_utilization": {
          "shard": "3",
          "value": 97.490941440000185
        }
      },
      {
        "reactor_utilization": {
          "shard": "4",
          "value": 63.143801860000082
        }
      },
      {
        "reactor_utilization": {
          "shard": "5",
          "value": 69.574010240000334
        }
      },
      {
        "reactor_utilization": {
          "shard": "6",
          "value": 54.240456279999705
        }
      },
      {
        "reactor_utilization": {
          "shard": "7",
          "value": 72.062677319999793
        }
      }
    ]
  },
  {
    "metrics": [
      {
        "reactor_utilization": {
          "shard": "0",
          "value": 72.708120220000268
        }
      },
      {
        "reactor_utilization": {
          "shard": "1",
          "value": 64.549780159999983
        }
      },
      {
        "reactor_utilization": {
          "shard": "2",
          "value": 86.725201499999514
        }
      },
      {
        "reactor_utilization": {
          "shard": "3",
          "value": 98.108733560000189
        }
      },
      {
        "reactor_utilization": {
          "shard": "4",
          "value": 59.854514600000087
        }
      },
      {
        "reactor_utilization": {
          "shard": "5",
          "value": 69.313556140000316
        }
      },
      {
        "reactor_utilization": {
          "shard": "6",
          "value": 54.469680859999706
        }
      },
      {
        "reactor_utilization": {
          "shard": "7",
          "value": 66.0281515799998
        }
      }
    ]
  },
  {
    "metrics": [
      {
        "reactor_utilization": {
          "shard": "0",
          "value": 76.119409100000283
        }
      },
      {
        "reactor_utilization": {
          "shard": "1",
          "value": 63.786979519999974
        }
      },
      {
        "reactor_utilization": {
          "shard": "2",
          "value": 93.051285139999521
        }
      },
      {
        "reactor_utilization": {
          "shard": "3",
          "value": 90.360513620000177
        }
      },
      {
        "reactor_utilization": {
          "shard": "4",
          "value": 61.855949320000093
        }
      },
      {
        "reactor_utilization": {
          "shard": "5",
          "value": 74.507214780000325
        }
      },
      {
        "reactor_utilization": {
          "shard": "6",
          "value": 55.017530899999699
        }
      },
      {
        "reactor_utilization": {
          "shard": "7",
          "value": 69.450623659999778
        }
      }
    ]
  },
  {
    "metrics": [
      {
        "reactor_utilization": {
          "shard": "0",
          "value": 68.596229520000279
        }
      },
      {
        "reactor_utilization": {
          "shard": "1",
          "value": 72.176764779999971
        }
      },
      {
        "reactor_utilization": {
          "shard": "2",
          "value": 95.72663569999952
        }
      },
      {
        "reactor_utilization": {
          "shard": "3",
          "value": 93.163209340000179
        }
      },
      {
        "reactor_utilization": {
          "shard": "4",
          "value": 56.828721340000079
        }
      },
      {
        "reactor_utilization": {
          "shard": "5",
          "value": 62.45238212000033
        }
      },
      {
        "reactor_utilization": {
          "shard": "6",
          "value": 60.225385539999699
        }
      },
      {
        "reactor_utilization": {
          "shard": "7",
          "value": 73.20992767999978
        }
      }
    ]
  },
  {
    "metrics": [
      {
        "reactor_utilization": {
          "shard": "0",
          "value": 74.325467800000283
        }
      },
      {
        "reactor_utilization": {
          "shard": "1",
          "value": 70.847361519999978
        }
      },
      {
        "reactor_utilization": {
          "shard": "2",
          "value": 88.156314919999517
        }
      },
      {
        "reactor_utilization": {
          "shard": "3",
          "value": 99.430432580000186
        }
      },
      {
        "reactor_utilization": {
          "shard": "4",
          "value": 59.152509820000091
        }
      },
      {
        "reactor_utilization": {
          "shard": "5",
          "value": 76.332517680000322
        }
      },
      {
        "reactor_utilization": {
          "shard": "6",
          "value": 65.253757119999705
        }
      },
      {
        "reactor_utilization": {
          "shard": "7",
          "value": 67.722512419999788
        }
      }
    ]
  },
  {
    "metrics": [
      {
        "reactor_utilization": {
          "shard": "0",
          "value": 75.746436640000269
        }
      },
      {
        "reactor_utilization": {
          "shard": "1",
          "value": 73.901257499999986
        }
      },
      {
        "reactor_utilization": {
          "shard": "2",
          "value": 92.980892279999523
        }
      },
      {
        "reactor_utilization": {
          "shard": "3",
          "value": 95.494173700000189
        }
      },
      {
        "reactor_utilization": {
          "shard": "4",
          "value": 63.454510920000082
        }
      },
      {
        "reactor_utilization": {
          "shard": "5",
          "value": 80.40847526000033
        }
      },
      {
        "reactor_utilization": {
          "shard": "6",
          "value": 61.325047059999704
        }
      },
      {
        "reactor_utilization": {
          "shard": "7",
          "value": 72.81879669999978
        }
      }
    ]
  },
  {
    "metrics": [
      {
        "reactor_utilization": {
          "shard": "0",
          "value": 76.142912660000277
        }
      },
      {
        "reactor_utilization": {
          "shard": "1",
          "value": 71.134595459999986
        }
      },
      {
        "reactor_utilization": {
          "shard": "2",
          "value": 88.227548539999518
        }
      },
      {
        "reactor_utilization": {
          "shard": "3",
          "value": 96.365000200000182
        }
      },
      {
        "reactor_utilization": {
          "shard": "4",
          "value": 65.369078920000078
        }
      },
      {
        "reactor_utilization": {
          "shard": "5",
          "value": 70.628288020000312
        }
      },
      {
        "reactor_utilization": {
          "shard": "6",
          "value": 53.609375339999723
        }
      },
      {
        "reactor_utilization": {
          "shard": "7",
          "value": 66.795095339999762
        }
      }
    ]
  },
  {
    "metrics": [
      {
        "reactor_utilization": {
          "shard": "0",
          "value": 75.602924520000286
        }
      },
      {
        "reactor_utilization": {
          "shard": "1",
          "value": 65.933844559999983
        }
      },
      {
        "reactor_utilization": {
          "shard": "2",
          "value": 91.630893959999511
        }
      },
      {
        "reactor_utilization": {
          "shard": "3",
          "value": 93.448818460000183
        }
      },
      {
        "reactor_utilization": {
          "shard": "4",
          "value": 60.30976066000008
        }
      },
      {
        "reactor_utilization": {
          "shard": "5",
          "value": 80.378459040000322
        }
      },
      {
        "reactor_utilization": {
          "shard": "6",
          "value": 56.249444759999733
        }
      },
      {
        "reactor_utilization": {
          "shard": "7",
          "value": 69.681000299999766
        }
      }
    ]
  },
  {
    "metrics": [
      {
        "reactor_utilization": {
          "shard": "0",
          "value": 68.531711600000278
        }
      },
      {
        "reactor_utilization": {
          "shard": "1",
          "value": 70.016453919999989
        }
      },
      {
        "reactor_utilization": {
          "shard": "2",
          "value": 97.018381879999509
        }
      },
      {
        "reactor_utilization": {
          "shard": "3",
          "value": 90.406064660000183
        }
      },
      {
        "reactor_utilization": {
          "shard": "4",
          "value": 56.129949340000081
        }
      },
      {
        "reactor_utilization": {
          "shard": "5",
          "value": 61.797945880000313
        }
      },
      {
        "reactor_utilization": {
          "shard": "6",
          "value": 57.740433799999749
        }
      },
      {
        "reactor_utilization": {
          "shard": "7",
          "value": 70.463007459999773
        }
      }
    ]
  }
]
