[
  {
    "metrics": [
      {
        "reactor_utilization": {
          "shard": "0",
          "value": 91.536462780000321
        }
      },
      {
        "reactor_utilization": {
          "shard": "1",
          "value": 84.655596380000034
        }
      },
      {
        "reactor_utilization": {
          "shard": "2",
          "value": 86.568961619999627
        }
      },
      {
        "reactor_utilization": {
          "shard": "3",
          "value": 88.070094020000084
        }
      },
      {
        "reactor_utilization": {
          "shard": "4",
          "value": 74.901076420000152
        }
      },
      {
        "reactor_utilization": {
          "shard": "5",
          "value": 81.713845800000428
        }
      },
      {
        "reactor_utilization": {
          "shard": "6",
          "value": 91.888041539999705
        }
      },
      {
        "reactor_utilization": {
          "shard": "7",
          "value": 99.997531919999773
        }
      }
    ]
  },
  {
    "metrics": [
      {
        "reactor_utilization": {
          "shard": "0",
          "value": 88.714250120000315
        }
      },
      {
        "reactor_utilization": {
          "shard": "1",
          "value": 89.715744200000032
        }
      },
      {
        "reactor_utilization": {
          "shard": "2",
          "value": 91.011195459999627
        }
      },
      {
        "reactor_utilization": {
          "shard": "3",
          "value": 95.965842160000093
        }
      },
      {
        "reactor_utilization": {
          "shard": "4",
          "value": 74.098328000000151
        }
      },
      {
        "reactor_utilization": {
          "shard": "5",
          "value": 74.932127360000422
        }
      },
      {
        "reactor_utilization": {
          "shard": "6",
          "value": 84.188084259999712
        }
      },
      {
        "reactor_utilization": {
          "shard": "7",
          "value": 86.414866759999768
        }
      }
    ]
  },
  {
    "metrics": [
      {
        "reactor_utilization": {
          "shard": "0",
          "value": 91.414945880000303
        }
      },
      {
        "reactor_utilization": {
          "shard": "1",
          "value": 99.51705846000003
        }
      },
      {
        "reactor_utilization": {
          "shard": "2",
          "value": 91.015200159999623
        }
      },
      {
        "reactor_utilization": {
          "shard": "3",
          "value": 83.00085882000009
        }
      },
      {
        "reactor_utilization": {
          "shard": "4",
          "value": 75.382398920000156
        }
      },
      {
        "reactor_utilization": {
          "shard": "5",
          "value": 78.446484680000424
        }
      },
      {
        "reactor_utilization": {
          "shard": "6",
          "value": 80.611201019999697
        }
      },
      {
        "reactor_utilization": {
          "shard": "7",
          "value": 92.803858459999759
        }
      }
    ]
  },
  {
    "metrics": [
      {
        "reactor_utilization": {
          "shard": "0",
          "value": 82.94131012000031
        }
      },
      {
        "reactor_utilization": {
          "shard": "1",
          "value": 94.322860060000039
        }
      },
      {
        "reactor_utilization": {
          "shard": "2",
          "value": 91.03619319999963
        }
      },
      {
        "reactor_utilization": {
          "shard": "3",
          "value": 81.550591860000083
        }
      },
      {
        "reactor_utilization": {
          "shard": "4",
          "value": 81.965803760000156
        }
      },
      {
        "reactor_utilization": {
          "shard": "5",
          "value": 93.472161200000428
        }
      },
      {
        "reactor_utilization": {
          "shard": "6",
          "value": 91.749629679999714
        }
      },
      {
        "reactor_utilization": {
          "shard": "7",
          "value": 96.199300179999767
        }
      }
    ]
  },
  {
    "metrics": [
      {
        "reactor_utilization": {
          "shard": "0",
          "value": 92.698747200000312
        }
      },
      {
        "reactor_utilization": {
          "shard": "1",
          "value": 79.672943460000027
        }
      },
      {
        "reactor_utilization": {
          "shard": "2",
          "value": 84.728804519999613
        }
      },
      {
        "reactor_utilization": {
          "shard": "3",
          "value": 90.753317200000097
        }
      },
      {
        "reactor_utilization": {
          "shard": "4",
          "value": 87.133592300000146
        }
      },
      {
        "reactor_utilization": {
          "shard": "5",
          "value": 85.036647520000415
        }
      },
      {
        "reactor_utilization": {
          "shard": "6",
          "value": 95.15196985999971
        }
      },
      {
        "reactor_utilization": {
          "shard": "7",
          "value": 92.647311739999765
        }
      }
    ]
  },
  {
    "metrics": [
      {
        "reactor_utilization": {
          "shard": "0",
          "value": 82.276981140000302
        }
      },
      {
        "reactor_utilization": {
          "shard": "1",
          "value": 85.171969940000025
        }
      },
      {
        "reactor_utilization": {
          "shard": "2",
          "value": 86.406453359999617
        }
      },
      {
        "reactor_utilization": {
          "shard": "3",
          "value": 89.7081808800001
        }
      },
      {
        "reactor_utilization": {
          "shard": "4",
          "value": 69.450996200000148
        }
      },
      {
        "reactor_utilization": {
          "shard": "5",
          "value": 92.039340960000416
        }
      },
      {
        "reactor_utilization": {
          "shard": "6",
          "value": 93.70644301999971
        }
      },
      {
        "reactor_utilization": {
          "shard": "7",
          "value": 94.209624579999769
        }
      }
    ]
  },
  {
    "metrics": [
      {
        "reactor_utilization": {
          "shard": "0",
          "value": 85.070582620000309
        }
      },
      {
        "reactor_utilization": {
          "shard": "1",
          "value": 87.966571100000039
        }
      },
      {
        "reactor_utilization": {
          "shard": "2",
          "value": 83.891721039999609
        }
      },
      {
        "reactor_utilization": {
          "shard": "3",
          "value": 82.681964860000093
        }
      },
      {
        "reactor_utilization": {
          "shard": "4",
          "value": 71.864938080000158
        }
      },
      {
        "reactor_utilization": {
          "shard": "5",
          "value": 80.872811640000421
        }
      },
      {
        "reactor_utilization": {
          "shard": "6",
          "value": 97.159599719999719
        }
      },
      {
        "reactor_utilization": {
          "shard": "7",
          "value": 95.538041479999762
        }
      }
    ]
  },
  {
    "metrics": [
      {
        "reactor_utilization": {
          "shard": "0",
          "value": 72.972586480000317
        }
      },
      {
        "reactor_utilization": {
          "shard": "1",
          "value": 85.715703720000036
        }
      },
      {
        "reactor_utilization": {
          "shard": "2",
          "value": 85.581042099999621
        }
      },
      {
        "reactor_utilization": {
          "shard": "3",
          "value": 89.278622380000101
        }
      },
      {
        "reactor_utilization": {
          "shard": "4",
          "value": 73.574206580000151
        }
      },
      {
        "reactor_utilization": {
          "shard": "5",
          "value": 93.939729420000418
        }
      },
      {
        "reactor_utilization": {
          "shard": "6",
          "value": 82.535842699999705
        }
      },
      {
        "reactor_utilization": {
          "shard": "7",
          "value": 88.147790459999769
        }
      }
    ]
  },
  {
    "metrics": [
      {
        "reactor_utilization": {
          "shard": "0",
          "value": 80.173990880000318
        }
      },
      {
        "reactor_utilization": {
          "shard": "1",
          "value": 83.482281540000031
        }
      },
      {
        "reactor_utilization": {
          "shard": "2",
          "value": 79.162217539999617
        }
      },
      {
        "reactor_utilization": {
          "shard": "3",
          "value": 84.328184940000099
        }
      },
      {
        "reactor_utilization": {
          "shard": "4",
          "value": 88.841015720000144
        }
      },
      {
        "reactor_utilization": {
          "shard": "5",
          "value": 91.065975860000421
        }
      },
      {
        "reactor_utilization": {
          "shard": "6",
          "value": 93.726528379999706
        }
      },
      {
        "reactor_utilization": {
          "shard": "7",
          "value": 95.278427399999771
        }
      }
    ]
  },
  {
    "metrics": [
      {
        "reactor_utilization": {
          "shard": "0",
          "value": 83.504189500000308
        }
      },
      {
        "reactor_utilization": {
          "shard": "1",
          "value": 82.284119920000037
        }
      },
      {
        "reactor_utilization": {
          "shard": "2",
          "value": 95.725135659999623
        }
      },
      {
        "reactor_utilization": {
          "shard": "3",
          "value": 96.582085080000084
        }
      },
      {
        "reactor_utilization": {
          "shard": "4",
          "value": 75.575153980000138
        }
      },
      {
        "reactor_utilization": {
          "shard": "5",
          "value": 82.613591120000422
        }
      },
      {
        "reactor_utilization": {
          "shard": "6",
          "value": 84.417878519999718
        }
      },
      {
        "reactor_utilization": {
          "shard": "7",
          "value": 91.889854939999765
        }
      }
    ]
  },
  {
    "metrics": [
      {
        "reactor_utilization": {
          "shard": "0",
          "value": 84.169003840000315
        }
      },
      {
        "reactor_utilization": {
          "shard": "1",
          "value": 92.444228920000029
        }
      },
      {
        "reactor_utilization": {
          "shard": "2",
          "value": 87.615540219999616
        }
      },
      {
        "reactor_utilization": {
          "shard": "3",
          "value": 95.753728980000091
        }
      },
      {
        "reactor_utilization": {
          "shard": "4",
          "value": 89.142169600000159
        }
      },
      {
        "reactor_utilization": {
          "shard": "5",
          "value": 84.48550900000042
        }
      },
      {
        "reactor_utilization": {
          "shard": "6",
          "value": 85.932952159999715
        }
      },
      {
        "reactor_utilization": {
          "shard": "7",
          "value": 89.566235979999774
        }
      }
    ]
  },
  {
    "metrics": [
      {
        "reactor_utilization": {
          "shard": "0",
          "value": 82.359735620000308
        }
      },
      {
        "reactor_utilization": {
          "shard": "1",
          "value": 85.885201340000023
        }
      },
      {
        "reactor_utilization": {
          "shard": "2",
          "value": 83.625591919999607
        }
      },
      {
        "reactor_utilization": {
          "shard": "3",
          "value": 94.470818280000088
        }
      },
      {
        "reactor_utilization": {
          "shard": "4",
          "value": 71.946557000000141
        }
      },
      {
        "reactor_utilization": {
          "shard": "5",
          "value": 84.298933160000416
        }
      },
      {
        "reactor_utilization": {
          "shard": "6",
          "value": 93.097456799999705
        }
      },
      {
        "reactor_utilization": {
          "shard": "7",
          "value": 94.509990199999777
        }
      }
    ]
  },
  {
    "metrics": [
      {
        "reactor_utilization": {
          "shard": "0",
          "value": 93.328193600000304
        }
      },
      {
        "reactor_utilization": {
          "shard": "1",
          "value": 90.164007380000029
        }
      },
      {
        "reactor_utilization": {
          "shard": "2",
          "value": 85.858272719999619
        }
      },
      {
        "reactor_utilization": {
          "shard": "3",
          "value": 91.258904420000093
        }
      },
      {
        "reactor_utilization": {
          "shard": "4",
          "value": 82.286850660000141
        }
      },
      {
        "reactor_utilization": {
          "shard": "5",
          "value": 89.162641340000405
        }
      },
      {
        "reactor_utilization": {
          "shard": "6",
          "value": 87.854009679999706
        }
      },
      {
        "reactor_utilization": {
          "shard": "7",
          "value": 94.414924379999775
        }
      }
    ]
  },
  {
    "metrics": [
      {
        "reactor_utilization": {
          "shard": "0",
          "value": 86.726183420000311
        }
      },
      {
        "reactor_utilization": {
          "shard": "1",
          "value": 78.270706100000027
        }
      },
      {
        "reactor_utilization": {
          "shard": "2",
          "value": 83.035900999999612
        }
      },
      {
        "reactor_utilization": {
          "shard": "3",
          "value": 89.602318800000091
        }
      },
      {
        "reactor_utilization": {
          "shard": "4",
          "value": 68.906861320000147
        }
      },
      {
        "reactor_utilization": {
          "shard": "5",
          "value": 78.183712180000413
        }
      },
      {
        "reactor_utilization": {
          "shard": "6",
          "value": 83.892396319999705
        }
      },
      {
        "reactor_utilization": {
          "shard": "7",
          "value": 94.419649699999766
        }
      }
    ]
  },
  {
    "metrics": [
      {
        "reactor_utilization": {
          "shard": "0",
          "value": 78.310266760000303
        }
      },
      {
        "reactor_utilization": {
          "shard": "1",
          "value": 80.687049120000026
        }
      },
      {
        "reactor_utilization": {
          "shard": "2",
          "value": 75.295691279999616
        }
      },
      {
        "reactor_utilization": {
          "shard": "3",
          "value": 86.720009800000085
        }
      },
      {
        "reactor_utilization": {
          "shard": "4",
          "value": 68.918342880000139
        }
      },
      {
        "reactor_utilization": {
          "shard": "5",
          "value": 75.305441240000405
        }
      },
      {
        "reactor_utilization": {
          "shard": "6",
          "value": 89.548820839999706
        }
      },
      {
        "reactor_utilization": {
          "shard": "7",
          "value": 99.995151119999775
        }
      }
    ]
  },
  {
    "metrics": [
      {
        "reactor_utilization": {
          "shard": "0",
          "value": 93.962327760000306
        }
      },
      {
        "reactor_utilization": {
          "shard": "1",
          "value": 86.685400440000038
        }
      },
      {
        "reactor_utilization": {
          "shard": "2",
          "value": 87.533234859999624
        }
      },
      {
        "reactor_utilization": {
          "shard": "3",
          "value": 86.076148200000091
        }
      },
      {
        "reactor_utilization": {
          "shard": "4",
          "value": 88.038590940000134
        }
      },
      {
        "reactor_utilization": {
          "shard": "5",
          "value": 85.81199616000039
        }
      },
      {
        "reactor_utilization": {
          "shard": "6",
          "value": 95.934494359999718
        }
      },
      {
        "reactor_utilization": {
          "shard": "7",
          "value": 97.617906099999772
        }
      }
    ]
  },
  {
    "metrics": [
      {
        "reactor_utilization": {
          "shard": "0",
          "value": 85.275047140000311
        }
      },
      {
        "reactor_utilization": {
          "shard": "1",
          "value": 95.042637580000033
        }
      },
      {
        "reactor_utilization": {
          "shard": "2",
          "value": 95.017690799999627
        }
      },
      {
        "reactor_utilization": {
          "shard": "3",
          "value": 90.462627580000088
        }
      },
      {
        "reactor_utilization": {
          "shard": "4",
          "value": 68.66150324000013
        }
      },
      {
        "reactor_utilization": {
          "shard": "5",
          "value": 71.974185860000404
        }
      },
      {
        "reactor_utilization": {
          "shard": "6",
          "value": 79.267372999999708
        }
      },
      {
        "reactor_utilization": {
          "shard": "7",
          "value": 92.175955099999769
        }
      }
    ]
  },
  {
    "metrics": [
      {
        "reactor_utilization": {
          "shard": "0",
          "value": 94.509706720000324
        }
      },
      {
        "reactor_utilization": {
          "shard": "1",
          "value": 91.258529680000038
        }
      },
      {
        "reactor_utilization": {
          "shard": "2",
          "value": 88.164615839999612
        }
      },
      {
        "reactor_utilization": {
          "shard": "3",
          "value": 88.369467300000096
        }
      },
      {
        "reactor_utilization": {
          "shard": "4",
          "value": 77.399743380000132
        }
      },
      {
        "reactor_utilization": {
          "shard": "5",
          "value": 90.526446220000395
        }
      },
      {
        "reactor_utilization": {
          "shard": "6",
          "value": 91.356860339999713
        }
      },
      {
        "reactor_utilization": {
          "shard": "7",
          "value": 92.319658459999772
        }
      }
    ]
  },
  {
    "metrics": [
      {
        "reactor_utilization": {
          "shard": "0",
          "value": 85.067613080000314
        }
      },
      {
        "reactor_utilization": {
          "shard": "1",
          "value": 91.452831700000033
        }
      },
      {
        "reactor_utilization": {
          "shard": "2",
          "value": 87.55729869999962
        }
      },
      {
        "reactor_utilization": {
          "shard": "3",
          "value": 83.815518220000087
        }
      },
      {
        "reactor_utilization": {
          "shard": "4",
          "value": 90.373637180000131
        }
      },
      {
        "reactor_utilization": {
          "shard": "5",
          "value": 90.639227520000404
        }
      },
      {
        "reactor_utilization": {
          "shard": "6",
          "value": 95.522031899999718
        }
      },
      {
        "reactor_utilization": {
          "shard": "7",
          "value": 95.308589259999763
        }
      }
    ]
  },
  {
    "metrics": [
      {
        "reactor_utilization": {
          "shard": "0",
          "value": 93.338821240000314
        }
      },
      {
        "reactor_utilization": {
          "shard": "1",
          "value": 89.359231520000037
        }
      },
      {
        "reactor_utilization": {
          "shard": "2",
          "value": 87.145223659999616
        }
      },
      {
        "reactor_utilization": {
          "shard": "3",
          "value": 91.849229480000091
        }
      },
      {
        "reactor_utilization": {
          "shard": "4",
          "value": 69.660553380000124
        }
      },
      {
        "reactor_utilization": {
          "shard": "5",
          "value": 84.086547740000412
        }
      },
      {
        "reactor_utilization": {
          "shard": "6",
          "value": 96.325321339999718
        }
      },
      {
        "reactor_utilization": {
          "shard": "7",
          "value": 88.37350783999976
        }
      }
    ]
  },
  {
    "metrics": [
      {
        "reactor_utilization": {
          "shard": "0",
          "value": 77.809681080000317
        }
      },
      {
        "reactor_utilization": {
          "shard": "1",
          "value": 87.358956660000032
        }
      },
      {
        "reactor_utilization": {
          "shard": "2",
          "value": 87.29488911999961
        }
      },
      {
        "reactor_utilization": {
          "shard": "3",
          "value": 80.775664040000095
        }
      },
      {
        "reactor_utilization": {
          "shard": "4",
          "value": 81.348482020000134
        }
      },
      {
        "reactor_utilization": {
          "shard": "5",
          "value": 92.654472380000414
        }
      },
      {
        "reactor_utilization": {
          "shard": "6",
          "value": 84.91031015999971
        }
      },
      {
        "reactor_utilization": {
          "shard": "7",
          "value": 92.996968179999769
        }
      }
    ]
  },
  {
    "metrics": [
      {
        "reactor_utilization": {
          "shard": "0",
          "value": 69.788839980000319
        }
      },
      {
        "reactor_utilization": {
          "shard": "1",
          "value": 81.044701520000032
        }
      },
      {
        "reactor_utilization": {
          "shard": "2",
          "value": 74.946303739999621
        }
      },
      {
        "reactor_utilization": {
          "shard": "3",
          "value": 76.440556760000092
        }
      },
      {
        "reactor_utilization": {
          "shard": "4",
          "value": 62.347936560000129
        }
      },
      {
        "reactor_utilization": {
          "shard": "5",
          "value": 87.272871440000415
        }
      },
      {
        "reactor_utilization": {
          "shard": "6",
          "value": 99.991067439999711
        }
      },
      {
        "reactor_utilization": {
          "shard": "7",
          "value": 93.314297199999771
        }
      }
    ]
  },
  {
    "metrics": [
      {
        "reactor_utilization": {
          "shard": "0",
          "value": 78.01041624000031
        }
      },
      {
        "reactor_utilization": {
          "shard": "1",
          "value": 93.400576220000033
        }
      },
      {
        "reactor_utilization": {
          "shard": "2",
          "value": 78.198082039999619
        }
      },
      {
        "reactor_utilization": {
          "shard": "3",
          "value": 89.269809720000097
        }
      },
      {
        "reactor_utilization": {
          "shard": "4",
          "value": 85.847086360000134
        }
      },
      {
        "reactor_utilization": {
          "shard": "5",
          "value": 91.882342120000402
        }
      },
      {
        "reactor_utilization": {
          "shard": "6",
          "value": 76.261480699999723
        }
      },
      {
        "reactor_utilization": {
          "shard": "7",
          "value": 92.826927299999767
        }
      }
    ]
  },
  {
    "metrics": [
      {
        "reactor_utilization": {
          "shard": "0",
          "value": 88.24035728000031
        }
      },
      {
        "reactor_utilization": {
          "shard": "1",
          "value": 79.291575620000017
        }
      },
      {
        "reactor_utilization": {
          "shard": "2",
          "value": 89.735381079999613
        }
      },
      {
        "reactor_utilization": {
          "shard": "3",
          "value": 92.47327882000009
        }
      },
      {
        "reactor_utilization": {
          "shard": "4",
          "value": 81.258143620000141
        }
      },
      {
        "reactor_utilization": {
          "shard": "5",
          "value": 85.958375760000408
        }
      },
      {
        "reactor_utilization": {
          "shard": "6",
          "value": 88.175103739999713
        }
      },
      {
        "reactor_utilization": {
          "shard": "7",
          "value": 93.885689079999764
        }
      }
    ]
  }
]
