[
  {
    "metrics": [
      {
        "reactor_utilization": {
          "shard": "0",
          "value": 80.11174460000025
        }
      },
      {
        "reactor_utilization": {
          "shard": "1",
          "value": 70.761647420000003
        }
      },
      {
        "reactor_utilization": {
          "shard": "2",
          "value": 72.065983259999499
        }
      },
      {
        "reactor_utilization": {
          "shard": "3",
          "value": 72.141895000000162
        }
      },
      {
        "reactor_utilization": {
          "shard": "4",
          "value": 69.477702660000176
        }
      },
      {
        "reactor_utilization": {
          "shard": "5",
          "value": 73.69196526000033
        }
      },
      {
        "reactor_utilization": {
          "shard": "6",
          "value": 82.127343619999749
        }
      },
      {
        "reactor_utilization": {
          "shard": "7",
          "value": 99.999999999999801
        }
      }
    ]
  },
  {
    "metrics": [
      {
        "reactor_utilization": {
          "shard": "0",
          "value": 66.31296310000026
        }
      },
      {
        "reactor_utilization": {
          "shard": "1",
          "value": 65.397489039999996
        }
      },
      {
        "reactor_utilization": {
          "shard": "2",
          "value": 82.209596519999508
        }
      },
      {
        "reactor_utilization": {
          "shard": "3",
          "value": 80.171612120000162
        }
      },
      {
        "reactor_utilization": {
          "shard": "4",
          "value": 77.989088080000187
        }
      },
      {
        "reactor_utilization": {
          "shard": "5",
          "value": 90.205957880000327
        }
      },
      {
        "reactor_utilization": {
          "shard": "6",
          "value": 67.356863399999753
        }
      },
      {
        "reactor_utilization": {
          "shard": "7",
          "value": 86.614427959999801
        }
      }
    ]
  },
  {
    "metrics": [
      {
        "reactor_utilization": {
          "shard": "0",
          "value": 68.365968700000266
        }
      },
      {
        "reactor_utilization": {
          "shard": "1",
          "value": 71.7351958
        }
      },
      {
        "reactor_utilization": {
          "shard": "2",
          "value": 76.775664599999487
        }
      },
      {
        "reactor_utilization": {
          "shard": "3",
          "value": 85.78028280000018
        }
      },
      {
        "reactor_utilization": {
          "shard": "4",
          "value": 83.631058960000189
        }
      },
      {
        "reactor_utilization": {
          "shard": "5",
          "value": 98.205277980000318
        }
      },
      {
        "reactor_utilization": {
          "shard": "6",
          "value": 77.967131459999763
        }
      },
      {
        "reactor_utilization": {
          "shard": "7",
          "value": 79.343275519999807
        }
      }
    ]
  },
  {
    "metrics": [
      {
        "reactor_utilization": {
          "shard": "0",
          "value": 60.643859640000265
        }
      },
      {
        "reactor_utilization": {
          "shard": "1",
          "value": 67.451507680000006
        }
      },
      {
        "reactor_utilization": {
          "shard": "2",
          "value": 67.580153699999499
        }
      },
      {
        "reactor_utilization": {
          "shard": "3",
          "value": 80.128184820000172
        }
      },
      {
        "reactor_utilization": {
          "shard": "4",
          "value": 85.994999980000188
        }
      },
      {
        "reactor_utilization": {
          "shard": "5",
          "value": 94.352552420000308
        }
      },
      {
        "reactor_utilization": {
          "shard": "6",
          "value": 71.887949659999748
        }
      },
      {
        "reactor_utilization": {
          "shard": "7",
          "value": 67.828947419999807
        }
      }
    ]
  },
  {
    "metrics": [
      {
        "reactor_utilization": {
          "shard": "0",
          "value": 66.67104514000026
        }
      },
      {
        "reactor_utilization": {
          "shard": "1",
          "value": 72.512961820000001
        }
      },
      {
        "reactor_utilization": {
          "shard": "2",
          "value": 80.028399019999497
        }
      },
      {
        "reactor_utilization": {
          "shard": "3",
          "value": 97.758494380000172
        }
      },
      {
        "reactor_utilization": {
          "shard": "4",
          "value": 89.865193340000189
        }
      },
      {
        "reactor_utilization": {
          "shard": "5",
          "value": 87.630374300000312
        }
      },
      {
        "reactor_utilization": {
          "shard": "6",
          "value": 64.613413579999758
        }
      },
      {
        "reactor_utilization": {
          "shard": "7",
          "value": 57.462705979999797
        }
      }
    ]
  },
  {
    "metrics": [
      {
        "reactor_utilization": {
          "shard": "0",
          "value": 66.241407220000269
        }
      },
      {
        "reactor_utilization": {
          "shard": "1",
          "value": 67.758037080000008
        }
      },
      {
        "reactor_utilization": {
          "shard": "2",
          "value": 84.991825579999485
        }
      },
      {
        "reactor_utilization": {
          "shard": "3",
          "value": 95.423786160000176
        }
      },
      {
        "reactor_utilization": {
          "shard": "4",
          "value": 88.268976460000189
        }
      },
      {
        "reactor_utilization": {
          "shard": "5",
          "value": 91.13844126000032
        }
      },
      {
        "reactor_utilization": {
          "shard": "6",
          "value": 81.898232139999749
        }
      },
      {
        "reactor_utilization": {
          "shard": "7",
          "value": 83.084608399999809
        }
      }
    ]
  },
  {
    "metrics": [
      {
        "reactor_utilization": {
          "shard": "0",
          "value": 60.803319700000266
        }
      },
      {
        "reactor_utilization": {
          "shard": "1",
          "value": 64.901288980000018
        }
      },
      {
        "reactor_utilization": {
          "shard": "2",
          "value": 84.497832859999505
        }
      },
      {
        "reactor_utilization": {
          "shard": "3",
          "value": 86.022379700000172
        }
      },
      {
        "reactor_utilization": {
          "shard": "4",
          "value": 80.223060560000192
        }
      },
      {
        "reactor_utilization": {
          "shard": "5",
          "value": 98.39413536000032
        }
      },
      {
        "reactor_utilization": {
          "shard": "6",
          "value": 64.653460379999757
        }
      },
      {
        "reactor_utilization": {
          "shard": "7",
          "value": 69.925065939999797
        }
      }
    ]
  },
  {
    "metrics": [
      {
        "reactor_utilization": {
          "shard": "0",
          "value": 65.329810120000275
        }
      },
      {
        "reactor_utilization": {
          "shard": "1",
          "value": 66.210552700000022
        }
      },
      {
        "reactor_utilization": {
          "shard": "2",
          "value": 70.221820179999497
        }
      },
      {
        "reactor_utilization": {
          "shard": "3",
          "value": 75.691291340000177
        }
      },
      {
        "reactor_utilization": {
          "shard": "4",
          "value": 77.141035960000195
        }
      },
      {
        "reactor_utilization": {
          "shard": "5",
          "value": 99.992933960000315
        }
      },
      {
        "reactor_utilization": {
          "shard": "6",
          "value": 66.757204499999744
        }
      },
      {
        "reactor_utilization": {
          "shard": "7",
          "value": 69.865127499999787
        }
      }
    ]
  },
  {
    "metrics": [
      {
        "reactor_utilization": {
          "shard": "0",
          "value": 63.65931710000028
        }
      },
      {
        "reactor_utilization": {
          "shard": "1",
          "value": 63.172350260000023
        }
      },
      {
        "reactor_utilization": {
          "shard": "2",
          "value": 87.787331659999495
        }
      },
      {
        "reactor_utilization": {
          "shard": "3",
          "value": 95.722104400000177
        }
      },
      {
        "reactor_utilization": {
          "shard": "4",
          "value": 86.708767800000189
        }
      },
      {
        "reactor_utilization": {
          "shard": "5",
          "value": 91.583653640000321
        }
      },
      {
        "reactor_utilization": {
          "shard": "6",
          "value": 75.957232159999748
        }
      },
      {
        "reactor_utilization": {
          "shard": "7",
          "value": 66.656778819999786
        }
      }
    ]
  },
  {
    "metrics": [
      {
        "reactor_utilization": {
          "shard": "0",
          "value": 64.966500340000266
        }
      },
      {
        "reactor_utilization": {
          "shard": "1",
          "value": 67.208477920000021
        }
      },
      {
        "reactor_utilization": {
          "shard": "2",
          "value": 73.060486439999494
        }
      },
      {
        "reactor_utilization": {
          "shard": "3",
          "value": 96.147966240000173
        }
      },
      {
        "reactor_utilization": {
          "shard": "4",
          "value": 91.201003920000176
        }
      },
      {
        "reactor_utilization": {
          "shard": "5",
          "value": 91.078657200000322
        }
      },
      {
        "reactor_utilization": {
          "shard": "6",
          "value": 73.286740319999737
        }
      },
      {
        "reactor_utilization": {
          "shard": "7",
          "value": 66.663206799999784
        }
      }
    ]
  },
  {
    "metrics": [
      {
        "reactor_utilization": {
          "shard": "0",
          "value": 66.93900988000027
        }
      },
      {
        "reactor_utilization": {
          "shard": "1",
          "value": 69.626851800000026
        }
      },
      {
        "reactor_utilization": {
          "shard": "2",
          "value": 84.999188799999501
        }
      },
      {
        "reactor_utilization": {
          "shard": "3",
          "value": 92.469196080000174
        }
      },
      {
        "reactor_utilization": {
          "shard": "4",
          "value": 84.540796720000188
        }
      },
      {
        "reactor_utilization": {
          "shard": "5",
          "value": 90.797942220000323
        }
      },
      {
        "reactor_utilization": {
          "shard": "6",
          "value": 69.68535595999974
        }
      },
      {
        "reactor_utilization": {
          "shard": "7",
          "value": 73.9206356199998
        }
      }
    ]
  },
  {
    "metrics": [
      {
        "reactor_utilization": {
          "shard": "0",
          "value": 65.44974852000027
        }
      },
      {
        "reactor_utilization": {
          "shard": "1",
          "value": 63.293376180000017
        }
      },
      {
        "reactor_utilization": {
          "shard": "2",
          "value": 79.879715559999511
        }
      },
      {
        "reactor_utilization": {
          "shard": "3",
          "value": 85.278734880000172
        }
      },
      {
        "reactor_utilization": {
          "shard": "4",
          "value": 78.908389940000177
        }
      },
      {
        "reactor_utilization": {
          "shard": "5",
          "value": 93.906025080000319
        }
      },
      {
        "reactor_utilization": {
          "shard": "6",
          "value": 61.082238119999744
        }
      },
      {
        "reactor_utilization": {
          "shard": "7",
          "value": 68.017380679999789
        }
      }
    ]
  },
  {
    "metrics": [
      {
        "reactor_utilization": {
          "shard": "0",
          "value": 59.000154200000267
        }
      },
      {
        "reactor_utilization": {
          "shard": "1",
          "value": 69.581310800000026
        }
      },
      {
        "reactor_utilization": {
          "shard": "2",
          "value": 70.111717859999501
        }
      },
      {
        "reactor_utilization": {
          "shard": "3",
          "value": 79.412835880000159
        }
      },
      {
        "reactor_utilization": {
          "shard": "4",
          "value": 81.661988400000169
        }
      },
      {
        "reactor_utilization": {
          "shard": "5",
          "value": 98.631885540000326
        }
      },
      {
        "reactor_utilization": {
          "shard": "6",
          "value": 71.345287059999734
        }
      },
      {
        "reactor_utilization": {
          "shard": "7",
          "value": 70.563203739999778
        }
      }
    ]
  },
  {
    "metrics": [
      {
        "reactor_utilization": {
          "shard": "0",
          "value": 66.198810040000282
        }
      },
      {
        "reactor_utilization": {
          "shard": "1",
          "value": 62.292559780000026
        }
      },
      {
        "reactor_utilization": {
          "shard": "2",
          "value": 84.182969799999498
        }
      },
      {
        "reactor_utilization": {
          "shard": "3",
          "value": 84.981490060000169
        }
      },
      {
        "reactor_utilization": {
          "shard": "4",
          "value": 84.408674540000177
        }
      },
      {
        "reactor_utilization": {
          "shard": "5",
          "value": 92.64598686000032
        }
      },
      {
        "reactor_utilization": {
          "shard": "6",
          "value": 70.099955719999755
        }
      },
      {
        "reactor_utilization": {
          "shard": "7",
          "value": 63.378110099999788
        }
      }
    ]
  },
  {
    "metrics": [
      {
        "reactor_utilization": {
          "shard": "0",
          "value": 60.26205702000027
        }
      },
      {
        "reactor_utilization": {
          "shard": "1",
          "value": 63.980702560000026
        }
      },
      {
        "reactor_utilization": {
          "shard": "2",
          "value": 67.420841979999494
        }
      },
      {
        "reactor_utilization": {
          "shard": "3",
          "value": 97.443623800000168
        }
      },
      {
        "reactor_utilization": {
          "shard": "4",
          "value": 85.998779080000176
        }
      },
      {
        "reactor_utilization": {
          "shard": "5",
          "value": 82.224550500000333
        }
      },
      {
        "reactor_utilization": {
          "shard": "6",
          "value": 72.853968879999755
        }
      },
      {
        "reactor_utilization": {
          "shard": "7",
          "value": 63.736962699999786
        }
      }
    ]
  },
  {
    "metrics": [
      {
        "reactor_utilization": {
          "shard": "0",
          "value": 66.111004520000279
        }
      },
      {
        "reactor_utilization": {
          "shard": "1",
          "value": 70.820430760000036
        }
      },
      {
        "reactor_utilization": {
          "shard": "2",
          "value": 82.714278899999499
        }
      },
      {
        "reactor_utilization": {
          "shard": "3",
          "value": 88.099403340000165
        }
      },
      {
        "reactor_utilization": {
          "shard": "4",
          "value": 83.987939800000177
        }
      },
      {
        "reactor_utilization": {
          "shard": "5",
          "value": 90.253221540000325
        }
      },
      {
        "reactor_utilization": {
          "shard": "6",
          "value": 69.036891779999749
        }
      },
      {
        "reactor_utilization": {
          "shard": "7",
          "value": 72.560181999999784
        }
      }
    ]
  },
  {
    "metrics": [
      {
        "reactor_utilization": {
          "shard": "0",
          "value": 64.355218960000272
        }
      },
      {
        "reactor_utilization": {
          "shard": "1",
          "value": 60.96344772000004
        }
      },
      {
        "reactor_utilization": {
          "shard": "2",
          "value": 85.106326559999502
        }
      },
      {
        "reactor_utilization": {
          "shard": "3",
          "value": 82.915378600000182
        }
      },
      {
        "reactor_utilization": {
          "shard": "4",
          "value": 87.921332440000171
        }
      },
      {
        "reactor_utilization": {
          "shard": "5",
          "value": 95.891861880000334
        }
      },
      {
        "reactor_utilization": {
          "shard": "6",
          "value": 67.687204579999744
        }
      },
      {
        "reactor_utilization": {
          "shard": "7",
          "value": 74.920582739999787
        }
      }
    ]
  },
  {
    "metrics": [
      {
        "reactor_utilization": {
          "shard": "0",
          "value": 61.824436840000274
        }
      },
      {
        "reactor_utilization": {
          "shard": "1",
          "value": 64.837420560000041
        }
      },
      {
        "reactor_utilization": {
          "shard": "2",
          "value": 69.748290039999489
        }
      },
      {
        "reactor_utilization": {
          "shard": "3",
          "value": 76.987004160000168
        }
      },
      {
        "reactor_utilization": {
          "shard": "4",
          "value": 79.189206500000182
        }
      },
      {
        "reactor_utilization": {
          "shard": "5",
          "value": 98.281229360000324
        }
      },
      {
        "reactor_utilization": {
          "shard": "6",
          "value": 77.37250931999975
        }
      },
      {
        "reactor_utilization": {
          "shard": "7",
          "value": 69.731452779999785
        }
      }
    ]
  },
  {
    "metrics": [
      {
        "reactor_utilization": {
          "shard": "0",
          "value": 67.435971800000274
        }
      },
      {
        "reactor_utilization": {
          "shard": "1",
          "value": 62.477402380000036
        }
      },
      {
        "reactor_utilization": {
          "shard": "2",
          "value": 80.256632479999496
        }
      },
      {
        "reactor_utilization": {
          "shard": "3",
          "value": 87.800968560000172
        }
      },
      {
        "reactor_utilization": {
          "shard": "4",
          "value": 85.109750800000185
        }
      },
      {
        "reactor_utilization": {
          "shard": "5",
          "value": 89.722794380000323
        }
      },
      {
        "reactor_utilization": {
          "shard": "6",
          "value": 66.612242339999753
        }
      },
      {
        "reactor_utilization": {
          "shard": "7",
          "value": 60.320987299999793
        }
      }
    ]
  },
  {
    "metrics": [
      {
        "reactor_utilization": {
          "shard": "0",
          "value": 61.757499640000276
        }
      },
      {
        "reactor_utilization": {
          "shard": "1",
          "value": 63.862254000000043
        }
      },
      {
        "reactor_utilization": {
          "shard": "2",
          "value": 74.160939859999502
        }
      },
      {
        "reactor_utilization": {
          "shard": "3",
          "value": 94.952999020000178
        }
      },
      {
        "reactor_utilization": {
          "shard": "4",
          "value": 89.241639440000171
        }
      },
      {
        "reactor_utilization": {
          "shard": "5",
          "value": 87.880604040000321
        }
      },
      {
        "reactor_utilization": {
          "shard": "6",
          "value": 70.505585839999753
        }
      },
      {
        "reactor_utilization": {
          "shard": "7",
          "value": 66.898856319999794
        }
      }
    ]
  },
  {
    "metrics": [
      {
        "reactor_utilization": {
          "shard": "0",
          "value": 58.025852820000281
        }
      },
      {
        "reactor_utilization": {
          "shard": "1",
          "value": 69.461856940000047
        }
      },
      {
        "reactor_utilization": {
          "shard": "2",
          "value": 81.787940279999503
        }
      },
      {
        "reactor_utilization": {
          "shard": "3",
          "value": 94.566666260000176
        }
      },
      {
        "reactor_utilization": {
          "shard": "4",
          "value": 82.871894380000171
        }
      },
      {
        "reactor_utilization": {
          "shard": "5",
          "value": 91.135800540000318
        }
      },
      {
        "reactor_utilization": {
          "shard": "6",
          "value": 69.196001179999755
        }
      },
      {
        "reactor_utilization": {
          "shard": "7",
          "value": 64.640939219999808
        }
      }
    ]
  },
  {
    "metrics": [
      {
        "reactor_utilization": {
          "shard": "0",
          "value": 70.848240100000282
        }
      },
      {
        "reactor_utilization": {
          "shard": "1",
          "value": 69.791378000000037
        }
      },
      {
        "reactor_utilization": {
          "shard": "2",
          "value": 86.458350979999494
        }
      },
      {
        "reactor_utilization": {
          "shard": "3",
          "value": 85.369085520000169
        }
      },
      {
        "reactor_utilization": {
          "shard": "4",
          "value": 87.128965380000182
        }
      },
      {
        "reactor_utilization": {
          "shard": "5",
          "value": 92.257086240000334
        }
      },
      {
        "reactor_utilization": {
          "shard": "6",
          "value": 70.442672999999758
        }
      },
      {
        "reactor_utilization": {
          "shard": "7",
          "value": 80.833342699999804
        }
      }
    ]
  },
  {
    "metrics": [
      {
        "reactor_utilization": {
          "shard": "0",
          "value": 56.586072920000284
        }
      },
      {
        "reactor_utilization": {
          "shard": "1",
          "value": 64.701080140000045
        }
      },
      {
        "reactor_utilization": {
          "shard": "2",
          "value": 73.639359799999511
        }
      },
      {
        "reactor_utilization": {
          "shard": "3",
          "value": 78.949798280000167
        }
      },
      {
        "reactor_utilization": {
          "shard": "4",
          "value": 76.396772620000178
        }
      },
      {
        "reactor_utilization": {
          "shard": "5",
          "value": 97.927704680000332
        }
      },
      {
        "reactor_utilization": {
          "shard": "6",
          "value": 72.987378899999754
        }
      },
      {
        "reactor_utilization": {
          "shard": "7",
          "value": 73.147320879999796
        }
      }
    ]
  },
  {
    "metrics": [
      {
        "reactor_utilization": {
          "shard": "0",
          "value": 69.822703780000282
        }
      },
      {
        "reactor_utilization": {
          "shard": "1",
          "value": 67.81849408000005
        }
      },
      {
        "reactor_utilization": {
          "shard": "2",
          "value": 83.999100339999501
        }
      },
      {
        "reactor_utilization": {
          "shard": "3",
          "value": 85.75743356000018
        }
      },
      {
        "reactor_utilization": {
          "shard": "4",
          "value": 92.230449100000172
        }
      },
      {
        "reactor_utilization": {
          "shard": "5",
          "value": 91.091014780000322
        }
      },
      {
        "reactor_utilization": {
          "shard": "6",
          "value": 66.245239299999753
        }
      },
      {
        "reactor_utilization": {
          "shard": "7",
          "value": 62.566671179999787
        }
      }
    ]
  }
]
