[
  {
    "metrics": [
      {
        "reactor_utilization": {
          "shard": "0",
          "value": 88.801139400000324
        }
      },
      {
        "reactor_utilization": {
          "shard": "1",
          "value": 85.200861859999975
        }
      },
      {
        "reactor_utilization": {
          "shard": "2",
          "value": 86.973867939999636
        }
      },
      {
        "reactor_utilization": {
          "shard": "3",
          "value": 84.640985540000102
        }
      },
      {
        "reactor_utilization": {
          "shard": "4",
          "value": 82.964797360000134
        }
      },
      {
        "reactor_utilization": {
          "shard": "5",
          "value": 86.575014820000362
        }
      },
      {
        "reactor_utilization": {
          "shard": "6",
          "value": 92.063915079999703
        }
      },
      {
        "reactor_utilization": {
          "shard": "7",
          "value": 99.581520699999771
        }
      }
    ]
  },
  {
    "metrics": [
      {
        "reactor_utilization": {
          "shard": "0",
          "value": 89.325312320000322
        }
      },
      {
        "reactor_utilization": {
          "shard": "1",
          "value": 92.331982179999969
        }
      },
      {
        "reactor_utilization": {
          "shard": "2",
          "value": 86.862479399999643
        }
      },
      {
        "reactor_utilization": {
          "shard": "3",
          "value": 96.436102100000099
        }
      },
      {
        "reactor_utilization": {
          "shard": "4",
          "value": 81.003634760000125
        }
      },
      {
        "reactor_utilization": {
          "shard": "5",
          "value": 83.297387320000368
        }
      },
      {
        "reactor_utilization": {
          "shard": "6",
          "value": 87.490230039999688
        }
      },
      {
        "reactor_utilization": {
          "shard": "7",
          "value": 98.552374219999777
        }
      }
    ]
  },
  {
    "metrics": [
      {
        "reactor_utilization": {
          "shard": "0",
          "value": 90.288310580000328
        }
      },
      {
        "reactor_utilization": {
          "shard": "1",
          "value": 87.432642739999977
        }
      },
      {
        "reactor_utilization": {
          "shard": "2",
          "value": 99.090609259999638
        }
      },
      {
        "reactor_utilization": {
          "shard": "3",
          "value": 90.523198720000096
        }
      },
      {
        "reactor_utilization": {
          "shard": "4",
          "value": 85.149444320000129
        }
      },
      {
        "reactor_utilization": {
          "shard": "5",
          "value": 91.59912414000037
        }
      },
      {
        "reactor_utilization": {
          "shard": "6",
          "value": 75.801279559999699
        }
      },
      {
        "reactor_utilization": {
          "shard": "7",
          "value": 87.161261439999777
        }
      }
    ]
  },
  {
    "metrics": [
      {
        "reactor_utilization": {
          "shard": "0",
          "value": 82.928996260000318
        }
      },
      {
        "reactor_utilization": {
          "shard": "1",
          "value": 95.586704959999977
        }
      },
      {
        "reactor_utilization": {
          "shard": "2",
          "value": 84.12000589999964
        }
      },
      {
        "reactor_utilization": {
          "shard": "3",
          "value": 80.302838500000107
        }
      },
      {
        "reactor_utilization": {
          "shard": "4",
          "value": 82.046094940000131
        }
      },
      {
        "reactor_utilization": {
          "shard": "5",
          "value": 99.529742500000367
        }
      },
      {
        "reactor_utilization": {
          "shard": "6",
          "value": 84.671267979999712
        }
      },
      {
        "reactor_utilization": {
          "shard": "7",
          "value": 95.15474867999977
        }
      }
    ]
  },
  {
    "metrics": [
      {
        "reactor_utilization": {
          "shard": "0",
          "value": 82.832410900000326
        }
      },
      {
        "reactor_utilization": {
          "shard": "1",
          "value": 86.732190599999967
        }
      },
      {
        "reactor_utilization": {
          "shard": "2",
          "value": 91.710558059999642
        }
      },
      {
        "reactor_utilization": {
          "shard": "3",
          "value": 96.197105880000095
        }
      },
      {
        "reactor_utilization": {
          "shard": "4",
          "value": 78.091612360000113
        }
      },
      {
        "reactor_utilization": {
          "shard": "5",
          "value": 90.440128460000366
        }
      },
      {
        "reactor_utilization": {
          "shard": "6",
          "value": 91.4995602999997
        }
      },
      {
        "reactor_utilization": {
          "shard": "7",
          "value": 90.207685799999766
        }
      }
    ]
  },
  {
    "metrics": [
      {
        "reactor_utilization": {
          "shard": "0",
          "value": 77.231213360000325
        }
      },
      {
        "reactor_utilization": {
          "shard": "1",
          "value": 91.228671579999983
        }
      },
      {
        "reactor_utilization": {
          "shard": "2",
          "value": 83.821721359999628
        }
      },
      {
        "reactor_utilization": {
          "shard": "3",
          "value": 84.735602500000113
        }
      },
      {
        "reactor_utilization": {
          "shard": "4",
          "value": 84.580420140000115
        }
      },
      {
        "reactor_utilization": {
          "shard": "5",
          "value": 99.740346060000377
        }
      },
      {
        "reactor_utilization": {
          "shard": "6",
          "value": 90.212647799999715
        }
      },
      {
        "reactor_utilization": {
          "shard": "7",
          "value": 84.720924219999773
        }
      }
    ]
  },
  {
    "metrics": [
      {
        "reactor_utilization": {
          "shard": "0",
          "value": 76.780298720000332
        }
      },
      {
        "reactor_utilization": {
          "shard": "1",
          "value": 83.151732639999977
        }
      },
      {
        "reactor_utilization": {
          "shard": "2",
          "value": 77.225612439999637
        }
      },
      {
        "reactor_utilization": {
          "shard": "3",
          "value": 74.099497680000098
        }
      },
      {
        "reactor_utilization": {
          "shard": "4",
          "value": 70.561239440000108
        }
      },
      {
        "reactor_utilization": {
          "shard": "5",
          "value": 99.973543180000362
        }
      },
      {
        "reactor_utilization": {
          "shard": "6",
          "value": 77.354532799999703
        }
      },
      {
        "reactor_utilization": {
          "shard": "7",
          "value": 85.15038891999977
        }
      }
    ]
  },
  {
    "metrics": [
      {
        "reactor_utilization": {
          "shard": "0",
          "value": 77.585812900000334
        }
      },
      {
        "reactor_utilization": {
          "shard": "1",
          "value": 79.198943259999979
        }
      },
      {
        "reactor_utilization": {
          "shard": "2",
          "value": 61.38416813999963
        }
      },
      {
        "reactor_utilization": {
          "shard": "3",
          "value": 68.435085320000113
        }
      },
      {
        "reactor_utilization": {
          "shard": "4",
          "value": 81.598460800000112
        }
      },
      {
        "reactor_utilization": {
          "shard": "5",
          "value": 99.991509680000362
        }
      },
      {
        "reactor_utilization": {
          "shard": "6",
          "value": 71.00161903999971
        }
      },
      {
        "reactor_utilization": {
          "shard": "7",
          "value": 91.689727359999765
        }
      }
    ]
  },
  {
    "metrics": [
      {
        "reactor_utilization": {
          "shard": "0",
          "value": 85.596970980000322
        }
      },
      {
        "reactor_utilization": {
          "shard": "1",
          "value": 88.627825319999971
        }
      },
      {
        "reactor_utilization": {
          "shard": "2",
          "value": 77.497717419999631
        }
      },
      {
        "reactor_utilization": {
          "shard": "3",
          "value": 83.537154400000119
        }
      },
      {
        "reactor_utilization": {
          "shard": "4",
          "value": 90.310043860000107
        }
      },
      {
        "reactor_utilization": {
          "shard": "5",
          "value": 92.723251920000365
        }
      },
      {
        "reactor_utilization": {
          "shard": "6",
          "value": 80.107805919999706
        }
      },
      {
        "reactor_utilization": {
          "shard": "7",
          "value": 86.678332259999763
        }
      }
    ]
  },
  {
    "metrics": [
      {
        "reactor_utilization": {
          "shard": "0",
          "value": 87.171518480000316
        }
      },
      {
        "reactor_utilization": {
          "shard": "1",
          "value": 90.995682979999984
        }
      },
      {
        "reactor_utilization": {
          "shard": "2",
          "value": 69.169707599999626
        }
      },
      {
        "reactor_utilization": {
          "shard": "3",
          "value": 80.320214700000108
        }
      },
      {
        "reactor_utilization": {
          "shard": "4",
          "value": 83.392350100000115
        }
      },
      {
        "reactor_utilization": {
          "shard": "5",
          "value": 93.328122340000377
        }
      },
      {
        "reactor_utilization": {
          "shard": "6",
          "value": 87.863108059999703
        }
      },
      {
        "reactor_utilization": {
          "shard": "7",
          "value": 86.80618067999977
        }
      }
    ]
  },
  {
    "metrics": [
      {
        "reactor_utilization": {
          "shard": "0",
          "value": 83.534042680000326
        }
      },
      {
        "reactor_utilization": {
          "shard": "1",
          "value": 83.808111299999979
        }
      },
      {
        "reactor_utilization": {
          "shard": "2",
          "value": 76.088358179999631
        }
      },
      {
        "reactor_utilization": {
          "shard": "3",
          "value": 84.577364020000118
        }
      },
      {
        "reactor_utilization": {
          "shard": "4",
          "value": 82.246439420000101
        }
      },
      {
        "reactor_utilization": {
          "shard": "5",
          "value": 94.32497386000037
        }
      },
      {
        "reactor_utilization": {
          "shard": "6",
          "value": 81.42444777999971
        }
      },
      {
        "reactor_utilization": {
          "shard": "7",
          "value": 99.833601239999766
        }
      }
    ]
  },
  {
    "metrics": [
      {
        "reactor_utilization": {
          "shard": "0",
          "value": 83.929527220000324
        }
      },
      {
        "reactor_utilization": {
          "shard": "1",
          "value": 81.301442419999972
        }
      },
      {
        "reactor_utilization": {
          "shard": "2",
          "value": 80.127553619999631
        }
      },
      {
        "reactor_utilization": {
          "shard": "3",
          "value": 83.991042880000109
        }
      },
      {
        "reactor_utilization": {
          "shard": "4",
          "value": 79.555613220000112
        }
      },
      {
        "reactor_utilization": {
          "shard": "5",
          "value": 90.979575960000375
        }
      },
      {
        "reactor_utilization": {
          "shard": "6",
          "value": 87.217096459999709
        }
      },
      {
        "reactor_utilization": {
          "shard": "7",
          "value": 99.79194463999977
        }
      }
    ]
  },
  {
    "metrics": [
      {
        "reactor_utilization": {
          "shard": "0",
          "value": 86.657647140000321
        }
      },
      {
        "reactor_utilization": {
          "shard": "1",
          "value": 94.311627099999967
        }
      },
      {
        "reactor_utilization": {
          "shard": "2",
          "value": 80.109506319999625
        }
      },
      {
        "reactor_utilization": {
          "shard": "3",
          "value": 85.442845620000114
        }
      },
      {
        "reactor_utilization": {
          "shard": "4",
          "value": 86.02123422000011
        }
      },
      {
        "reactor_utilization": {
          "shard": "5",
          "value": 92.137252140000371
        }
      },
      {
        "reactor_utilization": {
          "shard": "6",
          "value": 84.528930139999716
        }
      },
      {
        "reactor_utilization": {
          "shard": "7",
          "value": 90.186929519999765
        }
      }
    ]
  },
  {
    "metrics": [
      {
        "reactor_utilization": {
          "shard": "0",
          "value": 86.011307500000328
        }
      },
      {
        "reactor_utilization": {
          "shard": "1",
          "value": 90.560544279999974
        }
      },
      {
        "reactor_utilization": {
          "shard": "2",
          "value": 72.86060731999963
        }
      },
      {
        "reactor_utilization": {
          "shard": "3",
          "value": 82.085625700000108
        }
      },
      {
        "reactor_utilization": {
          "shard": "4",
          "value": 87.675274920000106
        }
      },
      {
        "reactor_utilization": {
          "shard": "5",
          "value": 93.115987060000379
        }
      },
      {
        "reactor_utilization": {
          "shard": "6",
          "value": 85.009626899999716
        }
      },
      {
        "reactor_utilization": {
          "shard": "7",
          "value": 91.339818539999769
        }
      }
    ]
  },
  {
    "metrics": [
      {
        "reactor_utilization": {
          "shard": "0",
          "value": 86.428173280000323
        }
      },
      {
        "reactor_utilization": {
          "shard": "1",
          "value": 87.311310239999969
        }
      },
      {
        "reactor_utilization": {
          "shard": "2",
          "value": 84.959412299999627
        }
      },
      {
        "reactor_utilization": {
          "shard": "3",
          "value": 73.530189500000105
        }
      },
      {
        "reactor_utilization": {
          "shard": "4",
          "value": 87.056310780000103
        }
      },
      {
        "reactor_utilization": {
          "shard": "5",
          "value": 96.066571860000366
        }
      },
      {
        "reactor_utilization": {
          "shard": "6",
          "value": 75.42808961999971
        }
      },
      {
        "reactor_utilization": {
          "shard": "7",
          "value": 85.012590539999763
        }
      }
    ]
  },
  {
    "metrics": [
      {
        "reactor_utilization": {
          "shard": "0",
          "value": 83.308906440000314
        }
      },
      {
        "reactor_utilization": {
          "shard": "1",
          "value": 78.172602959999978
        }
      },
      {
        "reactor_utilization": {
          "shard": "2",
          "value": 73.26388141999962
        }
      },
      {
        "reactor_utilization": {
          "shard": "3",
          "value": 64.3117803600001
        }
      },
      {
        "reactor_utilization": {
          "shard": "4",
          "value": 79.219681200000096
        }
      },
      {
        "reactor_utilization": {
          "shard": "5",
          "value": 90.247422460000365
        }
      },
      {
        "reactor_utilization": {
          "shard": "6",
          "value": 81.299086799999714
        }
      },
      {
        "reactor_utilization": {
          "shard": "7",
          "value": 96.083003699999765
        }
      }
    ]
  },
  {
    "metrics": [
      {
        "reactor_utilization": {
          "shard": "0",
          "value": 82.934242300000321
        }
      },
      {
        "reactor_utilization": {
          "shard": "1",
          "value": 86.88951351999998
        }
      },
      {
        "reactor_utilization": {
          "shard": "2",
          "value": 77.881130639999611
        }
      },
      {
        "reactor_utilization": {
          "shard": "3",
          "value": 74.476107200000115
        }
      },
      {
        "reactor_utilization": {
          "shard": "4",
          "value": 76.555848920000102
        }
      },
      {
        "reactor_utilization": {
          "shard": "5",
          "value": 97.944143840000379
        }
      },
      {
        "reactor_utilization": {
          "shard": "6",
          "value": 84.031541379999723
        }
      },
      {
        "reactor_utilization": {
          "shard": "7",
          "value": 80.36633145999977
        }
      }
    ]
  },
  {
    "metrics": [
      {
        "reactor_utilization": {
          "shard": "0",
          "value": 76.479954840000318
        }
      },
      {
        "reactor_utilization": {
          "shard": "1",
          "value": 76.956805319999972
        }
      },
      {
        "reactor_utilization": {
          "shard": "2",
          "value": 59.363479459999624
        }
      },
      {
        "reactor_utilization": {
          "shard": "3",
          "value": 72.116521700000092
        }
      },
      {
        "reactor_utilization": {
          "shard": "4",
          "value": 74.658193840000095
        }
      },
      {
        "reactor_utilization": {
          "shard": "5",
          "value": 93.89431648000037
        }
      },
      {
        "reactor_utilization": {
          "shard": "6",
          "value": 70.517662019999719
        }
      },
      {
        "reactor_utilization": {
          "shard": "7",
          "value": 92.961651159999775
        }
      }
    ]
  },
  {
    "metrics": [
      {
        "reactor_utilization": {
          "shard": "0",
          "value": 84.255941280000329
        }
      },
      {
        "reactor_utilization": {
          "shard": "1",
          "value": 81.186448499999969
        }
      },
      {
        "reactor_utilization": {
          "shard": "2",
          "value": 69.203056139999646
        }
      },
      {
        "reactor_utilization": {
          "shard": "3",
          "value": 71.173950220000108
        }
      },
      {
        "reactor_utilization": {
          "shard": "4",
          "value": 79.578565980000093
        }
      },
      {
        "reactor_utilization": {
          "shard": "5",
          "value": 95.45518466000037
        }
      },
      {
        "reactor_utilization": {
          "shard": "6",
          "value": 72.332490679999708
        }
      },
      {
        "reactor_utilization": {
          "shard": "7",
          "value": 83.410435039999768
        }
      }
    ]
  },
  {
    "metrics": [
      {
        "reactor_utilization": {
          "shard": "0",
          "value": 91.90758232000033
        }
      },
      {
        "reactor_utilization": {
          "shard": "1",
          "value": 86.818468019999969
        }
      },
      {
        "reactor_utilization": {
          "shard": "2",
          "value": 77.814998619999628
        }
      },
      {
        "reactor_utilization": {
          "shard": "3",
          "value": 78.750243460000107
        }
      },
      {
        "reactor_utilization": {
          "shard": "4",
          "value": 89.176384860000084
        }
      },
      {
        "reactor_utilization": {
          "shard": "5",
          "value": 92.895575060000368
        }
      },
      {
        "reactor_utilization": {
          "shard": "6",
          "value": 83.152878659999715
        }
      },
      {
        "reactor_utilization": {
          "shard": "7",
          "value": 88.707106419999775
        }
      }
    ]
  },
  {
    "metrics": [
      {
        "reactor_utilization": {
          "shard": "0",
          "value": 77.237500020000311
        }
      },
      {
        "reactor_utilization": {
          "shard": "1",
          "value": 86.394118919999968
        }
      },
      {
        "reactor_utilization": {
          "shard": "2",
          "value": 71.240081379999637
        }
      },
      {
        "reactor_utilization": {
          "shard": "3",
          "value": 86.508937960000097
        }
      },
      {
        "reactor_utilization": {
          "shard": "4",
          "value": 86.661751580000086
        }
      },
      {
        "reactor_utilization": {
          "shard": "5",
          "value": 90.62004632000037
        }
      },
      {
        "reactor_utilization": {
          "shard": "6",
          "value": 90.915519419999711
        }
      },
      {
        "reactor_utilization": {
          "shard": "7",
          "value": 96.410112619999765
        }
      }
    ]
  },
  {
    "metrics": [
      {
        "reactor_utilization": {
          "shard": "0",
          "value": 87.869399100000308
        }
      },
      {
        "reactor_utilization": {
          "shard": "1",
          "value": 86.052699919999981
        }
      },
      {
        "reactor_utilization": {
          "shard": "2",
          "value": 76.498450979999632
        }
      },
      {
        "reactor_utilization": {
          "shard": "3",
          "value": 79.56013966000009
        }
      },
      {
        "reactor_utilization": {
          "shard": "4",
          "value": 77.277951540000103
        }
      },
      {
        "reactor_utilization": {
          "shard": "5",
          "value": 91.495943480000378
        }
      },
      {
        "reactor_utilization": {
          "shard": "6",
          "value": 83.639308519999716
        }
      },
      {
        "reactor_utilization": {
          "shard": "7",
          "value": 94.111085899999765
        }
      }
    ]
  },
  {
    "metrics": [
      {
        "reactor_utilization": {
          "shard": "0",
          "value": 74.153361500000315
        }
      },
      {
        "reactor_utilization": {
          "shard": "1",
          "value": 75.119548959999975
        }
      },
      {
        "reactor_utilization": {
          "shard": "2",
          "value": 78.310513359999632
        }
      },
      {
        "reactor_utilization": {
          "shard": "3",
          "value": 82.7594670000001
        }
      },
      {
        "reactor_utilization": {
          "shard": "4",
          "value": 86.712341200000083
        }
      },
      {
        "reactor_utilization": {
          "shard": "5",
          "value": 84.803104460000384
        }
      },
      {
        "reactor_utilization": {
          "shard": "6",
          "value": 89.4098529999997
        }
      },
      {
        "reactor_utilization": {
          "shard": "7",
          "value": 95.273153179999767
        }
      }
    ]
  },
  {
    "metrics": [
      {
        "reactor_utilization": {
          "shard": "0",
          "value": 91.605934920000323
        }
      },
      {
        "reactor_utilization": {
          "shard": "1",
          "value": 94.657172919999979
        }
      },
      {
        "reactor_utilization": {
          "shard": "2",
          "value": 77.398107939999633
        }
      },
      {
        "reactor_utilization": {
          "shard": "3",
          "value": 82.403660760000093
        }
      },
      {
        "reactor_utilization": {
          "shard": "4",
          "value": 84.751668900000098
        }
      },
      {
        "reactor_utilization": {
          "shard": "5",
          "value": 95.973486340000377
        }
      },
      {
        "reactor_utilization": {
          "shard": "6",
          "value": 77.490355419999716
        }
      },
      {
        "reactor_utilization": {
          "shard": "7",
          "value": 88.20916171999977
        }
      }
    ]
  }
]
