[
  {
    "metrics": [
      {
        "reactor_utilization": {
          "shard": "0",
          "value": 83.689013360000303
        }
      },
      {
        "reactor_utilization": {
          "shard": "1",
          "value": 80.514601159999998
        }
      },
      {
        "reactor_utilization": {
          "shard": "2",
          "value": 75.218922319999649
        }
      },
      {
        "reactor_utilization": {
          "shard": "3",
          "value": 78.518440360000127
        }
      },
      {
        "reactor_utilization": {
          "shard": "4",
          "value": 74.782320540000086
        }
      },
      {
        "reactor_utilization": {
          "shard": "5",
          "value": 86.076890640000371
        }
      },
      {
        "reactor_utilization": {
          "shard": "6",
          "value": 90.1521339399997
        }
      },
      {
        "reactor_utilization": {
          "shard": "7",
          "value": 98.066230419999783
        }
      }
    ]
  },
  {
    "metrics": [
      {
        "reactor_utilization": {
          "shard": "0",
          "value": 96.562743420000302
        }
      },
      {
        "reactor_utilization": {
          "shard": "1",
          "value": 94.550240639999998
        }
      },
      {
        "reactor_utilization": {
          "shard": "2",
          "value": 87.267567939999651
        }
      },
      {
        "reactor_utilization": {
          "shard": "3",
          "value": 83.728275080000131
        }
      },
      {
        "reactor_utilization": {
          "shard": "4",
          "value": 88.084607200000093
        }
      },
      {
        "reactor_utilization": {
          "shard": "5",
          "value": 88.00961500000038
        }
      },
      {
        "reactor_utilization": {
          "shard": "6",
          "value": 84.949041799999705
        }
      },
      {
        "reactor_utilization": {
          "shard": "7",
          "value": 91.01177101999977
        }
      }
    ]
  },
  {
    "metrics": [
      {
        "reactor_utilization": {
          "shard": "0",
          "value": 82.586893140000299
        }
      },
      {
        "reactor_utilization": {
          "shard": "1",
          "value": 95.750811319999997
        }
      },
      {
        "reactor_utilization": {
          "shard": "2",
          "value": 89.315277539999656
        }
      },
      {
        "reactor_utilization": {
          "shard": "3",
          "value": 89.376835380000131
        }
      },
      {
        "reactor_utilization": {
          "shard": "4",
          "value": 77.368353500000083
        }
      },
      {
        "reactor_utilization": {
          "shard": "5",
          "value": 91.304880460000376
        }
      },
      {
        "reactor_utilization": {
          "shard": "6",
          "value": 78.438494739999712
        }
      },
      {
        "reactor_utilization": {
          "shard": "7",
          "value": 95.808980839999776
        }
      }
    ]
  },
  {
    "metrics": [
      {
        "reactor_utilization": {
          "shard": "0",
          "value": 88.087792020000293
        }
      },
      {
        "reactor_utilization": {
          "shard": "1",
          "value": 80.493606439999994
        }
      },
      {
        "reactor_utilization": {
          "shard": "2",
          "value": 79.641402099999652
        }
      },
      {
        "reactor_utilization": {
          "shard": "3",
          "value": 72.181457940000129
        }
      },
      {
        "reactor_utilization": {
          "shard": "4",
          "value": 84.67740772000009
        }
      },
      {
        "reactor_utilization": {
          "shard": "5",
          "value": 89.946871200000373
        }
      },
      {
        "reactor_utilization": {
          "shard": "6",
          "value": 72.183172099999709
        }
      },
      {
        "reactor_utilization": {
          "shard": "7",
          "value": 90.98813743999979
        }
      }
    ]
  },
  {
    "metrics": [
      {
        "reactor_utilization": {
          "shard": "0",
          "value": 78.771137620000303
        }
      },
      {
        "reactor_utilization": {
          "shard": "1",
          "value": 83.220996259999993
        }
      },
      {
        "reactor_utilization": {
          "shard": "2",
          "value": 79.763098279999653
        }
      },
      {
        "reactor_utilization": {
          "shard": "3",
          "value": 66.485058100000131
        }
      },
      {
        "reactor_utilization": {
          "shard": "4",
          "value": 74.164469720000099
        }
      },
      {
        "reactor_utilization": {
          "shard": "5",
          "value": 80.683286260000372
        }
      },
      {
        "reactor_utilization": {
          "shard": "6",
          "value": 90.234141859999696
        }
      },
      {
        "reactor_utilization": {
          "shard": "7",
          "value": 79.150684379999774
        }
      }
    ]
  },
  {
    "metrics": [
      {
        "reactor_utilization": {
          "shard": "0",
          "value": 76.268727580000302
        }
      },
      {
        "reactor_utilization": {
          "shard": "1",
          "value": 68.952630499999998
        }
      },
      {
        "reactor_utilization": {
          "shard": "2",
          "value": 66.926186699999661
        }
      },
      {
        "reactor_utilization": {
          "shard": "3",
          "value": 76.142402420000124
        }
      },
      {
        "reactor_utilization": {
          "shard": "4",
          "value": 77.824932140000087
        }
      },
      {
        "reactor_utilization": {
          "shard": "5",
          "value": 85.432849280000369
        }
      },
      {
        "reactor_utilization": {
          "shard": "6",
          "value": 77.253302759999698
        }
      },
      {
        "reactor_utilization": {
          "shard": "7",
          "value": 81.065460519999789
        }
      }
    ]
  },
  {
    "metrics": [
      {
        "reactor_utilization": {
          "shard": "0",
          "value": 82.541285680000314
        }
      },
      {
        "reactor_utilization": {
          "shard": "1",
          "value": 84.783808099999987
        }
      },
      {
        "reactor_utilization": {
          "shard": "2",
          "value": 81.304366379999649
        }
      },
      {
        "reactor_utilization": {
          "shard": "3",
          "value": 76.306646620000123
        }
      },
      {
        "reactor_utilization": {
          "shard": "4",
          "value": 72.37668964000008
        }
      },
      {
        "reactor_utilization": {
          "shard": "5",
          "value": 93.533753400000364
        }
      },
      {
        "reactor_utilization": {
          "shard": "6",
          "value": 78.698445819999691
        }
      },
      {
        "reactor_utilization": {
          "shard": "7",
          "value": 91.915898519999786
        }
      }
    ]
  },
  {
    "metrics": [
      {
        "reactor_utilization": {
          "shard": "0",
          "value": 69.4881130400003
        }
      },
      {
        "reactor_utilization": {
          "shard": "1",
          "value": 74.339309479999997
        }
      },
      {
        "reactor_utilization": {
          "shard": "2",
          "value": 66.281469239999652
        }
      },
      {
        "reactor_utilization": {
          "shard": "3",
          "value": 74.250359740000121
        }
      },
      {
        "reactor_utilization": {
          "shard": "4",
          "value": 67.992783340000088
        }
      },
      {
        "reactor_utilization": {
          "shard": "5",
          "value": 87.119771780000363
        }
      },
      {
        "reactor_utilization": {
          "shard": "6",
          "value": 74.899930599999692
        }
      },
      {
        "reactor_utilization": {
          "shard": "7",
          "value": 75.560112279999785
        }
      }
    ]
  },
  {
    "metrics": [
      {
        "reactor_utilization": {
          "shard": "0",
          "value": 82.029594380000304
        }
      },
      {
        "reactor_utilization": {
          "shard": "1",
          "value": 76.703248220000006
        }
      },
      {
        "reactor_utilization": {
          "shard": "2",
          "value": 72.512899439999657
        }
      },
      {
        "reactor_utilization": {
          "shard": "3",
          "value": 77.779242480000121
        }
      },
      {
        "reactor_utilization": {
          "shard": "4",
          "value": 71.302481660000083
        }
      },
      {
        "reactor_utilization": {
          "shard": "5",
          "value": 82.255616600000366
        }
      },
      {
        "reactor_utilization": {
          "shard": "6",
          "value": 76.756886539999698
        }
      },
      {
        "reactor_utilization": {
          "shard": "7",
          "value": 85.579713879999787
        }
      }
    ]
  },
  {
    "metrics": [
      {
        "reactor_utilization": {
          "shard": "0",
          "value": 75.701154680000286
        }
      },
      {
        "reactor_utilization": {
          "shard": "1",
          "value": 78.048817039999989
        }
      },
      {
        "reactor_utilization": {
          "shard": "2",
          "value": 77.199184239999653
        }
      },
      {
        "reactor_utilization": {
          "shard": "3",
          "value": 79.661935420000134
        }
      },
      {
        "reactor_utilization": {
          "shard": "4",
          "value": 75.16424862000008
        }
      },
      {
        "reactor_utilization": {
          "shard": "5",
          "value": 91.724950360000364
        }
      },
      {
        "reactor_utilization": {
          "shard": "6",
          "value": 78.868185859999713
        }
      },
      {
        "reactor_utilization": {
          "shard": "7",
          "value": 87.779728039999782
        }
      }
    ]
  },
  {
    "metrics": [
      {
        "reactor_utilization": {
          "shard": "0",
          "value": 74.666315720000284
        }
      },
      {
        "reactor_utilization": {
          "shard": "1",
          "value": 79.115133400000005
        }
      },
      {
        "reactor_utilization": {
          "shard": "2",
          "value": 83.400739019999662
        }
      },
      {
        "reactor_utilization": {
          "shard": "3",
          "value": 77.624117020000128
        }
      },
      {
        "reactor_utilization": {
          "shard": "4",
          "value": 76.853574080000072
        }
      },
      {
        "reactor_utilization": {
          "shard": "5",
          "value": 72.53088148000036
        }
      },
      {
        "reactor_utilization": {
          "shard": "6",
          "value": 66.845523439999695
        }
      },
      {
        "reactor_utilization": {
          "shard": "7",
          "value": 76.589891279999776
        }
      }
    ]
  },
  {
    "metrics": [
      {
        "reactor_utilization": {
          "shard": "0",
          "value": 82.198668740000286
        }
      },
      {
        "reactor_utilization": {
          "shard": "1",
          "value": 78.544318680000003
        }
      },
      {
        "reactor_utilization": {
          "shard": "2",
          "value": 81.303370019999647
        }
      },
      {
        "reactor_utilization": {
          "shard": "3",
          "value": 84.664388360000132
        }
      },
      {
        "reactor_utilization": {
          "shard": "4",
          "value": 84.089114640000076
        }
      },
      {
        "reactor_utilization": {
          "shard": "5",
          "value": 87.087556820000373
        }
      },
      {
        "reactor_utilization": {
          "shard": "6",
          "value": 76.204907539999709
        }
      },
      {
        "reactor_utilization": {
          "shard": "7",
          "value": 83.188131059999776
        }
      }
    ]
  },
  {
    "metrics": [
      {
        "reactor_utilization": {
          "shard": "0",
          "value": 78.401203820000291
        }
      },
      {
        "reactor_utilization": {
          "shard": "1",
          "value": 81.552944879999998
        }
      },
      {
        "reactor_utilization": {
          "shard": "2",
          "value": 74.487852039999652
        }
      },
      {
        "reactor_utilization": {
          "shard": "3",
          "value": 89.114586020000132
        }
      },
      {
        "reactor_utilization": {
          "shard": "4",
          "value": 78.863916200000077
        }
      },
      {
        "reactor_utilization": {
          "shard": "5",
          "value": 79.825722140000366
        }
      },
      {
        "reactor_utilization": {
          "shard": "6",
          "value": 81.518048779999702
        }
      },
      {
        "reactor_utilization": {
          "shard": "7",
          "value": 83.588873999999777
        }
      }
    ]
  },
  {
    "metrics": [
      {
        "reactor_utilization": {
          "shard": "0",
          "value": 81.711962680000283
        }
      },
      {
        "reactor_utilization": {
          "shard": "1",
          "value": 85.905946300000011
        }
      },
      {
        "reactor_utilization": {
          "shard": "2",
          "value": 73.655638599999648
        }
      },
      {
        "reactor_utilization": {
          "shard": "3",
          "value": 79.565335440000126
        }
      },
      {
        "reactor_utilization": {
          "shard": "4",
          "value": 68.349227060000075
        }
      },
      {
        "reactor_utilization": {
          "shard": "5",
          "value": 87.787810500000361
        }
      },
      {
        "reactor_utilization": {
          "shard": "6",
          "value": 85.152118879999705
        }
      },
      {
        "reactor_utilization": {
          "shard": "7",
          "value": 96.855750699999788
        }
      }
    ]
  },
  {
    "metrics": [
      {
        "reactor_utilization": {
          "shard": "0",
          "value": 82.243874140000301
        }
      },
      {
        "reactor_utilization": {
          "shard": "1",
          "value": 74.285850159999995
        }
      },
      {
        "reactor_utilization": {
          "shard": "2",
          "value": 78.616432839999646
        }
      },
      {
        "reactor_utilization": {
          "shard": "3",
          "value": 71.248819300000136
        }
      },
      {
        "reactor_utilization": {
          "shard": "4",
          "value": 70.225533980000066
        }
      },
      {
        "reactor_utilization": {
          "shard": "5",
          "value": 83.300702200000359
        }
      },
      {
        "reactor_utilization": {
          "shard": "6",
          "value": 69.170315939999711
        }
      },
      {
        "reactor_utilization": {
          "shard": "7",
          "value": 80.196822079999791
        }
      }
    ]
  },
  {
    "metrics": [
      {
        "reactor_utilization": {
          "shard": "0",
          "value": 99.238063220000299
        }
      },
      {
        "reactor_utilization": {
          "shard": "1",
          "value": 86.858609279999996
        }
      },
      {
        "reactor_utilization": {
          "shard": "2",
          "value": 86.192811439999645
        }
      },
      {
        "reactor_utilization": {
          "shard": "3",
          "value": 94.976540980000124
        }
      },
      {
        "reactor_utilization": {
          "shard": "4",
          "value": 76.302477980000063
        }
      },
      {
        "reactor_utilization": {
          "shard": "5",
          "value": 87.163567500000354
        }
      },
      {
        "reactor_utilization": {
          "shard": "6",
          "value": 92.267260159999708
        }
      },
      {
        "reactor_utilization": {
          "shard": "7",
          "value": 96.659520579999779
        }
      }
    ]
  },
  {
    "metrics": [
      {
        "reactor_utilization": {
          "shard": "0",
          "value": 79.165841800000294
        }
      },
      {
        "reactor_utilization": {
          "shard": "1",
          "value": 85.151593099999999
        }
      },
      {
        "reactor_utilization": {
          "shard": "2",
          "value": 70.217137759999645
        }
      },
      {
        "reactor_utilization": {
          "shard": "3",
          "value": 78.001651500000122
        }
      },
      {
        "reactor_utilization": {
          "shard": "4",
          "value": 78.387184040000051
        }
      },
      {
        "reactor_utilization": {
          "shard": "5",
          "value": 84.177861160000361
        }
      },
      {
        "reactor_utilization": {
          "shard": "6",
          "value": 96.681192719999714
        }
      },
      {
        "reactor_utilization": {
          "shard": "7",
          "value": 99.992667199999786
        }
      }
    ]
  },
  {
    "metrics": [
      {
        "reactor_utilization": {
          "shard": "0",
          "value": 91.814764900000284
        }
      },
      {
        "reactor_utilization": {
          "shard": "1",
          "value": 87.064815120000006
        }
      },
      {
        "reactor_utilization": {
          "shard": "2",
          "value": 94.454702799999652
        }
      },
      {
        "reactor_utilization": {
          "shard": "3",
          "value": 80.770737660000137
        }
      },
      {
        "reactor_utilization": {
          "shard": "4",
          "value": 88.087281220000051
        }
      },
      {
        "reactor_utilization": {
          "shard": "5",
          "value": 92.738028420000362
        }
      },
      {
        "reactor_utilization": {
          "shard": "6",
          "value": 83.729719639999715
        }
      },
      {
        "reactor_utilization": {
          "shard": "7",
          "value": 99.084216699999786
        }
      }
    ]
  },
  {
    "metrics": [
      {
        "reactor_utilization": {
          "shard": "0",
          "value": 88.270607000000297
        }
      },
      {
        "reactor_utilization": {
          "shard": "1",
          "value": 99.547179659999998
        }
      },
      {
        "reactor_utilization": {
          "shard": "2",
          "value": 85.604775859999663
        }
      },
      {
        "reactor_utilization": {
          "shard": "3",
          "value": 81.889989640000138
        }
      },
      {
        "reactor_utilization": {
          "shard": "4",
          "value": 83.034792180000053
        }
      },
      {
        "reactor_utilization": {
          "shard": "5",
          "value": 83.720747840000371
        }
      },
      {
        "reactor_utilization": {
          "shard": "6",
          "value": 74.0405747599997
        }
      },
      {
        "reactor_utilization": {
          "shard": "7",
          "value": 85.228438879999786
        }
      }
    ]
  },
  {
    "metrics": [
      {
        "reactor_utilization": {
          "shard": "0",
          "value": 88.026622000000287
        }
      },
      {
        "reactor_utilization": {
          "shard": "1",
          "value": 92.648243059999999
        }
      },
      {
        "reactor_utilization": {
          "shard": "2",
          "value": 85.849456599999669
        }
      },
      {
        "reactor_utilization": {
          "shard": "3",
          "value": 92.533911300000142
        }
      },
      {
        "reactor_utilization": {
          "shard": "4",
          "value": 84.831414160000051
        }
      },
      {
        "reactor_utilization": {
          "shard": "5",
          "value": 87.833465480000356
        }
      },
      {
        "reactor_utilization": {
          "shard": "6",
          "value": 84.759928339999718
        }
      },
      {
        "reactor_utilization": {
          "shard": "7",
          "value": 99.876894759999786
        }
      }
    ]
  },
  {
    "metrics": [
      {
        "reactor_utilization": {
          "shard": "0",
          "value": 89.883907140000289
        }
      },
      {
        "reactor_utilization": {
          "shard": "1",
          "value": 86.700900040000008
        }
      },
      {
        "reactor_utilization": {
          "shard": "2",
          "value": 84.047545579999664
        }
      },
      {
        "reactor_utilization": {
          "shard": "3",
          "value": 77.126013900000132
        }
      },
      {
        "reactor_utilization": {
          "shard": "4",
          "value": 89.011006080000058
        }
      },
      {
        "reactor_utilization": {
          "shard": "5",
          "value": 98.020308560000359
        }
      },
      {
        "reactor_utilization": {
          "shard": "6",
          "value": 89.638649459999712
        }
      },
      {
        "reactor_utilization": {
          "shard": "7",
          "value": 95.305298519999781
        }
      }
    ]
  },
  {
    "metrics": [
      {
        "reactor_utilization": {
          "shard": "0",
          "value": 92.603931480000284
        }
      },
      {
        "reactor_utilization": {
          "shard": "1",
          "value": 92.282059140000001
        }
      },
      {
        "reactor_utilization": {
          "shard": "2",
          "value": 92.376432839999651
        }
      },
      {
        "reactor_utilization": {
          "shard": "3",
          "value": 88.436001840000131
        }
      },
      {
        "reactor_utilization": {
          "shard": "4",
          "value": 85.553674060000048
        }
      },
      {
        "reactor_utilization": {
          "shard": "5",
          "value": 97.093327260000365
        }
      },
      {
        "reactor_utilization": {
          "shard": "6",
          "value": 96.506316739999704
        }
      },
      {
        "reactor_utilization": {
          "shard": "7",
          "value": 85.221381839999793
        }
      }
    ]
  },
  {
    "metrics": [
      {
        "reactor_utilization": {
          "shard": "0",
          "value": 75.001346740000287
        }
      },
      {
        "reactor_utilization": {
          "shard": "1",
          "value": 83.269082979999993
        }
      },
      {
        "reactor_utilization": {
          "shard": "2",
          "value": 90.855559819999655
        }
      },
      {
        "reactor_utilization": {
          "shard": "3",
          "value": 90.579348660000136
        }
      },
      {
        "reactor_utilization": {
          "shard": "4",
          "value": 73.838318340000058
        }
      },
      {
        "reactor_utilization": {
          "shard": "5",
          "value": 99.912981640000368
        }
      },
      {
        "reactor_utilization": {
          "shard": "6",
          "value": 80.692117359999699
        }
      },
      {
        "reactor_utilization": {
          "shard": "7",
          "value": 93.411277919999776
        }
      }
    ]
  },
  {
    "metrics": [
      {
        "reactor_utilization": {
          "shard": "0",
          "value": 71.135869460000279
        }
      },
      {
        "reactor_utilization": {
          "shard": "1",
          "value": 72.996255599999998
        }
      },
      {
        "reactor_utilization": {
          "shard": "2",
          "value": 66.61090829999965
        }
      },
      {
        "reactor_utilization": {
          "shard": "3",
          "value": 74.03341742000012
        }
      },
      {
        "reactor_utilization": {
          "shard": "4",
          "value": 80.487382620000062
        }
      },
      {
        "reactor_utilization": {
          "shard": "5",
          "value": 99.985227220000354
        }
      },
      {
        "reactor_utilization": {
          "shard": "6",
          "value": 75.664458079999704
        }
      },
      {
        "reactor_utilization": {
          "shard": "7",
          "value": 84.429937139999794
        }
      }
    ]
  }
]
