{
  "fio version" : "fio-3.39-26-ga72fe",
  "timestamp" : 1747753850,
  "timestamp_ms" : 1747753850378,
  "time" : "Tue May 20 15:10:50 2025",
  "global options" : {
    "write_iops_log" : "sea_1osd_56reactor_32fio_bal_osd_rc_1procs_seqread",
    "write_bw_log" : "sea_1osd_56reactor_32fio_bal_osd_rc_1procs_seqread",
    "write_lat_log" : "sea_1osd_56reactor_32fio_bal_osd_rc_1procs_seqread",
    "ioengine" : "rbd",
    "bs" : "64k",
    "rw" : "read",
    "direct" : "1",
    "runtime" : "5m",
    "time_based" : "",
    "group_reporting" : "",
    "ramp_time" : "30s",
    "thread" : "1",
    "iodepth" : "52",
    "clientname" : "admin",
    "pool" : "rbd"
  },
  "jobs" : [
    {
      "jobname" : "fio_test_0",
      "groupid" : 0,
      "job_start" : 1747753749550,
      "error" : 110,
      "eta" : 0,
      "elapsed" : 131,
      "job options" : {
        "max_latency" : "1s",
        "numjobs" : "1",
        "rbdname" : "fio_test_31"
      },
      "read" : {
        "io_bytes" : 139942428672,
        "io_kbytes" : 136662528,
        "bw_bytes" : 1390856610,
        "bw" : 1358258,
        "iops" : 21206.567544,
        "runtime" : 100616,
        "total_ios" : 2133720,
        "short_ios" : 0,
        "drop_ios" : 0,
        "slat_ns" : {
          "min" : 362,
          "max" : 52809,
          "mean" : 2942.012144,
          "stddev" : 1268.033175,
          "N" : 2133720
        },
        "clat_ns" : {
          "min" : 483313,
          "max" : 43722775518,
          "mean" : 72547812.484927,
          "stddev" : 1067586924.866623,
          "N" : 2135352,
          "percentile" : {
            "1.000000" : 1499136,
            "5.000000" : 3457024,
            "10.000000" : 4882432,
            "20.000000" : 7569408,
            "30.000000" : 10944512,
            "40.000000" : 14876672,
            "50.000000" : 20054016,
            "60.000000" : 27394048,
            "70.000000" : 39059456,
            "80.000000" : 60030976,
            "90.000000" : 108527616,
            "95.000000" : 175112192,
            "99.000000" : 400556032,
            "99.500000" : 501219328,
            "99.900000" : 817889280,
            "99.950000" : 17112760320,
            "99.990000" : 17112760320
          }
        },
        "lat_ns" : {
          "min" : 486208,
          "max" : 43722777356,
          "mean" : 72550754.774082,
          "stddev" : 1067586950.004404,
          "N" : 2135352
        },
        "bw_min" : 232,
        "bw_max" : 3570558,
        "bw_agg" : 14.007570,
        "bw_mean" : 190259.422508,
        "bw_dev" : 8453.996316,
        "bw_samples" : 2135352,
        "iops_min" : 32,
        "iops_max" : 32,
        "iops_mean" : 32.000000,
        "iops_stddev" : 0.000000,
        "iops_samples" : 2135352
      },
      "write" : {
        "io_bytes" : 0,
        "io_kbytes" : 0,
        "bw_bytes" : 0,
        "bw" : 0,
        "iops" : 0.000000,
        "runtime" : 0,
        "total_ios" : 0,
        "short_ios" : 0,
        "drop_ios" : 0,
        "slat_ns" : {
          "min" : 0,
          "max" : 0,
          "mean" : 0.000000,
          "stddev" : 0.000000,
          "N" : 0
        },
        "clat_ns" : {
          "min" : 0,
          "max" : 0,
          "mean" : 0.000000,
          "stddev" : 0.000000,
          "N" : 0
        },
        "lat_ns" : {
          "min" : 0,
          "max" : 0,
          "mean" : 0.000000,
          "stddev" : 0.000000,
          "N" : 0
        },
        "bw_min" : 0,
        "bw_max" : 0,
        "bw_agg" : 0.000000,
        "bw_mean" : 0.000000,
        "bw_dev" : 0.000000,
        "bw_samples" : 0,
        "iops_min" : 0,
        "iops_max" : 0,
        "iops_mean" : 0.000000,
        "iops_stddev" : 0.000000,
        "iops_samples" : 0
      },
      "trim" : {
        "io_bytes" : 0,
        "io_kbytes" : 0,
        "bw_bytes" : 0,
        "bw" : 0,
        "iops" : 0.000000,
        "runtime" : 0,
        "total_ios" : 0,
        "short_ios" : 0,
        "drop_ios" : 0,
        "slat_ns" : {
          "min" : 0,
          "max" : 0,
          "mean" : 0.000000,
          "stddev" : 0.000000,
          "N" : 0
        },
        "clat_ns" : {
          "min" : 0,
          "max" : 0,
          "mean" : 0.000000,
          "stddev" : 0.000000,
          "N" : 0
        },
        "lat_ns" : {
          "min" : 0,
          "max" : 0,
          "mean" : 0.000000,
          "stddev" : 0.000000,
          "N" : 0
        },
        "bw_min" : 0,
        "bw_max" : 0,
        "bw_agg" : 0.000000,
        "bw_mean" : 0.000000,
        "bw_dev" : 0.000000,
        "bw_samples" : 0,
        "iops_min" : 0,
        "iops_max" : 0,
        "iops_mean" : 0.000000,
        "iops_stddev" : 0.000000,
        "iops_samples" : 0
      },
      "sync" : {
        "total_ios" : 0,
        "lat_ns" : {
          "min" : 0,
          "max" : 0,
          "mean" : 0.000000,
          "stddev" : 0.000000,
          "N" : 0
        }
      },
      "job_runtime" : 2987698,
      "usr_cpu" : 0.349835,
      "sys_cpu" : 0.309469,
      "ctx" : 2133735,
      "majf" : 0,
      "minf" : 174662,
      "iodepth_level" : {
        "1" : 0.100000,
        "2" : 0.100000,
        "4" : 0.100000,
        "8" : 0.100000,
        "16" : 0.135725,
        "32" : 99.737032,
        ">=64" : 0.000000
      },
      "iodepth_submit" : {
        "0" : 0.000000,
        "4" : 100.000000,
        "8" : 0.000000,
        "16" : 0.000000,
        "32" : 0.000000,
        "64" : 0.000000,
        ">=64" : 0.000000
      },
      "iodepth_complete" : {
        "0" : 0.100000,
        "4" : 99.998500,
        "8" : 0.000000,
        "16" : 0.000000,
        "32" : 0.000000,
        "64" : 0.100000,
        ">=64" : 0.000000
      },
      "latency_ns" : {
        "2" : 0.000000,
        "4" : 0.000000,
        "10" : 0.000000,
        "20" : 0.000000,
        "50" : 0.000000,
        "100" : 0.000000,
        "250" : 0.000000,
        "500" : 0.000000,
        "750" : 0.000000,
        "1000" : 0.000000
      },
      "latency_us" : {
        "2" : 0.000000,
        "4" : 0.000000,
        "10" : 0.000000,
        "20" : 0.000000,
        "50" : 0.000000,
        "100" : 0.000000,
        "250" : 0.000000,
        "500" : 0.010000,
        "750" : 0.094389,
        "1000" : 0.231286
      },
      "latency_ms" : {
        "2" : 1.451315,
        "4" : 5.347609,
        "10" : 20.278293,
        "20" : 22.682967,
        "50" : 25.953874,
        "100" : 12.876666,
        "250" : 8.414459,
        "500" : 2.240781,
        "750" : 0.385008,
        "1000" : 0.048226,
        "2000" : 0.010000,
        ">=2000" : 0.065801
      },
      "latency_depth" : 52,
      "latency_target" : 0,
      "latency_percentile" : 100.000000,
      "latency_window" : 0
    }
  ],
  "disk_util" : [
    {
      "name" : "sda",
      "read_ios" : 26755,
      "write_ios" : 27395,
      "read_sectors" : 2554392,
      "write_sectors" : 18742224,
      "read_merges" : 56,
      "write_merges" : 5297,
      "read_ticks" : 16498,
      "write_ticks" : 118392,
      "in_queue" : 135098,
      "util" : 16.466589
    }
  ]
}
