{
  "fio version" : "fio-3.39-26-ga72fe",
  "timestamp" : 1747752043,
  "timestamp_ms" : 1747752043743,
  "time" : "Tue May 20 14:40:43 2025",
  "global options" : {
    "write_iops_log" : "sea_1osd_56reactor_32fio_bal_osd_rc_1procs_seqread",
    "write_bw_log" : "sea_1osd_56reactor_32fio_bal_osd_rc_1procs_seqread",
    "write_lat_log" : "sea_1osd_56reactor_32fio_bal_osd_rc_1procs_seqread",
    "ioengine" : "rbd",
    "bs" : "64k",
    "rw" : "read",
    "direct" : "1",
    "runtime" : "5m",
    "time_based" : "",
    "group_reporting" : "",
    "ramp_time" : "30s",
    "thread" : "1",
    "iodepth" : "1",
    "clientname" : "admin",
    "pool" : "rbd"
  },
  "jobs" : [
    {
      "jobname" : "fio_test_0",
      "groupid" : 0,
      "job_start" : 1747751933740,
      "error" : 110,
      "eta" : 0,
      "elapsed" : 141,
      "job options" : {
        "max_latency" : "1s",
        "numjobs" : "1",
        "rbdname" : "fio_test_31"
      },
      "read" : {
        "io_bytes" : 52691206144,
        "io_kbytes" : 51456256,
        "bw_bytes" : 479582103,
        "bw" : 468341,
        "iops" : 7317.833056,
        "runtime" : 109869,
        "total_ios" : 804003,
        "short_ios" : 0,
        "drop_ios" : 0,
        "slat_ns" : {
          "min" : 1423,
          "max" : 54732,
          "mean" : 3853.873669,
          "stddev" : 2450.569172,
          "N" : 804004
        },
        "clat_ns" : {
          "min" : 473403,
          "max" : 79292731940,
          "mean" : 4357569.924250,
          "stddev" : 473258588.292239,
          "N" : 804003,
          "percentile" : {
            "1.000000" : 626688,
            "5.000000" : 659456,
            "10.000000" : 684032,
            "20.000000" : 774144,
            "30.000000" : 880640,
            "40.000000" : 987136,
            "50.000000" : 1056768,
            "60.000000" : 1204224,
            "70.000000" : 1515520,
            "80.000000" : 1859584,
            "90.000000" : 2310144,
            "95.000000" : 2801664,
            "99.000000" : 3981312,
            "99.500000" : 4489216,
            "99.900000" : 5668864,
            "99.950000" : 6455296,
            "99.990000" : 246415360
          }
        },
        "lat_ns" : {
          "min" : 475093,
          "max" : 79292735450,
          "mean" : 4361423.797648,
          "stddev" : 473258600.718722,
          "N" : 804003
        },
        "bw_min" : 1,
        "bw_max" : 3727065,
        "bw_agg" : 100.000000,
        "bw_mean" : 1928145.389045,
        "bw_dev" : 24112.431574,
        "bw_samples" : 804003,
        "iops_min" : 32,
        "iops_max" : 32,
        "iops_mean" : 32.000000,
        "iops_stddev" : 0.000000,
        "iops_samples" : 804003
      },
      "write" : {
        "io_bytes" : 0,
        "io_kbytes" : 0,
        "bw_bytes" : 0,
        "bw" : 0,
        "iops" : 0.000000,
        "runtime" : 0,
        "total_ios" : 0,
        "short_ios" : 0,
        "drop_ios" : 0,
        "slat_ns" : {
          "min" : 0,
          "max" : 0,
          "mean" : 0.000000,
          "stddev" : 0.000000,
          "N" : 0
        },
        "clat_ns" : {
          "min" : 0,
          "max" : 0,
          "mean" : 0.000000,
          "stddev" : 0.000000,
          "N" : 0
        },
        "lat_ns" : {
          "min" : 0,
          "max" : 0,
          "mean" : 0.000000,
          "stddev" : 0.000000,
          "N" : 0
        },
        "bw_min" : 0,
        "bw_max" : 0,
        "bw_agg" : 0.000000,
        "bw_mean" : 0.000000,
        "bw_dev" : 0.000000,
        "bw_samples" : 0,
        "iops_min" : 0,
        "iops_max" : 0,
        "iops_mean" : 0.000000,
        "iops_stddev" : 0.000000,
        "iops_samples" : 0
      },
      "trim" : {
        "io_bytes" : 0,
        "io_kbytes" : 0,
        "bw_bytes" : 0,
        "bw" : 0,
        "iops" : 0.000000,
        "runtime" : 0,
        "total_ios" : 0,
        "short_ios" : 0,
        "drop_ios" : 0,
        "slat_ns" : {
          "min" : 0,
          "max" : 0,
          "mean" : 0.000000,
          "stddev" : 0.000000,
          "N" : 0
        },
        "clat_ns" : {
          "min" : 0,
          "max" : 0,
          "mean" : 0.000000,
          "stddev" : 0.000000,
          "N" : 0
        },
        "lat_ns" : {
          "min" : 0,
          "max" : 0,
          "mean" : 0.000000,
          "stddev" : 0.000000,
          "N" : 0
        },
        "bw_min" : 0,
        "bw_max" : 0,
        "bw_agg" : 0.000000,
        "bw_mean" : 0.000000,
        "bw_dev" : 0.000000,
        "bw_samples" : 0,
        "iops_min" : 0,
        "iops_max" : 0,
        "iops_mean" : 0.000000,
        "iops_stddev" : 0.000000,
        "iops_samples" : 0
      },
      "sync" : {
        "total_ios" : 0,
        "lat_ns" : {
          "min" : 0,
          "max" : 0,
          "mean" : 0.000000,
          "stddev" : 0.000000,
          "N" : 0
        }
      },
      "job_runtime" : 3507968,
      "usr_cpu" : 0.154049,
      "sys_cpu" : 0.123177,
      "ctx" : 804075,
      "majf" : 0,
      "minf" : 49792,
      "iodepth_level" : {
        "1" : 100.000000,
        "2" : 0.000000,
        "4" : 0.000000,
        "8" : 0.000000,
        "16" : 0.000000,
        "32" : 0.000000,
        ">=64" : 0.000000
      },
      "iodepth_submit" : {
        "0" : 0.000000,
        "4" : 100.000000,
        "8" : 0.000000,
        "16" : 0.000000,
        "32" : 0.000000,
        "64" : 0.000000,
        ">=64" : 0.000000
      },
      "iodepth_complete" : {
        "0" : 0.100000,
        "4" : 99.998010,
        "8" : 0.000000,
        "16" : 0.000000,
        "32" : 0.000000,
        "64" : 0.000000,
        ">=64" : 0.000000
      },
      "latency_ns" : {
        "2" : 0.000000,
        "4" : 0.000000,
        "10" : 0.000000,
        "20" : 0.000000,
        "50" : 0.000000,
        "100" : 0.000000,
        "250" : 0.000000,
        "500" : 0.000000,
        "750" : 0.000000,
        "1000" : 0.000000
      },
      "latency_us" : {
        "2" : 0.000000,
        "4" : 0.000000,
        "10" : 0.000000,
        "20" : 0.000000,
        "50" : 0.000000,
        "100" : 0.000000,
        "250" : 0.000000,
        "500" : 0.010000,
        "750" : 17.586004,
        "1000" : 24.890081
      },
      "latency_ms" : {
        "2" : 42.152455,
        "4" : 14.435270,
        "10" : 0.915544,
        "20" : 0.010000,
        "50" : 0.000000,
        "100" : 0.010000,
        "250" : 0.010000,
        "500" : 0.010000,
        "750" : 0.000000,
        "1000" : 0.000000,
        "2000" : 0.000000,
        ">=2000" : 0.010000
      },
      "latency_depth" : 1,
      "latency_target" : 0,
      "latency_percentile" : 100.000000,
      "latency_window" : 0
    }
  ],
  "disk_util" : [
    {
      "name" : "sda",
      "read_ios" : 6,
      "write_ios" : 2546,
      "read_sectors" : 64,
      "write_sectors" : 1373520,
      "read_merges" : 0,
      "write_merges" : 2622,
      "read_ticks" : 3,
      "write_ticks" : 14466,
      "in_queue" : 14517,
      "util" : 0.999485
    }
  ]
}
