{
  "fio version" : "fio-3.39-26-ga72fe",
  "timestamp" : 1747752848,
  "timestamp_ms" : 1747752848378,
  "time" : "Tue May 20 14:54:08 2025",
  "global options" : {
    "write_iops_log" : "sea_1osd_56reactor_32fio_bal_osd_rc_1procs_seqread",
    "write_bw_log" : "sea_1osd_56reactor_32fio_bal_osd_rc_1procs_seqread",
    "write_lat_log" : "sea_1osd_56reactor_32fio_bal_osd_rc_1procs_seqread",
    "ioengine" : "rbd",
    "bs" : "64k",
    "rw" : "read",
    "direct" : "1",
    "runtime" : "5m",
    "time_based" : "",
    "group_reporting" : "",
    "ramp_time" : "30s",
    "thread" : "1",
    "iodepth" : "16",
    "clientname" : "admin",
    "pool" : "rbd"
  },
  "jobs" : [
    {
      "jobname" : "fio_test_0",
      "groupid" : 0,
      "job_start" : 1747752798105,
      "error" : 110,
      "eta" : 0,
      "elapsed" : 81,
      "job options" : {
        "max_latency" : "1s",
        "numjobs" : "1",
        "rbdname" : "fio_test_31"
      },
      "read" : {
        "io_bytes" : 9771417600,
        "io_kbytes" : 9542400,
        "bw_bytes" : 195369741,
        "bw" : 190790,
        "iops" : 2971.508547,
        "runtime" : 50015,
        "total_ios" : 148620,
        "short_ios" : 0,
        "drop_ios" : 0,
        "slat_ns" : {
          "min" : 444,
          "max" : 40395,
          "mean" : 4263.145721,
          "stddev" : 3151.940690,
          "N" : 148620
        },
        "clat_ns" : {
          "min" : 663817,
          "max" : 40338402666,
          "mean" : 170815124.657257,
          "stddev" : 2260749438.946678,
          "N" : 149100,
          "percentile" : {
            "1.000000" : 2998272,
            "5.000000" : 6914048,
            "10.000000" : 12124160,
            "20.000000" : 22413312,
            "30.000000" : 32112640,
            "40.000000" : 35913728,
            "50.000000" : 38535168,
            "60.000000" : 41156608,
            "70.000000" : 43253760,
            "80.000000" : 46923776,
            "90.000000" : 54263808,
            "95.000000" : 65273856,
            "99.000000" : 181403648,
            "99.500000" : 258998272,
            "99.900000" : 17112760320,
            "99.950000" : 17112760320,
            "99.990000" : 17112760320
          }
        },
        "lat_ns" : {
          "min" : 666150,
          "max" : 40338405217,
          "mean" : 170819386.362951,
          "stddev" : 2260749496.307731,
          "N" : 149100
        },
        "bw_min" : 32,
        "bw_max" : 1227594,
        "bw_agg" : 48.020669,
        "bw_mean" : 91619.740884,
        "bw_dev" : 3710.164880,
        "bw_samples" : 149100,
        "iops_min" : 32,
        "iops_max" : 32,
        "iops_mean" : 32.000000,
        "iops_stddev" : 0.000000,
        "iops_samples" : 149100
      },
      "write" : {
        "io_bytes" : 0,
        "io_kbytes" : 0,
        "bw_bytes" : 0,
        "bw" : 0,
        "iops" : 0.000000,
        "runtime" : 0,
        "total_ios" : 0,
        "short_ios" : 0,
        "drop_ios" : 0,
        "slat_ns" : {
          "min" : 0,
          "max" : 0,
          "mean" : 0.000000,
          "stddev" : 0.000000,
          "N" : 0
        },
        "clat_ns" : {
          "min" : 0,
          "max" : 0,
          "mean" : 0.000000,
          "stddev" : 0.000000,
          "N" : 0
        },
        "lat_ns" : {
          "min" : 0,
          "max" : 0,
          "mean" : 0.000000,
          "stddev" : 0.000000,
          "N" : 0
        },
        "bw_min" : 0,
        "bw_max" : 0,
        "bw_agg" : 0.000000,
        "bw_mean" : 0.000000,
        "bw_dev" : 0.000000,
        "bw_samples" : 0,
        "iops_min" : 0,
        "iops_max" : 0,
        "iops_mean" : 0.000000,
        "iops_stddev" : 0.000000,
        "iops_samples" : 0
      },
      "trim" : {
        "io_bytes" : 0,
        "io_kbytes" : 0,
        "bw_bytes" : 0,
        "bw" : 0,
        "iops" : 0.000000,
        "runtime" : 0,
        "total_ios" : 0,
        "short_ios" : 0,
        "drop_ios" : 0,
        "slat_ns" : {
          "min" : 0,
          "max" : 0,
          "mean" : 0.000000,
          "stddev" : 0.000000,
          "N" : 0
        },
        "clat_ns" : {
          "min" : 0,
          "max" : 0,
          "mean" : 0.000000,
          "stddev" : 0.000000,
          "N" : 0
        },
        "lat_ns" : {
          "min" : 0,
          "max" : 0,
          "mean" : 0.000000,
          "stddev" : 0.000000,
          "N" : 0
        },
        "bw_min" : 0,
        "bw_max" : 0,
        "bw_agg" : 0.000000,
        "bw_mean" : 0.000000,
        "bw_dev" : 0.000000,
        "bw_samples" : 0,
        "iops_min" : 0,
        "iops_max" : 0,
        "iops_mean" : 0.000000,
        "iops_stddev" : 0.000000,
        "iops_samples" : 0
      },
      "sync" : {
        "total_ios" : 0,
        "lat_ns" : {
          "min" : 0,
          "max" : 0,
          "mean" : 0.000000,
          "stddev" : 0.000000,
          "N" : 0
        }
      },
      "job_runtime" : 1592520,
      "usr_cpu" : 0.073468,
      "sys_cpu" : 0.049544,
      "ctx" : 148507,
      "majf" : 0,
      "minf" : 11729,
      "iodepth_level" : {
        "1" : 0.100000,
        "2" : 0.100000,
        "4" : 0.172251,
        "8" : 0.344503,
        "16" : 99.354057,
        "32" : 0.000000,
        ">=64" : 0.000000
      },
      "iodepth_submit" : {
        "0" : 0.000000,
        "4" : 100.000000,
        "8" : 0.000000,
        "16" : 0.000000,
        "32" : 0.000000,
        "64" : 0.000000,
        ">=64" : 0.000000
      },
      "iodepth_complete" : {
        "0" : 0.100000,
        "4" : 99.978473,
        "8" : 0.000000,
        "16" : 0.100000,
        "32" : 0.000000,
        "64" : 0.000000,
        ">=64" : 0.000000
      },
      "latency_ns" : {
        "2" : 0.000000,
        "4" : 0.000000,
        "10" : 0.000000,
        "20" : 0.000000,
        "50" : 0.000000,
        "100" : 0.000000,
        "250" : 0.000000,
        "500" : 0.000000,
        "750" : 0.000000,
        "1000" : 0.000000
      },
      "latency_us" : {
        "2" : 0.000000,
        "4" : 0.000000,
        "10" : 0.000000,
        "20" : 0.000000,
        "50" : 0.000000,
        "100" : 0.000000,
        "250" : 0.000000,
        "500" : 0.000000,
        "750" : 0.010000,
        "1000" : 0.010000
      },
      "latency_ms" : {
        "2" : 0.020859,
        "4" : 2.127574,
        "10" : 5.777150,
        "20" : 9.800834,
        "50" : 68.182613,
        "100" : 12.564258,
        "250" : 1.273045,
        "500" : 0.222716,
        "750" : 0.000000,
        "1000" : 0.000000,
        "2000" : 0.000000,
        ">=2000" : 0.344503
      },
      "latency_depth" : 16,
      "latency_target" : 0,
      "latency_percentile" : 100.000000,
      "latency_window" : 0
    }
  ],
  "disk_util" : [
    {
      "name" : "sda",
      "read_ios" : 181,
      "write_ios" : 8671,
      "read_sectors" : 5288,
      "write_sectors" : 1937216,
      "read_merges" : 0,
      "write_merges" : 9031,
      "read_ticks" : 61,
      "write_ticks" : 10359,
      "in_queue" : 10442,
      "util" : 2.527630
    }
  ]
}
